$MeshFormat
2.2 0 8
$EndMeshFormat
$Nodes
5675
1 -1 -1 0
2 1 -1 0
3 1 1 0
4 -1 1 0
5 0.3017597918683944 -0.1306185158261028 0
6 0.8716897413374431 -0.1306185158261028 0
7 -0.9701492537314261 -1 0
8 -0.9402985074628523 -1 0
9 -0.9104477611942784 -1 0
10 -0.8805970149257045 -1 0
11 -0.8507462686571307 -1 0
12 -0.8208955223885568 -1 0
13 -0.791044776119983 -1 0
14 -0.7611940298514092 -1 0
15 -0.7313432835828353 -1 0
16 -0.7014925373142613 -1 0
17 -0.6716417910456876 -1 0
18 -0.6417910447771137 -1 0
19 -0.6119402985085398 -1 0
20 -0.5820895522399659 -1 0
21 -0.5522388059713921 -1 0
22 -0.5223880597028182 -1 0
23 -0.4925373134342443 -1 0
24 -0.4626865671656705 -1 0
25 -0.4328358208970966 -1 0
26 -0.4029850746285227 -1 0
27 -0.373134328359949 -1 0
28 -0.3432835820913751 -1 0
29 -0.3134328358228012 -1 0
30 -0.2835820895542274 -1 0
31 -0.2537313432856535 -1 0
32 -0.2238805970170796 -1 0
33 -0.1940298507485058 -1 0
34 -0.1641791044799319 -1 0
35 -0.134328358211358 -1 0
36 -0.1044776119427843 -1 0
37 -0.0746268656742104 -1 0
38 -0.04477611940563653 -1 0
39 -0.01492537313706166 -1 0
40 0.01492537313159503 -1 0
41 0.04477611940033377 -1 0
42 0.07462686566907339 -1 0
43 0.104477611937813 -1 0
44 0.1343283582065526 -1 0
45 0.1641791044752923 -1 0
46 0.1940298507440319 -1 0
47 0.2238805970127715 -1 0
48 0.2537313432815109 -1 0
49 0.2835820895502505 -1 0
50 0.3134328358189902 -1 0
51 0.3432835820877298 -1 0
52 0.3731343283564694 -1 0
53 0.402985074625209 -1 0
54 0.4328358208939487 -1 0
55 0.4626865671626883 -1 0
56 0.4925373134314279 -1 0
57 0.5223880597001673 -1 0
58 0.552238805968907 -1 0
59 0.5820895522376466 -1 0
60 0.6119402985063862 -1 0
61 0.6417910447751258 -1 0
62 0.6716417910438655 -1 0
63 0.7014925373126051 -1 0
64 0.7313432835813447 -1 0
65 0.7611940298500843 -1 0
66 0.7910447761188237 -1 0
67 0.8208955223875634 -1 0
68 0.850746268656303 -1 0
69 0.8805970149250426 -1 0
70 0.9104477611937822 -1 0
71 0.9402985074625216 -1 0
72 0.9701492537312606 -1 0
73 1 -0.9701492537314261 0
74 1 -0.9402985074628523 0
75 1 -0.9104477611942784 0
76 1 -0.8805970149257045 0
77 1 -0.8507462686571307 0
78 1 -0.8208955223885568 0
79 1 -0.791044776119983 0
80 1 -0.7611940298514092 0
81 1 -0.7313432835828353 0
82 1 -0.7014925373142613 0
83 1 -0.6716417910456876 0
84 1 -0.6417910447771137 0
85 1 -0.6119402985085398 0
86 1 -0.5820895522399659 0
87 1 -0.5522388059713921 0
88 1 -0.5223880597028182 0
89 1 -0.4925373134342443 0
90 1 -0.4626865671656705 0
91 1 -0.4328358208970966 0
92 1 -0.4029850746285227 0
93 1 -0.373134328359949 0
94 1 -0.3432835820913751 0
95 1 -0.3134328358228012 0
96 1 -0.2835820895542274 0
97 1 -0.2537313432856535 0
98 1 -0.2238805970170796 0
99 1 -0.1940298507485058 0
100 1 -0.1641791044799319 0
101 1 -0.134328358211358 0
102 1 -0.1044776119427843 0
103 1 -0.0746268656742104 0
104 1 -0.04477611940563653 0
105 1 -0.01492537313706166 0
106 1 0.01492537313159503 0
107 1 0.04477611940033377 0
108 1 0.07462686566907339 0
109 1 0.104477611937813 0
110 1 0.1343283582065526 0
111 1 0.1641791044752923 0
112 1 0.1940298507440319 0
113 1 0.2238805970127715 0
114 1 0.2537313432815109 0
115 1 0.2835820895502505 0
116 1 0.3134328358189902 0
117 1 0.3432835820877298 0
118 1 0.3731343283564694 0
119 1 0.402985074625209 0
120 1 0.4328358208939487 0
121 1 0.4626865671626883 0
122 1 0.4925373134314279 0
123 1 0.5223880597001673 0
124 1 0.552238805968907 0
125 1 0.5820895522376466 0
126 1 0.6119402985063862 0
127 1 0.6417910447751258 0
128 1 0.6716417910438655 0
129 1 0.7014925373126051 0
130 1 0.7313432835813447 0
131 1 0.7611940298500843 0
132 1 0.7910447761188237 0
133 1 0.8208955223875634 0
134 1 0.850746268656303 0
135 1 0.8805970149250426 0
136 1 0.9104477611937822 0
137 1 0.9402985074625216 0
138 1 0.9701492537312606 0
139 0.9701492537314261 1 0
140 0.9402985074628523 1 0
141 0.9104477611942784 1 0
142 0.8805970149257045 1 0
143 0.8507462686571307 1 0
144 0.8208955223885568 1 0
145 0.791044776119983 1 0
146 0.7611940298514092 1 0
147 0.7313432835828353 1 0
148 0.7014925373142613 1 0
149 0.6716417910456876 1 0
150 0.6417910447771137 1 0
151 0.6119402985085398 1 0
152 0.5820895522399659 1 0
153 0.5522388059713921 1 0
154 0.5223880597028182 1 0
155 0.4925373134342443 1 0
156 0.4626865671656705 1 0
157 0.4328358208970966 1 0
158 0.4029850746285227 1 0
159 0.373134328359949 1 0
160 0.3432835820913751 1 0
161 0.3134328358228012 1 0
162 0.2835820895542274 1 0
163 0.2537313432856535 1 0
164 0.2238805970170796 1 0
165 0.1940298507485058 1 0
166 0.1641791044799319 1 0
167 0.134328358211358 1 0
168 0.1044776119427843 1 0
169 0.0746268656742104 1 0
170 0.04477611940563653 1 0
171 0.01492537313706166 1 0
172 -0.01492537313159503 1 0
173 -0.04477611940033377 1 0
174 -0.07462686566907339 1 0
175 -0.104477611937813 1 0
176 -0.1343283582065526 1 0
177 -0.1641791044752923 1 0
178 -0.1940298507440319 1 0
179 -0.2238805970127715 1 0
180 -0.2537313432815109 1 0
181 -0.2835820895502505 1 0
182 -0.3134328358189902 1 0
183 -0.3432835820877298 1 0
184 -0.3731343283564694 1 0
185 -0.402985074625209 1 0
186 -0.4328358208939487 1 0
187 -0.4626865671626883 1 0
188 -0.4925373134314279 1 0
189 -0.5223880597001673 1 0
190 -0.552238805968907 1 0
191 -0.5820895522376466 1 0
192 -0.6119402985063862 1 0
193 -0.6417910447751258 1 0
194 -0.6716417910438655 1 0
195 -0.7014925373126051 1 0
196 -0.7313432835813447 1 0
197 -0.7611940298500843 1 0
198 -0.7910447761188237 1 0
199 -0.8208955223875634 1 0
200 -0.850746268656303 1 0
201 -0.8805970149250426 1 0
202 -0.9104477611937822 1 0
203 -0.9402985074625216 1 0
204 -0.9701492537312606 1 0
205 -1 0.9701492537314261 0
206 -1 0.9402985074628523 0
207 -1 0.9104477611942784 0
208 -1 0.8805970149257045 0
209 -1 0.8507462686571307 0
210 -1 0.8208955223885568 0
211 -1 0.791044776119983 0
212 -1 0.7611940298514092 0
213 -1 0.7313432835828353 0
214 -1 0.7014925373142613 0
215 -1 0.6716417910456876 0
216 -1 0.6417910447771137 0
217 -1 0.6119402985085398 0
218 -1 0.5820895522399659 0
219 -1 0.5522388059713921 0
220 -1 0.5223880597028182 0
221 -1 0.4925373134342443 0
222 -1 0.4626865671656705 0
223 -1 0.4328358208970966 0
224 -1 0.4029850746285227 0
225 -1 0.373134328359949 0
226 -1 0.3432835820913751 0
227 -1 0.3134328358228012 0
228 -1 0.2835820895542274 0
229 -1 0.2537313432856535 0
230 -1 0.2238805970170796 0
231 -1 0.1940298507485058 0
232 -1 0.1641791044799319 0
233 -1 0.134328358211358 0
234 -1 0.1044776119427843 0
235 -1 0.0746268656742104 0
236 -1 0.04477611940563653 0
237 -1 0.01492537313706166 0
238 -1 -0.01492537313159503 0
239 -1 -0.04477611940033377 0
240 -1 -0.07462686566907339 0
241 -1 -0.104477611937813 0
242 -1 -0.1343283582065526 0
243 -1 -0.1641791044752923 0
244 -1 -0.1940298507440319 0
245 -1 -0.2238805970127715 0
246 -1 -0.2537313432815109 0
247 -1 -0.2835820895502505 0
248 -1 -0.3134328358189902 0
249 -1 -0.3432835820877298 0
250 -1 -0.3731343283564694 0
251 -1 -0.402985074625209 0
252 -1 -0.4328358208939487 0
253 -1 -0.4626865671626883 0
254 -1 -0.4925373134314279 0
255 -1 -0.5223880597001673 0
256 -1 -0.552238805968907 0
257 -1 -0.5820895522376466 0
258 -1 -0.6119402985063862 0
259 -1 -0.6417910447751258 0
260 -1 -0.6716417910438655 0
261 -1 -0.7014925373126051 0
262 -1 -0.7313432835813447 0
263 -1 -0.7611940298500843 0
264 -1 -0.7910447761188237 0
265 -1 -0.8208955223875634 0
266 -1 -0.850746268656303 0
267 -1 -0.8805970149250426 0
268 -1 -0.9104477611937822 0
269 -1 -0.9402985074625216 0
270 -1 -0.9701492537312606 0
271 0.30332085982401 -0.1604054667929219 0
272 0.3079869603010495 -0.1898660656781411 0
273 0.3157069705301155 -0.2186775360187472 0
274 0.3263963084780865 -0.2465242133383286 0
275 0.3399378594753424 -0.2731010035074074 0
276 0.3561832595082084 -0.2981167257626504 0
277 0.3749545205547873 -0.3212973025700979 0
278 0.3960459807349653 -0.3423887626630258 0
279 0.4192265575699787 -0.3611600235773225 0
280 0.4442422798932747 -0.3774054235146677 0
281 0.4708190701761725 -0.3909469744342217 0
282 0.4986657475092288 -0.401636312255978 0
283 0.5274772179320412 -0.4093563223790355 0
284 0.5569378168542276 -0.414022422733042 0
285 0.5867247679106019 -0.4155834905606272 0
286 0.616511718745669 -0.4140224224814163 0
287 0.6459723174955708 -0.4093563219067827 0
288 0.67478378766645 -0.4016363116159378 0
289 0.7026304647780626 -0.390946973655785 0
290 0.729207254841042 -0.3774054226321998 0
291 0.7542229769140859 -0.361160022648636 0
292 0.7774035535568919 -0.3423887616851692 0
293 0.7984950134794661 -0.3212973016500489 0
294 0.8172662743333794 -0.2981167248876151 0
295 0.8335116741848194 -0.2731010027204946 0
296 0.8470532250294909 -0.2465242126606096 0
297 0.857742562833997 -0.2186775355316267 0
298 0.865462572970632 -0.189866065368369 0
299 0.8701286733992004 -0.1604054666276307 0
300 0.8701286733832231 -0.1008315648725609 0
301 0.8654625729086035 -0.07137096599201517 0
302 0.8577425626831152 -0.04255949565621245 0
303 0.8470532247442819 -0.014712818351006 0
304 0.8335116737285228 0.01186397185861801 0
305 0.8172662736896914 0.03687969412137002 0
306 0.798495012654338 0.06006027091424088 0
307 0.7774035524532384 0.08115173102669762 0
308 0.7542229755726549 0.09992299197103707 0
309 0.7292072532567874 0.116168391894664 0
310 0.7026304629702916 0.1297099428084508 0
311 0.6747837856624714 0.1403992806148642 0
312 0.6459723152015725 0.1481192907421815 0
313 0.616511716271372 0.1527853910892698 0
314 0.5867247652729598 0.1543464589084216 0
315 0.5569378144312096 0.152785390826167 0
316 0.5274772156960325 0.1481192902515516 0
317 0.4986657455453903 0.1403992799656826 0
318 0.4708190684330174 0.1297099420059134 0
319 0.444242278385569 0.1161683909919878 0
320 0.4192265563072493 0.0999229910076902 0
321 0.3960459796714289 0.08115173005320772 0
322 0.3749545197391015 0.06006027001198153 0
323 0.3561832589228627 0.03687969330478549 0
324 0.3399378590561126 0.01186397112907472 0
325 0.3263963081925726 -0.01471281895515146 0
326 0.3157069703768685 -0.04255949610510405 0
327 0.3079869602370815 -0.07137096627501037 0
328 0.3033208598077024 -0.1008315650144387 0
329 -0.302227411417072 0.3005035669575525 0
330 -0.3490056250739035 -0.3516283962672301 0
331 0.1463698006350982 0.5089498793456151 0
332 0.02126067337996008 -0.5691782697195112 0
333 0.5576194320814223 0.5786950532916436 0
334 -0.5849229191797003 -0.007017642844142239 0
335 -0.5884187906677646 0.5919055902014024 0
336 -0.09110866362414544 -0.03983508698277453 0
337 -0.6242779131862335 -0.6143150303739532 0
338 -0.1881737697282942 0.64096980246677 0
339 -0.2914264092171706 -0.6691551175607771 0
340 0.326099815397 -0.6769864747206278 0
341 -0.6811024748328003 -0.3066421557217824 0
342 -0.6875887863218735 0.2934244252868071 0
343 0.09474573415138332 0.200968310042499 0
344 0.7020192164741115 -0.7020192164741142 0
345 0.04821467197013135 -0.2891193027654045 0
346 0.3260211044511819 0.7218192861684363 0
347 0.3795898895129814 0.3807823851590856 0
348 0.7408980692749899 0.3857442782042875 0
349 -0.3333892678536771 0.04547403539225427 0
350 0.04598157952134136 0.7441302173866959 0
351 0.7503978173606454 0.7498706053968953 0
352 -0.06917716942315559 0.3883035597894862 0
353 -0.4066493947402483 0.754030642217969 0
354 -0.7596891498545766 0.759689149854568 0
355 -0.08465227216203705 -0.7716869963686237 0
356 -0.3759672232070708 0.5134196300374152 0
357 -0.7768995745271537 -0.7768995745272321 0
358 -0.1380853550240472 -0.4155630552810702 0
359 -0.7752169144934979 -0.1103581533233119 0
360 0.2270122748840128 -0.4771576984560001 0
361 -0.121027219973429 0.1739491136512734 0
362 -0.7809033653297158 0.4831676295998273 0
363 0.133831459917563 -0.7825475420607584 0
364 -0.4903821039739634 0.1954975465110937 0
365 -0.4774063988749915 -0.7842789537301003 0
366 -0.420170668098864 -0.1428478854145322 0
367 0.5277881232633878 0.7870115812472878 0
368 0.5050528564475102 -0.7881638218016593 0
369 -0.7910032089404462 0.1069280277300541 0
370 -0.7879793844322794 -0.4909887856953465 0
371 0.1147633258122693 -0.007087034490070322 0
372 -0.1928013398944351 -0.2207682812434876 0
373 -0.4381218591482388 -0.5306338226397973 0
374 -0.5166168610309508 0.3911273463325161 0
375 0.8111043643563739 0.5670400641864145 0
376 0.5003204684828881 -0.5927923468324039 0
377 0.8083317761950115 -0.541540672025583 0
378 0.55998834394386 0.3389815600487736 0
379 0.2796565935113623 0.2257792745909863 0
380 -0.5863279159081281 0.8134829391980054 0
381 -0.1261973597038418 0.8168846844260587 0
382 -0.02639783562875 0.5618973766478907 0
383 0.388262978388426 0.5573104940951893 0
384 -0.5245345237799086 -0.3813683795844993 0
385 0.821536189397316 -0.8242656289610264 0
386 0.1924196650620346 0.8283215685689909 0
387 -0.1507927726357128 -0.5777969324756634 0
388 -0.2120133278333765 0.4736682762144383 0
389 -0.2411490724566326 -0.83255495443908 0
390 0.8328283833823875 0.2481041496744983 0
391 -0.5882811144915528 -0.1706649623667771 0
392 0.2887740319040736 -0.8384177239212426 0
393 0.173142862560835 0.3466019642497279 0
394 -0.83822151851743 -0.2573191984313383 0
395 -0.6281326897500963 -0.8392678206722863 0
396 0.1423441964183142 -0.1618596021693912 0
397 -0.2818176746196113 -0.4941817545365084 0
398 -0.8411568372568416 0.3398561046478726 0
399 0.1704511139753022 -0.6222317597982044 0
400 0.1797589844232564 0.6617566581925067 0
401 -0.2797906823471361 0.8486468250696719 0
402 0.1977366632706289 -0.3251689397896342 0
403 -0.8359678570640359 -0.6324784852538697 0
404 -0.8442951535317134 0.6289606192574184 0
405 -0.6379576475750715 0.1424617924347986 0
406 0.6491323304824025 -0.8464067472713165 0
407 -0.2418289442512891 -0.07704971815776882 0
408 0.3711410064047797 -0.5111368316488853 0
409 0.6443071061035215 -0.560911620259666 0
410 0.07983809499546665 -0.4306260600758951 0
411 -0.6346731607270537 -0.4671606711255912 0
412 0.3916806570675158 0.8538866642334028 0
413 0.8518800956893707 0.8529109618637002 0
414 -0.006027728578797884 0.09157697645601107 0
415 0.2196203264671857 0.09340980072355673 0
416 -0.05303448629463145 -0.1820039194878196 0
417 0.857147940155373 -0.6830004820403726 0
418 0.654040166829927 0.8573561273196144 0
419 -0.641039633011843 0.4535157664598388 0
420 -0.8562675994838865 0.8664549733915399 0
421 -0.2601937190839084 0.1683556101291355 0
422 0.02019808509160779 -0.8612727459976326 0
423 -0.3252101363571491 0.6426265247258686 0
424 0.2799533952584898 0.4702124294224763 0
425 0.4943929945332741 0.4582873278046896 0
426 0.6844769242974682 0.5140515546852129 0
427 -0.4590688706197959 0.6281170567122956 0
428 0.8617043304291551 0.4429769087601689 0
429 -0.4667182139109345 0.06260176114990242 0
430 -0.1900684273206861 0.05099034580591802 0
431 0.4456901698860318 0.2611455306352025 0
432 -0.8656903236789948 -0.004412975872656264 0
433 0.4660981327557781 0.665392558820413 0
434 -0.3711286615784974 -0.8658410166110194 0
435 0.6241656158903774 0.6946822348339781 0
436 0.8673289148935784 0.6883374322382048 0
437 -0.003830041892531276 0.8653624809713589 0
438 0.03167145997527622 -0.7030725652028147 0
439 -0.01913009791773205 0.262565553661613 0
440 -0.1684603500770185 0.2993363617356115 0
441 -0.8674799129216855 0.2098989545486135 0
442 -0.4293131468427023 -0.6634174632788603 0
443 -0.7138273577349649 0.6357618277111461 0
444 -0.8693201055173116 -0.3876808770262777 0
445 0.6773434249779055 0.2756468861107238 0
446 -0.8707069166490291 -0.8716558039048052 0
447 0.05285871733292711 0.4120256056430079 0
448 -0.4628546037649295 0.8651073037829554 0
449 0.8704432762228496 -0.4325477195567686 0
450 0.4092791387302676 -0.8711525181565212 0
451 -0.6998956303846211 0.8721080088572634 0
452 -0.06648891901941362 0.6826204576011901 0
453 -0.3179337070060237 -0.2240694347966945 0
454 -0.7123290911244754 0.0002359171777451534 0
455 -0.4552191554717507 -0.27098471409097 0
456 -0.3930242550788401 0.3795348142601516 0
457 -0.07880543241011978 -0.3020253671375407 0
458 -0.498858962045653 0.5067953868183209 0
459 0.5806595096161361 -0.689554017584765 0
460 0.03735817832566302 -0.1002851986401541 0
461 -0.2214479463144867 -0.3411082118521932 0
462 -0.7317034549363614 -0.6636807516848516 0
463 -0.132041198315122 -0.877045774163437 0
464 -0.3724287461165611 0.205627248495294 0
465 -0.8824367369949367 0.7413598447743839 0
466 0.2738635474806144 0.5923258864138287 0
467 -0.5823020465542555 -0.7307856852534619 0
468 0.877629695220653 0.1422736415356816 0
469 -0.03086365116730455 -0.4637942333994066 0
470 -0.1744655360726165 -0.7010130354083723 0
471 -0.5543788138976955 0.6979818628622474 0
472 -0.5734731628229439 0.2843569408442491 0
473 0.06791194992322817 0.6299296084846813 0
474 -0.7298446640018339 -0.880051102127233 0
475 -0.8833285449208681 -0.1540600644070982 0
476 -0.6982117599240397 -0.1938032121840702 0
477 0.1816968560798076 -0.8886000821217483 0
478 0.4379660917544658 -0.6958472140606191 0
479 -0.8843286134005697 -0.7427711356081926 0
480 -0.8864558426074696 0.4416175266900639 0
481 -0.2527235285511638 0.7292903967897089 0
482 -0.5249866156246954 -0.8889614298834627 0
483 -0.4110315172128677 -0.03588070899660125 0
484 0.7118718557826621 0.6233316123556616 0
485 0.2846464341444079 0.8831186335355027 0
486 0.287194212471972 -0.3901126907167295 0
487 -0.5435781364432209 -0.5339902954432627 0
488 -0.5767845522198898 -0.2826955089738695 0
489 -0.8897744715465802 -0.5351512999278671 0
490 0.2826451583981828 -0.5755480399106949 0
491 -0.3624567980198397 -0.7520930668848336 0
492 0.5464687769318962 -0.8863240299624731 0
493 0.2870995367835046 0.3310487705243245 0
494 -0.7608445709140679 -0.3786555287114198 0
495 0.2369551165815499 -0.7394989194100567 0
496 0.6027113393891357 0.4386387848040355 0
497 -0.7591373427110533 0.2096997316820547 0
498 -0.7415420595168918 0.3826497469006439 0
499 0.2002236208224021 -0.06923123782323352 0
500 0.1044331467221608 0.8905725208319587 0
501 -0.4508539562617137 0.3022576357586845 0
502 0.4964127690823701 0.8912300948389141 0
503 -0.5139571398696923 -0.09394256324333314 0
504 0.8926886726468826 0.3384967554060574 0
505 -0.07326924880873648 -0.6632351074298162 0
506 -0.09983903563554977 0.4857570331561576 0
507 -0.4262721359814135 -0.4215671639969124 0
508 -0.6551816285546093 0.7357500482852023 0
509 0.7489921718113551 0.8966625785545689 0
510 -0.6589972802250533 -0.09707148902261142 0
511 -0.894214198414744 0.09627971583648634 0
512 0.1259447253384696 -0.5288551971711364 0
513 0.7474814401562476 -0.8956451254862989 0
514 -0.7084276270512592 -0.5620152838607637 0
515 0.07377557768961607 0.3020916095148501 0
516 -0.3384736835212099 -0.5818323097925296 0
517 0.1153523847410346 0.100609232176053 0
518 -0.2887419400368516 0.4034395899771253 0
519 0.3714636475505343 -0.7718809727044346 0
520 0.7221494318704568 -0.4940696049387687 0
521 -0.1890778702253345 0.8934675101754985 0
522 0.9002694402332458 -0.8971525803590927 0
523 -0.3671324478764906 0.8958144082147895 0
524 0.3731442318091205 0.1930607258435404 0
525 -0.1491821954609051 -0.121282512760304 0
526 -0.2812466967664834 0.5506513175139238 0
527 -0.8986669374288914 0.5416252137346709 0
528 -0.5201236764342227 -0.6294922885101356 0
529 0.4764338437028177 -0.4920325202887264 0
530 0.2164468479465532 -0.2336108116045889 0
531 0.9002173874110424 -0.5941700149597026 0
532 -0.6761151368941445 -0.7525391758907615 0
533 -0.3272965330052795 -0.1248830074070583 0
534 0.000987748579257341 -0.007172582936255972 0
535 0.1832874147931538 0.2490645307902239 0
536 0.7308746878382645 -0.6054945120241619 0
537 0.4189796246269971 0.7563859406983209 0
538 -0.09120932178789021 0.05830416495165434 0
539 0.3957614577612133 -0.6035961862991244 0
540 -0.699228619789113 0.5386830309177472 0
541 0.901921026641876 0.5378173057007321 0
542 0.7324469576064169 -0.7950440038771287 0
543 -0.2410916270369844 -0.5851431420425603 0
544 -0.009636409363808988 -0.370818088383999 0
545 -0.6143804039367793 0.3573311050000769 0
546 0.9034258205267275 -0.3417676447708423 0
547 0.9039941095402891 -0.7664676225293648 0
548 -0.09264537910292901 0.9067173110130433 0
549 0.2318356228901105 0.7387705531775259 0
550 -0.6176963147635089 -0.3779023538643041 0
551 0.7717904442073351 0.4798332659789804 0
552 0.05500115065102382 -0.1940155766434696 0
553 0.3082463259949531 0.1277790022099664 0
554 -0.5512546438297885 0.9121184559148778 0
555 -0.1636328143703478 0.3931310836225241 0
556 -0.5463100965990237 0.1136316475834201 0
557 0.05297458059477262 0.5086406428348039 0
558 0.5424829341850707 0.2465073362731973 0
559 0.9062929230735289 0.7746090024205179 0
560 -0.1888605028281657 -0.4937927847606772 0
561 0.5621688902975185 -0.5003138725864389 0
562 0.4718745920243503 0.3631045580904703 0
563 0.7459568541605059 0.2147723519123725 0
564 0.1396093959974313 0.7448463436113847 0
565 -0.4974742070395697 0.7753730237373412 0
566 0.3584848549764802 0.2847317422286337 0
567 -0.1166674689139507 0.5818796530005297 0
568 -0.1639681659083962 0.7296800330349411 0
569 -0.04430610737465426 0.7695666714427692 0
570 -0.7825364151638359 0.9100113743583516 0
571 0.6526059947817628 0.3633058961377083 0
572 -0.3919647663531303 0.1159134766991255 0
573 0.1264954672026758 -0.2544980162887904 0
574 -0.2891373490973728 -0.9082014470074748 0
575 -0.5010975567173155 -0.1966598862165745 0
576 0.204733454426534 0.4289373122780671 0
577 0.3714461684037133 0.6455042009210962 0
578 0.40428311045661 0.4676085194167321 0
579 0.4774047176483994 0.5489388743675241 0
580 0.09612147897878012 -0.9102835364429007 0
581 0.9110562833728532 0.0571516227873191 0
582 -0.06532024895549667 -0.5464196228822156 0
583 0.765919146197207 0.299739577507534 0
584 0.5827632442899404 0.9090801614392419 0
585 0.01112043522444726 0.1781309693677183 0
586 0.6371217662792319 -0.7622493281811583 0
587 -0.9094891952321046 -0.3072400754823751 0
588 -0.9127797694837678 0.2855928819336373 0
589 -0.2816374615464398 -0.405987466122784 0
590 0.3319501626980486 -0.9134600302156615 0
591 0.1684826597189199 -0.4131826043841508 0
592 0.1081309099688397 -0.3486067642791068 0
593 0.2430650999526142 0.008396053540112936 0
594 -0.0518807115171878 -0.9135822436300267 0
595 0.9079687081804778 -0.5109992155997596 0
596 -0.7775352275185189 0.5742477468855723 0
597 -0.02184413432613525 0.4644883417332986 0
598 0.08034199451680273 -0.6326085120071112 0
599 -0.4415065798246048 -0.9141252726692082 0
600 0.9151361234125345 0.9147513430582414 0
601 0.3161676413520099 0.8016742039333107 0
602 -0.1700719132784623 -0.7836830927906244 0
603 -0.6427625604900469 0.05919237343871032 0
604 0.2032028437633687 0.9157651916057101 0
605 -0.3186403004813008 -0.0420844943685612 0
606 -0.2488768067507878 -0.7469268143761749 0
607 0.6135353447046739 0.7805911026556275 0
608 0.9180002005614116 0.2198505817899904 0
609 0.7836000575120188 0.6701839039251095 0
610 0.1703869524022286 0.1634611425577528 0
611 -0.3647774352751794 -0.4853037897694541 0
612 0.3646961309364912 -0.4256103061151331 0
613 -0.9161368858130396 -0.07427626978957191 0
614 -0.5042837940280729 -0.4608163206776235 0
615 -0.1936963931904117 0.21756268101903 0
616 0.7835848225720863 -0.7297485747916725 0
617 -0.7542603793001349 -0.260878730405506 0
618 0.9172570159137668 0.6201777570165812 0
619 0.5484956642938448 0.6601338883320437 0
620 0.7863815892725921 -0.4394098728159119 0
621 -0.6365228221410109 0.2221730116041966 0
622 0.1921692220830411 0.5785035719553462 0
623 0.04897350247419875 -0.7828910583777674 0
624 -0.2503485759513934 -0.1588959294900209 0
625 -0.207441493028123 -0.9162911513316476 0
626 -0.6576955796926045 -0.9175202463097796 0
627 -0.1965392509807454 0.5572197821592796 0
628 -0.9142677068259957 -0.4574926006042177 0
629 -0.7712311798953635 0.2914907769013007 0
630 -0.2079320273138272 0.8013374146826682 0
631 -0.3267162393488533 0.7761585888991186 0
632 0.2441313604330798 -0.6583039639788049 0
633 -0.9177354034314348 0.917735403431475 0
634 -0.7958864979304178 -0.1903864807262569 0
635 -0.7909558581948974 -0.5733992765645397 0
636 -0.9176214426081155 0.6683958204582885 0
637 0.1213226278845437 -0.7000125501496175 0
638 0.002689298683989366 0.3431682459978965 0
639 -0.1731186150862003 -0.02985561429750066 0
640 -0.7877263266637541 0.6834522601576799 0
641 -0.4388854707318637 0.4599623296262307 0
642 0.8245810011975829 0.7703084241545055 0
643 -0.9175515462874524 0.3678152378930247 0
644 0.2227105958221955 -0.1495997417103522 0
645 -0.9255869937195809 -0.2262617915527571 0
646 -0.5609707091056353 0.4540926075350285 0
647 -0.9188370270909743 -0.6684700608861973 0
648 0.1169955242577156 -0.08479057419033277 0
649 -0.78561665173913 -0.02820315642130029 0
650 -0.632322825044105 0.656676552800902 0
651 -0.5032235333338858 -0.01245917267581784 0
652 -0.5542347649283177 -0.806565465199012 0
653 -0.2328713172020051 0.3451045371395898 0
654 -0.8068327949374968 -0.9204605307557635 0
655 0.577143504976153 -0.6077158798780484 0
656 -0.6299119264984294 0.9186981243957435 0
657 -0.3881039605370457 0.5918656804330091 0
658 0.8176654705762362 -0.9156162707436049 0
659 -0.1886341606474766 0.1312175720262959 0
660 -0.2605440280593436 0.08775729495927553 0
661 0.8211161548658199 0.3778142251222859 0
662 -0.1595974319687093 -0.296470660779219 0
663 0.4738331029251583 -0.9215563869630635 0
664 -0.7165347685290535 0.1410925943443605 0
665 0.6425261782677059 0.5802287719442067 0
666 -0.1034571262312921 0.2509842965135786 0
667 0.06273326321049903 0.8222604540213685 0
668 0.6491406302391051 -0.6422092412163692 0
669 -0.7175065941964428 -0.4538592490010571 0
670 -0.5030363292132694 -0.7088681231237949 0
671 0.6186303712783285 -0.9202193189607926 0
672 0.2035129806937311 -0.5549756205321216 0
673 0.8060076369064781 0.1616227969096069 0
674 -0.04496706522494566 -0.1022548409863649 0
675 -0.2761175198295157 0.9221259095673765 0
676 0.2767373322725058 -0.3065186473506405 0
677 0.2648374350400191 0.668130049750064 0
678 -0.9149272572150947 0.814795743983121 0
679 0.2484459918250744 -0.9152016509494802 0
680 0.3042954385292415 -0.4777176180870658 0
681 -0.8047637508657036 -0.7048774009478942 0
682 0.3595780988640067 0.9224996950769767 0
683 -0.3753940308412896 0.2856320553289135 0
684 -0.3977013726904843 0.6726410053771237 0
685 -0.1149621390380886 -0.2296254372388637 0
686 0.9227782728070084 -0.2660087368228322 0
687 -0.2536980295482203 0.004576366561193512 0
688 -0.9214956901703044 -0.8104910629581106 0
689 -0.429315211686822 -0.3537731226586419 0
690 0.723308891099873 0.821924372764078 0
691 -0.8120604681266198 0.4156282219091631 0
692 0.6822525076714451 0.4364950522884297 0
693 -0.6345063184055884 -0.232566153666577 0
694 0.81050940147795 -0.626860787578734 0
695 0.2043490705323733 -0.8115489088424748 0
696 -0.9240595048494042 -0.9240595048493291 0
697 -0.7874278941691173 0.8315989982991637 0
698 -0.3048715503938963 0.4780059000099964 0
699 0.5792065280933878 -0.8184748448927022 0
700 -0.01818054798407623 -0.2520302376368702 0
701 0.6383556047683947 -0.4828738948836301 0
702 0.8277564194836838 0.9226333069202539 0
703 -0.2625649856787127 -0.2663741900989556 0
704 0.6147715400452036 0.2258544096284743 0
705 -0.8194497132503948 -0.3358974464395453 0
706 -0.3968448055180885 -0.2195170839295483 0
707 0.03854526311970347 -0.4950463803141407 0
708 -0.007963455962463836 0.6357273478403109 0
709 -0.5690463238188124 0.190017368050137 0
710 -0.4004651251857094 0.8298126869911517 0
711 -0.4668155704857464 0.7058773821578505 0
712 0.5566934648742627 0.5014208097499609 0
713 -0.3135388209521235 -0.8158072202061464 0
714 0.6849966262256733 0.921898048815636 0
715 -0.1108936972089768 -0.4816970875275885 0
716 0.3082497529987256 0.4048792622528837 0
717 -0.6219146787983727 -0.5437991812652907 0
718 -0.5750109859953272 -0.4420020657300295 0
719 -0.5166451800099557 0.579705369288541 0
720 -0.04996421944466678 -0.8389994365571523 0
721 -0.6556676835518245 -0.6872907800274661 0
722 -0.5895262640215778 -0.07934448326480188 0
723 0.4652022670691629 0.820421332058589 0
724 0.5080711131272957 -0.6722340187807044 0
725 -0.05410917709801493 0.1419973356079375 0
726 -0.6549122063080565 0.8100596039057548 0
727 -0.2134906312286884 -0.4332018681302313 0
728 0.06215496962613308 0.04876302859142836 0
729 0.9262136507662494 -0.01506124315503493 0
730 -0.7993009868958463 -0.8478334779609354 0
731 0.9268145729880322 -0.6629084192813182 0
732 0.1747008233317306 0.03586063412710845 0
733 -0.7159340611758628 0.4566707186308764 0
734 -0.9264408973316737 0.163231902961193 0
735 0.118705640641118 0.5768287243485833 0
736 -0.3018833955855019 0.2261822082976968 0
737 0.9256579455673963 0.4031528440667599 0
738 -0.6001921665745519 0.5170770709324787 0
739 0.04098208767927955 0.9258076451425969 0
740 0.4369443498818001 0.9217594968449342 0
741 -0.9262024283249941 0.03280714338511921 0
742 -0.5849119030256535 -0.9240176619809355 0
743 0.695562885811457 0.6927271256525903 0
744 -0.00547610967796024 -0.6368381186726654 0
745 0.3220241262459838 0.5329407135576856 0
746 -0.9287657909893535 -0.5964785627473763 0
747 -0.2566971512223898 0.6212042293276616 0
748 0.2467531122374603 0.1554803282984192 0
749 0.130480723619323 0.4070622627521976 0
750 0.4382636347775684 -0.8029518223581829 0
751 -0.844284990656718 -0.07359260247180965 0
752 0.1091549873037997 0.6876088243507366 0
753 0.9337426186831081 0.8402960687835851 0
754 0.2227304187636379 0.5065482534233035 0
755 -0.3235858609100476 0.1298000532749219 0
756 0.3029078773938904 -0.7492166754196936 0
757 -0.7221361839689706 0.07183833637522696 0
758 -0.6862540124257013 -0.3892095413096258 0
759 -0.7167865063424294 -0.815338905614464 0
760 -0.07261193873164562 0.3142141050438017 0
761 0.569956442723708 0.8399279156023628 0
762 -0.4353963733614094 -0.851210263729875 0
763 0.9275797239008725 -0.8347169728809343 0
764 0.09447723873909249 -0.843709970822586 0
765 0.7393326102022464 0.5564821813500794 0
766 -0.08173635870499173 -0.3747238521073855 0
767 -0.4523651101735562 -0.5988655439040453 0
768 -0.4045904323778002 0.0304861930836699 0
769 0.2888548746141433 0.06018752077218342 0
770 -0.8464059083824244 0.9311919743656001 0
771 0.5379027223894174 0.406156234942114 0
772 -0.0170962498051458 -0.7559844602686705 0
773 0.447032249087732 0.1956791528689832 0
774 -0.4245996495873609 0.9257136327056212 0
775 -0.4601336074220552 0.1324341871763496 0
776 -0.2351501071750743 0.2698396383467286 0
777 0.02925708042973353 -0.931369933097056 0
778 -0.4498955622226049 0.5571012682376312 0
779 -0.3634265202751821 -0.2802719067848557 0
780 -0.4322617757968691 -0.7340931893134016 0
781 -0.8089900836442868 0.04197051462315698 0
782 -0.5064952797114139 -0.3087262902476535 0
783 -0.8468458842720842 -0.4544374460479451 0
784 0.5146905796671126 0.7204041354826545 0
785 0.6802804224494098 0.7619462977534017 0
786 -0.8312603017410475 0.2647189853537159 0
787 0.4358251272341038 0.6030200355702556 0
788 0.930502806919783 0.4760685445818768 0
789 -0.3548148090602917 -0.6475942470529106 0
790 -0.8523102655164284 -0.7987348951002393 0
791 -0.5398739303046286 0.04828963824665938 0
792 -0.8419207398419545 0.1373914778432524 0
793 -0.7157074645497218 0.7091329962776058 0
794 -0.349446096458719 -0.4181420774903687 0
795 0.4859894388131524 -0.8524880521177707 0
796 -0.6487269085096178 -0.02691418463996037 0
797 -0.03101943664287599 0.9292562671140772 0
798 0.9350693708186415 0.7120377489042671 0
799 0.4299241981165889 -0.4459195828754789 0
800 -0.3552140526829408 -0.9325070486736614 0
801 -0.7251001232468642 -0.06646834285522395 0
802 -0.9327114889612953 0.6032513080260091 0
803 0.6897789226144372 -0.9332313983390634 0
804 -0.1906749864121442 -0.6408377583179001 0
805 0.9319709602693671 -0.4035204738237982 0
806 -0.3375361002110913 0.7090486163445493 0
807 0.04166784747585166 0.2469806609720311 0
808 -0.6502878888176049 0.5909996313591732 0
809 -0.4343266521959035 0.2306565659452944 0
810 0.4411776405742772 -0.5591526143829662 0
811 0.9283646120418309 -0.1977946388966325 0
812 0.8412736531278215 0.5104254258628745 0
813 -0.8331664131350368 0.5363859693795131 0
814 0.8483810524062529 0.6226622665446155 0
815 0.41960535879085 0.3262112648180026 0
816 0.5028096219550489 0.3078428273461112 0
817 0.05512357126952022 0.1305604699087778 0
818 0.8432080916079997 -0.3712708281271335 0
819 0.9329908445278703 0.286677690133781 0
820 -0.4556676776948259 0.3666253851059626 0
821 0.6135588938410854 0.2959974810845485 0
822 0.2420377375795898 0.2811496179553753 0
823 0.6784038663261279 0.2073721252611739 0
824 -0.7200295882441455 0.9343036518981379 0
825 -0.0608114570153096 0.8358046717836058 0
826 0.9377099353755252 -0.08181873961758701 0
827 0.7891213277200081 0.8320870797806108 0
828 -0.6750574390205388 0.3964793833098538 0
829 -0.8188661584214449 0.7798042849484941 0
830 0.5087415116080117 0.6119137667564002 0
831 -0.9259909569169338 -0.3710007914824908 0
832 0.2533640496542478 0.8065110677262857 0
833 -0.111375357372037 0.6508400911437551 0
834 0.3520261778981151 -0.8376342736301399 0
835 -0.5095329108429529 0.2644868916575484 0
836 -0.3635977873415459 0.4452963415112787 0
837 -0.9306715365042598 0.4862339651187721 0
838 -0.4953971271660818 0.9341672698300526 0
839 -0.3288201733013477 0.3558128309115709 0
840 0.1284422886022293 0.8186382378297873 0
841 -0.002194694752823435 0.6977988988875909 0
842 0.03884383585745928 0.5680006037002107 0
843 0.619240906491763 0.5213361546662721 0
844 0.2276214778766583 0.3777947257182367 0
845 -0.572792674232913 -0.6719312255940404 0
846 0.8525174350756648 -0.4930761730128791 0
847 0.3934787025162595 -0.9351850466346779 0
848 -0.2911776406842497 -0.322162257809684 0
849 -0.4519342926484325 -0.08743658181638907 0
850 0.835163079236651 -0.7638981586377321 0
851 -0.0990666942111306 0.7345797589329197 0
852 0.5613645474094906 -0.7489552824251032 0
853 -0.5194217513863978 0.8330373660169751 0
854 -0.3832475258197141 -0.09318080670229188 0
855 0.8318894346519464 0.3136857761592016 0
856 -0.1644422100200041 -0.3544591753097628 0
857 -0.7221054006093245 -0.1301079118433482 0
858 0.7515625823165133 -0.6712636130287813 0
859 -0.7009963077363012 0.2043718133307118 0
860 -0.055335207532331 0.2067737479061827 0
861 -0.7209475665544929 0.811555205705357 0
862 0.09631342273675983 0.4636184307962184 0
863 -0.5235860938554419 0.6448172059582388 0
864 0.05649112980645074 -0.03998312713894663 0
865 0.1216443525249613 0.2621511346089228 0
866 -0.1149320123408362 -0.7169000240219314 0
867 -0.6835902636038681 -0.6210366777825078 0
868 -0.1273710786019781 0.1100229505467941 0
869 -0.2228799379332121 0.4104188418426283 0
870 0.190700350915727 -0.6936836294848363 0
871 -0.9363419670951044 0.2265956638099041 0
872 -0.5931660455327693 0.751331064702303 0
873 0.3426323287510391 0.461992296527642 0
874 0.1474531441527646 0.9378514886627333 0
875 -0.5232417825440153 0.3244294755577575 0
876 0.612296135723354 0.6328870169106456 0
877 -0.7427902044260003 -0.3232684264467133 0
878 0.0261026057028343 -0.4179734033968581 0
879 0.003892287069658332 -0.1528744999955297 0
880 -0.6473974305693309 -0.1545410338601324 0
881 0.337540793780034 0.6037756023907256 0
882 0.5798063174552248 0.7257368560694784 0
883 0.37718347145551 -0.7127162755067686 0
884 0.2243889617410482 -0.3849753084792378 0
885 -0.8400391781894834 0.6928909967481715 0
886 0.3447014763764434 -0.5688287329356595 0
887 -0.4949107637121065 0.4477216049879719 0
888 0.1612057019582754 -0.4756191120231342 0
889 -0.1342158098962678 -0.6334511252986496 0
890 0.9371829636590319 0.1145882431709102 0
891 0.8549007588599684 0.08441724078751592 0
892 0.7061508398800828 0.3332003483983967 0
893 -0.7773574682092641 -0.6324943260123645 0
894 -0.7358054882871741 -0.7286950026670873 0
895 0.1511770230570295 -0.9391911907071945 0
896 -0.07022117579240528 0.6139311566403506 0
897 -0.1436993165214619 0.9385687125900517 0
898 -0.1076998695206804 -0.9379546171374916 0
899 -0.1297997351434541 0.3436493032928426 0
900 0.08401659898433261 -0.1406843876549206 0
901 -0.6248534362060587 -0.7776667047435628 0
902 0.0811247549372328 -0.5773373776098208 0
903 0.05141502224328805 -0.3726430613695685 0
904 0.4331079930736562 0.4139185212705145 0
905 0.4489985230280596 -0.6319916837067925 0
906 -0.3444818208981865 0.8411459544755697 0
907 -0.08611568917476066 -0.6013578869958622 0
908 -0.000792000032972412 0.4024209692638007 0
909 0.7051589447425466 -0.5541100455581143 0
910 -0.8643308592793044 -0.9363740374487519 0
911 -0.1221728737429607 -0.8097964692781288 0
912 -0.1804990759006029 -0.8411839150222005 0
913 0.4854110714578823 -0.7266441843385076 0
914 -0.5547639483415098 -0.2229538969473692 0
915 -0.1145219367796537 0.4303838041411998 0
916 -0.3067146623018084 -0.7303116353431823 0
917 -0.6202524465088018 0.8532988021876702 0
918 -0.5628845323299677 -0.5911961564438732 0
919 -0.9396853720103829 0.7248986573446562 0
920 -0.6229904648721466 0.3051635176163954 0
921 -0.5694713799760016 -0.3412559810590471 0
922 -0.03359708293584884 0.04172770363150147 0
923 -0.9398523739107087 -0.1298524963947741 0
924 -0.7137659091146102 -0.9382509645590099 0
925 -0.09120817978143453 -0.1382430186801527 0
926 -0.6889362739748277 -0.5058728063177771 0
927 -0.5007221427759205 -0.9413935745814468 0
928 -0.1583349699052259 0.5035487530779162 0
929 0.942377619338664 -0.7154278899108947 0
930 0.4137129657462009 0.699291264669912 0
931 0.5308326268422963 0.9404968307013699 0
932 0.5176456131568509 -0.5364008970700379 0
933 0.3678281903483864 0.1334790347352428 0
934 -0.2377459700596812 0.6747547238370364 0
935 -0.1171298661126071 0.0118730807557412 0
936 -0.3256336112774261 0.9410958378976993 0
937 -0.3945479787522116 -0.8109403490073177 0
938 -0.6034523862120033 0.09126355173518025 0
939 0.9474183246470572 -0.9400956054310683 0
940 0.2616529428246968 0.9386161829588811 0
941 -0.4777306851628612 -0.1417905707440675 0
942 -0.4889382573664662 -0.5553814891798963 0
943 -0.6190918288281401 -0.3179929861113421 0
944 -0.3401237440780693 0.5581928737968622 0
945 0.767331720950015 0.6083545191203211 0
946 0.9420984258958549 -0.143600853706594 0
947 0.008590968685383617 0.8130724633883206 0
948 -0.3526957376382192 -0.176090371585943 0
949 -0.08175227465984854 -0.4336269163384771 0
950 -0.9407545584098784 -0.865175219567043 0
951 -0.01171643848742945 -0.3102779867662458 0
952 -0.9389661459458589 0.4184526254691335 0
953 0.5271070554250533 -0.4686273477700852 0
954 0.3489338587868778 -0.3732879524285736 0
955 -0.2315570203936475 -0.6783059769693442 0
956 0.6379151494723728 -0.6976419300868295 0
957 0.8536078923576388 0.1934580851879533 0
958 -0.9416372250520222 -0.7228605176773268 0
959 -0.3912126821212312 -0.6028174176792879 0
960 -0.9426188553745278 -0.5091795582049078 0
961 0.1145128934965084 0.3501646663512493 0
962 0.1628266988282634 0.8796278428994124 0
963 -0.8332247701995954 -0.5331116328614683 0
964 0.7082519350545357 -0.850098131662945 0
965 0.7661153982960054 -0.8400776995175037 0
966 0.3384979479216177 0.3386351708179867 0
967 -0.8277890281136849 -0.1410796487049309 0
968 -0.8513455898193589 -0.196891742284427 0
969 0.2257411664283666 0.6225771560204987 0
970 0.7806075931079548 -0.4976950459391636 0
971 0.07470013785990684 -0.7312657633117833 0
972 -0.9429211769824272 0.8654793526397622 0
973 0.2540183150457192 -0.04888730568128326 0
974 0.8170607945552034 0.7180207089566052 0
975 0.2949202773111336 0.2779962347187326 0
976 0.05738400920873178 0.6876350122528959 0
977 0.5044240799974516 0.2010328728013725 0
978 -0.9428263326467968 -0.02531601031928083 0
979 -0.8390465974372182 0.4779183812302842 0
980 -0.7953433750537179 -0.4323146798063998 0
981 0.2677599392905121 -0.2528955240861693 0
982 0.1483576639047516 -0.8379525399299299 0
983 -0.2895856614234965 -0.5523251274421703 0
984 0.3205716929749471 -0.6196534701341248 0
985 0.944190968692775 0.1661365142950093 0
986 -0.2903658911517413 -0.6123591776892703 0
987 -0.5744853945584903 0.3933652396072381 0
988 -0.01689629996242303 -0.5141517948286548 0
989 -0.422440773886758 0.1764115624288575 0
990 -0.8568672265760988 -0.6928571658737349 0
991 -0.679692637859959 -0.8597188959776187 0
992 0.3606898382867297 0.7658278096288114 0
993 0.3155681319872102 0.1774479559221515 0
994 -0.6934764431651856 -0.2493417365027211 0
995 0.5672203499459574 -0.942091538405371 0
996 0.8106131024986433 0.4337753861979957 0
997 -0.2320969472674247 -0.5290168611322326 0
998 0.1645008154121286 -0.01693005802701355 0
999 0.2348710815734766 -0.8660079620917109 0
1000 -0.3807242204914786 -0.6988716989018486 0
1001 0.5919282360869941 0.3861239427781957 0
1002 0.4753776199531021 0.7628117932294879 0
1003 0.2698013587758388 -0.5133129373293964 0
1004 -0.05166657738997192 0.5148786886994915 0
1005 0.3189230188926931 0.6505493180492875 0
1006 0.6377968536282709 0.9450499447172372 0
1007 -0.02466467693966869 -0.7050636845678206 0
1008 -0.1384575992473717 0.8772777900130817 0
1009 -0.4123648513998218 0.3320944041919712 0
1010 -0.5800133543520295 -0.8693287196392777 0
1011 -0.1452295653963279 -0.1793278868334992 0
1012 0.6612022349286958 0.6537885969600512 0
1013 -0.6991661204258629 0.346449890215997 0
1014 -0.8270807416140312 -0.7524734397724268 0
1015 -0.4953837758990554 -0.8389327557119501 0
1016 -0.264226024059705 0.7870882423100451 0
1017 0.1294100108859447 0.6339798817417512 0
1018 -0.4552837718498874 0.8138443136519815 0
1019 -0.8658167539529404 0.3874418763670259 0
1020 -0.7886964310742863 0.1609955005863204 0
1021 0.9432614594597858 -0.5569102243799865 0
1022 -0.5082630266587281 -0.2531268630449655 0
1023 0.9498695512592923 -0.4543489093433868 0
1024 -0.7830156016945738 0.3453515000027295 0
1025 -0.5914870690938467 -0.4890071687389621 0
1026 0.1779925542576556 -0.2726115308878461 0
1027 -0.5356936710014242 -0.1406670454208917 0
1028 0.339440218966069 0.8544986563642636 0
1029 0.4223621175751809 -0.7482601399754181 0
1030 0.2348610732748587 0.8631119727158942 0
1031 -0.8579310308846317 -0.5794095107079232 0
1032 0.6861624599481934 -0.7555562934920832 0
1033 -0.2075492620043274 -0.1214143145130047 0
1034 0.1786379513686193 -0.7488187888214494 0
1035 0.8637150643071078 -0.5491410974016701 0
1036 -0.4479729359678524 -0.4741291849437033 0
1037 0.7700126978693247 -0.9443752570054924 0
1038 -0.6721701541184443 0.1053384004924783 0
1039 0.4587824764838424 0.4985365294759007 0
1040 -0.4708215900299425 -0.3895963207922984 0
1041 -0.5804244780564665 0.6451770810949136 0
1042 0.7805509643700673 -0.7781866242298958 0
1043 -0.3799136444870698 -0.5428002664785057 0
1044 0.2596010514663328 -0.4388275447331287 0
1045 0.000524206765261338 -0.810111875907122 0
1046 0.1785782989013343 0.713063917676106 0
1047 0.8723310047483531 0.2864937889426218 0
1048 0.396897243427044 0.2402892013998902 0
1049 -0.2227121970090048 0.9496191034557575 0
1050 0.9463877439774476 0.5697433508355982 0
1051 0.7292142775012814 -0.4405280180093967 0
1052 -0.3640490939046795 -0.005252138160454396 0
1053 0.09211256292858699 0.945716921726828 0
1054 0.7714142187662218 0.9445089191777213 0
1055 -0.4495138742098798 0.005253401316406722 0
1056 -0.5422284017449339 0.5302423343315084 0
1057 0.8691548588084499 -0.9477713042202223 0
1058 -0.007910331825262386 -0.06808446066929262 0
1059 -0.8395107428045179 0.08561176039756249 0
1060 0.8763742884787966 -0.8471711570801719 0
1061 -0.8138946653444011 0.2175770117978917 0
1062 0.9459222184533131 0.3550007463907554 0
1063 -0.7279202106440834 0.2549614689145629 0
1064 0.2662839223813415 -0.7855822412939042 0
1065 -0.2298051494202424 0.8531880845778037 0
1066 0.5974521381660102 -0.8656726285498353 0
1067 0.2281815753229813 0.2125149353537391 0
1068 0.09298444006496102 -0.4870044505752945 0
1069 0.5190661385851157 0.8407282934280478 0
1070 0.176947094192386 -0.1191494208817363 0
1071 -0.1387699271589295 -0.06600146527926824 0
1072 0.05266359176916078 0.3565100555512888 0
1073 -0.7068811759200897 0.7595121398119525 0
1074 0.2813815292565914 0.7577100816788349 0
1075 -0.767353124287531 0.6280745616601024 0
1076 0.2382192700537484 -0.6049654110751809 0
1077 0.164470434591695 -0.212692539628057 0
1078 0.2648070152803922 0.5383699081619884 0
1079 0.135623899721369 -0.5840777904396215 0
1080 -0.3116144930870247 0.888471810683345 0
1081 -0.5337403728487566 -0.7558870975626623 0
1082 -0.5455343157165893 -0.04750848994473354 0
1083 -0.02692065701356163 -0.5846221105085027 0
1084 -0.16480477539165 0.4440359463266052 0
1085 0.2031172724470667 -0.9495376465744614 0
1086 -0.5743141890979756 0.3351664447647744 0
1087 -0.2679474289859212 -0.2062571713803241 0
1088 -0.9460599426133615 0.1123701747147215 0
1089 0.2585427155627371 0.4244426086590762 0
1090 -0.446701523688865 -0.1977364710507251 0
1091 -0.2480684655301308 0.2183759910999213 0
1092 0.193173829058987 0.7721719741503552 0
1093 0.8738662564861124 0.390814746652753 0
1094 0.3782068574501039 -0.6590948158390765 0
1095 -0.7360090102270483 -0.5166138035586686 0
1096 -0.157041182189036 -0.9474015774502925 0
1097 0.3341476435320765 0.2354697635982589 0
1098 0.7567624162552895 -0.5631141553124058 0
1099 0.1194673558521729 0.1578344165632299 0
1100 -0.144309340643294 -0.5286364196629876 0
1101 0.107871709861808 -0.203829846765965 0
1102 0.1686880526433882 0.114154680948431 0
1103 0.2493733389999004 -0.1026657727172547 0
1104 -0.7606096628670076 0.02690789866284202 0
1105 -0.2903092300152912 0.6817868563243681 0
1106 -0.4764982019851979 -0.6634683273573396 0
1107 0.7363711957190333 0.4453517621010875 0
1108 0.2811933513748495 -0.7017964423312821 0
1109 0.08865012770827092 0.776719351399048 0
1110 0.3650590758642919 0.5076116215279364 0
1111 0.8609765457502113 -0.6309982263111859 0
1112 0.2571814482876382 -0.1960903307399792 0
1113 -0.2589933666243081 0.5014162764540652 0
1114 -0.9493067688026947 -0.1796072855093934 0
1115 0.09943492109348102 -0.2955479617023774 0
1116 0.4437032340651269 0.8743636647621335 0
1117 0.07278982780109602 -0.2439611107531721 0
1118 0.0472731943446397 0.8720041508989077 0
1119 0.590885368211137 -0.5583087690184578 0
1120 0.8607761432304769 0.5739314072793402 0
1121 -0.8682540799426229 0.8065339239681452 0
1122 -0.2555182167709484 -0.9493986050969845 0
1123 -0.6489017920641958 0.5058326596924145 0
1124 0.7053123935650402 0.8730449133885503 0
1125 0.8747272923690881 0.9507995940813515 0
1126 -0.8780290315076595 0.04605855369048303 0
1127 0.02989245540967223 0.4581479080460935 0
1128 -0.7323645781159875 -0.610499909278011 0
1129 -0.5864456668876168 0.94682552792343 0
1130 -0.7247047668770406 0.5856114331478284 0
1131 -0.04504957028635992 -0.008392267485477471 0
1132 0.8659300476777834 0.7351553331468783 0
1133 -0.8593156863582714 0.5799044851567582 0
1134 0.122031360534197 0.04909979966229394 0
1135 0.7285463367678544 0.2623114346295808 0
1136 -0.7508975907986125 0.5295822811539503 0
1137 0.9498722554089558 0.6601331103260404 0
1138 -0.390674330780728 -0.3851489687079102 0
1139 -0.3295592430221103 0.1797754756324175 0
1140 0.3115616313907895 0.9505697942836205 0
1141 -0.292821222030397 -0.0876310281975153 0
1142 -0.9485616000366931 -0.2755103094829706 0
1143 0.6434543273815442 0.4745164645443757 0
1144 -0.8166297908270415 -0.3859502951746958 0
1145 0.9455075188693405 -0.3140970159657229 0
1146 -0.0004711051087611519 -0.2051667268822659 0
1147 -0.1965182187118389 -0.5620768577549187 0
1148 0.3197531332089108 -0.796805894413509 0
1149 -0.3048494967504911 -0.17124606097555 0
1150 -0.2607636412549345 0.4466073719279134 0
1151 -0.9518941781648388 0.3225502944544512 0
1152 0.1473795857213107 0.2107234881254934 0
1153 0.0225650816687505 0.2974268052032402 0
1154 -0.4245483542948302 0.5064376176473514 0
1155 0.7799837773922188 0.2523797504448707 0
1156 0.1578123103051231 0.2961045133327443 0
1157 0.6771352406491672 -0.5991481340525944 0
1158 0.7009652322985581 -0.6496708280211402 0
1159 -0.7485484732520078 0.8662269327813874 0
1160 -0.7666127507925096 0.4336415150150523 0
1161 -0.380396022839996 0.9494953063864903 0
1162 -0.6014951346989619 0.6972567809409378 0
1163 -0.3062364947356565 -0.448851446432884 0
1164 -0.7993757272706512 0.7277710560652277 0
1165 0.951793601702537 -0.6138390479953973 0
1166 0.09789730295739305 0.5286724807573728 0
1167 0.0004928599425029313 0.5200475920338617 0
1168 0.4798893973623147 0.9487769999202318 0
1169 -0.1187351304140194 -0.3383327010494397 0
1170 0.9527689453302952 -0.8824032564374297 0
1171 0.1480317272937532 0.4598586090359405 0
1172 -0.9497803458336298 0.5388552009402012 0
1173 -0.05098898681230357 0.09207327506321156 0
1174 0.8802051116313931 -0.2954847385469918 0
1175 0.5717038121733298 0.2038352347092642 0
1176 0.2977285638171898 -0.9531220010019235 0
1177 -0.2305104457420515 -0.476558301235211 0
1178 -0.6477453521449712 -0.419874431469231 0
1179 0.7539620622182867 0.1614223192175509 0
1180 -0.4033709600953307 -0.9504980555561866 0
1181 -0.8599840620929312 -0.309275124345184 0
1182 -0.4142705614386867 0.8794451736046942 0
1183 -0.2860541010908383 -0.8577832697280707 0
1184 0.2186225659680611 0.3286359511584787 0
1185 0.5218353062346919 -0.9455516739089297 0
1186 -0.6663944890572385 -0.804832847508791 0
1187 0.1451398196318248 -0.3129416765748244 0
1188 0.318127008771731 -0.52336016201911 0
1189 0.5318978697356509 -0.8365124697240618 0
1190 -0.7629502825648076 -0.946854316667087 0
1191 0.4226685798147798 -0.5006984404884477 0
1192 0.7766712780021062 0.3516219861253227 0
1193 -0.1427463638682461 0.2186396576759375 0
1194 0.5960323132903399 -0.4655978017821557 0
1195 0.4135931193414846 0.157048175997657 0
1196 0.9521031134576498 0.9508248257204167 0
1197 0.6813840353530994 -0.4522611767568027 0
1198 -0.3030848815808456 0.5964576445996217 0
1199 -0.541202171688564 0.7478590436400705 0
1200 0.1613293877577422 -0.3623369163903062 0
1201 -0.2837208731583547 0.3480118126350877 0
1202 0.1195239448921165 -0.3979102834806389 0
1203 0.8039400692180017 -0.6797470606978347 0
1204 0.228632001530571 -0.2854446445899291 0
1205 -0.03471016925931372 -0.4118091028788936 0
1206 -0.1253119492393575 0.6973102137354777 0
1207 0.7960465972646473 -0.3897047176346969 0
1208 0.414867368437149 0.8066383079346993 0
1209 -0.7426840091158187 -0.176116631641111 0
1210 -0.2062120057775534 -0.2704341671340772 0
1211 -0.951463402388124 -0.4195886286514145 0
1212 -0.6586748584268881 -0.5772314450993012 0
1213 -0.4088958702732205 -0.3000933989038159 0
1214 -0.1635180603869805 0.5971598955800876 0
1215 -0.2103236021709672 0.7529667106958979 0
1216 -0.1821150972120688 0.3472458553986085 0
1217 -0.6102475610952872 -0.1252957452923492 0
1218 -0.5940931547495236 0.04547865326846728 0
1219 0.6898507628811505 0.5640836386721167 0
1220 0.6579176417448185 0.8029621300874479 0
1221 -0.3443671971791316 0.4039316264507041 0
1222 0.6748394211955224 -0.8044306803659033 0
1223 -0.6325290689989262 -0.7283347992504392 0
1224 -0.2718724679070755 -0.7930228540094624 0
1225 -0.1419702633119065 0.05894895787509757 0
1226 -0.7992017085900837 -0.289769927497554 0
1227 0.9544989164423907 -0.792980972956408 0
1228 -0.1629742633014184 0.7809900914650004 0
1229 -0.2369095597915908 -0.3879405700029582 0
1230 -0.01610392099389049 -0.9528843868696146 0
1231 0.9504498576062547 0.7982013326390497 0
1232 0.8660155357208985 0.8043160867361211 0
1233 0.9517055039331012 0.02798664367753377 0
1234 0.9488123467586802 0.5217924219822717 0
1235 -0.672414626507119 0.952548211937059 0
1236 0.07804538444438265 -0.679775210464757 0
1237 -0.1980382361521604 -0.742298420551277 0
1238 -0.3300313296197374 -0.5221566733962782 0
1239 -0.5865723725003577 0.1430923596937245 0
1240 0.5080370099742775 0.5055380466327303 0
1241 0.4578895276089222 0.7138835345349444 0
1242 0.8913884763607961 -0.7203425354591565 0
1243 -0.1964028218675072 -0.1685091977753043 0
1244 0.2894824940627973 -0.8865662095372103 0
1245 -0.2451012839883187 -0.8840700340239582 0
1246 -0.8850475808724949 0.4949603288441637 0
1247 -0.9495406398462164 -0.7707883913948805 0
1248 -0.2196183529543826 -0.7877465870520844 0
1249 -0.09723633740528149 0.5332448005352695 0
1250 0.8073648224432917 -0.8712703576621067 0
1251 -0.3019752669731548 0.004402263365026776 0
1252 -0.8044071525748274 0.952324074758824 0
1253 -0.1767206047597044 0.8409282435289616 0
1254 -0.3134940602602939 -0.2731357181556189 0
1255 0.3343644789857397 0.0875676134290872 0
1256 0.7342173189388151 0.5100553313534404 0
1257 0.7808544734225823 0.5273518861998475 0
1258 -0.08340925207732583 -0.8748895590976282 0
1259 -0.4993255353067122 0.1003680015711079 0
1260 0.8013185005457254 0.8798848317365787 0
1261 0.8870269917540096 0.01268263279659873 0
1262 0.3217357716275794 -0.3251639744822047 0
1263 -0.6220026914364939 0.412203970834944 0
1264 -0.5015994726569355 0.1464924627647453 0
1265 -0.188311763342892 -0.07534260231002021 0
1266 0.4805571606251536 -0.4452381771663287 0
1267 -0.06551595408223178 0.4359324800213569 0
1268 -0.07792685003170992 -0.2560426093249957 0
1269 0.564827301262928 0.2902005990937787 0
1270 -0.9573579610813414 0.9504013570557825 0
1271 -0.07329143104152426 0.9499901834953681 0
1272 0.8031660987378844 0.2091481280255588 0
1273 -0.9525395408933657 0.7754374933915998 0
1274 -0.8855598501529665 -0.2680249269870993 0
1275 -0.4632776786628108 -0.0436138609152805 0
1276 -0.888019153028404 0.3288193245983147 0
1277 -0.6577497478907827 -0.3497333021460182 0
1278 0.73619898715237 -0.7409202087501205 0
1279 0.3919287967988666 -0.5564072376394746 0
1280 -0.5465199502862972 0.2320064631980783 0
1281 -0.1904130308113802 0.6897455272200079 0
1282 -0.4575785381251792 0.4130228436736277 0
1283 -0.1692405579547951 0.1762206098767424 0
1284 0.8130314013425985 0.1111348281018599 0
1285 0.52831833625105 -0.6308262276248879 0
1286 0.8388506414413973 -0.5876424006284381 0
1287 0.8628753123135479 0.90033004799048 0
1288 0.8857744769020239 0.4888852161221307 0
1289 -0.3337825465182664 0.2604246121321652 0
1290 0.540742525265499 0.454740107026039 0
1291 -0.3734287314057845 0.789462995899632 0
1292 -0.6795169756949098 0.6712922560378307 0
1293 -0.2500913908064106 -0.637702087299493 0
1294 0.6811452273993519 -0.8873576346678558 0
1295 -0.890957021610295 -0.6243730239187775 0
1296 -0.1526851966780075 -0.4617752973849174 0
1297 -0.5384951505235679 0.9535689942714406 0
1298 -0.5440209622230018 -0.9523079649087366 0
1299 0.123284702302096 -0.6556476071372054 0
1300 0.2200475830574877 0.6884312987419025 0
1301 -0.5693886035947117 -0.3894070568306718 0
1302 0.01520014167153218 0.03851397431303463 0
1303 -0.6256325616557574 -0.9536645753511492 0
1304 0.2162243111723645 -0.4323124683675067 0
1305 0.3161085938618093 -0.428752133397407 0
1306 -0.4545897683180751 0.7516099907032632 0
1307 -0.878608465919032 -0.1068136826123186 0
1308 0.2675495303937248 0.1043342287346419 0
1309 0.535429619822523 -0.7123824505005356 0
1310 0.7276352472606658 0.9491061889525823 0
1311 0.9532677644149078 -0.3610552561000386 0
1312 0.6431781012726003 0.414386009307537 0
1313 -0.4294305868906201 -0.7814673973530792 0
1314 0.5452589662912624 0.8826178034479153 0
1315 -0.04866967350996441 0.882898706029219 0
1316 0.6944479213941186 0.3909654261445565 0
1317 -0.7953087110329236 -0.2362691186799465 0
1318 -0.06301933028157211 -0.4972723546411462 0
1319 0.7358096302645366 0.6650162875744874 0
1320 -0.1154325101538442 0.2948539719870585 0
1321 0.9531551479831687 0.8864846324927729 0
1322 -0.8130566243482517 0.8722379689729342 0
1323 0.4948739186670305 0.252160038426972 0
1324 -0.3515816441107422 0.08993016864539397 0
1325 0.8642689403368248 -0.800013575995723 0
1326 -0.8808176029296905 -0.4879874296113042 0
1327 -0.5729776085395556 0.8557090006336137 0
1328 0.07254129746788036 -0.9520672190055532 0
1329 -0.421149256856758 0.07871759384629849 0
1330 0.5209351050785545 0.3631367668792891 0
1331 0.4900521472015125 0.4105249274056011 0
1332 0.3763207796074118 0.427925165883307 0
1333 -0.6293858998844055 0.5558324204850089 0
1334 -0.4852885968238406 -0.5079904365411197 0
1335 0.1764431206669668 -0.5165147672061419 0
1336 0.4352542110992764 -0.9526844881165254 0
1337 -0.3115877421528881 -0.9521790872105913 0
1338 0.359377134483871 0.6897569998885744 0
1339 0.7780157962269076 0.7855837003804064 0
1340 -0.3691992405602519 0.157940030930619 0
1341 0.2834010202010993 0.8404818882155725 0
1342 -0.511835014899052 0.883307075853183 0
1343 -0.2146059916008233 0.09042034761112813 0
1344 -0.3070707765846221 -0.3654746247242193 0
1345 -0.8925400704681622 0.6285778872598522 0
1346 -0.09972034337752111 -0.1843468631175628 0
1347 0.1313082258785441 -0.881052469051306 0
1348 -0.477342190880369 -0.8813579531044142 0
1349 0.03642555324424721 -0.6142835354653573 0
1350 -0.04613579061610136 0.7255190956366697 0
1351 -0.001358244720328989 0.7460493753173594 0
1352 -0.9551082842435337 -0.326829013163871 0
1353 -0.474821502246035 -0.3426440674964963 0
1354 -0.9522624929634363 -0.5537522323660971 0
1355 -0.1300708860675915 -0.7595385413822699 0
1356 -0.3642257976893042 -0.05112913162455588 0
1357 -0.05068771617226474 -0.3381426876927383 0
1358 -0.2052599286276557 0.004854901126739413 0
1359 0.2334694503996603 0.4667878959232089 0
1360 0.367608961864566 0.8135026928347729 0
1361 -0.6138103363280832 0.1826239196855314 0
1362 0.6291038714551804 0.8958233280839266 0
1363 0.8853725856202888 -0.3899235878380304 0
1364 0.4330973381218509 0.5435274698501645 0
1365 -0.2136326248477524 0.6012149194556706 0
1366 -0.0866880887554822 0.7918909781106437 0
1367 0.2891987007925639 0.01509420082536501 0
1368 0.6579661163278099 0.3143932147597644 0
1369 0.6260897296657968 -0.8063623436401407 0
1370 0.09041552371600978 0.7285254742031538 0
1371 -0.06823508120785518 -0.7275598957719354 0
1372 0.636562291396729 0.7414398713443595 0
1373 -0.08876991998549572 -0.08953270234998856 0
1374 -0.9501988709523597 -0.6384256550172773 0
1375 0.6012004687465373 -0.6491053509715534 0
1376 0.5234720792578051 0.5526541141235287 0
1377 0.3495397266496545 -0.4716088696110301 0
1378 -0.9553730009926084 0.2692646606526083 0
1379 0.3943182671459916 0.9539481618132161 0
1380 0.05503750430281377 0.1774228353639856 0
1381 -0.2723287317066465 -0.04122886556506617 0
1382 -0.6760768034484982 0.2457293658655535 0
1383 -0.3714663099898082 0.6349378197313711 0
1384 -0.2369673065531349 0.04703643533686784 0
1385 -0.6989122085801071 -0.7035956878135965 0
1386 -0.5434189889499772 -0.484037852431467 0
1387 -0.005842995695498225 -0.9006190022942073 0
1388 -0.8895975288671807 0.9548373558626828 0
1389 -0.6235791365126609 -0.8856985792533585 0
1390 0.406724166160281 -0.4032541077297342 0
1391 0.9590985586740239 0.7512140904668132 0
1392 -0.3322710940936242 -0.691974498670044 0
1393 0.3926093856244152 0.6035395593601852 0
1394 0.4200361867700395 0.6455099477285225 0
1395 0.9543202772470473 0.2454416442413724 0
1396 -0.3244521244718382 -0.8804583073707108 0
1397 0.06411529413942593 -0.876035242897519 0
1398 0.1753092563600523 0.3940416126531697 0
1399 -0.008035177378740838 0.1371733047665688 0
1400 0.6793817841480629 -0.5141665247777182 0
1401 -0.5073929569322505 0.6850175913885302 0
1402 0.02653620609371688 -0.2457041454315222 0
1403 0.6241676711552206 -0.6047395391278405 0
1404 0.3497567810454427 -0.9543263435125504 0
1405 0.1269511633096149 -0.4461194299235511 0
1406 -0.116643528029376 -0.2762153959147892 0
1407 -0.884388058273281 0.2515180630369183 0
1408 -0.6900603486769117 0.0429009631452227 0
1409 0.5439961137901637 -0.5798703021998555 0
1410 -0.7415496580883739 0.3289286298148466 0
1411 -0.2160023684953589 0.1748821633231098 0
1412 0.04762328597148461 0.006218675301961379 0
1413 0.02779190300680052 -0.3328364248377464 0
1414 0.8530672237595737 -0.8850570074414263 0
1415 0.4642768872585792 -0.7686236287277813 0
1416 -0.6496118517920529 -0.2756323640294212 0
1417 0.2444420422209541 0.0562331214011262 0
1418 -0.4003870775159151 -0.9017779763008371 0
1419 -0.5294418550641882 -0.4248621510571305 0
1420 -0.04845526396673927 -0.05783650578634102 0
1421 -0.758361896678047 -0.837410994526877 0
1422 0.3928235799094517 -0.8159424456351898 0
1423 -0.4038878158985511 0.551166519029066 0
1424 -0.3018642690749535 0.73772460263731 0
1425 0.824749469196587 -0.4599533071875201 0
1426 -0.9541796980056485 -0.9558496694064403 0
1427 -0.0431362470407872 -0.7905454156835909 0
1428 0.001425918045779758 0.2248823373951024 0
1429 0.07107396365275732 -0.5269650095801357 0
1430 -0.1581134429111166 -0.2478123487599061 0
1431 0.3988383462907227 0.8982616384048711 0
1432 -0.9545010652508743 0.6417490897534368 0
1433 0.8281459062261987 0.6680391787711472 0
1434 0.3678133635013101 -0.8890270831112757 0
1435 -0.7400008382137883 -0.2172087829332981 0
1436 0.5757030118766079 0.9584764814904774 0
1437 0.2764481193308043 0.712749442799857 0
1438 -0.06594433261403805 -0.9555344188236898 0
1439 0.6146932847159607 0.3412004028569212 0
1440 -0.1523669427056514 0.5535867454619566 0
1441 -0.5416847267368715 0.7945534916674005 0
1442 0.6003170066760678 -0.7286233955828298 0
1443 0.7124503689580425 0.1770648922519749 0
1444 -0.1092235802680867 -0.559703862990609 0
1445 0.211510414247817 -0.02547796043307159 0
1446 -0.7814642148641691 0.250061526517712 0
1447 -0.8885646320522702 -0.3448522111223786 0
1448 0.2746141988667551 -0.6204742825835172 0
1449 0.2080048367938177 0.1359351717316748 0
1450 -0.9566364997639366 0.06838874460549284 0
1451 0.9569353475541534 -0.2367807824217188 0
1452 -0.9049297422304974 -0.412474930960189 0
1453 -0.6763141346871215 0.1617916985140946 0
1454 -0.3182135569920446 0.5225988972419574 0
1455 -0.7048016663525253 -0.3480154883960002 0
1456 0.6514798122136387 -0.9564988029225306 0
1457 -0.3851279312829683 -0.4453275439092605 0
1458 -0.6280174382572515 0.01416052611047804 0
1459 0.1560225293556988 0.5520020853845895 0
1460 0.1857696293749418 0.9587318379705119 0
1461 -0.7596788645930223 0.9552046672820492 0
1462 -0.8803616194092199 -0.04760225352520512 0
1463 -0.9596134815676216 -0.08412788263746195 0
1464 0.6193078741560983 0.829694106559853 0
1465 -0.4038440585984109 -0.4930458407210151 0
1466 0.2561165238034722 -0.3512985418332673 0
1467 0.9007806559043748 0.6621446353615834 0
1468 -0.3625442740692656 0.7476226924110144 0
1469 -0.3054353562543471 0.08581026384366794 0
1470 -0.694973631025591 0.4934789817944904 0
1471 -0.816178889442676 0.5964828687820347 0
1472 -0.6113118981017366 -0.689012029660852 0
1473 -0.7213872166094082 -0.7709042344795999 0
1474 0.571521262909645 0.7953952493940151 0
1475 -0.472473343929748 -0.7388113867809918 0
1476 0.7268195347396762 -0.9556016189481129 0
1477 0.05186758893449012 -0.8283343824217188 0
1478 0.955452498625774 0.07243058111882504 0
1479 -0.4250563443112528 0.7137441525830204 0
1480 -0.900084420845636 0.8782371842776531 0
1481 -0.8799953145087939 0.1656412270629048 0
1482 -0.4140555374530249 0.6293922903961682 0
1483 -0.2585761444677889 -0.1155199302228494 0
1484 -0.2210313449878098 -0.03745024525197321 0
1485 0.4238683884171411 0.3704479678052986 0
1486 -0.4745061178102415 -0.4302357427434772 0
1487 -0.342233650314499 0.3120818568659031 0
1488 0.6105420532831917 -0.5161559047660638 0
1489 -0.4404942521914262 0.6698099696411216 0
1490 0.8940891497038778 -0.4670692278967867 0
1491 -0.4485067785902875 -0.9597200296628559 0
1492 -0.6575200251702951 0.3303094778992531 0
1493 -0.3771514524278159 -0.1388462270296858 0
1494 0.9582904150695739 -0.5074626865685309 0
1495 0.1174864503137664 0.3066366992884501 0
1496 0.7539298241018528 0.7054214401152124 0
1497 0.1733637958856495 0.6189993009170329 0
1498 0.2026053942998381 -0.1868666617351741 0
1499 -0.06951749635429541 0.5724350987393976 0
1500 0.2346028546914924 0.5717240987511174 0
1501 -0.7771966146830263 -0.8858160865161262 0
1502 -0.631083048999508 0.7764236081181244 0
1503 -0.2762380814743133 0.262150939303215 0
1504 0.8500268395870599 -0.3276759930456798 0
1505 0.2750247973336852 0.3790132620799239 0
1506 -0.2351121451648788 0.1296930951527572 0
1507 0.03670549111583404 -0.6583678557013319 0
1508 -0.192357147581319 0.2610018720656505 0
1509 -0.6014317364595356 0.4730185070086436 0
1510 -0.5496069660447411 0.6074918221408137 0
1511 -0.02882852485915609 0.3058450797345887 0
1512 -0.04358200399216078 0.3519059058668428 0
1513 -0.8261194966618769 -0.8826708007372931 0
1514 0.09113120499905074 -0.7955385209969705 0
1515 -0.6825769962062376 -0.0516121593987445 0
1516 -0.4993084584568645 0.7339281251962072 0
1517 0.1869462624313071 0.4811888063032322 0
1518 -0.5943264950926719 0.2402119824145655 0
1519 -0.2152591439093166 0.5162232137311771 0
1520 0.1572396023977664 -0.06843648254377999 0
1521 0.9511583086457807 0.436946878547208 0
1522 0.4520775953825511 -0.8801968408639669 0
1523 0.5827189589051575 0.6835297611182706 0
1524 -0.5210421835460024 -0.586469419154926 0
1525 0.02633306811628859 -0.7453535820704914 0
1526 -0.1782530118518962 -0.8878845701076895 0
1527 -0.2609581613589166 -0.4473418197501595 0
1528 0.5064661017479655 0.6751668199164512 0
1529 0.7029914225353132 0.474383455994661 0
1530 -0.5298137316596335 -0.6724330086874384 0
1531 0.6377997245997697 0.1911779352561663 0
1532 -0.2351761908060056 0.9000628241591037 0
1533 -0.9584287226394966 0.6853436477341324 0
1534 0.4583874961218427 0.3073531364568101 0
1535 0.8292967918532046 -0.7207101031236921 0
1536 -0.8336214962936839 -0.0346574246802386 0
1537 -0.3213891660176972 -0.7718524102611837 0
1538 0.008643671423706761 0.9537540163513543 0
1539 0.9002583418842476 -0.2269167052168751 0
1540 -0.2401305869481227 0.5664698170382355 0
1541 -0.8879924935634039 0.7008920662413916 0
1542 0.604327694525341 0.5623488898255928 0
1543 -0.7981447467842766 -0.06935047066389109 0
1544 -0.2822695751839591 0.04605208271202137 0
1545 -0.04743863620838622 -0.627388206966048 0
1546 -0.4985972745263587 0.03512931830751861 0
1547 0.5963625117927001 0.4821995019040434 0
1548 0.8988192907422359 0.1018406554755746 0
1549 0.5657233235474856 0.6202699979991485 0
1550 0.4500078993791631 0.4531345419363749 0
1551 -0.2684213412215249 -0.7074697966210429 0
1552 -0.8104649922769526 0.3040417034525447 0
1553 -0.2778587872148177 0.1257996698370065 0
1554 -0.1784400348343703 -0.3993275257059528 0
1555 -0.7444106741320911 -0.02775107747785253 0
1556 -0.391818530650794 0.2448161376387838 0
1557 -0.8303928925061539 0.8272954725970615 0
1558 0.09088938793608581 0.8526909652390011 0
1559 -0.1146089117874435 0.3813780663828444 0
1560 0.2452980702655126 -0.8230030754302375 0
1561 -0.7444108487325903 0.1088655279324496 0
1562 0.8741031252328814 0.238455119571301 0
1563 0.8964326052155014 0.1842910091765572 0
1564 -0.06532080555984271 0.2723183161372787 0
1565 0.1022474314392295 -0.04603082543879627 0
1566 -0.7238977944749088 -0.4102290394472151 0
1567 0.3922686797896314 -0.4644131211436054 0
1568 0.07725121741682336 0.0909609530730445 0
1569 -0.5318886112026269 0.486442843042544 0
1570 -0.6062387749701817 -0.04012545069864698 0
1571 0.9567424449727402 -0.04544541936032513 0
1572 0.007400597374580153 0.6010698253151241 0
1573 -0.471237521894679 -0.2337406645055482 0
1574 -0.8099152703192654 -0.8024036737579932 0
1575 -0.2089541922566837 0.307924604058676 0
1576 0.7844550284738512 0.3967596816388685 0
1577 -0.2574182955442753 0.3084123767027134 0
1578 -0.3460117529120073 0.6028775362344692 0
1579 0.5060998735295177 -0.8913989298170422 0
1580 -0.7566044625203037 0.7161973192691415 0
1581 0.9032235732512623 -0.05118408450241862 0
1582 -0.9588870666952524 -0.6836553824647932 0
1583 -0.673710695221583 -0.9572312415225275 0
1584 -0.9576698922049069 -0.4690992961182812 0
1585 -0.7411551258012141 0.6721833161551356 0
1586 -0.6761448275266965 0.9046804412926975 0
1587 -0.5431215480365023 -0.8478187423340809 0
1588 0.4044213804668376 0.2871917644978001 0
1589 -0.5950148378492709 0.8982722224738264 0
1590 -0.09601324659925466 0.8624972887341408 0
1591 0.07761760391237042 0.5853694316703761 0
1592 0.07610118706410905 -0.08609247181118652 0
1593 0.7191768092899722 0.779465321767137 0
1594 -0.2089552238827926 -0.9600473739889159 0
1595 -0.7199521156133554 -0.2875083098904526 0
1596 0.3800805691258568 0.7313266514033461 0
1597 -0.542738447647751 0.002869133107585961 0
1598 0.2013385240551331 -0.6507829513362413 0
1599 -0.09475539521367518 0.1370721777587822 0
1600 -0.8206194117023892 0.3767935204598419 0
1601 0.1190794949370554 -0.7419441740010563 0
1602 -0.625564850207262 -0.1910331518636843 0
1603 -0.8058055308657635 0.6461449663092503 0
1604 -0.9584835669785364 0.3821644372973516 0
1605 -0.09855071246207428 0.2096969901654219 0
1606 -0.4185823050590233 -0.570319155481702 0
1607 0.9592670960746071 0.616858668226665 0
1608 -0.5804687031512296 -0.7731943160245228 0
1609 -0.5934230284929917 -0.2430682444208546 0
1610 -0.7577764304701371 -0.4587822620217798 0
1611 -0.8264218475313496 -0.9580100424162705 0
1612 -0.4034576814643528 0.4279380835464518 0
1613 -0.3982729106276393 0.4717718425306642 0
1614 0.0400939774743585 0.7856469206301094 0
1615 -0.9551820600083321 0.9040058431103049 0
1616 -0.1700097006016325 0.09116388320197048 0
1617 -0.622141898794047 0.61683130497202 0
1618 0.7739295109169515 -0.5982508108020441 0
1619 -0.1472038796934722 0.2623104362196945 0
1620 -0.4754709441914398 0.5925148830328602 0
1621 -0.4847559838051045 0.3368101419926143 0
1622 0.3792607297679417 0.3285413062855405 0
1623 -0.5410715894034005 -0.1832725167701255 0
1624 -0.8902031059416908 -0.7847895145280709 0
1625 -0.8819917402571331 -0.828425221148414 0
1626 -0.4484691545883567 -0.6959401969889322 0
1627 0.07030485573928769 -0.3256908365951535 0
1628 0.1149794964407077 -0.9602667850364988 0
1629 -0.3066073440252696 0.8135669345848284 0
1630 0.894863375303429 0.8649284072213586 0
1631 -0.4605426162861305 0.9562947756749045 0
1632 -0.5934493319427848 -0.8160548115463746 0
1633 -0.9572344995231907 0.1905123372678193 0
1634 -0.7515481291599867 -0.5636817606634785 0
1635 0.8312207497822748 -0.412017418569223 0
1636 0.2331854758303235 -0.6994342620814794 0
1637 0.09233645323141426 0.3869936670121656 0
1638 -0.3336491515551381 -0.08222526053798838 0
1639 -0.2274857199292141 -0.1971890238169661 0
1640 -0.3332156576686037 -0.310544275437468 0
1641 0.8129246133745801 -0.9593149077517942 0
1642 0.7563698351592919 -0.4059005116203681 0
1643 0.02890798601809481 0.6516535171328653 0
1644 -0.8929575710553237 -0.195684367229473 0
1645 -0.1790331945908135 0.960918595217932 0
1646 -0.4179450065783674 0.2771208302447292 0
1647 -0.4102981645418587 -0.261162568758405 0
1648 -0.7824984838398105 -0.532995691846973 0
1649 -0.747807666148564 0.1695016671127732 0
1650 -0.3587221053594097 -0.2385784999198428 0
1651 0.5926128978399797 -0.7754785270028786 0
1652 0.3363626306662305 -0.7208800561017196 0
1653 -0.7404166489316061 0.488557876113446 0
1654 -0.696942943337879 -0.9025057999301228 0
1655 0.7523856777861307 0.8518046529385509 0
1656 -0.6775660527577601 -0.4539989727058411 0
1657 0.8158812706274402 0.4745125359146775 0
1658 -0.2544758809445485 0.3792652002481033 0
1659 -0.9015446722650922 -0.9602002209988825 0
1660 -0.6267748696952329 0.9627513893850131 0
1661 -0.8174187005217356 -0.6134930913830472 0
1662 -0.7851771541525668 -0.1485666289287134 0
1663 -0.5317453354763295 0.420220548562219 0
1664 0.901991921456396 0.5764341792648962 0
1665 0.2017706142745963 0.2869497846838855 0
1666 -0.5619534293964412 -0.09464511112183888 0
1667 0.299559279656147 -0.2822389010550153 0
1668 -0.6479023858500386 -0.5115415640150257 0
1669 -0.9567881486464263 -0.8242583631241186 0
1670 -0.6725290250802746 0.6343028361042644 0
1671 0.8598842841754737 0.05012799422741277 0
1672 0.3210682463259776 0.4941681580663747 0
1673 -0.4899301229511147 0.5472156797756128 0
1674 0.2663080118020445 -0.1476829019135777 0
1675 0.5819963569579913 0.2501917964469222 0
1676 -0.2897815445014816 0.9620207275771833 0
1677 0.9064761856025414 0.4401768211359866 0
1678 0.8519155571448057 0.3544926160575907 0
1679 -0.4693188376971758 0.4755883956838038 0
1680 -0.187808627306993 -0.3223047121858532 0
1681 0.2265893519586654 -0.5231257203851296 0
1682 0.6547299347699396 0.5425658406546103 0
1683 0.1225484714058074 -0.1256673748039997 0
1684 -0.7761672303728128 -0.3530999733617424 0
1685 -0.9059669818415825 -0.00203599569440512 0
1686 -0.4195427472365185 0.7932261762808567 0
1687 0.08410476662402452 0.2428665548217923 0
1688 -0.3133016407956031 0.4385025863173995 0
1689 0.2815343296777476 0.6340461482192812 0
1690 0.9599848636905431 -0.6898616122322198 0
1691 0.04295084934959946 -0.1411160794245178 0
1692 -0.7652880351610749 0.06916652944750433 0
1693 0.4067870445496323 -0.6589241477356973 0
1694 -0.00174004001067933 -0.1132276039906553 0
1695 -0.1659184559005372 0.01705039476344593 0
1696 -0.03603919677669917 -0.1426047990563331 0
1697 -0.4666537592626517 0.258723305197591 0
1698 0.6720466984714575 0.6121951564164583 0
1699 -0.5443845763584558 -0.7115430153553743 0
1700 -0.9543780269947278 -0.2315602830810891 0
1701 -0.9603882289278209 0.8231062647558579 0
1702 -0.9006465652947718 -0.7024544534456368 0
1703 0.6063324724230025 -0.9599131980239575 0
1704 0.05126930783321231 -0.4588497574975779 0
1705 -0.08622880043417559 0.01545012369886099 0
1706 -0.387913113462301 -0.3353967350115621 0
1707 0.8088501212920114 0.6273438687439494 0
1708 0.1952599482654863 -0.5987886005152453 0
1709 -0.7689312018599498 -0.6740556575296397 0
1710 -0.8131961624429201 -0.661882111138863 0
1711 -0.790922486054891 0.527291085344225 0
1712 0.909116259107813 -0.11282520539069 0
1713 -0.3486771876078592 -0.8356716778574077 0
1714 -0.9085730003916125 0.7705907826319827 0
1715 -0.7774118842192925 -0.7358763294034221 0
1716 0.6562056530941796 0.2405135389502083 0
1717 0.2872336689028433 0.1636803951210252 0
1718 -0.6621174093953363 0.8505528730978439 0
1719 -0.7604861976349181 0.800686635997543 0
1720 -0.8616561478965228 0.2952361195932732 0
1721 0.477878370308947 -0.9626239641621532 0
1722 0.7976370144256502 0.2919362178874134 0
1723 -0.5857015781046457 -0.5494872208904071 0
1724 0.8270360260430456 0.8167274223295935 0
1725 -0.5126229624153166 -0.7979038737498195 0
1726 -0.9047265011684724 -0.8838435611891958 0
1727 -0.3979121218452261 -0.1810475118892558 0
1728 0.3282618057389434 -0.8714205565449404 0
1729 0.003595474296937452 0.9076832358445085 0
1730 -0.8395853770136922 -0.8411818908553591 0
1731 0.71152916085749 0.7336215188733136 0
1732 -0.9097895497600095 0.3995860779552234 0
1733 0.2469059886931452 -0.9584069655132517 0
1734 0.149588438666728 0.068815873891186 0
1735 -0.8702654708571863 0.6618893843498751 0
1736 0.2492395702015669 -0.559784322996511 0
1737 -0.9590533524783424 -0.9080005178289856 0
1738 -0.8276926888356458 -0.4913790922304559 0
1739 -0.3460802269572515 0.4832573422565246 0
1740 -0.5029057563981472 -0.05682239150111362 0
1741 -0.6465111672523824 0.6945889535340524 0
1742 0.1870456001412745 0.2033909215592552 0
1743 -0.2641409339613801 -0.3553252897333211 0
1744 0.8473866738985105 0.1400025427543313 0
1745 -0.08098788717319272 -0.8126972131066852 0
1746 0.6743849727317968 -0.6780081352848175 0
1747 -0.3534542121573888 0.6728026304697491 0
1748 -0.03057068344995873 0.1797993417555075 0
1749 -0.05055936142573338 -0.2218670865716071 0
1750 0.4275406032702254 -0.9134256247178176 0
1751 0.008647799147698856 -0.4717084805244393 0
1752 0.5473182177411056 -0.789767922745409 0
1753 0.9094615055133189 0.9604219830330811 0
1754 -0.155138279754989 0.6700835367742 0
1755 0.4798052231242265 -0.8108073310094276 0
1756 -0.6135298020441395 -0.4180967271873677 0
1757 0.7885479749697419 0.7466066525115678 0
1758 0.7835091726637153 -0.9056667147809124 0
1759 -0.2530564401388962 -0.2965882783743852 0
1760 -0.8364244834094594 0.1834027443487088 0
1761 -0.02971444376390846 0.6708295415508998 0
1762 0.4815238935756371 -0.5408259283153021 0
1763 -0.1326224503166824 -0.03342199849758855 0
1764 -0.04509370321178116 -0.2890370176650378 0
1765 0.8099221503281792 0.9618555736844479 0
1766 0.9120252444395693 -0.16571434593908 0
1767 0.4572864115210137 -0.5968477470555332 0
1768 -0.1203833023258951 -0.3795563864138354 0
1769 -0.7813295995914753 0.391547315700899 0
1770 -0.9073246973545677 0.1985098172881785 0
1771 -0.6374179770833819 0.2652361386817811 0
1772 -0.679923174287083 0.4404308053409577 0
1773 -0.7137575566140901 0.4154098508948171 0
1774 0.3482791746777523 0.3812113401795476 0
1775 -0.6500133366340148 -0.644009507229382 0
1776 -0.6888326702659734 -0.6611671453684417 0
1777 -0.9593414242098228 0.4600690851772603 0
1778 0.1511160109757432 0.6892164686071963 0
1779 0.5753685260001289 0.5377136236004392 0
1780 0.9619937631210085 0.2062603213113939 0
1781 0.4685786170028102 0.6354925412044979 0
1782 0.4410419211203281 -0.8426462699397104 0
1783 0.6411643183634241 -0.8767041663383657 0
1784 0.2172198170438932 -0.9082395712694404 0
1785 -0.02103422045880802 -0.8638211088341915 0
1786 0.3269698741263164 0.8995902037028762 0
1787 0.9615160822451162 0.3855928574535443 0
1788 0.5837839759400496 -0.9072516928346709 0
1789 -0.666177542138208 -0.2021694742018651 0
1790 0.03176434224936109 0.8394079104622031 0
1791 0.3549920456997155 0.9631674897605009 0
1792 -0.463311627432004 0.9078055945114649 0
1793 -0.5639159478853704 0.08473966966682547 0
1794 0.2333383246164614 -0.3284232936044576 0
1795 0.6692158197403805 0.9612931445067101 0
1796 -0.4293030026395897 0.590736095131181 0
1797 0.2153475662059321 -0.7737711387521369 0
1798 0.1722957606896434 -0.7923771421992828 0
1799 0.4906626615697195 -0.6371594200319223 0
1800 -0.3720718821429143 0.3544205308709346 0
1801 -0.805309166476729 0.4549665209614434 0
1802 -0.8470268861126838 0.436740899276049 0
1803 -0.2699197104525605 0.8767315191572003 0
1804 0.2875094338399385 -0.6636772390276354 0
1805 -0.08171187090541993 0.1731499826431175 0
1806 -0.8926727915663487 0.8378379353741173 0
1807 0.9614384667165208 0.3095792759813609 0
1808 -0.9011658631685545 -0.5768021597723865 0
1809 0.8998374688835689 -0.956925888706095 0
1810 0.465606988282416 -0.6754501723169651 0
1811 0.7830050192522678 0.1345054393477708 0
1812 -0.6737889048748523 0.002559356676855541 0
1813 0.161096845999776 -0.6668202444381222 0
1814 0.6774834216342396 -0.7262341751579642 0
1815 -0.4411619734183998 -0.3091241463528684 0
1816 -0.842362554205915 0.7393484378065817 0
1817 -0.0862476991986189 0.3523201706988086 0
1818 0.5380321177302773 0.7488307442986445 0
1819 -0.2082855417284012 0.3760520259818594 0
1820 0.2624578827224068 -0.4810833360965224 0
1821 -0.9600310830793825 0.1431753753361884 0
1822 0.3052346387788779 0.4445165471275959 0
1823 -0.6294680486485786 -0.07376583270089182 0
1824 0.8848719833005854 -0.6641427422999451 0
1825 0.6864635576173417 0.8324986757933945 0
1826 0.5510424298726344 -0.6644704766417603 0
1827 0.5971460885523869 0.8795731720960165 0
1828 -0.5297626154500453 0.1797248581473301 0
1829 -0.9610304361373806 0.009055515706925128 0
1830 0.9663662879480373 -0.2771272984789536 0
1831 -0.2217342201983827 0.7135657882829025 0
1832 -0.8985652527295293 0.5810317589237601 0
1833 0.4065140653852473 0.5082848616130745 0
1834 -0.9613112099685721 0.575037324739215 0
1835 0.3266740830797449 0.7722643862809822 0
1836 0.0611380228533545 0.9612005050648391 0
1837 -0.1348028839461558 -0.682615641799432 0
1838 0.2040582672604597 -0.8543754141942488 0
1839 0.5203602503788726 -0.7576083361044521 0
1840 0.2516598078294977 0.9051120540629797 0
1841 -0.09645771778459666 -0.5225522540327773 0
1842 0.4739835610124167 0.5836239768387503 0
1843 0.7497640826515691 -0.5219140826086203 0
1844 -0.5572389307470627 -0.629966582946882 0
1845 -0.3835112180906957 0.7128696059806621 0
1846 -0.6789145833844769 -0.1298200359064917 0
1847 0.8378549221224119 0.4136135951983522 0
1848 0.2329304880336756 0.956278718944585 0
1849 -0.1103855901812952 0.9600615978888982 0
1850 -0.07329785010533682 0.475300090018667 0
1851 0.9583563848991722 -0.1683139942721403 0
1852 -0.1234146519722299 0.7711053430547454 0
1853 0.6639344670800166 0.7093393218866845 0
1854 -0.3750471748663396 0.8595473061444643 0
1855 0.6368891895818597 -0.4473442085677325 0
1856 0.5564694250094193 -0.4524288196559809 0
1857 -0.6377029338275665 0.101553900984837 0
1858 -0.09513676712429436 0.09333865439690786 0
1859 -0.161996353803828 -0.7345974704094203 0
1860 -0.5820383950645388 0.5515618356734628 0
1861 -0.1456151281083312 0.1418756423008718 0
1862 0.353308494106529 0.5580224847323204 0
1863 0.3083867213513553 0.5715901696532113 0
1864 -0.3248404979453655 -0.4821915998522873 0
1865 -0.2811631631001325 0.6473394800359911 0
1866 -0.8415202828349915 -0.4100055660618537 0
1867 -0.3903198322079695 0.0703191743879502 0
1868 -0.2317175238407213 -0.2338180642838038 0
1869 0.1663256069755396 -0.55892966938317 0
1870 0.8999759890258432 0.8089334217856637 0
1871 -0.6127179292535483 -0.5784094491402126 0
1872 0.02401587565526522 -0.5251117558274654 0
1873 0.9146892535433514 -0.5443806151636558 0
1874 0.5399360203637356 0.7014088000760714 0
1875 -0.4593449162563906 0.1701248288493923 0
1876 0.7514458091250104 -0.4708258578421117 0
1877 0.4838263338972473 0.1741008397652917 0
1878 0.356881454577946 -0.629975469146745 0
1879 0.0009742998442341098 -0.6744194252582434 0
1880 -0.5367375986694516 -0.2742056742171424 0
1881 0.1987872208022129 0.8692071691020292 0
1882 -0.8437614000938228 -0.3528608616756251 0
1883 -0.7227795824884891 0.2956864807949323 0
1884 -0.03357725662953377 0.8106224577569253 0
1885 -0.8181486567736099 -0.1042622850930546 0
1886 0.7035761374542689 0.2434635483654433 0
1887 -0.559163410126395 0.366050726277863 0
1888 0.9610312082332082 -0.1082458166259227 0
1889 -0.480677846943912 0.6654586409428032 0
1890 -0.6474863026163523 0.187396849582401 0
1891 -0.7008053863557536 -0.09554524992687277 0
1892 -0.4927930065573082 0.2897289830589842 0
1893 0.211630718194945 0.03240487258304523 0
1894 0.8919166843727654 0.7218082412346969 0
1895 0.03679364159946706 0.07971536094126241 0
1896 0.1118522211973206 -0.6157740004397421 0
1897 0.7429593418728107 0.3526238070291913 0
1898 -0.6137952270200838 0.8215616428763397 0
1899 -0.3435393726364456 0.2273070702154006 0
1900 0.153027052762732 0.7892766163877413 0
1901 0.1809496621341964 0.5229600134839794 0
1902 -0.4328915470031655 0.8470321191826771 0
1903 -0.6623059545076363 0.5566589408470184 0
1904 -0.8716417500216561 0.8911706544802008 0
1905 0.4466470153321261 0.9627031959413477 0
1906 -0.2875816717827674 -0.2437583231083351 0
1907 0.5539584144340329 -0.5501180699644967 0
1908 0.7184984991199315 0.9183157897897241 0
1909 0.1781374511200096 -0.15940953815248 0
1910 0.3807699214857216 -0.3773738827160048 0
1911 -0.2898184579213401 0.1899500167937679 0
1912 0.9630317142016031 -0.7510359206028181 0
1913 -0.1697604752949779 -0.6604027480036957 0
1914 -0.1176180183790223 -0.4518025038967514 0
1915 0.4115155843856431 0.2095971968049155 0
1916 -0.6751927184990568 0.7744627345163873 0
1917 -0.7424053128154524 -0.1054982410353184 0
1918 0.4906433084686834 0.8046682625783301 0
1919 -0.5319552291057732 -0.3322128749358755 0
1920 0.9645511073764119 -0.4300082447487199 0
1921 -0.221438980257627 -0.7140705847408688 0
1922 0.3086625159847767 0.6872098470415611 0
1923 0.6661901932700961 0.8905438404739878 0
1924 -0.6801439620541061 -0.5409455883563595 0
1925 -0.4202364288853488 0.138922185116168 0
1926 0.9080795954259621 -0.8110981514124525 0
1927 -0.4286201954893064 -0.3857964724913115 0
1928 0.07988312191075125 -0.3969321192394912 0
1929 -0.3393773480990999 -0.6134479157680515 0
1930 -0.2395327773488168 0.816141941159609 0
1931 -0.1876039354831944 -0.4575603703047445 0
1932 0.7639606667483539 0.4333290846729684 0
1933 -0.7246593478774209 0.896055443632108 0
1934 0.09518765197042887 0.4316440315821004 0
1935 -0.7644207278851742 -0.06184438467284885 0
1936 -0.5529742834136322 -0.9180570051973002 0
1937 -0.9025033935304019 0.1418717829145344 0
1938 0.2864872168369823 -0.02690144586648692 0
1939 -0.4071117281222731 -0.8700989642095363 0
1940 0.2086993213750737 -0.1011657118101578 0
1941 0.2989463591272376 0.3622051339716966 0
1942 -0.8089487997925501 0.003861732078095248 0
1943 -0.6018311642178983 -0.461445547408554 0
1944 0.2577242546835509 0.5023276736389066 0
1945 0.9680792401739751 0.8368914629082561 0
1946 0.2311425810804218 0.7847092604299772 0
1947 -0.8751820377299465 -0.6699693732057654 0
1948 -0.1472447626974284 0.4728856651273463 0
1949 -0.4156253756187547 -0.06829707358008127 0
1950 -0.5915475911613407 0.4410979759893559 0
1951 -0.4250492653248948 -0.1188274031441034 0
1952 0.004367515501180668 -0.2815990076946452 0
1953 0.03812857149223437 0.6070170894170195 0
1954 -0.8861955755919267 -0.4403275801301491 0
1955 -0.2267337774554146 0.6418028716239869 0
1956 0.8320804836843958 -0.655014817563595 0
1957 -0.428465571735269 -0.6260506137919606 0
1958 0.4555230294800099 0.2278032671906394 0
1959 -0.1270688806411152 -0.158657298319448 0
1960 0.9681899419217667 -0.009678771319782021 0
1961 -0.3949062886057935 -0.7559874577386584 0
1962 0.5305108105695373 -0.5022420134274883 0
1963 0.5377763269004149 0.1841737729555236 0
1964 -0.249790231266635 0.9626314205414215 0
1965 -0.2107154894102049 -0.3669548217796027 0
1966 -0.1209680163699869 -0.1014531983823095 0
1967 -0.2906839293703182 -0.1350021806684584 0
1968 -0.4806357498109178 -0.6267535926112048 0
1969 0.06250854091295754 0.5421794435431612 0
1970 0.486782534120957 0.8554659081963207 0
1971 0.09684760345462551 0.6477826851612057 0
1972 -0.03671900031603482 0.5968629439815648 0
1973 0.04662760117031791 0.2114913035675204 0
1974 -0.4616606281396213 0.5218115024669112 0
1975 0.8254063609873972 -0.5106400873179561 0
1976 -0.08215269171450701 0.6559626103223688 0
1977 0.1462752122358181 0.010308878220796 0
1978 0.7384660438702517 -0.6961194557819536 0
1979 -0.9169175193933092 0.07332628324399511 0
1980 0.9088868328236073 0.2577814642365719 0
1981 -0.03687304665217644 0.408318728879522 0
1982 -0.03252945711768093 -0.6622950741847036 0
1983 0.7324643072767238 0.6004291210941721 0
1984 0.7800938419948991 0.5762525380982708 0
1985 0.09255047080435976 0.03549686439900601 0
1986 0.1594341166082826 -0.7167131077675074 0
1987 0.5983912822228075 0.5954162044410959 0
1988 -0.1595067397131781 -0.6184423339298434 0
1989 -0.7521882322853854 -0.8076907498475312 0
1990 -0.4120866856423074 0.9632183662412211 0
1991 0.1917245102824437 0.06863564356897396 0
1992 -0.5335036877214778 0.2863839221291347 0
1993 0.1397756927540595 0.3743673404722569 0
1994 0.1560978470629557 0.8346792689512528 0
1995 -0.3133828219480516 -0.3973842656782259 0
1996 -0.4962888557970072 0.8183436015321937 0
1997 0.961438282987306 0.1380178582661009 0
1998 -0.5194772935414449 0.23085923921607 0
1999 -0.1266346950007743 0.5199639102406859 0
2000 -0.3884162673569074 -0.6466075300247766 0
2001 0.249626557586594 0.2478141544474051 0
2002 -0.972140992950193 -0.5973572040465722 0
2003 -0.7143639531716466 -0.8520907883627458 0
2004 0.6972765324476499 0.6582713188871523 0
2005 0.9045876585031591 -0.6229893590359598 0
2006 -0.85511931652409 -0.9000620560392869 0
2007 -0.2011519429010392 -0.867333664280513 0
2008 0.4699573356050323 0.9160206501607107 0
2009 0.7094866937048184 0.2940971600009685 0
2010 -0.6133855118449428 -0.2724826212078433 0
2011 -0.3517085890484153 -0.7934735961589965 0
2012 -0.586139231719112 -0.9679342651713336 0
2013 -0.8511966750817311 0.02669980686261708 0
2014 -0.4292800619572792 0.3899438399341526 0
2015 0.9639365695641881 -0.646170722139183 0
2016 -0.9189984152749726 0.4550268184789197 0
2017 0.3140500012939133 0.3172717548930535 0
2018 0.9132178437647535 0.3690427628895452 0
2019 0.09204304237567133 0.1292691253379744 0
2020 0.5649278432120548 0.3692569615549773 0
2021 0.5820188243515816 0.4160731290352644 0
2022 -0.8766399063774742 -0.2308010750970176 0
2023 0.8377601159083671 0.5433216362394468 0
2024 0.07579533854601435 0.9163111902774745 0
2025 -0.54961903879369 0.155679642958735 0
2026 0.4530118419994423 -0.7312773867008756 0
2027 0.4494818254107199 0.792415517907691 0
2028 -0.1899758710946743 0.4208934692886235 0
2029 -0.1374160261070262 -0.9172438741437708 0
2030 -0.8182812425727995 0.9086747370246873 0
2031 0.5331195093717623 0.2798251888422013 0
2032 -0.8355479317178334 0.9648384399658204 0
2033 -0.1101897145632836 0.606509872590822 0
2034 0.3422274522917306 0.4241540826386462 0
2035 0.920226157607257 0.3163635228923096 0
2036 -0.6946070244669356 0.5965472558464107 0
2037 -0.2107507006360337 -0.6003925009488404 0
2038 0.9119699357214184 -0.4242615593628352 0
2039 0.2094611585731038 0.1749431446474723 0
2040 -0.4519386969082055 0.09498550407034423 0
2041 0.1234171602718495 0.9667670680109293 0
2042 0.9603736533133832 -0.8555932959127872 0
2043 0.4306466194836026 0.8401750398398584 0
2044 0.01835565580612609 0.3727714786015026 0
2045 -0.3585435745680579 0.02846584338835475 0
2046 -0.3450901823262992 -0.4544671604239846 0
2047 0.6466585247810035 -0.5256830571761379 0
2048 0.9642619882527051 0.6936532755842051 0
2049 -0.438434106179291 0.03940458049196387 0
2050 0.257837318112571 0.1964439217956225 0
2051 0.05765011102284173 0.4705206905286122 0
2052 -0.01265679679421993 -0.5572091846609075 0
2053 -0.9633636240653529 -0.05345472591980069 0
2054 0.8811564186406331 0.6086874089647621 0
2055 -0.5477251775975377 0.5775149984388276 0
2056 -0.5037901271581693 0.6121647372120143 0
2057 -0.4858452359371173 -0.2823710037147983 0
2058 -0.4677600064281499 -0.8169087901394159 0
2059 0.3358197482326218 -0.7505388058520768 0
2060 0.3519421819710369 0.1669365661753555 0
2061 0.1264148541762798 -0.493653580890076 0
2062 0.1932131519705371 -0.3652583869540205 0
2063 0.2784533225266873 -0.2229024507571463 0
2064 -0.1774420447191246 -0.5407107959151826 0
2065 -0.4935312187036452 -0.4081787864225796 0
2066 -0.5927845108219753 -0.2067293660122436 0
2067 0.2271772406245766 0.8282675667010061 0
2068 0.2121860730027661 0.5478545340032823 0
2069 -0.6825149713183 0.7172233158527419 0
2070 0.7090660314808159 -0.9033933004328368 0
2071 -0.1262737101335277 0.9026058617040931 0
2072 0.880138610956041 -0.2603172005999235 0
2073 -0.7234511203122233 -0.487194910021269 0
2074 -0.5758069041335298 -0.1366229512297934 0
2075 0.129077513742315 0.7199820154445703 0
2076 0.3280228509008246 0.03862186644090722 0
2077 0.2697266795211672 -0.7372767178332822 0
2078 -0.6081044694761741 -0.6560240643325415 0
2079 -0.9700357646428495 0.5079721579535631 0
2080 0.9197907571969413 0.1444537280928266 0
2081 -0.2750604954234543 -0.7653259861211584 0
2082 -0.7425438640845414 -0.9196802239399614 0
2083 0.1163350434317236 -0.8142805762582571 0
2084 -0.4825074089965382 0.388904748538222 0
2085 0.4207953869019233 0.5729411291217502 0
2086 0.9079314380034167 -0.8631920348702138 0
2087 -0.3204709817717577 -0.6531802713887093 0
2088 0.005436446957806909 0.5539703082328733 0
2089 0.03314068441745124 -0.8955048301120765 0
2090 -0.9216576657500585 -0.7514125173200622 0
2091 -0.9686744730853996 -0.38972033823208 0
2092 0.1011640509798771 -0.8759743539390343 0
2093 0.4043279418707302 -0.7840529359746881 0
2094 0.811003818746198 -0.3570962158481065 0
2095 0.6570585133902859 -0.9156919718679792 0
2096 0.6081988475459075 0.1790016761785601 0
2097 -0.8693096004343192 0.5249306218878552 0
2098 0.03229601031993356 -0.06467793074767852 0
2099 -0.04391300331436965 -0.379281386900173 0
2100 0.6250867264234079 0.2701742263278919 0
2101 0.1490321447113984 0.5833614978877046 0
2102 -0.3980301203860406 -0.00342887128067468 0
2103 0.7751421763804816 -0.6411153695041056 0
2104 0.8105160539492067 0.3441233378929504 0
2105 -0.154946986339781 0.6289957377181788 0
2106 -0.2964280496639687 0.1575988273690153 0
2107 0.7511749750279614 -0.7666369181128431 0
2108 0.0298507462659644 -0.9673053520013765 0
2109 0.02065278544393977 -0.3870442166337321 0
2110 -0.4830748100940632 -0.1038280156838932 0
2111 0.9750639064756795 0.4782382963614964 0
2112 -0.1547377113797484 -0.8183894819720896 0
2113 0.7847830267965771 0.9117248376757326 0
2114 -0.456528640762854 -0.5556247970865713 0
2115 -0.3720614306454916 -0.9641593572486226 0
2116 -0.008037119973895925 -0.7265840413684114 0
2117 -0.8196842190296232 0.117185837245655 0
2118 -0.8636966021623681 0.1088202584662578 0
2119 0.1750702077552104 -0.9658768237674792 0
2120 -0.6917641480597637 0.8210717402533589 0
2121 -0.8606162856103537 0.7715513536631359 0
2122 -0.1184000957751312 -0.6077482908597505 0
2123 -0.5136035059073601 -0.1650288706474624 0
2124 0.3649088631529555 0.1005420953374003 0
2125 -0.9205472726283688 -0.159473413886877 0
2126 0.8683707624592034 0.6494583701802514 0
2127 -0.09909750087602212 -0.634610293146165 0
2128 -0.810148245988507 0.0675926868179216 0
2129 -0.4066656746338168 0.207778122056555 0
2130 0.003794740879205142 -0.608302732474487 0
2131 -0.767797461832407 -0.4310096308275315 0
2132 0.2700289083814049 0.3012546942678215 0
2133 -0.3493623303611219 -0.7296319619548922 0
2134 -0.4563695856093268 -0.1633955102241821 0
2135 -0.6671174908974208 -0.7160746605160515 0
2136 0.2532235142739637 -0.4033417158906556 0
2137 -0.8297525253978164 -0.1751735563412582 0
2138 0.3625310497587789 0.8869519670558863 0
2139 0.0136562472897053 -0.7785959454433968 0
2140 -0.4686201663427514 0.2232088105043349 0
2141 -0.7273855123404983 -0.3748734770170415 0
2142 0.8731298499260389 -0.751227596626361 0
2143 0.1110253791178525 0.4940993231313585 0
2144 0.1325669946401326 -0.03373491525501007 0
2145 -0.5105524817048331 0.06667482344276104 0
2146 -0.1311899445394789 -0.9646100699523459 0
2147 0.4414031403338699 -0.4117836551825725 0
2148 0.4388365684133076 -0.5218919002333517 0
2149 0.8785842348141276 -0.5132449096054387 0
2150 -0.6582801408172355 0.3730048502730474 0
2151 0.2854590043567871 0.7985115535089514 0
2152 -0.2214072420817818 0.2417929578272332 0
2153 -0.03005840738922561 -0.03263191755185185 0
2154 -0.3758127156462862 -0.5744208772550334 0
2155 0.9625281751053421 0.9162846046542223 0
2156 0.3652105013280817 0.2283498458438018 0
2157 0.7587402646160112 0.8089194018167919 0
2158 0.2900093081193424 -0.359700404315111 0
2159 -0.2204646719966664 -0.2972681523537374 0
2160 -0.6524526544699695 -0.384761805155732 0
2161 -0.7697869655000923 -0.6018061387096176 0
2162 0.637561450308195 0.6185474652236096 0
2163 -0.8427936771978231 0.2355770349225769 0
2164 -0.7253981161504862 0.2204295465583359 0
2165 -0.4356578126350575 -0.2268207649001576 0
2166 -0.7917963963782076 0.7794957547315201 0
2167 0.9637959127498044 -0.9133878124966834 0
2168 -0.4097829759207685 -0.6993742986571004 0
2169 -0.5727304451486062 0.7802377388708845 0
2170 -0.3567346732549241 0.1238644343931112 0
2171 -0.4431743307432323 0.3245771940381573 0
2172 -0.9669513587025405 -0.1526863801491921 0
2173 -0.4431003724013048 -0.87957426380707 0
2174 -0.816547768243255 0.5100237543246895 0
2175 0.06138994518832577 -0.9167065798498811 0
2176 -0.5068218737935665 0.9671731308906089 0
2177 0.1365944289059878 0.905888185178281 0
2178 0.1688015444996902 0.9115892801577492 0
2179 0.02967765898467501 0.7129862721577956 0
2180 -0.5499176125255044 0.6671324311977318 0
2181 -0.6078554716245679 -0.3464737134145982 0
2182 0.2266400118576297 0.4113941001514018 0
2183 -0.03006497428601195 0.9759057207317003 0
2184 -0.1932481917951705 -0.8072315449425499 0
2185 0.1239609409645537 0.8690507073073883 0
2186 -0.395607303206332 0.9168572951373941 0
2187 -0.8269250004372151 -0.565977509661967 0
2188 -0.2694327275418328 0.5860297839538434 0
2189 -0.05125049282692989 -0.7584136749952252 0
2190 0.1779930449155872 -0.9183123630246071 0
2191 0.006475987303517432 0.4838239122758777 0
2192 0.8863422332617814 -0.02328931944298536 0
2193 0.04141441398370594 0.3239959827375479 0
2194 0.9653040891729472 -0.964234376459071 0
2195 0.2414737394854691 0.127378302088071 0
2196 0.1897840173942054 0.002307481179587694 0
2197 0.1075890359489512 -0.1669445778674017 0
2198 0.5196897235719449 0.6440856898619105 0
2199 0.1003897310018495 0.619682897127255 0
2200 -0.1049248728913039 -0.9029397115344181 0
2201 0.8041766602282232 -0.5821309857870886 0
2202 0.9639873811146381 -0.5839436190516449 0
2203 0.7128102380884666 0.5356956536648166 0
2204 0.6813330115018763 -0.9668673571616908 0
2205 0.2412241196138146 0.3465565378467758 0
2206 -0.6491432201162086 0.8956680042684436 0
2207 0.91614732434596 -0.6963388602513648 0
2208 -0.4155696091737197 -0.464363770020686 0
2209 0.06796520986604254 0.2681673317335537 0
2210 0.02792619256782792 0.1228032583336893 0
2211 -0.1040307181991672 -0.6800458525311008 0
2212 0.7734880888903639 0.1905184356234756 0
2213 0.05288286677618012 -0.4143922393436351 0
2214 -0.3593757489541175 -0.3856557277709556 0
2215 0.5397008934442556 0.3123329810638592 0
2216 -0.8631356612463148 -0.7708905623562534 0
2217 0.8668446244842918 0.3147482756112976 0
2218 -0.3448015920410597 0.8046617170291266 0
2219 -0.7226449808950668 0.03142384731501334 0
2220 -0.5551105939207508 -0.3157200334398544 0
2221 -0.7217528184591788 0.8453952466749555 0
2222 0.9127202759804938 -0.3081379888895029 0
2223 -0.1516555319173917 -0.3268672724840866 0
2224 0.836291769956834 0.8825011822743269 0
2225 0.2732862231725165 -0.07673175174529288 0
2226 -0.05529947233998957 0.2409519178105127 0
2227 0.1492935261213717 -0.09791804113849663 0
2228 0.3941975220224568 0.780080853650978 0
2229 -0.9120809667008325 -0.8537370211082271 0
2230 -0.3549415586957695 -0.8960567777007696 0
2231 -0.3302331520919178 -0.9126323422445111 0
2232 -0.08426282277727208 -0.3385372935527521 0
2233 -0.7039118927250276 0.9652192464711226 0
2234 0.4442547778441886 0.149092675788155 0
2235 -0.5759364097678441 0.4988821165107487 0
2236 0.5091766324636384 0.9677742590468869 0
2237 -0.1067008980765911 -0.8561258609781072 0
2238 -0.8094595578028303 0.560377059903354 0
2239 -0.9176564403218741 0.971067093942767 0
2240 -0.4520390787419728 -0.1144169154582634 0
2241 0.5280900284484265 0.5842627044248293 0
2242 0.4192977461443748 -0.5932710685010343 0
2243 -0.5134213013959817 -0.526811207957025 0
2244 -0.9335174217170528 0.5641728012499325 0
2245 -0.2423263125565181 -0.4209203915023581 0
2246 -0.6977996307850097 -0.1558292134938451 0
2247 0.8037990819051311 -0.7538891402249506 0
2248 0.01305958256067462 0.2624789236862037 0
2249 -0.1411850901144969 -0.492599340070504 0
2250 -0.7103197449312458 -0.03410781814330761 0
2251 0.6842929826171402 0.8066128257508852 0
2252 0.06889484160020795 -0.01096595925297409 0
2253 -0.3460030149146739 0.9591329147675652 0
2254 -0.5842976706516084 -0.3133776803036642 0
2255 -0.2932328385889614 0.7701401531719672 0
2256 -0.4868206720734731 -0.5868417833359898 0
2257 0.09619310067063774 0.8100797222823928 0
2258 0.4960553774525692 0.3427528921871467 0
2259 -0.7626370872261825 0.1382577137044311 0
2260 0.3156672801323246 -0.5857605398854754 0
2261 0.3013836887804474 0.6055259429723675 0
2262 -0.07999627776726302 -0.4681248154149132 0
2263 -0.2812823537631394 -0.5846492452248948 0
2264 0.9186669729905349 0.4995401142932637 0
2265 0.9727093186492997 -0.3853164574565974 0
2266 0.8689609168612978 0.528088456511203 0
2267 0.482598112374888 0.2802424989701349 0
2268 -0.5293229797041514 0.4607332836932858 0
2269 -0.8333680538956032 -0.7200097227893044 0
2270 -0.5082411962235618 0.347475054284432 0
2271 0.6109724379362738 0.7250840211978309 0
2272 0.5444831869304569 0.817235123997536 0
2273 0.8231226652179604 -0.7916149696207482 0
2274 -0.7631737988587726 -0.2957460843244908 0
2275 -0.7083753358787741 0.3866854792693949 0
2276 0.8341090876801268 0.5914467386223943 0
2277 0.02267364694081137 0.4271382819718191 0
2278 0.3448930273243058 0.6325705570861773 0
2279 0.4457963606144738 -0.4736462138717565 0
2280 -0.05922424947627917 0.9170754692123402 0
2281 0.5404590658120726 -0.9235589343415999 0
2282 0.7365092215005238 -0.8292612075717273 0
2283 0.6293871386872201 0.6614406647393591 0
2284 -0.6222493432670142 -0.9212564540181941 0
2285 0.190812737751097 -0.4664643520672139 0
2286 0.6627204643385405 0.1689037576636169 0
2287 0.2461816261175991 0.7108460172221147 0
2288 -0.08893469310750116 -0.2117799215889453 0
2289 -0.9120661821683775 -0.04166257137811293 0
2290 0.9167259675033667 0.7418268094593329 0
2291 0.4525478922909778 0.3476900337913204 0
2292 -0.02676728941647822 0.8422774581070671 0
2293 -0.6065501925575771 0.2736979557092237 0
2294 0.4109277651375462 -0.7161978794000576 0
2295 -0.0168160321912071 0.3710640690454541 0
2296 0.38852052098718 -0.7442872045207587 0
2297 0.2835624827306851 0.5185176492436023 0
2298 0.959711217915301 0.2810252830700609 0
2299 -0.09233221137993711 0.7069236084334117 0
2300 0.8414984371909103 0.2769190753582233 0
2301 -0.5393748547968157 0.8629506254496828 0
2302 0.3883632509742299 -0.972759428331353 0
2303 -0.9685112167779858 0.2375504006650999 0
2304 -0.1491538243793519 -0.8494351492313454 0
2305 -0.6211450899873581 0.7314855332850024 0
2306 0.2837053461149067 0.9649212673983462 0
2307 0.8183011466956863 0.8500960180297519 0
2308 0.2020877029623658 -0.7272323588531744 0
2309 0.7317509035342491 -0.6400890374668257 0
2310 0.8395337285171629 -0.9698833743857795 0
2311 0.6507733889583898 0.5079726040777272 0
2312 0.5692627264679448 -0.8451098248891393 0
2313 -0.9128889284294741 0.250699422487311 0
2314 -0.02525031496339683 -0.1807646848856868 0
2315 -0.7115185014256784 -0.6377608680894358 0
2316 -0.2687677385948661 -0.525707847221523 0
2317 0.1493416254955368 0.2448710018809029 0
2318 0.9228815613063081 -0.370748594895575 0
2319 0.1227444234725754 0.2347849299303772 0
2320 0.2894295813539455 0.9223585843275068 0
2321 -0.8904648067214674 -0.9175636829524778 0
2322 -0.60468958783233 0.3292070781778402 0
2323 -0.7497289916888998 -0.1312031460553809 0
2324 0.1496020015944145 0.1393579095954631 0
2325 -0.9608499774196206 0.6074309640665758 0
2326 -0.8194651998860488 -0.2126598923640991 0
2327 -0.9057477865590396 -0.1275909479517822 0
2328 -0.2715266442167072 -0.8268856023636399 0
2329 0.6460744456603671 0.772754568494896 0
2330 0.8453534616609977 0.966713711968386 0
2331 0.8489911790816586 0.4746513869915725 0
2332 0.1382473867778928 0.3320578874473651 0
2333 -0.7129711494824532 0.09842617956704078 0
2334 0.05327393824952056 -0.5549232289199105 0
2335 -0.2818402956769133 -0.9655178823420754 0
2336 0.8108709662060367 0.5057707995664182 0
2337 -0.5864203151713557 0.3647505872006228 0
2338 0.6672736156467011 -0.7752500621367947 0
2339 -0.924235494926138 -0.5367073631575593 0
2340 0.844263457982608 -0.8534681077040529 0
2341 -0.7305942509202265 0.7353783350352592 0
2342 -0.6539826304925024 -0.6154273288841582 0
2343 -0.7938476041023849 -0.9648404072873615 0
2344 0.5703624817832033 -0.6393881900167948 0
2345 -0.05888160063071624 -0.5768352735348026 0
2346 -0.6461966636876499 -0.123425725814419 0
2347 0.1861302145291835 -0.2411424086395344 0
2348 0.3542582403859745 -0.8051110557698183 0
2349 0.5838146673422877 0.7641159219651824 0
2350 -0.3781896289617205 0.319426929526663 0
2351 -0.7366022259887843 0.7841354961446754 0
2352 -0.16607617627222 -0.4384620025074466 0
2353 -0.3750973716436412 0.4153241482211113 0
2354 -0.8061011968054022 -0.4624242634836118 0
2355 0.6091140692634563 0.9651167791468505 0
2356 0.03192281561297866 0.1560833440740073 0
2357 -0.3352747123015761 0.01195111770368454 0
2358 0.1575649738515092 0.4236936028405418 0
2359 -0.3730401629926827 0.5456319883848858 0
2360 -0.3042577068838293 0.3751070851280057 0
2361 -0.2519053776413435 0.5353790094990782 0
2362 0.2990394399631751 0.09250432679655005 0
2363 -0.5505563116496569 0.8360535481548702 0
2364 -0.240308237765704 0.7608691863716442 0
2365 -0.8631502348066724 -0.5151999703932727 0
2366 -0.9105427438158826 -0.5086732946483953 0
2367 0.4000142161198974 0.3505429267891131 0
2368 -0.09235238754752047 0.8187569999135808 0
2369 -0.971351736399987 -0.2995621538029629 0
2370 -0.830559441309125 -0.3046476522258428 0
2371 0.06766510509874973 -0.6012029918585369 0
2372 0.3835176791519598 -0.8473995733109361 0
2373 -0.2571983262242992 -0.9153612720250517 0
2374 -0.7524744340314571 0.8335866913206613 0
2375 0.8003672631894556 -0.4702239435336273 0
2376 -0.4991999796905969 -0.7579343000168538 0
2377 -0.1791010860556508 0.473949634346937 0
2378 0.3183804153369625 -0.8299524611037818 0
2379 -0.1770300965885589 0.9192275399748404 0
2380 -0.04956557796898987 -0.8790398127329805 0
2381 -0.5938869298322427 0.2099110238679401 0
2382 -0.4876256982039351 0.8443461485325747 0
2383 0.08209746561001646 0.3440300470418901 0
2384 -0.7146571243274091 0.1786595690150239 0
2385 0.6069202845283895 -0.8332637313089959 0
2386 -0.2845092550495867 -0.2840884204573704 0
2387 -0.7353935172393693 -0.9654712015606617 0
2388 0.3955672931477795 -0.9011906620897352 0
2389 0.02466465803791389 -0.03280285179936773 0
2390 0.09266656569804697 -0.108141607528509 0
2391 0.870601481219356 -0.3524472943451712 0
2392 -0.7472042446464378 -0.6380033193929321 0
2393 -0.9215709679249469 0.5187219719927372 0
2394 -0.4762778040280141 -0.9692151189233427 0
2395 -0.5229430879859275 -0.220796637117182 0
2396 -0.9677185802847639 0.7473407472030883 0
2397 -0.2270230840199774 0.4502281473396135 0
2398 0.2161014741760249 0.2566019022685325 0
2399 -0.7892473689154824 0.1946518400705543 0
2400 0.08911695642967478 0.1714591589580121 0
2401 -0.6871643445489473 -0.8313157977978238 0
2402 0.6994539160532154 -0.4243694985062419 0
2403 -0.896173434965097 -0.3710466184586481 0
2404 -0.9139428094993366 -0.3478506087557503 0
2405 -0.6961743994710834 -0.414454432129099 0
2406 -0.1165488622034484 -0.785888110080486 0
2407 0.7655113092718382 -0.807529527408526 0
2408 0.09214652699741718 0.06378699465050505 0
2409 -0.09723994831875751 -0.4026195630521044 0
2410 -0.2611847296731048 0.6988630895978849 0
2411 0.5837609304209441 0.3137597023096005 0
2412 0.1943234965187925 0.3685404454348887 0
2413 -0.03760078261381618 0.6400273235151916 0
2414 0.7101509775188575 0.4211878815304189 0
2415 0.1461927180041835 -0.2821840603428028 0
2416 0.7370927178276477 0.4796914448795901 0
2417 0.7813584204161542 -0.5304311960977758 0
2418 0.7086910464824133 0.2098246464667116 0
2419 0.3368758407803517 -0.4087417477022206 0
2420 0.6849064429269134 0.3622595426420404 0
2421 -0.9687627782283446 -0.7438666750984504 0
2422 0.5015225050745286 0.9243171772445213 0
2423 0.1913658366986334 0.3175386808361655 0
2424 0.09334691882015989 -0.7588270508528125 0
2425 -0.06548296498967378 0.7488857219275863 0
2426 -0.7064560646767705 -0.5887853457041705 0
2427 0.3704516926022384 0.4725895190223393 0
2428 0.2320608946804326 -0.07408062268438186 0
2429 -0.5210161617394924 0.9141841533145162 0
2430 0.4884178558839292 0.7004400431699092 0
2431 -0.1455787491518118 -0.2162917985480217 0
2432 -0.7513061959324605 0.9216687202130032 0
2433 -0.4230956929509928 -0.8055860667541499 0
2434 0.8682673281592665 -0.4615656923559107 0
2435 0.3648554014936056 -0.9172856000795035 0
2436 0.9189426766155212 0.02082057082120645 0
2437 -0.3148483729885375 0.3296079756665462 0
2438 0.5446148793104137 -0.9675097221684977 0
2439 0.7422460778400767 0.634645641519332 0
2440 0.3576939901633504 -0.6862391072439359 0
2441 -0.5105452375146242 -0.1242957799373148 0
2442 0.9668556743471093 -0.81721578313944 0
2443 0.4097766677156987 -0.5336179135657999 0
2444 -0.7610402083839977 -0.7065928130415037 0
2445 0.2907576349963955 -0.5432401215080775 0
2446 -0.06370081307698573 -0.6952242777973618 0
2447 -0.09491124993269365 0.458189860077197 0
2448 0.4623911734686278 0.395364461380916 0
2449 -0.3253906950681859 -0.8458445242509978 0
2450 0.9746403575901117 -0.2053817627564413 0
2451 -0.01163764222793506 -0.4353375540916947 0
2452 0.6264954095460712 -0.6668967237482339 0
2453 -0.05266468724150528 0.5477537281689742 0
2454 -0.5683954998527682 0.03311538258939563 0
2455 0.004000908688544212 0.6690408750871635 0
2456 -0.3140876221728153 0.8549123457990988 0
2457 0.3480694634268425 -0.5363926275854577 0
2458 -0.2570113099607891 0.4153733829496036 0
2459 -0.8689461044754951 0.3534973182316337 0
2460 -0.4958659702105289 -0.9063219028409312 0
2461 -0.1308465411412879 0.7290289791431186 0
2462 0.5059891122033815 -0.8188466845038734 0
2463 -0.3413810791644213 0.8750505188172465 0
2464 -0.545191375798149 -0.4516802526582382 0
2465 -0.6151025559674438 -0.5120852360883075 0
2466 -0.1702700663676336 -0.1587522916782549 0
2467 0.2339822726776642 0.6583815468821533 0
2468 0.5272230514383478 0.4315346723183345 0
2469 -0.9684821059774054 0.3568586831185335 0
2470 -0.2037161218412678 -0.6645446650302393 0
2471 0.1133946421720528 -0.5626527764357289 0
2472 -0.9714625400171448 0.2973069684745621 0
2473 0.3999914494888809 0.1282100709773723 0
2474 0.1414529841512876 0.1782570103019106 0
2475 0.6731668892173093 -0.5465319003976057 0
2476 -0.5799600949350576 0.7210694166884222 0
2477 0.5761751009841022 0.6507518386982342 0
2478 -0.5148942325707766 -0.9678485187261694 0
2479 -0.5744256137705956 -0.8373793521535391 0
2480 0.7748027599003469 -0.6959286109816638 0
2481 -0.3601622547362003 -0.1150019132951376 0
2482 -0.5779292112613663 0.6777913656131763 0
2483 0.5098207739044045 -0.4427683404820443 0
2484 0.02520109869909432 -0.1834744432656508 0
2485 -0.7798620628046476 0.004157926895503687 0
2486 -0.4432683235531141 0.2007336287893393 0
2487 -0.1590711319508537 0.8130898214005111 0
2488 0.4273639299745082 0.2368079113275235 0
2489 0.9643875658566146 0.5475429467420955 0
2490 -0.1468459044002668 0.4208940888881533 0
2491 0.9709644672177635 -0.5338093339205381 0
2492 -0.1559845928365131 0.3255353495876352 0
2493 -0.1542992733682752 0.3637254132908236 0
2494 0.7299539073891936 -0.5746691743792161 0
2495 0.7423074539158385 -0.8617252453289274 0
2496 0.7779860720799974 -0.873656005885487 0
2497 0.1265719502588396 -0.9152457037546543 0
2498 -0.5813531366763846 -0.6977564336745052 0
2499 -0.02406939572843346 0.111210843404327 0
2500 0.5743226038558135 0.4598481662980113 0
2501 -0.7707080749900155 -0.2147300767702991 0
2502 -0.857184852813162 -0.1298613722842518 0
2503 -0.2999832310456201 -0.5211074420837474 0
2504 -0.813896318787639 0.6695274679180241 0
2505 -0.4799224080925019 -0.0712062194911789 0
2506 0.5681875383943062 -0.7198293431804341 0
2507 -0.720420013163463 0.5149445080907076 0
2508 -0.3390225981353385 0.9105238759860242 0
2509 0.5066562035931292 0.7507500575875478 0
2510 0.9716424824858464 -0.4804033801658205 0
2511 -0.9711447004531035 -0.1198879356390094 0
2512 0.897829252898528 -0.08344247603245263 0
2513 0.1204021981584467 0.7869328549886617 0
2514 -0.09596104697817653 -0.9684513381187556 0
2515 0.787230380826728 0.7024113681248859 0
2516 0.4865961281922905 -0.6917268938480339 0
2517 -0.8585910370400187 -0.5475840874585721 0
2518 -0.6605646039267431 -0.2492243522555636 0
2519 0.8983691384865843 -0.1968191701445122 0
2520 0.9287939117782057 -0.9126673570685534 0
2521 0.7424178743263606 -0.926910343258576 0
2522 0.4012278444860102 0.4069109977700632 0
2523 -0.307382347655762 0.9170442378491704 0
2524 0.391413650214907 -0.6862240505288375 0
2525 -0.7376192937168776 0.614632366311387 0
2526 -0.126803788155919 -0.3056002882208407 0
2527 -0.01271004156804783 0.782463607410862 0
2528 0.8235280372424044 0.08094444947898445 0
2529 0.6351950451099825 0.4429727161111972 0
2530 -0.8025129937959671 0.2737606288358589 0
2531 -0.7815898320211476 0.8636815282439982 0
2532 -0.708904449996359 -0.5301564621697465 0
2533 0.3003515636706208 -0.9197520094988898 0
2534 0.3485866502918096 0.66403266561173 0
2535 0.3349910300032566 -0.6475688655431582 0
2536 0.8577098885828434 0.769317446185197 0
2537 -0.693768804394113 -0.7808393777388619 0
2538 -0.6690006065059588 0.4846999146460195 0
2539 -0.5826904562535766 -0.6127288803360242 0
2540 0.867404196281078 -0.5813953983128691 0
2541 -0.6066069969994899 0.7852793325622519 0
2542 0.6911552411639161 -0.4793629678066781 0
2543 0.2479587912823047 -0.2284722890130477 0
2544 0.5509254606360598 0.9149396703305088 0
2545 0.9675573108217388 -0.07732801772153236 0
2546 0.1587581305080938 0.966220188821344 0
2547 0.1998314194871477 0.7428546965416103 0
2548 -0.4644453652114637 0.7799931581347304 0
2549 -0.9146435072645203 -0.2775080554638982 0
2550 0.3400126333991645 0.1160908807784661 0
2551 0.1229947608871533 0.4378041838373848 0
2552 -0.1185012444104876 0.04187681039010256 0
2553 -0.6917385570385507 0.07311470914706665 0
2554 -0.7832925271933093 -0.4028453764091636 0
2555 -0.6178172814718832 -0.1581992715336522 0
2556 -0.1491453961821385 0.9707495532490404 0
2557 0.8765579660347745 0.83906473310872 0
2558 -0.3489366405326213 -0.2082933641659268 0
2559 -0.6434133580650011 -0.7582926998372865 0
2560 -0.3630545378236079 -0.6014039385819209 0
2561 0.2786537942284146 0.254893146962901 0
2562 0.7910778389035442 -0.8227852327448966 0
2563 -0.9727477930019173 -0.8021392478252558 0
2564 0.3262725340050343 -0.9721365996549454 0
2565 0.137394201395528 -0.1924638540826976 0
2566 0.9339362028889823 -0.5874817591689416 0
2567 -0.3385346583905414 -0.9679767004096971 0
2568 0.1997701707288113 -0.4050029196120964 0
2569 -0.1001452286222859 -0.7427169326126655 0
2570 -0.3600832852083186 0.3812854219112912 0
2571 -0.1689657298462011 0.2390393899723296 0
2572 0.3429341995624145 -0.4998175292381745 0
2573 0.7229451927993698 -0.6724554745399925 0
2574 -0.1788073296446102 -0.1039410824707761 0
2575 -0.7247502259230948 0.5501429960672932 0
2576 -0.5415321620728217 -0.5704883285279665 0
2577 -0.1786313439553087 -0.5926184749867645 0
2578 0.3733001386273616 -0.5817686194088832 0
2579 -0.4891113319633357 -0.3648701925899893 0
2580 -0.5647991703549848 -0.2562819498009776 0
2581 -0.645726976032035 -0.8629329278525489 0
2582 0.4941423626728182 -0.5655968514682093 0
2583 0.7869982697771617 0.3213521957258445 0
2584 -0.02664862742120877 0.010955545895627 0
2585 0.3416292042639443 0.2026711895280157 0
2586 0.8383712020268643 -0.534709207467808 0
2587 0.9223604394957381 0.8829783832992865 0
2588 0.3465496554794574 -0.3407242432012677 0
2589 -0.6339251015469688 -0.8071749477082559 0
2590 -0.7764287717531686 -0.915480361325662 0
2591 -0.02382630952104646 0.4997883235575405 0
2592 -0.7046153477630059 -0.7336316037521207 0
2593 -0.2585861734267708 -0.5568974951600405 0
2594 -0.5771004590504986 -0.04967669733309425 0
2595 -0.3650250992689865 -0.3115658735907526 0
2596 0.3304430422129124 0.2690173033287567 0
2597 -0.7508571266345189 -0.7580340385328609 0
2598 -0.9075687333566079 0.7235524431505854 0
2599 -0.02203387363457263 0.2073257370700919 0
2600 0.8622654479666498 0.1174682904730001 0
2601 0.2350754612109667 -0.7932243185288343 0
2602 -0.785591257425116 -0.8260227561328658 0
2603 -0.6202011465284564 0.4954177219197082 0
2604 0.07476213737895543 -0.1703328788025867 0
2605 -0.371200762780394 0.8229496839995372 0
2606 0.802053546947879 0.6015207693019423 0
2607 -0.3214068972805099 0.6737751398238599 0
2608 0.31050589708563 0.2130407755982873 0
2609 0.9661725486364164 0.1032356568690333 0
2610 -0.00394712846569911 0.4350184417139484 0
2611 -0.02803351026802299 0.07543514246363807 0
2612 0.6983632150326565 0.9683126672032838 0
2613 0.5190078904093847 0.476182325693836 0
2614 0.928779501348848 -0.750036578430422 0
2615 0.410470626223097 0.4373210053647547 0
2616 -0.6929276953250429 0.5651803772647133 0
2617 0.09859217846520674 -0.2645584846614221 0
2618 -0.565376520032684 0.9708616392605376 0
2619 -0.3089201581262201 -0.5738625807738145 0
2620 0.7051023769879352 0.5921313193712718 0
2621 0.1584850966602188 -0.4461673494318486 0
2622 -0.9658305187654845 -0.5272920481433557 0
2623 -0.4635201166126381 0.4436954675502935 0
2624 0.08527909127725763 0.7009303709386254 0
2625 0.4187048812419214 -0.6284021684243274 0
2626 -0.05845148508475993 0.05808533820521308 0
2627 -0.5505271769320698 0.3060870470615059 0
2628 -0.09974301022327599 0.3270199172824563 0
2629 0.8988423981777452 -0.9281279218143288 0
2630 0.101296432485864 0.2865006726472134 0
2631 0.4293400030664586 0.7241574723347297 0
2632 -0.6071645413076164 -0.753165173151086 0
2633 -0.7017302785548631 0.7925469475981548 0
2634 -0.5773708902709956 -0.5216249139233003 0
2635 0.08946347179340333 -0.7038566077043821 0
2636 -0.3662512618048111 0.2569741545324505 0
2637 -0.5031748118855737 0.4143639105435587 0
2638 -0.8082135321977122 0.8091130677526027 0
2639 0.1955235223545893 -0.4965283648785025 0
2640 0.5449514981034952 0.9690195928236459 0
2641 -0.9230332522314278 0.6363001967875607 0
2642 0.749191563390705 0.9699755279322222 0
2643 -0.3309547163933174 -0.1567306801142594 0
2644 0.12884554787445 0.5354869917812398 0
2645 0.8363191145757802 0.7423616805303881 0
2646 0.848621326645823 0.7140621906438355 0
2647 0.8483566474260824 -0.9167124006350651 0
2648 -0.1696221193438982 0.8714806373837426 0
2649 -0.8628776708058894 -0.611906462794392 0
2650 -0.06509850323146221 -0.4070368524406685 0
2651 -0.3905468426763007 -0.8407023666802231 0
2652 0.2687584536897886 -0.8620344684624965 0
2653 -0.8810306249329738 0.9244737385369564 0
2654 -0.8697718243240228 -0.969877231214801 0
2655 0.9720157779903036 -0.7164179104485491 0
2656 0.153053844580514 0.6581042466539118 0
2657 0.6527167598311086 0.9186980570857133 0
2658 -0.1822127596478036 -0.9727665114842321 0
2659 -0.7562833878822505 -0.4909777784514924 0
2660 0.4522721994902717 0.561378469753923 0
2661 -0.6542441945419952 0.4234013098873577 0
2662 -0.4128154843098385 0.3635003687316324 0
2663 -0.9193141607948616 0.3180757138890514 0
2664 -0.1878993346764374 0.5266941834392531 0
2665 0.208087448124161 -0.2621690804305752 0
2666 0.8810362441446945 0.06706336958340395 0
2667 0.4310395007787742 0.2959235350950462 0
2668 -0.5887574623525071 0.3056131640289981 0
2669 -0.785126725417498 -0.3135955629930083 0
2670 0.09049798488124186 0.5633272583857364 0
2671 -0.1012446339043557 -0.01337429243198968 0
2672 0.2964485922646313 -0.7774011038041746 0
2673 -0.2580624361943264 -0.6669599478863096 0
2674 -0.8083131267097154 -0.7737447655247482 0
2675 0.1409208404549192 -0.9694827355678814 0
2676 -0.6658166661377273 0.1326498824542374 0
2677 -0.2537867321620505 0.651818312049488 0
2678 0.1215533475305834 -0.8520226165538467 0
2679 0.7195419459889444 -0.7641193250159584 0
2680 0.3128626702041353 -0.704186752032383 0
2681 -0.3447599939723622 0.5264868798836705 0
2682 0.5328191075691125 0.216562250485594 0
2683 -0.2175765470628555 -0.4995253015292503 0
2684 0.6774661018979303 0.4842954961808568 0
2685 0.1999960917362141 -0.2964160882369606 0
2686 0.8935157481448333 0.3074368057667363 0
2687 -0.3897607316007243 0.1804317384071447 0
2688 0.3531621076241447 0.7375171573165953 0
2689 -0.2267953773863178 -0.5595730131685521 0
2690 -0.3096506918792857 0.5637477589572677 0
2691 -0.3509618855324922 -0.5496783194035666 0
2692 -0.7890801920332429 0.6027473171732464 0
2693 -0.7604962600651713 0.4643678169480608 0
2694 0.7363978838844321 0.318719927601658 0
2695 -0.6631930085874282 -0.4834161465369247 0
2696 0.3674029012950172 0.5842146567163609 0
2697 -0.8590777490236439 -0.1725750497357801 0
2698 -0.5772885463599955 0.1146788104849016 0
2699 -0.6145966959517676 0.124266318196931 0
2700 -0.4498588997367065 -0.6434918597356626 0
2701 0.3110774622582267 0.8386515570518013 0
2702 -0.03515191673833028 -0.7314807339648561 0
2703 -0.0626272730706311 -0.1293657364809642 0
2704 0.4999955971879687 0.5657145032125372 0
2705 -0.7284073645199556 -0.6975317412343169 0
2706 0.2853875621604836 -0.4209644751530026 0
2707 0.9264980368364635 0.08442310481810471 0
2708 0.4956210521184055 -0.4681695021166643 0
2709 -0.9210545755092931 -0.6247142616740364 0
2710 0.1457130584497617 -0.7538489078940163 0
2711 0.03169050409400636 0.5329471977817677 0
2712 -0.3765110017873486 -0.7286499142533152 0
2713 -0.0854845267966786 0.411764151146515 0
2714 -0.2945834866934847 0.5062343442273481 0
2715 -0.2439878513193046 0.4737935556391029 0
2716 -0.8612243781727581 -0.723864315846349 0
2717 -0.9712658467915697 -0.3557031380649897 0
2718 0.8225496023762016 0.1878158695631675 0
2719 0.8292048197783776 0.2160909310552339 0
2720 -0.6141792289057407 0.06424399071288499 0
2721 0.1033246096569258 -0.2339714068415122 0
2722 0.4514350963998817 0.7428164900504926 0
2723 0.08178984912304829 0.4978568521180275 0
2724 -0.4674498320674614 -0.5320896347235121 0
2725 0.4429288123372331 0.6885722696188366 0
2726 -0.8702978524714259 0.4719325731002929 0
2727 0.9692528361560134 -0.3329387054740149 0
2728 0.9680757411725394 0.7244347235262654 0
2729 -0.1011530712325616 0.6775564688817781 0
2730 0.3829013878786374 0.1628261797219537 0
2731 -0.4714787943456971 0.03468388089551212 0
2732 0.07645839952924383 0.2186595122809453 0
2733 0.1640572846508176 -0.5973855808008327 0
2734 -0.2486962600159504 -0.5010407980745453 0
2735 -0.2966367751857729 -0.1983283992877731 0
2736 -0.869644339091629 0.07739484042645883 0
2737 -0.1507037905902839 -0.3872723498439593 0
2738 -0.6574493304805975 0.3045907209223097 0
2739 -0.08089479990662665 -0.9219867910801482 0
2740 -0.8703762898583622 0.6104891314959908 0
2741 0.2759704708039413 0.1394567987033414 0
2742 0.8600408920882009 -0.7156124163269759 0
2743 0.2455193325741659 0.6015280544756179 0
2744 -0.05133929959236806 -0.4419024841896875 0
2745 -0.2168384225546161 -0.1488280038363102 0
2746 0.7184215163831378 -0.525816610244203 0
2747 0.1068340361020246 -0.6769741143656043 0
2748 0.2482746253622898 0.7599933021735354 0
2749 0.648343160262046 0.2870783876699846 0
2750 -0.7283765001633316 0.3571209498282457 0
2751 0.9718964206005006 0.5960197718294845 0
2752 -0.5964850140275306 -0.895655401388024 0
2753 -0.1576728164996442 0.896916553338826 0
2754 0.2697667214067132 -0.9737003906178688 0
2755 -0.1743681970362829 -0.9144690527948154 0
2756 -0.8932722504522618 0.2253768039176708 0
2757 0.3937982261045118 -0.4343014310704231 0
2758 -0.2735205139947139 -0.1798404108021776 0
2759 -0.3801241747009803 -0.4171742130535514 0
2760 -0.03600355218386338 -0.4930122987919704 0
2761 -0.3770516526253067 -0.669325027859191 0
2762 -0.115921273994088 0.9320722037338695 0
2763 0.8613612017738153 -0.40585376192321 0
2764 0.07893348484697733 -0.2154240922523759 0
2765 -0.2838025746850006 -0.6392659050181326 0
2766 0.26706006778605 0.8626037009198675 0
2767 0.4879992083836029 0.4868661815138082 0
2768 0.3659371485806668 0.8396905004434712 0
2769 -0.9688409623431253 0.7963102108628179 0
2770 -0.07833388064014132 -0.8412736986615871 0
2771 0.2973379633894229 -0.5064848390465062 0
2772 0.08010944613457827 -0.3643632665103689 0
2773 0.06004804385516885 -0.1167543775106383 0
2774 0.001683545221047755 -0.3383850275328769 0
2775 -0.4656567341267733 -0.9346361936627431 0
2776 -0.1433086328418174 0.8461685145508162 0
2777 -0.9709331259196656 0.4187073445963486 0
2778 0.4991100803799515 -0.5143128638237221 0
2779 0.1769795080385871 -0.8162913587117205 0
2780 0.6773213418385255 -0.8324826903724603 0
2781 -0.7107853227780525 -0.22184847422075 0
2782 0.2563528143844466 -0.2802442969648506 0
2783 -0.8450540544863441 0.6597670927823206 0
2784 -0.9726407160428149 -0.2080464442462077 0
2785 -0.07812571139786366 -0.1631545359685345 0
2786 -0.3338074159833468 0.7483612005436237 0
2787 -0.5305507288519994 0.09177128641401572 0
2788 0.7501567809519446 0.9268321249829321 0
2789 -0.4664163676458671 -0.8508195259005149 0
2790 -0.970988934449318 -0.7120610004840309 0
2791 0.07007811258479604 0.4384823474520407 0
2792 -0.6514130709286852 -0.3197189076069953 0
2793 0.2178133988500345 -0.3557041995507623 0
2794 -0.9233135844777139 0.8415593303750144 0
2795 -0.9693867152915752 0.04083861973446638 0
2796 0.9715283866934024 0.7755346833981929 0
2797 -0.7013217367129897 0.3182844970383307 0
2798 -0.04581624085484684 -0.5246627896741927 0
2799 0.2246050435283879 -0.6346916904169939 0
2800 0.1978173520879746 0.6076251284191494 0
2801 0.3993722056420381 0.6676091455302509 0
2802 -0.9730124808824855 -0.8656716417906721 0
2803 0.1064920602259833 0.9199359730942037 0
2804 0.06117618277427211 -0.7052222881584159 0
2805 0.2866820052140439 0.1919757470705353 0
2806 -0.4429964770284016 -0.02516934540241871 0
2807 -0.2761044574341692 0.4770253831420843 0
2808 -0.8348858247916755 -0.9302871249037945 0
2809 0.2659378525481093 0.03495538278955615 0
2810 -0.2982310310500718 -0.7001353428234549 0
2811 0.01080745438732179 -0.4995597516350865 0
2812 -0.2130552888375743 -0.09098049655430053 0
2813 -0.6781857521835652 -0.2780006288280739 0
2814 -0.1354532277867107 0.6030194535728834 0
2815 0.6019324516525969 0.9344768997211316 0
2816 0.09893091430532738 -0.5158685721359093 0
2817 -0.5125170475031828 0.5329643561044052 0
2818 0.6720744188893435 0.6794653645569636 0
2819 -0.5406936803731682 -0.07887284106458212 0
2820 -0.1261682732963166 0.5512684893490589 0
2821 0.1720690210156447 0.7440760746453213 0
2822 0.5352151600415803 0.6165971130574049 0
2823 0.6216521048637814 -0.5757824727771482 0
2824 -0.1558373081715422 0.7007997501032102 0
2825 -0.8618573153199374 0.7176625270155526 0
2826 0.7761750678512329 0.2238182129849139 0
2827 -0.4475478901956847 -0.7567573011676655 0
2828 -0.2106001417139466 -0.835674763389517 0
2829 0.7047191077144941 -0.8160369013789972 0
2830 0.04720011263739916 -0.2276325231662788 0
2831 -0.06416691699602345 0.8051334290621678 0
2832 -0.5027562199124851 0.4815609321299616 0
2833 -0.8319952247245874 0.05010496118666569 0
2834 0.7572909592991908 0.2730171204310036 0
2835 -0.2075237089442433 0.6651551896272176 0
2836 0.6271900316891977 0.8600944257703671 0
2837 0.3241525330058015 0.1539881400620662 0
2838 0.2573243061642504 -0.8887965492249159 0
2839 0.8847289647731613 0.4211750055236694 0
2840 -0.702693750430066 -0.9673097090142621 0
2841 0.9731439234385233 0.1822188790746058 0
2842 0.7536364607891702 -0.9664605400168101 0
2843 0.7303170427142902 -0.4074991426050731 0
2844 -0.9245557886565002 0.6936442100820071 0
2845 -0.6744468431793923 -0.02245044332462477 0
2846 -0.5272920815678881 0.7228890816842983 0
2847 -0.3422603455369151 0.1556002705316756 0
2848 0.207261520514608 0.8020585058686138 0
2849 0.5497447737133593 -0.479316595815122 0
2850 0.4665136627103767 0.4335774201927416 0
2851 -0.9713409825270511 0.09178495416193454 0
2852 0.06719932286982827 0.6558857536389812 0
2853 -0.8461758035475289 -0.09892512456284044 0
2854 0.9325481681167862 0.5432959953695273 0
2855 -0.3366537895476043 0.4557522753069537 0
2856 -0.005408893391838998 -0.4021563882403706 0
2857 -0.08712310636352466 0.2937527704837633 0
2858 0.05583803653779008 -0.7531543301692942 0
2859 -0.3175477938807865 -0.3360365592029904 0
2860 -0.1199572140394236 0.07529964225639826 0
2861 -0.4269950898940876 0.3031395234082547 0
2862 0.9732336491793447 -0.1447302151925985 0
2863 -0.4731282141224882 -0.6941926157932077 0
2864 0.5148808558591152 -0.8624180850191215 0
2865 0.3616371568501682 0.3523420636846415 0
2866 -0.1744872786875418 -0.1949026587133325 0
2867 0.6774387694308157 -0.6300763630579176 0
2868 -0.08034038509371794 0.5068787546136843 0
2869 -0.1935622278569853 0.7251640719716516 0
2870 -0.9252967737071218 -0.9751003318598752 0
2871 0.2886407445431354 -0.8097958222321615 0
2872 -0.7472725614102663 -0.3537414588586526 0
2873 -0.7437223118203375 0.000890248253847083 0
2874 -0.2087105638937891 -0.3977767983296285 0
2875 -0.5497151074201557 -0.3662523979246092 0
2876 0.4802017630365759 0.5175048862525682 0
2877 -0.1795293745374801 0.753247435964986 0
2878 -0.8368407732563924 0.3969917124781565 0
2879 -0.2356589668006329 -0.9724723132105961 0
2880 -0.1953276743907766 0.4495268760943378 0
2881 -0.6260843401898528 0.5249943116528877 0
2882 0.8861127262293906 -0.6910818295807605 0
2883 0.3413954396764133 0.3098364491635315 0
2884 0.3248575948460621 -0.2970006963838572 0
2885 0.7518201094110661 0.2430188897624311 0
2886 0.7260954892584093 0.1509632006631124 0
2887 0.6502197413404662 -0.5911401425361004 0
2888 0.5698917631466783 -0.5799867883191522 0
2889 -0.4211919070975126 0.1077650202470867 0
2890 0.1000816929332476 -0.4565160269116879 0
2891 -0.9705488953536735 0.7115317202390312 0
2892 -0.1559597125439398 -0.5543076293547475 0
2893 0.03217069302249673 -0.8058104782673093 0
2894 -0.9731054737890831 0.8657613964561763 0
2895 -0.924375325341523 -0.1024145916165514 0
2896 -0.10766041245212 -0.06820574094691187 0
2897 -0.3131875004108529 0.7048144915701615 0
2898 -0.669441176151497 0.2175453128300155 0
2899 0.9294686454813668 -0.9709418851634029 0
2900 0.7249222653593276 0.7077276602590206 0
2901 0.5908776626979688 0.3478813143191257 0
2902 -0.2051042081291569 0.9734946123886221 0
2903 -0.5964266704313774 0.8411044296414268 0
2904 -0.5114311022157072 -0.4908932276691406 0
2905 0.4824111471843461 0.7318510090091725 0
2906 0.5329243508048984 0.5239542232931049 0
2907 0.2117835775511066 0.715045504342977 0
2908 0.1985127054752782 0.6380122440423465 0
2909 0.8644222836005931 0.1644141741289313 0
2910 -0.0728226796354369 0.116167932655895 0
2911 -0.9727805726361419 -0.4459869496298721 0
2912 0.5104339404073074 0.1695652111478844 0
2913 -0.8440464693964579 0.507869330786478 0
2914 0.5061193494447032 -0.9180445477640337 0
2915 -0.672758256525916 -0.1761396333344994 0
2916 -0.250651707428826 -0.02422055762139615 0
2917 -0.9700820294719505 -0.496626463781668 0
2918 -0.8992385545477737 0.02517336138188603 0
2919 -0.04195849037043557 -0.9681066289285105 0
2920 0.6291416480860543 0.3888532302150838 0
2921 0.614028865716058 0.4145079687085521 0
2922 -0.3629345900255282 -0.5156553733830856 0
2923 0.5451634784006303 0.8526132938963782 0
2924 -0.2728015061988942 -0.8848748885843216 0
2925 0.3047212079802549 0.2460327497996538 0
2926 -0.05663611087219303 0.02178691537419824 0
2927 -0.7116025445849821 -0.3172905267208627 0
2928 0.1163151429535452 -0.3195107225650847 0
2929 -0.8449054229834293 -0.6650034619718437 0
2930 -0.7119873356928584 0.6643887087221114 0
2931 0.1088768724536285 0.7563900439611959 0
2932 -0.8355727725648073 0.3145834086343926 0
2933 0.5875788311516275 0.5107342154627843 0
2934 -0.02604781690223851 0.9027769333098219 0
2935 -0.3153427434589361 0.9664756141268694 0
2936 -0.6980485259917538 0.2657666514544874 0
2937 -0.162530879702253 0.1169416679928757 0
2938 -0.02813363934106018 0.5284878746327125 0
2939 0.7724239119444576 0.6422466605895228 0
2940 0.2317953739053422 0.9302475333829785 0
2941 0.3470475231173989 -0.5984311973985352 0
2942 0.06153516920972451 0.7191069468498061 0
2943 0.8344971622984823 0.4480871412996073 0
2944 0.8791788646592227 0.208978560817688 0
2945 0.1594591007588655 -0.8690555861211978 0
2946 -0.570645809683051 -0.4677470229220954 0
2947 -0.1512862989170652 -0.009201291818392795 0
2948 0.9260010131044648 0.6806087684023127 0
2949 0.01776921398480328 -0.3045388716692253 0
2950 0.3316614016293278 0.97506322574719 0
2951 -0.839896309488428 0.8847342981642856 0
2952 -0.732879389388037 0.9666358621657283 0
2953 0.719354355557603 -0.4662655915911672 0
2954 0.2404324063897039 -0.02103959537434371 0
2955 -0.3759499790287897 -0.7822684004806048 0
2956 0.609378311120457 -0.6993838150539542 0
2957 0.6291615972559639 -0.7294786731818697 0
2958 0.7067701107930523 -0.7332905047265662 0
2959 0.663833417385545 0.3926003351590566 0
2960 -0.4579429789827698 -0.5028300115292866 0
2961 0.6183383448913533 -0.544375851036539 0
2962 0.370412918859265 0.2572765337553652 0
2963 0.4898436764152925 0.6544089811605031 0
2964 -0.8707764394953572 -0.07694892542533409 0
2965 0.02088551381257204 0.8850328438452572 0
2966 -0.08372084594048701 0.2272683555470943 0
2967 0.8503936323857748 -0.297778639649084 0
2968 0.7483210229613799 0.7776960939327779 0
2969 0.1326409616924958 -0.2248929173627547 0
2970 0.07275530332426261 -0.2779371828651874 0
2971 -0.2222410559650552 -0.6410603533455936 0
2972 -0.3631172924385389 0.5788314355767072 0
2973 0.7978234520070744 -0.6507371222910234 0
2974 -0.9179559352968949 -0.7833883694308332 0
2975 0.9364214133360131 -0.5278235789292998 0
2976 0.2758053872328192 -0.1223438535801459 0
2977 -0.4744885060751957 -0.3158672281980748 0
2978 0.3463183647514446 0.792551806917887 0
2979 0.1547010334914456 -0.9019095657967846 0
2980 -0.6558650903109372 -0.05620092979578254 0
2981 0.3149385184095801 -0.3823321909442517 0
2982 -0.6217398823736128 0.590481449780823 0
2983 0.2977891825582182 -0.2521442146722646 0
2984 -0.003614910465133211 -0.8423436681563787 0
2985 -0.6573788154573587 -0.8332896850659298 0
2986 -0.9282651930797959 -0.6934303801133792 0
2987 -0.7538502887494137 0.2385612913200183 0
2988 -0.7258102101015524 -0.2505040215592639 0
2989 0.0007955389194276203 -0.9748569225765713 0
2990 0.6845145312653386 0.3103975928823207 0
2991 0.3200429246786931 -0.5543364676310855 0
2992 0.4191633863525941 -0.9752677500817967 0
2993 -0.2064643260763604 0.8334474962048134 0
2994 -0.9401914938297399 0.293677567531881 0
2995 -0.3822287148370966 -0.2501130481092019 0
2996 0.8094179951761531 0.5370968649471345 0
2997 0.7040625127151561 -0.6191629203747736 0
2998 0.08022756961546641 0.8710399603318898 0
2999 0.9330583059296932 -0.338775506358714 0
3000 -0.9387826268248867 -0.3013277078033818 0
3001 -0.8063031711915656 -0.5144371789155092 0
3002 -0.5002115302469518 -0.8689070687247527 0
3003 -0.277211579934156 0.818752549775581 0
3004 0.2375396404264247 -0.2571394411148601 0
3005 -0.2070374752765904 -0.6929877604872702 0
3006 -0.4730798813116203 -0.01381057415832157 0
3007 -0.684835350808853 -0.9296598807021517 0
3008 -0.8267639849343917 -0.4389282748258131 0
3009 0.1657613524719847 -0.3315969770749904 0
3010 -0.3812735452175645 -0.03002805115512066 0
3011 -0.5522100145206074 -0.8844713695047377 0
3012 0.7145390141059169 0.3702750070795534 0
3013 -0.4387541422327548 -0.05971172426388407 0
3014 0.9744419793500783 0.8680365369323032 0
3015 0.241907214158403 0.3145066196294186 0
3016 0.178357466431792 -0.08634560641485974 0
3017 0.06236272032257563 -0.4794071151464049 0
3018 -0.4096407655572239 -0.5451827875778166 0
3019 -0.4227399739711439 -0.9731054857891497 0
3020 -0.6258951955884969 -0.4417240076531911 0
3021 -0.6158744067945165 -0.01375404952428574 0
3022 0.9366719716977674 -0.4882579035283025 0
3023 -0.9189176941220386 -0.1947097552061697 0
3024 -0.5458094553611316 0.3962033242488399 0
3025 -0.5625040072812 0.4251478401769846 0
3026 -0.2749339834381655 -0.01154794690486603 0
3027 0.6005410069341166 0.8085792661286011 0
3028 -0.8253797025624056 0.1619090963392796 0
3029 -0.1684795844996793 -0.05669620505653939 0
3030 0.2347136541791039 -0.450792678668091 0
3031 -0.5055115626231844 -0.6559598780021568 0
3032 0.2796979167224136 -0.1722422788518187 0
3033 -0.2210582433973451 0.2062156719076175 0
3034 0.9781868928282674 0.3631081625415811 0
3035 0.1457075474808816 -0.1310288185237056 0
3036 0.4722157828002156 0.2001208430441779 0
3037 -0.9266060047331868 -0.5660838321097701 0
3038 -0.5842436166883553 -0.1096883206065626 0
3039 0.9232637433556008 0.1941783733234735 0
3040 -0.9733659185253369 -0.6586332461450549 0
3041 -0.7929452645705586 0.1306257097226182 0
3042 0.4930734777546684 -0.7584319731263542 0
3043 -0.4800903410888774 -0.4770658070334119 0
3044 0.2619431537972952 0.7358975715999787 0
3045 0.1947087044705321 0.6872544241808747 0
3046 0.6819987172368928 0.7338037441104062 0
3047 -0.6522859854356242 0.9738537891821289 0
3048 -0.601210395055859 0.9730501739918488 0
3049 -0.8493090474734935 -0.2281463457243856 0
3050 -0.2517860337272352 0.2502023113383103 0
3051 -0.6100397598794325 -0.8628951525109526 0
3052 0.1607766292327412 -0.1845689229582601 0
3053 -0.9302313657760091 -0.4814509118712516 0
3054 -0.9748109198793392 -0.02156945217689198 0
3055 0.334794173322036 0.5118524198351394 0
3056 -0.78291334325486 0.3151428900808926 0
3057 -0.8099590707071898 0.3345215741252053 0
3058 -0.4350911038124393 0.9011235544449487 0
3059 0.5234746010331754 0.9042779969118511 0
3060 -0.928641400915122 0.8918069342730248 0
3061 0.2549292458584819 0.9705093373934547 0
3062 0.8549496642984483 -0.826875729589205 0
3063 0.313945030865058 0.8751769769261666 0
3064 -0.8956629769956265 0.7954677468434841 0
3065 -0.3329903505651478 -0.2510202536359605 0
3066 0.4174185767536461 0.9748680187807919 0
3067 -0.6043441552948505 0.665883375367342 0
3068 -0.7815320706172983 0.04854060195138965 0
3069 -0.9730483122496049 -0.9328148042897666 0
3070 -0.810902691660767 0.2447745449314362 0
3071 -0.2825217503560439 -0.9365616063656701 0
3072 -0.4413306176218461 -0.442483713937341 0
3073 -0.1987425303762422 0.8615657714143534 0
3074 0.1286210408585807 -0.3701139743996879 0
3075 -0.5601141767332318 0.9348954029812633 0
3076 -0.9730200735183914 0.9264514732618323 0
3077 0.8793194007562036 -0.3248956228349907 0
3078 -0.8590487949492106 0.4137780774983622 0
3079 -0.1449599205879996 0.1910570389571947 0
3080 0.9737344101851885 0.9732805536061775 0
3081 -0.4551695680275972 -0.3616076054308135 0
3082 0.04299875067250641 0.3858543846988087 0
3083 0.4944951831698788 0.8272910931741519 0
3084 0.2569672090922954 0.4538809509620507 0
3085 -0.5422594824110575 0.203538348600577 0
3086 -0.3531989577599737 0.9349503505072583 0
3087 -0.8668642508609342 0.9740273676469469 0
3088 -0.759340541566258 0.3568974677619418 0
3089 0.4311074254030282 -0.776826824999105 0
3090 0.807774410051557 0.7970278845056518 0
3091 -0.008422506125362198 0.2875318165644661 0
3092 0.1488705933801308 -0.3915737491386281 0
3093 0.1872593153123334 -0.04197284669812443 0
3094 0.1556537250463148 -0.2480035788582975 0
3095 -0.8036806319980346 -0.7310415316969749 0
3096 -0.6644753320610512 -0.8889708737578825 0
3097 -0.2569216252877048 0.8589023330353659 0
3098 0.5193597479189185 0.8711555651199046 0
3099 -0.1383670653305017 0.4471474594868889 0
3100 0.611159007502573 -0.8906749444986379 0
3101 -0.2367195012427147 -0.45182607371585 0
3102 -0.3253345122510742 -0.1891263851543578 0
3103 0.2937869975837205 0.5466008241127374 0
3104 -0.9341334052514765 0.3919188339809827 0
3105 0.8534750611786971 0.9246706937967031 0
3106 -0.2111675097701091 0.9152760811429619 0
3107 -0.5958953173861721 0.6178528533497831 0
3108 -0.2455785524360689 0.9282479925482792 0
3109 0.02378918417500227 -0.3580330789664099 0
3110 0.2645482313810495 -0.6018380666872322 0
3111 -0.3467597702266722 -0.03000862990017025 0
3112 0.2278762097320559 -0.178638180511892 0
3113 0.1375496089404195 -0.3408511718806667 0
3114 0.1675043349664047 0.8129239020450404 0
3115 0.23513010674278 0.5313772164270065 0
3116 0.6514006960139668 -0.8185096966718313 0
3117 -0.4914542169816056 0.9049155626807832 0
3118 0.08695227254179792 0.9758835275371232 0
3119 -0.3052693411774991 0.2697877546553456 0
3120 0.5782685067747905 -0.9690694098401623 0
3121 -0.803360649675534 -0.3594562868199237 0
3122 0.285632737200766 -0.4559954091639498 0
3123 0.8354539560897952 -0.6178760977157808 0
3124 0.4145110542040599 0.8737284371075039 0
3125 0.363388348331852 0.4038509419605602 0
3126 -0.5234858852577307 -0.9256316726529091 0
3127 0.3901598843187657 0.927177739033442 0
3128 -0.4838745297392759 -0.1731150585031846 0
3129 -0.03293109291778022 0.6988993043600735 0
3130 -0.8021016666373728 -0.125752989418069 0
3131 -0.5569631386644478 -0.158623696432853 0
3132 0.4364479242716169 0.4773299945253038 0
3133 -0.8863833362517988 -0.2944503297211628 0
3134 -0.4201075566811965 -0.2059883212320424 0
3135 0.4984862339483233 0.3816555644569999 0
3136 -0.1899514929414401 -0.2974877736347352 0
3137 -0.1461445816600308 0.7571291870369569 0
3138 0.8842665786236734 0.9199967395753018 0
3139 0.2069045714517452 -0.8823190372404568 0
3140 -0.6509715403679895 -0.9726218788965045 0
3141 -0.658782923812089 0.0290017197182347 0
3142 -0.2569942077495749 -0.8569298872632968 0
3143 0.1610989522891809 0.4826322792179379 0
3144 0.780328984107875 0.8597858676711417 0
3145 0.3719904602135385 0.5358316629111083 0
3146 -0.2469831216663718 -0.775948919152168 0
3147 0.7839565309906293 -0.9703364032568855 0
3148 -0.552221777981769 0.6367252031663948 0
3149 0.9288249060666087 -0.2292094702619477 0
3150 0.8052838496463376 0.2368071933134494 0
3151 -0.7030394360455485 0.7339498856225686 0
3152 -0.0006286066611930549 -0.2355471714189947 0
3153 0.8091347272642049 0.40408452929072 0
3154 -0.3202753346911285 -0.5498877129968093 0
3155 -0.7855613637312193 0.7533582749454669 0
3156 0.937155107066913 0.6016086445305304 0
3157 -0.7801074678654489 0.9713776847387361 0
3158 -0.430794426512398 0.4266554907207804 0
3159 0.6395748548512565 0.9711146000661915 0
3160 -0.3006602226282996 -0.7880011906653334 0
3161 0.9378047340539044 0.766967157502134 0
3162 -0.2339528395346092 0.790497983447163 0
3163 -0.1911710999604268 0.1602921085672621 0
3164 -0.3831106966629139 -0.9224464832583162 0
3165 -0.757149589550533 0.5927905879380354 0
3166 0.03152130597085989 0.9756637696085143 0
3167 -0.9003117323538852 0.4743177201199592 0
3168 -0.01627576315583763 -0.7853362967147394 0
3169 0.2942181054070466 0.6628290200038872 0
3170 0.5519445628679132 0.7729334007054083 0
3171 -0.3763539807137577 -0.1991223958751239 0
3172 -0.241218856182904 0.1879303389521548 0
3173 -0.8901240799613268 0.3745272765669707 0
3174 0.7899927045949392 0.4562486692633999 0
3175 0.2095582010658724 -0.9761921765069245 0
3176 0.1068338350928104 -0.5877891109721641 0
3177 0.1247238045505227 0.6031607598691113 0
3178 0.6974972513500453 -0.7850728777111442 0
3179 -0.02813917914145364 -0.8175369170851168 0
3180 0.1496984108792282 -0.8041716028490159 0
3181 -0.6042731619979028 0.3878676038938069 0
3182 0.8102073382411039 0.683640178521306 0
3183 0.002433845138410237 0.8403238322784932 0
3184 0.2530012843777133 0.6342156358676404 0
3185 -0.1967279569923163 -0.7720779071805379 0
3186 -0.7548716404216846 0.2701562651252013 0
3187 -0.2634235632958006 -0.6105814788528899 0
3188 0.09126918720854545 -0.9724223386605558 0
3189 0.3247802825813163 -0.940547981653437 0
3190 -0.06324695783927309 -0.03443624783160226 0
3191 0.01146847018202887 -0.08760183797017312 0
3192 0.2649949714319412 0.07409857238066359 0
3193 -0.845077635015157 0.7969028658661145 0
3194 -0.5436798090891549 0.3400160694252922 0
3195 0.7373516303136988 0.184962677950221 0
3196 -0.6356887830337361 -0.668717765493434 0
3197 0.02391840921527242 0.7626734775487716 0
3198 0.8798046278090376 -0.8757852549619548 0
3199 -0.8557586282575742 -0.280710344187717 0
3200 0.8940460506894479 0.6316082186304034 0
3201 -0.2061953260769099 -0.5416814772835302 0
3202 0.4172374177488304 0.2651544498908996 0
3203 -0.2360456541887674 0.1032745692902715 0
3204 -0.4985579376655025 -0.3369585657615979 0
3205 -0.03433454991814831 -0.07744519442004447 0
3206 -0.1422980412912809 -0.7900651881532114 0
3207 -0.3963199255750782 0.1515675423843562 0
3208 -0.4430385254604512 0.4841375998094988 0
3209 -0.1848092041421145 -0.2471646790452062 0
3210 -0.6969633832775296 -0.476551904971554 0
3211 -0.5311974243561591 -0.01796878230313798 0
3212 0.4122894523313271 -0.8378747004474818 0
3213 -0.5639312126833823 -0.7538082421193695 0
3214 0.07422481871408598 0.7511955964131598 0
3215 -0.03985859241584693 -0.556592617371564 0
3216 -0.05884573596458709 0.9748130908163928 0
3217 -0.730938836446692 -0.5799419452091862 0
3218 -0.2704875002369829 -0.06794528072146284 0
3219 -0.2938247023570906 -0.05708761577264546 0
3220 -0.7652695668341504 0.6634295966245912 0
3221 0.9709396826975585 0.05247182061566158 0
3222 0.3400913649787857 -0.4452685929459069 0
3223 -0.5901449284145606 -0.3699471743701344 0
3224 -0.2416452467628852 0.5951016931268406 0
3225 0.9709626380975541 -0.3015705022450148 0
3226 -0.3560728397310692 0.1819829489583999 0
3227 0.2929772875978969 -0.603265003749218 0
3228 -0.5519900553311544 -0.7779900663562479 0
3229 -0.5701962564459864 -0.1948481534372181 0
3230 0.7598734132859652 0.5048983393720143 0
3231 -0.4507862793890499 -0.4114081410569972 0
3232 -0.2736783646003827 0.2312243313612616 0
3233 0.2179966260673235 0.8883763046236606 0
3234 0.614417570254112 -0.487777408271312 0
3235 -0.561949329225348 -0.02017446107341229 0
3236 0.7262400180014918 0.8508220055637852 0
3237 0.7839840484955812 0.9707581673238048 0
3238 0.256455772547755 0.836823626246153 0
3239 0.7384568905324068 0.4138685296032898 0
3240 -0.7011990789727857 0.9130417631154762 0
3241 0.1716458306945562 -0.3022354198424051 0
3242 0.2882904153727958 0.4234448125468953 0
3243 -0.5243277806729254 -0.8254453378262013 0
3244 -0.3761237389161237 -0.3592548920363204 0
3245 -0.2215606129397084 -0.7602915194643249 0
3246 -0.5620239149270863 -0.9744463851991434 0
3247 0.1237026710657717 0.4686596401808629 0
3248 -0.5418513147914999 -0.398577514245968 0
3249 -0.4881957569904204 0.1273612819972825 0
3250 0.4259565882003205 0.8975070380370657 0
3251 0.06568662129856308 0.7954438136043221 0
3252 -0.4737982147305432 -0.2045079974849516 0
3253 0.5036167798222155 -0.9713255611042825 0
3254 -0.245385909147216 -0.8048348663557171 0
3255 -0.6577727014624952 0.08041517187592677 0
3256 0.6968572633047823 0.8984221549721607 0
3257 0.4706367214476972 -0.4194437738492351 0
3258 -0.6536019205862663 -0.5493681978537823 0
3259 -0.7358979152744354 0.4353647505647572 0
3260 -0.7816791128188592 -0.2642049228924888 0
3261 0.6847758047754673 -0.5728082718403414 0
3262 -0.150710167057667 -0.09453859594209256 0
3263 0.2842092005928583 -0.05011858194534323 0
3264 0.299483188724664 0.7341280273813005 0
3265 0.9692065961759736 0.6420922777400533 0
3266 0.4658329917336561 -0.5686829845652153 0
3267 0.1955952249212386 0.1104173844819467 0
3268 0.1791830534351497 0.1368498486086282 0
3269 0.8043841179970959 -0.4141403518658069 0
3270 0.9738408661377871 0.4141348743032685 0
3271 -0.9220811562206258 0.09708563923268421 0
3272 0.03461835245548917 0.811143998108119 0
3273 -0.5159896144472929 0.120270571487681 0
3274 -0.3892496470146193 -0.06470134210728413 0
3275 -0.02412968691000128 -0.9223734320818753 0
3276 0.9750265654586041 0.5062873691266848 0
3277 -0.3608354551939712 0.06367885075032648 0
3278 -0.6097031641310127 -0.09170294289982923 0
3279 0.4163374857174889 0.6184970945679713 0
3280 -0.9343059601047439 -0.0547051201838705 0
3281 0.2508262923910402 0.3960833170263742 0
3282 0.3937543280609807 0.8246029645093094 0
3283 -0.5376372344740888 -0.6046145280244906 0
3284 0.5955572673948651 -0.9330583391300472 0
3285 -0.486689815662978 0.6403937471363922 0
3286 0.1391397852974029 -0.4195651830850818 0
3287 0.9009648480529673 -0.8353229391932697 0
3288 0.2447845815927662 -0.7647434366767256 0
3289 0.2415666694212866 -0.5049369145868701 0
3290 -0.3921090878173974 0.979542882025747 0
3291 -0.03342035247735281 -0.2045241919714982 0
3292 0.341521757497343 0.8243889085416013 0
3293 0.003582250096113955 0.06376698495635465 0
3294 -0.4225832892728101 0.01307899263196047 0
3295 -0.2854625503530022 0.4306940234533353 0
3296 0.04709980615708559 -0.5845617378145974 0
3297 -0.2828033570275605 -0.4615525669880374 0
3298 0.05027541378933131 -0.2610833500160197 0
3299 -0.9307588905433279 0.7531642925605064 0
3300 0.7499101097146447 0.531789387655209 0
3301 0.7965005459955096 -0.9344329591759686 0
3302 -0.2120259377689916 0.03532835380456702 0
3303 -0.752335792544383 0.5636078779357848 0
3304 -0.6040249290535395 0.922404912028377 0
3305 -0.6815307686177762 -0.2260111901748883 0
3306 -0.2625102098482973 -0.3828800552980701 0
3307 -0.694902156540064 0.1311404974100836 0
3308 0.8940245963487491 -0.1418369421807167 0
3309 0.8818635207588934 -0.9731953855010034 0
3310 -0.5218089272687307 -0.728091542361424 0
3311 -0.8723844756716587 0.1396360925703404 0
3312 -0.1146383287328996 0.8412874053526037 0
3313 -0.1422585003485085 -0.7061913585392097 0
3314 0.2024436087600159 0.2259870351664844 0
3315 -0.7806680430730926 0.9373314567914897 0
3316 0.8876817397917502 0.9782540365006285 0
3317 -0.8101873136292986 -0.2609702148351207 0
3318 -0.8245644523772169 -0.6882679406642178 0
3319 -0.8543911617907447 0.5531403830969397 0
3320 -0.6067946050954002 -0.7168348016493231 0
3321 -0.3027949957037342 -0.4229663998112209 0
3322 0.553021858756209 -0.815457944388405 0
3323 -0.2786097530170721 0.01864560183505017 0
3324 -0.1911785748452039 0.5857704704367006 0
3325 -0.1866561723759717 0.6130096530235783 0
3326 -0.1968409396200675 0.4981190302553749 0
3327 0.2635097522273894 0.5664717731038535 0
3328 0.6097521481993582 -0.438841244494497 0
3329 -0.2811607583884191 0.7186746037000714 0
3330 -0.4010418456307706 0.5243106301921883 0
3331 -0.4355478284938019 0.5335164918388531 0
3332 0.7617830806626655 -0.4425232568401778 0
3333 -0.1379349369226104 -0.3582619473918208 0
3334 -0.5193310288928108 -0.555484079179933 0
3335 0.2263455151678471 -0.411503286357033 0
3336 -0.9328179197204898 -0.8938293785944695 0
3337 0.2216315551980939 -0.5789869705695789 0
3338 0.1437362896348663 0.09988135367543255 0
3339 0.1143715733427123 0.182510070095588 0
3340 0.9384458313067153 -0.428591517057202 0
3341 -0.8748140128945616 -0.4131786635962054 0
3342 -0.3069866504212522 0.03335441787518039 0
3343 0.6613789176347675 -0.4321829318319353 0
3344 -0.4310500244886185 0.7706833906981471 0
3345 -0.9769829277743827 0.1225650342854386 0
3346 0.3345777178933377 0.6951668845772508 0
3347 0.6136420500200183 0.7540091590292821 0
3348 0.2281408799775896 -0.2062137767983529 0
3349 -0.002808457977181212 0.3153006935743491 0
3350 0.4004961581176854 0.1851111603865122 0
3351 -0.6916927040721733 0.4645066921658751 0
3352 0.7492985599116813 0.132596468618827 0
3353 0.7017026350120812 -0.8762439972191325 0
3354 -0.9326798014883082 0.1395597573782939 0
3355 0.5885337198972436 0.2275039189685399 0
3356 -0.168086323266952 0.2065453491354178 0
3357 -0.9110423150536351 -0.7231446126462719 0
3358 -0.9770786731394089 -0.2675487154963315 0
3359 0.6170873668006943 0.4651323155215176 0
3360 0.3107860549783886 -0.6506716430426811 0
3361 0.6209930181151242 0.4936249141538462 0
3362 0.06457045905621812 -0.6557313622868405 0
3363 0.2452869288271455 -0.1327692342053524 0
3364 -0.6996468566871032 0.2348006931589445 0
3365 0.2312611456880364 0.4406363818259588 0
3366 -0.3310168700853272 -0.3704729011237329 0
3367 0.1427972489769698 -0.6155606372259059 0
3368 0.8508808861325793 0.381197651960482 0
3369 0.8777409521248437 0.3647405457590157 0
3370 0.3058684271278534 -0.861555934172817 0
3371 0.7843570571067668 -0.558839771445817 0
3372 -0.573197290194276 0.5246541102920175 0
3373 0.9739142093379796 -0.7770665946903247 0
3374 0.03276776732002014 0.4851051928580386 0
3375 -0.02590416806242404 -0.6167305049765581 0
3376 -0.2595192285633193 -0.2345778592065876 0
3377 -0.4733953153216865 0.730373652698377 0
3378 0.4684151558218856 0.8846386684926855 0
3379 -0.9735888696686171 0.6605017509344985 0
3380 -0.9041541828156783 -0.6028694591267825 0
3381 -0.4479600769775285 0.7247347525601949 0
3382 -0.3032871088111807 -0.1124537399281264 0
3383 0.1196540528204626 0.1295263856170068 0
3384 -0.4165722056911224 0.6561926258941656 0
3385 -0.0909476625012146 0.9736339535953965 0
3386 -0.5888751956647507 0.1722109572820416 0
3387 -0.9721719464159646 0.9721719464159757 0
3388 0.8860752398145062 0.4572492818362346 0
3389 0.5704955598833635 -0.8787687694680778 0
3390 -0.6799849312581359 0.5168618463212266 0
3391 -0.9334988936057845 0.005502644657848076 0
3392 -0.5270882607265457 0.7730511795770354 0
3393 -0.5969845536336057 0.01689707185246773 0
3394 0.2184842084900878 -0.6744074565061339 0
3395 0.6278605175468653 -0.9746201889488606 0
3396 0.2022158168986326 -0.1326208214254862 0
3397 -0.7356870139127661 0.1947828032364513 0
3398 0.332110239923693 0.925849089991155 0
3399 0.6228440061156485 -0.8570414786811137 0
3400 0.5909898665001242 0.2766482610268789 0
3401 0.8928822658273254 0.892982830182808 0
3402 0.5252118475612695 -0.5997594556306363 0
3403 0.5815697299771636 -0.5259999287222894 0
3404 0.8034998689380736 0.9368707527080087 0
3405 0.06432668885957199 0.8494992499976293 0
3406 0.3879174652660312 -0.630765523387549 0
3407 -0.6130971922236583 0.155478959473733 0
3408 -0.9425888923245761 -0.4457142610705264 0
3409 0.3946349094412438 -0.4911467200395115 0
3410 -0.1036756992392004 -0.2541394301158439 0
3411 -0.9342464724877821 -0.3979426049000168 0
3412 -0.08711576673413238 0.5945680922837528 0
3413 -0.2148509088477357 0.06286525722680932 0
3414 0.6297630675189489 0.8039600846106494 0
3415 -0.8431315292098978 -0.3286434597546236 0
3416 -0.01811251781183003 0.7231259432762924 0
3417 0.05751012693483352 -0.9744878995318804 0
3418 0.8360133138089819 -0.5599982399899739 0
3419 0.1204403327427053 0.07781476029984538 0
3420 0.976248009444685 -0.6231064612303223 0
3421 -0.7807955569753082 0.7105194925057472 0
3422 -0.0253969599867534 0.2371716080697399 0
3423 0.1541819431645149 -0.5041023812055437 0
3424 -0.03686919563055707 0.4331487323208423 0
3425 -0.2262608072321708 -0.9377007599222478 0
3426 0.1625436626581552 0.2715220628686079 0
3427 -0.4142846354162006 -0.9222838517087816 0
3428 -0.3885574566608462 -0.473124346426716 0
3429 0.886673253753545 0.7543033828100123 0
3430 -0.1198100176245162 -0.1998038114395087 0
3431 0.9208156300499586 0.6467784798182368 0
3432 -0.8428103272475173 0.3678532720566464 0
3433 0.06413114620949401 -0.8025153292376697 0
3434 0.5026519903782602 0.534316512843882 0
3435 0.5563545583497835 0.4298214693378474 0
3436 0.8779905531922541 -0.610487344032262 0
3437 -0.1652110416686528 0.04248246996804236 0
3438 -0.2712259631800293 0.7524380152527281 0
3439 -0.4032738307789441 -0.3596157809816138 0
3440 0.8262907886701447 -0.8923905777957821 0
3441 0.2021018584858215 0.3977026153910146 0
3442 0.5355624578250292 -0.4374406506040376 0
3443 0.1075696338897666 -0.424611517119391 0
3444 0.8244029922998947 -0.4839067976391513 0
3445 0.02711359314407464 0.3443411179803503 0
3446 0.9305693029662189 -0.05153219571483818 0
3447 -0.4263483786426089 0.8163859254657663 0
3448 -0.7416824599322853 0.6434630283164471 0
3449 0.8944386269903217 0.6891060905433108 0
3450 0.3617715168061576 -0.7356603451958702 0
3451 0.06890277636503231 -0.8487796893423979 0
3452 -0.06836609956706752 0.8625209017742244 0
3453 0.02001305273729296 0.01409989422200901 0
3454 -0.3004666106570956 0.1102134346228804 0
3455 0.1791400006813731 -0.386897129433595 0
3456 0.5159040958609046 0.8112300149515064 0
3457 0.09792651143898741 -0.9379880888364477 0
3458 -0.2786126687426333 -0.7327074759186677 0
3459 -0.4313626144572742 -0.172634919355494 0
3460 0.933465291138684 0.9730577897391082 0
3461 0.7382732771657521 0.2906018794934498 0
3462 -0.3581546403397071 -0.08132413885049838 0
3463 -0.1190639959197775 -0.5106709210472848 0
3464 0.7059802881315845 -0.5897351277589846 0
3465 0.2549791606168572 -0.6804854210148588 0
3466 -0.1455546089999848 0.08930631537783318 0
3467 0.6298377976233955 0.5514385014468967 0
3468 -0.7620632794609861 0.8913745797523838 0
3469 0.5712969109690704 0.8861326221746498 0
3470 -0.5382075548598116 0.2569623136889154 0
3471 -0.239804709879368 -0.13092523397066 0
3472 0.6734521379891322 0.5894975936324841 0
3473 -0.8333582676280388 -0.7831471823831442 0
3474 -0.6216814347823517 0.4416099337277218 0
3475 -0.8038707590943559 -0.5454792640065169 0
3476 -0.6156267720311347 -0.4839036130493005 0
3477 0.2670976675003788 -0.9378272493487596 0
3478 0.974537912484436 0.8067163306398036 0
3479 -0.3152441298384312 0.2069006479132955 0
3480 -0.8608411896393396 0.8330565296759395 0
3481 0.73407665616199 0.8740653125191866 0
3482 -0.8165412356062657 0.6210334933651306 0
3483 -0.8510298202152971 -0.4840821793894403 0
3484 -0.5881860368916929 0.06809775690213958 0
3485 -0.2211492936760801 0.5416733875129472 0
3486 -0.3224922062879488 -0.01384360191126505 0
3487 0.1964198178387947 -0.6276968368563407 0
3488 0.1933805210781405 -0.2147361435516898 0
3489 0.6576342655292893 -0.7445074588013643 0
3490 0.2054020500208437 0.6667672344079567 0
3491 -0.2327024157007881 -0.2769637095746717 0
3492 -0.8907165410014297 -0.02025846970940313 0
3493 -0.9346138349978302 0.3464368458984859 0
3494 0.1350751576001931 0.2858835980895685 0
3495 -0.4951384570305564 -0.2234713037642987 0
3496 0.4731163532982295 0.9772984207951596 0
3497 -0.257632421303115 -0.4732129805795102 0
3498 -0.2336737613312726 -0.6160215644313527 0
3499 -0.1924254700578357 -0.04930512100700101 0
3500 -0.6789808428631552 0.7466976421247892 0
3501 -0.1929448517155609 -0.1453979076363613 0
3502 0.1711181256282895 0.2244764901461148 0
3503 -0.6348928243141929 -0.3397267823477856 0
3504 0.7666513001089779 0.3771568758357107 0
3505 -0.3254543458288283 0.2903775581492431 0
3506 0.7940006357825788 0.3736479726217264 0
3507 0.4053759313538199 0.5355346448432361 0
3508 0.2296636560538158 -0.9361865904884024 0
3509 -0.671370935326882 0.8762348608336774 0
3510 -0.8298624651868547 0.7163494466786968 0
3511 -0.7841007913801136 0.2226756437531203 0
3512 0.737046664880031 -0.5464733561901607 0
3513 0.9386412402644666 0.9248803998412185 0
3514 0.6041708772203764 0.6710413308829274 0
3515 0.8841817012004509 0.5582012825464786 0
3516 0.5720652961149277 0.1832888563652839 0
3517 -0.6645195241959505 0.2720936696563441 0
3518 -0.4383011323600419 0.2564806214041104 0
3519 0.8832244200178452 -0.4878266368207016 0
3520 0.4804832461484428 -0.8792329064173817 0
3521 -0.2845726479933973 0.6166170190759445 0
3522 -0.2651769524733955 -0.3252775969391077 0
3523 -0.5036290913250777 -0.4334687114431657 0
3524 0.8999663060296494 0.3943109741901641 0
3525 -0.0914174460684463 -0.7062029285443674 0
3526 0.2523781715647168 -0.7155649615606152 0
3527 -0.8037775758926533 -0.6353862527689074 0
3528 0.9390991136802118 0.0525473906397751 0
3529 -0.9771344852022336 0.475020375078765 0
3530 0.8034740034124315 -0.7089107670623236 0
3531 0.7954947952788375 -0.8473096049434008 0
3532 -0.4912194865375404 0.2432580956781613 0
3533 -0.7271711078890348 -0.1948289033647748 0
3534 0.3039097120470313 -0.3083234495860392 0
3535 0.001946999132351641 -0.9305312712121442 0
3536 0.9772126282243101 -0.4520565844641389 0
3537 -0.1446417068699149 0.5782999061796392 0
3538 -0.3996995215014835 0.2992100937391236 0
3539 -0.9336539283578854 -0.8351229485830293 0
3540 0.2174954145533082 0.06352423808459307 0
3541 -0.03892438225381804 -0.3174474321428458 0
3542 0.7168310408206349 -0.9300716735884227 0
3543 -0.9749602891162157 -0.5712712004743399 0
3544 0.7694628843879802 0.7308394749430784 0
3545 -0.461621369028907 0.8403695865568274 0
3546 -0.7438314698695108 0.05491130245766299 0
3547 -0.484172190270804 0.1708706124764584 0
3548 0.1780259706036491 0.4508872244944231 0
3549 0.4581294323649812 0.8512364360917789 0
3550 -0.7946668131536533 0.4348905036278795 0
3551 -0.06062435828928671 -0.0826703196056145 0
3552 0.705571487550832 0.4472642881867532 0
3553 -0.6649635213144459 -0.7769029328244054 0
3554 0.0499207196181482 0.1011922747664974 0
3555 -0.04521146639512279 0.3838542257349418 0
3556 0.04686798505687965 0.8997725625624531 0
3557 0.5994336463466881 -0.6213211118952154 0
3558 -0.6324375937719511 0.380316699383408 0
3559 -0.1048400404937131 -0.5815675150514553 0
3560 0.02755155091316084 0.6806553215424596 0
3561 0.1855676018326506 0.5496876741713757 0
3562 0.11939782758469 -0.279921778456654 0
3563 -0.6814882772044173 -0.3338138327864054 0
3564 -0.6809774024710676 -0.3626967150767964 0
3565 -0.1927129487608706 0.1903581256682868 0
3566 -0.1150840276763918 0.2263562221713583 0
3567 -0.298430178391827 -0.8819732647969263 0
3568 0.3674230600282318 0.6150020869762571 0
3569 -0.9758140535433312 0.2090630476644648 0
3570 -0.7760712066555832 -0.8585869781059234 0
3571 -0.6448311798685364 0.6319850778416451 0
3572 -0.4793917954062888 0.9758626603616163 0
3573 -0.9796779081769929 0.5363117733461283 0
3574 0.6805663531221428 0.8595184477054501 0
3575 0.2675832348615825 -0.003068704031811859 0
3576 -0.08985406568912735 -0.2772829997068638 0
3577 -0.6334348961043628 0.1644772932311033 0
3578 -0.4233690976701798 -0.6006206045634261 0
3579 -0.6229645487752186 0.03983482703326675 0
3580 0.03890402770567158 0.2731734890323229 0
3581 0.4541077707200911 -0.9743038600199336 0
3582 0.04044640504526043 0.03129413879035406 0
3583 -0.7279627454505191 -0.1555583367365296 0
3584 -0.5305618596873856 0.5554431733003798 0
3585 -0.4503183990076208 -0.6726583771109331 0
3586 0.7617891839467434 0.3288114987979102 0
3587 -0.1960956410514934 0.7761789337617684 0
3588 0.8599215553467161 0.01771293032173456 0
3589 0.3458706461531577 0.06165499639164322 0
3590 0.643173149294469 0.8302219071393928 0
3591 -0.2831978444133554 0.3188774453522777 0
3592 -0.2575760229811752 0.3339157180675735 0
3593 0.9780393044561193 -0.8903490990423528 0
3594 0.04799436911182803 -0.166259410847853 0
3595 0.8881283695068583 0.03993759579724054 0
3596 -0.635304598271529 -0.7014518211571297 0
3597 -0.2571131720882276 0.2805214646728615 0
3598 -0.3535274080175892 0.7715423795344398 0
3599 -0.7588375382007285 0.4065173410690356 0
3600 0.2035449082690616 -0.5261606516519387 0
3601 0.7698482776906824 -0.3831781513517382 0
3602 0.2209174944164014 -0.04678159478240639 0
3603 -0.806237835190472 -0.1588938916776253 0
3604 -0.1136068943678919 0.88296025926499 0
3605 -0.1927132771693681 -0.9414460711620249 0
3606 -0.8373758599328904 -0.005939419492725541 0
3607 0.8614718565421613 -0.6568773032874453 0
3608 0.7080095223007341 0.5008803132507867 0
3609 -0.932346244558917 -0.2520024328492913 0
3610 -0.9432811487440834 0.9259961031125377 0
3611 0.2343193333532271 0.1806302297167104 0
3612 0.7865023770715591 0.1033313235237238 0
3613 -0.1567613816083933 -0.764671233133298 0
3614 -0.7644060811115315 0.5022875238874667 0
3615 0.7549017023405611 -0.7210463082768377 0
3616 -0.09652090878040878 0.5636723880055995 0
3617 0.1508632245729754 0.03661704067329908 0
3618 0.1218881928246134 0.01698869886529005 0
3619 -0.1331147873832308 0.394937443480844 0
3620 0.9268069155884048 0.8172735026313358 0
3621 -0.4646943694887162 -0.9032031172168734 0
3622 0.6455212308074254 0.217375650218368 0
3623 -0.6505592310711442 -0.9434831559573708 0
3624 -0.81051245004812 0.8454416476269957 0
3625 -0.04287685642426683 -0.9416777903120457 0
3626 -0.1301547373605165 -0.2518219597848684 0
3627 0.3201929827703614 -0.353006500724628 0
3628 -0.6425805444099345 0.9452365105172774 0
3629 0.630783158327739 0.3166838411529586 0
3630 -0.8524708295070771 -0.05032389986077589 0
3631 -0.07202638930585106 0.7242156869548266 0
3632 -0.8366796750393126 -0.599108845108436 0
3633 0.1418171344684066 -0.5573789059083476 0
3634 0.3630651396808456 -0.3997136565745572 0
3635 -0.3539258636790133 -0.1430873113492387 0
3636 0.1892933950389146 -0.4360102107550108 0
3637 -0.5183609913709123 0.01150815464552931 0
3638 0.07686400097033989 0.3667338818637095 0
3639 -0.8125387042043293 -0.4135563524877701 0
3640 0.8305460810291341 -0.6919236634952396 0
3641 -0.4545338004322071 0.6031127613650505 0
3642 0.4410641612780106 0.6277075919946045 0
3643 0.8234327441506042 -0.3311773222655707 0
3644 0.5093127648492579 -0.7058258344800685 0
3645 -0.1844028028613927 0.3186600871290237 0
3646 -0.2072687955629959 0.3363468055493499 0
3647 0.09066835212043078 -0.5452855782625964 0
3648 -0.03111554814388925 0.7486303035911274 0
3649 -0.1801769420267505 0.375073006626078 0
3650 -0.3282576364163397 0.1019679554632544 0
3651 0.9237152851020104 -0.7836339244996272 0
3652 -0.1898485184542487 0.2888283404211845 0
3653 0.02132127844896775 -0.6364224973741216 0
3654 0.343526673952349 0.4861344772345151 0
3655 0.2226977383059642 -0.8350257523072356 0
3656 0.02094902820275836 -0.125512290602943 0
3657 -0.3580193885844636 0.6977202006195353 0
3658 0.6653340500305206 0.4590631095428558 0
3659 0.01660694035301401 0.6269861830469766 0
3660 0.4172457554810416 -0.4703617915489275 0
3661 -0.3259638696310352 0.6143371855145587 0
3662 0.3409953310725589 -0.7828047018472417 0
3663 -0.7040506925878645 -0.8766768017040818 0
3664 -0.4511670575970344 -0.7897362707273771 0
3665 -0.2365350628990329 0.1569893897689711 0
3666 0.0492306704987049 -0.680042963498158 0
3667 0.02906967698358616 -0.2072606528887392 0
3668 0.5895330407279322 -0.4948026402939794 0
3669 -0.8318839364833357 0.5727622723068768 0
3670 0.5257645457092056 0.3369446388311018 0
3671 -0.874939184439892 0.01964675735151176 0
3672 -0.4366283137062917 0.9723958835334128 0
3673 0.5518659521563046 -0.6118291977709563 0
3674 -0.9783677648318778 0.3266864727923446 0
3675 -0.2177484541925173 -0.06368792224278821 0
3676 -0.4822257271749302 0.3596140728384219 0
3677 0.9426963172123537 0.2194261566500386 0
3678 0.4377095168895175 -0.6602891575504969 0
3679 0.5611621193427258 0.2304908488659262 0
3680 0.6826239857981311 0.6312208877922268 0
3681 0.8371629239092049 0.6899934219037109 0
3682 -0.6834740559043051 0.3697393699331216 0
3683 0.8306893107830035 -0.9406218694854056 0
3684 0.8342206548322383 0.05705606302998795 0
3685 0.7780938611067497 -0.7532256018112481 0
3686 -0.9777797687096101 -0.1797098130248235 0
3687 0.9379770534097611 0.3811742151814881 0
3688 -0.84342966543616 -0.3814824820821583 0
3689 -0.5534906402738259 -0.6898157408490351 0
3690 -0.1823870476562666 0.7984254969300117 0
3691 -0.6269265685080986 0.6828924374613502 0
3692 0.3684128532051535 -0.4538917050803553 0
3693 -0.3812188474490893 0.7639005088670557 0
3694 0.3700114525494652 -0.3514276266932088 0
3695 -0.5146695047089375 0.7997710667134039 0
3696 -0.03880711651769321 0.2820220079576702 0
3697 -0.8805853286037085 0.562511029069992 0
3698 0.0701611887858791 0.1525002016661076 0
3699 0.9310086952720843 -0.1123673333101667 0
3700 -0.7409381179525711 0.696921393588128 0
3701 -0.6208696394003643 0.2474032927268058 0
3702 0.115430404392004 0.379692305282549 0
3703 0.1907708852600784 0.8935921530303803 0
3704 0.9780250604877176 0.8923701100396247 0
3705 0.9749987085752283 -0.9398898143747076 0
3706 -0.05669186812142362 0.6576092895112666 0
3707 0.6970990655632817 -0.6759334742519211 0
3708 -0.9750140737546729 -0.6268342673163267 0
3709 -0.4058221859423918 -0.4069513544701605 0
3710 0.04811523650994977 -0.3165227992633163 0
3711 -0.5959980102100928 0.8705928443936775 0
3712 0.9377188058257601 -0.2874222884326806 0
3713 0.904356890974011 -0.7420556466298591 0
3714 0.7277180968552218 0.2346781742273079 0
3715 0.8581643374715067 0.257212733634628 0
3716 -0.2767729214185393 0.3771421288897997 0
3717 0.7025607242536199 0.2675041493802876 0
3718 -0.5042439654312196 -0.6053608699242808 0
3719 0.208703603544968 0.9736466045000927 0
3720 -0.4013521434964528 0.8563022166067464 0
3721 -0.394243550864829 0.8849443112517166 0
3722 -0.9443889326936299 -0.6614860138953332 0
3723 0.6566848076486054 -0.464281497014454 0
3724 0.4614889873452647 -0.7059269418563296 0
3725 0.1502905276351894 0.7180503770141322 0
3726 0.1302226731534407 -0.06310823989710151 0
3727 0.599368414775589 -0.6736937551279221 0
3728 -0.2314795496687529 -0.907538754059914 0
3729 0.5505329939160636 0.5516374680934902 0
3730 0.9366356629830859 -0.1730312942131902 0
3731 -0.07025563575276672 -0.6287991274366278 0
3732 0.4259405922314382 0.7839764614831473 0
3733 -0.8070404114984607 -0.04397094927773779 0
3734 -0.3317892519276677 0.07324335985983732 0
3735 -0.6325466749777291 -0.5906653393587258 0
3736 0.8086217742418593 0.2677311123905092 0
3737 0.04861224363888172 0.2977552263106564 0
3738 -0.5682504367338074 0.2538849417603409 0
3739 -0.7999998355880242 -0.8716590861105125 0
3740 0.9360029165486883 -0.8597998457569402 0
3741 -0.2372677108978331 0.07563703911117595 0
3742 -0.5690482696958148 0.2215950213152731 0
3743 -0.3512642450636916 0.3349618751527371 0
3744 -0.8954666202674582 0.6540565196201311 0
3745 0.6245005347761149 -0.6327939302787089 0
3746 -0.1041999852692321 -0.3594825151722704 0
3747 -0.862777492818548 0.3233687723528925 0
3748 0.7588010111970851 0.6791954119203768 0
3749 -0.3969629435855055 0.8046764840010783 0
3750 0.2155629526507956 0.3525492759547373 0
3751 -0.5652823994523869 0.7497546480751202 0
3752 -0.3391322042265837 -0.05994996387136069 0
3753 -0.05224442219847422 -0.4728212372874248 0
3754 0.4661422251352194 -0.8369151671907096 0
3755 -0.3435270416308898 0.429720706147359 0
3756 -0.377100113090988 0.09358050715898383 0
3757 -0.3273270193623676 0.5838443760887159 0
3758 -0.4537928170943146 -0.7215958487191738 0
3759 -0.766759636537609 -0.9758649991610059 0
3760 0.8222396887436776 -0.3871712273533765 0
3761 -0.8409591495986197 0.6024593466294883 0
3762 -0.5842631333160967 -0.4169852488702491 0
3763 0.6407632219131644 0.3391748383959556 0
3764 -0.180621115491083 -0.004118829623506956 0
3765 -0.7669370215807199 -0.1841436828852589 0
3766 -0.9313281748700925 0.194206118117901 0
3767 -0.8166004640930731 0.7509292459703267 0
3768 -0.3274559288121543 0.4995816619514036 0
3769 -0.3476960965247144 -0.6771053614136325 0
3770 0.9275390944076336 0.4269429548554796 0
3771 -0.9778675511659547 -0.4171408009776206 0
3772 -0.2329613291988824 0.2961481453194476 0
3773 0.548331560599471 0.7246511734550323 0
3774 0.9325355913839224 -0.6391501160133307 0
3775 0.8515319711519328 0.8262443849143739 0
3776 0.8877986477421576 -0.4162912822377267 0
3777 -0.7898182061119345 -0.9389775223272099 0
3778 0.9751141614271399 -0.03233786911442393 0
3779 -0.5024231659827888 -0.6819063398253241 0
3780 -0.6818276073549889 -0.5976988926773381 0
3781 -0.6288169745068084 -0.4016832794137974 0
3782 -0.485709058183059 0.01005083472180456 0
3783 -0.5814851938778908 -0.6483909048163928 0
3784 0.8814640113109831 0.7831034644134507 0
3785 0.135983391838872 -0.6755720159346943 0
3786 -0.2123639115832288 0.1170908312405595 0
3787 -0.5662756388473256 0.05828360267154176 0
3788 -0.7695983361157944 -0.2430040512731783 0
3789 -0.8807762347257219 -0.8931897173030654 0
3790 0.7589819866522135 0.4581029848248978 0
3791 -0.4272924184725977 -0.2816656790710886 0
3792 0.1032536927529733 -0.3755852815818588 0
3793 -0.3505719945217007 0.2829185036766056 0
3794 -0.6705642722378453 -0.4075246270014857 0
3795 0.3138192045625947 0.01426877845188647 0
3796 -0.7700448878230388 -0.08652370821980039 0
3797 0.4475285089924209 -0.9289815444752519 0
3798 -0.8213920555335184 -0.2395128497539205 0
3799 -0.3883734086213332 -0.2838212201415956 0
3800 -0.5343297945845144 -0.6494070212426333 0
3801 -0.1023914413306425 -0.3176895934257695 0
3802 0.05553336942331909 -0.3447649978159802 0
3803 0.5450689419476006 -0.8643692723323049 0
3804 -0.5523342573710002 -0.5076814603595204 0
3805 0.1228377131220085 0.6697351321977664 0
3806 0.7809642308686366 0.1656339716922524 0
3807 -0.2932270283748109 0.4557762950251835 0
3808 -0.9774036501490532 -0.7743939920602141 0
3809 -0.1737033048085373 -0.2722030903220086 0
3810 -0.6786269658013889 0.3216680170558471 0
3811 -0.3915900575867045 0.6184342354142711 0
3812 0.8994356592328749 -0.2777771414510554 0
3813 -0.2293770899494029 -0.8605671511015333 0
3814 0.7172471016085848 0.5689726212311073 0
3815 0.2981565489196356 -0.9797917982549476 0
3816 0.2081040740847359 0.458949823400632 0
3817 0.2135533970065175 0.4841623789948655 0
3818 -0.9104884519242185 0.3421553042292663 0
3819 -0.329915779652262 -0.4311184935297087 0
3820 0.4535120316902979 0.9397498646386264 0
3821 0.7972633979032437 0.7679871614194457 0
3822 -0.6612142030628747 0.6542833736533509 0
3823 -0.488335531551579 -0.806692556208343 0
3824 -0.8918819887015325 0.3030088177818495 0
3825 0.8607080654858218 -0.7765662419498709 0
3826 -0.07781171619462809 -0.06381777060036775 0
3827 -0.3903059810702041 -0.5163488137604456 0
3828 -0.1383265588023505 0.7925944474043751 0
3829 0.7890593078421332 0.552035010925453 0
3830 0.5082416646571072 -0.6469466981527506 0
3831 0.4302186832603898 0.5120023982370044 0
3832 0.5945769273131239 0.8426309084671502 0
3833 -0.473907805813971 -0.259738617720032 0
3834 0.0635874138136613 0.9374014753306413 0
3835 -0.3703053307239501 0.4782249851533614 0
3836 -0.02272308129388445 0.3347833977338766 0
3837 -0.2278151256508852 -0.008110897518294056 0
3838 -0.3951196133452293 -0.9768123922395969 0
3839 -0.4207137636641066 0.6848031673697239 0
3840 -0.288970092801163 -0.3478406923857339 0
3841 0.3782693460429032 0.9744638720737797 0
3842 -0.3887818832266432 0.4487365767220843 0
3843 0.6794050725242518 0.5401854010638429 0
3844 0.1758783340712596 -0.8450727499105897 0
3845 -0.6801351109713849 0.9768490769663019 0
3846 -0.942977503451162 0.8040034586872178 0
3847 -0.4145820262045944 -0.3284843551009113 0
3848 -0.8533901252033226 0.1640353311447621 0
3849 -0.3157153554430264 0.4089648405997781 0
3850 0.8921106505207304 -0.5617826752908517 0
3851 0.6722607857765449 0.3364075262802242 0
3852 -0.6333741292163562 0.8018696176448358 0
3853 -0.3074195907523157 -0.3021845758464597 0
3854 -0.338414101757034 -0.2841210582477738 0
3855 0.9741257000384678 0.2304953925288169 0
3856 -0.4071514771403076 0.5774665165211248 0
3857 0.4251701768602065 0.1337986210202025 0
3858 0.01736444919526494 0.9286620703748889 0
3859 -0.04638405429780693 0.9497210700415463 0
3860 -0.4984531801423383 0.70896152145904 0
3861 0.4453934359899773 0.3716026099066637 0
3862 -0.5714930546454686 -0.9469931387504245 0
3863 -0.9753528451293473 0.1740706882795462 0
3864 -0.215730254897044 0.5753379156585122 0
3865 0.3843797408718767 0.702247618456896 0
3866 -0.9441660399363715 -0.2080371119191234 0
3867 0.8028107730407997 0.6510643100711997 0
3868 0.3158626022279918 -0.8913034604754893 0
3869 0.5131553523879071 0.2331946259984263 0
3870 -0.1292572986701173 0.6716818320544657 0
3871 -0.4391882453089 0.8730505729633871 0
3872 -0.8216873748577829 0.9357616328385503 0
3873 -0.423497469259071 -0.8968601284775054 0
3874 -0.3346272555741035 0.3810046614862937 0
3875 0.4786440295968383 -0.6165982728005895 0
3876 0.9328831813359202 0.2625913825899344 0
3877 -0.1239183098417889 0.2684498685236648 0
3878 0.597195676449943 -0.5913090935026437 0
3879 0.8582604508375038 -0.2746411588354207 0
3880 0.7479631250579067 -0.4960845759200117 0
3881 -0.1683868051476285 0.2731263961046007 0
3882 -0.6326067390398471 -0.2598860464059918 0
3883 -0.1812124966763218 0.6631307317525709 0
3884 -0.1930006208298433 -0.7168998118681835 0
3885 0.9491214196277495 0.4912730250104274 0
3886 -0.8693988505055901 -0.6414854498150784 0
3887 -0.8937439674696624 0.9796619967613218 0
3888 -0.6421874114346596 0.8329883505809961 0
3889 -0.8909206363823184 -0.4664882508777928 0
3890 0.9759267227179402 0.4532141161969229 0
3891 0.8398564247071285 0.7967885658192022 0
3892 -0.2988498645509102 -0.8355286862493095 0
3893 -0.1692291914680355 -0.5092840987071412 0
3894 0.5177465349723004 0.257794299168648 0
3895 0.5661339008346817 -0.7710795324067 0
3896 -0.2386883571724977 -0.1025240246093189 0
3897 -0.2598610796925039 0.06025649577036549 0
3898 0.436000127080211 -0.6110735355437228 0
3899 -0.902193675856107 0.6047537112492027 0
3900 -0.00670103166833569 0.02893622037437269 0
3901 -0.5671285920072008 0.8867404924713311 0
3902 -0.2771656626071249 0.5266707246740154 0
3903 -0.8384760813697786 0.2081341437458043 0
3904 0.3146038817872594 -0.4565861866193888 0
3905 -0.2402134377392736 -0.3614681989953733 0
3906 0.2149965939070878 0.002912839369321647 0
3907 0.0480584291826783 -0.5240422417188895 0
3908 -0.2829118237888966 0.07354658066502179 0
3909 0.7120419814136069 -0.9756948889943617 0
3910 -0.8351611775856964 0.8548701484047926 0
3911 0.9742224760491973 0.01542800725401359 0
3912 0.4805693942471507 -0.785908944769971 0
3913 -0.0281381222848308 -0.3468293422958966 0
3914 -0.14353625111029 -0.2738489125789082 0
3915 0.8680370209293775 0.8730822774309731 0
3916 -0.1194184897996612 0.1442304687017944 0
3917 0.3777416327936178 -0.5359448407332836 0
3918 -0.9746169806174495 -0.9746169806174247 0
3919 -0.4802841873147943 0.08296897482980903 0
3920 -0.1537902698135217 -0.9769556317773742 0
3921 0.1365769182988582 -0.4681249454864319 0
3922 0.5867893308525824 -0.7505263151621571 0
3923 0.9464333622130425 0.8610472967653862 0
3924 0.9743092196766822 0.9419828509707314 0
3925 0.0990342036618146 -0.6496424646841654 0
3926 -0.9105034156071764 0.9427157265873265 0
3927 -0.04716733771789466 -0.2545594263366286 0
3928 -0.006209575918794579 -0.03686662667923643 0
3929 -0.1433361950535427 0.02717173698900614 0
3930 0.4293164001251675 0.1824224793827472 0
3931 0.876578058381326 -0.9116822330644816 0
3932 -0.6198059262195588 0.889058157982294 0
3933 0.6247188075402885 0.5990488516905453 0
3934 0.3908921381191848 0.7540787509734067 0
3935 -0.3476400370052081 0.626374008177795 0
3936 -0.9426551905519913 0.6645969698380094 0
3937 0.2734713444978727 -0.9092518305970941 0
3938 0.5603905592164832 0.2649095195598152 0
3939 -0.4041262142826744 -0.6722065535595804 0
3940 -0.1443347321796921 0.2918251065165669 0
3941 -0.4366428265050939 0.6416843525809853 0
3942 0.9790741407606748 -0.3586868688331789 0
3943 0.9743797397546743 0.6700625384544815 0
3944 -0.3457014012384854 -0.8624278355363751 0
3945 -0.1206006056702638 0.2010067763981453 0
3946 -0.2565795424109018 0.1401083365303359 0
3947 -0.8064005701328993 0.9777080398926762 0
3948 0.6518231293140876 -0.6168687957401205 0
3949 -0.2044873245018386 -0.195397948826232 0
3950 0.02429818437231457 -0.8349499642163348 0
3951 -0.2293624689119044 0.7370806089352759 0
3952 -0.6682234182960187 0.05692498746503223 0
3953 -0.3961784136162325 -0.122338571308983 0
3954 0.7527255368823371 -0.5862468750305283 0
3955 -0.5371353250982809 0.9785629263642019 0
3956 0.3696911735448433 -0.4855104356844814 0
3957 -0.7858126944930355 -0.3758229021655484 0
3958 -0.3265361658537165 -0.7467562797547311 0
3959 0.5307893137489198 -0.6845375815016356 0
3960 0.5551613160507902 -0.6905983502223002 0
3961 0.5230329207599006 0.3878450904687292 0
3962 -0.2284377753403978 0.4946301207225278 0
3963 0.2937952623827642 0.8198569527815854 0
3964 -0.02010922085690618 -0.2767986534388561 0
3965 0.5404013811119799 -0.7371268831986159 0
3966 0.3584776368207542 -0.9780460823726775 0
3967 0.06727440300639223 0.0193870008628585 0
3968 0.3160108670962261 0.4704963857070437 0
3969 0.8379085258126926 0.1089217265018148 0
3970 0.672575519972502 -0.8648155688000445 0
3971 -0.5385996577014799 -0.9788122966379398 0
3972 0.05476998938735198 -0.6321065834976346 0
3973 0.1973396540943924 0.3420118542640275 0
3974 0.9238605170295866 -0.8839829334957667 0
3975 0.9378203656132655 -0.8113474942766031 0
3976 -0.635660702910108 -0.09811858526865042 0
3977 -0.07201282745481019 -0.8983908139816889 0
3978 0.6470163479804347 0.6830436121337853 0
3979 -0.08469446794483859 -0.5671133565286345 0
3980 -0.6910744677880577 0.6490833681291182 0
3981 -0.6881940455350568 0.9319162556721454 0
3982 0.4553295296735549 0.5303147713228473 0
3983 0.4550822577516205 -0.4405363768504684 0
3984 0.6191309151921669 -0.781463553930581 0
3985 0.5992481049942426 -0.8012781683684539 0
3986 -0.977819816704251 0.7742654514857796 0
3987 0.02065593345618058 0.7375396048551114 0
3988 -0.02694332433390943 -0.8938549924214713 0
3989 -0.4954344837096707 -0.7302004137901911 0
3990 -0.8852905100407822 0.7671913358352915 0
3991 -0.8642814141957906 -0.2525099058479157 0
3992 0.1652134385877138 0.1889587424343668 0
3993 -0.1296011336502768 0.3173157673688524 0
3994 -0.9121865997066512 0.4276060722873782 0
3995 -0.1129588029827585 -0.4281235053988992 0
3996 -0.7544873609372015 -0.8974479651761715 0
3997 -0.737751073320256 -0.4366168737883234 0
3998 0.3144464188341364 0.06481862112261284 0
3999 -0.01219067279572497 -0.4828277555382062 0
4000 -0.272645246838954 0.9759727626904211 0
4001 -0.3037198323630756 -0.9764287093578495 0
4002 -0.8926471592286871 0.06641385296181897 0
4003 0.5994372914224164 0.5382168356974419 0
4004 -0.8818132692009099 -0.3195073256068791 0
4005 -0.7165657430347799 0.480371749213019 0
4006 0.8822139843498238 -0.8181064689608655 0
4007 -0.2653395747079327 0.6717918532414711 0
4008 0.8456510216829525 -0.7381542055229755 0
4009 0.734502430748934 0.8023918789892853 0
4010 -0.2686417677709507 0.1968148180548261 0
4011 -0.3856252715084812 0.7382568816675301 0
4012 -0.6827729089767303 -0.5679674107994541 0
4013 0.9169794049236872 0.1694458072643701 0
4014 -0.8159161483951793 -0.8302164884169899 0
4015 -0.8874255116051522 0.2768540970517574 0
4016 0.09591639672397341 0.3207753534265703 0
4017 -0.6010781289241394 0.5673700250631651 0
4018 -0.6055475858285184 0.5419170335522074 0
4019 0.4190610247553651 -0.5636170317795496 0
4020 -0.2339380149782176 0.02029024794864387 0
4021 -0.4397318473531991 0.1541995113477602 0
4022 0.4214149703903753 0.9424976435626073 0
4023 -0.8967886540105936 0.5169269417219444 0
4024 0.8443013647115667 -0.440566030495482 0
4025 0.7863526091671551 -0.3657721936189369 0
4026 0.2760303306307593 -0.7628440350055561 0
4027 -0.9078841149216511 0.497633020681809 0
4028 0.8171337294006275 0.1376009447695571 0
4029 -0.4069191323225195 -0.7821080486118245 0
4030 0.1850851491325914 -0.5743680908191982 0
4031 0.2508385487906734 -0.6263462311792797 0
4032 -0.1706716436869513 0.5698663151958949 0
4033 -0.4492203395595427 0.9282634679096954 0
4034 0.4393999917887385 0.8121612341771571 0
4035 0.2952792191230473 -0.7241411098824982 0
4036 0.1365993055148988 -0.7236311186713227 0
4037 0.2833341499373616 0.6877015066414571 0
4038 -0.05258606447376925 -0.6059555184030668 0
4039 0.7980492404524079 0.1843454274121829 0
4040 -0.1906887214413879 0.07846495983867198 0
4041 -0.373664685247491 0.6593968328490911 0
4042 0.07484786892449616 -0.4573630195957428 0
4043 0.5017109016499804 0.7811568470339428 0
4044 0.02424007721150739 0.5073778930268185 0
4045 0.04739691926007529 -0.9490428697777087 0
4046 0.2064430266378878 0.9437626658565674 0
4047 0.6573967073318736 -0.4955292807304408 0
4048 -0.9420303558866074 -0.8043647305527046 0
4049 -0.1340933227227694 -0.5550117728687146 0
4050 0.2757584066272621 -0.3363743529370624 0
4051 -0.2191746396353894 0.6882754833699329 0
4052 -0.5238359721233524 0.6710171459836242 0
4053 0.7579911448548668 -0.6193429228057633 0
4054 -0.207632665958996 -0.4768668536874402 0
4055 -0.1118176329695045 0.7935123913733101 0
4056 0.3198555420503133 -0.7700521793658157 0
4057 0.2191984649575539 0.5921491261082092 0
4058 0.5517176062117106 0.4786639247524676 0
4059 -0.5201649880198518 -0.7770344493429767 0
4060 -0.7233210087679314 0.8704531083628103 0
4061 0.2643906362613296 -0.3781129071676261 0
4062 0.3173849307814992 -0.4958806171881833 0
4063 0.8937112288637368 0.5139317188380911 0
4064 0.6084316759209168 0.9122091431788083 0
4065 -0.004915278767810883 0.161286235529061 0
4066 -0.7308308158547467 -0.5477453521322353 0
4067 0.06428484195919226 0.5691941583177793 0
4068 -0.4845542693595817 0.7535291207102143 0
4069 0.3020444367565307 -0.008113932920582465 0
4070 0.2427935119067336 0.09090990303684858 0
4071 -0.05351382842219546 0.458439722828264 0
4072 0.8424507510958656 -0.8049509790407069 0
4073 -0.2001414395366875 -0.8933024049112903 0
4074 -0.6149762907564418 -0.2160433631500497 0
4075 -0.05784532841614168 0.1714636801532214 0
4076 0.6708591104178325 0.7847025213970504 0
4077 -0.5773304743934413 0.9168761689655175 0
4078 0.9748124351684653 -0.2545425744653125 0
4079 -0.4052663407104456 0.940126635615715 0
4080 0.542705304039518 0.3574273643395367 0
4081 0.02418715382741963 0.3988211799611171 0
4082 0.3224533008133581 0.2932063102665751 0
4083 -0.8690276840131147 0.6367484871260235 0
4084 0.9769623246321797 -0.562379295323209 0
4085 -0.03121421503206289 0.1477542294788506 0
4086 -0.9797433084353199 -0.32835820895336 0
4087 -0.2973658652073845 -0.02689837685956285 0
4088 -0.7509469022398835 0.3049458956813551 0
4089 0.6650289160776345 0.4182268705331693 0
4090 -0.2211657956821265 -0.8128502811178683 0
4091 0.7214999786765386 0.9773336428440333 0
4092 0.9006086582811019 0.1250628292622607 0
4093 -0.156225562394666 -0.8933677498173109 0
4094 0.5284605604223671 -0.8050337687333747 0
4095 0.2457362288698472 0.6846511435421372 0
4096 0.9796047833857117 0.3027430829560219 0
4097 -0.8087168762700342 0.7007523229230532 0
4098 0.8169281218394869 0.899550823823405 0
4099 -0.4804460375803709 0.4228817657351596 0
4100 0.6562230863566998 -0.9797637123786809 0
4101 -0.6805231743294965 -0.6849318291748492 0
4102 -0.706337899153099 -0.679149672385685 0
4103 0.7051526584235647 0.7586631493215511 0
4104 -0.2468675804322094 -0.05195012261691103 0
4105 -0.8986099607049818 -0.2434016362058265 0
4106 -0.267589369036502 -0.1359489634714083 0
4107 -0.6006399594399708 -0.3956703067560874 0
4108 0.4189357487619741 -0.935366059240647 0
4109 -0.5564704817588643 -0.4208271259829776 0
4110 0.9459481159084202 0.003184989354495957 0
4111 0.6947356962171065 0.1587336106263699 0
4112 0.3846184025189848 0.4521622253954705 0
4113 -0.7371416807565627 -0.4684110732013278 0
4114 -0.8760590654305567 -0.8047638734516647 0
4115 0.7711334457409509 0.7604674189501125 0
4116 -0.6124309942133274 -0.9749542364654986 0
4117 -0.9328148330469731 0.2696909519732466 0
4118 0.7765782559712118 -0.4624402359219473 0
4119 -0.6330977170949957 0.3290502075915184 0
4120 0.3849363116101836 0.8781980948538094 0
4121 -0.6001358779942072 -0.8398203137182366 0
4122 -0.7272764909618552 -0.7942291705694058 0
4123 0.071817123464018 -0.3040339841601822 0
4124 0.07688502688534479 -0.05916605650561511 0
4125 -0.4438723128729923 0.6968065840656525 0
4126 -0.1697983600548044 0.1482892973667553 0
4127 -0.7789773545984985 0.5492722224220296 0
4128 0.01797339120611765 0.7896511882542049 0
4129 0.9041833158996525 -0.004620541294484934 0
4130 -0.9495346461860663 -0.5821145549140294 0
4131 -0.07571184439087096 -0.188688653069322 0
4132 0.5687827228985955 0.9814562934718591 0
4133 0.9797405373079932 0.7487441621645401 0
4134 0.3998698328174363 -0.5797320287256132 0
4135 0.1485361881148183 -0.6452819572632154 0
4136 -0.7236059056773217 -0.90243547623943 0
4137 0.2296935400616013 0.8054945885827431 0
4138 -0.429024743394904 0.7409637392814137 0
4139 -0.4714707472165516 0.5660767226765604 0
4140 0.1956644737014875 0.5044049074278188 0
4141 0.428876395175071 -0.8884999893968828 0
4142 -0.0726004453504798 -0.5221760184516224 0
4143 -0.09001703580877583 -0.4999175808870131 0
4144 -0.3682519276539227 -0.6248512560304912 0
4145 0.4720276229353303 0.3275346750150086 0
4146 -0.07648220615143508 0.8868967626178603 0
4147 0.1572900987792734 -0.6935813777447605 0
4148 -0.8569723056884178 -0.8222032628797253 0
4149 0.1575810583091226 -0.5347159996683242 0
4150 -0.9008827336033367 -0.09561244395885903 0
4151 0.8674347578859098 0.4997401609840062 0
4152 0.4238068065686138 0.6724915122427436 0
4153 0.6261795888882596 -0.9454538400597169 0
4154 -0.2481287877238605 -0.1861561072405588 0
4155 -0.7430995566017352 0.08355158519716213 0
4156 -0.7711775059684222 -0.5137976095774518 0
4157 -0.5265249303244171 0.6019451370119906 0
4158 -0.8638892489522694 0.9498737752756015 0
4159 0.719698574565258 0.3964082245124213 0
4160 -0.5327696109211912 -0.2493732517400756 0
4161 0.5783770984601044 -0.6646411188571865 0
4162 -0.9772598504777755 0.6316651425542923 0
4163 -0.01278930483173448 -0.1355143460260967 0
4164 -0.6483798432196807 -0.1811093711676431 0
4165 -0.7921620154174345 0.8868990589513823 0
4166 -0.4154796225110126 0.05409386331121471 0
4167 -0.4418902900183339 0.06403235326773685 0
4168 -0.3870601418014252 0.5689924279889585 0
4169 0.1817609642979415 0.9795637089589369 0
4170 -0.9471350717008303 -0.9333170035354331 0
4171 0.07145248690115943 -0.7784594993617725 0
4172 -0.6781252620044493 0.1861049157011732 0
4173 -0.1694707510822591 -0.2256975654817406 0
4174 0.6624463586191492 -0.7000279907770295 0
4175 -0.07799921223383126 0.03767220278611024 0
4176 -0.129257048316368 -0.7326787861138662 0
4177 -0.1191615162232252 -0.1339702300647707 0
4178 -0.02705428030476519 0.8722472899340955 0
4179 0.4227822684100585 -0.3856731223853928 0
4180 0.6965933688368069 0.9431753652529903 0
4181 0.2683614340802138 -0.6458598544860212 0
4182 0.04517867795912364 -0.726887803490573 0
4183 -0.6485157008473232 -0.002103657464505244 0
4184 -0.8588454632365059 0.267575834379468 0
4185 -0.9798895827175391 0.2685605002877272 0
4186 0.2527903769692547 0.4765749815947551 0
4187 0.3890698033597512 0.1062390892721388 0
4188 -0.06823803501012088 -0.7900138038860647 0
4189 -0.05699236516395828 -0.8141696250337704 0
4190 0.5210097088933996 -0.5665200598238147 0
4191 -0.1915602373503948 0.3960445980169519 0
4192 -0.1403898858576246 -0.4402473707590417 0
4193 0.1752487424831441 0.9379210011732733 0
4194 -0.3698057568908417 0.6075966633057782 0
4195 0.297265760274638 0.03692444596125787 0
4196 -0.5130728502923285 -0.2779518891219121 0
4197 -0.4159912380178691 0.2504885896092877 0
4198 0.9067275664425548 0.8398352219313093 0
4199 0.9190770509867837 -0.4561206615194992 0
4200 0.3425031314079383 -0.8900751028711132 0
4201 0.9727894192376589 0.331055719675639 0
4202 -0.3196525039040015 0.2414403692924251 0
4203 0.77639692416271 0.8842748223721415 0
4204 -0.5869548581816164 -0.5783284236411546 0
4205 0.9064559004325838 0.2823736675453979 0
4206 -0.6758612601709838 -0.07891603708280362 0
4207 0.2201527472212018 0.302201854221242 0
4208 -0.5317367335665197 -0.509459183396806 0
4209 0.210979532197305 0.8469936705636023 0
4210 0.8763954241197274 -0.2349318739569416 0
4211 -0.3165097483211992 -0.6763475078604451 0
4212 -0.9219620621171225 -0.4320270681912236 0
4213 0.1747314578150391 0.08661454641492906 0
4214 0.9083827110826888 0.4711162455771178 0
4215 -0.3528337412138678 -0.7052552423983189 0
4216 -0.200045266650245 -0.02066430109525608 0
4217 -0.5096127823125592 0.8583954312232938 0
4218 -0.1660941363017609 -0.4829528300950985 0
4219 0.5280040004519799 -0.9025945663279262 0
4220 0.09733959966046878 -0.06983509567002691 0
4221 -0.107029904997879 -0.8779312832706592 0
4222 -0.5189407995557249 0.9394357076661304 0
4223 -0.1301520457562067 -0.4686719934284484 0
4224 -0.7820233197412501 -0.4579589867366421 0
4225 -0.6047103270090525 -0.7921532821450098 0
4226 0.2535879008770672 0.2217464877164051 0
4227 -0.8143059919269109 0.1867981045061624 0
4228 -0.6510289867694632 0.2443519811336318 0
4229 -0.0003734742553682353 0.9781387280006869 0
4230 -0.9470430865966679 0.9738681308358192 0
4231 -0.4904900077776757 -0.03420891514146659 0
4232 0.3945374153643211 0.6326103391807139 0
4233 -0.7650395731734422 0.1828107531361843 0
4234 0.5522267928326844 0.5991216777222353 0
4235 0.8835846652879222 -0.6384847387451528 0
4236 -0.4486378789328276 -0.3356316755978358 0
4237 -0.1204118679587024 0.4650049105384414 0
4238 0.8335042400508937 0.6429252560346062 0
4239 -0.08408093525768109 0.9289375535599536 0
4240 0.8554677928562919 0.2250171453314576 0
4241 0.0355656739019969 0.9479905521576586 0
4242 -0.8998267200293646 0.900684782999862 0
4243 0.03231885272371268 0.05550804316607647 0
4244 -0.4072111970459889 -0.7263854673899862 0
4245 -0.1890972085070032 0.02533340314465505 0
4246 -0.4532610261737052 0.3895641119325662 0
4247 0.370779931850541 0.9455277308941578 0
4248 -0.01557660327085538 0.6129018913893299 0
4249 -0.4003451751212717 0.09325915446788893 0
4250 0.4499424344296366 -0.5016721882395669 0
4251 0.5618760840772444 0.3146229882315294 0
4252 -0.3546840205661509 0.7255988079965383 0
4253 0.1167747451272696 0.843054680977826 0
4254 -0.9004773631089844 -0.6512715783211638 0
4255 0.3054531565425467 -0.4065875121457972 0
4256 0.6312510639594553 -0.8305434709544973 0
4257 -0.4142804930456419 -0.5196708730239605 0
4258 0.8618157485746245 0.599926216635436 0
4259 -0.790721833959232 -0.756557369251625 0
4260 0.07201330375025025 -0.5033400438908525 0
4261 0.7190100265899646 0.6766517725222128 0
4262 -0.1223959370125152 -0.1770594048475678 0
4263 0.9246140883779287 -0.6115260594346665 0
4264 -0.5371781693923419 0.8909989096815611 0
4265 0.001356004196844789 -0.8799894741642642 0
4266 0.267852361814001 -0.5448077098677778 0
4267 -0.1667396752736348 -0.8668765533639552 0
4268 0.1557523224006427 0.634117059439538 0
4269 -0.7874798682722129 -0.6574727446476765 0
4270 -0.09538882728790185 -0.1127553985010389 0
4271 -0.7638762737967082 -0.0179180651320093 0
4272 0.3562898227649781 -0.8652754564234542 0
4273 0.5710818479530337 0.9320068650399681 0
4274 -0.6009866720266369 -0.5371839958838315 0
4275 0.9210449717010658 0.3428121967681174 0
4276 -0.9477297164866858 -0.6123154361613492 0
4277 -0.3770562723013281 -0.164090180824984 0
4278 -0.4003038921364812 -0.1543895741420816 0
4279 0.3757514256722742 0.3022437544338905 0
4280 -0.07391912282675045 -0.00980014260979745 0
4281 -0.09603822508296975 0.7662847608345302 0
4282 0.3738730548973642 0.6727098699200263 0
4283 -0.8383793730991014 -0.9769132840531711 0
4284 -0.2381738203522069 0.37039713547048 0
4285 -0.6453900876869547 0.5719742819669082 0
4286 0.3222628943758224 0.6262660056694976 0
4287 -0.8809246446754782 -0.5919911491192253 0
4288 -0.6970470077162931 0.6895749692856505 0
4289 0.8880156900238244 -0.7867305117106091 0
4290 -0.636814425153678 -0.3628945173745931 0
4291 0.04529049706176567 -0.8629807489145116 0
4292 -0.4147842112049032 -0.8370973261159936 0
4293 -0.1051639534074876 -0.159383768120915 0
4294 -0.2927354714996742 0.8728698286397618 0
4295 0.9477988557615682 0.4104138460977313 0
4296 0.2504052586860722 -0.1645247128093548 0
4297 0.56877521166963 0.7029515226066141 0
4298 0.1783000545918932 0.8532487469614314 0
4299 0.6383246491025606 0.7161306964964658 0
4300 0.7201914474400615 0.6478099624125181 0
4301 -0.1285254940899003 0.3687427276246679 0
4302 0.08996569005432213 -0.6065429544633991 0
4303 0.04453946861608717 -0.01805128822445895 0
4304 -0.3947117082201832 0.6445049741336892 0
4305 0.3291717944528709 0.7469970234045509 0
4306 -0.7487884404951572 -0.8636874291085954 0
4307 -0.6181423049599118 0.2067038534929753 0
4308 0.39960659048515 0.3121566600652736 0
4309 -0.8245983097156238 -0.9061786595095772 0
4310 -0.2873820291380788 0.8973081960204166 0
4311 0.5059070882629275 0.2760619236227076 0
4312 0.005959913119379884 0.4564956984842575 0
4313 -0.4622498633101925 0.6813037492198905 0
4314 0.05770359764697731 0.588772527560094 0
4315 0.5059457685004519 -0.6208515005522772 0
4316 0.3913801569690459 0.4924981666155882 0
4317 -0.9773675387861054 0.8898186059659751 0
4318 -0.7931373881891164 0.3666660314343374 0
4319 0.7646837283435995 0.5532904347452319 0
4320 0.4705265626679329 0.2548129996907025 0
4321 -0.06890271064491535 0.3383949949046128 0
4322 -0.6026794773683736 -0.9446413716394199 0
4323 -0.3945165982324357 0.2690403101822146 0
4324 -0.02341711883233284 -0.391016241600859 0
4325 0.370505171799983 0.7892661706193296 0
4326 0.776385399422828 -0.6642151327155175 0
4327 0.06663313727048351 0.3859041122152712 0
4328 -0.04820056257973192 0.3224505331016964 0
4329 -0.6534184564243088 0.533347193956407 0
4330 -0.4895931478658356 0.8744419476899554 0
4331 -0.5716223919877211 -0.9020873956008486 0
4332 0.6830225269780612 -0.9097119921730168 0
4333 -0.5350558621087589 -0.1092644007339609 0
4334 -0.8212765929688338 -0.8576343882310501 0
4335 -0.8454802272695663 -0.8653427625045907 0
4336 -0.693558780749015 0.01684433831305028 0
4337 0.5318114430855148 0.6778794387936671 0
4338 0.9242660838695871 0.7931968833957401 0
4339 0.9798980439260544 0.5683380026256539 0
4340 -0.3091665967695805 -0.9246143279807876 0
4341 -0.3289472404175737 -0.9379819013038498 0
4342 -0.5765464660221891 -0.8005562155707843 0
4343 0.03211733352589177 0.1853513558931534 0
4344 0.9168429907647785 -0.5689450577926277 0
4345 -0.3083817162377238 0.05932003687362941 0
4346 0.1222252050180139 0.2051073742323881 0
4347 0.5438436241877459 -0.7643319543528533 0
4348 0.08978378787270858 0.6749296297567018 0
4349 -0.5289761715544939 0.3674577977541713 0
4350 0.578567065879476 -0.438472266360972 0
4351 -0.4660806223146622 -0.454185007960748 0
4352 0.457504277050459 -0.7922072144742462 0
4353 0.3455581999358271 0.5337945108216222 0
4354 -0.3284711657681972 -0.7943778825779615 0
4355 -0.5639748755765916 -0.07044943471081548 0
4356 0.2057742369487068 -0.1622710593021898 0
4357 -0.5258262284594506 -0.6987762950337317 0
4358 -0.06083241477268478 -0.360330602113843 0
4359 -0.2239486087547383 -0.1758293684975654 0
4360 -0.1033438170489143 0.1171477074693847 0
4361 0.1619822811854817 0.3210646790003776 0
4362 -0.7368929901412181 0.1396896018126005 0
4363 0.2474349624171927 -0.3056368403857306 0
4364 -0.9453995772191603 -0.7472320253726799 0
4365 0.6109606358468385 -0.7525584296528773 0
4366 0.3972756950962841 0.5808856678998315 0
4367 -0.8851464232984505 0.1938077256123693 0
4368 -0.9048627595346552 0.1743575089002 0
4369 -0.2878241427353412 -0.3802341426271332 0
4370 -0.2133031247917338 0.1450275266798259 0
4371 0.6195273106760441 0.2040353883586094 0
4372 0.6448436035035523 0.8777020507995419 0
4373 0.3878987818070341 0.2151197439132326 0
4374 -0.1836459692979067 -0.3753748676892258 0
4375 0.107580050714973 0.7105415657013581 0
4376 0.1777231368965429 -0.648686697588245 0
4377 0.135390778864229 -0.008510001705430819 0
4378 -0.819980598319497 0.4366764461121165 0
4379 -0.6295082403745225 -0.04506664777881265 0
4380 0.7657892178838621 -0.920515845480212 0
4381 0.9165759178256329 -0.7236164496854943 0
4382 0.3570016417808985 0.4435675451700849 0
4383 -0.2657852512088297 -0.09419004898242223 0
4384 0.944786053270895 -0.3829894490960375 0
4385 0.4473652100599165 -0.7536044200031575 0
4386 -0.1150640285774862 -0.5365569654577125 0
4387 -0.6322079151132534 -0.2915689195344248 0
4388 0.2710604365781377 0.6135283335897471 0
4389 0.9076271347370863 -0.3985364578913217 0
4390 -0.5249649606314053 -0.4689481647239691 0
4391 0.819616100606547 -0.8501220321864951 0
4392 -0.4528301739016338 0.5805371733316013 0
4393 -0.06697206766216493 0.7779626320966742 0
4394 -0.6889400667567991 0.8462212784241906 0
4395 -0.06465337100849942 -0.9784184771741912 0
4396 0.2740310680905784 0.8203023158393046 0
4397 -0.1124591541843222 -0.6573889504685145 0
4398 -0.7756373327192982 -0.5550527920152868 0
4399 -0.7579502129615521 -0.538314501632349 0
4400 0.3140663031927596 0.3412268619993797 0
4401 -0.1518760457050551 0.5310237771904962 0
4402 -0.06233218824686223 -0.8588321273910727 0
4403 -0.4393340574858194 0.7948265928462964 0
4404 -0.9036051501880242 0.7501563792334136 0
4405 0.9048098845426443 0.9361282577656288 0
4406 0.8360642136052153 0.1647604768330952 0
4407 0.2898144774650201 0.1140597764658058 0
4408 -0.2575572931621846 0.03280953836069037 0
4409 0.2974039406130264 0.3843456378425728 0
4410 0.6066205837942964 0.2500053577478299 0
4411 0.2115931458788032 -0.7482084115078848 0
4412 0.4890043195790621 -0.9410791306395219 0
4413 0.3451518756340729 0.142127162512319 0
4414 0.00379904557878373 -0.6989222244234836 0
4415 -0.3143116060136173 -0.4991927428225444 0
4416 0.4711676587374583 -0.7449724675698867 0
4417 -0.9420507175071547 -0.3489281096098439 0
4418 -0.1322920526786349 -0.9409675081572999 0
4419 -0.475910711612918 0.6152606370917226 0
4420 -0.8665868204300262 0.685730136645778 0
4421 -0.9267716222746381 -0.3267499725212669 0
4422 0.8297110968567865 0.947063640350696 0
4423 -0.9233846258941512 -0.9481951703957737 0
4424 0.1090743025013711 -0.7794451092716632 0
4425 -0.4087365181465309 0.4044220835933808 0
4426 -0.2985403257570532 0.793922452199421 0
4427 -0.8054665127454723 0.4784149840616818 0
4428 -0.4537475845813035 -0.245133876347297 0
4429 -0.9789253617336674 0.06295874056672056 0
4430 0.05642592232198204 0.769301562830351 0
4431 0.5067570523926959 -0.4899863699048256 0
4432 0.318201484043023 0.1057141476590868 0
4433 -0.3780360168910744 0.1355476085604554 0
4434 -0.4668463480209203 0.1944280556094257 0
4435 0.937171725656334 -0.6846303765809276 0
4436 0.9479060092283387 -0.2585151918139075 0
4437 0.05277921463869394 -0.0793573529966615 0
4438 0.9771760404684078 0.2579743821892101 0
4439 -0.400117680812675 -0.5812582981017749 0
4440 -0.04534744241935023 0.5766924069729423 0
4441 0.6253552722904449 -0.4644526758356302 0
4442 0.02747272809406165 -0.2709617795686519 0
4443 -0.3138699568125186 -0.6000284682674962 0
4444 0.5720859181530074 -0.4718219994157747 0
4445 -0.5167347962522519 0.7502112665286362 0
4446 -0.8000341156629797 -0.8974127851117477 0
4447 -0.5495976007505948 0.7690912203661022 0
4448 0.07379256839704287 0.5193373548133413 0
4449 0.5985229887808434 0.7010574764807733 0
4450 0.5018993144371507 0.4329405410736389 0
4451 0.2777976748130392 0.4432994697436189 0
4452 -0.9499247213330269 0.1682813711142687 0
4453 -0.09919845288460911 0.1615648122073095 0
4454 -0.06033149349120609 -0.3174941589578053 0
4455 -0.3801744766748898 -0.8892165331217058 0
4456 0.7405805141671589 0.7292250532941678 0
4457 0.7833550130593766 0.8121478806873753 0
4458 0.6601527654237236 0.7441996699264863 0
4459 0.1137914265240102 -0.8956390157969738 0
4460 -0.09082484493383482 0.3807265284189999 0
4461 -0.7648499629176937 0.3317473733942177 0
4462 0.8263578020384682 0.6140479556399134 0
4463 0.01189790385447534 0.2034862557146992 0
4464 0.485119787666758 0.2281874411920484 0
4465 -0.7671686984846325 -0.5777587839563305 0
4466 0.4686222407293238 0.4669568216150792 0
4467 0.2355696425369866 0.03143506798048085 0
4468 -0.4685268825720827 0.2846219735804886 0
4469 -0.4208189420659022 -0.756208994093303 0
4470 0.02236849904293468 -0.450046560798106 0
4471 -0.883509343791778 0.8613149633659314 0
4472 -0.6532112854138685 -0.4492495257390866 0
4473 -0.102899651123037 -0.2957627288811608 0
4474 -0.07379499234590377 0.07892751268339897 0
4475 0.6528371029300565 0.2613493087286777 0
4476 -0.4189891672031127 0.4806341075324078 0
4477 -0.06732431576463468 0.3659175642356153 0
4478 -0.5029042511229153 0.6640202628298103 0
4479 -0.4326776103373901 -0.9423948148414875 0
4480 0.122682640087614 0.9390193564499598 0
4481 -0.3792749038101622 0.2290145332021876 0
4482 -0.9782118500327803 -0.07228851825670199 0
4483 0.167145591771253 0.3710348865424464 0
4484 0.1509577213905178 0.3947079298776773 0
4485 -0.6961359065690247 -0.8068060738095459 0
4486 -0.8864301205806828 -0.510143806348202 0
4487 0.9372734235690874 0.9039427409277754 0
4488 0.4125686161148431 0.5957766973039987 0
4489 0.07627065535137423 -0.8920662171264477 0
4490 -0.0004442218857772052 -0.5783522160151313 0
4491 -0.8994270274006226 -0.1755152352613101 0
4492 -0.5658592250943316 0.5903158438169041 0
4493 0.5486006495890483 -0.5225427309130031 0
4494 -0.7347160498161964 -0.834834458611903 0
4495 0.02267772326040111 -0.6787451049839526 0
4496 -0.899377868866893 -0.7627229652459102 0
4497 -0.6469400832062192 0.7578712705597116 0
4498 0.8120576760236866 -0.4397952814224265 0
4499 -0.06128926871632912 0.4100812095592832 0
4500 0.1269466295158838 -0.9410875008505928 0
4501 -0.3157036228368956 -0.07050476442468374 0
4502 0.5800233200303837 0.5656873706839791 0
4503 -0.5306383142753081 0.1456301190232986 0
4504 -0.192979825310539 -0.3452470734254175 0
4505 0.3424662781039636 -0.3165318873521147 0
4506 0.1657579785016304 0.7691116291026756 0
4507 -0.4765566967284517 0.5005121834108333 0
4508 -0.2713368819941768 0.9480461527349847 0
4509 0.5332390623611938 0.4972017470944334 0
4510 -0.5230143461737713 0.5085031355615308 0
4511 0.2870382920398784 -0.1989789254285407 0
4512 0.81509290019092 -0.6064430213466047 0
4513 -0.3624209622983615 -0.4381216663005312 0
4514 -0.365943707293734 -0.4619564470608403 0
4515 -0.6892221076401999 0.417542175806405 0
4516 0.367235628959212 -0.5574701709504495 0
4517 -0.05888855476222447 0.7060687122173389 0
4518 -0.4301683338450653 -0.4965242112359217 0
4519 -0.4866163392727475 0.05606885104134056 0
4520 0.009149288750717341 -0.9513895731513525 0
4521 -0.659689202911674 -0.2953753945354584 0
4522 -0.2603816787509504 0.9007857144117883 0
4523 0.9513135788119176 0.463193407294315 0
4524 -0.7841984412788753 -0.04841064558920449 0
4525 -0.9780998072977369 0.8390697061716836 0
4526 -0.1718706435509681 0.5476781606893761 0
4527 0.5580896711380748 -0.9084853904052169 0
4528 -0.1655233304253112 0.06842473730139684 0
4529 0.07239723911668672 0.1960002240425925 0
4530 0.4565149562152301 -0.9019094250627032 0
4531 0.9790908082729071 0.1229913232417331 0
4532 0.2648539540205842 -0.8093196110504858 0
4533 0.8801652130825073 -0.05274671542262976 0
4534 -0.8613514135663508 -0.02777886174927885 0
4535 0.6888381484129643 0.1855703680294662 0
4536 -0.4014754481509607 0.7793300329941231 0
4537 0.8356368920641254 0.5671928517606941 0
4538 0.4343684993543385 0.2144361833565307 0
4539 0.9807874098740149 -0.8665893863384083 0
4540 -0.9777483760408178 -0.8889699815644605 0
4541 -0.6407201628544337 -0.9038155434111568 0
4542 0.7053608982180464 -0.9522933874063302 0
4543 -0.8671920445613128 -0.3630765440753347 0
4544 -0.7528772722571597 -0.7835437399400768 0
4545 -0.9799679143283525 0.3884730098582824 0
4546 0.8953461878668472 -0.3683541700565856 0
4547 -0.7386633932508321 -0.9425641766816799 0
4548 -0.6133266424073629 0.6390677075711009 0
4549 -0.7484435688520289 -0.6811186062360677 0
4550 0.8663964989797418 -0.3778163768664327 0
4551 -0.4699179438973078 0.1104369384774953 0
4552 0.9412483530464737 0.7365711357365974 0
4553 0.5483065412935336 0.6363976414022767 0
4554 -0.04828235331513178 0.4870035319700016 0
4555 0.9062456967658117 -0.6747622554878587 0
4556 0.2501302566565258 -0.8458246301719442 0
4557 -0.2116071522850179 0.4307126720582665 0
4558 -0.7927376833428494 0.6304012076216631 0
4559 0.7772973906956984 -0.4153950896783259 0
4560 -0.1938785598460655 0.9423961848552445 0
4561 0.9019624706265175 -0.2500066678232803 0
4562 -0.4347607009179491 0.3535335953588114 0
4563 -0.8883869525826322 -0.8531339671727133 0
4564 -0.3010888563825302 0.5354251137340118 0
4565 -0.07367200097748222 -0.750654629373447 0
4566 0.3047886609024105 0.9781108574858314 0
4567 -0.2310437153398159 0.9771490272771604 0
4568 -0.2438331348862592 -0.2139524269444278 0
4569 -0.7829525520646685 0.8083027758457536 0
4570 -0.2310875498554252 0.6166281755594075 0
4571 -0.6188858807167714 0.7588460218940414 0
4572 -0.5875278308004773 -0.02838055453045841 0
4573 0.6657399600406955 -0.9373206848037472 0
4574 -0.7855758114272087 0.4582414950356575 0
4575 -0.07599284603883347 0.1510929958947764 0
4576 0.4203367599774875 -0.4250915261240589 0
4577 0.1697220639959859 0.014142258340023 0
4578 -0.4240443661014027 -0.009214991102900041 0
4579 0.2779337049097492 0.402332584057101 0
4580 0.3723240722436036 -0.9491771123619084 0
4581 0.4146628278163969 0.917440711176584 0
4582 0.3041143699514401 0.7104567288398398 0
4583 0.8678307642776273 -0.008424856018471993 0
4584 0.9775540111914427 -0.05534025553741774 0
4585 0.6181429119566324 0.3621625545582629 0
4586 -0.8686001223615584 0.2337097449125392 0
4587 -0.5713418413178066 0.616525148152376 0
4588 -0.9044645097479755 -0.5542798512333035 0
4589 0.2650531387119462 0.1729837436836527 0
4590 -0.2781288284565639 -0.4301150512678857 0
4591 -0.9830814508607617 0.001862120623700712 0
4592 -0.8039224220068037 0.3934795863567029 0
4593 0.09220181522891643 -0.322775964411867 0
4594 -0.3810681921102462 0.01688299862657296 0
4595 -0.9428409724992751 0.2492202272607955 0
4596 0.1824657791649937 0.4169191357433087 0
4597 -0.9763792035645313 0.4449929721268266 0
4598 0.01362884930716879 -0.9093005330345061 0
4599 0.09111807599372151 0.1039692281329488 0
4600 -0.6431917809480998 0.4795728852526789 0
4601 -0.6740003712606736 -0.6423686756465163 0
4602 0.2666113107478255 0.780244949453604 0
4603 0.02202020935218062 0.2314579255096284 0
4604 0.4437521194520808 0.6558610702682697 0
4605 -0.8530422914023617 -0.7444481614759617 0
4606 -0.2837853041082419 -0.1569613069943101 0
4607 0.01479044618018232 0.5785410997010081 0
4608 -0.5566567144261521 0.7235397796518169 0
4609 0.2252505014798657 -0.5466763437661072 0
4610 0.4616305490109014 -0.8602694350620927 0
4611 0.1579971798640067 0.5284782964708769 0
4612 -0.8122622327884444 -0.5906491419953932 0
4613 0.2689575030816043 0.3529920244332094 0
4614 -0.7952598001845145 -0.6078713712389783 0
4615 0.6757929042417433 -0.6560343148631482 0
4616 0.2152271269769022 -0.6090259018866679 0
4617 0.3777105701574913 -0.7991464626528355 0
4618 0.3704572816802371 -0.8223146002069838 0
4619 0.4046989795350727 0.3827088083561914 0
4620 -0.05163308991416978 -0.1584596553465689 0
4621 -0.06012734234415829 0.5950472146238425 0
4622 -0.5909625692870856 0.4119365261004659 0
4623 0.2209400815391363 0.1142246825472954 0
4624 0.3479086592790214 -0.9340004851464523 0
4625 -0.5285753220728551 0.6952349700368229 0
4626 0.4157574839868364 -0.8061471240024504 0
4627 -0.6303320360686201 0.7111730941145079 0
4628 -0.4477611940313833 -0.981777669090084 0
4629 0.6334740920837151 -0.5016039091655169 0
4630 0.482806626325671 0.6095802884825628 0
4631 0.7029219316300801 -0.5076405592833831 0
4632 0.6959678686542905 -0.5309961981608121 0
4633 -0.7134911265330413 0.6120952699550933 0
4634 -0.6406820467033814 -0.2086195435789448 0
4635 -0.1441603860565331 0.1657556753830678 0
4636 -0.6069241585327285 -0.06328034244601279 0
4637 -0.3403559115261606 -0.4967624227377079 0
4638 0.2662527253313619 0.2755500114519113 0
4639 0.9139437610718915 0.5591095149489578 0
4640 -0.7660013373230568 0.09535719297669934 0
4641 -0.2597429202494601 -0.9772498580698801 0
4642 -0.9435239767898322 -0.154319941105773 0
4643 -0.8959588857531717 0.677580664915878 0
4644 0.9818156580267933 -0.5074626865685309 0
4645 0.6464021962287239 -0.7929446531984804 0
4646 -0.2955538209788116 0.2481480100599038 0
4647 -0.3276581708123684 -0.7173441601574371 0
4648 0.2095226632296031 0.1966628723896101 0
4649 -0.7276061804786248 -0.3408462497703602 0
4650 -0.6686133129904768 -0.1479511284818775 0
4651 0.1333277831032627 0.558832294395374 0
4652 0.8655455486933881 0.9795919028996092 0
4653 0.9766108519505293 -0.8405719170760675 0
4654 -0.8689709006414805 -0.4617913668707961 0
4655 0.232953153611688 -0.892112954155201 0
4656 0.5591205544669187 0.6802727775143409 0
4657 -0.8015160456484676 0.9288206551543805 0
4658 -0.6699378095487275 -0.5196988568594256 0
4659 -0.7105844819981317 0.0531315178544776 0
4660 -0.9802849002180432 -0.4754640072988934 0
4661 -0.9428318018853379 0.08588056675742163 0
4662 -0.07899454207789626 0.1964392115936011 0
4663 -0.7354125040975668 0.465188631128399 0
4664 0.0995903277186363 0.5926140237454334 0
4665 0.6851003661544752 0.41255694431448 0
4666 -0.5601769818549109 0.8124054861183829 0
4667 -0.5370900562403423 0.8162422206337733 0
4668 0.04482057144444879 0.4392891496994185 0
4669 -0.8955223880599922 -0.9818738547025561 0
4670 -0.9087664855144377 0.04846230246037993 0
4671 -0.9813791920920663 0.6863977491922002 0
4672 0.1194029850721828 -0.9818762293071791 0
4673 0.8002325592916276 0.08606992320063706 0
4674 -0.8267336852307219 -0.05789451336799451 0
4675 0.1948469109329808 0.156461581813376 0
4676 0.6402733097853966 0.640193615022973 0
4677 0.8797922999649661 -0.2129682147231668 0
4678 -0.2426094348684245 -0.6978574879322776 0
4679 -0.2465130724938715 -0.7226304380104566 0
4680 0.03223377112638492 -0.4724555166143719 0
4681 0.6342406135914325 0.1679976101859589 0
4682 0.1736527642510063 0.5952114705745595 0
4683 0.7848741287658306 0.5004447129862318 0
4684 -0.5780478447589446 0.4712132778228547 0
4685 -0.02859922289883764 -0.6407378903891807 0
4686 0.9768123752331823 -0.6681327160465382 0
4687 -0.8139020556974712 -0.9788451308468793 0
4688 0.3829074823631453 -0.4107463749977499 0
4689 -0.7968574076103015 -0.09398015170392324 0
4690 0.1235513255726075 -0.1444938543816997 0
4691 0.3547848538009996 0.7129741978364257 0
4692 -0.1013943183172566 -0.8255973566998233 0
4693 -0.3902703160791831 -0.3119499965012564 0
4694 -0.6993702410553062 0.1576938607252043 0
4695 0.9828181718439766 -0.1172768048662002 0
4696 -0.9386606783650607 0.05430327103557558 0
4697 0.1064178839578127 0.4084172548315073 0
4698 -0.786895531496039 -0.7980713359327266 0
4699 0.4169608137092138 -0.6834964898551417 0
4700 0.5172908525502949 0.6960890871389322 0
4701 0.04442392794883892 0.6369335560103943 0
4702 0.3326849494152256 0.4021216801327112 0
4703 -0.8816844370881241 -0.5620463215591334 0
4704 -0.8617245765824053 0.4939695842955956 0
4705 -0.7940043350636993 0.02421712363276986 0
4706 0.6259963224976147 0.9212514745573634 0
4707 -0.9529082427048998 -0.9811133963767482 0
4708 -0.8200816169824727 -0.08063903290899468 0
4709 -0.7186387195758095 0.3292940895384704 0
4710 0.2512567570465283 -0.5842245622478396 0
4711 -0.677543398350022 0.8039149519495112 0
4712 0.9773817163178481 0.08051692720762621 0
4713 -0.5504026812009253 0.5042538924131681 0
4714 -0.6290783862174083 -0.6384667558112953 0
4715 -0.2186808867402345 0.8839663527480127 0
4716 0.326828926602415 0.6725281264340084 0
4717 0.002704354014936087 0.1159051757913455 0
4718 -0.1000139006622821 0.1859678144431448 0
4719 -0.4100553721532968 0.6039600531773007 0
4720 0.5693424951948678 0.863168348338942 0
4721 -0.02840871542372975 -0.8433813355115496 0
4722 -0.4281737635828087 0.5625768794942142 0
4723 0.06303031374158165 -0.1501206279748334 0
4724 -0.9820496267740547 -0.6865671641782356 0
4725 0.5657433963308993 0.746641194186306 0
4726 0.9083519242075091 0.4170657084901265 0
4727 0.3261728698625841 0.5565081623655437 0
4728 0.02593910200818673 0.909391671553941 0
4729 0.1381922882707271 0.3118669546008098 0
4730 0.9014696277129928 0.08025529698192263 0
4731 0.8396545950622436 -0.3479335307263324 0
4732 -0.5973996863507856 -0.1479546767634719 0
4733 -0.3710951905034779 0.9204156959954063 0
4734 -0.7953421209598514 -0.2135113921351504 0
4735 -0.2092567788525716 0.6227250844258827 0
4736 -0.07005300361698776 -0.1036614293750719 0
4737 -0.4085321416424557 -0.4368445033237915 0
4738 -0.5242372154123381 -0.1993798379011371 0
4739 -0.5174765015489271 -0.4038462671546258 0
4740 0.1882433380818817 -0.7715120972560836 0
4741 -0.4587502623822152 0.6541204891772248 0
4742 -0.198239285324601 -0.5175431935435748 0
4743 -0.02539362580363404 -0.05457294102135329 0
4744 -0.2141875317881941 -0.4577375918053417 0
4745 -0.1262908254743741 0.4930803099046294 0
4746 0.4366179534869931 0.4387976689501576 0
4747 0.38469907604961 -0.8735578444394247 0
4748 -0.8938624521177961 -0.0668360790846953 0
4749 -0.3435980483811498 0.201205096894739 0
4750 0.1702414174280888 0.5718533106615563 0
4751 -0.8833429906456161 -0.6934777698473128 0
4752 -0.9787727961128476 -0.2395240640695479 0
4753 0.5169622239808309 0.452462013030879 0
4754 -0.08553907078253781 0.8432270350473248 0
4755 -0.9781398169291751 -0.8358642552170843 0
4756 -0.1897449295392863 0.1055664531301146 0
4757 -0.9219923820268958 0.5442590823623924 0
4758 -0.3097712042639297 -0.2502023796266836 0
4759 0.809484487907984 -0.7313528984534141 0
4760 0.7807679681644306 0.2759563090516274 0
4761 -0.7017980304084313 -0.2736356779132283 0
4762 -0.8822511573624672 -0.1296645466154581 0
4763 0.8884590218725767 -0.1746493843166812 0
4764 -0.560666543537689 0.136942949768232 0
4765 -0.9439440239070964 0.5082903174878318 0
4766 -0.9158766887056318 0.8636105934835816 0
4767 -0.7642845610375903 0.7372272370303851 0
4768 -0.645045831045067 -0.7860170826645565 0
4769 0.2224765152293431 0.1551381263826206 0
4770 0.884357533840246 0.2592710182558303 0
4771 0.8990282617508326 0.2326552738558855 0
4772 -0.4994310320702496 0.3175981187984824 0
4773 0.8232862999644015 0.2937129560052888 0
4774 -0.890044523570349 -0.9411824397841682 0
4775 0.8516132628933217 0.6678608422911675 0
4776 0.301682422957032 -0.682024311595204 0
4777 -0.6001060562323918 -0.4360507193698784 0
4778 -0.27125033078134 -0.686410811905423 0
4779 0.05906123573379309 0.07330763001205236 0
4780 0.2467166356085374 -0.5321073248219653 0
4781 -0.2568921350780741 0.8365973734887968 0
4782 -0.9070163433102403 -0.8302267878496943 0
4783 -0.4887744969134374 -0.5305681921003882 0
4784 -0.742321335289542 -0.2813295692112859 0
4785 -0.9000908953303731 -0.8057413403995426 0
4786 0.839516365785148 0.9061833063587715 0
4787 0.8096894431508339 0.7449685103238057 0
4788 -0.02507121856250188 -0.2289491401363108 0
4789 0.9072946226724088 -0.02839772847074502 0
4790 -0.07708052906705372 0.5497374861148273 0
4791 -0.4052056543359205 0.7263977787971446 0
4792 0.9095546242695827 -0.4828835120767074 0
4793 0.9406452119860964 0.1395816849961341 0
4794 -0.5258588612233693 -0.8632402864139401 0
4795 0.004437464795316997 -0.5362157286509696 0
4796 -0.8980977407435086 -0.2182474101597109 0
4797 0.4281200440641676 0.3477144790400236 0
4798 -0.8911063289926188 -0.395470306739395 0
4799 0.1024694142802342 -0.7275179650328227 0
4800 0.2298470388470834 0.9082391429593334 0
4801 -0.3055482853027948 0.6554500485459498 0
4802 -0.8142865099977047 0.09435396659069101 0
4803 0.1769050985741261 -0.9416308414927481 0
4804 -0.6307166198390886 -0.5663995066615273 0
4805 -0.06709503634886117 -0.2761738001695908 0
4806 0.8434727827265274 -0.470470446571528 0
4807 -0.21219157293266 0.2762404180494115 0
4808 0.04333876467471977 -0.3948867945990437 0
4809 -0.6039660765163668 -0.2928586084670204 0
4810 0.09776319638770251 -0.02230275039236071 0
4811 -0.4786891887193211 0.1494566746528456 0
4812 -0.3971515714923283 0.4969307989350399 0
4813 -0.2778506989736091 0.1027335261254237 0
4814 -0.05881004976950468 0.2962757992963259 0
4815 0.3412822547255317 0.9478608757396625 0
4816 -0.3126127604018292 0.758356299487422 0
4817 0.3175124631988494 -0.2677890361350755 0
4818 0.578264357040291 0.818452160024628 0
4819 -0.7418997509220676 -0.05067301392739882 0
4820 -0.723615960893223 -0.7484274371630676 0
4821 -0.188113424823509 -0.4211211138286676 0
4822 0.4706555869093391 -0.4651148146246363 0
4823 0.8714694887604121 0.7110132011744936 0
4824 -0.216079842447969 -0.216967058117245 0
4825 0.3013156988980614 0.9028036390950241 0
4826 -0.1082916158960879 0.3589727856167698 0
4827 0.5800336034581878 0.4367444837665257 0
4828 -0.702763865717149 -0.7573492625226628 0
4829 0.3878321745717433 0.5170106369810169 0
4830 -0.0177736854131112 0.9522918374000038 0
4831 0.8912627507976378 -0.4436571724045713 0
4832 -0.7020948161447009 -0.06725193682490543 0
4833 -0.479881837851644 -0.7183231173633058 0
4834 -0.3014955634946015 -0.755825829677376 0
4835 -0.175945183187076 0.7113473455824527 0
4836 0.18443886085609 -0.6713270595163898 0
4837 -0.05190592120222493 -0.6503801126820102 0
4838 -0.4716554927765598 0.3142082688121496 0
4839 -0.5929925955761803 -0.6726744502995441 0
4840 -0.7552296397648918 0.9777784496173971 0
4841 0.08338070624647972 -0.8192800283955953 0
4842 0.7874415058620631 0.4209862223452991 0
4843 -0.806048243831049 -0.3140766333044381 0
4844 -0.5145665163060426 0.1994027968112126 0
4845 -0.9793488429080853 0.5887765036732384 0
4846 -0.4606159081981965 -0.2938995113233577 0
4847 -0.3567534998718392 -0.9830340144145799 0
4848 -0.734359759032559 0.4069882123246796 0
4849 -0.6810344645913131 -0.9790199429789858 0
4850 0.1509891404475274 0.6114716617382828 0
4851 0.6764359120046731 0.229634445303575 0
4852 0.468220316836828 -0.6472366391615876 0
4853 -0.6597315317655741 0.9247912580138943 0
4854 -0.2817282199592375 0.2863478601300586 0
4855 -0.9036961983710465 -0.4847932540405294 0
4856 -0.4727735530102006 -0.4096205281077172 0
4857 0.0236202416107311 -0.592426788085165 0
4858 0.2527308380593605 0.370487973420904 0
4859 0.7490731233056234 0.9474202838297503 0
4860 0.8571111128989695 -0.5210887916756913 0
4861 0.261138813484489 0.3286915387650267 0
4862 -0.1068991082373121 -0.7660420906128218 0
4863 0.5886698000767259 0.6204550951040128 0
4864 -0.3442923067676097 -0.7703419367989044 0
4865 0.7235571910252705 -0.7160916254522754 0
4866 -0.5780804974637991 -0.2250489779634423 0
4867 0.8096710342777519 -0.979906937078892 0
4868 -0.4313906575820131 0.9476687936134283 0
4869 -0.8899602510443736 0.1209663650620998 0
4870 0.9495256423115435 -0.02491505053045011 0
4871 0.3872008735251218 0.2728145743677465 0
4872 -0.9461606190748726 -0.5317700941461434 0
4873 -0.651019954370103 0.3976993854466884 0
4874 -0.5148537162065214 0.299707922491687 0
4875 -0.7800701793102757 0.2738027716971759 0
4876 -0.04911853782683353 -0.7125063325037768 0
4877 -0.7073659550390404 -0.3918825621139957 0
4878 -0.5522663745302667 -0.7325992288234104 0
4879 -0.366717436305416 -0.8174924180296383 0
4880 -0.4013669539699413 0.6985216510522734 0
4881 -0.07164368095591529 0.5293637086292184 0
4882 -0.4930636165998148 0.5763960493595824 0
4883 -0.9427739459658044 0.6221828896583956 0
4884 -0.0807790050751255 0.2535993900626189 0
4885 -0.9804438241996145 -0.9541095395915499 0
4886 0.2119968560887293 0.5689743727054457 0
4887 0.4878998121109428 -0.6617923070486607 0
4888 -0.01377334158891729 0.5831336931772475 0
4889 -0.2949568920337225 0.9808938208788949 0
4890 -0.5206554545764239 -0.06745885430866869 0
4891 -0.8473876847068076 -0.1528990020899134 0
4892 -0.5144757768912614 -0.3574307411014981 0
4893 0.6781598257857838 0.2530186461398193 0
4894 0.1905943944570721 -0.01835372440755122 0
4895 0.8352768148201744 0.3353008960416271 0
4896 -0.1774764670052527 -0.7583245528467265 0
4897 -0.4859039986943372 0.6854228416946642 0
4898 0.493932030984746 0.6310962534931749 0
4899 -0.7501614900125745 -0.4057049877001158 0
4900 0.07309132533477693 0.1111904102438486 0
4901 -0.7415668973964975 0.9421693398319537 0
4902 0.7943886041853414 0.7274142262286554 0
4903 -0.1060682557219395 0.5077849616900854 0
4904 -0.4697660367264938 -0.762958281619513 0
4905 0.9208721497935888 -0.9417517316366898 0
4906 -0.07063996281294278 -0.2327007848909539 0
4907 0.3478064829835204 0.2542223814280425 0
4908 -0.9785734304084845 0.5601046421626668 0
4909 -0.02356374208646313 -0.5378466324452272 0
4910 0.6533793576702284 -0.6710354783509435 0
4911 0.3758479332574189 0.9051916708240162 0
4912 -0.8095034632050838 -0.02095035684305922 0
4913 -0.01804441464167494 -0.09519593391071327 0
4914 -0.1941066281749284 0.2398492252210608 0
4915 -0.6056880782717906 -0.5589291427256029 0
4916 0.003537895569777497 -0.7447948529549981 0
4917 -0.533456869545859 -0.7960389946991255 0
4918 -0.1614210773606087 -0.6392588018300237 0
4919 -0.2328416587910029 0.321308697806225 0
4920 0.8600422759692136 0.550651184302101 0
4921 -0.7863071866871409 0.08086159177668412 0
4922 -0.7018600945135505 -0.3725672036067791 0
4923 0.1156108544137547 -0.4720297806075313 0
4924 0.7584815418508298 -0.7435530320281466 0
4925 0.9768229746627659 -0.2285784787213454 0
4926 0.238249196241204 -0.9802868250854799 0
4927 -0.08592711339489238 -0.9446187436711999 0
4928 0.3716827449207888 -0.6067978254557542 0
4929 -0.2089552238827926 -0.9828115733668813 0
4930 0.7254977889233287 -0.8813765134149588 0
4931 0.2856332755628731 0.5717924817657295 0
4932 0.02640374168236216 -0.1567243812657791 0
4933 0.9256028597215497 0.9433440998596156 0
4934 -0.4676340634327018 0.5426952823220749 0
4935 0.7283704809941374 0.7571084613103554 0
4936 -0.2384562681632595 0.6981561878824996 0
4937 0.3524792267397144 -0.6628730945968173 0
4938 -0.4818605494705983 0.9531451545284555 0
4939 0.4945946603565237 -0.4236517943696426 0
4940 -0.692973901174492 0.622942965484714 0
4941 -0.4419862533711461 -0.5768364073005539 0
4942 -0.9778239824910655 -0.5478282026464996 0
4943 0.9507079303457243 -0.2151865052719218 0
4944 0.5537118506373416 0.9448339707142031 0
4945 -0.2635837565257388 0.5637389450963746 0
4946 -0.5561145148340904 -0.1252794894174656 0
4947 -0.6428357652314388 0.3530276140777132 0
4948 0.6586472563280404 0.5641082423864195 0
4949 -0.3139991064283053 -0.6259805495132085 0
4950 -0.9782471856650201 -0.09791161223815591 0
4951 0.08555813171777948 -0.1916473078854521 0
4952 -0.652201929424127 0.157755503243327 0
4953 0.8937117629278569 0.1595494315354536 0
4954 0.4720423762583738 0.7862124828531073 0
4955 0.8820718326970171 0.586409119128833 0
4956 -0.3000632340552866 0.8341855673366487 0
4957 0.2940774127356774 -0.6316302698738183 0
4958 -0.3835561174616402 0.04497738269891231 0
4959 -0.3116199677505367 -0.1427976874563563 0
4960 0.9805400667778654 0.6236336280118525 0
4961 -0.8256760680221512 -0.3651310751657251 0
4962 0.3181329180601887 0.425579969129583 0
4963 -0.7993036361849142 0.5806758681036417 0
4964 -0.3064767975066948 -0.4738514165617354 0
4965 0.0512182072125207 -0.4382085067846358 0
4966 0.08489659298602611 0.8318397911024795 0
4967 -0.8399875402974903 -0.5097488963904993 0
4968 -0.5215022153693786 -0.4479551201120254 0
4969 0.4028975069260957 0.7279146164227686 0
4970 -0.6699838455584209 0.3490332032424965 0
4971 0.1809197618619556 -0.7167284160774836 0
4972 -0.3263668938968316 0.7251675194156986 0
4973 0.4332113572434749 -0.8647304590033378 0
4974 -0.2584076668024712 0.3592646575738652 0
4975 -0.8336374876743208 -0.8124778672414323 0
4976 -0.2192924441636832 0.7742078988232475 0
4977 -0.6778848118047995 -0.107453024101024 0
4978 0.4706902356298222 0.1523490628507216 0
4979 0.01708050453755896 -0.7242691782517953 0
4980 -0.1352830754853736 0.2418124489814668 0
4981 -0.1200416682684864 0.9785769615379781 0
4982 0.7031942934061273 0.8449666621010499 0
4983 0.09816930397013994 0.258173375510254 0
4984 -0.7219147904125186 -0.08722174556829693 0
4985 -0.612009922260939 0.2260206858520284 0
4986 0.2431866069859696 -0.3746865345843098 0
4987 -0.2077534993025462 -0.6225644989030726 0
4988 -0.08811724661833199 0.4353952792905995 0
4989 -0.9371367758301526 -0.0788160235125861 0
4990 0.1931775989779954 0.04727457522554167 0
4991 -0.6566922559583394 -0.2237181427755678 0
4992 -0.04664089086125035 0.1218407232420443 0
4993 0.1570898799224645 -0.04443732467364014 0
4994 0.5998262201427417 -0.9809130711532634 0
4995 -0.4584721304091249 -0.06549209662168314 0
4996 -0.5544282059566878 0.4792696701696049 0
4997 -0.5921668499325066 -0.2652976843853 0
4998 -0.3241905562670136 0.5419551218983316 0
4999 0.2380498974436724 -0.428649390412536 0
5000 0.03299453738836006 -0.7669322074768692 0
5001 -0.4130510292101897 -0.237351196093798 0
5002 0.2985753147727845 0.7757506029281864 0
5003 0.9784057984523721 -0.6029837958051741 0
5004 0.3273469288903963 -0.4749357810984635 0
5005 -0.6441462248335743 0.8663001748251542 0
5006 -0.3008781746764815 0.9422441574745989 0
5007 0.4829891311335675 0.6772249393923607 0
5008 -0.1645425989584818 0.6510256376958017 0
5009 -0.5214865215996723 0.03521660842715528 0
5010 0.01132774015801477 -0.6572103591060783 0
5011 -0.3737422377418574 -0.2221489758346982 0
5012 0.4284479691617475 0.3901588944149412 0
5013 0.7509109006841517 0.5778877647616526 0
5014 -0.7503498062279091 -0.2377429254538354 0
5015 0.8028678814350682 -0.8923420734037733 0
5016 -0.6121321603070575 0.946114517531079 0
5017 -0.8240833306564056 0.01986406758563165 0
5018 0.5914970255763773 0.7853023500190921 0
5019 0.2205629940023903 -0.3064756866714121 0
5020 0.7222225136267462 0.462645689528175 0
5021 -0.02341982294171556 0.3959384274880912 0
5022 -0.2351489914382892 0.5178644015839592 0
5023 0.1123129112172678 0.5507711656848258 0
5024 -0.4291196232758462 -0.6858199970206412 0
5025 -0.6434737683610543 0.2872517811510493 0
5026 0.2578771099473788 -0.3256503352222317 0
5027 -0.765327340153222 -0.0388011774752498 0
5028 -0.9502331897579754 -0.1039315506498456 0
5029 0.2182392960958728 0.7592096529247143 0
5030 -0.2992297286888607 0.134865065252783 0
5031 0.2744986278731182 0.9055243918943675 0
5032 -0.8562562315989417 -0.4339800924825904 0
5033 0.9790802056663336 -0.4112443082268685 0
5034 -0.5959087960308429 0.4935369955149521 0
5035 -0.4845262534667875 0.5253323984830263 0
5036 0.2282209172436794 0.2347357755618269 0
5037 -0.2912896040510232 -0.8118491106987783 0
5038 0.4611754163686195 -0.9476111714050678 0
5039 -0.2767910104591163 0.149933438237336 0
5040 -0.1128770606574027 0.7160279376360577 0
5041 -0.6523722753243318 0.7868850666749513 0
5042 -0.3061762348017827 0.6316939893606283 0
5043 0.9807208036923354 -0.09525399065563785 0
5044 0.3298398540656769 0.3605463538070737 0
5045 0.01869892889980512 0.8619720416880968 0
5046 -0.6974778104939623 -0.4433049014140223 0
5047 0.2106060398067764 -0.7040584492683133 0
5048 -0.4730360792934044 0.8893931471333563 0
5049 -0.2870085896725496 0.5720741858376388 0
5050 -0.8487634793198321 -0.9559010664082447 0
5051 -0.1160831282873533 -0.982394482799438 0
5052 0.01914990488628255 0.09582667187419337 0
5053 0.3166464291239851 -0.7297926798576743 0
5054 0.8037831273693392 -0.4939375429701873 0
5055 0.1193959669385047 0.3275760566331376 0
5056 0.4666518910641677 0.6895637047607882 0
5057 0.8061880617890034 0.9829633356583249 0
5058 -0.7620815261245502 0.6904505630500705 0
5059 0.7097577844202858 0.8014421544588475 0
5060 0.2952834747137247 0.302629228931674 0
5061 -0.7373714159908479 0.7576770315372857 0
5062 0.005403816704040807 0.7226960987189628 0
5063 -0.8738176479848337 -0.2073297562919807 0
5064 -0.6255091463460573 0.4686269628737183 0
5065 -0.9805099962031396 0.9518945075855737 0
5066 -0.6030222753579417 -0.1877289109663906 0
5067 -0.5311459790729076 0.6206288210978905 0
5068 -0.1788946361932274 0.9827166200853241 0
5069 0.7636439101667737 0.4046407787167373 0
5070 -0.04633375996271699 0.8591498055256424 0
5071 0.8545962029681627 -0.6044888608739289 0
5072 0.4054897754093666 -0.9550341215015443 0
5073 0.4608938085987828 0.2843664892802592 0
5074 0.4790745485581948 0.3023357287652067 0
5075 0.8765719433766472 0.09790894852245902 0
5076 -0.5031001955893604 -0.5730928732542102 0
5077 -0.08198165795232623 -0.6838426453875153 0
5078 -0.5207808057068574 -0.9467954327173154 0
5079 0.9490205703441541 -0.6656506268351523 0
5080 -0.008279188440439922 0.186270883310627 0
5081 0.8401762052475916 0.03409915003467502 0
5082 0.5063978067431277 0.9453586671896879 0
5083 -0.7553293327839528 -0.6179105459500985 0
5084 0.5486707869840287 0.7947020022341514 0
5085 -0.4131969232943349 0.4526164051131031 0
5086 -0.8267857220607024 -0.2786834674355146 0
5087 -0.4127624337819296 0.9016167934288751 0
5088 -0.953845982361941 0.2115855135050378 0
5089 0.7482216419311328 -0.9483369398072478 0
5090 0.4335731900275095 -0.7177670825065073 0
5091 -0.8638539199100783 -0.846990484744268 0
5092 0.8861125560207298 -0.5360056757283833 0
5093 -0.5515431261104609 0.1770348979908273 0
5094 -0.7911532263049035 0.2928585886783665 0
5095 0.1885667147392279 0.1800544968127746 0
5096 0.3325300702886281 -0.8511837556980008 0
5097 -0.7917122361908677 -0.6867998074485365 0
5098 -0.4644836152075454 -0.1842112774382883 0
5099 0.1768703802611395 -0.06212782354633248 0
5100 -0.2101890735568589 -0.2424653038519378 0
5101 -0.7612859275584977 -0.156702281119763 0
5102 -0.3388215535942772 -0.1024805808850534 0
5103 0.183082707882433 0.7970713103591793 0
5104 -0.8291341429863541 -0.4681748991976227 0
5105 0.5442219269312155 -0.9448305503751748 0
5106 -0.831720511433943 0.2875991959977833 0
5107 -0.1602708759011846 -0.4149374535021046 0
5108 -0.941434588253613 0.4661494366527872 0
5109 0.1974698806136437 -0.7903172785900238 0
5110 0.1695945083539177 0.5049206511169193 0
5111 0.3080926896374517 0.5158037649344448 0
5112 -0.01924485530041993 0.4170148134077568 0
5113 0.9463265119394215 0.09366939649421831 0
5114 0.592531151990222 0.743579068624091 0
5115 -0.3483231724251139 -0.3269616574642685 0
5116 -0.6641210031792865 -0.6647476171566815 0
5117 -0.6905396678865992 0.8930578857505912 0
5118 0.660760252520895 0.195099811554825 0
5119 -0.292734889037898 -0.264985266922698 0
5120 0.9798743412664126 -0.1786127898917265 0
5121 -0.6642249463857193 0.4574702016228419 0
5122 -0.6311739621795706 0.07933379774950787 0
5123 0.1044861297418014 0.8670560654581135 0
5124 -0.1455951738984737 -0.659018246546366 0
5125 -0.152870513599602 -0.0391598037808342 0
5126 -0.1205249167775226 -0.4018415517756906 0
5127 0.4489953327148331 0.8988579036595059 0
5128 0.4849309885718582 -0.9019603135230714 0
5129 -0.3540594987142144 0.5026455457756445 0
5130 0.4436213191636571 0.3254045207027019 0
5131 -0.8175364234632605 0.1382949208998659 0
5132 -0.30663539271472 -0.8603176104792031 0
5133 -0.3533274335087081 -0.2601248042833013 0
5134 -0.5350694011003128 -0.1621515892913584 0
5135 0.2944019892887302 0.4952543435021414 0
5136 -0.6268656716407552 0.9834577849983011 0
5137 -0.09488932010997084 -0.7935708276571507 0
5138 -0.4553901198256418 -0.2208522841079947 0
5139 -0.8514511670796564 0.908049080514346 0
5140 0.09941178995081137 0.08664739768851434 0
5141 0.1721074874456446 0.05808221213679418 0
5142 0.5281044897440219 -0.8814209766917737 0
5143 0.3881866704370271 0.8028181979098179 0
5144 -0.2451475402429497 0.8789394713482125 0
5145 0.9422622834483623 0.6312748229430176 0
5146 -0.8900509535335864 0.350992854262336 0
5147 -0.1583181294596151 -0.681005575251704 0
5148 -0.0974703429901375 0.03473447170062452 0
5149 -0.537964186476361 0.9308405428296457 0
5150 -0.462039985518767 0.3425614430243528 0
5151 -0.01866544840532496 -0.1573266110545304 0
5152 -0.788629866536029 0.6552959729676806 0
5153 -0.9446317370798496 0.4421433853457734 0
5154 -0.4337054044297067 -0.5552652432668775 0
5155 0.8703918999102023 0.6268436146454263 0
5156 -0.6051526358020968 -0.6017608771596727 0
5157 -0.01270602574042226 -0.6585861816584381 0
5158 0.9176546442128143 -0.1352689361054495 0
5159 -0.7673021718642871 -0.3290250431040184 0
5160 0.6595527014751118 0.9818350359220255 0
5161 -0.007921541668986747 0.8885419489465388 0
5162 -0.3465828224099647 0.6507106381941131 0
5163 0.2848982383681817 0.9427245621145576 0
5164 -0.9149457464969825 0.2193939486833281 0
5165 0.5574991495492 0.5241576045547498 0
5166 0.1279571274399806 -0.1041170579226698 0
5167 -0.8830688724255782 -0.7168642156955254 0
5168 -0.6670665423136601 0.608982499630183 0
5169 -0.6355005832303492 -0.4919504163190294 0
5170 -0.08893206481709257 -0.5425899216235073 0
5171 0.7906664637223526 -0.6178401457307664 0
5172 0.8671654840296538 0.3392279199454645 0
5173 -0.1675014425697101 0.4149175583881631 0
5174 0.5748515582964079 0.488634590673919 0
5175 -0.1147140002057278 -0.04401611899239752 0
5176 -0.3072534276705847 0.352031265779078 0
5177 0.2249514179084184 -0.7216388596659569 0
5178 0.7433335166599547 0.8315258077604587 0
5179 0.7671332159128006 0.8352009394378395 0
5180 0.929228780911724 0.4524074753319973 0
5181 -0.5653687726841177 0.007323443755583025 0
5182 0.904748504452106 0.600987907991494 0
5183 -0.5758943250595439 0.6992495834119173 0
5184 -0.3613414946114353 0.3032683412222866 0
5185 0.7034730114939183 -0.4496108671013178 0
5186 0.2861578148159006 -0.1463705623337977 0
5187 -0.7255747189831834 -0.01676721070695599 0
5188 -0.1718688185131849 -0.5655021380974553 0
5189 0.9792457314610857 0.1563436416714175 0
5190 -0.1194132284437208 0.7493109955068091 0
5191 -0.01231527842382493 0.5420540673669854 0
5192 -0.02977219346234137 -0.1205132449378245 0
5193 0.9139542496198179 -0.2126849961299919 0
5194 0.6581620167278315 0.6270522265447894 0
5195 0.2814673898150453 -0.09751951253392793 0
5196 -0.1707348858474308 -0.3145501086556337 0
5197 -0.1078841620573609 0.4042663658819696 0
5198 0.5896355914517417 -0.7093476428504958 0
5199 -0.9010275360214237 -0.6802660818111423 0
5200 0.4253242374337864 0.4554253713191891 0
5201 -0.09304466275974162 0.626527141987968 0
5202 -0.003425262562368348 0.2455265084731355 0
5203 -0.6690590747599686 0.6928788795336513 0
5204 -0.9192606984650827 -0.01883281279216294 0
5205 -0.5575489109414478 -0.8629441314537192 0
5206 -0.8579436050187402 0.1890620419566483 0
5207 -0.9461339012748606 0.7037360043142719 0
5208 -0.4443504773235719 -0.14279722728301 0
5209 0.657819581296947 0.4354883341104795 0
5210 -0.03221571672077513 -0.7720531812971912 0
5211 0.2188473453775232 -0.5055818699916882 0
5212 -0.9477774473426124 0.02944076861410955 0
5213 0.8248306826045946 0.5241536816539685 0
5214 0.07494792600150456 0.6057798643639074 0
5215 -0.17366368578372 -0.1294857303789323 0
5216 0.2360535795645243 0.487280236715008 0
5217 0.8755796598688391 0.1829611691500764 0
5218 0.2348350555479717 0.9800869321676263 0
5219 -0.6141790735809296 -0.8197101377423716 0
5220 -0.550483859907332 -0.8291185639874221 0
5221 0.8875295004595991 -0.114622546601361 0
5222 -0.7621920657770216 -0.65615467882533 0
5223 0.8778446759417801 0.6713117615544962 0
5224 0.5625071444406243 0.3977081053386567 0
5225 0.4518110897180245 0.5860682300003253 0
5226 -0.7442975988508526 -0.07637157271314787 0
5227 0.4488761891467521 0.7707697810370411 0
5228 0.4776119402970583 -0.9837263485206444 0
5229 0.5052806736173676 -0.8417508732484791 0
5230 -0.5037134729960949 0.3709158039495526 0
5231 -0.8220924572550203 0.3558241004335142 0
5232 -0.1847897245633033 -0.619019061486074 0
5233 -0.2367159001436576 0.3915163093581002 0
5234 -0.1826595475890135 -0.6799907568362563 0
5235 -0.7044045865106405 0.4383208322339481 0
5236 0.1593211567083158 -0.7755556735569455 0
5237 -0.9564646819984519 0.8827793837672641 0
5238 -0.007539557340386091 0.9290707267324423 0
5239 -0.7361383886313134 -0.3014823499919062 0
5240 0.3377195448909089 -0.6993246645745874 0
5241 0.3545554842899735 -0.7102117591673462 0
5242 0.9823431877434776 -0.7392560150218247 0
5243 0.3418753154434864 0.8810047212176102 0
5244 0.9794936143350853 -0.7991477750263413 0
5245 0.4319089404920636 -0.5430640478819839 0
5246 -0.9562643798532149 0.4011123025810531 0
5247 -0.8089137088314355 0.5379023280123312 0
5248 -0.09510122186248698 -0.4511635766891595 0
5249 0.2791359942271297 -0.2739818413153705 0
5250 -0.8640744895351907 -0.3363692544300041 0
5251 0.174283025088547 0.6411013384464155 0
5252 0.06974147683196702 0.8914565540809568 0
5253 -0.7174067757517536 0.9829637771592127 0
5254 0.9116157854631267 0.7028388523120129 0
5255 0.5139081017243992 0.4087334536549406 0
5256 0.7345072199189219 -0.9785916830180896 0
5257 0.08058532605797707 0.4105778364560155 0
5258 -0.4308495692087186 -0.7107600500187496 0
5259 -0.8103612554949682 -0.9425151255380801 0
5260 0.6960021969872782 0.7165420429908367 0
5261 0.8636509692469378 0.4103113573003976 0
5262 -0.3953771602842884 -0.5614420823071353 0
5263 -0.6992027587665772 -0.121408078807503 0
5264 0.5235645841522828 0.7654137367903331 0
5265 0.4520353706408408 -0.8184517414725998 0
5266 0.9831106716344511 0.2083800723681693 0
5267 -0.6432771127325952 0.6100380266192229 0
5268 -0.7428312836662868 0.8138128753534805 0
5269 0.186448716250862 0.2712560208311611 0
5270 0.5737756584652516 0.5966075665403525 0
5271 0.2268550850787042 -0.8157005137771955 0
5272 0.2634002877440803 0.6941445385977905 0
5273 -0.4333015084587437 0.6151461020467754 0
5274 -0.4396298794416602 0.1245036812200785 0
5275 0.2538835200905245 -0.4607713334235384 0
5276 0.979400851615601 -0.9822650845855058 0
5277 0.9171685667646596 -0.07238363482832384 0
5278 -0.7213670103425317 0.6864402768057263 0
5279 0.3582089552256623 0.9838673518787199 0
5280 -0.4655333630065328 -0.5814584763767277 0
5281 -0.02193340475030361 -0.6800162223397576 0
5282 0.833199998253469 0.3585267347457423 0
5283 -0.2212658908869052 -0.8868396032128343 0
5284 0.8615810578606204 -0.9793772573928657 0
5285 -0.4431032848647261 -0.8252263738945543 0
5286 0.07850223788741598 -0.03281969881200352 0
5287 -0.751189423415224 -0.5919331806277871 0
5288 -0.321024753835975 0.802319010843331 0
5289 -0.3218443945047654 0.8251319216781006 0
5290 -0.5422337455188313 0.06995180408836067 0
5291 -0.1861000948123051 0.8194067594950967 0
5292 -0.04530315138891912 -0.6812458302150352 0
5293 0.7483271723071827 -0.3876853454595633 0
5294 0.3192340051496074 0.3825515680310809 0
5295 -0.3954574674210738 0.3501139320667696 0
5296 0.9064400280382388 -0.6504062718105941 0
5297 -0.2141189122404999 -0.5774507812634585 0
5298 -0.5547864880168715 -0.291012349792647 0
5299 -0.04226098430861133 -0.8568147642053893 0
5300 -0.6574931849460859 0.711445447324386 0
5301 -0.2101972281930787 -0.3211276726465015 0
5302 0.04579052451744857 0.6631996954357842 0
5303 -0.7860898185608636 -0.7134411215540365 0
5304 0.9162061567112689 0.1034073018497285 0
5305 0.4668002666143906 -0.5188864194782036 0
5306 -0.8858013604911226 0.7210687418058289 0
5307 -0.2869508976239927 -0.2213956103591242 0
5308 0.668263885652448 0.9380229120756575 0
5309 0.9259691784885288 0.2396244172272988 0
5310 0.6343840626995046 0.2421764610899421 0
5311 0.6872315508155152 0.8803823391350372 0
5312 0.6872230777815426 0.4592009711703787 0
5313 -0.4448793044881575 0.2803906482656431 0
5314 0.9022792025688815 0.2062865457982979 0
5315 -0.5855253304931498 -0.7524089071520519 0
5316 0.359308539977683 0.3263197488771181 0
5317 -0.6470018230109117 0.1219733338075578 0
5318 -0.6304147342060378 -0.1403654441251382 0
5319 0.1820821373411688 -0.5442774665434823 0
5320 -0.8857509673700867 0.003157586437370467 0
5321 -0.1650157543407556 -0.0793039902117393 0
5322 -0.6507606810008839 0.6747267352427266 0
5323 0.9400293709498131 0.3073781011575545 0
5324 0.9435751007776048 0.3270315938109561 0
5325 0.01819478590066785 0.3248465690986768 0
5326 -0.8876895114186829 0.8165492253035379 0
5327 -0.7742406645379893 -0.1321887929349025 0
5328 0.0997413054608968 0.2267600094697093 0
5329 -0.6737898620865819 -0.4314011484097943 0
5330 0.7573141924011337 0.6574747146345906 0
5331 0.667041808208275 0.2968790203556984 0
5332 0.3344880051229132 -0.8144036352319598 0
5333 0.02756564278840719 -0.007541630687222453 0
5334 -0.234758239169419 -0.6577126034096811 0
5335 0.1967925836417288 -0.8324628367932538 0
5336 -0.6687165566915276 0.827935443089828 0
5337 -0.8560182561261324 0.05801493781251918 0
5338 -0.6693914746250323 0.5801060805819583 0
5339 0.81426731459809 0.3166852299520543 0
5340 -0.5096114512685459 0.1707714158733661 0
5341 0.9792053701311227 0.5290270026205643 0
5342 0.1803491650855347 -0.1930159953632871 0
5343 0.4027966673313266 -0.7611268845764575 0
5344 -0.4871266380442437 0.2662449549745846 0
5345 -0.8390319750257471 0.1078530162949806 0
5346 -0.452849355201125 0.241696161909071 0
5347 -0.448812203382069 -0.6200360664378333 0
5348 0.4576651263603726 0.1758341769562109 0
5349 0.05970149253992346 0.9840971861616866 0
5350 -0.8349915041528807 0.4199630714547694 0
5351 0.2920260030509684 0.8600065513297821 0
5352 -0.4047799630666072 -0.6244861841588999 0
5353 0.8339744446890869 -0.3121056976520891 0
5354 -0.3673900814361354 -0.8442447009514602 0
5355 -0.7107842690040166 -0.5046889406638557 0
5356 -0.4995459721104671 -0.7847688266096187 0
5357 -0.2797905041541694 -0.1134576485784633 0
5358 -0.2191192031222318 -0.7367504684737076 0
5359 -0.5588584243041698 0.5519659776849998 0
5360 -0.5330263399527648 -0.2999715186258474 0
5361 0.395192559234024 -0.5145089492951856 0
5362 0.242047160388964 0.5511595060894495 0
5363 -0.2573318093353864 0.114894415315845 0
5364 -0.3375366578810617 -0.3999969409682327 0
5365 0.9481230926472042 -0.7698208826213682 0
5366 -0.5659536518235616 -0.48902183918134 0
5367 -0.8318803971535629 -0.1198471469952738 0
5368 -0.4063394055385493 -0.09299516519810061 0
5369 -0.7829608575713275 0.4129276027846749 0
5370 -0.01332618356350976 0.8190858157063983 0
5371 0.3027962646847939 0.1498278319457607 0
5372 -0.5630242996914347 -0.5528919200818361 0
5373 0.4590115304285061 0.6075821106818327 0
5374 -0.9242398615816981 0.7855765863496519 0
5375 0.6523319779276389 0.6028369227827546 0
5376 0.09385573840592418 0.005252803331958239 0
5377 0.4303378252663019 -0.8238822385356119 0
5378 0.7743902362779136 -0.5777165196755767 0
5379 -0.7713995493585669 0.1160068344132505 0
5380 -0.4524924400729144 0.8889976457204081 0
5381 -0.9161208574698844 0.1181504564510591 0
5382 -0.04681805150401089 0.6167997091956534 0
5383 0.3632114873487799 0.8656954749151496 0
5384 0.659556686076306 -0.8936398704968761 0
5385 0.6386443913854267 -0.9049623727958843 0
5386 0.1283428005823381 0.6991890638859598 0
5387 -0.8266129153095392 0.6428275568892757 0
5388 0.1421511995697116 0.2661069493620005 0
5389 0.4037410046129457 -0.3743581049286001 0
5390 -0.7688641258820905 0.7806887392301676 0
5391 -0.1474293183121545 -0.1469126583392015 0
5392 -0.5194988462147381 0.4381085029374056 0
5393 -0.5412805998910859 0.4409041071219709 0
5394 0.06336476493309609 0.2376330726751686 0
5395 -0.9397625673004673 0.8264244200036622 0
5396 0.09772324272461584 0.1502062763538882 0
5397 -0.7916492426969732 0.500236995443578 0
5398 -0.337855277986434 -0.8161997980933973 0
5399 -0.719758298133104 -0.9816473650318437 0
5400 -0.60163795514457 0.721985985319737 0
5401 -0.7670553285280823 0.159496003528254 0
5402 0.6949199612697008 0.7821387117414786 0
5403 -0.1396693251236266 0.6496497486257409 0
5404 -0.7174409815754286 -0.1754996979617403 0
5405 0.1264205029534978 -0.2998958412848838 0
5406 -0.4286862058370812 -0.0906257943458601 0
5407 -0.3377186322073648 0.6889291098211608 0
5408 0.1246571871026006 0.5142184268372683 0
5409 -0.5017600487352981 -0.3857676923585726 0
5410 -0.9491598100128174 -0.7026897803220867 0
5411 -0.6150767786712944 -0.242167660520189 0
5412 0.6915483731145113 0.6102433581271351 0
5413 0.2204195026111877 0.2792119252047059 0
5414 0.06574661490255905 0.3241930457638006 0
5415 -0.8801903417275978 0.5885351803685863 0
5416 0.9470103438476545 0.1933336434055079 0
5417 -0.7140681858609075 -0.430027182888717 0
5418 0.007687008659423537 0.6480588466823618 0
5419 -0.5433646344418339 0.02425761996238732 0
5420 0.348125805485091 0.9041391127902959 0
5421 0.9208254724275746 0.8578170756001852 0
5422 -0.8408442381820058 0.7647718078149437 0
5423 -0.9564697866451702 -0.8452184856563895 0
5424 0.1745815447136128 -0.4926184306464964 0
5425 0.7584360828060123 0.8733186468111178 0
5426 -0.9196139279364273 0.5836279709084997 0
5427 0.9004428822485308 -0.9802126318741003 0
5428 0.1964726445093299 -0.9043160170497313 0
5429 0.200852862539447 -0.926023480530121 0
5430 0.414260129586339 0.4896283934324568 0
5431 -0.1268205452619589 -0.5811340479199267 0
5432 0.9552238805968903 -0.984363076415386 0
5433 -0.5077031363247668 0.5595135413438108 0
5434 -0.7830039482065214 -0.1688314490792824 0
5435 -0.3448390272963572 -0.4750244376391066 0
5436 -0.7163830731835091 -0.7156803428945309 0
5437 0.08417127547303177 -0.3422322767372555 0
5438 0.1500264794309498 0.3515631935923224 0
5439 0.2521846929746422 -0.07559136320705316 0
5440 0.8427754090451356 -0.7848491762237989 0
5441 0.08139691477998443 -0.8640408709206099 0
5442 0.1451706883678083 0.9832468142080684 0
5443 0.266447072331033 -0.8311717652900277 0
5444 -0.8861346311013816 0.4056401875499906 0
5445 -0.9814657997137367 0.8140852960597798 0
5446 0.03060925777694186 -0.5442822286681097 0
5447 0.9245336684043701 0.5812894491372992 0
5448 -0.9598275056097483 -0.2538736290982772 0
5449 -0.02118322637506843 -0.01358148069570271 0
5450 0.4093454352649771 -0.449858546960512 0
5451 -0.9795658982870884 0.02182453958300378 0
5452 0.4549547791849932 -0.5425831159685528 0
5453 0.8293203512263618 -0.8711318580819283 0
5454 -0.04345275240806389 0.2612293892222871 0
5455 -0.9269913538710481 -0.6488735139588017 0
5456 0.7574210515690709 -0.7868492684070983 0
5457 -0.7495002103578754 -0.1974056155189484 0
5458 -0.2366190831609103 -0.3202680440509811 0
5459 0.3036644074267514 0.6358432869828642 0
5460 0.2022020520144477 0.5264914029716871 0
5461 0.8705158875904062 0.4736717968674989 0
5462 -0.94188137045273 0.3696465316859366 0
5463 -0.9529318064625414 0.843566745067026 0
5464 0.9817626033828057 -0.6895093134174513 0
5465 -0.2642960337966307 0.3944008508784035 0
5466 0.8307000614458235 0.4897785172260882 0
5467 0.4772925560373081 -0.5888808296634133 0
5468 -0.09560341764202636 0.9476020393305622 0
5469 -0.9844655584265005 0.1492537313456449 0
5470 0.5901097271107875 -0.8857812022042881 0
5471 0.6428703443782844 0.5286459164490731 0
5472 0.7207473967926198 0.8921021498448382 0
5473 0.6624511329856667 0.5266842633860932 0
5474 -0.7675101583684324 0.8487735376613026 0
5475 0.2651364799542073 -0.02964512993895278 0
5476 0.9844920789857857 0.3880597014908392 0
5477 -0.9225949864999183 -0.8741462951147339 0
5478 0.8471699602079806 0.2971119744153266 0
5479 -0.287347713985189 0.210936930469084 0
5480 0.5514830713005816 0.2038593266474532 0
5481 -0.1642433809810577 0.9444452929122713 0
5482 0.302278249551399 -0.5647212922338333 0
5483 0.1989058519495387 0.08784089320222903 0
5484 -0.9501505357068486 -0.4890890574940271 0
5485 -0.6654039595515462 -0.03929442928977804 0
5486 -0.4871367028494836 -0.2425193622587111 0
5487 -0.007379845152063687 -0.4594496999931879 0
5488 0.6073489954418819 0.3210025333577375 0
5489 -0.6998232937255667 -0.2950456381390521 0
5490 0.2520542792348127 0.8834753331203697 0
5491 0.1202090469251822 -0.7633225568160614 0
5492 0.4477611940313834 0.9845360698624922 0
5493 -0.8781176950270626 -0.1812991840436075 0
5494 -0.4735505106521642 -0.604038914153175 0
5495 -0.7267242566620533 0.1586632859565146 0
5496 0.3098682534057846 0.9253706660044059 0
5497 0.9510951528188873 -0.8353552737489249 0
5498 -0.03951637837341165 0.2230557527141318 0
5499 0.7991727564131379 -0.8000330643428281 0
5500 0.9505680740903364 -0.06445116850451325 0
5501 -0.9537603037866457 0.4839558895781632 0
5502 -0.8615423317460911 0.7500946586350095 0
5503 -0.1241132123241967 0.6275903409398912 0
5504 -0.02176086112955926 -0.9791629697610742 0
5505 -0.6392823022416672 -0.5311940132874061 0
5506 0.1463263460904847 0.8604512084767846 0
5507 0.01086184615916387 -0.05800674157314969 0
5508 -0.7031514030354589 -0.6111563387062927 0
5509 0.1036967816749676 -0.1325866172631899 0
5510 -0.3628506910408059 0.9785971072510899 0
5511 -0.09198121724239257 -0.2358713782975297 0
5512 -0.9566773375064028 -0.8843293478691261 0
5513 0.918566541883722 -0.09256747783584404 0
5514 0.09624824354005659 0.3655229135103127 0
5515 0.00190579433254217 -0.1744116132768651 0
5516 0.7998974556151714 -0.5148489088701331 0
5517 -0.1277614245768337 -0.8411210000459388 0
5518 0.1126225841041711 0.7313632886047112 0
5519 0.1806473957503242 0.2959442400624575 0
5520 -0.5438400743561014 -0.2042846947342913 0
5521 -0.3055393645175679 0.1753986105459729 0
5522 0.5129561426113456 -0.7330167868870674 0
5523 -0.4505168346399219 0.5041473004619568 0
5524 0.7291688846400168 -0.9092237089752907 0
5525 -0.6937514263937781 -0.9481129489494877 0
5526 0.4947303688051042 0.5909838435987896 0
5527 -0.9069483713412527 0.5625039727746893 0
5528 0.5468575647831779 -0.6433591754837038 0
5529 -0.6911112354843034 -0.005375237057237776 0
5530 -0.6547937637138731 -0.7388103338736347 0
5531 0.7895036935459543 0.6261213613188003 0
5532 -0.5181367504478798 -0.03976650135342655 0
5533 -0.574062568165108 0.8326196978516058 0
5534 0.8104284747069153 0.8302076327337864 0
5535 -0.3421439456802191 -0.009288313067051289 0
5536 0.8076601248454975 -0.7764653747522778 0
5537 0.371206163288979 0.7471875923305399 0
5538 0.0550686464034484 -0.8933172271974978 0
5539 -0.7936829550425639 -0.3346791340603034 0
5540 0.1923353026336583 0.02248377680410461 0
5541 -0.3152967398356531 0.4606652382850165 0
5542 -0.5949511240096101 0.3466138037858286 0
5543 0.1849370847711214 -0.8661464793350263 0
5544 0.8269940089155944 0.9795368448751782 0
5545 0.6631742960893108 -0.5738451404829132 0
5546 0.005929370086531933 -0.2571686883478056 0
5547 0.9507233089072358 0.8198757395204063 0
5548 0.1604917684050629 -0.7353928879358602 0
5549 -0.06110550847302886 -0.205564740240612 0
5550 -0.9027153887648118 -0.3287915235702112 0
5551 -0.6765862354383951 0.538602738230043 0
5552 -0.3257167674398135 -0.4634176693046544 0
5553 0.2246742702900209 -0.1235256000025323 0
5554 -0.5627593548786376 -0.7125000207911574 0
5555 0.5889307463015165 0.9797853930451721 0
5556 0.4073596832410991 -0.9192537973624044 0
5557 -0.8757746232973478 0.7865668826380307 0
5558 -0.9414501955568291 0.5846023024583877 0
5559 -0.7462686567171216 -0.9847584626642061 0
5560 -0.5739963569420803 0.5717723784797936 0
5561 0.5290071018355202 -0.7809811607475496 0
5562 -0.9074579061291534 -0.9041568813044412 0
5563 0.7619609835752444 -0.5427435285330842 0
5564 0.8428572639372658 -0.3925842559448435 0
5565 0.139013131462541 -0.8621736094378437 0
5566 -0.1447278845395929 -0.6018652009117662 0
5567 -0.8537747575415633 0.4574681478744367 0
5568 0.6199603520359077 0.5776962438696674 0
5569 -0.7721363369822989 -0.4767270944868751 0
5570 -0.06292340466088527 -0.9344346165260656 0
5571 -0.3178987103718142 -0.09594034744053584 0
5572 0.01841712803917465 -0.2260139944860308 0
5573 0.9534237887250018 0.9832160499046655 0
5574 0.6436127516154846 -0.9314054615288728 0
5575 -0.7095981314452779 -0.6604396093821034 0
5576 -0.3342790462925255 0.9806926770111043 0
5577 -0.2603923711837871 -0.4044804181763225 0
5578 -0.7211402271350027 0.1224459751814028 0
5579 0.2839050761235352 -0.4869188279446881 0
5580 -0.4179104477595784 0.9848136525608341 0
5581 0.652928158502203 -0.7195780456010115 0
5582 -0.1212049403578471 0.8620382515831265 0
5583 -0.6759873014750968 -0.9096642001749841 0
5584 -0.3211280417087792 0.3090110477640298 0
5585 0.4411406340842413 -0.5812628653493841 0
5586 0.8633773995075039 -0.8653703817969014 0
5587 -0.4056153998617091 0.2325507896904217 0
5588 -0.7172867297919252 -0.1079562454362679 0
5589 -0.7418392850579352 0.5095662498979692 0
5590 0.1826840972735563 -0.3467990919021723 0
5591 0.2980572522440137 -0.3315145548992809 0
5592 0.2030936303546358 -0.3828670663977676 0
5593 0.3199926868084129 0.5894853596265847 0
5594 -0.477158931500568 0.8218696695207334 0
5595 -0.1227012205088927 -0.01578568715984012 0
5596 -0.3099780301737425 -0.8998918420152779 0
5597 -0.2378394581808952 0.4289174227585143 0
5598 0.1251009128506038 -0.6363813333500468 0
5599 0.6803411381883775 0.9810789608938337 0
5600 -0.6037951868561635 -0.6304229509270973 0
5601 0.5929071610808233 0.2049535753608999 0
5602 0.8508908583784941 0.9461653742178409 0
5603 -0.3182330759224372 0.1579612526666563 0
5604 -0.04543100030416761 0.791439682836236 0
5605 0.1477649205602597 0.8098439220210348 0
5606 -0.9484456933577681 -0.3726589964578843 0
5607 -0.4961208742538591 -0.08439991437905815 0
5608 -0.2347521604422442 -0.255281655599735 0
5609 -0.4738005881878132 0.9288871947182582 0
5610 0.6677423085376397 0.8315283522993641 0
5611 -0.3779529717900774 0.6856586543914056 0
5612 0.5419344113596949 0.3791912677879414 0
5613 -0.07507122583215795 0.4526514864472169 0
5614 -0.1455755034591745 0.9174399807817005 0
5615 0.7559589651556264 -0.6466828482243338 0
5616 0.1370525088343182 0.4880262532853776 0
5617 -0.3393828346026755 -0.6330108479506742 0
5618 0.8251886282194695 -0.7423026852907861 0
5619 0.7946339655876378 0.4822462669788674 0
5620 -0.01290566010354094 0.6553955756011915 0
5621 -0.7624857972558904 0.3818219683158912 0
5622 0.171443168670276 0.6818791430621192 0
5623 -0.6507160741108085 -0.07985570755750644 0
5624 -0.4160520976016517 -0.6447018029121862 0
5625 -0.3652781498292857 -0.3369615108740267 0
5626 0.1399977899679729 0.8830460037633969 0
5627 -0.2752440824877558 -0.3045459377307823 0
5628 -0.326745373668466 0.4754058124772846 0
5629 -0.4857179933133864 -0.4511543179716853 0
5630 -0.455587889054403 0.9804263467065923 0
5631 -0.8081791871343905 -0.4845632336988688 0
5632 0.01148737035807827 0.1385032597312457 0
5633 -0.5687684271402998 0.1614378692669124 0
5634 0.3357269734485413 0.576042738743703 0
5635 0.9531351405609785 -0.1915616464703469 0
5636 -0.3396457008658006 -0.2304903881296061 0
5637 -0.5548584942293067 -0.6603240806894035 0
5638 -0.2817240101056595 0.1715262086559106 0
5639 -0.9104893871185858 -0.3895870505081479 0
5640 0.7468988055688163 -0.4254271278142462 0
5641 -0.3820839043260338 -0.4966956328121433 0
5642 0.2246264187255899 -0.9597834949858111 0
5643 -0.1187643491541123 -0.6961540239307468 0
5644 -0.7562786768812457 -0.7322995459112185 0
5645 -0.1729051474643634 -0.3332262910290911 0
5646 0.7395588003938925 0.6882149228575541 0
5647 -0.4844357793336763 0.7989359651050711 0
5648 -0.4968531133403484 0.2184452977441745 0
5649 0.9552572460898371 -0.4069450750682038 0
5650 -0.9324585441189621 0.9455090912849263 0
5651 -0.8260466090790192 0.4591313590754938 0
5652 0.3277495547776965 0.4454685975875875 0
5653 -0.7082655242596864 0.8295974861203733 0
5654 0.6335836702247766 -0.4264739813016382 0
5655 0.8134865303508511 0.4534627115403265 0
5656 0.2116112746050985 -0.4525474816627645 0
5657 -0.06593058270746839 0.6368393499215046 0
5658 -0.5521156170701148 0.2764465130713225 0
5659 -0.7357144140409183 0.7148262278233377 0
5660 0.7016406250590244 0.8211810430380488 0
5661 -0.432722863741378 -0.2557537779026136 0
5662 0.1375346995747738 0.7693114976103319 0
5663 0.1572847827524964 -0.5764741409866198 0
5664 0.3069513421042895 0.7564024721946985 0
5665 -0.096005143870903 0.2723264356179937 0
5666 0.363057853883244 0.07749614175678081 0
5667 -0.1308001321522099 0.9563018114484805 0
5668 0.5712928307685479 -0.7955728011907539 0
5669 -0.2466201247639033 -0.3405605779786999 0
5670 0.4886413345786695 -0.8321616216140519 0
5671 0.5282203465955453 -0.6582358685062948 0
5672 0.5957520774197449 0.4600572513634602 0
5673 -0.350843781735473 0.3613339497379504 0
5674 0.9208345499374149 0.5251856268896542 0
5675 -0.5696800048513575 -0.3667156525461157 0
$EndNodes
$Elements
11350
1 1 2 10 1 1 7
2 1 2 10 1 7 8
3 1 2 10 1 8 9
4 1 2 10 1 9 10
5 1 2 10 1 10 11
6 1 2 10 1 11 12
7 1 2 10 1 12 13
8 1 2 10 1 13 14
9 1 2 10 1 14 15
10 1 2 10 1 15 16
11 1 2 10 1 16 17
12 1 2 10 1 17 18
13 1 2 10 1 18 19
14 1 2 10 1 19 20
15 1 2 10 1 20 21
16 1 2 10 1 21 22
17 1 2 10 1 22 23
18 1 2 10 1 23 24
19 1 2 10 1 24 25
20 1 2 10 1 25 26
21 1 2 10 1 26 27
22 1 2 10 1 27 28
23 1 2 10 1 28 29
24 1 2 10 1 29 30
25 1 2 10 1 30 31
26 1 2 10 1 31 32
27 1 2 10 1 32 33
28 1 2 10 1 33 34
29 1 2 10 1 34 35
30 1 2 10 1 35 36
31 1 2 10 1 36 37
32 1 2 10 1 37 38
33 1 2 10 1 38 39
34 1 2 10 1 39 40
35 1 2 10 1 40 41
36 1 2 10 1 41 42
37 1 2 10 1 42 43
38 1 2 10 1 43 44
39 1 2 10 1 44 45
40 1 2 10 1 45 46
41 1 2 10 1 46 47
42 1 2 10 1 47 48
43 1 2 10 1 48 49
44 1 2 10 1 49 50
45 1 2 10 1 50 51
46 1 2 10 1 51 52
47 1 2 10 1 52 53
48 1 2 10 1 53 54
49 1 2 10 1 54 55
50 1 2 10 1 55 56
51 1 2 10 1 56 57
52 1 2 10 1 57 58
53 1 2 10 1 58 59
54 1 2 10 1 59 60
55 1 2 10 1 60 61
56 1 2 10 1 61 62
57 1 2 10 1 62 63
58 1 2 10 1 63 64
59 1 2 10 1 64 65
60 1 2 10 1 65 66
61 1 2 10 1 66 67
62 1 2 10 1 67 68
63 1 2 10 1 68 69
64 1 2 10 1 69 70
65 1 2 10 1 70 71
66 1 2 10 1 71 72
67 1 2 10 1 72 2
68 1 2 11 2 2 73
69 1 2 11 2 73 74
70 1 2 11 2 74 75
71 1 2 11 2 75 76
72 1 2 11 2 76 77
73 1 2 11 2 77 78
74 1 2 11 2 78 79
75 1 2 11 2 79 80
76 1 2 11 2 80 81
77 1 2 11 2 81 82
78 1 2 11 2 82 83
79 1 2 11 2 83 84
80 1 2 11 2 84 85
81 1 2 11 2 85 86
82 1 2 11 2 86 87
83 1 2 11 2 87 88
84 1 2 11 2 88 89
85 1 2 11 2 89 90
86 1 2 11 2 90 91
87 1 2 11 2 91 92
88 1 2 11 2 92 93
89 1 2 11 2 93 94
90 1 2 11 2 94 95
91 1 2 11 2 95 96
92 1 2 11 2 96 97
93 1 2 11 2 97 98
94 1 2 11 2 98 99
95 1 2 11 2 99 100
96 1 2 11 2 100 101
97 1 2 11 2 101 102
98 1 2 11 2 102 103
99 1 2 11 2 103 104
100 1 2 11 2 104 105
101 1 2 11 2 105 106
102 1 2 11 2 106 107
103 1 2 11 2 107 108
104 1 2 11 2 108 109
105 1 2 11 2 109 110
106 1 2 11 2 110 111
107 1 2 11 2 111 112
108 1 2 11 2 112 113
109 1 2 11 2 113 114
110 1 2 11 2 114 115
111 1 2 11 2 115 116
112 1 2 11 2 116 117
113 1 2 11 2 117 118
114 1 2 11 2 118 119
115 1 2 11 2 119 120
116 1 2 11 2 120 121
117 1 2 11 2 121 122
118 1 2 11 2 122 123
119 1 2 11 2 123 124
120 1 2 11 2 124 125
121 1 2 11 2 125 126
122 1 2 11 2 126 127
123 1 2 11 2 127 128
124 1 2 11 2 128 129
125 1 2 11 2 129 130
126 1 2 11 2 130 131
127 1 2 11 2 131 132
128 1 2 11 2 132 133
129 1 2 11 2 133 134
130 1 2 11 2 134 135
131 1 2 11 2 135 136
132 1 2 11 2 136 137
133 1 2 11 2 137 138
134 1 2 11 2 138 3
135 1 2 12 3 3 139
136 1 2 12 3 139 140
137 1 2 12 3 140 141
138 1 2 12 3 141 142
139 1 2 12 3 142 143
140 1 2 12 3 143 144
141 1 2 12 3 144 145
142 1 2 12 3 145 146
143 1 2 12 3 146 147
144 1 2 12 3 147 148
145 1 2 12 3 148 149
146 1 2 12 3 149 150
147 1 2 12 3 150 151
148 1 2 12 3 151 152
149 1 2 12 3 152 153
150 1 2 12 3 153 154
151 1 2 12 3 154 155
152 1 2 12 3 155 156
153 1 2 12 3 156 157
154 1 2 12 3 157 158
155 1 2 12 3 158 159
156 1 2 12 3 159 160
157 1 2 12 3 160 161
158 1 2 12 3 161 162
159 1 2 12 3 162 163
160 1 2 12 3 163 164
161 1 2 12 3 164 165
162 1 2 12 3 165 166
163 1 2 12 3 166 167
164 1 2 12 3 167 168
165 1 2 12 3 168 169
166 1 2 12 3 169 170
167 1 2 12 3 170 171
168 1 2 12 3 171 172
169 1 2 12 3 172 173
170 1 2 12 3 173 174
171 1 2 12 3 174 175
172 1 2 12 3 175 176
173 1 2 12 3 176 177
174 1 2 12 3 177 178
175 1 2 12 3 178 179
176 1 2 12 3 179 180
177 1 2 12 3 180 181
178 1 2 12 3 181 182
179 1 2 12 3 182 183
180 1 2 12 3 183 184
181 1 2 12 3 184 185
182 1 2 12 3 185 186
183 1 2 12 3 186 187
184 1 2 12 3 187 188
185 1 2 12 3 188 189
186 1 2 12 3 189 190
187 1 2 12 3 190 191
188 1 2 12 3 191 192
189 1 2 12 3 192 193
190 1 2 12 3 193 194
191 1 2 12 3 194 195
192 1 2 12 3 195 196
193 1 2 12 3 196 197
194 1 2 12 3 197 198
195 1 2 12 3 198 199
196 1 2 12 3 199 200
197 1 2 12 3 200 201
198 1 2 12 3 201 202
199 1 2 12 3 202 203
200 1 2 12 3 203 204
201 1 2 12 3 204 4
202 1 2 13 4 4 205
203 1 2 13 4 205 206
204 1 2 13 4 206 207
205 1 2 13 4 207 208
206 1 2 13 4 208 209
207 1 2 13 4 209 210
208 1 2 13 4 210 211
209 1 2 13 4 211 212
210 1 2 13 4 212 213
211 1 2 13 4 213 214
212 1 2 13 4 214 215
213 1 2 13 4 215 216
214 1 2 13 4 216 217
215 1 2 13 4 217 218
216 1 2 13 4 218 219
217 1 2 13 4 219 220
218 1 2 13 4 220 221
219 1 2 13 4 221 222
220 1 2 13 4 222 223
221 1 2 13 4 223 224
222 1 2 13 4 224 225
223 1 2 13 4 225 226
224 1 2 13 4 226 227
225 1 2 13 4 227 228
226 1 2 13 4 228 229
227 1 2 13 4 229 230
228 1 2 13 4 230 231
229 1 2 13 4 231 232
230 1 2 13 4 232 233
231 1 2 13 4 233 234
232 1 2 13 4 234 235
233 1 2 13 4 235 236
234 1 2 13 4 236 237
235 1 2 13 4 237 238
236 1 2 13 4 238 239
237 1 2 13 4 239 240
238 1 2 13 4 240 241
239 1 2 13 4 241 242
240 1 2 13 4 242 243
241 1 2 13 4 243 244
242 1 2 13 4 244 245
243 1 2 13 4 245 246
244 1 2 13 4 246 247
245 1 2 13 4 247 248
246 1 2 13 4 248 249
247 1 2 13 4 249 250
248 1 2 13 4 250 251
249 1 2 13 4 251 252
250 1 2 13 4 252 253
251 1 2 13 4 253 254
252 1 2 13 4 254 255
253 1 2 13 4 255 256
254 1 2 13 4 256 257
255 1 2 13 4 257 258
256 1 2 13 4 258 259
257 1 2 13 4 259 260
258 1 2 13 4 260 261
259 1 2 13 4 261 262
260 1 2 13 4 262 263
261 1 2 13 4 263 264
262 1 2 13 4 264 265
263 1 2 13 4 265 266
264 1 2 13 4 266 267
265 1 2 13 4 267 268
266 1 2 13 4 268 269
267 1 2 13 4 269 270
268 1 2 13 4 270 1
269 1 2 14 5 5 271
270 1 2 14 5 271 272
271 1 2 14 5 272 273
272 1 2 14 5 273 274
273 1 2 14 5 274 275
274 1 2 14 5 275 276
275 1 2 14 5 276 277
276 1 2 14 5 277 278
277 1 2 14 5 278 279
278 1 2 14 5 279 280
279 1 2 14 5 280 281
280 1 2 14 5 281 282
281 1 2 14 5 282 283
282 1 2 14 5 283 284
283 1 2 14 5 284 285
284 1 2 14 5 285 286
285 1 2 14 5 286 287
286 1 2 14 5 287 288
287 1 2 14 5 288 289
288 1 2 14 5 289 290
289 1 2 14 5 290 291
290 1 2 14 5 291 292
291 1 2 14 5 292 293
292 1 2 14 5 293 294
293 1 2 14 5 294 295
294 1 2 14 5 295 296
295 1 2 14 5 296 297
296 1 2 14 5 297 298
297 1 2 14 5 298 299
298 1 2 14 5 299 6
299 1 2 14 6 6 300
300 1 2 14 6 300 301
301 1 2 14 6 301 302
302 1 2 14 6 302 303
303 1 2 14 6 303 304
304 1 2 14 6 304 305
305 1 2 14 6 305 306
306 1 2 14 6 306 307
307 1 2 14 6 307 308
308 1 2 14 6 308 309
309 1 2 14 6 309 310
310 1 2 14 6 310 311
311 1 2 14 6 311 312
312 1 2 14 6 312 313
313 1 2 14 6 313 314
314 1 2 14 6 314 315
315 1 2 14 6 315 316
316 1 2 14 6 316 317
317 1 2 14 6 317 318
318 1 2 14 6 318 319
319 1 2 14 6 319 320
320 1 2 14 6 320 321
321 1 2 14 6 321 322
322 1 2 14 6 322 323
323 1 2 14 6 323 324
324 1 2 14 6 324 325
325 1 2 14 6 325 326
326 1 2 14 6 326 327
327 1 2 14 6 327 328
328 1 2 14 6 328 5
329 2 2 2 1 2436 581 3595
330 2 2 2 1 2567 29 4001
331 2 2 2 1 1075 2692 3165
332 2 2 2 1 1748 860 4075
333 2 2 2 1 1063 1883 3186
334 2 2 2 1 1424 3329 3438
335 2 2 2 1 4124 864 4437
336 2 2 2 1 878 4470 4965
337 2 2 2 1 2245 727 2874
338 2 2 2 1 1229 2245 2874
339 2 2 2 1 2460 927 2775
340 2 2 2 1 1854 906 2463
341 2 2 2 1 523 1854 2463
342 2 2 2 1 676 1667 5249
343 2 2 2 1 344 1746 4174
344 2 2 2 1 2438 58 3120
345 2 2 2 1 2809 593 3575
346 2 2 2 1 1827 1362 4064
347 2 2 2 1 584 1827 4064
348 2 2 2 1 3981 1586 4853
349 2 2 2 1 4204 918 5372
350 2 2 2 1 1834 1172 2244
351 2 2 2 1 1997 890 2609
352 2 2 2 1 1084 1948 2377
353 2 2 2 1 1948 928 2377
354 2 2 2 1 366 1951 5208
355 2 2 2 1 2135 1385 2592
356 2 2 2 1 532 2135 2592
357 2 2 2 1 1466 1794 2793
358 2 2 2 1 1969 842 2711
359 2 2 2 1 935 1705 5148
360 2 2 2 1 1094 1693 3406
361 2 2 2 1 811 1766 2519
362 2 2 2 1 1281 1754 2824
363 2 2 2 1 452 1761 3129
364 2 2 2 1 396 2197 2565
365 2 2 2 1 2197 1101 2565
366 2 2 2 1 3860 2846 4625
367 2 2 2 1 1693 1094 2524
368 2 2 2 1 645 1700 3609
369 2 2 2 1 1759 703 2386
370 2 2 2 1 342 1883 2936
371 2 2 2 1 1883 1063 2936
372 2 2 2 1 1235 3981 4853
373 2 2 2 1 872 2169 2541
374 2 2 2 1 3164 2230 4455
375 2 2 2 1 406 1783 3970
376 2 2 2 1 2123 941 2441
377 2 2 2 1 1027 2123 2441
378 2 2 2 1 581 2436 3528
379 2 2 2 1 1216 1819 3646
380 2 2 2 1 1819 653 3646
381 2 2 2 1 951 3541 3913
382 2 2 2 1 949 2262 2744
383 2 2 2 1 1130 2575 2616
384 2 2 2 1 1663 374 2637
385 2 2 2 1 748 2741 4589
386 2 2 2 1 151 2355 3159
387 2 2 2 1 2483 1266 2708
388 2 2 2 1 953 2483 2708
389 2 2 2 1 154 2236 2640
390 2 2 2 1 1847 661 3368
391 2 2 2 1 2648 1253 2776
392 2 2 2 1 2242 539 2625
393 2 2 2 1 562 2258 3135
394 2 2 2 1 2258 1330 3135
395 2 2 2 1 2227 1520 3726
396 2 2 2 1 1917 359 2323
397 2 2 2 1 648 2227 3726
398 2 2 2 1 1612 2353 3842
399 2 2 2 1 2257 4253 4966
400 2 2 2 1 1017 1971 2199
401 2 2 2 1 1971 473 2199
402 2 2 2 1 1689 677 3184
403 2 2 2 1 1794 402 2793
404 2 2 2 1 480 3994 5444
405 2 2 2 1 4620 2314 5151
406 2 2 2 1 864 2098 4437
407 2 2 2 1 2353 836 3842
408 2 2 2 1 1951 2240 5208
409 2 2 2 1 1939 762 2173
410 2 2 2 1 798 2048 2728
411 2 2 2 1 2378 1148 2871
412 2 2 2 1 376 3402 4190
413 2 2 2 1 3076 207 4317
414 2 2 2 1 1998 835 3470
415 2 2 2 1 1280 1998 3470
416 2 2 2 1 461 1965 4504
417 2 2 2 1 484 1983 2439
418 2 2 2 1 1983 945 2439
419 2 2 2 1 1364 2085 3507
420 2 2 2 1 2085 383 3507
421 2 2 2 1 344 1814 2958
422 2 2 2 1 1814 1032 2958
423 2 2 2 1 1997 2609 4531
424 2 2 2 1 521 3106 4715
425 2 2 2 1 1753 141 3316
426 2 2 2 1 472 2627 2668
427 2 2 2 1 491 2133 2712
428 2 2 2 1 416 2314 4620
429 2 2 2 1 699 2312 2385
430 2 2 2 1 2312 1066 2385
431 2 2 2 1 2175 1328 3457
432 2 2 2 1 2100 821 3400
433 2 2 2 1 2031 1269 2215
434 2 2 2 1 641 1679 2623
435 2 2 2 1 1679 887 2623
436 2 2 2 1 2043 412 3282
437 2 2 2 1 1661 403 3527
438 2 2 2 1 924 1654 4136
439 2 2 2 1 1690 929 2655
440 2 2 2 1 28 29 2567
441 2 2 2 1 1684 494 2872
442 2 2 2 1 1667 676 3534
443 2 2 2 1 766 1768 2409
444 2 2 2 1 1394 2801 4232
445 2 2 2 1 859 2164 3397
446 2 2 2 1 1934 862 2791
447 2 2 2 1 1671 891 3684
448 2 2 2 1 1362 1827 2836
449 2 2 2 1 23 2394 2478
450 2 2 2 1 3338 2324 3383
451 2 2 2 1 4549 462 5222
452 2 2 2 1 473 1953 5214
453 2 2 2 1 1410 1883 4709
454 2 2 2 1 1136 1711 3614
455 2 2 2 1 921 2220 2254
456 2 2 2 1 888 2285 2621
457 2 2 2 1 3078 480 5444
458 2 2 2 1 1726 446 4563
459 2 2 2 1 1569 2832 4510
460 2 2 2 1 993 1717 5371
461 2 2 2 1 891 1671 2666
462 2 2 2 1 446 1726 3789
463 2 2 2 1 2213 878 4965
464 2 2 2 1 2059 519 3450
465 2 2 2 1 403 1661 3632
466 2 2 2 1 1569 2268 2832
467 2 2 2 1 225 2469 4545
468 2 2 2 1 1793 556 2698
469 2 2 2 1 938 1793 2698
470 2 2 2 1 368 1755 2462
471 2 2 2 1 892 1897 3012
472 2 2 2 1 1789 476 3305
473 2 2 2 1 2492 3940 3993
474 2 2 2 1 606 2081 3146
475 2 2 2 1 2081 1224 3146
476 2 2 2 1 2492 440 3940
477 2 2 2 1 2047 4047 4629
478 2 2 2 1 841 1761 2455
479 2 2 2 1 887 1679 2832
480 2 2 2 1 1542 1987 4502
481 2 2 2 1 1811 1284 4028
482 2 2 2 1 819 2035 4205
483 2 2 2 1 571 2420 2959
484 2 2 2 1 2420 1316 2959
485 2 2 2 1 1654 3096 3663
486 2 2 2 1 2324 610 2474
487 2 2 2 1 1099 2324 2474
488 2 2 2 1 2306 162 3061
489 2 2 2 1 462 2392 5222
490 2 2 2 1 1907 1409 2888
491 2 2 2 1 918 2576 5372
492 2 2 2 1 2460 2775 3621
493 2 2 2 1 2995 706 5001
494 2 2 2 1 706 2995 5011
495 2 2 2 1 1947 990 2929
496 2 2 2 1 1102 2324 3338
497 2 2 2 1 837 2016 3167
498 2 2 2 1 1953 4314 5214
499 2 2 2 1 1524 2576 3283
500 2 2 2 1 2576 918 3283
501 2 2 2 1 316 315 1963
502 2 2 2 1 1654 924 3007
503 2 2 2 1 494 1684 3957
504 2 2 2 1 2242 2625 3898
505 2 2 2 1 583 1722 2583
506 2 2 2 1 2712 2133 4215
507 2 2 2 1 461 4504 5301
508 2 2 2 1 1876 1051 2953
509 2 2 2 1 520 1876 2953
510 2 2 2 1 2346 1846 4650
511 2 2 2 1 2540 1035 3418
512 2 2 2 1 2051 862 2723
513 2 2 2 1 1966 1373 2896
514 2 2 2 1 1071 1966 2896
515 2 2 2 1 1814 344 4174
516 2 2 2 1 2130 744 3653
517 2 2 2 1 410 1928 2213
518 2 2 2 1 921 1919 2220
519 2 2 2 1 835 1892 4874
520 2 2 2 1 604 4046 4193
521 2 2 2 1 880 2346 4650
522 2 2 2 1 1409 1907 4190
523 2 2 2 1 57 2438 3253
524 2 2 2 1 3994 1732 5444
525 2 2 2 1 356 2359 3330
526 2 2 2 1 2359 1423 3330
527 2 2 2 1 910 2006 2321
528 2 2 2 1 2284 626 3623
529 2 2 2 1 1863 2261 4931
530 2 2 2 1 463 2029 2200
531 2 2 2 1 2029 898 2200
532 2 2 2 1 1737 268 3069
533 2 2 2 1 347 1774 2865
534 2 2 2 1 1529 2416 3608
535 2 2 2 1 1610 2131 4224
536 2 2 2 1 2131 980 4224
537 2 2 2 1 929 1690 4435
538 2 2 2 1 513 1758 2496
539 2 2 2 1 1310 1908 2788
540 2 2 2 1 1181 2370 3199
541 2 2 2 1 1615 3076 4317
542 2 2 2 1 907 2122 2127
543 2 2 2 1 770 2653 5139
544 2 2 2 1 2122 889 2127
545 2 2 2 1 1940 1103 2428
546 2 2 2 1 499 1940 2428
547 2 2 2 1 2048 798 2948
548 2 2 2 1 1137 2048 2948
549 2 2 2 1 3 139 3080
550 2 2 2 1 138 3 3080
551 2 2 2 1 929 1912 2655
552 2 2 2 1 790 2216 4114
553 2 2 2 1 2216 1624 4114
554 2 2 2 1 1988 889 5566
555 2 2 2 1 3096 991 3663
556 2 2 2 1 1666 722 3038
557 2 2 2 1 842 2088 2711
558 2 2 2 1 1094 1878 4937
559 2 2 2 1 1717 993 2805
560 2 2 2 1 912 2007 4267
561 2 2 2 1 2007 1526 4267
562 2 2 2 1 1077 2969 3094
563 2 2 2 1 1705 935 2671
564 2 2 2 1 2384 859 3397
565 2 2 2 1 1016 1930 3003
566 2 2 2 1 2695 411 4472
567 2 2 2 1 3763 571 4585
568 2 2 2 1 2261 1863 5593
569 2 2 2 1 978 1829 3054
570 2 2 2 1 1951 366 3953
571 2 2 2 1 599 2775 4479
572 2 2 2 1 1888 946 2862
573 2 2 2 1 1762 932 2778
574 2 2 2 1 167 168 2041
575 2 2 2 1 374 1663 3024
576 2 2 2 1 882 4297 4449
577 2 2 2 1 825 1884 2292
578 2 2 2 1 1985 1134 2408
579 2 2 2 1 67 2310 4867
580 2 2 2 1 728 1985 2408
581 2 2 2 1 1732 643 3173
582 2 2 2 1 403 1710 3527
583 2 2 2 1 2261 466 4931
584 2 2 2 1 2554 2131 4899
585 2 2 2 1 3274 854 3462
586 2 2 2 1 319 318 2234
587 2 2 2 1 969 2467 2908
588 2 2 2 1 1584 3053 3408
589 2 2 2 1 2215 378 3670
590 2 2 2 1 1208 2043 3282
591 2 2 2 1 722 1666 4355
592 2 2 2 1 3865 930 4969
593 2 2 2 1 2505 1275 4231
594 2 2 2 1 634 2137 2326
595 2 2 2 1 2137 968 2326
596 2 2 2 1 1108 1804 3465
597 2 2 2 1 1238 4415 4637
598 2 2 2 1 1669 3539 4048
599 2 2 2 1 2773 1592 4437
600 2 2 2 1 2035 2686 4205
601 2 2 2 1 1740 2505 4231
602 2 2 2 1 1755 368 3912
603 2 2 2 1 2005 531 3436
604 2 2 2 1 889 2122 5566
605 2 2 2 1 1794 1466 5026
606 2 2 2 1 141 1753 3460
607 2 2 2 1 3353 964 3970
608 2 2 2 1 814 2126 4238
609 2 2 2 1 2460 1348 3002
610 2 2 2 1 482 2460 3002
611 2 2 2 1 1656 2695 4472
612 2 2 2 1 3027 3832 4818
613 2 2 2 1 580 2175 3457
614 2 2 2 1 2650 949 2744
615 2 2 2 1 468 1744 2600
616 2 2 2 1 1734 1134 3617
617 2 2 2 1 2257 840 4253
618 2 2 2 1 399 1708 2733
619 2 2 2 1 2047 1400 4047
620 2 2 2 1 653 1819 4284
621 2 2 2 1 876 1987 3933
622 2 2 2 1 1086 1887 2337
623 2 2 2 1 1887 987 2337
624 2 2 2 1 1008 2648 2776
625 2 2 2 1 2347 1077 3094
626 2 2 2 1 1954 1452 4212
627 2 2 2 1 628 1954 4212
628 2 2 2 1 673 1811 4028
629 2 2 2 1 2585 1097 2608
630 2 2 2 1 1883 2797 4709
631 2 2 2 1 506 1850 2868
632 2 2 2 1 677 1689 3169
633 2 2 2 1 2178 604 4193
634 2 2 2 1 1516 2846 3860
635 2 2 2 1 534 3453 3900
636 2 2 2 1 1944 424 5135
637 2 2 2 1 846 1975 4860
638 2 2 2 1 2271 882 4449
639 2 2 2 1 748 2195 2741
640 2 2 2 1 1049 1964 3108
641 2 2 2 1 800 2230 3164
642 2 2 2 1 3027 1464 3832
643 2 2 2 1 428 2839 3388
644 2 2 2 1 2839 1677 3388
645 2 2 2 1 2112 602 2184
646 2 2 2 1 1039 3132 4466
647 2 2 2 1 912 2112 2184
648 2 2 2 1 4502 1987 5270
649 2 2 2 1 417 1956 3640
650 2 2 2 1 800 2115 2567
651 2 2 2 1 1754 1281 3883
652 2 2 2 1 1992 835 4874
653 2 2 2 1 199 200 2032
654 2 2 2 1 862 2051 2791
655 2 2 2 1 3301 1641 3683
656 2 2 2 1 472 2293 3738
657 2 2 2 1 2293 1518 3738
658 2 2 2 1 2655 1912 5242
659 2 2 2 1 2537 4122 4485
660 2 2 2 1 3093 499 3602
661 2 2 2 1 1119 1907 2888
662 2 2 2 1 862 2143 2723
663 2 2 2 1 860 1748 2599
664 2 2 2 1 842 1953 4607
665 2 2 2 1 1953 1572 4607
666 2 2 2 1 858 1978 2480
667 2 2 2 1 1202 1928 3443
668 2 2 2 1 1928 410 3443
669 2 2 2 1 905 2625 3678
670 2 2 2 1 2625 1693 3678
671 2 2 2 1 832 1946 4602
672 2 2 2 1 1708 399 3487
673 2 2 2 1 1720 4184 5106
674 2 2 2 1 1907 932 4190
675 2 2 2 1 970 1843 2417
676 2 2 2 1 1679 641 3208
677 2 2 2 1 859 2898 3364
678 2 2 2 1 3539 688 4048
679 2 2 2 1 3369 2018 3524
680 2 2 2 1 794 2214 2759
681 2 2 2 1 2214 1138 2759
682 2 2 2 1 2982 335 3107
683 2 2 2 1 1617 2982 3107
684 2 2 2 1 1790 667 3405
685 2 2 2 1 1118 1790 3405
686 2 2 2 1 519 2296 3450
687 2 2 2 1 2166 829 3767
688 2 2 2 1 1389 2581 3096
689 2 2 2 1 380 1898 2541
690 2 2 2 1 4238 2126 4775
691 2 2 2 1 1096 2029 2755
692 2 2 2 1 2627 1086 2668
693 2 2 2 1 932 1762 2582
694 2 2 2 1 2055 719 4157
695 2 2 2 1 1510 2055 4157
696 2 2 2 1 1875 989 2486
697 2 2 2 1 129 2048 3943
698 2 2 2 1 1711 1136 4127
699 2 2 2 1 4253 1558 4966
700 2 2 2 1 933 2473 2730
701 2 2 2 1 424 1822 3968
702 2 2 2 1 1968 528 3031
703 2 2 2 1 1106 1968 3031
704 2 2 2 1 661 1847 3153
705 2 2 2 1 2653 1904 5139
706 2 2 2 1 494 2554 4899
707 2 2 2 1 1756 1178 3020
708 2 2 2 1 2482 1162 3067
709 2 2 2 1 1551 2810 3458
710 2 2 2 1 344 1978 2573
711 2 2 2 1 1615 3060 3610
712 2 2 2 1 1771 2293 5025
713 2 2 2 1 3053 628 3408
714 2 2 2 1 1937 1481 4368
715 2 2 2 1 734 1937 4368
716 2 2 2 1 413 2224 2307
717 2 2 2 1 2224 1260 2307
718 2 2 2 1 4415 1864 4637
719 2 2 2 1 1831 1281 2869
720 2 2 2 1 857 1917 2323
721 2 2 2 1 2216 479 4496
722 2 2 2 1 3141 1408 4336
723 2 2 2 1 1924 926 2532
724 2 2 2 1 514 1924 2532
725 2 2 2 1 3199 2370 5086
726 2 2 2 1 1389 3096 4541
727 2 2 2 1 3362 1236 3925
728 2 2 2 1 3604 1590 4146
729 2 2 2 1 1835 601 5002
730 2 2 2 1 2048 129 2728
731 2 2 2 1 2100 3400 4410
732 2 2 2 1 2307 1724 3775
733 2 2 2 1 1850 506 2447
734 2 2 2 1 2901 2411 5488
735 2 2 2 1 1960 105 3911
736 2 2 2 1 2418 1443 3195
737 2 2 2 1 658 3301 3683
738 2 2 2 1 2177 962 2178
739 2 2 2 1 420 1904 4471
740 2 2 2 1 1904 1480 4471
741 2 2 2 1 874 2177 2178
742 2 2 2 1 4181 1804 4957
743 2 2 2 1 2315 1776 4601
744 2 2 2 1 1909 1070 3035
745 2 2 2 1 396 1909 3035
746 2 2 2 1 3569 231 3863
747 2 2 2 1 1710 403 2929
748 2 2 2 1 162 163 3061
749 2 2 2 1 1130 3165 3303
750 2 2 2 1 1700 645 3866
751 2 2 2 1 703 1759 3491
752 2 2 2 1 816 2031 2215
753 2 2 2 1 413 2307 3775
754 2 2 2 1 1858 868 2860
755 2 2 2 1 3670 378 4080
756 2 2 2 1 2908 2467 3490
757 2 2 2 1 1830 96 4078
758 2 2 2 1 1996 853 3695
759 2 2 2 1 749 2358 2551
760 2 2 2 1 2358 1171 2551
761 2 2 2 1 2001 822 2398
762 2 2 2 1 1015 3243 4794
763 2 2 2 1 3293 1895 5052
764 2 2 2 1 482 1936 3126
765 2 2 2 1 1002 2722 2905
766 2 2 2 1 512 2816 3647
767 2 2 2 1 4092 2600 5075
768 2 2 2 1 1950 1509 3474
769 2 2 2 1 1872 707 2811
770 2 2 2 1 2155 136 3924
771 2 2 2 1 2222 3712 3812
772 2 2 2 1 382 2088 4888
773 2 2 2 1 2744 2262 3753
774 2 2 2 1 2125 1114 3023
775 2 2 2 1 1078 1944 2297
776 2 2 2 1 1935 1543 3796
777 2 2 2 1 1223 2559 2632
778 2 2 2 1 2559 901 2632
779 2 2 2 1 1815 1213 3791
780 2 2 2 1 3265 1137 5145
781 2 2 2 1 1362 1923 2657
782 2 2 2 1 1048 1915 2488
783 2 2 2 1 1349 2130 3653
784 2 2 2 1 2471 512 3647
785 2 2 2 1 348 1897 3504
786 2 2 2 1 1897 1192 3504
787 2 2 2 1 2932 1552 3057
788 2 2 2 1 398 2932 3057
789 2 2 2 1 2089 777 2175
790 2 2 2 1 2006 1513 4335
791 2 2 2 1 446 2006 4335
792 2 2 2 1 470 1859 3313
793 2 2 2 1 1828 2025 4503
794 2 2 2 1 995 3120 3284
795 2 2 2 1 3120 1703 3284
796 2 2 2 1 3715 390 4240
797 2 2 2 1 1582 2986 3722
798 2 2 2 1 1178 1756 3781
799 2 2 2 1 1975 2586 4860
800 2 2 2 1 784 1818 2509
801 2 2 2 1 626 2284 4541
802 2 2 2 1 133 134 1945
803 2 2 2 1 1812 3141 4336
804 2 2 2 1 392 2378 2871
805 2 2 2 1 867 2315 4601
806 2 2 2 1 1487 2437 3743
807 2 2 2 1 1746 344 3707
808 2 2 2 1 1448 4181 4957
809 2 2 2 1 3293 922 3900
810 2 2 2 1 1708 3337 4030
811 2 2 2 1 1857 938 2699
812 2 2 2 1 724 2516 3644
813 2 2 2 1 2676 1453 3307
814 2 2 2 1 3304 656 3932
815 2 2 2 1 892 2009 2694
816 2 2 2 1 2275 828 4515
817 2 2 2 1 1773 2275 4515
818 2 2 2 1 2868 1850 4554
819 2 2 2 1 480 1802 5567
820 2 2 2 1 4172 2384 4694
821 2 2 2 1 1609 2580 4866
822 2 2 2 1 2473 1195 2730
823 2 2 2 1 2254 2220 5298
824 2 2 2 1 2611 922 3293
825 2 2 2 1 759 2003 2401
826 2 2 2 1 2003 991 2401
827 2 2 2 1 3186 1883 4088
828 2 2 2 1 2297 1944 5135
829 2 2 2 1 2067 386 2848
830 2 2 2 1 2390 1592 2773
831 2 2 2 1 638 2044 2295
832 2 2 2 1 456 1800 2570
833 2 2 2 1 2044 908 2295
834 2 2 2 1 2181 921 2254
835 2 2 2 1 943 2181 2254
836 2 2 2 1 45 46 2119
837 2 2 2 1 1919 782 5360
838 2 2 2 1 1840 940 2940
839 2 2 2 1 2087 789 3769
840 2 2 2 1 2088 4607 4888
841 2 2 2 1 724 3644 3959
842 2 2 2 1 727 1931 4821
843 2 2 2 1 2774 951 3913
844 2 2 2 1 2184 602 3185
845 2 2 2 1 1248 2184 3185
846 2 2 2 1 1930 630 2993
847 2 2 2 1 1065 1930 2993
848 2 2 2 1 2451 1205 2744
849 2 2 2 1 469 2451 2744
850 2 2 2 1 3363 644 4296
851 2 2 2 1 1722 583 4760
852 2 2 2 1 804 1913 4918
853 2 2 2 1 1931 1296 2352
854 2 2 2 1 4497 2305 4571
855 2 2 2 1 3404 2113 4098
856 2 2 2 1 3307 1453 4694
857 2 2 2 1 349 2045 2357
858 2 2 2 1 2045 1052 2357
859 2 2 2 1 1973 1380 4529
860 2 2 2 1 1232 1870 2557
861 2 2 2 1 2162 876 3933
862 2 2 2 1 242 2172 2511
863 2 2 2 1 395 2581 3051
864 2 2 2 1 2581 1389 3051
865 2 2 2 1 849 2110 2240
866 2 2 2 1 2110 941 2240
867 2 2 2 1 3155 2166 3767
868 2 2 2 1 721 2135 3596
869 2 2 2 1 2479 652 4342
870 2 2 2 1 872 2541 4571
871 2 2 2 1 833 1976 2729
872 2 2 2 1 4075 860 4662
873 2 2 2 1 1896 598 3925
874 2 2 2 1 508 2305 4497
875 2 2 2 1 548 3604 4146
876 2 2 2 1 2008 502 2422
877 2 2 2 1 1168 2008 2422
878 2 2 2 1 952 1732 3994
879 2 2 2 1 1736 490 4266
880 2 2 2 1 443 2930 3448
881 2 2 2 1 3805 1778 5386
882 2 2 2 1 3021 796 4379
883 2 2 2 1 1213 1815 3847
884 2 2 2 1 2507 1470 3390
885 2 2 2 1 540 2507 3390
886 2 2 2 1 2023 812 2266
887 2 2 2 1 1818 784 3773
888 2 2 2 1 67 68 2310
889 2 2 2 1 2041 168 3118
890 2 2 2 1 3060 633 3610
891 2 2 2 1 826 1888 2545
892 2 2 2 1 4306 2003 4494
893 2 2 2 1 2063 1112 2543
894 2 2 2 1 1312 2529 2921
895 2 2 2 1 2529 496 2921
896 2 2 2 1 268 1737 4540
897 2 2 2 1 662 2223 2526
898 2 2 2 1 980 2131 2554
899 2 2 2 1 706 1727 3134
900 2 2 2 1 2135 721 4101
901 2 2 2 1 3067 1162 3691
902 2 2 2 1 1854 710 2605
903 2 2 2 1 906 1854 2605
904 2 2 2 1 1727 706 3171
905 2 2 2 1 2194 73 3705
906 2 2 2 1 2741 1717 4589
907 2 2 2 1 2656 1778 3805
908 2 2 2 1 1134 1734 3419
909 2 2 2 1 996 1847 2943
910 2 2 2 1 1847 428 2943
911 2 2 2 1 3106 1532 4715
912 2 2 2 1 1004 2868 4554
913 2 2 2 1 2575 1130 3303
914 2 2 2 1 1862 383 2696
915 2 2 2 1 953 1856 3442
916 2 2 2 1 694 1956 3123
917 2 2 2 1 1956 1111 3123
918 2 2 2 1 1873 595 5092
919 2 2 2 1 1380 2356 3698
920 2 2 2 1 1743 3840 4369
921 2 2 2 1 2024 500 2803
922 2 2 2 1 1053 2024 2803
923 2 2 2 1 476 1789 2915
924 2 2 2 1 1732 952 3104
925 2 2 2 1 2575 540 2616
926 2 2 2 1 1685 2918 3391
927 2 2 2 1 2918 741 3391
928 2 2 2 1 1928 903 4808
929 2 2 2 1 2569 1371 3525
930 2 2 2 1 3953 366 4278
931 2 2 2 1 1744 468 2909
932 2 2 2 1 378 2411 2901
933 2 2 2 1 1878 2535 4937
934 2 2 2 1 1767 905 3875
935 2 2 2 1 2932 1720 5106
936 2 2 2 1 658 1758 3301
937 2 2 2 1 1844 918 2539
938 2 2 2 1 370 3001 4156
939 2 2 2 1 1836 1053 3118
940 2 2 2 1 1946 2748 4602
941 2 2 2 1 220 221 2079
942 2 2 2 1 1884 2527 5370
943 2 2 2 1 643 1732 3104
944 2 2 2 1 498 2275 4848
945 2 2 2 1 2153 1131 3190
946 2 2 2 1 1420 2153 3190
947 2 2 2 1 3916 361 4635
948 2 2 2 1 702 3404 4098
949 2 2 2 1 930 2631 4969
950 2 2 2 1 2087 339 2765
951 2 2 2 1 1940 499 3016
952 2 2 2 1 1070 1940 3016
953 2 2 2 1 2061 1068 2816
954 2 2 2 1 512 2061 2816
955 2 2 2 1 136 137 3924
956 2 2 2 1 1737 696 3336
957 2 2 2 1 868 1858 4360
958 2 2 2 1 997 2316 2593
959 2 2 2 1 862 1934 2551
960 2 2 2 1 490 1736 4710
961 2 2 2 1 1633 3569 3863
962 2 2 2 1 2087 3769 4211
963 2 2 2 1 2272 761 2923
964 2 2 2 1 167 2041 5442
965 2 2 2 1 1372 2329 3347
966 2 2 2 1 2416 1256 3608
967 2 2 2 1 2329 607 3347
968 2 2 2 1 1624 2216 4496
969 2 2 2 1 3901 2301 4264
970 2 2 2 1 2930 1585 3448
971 2 2 2 1 507 1927 3231
972 2 2 2 1 412 2043 3124
973 2 2 2 1 696 1737 4170
974 2 2 2 1 1775 2342 4601
975 2 2 2 1 854 3274 5368
976 2 2 2 1 1057 1809 2629
977 2 2 2 1 2060 524 2585
978 2 2 2 1 993 2060 2585
979 2 2 2 1 1764 457 4454
980 2 2 2 1 1831 481 4936
981 2 2 2 1 1396 2230 2231
982 2 2 2 1 2230 800 2231
983 2 2 2 1 1674 3363 4296
984 2 2 2 1 2187 963 2517
985 2 2 2 1 1031 2187 2517
986 2 2 2 1 1723 4204 5372
987 2 2 2 1 3140 18 4116
988 2 2 2 1 1046 1778 5622
989 2 2 2 1 2437 839 3743
990 2 2 2 1 765 2203 3300
991 2 2 2 1 1101 2721 2969
992 2 2 2 1 989 2129 2486
993 2 2 2 1 2129 809 2486
994 2 2 2 1 1976 833 5201
995 2 2 2 1 1784 679 4655
996 2 2 2 1 3161 2290 4552
997 2 2 2 1 1205 2650 2744
998 2 2 2 1 1766 811 3730
999 2 2 2 1 595 1873 2975
1000 2 2 2 1 1758 658 5015
1001 2 2 2 1 1873 1021 2975
1002 2 2 2 1 911 4692 5137
1003 2 2 2 1 1749 3927 4788
1004 2 2 2 1 965 2282 2495
1005 2 2 2 1 2580 1609 4997
1006 2 2 2 1 2693 1653 3614
1007 2 2 2 1 362 2693 3614
1008 2 2 2 1 965 2495 2496
1009 2 2 2 1 638 2295 3836
1010 2 2 2 1 2295 1512 3836
1011 2 2 2 1 1768 766 3746
1012 2 2 2 1 1158 2309 2997
1013 2 2 2 1 992 1835 4305
1014 2 2 2 1 1608 2632 4225
1015 2 2 2 1 2142 1242 2742
1016 2 2 2 1 1870 1232 3784
1017 2 2 2 1 559 1870 3784
1018 2 2 2 1 2373 1122 3425
1019 2 2 2 1 2294 883 2296
1020 2 2 2 1 1029 2294 2296
1021 2 2 2 1 1835 992 2978
1022 2 2 2 1 128 129 3943
1023 2 2 2 1 601 1835 2978
1024 2 2 2 1 1820 1003 5579
1025 2 2 2 1 2538 1123 3390
1026 2 2 2 1 1470 2538 3390
1027 2 2 2 1 2077 495 3288
1028 2 2 2 1 2342 867 4601
1029 2 2 2 1 2563 265 4755
1030 2 2 2 1 1821 1088 3354
1031 2 2 2 1 1842 579 2704
1032 2 2 2 1 1947 2929 3886
1033 2 2 2 1 257 258 2002
1034 2 2 2 1 1936 742 3862
1035 2 2 2 1 1298 1936 3862
1036 2 2 2 1 4122 759 4485
1037 2 2 2 1 1286 2540 3418
1038 2 2 2 1 547 2142 4289
1039 2 2 2 1 3253 1185 4412
1040 2 2 2 1 3622 823 4851
1041 2 2 2 1 1774 347 3125
1042 2 2 2 1 1446 3070 3511
1043 2 2 2 1 1310 2788 4859
1044 2 2 2 1 3285 427 4741
1045 2 2 2 1 2036 1130 2616
1046 2 2 2 1 360 1820 5275
1047 2 2 2 1 1828 4503 5340
1048 2 2 2 1 20 2012 4116
1049 2 2 2 1 466 2261 4388
1050 2 2 2 1 2261 1689 4388
1051 2 2 2 1 1548 4092 5075
1052 2 2 2 1 1071 1763 5125
1053 2 2 2 1 1753 1125 4405
1054 2 2 2 1 242 243 2172
1055 2 2 2 1 1291 2218 2605
1056 2 2 2 1 1721 3253 4412
1057 2 2 2 1 2120 861 2633
1058 2 2 2 1 1925 572 3207
1059 2 2 2 1 2129 464 4481
1060 2 2 2 1 1933 824 2432
1061 2 2 2 1 769 2362 3192
1062 2 2 2 1 2362 1308 3192
1063 2 2 2 1 2525 1075 3165
1064 2 2 2 1 905 1767 3898
1065 2 2 2 1 1810 478 3724
1066 2 2 2 1 1284 1811 3612
1067 2 2 2 1 75 2167 3705
1068 2 2 2 1 2119 46 3175
1069 2 2 2 1 2298 1807 5323
1070 2 2 2 1 1913 804 2470
1071 2 2 2 1 1889 3285 4741
1072 2 2 2 1 2125 475 2327
1073 2 2 2 1 923 2125 2327
1074 2 2 2 1 2596 975 2925
1075 2 2 2 1 225 226 2469
1076 2 2 2 1 985 1997 5189
1077 2 2 2 1 1918 723 4954
1078 2 2 2 1 3840 1344 4369
1079 2 2 2 1 2632 1608 5315
1080 2 2 2 1 1011 2466 2866
1081 2 2 2 1 2466 1243 2866
1082 2 2 2 1 3001 1648 4156
1083 2 2 2 1 1236 2747 3925
1084 2 2 2 1 2293 920 5025
1085 2 2 2 1 2275 1773 4848
1086 2 2 2 1 796 3021 4183
1087 2 2 2 1 2775 1491 4479
1088 2 2 2 1 3477 2533 3937
1089 2 2 2 1 319 2234 3857
1090 2 2 2 1 2109 544 2856
1091 2 2 2 1 1025 2465 2634
1092 2 2 2 1 1878 984 2535
1093 2 2 2 1 869 1819 4191
1094 2 2 2 1 804 4918 5232
1095 2 2 2 1 1421 1989 2602
1096 2 2 2 1 1890 621 2898
1097 2 2 2 1 853 1996 2382
1098 2 2 2 1 662 2526 3914
1099 2 2 2 1 2203 1256 3300
1100 2 2 2 1 2434 4024 4806
1101 2 2 2 1 859 2384 4172
1102 2 2 2 1 3243 1015 3823
1103 2 2 2 1 904 2448 2850
1104 2 2 2 1 255 2622 2917
1105 2 2 2 1 2448 562 3135
1106 2 2 2 1 1331 2448 3135
1107 2 2 2 1 1795 1006 5308
1108 2 2 2 1 2621 2285 3636
1109 2 2 2 1 2173 762 2789
1110 2 2 2 1 2180 471 2482
1111 2 2 2 1 2167 1170 2520
1112 2 2 2 1 939 2167 2520
1113 2 2 2 1 1758 513 4380
1114 2 2 2 1 1811 308 3612
1115 2 2 2 1 57 58 2438
1116 2 2 2 1 1761 452 3706
1117 2 2 2 1 986 2765 3187
1118 2 2 2 1 2144 371 4810
1119 2 2 2 1 3738 1518 3742
1120 2 2 2 1 2774 1413 2949
1121 2 2 2 1 951 2774 2949
1122 2 2 2 1 2574 1265 2812
1123 2 2 2 1 1033 2574 2812
1124 2 2 2 1 784 1874 3773
1125 2 2 2 1 1764 951 3964
1126 2 2 2 1 1498 1909 5342
1127 2 2 2 1 1917 857 5588
1128 2 2 2 1 4895 2217 5172
1129 2 2 2 1 1125 1753 3316
1130 2 2 2 1 1391 3161 4552
1131 2 2 2 1 1859 470 3884
1132 2 2 2 1 1237 1859 3884
1133 2 2 2 1 1059 2118 2736
1134 2 2 2 1 3927 1749 4906
1135 2 2 2 1 2118 511 2736
1136 2 2 2 1 2986 647 3722
1137 2 2 2 1 1956 1203 3640
1138 2 2 2 1 3337 672 4030
1139 2 2 2 1 827 2307 3144
1140 2 2 2 1 2307 1260 3144
1141 2 2 2 1 493 1941 4613
1142 2 2 2 1 1941 1505 4613
1143 2 2 2 1 632 2799 3394
1144 2 2 2 1 2799 1598 3394
1145 2 2 2 1 3132 1550 4466
1146 2 2 2 1 1595 2988 4784
1147 2 2 2 1 202 203 2239
1148 2 2 2 1 1800 456 5295
1149 2 2 2 1 946 1766 3730
1150 2 2 2 1 1763 1071 5175
1151 2 2 2 1 945 1984 2606
1152 2 2 2 1 478 1810 3678
1153 2 2 2 1 1984 375 2606
1154 2 2 2 1 1725 3243 3823
1155 2 2 2 1 3002 1015 4794
1156 2 2 2 1 1119 2888 3878
1157 2 2 2 1 527 2097 3697
1158 2 2 2 1 940 1840 5031
1159 2 2 2 1 789 2087 5617
1160 2 2 2 1 2584 534 3900
1161 2 2 2 1 3270 120 3890
1162 2 2 2 1 1787 1062 3034
1163 2 2 2 1 556 1793 2787
1164 2 2 2 1 951 1764 3541
1165 2 2 2 1 457 1764 4805
1166 2 2 2 1 2104 1192 2583
1167 2 2 2 1 823 3622 5118
1168 2 2 2 1 474 2003 4306
1169 2 2 2 1 1659 2654 4774
1170 2 2 2 1 991 2581 2985
1171 2 2 2 1 316 1963 2912
1172 2 2 2 1 2993 1253 3073
1173 2 2 2 1 843 3467 4003
1174 2 2 2 1 579 1842 2660
1175 2 2 2 1 3070 1061 3511
1176 2 2 2 1 1761 841 3129
1177 2 2 2 1 915 2490 3619
1178 2 2 2 1 2703 925 2785
1179 2 2 2 1 2773 460 3656
1180 2 2 2 1 1691 2773 3656
1181 2 2 2 1 2088 1167 2711
1182 2 2 2 1 754 1944 3115
1183 2 2 2 1 1944 1078 3115
1184 2 2 2 1 308 1811 3352
1185 2 2 2 1 1589 3304 3932
1186 2 2 2 1 2406 911 5137
1187 2 2 2 1 945 1983 5013
1188 2 2 2 1 1984 945 5013
1189 2 2 2 1 414 3293 5052
1190 2 2 2 1 4299 1853 4458
1191 2 2 2 1 1872 2811 4795
1192 2 2 2 1 2220 1919 5360
1193 2 2 2 1 2240 1951 5406
1194 2 2 2 1 1250 2496 5015
1195 2 2 2 1 2431 1011 2866
1196 2 2 2 1 1549 2477 4553
1197 2 2 2 1 3220 1585 5058
1198 2 2 2 1 3329 481 3438
1199 2 2 2 1 409 2823 2887
1200 2 2 2 1 2823 1403 2887
1201 2 2 2 1 1037 3147 3301
1202 2 2 2 1 849 2240 5406
1203 2 2 2 1 1867 1329 4166
1204 2 2 2 1 2020 1001 5224
1205 2 2 2 1 5201 833 5503
1206 2 2 2 1 1001 2021 5224
1207 2 2 2 1 1927 507 3709
1208 2 2 2 1 2342 1775 4714
1209 2 2 2 1 915 3619 5197
1210 2 2 2 1 1897 348 3012
1211 2 2 2 1 678 1806 2794
1212 2 2 2 1 2714 3902 4564
1213 2 2 2 1 3847 1815 4236
1214 2 2 2 1 2041 874 2546
1215 2 2 2 1 1339 2157 2968
1216 2 2 2 1 1846 2346 4977
1217 2 2 2 1 1421 4306 4494
1218 2 2 2 1 875 2270 3194
1219 2 2 2 1 938 1857 5122
1220 2 2 2 1 1282 2014 3158
1221 2 2 2 1 3969 1744 4028
1222 2 2 2 1 2112 912 2304
1223 2 2 2 1 1456 2204 4573
1224 2 2 2 1 1348 2173 2789
1225 2 2 2 1 906 2456 2463
1226 2 2 2 1 2456 1080 2463
1227 2 2 2 1 1781 433 4604
1228 2 2 2 1 696 4423 4774
1229 2 2 2 1 2129 4481 5587
1230 2 2 2 1 2156 1097 2585
1231 2 2 2 1 824 2233 2952
1232 2 2 2 1 1238 2503 4415
1233 2 2 2 1 2187 1031 3632
1234 2 2 2 1 2115 800 3164
1235 2 2 2 1 1180 2115 3164
1236 2 2 2 1 1081 2376 3310
1237 2 2 2 1 2069 508 3500
1238 2 2 2 1 4024 1425 4806
1239 2 2 2 1 1976 452 2729
1240 2 2 2 1 2163 4184 4586
1241 2 2 2 1 1452 1954 3341
1242 2 2 2 1 1281 1831 4051
1243 2 2 2 1 356 3835 5129
1244 2 2 2 1 433 1781 2963
1245 2 2 2 1 2083 764 2678
1246 2 2 2 1 2445 1188 2771
1247 2 2 2 1 1003 2445 2771
1248 2 2 2 1 73 74 3705
1249 2 2 2 1 855 2217 4895
1250 2 2 2 1 1632 2479 4342
1251 2 2 2 1 2035 819 5323
1252 2 2 2 1 3835 356 4812
1253 2 2 2 1 1454 2714 4564
1254 2 2 2 1 2123 1623 4738
1255 2 2 2 1 3066 158 3841
1256 2 2 2 1 2469 1604 4545
1257 2 2 2 1 812 2023 5213
1258 2 2 2 1 1861 3916 4635
1259 2 2 2 1 3147 1641 3301
1260 2 2 2 1 1445 3093 3602
1261 2 2 2 1 1421 2602 3570
1262 2 2 2 1 2051 1127 4668
1263 2 2 2 1 2841 985 5189
1264 2 2 2 1 22 23 2478
1265 2 2 2 1 2373 3425 3728
1266 2 2 2 1 505 2127 4397
1267 2 2 2 1 1206 2461 2824
1268 2 2 2 1 2461 568 2824
1269 2 2 2 1 3251 667 3272
1270 2 2 2 1 2043 1116 3124
1271 2 2 2 1 2597 1715 4259
1272 2 2 2 1 1105 1865 4007
1273 2 2 2 1 902 2371 4302
1274 2 2 2 1 997 2593 2689
1275 2 2 2 1 1766 946 5158
1276 2 2 2 1 1303 2284 3623
1277 2 2 2 1 1905 1168 3496
1278 2 2 2 1 3559 907 3979
1279 2 2 2 1 2850 425 4466
1280 2 2 2 1 1969 1166 2670
1281 2 2 2 1 941 2110 2441
1282 2 2 2 1 2110 503 2441
1283 2 2 2 1 337 2342 4714
1284 2 2 2 1 1021 1873 4344
1285 2 2 2 1 964 2780 3970
1286 2 2 2 1 986 2263 4443
1287 2 2 2 1 468 2600 4092
1288 2 2 2 1 1179 1811 3806
1289 2 2 2 1 1811 673 3806
1290 2 2 2 1 1788 671 3100
1291 2 2 2 1 2898 1382 3364
1292 2 2 2 1 453 2735 3102
1293 2 2 2 1 2142 3825 4289
1294 2 2 2 1 837 3167 4027
1295 2 2 2 1 45 2119 2675
1296 2 2 2 1 2496 1250 3531
1297 2 2 2 1 1429 2334 3647
1298 2 2 2 1 2334 902 3647
1299 2 2 2 1 1176 2533 3477
1300 2 2 2 1 1607 3265 5145
1301 2 2 2 1 571 2920 4585
1302 2 2 2 1 377 2201 3418
1303 2 2 2 1 2201 1286 3418
1304 2 2 2 1 2277 1127 4312
1305 2 2 2 1 1931 2352 4821
1306 2 2 2 1 635 4612 4614
1307 2 2 2 1 2693 1160 3259
1308 2 2 2 1 2161 635 4614
1309 2 2 2 1 2005 3436 4235
1310 2 2 2 1 1843 520 2746
1311 2 2 2 1 1132 1894 3429
1312 2 2 2 1 1094 2440 2524
1313 2 2 2 1 2440 883 2524
1314 2 2 2 1 1958 431 2488
1315 2 2 2 1 2536 1132 3429
1316 2 2 2 1 1778 1046 3725
1317 2 2 2 1 1974 3331 4934
1318 2 2 2 1 1214 2105 3325
1319 2 2 2 1 2105 338 3325
1320 2 2 2 1 250 251 2091
1321 2 2 2 1 3198 1414 3931
1322 2 2 2 1 2722 1241 2905
1323 2 2 2 1 813 2238 3669
1324 2 2 2 1 1372 4299 4458
1325 2 2 2 1 2309 536 2997
1326 2 2 2 1 2288 1346 3430
1327 2 2 2 1 685 2288 3430
1328 2 2 2 1 1936 1298 3126
1329 2 2 2 1 150 151 3159
1330 2 2 2 1 2346 510 4977
1331 2 2 2 1 371 2144 4377
1332 2 2 2 1 2182 576 3441
1333 2 2 2 1 1950 646 4684
1334 2 2 2 1 1509 1950 4684
1335 2 2 2 1 1008 2071 2753
1336 2 2 2 1 679 1784 3508
1337 2 2 2 1 2793 402 5590
1338 2 2 2 1 995 1788 4527
1339 2 2 2 1 368 1839 3042
1340 2 2 2 1 58 59 3120
1341 2 2 2 1 1904 420 2951
1342 2 2 2 1 4597 2777 5153
1343 2 2 2 1 486 2158 4061
1344 2 2 2 1 2158 1466 4061
1345 2 2 2 1 2420 892 3012
1346 2 2 2 1 1182 1902 3720
1347 2 2 2 1 463 2237 5517
1348 2 2 2 1 772 2116 2702
1349 2 2 2 1 2732 1973 4529
1350 2 2 2 1 3176 902 4302
1351 2 2 2 1 723 2027 4954
1352 2 2 2 1 2801 577 4232
1353 2 2 2 1 902 2334 3296
1354 2 2 2 1 1877 317 2912
1355 2 2 2 1 883 2294 2524
1356 2 2 2 1 2211 505 4397
1357 2 2 2 1 4184 1407 4586
1358 2 2 2 1 1353 2579 3081
1359 2 2 2 1 2579 1040 3081
1360 2 2 2 1 1865 747 2677
1361 2 2 2 1 595 2975 3022
1362 2 2 2 1 926 1924 4658
1363 2 2 2 1 2304 463 5517
1364 2 2 2 1 667 1790 3272
1365 2 2 2 1 2975 1494 3022
1366 2 2 2 1 1151 2663 3493
1367 2 2 2 1 1477 3451 4841
1368 2 2 2 1 2527 1884 5604
1369 2 2 2 1 1978 858 2573
1370 2 2 2 1 1418 3164 4455
1371 2 2 2 1 2636 683 4323
1372 2 2 2 1 1970 1069 3098
1373 2 2 2 1 502 1970 3098
1374 2 2 2 1 2213 1928 4808
1375 2 2 2 1 302 2192 4583
1376 2 2 2 1 1668 2695 4658
1377 2 2 2 1 993 2585 2608
1378 2 2 2 1 652 2479 5220
1379 2 2 2 1 1804 3360 4957
1380 2 2 2 1 1614 3251 3272
1381 2 2 2 1 2507 540 2575
1382 2 2 2 1 1136 2507 2575
1383 2 2 2 1 504 2018 3369
1384 2 2 2 1 2811 988 4795
1385 2 2 2 1 3712 686 3812
1386 2 2 2 1 488 2254 5298
1387 2 2 2 1 2401 991 2985
1388 2 2 2 1 2173 1348 3621
1389 2 2 2 1 599 2173 3621
1390 2 2 2 1 1327 2301 3901
1391 2 2 2 1 107 3221 3911
1392 2 2 2 1 481 1831 3951
1393 2 2 2 1 4047 701 4629
1394 2 2 2 1 2371 902 3296
1395 2 2 2 1 1172 1834 4908
1396 2 2 2 1 1822 424 4451
1397 2 2 2 1 898 2146 2514
1398 2 2 2 1 2582 376 4190
1399 2 2 2 1 2061 512 3423
1400 2 2 2 1 1439 2901 5488
1401 2 2 2 1 1824 417 2882
1402 2 2 2 1 2536 3429 3784
1403 2 2 2 1 1224 2081 3160
1404 2 2 2 1 1929 516 2560
1405 2 2 2 1 822 2001 4638
1406 2 2 2 1 2374 697 4569
1407 2 2 2 1 575 2123 4738
1408 2 2 2 1 2631 930 2725
1409 2 2 2 1 1241 2631 2725
1410 2 2 2 1 2310 1641 4867
1411 2 2 2 1 823 2418 4851
1412 2 2 2 1 2418 1886 4851
1413 2 2 2 1 92 93 2265
1414 2 2 2 1 2497 580 3457
1415 2 2 2 1 2263 2619 4443
1416 2 2 2 1 601 2151 5002
1417 2 2 2 1 2595 1640 3854
1418 2 2 2 1 779 2595 3854
1419 2 2 2 1 718 1943 2946
1420 2 2 2 1 1943 1025 2946
1421 2 2 2 1 2201 1618 5171
1422 2 2 2 1 2988 1595 4761
1423 2 2 2 1 1910 954 3634
1424 2 2 2 1 3970 1783 5384
1425 2 2 2 1 419 2661 3474
1426 2 2 2 1 2416 1529 5020
1427 2 2 2 1 357 2597 4259
1428 2 2 2 1 486 2136 2706
1429 2 2 2 1 2136 1044 2706
1430 2 2 2 1 821 2100 2749
1431 2 2 2 1 402 1794 5019
1432 2 2 2 1 1095 2073 2659
1433 2 2 2 1 2967 1504 3077
1434 2 2 2 1 1174 2967 3077
1435 2 2 2 1 1788 995 3284
1436 2 2 2 1 2527 947 5370
1437 2 2 2 1 2177 874 4480
1438 2 2 2 1 1943 718 4777
1439 2 2 2 1 2356 817 3698
1440 2 2 2 1 1844 528 3283
1441 2 2 2 1 2016 837 5108
1442 2 2 2 1 572 1925 2889
1443 2 2 2 1 1802 480 3078
1444 2 2 2 1 1783 406 3399
1445 2 2 2 1 1255 2124 2550
1446 2 2 2 1 1819 869 5233
1447 2 2 2 1 1899 1289 2636
1448 2 2 2 1 2098 864 2389
1449 2 2 2 1 1012 2004 2818
1450 2 2 2 1 1466 2793 4986
1451 2 2 2 1 2004 743 2818
1452 2 2 2 1 1093 3369 3524
1453 2 2 2 1 1914 715 5248
1454 2 2 2 1 4225 2589 5219
1455 2 2 2 1 1912 929 2614
1456 2 2 2 1 1062 1787 3687
1457 2 2 2 1 746 1808 3037
1458 2 2 2 1 947 1790 3183
1459 2 2 2 1 2610 2277 4312
1460 2 2 2 1 743 1853 2818
1461 2 2 2 1 1803 401 3097
1462 2 2 2 1 649 2485 4912
1463 2 2 2 1 2485 1942 4912
1464 2 2 2 1 1152 2317 2319
1465 2 2 2 1 2317 865 2319
1466 2 2 2 1 3191 1058 4913
1467 2 2 2 1 1790 1118 5045
1468 2 2 2 1 671 1788 3284
1469 2 2 2 1 96 1830 3225
1470 2 2 2 1 3493 2663 3818
1471 2 2 2 1 2062 2793 5590
1472 2 2 2 1 2765 1293 3187
1473 2 2 2 1 503 2110 5607
1474 2 2 2 1 675 4508 5006
1475 2 2 2 1 2693 3259 4663
1476 2 2 2 1 254 255 2917
1477 2 2 2 1 375 2276 2606
1478 2 2 2 1 445 2009 2990
1479 2 2 2 1 890 2080 4092
1480 2 2 2 1 1890 1361 4307
1481 2 2 2 1 621 1890 4307
1482 2 2 2 1 1602 2555 4164
1483 2 2 2 1 509 2113 2788
1484 2 2 2 1 2113 1054 2788
1485 2 2 2 1 105 106 3911
1486 2 2 2 1 4512 2201 5171
1487 2 2 2 1 2700 442 5624
1488 2 2 2 1 1927 1138 3439
1489 2 2 2 1 689 1927 3439
1490 2 2 2 1 1790 947 3272
1491 2 2 2 1 915 2447 4237
1492 2 2 2 1 4918 1988 5232
1493 2 2 2 1 2777 952 5153
1494 2 2 2 1 1006 1795 3159
1495 2 2 2 1 890 4092 5304
1496 2 2 2 1 3628 656 5016
1497 2 2 2 1 807 1973 5394
1498 2 2 2 1 1106 2863 3585
1499 2 2 2 1 2801 3865 4282
1500 2 2 2 1 900 2197 5509
1501 2 2 2 1 2537 1473 4122
1502 2 2 2 1 904 2850 4746
1503 2 2 2 1 2128 781 3068
1504 2 2 2 1 1927 689 3081
1505 2 2 2 1 1040 1927 3081
1506 2 2 2 1 612 2419 3222
1507 2 2 2 1 2197 4690 5509
1508 2 2 2 1 2419 1305 3222
1509 2 2 2 1 1793 938 3484
1510 2 2 2 1 347 2522 3125
1511 2 2 2 1 2522 1332 3125
1512 2 2 2 1 425 2613 2767
1513 2 2 2 1 2613 1240 2767
1514 2 2 2 1 1572 1953 3659
1515 2 2 2 1 3022 4199 4792
1516 2 2 2 1 3274 1949 5368
1517 2 2 2 1 595 2149 5092
1518 2 2 2 1 2552 935 5148
1519 2 2 2 1 1073 1916 2633
1520 2 2 2 1 2092 1347 2678
1521 2 2 2 1 989 1925 3207
1522 2 2 2 1 984 1878 2941
1523 2 2 2 1 1043 2154 2691
1524 2 2 2 1 2154 516 2691
1525 2 2 2 1 2170 572 3756
1526 2 2 2 1 2323 359 5327
1527 2 2 2 1 4036 637 4799
1528 2 2 2 1 1032 1814 3489
1529 2 2 2 1 1938 326 4069
1530 2 2 2 1 1923 418 3574
1531 2 2 2 1 798 2728 4552
1532 2 2 2 1 324 323 2076
1533 2 2 2 1 758 2160 3564
1534 2 2 2 1 303 302 4583
1535 2 2 2 1 3022 1023 4199
1536 2 2 2 1 946 1851 2862
1537 2 2 2 1 3101 1527 3497
1538 2 2 2 1 1806 4471 4766
1539 2 2 2 1 2321 696 4774
1540 2 2 2 1 861 2120 5653
1541 2 2 2 1 593 2809 4467
1542 2 2 2 1 1856 953 2849
1543 2 2 2 1 1719 2374 4569
1544 2 2 2 1 401 1803 4294
1545 2 2 2 1 2863 1626 3585
1546 2 2 2 1 550 2181 4290
1547 2 2 2 1 3695 853 4667
1548 2 2 2 1 414 2499 2611
1549 2 2 2 1 1978 344 4865
1550 2 2 2 1 2499 1173 2611
1551 2 2 2 1 2883 4279 5316
1552 2 2 2 1 1806 678 5326
1553 2 2 2 1 2845 796 4183
1554 2 2 2 1 889 1988 4918
1555 2 2 2 1 2403 1447 2404
1556 2 2 2 1 831 2403 2404
1557 2 2 2 1 413 2557 3915
1558 2 2 2 1 2557 1630 3915
1559 2 2 2 1 907 2345 3979
1560 2 2 2 1 1909 3052 5342
1561 2 2 2 1 1367 2809 3575
1562 2 2 2 1 1400 2047 2475
1563 2 2 2 1 2047 409 2475
1564 2 2 2 1 2110 849 2505
1565 2 2 2 1 4093 463 4267
1566 2 2 2 1 2743 1500 3327
1567 2 2 2 1 466 2743 3327
1568 2 2 2 1 2780 964 2829
1569 2 2 2 1 2638 697 3624
1570 2 2 2 1 1557 2638 3624
1571 2 2 2 1 884 2136 4986
1572 2 2 2 1 2632 901 4225
1573 2 2 2 1 615 2152 3033
1574 2 2 2 1 1929 4144 5617
1575 2 2 2 1 2255 1424 3438
1576 2 2 2 1 703 1906 5119
1577 2 2 2 1 1831 2869 3951
1578 2 2 2 1 2869 1215 3951
1579 2 2 2 1 3237 1054 3404
1580 2 2 2 1 1765 3237 3404
1581 2 2 2 1 1907 1119 3403
1582 2 2 2 1 2564 51 3966
1583 2 2 2 1 1804 1108 4776
1584 2 2 2 1 2158 486 2981
1585 2 2 2 1 2145 1259 2787
1586 2 2 2 1 3099 915 4237
1587 2 2 2 1 74 75 3705
1588 2 2 2 1 1733 3477 3508
1589 2 2 2 1 1819 1216 3649
1590 2 2 2 1 538 1858 2860
1591 2 2 2 1 1897 892 2694
1592 2 2 2 1 2091 1211 3411
1593 2 2 2 1 2222 1174 3077
1594 2 2 2 1 990 1947 4751
1595 2 2 2 1 546 2222 3077
1596 2 2 2 1 1878 1094 3406
1597 2 2 2 1 879 3656 4163
1598 2 2 2 1 520 1843 3880
1599 2 2 2 1 4147 870 4836
1600 2 2 2 1 1401 3860 4625
1601 2 2 2 1 1965 1229 2874
1602 2 2 2 1 2125 3023 4491
1603 2 2 2 1 1876 970 4118
1604 2 2 2 1 927 2394 2775
1605 2 2 2 1 2394 1491 2775
1606 2 2 2 1 553 2550 4413
1607 2 2 2 1 1088 1821 3345
1608 2 2 2 1 2025 1828 5093
1609 2 2 2 1 3057 4318 5231
1610 2 2 2 1 1808 746 3380
1611 2 2 2 1 999 1838 3139
1612 2 2 2 1 2844 1533 3936
1613 2 2 2 1 940 1848 2940
1614 2 2 2 1 2837 553 4413
1615 2 2 2 1 1812 2845 4183
1616 2 2 2 1 1923 714 2657
1617 2 2 2 1 1809 1057 3309
1618 2 2 2 1 2210 817 2356
1619 2 2 2 1 1271 2280 3859
1620 2 2 2 1 314 313 2096
1621 2 2 2 1 1070 1909 3396
1622 2 2 2 1 815 2367 4308
1623 2 2 2 1 2667 815 4308
1624 2 2 2 1 1443 2418 4535
1625 2 2 2 1 477 2945 2979
1626 2 2 2 1 3675 1484 4104
1627 2 2 2 1 819 2298 5323
1628 2 2 2 1 866 2569 3525
1629 2 2 2 1 1519 2664 3485
1630 2 2 2 1 2664 627 3485
1631 2 2 2 1 747 1955 2677
1632 2 2 2 1 1955 934 2677
1633 2 2 2 1 1956 417 3607
1634 2 2 2 1 1620 2056 4882
1635 2 2 2 1 2056 719 4882
1636 2 2 2 1 2107 1278 2679
1637 2 2 2 1 2859 330 3366
1638 2 2 2 1 542 2107 2679
1639 2 2 2 1 1975 377 2586
1640 2 2 2 1 1003 1820 3289
1641 2 2 2 1 4838 2171 5150
1642 2 2 2 1 1811 1179 3352
1643 2 2 2 1 781 2128 2833
1644 2 2 2 1 2128 1059 2833
1645 2 2 2 1 220 2079 3573
1646 2 2 2 1 1907 3403 4493
1647 2 2 2 1 2109 878 4808
1648 2 2 2 1 1334 2960 3043
1649 2 2 2 1 1847 996 3153
1650 2 2 2 1 1259 2145 3919
1651 2 2 2 1 361 3916 4453
1652 2 2 2 1 1848 940 3061
1653 2 2 2 1 709 2381 3386
1654 2 2 2 1 2381 1361 3386
1655 2 2 2 1 2703 2785 4620
1656 2 2 2 1 2424 971 2858
1657 2 2 2 1 1851 946 3730
1658 2 2 2 1 689 3847 4236
1659 2 2 2 1 1890 1453 4952
1660 2 2 2 1 2239 203 4230
1661 2 2 2 1 2787 1259 3273
1662 2 2 2 1 293 292 2094
1663 2 2 2 1 2083 363 4424
1664 2 2 2 1 1514 2083 4424
1665 2 2 2 1 2236 931 2640
1666 2 2 2 1 417 1824 3607
1667 2 2 2 1 2149 595 3519
1668 2 2 2 1 982 2083 2678
1669 2 2 2 1 70 2899 5427
1670 2 2 2 1 2001 379 2561
1671 2 2 2 1 1817 2628 4321
1672 2 2 2 1 2160 1277 3564
1673 2 2 2 1 2977 782 3204
1674 2 2 2 1 1929 2560 4144
1675 2 2 2 1 1902 710 3720
1676 2 2 2 1 1516 4068 4445
1677 2 2 2 1 1956 694 2973
1678 2 2 2 1 1203 1956 2973
1679 2 2 2 1 3403 561 4493
1680 2 2 2 1 2782 676 5249
1681 2 2 2 1 2628 760 4321
1682 2 2 2 1 1820 360 3289
1683 2 2 2 1 1883 342 2797
1684 2 2 2 1 1104 2485 2873
1685 2 2 2 1 2035 504 2686
1686 2 2 2 1 1829 978 3391
1687 2 2 2 1 2116 1007 2702
1688 2 2 2 1 2752 1010 3051
1689 2 2 2 1 1389 2752 3051
1690 2 2 2 1 1621 4838 5150
1691 2 2 2 1 188 189 2176
1692 2 2 2 1 920 2293 2668
1693 2 2 2 1 2367 1622 4308
1694 2 2 2 1 528 1844 3800
1695 2 2 2 1 1164 3421 4767
1696 2 2 2 1 2315 1128 2392
1697 2 2 2 1 462 2315 2392
1698 2 2 2 1 3477 679 3508
1699 2 2 2 1 917 1898 2903
1700 2 2 2 1 956 4174 4910
1701 2 2 2 1 1939 434 2651
1702 2 2 2 1 3239 2414 4159
1703 2 2 2 1 2221 1159 2374
1704 2 2 2 1 1930 1065 4781
1705 2 2 2 1 1843 970 3880
1706 2 2 2 1 1038 1857 5317
1707 2 2 2 1 652 3243 4917
1708 2 2 2 1 471 2180 4625
1709 2 2 2 1 1541 2598 2844
1710 2 2 2 1 2630 865 3494
1711 2 2 2 1 434 1939 4455
1712 2 2 2 1 1495 2630 3494
1713 2 2 2 1 1939 1418 4455
1714 2 2 2 1 755 2170 3650
1715 2 2 2 1 2170 1324 3650
1716 2 2 2 1 40 41 2108
1717 2 2 2 1 1839 368 5561
1718 2 2 2 1 3331 1974 5523
1719 2 2 2 1 1261 2436 3595
1720 2 2 2 1 2602 730 3570
1721 2 2 2 1 2265 93 3942
1722 2 2 2 1 2499 1399 4085
1723 2 2 2 1 542 2282 2407
1724 2 2 2 1 3057 1024 4318
1725 2 2 2 1 2282 965 2407
1726 2 2 2 1 121 122 2111
1727 2 2 2 1 1385 2135 4101
1728 2 2 2 1 868 1861 2937
1729 2 2 2 1 3796 1543 4689
1730 2 2 2 1 2837 993 5371
1731 2 2 2 1 2527 1351 3197
1732 2 2 2 1 1613 4476 5085
1733 2 2 2 1 1902 1182 3871
1734 2 2 2 1 2356 585 4065
1735 2 2 2 1 2351 1073 2633
1736 2 2 2 1 2810 1551 4778
1737 2 2 2 1 861 2351 2633
1738 2 2 2 1 2372 4272 4747
1739 2 2 2 1 2520 522 2629
1740 2 2 2 1 2388 1434 2435
1741 2 2 2 1 598 1896 4302
1742 2 2 2 1 2091 3411 5606
1743 2 2 2 1 2791 2051 4668
1744 2 2 2 1 2322 920 2668
1745 2 2 2 1 1987 876 4863
1746 2 2 2 1 264 265 2563
1747 2 2 2 1 1884 825 2831
1748 2 2 2 1 2824 1754 3870
1749 2 2 2 1 1206 2824 3870
1750 2 2 2 1 199 2032 3947
1751 2 2 2 1 2222 546 2999
1752 2 2 2 1 3108 1964 4508
1753 2 2 2 1 4 205 3387
1754 2 2 2 1 204 4 3387
1755 2 2 2 1 1145 2222 2999
1756 2 2 2 1 1284 3969 4028
1757 2 2 2 1 4678 2673 4778
1758 2 2 2 1 655 2344 3557
1759 2 2 2 1 4184 786 5106
1760 2 2 2 1 2290 1894 5254
1761 2 2 2 1 2344 1375 3557
1762 2 2 2 1 685 2431 3626
1763 2 2 2 1 3412 896 5201
1764 2 2 2 1 798 2290 5254
1765 2 2 2 1 2007 912 2828
1766 2 2 2 1 2431 1430 3626
1767 2 2 2 1 2653 770 4158
1768 2 2 2 1 2058 1015 2789
1769 2 2 2 1 955 2673 4678
1770 2 2 2 1 2460 482 3126
1771 2 2 2 1 36 37 2514
1772 2 2 2 1 2136 4061 4986
1773 2 2 2 1 2014 820 4562
1774 2 2 2 1 2542 1197 3723
1775 2 2 2 1 3310 2376 3989
1776 2 2 2 1 2497 3457 4500
1777 2 2 2 1 2135 1223 3596
1778 2 2 2 1 1898 917 3888
1779 2 2 2 1 1970 502 3378
1780 2 2 2 1 1874 784 4700
1781 2 2 2 1 379 2050 2805
1782 2 2 2 1 2033 5201 5503
1783 2 2 2 1 1895 3293 4243
1784 2 2 2 1 1827 584 3469
1785 2 2 2 1 861 2221 5268
1786 2 2 2 1 1333 1903 4329
1787 2 2 2 1 901 2589 4225
1788 2 2 2 1 1853 743 5260
1789 2 2 2 1 2661 419 5121
1790 2 2 2 1 2058 2789 5285
1791 2 2 2 1 4180 1795 5308
1792 2 2 2 1 1949 483 3013
1793 2 2 2 1 2789 762 5285
1794 2 2 2 1 757 2333 4155
1795 2 2 2 1 2333 1561 4155
1796 2 2 2 1 853 2301 2363
1797 2 2 2 1 2301 1327 2363
1798 2 2 2 1 2143 1166 2723
1799 2 2 2 1 2627 472 5658
1800 2 2 2 1 1805 4075 4662
1801 2 2 2 1 4068 565 4445
1802 2 2 2 1 932 1907 4493
1803 2 2 2 1 3095 1014 4259
1804 2 2 2 1 2033 3412 5201
1805 2 2 2 1 2552 538 2860
1806 2 2 2 1 1225 2552 2860
1807 2 2 2 1 829 2166 2638
1808 2 2 2 1 454 2219 2873
1809 2 2 2 1 2803 2177 4480
1810 2 2 2 1 2219 1104 2873
1811 2 2 2 1 1838 999 3655
1812 2 2 2 1 2172 923 2511
1813 2 2 2 1 1919 921 2875
1814 2 2 2 1 956 2452 2956
1815 2 2 2 1 1983 484 2620
1816 2 2 2 1 2148 1191 2443
1817 2 2 2 1 2181 3503 4290
1818 2 2 2 1 2243 1334 2904
1819 2 2 2 1 686 3149 4561
1820 2 2 2 1 987 1887 3024
1821 2 2 2 1 460 2773 4437
1822 2 2 2 1 1861 868 3916
1823 2 2 2 1 840 1994 4253
1824 2 2 2 1 1058 3205 4913
1825 2 2 2 1 153 154 2640
1826 2 2 2 1 2432 1461 3315
1827 2 2 2 1 962 1881 3703
1828 2 2 2 1 1390 1910 4688
1829 2 2 2 1 3939 2000 5624
1830 2 2 2 1 922 2611 2626
1831 2 2 2 1 2611 1173 2626
1832 2 2 2 1 2052 332 4795
1833 2 2 2 1 1953 473 4701
1834 2 2 2 1 3319 813 3669
1835 2 2 2 1 2523 675 5006
1836 2 2 2 1 2477 1549 4863
1837 2 2 2 1 714 1908 4180
1838 2 2 2 1 1908 1310 4180
1839 2 2 2 1 2454 3393 5181
1840 2 2 2 1 1813 4147 4836
1841 2 2 2 1 646 1950 3025
1842 2 2 2 1 878 2213 4808
1843 2 2 2 1 19 20 4116
1844 2 2 2 1 2726 480 5567
1845 2 2 2 1 2762 897 5614
1846 2 2 2 1 428 1847 5261
1847 2 2 2 1 576 2182 3365
1848 2 2 2 1 1623 2123 5134
1849 2 2 2 1 2499 4085 4992
1850 2 2 2 1 977 1877 2912
1851 2 2 2 1 447 2277 4081
1852 2 2 2 1 2612 1795 4180
1853 2 2 2 1 1107 2414 3239
1854 2 2 2 1 1963 977 2912
1855 2 2 2 1 2229 1726 4563
1856 2 2 2 1 2555 880 4164
1857 2 2 2 1 4476 641 5085
1858 2 2 2 1 2635 1236 2804
1859 2 2 2 1 971 2635 2804
1860 2 2 2 1 1527 2245 4590
1861 2 2 2 1 2463 1080 2508
1862 2 2 2 1 523 2463 2508
1863 2 2 2 1 1908 509 2788
1864 2 2 2 1 2438 1185 3253
1865 2 2 2 1 3865 1596 4691
1866 2 2 2 1 1909 1498 4356
1867 2 2 2 1 2431 2866 4173
1868 2 2 2 1 1731 4456 4935
1869 2 2 2 1 1053 1836 3834
1870 2 2 2 1 463 2304 4267
1871 2 2 2 1 1877 977 3036
1872 2 2 2 1 2187 3632 4612
1873 2 2 2 1 4160 1880 4196
1874 2 2 2 1 3446 729 4789
1875 2 2 2 1 2801 930 3865
1876 2 2 2 1 2883 566 4279
1877 2 2 2 1 3474 1509 5064
1878 2 2 2 1 2740 1345 3899
1879 2 2 2 1 2191 1167 2591
1880 2 2 2 1 2089 4265 4598
1881 2 2 2 1 1647 3791 3799
1882 2 2 2 1 1204 2665 2685
1883 2 2 2 1 2665 1026 2685
1884 2 2 2 1 1866 1144 3688
1885 2 2 2 1 444 1866 3688
1886 2 2 2 1 3056 4088 4461
1887 2 2 2 1 710 1854 3720
1888 2 2 2 1 1324 2170 3756
1889 2 2 2 1 1854 523 3721
1890 2 2 2 1 918 1844 3283
1891 2 2 2 1 2221 2374 5268
1892 2 2 2 1 928 1948 4745
1893 2 2 2 1 2947 935 3929
1894 2 2 2 1 981 2063 2543
1895 2 2 2 1 1053 2041 3118
1896 2 2 2 1 70 71 2899
1897 2 2 2 1 1870 559 4338
1898 2 2 2 1 3465 1804 4181
1899 2 2 2 1 1453 1890 4172
1900 2 2 2 1 2059 1652 5053
1901 2 2 2 1 756 2059 5053
1902 2 2 2 1 3540 1417 4070
1903 2 2 2 1 3194 2270 4349
1904 2 2 2 1 3411 831 5606
1905 2 2 2 1 2740 3899 5415
1906 2 2 2 1 2063 273 4511
1907 2 2 2 1 2394 927 2478
1908 2 2 2 1 816 2258 4145
1909 2 2 2 1 2280 1271 4239
1910 2 2 2 1 1565 2144 4810
1911 2 2 2 1 1185 2281 2914
1912 2 2 2 1 2823 1119 3878
1913 2 2 2 1 1844 3783 5637
1914 2 2 2 1 3783 845 5637
1915 2 2 2 1 1543 1935 4524
1916 2 2 2 1 2205 1184 3015
1917 2 2 2 1 977 1963 2682
1918 2 2 2 1 2627 1992 4874
1919 2 2 2 1 875 2627 4874
1920 2 2 2 1 989 1875 4021
1921 2 2 2 1 1177 3101 3497
1922 2 2 2 1 903 1928 2772
1923 2 2 2 1 2097 3319 3697
1924 2 2 2 1 2204 1456 4100
1925 2 2 2 1 239 2053 3054
1926 2 2 2 1 1291 2605 3749
1927 2 2 2 1 1669 2563 4755
1928 2 2 2 1 425 2850 4450
1929 2 2 2 1 2241 1376 3729
1930 2 2 2 1 333 2241 3729
1931 2 2 2 1 4470 2451 5487
1932 2 2 2 1 4470 1704 4965
1933 2 2 2 1 284 1856 4350
1934 2 2 2 1 1883 1410 4088
1935 2 2 2 1 1014 2674 4259
1936 2 2 2 1 2339 489 2366
1937 2 2 2 1 960 2339 2366
1938 2 2 2 1 1927 1040 3231
1939 2 2 2 1 1906 703 3376
1940 2 2 2 1 2436 1233 3528
1941 2 2 2 1 2274 617 3260
1942 2 2 2 1 1226 2274 3260
1943 2 2 2 1 154 155 2236
1944 2 2 2 1 521 2379 3106
1945 2 2 2 1 2514 37 4395
1946 2 2 2 1 821 2749 3629
1947 2 2 2 1 2049 429 2731
1948 2 2 2 1 1221 2353 2570
1949 2 2 2 1 2353 456 2570
1950 2 2 2 1 377 1975 5516
1951 2 2 2 1 1022 4160 4196
1952 2 2 2 1 1351 2527 3648
1953 2 2 2 1 3056 629 4088
1954 2 2 2 1 1859 1237 4896
1955 2 2 2 1 1920 1023 3536
1956 2 2 2 1 1079 1896 3367
1957 2 2 2 1 1881 962 4298
1958 2 2 2 1 2496 1758 5015
1959 2 2 2 1 836 2855 3835
1960 2 2 2 1 2855 1739 3835
1961 2 2 2 1 1968 1106 2700
1962 2 2 2 1 1903 1333 4285
1963 2 2 2 1 954 1910 3694
1964 2 2 2 1 1179 2212 3195
1965 2 2 2 1 2212 563 3195
1966 2 2 2 1 1090 2165 3134
1967 2 2 2 1 508 2069 5300
1968 2 2 2 1 1521 3270 3890
1969 2 2 2 1 1961 491 2712
1970 2 2 2 1 2759 3709 4737
1971 2 2 2 1 809 2140 2486
1972 2 2 2 1 383 1862 3145
1973 2 2 2 1 4879 2651 5354
1974 2 2 2 1 281 280 2147
1975 2 2 2 1 1815 3791 4846
1976 2 2 2 1 1577 3591 4854
1977 2 2 2 1 946 1888 3699
1978 2 2 2 1 2346 1217 3976
1979 2 2 2 1 129 130 2728
1980 2 2 2 1 2053 239 4482
1981 2 2 2 1 501 2171 4838
1982 2 2 2 1 557 1969 2711
1983 2 2 2 1 2558 453 3102
1984 2 2 2 1 1273 3299 5374
1985 2 2 2 1 1069 2272 2923
1986 2 2 2 1 1032 2338 3178
1987 2 2 2 1 1806 3480 4471
1988 2 2 2 1 2338 1222 3178
1989 2 2 2 1 3149 686 4436
1990 2 2 2 1 1858 538 4474
1991 2 2 2 1 1019 2878 3078
1992 2 2 2 1 1915 3930 4538
1993 2 2 2 1 1887 1086 3194
1994 2 2 2 1 1038 2333 2553
1995 2 2 2 1 2333 757 2553
1996 2 2 2 1 1898 380 2903
1997 2 2 2 1 2360 3849 3874
1998 2 2 2 1 2508 1080 2523
1999 2 2 2 1 936 2508 2523
2000 2 2 2 1 3540 1893 4467
2001 2 2 2 1 2163 786 4184
2002 2 2 2 1 418 1923 4372
2003 2 2 2 1 729 3446 4870
2004 2 2 2 1 1923 1362 4372
2005 2 2 2 1 2071 2762 5614
2006 2 2 2 1 1695 2947 3929
2007 2 2 2 1 1688 3755 3849
2008 2 2 2 1 1000 2712 4215
2009 2 2 2 1 2152 1091 3033
2010 2 2 2 1 1857 1038 3255
2011 2 2 2 1 2319 4983 5328
2012 2 2 2 1 2057 782 2977
2013 2 2 2 1 970 1876 3880
2014 2 2 2 1 2257 1109 2513
2015 2 2 2 1 1797 3288 4411
2016 2 2 2 1 840 2257 2513
2017 2 2 2 1 1251 3486 4087
2018 2 2 2 1 2390 648 4220
2019 2 2 2 1 2542 3723 4047
2020 2 2 2 1 1592 2390 4220
2021 2 2 2 1 2536 642 2645
2022 2 2 2 1 1132 2536 2645
2023 2 2 2 1 1821 3354 4452
2024 2 2 2 1 1856 284 3442
2025 2 2 2 1 2198 619 4337
2026 2 2 2 1 1528 2198 4337
2027 2 2 2 1 1964 1049 4567
2028 2 2 2 1 1289 1899 4202
2029 2 2 2 1 1993 961 5438
2030 2 2 2 1 106 107 3911
2031 2 2 2 1 2127 505 3731
2032 2 2 2 1 1042 2407 5499
2033 2 2 2 1 336 3190 4280
2034 2 2 2 1 707 1872 3907
2035 2 2 2 1 250 2091 2717
2036 2 2 2 1 2107 542 5456
2037 2 2 2 1 2482 471 5183
2038 2 2 2 1 2945 1347 2979
2039 2 2 2 1 1962 932 4493
2040 2 2 2 1 1041 2180 2482
2041 2 2 2 1 1859 1355 4176
2042 2 2 2 1 3529 222 4597
2043 2 2 2 1 2565 1101 2969
2044 2 2 2 1 1562 3715 4240
2045 2 2 2 1 2434 449 4024
2046 2 2 2 1 1999 928 4745
2047 2 2 2 1 3664 2827 4904
2048 2 2 2 1 559 2290 3161
2049 2 2 2 1 1896 3925 5598
2050 2 2 2 1 2360 518 3849
2051 2 2 2 1 2278 577 2534
2052 2 2 2 1 1005 2278 2534
2053 2 2 2 1 456 2014 2662
2054 2 2 2 1 2028 869 4191
2055 2 2 2 1 509 1908 5472
2056 2 2 2 1 2407 2562 5499
2057 2 2 2 1 1875 775 4021
2058 2 2 2 1 2942 1370 3214
2059 2 2 2 1 2246 1846 5263
2060 2 2 2 1 857 2246 5263
2061 2 2 2 1 516 2154 2560
2062 2 2 2 1 2154 959 2560
2063 2 2 2 1 1355 1859 3613
2064 2 2 2 1 2112 911 3206
2065 2 2 2 1 1222 2780 2829
2066 2 2 2 1 2089 422 4265
2067 2 2 2 1 3068 1104 3546
2068 2 2 2 1 1692 3068 3546
2069 2 2 2 1 937 2651 4879
2070 2 2 2 1 2275 498 2750
2071 2 2 2 1 2026 913 3724
2072 2 2 2 1 1541 2844 4643
2073 2 2 2 1 212 213 2396
2074 2 2 2 1 1477 3950 4291
2075 2 2 2 1 775 1875 4811
2076 2 2 2 1 2548 1306 3344
2077 2 2 2 1 2356 4065 5632
2078 2 2 2 1 563 2418 3195
2079 2 2 2 1 2053 1463 4989
2080 2 2 2 1 2116 772 4916
2081 2 2 2 1 1461 2432 4901
2082 2 2 2 1 934 1955 2835
2083 2 2 2 1 932 1962 2778
2084 2 2 2 1 2067 2848 4137
2085 2 2 2 1 1966 525 4177
2086 2 2 2 1 2664 4401 4526
2087 2 2 2 1 1159 1933 3468
2088 2 2 2 1 2992 54 3581
2089 2 2 2 1 1876 520 3880
2090 2 2 2 1 2353 1612 4425
2091 2 2 2 1 3609 2549 4105
2092 2 2 2 1 2864 795 3520
2093 2 2 2 1 1579 2864 3520
2094 2 2 2 1 714 1923 3256
2095 2 2 2 1 640 3220 5058
2096 2 2 2 1 50 51 2564
2097 2 2 2 1 1609 2066 4074
2098 2 2 2 1 1144 1866 3639
2099 2 2 2 1 2064 1147 5188
2100 2 2 2 1 2094 1207 3760
2101 2 2 2 1 1970 3378 3549
2102 2 2 2 1 1190 2082 2590
2103 2 2 2 1 172 173 2183
2104 2 2 2 1 1788 3389 4527
2105 2 2 2 1 4231 651 5532
2106 2 2 2 1 1966 1071 3262
2107 2 2 2 1 944 2359 2681
2108 2 2 2 1 525 1966 3262
2109 2 2 2 1 2180 4052 4625
2110 2 2 2 1 3063 1786 4825
2111 2 2 2 1 1909 396 3052
2112 2 2 2 1 931 2422 3059
2113 2 2 2 1 3337 1708 4616
2114 2 2 2 1 895 2190 2979
2115 2 2 2 1 631 2218 3598
2116 2 2 2 1 2218 1291 3598
2117 2 2 2 1 715 1914 4223
2118 2 2 2 1 2124 933 2550
2119 2 2 2 1 2515 1496 3748
2120 2 2 2 1 609 2515 3748
2121 2 2 2 1 2832 458 4510
2122 2 2 2 1 1256 2416 3230
2123 2 2 2 1 2416 551 3230
2124 2 2 2 1 1070 2227 3035
2125 2 2 2 1 2591 1167 2938
2126 2 2 2 1 1667 2983 5249
2127 2 2 2 1 759 1989 4494
2128 2 2 2 1 1989 1421 4494
2129 2 2 2 1 1163 3297 4590
2130 2 2 2 1 2077 3288 4026
2131 2 2 2 1 890 1997 4793
2132 2 2 2 1 2671 336 4280
2133 2 2 2 1 922 2626 2926
2134 2 2 2 1 953 1962 2849
2135 2 2 2 1 1962 561 2849
2136 2 2 2 1 1329 1867 4249
2137 2 2 2 1 1865 1105 4801
2138 2 2 2 1 2664 928 4401
2139 2 2 2 1 1999 1249 2820
2140 2 2 2 1 1973 807 4603
2141 2 2 2 1 2105 1214 2814
2142 2 2 2 1 1866 444 3341
2143 2 2 2 1 2067 832 3238
2144 2 2 2 1 2618 1129 3075
2145 2 2 2 1 1297 2618 3075
2146 2 2 2 1 3331 778 4934
2147 2 2 2 1 816 4145 5074
2148 2 2 2 1 747 1865 3521
2149 2 2 2 1 764 2083 4841
2150 2 2 2 1 2396 919 3299
2151 2 2 2 1 1273 2396 3299
2152 2 2 2 1 1085 2119 3175
2153 2 2 2 1 3078 2878 5350
2154 2 2 2 1 876 2283 3514
2155 2 2 2 1 1417 3540 4467
2156 2 2 2 1 1105 2410 3329
2157 2 2 2 1 1412 2252 3967
2158 2 2 2 1 452 2299 2729
2159 2 2 2 1 2202 1021 2566
2160 2 2 2 1 4767 2341 5061
2161 2 2 2 1 1165 2202 2566
2162 2 2 2 1 2020 378 2901
2163 2 2 2 1 456 2353 4425
2164 2 2 2 1 1001 2020 2901
2165 2 2 2 1 625 3425 3605
2166 2 2 2 1 2042 1170 4539
2167 2 2 2 1 107 108 3221
2168 2 2 2 1 3930 773 4538
2169 2 2 2 1 4809 488 4997
2170 2 2 2 1 1955 338 2835
2171 2 2 2 1 2060 933 2730
2172 2 2 2 1 4590 2245 5577
2173 2 2 2 1 723 1918 3083
2174 2 2 2 1 631 2255 4426
2175 2 2 2 1 1957 2700 5624
2176 2 2 2 1 1092 1946 2848
2177 2 2 2 1 813 2174 5247
2178 2 2 2 1 1892 835 5344
2179 2 2 2 1 919 2598 3299
2180 2 2 2 1 464 2129 2687
2181 2 2 2 1 2114 942 5280
2182 2 2 2 1 2129 989 2687
2183 2 2 2 1 2798 582 3215
2184 2 2 2 1 878 2451 4470
2185 2 2 2 1 1649 2259 4362
2186 2 2 2 1 3137 1852 3828
2187 2 2 2 1 1228 3137 3828
2188 2 2 2 1 2314 416 3291
2189 2 2 2 1 1010 2479 4121
2190 2 2 2 1 789 2000 2761
2191 2 2 2 1 470 3313 5147
2192 2 2 2 1 3441 576 4596
2193 2 2 2 1 62 63 2204
2194 2 2 2 1 2189 355 4188
2195 2 2 2 1 2684 1529 3608
2196 2 2 2 1 426 2684 3608
2197 2 2 2 1 262 263 2421
2198 2 2 2 1 3403 1488 3668
2199 2 2 2 1 1030 1881 4209
2200 2 2 2 1 2388 1750 4141
2201 2 2 2 1 2933 1547 3361
2202 2 2 2 1 843 2933 3361
2203 2 2 2 1 1224 2328 3254
2204 2 2 2 1 2328 389 3254
2205 2 2 2 1 1881 1030 3233
2206 2 2 2 1 2607 2897 5407
2207 2 2 2 1 705 1882 4961
2208 2 2 2 1 2081 606 3458
2209 2 2 2 1 1443 2886 3195
2210 2 2 2 1 2886 1179 3195
2211 2 2 2 1 2169 380 2541
2212 2 2 2 1 2109 903 3109
2213 2 2 2 1 2634 2465 4274
2214 2 2 2 1 2293 1771 3701
2215 2 2 2 1 2549 1274 4105
2216 2 2 2 1 1030 2067 3238
2217 2 2 2 1 1952 951 2949
2218 2 2 2 1 2001 2561 4638
2219 2 2 2 1 2960 1036 3043
2220 2 2 2 1 1785 3988 4265
2221 2 2 2 1 1896 1079 3176
2222 2 2 2 1 1192 1897 3586
2223 2 2 2 1 1051 1876 3332
2224 2 2 2 1 2527 3197 4128
2225 2 2 2 1 1518 2381 3742
2226 2 2 2 1 1973 2732 5394
2227 2 2 2 1 2494 909 3464
2228 2 2 2 1 3919 2145 4519
2229 2 2 2 1 1223 2135 5530
2230 2 2 2 1 504 2217 2686
2231 2 2 2 1 2319 865 4983
2232 2 2 2 1 761 2272 4818
2233 2 2 2 1 2322 545 4119
2234 2 2 2 1 683 2636 3793
2235 2 2 2 1 2607 1105 2897
2236 2 2 2 1 473 1971 2852
2237 2 2 2 1 317 1877 4978
2238 2 2 2 1 2085 1364 2660
2239 2 2 2 1 1992 2627 5658
2240 2 2 2 1 2755 2029 4093
2241 2 2 2 1 2133 491 3958
2242 2 2 2 1 1696 4620 5151
2243 2 2 2 1 2305 508 4627
2244 2 2 2 1 1505 1941 4409
2245 2 2 2 1 990 4751 5167
2246 2 2 2 1 2099 766 2650
2247 2 2 2 1 4701 2852 5302
2248 2 2 2 1 3003 1930 4781
2249 2 2 2 1 1135 1886 3714
2250 2 2 2 1 1963 315 3516
2251 2 2 2 1 2365 489 2517
2252 2 2 2 1 860 2226 2966
2253 2 2 2 1 695 2601 5109
2254 2 2 2 1 464 1899 4481
2255 2 2 2 1 2021 1001 2921
2256 2 2 2 1 496 2021 2921
2257 2 2 2 1 2526 1406 3914
2258 2 2 2 1 847 2388 2435
2259 2 2 2 1 1418 1939 3873
2260 2 2 2 1 1328 2175 4045
2261 2 2 2 1 911 2112 5517
2262 2 2 2 1 1965 461 3905
2263 2 2 2 1 1229 1965 3905
2264 2 2 2 1 642 3821 4787
2265 2 2 2 1 561 1962 4493
2266 2 2 2 1 1011 1959 5391
2267 2 2 2 1 442 3939 5624
2268 2 2 2 1 2531 3468 4165
2269 2 2 2 1 1086 2322 2668
2270 2 2 2 1 2691 516 3154
2271 2 2 2 1 3151 2069 3500
2272 2 2 2 1 374 2084 2637
2273 2 2 2 1 481 2410 4936
2274 2 2 2 1 1119 2961 3403
2275 2 2 2 1 2798 3215 4909
2276 2 2 2 1 921 2181 3223
2277 2 2 2 1 1296 1931 4218
2278 2 2 2 1 3574 418 5610
2279 2 2 2 1 1931 560 4218
2280 2 2 2 1 921 3223 5675
2281 2 2 2 1 3024 1887 4349
2282 2 2 2 1 2084 1282 4099
2283 2 2 2 1 2280 1315 2934
2284 2 2 2 1 569 2527 5604
2285 2 2 2 1 2809 769 3192
2286 2 2 2 1 797 2280 2934
2287 2 2 2 1 2409 949 2650
2288 2 2 2 1 1417 2809 3192
2289 2 2 2 1 1777 3529 4597
2290 2 2 2 1 1145 3225 3712
2291 2 2 2 1 3225 1830 3712
2292 2 2 2 1 4460 2713 5197
2293 2 2 2 1 2727 1145 2999
2294 2 2 2 1 1837 2211 4397
2295 2 2 2 1 1311 2727 2999
2296 2 2 2 1 3206 1355 3613
2297 2 2 2 1 2695 926 4658
2298 2 2 2 1 491 1961 2955
2299 2 2 2 1 2152 615 4914
2300 2 2 2 1 1882 705 3415
2301 2 2 2 1 2121 3193 5557
2302 2 2 2 1 2128 3068 4921
2303 2 2 2 1 2258 562 4145
2304 2 2 2 1 1941 493 4400
2305 2 2 2 1 1003 2771 5579
2306 2 2 2 1 3393 334 5181
2307 2 2 2 1 1750 2388 5556
2308 2 2 2 1 1886 1135 3717
2309 2 2 2 1 2017 493 5060
2310 2 2 2 1 327 2225 5195
2311 2 2 2 1 808 2982 5267
2312 2 2 2 1 1390 2147 4179
2313 2 2 2 1 1626 2863 3758
2314 2 2 2 1 2223 1169 2526
2315 2 2 2 1 2448 904 5012
2316 2 2 2 1 3152 1146 4788
2317 2 2 2 1 3758 2863 4833
2318 2 2 2 1 2513 1109 2931
2319 2 2 2 1 3343 1855 3723
2320 2 2 2 1 2577 1147 5297
2321 2 2 2 1 2037 2577 5297
2322 2 2 2 1 2789 1015 3002
2323 2 2 2 1 1348 2789 3002
2324 2 2 2 1 3082 447 4081
2325 2 2 2 1 524 2156 2585
2326 2 2 2 1 2544 931 3059
2327 2 2 2 1 1500 2068 5362
2328 2 2 2 1 2282 964 2495
2329 2 2 2 1 3122 1820 5579
2330 2 2 2 1 715 2262 5248
2331 2 2 2 1 18 19 4116
2332 2 2 2 1 2099 3913 4358
2333 2 2 2 1 2495 513 2496
2334 2 2 2 1 229 230 2303
2335 2 2 2 1 2147 1390 4576
2336 2 2 2 1 1371 2189 2702
2337 2 2 2 1 516 1929 4443
2338 2 2 2 1 682 4247 4815
2339 2 2 2 1 2810 916 3458
2340 2 2 2 1 3221 108 4712
2341 2 2 2 1 1032 2679 2958
2342 2 2 2 1 2679 1278 2958
2343 2 2 2 1 390 2719 4240
2344 2 2 2 1 1867 4166 4958
2345 2 2 2 1 2444 5097 5303
2346 2 2 2 1 2316 397 2503
2347 2 2 2 1 2654 910 4774
2348 2 2 2 1 2006 910 2808
2349 2 2 2 1 983 2316 2503
2350 2 2 2 1 374 3024 4349
2351 2 2 2 1 942 2114 2724
2352 2 2 2 1 2531 1159 3468
2353 2 2 2 1 1295 2649 4287
2354 2 2 2 1 2682 558 3869
2355 2 2 2 1 389 2328 3142
2356 2 2 2 1 2547 1092 2821
2357 2 2 2 1 2328 1183 3142
2358 2 2 2 1 1933 451 5117
2359 2 2 2 1 3402 1409 4190
2360 2 2 2 1 562 2291 4145
2361 2 2 2 1 1888 826 3699
2362 2 2 2 1 476 2781 3305
2363 2 2 2 1 951 1952 3964
2364 2 2 2 1 494 2141 2872
2365 2 2 2 1 1065 2993 3073
2366 2 2 2 1 564 2075 3725
2367 2 2 2 1 2021 496 4827
2368 2 2 2 1 434 2230 3944
2369 2 2 2 1 2230 1396 3944
2370 2 2 2 1 2624 976 4348
2371 2 2 2 1 858 2309 2573
2372 2 2 2 1 941 2134 5208
2373 2 2 2 1 577 2278 3568
2374 2 2 2 1 1055 2049 2731
2375 2 2 2 1 557 2051 2723
2376 2 2 2 1 1205 2099 2650
2377 2 2 2 1 2982 808 4285
2378 2 2 2 1 2646 974 3681
2379 2 2 2 1 1807 2298 4096
2380 2 2 2 1 3155 1164 4767
2381 2 2 2 1 2338 586 4645
2382 2 2 2 1 1556 2636 4323
2383 2 2 2 1 3380 1295 4287
2384 2 2 2 1 2344 655 3673
2385 2 2 2 1 3134 2165 5001
2386 2 2 2 1 3009 402 3241
2387 2 2 2 1 2527 569 3648
2388 2 2 2 1 3869 558 3894
2389 2 2 2 1 899 2628 4826
2390 2 2 2 1 2983 1667 4817
2391 2 2 2 1 1146 3291 4788
2392 2 2 2 1 3277 1324 3756
2393 2 2 2 1 1867 3277 3756
2394 2 2 2 1 2457 1188 2991
2395 2 2 2 1 886 2457 2991
2396 2 2 2 1 138 3080 3924
2397 2 2 2 1 2462 1189 4094
2398 2 2 2 1 1936 482 3011
2399 2 2 2 1 1192 2104 3506
2400 2 2 2 1 2104 661 3506
2401 2 2 2 1 800 2567 4341
2402 2 2 2 1 133 1945 3478
2403 2 2 2 1 708 2413 4248
2404 2 2 2 1 3193 1121 5557
2405 2 2 2 1 3035 2227 5166
2406 2 2 2 1 4261 2004 4300
2407 2 2 2 1 2784 245 4752
2408 2 2 2 1 2169 872 3751
2409 2 2 2 1 98 99 2450
2410 2 2 2 1 2032 770 3872
2411 2 2 2 1 1252 2032 3872
2412 2 2 2 1 1427 2189 4188
2413 2 2 2 1 1356 3274 3462
2414 2 2 2 1 2031 558 3938
2415 2 2 2 1 1899 464 4749
2416 2 2 2 1 1269 2031 3938
2417 2 2 2 1 710 1902 3447
2418 2 2 2 1 524 2060 2730
2419 2 2 2 1 3160 2081 4834
2420 2 2 2 1 1902 448 3545
2421 2 2 2 1 1588 2667 4308
2422 2 2 2 1 424 3968 5135
2423 2 2 2 1 1166 1969 4448
2424 2 2 2 1 146 147 2642
2425 2 2 2 1 1776 2315 5575
2426 2 2 2 1 2344 3673 5528
2427 2 2 2 1 515 2209 2630
2428 2 2 2 1 1361 1890 3577
2429 2 2 2 1 4272 1434 4747
2430 2 2 2 1 2012 20 3246
2431 2 2 2 1 2357 1251 3342
2432 2 2 2 1 349 2357 3342
2433 2 2 2 1 2510 1023 3022
2434 2 2 2 1 2406 1355 3206
2435 2 2 2 1 1494 2510 3022
2436 2 2 2 1 1998 1280 3085
2437 2 2 2 1 3861 2448 5012
2438 2 2 2 1 453 1906 5307
2439 2 2 2 1 1759 2159 3491
2440 2 2 2 1 1408 3141 3952
2441 2 2 2 1 1074 3044 3264
2442 2 2 2 1 473 2852 4701
2443 2 2 2 1 907 3731 4038
2444 2 2 2 1 96 97 4078
2445 2 2 2 1 1480 1904 4242
2446 2 2 2 1 817 2019 3698
2447 2 2 2 1 1097 2596 2925
2448 2 2 2 1 2408 1134 3419
2449 2 2 2 1 1138 1927 3709
2450 2 2 2 1 2454 1218 3393
2451 2 2 2 1 411 1943 3020
2452 2 2 2 1 146 2642 3237
2453 2 2 2 1 3026 1251 4087
2454 2 2 2 1 597 2191 2591
2455 2 2 2 1 2444 1709 5097
2456 2 2 2 1 2654 1659 4669
2457 2 2 2 1 942 2256 5280
2458 2 2 2 1 1022 2057 3833
2459 2 2 2 1 1660 3628 5016
2460 2 2 2 1 871 3766 5164
2461 2 2 2 1 1599 2910 4575
2462 2 2 2 1 2010 4809 4997
2463 2 2 2 1 326 1938 3263
2464 2 2 2 1 80 1912 3373
2465 2 2 2 1 555 2493 3619
2466 2 2 2 1 1945 134 3014
2467 2 2 2 1 2082 924 4136
2468 2 2 2 1 23 24 2394
2469 2 2 2 1 2628 1817 4826
2470 2 2 2 1 2695 1668 5169
2471 2 2 2 1 1930 1016 3162
2472 2 2 2 1 630 1930 3162
2473 2 2 2 1 2087 2765 4949
2474 2 2 2 1 1353 2977 3204
2475 2 2 2 1 976 2852 4348
2476 2 2 2 1 1486 2065 3523
2477 2 2 2 1 1391 2796 3161
2478 2 2 2 1 2796 1231 3161
2479 2 2 2 1 340 3360 4776
2480 2 2 2 1 1894 1132 4823
2481 2 2 2 1 782 1919 3204
2482 2 2 2 1 3372 1860 4018
2483 2 2 2 1 1908 714 3256
2484 2 2 2 1 1970 723 3083
2485 2 2 2 1 448 1902 3871
2486 2 2 2 1 937 2433 4292
2487 2 2 2 1 3182 609 3867
2488 2 2 2 1 637 2635 4799
2489 2 2 2 1 2204 803 4573
2490 2 2 2 1 2786 4252 4972
2491 2 2 2 1 2716 990 5167
2492 2 2 2 1 390 2300 3736
2493 2 2 2 1 1906 453 4758
2494 2 2 2 1 4022 3127 4581
2495 2 2 2 1 2477 619 4553
2496 2 2 2 1 764 2092 2678
2497 2 2 2 1 2174 1711 5247
2498 2 2 2 1 3288 495 4411
2499 2 2 2 1 2120 2633 4711
2500 2 2 2 1 2648 1008 2753
2501 2 2 2 1 1217 3278 3976
2502 2 2 2 1 1052 2102 3010
2503 2 2 2 1 2102 483 3010
2504 2 2 2 1 2477 876 3514
2505 2 2 2 1 2372 834 4272
2506 2 2 2 1 3051 1010 4121
2507 2 2 2 1 3243 652 5220
2508 2 2 2 1 2961 1488 3403
2509 2 2 2 1 576 3365 3816
2510 2 2 2 1 3389 1788 5470
2511 2 2 2 1 1308 2195 4070
2512 2 2 2 1 1332 2522 2615
2513 2 2 2 1 3354 734 4452
2514 2 2 2 1 1197 2542 5185
2515 2 2 2 1 2345 907 4038
2516 2 2 2 1 975 2561 2925
2517 2 2 2 1 516 2619 3154
2518 2 2 2 1 2856 544 4324
2519 2 2 2 1 2542 2953 5185
2520 2 2 2 1 91 1920 3536
2521 2 2 2 1 2084 374 5230
2522 2 2 2 1 2197 900 2604
2523 2 2 2 1 2045 349 3277
2524 2 2 2 1 2079 1172 3573
2525 2 2 2 1 3193 2121 5422
2526 2 2 2 1 1078 2297 3103
2527 2 2 2 1 3013 849 5406
2528 2 2 2 1 2298 819 3876
2529 2 2 2 1 3348 1498 3488
2530 2 2 2 1 1395 2298 3876
2531 2 2 2 1 978 2053 3280
2532 2 2 2 1 2489 1050 2854
2533 2 2 2 1 1234 2489 2854
2534 2 2 2 1 567 2033 2814
2535 2 2 2 1 2320 940 5031
2536 2 2 2 1 2099 544 3913
2537 2 2 2 1 2119 895 2675
2538 2 2 2 1 1958 773 3036
2539 2 2 2 1 1168 1905 3820
2540 2 2 2 1 2203 426 3608
2541 2 2 2 1 1256 2203 3608
2542 2 2 2 1 4795 332 5446
2543 2 2 2 1 262 2421 2790
2544 2 2 2 1 857 2323 3583
2545 2 2 2 1 1924 514 4012
2546 2 2 2 1 1915 1048 4373
2547 2 2 2 1 312 311 2286
2548 2 2 2 1 1326 2365 3483
2549 2 2 2 1 3819 1995 5364
2550 2 2 2 1 1535 2742 3640
2551 2 2 2 1 2742 417 3640
2552 2 2 2 1 2207 929 4435
2553 2 2 2 1 738 3372 4018
2554 2 2 2 1 1572 3659 4248
2555 2 2 2 1 870 4147 4971
2556 2 2 2 1 744 2130 3375
2557 2 2 2 1 1948 1084 3099
2558 2 2 2 1 2423 1665 4207
2559 2 2 2 1 1902 1018 3447
2560 2 2 2 1 1953 842 4314
2561 2 2 2 1 2398 822 5413
2562 2 2 2 1 966 2017 2883
2563 2 2 2 1 278 1910 5389
2564 2 2 2 1 2907 1046 3045
2565 2 2 2 1 1127 2051 3374
2566 2 2 2 1 2047 1488 2961
2567 2 2 2 1 2051 557 3374
2568 2 2 2 1 409 2047 2961
2569 2 2 2 1 1605 2966 3566
2570 2 2 2 1 2071 548 2762
2571 2 2 2 1 2966 666 3566
2572 2 2 2 1 956 2956 2957
2573 2 2 2 1 1279 2443 3917
2574 2 2 2 1 2956 1442 2957
2575 2 2 2 1 636 2844 3936
2576 2 2 2 1 3028 1760 3848
2577 2 2 2 1 792 3028 3848
2578 2 2 2 1 1925 989 4021
2579 2 2 2 1 2761 1000 3769
2580 2 2 2 1 1570 3021 4379
2581 2 2 2 1 2218 906 2605
2582 2 2 2 1 2076 323 3589
2583 2 2 2 1 1649 4362 5495
2584 2 2 2 1 962 2177 5626
2585 2 2 2 1 1989 4544 4698
2586 2 2 2 1 2645 642 4787
2587 2 2 2 1 125 126 2751
2588 2 2 2 1 2164 1063 2987
2589 2 2 2 1 497 2164 2987
2590 2 2 2 1 1018 1902 3545
2591 2 2 2 1 2013 432 3606
2592 2 2 2 1 2794 1806 4766
2593 2 2 2 1 1439 3763 4585
2594 2 2 2 1 3030 360 5275
2595 2 2 2 1 1379 3127 4022
2596 2 2 2 1 2240 941 5208
2597 2 2 2 1 1997 985 4793
2598 2 2 2 1 2704 579 3434
2599 2 2 2 1 743 2004 4261
2600 2 2 2 1 1520 2227 3016
2601 2 2 2 1 2580 914 4866
2602 2 2 2 1 431 1958 4320
2603 2 2 2 1 1580 2341 4767
2604 2 2 2 1 2117 792 5345
2605 2 2 2 1 2118 1059 5345
2606 2 2 2 1 792 2118 5345
2607 2 2 2 1 2916 687 3026
2608 2 2 2 1 1381 2916 3026
2609 2 2 2 1 3656 1694 4163
2610 2 2 2 1 933 2124 4187
2611 2 2 2 1 772 2139 4916
2612 2 2 2 1 1305 2706 3122
2613 2 2 2 1 4070 2195 4623
2614 2 2 2 1 2263 543 2593
2615 2 2 2 1 983 2263 2593
2616 2 2 2 1 359 1917 3796
2617 2 2 2 1 3459 1727 4278
2618 2 2 2 1 2177 500 5626
2619 2 2 2 1 1993 749 3702
2620 2 2 2 1 1023 1920 3340
2621 2 2 2 1 127 128 3943
2622 2 2 2 1 2028 1084 2880
2623 2 2 2 1 2112 2304 5517
2624 2 2 2 1 2326 968 3049
2625 2 2 2 1 350 2942 3214
2626 2 2 2 1 373 4257 4518
2627 2 2 2 1 2483 953 3442
2628 2 2 2 1 1926 763 3975
2629 2 2 2 1 84 2015 4686
2630 2 2 2 1 1910 278 3694
2631 2 2 2 1 824 2952 4901
2632 2 2 2 1 4544 357 4698
2633 2 2 2 1 941 2123 3128
2634 2 2 2 1 2678 1347 5565
2635 2 2 2 1 500 2185 5626
2636 2 2 2 1 1912 80 5242
2637 2 2 2 1 1894 2290 3429
2638 2 2 2 1 1442 2506 3922
2639 2 2 2 1 2253 936 2935
2640 2 2 2 1 1977 998 4577
2641 2 2 2 1 1709 4549 5222
2642 2 2 2 1 3480 420 4471
2643 2 2 2 1 963 2365 2517
2644 2 2 2 1 3299 1714 5374
2645 2 2 2 1 2457 408 2572
2646 2 2 2 1 1188 2457 2572
2647 2 2 2 1 1337 2335 3071
2648 2 2 2 1 137 138 3924
2649 2 2 2 1 1380 1973 4343
2650 2 2 2 1 1533 2844 5207
2651 2 2 2 1 1910 1390 5389
2652 2 2 2 1 2164 859 3364
2653 2 2 2 1 2647 1414 3440
2654 2 2 2 1 658 2647 3440
2655 2 2 2 1 701 3723 4441
2656 2 2 2 1 1932 1107 3239
2657 2 2 2 1 2698 1239 2699
2658 2 2 2 1 938 2698 2699
2659 2 2 2 1 1069 1970 3083
2660 2 2 2 1 1457 2759 4737
2661 2 2 2 1 2760 988 3999
2662 2 2 2 1 955 2470 5334
2663 2 2 2 1 3467 843 5471
2664 2 2 2 1 1603 2504 5387
2665 2 2 2 1 1916 1073 3500
2666 2 2 2 1 4558 1075 5152
2667 2 2 2 1 273 2063 2983
2668 2 2 2 1 385 2562 3531
2669 2 2 2 1 1825 3574 5610
2670 2 2 2 1 3755 1221 3849
2671 2 2 2 1 824 1933 3240
2672 2 2 2 1 1319 4261 4300
2673 2 2 2 1 763 1926 3287
2674 2 2 2 1 424 1944 4186
2675 2 2 2 1 965 2496 3531
2676 2 2 2 1 451 1933 4060
2677 2 2 2 1 3045 1046 5622
2678 2 2 2 1 2114 373 2724
2679 2 2 2 1 1837 4397 5124
2680 2 2 2 1 2134 941 3128
2681 2 2 2 1 2481 854 3953
2682 2 2 2 1 1493 2481 3953
2683 2 2 2 1 493 2017 4400
2684 2 2 2 1 4627 508 5300
2685 2 2 2 1 2060 993 2837
2686 2 2 2 1 2492 899 2493
2687 2 2 2 1 631 4426 5288
2688 2 2 2 1 1216 2492 2493
2689 2 2 2 1 3425 1594 3605
2690 2 2 2 1 2331 1657 2943
2691 2 2 2 1 3265 127 3943
2692 2 2 2 1 1013 2275 2750
2693 2 2 2 1 2019 517 3383
2694 2 2 2 1 2083 1514 4841
2695 2 2 2 1 1820 3122 5275
2696 2 2 2 1 450 2388 4141
2697 2 2 2 1 2986 1582 5410
2698 2 2 2 1 1870 3620 4198
2699 2 2 2 1 2548 3344 4403
2700 2 2 2 1 2088 382 5191
2701 2 2 2 1 1280 3738 3742
2702 2 2 2 1 998 1977 4377
2703 2 2 2 1 749 1993 4484
2704 2 2 2 1 1344 2859 3366
2705 2 2 2 1 422 2089 4291
2706 2 2 2 1 2131 1610 3997
2707 2 2 2 1 988 2811 3999
2708 2 2 2 1 1959 1011 4262
2709 2 2 2 1 44 45 2675
2710 2 2 2 1 546 2318 2999
2711 2 2 2 1 1386 2464 2946
2712 2 2 2 1 3791 1213 3799
2713 2 2 2 1 2097 1246 4704
2714 2 2 2 1 2318 1311 2999
2715 2 2 2 1 1389 2284 2752
2716 2 2 2 1 2284 742 2752
2717 2 2 2 1 968 2137 2697
2718 2 2 2 1 2513 2931 5662
2719 2 2 2 1 3258 1924 4012
2720 2 2 2 1 1212 3258 4012
2721 2 2 2 1 1403 3745 3948
2722 2 2 2 1 909 3261 3464
2723 2 2 2 1 1920 91 5033
2724 2 2 2 1 328 327 5195
2725 2 2 2 1 52 53 2302
2726 2 2 2 1 4471 1480 4766
2727 2 2 2 1 2030 1322 4165
2728 2 2 2 1 570 2030 4165
2729 2 2 2 1 1075 3220 5152
2730 2 2 2 1 2641 802 3899
2731 2 2 2 1 2309 1158 2573
2732 2 2 2 1 2254 488 4809
2733 2 2 2 1 452 3129 4517
2734 2 2 2 1 314 2096 3516
2735 2 2 2 1 1189 3322 4094
2736 2 2 2 1 523 2508 4733
2737 2 2 2 1 1678 4895 5172
2738 2 2 2 1 2504 2783 5387
2739 2 2 2 1 1622 2367 2865
2740 2 2 2 1 2470 2971 5334
2741 2 2 2 1 2174 813 2913
2742 2 2 2 1 2139 772 3168
2743 2 2 2 1 586 3984 4645
2744 2 2 2 1 2420 571 3851
2745 2 2 2 1 2411 1269 3400
2746 2 2 2 1 1014 2269 4605
2747 2 2 2 1 821 2411 3400
2748 2 2 2 1 1373 1966 4270
2749 2 2 2 1 100 2862 5120
2750 2 2 2 1 3044 1437 3264
2751 2 2 2 1 2437 1487 5584
2752 2 2 2 1 3950 422 4291
2753 2 2 2 1 2651 937 4292
2754 2 2 2 1 3769 1000 4215
2755 2 2 2 1 983 2503 3154
2756 2 2 2 1 2503 1238 3154
2757 2 2 2 1 4024 1635 4498
2758 2 2 2 1 1061 3903 4227
2759 2 2 2 1 2009 892 2990
2760 2 2 2 1 1004 2591 2938
2761 2 2 2 1 2378 392 3370
2762 2 2 2 1 1955 747 4570
2763 2 2 2 1 1154 3331 5523
2764 2 2 2 1 911 2406 3206
2765 2 2 2 1 1184 2423 4207
2766 2 2 2 1 2096 313 4681
2767 2 2 2 1 1000 2168 4244
2768 2 2 2 1 1379 3066 3841
2769 2 2 2 1 1671 3588 3595
2770 2 2 2 1 4119 545 4947
2771 2 2 2 1 3456 1918 4043
2772 2 2 2 1 2980 4206 5623
2773 2 2 2 1 623 2893 3433
2774 2 2 2 1 1453 4172 4694
2775 2 2 2 1 1021 2491 2975
2776 2 2 2 1 2491 1494 2975
2777 2 2 2 1 1207 2094 4025
2778 2 2 2 1 2910 1599 4360
2779 2 2 2 1 2040 1329 2889
2780 2 2 2 1 1103 1940 5553
2781 2 2 2 1 2594 1082 3235
2782 2 2 2 1 2243 487 3334
2783 2 2 2 1 2386 703 5119
2784 2 2 2 1 1134 1985 3618
2785 2 2 2 1 1025 1943 3476
2786 2 2 2 1 417 2742 2882
2787 2 2 2 1 2742 1242 2882
2788 2 2 2 1 974 3182 3681
2789 2 2 2 1 908 2277 2610
2790 2 2 2 1 493 2132 5060
2791 2 2 2 1 2455 1643 3560
2792 2 2 2 1 1055 2731 3782
2793 2 2 2 1 2002 258 3708
2794 2 2 2 1 367 3456 4043
2795 2 2 2 1 2246 476 2915
2796 2 2 2 1 1068 2061 4923
2797 2 2 2 1 2334 1429 3907
2798 2 2 2 1 1961 4244 4469
2799 2 2 2 1 3620 753 4198
2800 2 2 2 1 1126 2013 5337
2801 2 2 2 1 3197 350 4430
2802 2 2 2 1 919 2396 2891
2803 2 2 2 1 141 142 3316
2804 2 2 2 1 1322 2030 2951
2805 2 2 2 1 2003 759 4494
2806 2 2 2 1 1329 2040 4167
2807 2 2 2 1 2259 1020 3041
2808 2 2 2 1 2040 429 4167
2809 2 2 2 1 2720 938 5122
2810 2 2 2 1 1481 1937 3311
2811 2 2 2 1 3072 507 3231
2812 2 2 2 1 1486 3072 3231
2813 2 2 2 1 2691 1238 2922
2814 2 2 2 1 2692 596 3165
2815 2 2 2 1 1043 2691 2922
2816 2 2 2 1 2727 95 3225
2817 2 2 2 1 878 2109 2856
2818 2 2 2 1 2602 1574 4014
2819 2 2 2 1 730 2602 4014
2820 2 2 2 1 1531 2096 4681
2821 2 2 2 1 4252 806 4972
2822 2 2 2 1 2316 983 2593
2823 2 2 2 1 2342 337 3735
2824 2 2 2 1 1300 2287 2907
2825 2 2 2 1 2897 1105 3329
2826 2 2 2 1 2287 549 2907
2827 2 2 2 1 2015 84 3420
2828 2 2 2 1 1745 2770 4189
2829 2 2 2 1 2770 720 4189
2830 2 2 2 1 2263 983 2619
2831 2 2 2 1 528 1968 3718
2832 2 2 2 1 964 2282 2829
2833 2 2 2 1 338 1955 4735
2834 2 2 2 1 3299 2598 4404
2835 2 2 2 1 1928 1202 3792
2836 2 2 2 1 2497 895 2979
2837 2 2 2 1 1107 1932 3790
2838 2 2 2 1 3018 1043 3827
2839 2 2 2 1 961 2332 5438
2840 2 2 2 1 2023 375 2996
2841 2 2 2 1 2980 1515 4206
2842 2 2 2 1 1621 2270 4772
2843 2 2 2 1 2270 875 4772
2844 2 2 2 1 2960 373 4518
2845 2 2 2 1 2142 2742 4008
2846 2 2 2 1 2515 609 3182
2847 2 2 2 1 4279 566 4871
2848 2 2 2 1 2888 1409 3673
2849 2 2 2 1 1995 1344 3366
2850 2 2 2 1 1971 1017 3805
2851 2 2 2 1 926 3210 5355
2852 2 2 2 1 1937 734 3354
2853 2 2 2 1 2032 200 3087
2854 2 2 2 1 483 1949 3274
2855 2 2 2 1 2377 928 3326
2856 2 2 2 1 830 2241 2822
2857 2 2 2 1 2783 885 4420
2858 2 2 2 1 1772 2661 5121
2859 2 2 2 1 2645 974 2646
2860 2 2 2 1 1100 2064 2892
2861 2 2 2 1 1132 2645 2646
2862 2 2 2 1 2893 1477 3433
2863 2 2 2 1 3018 3827 4257
2864 2 2 2 1 2452 956 4910
2865 2 2 2 1 3766 871 5088
2866 2 2 2 1 94 95 2727
2867 2 2 2 1 829 2638 3193
2868 2 2 2 1 571 3763 3851
2869 2 2 2 1 2873 2485 4271
2870 2 2 2 1 1931 727 4744
2871 2 2 2 1 523 2186 3721
2872 2 2 2 1 479 2216 4605
2873 2 2 2 1 2853 751 2964
2874 2 2 2 1 799 2279 3983
2875 2 2 2 1 1307 2853 2964
2876 2 2 2 1 386 1994 3114
2877 2 2 2 1 677 2467 3184
2878 2 2 2 1 2761 2000 3939
2879 2 2 2 1 2662 2014 4562
2880 2 2 2 1 2237 1258 2770
2881 2 2 2 1 517 2019 4599
2882 2 2 2 1 2189 772 2702
2883 2 2 2 1 2968 2157 4009
2884 2 2 2 1 1933 1159 4060
2885 2 2 2 1 1944 754 5216
2886 2 2 2 1 1311 2265 3942
2887 2 2 2 1 3583 2323 5101
2888 2 2 2 1 530 2347 2665
2889 2 2 2 1 2347 1026 2665
2890 2 2 2 1 2435 1434 4200
2891 2 2 2 1 2159 1759 5458
2892 2 2 2 1 995 2438 3120
2893 2 2 2 1 115 2298 4438
2894 2 2 2 1 560 1931 4054
2895 2 2 2 1 3997 1610 4113
2896 2 2 2 1 4326 2103 5615
2897 2 2 2 1 2407 965 2562
2898 2 2 2 1 4456 351 4935
2899 2 2 2 1 4248 2413 5382
2900 2 2 2 1 1995 589 4369
2901 2 2 2 1 1344 1995 4369
2902 2 2 2 1 404 2783 4083
2903 2 2 2 1 2783 1735 4083
2904 2 2 2 1 2016 480 3167
2905 2 2 2 1 1337 2567 4001
2906 2 2 2 1 1404 2564 3966
2907 2 2 2 1 1313 2827 3664
2908 2 2 2 1 1940 1070 3396
2909 2 2 2 1 2865 1774 5044
2910 2 2 2 1 1693 2625 3406
2911 2 2 2 1 1111 1956 3607
2912 2 2 2 1 641 2623 3158
2913 2 2 2 1 2623 1282 3158
2914 2 2 2 1 3723 1855 4441
2915 2 2 2 1 2859 848 3853
2916 2 2 2 1 1640 2859 3853
2917 2 2 2 1 2003 474 3663
2918 2 2 2 1 818 2094 3760
2919 2 2 2 1 2417 377 5516
2920 2 2 2 1 2877 1228 3587
2921 2 2 2 1 2091 251 3771
2922 2 2 2 1 2170 755 2847
2923 2 2 2 1 1340 2170 2847
2924 2 2 2 1 4983 1687 5328
2925 2 2 2 1 3089 2093 4626
2926 2 2 2 1 1328 3188 3457
2927 2 2 2 1 3188 1628 3457
2928 2 2 2 1 1946 1092 5029
2929 2 2 2 1 742 1936 4331
2930 2 2 2 1 2236 155 3496
2931 2 2 2 1 3467 1542 4003
2932 2 2 2 1 2721 573 2969
2933 2 2 2 1 1945 753 5547
2934 2 2 2 1 522 3198 3931
2935 2 2 2 1 3006 1055 3782
2936 2 2 2 1 2217 1047 2686
2937 2 2 2 1 360 2285 2639
2938 2 2 2 1 1923 3574 5311
2939 2 2 2 1 3389 492 4527
2940 2 2 2 1 829 3193 5422
2941 2 2 2 1 407 3675 4104
2942 2 2 2 1 1300 2907 3045
2943 2 2 2 1 2506 852 3922
2944 2 2 2 1 2311 1143 2684
2945 2 2 2 1 1826 3960 4161
2946 2 2 2 1 426 2311 2684
2947 2 2 2 1 762 1939 4292
2948 2 2 2 1 289 288 2402
2949 2 2 2 1 2356 1380 4343
2950 2 2 2 1 928 1999 4401
2951 2 2 2 1 2688 992 4305
2952 2 2 2 1 2176 189 3955
2953 2 2 2 1 2541 1502 4571
2954 2 2 2 1 2751 126 4960
2955 2 2 2 1 2480 1978 3615
2956 2 2 2 1 2508 3086 4733
2957 2 2 2 1 2502 475 4891
2958 2 2 2 1 556 2787 3273
2959 2 2 2 1 247 248 2369
2960 2 2 2 1 1242 2142 3713
2961 2 2 2 1 2601 1797 5109
2962 2 2 2 1 2142 547 3713
2963 2 2 2 1 2495 964 4930
2964 2 2 2 1 3158 2014 4425
2965 2 2 2 1 954 2419 3634
2966 2 2 2 1 2268 887 2832
2967 2 2 2 1 2090 479 3357
2968 2 2 2 1 2396 213 2891
2969 2 2 2 1 2617 1117 2970
2970 2 2 2 1 4244 780 4469
2971 2 2 2 1 2032 1252 3947
2972 2 2 2 1 388 2397 2880
2973 2 2 2 1 3967 2252 5376
2974 2 2 2 1 2601 695 5271
2975 2 2 2 1 1943 411 3476
2976 2 2 2 1 813 2097 2913
2977 2 2 2 1 4837 505 5292
2978 2 2 2 1 4265 1387 4598
2979 2 2 2 1 3654 1672 3968
2980 2 2 2 1 2528 306 3684
2981 2 2 2 1 2175 777 4045
2982 2 2 2 1 273 272 4511
2983 2 2 2 1 2661 1263 3474
2984 2 2 2 1 2266 541 3515
2985 2 2 2 1 3927 700 4788
2986 2 2 2 1 570 2432 3315
2987 2 2 2 1 924 2387 2840
2988 2 2 2 1 554 3901 4264
2989 2 2 2 1 1888 2862 4695
2990 2 2 2 1 1847 3368 5261
2991 2 2 2 1 2829 542 3178
2992 2 2 2 1 3096 1654 5583
2993 2 2 2 1 1979 511 3271
2994 2 2 2 1 1376 2704 3434
2995 2 2 2 1 816 2215 3670
2996 2 2 2 1 2190 477 2979
2997 2 2 2 1 3735 337 5156
2998 2 2 2 1 1029 2026 5090
2999 2 2 2 1 511 1979 4002
3000 2 2 2 1 2195 1308 2741
3001 2 2 2 1 925 2703 4270
3002 2 2 2 1 651 3211 5532
3003 2 2 2 1 753 1945 3923
3004 2 2 2 1 2211 1837 5643
3005 2 2 2 1 2468 771 3435
3006 2 2 2 1 1198 2188 3521
3007 2 2 2 1 2188 747 3521
3008 2 2 2 1 1290 2468 3435
3009 2 2 2 1 3548 2358 4596
3010 2 2 2 1 802 2641 4883
3011 2 2 2 1 750 3089 4626
3012 2 2 2 1 2009 1135 3461
3013 2 2 2 1 2425 1350 3648
3014 2 2 2 1 569 2425 3648
3015 2 2 2 1 3280 2053 4989
3016 2 2 2 1 1946 832 4137
3017 2 2 2 1 441 2756 4367
3018 2 2 2 1 2200 898 2739
3019 2 2 2 1 2683 997 4742
3020 2 2 2 1 2892 2064 5188
3021 2 2 2 1 2516 724 4887
3022 2 2 2 1 1810 2516 4887
3023 2 2 2 1 607 2329 3414
3024 2 2 2 1 2329 1220 3414
3025 2 2 2 1 2140 1697 3532
3026 2 2 2 1 1253 2648 3073
3027 2 2 2 1 650 3571 4548
3028 2 2 2 1 2756 1770 4367
3029 2 2 2 1 375 2023 4537
3030 2 2 2 1 1566 2141 4899
3031 2 2 2 1 2141 494 4899
3032 2 2 2 1 1263 1950 3474
3033 2 2 2 1 2424 2858 4171
3034 2 2 2 1 1253 2487 2776
3035 2 2 2 1 1586 2206 4853
3036 2 2 2 1 2206 656 4853
3037 2 2 2 1 2860 868 3466
3038 2 2 2 1 842 1969 4067
3039 2 2 2 1 2687 1340 3226
3040 2 2 2 1 464 2687 3226
3041 2 2 2 1 484 2004 3680
3042 2 2 2 1 2984 1045 3179
3043 2 2 2 1 1036 2208 3072
3044 2 2 2 1 3050 776 3597
3045 2 2 2 1 3519 595 4792
3046 2 2 2 1 2355 1436 2815
3047 2 2 2 1 2274 1226 2669
3048 2 2 2 1 2483 283 4939
3049 2 2 2 1 48 2754 4926
3050 2 2 2 1 3210 2073 5355
3051 2 2 2 1 1459 2101 4651
3052 2 2 2 1 1853 3046 4458
3053 2 2 2 1 2163 1061 3070
3054 2 2 2 1 2101 735 4651
3055 2 2 2 1 786 2163 3070
3056 2 2 2 1 2444 894 2705
3057 2 2 2 1 1410 2750 3088
3058 2 2 2 1 2595 779 3799
3059 2 2 2 1 773 1958 4538
3060 2 2 2 1 1950 1263 4622
3061 2 2 2 1 2063 981 2983
3062 2 2 2 1 352 2713 4460
3063 2 2 2 1 1994 386 4298
3064 2 2 2 1 2280 797 3859
3065 2 2 2 1 2313 1407 4015
3066 2 2 2 1 4174 1746 4910
3067 2 2 2 1 588 2313 4015
3068 2 2 2 1 485 3063 4825
3069 2 2 2 1 1169 2223 3333
3070 2 2 2 1 2223 856 3333
3071 2 2 2 1 563 2212 2826
3072 2 2 2 1 2140 809 5346
3073 2 2 2 1 1697 2140 5346
3074 2 2 2 1 2212 1272 2826
3075 2 2 2 1 3988 1387 4265
3076 2 2 2 1 985 2080 4793
3077 2 2 2 1 1954 628 3889
3078 2 2 2 1 1376 2241 2704
3079 2 2 2 1 1786 3063 5243
3080 2 2 2 1 301 2512 4533
3081 2 2 2 1 385 3531 4391
3082 2 2 2 1 3587 1228 3690
3083 2 2 2 1 1740 4890 5607
3084 2 2 2 1 442 2700 3585
3085 2 2 2 1 2443 1279 4019
3086 2 2 2 1 997 3201 4742
3087 2 2 2 1 2293 472 2668
3088 2 2 2 1 1792 3058 4033
3089 2 2 2 1 3058 774 4033
3090 2 2 2 1 869 2028 4557
3091 2 2 2 1 1305 3122 3904
3092 2 2 2 1 3978 1853 4299
3093 2 2 2 1 2791 447 5257
3094 2 2 2 1 5175 2671 5595
3095 2 2 2 1 2113 1260 4098
3096 2 2 2 1 1084 2377 2880
3097 2 2 2 1 2377 388 2880
3098 2 2 2 1 2509 1002 2905
3099 2 2 2 1 1990 1161 3290
3100 2 2 2 1 1987 1542 5568
3101 2 2 2 1 2179 976 2942
3102 2 2 2 1 180 1964 4567
3103 2 2 2 1 656 2206 3932
3104 2 2 2 1 964 3353 4930
3105 2 2 2 1 2433 1313 3664
3106 2 2 2 1 2372 450 3212
3107 2 2 2 1 801 2250 4819
3108 2 2 2 1 1751 4470 5487
3109 2 2 2 1 354 4767 5061
3110 2 2 2 1 2421 263 3808
3111 2 2 2 1 828 2661 4515
3112 2 2 2 1 2661 1772 4515
3113 2 2 2 1 1117 2830 3298
3114 2 2 2 1 3423 512 4149
3115 2 2 2 1 2956 2452 3727
3116 2 2 2 1 1857 2699 5317
3117 2 2 2 1 2749 1368 3629
3118 2 2 2 1 3802 2772 5437
3119 2 2 2 1 3103 2297 5111
3120 2 2 2 1 4147 1986 4971
3121 2 2 2 1 2015 1165 3774
3122 2 2 2 1 2065 1040 5409
3123 2 2 2 1 1962 953 4431
3124 2 2 2 1 340 2535 3360
3125 2 2 2 1 3655 695 5335
3126 2 2 2 1 1575 3772 4807
3127 2 2 2 1 475 2697 4891
3128 2 2 2 1 27 2115 3838
3129 2 2 2 1 2014 456 4425
3130 2 2 2 1 1040 2065 4856
3131 2 2 2 1 2065 1486 4856
3132 2 2 2 1 1735 2783 4420
3133 2 2 2 1 2355 1006 3159
3134 2 2 2 1 969 2743 3184
3135 2 2 2 1 1983 3814 5013
3136 2 2 2 1 766 2409 2650
3137 2 2 2 1 623 2139 2893
3138 2 2 2 1 2068 1500 4886
3139 2 2 2 1 2505 1740 5607
3140 2 2 2 1 2152 776 3050
3141 2 2 2 1 2083 982 3180
3142 2 2 2 1 500 2177 2803
3143 2 2 2 1 712 2933 5165
3144 2 2 2 1 1975 846 3444
3145 2 2 2 1 3588 1261 3595
3146 2 2 2 1 2995 1650 5011
3147 2 2 2 1 846 2149 3519
3148 2 2 2 1 4029 1961 4469
3149 2 2 2 1 2004 484 4300
3150 2 2 2 1 2830 1402 3298
3151 2 2 2 1 2053 978 3054
3152 2 2 2 1 2147 280 4179
3153 2 2 2 1 2312 699 3322
3154 2 2 2 1 2086 1060 3198
3155 2 2 2 1 1189 2312 3322
3156 2 2 2 1 105 1960 3778
3157 2 2 2 1 522 2086 3198
3158 2 2 2 1 2291 3861 4797
3159 2 2 2 1 500 2024 5252
3160 2 2 2 1 244 245 2784
3161 2 2 2 1 2524 2294 4699
3162 2 2 2 1 2694 2009 3461
3163 2 2 2 1 2258 816 3670
3164 2 2 2 1 1719 2351 5268
3165 2 2 2 1 1647 2995 5001
3166 2 2 2 1 2741 553 5371
3167 2 2 2 1 17 18 3140
3168 2 2 2 1 301 300 2512
3169 2 2 2 1 723 1970 3549
3170 2 2 2 1 397 2316 2734
3171 2 2 2 1 2066 1609 4866
3172 2 2 2 1 1009 2171 2861
3173 2 2 2 1 2171 501 2861
3174 2 2 2 1 1652 2059 3450
3175 2 2 2 1 373 2114 5154
3176 2 2 2 1 485 5031 5490
3177 2 2 2 1 4281 2425 4393
3178 2 2 2 1 1989 759 4122
3179 2 2 2 1 212 2396 3986
3180 2 2 2 1 1964 180 4000
3181 2 2 2 1 2044 1072 3082
3182 2 2 2 1 862 2551 3247
3183 2 2 2 1 491 2955 4864
3184 2 2 2 1 2920 571 2959
3185 2 2 2 1 1312 2920 2959
3186 2 2 2 1 2291 562 3861
3187 2 2 2 1 1038 2553 3255
3188 2 2 2 1 2926 2626 4175
3189 2 2 2 1 2520 2629 4905
3190 2 2 2 1 2397 388 2715
3191 2 2 2 1 1150 2397 2715
3192 2 2 2 1 1969 557 4448
3193 2 2 2 1 2017 966 4400
3194 2 2 2 1 1332 2034 3125
3195 2 2 2 1 4270 2703 4736
3196 2 2 2 1 1934 2791 5257
3197 2 2 2 1 2600 1744 3969
3198 2 2 2 1 1893 3906 4467
3199 2 2 2 1 2169 3751 4447
3200 2 2 2 1 2608 379 2805
3201 2 2 2 1 2269 990 2716
3202 2 2 2 1 2075 564 5518
3203 2 2 2 1 2955 2011 4864
3204 2 2 2 1 1006 2657 5308
3205 2 2 2 1 379 2001 4226
3206 2 2 2 1 589 1995 3321
3207 2 2 2 1 3472 2620 5412
3208 2 2 2 1 2122 5431 5566
3209 2 2 2 1 460 3191 3656
3210 2 2 2 1 3191 1694 3656
3211 2 2 2 1 2402 288 3343
3212 2 2 2 1 3106 2379 4560
3213 2 2 2 1 2260 984 2941
3214 2 2 2 1 239 240 4482
3215 2 2 2 1 3433 1477 4841
3216 2 2 2 1 2325 1834 5558
3217 2 2 2 1 2782 981 3004
3218 2 2 2 1 2614 547 3651
3219 2 2 2 1 912 2184 2828
3220 2 2 2 1 2089 2175 5538
3221 2 2 2 1 3283 528 3718
3222 2 2 2 1 2350 1800 5295
3223 2 2 2 1 1009 2350 5295
3224 2 2 2 1 2137 634 3603
3225 2 2 2 1 975 2132 4638
3226 2 2 2 1 1313 4029 4469
3227 2 2 2 1 3831 1039 3982
3228 2 2 2 1 2543 1112 3348
3229 2 2 2 1 1472 2078 3196
3230 2 2 2 1 756 2077 4026
3231 2 2 2 1 1321 2155 4487
3232 2 2 2 1 1683 3035 5166
3233 2 2 2 1 1550 2850 4466
3234 2 2 2 1 452 1976 3706
3235 2 2 2 1 2187 635 3475
3236 2 2 2 1 1994 840 5605
3237 2 2 2 1 629 3186 4088
3238 2 2 2 1 844 2182 3441
3239 2 2 2 1 3072 2208 4737
3240 2 2 2 1 1949 3013 5406
3241 2 2 2 1 2977 1353 4236
3242 2 2 2 1 2090 1247 2974
3243 2 2 2 1 544 2109 3109
3244 2 2 2 1 445 2990 5331
3245 2 2 2 1 2929 403 3886
3246 2 2 2 1 2221 861 5653
3247 2 2 2 1 460 2098 3191
3248 2 2 2 1 3917 2443 5361
3249 2 2 2 1 387 2577 5566
3250 2 2 2 1 2596 566 4082
3251 2 2 2 1 2198 830 2822
3252 2 2 2 1 2456 906 5289
3253 2 2 2 1 1217 2074 3038
3254 2 2 2 1 1244 2652 2838
3255 2 2 2 1 614 2904 3043
3256 2 2 2 1 2904 1334 3043
3257 2 2 2 1 961 2383 4016
3258 2 2 2 1 2642 147 4091
3259 2 2 2 1 2139 1045 2893
3260 2 2 2 1 488 2580 4997
3261 2 2 2 1 1815 2977 4236
3262 2 2 2 1 913 2026 4416
3263 2 2 2 1 3308 299 4763
3264 2 2 2 1 4253 1994 5506
3265 2 2 2 1 1985 728 3967
3266 2 2 2 1 2118 792 3311
3267 2 2 2 1 1281 2824 4835
3268 2 2 2 1 973 2225 3263
3269 2 2 2 1 3656 879 4932
3270 2 2 2 1 2870 9 4669
3271 2 2 2 1 2139 1525 4916
3272 2 2 2 1 835 1992 3470
3273 2 2 2 1 2178 962 3703
3274 2 2 2 1 2008 740 5127
3275 2 2 2 1 2019 817 4900
3276 2 2 2 1 2000 789 4144
3277 2 2 2 1 4457 3090 5534
3278 2 2 2 1 3875 905 4852
3279 2 2 2 1 3541 1357 3913
3280 2 2 2 1 2299 1206 2729
3281 2 2 2 1 1596 3865 4969
3282 2 2 2 1 375 1984 3829
3283 2 2 2 1 2578 886 2941
3284 2 2 2 1 3619 2493 4301
3285 2 2 2 1 1488 2047 4629
3286 2 2 2 1 2068 3115 5362
3287 2 2 2 1 626 3007 3623
3288 2 2 2 1 3007 1583 3623
3289 2 2 2 1 2123 1027 5134
3290 2 2 2 1 561 3403 3668
3291 2 2 2 1 2639 1335 3600
3292 2 2 2 1 2144 1565 3726
3293 2 2 2 1 2806 1055 3006
3294 2 2 2 1 499 2428 3602
3295 2 2 2 1 1275 2806 3006
3296 2 2 2 1 2543 530 3004
3297 2 2 2 1 382 2453 2938
3298 2 2 2 1 40 2108 2989
3299 2 2 2 1 1711 2174 5397
3300 2 2 2 1 2708 529 4431
3301 2 2 2 1 4800 3233 5490
3302 2 2 2 1 283 282 4939
3303 2 2 2 1 2260 886 2991
3304 2 2 2 1 456 2662 5295
3305 2 2 2 1 2359 356 2681
3306 2 2 2 1 781 2833 5017
3307 2 2 2 1 2833 2013 5017
3308 2 2 2 1 530 3348 3488
3309 2 2 2 1 3054 1829 4591
3310 2 2 2 1 891 2528 3684
3311 2 2 2 1 2583 1192 3586
3312 2 2 2 1 336 2671 5175
3313 2 2 2 1 936 2253 3086
3314 2 2 2 1 2253 1161 3086
3315 2 2 2 1 1063 2164 3364
3316 2 2 2 1 2452 668 3745
3317 2 2 2 1 1375 2452 3745
3318 2 2 2 1 2539 918 4204
3319 2 2 2 1 760 2628 2857
3320 2 2 2 1 2628 1320 2857
3321 2 2 2 1 624 3471 4106
3322 2 2 2 1 502 2008 3378
3323 2 2 2 1 2167 75 3593
3324 2 2 2 1 2107 1042 3685
3325 2 2 2 1 2589 1186 2985
3326 2 2 2 1 395 2589 2985
3327 2 2 2 1 898 2029 4418
3328 2 2 2 1 421 4010 5638
3329 2 2 2 1 2316 997 2734
3330 2 2 2 1 451 2221 4394
3331 2 2 2 1 1052 2045 4594
3332 2 2 2 1 3592 1577 4919
3333 2 2 2 1 1161 1990 4079
3334 2 2 2 1 1465 2208 4518
3335 2 2 2 1 2208 1036 4518
3336 2 2 2 1 2111 122 3276
3337 2 2 2 1 3985 1651 5668
3338 2 2 2 1 519 2093 5343
3339 2 2 2 1 820 2014 4246
3340 2 2 2 1 2014 1282 4246
3341 2 2 2 1 2215 1269 4251
3342 2 2 2 1 768 2049 3294
3343 2 2 2 1 2049 1055 3294
3344 2 2 2 1 2359 944 2972
3345 2 2 2 1 17 3140 4849
3346 2 2 2 1 2205 3015 4861
3347 2 2 2 1 2018 504 4275
3348 2 2 2 1 707 3907 4260
3349 2 2 2 1 48 49 2754
3350 2 2 2 1 4740 1034 5236
3351 2 2 2 1 1428 2599 4463
3352 2 2 2 1 802 2325 5558
3353 2 2 2 1 3609 1700 5448
3354 2 2 2 1 529 2778 4431
3355 2 2 2 1 1033 2812 3896
3356 2 2 2 1 2577 1988 5566
3357 2 2 2 1 3109 903 3802
3358 2 2 2 1 835 1998 3532
3359 2 2 2 1 1596 2688 4691
3360 2 2 2 1 2078 1472 4839
3361 2 2 2 1 4291 2089 5538
3362 2 2 2 1 2269 2716 4605
3363 2 2 2 1 2194 939 2899
3364 2 2 2 1 1407 2313 2756
3365 2 2 2 1 548 2071 3604
3366 2 2 2 1 1798 2779 5109
3367 2 2 2 1 2379 521 2753
3368 2 2 2 1 2781 476 3533
3369 2 2 2 1 1435 2781 3533
3370 2 2 2 1 3333 1768 3746
3371 2 2 2 1 1015 2058 3823
3372 2 2 2 1 2500 1290 3435
3373 2 2 2 1 1376 2906 3729
3374 2 2 2 1 1249 1999 4903
3375 2 2 2 1 1274 2549 3133
3376 2 2 2 1 2549 587 3133
3377 2 2 2 1 3820 1905 4022
3378 2 2 2 1 2373 574 3071
3379 2 2 2 1 1122 2373 3071
3380 2 2 2 1 2792 4387 4521
3381 2 2 2 1 2179 841 3560
3382 2 2 2 1 402 2685 3241
3383 2 2 2 1 1220 2251 5610
3384 2 2 2 1 2251 1825 5610
3385 2 2 2 1 2167 939 3705
3386 2 2 2 1 326 325 4069
3387 2 2 2 1 257 2002 3543
3388 2 2 2 1 2289 978 3280
3389 2 2 2 1 793 2069 3151
3390 2 2 2 1 782 2057 4196
3391 2 2 2 1 961 1993 3702
3392 2 2 2 1 477 2190 5428
3393 2 2 2 1 3005 955 4678
3394 2 2 2 1 514 2426 4012
3395 2 2 2 1 2768 1360 3282
3396 2 2 2 1 412 2768 3282
3397 2 2 2 1 549 2748 5029
3398 2 2 2 1 2748 1946 5029
3399 2 2 2 1 2263 986 3187
3400 2 2 2 1 679 2838 4655
3401 2 2 2 1 1242 2207 2882
3402 2 2 2 1 3913 1357 4358
3403 2 2 2 1 2174 979 4427
3404 2 2 2 1 1362 2836 4372
3405 2 2 2 1 1503 3050 3597
3406 2 2 2 1 2250 1555 4819
3407 2 2 2 1 545 2337 3181
3408 2 2 2 1 2074 391 3131
3409 2 2 2 1 1939 2173 3873
3410 2 2 2 1 979 2174 2913
3411 2 2 2 1 1062 2018 4275
3412 2 2 2 1 1084 2028 5173
3413 2 2 2 1 2948 1467 3431
3414 2 2 2 1 1137 2948 3431
3415 2 2 2 1 2613 1290 4058
3416 2 2 2 1 2563 1669 4048
3417 2 2 2 1 1165 2015 3420
3418 2 2 2 1 2394 24 4628
3419 2 2 2 1 970 2375 4118
3420 2 2 2 1 1700 2784 4752
3421 2 2 2 1 98 2450 4925
3422 2 2 2 1 1169 3333 3746
3423 2 2 2 1 1065 3097 4781
3424 2 2 2 1 1321 2587 3923
3425 2 2 2 1 1865 2677 4007
3426 2 2 2 1 659 2937 4126
3427 2 2 2 1 805 2038 3340
3428 2 2 2 1 580 2092 4489
3429 2 2 2 1 2024 1053 3834
3430 2 2 2 1 3960 459 4161
3431 2 2 2 1 1513 2006 4309
3432 2 2 2 1 515 2630 4016
3433 2 2 2 1 1785 2380 3988
3434 2 2 2 1 1083 2052 3215
3435 2 2 2 1 87 88 2491
3436 2 2 2 1 2544 1314 3469
3437 2 2 2 1 584 2544 3469
3438 2 2 2 1 2026 1029 4385
3439 2 2 2 1 2076 3589 3998
3440 2 2 2 1 913 2516 3724
3441 2 2 2 1 1197 2402 3343
3442 2 2 2 1 2593 543 2689
3443 2 2 2 1 2018 1062 3687
3444 2 2 2 1 2897 806 5407
3445 2 2 2 1 2334 3907 5446
3446 2 2 2 1 1526 2007 4073
3447 2 2 2 1 2635 637 2747
3448 2 2 2 1 234 235 2851
3449 2 2 2 1 1336 2992 3581
3450 2 2 2 1 2516 1810 3724
3451 2 2 2 1 2041 2546 5442
3452 2 2 2 1 1147 2064 3201
3453 2 2 2 1 2117 369 3041
3454 2 2 2 1 673 4028 4406
3455 2 2 2 1 991 2003 3663
3456 2 2 2 1 2158 2981 3627
3457 2 2 2 1 252 253 2911
3458 2 2 2 1 1021 2202 4084
3459 2 2 2 1 1921 3005 4678
3460 2 2 2 1 2473 933 4187
3461 2 2 2 1 2911 253 4660
3462 2 2 2 1 1170 2042 3740
3463 2 2 2 1 2522 904 2615
3464 2 2 2 1 1219 2620 3472
3465 2 2 2 1 2154 1043 5262
3466 2 2 2 1 4201 1062 5324
3467 2 2 2 1 2004 1012 3680
3468 2 2 2 1 2504 885 2783
3469 2 2 2 1 572 2170 4433
3470 2 2 2 1 2152 1508 4807
3471 2 2 2 1 776 2152 4807
3472 2 2 2 1 928 2664 3326
3473 2 2 2 1 4956 2456 5289
3474 2 2 2 1 851 2425 4281
3475 2 2 2 1 740 2008 3820
3476 2 2 2 1 2008 1168 3820
3477 2 2 2 1 2766 485 5490
3478 2 2 2 1 2156 1048 2962
3479 2 2 2 1 2768 412 5383
3480 2 2 2 1 2043 723 3549
3481 2 2 2 1 1001 2920 2921
3482 2 2 2 1 822 2132 3015
3483 2 2 2 1 1116 2043 3549
3484 2 2 2 1 2920 1312 2921
3485 2 2 2 1 1045 2139 3168
3486 2 2 2 1 531 2005 4263
3487 2 2 2 1 4287 1031 4703
3488 2 2 2 1 939 2194 3705
3489 2 2 2 1 874 2041 4480
3490 2 2 2 1 2637 2084 4099
3491 2 2 2 1 350 2179 2942
3492 2 2 2 1 2250 1515 2845
3493 2 2 2 1 427 3285 4419
3494 2 2 2 1 2351 1719 5390
3495 2 2 2 1 1297 2176 3955
3496 2 2 2 1 740 3820 4022
3497 2 2 2 1 2009 445 3717
3498 2 2 2 1 706 3134 5001
3499 2 2 2 1 1135 2009 3717
3500 2 2 2 1 1411 3665 4370
3501 2 2 2 1 227 228 2472
3502 2 2 2 1 1148 2672 2871
3503 2 2 2 1 412 4120 5383
3504 2 2 2 1 1042 2107 5456
3505 2 2 2 1 1173 2910 4474
3506 2 2 2 1 2910 1858 4474
3507 2 2 2 1 1440 2820 3537
3508 2 2 2 1 2820 567 3537
3509 2 2 2 1 2062 1200 3455
3510 2 2 2 1 2373 1245 2924
3511 2 2 2 1 574 2373 2924
3512 2 2 2 1 590 2435 4200
3513 2 2 2 1 1467 2126 3200
3514 2 2 2 1 100 101 2862
3515 2 2 2 1 3021 1458 4183
3516 2 2 2 1 655 2888 3673
3517 2 2 2 1 3090 642 3891
3518 2 2 2 1 1724 3090 3891
3519 2 2 2 1 1211 2091 3771
3520 2 2 2 1 1039 2876 3982
3521 2 2 2 1 2006 446 3789
3522 2 2 2 1 140 141 3460
3523 2 2 2 1 2018 737 3524
3524 2 2 2 1 566 2962 4871
3525 2 2 2 1 2034 1332 4382
3526 2 2 2 1 1632 4225 5219
3527 2 2 2 1 495 2077 3526
3528 2 2 2 1 1007 2116 4414
3529 2 2 2 1 1716 3622 4851
3530 2 2 2 1 2150 828 3682
3531 2 2 2 1 2862 1851 5120
3532 2 2 2 1 1435 2501 5014
3533 2 2 2 1 3679 1675 3938
3534 2 2 2 1 3378 1116 3549
3535 2 2 2 1 3791 455 4846
3536 2 2 2 1 1797 2601 3288
3537 2 2 2 1 2141 1455 4649
3538 2 2 2 1 2080 890 4793
3539 2 2 2 1 306 305 3684
3540 2 2 2 1 3903 1760 4227
3541 2 2 2 1 2836 1464 3590
3542 2 2 2 1 418 2836 3590
3543 2 2 2 1 2282 542 2829
3544 2 2 2 1 2067 1030 4209
3545 2 2 2 1 1168 2236 3496
3546 2 2 2 1 1536 3606 4534
3547 2 2 2 1 542 2679 3178
3548 2 2 2 1 332 2052 4490
3549 2 2 2 1 1026 2415 3241
3550 2 2 2 1 2415 1187 3241
3551 2 2 2 1 2132 975 5060
3552 2 2 2 1 312 2286 4681
3553 2 2 2 1 794 3819 5364
3554 2 2 2 1 2639 3600 5211
3555 2 2 2 1 391 2074 4732
3556 2 2 2 1 885 2504 4097
3557 2 2 2 1 900 2390 2773
3558 2 2 2 1 2792 943 4387
3559 2 2 2 1 432 2013 3671
3560 2 2 2 1 2013 1126 3671
3561 2 2 2 1 2041 1053 4480
3562 2 2 2 1 487 2576 3334
3563 2 2 2 1 3731 505 4837
3564 2 2 2 1 1416 2518 2813
3565 2 2 2 1 2518 994 2813
3566 2 2 2 1 4842 1932 5069
3567 2 2 2 1 261 262 2790
3568 2 2 2 1 2369 1352 3000
3569 2 2 2 1 1017 2199 3177
3570 2 2 2 1 2512 1581 4533
3571 2 2 2 1 3424 1267 4499
3572 2 2 2 1 2299 452 4517
3573 2 2 2 1 566 2883 4082
3574 2 2 2 1 876 2162 4676
3575 2 2 2 1 863 2056 3285
3576 2 2 2 1 530 2665 3004
3577 2 2 2 1 2853 1885 4708
3578 2 2 2 1 751 2853 4708
3579 2 2 2 1 1641 2310 3683
3580 2 2 2 1 990 2269 3318
3581 2 2 2 1 378 2020 4080
3582 2 2 2 1 1471 2692 3482
3583 2 2 2 1 2202 1165 5003
3584 2 2 2 1 480 2016 3994
3585 2 2 2 1 2024 739 3556
3586 2 2 2 1 3153 1576 3506
3587 2 2 2 1 661 3153 3506
3588 2 2 2 1 1463 2053 4482
3589 2 2 2 1 897 2762 5667
3590 2 2 2 1 2055 1510 4492
3591 2 2 2 1 2030 570 4657
3592 2 2 2 1 669 2073 3210
3593 2 2 2 1 700 3964 5546
3594 2 2 2 1 860 2966 4662
3595 2 2 2 1 2093 519 4617
3596 2 2 2 1 1422 2093 4617
3597 2 2 2 1 335 4492 4587
3598 2 2 2 1 2033 567 3412
3599 2 2 2 1 1469 3908 4813
3600 2 2 2 1 2418 823 4535
3601 2 2 2 1 4247 1791 4815
3602 2 2 2 1 366 3459 4278
3603 2 2 2 1 2398 535 3314
3604 2 2 2 1 1614 3197 4430
3605 2 2 2 1 2390 1683 5166
3606 2 2 2 1 1066 3100 3399
3607 2 2 2 1 3100 1783 3399
3608 2 2 2 1 1981 3424 4499
3609 2 2 2 1 1204 2782 3004
3610 2 2 2 1 3360 1804 4776
3611 2 2 2 1 365 3664 4904
3612 2 2 2 1 1627 3802 5437
3613 2 2 2 1 968 2697 5493
3614 2 2 2 1 383 3145 3507
3615 2 2 2 1 2378 3370 5096
3616 2 2 2 1 1272 2719 3150
3617 2 2 2 1 2719 390 3150
3618 2 2 2 1 363 2083 3180
3619 2 2 2 1 737 2018 3687
3620 2 2 2 1 2354 370 4224
3621 2 2 2 1 3073 521 4715
3622 2 2 2 1 2735 1087 2758
3623 2 2 2 1 1149 2735 2758
3624 2 2 2 1 2203 765 3814
3625 2 2 2 1 597 2591 4554
3626 2 2 2 1 1122 2879 3425
3627 2 2 2 1 2879 1594 3425
3628 2 2 2 1 1417 3192 4070
3629 2 2 2 1 1878 3406 4928
3630 2 2 2 1 2351 861 5268
3631 2 2 2 1 2250 801 4832
3632 2 2 2 1 3483 2365 4967
3633 2 2 2 1 2224 413 3915
3634 2 2 2 1 1287 2224 3915
3635 2 2 2 1 289 2402 2843
3636 2 2 2 1 2402 1051 2843
3637 2 2 2 1 2029 1096 4418
3638 2 2 2 1 1022 3833 5486
3639 2 2 2 1 2286 1531 4681
3640 2 2 2 1 3126 1298 5078
3641 2 2 2 1 507 3072 4737
3642 2 2 2 1 3516 2096 5601
3643 2 2 2 1 2630 1495 4016
3644 2 2 2 1 2984 3179 4721
3645 2 2 2 1 1720 3747 3824
3646 2 2 2 1 1288 2264 4063
3647 2 2 2 1 1091 2152 3050
3648 2 2 2 1 3673 1285 5528
3649 2 2 2 1 576 3548 4596
3650 2 2 2 1 3207 572 4433
3651 2 2 2 1 2198 1528 2963
3652 2 2 2 1 2130 1083 3375
3653 2 2 2 1 3479 1911 5479
3654 2 2 2 1 3291 416 5549
3655 2 2 2 1 1171 2358 3548
3656 2 2 2 1 697 2374 5474
3657 2 2 2 1 1559 4460 5197
3658 2 2 2 1 1268 3927 4906
3659 2 2 2 1 2899 1809 5427
3660 2 2 2 1 787 2085 5225
3661 2 2 2 1 504 2035 4275
3662 2 2 2 1 1060 2086 3287
3663 2 2 2 1 2086 763 3287
3664 2 2 2 1 2264 1288 4214
3665 2 2 2 1 3451 764 4841
3666 2 2 2 1 2144 998 4377
3667 2 2 2 1 870 3394 4836
3668 2 2 2 1 5063 968 5493
3669 2 2 2 1 770 2032 4158
3670 2 2 2 1 145 146 3237
3671 2 2 2 1 89 90 2510
3672 2 2 2 1 624 2745 3471
3673 2 2 2 1 4692 1745 5137
3674 2 2 2 1 2779 695 5109
3675 2 2 2 1 176 177 2556
3676 2 2 2 1 1210 2159 3136
3677 2 2 2 1 1170 3593 4539
3678 2 2 2 1 3577 1890 4952
3679 2 2 2 1 1446 2530 3070
3680 2 2 2 1 858 4326 5615
3681 2 2 2 1 421 3172 4010
3682 2 2 2 1 3034 1062 4201
3683 2 2 2 1 2123 575 3128
3684 2 2 2 1 2217 855 5478
3685 2 2 2 1 1609 4074 5411
3686 2 2 2 1 2606 2276 4462
3687 2 2 2 1 952 3994 5153
3688 2 2 2 1 2103 2973 5171
3689 2 2 2 1 1272 2718 2719
3690 2 2 2 1 2973 694 5171
3691 2 2 2 1 553 2741 4407
3692 2 2 2 1 3297 1527 4590
3693 2 2 2 1 2718 957 2719
3694 2 2 2 1 296 2072 4210
3695 2 2 2 1 637 4036 4147
3696 2 2 2 1 2781 1435 2988
3697 2 2 2 1 2027 723 4034
3698 2 2 2 1 739 2024 3834
3699 2 2 2 1 3736 2300 4773
3700 2 2 2 1 984 2260 3227
3701 2 2 2 1 1057 2310 5284
3702 2 2 2 1 2842 65 3147
3703 2 2 2 1 2122 3559 5431
3704 2 2 2 1 2029 463 4093
3705 2 2 2 1 1258 2200 3977
3706 2 2 2 1 735 2101 3177
3707 2 2 2 1 4177 525 5391
3708 2 2 2 1 577 3568 4232
3709 2 2 2 1 1414 2647 3931
3710 2 2 2 1 197 198 3157
3711 2 2 2 1 2687 989 3207
3712 2 2 2 1 1174 2222 3812
3713 2 2 2 1 2056 1620 4419
3714 2 2 2 1 1452 3341 4798
3715 2 2 2 1 3983 2279 4822
3716 2 2 2 1 2368 1366 2831
3717 2 2 2 1 825 2368 2831
3718 2 2 2 1 2038 805 4389
3719 2 2 2 1 1018 5594 5647
3720 2 2 2 1 681 2269 3095
3721 2 2 2 1 229 2303 4185
3722 2 2 2 1 2031 816 4311
3723 2 2 2 1 2171 1009 4562
3724 2 2 2 1 4279 1622 5316
3725 2 2 2 1 1687 2209 5394
3726 2 2 2 1 2209 807 5394
3727 2 2 2 1 1454 2681 3768
3728 2 2 2 1 3212 450 4973
3729 2 2 2 1 3132 1039 3831
3730 2 2 2 1 3832 761 4818
3731 2 2 2 1 2421 958 2790
3732 2 2 2 1 1067 2050 4226
3733 2 2 2 1 3107 335 4587
3734 2 2 2 1 2427 873 4382
3735 2 2 2 1 3055 1110 4353
3736 2 2 2 1 1072 2044 3445
3737 2 2 2 1 2044 638 3445
3738 2 2 2 1 1006 2355 2815
3739 2 2 2 1 1016 2255 3438
3740 2 2 2 1 1911 3479 5521
3741 2 2 2 1 1028 2701 3292
3742 2 2 2 1 1076 3337 4616
3743 2 2 2 1 1408 2219 4336
3744 2 2 2 1 2232 766 4358
3745 2 2 2 1 2219 454 4336
3746 2 2 2 1 2037 543 3498
3747 2 2 2 1 2501 3788 5014
3748 2 2 2 1 2093 3089 5343
3749 2 2 2 1 3906 593 4467
3750 2 2 2 1 1546 2145 5009
3751 2 2 2 1 2145 791 5009
3752 2 2 2 1 1467 3200 3431
3753 2 2 2 1 1026 2347 3094
3754 2 2 2 1 2631 1241 2722
3755 2 2 2 1 537 2631 2722
3756 2 2 2 1 4468 1697 5313
3757 2 2 2 1 2228 992 3934
3758 2 2 2 1 2248 1153 3091
3759 2 2 2 1 439 2248 3091
3760 2 2 2 1 2613 4058 4509
3761 2 2 2 1 2548 1018 5647
3762 2 2 2 1 2056 863 5067
3763 2 2 2 1 2957 586 3489
3764 2 2 2 1 3591 329 4854
3765 2 2 2 1 2387 1190 3759
3766 2 2 2 1 2343 13 3759
3767 2 2 2 1 435 3978 4299
3768 2 2 2 1 1130 2036 4633
3769 2 2 2 1 4463 2599 5080
3770 2 2 2 1 344 2573 3707
3771 2 2 2 1 519 2059 3662
3772 2 2 2 1 998 2196 4577
3773 2 2 2 1 3306 1743 4369
3774 2 2 2 1 190 191 2618
3775 2 2 2 1 2245 1527 3101
3776 2 2 2 1 2571 1619 3881
3777 2 2 2 1 1110 3145 4353
3778 2 2 2 1 114 115 4438
3779 2 2 2 1 3614 1711 5397
3780 2 2 2 1 4036 1986 4147
3781 2 2 2 1 1257 2336 2996
3782 2 2 2 1 833 2729 3870
3783 2 2 2 1 2052 1083 4490
3784 2 2 2 1 3814 765 5013
3785 2 2 2 1 888 2061 3423
3786 2 2 2 1 1174 2072 3879
3787 2 2 2 1 948 2643 3635
3788 2 2 2 1 854 2481 3462
3789 2 2 2 1 602 2112 3206
3790 2 2 2 1 422 2984 4265
3791 2 2 2 1 2984 1785 4265
3792 2 2 2 1 2030 770 5139
3793 2 2 2 1 2605 710 3749
3794 2 2 2 1 1574 2674 3473
3795 2 2 2 1 1982 4837 5292
3796 2 2 2 1 693 2518 3882
3797 2 2 2 1 2518 1416 3882
3798 2 2 2 1 4318 3088 5621
3799 2 2 2 1 2226 860 5498
3800 2 2 2 1 8 9 2870
3801 2 2 2 1 2534 1338 3346
3802 2 2 2 1 770 2030 3872
3803 2 2 2 1 549 2287 3044
3804 2 2 2 1 2595 3799 4693
3805 2 2 2 1 695 3655 5271
3806 2 2 2 1 2466 1011 5391
3807 2 2 2 1 2507 1653 4005
3808 2 2 2 1 3729 2906 5165
3809 2 2 2 1 1112 2063 4511
3810 2 2 2 1 2286 311 4111
3811 2 2 2 1 1278 2107 4924
3812 2 2 2 1 3471 1033 3896
3813 2 2 2 1 543 2037 5297
3814 2 2 2 1 2699 405 5317
3815 2 2 2 1 1294 2070 3353
3816 2 2 2 1 2281 995 4527
3817 2 2 2 1 2988 617 4784
3818 2 2 2 1 2182 844 3281
3819 2 2 2 1 1089 2182 3281
3820 2 2 2 1 896 3412 4621
3821 2 2 2 1 3240 1586 3981
3822 2 2 2 1 876 2477 4863
3823 2 2 2 1 558 2031 3894
3824 2 2 2 1 993 2608 2805
3825 2 2 2 1 241 242 2511
3826 2 2 2 1 3313 1837 5147
3827 2 2 2 1 1592 4124 4437
3828 2 2 2 1 903 2109 4808
3829 2 2 2 1 1222 2338 4645
3830 2 2 2 1 2169 1441 4666
3831 2 2 2 1 380 2169 4666
3832 2 2 2 1 2768 1028 3292
3833 2 2 2 1 2073 1095 5355
3834 2 2 2 1 2711 1167 4044
3835 2 2 2 1 4389 2318 4546
3836 2 2 2 1 886 2260 2941
3837 2 2 2 1 1349 2371 3296
3838 2 2 2 1 3243 1725 4917
3839 2 2 2 1 3089 1029 5343
3840 2 2 2 1 2594 3235 4572
3841 2 2 2 1 3193 1557 3480
3842 2 2 2 1 1121 3193 3480
3843 2 2 2 1 827 4457 5534
3844 2 2 2 1 1069 2923 3098
3845 2 2 2 1 2923 1314 3098
3846 2 2 2 1 710 3447 3749
3847 2 2 2 1 950 2229 3539
3848 2 2 2 1 1438 2514 4395
3849 2 2 2 1 4658 3258 5505
3850 2 2 2 1 1246 2097 4023
3851 2 2 2 1 3507 3145 4829
3852 2 2 2 1 2097 527 4023
3853 2 2 2 1 505 2446 5292
3854 2 2 2 1 2050 379 4226
3855 2 2 2 1 2973 2103 4326
3856 2 2 2 1 2408 3419 5140
3857 2 2 2 1 1052 3010 3111
3858 2 2 2 1 3010 1356 3111
3859 2 2 2 1 1014 2216 3473
3860 2 2 2 1 268 269 3069
3861 2 2 2 1 1726 2229 5477
3862 2 2 2 1 2229 950 5477
3863 2 2 2 1 2972 944 3757
3864 2 2 2 1 1578 2972 3757
3865 2 2 2 1 873 3654 3968
3866 2 2 2 1 3394 870 5047
3867 2 2 2 1 195 2233 3845
3868 2 2 2 1 3011 4794 5205
3869 2 2 2 1 2241 830 5526
3870 2 2 2 1 2737 358 5126
3871 2 2 2 1 2638 1557 3193
3872 2 2 2 1 2321 2006 3789
3873 2 2 2 1 1370 2931 3214
3874 2 2 2 1 1734 3617 5141
3875 2 2 2 1 2931 1109 3214
3876 2 2 2 1 2624 1370 2942
3877 2 2 2 1 2869 568 2877
3878 2 2 2 1 1215 2869 2877
3879 2 2 2 1 2168 1000 3939
3880 2 2 2 1 2349 1474 3170
3881 2 2 2 1 1197 3343 3723
3882 2 2 2 1 2115 27 4847
3883 2 2 2 1 864 2252 4303
3884 2 2 2 1 2252 1412 4303
3885 2 2 2 1 2618 191 3048
3886 2 2 2 1 2261 881 4286
3887 2 2 2 1 3321 1995 3819
3888 2 2 2 1 2072 296 3879
3889 2 2 2 1 3958 491 4864
3890 2 2 2 1 1020 3028 5131
3891 2 2 2 1 807 2248 4603
3892 2 2 2 1 3041 1020 5131
3893 2 2 2 1 2049 768 4166
3894 2 2 2 1 429 2049 4167
3895 2 2 2 1 1715 2597 5644
3896 2 2 2 1 923 2327 2895
3897 2 2 2 1 2847 1139 3226
3898 2 2 2 1 1340 2847 3226
3899 2 2 2 1 1840 4800 5490
3900 2 2 2 1 1167 2191 4044
3901 2 2 2 1 2712 1000 4244
3902 2 2 2 1 3480 1806 5326
3903 2 2 2 1 2165 1090 5138
3904 2 2 2 1 1011 2431 3430
3905 2 2 2 1 2050 1067 3611
3906 2 2 2 1 2283 435 3514
3907 2 2 2 1 65 66 3147
3908 2 2 2 1 1363 4389 4546
3909 2 2 2 1 2227 1070 3016
3910 2 2 2 1 2070 803 3542
3911 2 2 2 1 3964 1952 5546
3912 2 2 2 1 1362 2657 4706
3913 2 2 2 1 1371 2569 4565
3914 2 2 2 1 1150 2715 2807
3915 2 2 2 1 2715 1113 2807
3916 2 2 2 1 2451 878 2856
3917 2 2 2 1 2735 1149 3102
3918 2 2 2 1 719 2055 3584
3919 2 2 2 1 5 328 2976
3920 2 2 2 1 2449 1713 3944
3921 2 2 2 1 1470 2507 4005
3922 2 2 2 1 881 2278 4286
3923 2 2 2 1 698 2714 3768
3924 2 2 2 1 2714 1454 3768
3925 2 2 2 1 648 2390 5166
3926 2 2 2 1 1042 2247 3685
3927 2 2 2 1 478 3678 4699
3928 2 2 2 1 587 2549 3000
3929 2 2 2 1 2549 1142 3000
3930 2 2 2 1 2102 768 3294
3931 2 2 2 1 2367 347 2865
3932 2 2 2 1 768 2102 4594
3933 2 2 2 1 3082 1072 4327
3934 2 2 2 1 1525 2139 5000
3935 2 2 2 1 2043 1208 4034
3936 2 2 2 1 2139 623 5000
3937 2 2 2 1 723 2043 4034
3938 2 2 2 1 2957 3489 5581
3939 2 2 2 1 1294 3353 3970
3940 2 2 2 1 2222 1145 3712
3941 2 2 2 1 1109 2257 3251
3942 2 2 2 1 2310 1057 3683
3943 2 2 2 1 2257 667 3251
3944 2 2 2 1 2048 1137 3943
3945 2 2 2 1 2584 922 2926
3946 2 2 2 1 1131 2584 2926
3947 2 2 2 1 3132 3831 5430
3948 2 2 2 1 849 3013 4995
3949 2 2 2 1 2412 844 3441
3950 2 2 2 1 2683 1177 2734
3951 2 2 2 1 997 2683 2734
3952 2 2 2 1 2057 1022 4196
3953 2 2 2 1 73 2194 5276
3954 2 2 2 1 2247 1042 5536
3955 2 2 2 1 2415 1026 3094
3956 2 2 2 1 238 239 3054
3957 2 2 2 1 749 2551 4697
3958 2 2 2 1 2551 1934 4697
3959 2 2 2 1 2097 813 3319
3960 2 2 2 1 2914 2281 4219
3961 2 2 2 1 3163 1411 4370
3962 2 2 2 1 272 271 3032
3963 2 2 2 1 2225 973 5439
3964 2 2 2 1 1219 2203 3814
3965 2 2 2 1 877 2274 5159
3966 2 2 2 1 2821 1092 4506
3967 2 2 2 1 1338 3865 4691
3968 2 2 2 1 429 2040 3919
3969 2 2 2 1 632 3394 3465
3970 2 2 2 1 3394 1636 3465
3971 2 2 2 1 719 2056 4157
3972 2 2 2 1 2272 1474 4818
3973 2 2 2 1 2214 794 5364
3974 2 2 2 1 3906 1893 5540
3975 2 2 2 1 204 3387 4230
3976 2 2 2 1 2064 1100 3893
3977 2 2 2 1 2074 3131 4946
3978 2 2 2 1 908 2044 4081
3979 2 2 2 1 2350 1009 3538
3980 2 2 2 1 3131 1027 4946
3981 2 2 2 1 2385 1369 3985
3982 2 2 2 1 699 2385 3985
3983 2 2 2 1 490 2445 4266
3984 2 2 2 1 3923 2587 5421
3985 2 2 2 1 249 250 2717
3986 2 2 2 1 2088 842 4607
3987 2 2 2 1 2487 381 2776
3988 2 2 2 1 1137 3431 5145
3989 2 2 2 1 1049 2902 4567
3990 2 2 2 1 1024 3088 4318
3991 2 2 2 1 333 4502 5270
3992 2 2 2 1 1880 2580 5298
3993 2 2 2 1 2580 488 5298
3994 2 2 2 1 2278 881 3568
3995 2 2 2 1 666 3877 4980
3996 2 2 2 1 2283 1012 3978
3997 2 2 2 1 2283 876 4676
3998 2 2 2 1 365 2058 3664
3999 2 2 2 1 4214 1677 5180
4000 2 2 2 1 2473 320 3857
4001 2 2 2 1 369 2117 4802
4002 2 2 2 1 2754 1733 4926
4003 2 2 2 1 958 2090 3357
4004 2 2 2 1 863 2180 3148
4005 2 2 2 1 2581 395 2985
4006 2 2 2 1 1045 3168 3179
4007 2 2 2 1 3168 1427 3179
4008 2 2 2 1 3396 1909 4356
4009 2 2 2 1 998 2144 4993
4010 2 2 2 1 828 2275 3682
4011 2 2 2 1 2434 846 3519
4012 2 2 2 1 1933 2432 3468
4013 2 2 2 1 924 2082 4547
4014 2 2 2 1 2766 1030 3238
4015 2 2 2 1 2234 1195 3857
4016 2 2 2 1 933 2060 4413
4017 2 2 2 1 914 3229 4866
4018 2 2 2 1 2514 2146 5051
4019 2 2 2 1 2180 1041 3148
4020 2 2 2 1 772 2189 5210
4021 2 2 2 1 895 2119 4803
4022 2 2 2 1 4860 1035 5092
4023 2 2 2 1 3560 1643 5302
4024 2 2 2 1 705 2370 3415
4025 2 2 2 1 2370 1181 3415
4026 2 2 2 1 2208 1465 3428
4027 2 2 2 1 2146 1096 3920
4028 2 2 2 1 4551 2040 5274
4029 2 2 2 1 1601 4036 4799
4030 2 2 2 1 4481 1556 5587
4031 2 2 2 1 2070 1294 4332
4032 2 2 2 1 803 2070 4332
4033 2 2 2 1 2214 330 3244
4034 2 2 2 1 1138 2214 3244
4035 2 2 2 1 697 2531 3624
4036 2 2 2 1 2531 1322 3624
4037 2 2 2 1 2443 4019 5245
4038 2 2 2 1 948 3635 4277
4039 2 2 2 1 2364 1016 3438
4040 2 2 2 1 2093 1422 4626
4041 2 2 2 1 2130 1349 4857
4042 2 2 2 1 2296 519 5343
4043 2 2 2 1 817 2210 3554
4044 2 2 2 1 428 2331 2943
4045 2 2 2 1 348 3239 4159
4046 2 2 2 1 2931 564 5662
4047 2 2 2 1 1515 2250 4832
4048 2 2 2 1 3458 916 4834
4049 2 2 2 1 2057 455 3833
4050 2 2 2 1 2081 3458 4834
4051 2 2 2 1 2206 1586 3509
4052 2 2 2 1 4166 768 4958
4053 2 2 2 1 1034 2710 5236
4054 2 2 2 1 1200 2062 5590
4055 2 2 2 1 2539 4204 5156
4056 2 2 2 1 1072 3638 4327
4057 2 2 2 1 455 2057 4846
4058 2 2 2 1 881 2261 5593
4059 2 2 2 1 791 2145 5290
4060 2 2 2 1 2209 1687 4983
4061 2 2 2 1 2786 1468 4252
4062 2 2 2 1 940 2306 3061
4063 2 2 2 1 2649 403 3632
4064 2 2 2 1 2243 2904 4208
4065 2 2 2 1 966 2865 5044
4066 2 2 2 1 2707 581 3528
4067 2 2 2 1 2058 365 3823
4068 2 2 2 1 2077 1108 3526
4069 2 2 2 1 1478 2707 3528
4070 2 2 2 1 1143 2529 3658
4071 2 2 2 1 330 2859 5115
4072 2 2 2 1 2614 3651 5365
4073 2 2 2 1 2069 793 4288
4074 2 2 2 1 1334 2724 2960
4075 2 2 2 1 2617 573 2721
4076 2 2 2 1 2143 862 3247
4077 2 2 2 1 1050 2751 3156
4078 2 2 2 1 1117 2617 2721
4079 2 2 2 1 2751 1607 3156
4080 2 2 2 1 2504 640 4097
4081 2 2 2 1 3502 1152 3992
4082 2 2 2 1 2673 1293 2765
4083 2 2 2 1 2851 235 4429
4084 2 2 2 1 2059 756 4056
4085 2 2 2 1 3510 1164 3767
4086 2 2 2 1 1816 3510 3767
4087 2 2 2 1 850 2247 5536
4088 2 2 2 1 2551 1171 3247
4089 2 2 2 1 172 2183 4229
4090 2 2 2 1 2188 1540 3224
4091 2 2 2 1 747 2188 3224
4092 2 2 2 1 2603 738 2881
4093 2 2 2 1 1123 2603 2881
4094 2 2 2 1 775 4551 5274
4095 2 2 2 1 1919 2875 4892
4096 2 2 2 1 2875 384 4892
4097 2 2 2 1 1461 3157 3315
4098 2 2 2 1 3157 1252 3315
4099 2 2 2 1 2459 398 3432
4100 2 2 2 1 2160 758 3794
4101 2 2 2 1 1341 2701 5351
4102 2 2 2 1 2061 888 3921
4103 2 2 2 1 4423 1659 4774
4104 2 2 2 1 3388 1677 4214
4105 2 2 2 1 3200 618 3431
4106 2 2 2 1 2079 221 3529
4107 2 2 2 1 341 2927 3563
4108 2 2 2 1 2071 1008 3604
4109 2 2 2 1 2927 1455 3563
4110 2 2 2 1 1059 2128 4802
4111 2 2 2 1 2910 725 4575
4112 2 2 2 1 4409 716 4579
4113 2 2 2 1 354 2351 5390
4114 2 2 2 1 2937 659 4756
4115 2 2 2 1 4046 1460 4193
4116 2 2 2 1 3068 1692 4921
4117 2 2 2 1 2547 1046 2907
4118 2 2 2 1 1047 2217 5478
4119 2 2 2 1 2302 53 2992
4120 2 2 2 1 321 2124 5666
4121 2 2 2 1 1518 2293 3701
4122 2 2 2 1 661 2104 5282
4123 2 2 2 1 2821 564 3725
4124 2 2 2 1 2541 1898 3852
4125 2 2 2 1 3017 707 4260
4126 2 2 2 1 2149 4860 5092
4127 2 2 2 1 1097 2156 4907
4128 2 2 2 1 35 2146 3920
4129 2 2 2 1 2424 1601 4799
4130 2 2 2 1 971 2424 4799
4131 2 2 2 1 2448 1331 2850
4132 2 2 2 1 386 2067 4209
4133 2 2 2 1 1524 3283 3718
4134 2 2 2 1 1078 3103 3327
4135 2 2 2 1 281 2147 3257
4136 2 2 2 1 3837 1484 4216
4137 2 2 2 1 433 2725 4604
4138 2 2 2 1 3453 1302 3900
4139 2 2 2 1 2228 537 3732
4140 2 2 2 1 1 7 3918
4141 2 2 2 1 270 1 3918
4142 2 2 2 1 1208 2228 3732
4143 2 2 2 1 3573 1172 4908
4144 2 2 2 1 2339 1354 3037
4145 2 2 2 1 1207 3601 4559
4146 2 2 2 1 437 2292 3183
4147 2 2 2 1 2429 1342 3117
4148 2 2 2 1 838 2429 3117
4149 2 2 2 1 3447 1686 3749
4150 2 2 2 1 766 2232 3746
4151 2 2 2 1 3046 1731 4103
4152 2 2 2 1 785 3046 4103
4153 2 2 2 1 1307 2502 2853
4154 2 2 2 1 1905 3496 5492
4155 2 2 2 1 2126 1467 5223
4156 2 2 2 1 2108 41 3417
4157 2 2 2 1 1023 2510 3536
4158 2 2 2 1 2102 1052 4594
4159 2 2 2 1 1054 2113 3404
4160 2 2 2 1 2943 1657 5655
4161 2 2 2 1 5431 387 5566
4162 2 2 2 1 1108 2077 4035
4163 2 2 2 1 1144 2554 3957
4164 2 2 2 1 4144 789 5617
4165 2 2 2 1 2084 820 4246
4166 2 2 2 1 1282 2084 4246
4167 2 2 2 1 2610 597 3424
4168 2 2 2 1 3525 2211 5643
4169 2 2 2 1 2498 1472 3320
4170 2 2 2 1 467 2498 3320
4171 2 2 2 1 2185 500 5123
4172 2 2 2 1 4071 597 4554
4173 2 2 2 1 2294 1029 5090
4174 2 2 2 1 213 214 2891
4175 2 2 2 1 598 2371 3972
4176 2 2 2 1 2371 1349 3972
4177 2 2 2 1 1303 3140 4116
4178 2 2 2 1 3259 1160 3599
4179 2 2 2 1 1205 2451 2856
4180 2 2 2 1 815 2667 5130
4181 2 2 2 1 1044 2136 4999
4182 2 2 2 1 1683 2390 5509
4183 2 2 2 1 832 2067 4137
4184 2 2 2 1 2199 473 5214
4185 2 2 2 1 454 2250 5529
4186 2 2 2 1 926 2695 3210
4187 2 2 2 1 1496 2515 3544
4188 2 2 2 1 1050 2489 4339
4189 2 2 2 1 2273 850 5536
4190 2 2 2 1 1194 4350 4444
4191 2 2 2 1 590 2533 3189
4192 2 2 2 1 2533 1176 3189
4193 2 2 2 1 727 2245 3101
4194 2 2 2 1 479 2090 4496
4195 2 2 2 1 1025 2634 5366
4196 2 2 2 1 1101 2197 4951
4197 2 2 2 1 2881 1333 4329
4198 2 2 2 1 2287 1437 3044
4199 2 2 2 1 1710 3318 5097
4200 2 2 2 1 1979 4661 4696
4201 2 2 2 1 62 2204 4100
4202 2 2 2 1 2196 3906 5540
4203 2 2 2 1 2183 173 3216
4204 2 2 2 1 851 2299 3631
4205 2 2 2 1 2181 550 3223
4206 2 2 2 1 1512 2295 3555
4207 2 2 2 1 1910 3634 4688
4208 2 2 2 1 1143 2311 3361
4209 2 2 2 1 2311 843 3361
4210 2 2 2 1 2395 1022 3495
4211 2 2 2 1 1484 2916 4104
4212 2 2 2 1 1491 2394 4628
4213 2 2 2 1 2101 1459 4750
4214 2 2 2 1 3507 1833 3831
4215 2 2 2 1 1364 3507 3831
4216 2 2 2 1 385 2273 5499
4217 2 2 2 1 1619 2571 4980
4218 2 2 2 1 206 207 3076
4219 2 2 2 1 3732 2027 4034
4220 2 2 2 1 2970 1117 3298
4221 2 2 2 1 1208 3732 4034
4222 2 2 2 1 2430 784 2905
4223 2 2 2 1 1241 2430 2905
4224 2 2 2 1 2580 1880 4160
4225 2 2 2 1 2913 2097 4704
4226 2 2 2 1 362 4427 4574
4227 2 2 2 1 1924 3258 4658
4228 2 2 2 1 2136 884 3335
4229 2 2 2 1 3029 1071 5125
4230 2 2 2 1 949 2409 3995
4231 2 2 2 1 596 2238 4127
4232 2 2 2 1 355 2189 4565
4233 2 2 2 1 1048 2156 4373
4234 2 2 2 1 483 2806 3013
4235 2 2 2 1 3011 482 4794
4236 2 2 2 1 3411 1211 4212
4237 2 2 2 1 2135 532 5530
4238 2 2 2 1 2303 1378 4185
4239 2 2 2 1 2826 1272 3150
4240 2 2 2 1 1155 2826 3150
4241 2 2 2 1 2141 1566 4877
4242 2 2 2 1 2426 3780 4012
4243 2 2 2 1 2294 478 4699
4244 2 2 2 1 338 2105 5008
4245 2 2 2 1 811 2519 5193
4246 2 2 2 1 1278 3615 4865
4247 2 2 2 1 426 2203 3843
4248 2 2 2 1 2203 1219 3843
4249 2 2 2 1 777 2089 4598
4250 2 2 2 1 1848 3719 4046
4251 2 2 2 1 3059 502 3098
4252 2 2 2 1 1175 3516 5601
4253 2 2 2 1 385 2340 3062
4254 2 2 2 1 2340 1060 3062
4255 2 2 2 1 2767 1039 4466
4256 2 2 2 1 2119 1085 4803
4257 2 2 2 1 2634 3804 5366
4258 2 2 2 1 497 2987 3511
4259 2 2 2 1 2987 1446 3511
4260 2 2 2 1 1347 2092 4459
4261 2 2 2 1 2092 580 4459
4262 2 2 2 1 5233 2458 5465
4263 2 2 2 1 1410 3088 4461
4264 2 2 2 1 2218 631 5288
4265 2 2 2 1 906 2218 5289
4266 2 2 2 1 203 204 4230
4267 2 2 2 1 511 2118 4869
4268 2 2 2 1 1952 2949 4442
4269 2 2 2 1 2890 1405 3443
4270 2 2 2 1 410 2890 3443
4271 2 2 2 1 1114 2172 3686
4272 2 2 2 1 531 2566 4344
4273 2 2 2 1 1508 2152 4914
4274 2 2 2 1 2073 669 4113
4275 2 2 2 1 1035 2586 3418
4276 2 2 2 1 3481 509 5472
4277 2 2 2 1 903 2772 3802
4278 2 2 2 1 1366 2368 4055
4279 2 2 2 1 2368 381 4055
4280 2 2 2 1 383 2085 4366
4281 2 2 2 1 2854 1050 4639
4282 2 2 2 1 2969 573 3094
4283 2 2 2 1 2555 1602 5066
4284 2 2 2 1 2072 1174 3812
4285 2 2 2 1 2330 1125 4652
4286 2 2 2 1 2269 1014 3095
4287 2 2 2 1 2385 1066 3399
4288 2 2 2 1 601 2978 3292
4289 2 2 2 1 1762 2778 5305
4290 2 2 2 1 1172 2079 4765
4291 2 2 2 1 2701 3063 5351
4292 2 2 2 1 1983 2620 3814
4293 2 2 2 1 1236 2635 2747
4294 2 2 2 1 2268 1569 4996
4295 2 2 2 1 646 2268 4996
4296 2 2 2 1 324 2076 3795
4297 2 2 2 1 607 2349 3347
4298 2 2 2 1 1397 4291 5538
4299 2 2 2 1 3323 1544 3342
4300 2 2 2 1 1251 3323 3342
4301 2 2 2 1 381 2368 3312
4302 2 2 2 1 2513 1900 5605
4303 2 2 2 1 840 2513 5605
4304 2 2 2 1 841 2455 3560
4305 2 2 2 1 2195 748 4769
4306 2 2 2 1 1449 2195 4769
4307 2 2 2 1 2074 1217 4732
4308 2 2 2 1 3279 1394 4232
4309 2 2 2 1 2676 1038 5317
4310 2 2 2 1 2767 1240 2876
4311 2 2 2 1 2085 787 4488
4312 2 2 2 1 1388 2653 4158
4313 2 2 2 1 2092 764 5441
4314 2 2 2 1 2869 1281 4835
4315 2 2 2 1 745 3103 5111
4316 2 2 2 1 158 159 3841
4317 2 2 2 1 2289 1462 3492
4318 2 2 2 1 820 2084 3676
4319 2 2 2 1 812 2331 4151
4320 2 2 2 1 521 2648 2753
4321 2 2 2 1 3747 1276 3824
4322 2 2 2 1 6 299 3308
4323 2 2 2 1 1497 2800 2908
4324 2 2 2 1 2077 756 4035
4325 2 2 2 1 42 3188 3417
4326 2 2 2 1 3211 651 3637
4327 2 2 2 1 1597 3211 3637
4328 2 2 2 1 2098 460 4437
4329 2 2 2 1 2090 958 4364
4330 2 2 2 1 1161 2253 5510
4331 2 2 2 1 1659 2870 4669
4332 2 2 2 1 2285 888 5424
4333 2 2 2 1 2636 1289 3793
4334 2 2 2 1 2827 780 3758
4335 2 2 2 1 1475 2827 3758
4336 2 2 2 1 3965 1309 5522
4337 2 2 2 1 2485 1104 4705
4338 2 2 2 1 2164 497 3397
4339 2 2 2 1 2086 522 3974
4340 2 2 2 1 3575 1938 4069
4341 2 2 2 1 1367 3575 4069
4342 2 2 2 1 2338 1032 3489
4343 2 2 2 1 2149 846 4860
4344 2 2 2 1 2850 1550 4746
4345 2 2 2 1 1167 2088 5191
4346 2 2 2 1 1046 2547 2821
4347 2 2 2 1 1083 2130 4490
4348 2 2 2 1 1142 2369 3000
4349 2 2 2 1 728 2408 4779
4350 2 2 2 1 2408 1568 4779
4351 2 2 2 1 2354 980 3008
4352 2 2 2 1 2491 1021 4084
4353 2 2 2 1 1072 2193 5414
4354 2 2 2 1 2464 1419 4109
4355 2 2 2 1 718 2464 4109
4356 2 2 2 1 1472 3196 3596
4357 2 2 2 1 2399 1020 4233
4358 2 2 2 1 656 3304 5016
4359 2 2 2 1 1034 2308 4971
4360 2 2 2 1 2260 490 3227
4361 2 2 2 1 113 114 3855
4362 2 2 2 1 3743 2350 5184
4363 2 2 2 1 293 2094 3643
4364 2 2 2 1 2125 923 4642
4365 2 2 2 1 3475 635 4398
4366 2 2 2 1 2721 1101 2764
4367 2 2 2 1 1314 3059 3098
4368 2 2 2 1 1117 2721 2764
4369 2 2 2 1 2096 1531 4371
4370 2 2 2 1 2080 985 4013
4371 2 2 2 1 866 3525 5643
4372 2 2 2 1 3458 606 4679
4373 2 2 2 1 3769 1392 4211
4374 2 2 2 1 2395 914 4160
4375 2 2 2 1 632 3465 4181
4376 2 2 2 1 716 3242 4579
4377 2 2 2 1 763 2086 3740
4378 2 2 2 1 536 2309 4053
4379 2 2 2 1 3025 1950 4622
4380 2 2 2 1 3843 1219 4948
4381 2 2 2 1 2192 302 4533
4382 2 2 2 1 339 2087 4211
4383 2 2 2 1 1581 2192 4533
4384 2 2 2 1 1724 2307 5534
4385 2 2 2 1 3332 4559 5640
4386 2 2 2 1 2439 945 2939
4387 2 2 2 1 490 2260 5482
4388 2 2 2 1 3439 1706 3847
4389 2 2 2 1 2209 515 3737
4390 2 2 2 1 558 3679 3938
4391 2 2 2 1 3541 1764 4454
4392 2 2 2 1 2588 954 3694
4393 2 2 2 1 247 2369 3358
4394 2 2 2 1 1756 3020 4777
4395 2 2 2 1 809 2129 5587
4396 2 2 2 1 2300 1047 5478
4397 2 2 2 1 2163 441 3903
4398 2 2 2 1 3184 2743 4388
4399 2 2 2 1 766 2099 4358
4400 2 2 2 1 850 2142 4008
4401 2 2 2 1 4947 2150 4970
4402 2 2 2 1 2453 382 4440
4403 2 2 2 1 1499 2453 4440
4404 2 2 2 1 2760 1318 2798
4405 2 2 2 1 2186 774 5087
4406 2 2 2 1 503 2819 4333
4407 2 2 2 1 2819 1666 4333
4408 2 2 2 1 1740 4231 5532
4409 2 2 2 1 1186 2401 2985
4410 2 2 2 1 2122 907 3559
4411 2 2 2 1 2132 822 4638
4412 2 2 2 1 2082 1190 4547
4413 2 2 2 1 2949 345 4442
4414 2 2 2 1 2709 1295 3380
4415 2 2 2 1 746 2709 3380
4416 2 2 2 1 1433 3182 3867
4417 2 2 2 1 2725 4152 4604
4418 2 2 2 1 1742 3502 3992
4419 2 2 2 1 2574 1033 5215
4420 2 2 2 1 2335 1122 3071
4421 2 2 2 1 2470 955 3005
4422 2 2 2 1 3615 1978 4865
4423 2 2 2 1 4144 959 5352
4424 2 2 2 1 2124 1255 5666
4425 2 2 2 1 1151 2472 2994
4426 2 2 2 1 2472 1378 2994
4427 2 2 2 1 3768 2681 5129
4428 2 2 2 1 2561 975 4638
4429 2 2 2 1 3994 2016 5153
4430 2 2 2 1 544 2099 4324
4431 2 2 2 1 3896 407 4383
4432 2 2 2 1 2978 1360 3292
4433 2 2 2 1 832 2151 4396
4434 2 2 2 1 2453 1004 2938
4435 2 2 2 1 3398 682 4815
4436 2 2 2 1 3485 2361 5022
4437 2 2 2 1 2115 1180 3838
4438 2 2 2 1 976 2624 2942
4439 2 2 2 1 961 4016 5055
4440 2 2 2 1 1450 2795 4696
4441 2 2 2 1 2182 1089 3365
4442 2 2 2 1 2413 1761 3706
4443 2 2 2 1 33 34 2658
4444 2 2 2 1 1247 2090 4364
4445 2 2 2 1 585 2356 4343
4446 2 2 2 1 960 2366 3053
4447 2 2 2 1 1357 2232 4358
4448 2 2 2 1 1345 2641 3899
4449 2 2 2 1 981 2543 3004
4450 2 2 2 1 1305 2419 4255
4451 2 2 2 1 1247 2421 3808
4452 2 2 2 1 1487 3743 5184
4453 2 2 2 1 2419 954 2981
4454 2 2 2 1 2094 818 4731
4455 2 2 2 1 483 2102 4578
4456 2 2 2 1 3520 4530 5128
4457 2 2 2 1 1114 2125 4642
4458 2 2 2 1 3636 2285 5656
4459 2 2 2 1 2308 1034 4411
4460 2 2 2 1 339 2673 2765
4461 2 2 2 1 3259 3599 4848
4462 2 2 2 1 3462 2481 5102
4463 2 2 2 1 3571 1617 4548
4464 2 2 2 1 2738 342 3517
4465 2 2 2 1 308 307 3612
4466 2 2 2 1 1999 2820 4401
4467 2 2 2 1 304 303 3588
4468 2 2 2 1 1178 2160 3794
4469 2 2 2 1 4771 2944 5314
4470 2 2 2 1 1260 2113 4203
4471 2 2 2 1 2113 509 4203
4472 2 2 2 1 4112 2427 4382
4473 2 2 2 1 3867 2939 5531
4474 2 2 2 1 3143 1171 3548
4475 2 2 2 1 1517 3143 3548
4476 2 2 2 1 4895 2104 5339
4477 2 2 2 1 1027 2441 4333
4478 2 2 2 1 838 2176 4222
4479 2 2 2 1 2176 1297 4222
4480 2 2 2 1 1492 4947 4970
4481 2 2 2 1 2369 1142 3358
4482 2 2 2 1 3719 1460 4046
4483 2 2 2 1 550 2160 3781
4484 2 2 2 1 1834 2244 5558
4485 2 2 2 1 2160 1178 3781
4486 2 2 2 1 2464 718 2946
4487 2 2 2 1 543 2263 3187
4488 2 2 2 1 317 316 2912
4489 2 2 2 1 2407 1042 5456
4490 2 2 2 1 1645 2902 4560
4491 2 2 2 1 411 2695 5169
4492 2 2 2 1 2225 327 3263
4493 2 2 2 1 4639 1050 5447
4494 2 2 2 1 2279 799 3660
4495 2 2 2 1 1191 2279 3660
4496 2 2 2 1 2399 1061 4227
4497 2 2 2 1 2233 195 5253
4498 2 2 2 1 1131 2926 4280
4499 2 2 2 1 2926 1705 4280
4500 2 2 2 1 1082 2594 4355
4501 2 2 2 1 2217 504 5172
4502 2 2 2 1 1855 3343 5654
4503 2 2 2 1 2309 858 5615
4504 2 2 2 1 2324 1102 3268
4505 2 2 2 1 610 2324 3268
4506 2 2 2 1 3328 1855 5654
4507 2 2 2 1 1425 2375 3444
4508 2 2 2 1 2094 292 4025
4509 2 2 2 1 2780 1222 3116
4510 2 2 2 1 406 2780 3116
4511 2 2 2 1 475 2125 4491
4512 2 2 2 1 1698 3472 5412
4513 2 2 2 1 1129 2618 3048
4514 2 2 2 1 1304 3636 5656
4515 2 2 2 1 505 2211 5077
4516 2 2 2 1 5168 2036 5338
4517 2 2 2 1 3653 1507 3972
4518 2 2 2 1 884 2793 5592
4519 2 2 2 1 2933 1779 5165
4520 2 2 2 1 2793 2062 5592
4521 2 2 2 1 339 2810 4778
4522 2 2 2 1 2191 1127 3374
4523 2 2 2 1 2226 1564 4884
4524 2 2 2 1 2849 561 4444
4525 2 2 2 1 4603 2248 5202
4526 2 2 2 1 784 2509 2905
4527 2 2 2 1 1304 2568 3636
4528 2 2 2 1 2568 591 3636
4529 2 2 2 1 1777 4597 5153
4530 2 2 2 1 2422 502 3059
4531 2 2 2 1 616 2480 3615
4532 2 2 2 1 1301 3762 4109
4533 2 2 2 1 2426 514 3217
4534 2 2 2 1 1128 2426 3217
4535 2 2 2 1 1187 3009 3241
4536 2 2 2 1 2137 967 4891
4537 2 2 2 1 2099 1205 4324
4538 2 2 2 1 602 3206 3613
4539 2 2 2 1 1316 2420 3012
4540 2 2 2 1 1540 2188 4945
4541 2 2 2 1 2598 919 2844
4542 2 2 2 1 1096 2146 4418
4543 2 2 2 1 2288 685 5511
4544 2 2 2 1 2159 1210 3491
4545 2 2 2 1 384 2875 3248
4546 2 2 2 1 2875 1301 3248
4547 2 2 2 1 2155 1196 3513
4548 2 2 2 1 1218 2454 3787
4549 2 2 2 1 1188 2445 2991
4550 2 2 2 1 2108 777 4520
4551 2 2 2 1 3406 539 4928
4552 2 2 2 1 2622 960 2917
4553 2 2 2 1 2964 751 3630
4554 2 2 2 1 1462 2964 3630
4555 2 2 2 1 2546 874 4193
4556 2 2 2 1 1460 2546 4193
4557 2 2 2 1 2602 1989 4698
4558 2 2 2 1 3510 885 4097
4559 2 2 2 1 2147 799 3983
4560 2 2 2 1 792 2117 5131
4561 2 2 2 1 136 2155 3704
4562 2 2 2 1 1766 3308 4763
4563 2 2 2 1 2327 1307 4150
4564 2 2 2 1 10 11 2654
4565 2 2 2 1 1035 2540 3850
4566 2 2 2 1 2223 662 5196
4567 2 2 2 1 121 2111 3890
4568 2 2 2 1 2641 636 3936
4569 2 2 2 1 81 82 2655
4570 2 2 2 1 1432 2641 3936
4571 2 2 2 1 3520 1522 4530
4572 2 2 2 1 777 2108 4045
4573 2 2 2 1 2425 851 3631
4574 2 2 2 1 2271 435 4299
4575 2 2 2 1 1372 2271 4299
4576 2 2 2 1 1504 2391 3077
4577 2 2 2 1 2201 377 3371
4578 2 2 2 1 2391 546 3077
4579 2 2 2 1 2367 1485 4619
4580 2 2 2 1 347 2367 4619
4581 2 2 2 1 1131 2153 5449
4582 2 2 2 1 1040 2579 5409
4583 2 2 2 1 2259 1649 5401
4584 2 2 2 1 1020 2259 5401
4585 2 2 2 1 415 3540 4070
4586 2 2 2 1 1184 2205 3750
4587 2 2 2 1 2205 844 3750
4588 2 2 2 1 2560 959 4144
4589 2 2 2 1 2126 814 5155
4590 2 2 2 1 1113 2714 2807
4591 2 2 2 1 1965 2874 4374
4592 2 2 2 1 2714 698 2807
4593 2 2 2 1 967 2137 3603
4594 2 2 2 1 2341 793 3151
4595 2 2 2 1 2763 1635 4024
4596 2 2 2 1 449 2763 4024
4597 2 2 2 1 295 294 2967
4598 2 2 2 1 3301 1758 4380
4599 2 2 2 1 2238 813 5247
4600 2 2 2 1 2202 86 4084
4601 2 2 2 1 2470 804 2971
4602 2 2 2 1 25 26 3019
4603 2 2 2 1 3306 1229 3905
4604 2 2 2 1 1743 3306 3905
4605 2 2 2 1 1658 5233 5465
4606 2 2 2 1 65 2842 5256
4607 2 2 2 1 689 3439 3847
4608 2 2 2 1 1697 3518 5313
4609 2 2 2 1 2127 889 4397
4610 2 2 2 1 1318 2262 4143
4611 2 2 2 1 3136 2159 5301
4612 2 2 2 1 2262 715 4143
4613 2 2 2 1 1855 3328 4441
4614 2 2 2 1 752 3805 5386
4615 2 2 2 1 3611 748 4589
4616 2 2 2 1 4503 1264 5340
4617 2 2 2 1 52 2302 3966
4618 2 2 2 1 1519 3485 5022
4619 2 2 2 1 4224 370 5569
4620 2 2 2 1 3049 968 5063
4621 2 2 2 1 2022 3049 5063
4622 2 2 2 1 588 2663 2994
4623 2 2 2 1 2663 1151 2994
4624 2 2 2 1 907 2127 3731
4625 2 2 2 1 1768 2737 5126
4626 2 2 2 1 330 2214 3366
4627 2 2 2 1 2844 636 4643
4628 2 2 2 1 2755 1526 4073
4629 2 2 2 1 625 2755 4073
4630 2 2 2 1 2433 3664 5285
4631 2 2 2 1 549 2547 2907
4632 2 2 2 1 3861 1485 4797
4633 2 2 2 1 2576 1524 3334
4634 2 2 2 1 1047 2300 3715
4635 2 2 2 1 3597 1577 4854
4636 2 2 2 1 3888 917 5005
4637 2 2 2 1 1455 2141 4922
4638 2 2 2 1 2396 1273 3986
4639 2 2 2 1 1508 2571 3881
4640 2 2 2 1 2344 1826 4161
4641 2 2 2 1 2227 648 5166
4642 2 2 2 1 2270 1621 3676
4643 2 2 2 1 2193 1072 3445
4644 2 2 2 1 1628 2675 4500
4645 2 2 2 1 2161 893 5083
4646 2 2 2 1 3480 1557 3910
4647 2 2 2 1 4580 2435 4624
4648 2 2 2 1 2652 999 2838
4649 2 2 2 1 2248 807 3580
4650 2 2 2 1 963 2187 3475
4651 2 2 2 1 1153 2248 3580
4652 2 2 2 1 3687 1787 4295
4653 2 2 2 1 517 3338 3383
4654 2 2 2 1 2181 943 3503
4655 2 2 2 1 2335 30 4641
4656 2 2 2 1 1915 3350 3930
4657 2 2 2 1 1332 2615 4112
4658 2 2 2 1 1073 2341 3151
4659 2 2 2 1 3191 2098 5507
4660 2 2 2 1 2675 895 4500
4661 2 2 2 1 2010 4997 5411
4662 2 2 2 1 1419 3523 4739
4663 2 2 2 1 2817 1056 4510
4664 2 2 2 1 887 2268 5392
4665 2 2 2 1 2751 1050 4339
4666 2 2 2 1 2268 646 5393
4667 2 2 2 1 785 2329 4458
4668 2 2 2 1 2405 758 4877
4669 2 2 2 1 1566 2405 4877
4670 2 2 2 1 568 2461 3137
4671 2 2 2 1 2050 3611 4589
4672 2 2 2 1 2124 321 4187
4673 2 2 2 1 1680 3136 5301
4674 2 2 2 1 1604 2469 5462
4675 2 2 2 1 1540 2361 3485
4676 2 2 2 1 1457 2208 3428
4677 2 2 2 1 2564 1404 3189
4678 2 2 2 1 2561 379 2925
4679 2 2 2 1 1068 2890 4042
4680 2 2 2 1 2151 832 4602
4681 2 2 2 1 2887 1403 3948
4682 2 2 2 1 1020 2399 4227
4683 2 2 2 1 3523 2065 4739
4684 2 2 2 1 1166 2143 5408
4685 2 2 2 1 799 2147 4576
4686 2 2 2 1 2386 1254 3853
4687 2 2 2 1 679 3477 3937
4688 2 2 2 1 3454 1469 4813
4689 2 2 2 1 2820 1440 4401
4690 2 2 2 1 856 2223 5645
4691 2 2 2 1 64 65 5256
4692 2 2 2 1 513 2521 4380
4693 2 2 2 1 2614 929 4381
4694 2 2 2 1 1358 3837 4216
4695 2 2 2 1 3128 575 3252
4696 2 2 2 1 1293 2971 3498
4697 2 2 2 1 582 2345 3215
4698 2 2 2 1 2995 1647 3799
4699 2 2 2 1 2345 1083 3215
4700 2 2 2 1 1462 2289 4748
4701 2 2 2 1 2289 613 4748
4702 2 2 2 1 1170 2167 3593
4703 2 2 2 1 2307 827 5534
4704 2 2 2 1 2140 364 4434
4705 2 2 2 1 2145 1546 4519
4706 2 2 2 1 2315 462 5575
4707 2 2 2 1 2172 1114 4642
4708 2 2 2 1 2264 788 3885
4709 2 2 2 1 1234 2264 3885
4710 2 2 2 1 2337 987 3181
4711 2 2 2 1 2132 493 4861
4712 2 2 2 1 1347 2497 2979
4713 2 2 2 1 869 2458 5233
4714 2 2 2 1 573 2415 3094
4715 2 2 2 1 2579 1353 3204
4716 2 2 2 1 942 2243 3334
4717 2 2 2 1 1537 3160 4834
4718 2 2 2 1 1635 3269 4498
4719 2 2 2 1 1564 2226 5454
4720 2 2 2 1 1840 2940 4800
4721 2 2 2 1 3130 359 4689
4722 2 2 2 1 976 2179 3560
4723 2 2 2 1 2225 1103 5195
4724 2 2 2 1 2898 621 4228
4725 2 2 2 1 1240 2906 3434
4726 2 2 2 1 2906 1376 3434
4727 2 2 2 1 2153 1420 4743
4728 2 2 2 1 2019 3383 5396
4729 2 2 2 1 2632 467 3320
4730 2 2 2 1 1223 2632 3320
4731 2 2 2 1 3171 948 4277
4732 2 2 2 1 3134 1727 3459
4733 2 2 2 1 188 2176 3572
4734 2 2 2 1 535 2317 3502
4735 2 2 2 1 2317 1152 3502
4736 2 2 2 1 738 2235 3372
4737 2 2 2 1 2272 1069 3456
4738 2 2 2 1 4298 962 5506
4739 2 2 2 1 111 112 2841
4740 2 2 2 1 1315 2280 4146
4741 2 2 2 1 2280 548 4146
4742 2 2 2 1 1103 2225 5439
4743 2 2 2 1 2731 429 4519
4744 2 2 2 1 619 2198 4553
4745 2 2 2 1 415 4070 4623
4746 2 2 2 1 988 2760 2798
4747 2 2 2 1 518 3295 3849
4748 2 2 2 1 3295 1688 3849
4749 2 2 2 1 2811 707 4680
4750 2 2 2 1 1751 2811 4680
4751 2 2 2 1 4489 2092 5441
4752 2 2 2 1 3309 1057 5284
4753 2 2 2 1 31 32 2879
4754 2 2 2 1 518 2458 3295
4755 2 2 2 1 2458 1150 3295
4756 2 2 2 1 1048 2488 3202
4757 2 2 2 1 2542 520 2953
4758 2 2 2 1 1800 2350 3743
4759 2 2 2 1 410 2213 4965
4760 2 2 2 1 3259 1773 5235
4761 2 2 2 1 1906 3376 5307
4762 2 2 2 1 4612 1661 4614
4763 2 2 2 1 696 2321 5562
4764 2 2 2 1 1871 3735 5156
4765 2 2 2 1 3196 721 3596
4766 2 2 2 1 1405 2890 4923
4767 2 2 2 1 1195 2234 3930
4768 2 2 2 1 1016 2364 3162
4769 2 2 2 1 398 2459 3747
4770 2 2 2 1 2459 1276 3747
4771 2 2 2 1 893 2161 4614
4772 2 2 2 1 3248 1301 4109
4773 2 2 2 1 1688 2855 3755
4774 2 2 2 1 2659 2073 4113
4775 2 2 2 1 973 3263 5475
4776 2 2 2 1 3916 1599 4453
4777 2 2 2 1 2937 1861 4126
4778 2 2 2 1 4508 1676 5006
4779 2 2 2 1 1035 3850 5092
4780 2 2 2 1 2196 998 4894
4781 2 2 2 1 2430 1528 4700
4782 2 2 2 1 784 2430 4700
4783 2 2 2 1 1031 2517 4703
4784 2 2 2 1 2002 3708 4276
4785 2 2 2 1 613 2289 3280
4786 2 2 2 1 1903 2616 5551
4787 2 2 2 1 2616 540 5551
4788 2 2 2 1 1778 3725 5386
4789 2 2 2 1 535 2398 5269
4790 2 2 2 1 2255 1016 4426
4791 2 2 2 1 2398 1665 5269
4792 2 2 2 1 1198 3521 5042
4793 2 2 2 1 1145 2727 3225
4794 2 2 2 1 2155 1321 3704
4795 2 2 2 1 1858 2910 4360
4796 2 2 2 1 388 2377 3326
4797 2 2 2 1 2933 712 5174
4798 2 2 2 1 2190 895 4803
4799 2 2 2 1 3482 2692 4558
4800 2 2 2 1 3726 1565 4220
4801 2 2 2 1 2252 864 5286
4802 2 2 2 1 2951 420 3910
4803 2 2 2 1 2386 3853 5627
4804 2 2 2 1 793 2341 5659
4805 2 2 2 1 2588 277 4505
4806 2 2 2 1 518 2360 3716
4807 2 2 2 1 2269 681 3318
4808 2 2 2 1 1701 2769 3846
4809 2 2 2 1 2216 790 3473
4810 2 2 2 1 309 308 3352
4811 2 2 2 1 379 2608 2925
4812 2 2 2 1 690 3236 4982
4813 2 2 2 1 441 2163 4586
4814 2 2 2 1 4028 1744 4406
4815 2 2 2 1 2322 1086 5542
4816 2 2 2 1 2367 815 4797
4817 2 2 2 1 1209 3583 5101
4818 2 2 2 1 949 3995 5248
4819 2 2 2 1 2146 898 4418
4820 2 2 2 1 3311 792 3848
4821 2 2 2 1 3063 1028 5243
4822 2 2 2 1 2192 1581 4789
4823 2 2 2 1 1207 3269 3760
4824 2 2 2 1 310 309 2886
4825 2 2 2 1 2306 1140 4566
4826 2 2 2 1 4297 1523 4449
4827 2 2 2 1 3269 1635 3760
4828 2 2 2 1 923 2172 4642
4829 2 2 2 1 2142 850 3825
4830 2 2 2 1 3001 1738 4967
4831 2 2 2 1 1104 2219 3546
4832 2 2 2 1 2136 486 4061
4833 2 2 2 1 1117 2764 2830
4834 2 2 2 1 396 2565 3052
4835 2 2 2 1 3350 1915 4373
4836 2 2 2 1 524 3350 4373
4837 2 2 2 1 609 2939 3867
4838 2 2 2 1 2747 637 3785
4839 2 2 2 1 1010 2752 4331
4840 2 2 2 1 1836 3118 5349
4841 2 2 2 1 2233 824 3981
4842 2 2 2 1 1235 2233 3981
4843 2 2 2 1 690 4982 5660
4844 2 2 2 1 1468 2786 3598
4845 2 2 2 1 2786 631 3598
4846 2 2 2 1 3017 1068 4042
4847 2 2 2 1 1420 3190 3826
4848 2 2 2 1 931 2236 5082
4849 2 2 2 1 1618 2201 5378
4850 2 2 2 1 4696 2795 5212
4851 2 2 2 1 2642 1054 3237
4852 2 2 2 1 4096 116 4201
4853 2 2 2 1 2814 1214 3537
4854 2 2 2 1 392 2652 3370
4855 2 2 2 1 2652 1244 3370
4856 2 2 2 1 2157 1339 4457
4857 2 2 2 1 959 2154 4439
4858 2 2 2 1 2186 523 4733
4859 2 2 2 1 2442 1227 3975
4860 2 2 2 1 1893 3540 4990
4861 2 2 2 1 197 3157 4840
4862 2 2 2 1 3663 474 4136
4863 2 2 2 1 2582 1762 3266
4864 2 2 2 1 1136 3303 4127
4865 2 2 2 1 2172 243 3686
4866 2 2 2 1 1665 2423 5519
4867 2 2 2 1 2391 1504 4731
4868 2 2 2 1 1651 3895 5668
4869 2 2 2 1 818 2391 4731
4870 2 2 2 1 2184 1248 4090
4871 2 2 2 1 850 2273 5440
4872 2 2 2 1 469 2744 3753
4873 2 2 2 1 2608 1097 2925
4874 2 2 2 1 1433 4238 4775
4875 2 2 2 1 847 2435 4580
4876 2 2 2 1 3479 736 4202
4877 2 2 2 1 2672 1064 2871
4878 2 2 2 1 1899 3479 4202
4879 2 2 2 1 4332 2095 4573
4880 2 2 2 1 1885 3130 4689
4881 2 2 2 1 3368 1093 5261
4882 2 2 2 1 1071 2896 5175
4883 2 2 2 1 563 2826 2885
4884 2 2 2 1 4092 2080 4953
4885 2 2 2 1 2826 1155 2885
4886 2 2 2 1 1058 3191 5507
4887 2 2 2 1 2271 1372 3347
4888 2 2 2 1 2764 552 2830
4889 2 2 2 1 3097 1065 5144
4890 2 2 2 1 3991 2022 4105
4891 2 2 2 1 2552 1225 3929
4892 2 2 2 1 2704 2241 5526
4893 2 2 2 1 364 2140 5648
4894 2 2 2 1 2418 563 3714
4895 2 2 2 1 2315 867 5508
4896 2 2 2 1 1386 2946 5366
4897 2 2 2 1 2191 597 4312
4898 2 2 2 1 2013 2833 5337
4899 2 2 2 1 545 2322 5542
4900 2 2 2 1 2819 1082 4355
4901 2 2 2 1 3835 1739 5129
4902 2 2 2 1 2976 328 5195
4903 2 2 2 1 1963 3516 5480
4904 2 2 2 1 2622 255 4942
4905 2 2 2 1 855 4895 5339
4906 2 2 2 1 888 2621 3921
4907 2 2 2 1 2621 1405 3921
4908 2 2 2 1 2274 2669 5159
4909 2 2 2 1 3155 354 5390
4910 2 2 2 1 2166 3155 5390
4911 2 2 2 1 1041 2482 3067
4912 2 2 2 1 2250 454 5187
4913 2 2 2 1 1061 2399 3511
4914 2 2 2 1 1555 2250 5187
4915 2 2 2 1 1057 2647 3683
4916 2 2 2 1 1728 3370 3868
4917 2 2 2 1 3370 1244 3868
4918 2 2 2 1 914 2580 4160
4919 2 2 2 1 1077 2565 2969
4920 2 2 2 1 1422 2372 3212
4921 2 2 2 1 2619 516 4443
4922 2 2 2 1 30 2335 4001
4923 2 2 2 1 1146 2314 3291
4924 2 2 2 1 2156 524 4373
4925 2 2 2 1 1191 2148 4250
4926 2 2 2 1 768 4594 4958
4927 2 2 2 1 2834 1135 2885
4928 2 2 2 1 3255 2553 3952
4929 2 2 2 1 1155 2834 2885
4930 2 2 2 1 1203 2480 3530
4931 2 2 2 1 2480 616 3530
4932 2 2 2 1 604 2178 3703
4933 2 2 2 1 2353 1221 3755
4934 2 2 2 1 836 2353 3755
4935 2 2 2 1 2333 1038 3307
4936 2 2 2 1 2286 4111 4535
4937 2 2 2 1 1411 3172 3665
4938 2 2 2 1 807 2209 3580
4939 2 2 2 1 2235 738 5034
4940 2 2 2 1 536 2494 3464
4941 2 2 2 1 4602 1074 5002
4942 2 2 2 1 2301 853 4217
4943 2 2 2 1 1342 2301 4217
4944 2 2 2 1 3149 1539 4561
4945 2 2 2 1 788 2264 4214
4946 2 2 2 1 1441 2169 4447
4947 2 2 2 1 2151 601 3963
4948 2 2 2 1 2146 35 5051
4949 2 2 2 1 1196 2155 3924
4950 2 2 2 1 843 2311 5471
4951 2 2 2 1 2311 426 5473
4952 2 2 2 1 1425 4024 4498
4953 2 2 2 1 1153 2193 5325
4954 2 2 2 1 1274 3991 4105
4955 2 2 2 1 2562 385 5499
4956 2 2 2 1 2262 949 5248
4957 2 2 2 1 1901 3561 4611
4958 2 2 2 1 635 2161 4465
4959 2 2 2 1 1065 4715 5144
4960 2 2 2 1 826 2545 5500
4961 2 2 2 1 4510 1056 4713
4962 2 2 2 1 2491 88 4644
4963 2 2 2 1 320 319 3857
4964 2 2 2 1 2403 444 4543
4965 2 2 2 1 1447 2403 4543
4966 2 2 2 1 715 2249 3463
4967 2 2 2 1 282 281 3257
4968 2 2 2 1 828 2150 4873
4969 2 2 2 1 4394 2221 5653
4970 2 2 2 1 2232 1169 3746
4971 2 2 2 1 2337 545 5542
4972 2 2 2 1 131 132 2796
4973 2 2 2 1 1473 2597 4544
4974 2 2 2 1 2867 1158 2997
4975 2 2 2 1 1808 4287 4703
4976 2 2 2 1 805 2318 4389
4977 2 2 2 1 3169 1005 4716
4978 2 2 2 1 1074 2748 3044
4979 2 2 2 1 1922 3169 4716
4980 2 2 2 1 1084 2490 3099
4981 2 2 2 1 83 84 4686
4982 2 2 2 1 2556 177 5068
4983 2 2 2 1 3855 114 4438
4984 2 2 2 1 2170 1340 4433
4985 2 2 2 1 2685 402 5019
4986 2 2 2 1 2189 1427 5210
4987 2 2 2 1 2876 1240 3434
4988 2 2 2 1 448 2382 3545
4989 2 2 2 1 635 2187 4612
4990 2 2 2 1 377 2417 3371
4991 2 2 2 1 564 2931 5518
4992 2 2 2 1 1149 2643 3102
4993 2 2 2 1 439 3091 3696
4994 2 2 2 1 3091 1511 3696
4995 2 2 2 1 2643 948 3102
4996 2 2 2 1 1061 2163 3903
4997 2 2 2 1 1352 2369 4086
4998 2 2 2 1 2369 248 4086
4999 2 2 2 1 1060 2340 5586
5000 2 2 2 1 1119 2823 2961
5001 2 2 2 1 1466 2158 4050
5002 2 2 2 1 4661 1450 4696
5003 2 2 2 1 2249 1100 3463
5004 2 2 2 1 1526 4093 4267
5005 2 2 2 1 2175 580 4489
5006 2 2 2 1 2334 332 3296
5007 2 2 2 1 3141 603 3952
5008 2 2 2 1 2160 550 4290
5009 2 2 2 1 1277 2160 4290
5010 2 2 2 1 3121 1144 3957
5011 2 2 2 1 927 2460 3126
5012 2 2 2 1 1624 2974 4785
5013 2 2 2 1 1574 3473 4975
5014 2 2 2 1 3031 528 3800
5015 2 2 2 1 1530 3031 3800
5016 2 2 2 1 2253 2935 5576
5017 2 2 2 1 468 4092 4953
5018 2 2 2 1 2193 1153 3737
5019 2 2 2 1 4507 1679 5523
5020 2 2 2 1 3243 1587 4794
5021 2 2 2 1 892 2420 3851
5022 2 2 2 1 561 3668 4444
5023 2 2 2 1 1033 3501 5215
5024 2 2 2 1 3721 2186 5087
5025 2 2 2 1 1413 3109 3802
5026 2 2 2 1 2234 318 4978
5027 2 2 2 1 2437 329 3591
5028 2 2 2 1 1201 2437 3591
5029 2 2 2 1 2832 1679 4507
5030 2 2 2 1 458 2832 4507
5031 2 2 2 1 2733 1079 3367
5032 2 2 2 1 803 4332 4573
5033 2 2 2 1 1079 2471 3176
5034 2 2 2 1 1064 2601 4532
5035 2 2 2 1 2601 1560 4532
5036 2 2 2 1 2267 1323 4311
5037 2 2 2 1 4318 1600 5231
5038 2 2 2 1 1077 2347 3488
5039 2 2 2 1 1161 2186 4733
5040 2 2 2 1 2490 915 3099
5041 2 2 2 1 2383 1072 5414
5042 2 2 2 1 3659 708 4248
5043 2 2 2 1 1727 3171 4277
5044 2 2 2 1 2341 1073 5061
5045 2 2 2 1 1493 3953 4278
5046 2 2 2 1 3805 752 4348
5047 2 2 2 1 2173 599 3873
5048 2 2 2 1 1679 3208 5523
5049 2 2 2 1 1558 2998 3405
5050 2 2 2 1 669 3997 4113
5051 2 2 2 1 2197 396 4690
5052 2 2 2 1 3229 2066 4866
5053 2 2 2 1 1086 2337 5542
5054 2 2 2 1 3925 1299 5598
5055 2 2 2 1 97 98 4925
5056 2 2 2 1 675 3108 4508
5057 2 2 2 1 2571 1193 4980
5058 2 2 2 1 1674 2976 3363
5059 2 2 2 1 2976 1103 3363
5060 2 2 2 1 1086 2627 3194
5061 2 2 2 1 1607 2751 4960
5062 2 2 2 1 2189 1371 4565
5063 2 2 2 1 2186 1161 4079
5064 2 2 2 1 2313 871 5164
5065 2 2 2 1 3327 3103 4931
5066 2 2 2 1 1029 2296 5343
5067 2 2 2 1 1057 2629 3931
5068 2 2 2 1 1782 3212 4973
5069 2 2 2 1 4078 97 4925
5070 2 2 2 1 533 2481 3635
5071 2 2 2 1 3642 1781 4604
5072 2 2 2 1 2208 1457 4737
5073 2 2 2 1 3921 1405 4923
5074 2 2 2 1 2558 948 3171
5075 2 2 2 1 1576 4842 5069
5076 2 2 2 1 2326 3049 3798
5077 2 2 2 1 2666 4730 5075
5078 2 2 2 1 1232 2557 3775
5079 2 2 2 1 1073 2351 5061
5080 2 2 2 1 944 2681 4998
5081 2 2 2 1 2342 1212 3780
5082 2 2 2 1 867 2342 3780
5083 2 2 2 1 545 3181 3558
5084 2 2 2 1 1225 2860 3466
5085 2 2 2 1 3661 1198 5042
5086 2 2 2 1 367 2272 3456
5087 2 2 2 1 1485 2367 4797
5088 2 2 2 1 3832 1827 4720
5089 2 2 2 1 2508 936 3086
5090 2 2 2 1 2232 1357 4454
5091 2 2 2 1 457 2232 4454
5092 2 2 2 1 1115 2617 2970
5093 2 2 2 1 370 2354 5631
5094 2 2 2 1 2530 786 3070
5095 2 2 2 1 2195 1449 4623
5096 2 2 2 1 2279 529 4822
5097 2 2 2 1 223 224 2777
5098 2 2 2 1 2188 1198 5049
5099 2 2 2 1 193 194 3047
5100 2 2 2 1 1314 2544 3059
5101 2 2 2 1 2210 2356 5632
5102 2 2 2 1 900 2773 4723
5103 2 2 2 1 2804 438 4182
5104 2 2 2 1 276 275 2884
5105 2 2 2 1 2647 1057 3931
5106 2 2 2 1 841 2179 5062
5107 2 2 2 1 1039 2767 2876
5108 2 2 2 1 1002 4043 4954
5109 2 2 2 1 3853 848 5627
5110 2 2 2 1 2238 596 4963
5111 2 2 2 1 644 3112 4296
5112 2 2 2 1 2290 559 3429
5113 2 2 2 1 2037 4987 5232
5114 2 2 2 1 3571 5168 5267
5115 2 2 2 1 2902 1049 4560
5116 2 2 2 1 2415 573 3562
5117 2 2 2 1 2249 715 4223
5118 2 2 2 1 1296 2249 4223
5119 2 2 2 1 1193 2571 3356
5120 2 2 2 1 2571 615 3356
5121 2 2 2 1 1585 3700 5058
5122 2 2 2 1 2176 838 4938
5123 2 2 2 1 1446 2987 3186
5124 2 2 2 1 2762 1849 5667
5125 2 2 2 1 3116 1222 4645
5126 2 2 2 1 13 2343 4687
5127 2 2 2 1 619 2477 4656
5128 2 2 2 1 2477 1523 4656
5129 2 2 2 1 2443 1191 5361
5130 2 2 2 1 2488 431 3202
5131 2 2 2 1 1066 2312 3389
5132 2 2 2 1 4711 1916 5041
5133 2 2 2 1 3165 596 3303
5134 2 2 2 1 2179 350 3987
5135 2 2 2 1 1122 2335 4641
5136 2 2 2 1 1013 2797 3810
5137 2 2 2 1 1377 2572 3956
5138 2 2 2 1 2565 1077 3052
5139 2 2 2 1 2743 969 4057
5140 2 2 2 1 2572 408 3956
5141 2 2 2 1 620 2375 4498
5142 2 2 2 1 2748 549 3044
5143 2 2 2 1 2375 1425 4498
5144 2 2 2 1 1222 2829 3178
5145 2 2 2 1 2456 401 4294
5146 2 2 2 1 1377 3222 5004
5147 2 2 2 1 3229 391 5066
5148 2 2 2 1 2066 3229 5066
5149 2 2 2 1 290 289 2843
5150 2 2 2 1 3850 531 4344
5151 2 2 2 1 2413 708 5620
5152 2 2 2 1 1761 2413 5620
5153 2 2 2 1 2324 1099 3383
5154 2 2 2 1 1002 2509 4043
5155 2 2 2 1 2247 850 5618
5156 2 2 2 1 2180 863 4052
5157 2 2 2 1 2329 785 4076
5158 2 2 2 1 1430 3809 3914
5159 2 2 2 1 680 3122 5579
5160 2 2 2 1 2474 1152 4346
5161 2 2 2 1 874 2178 4193
5162 2 2 2 1 3143 1517 5110
5163 2 2 2 1 4006 1926 4289
5164 2 2 2 1 4205 1047 4770
5165 2 2 2 1 3046 1853 5260
5166 2 2 2 1 2877 568 3137
5167 2 2 2 1 1657 2331 5466
5168 2 2 2 1 1228 2877 3137
5169 2 2 2 1 2331 812 5466
5170 2 2 2 1 1517 4140 5110
5171 2 2 2 1 3012 348 4159
5172 2 2 2 1 2246 857 3583
5173 2 2 2 1 2459 1019 3173
5174 2 2 2 1 3222 3904 5004
5175 2 2 2 1 2296 883 3450
5176 2 2 2 1 1961 2712 4244
5177 2 2 2 1 1826 2344 5528
5178 2 2 2 1 2239 1388 3887
5179 2 2 2 1 202 2239 3887
5180 2 2 2 1 3631 2299 4517
5181 2 2 2 1 13 14 3759
5182 2 2 2 1 3571 1670 5168
5183 2 2 2 1 598 3362 3925
5184 2 2 2 1 474 3996 4136
5185 2 2 2 1 3996 2082 4136
5186 2 2 2 1 1971 3805 4348
5187 2 2 2 1 2738 920 4119
5188 2 2 2 1 1492 2738 4119
5189 2 2 2 1 423 2607 5162
5190 2 2 2 1 2607 1747 5162
5191 2 2 2 1 1125 2330 5602
5192 2 2 2 1 2256 942 5076
5193 2 2 2 1 1100 2249 3893
5194 2 2 2 1 2352 1296 4192
5195 2 2 2 1 215 216 3379
5196 2 2 2 1 5403 2105 5503
5197 2 2 2 1 2773 1691 4723
5198 2 2 2 1 1932 3239 5069
5199 2 2 2 1 2361 1540 4945
5200 2 2 2 1 526 2361 4945
5201 2 2 2 1 2745 624 4359
5202 2 2 2 1 294 293 3643
5203 2 2 2 1 1009 2662 4562
5204 2 2 2 1 2471 902 3176
5205 2 2 2 1 1886 2418 3714
5206 2 2 2 1 774 2186 4079
5207 2 2 2 1 2336 1657 5466
5208 2 2 2 1 812 2336 5466
5209 2 2 2 1 737 3687 4295
5210 2 2 2 1 803 2204 4542
5211 2 2 2 1 865 2317 5388
5212 2 2 2 1 1280 3470 3738
5213 2 2 2 1 1183 2924 3142
5214 2 2 2 1 2924 1245 3142
5215 2 2 2 1 2317 535 3426
5216 2 2 2 1 2765 986 4949
5217 2 2 2 1 605 3752 4501
5218 2 2 2 1 2467 969 3184
5219 2 2 2 1 2936 1382 3517
5220 2 2 2 1 342 2936 3517
5221 2 2 2 1 1584 2911 4660
5222 2 2 2 1 2621 591 3286
5223 2 2 2 1 3344 353 4536
5224 2 2 2 1 1405 2621 3286
5225 2 2 2 1 2212 1179 3806
5226 2 2 2 1 1127 2191 4312
5227 2 2 2 1 1104 3068 4705
5228 2 2 2 1 2672 756 4026
5229 2 2 2 1 3941 427 5273
5230 2 2 2 1 266 267 2802
5231 2 2 2 1 325 324 3795
5232 2 2 2 1 691 4592 5369
5233 2 2 2 1 3011 1010 4331
5234 2 2 2 1 476 2246 5404
5235 2 2 2 1 2151 4602 5002
5236 2 2 2 1 368 3042 3912
5237 2 2 2 1 830 2198 4898
5238 2 2 2 1 2641 1345 3744
5239 2 2 2 1 636 2641 3744
5240 2 2 2 1 1309 3644 5522
5241 2 2 2 1 583 2583 3586
5242 2 2 2 1 2192 1261 4583
5243 2 2 2 1 2245 1229 5577
5244 2 2 2 1 1261 2192 4129
5245 2 2 2 1 2966 1605 4662
5246 2 2 2 1 715 3463 4143
5247 2 2 2 1 3966 2302 4580
5248 2 2 2 1 722 2594 4636
5249 2 2 2 1 2594 1570 4636
5250 2 2 2 1 332 2334 5446
5251 2 2 2 1 2929 990 3318
5252 2 2 2 1 231 232 3863
5253 2 2 2 1 969 2800 4057
5254 2 2 2 1 2696 383 4366
5255 2 2 2 1 816 2267 4311
5256 2 2 2 1 3233 1030 5490
5257 2 2 2 1 978 2289 5204
5258 2 2 2 1 2723 1166 4448
5259 2 2 2 1 2639 2285 5424
5260 2 2 2 1 3318 681 5097
5261 2 2 2 1 3578 767 5347
5262 2 2 2 1 2204 63 3909
5263 2 2 2 1 2036 2616 5338
5264 2 2 2 1 2588 1262 3627
5265 2 2 2 1 954 2588 3627
5266 2 2 2 1 217 2325 4162
5267 2 2 2 1 1255 2550 4432
5268 2 2 2 1 2449 713 5398
5269 2 2 2 1 1713 2449 5398
5270 2 2 2 1 881 2696 3568
5271 2 2 2 1 2267 816 5074
5272 2 2 2 1 2799 632 4031
5273 2 2 2 1 1598 2799 3487
5274 2 2 2 1 2500 3435 4827
5275 2 2 2 1 1233 3221 3528
5276 2 2 2 1 2272 367 5084
5277 2 2 2 1 3221 1478 3528
5278 2 2 2 1 3463 1841 4143
5279 2 2 2 1 394 3199 5086
5280 2 2 2 1 274 273 2983
5281 2 2 2 1 2909 4953 5217
5282 2 2 2 1 1969 2670 4067
5283 2 2 2 1 948 2558 3102
5284 2 2 2 1 1796 4392 4722
5285 2 2 2 1 2200 2739 3977
5286 2 2 2 1 3240 1933 5117
5287 2 2 2 1 3834 1836 4241
5288 2 2 2 1 20 21 3246
5289 2 2 2 1 3837 1358 4020
5290 2 2 2 1 3024 1663 3025
5291 2 2 2 1 487 2243 4208
5292 2 2 2 1 987 3024 3025
5293 2 2 2 1 2800 969 2908
5294 2 2 2 1 1313 2433 4029
5295 2 2 2 1 2433 937 4029
5296 2 2 2 1 1286 2201 4512
5297 2 2 2 1 1009 2861 3538
5298 2 2 2 1 2472 228 4185
5299 2 2 2 1 54 55 3581
5300 2 2 2 1 1494 2491 4644
5301 2 2 2 1 748 3611 4769
5302 2 2 2 1 400 2656 5251
5303 2 2 2 1 2216 1014 4605
5304 2 2 2 1 1799 3875 4852
5305 2 2 2 1 2695 1656 3210
5306 2 2 2 1 640 3421 4097
5307 2 2 2 1 1120 2276 4537
5308 2 2 2 1 292 291 4025
5309 2 2 2 1 2400 1099 3339
5310 2 2 2 1 1159 2221 4060
5311 2 2 2 1 3156 5182 5447
5312 2 2 2 1 1323 2267 4320
5313 2 2 2 1 1834 2325 4845
5314 2 2 2 1 4411 1034 4740
5315 2 2 2 1 2488 1915 4538
5316 2 2 2 1 2348 519 3662
5317 2 2 2 1 814 2276 4258
5318 2 2 2 1 2219 1408 4659
5319 2 2 2 1 1128 2315 5508
5320 2 2 2 1 1254 3065 3854
5321 2 2 2 1 2247 616 3685
5322 2 2 2 1 929 2207 4381
5323 2 2 2 1 3141 1458 3579
5324 2 2 2 1 603 3141 3579
5325 2 2 2 1 726 3852 3888
5326 2 2 2 1 3852 1898 3888
5327 2 2 2 1 1238 2691 3154
5328 2 2 2 1 2665 1204 3004
5329 2 2 2 1 2983 981 5249
5330 2 2 2 1 1899 2636 4481
5331 2 2 2 1 844 2205 4858
5332 2 2 2 1 86 2202 5003
5333 2 2 2 1 2236 1168 5082
5334 2 2 2 1 92 2265 5033
5335 2 2 2 1 2581 991 3096
5336 2 2 2 1 2724 373 2960
5337 2 2 2 1 2200 1258 4221
5338 2 2 2 1 463 2200 4221
5339 2 2 2 1 1717 2741 5371
5340 2 2 2 1 26 27 3838
5341 2 2 2 1 3589 1255 3998
5342 2 2 2 1 2155 3513 4487
5343 2 2 2 1 1825 2251 5660
5344 2 2 2 1 2357 1052 5535
5345 2 2 2 1 2469 226 3674
5346 2 2 2 1 2815 1436 4273
5347 2 2 2 1 2312 1189 3803
5348 2 2 2 1 3561 1459 4611
5349 2 2 2 1 1169 2232 3801
5350 2 2 2 1 2310 68 5284
5351 2 2 2 1 995 2281 5105
5352 2 2 2 1 2277 447 4668
5353 2 2 2 1 4350 1856 4444
5354 2 2 2 1 2630 2209 4983
5355 2 2 2 1 2224 1287 4786
5356 2 2 2 1 2232 457 3801
5357 2 2 2 1 2794 972 5463
5358 2 2 2 1 3865 1338 4282
5359 2 2 2 1 2207 1242 4381
5360 2 2 2 1 2233 1235 3845
5361 2 2 2 1 994 2988 4761
5362 2 2 2 1 2471 1079 3633
5363 2 2 2 1 3188 1328 3417
5364 2 2 2 1 982 2779 3180
5365 2 2 2 1 1272 2212 4039
5366 2 2 2 1 1531 2286 5118
5367 2 2 2 1 3174 1932 4842
5368 2 2 2 1 89 2510 4644
5369 2 2 2 1 996 3174 4842
5370 2 2 2 1 3103 745 4727
5371 2 2 2 1 1863 3103 4727
5372 2 2 2 1 343 2400 3339
5373 2 2 2 1 1165 3420 5003
5374 2 2 2 1 755 5030 5603
5375 2 2 2 1 2525 443 3448
5376 2 2 2 1 2674 1014 3473
5377 2 2 2 1 1426 2870 4423
5378 2 2 2 1 2586 1035 4860
5379 2 2 2 1 2465 1025 3476
5380 2 2 2 1 1501 3996 4306
5381 2 2 2 1 2158 3627 5591
5382 2 2 2 1 3060 1615 5237
5383 2 2 2 1 558 2682 3679
5384 2 2 2 1 2410 481 3329
5385 2 2 2 1 1378 2472 4185
5386 2 2 2 1 2329 1372 4458
5387 2 2 2 1 1330 2258 3670
5388 2 2 2 1 1444 3559 3979
5389 2 2 2 1 871 2313 4595
5390 2 2 2 1 2774 544 3109
5391 2 2 2 1 3383 1099 5396
5392 2 2 2 1 4320 2267 5073
5393 2 2 2 1 667 2257 4966
5394 2 2 2 1 162 2306 4566
5395 2 2 2 1 2818 1853 3978
5396 2 2 2 1 5097 681 5303
5397 2 2 2 1 1645 2556 5068
5398 2 2 2 1 2241 333 4234
5399 2 2 2 1 1125 3138 4405
5400 2 2 2 1 2303 230 3569
5401 2 2 2 1 1130 2525 3165
5402 2 2 2 1 3611 2039 4769
5403 2 2 2 1 3588 303 4583
5404 2 2 2 1 591 2568 3455
5405 2 2 2 1 624 4154 4359
5406 2 2 2 1 1759 2386 5627
5407 2 2 2 1 2872 2141 4649
5408 2 2 2 1 2778 529 5305
5409 2 2 2 1 3105 1287 3138
5410 2 2 2 1 1125 3105 3138
5411 2 2 2 1 1649 2384 3397
5412 2 2 2 1 431 4320 5073
5413 2 2 2 1 1012 2818 3978
5414 2 2 2 1 1337 3071 4340
5415 2 2 2 1 2737 856 4374
5416 2 2 2 1 1554 2737 4374
5417 2 2 2 1 277 2588 3694
5418 2 2 2 1 1731 2900 4456
5419 2 2 2 1 2988 1435 5014
5420 2 2 2 1 3725 2075 5386
5421 2 2 2 1 586 2338 3489
5422 2 2 2 1 2693 362 4574
5423 2 2 2 1 2243 942 4783
5424 2 2 2 1 4559 1642 5640
5425 2 2 2 1 1486 3523 5629
5426 2 2 2 1 974 2515 3182
5427 2 2 2 1 1263 2661 4873
5428 2 2 2 1 5395 2794 5463
5429 2 2 2 1 2936 1063 3364
5430 2 2 2 1 2716 479 4605
5431 2 2 2 1 633 2653 3926
5432 2 2 2 1 2653 1388 3926
5433 2 2 2 1 481 2364 3438
5434 2 2 2 1 378 2215 4251
5435 2 2 2 1 2699 1239 3407
5436 2 2 2 1 405 2699 3407
5437 2 2 2 1 440 2492 3645
5438 2 2 2 1 2492 1216 3645
5439 2 2 2 1 1348 2460 3621
5440 2 2 2 1 3200 2054 5182
5441 2 2 2 1 618 3200 5182
5442 2 2 2 1 255 256 4942
5443 2 2 2 1 2839 428 5261
5444 2 2 2 1 530 2543 3348
5445 2 2 2 1 2244 1172 4757
5446 2 2 2 1 1154 4476 4812
5447 2 2 2 1 1398 2358 4484
5448 2 2 2 1 2358 749 4484
5449 2 2 2 1 1294 3970 5384
5450 2 2 2 1 1216 2493 3649
5451 2 2 2 1 2493 555 3649
5452 2 2 2 1 2512 300 5221
5453 2 2 2 1 987 3025 4622
5454 2 2 2 1 2389 534 3928
5455 2 2 2 1 1712 2512 5221
5456 2 2 2 1 537 2228 3934
5457 2 2 2 1 2648 521 3073
5458 2 2 2 1 2275 1013 3682
5459 2 2 2 1 2347 530 3488
5460 2 2 2 1 391 2555 5066
5461 2 2 2 1 3164 1418 3427
5462 2 2 2 1 1180 3164 3427
5463 2 2 2 1 1437 2287 5272
5464 2 2 2 1 2383 961 5514
5465 2 2 2 1 2590 1501 4446
5466 2 2 2 1 654 2590 4446
5467 2 2 2 1 736 3479 5479
5468 2 2 2 1 1474 2272 5084
5469 2 2 2 1 2250 2845 5529
5470 2 2 2 1 75 76 3593
5471 2 2 2 1 3601 1642 4559
5472 2 2 2 1 3468 570 4165
5473 2 2 2 1 2380 1258 3977
5474 2 2 2 1 1059 4802 5345
5475 2 2 2 1 594 2380 3977
5476 2 2 2 1 1255 2362 3998
5477 2 2 2 1 2362 769 3998
5478 2 2 2 1 3627 1262 5591
5479 2 2 2 1 1396 2231 5596
5480 2 2 2 1 2866 372 4173
5481 2 2 2 1 909 2475 3261
5482 2 2 2 1 1302 3293 3900
5483 2 2 2 1 119 120 3270
5484 2 2 2 1 1082 2819 4890
5485 2 2 2 1 2221 451 4060
5486 2 2 2 1 3053 1584 5484
5487 2 2 2 1 1601 2710 4036
5488 2 2 2 1 478 2294 5090
5489 2 2 2 1 653 3592 4919
5490 2 2 2 1 3023 1644 4491
5491 2 2 2 1 420 3480 3910
5492 2 2 2 1 2023 2266 4920
5493 2 2 2 1 2325 217 4845
5494 2 2 2 1 2197 2604 4951
5495 2 2 2 1 277 276 4505
5496 2 2 2 1 2228 1208 5143
5497 2 2 2 1 1034 4971 5548
5498 2 2 2 1 1155 3736 4760
5499 2 2 2 1 2414 1107 3552
5500 2 2 2 1 160 161 2950
5501 2 2 2 1 2841 112 5266
5502 2 2 2 1 2306 940 5163
5503 2 2 2 1 1251 2357 3486
5504 2 2 2 1 3330 1154 4812
5505 2 2 2 1 2007 2828 3813
5506 2 2 2 1 1546 2731 4519
5507 2 2 2 1 2314 1146 5515
5508 2 2 2 1 1388 2239 3926
5509 2 2 2 1 2230 434 4455
5510 2 2 2 1 1666 3038 4946
5511 2 2 2 1 939 2520 4905
5512 2 2 2 1 2266 3515 4920
5513 2 2 2 1 608 3039 3677
5514 2 2 2 1 2718 673 4406
5515 2 2 2 1 2899 939 4905
5516 2 2 2 1 1809 2899 4905
5517 2 2 2 1 2809 1417 4467
5518 2 2 2 1 909 2494 3512
5519 2 2 2 1 2755 625 3605
5520 2 2 2 1 3652 1575 4807
5521 2 2 2 1 1922 3346 4582
5522 2 2 2 1 1260 2224 4098
5523 2 2 2 1 3346 346 4582
5524 2 2 2 1 1244 2838 3937
5525 2 2 2 1 1181 4004 5250
5526 2 2 2 1 3112 1498 3348
5527 2 2 2 1 2262 1318 3753
5528 2 2 2 1 1325 4006 4289
5529 2 2 2 1 2428 1103 5439
5530 2 2 2 1 1002 4954 5227
5531 2 2 2 1 994 2781 2988
5532 2 2 2 1 2888 655 3878
5533 2 2 2 1 3074 1200 3113
5534 2 2 2 1 2490 1084 5173
5535 2 2 2 1 1516 3377 4068
5536 2 2 2 1 1140 2306 5163
5537 2 2 2 1 1613 3835 4812
5538 2 2 2 1 2823 409 2961
5539 2 2 2 1 1526 2755 4093
5540 2 2 2 1 1977 3618 4377
5541 2 2 2 1 3618 371 4377
5542 2 2 2 1 2076 3998 4195
5543 2 2 2 1 3669 2238 4963
5544 2 2 2 1 1471 3669 4963
5545 2 2 2 1 3998 769 4195
5546 2 2 2 1 1511 3349 3836
5547 2 2 2 1 3156 618 5182
5548 2 2 2 1 992 2228 4325
5549 2 2 2 1 2231 800 4341
5550 2 2 2 1 683 2350 3538
5551 2 2 2 1 2510 1494 4644
5552 2 2 2 1 95 96 3225
5553 2 2 2 1 1113 2361 3902
5554 2 2 2 1 1732 3173 5444
5555 2 2 2 1 615 3033 3565
5556 2 2 2 1 3033 1411 3565
5557 2 2 2 1 2330 143 5544
5558 2 2 2 1 733 3259 5235
5559 2 2 2 1 943 2254 4809
5560 2 2 2 1 1562 2944 4771
5561 2 2 2 1 1283 3079 3356
5562 2 2 2 1 2965 1118 3556
5563 2 2 2 1 1424 2255 4816
5564 2 2 2 1 2255 631 4816
5565 2 2 2 1 134 135 3014
5566 2 2 2 1 2758 624 4606
5567 2 2 2 1 1467 2948 3449
5568 2 2 2 1 1802 3078 5350
5569 2 2 2 1 1283 3356 3565
5570 2 2 2 1 109 2609 4712
5571 2 2 2 1 1713 4879 5354
5572 2 2 2 1 545 3558 4947
5573 2 2 2 1 3558 2150 4947
5574 2 2 2 1 1206 2299 5040
5575 2 2 2 1 1307 2964 4150
5576 2 2 2 1 1176 2564 3189
5577 2 2 2 1 340 2440 4937
5578 2 2 2 1 994 2518 3305
5579 2 2 2 1 2643 533 3635
5580 2 2 2 1 4079 1990 4868
5581 2 2 2 1 2892 387 4049
5582 2 2 2 1 2388 847 5556
5583 2 2 2 1 742 2284 4322
5584 2 2 2 1 2284 1303 4322
5585 2 2 2 1 157 158 3066
5586 2 2 2 1 1488 3234 3668
5587 2 2 2 1 3110 490 4710
5588 2 2 2 1 2085 2660 5225
5589 2 2 2 1 2825 885 3510
5590 2 2 2 1 1816 2825 3510
5591 2 2 2 1 1006 2815 4706
5592 2 2 2 1 3658 2529 5209
5593 2 2 2 1 3055 1672 3654
5594 2 2 2 1 2372 1422 4618
5595 2 2 2 1 2701 1028 3063
5596 2 2 2 1 834 2372 4618
5597 2 2 2 1 208 209 2894
5598 2 2 2 1 3944 1713 5354
5599 2 2 2 1 3451 1477 4291
5600 2 2 2 1 539 2242 4134
5601 2 2 2 1 2848 386 5103
5602 2 2 2 1 2779 1798 3180
5603 2 2 2 1 675 4310 4522
5604 2 2 2 1 2427 1110 3654
5605 2 2 2 1 2416 1107 3790
5606 2 2 2 1 1258 2237 4221
5607 2 2 2 1 2237 463 4221
5608 2 2 2 1 872 2305 5400
5609 2 2 2 1 1567 3692 3956
5610 2 2 2 1 1502 4497 4571
5611 2 2 2 1 480 2726 3167
5612 2 2 2 1 178 179 2902
5613 2 2 2 1 2506 459 3960
5614 2 2 2 1 940 2320 5163
5615 2 2 2 1 1309 2506 3960
5616 2 2 2 1 1358 3302 4020
5617 2 2 2 1 4229 2183 4830
5618 2 2 2 1 1622 2865 5316
5619 2 2 2 1 1398 2412 3441
5620 2 2 2 1 2758 1087 4154
5621 2 2 2 1 1099 2474 3339
5622 2 2 2 1 2248 439 5202
5623 2 2 2 1 2295 908 5021
5624 2 2 2 1 1616 2937 4756
5625 2 2 2 1 917 2903 3711
5626 2 2 2 1 2506 1309 3965
5627 2 2 2 1 3546 2219 4659
5628 2 2 2 1 852 2506 3965
5629 2 2 2 1 2800 622 4057
5630 2 2 2 1 3766 1770 5164
5631 2 2 2 1 3479 1139 5521
5632 2 2 2 1 1217 2346 5318
5633 2 2 2 1 2300 390 3715
5634 2 2 2 1 1007 4414 5281
5635 2 2 2 1 259 260 3040
5636 2 2 2 1 1875 2486 4434
5637 2 2 2 1 2670 735 4664
5638 2 2 2 1 1591 2670 4664
5639 2 2 2 1 2370 1226 5086
5640 2 2 2 1 2863 1106 3779
5641 2 2 2 1 675 2523 4310
5642 2 2 2 1 4713 2235 4996
5643 2 2 2 1 1959 4177 5391
5644 2 2 2 1 934 2410 4007
5645 2 2 2 1 272 3032 4511
5646 2 2 2 1 575 2395 3495
5647 2 2 2 1 3772 776 4807
5648 2 2 2 1 1395 3677 3855
5649 2 2 2 1 3677 1780 3855
5650 2 2 2 1 1334 2243 4783
5651 2 2 2 1 4021 775 5274
5652 2 2 2 1 714 4180 5308
5653 2 2 2 1 320 2473 4187
5654 2 2 2 1 2604 552 4951
5655 2 2 2 1 882 2271 5114
5656 2 2 2 1 211 2769 5445
5657 2 2 2 1 2735 453 5307
5658 2 2 2 1 1544 3908 4345
5659 2 2 2 1 4148 1730 4975
5660 2 2 2 1 616 2247 4759
5661 2 2 2 1 1037 2842 3147
5662 2 2 2 1 2273 385 4072
5663 2 2 2 1 1569 4713 4996
5664 2 2 2 1 1343 4040 4756
5665 2 2 2 1 2328 1224 5037
5666 2 2 2 1 1411 3033 3172
5667 2 2 2 1 2384 1649 5495
5668 2 2 2 1 3238 832 4396
5669 2 2 2 1 1733 2754 3477
5670 2 2 2 1 1897 2694 3586
5671 2 2 2 1 2619 983 3154
5672 2 2 2 1 2806 1275 3013
5673 2 2 2 1 617 2274 4784
5674 2 2 2 1 2970 345 4123
5675 2 2 2 1 352 3555 4499
5676 2 2 2 1 3555 1981 4499
5677 2 2 2 1 1846 2246 4650
5678 2 2 2 1 2538 1470 3351
5679 2 2 2 1 1590 3452 4146
5680 2 2 2 1 39 40 2989
5681 2 2 2 1 2281 1185 5105
5682 2 2 2 1 2399 497 3511
5683 2 2 2 1 2431 685 3430
5684 2 2 2 1 3745 668 3948
5685 2 2 2 1 2390 900 5509
5686 2 2 2 1 2064 3893 4742
5687 2 2 2 1 2419 2981 4255
5688 2 2 2 1 2352 4192 5107
5689 2 2 2 1 757 3546 4659
5690 2 2 2 1 687 4020 4408
5691 2 2 2 1 3459 2134 5098
5692 2 2 2 1 4397 889 5124
5693 2 2 2 1 678 3064 5326
5694 2 2 2 1 1366 4281 4393
5695 2 2 2 1 2251 1220 4076
5696 2 2 2 1 893 2392 5083
5697 2 2 2 1 431 2667 3202
5698 2 2 2 1 3738 3470 5658
5699 2 2 2 1 2974 1624 4496
5700 2 2 2 1 4127 2238 5247
5701 2 2 2 1 4427 979 5651
5702 2 2 2 1 407 3218 4383
5703 2 2 2 1 1090 3459 5098
5704 2 2 2 1 2264 1234 5674
5705 2 2 2 1 2046 3819 4513
5706 2 2 2 1 754 3115 5460
5707 2 2 2 1 3115 2068 5460
5708 2 2 2 1 2426 1128 5508
5709 2 2 2 1 2934 1315 4178
5710 2 2 2 1 834 2348 5332
5711 2 2 2 1 3379 216 4162
5712 2 2 2 1 2660 1364 3982
5713 2 2 2 1 2494 536 3954
5714 2 2 2 1 3566 666 4980
5715 2 2 2 1 2529 1312 5209
5716 2 2 2 1 2249 1296 4218
5717 2 2 2 1 234 2851 3345
5718 2 2 2 1 1451 3149 4436
5719 2 2 2 1 739 3834 4241
5720 2 2 2 1 4594 2045 4958
5721 2 2 2 1 1095 2532 5355
5722 2 2 2 1 4031 632 4181
5723 2 2 2 1 1375 2344 4161
5724 2 2 2 1 1157 2867 2997
5725 2 2 2 1 1807 4096 4201
5726 2 2 2 1 1763 5175 5595
5727 2 2 2 1 2341 1580 5659
5728 2 2 2 1 3286 1202 3443
5729 2 2 2 1 1110 2427 4316
5730 2 2 2 1 2750 498 3088
5731 2 2 2 1 1581 3446 4789
5732 2 2 2 1 3219 605 4501
5733 2 2 2 1 3426 1156 3494
5734 2 2 2 1 2909 468 4953
5735 2 2 2 1 2279 1191 4250
5736 2 2 2 1 2469 3493 5462
5737 2 2 2 1 393 2412 4483
5738 2 2 2 1 2432 570 3468
5739 2 2 2 1 2412 1398 4483
5740 2 2 2 1 3884 1921 5358
5741 2 2 2 1 1092 2547 5029
5742 2 2 2 1 845 2498 3689
5743 2 2 2 1 1838 3655 5335
5744 2 2 2 1 3462 1638 3752
5745 2 2 2 1 1356 3462 3752
5746 2 2 2 1 1567 3409 3660
5747 2 2 2 1 2578 2941 4928
5748 2 2 2 1 3409 1191 3660
5749 2 2 2 1 496 2529 3359
5750 2 2 2 1 2529 1143 3359
5751 2 2 2 1 3263 1938 5475
5752 2 2 2 1 3332 620 4559
5753 2 2 2 1 449 2434 4831
5754 2 2 2 1 3172 421 3665
5755 2 2 2 1 2434 1490 4831
5756 2 2 2 1 2303 871 4595
5757 2 2 2 1 1378 2303 4595
5758 2 2 2 1 5481 2379 5614
5759 2 2 2 1 1475 2376 4904
5760 2 2 2 1 2376 365 4904
5761 2 2 2 1 1675 3400 3938
5762 2 2 2 1 2505 849 4995
5763 2 2 2 1 3400 1269 3938
5764 2 2 2 1 541 2266 4063
5765 2 2 2 1 3651 547 4289
5766 2 2 2 1 1926 3651 4289
5767 2 2 2 1 3819 794 4513
5768 2 2 2 1 3056 1024 3057
5769 2 2 2 1 1552 3056 3057
5770 2 2 2 1 2627 875 3194
5771 2 2 2 1 2532 1095 4066
5772 2 2 2 1 2706 1044 3122
5773 2 2 2 1 3190 336 3826
5774 2 2 2 1 1000 2761 3939
5775 2 2 2 1 4170 1426 4423
5776 2 2 2 1 3765 5101 5434
5777 2 2 2 1 1561 2259 5379
5778 2 2 2 1 2666 1671 3595
5779 2 2 2 1 1019 2459 3432
5780 2 2 2 1 1689 2261 5459
5781 2 2 2 1 2916 1484 3837
5782 2 2 2 1 3606 432 4534
5783 2 2 2 1 53 54 2992
5784 2 2 2 1 435 2283 3978
5785 2 2 2 1 1666 2819 4355
5786 2 2 2 1 713 2449 3892
5787 2 2 2 1 1127 2277 4668
5788 2 2 2 1 1310 2642 4091
5789 2 2 2 1 1081 3228 4059
5790 2 2 2 1 1149 4606 4959
5791 2 2 2 1 1299 2747 3785
5792 2 2 2 1 1317 2326 3798
5793 2 2 2 1 2104 2583 5339
5794 2 2 2 1 3323 687 4408
5795 2 2 2 1 1845 4791 4880
5796 2 2 2 1 871 2303 5088
5797 2 2 2 1 3365 1359 3816
5798 2 2 2 1 3618 1985 5376
5799 2 2 2 1 2336 1257 4683
5800 2 2 2 1 2259 1561 4362
5801 2 2 2 1 2343 1190 3777
5802 2 2 2 1 3911 1233 4110
5803 2 2 2 1 3849 1221 3874
5804 2 2 2 1 2374 1159 5474
5805 2 2 2 1 345 2949 3710
5806 2 2 2 1 2949 1413 3710
5807 2 2 2 1 194 195 3845
5808 2 2 2 1 692 2414 3552
5809 2 2 2 1 2266 812 4151
5810 2 2 2 1 2388 450 4747
5811 2 2 2 1 1434 2388 4747
5812 2 2 2 1 963 3001 4967
5813 2 2 2 1 2378 834 5332
5814 2 2 2 1 3893 560 4742
5815 2 2 2 1 200 201 3087
5816 2 2 2 1 2574 525 3262
5817 2 2 2 1 2397 1150 5597
5818 2 2 2 1 358 2737 5107
5819 2 2 2 1 532 2559 5530
5820 2 2 2 1 783 3008 5032
5821 2 2 2 1 2577 2037 5232
5822 2 2 2 1 1012 2283 4676
5823 2 2 2 1 2265 1311 4384
5824 2 2 2 1 3538 1646 4323
5825 2 2 2 1 2276 375 4537
5826 2 2 2 1 1227 2442 5244
5827 2 2 2 1 2277 908 4081
5828 2 2 2 1 1648 3475 4398
5829 2 2 2 1 1212 2342 3735
5830 2 2 2 1 1960 3911 4110
5831 2 2 2 1 1904 2653 4242
5832 2 2 2 1 1481 3311 3848
5833 2 2 2 1 435 2271 4449
5834 2 2 2 1 2292 1884 5370
5835 2 2 2 1 1502 2541 3852
5836 2 2 2 1 897 5481 5614
5837 2 2 2 1 2332 961 5055
5838 2 2 2 1 1611 2343 5259
5839 2 2 2 1 943 2792 3503
5840 2 2 2 1 2792 1277 3503
5841 2 2 2 1 1686 3344 4536
5842 2 2 2 1 1072 2383 3638
5843 2 2 2 1 3321 1163 4590
5844 2 2 2 1 573 2617 3562
5845 2 2 2 1 552 2604 3594
5846 2 2 2 1 1490 2434 3519
5847 2 2 2 1 1900 4506 5103
5848 2 2 2 1 3765 1209 5101
5849 2 2 2 1 2355 151 5555
5850 2 2 2 1 1017 2656 3805
5851 2 2 2 1 579 2876 3434
5852 2 2 2 1 2757 612 3692
5853 2 2 2 1 2276 814 4462
5854 2 2 2 1 1567 2757 3692
5855 2 2 2 1 2274 877 5239
5856 2 2 2 1 3020 1943 4777
5857 2 2 2 1 4803 1085 5429
5858 2 2 2 1 3471 1483 4106
5859 2 2 2 1 917 3932 5005
5860 2 2 2 1 2659 370 4156
5861 2 2 2 1 4607 1572 4888
5862 2 2 2 1 3713 2614 4381
5863 2 2 2 1 465 2825 5502
5864 2 2 2 1 3008 1866 5032
5865 2 2 2 1 1200 3009 3113
5866 2 2 2 1 3376 1087 5307
5867 2 2 2 1 1413 2774 3109
5868 2 2 2 1 2299 851 5040
5869 2 2 2 1 2276 1120 4258
5870 2 2 2 1 3217 514 4066
5871 2 2 2 1 1634 3217 4066
5872 2 2 2 1 4150 2964 4748
5873 2 2 2 1 2111 3276 3885
5874 2 2 2 1 1190 2343 3759
5875 2 2 2 1 4154 1087 4568
5876 2 2 2 1 386 3114 5103
5877 2 2 2 1 1150 2807 3807
5878 2 2 2 1 1096 2658 3920
5879 2 2 2 1 2998 500 5252
5880 2 2 2 1 884 2568 3335
5881 2 2 2 1 325 3795 4069
5882 2 2 2 1 2568 1304 3335
5883 2 2 2 1 1958 2488 4538
5884 2 2 2 1 4531 110 5189
5885 2 2 2 1 1511 4328 4814
5886 2 2 2 1 1564 2857 5665
5887 2 2 2 1 2284 1389 4541
5888 2 2 2 1 2874 1554 4374
5889 2 2 2 1 2287 1300 4095
5890 2 2 2 1 1148 2378 5332
5891 2 2 2 1 3221 1233 3911
5892 2 2 2 1 583 2834 4760
5893 2 2 2 1 1106 3031 3779
5894 2 2 2 1 2000 4144 5352
5895 2 2 2 1 1371 2446 3525
5896 2 2 2 1 761 3832 4720
5897 2 2 2 1 3038 2074 4946
5898 2 2 2 1 1283 4126 4635
5899 2 2 2 1 1133 3669 3761
5900 2 2 2 1 2360 1201 3716
5901 2 2 2 1 1118 2965 5045
5902 2 2 2 1 566 2596 4907
5903 2 2 2 1 2298 115 4096
5904 2 2 2 1 291 3601 4025
5905 2 2 2 1 1027 4333 4946
5906 2 2 2 1 529 2279 4250
5907 2 2 2 1 2278 1005 4286
5908 2 2 2 1 548 2280 4239
5909 2 2 2 1 1346 2288 4131
5910 2 2 2 1 3854 3065 5133
5911 2 2 2 1 1843 2746 3512
5912 2 2 2 1 2417 1843 5563
5913 2 2 2 1 608 4771 5314
5914 2 2 2 1 3702 749 4697
5915 2 2 2 1 210 211 5445
5916 2 2 2 1 2557 413 3775
5917 2 2 2 1 1942 2485 4705
5918 2 2 2 1 2679 1032 3178
5919 2 2 2 1 2045 3277 4958
5920 2 2 2 1 4030 672 5319
5921 2 2 2 1 579 2660 3982
5922 2 2 2 1 2457 886 4516
5923 2 2 2 1 3901 554 4077
5924 2 2 2 1 2506 1442 5198
5925 2 2 2 1 1980 4205 4770
5926 2 2 2 1 259 3040 3708
5927 2 2 2 1 283 2483 3442
5928 2 2 2 1 2886 309 3352
5929 2 2 2 1 542 2407 5456
5930 2 2 2 1 2667 1588 3202
5931 2 2 2 1 1643 4701 5302
5932 2 2 2 1 2285 360 5656
5933 2 2 2 1 2374 1719 5268
5934 2 2 2 1 2535 340 4937
5935 2 2 2 1 84 85 3420
5936 2 2 2 1 1968 2700 5347
5937 2 2 2 1 1183 2328 3892
5938 2 2 2 1 2689 1147 3201
5939 2 2 2 1 997 2689 3201
5940 2 2 2 1 1665 2398 5413
5941 2 2 2 1 1136 2575 3303
5942 2 2 2 1 2290 798 4552
5943 2 2 2 1 833 5403 5503
5944 2 2 2 1 592 2928 4593
5945 2 2 2 1 2364 481 3951
5946 2 2 2 1 1215 2364 3951
5947 2 2 2 1 2467 1300 3490
5948 2 2 2 1 2658 1096 3605
5949 2 2 2 1 1594 2658 3605
5950 2 2 2 1 1245 2373 3728
5951 2 2 2 1 3498 2971 4987
5952 2 2 2 1 2467 677 4095
5953 2 2 2 1 1300 2467 4095
5954 2 2 2 1 1654 3663 4136
5955 2 2 2 1 1521 4523 5180
5956 2 2 2 1 3662 1148 5332
5957 2 2 2 1 2348 3662 5332
5958 2 2 2 1 3689 2498 5554
5959 2 2 2 1 2469 1151 3493
5960 2 2 2 1 2599 1428 3422
5961 2 2 2 1 2839 1093 3524
5962 2 2 2 1 1243 2466 3501
5963 2 2 2 1 1155 3150 3736
5964 2 2 2 1 2387 3759 5559
5965 2 2 2 1 3698 2019 5396
5966 2 2 2 1 2535 984 3360
5967 2 2 2 1 3050 1503 3232
5968 2 2 2 1 2331 428 5461
5969 2 2 2 1 2325 802 4883
5970 2 2 2 1 1432 2325 4883
5971 2 2 2 1 3932 2206 5005
5972 2 2 2 1 2292 437 4178
5973 2 2 2 1 931 2544 4944
5974 2 2 2 1 2145 2787 5290
5975 2 2 2 1 1189 2864 3803
5976 2 2 2 1 1108 3465 3526
5977 2 2 2 1 3465 1636 3526
5978 2 2 2 1 4427 1801 4574
5979 2 2 2 1 233 234 3345
5980 2 2 2 1 3119 1289 4202
5981 2 2 2 1 2601 1064 3288
5982 2 2 2 1 671 3284 4153
5983 2 2 2 1 3284 1703 4153
5984 2 2 2 1 2428 973 3602
5985 2 2 2 1 2393 1172 4765
5986 2 2 2 1 808 5168 5338
5987 2 2 2 1 3427 599 4479
5988 2 2 2 1 357 2674 4698
5989 2 2 2 1 2674 1574 4698
5990 2 2 2 1 825 2292 5070
5991 2 2 2 1 2726 1246 3167
5992 2 2 2 1 1780 2841 5266
5993 2 2 2 1 1657 2336 5619
5994 2 2 2 1 919 2891 5207
5995 2 2 2 1 894 2444 5644
5996 2 2 2 1 2444 1715 5644
5997 2 2 2 1 1342 2429 4264
5998 2 2 2 1 2429 554 4264
5999 2 2 2 1 1201 2360 5176
6000 2 2 2 1 726 4711 5041
6001 2 2 2 1 2381 709 3742
6002 2 2 2 1 2318 805 4384
6003 2 2 2 1 1311 2318 4384
6004 2 2 2 1 2134 3459 5208
6005 2 2 2 1 970 2417 5516
6006 2 2 2 1 2419 612 3634
6007 2 2 2 1 552 2764 4951
6008 2 2 2 1 1340 2687 3207
6009 2 2 2 1 1099 2400 5396
6010 2 2 2 1 2298 1395 4438
6011 2 2 2 1 4546 2391 4550
6012 2 2 2 1 592 3074 3113
6013 2 2 2 1 2351 354 5061
6014 2 2 2 1 1033 2745 3501
6015 2 2 2 1 2745 1243 3501
6016 2 2 2 1 467 3213 4878
6017 2 2 2 1 3005 1921 3884
6018 2 2 2 1 1405 3286 3443
6019 2 2 2 1 1125 3316 4652
6020 2 2 2 1 1075 2525 3448
6021 2 2 2 1 414 2611 3293
6022 2 2 2 1 3370 1728 5096
6023 2 2 2 1 3459 366 5208
6024 2 2 2 1 1350 2425 3631
6025 2 2 2 1 2400 1380 3698
6026 2 2 2 1 910 2321 4774
6027 2 2 2 1 2893 1045 3950
6028 2 2 2 1 173 174 3216
6029 2 2 2 1 2301 1342 4264
6030 2 2 2 1 1707 2606 4462
6031 2 2 2 1 2546 166 5442
6032 2 2 2 1 3236 1655 3481
6033 2 2 2 1 2305 872 4571
6034 2 2 2 1 717 2465 5505
6035 2 2 2 1 2465 1668 5505
6036 2 2 2 1 640 2504 5152
6037 2 2 2 1 2504 1603 5152
6038 2 2 2 1 2656 4268 5251
6039 2 2 2 1 3422 439 5454
6040 2 2 2 1 2226 3422 5454
6041 2 2 2 1 3290 1161 5510
6042 2 2 2 1 157 3066 5492
6043 2 2 2 1 1630 3401 3915
6044 2 2 2 1 1452 3411 4212
6045 2 2 2 1 1523 2477 3514
6046 2 2 2 1 774 4079 4868
6047 2 2 2 1 3751 1199 4447
6048 2 2 2 1 2304 912 4267
6049 2 2 2 1 2313 588 4117
6050 2 2 2 1 4063 2264 5674
6051 2 2 2 1 1450 2851 4429
6052 2 2 2 1 2098 2389 5507
6053 2 2 2 1 1113 2715 3962
6054 2 2 2 1 2289 3492 5204
6055 2 2 2 1 2349 607 5018
6056 2 2 2 1 1474 2349 5018
6057 2 2 2 1 546 2391 4546
6058 2 2 2 1 2465 717 4274
6059 2 2 2 1 1187 2928 3113
6060 2 2 2 1 2928 592 3113
6061 2 2 2 1 2487 1228 3828
6062 2 2 2 1 381 2487 3828
6063 2 2 2 1 3267 1449 3268
6064 2 2 2 1 1102 3267 3268
6065 2 2 2 1 3954 536 4053
6066 2 2 2 1 3128 3252 5098
6067 2 2 2 1 1220 2329 4076
6068 2 2 2 1 1135 2834 3461
6069 2 2 2 1 1701 3846 5395
6070 2 2 2 1 873 2427 3654
6071 2 2 2 1 2954 593 3906
6072 2 2 2 1 1445 2954 3906
6073 2 2 2 1 1105 2607 4801
6074 2 2 2 1 117 118 3034
6075 2 2 2 1 397 3297 4964
6076 2 2 2 1 2738 3517 5025
6077 2 2 2 1 3718 2256 5076
6078 2 2 2 1 1524 3718 5076
6079 2 2 2 1 1307 2327 4762
6080 2 2 2 1 1037 3301 4380
6081 2 2 2 1 1397 4489 5441
6082 2 2 2 1 3885 788 4523
6083 2 2 2 1 593 2954 3575
6084 2 2 2 1 2111 3885 4523
6085 2 2 2 1 2380 1785 5299
6086 2 2 2 1 1980 3876 4205
6087 2 2 2 1 3876 819 4205
6088 2 2 2 1 3561 2068 4886
6089 2 2 2 1 622 3561 4886
6090 2 2 2 1 2335 1337 4001
6091 2 2 2 1 920 2322 4119
6092 2 2 2 1 2927 877 4649
6093 2 2 2 1 294 3643 5353
6094 2 2 2 1 634 2326 4734
6095 2 2 2 1 2851 1088 3345
6096 2 2 2 1 1284 2528 3969
6097 2 2 2 1 2412 393 3973
6098 2 2 2 1 2528 891 3969
6099 2 2 2 1 644 3396 4356
6100 2 2 2 1 1150 2458 5597
6101 2 2 2 1 2792 341 3563
6102 2 2 2 1 1277 2792 3563
6103 2 2 2 1 1850 2447 5613
6104 2 2 2 1 1601 2424 5491
6105 2 2 2 1 2494 1098 3512
6106 2 2 2 1 1221 2570 3874
6107 2 2 2 1 2685 1026 3241
6108 2 2 2 1 2259 3041 5379
6109 2 2 2 1 3401 1287 3915
6110 2 2 2 1 839 2360 3874
6111 2 2 2 1 4122 1473 4544
6112 2 2 2 1 327 326 3263
6113 2 2 2 1 191 192 3048
6114 2 2 2 1 256 257 3543
6115 2 2 2 1 3862 742 4322
6116 2 2 2 1 2012 3862 4322
6117 2 2 2 1 2567 1337 4341
6118 2 2 2 1 1151 2469 3674
6119 2 2 2 1 3203 1343 3786
6120 2 2 2 1 1506 3203 3786
6121 2 2 2 1 1414 2340 5453
6122 2 2 2 1 3133 1181 3199
6123 2 2 2 1 1274 3133 3199
6124 2 2 2 1 510 2346 3976
6125 2 2 2 1 2345 582 3979
6126 2 2 2 1 2350 683 5184
6127 2 2 2 1 2861 1646 3538
6128 2 2 2 1 342 2738 3810
6129 2 2 2 1 3516 1175 5480
6130 2 2 2 1 2339 960 4872
6131 2 2 2 1 2701 601 3292
6132 2 2 2 1 2318 546 4546
6133 2 2 2 1 1172 2393 4757
6134 2 2 2 1 1520 3016 5099
6135 2 2 2 1 2325 1432 4162
6136 2 2 2 1 1173 2499 4992
6137 2 2 2 1 1349 3653 3972
6138 2 2 2 1 1108 2680 4776
6139 2 2 2 1 3770 1521 5180
6140 2 2 2 1 2346 880 5318
6141 2 2 2 1 567 2814 3537
6142 2 2 2 1 3532 1697 5344
6143 2 2 2 1 2615 578 4112
6144 2 2 2 1 2895 2327 4150
6145 2 2 2 1 3208 641 4476
6146 2 2 2 1 2361 526 3902
6147 2 2 2 1 2859 1640 5115
6148 2 2 2 1 2472 1151 3674
6149 2 2 2 1 1152 2319 4346
6150 2 2 2 1 2405 1566 5417
6151 2 2 2 1 2918 1126 4670
6152 2 2 2 1 1295 2709 4254
6153 2 2 2 1 531 2540 3436
6154 2 2 2 1 1630 2587 3401
6155 2 2 2 1 2997 536 3464
6156 2 2 2 1 345 3710 4123
6157 2 2 2 1 552 2484 3667
6158 2 2 2 1 572 2889 4249
6159 2 2 2 1 2577 387 5188
6160 2 2 2 1 2360 839 5176
6161 2 2 2 1 2361 1113 5022
6162 2 2 2 1 3708 1374 4276
6163 2 2 2 1 2633 1916 4711
6164 2 2 2 1 2423 393 4361
6165 2 2 2 1 653 4284 4974
6166 2 2 2 1 3117 1342 4330
6167 2 2 2 1 1083 2345 4038
6168 2 2 2 1 143 2330 4652
6169 2 2 2 1 1623 3131 3229
6170 2 2 2 1 1968 5347 5494
6171 2 2 2 1 3131 391 3229
6172 2 2 2 1 41 42 3417
6173 2 2 2 1 1038 2676 3307
6174 2 2 2 1 3349 638 3836
6175 2 2 2 1 844 2412 3750
6176 2 2 2 1 1862 2696 5634
6177 2 2 2 1 2696 881 5634
6178 2 2 2 1 3678 1693 4699
6179 2 2 2 1 2375 970 5054
6180 2 2 2 1 1431 3124 3250
6181 2 2 2 1 2326 1317 4734
6182 2 2 2 1 2450 99 5120
6183 2 2 2 1 1123 2538 4600
6184 2 2 2 1 3205 1420 3551
6185 2 2 2 1 674 3205 3551
6186 2 2 2 1 1587 2479 5205
6187 2 2 2 1 2479 1010 5205
6188 2 2 2 1 2327 475 4762
6189 2 2 2 1 758 2405 3794
6190 2 2 2 1 834 2378 5096
6191 2 2 2 1 3028 1020 4227
6192 2 2 2 1 1045 2984 3950
6193 2 2 2 1 1699 3689 5554
6194 2 2 2 1 1168 2422 5082
6195 2 2 2 1 2452 1375 3727
6196 2 2 2 1 1380 2400 4529
6197 2 2 2 1 2400 343 4529
6198 2 2 2 1 645 3023 3866
6199 2 2 2 1 1423 2359 4168
6200 2 2 2 1 938 2720 3484
6201 2 2 2 1 2720 1218 3484
6202 2 2 2 1 124 2489 5341
6203 2 2 2 1 2450 5120 5635
6204 2 2 2 1 1682 3843 4948
6205 2 2 2 1 1696 2703 4620
6206 2 2 2 1 1146 2484 5515
6207 2 2 2 1 3018 1606 5262
6208 2 2 2 1 1612 3158 4425
6209 2 2 2 1 2840 2387 5399
6210 2 2 2 1 2974 688 4785
6211 2 2 2 1 3042 1415 3912
6212 2 2 2 1 3338 1734 4213
6213 2 2 2 1 1102 3338 4213
6214 2 2 2 1 3415 1181 5250
6215 2 2 2 1 5120 1851 5635
6216 2 2 2 1 392 2871 5443
6217 2 2 2 1 2534 3346 4716
6218 2 2 2 1 1638 3462 5102
6219 2 2 2 1 563 2885 3714
6220 2 2 2 1 2902 1645 5068
6221 2 2 2 1 2587 600 3401
6222 2 2 2 1 1436 2355 5555
6223 2 2 2 1 4182 438 4979
6224 2 2 2 1 4371 704 5601
6225 2 2 2 1 1082 4890 5532
6226 2 2 2 1 148 2612 4091
6227 2 2 2 1 2385 3399 4256
6228 2 2 2 1 2528 1284 4673
6229 2 2 2 1 1561 2333 5578
6230 2 2 2 1 1660 3048 5136
6231 2 2 2 1 512 2471 3633
6232 2 2 2 1 2336 812 5213
6233 2 2 2 1 1254 2386 5119
6234 2 2 2 1 2760 469 3753
6235 2 2 2 1 1190 2387 4547
6236 2 2 2 1 4997 1609 5411
6237 2 2 2 1 1318 2760 3753
6238 2 2 2 1 973 2428 5439
6239 2 2 2 1 2484 552 3594
6240 2 2 2 1 2510 90 3536
6241 2 2 2 1 2365 963 4967
6242 2 2 2 1 2455 1761 5620
6243 2 2 2 1 551 2416 3790
6244 2 2 2 1 1877 3036 5348
6245 2 2 2 1 492 4219 4527
6246 2 2 2 1 4219 2281 4527
6247 2 2 2 1 891 2666 5075
6248 2 2 2 1 957 2718 4406
6249 2 2 2 1 2586 377 3418
6250 2 2 2 1 3216 174 3385
6251 2 2 2 1 2376 1475 3989
6252 2 2 2 1 3421 1580 4767
6253 2 2 2 1 2736 511 4002
6254 2 2 2 1 2340 1414 5586
6255 2 2 2 1 3129 841 3416
6256 2 2 2 1 1350 3129 3416
6257 2 2 2 1 902 2471 3647
6258 2 2 2 1 2392 893 5222
6259 2 2 2 1 3067 650 4548
6260 2 2 2 1 3320 1472 3596
6261 2 2 2 1 1223 3320 3596
6262 2 2 2 1 971 2804 4182
6263 2 2 2 1 2525 1130 4633
6264 2 2 2 1 1844 2539 3783
6265 2 2 2 1 704 3355 5601
6266 2 2 2 1 2343 1611 4687
6267 2 2 2 1 285 284 4350
6268 2 2 2 1 3709 507 4737
6269 2 2 2 1 2797 342 3810
6270 2 2 2 1 176 2556 4981
6271 2 2 2 1 2746 909 3512
6272 2 2 2 1 732 3617 4577
6273 2 2 2 1 3617 1977 4577
6274 2 2 2 1 489 2339 4588
6275 2 2 2 1 5458 3522 5669
6276 2 2 2 1 1341 2766 3238
6277 2 2 2 1 3163 1283 3565
6278 2 2 2 1 1411 3163 3565
6279 2 2 2 1 30 31 4641
6280 2 2 2 1 1152 2474 3992
6281 2 2 2 1 1957 3578 5347
6282 2 2 2 1 2401 1186 4485
6283 2 2 2 1 600 3513 4933
6284 2 2 2 1 4415 397 4964
6285 2 2 2 1 3224 1540 3864
6286 2 2 2 1 1365 3224 3864
6287 2 2 2 1 1354 2339 4872
6288 2 2 2 1 1189 2462 5229
6289 2 2 2 1 980 2554 3639
6290 2 2 2 1 3928 534 5449
6291 2 2 2 1 2903 1327 3711
6292 2 2 2 1 1067 4226 5036
6293 2 2 2 1 1352 2717 4417
6294 2 2 2 1 2380 594 3988
6295 2 2 2 1 2340 385 4391
6296 2 2 2 1 584 2815 4273
6297 2 2 2 1 2728 1391 4552
6298 2 2 2 1 2442 78 5244
6299 2 2 2 1 2733 1708 4030
6300 2 2 2 1 2686 1047 4205
6301 2 2 2 1 1476 2521 3542
6302 2 2 2 1 3146 1248 3245
6303 2 2 2 1 699 3985 5668
6304 2 2 2 1 1532 3106 3108
6305 2 2 2 1 3106 1049 3108
6306 2 2 2 1 108 109 4712
6307 2 2 2 1 1051 2402 5185
6308 2 2 2 1 2013 3606 5017
6309 2 2 2 1 1226 2370 4843
6310 2 2 2 1 2402 1197 5185
6311 2 2 2 1 4730 1548 5075
6312 2 2 2 1 388 3326 3962
6313 2 2 2 1 1200 3074 3092
6314 2 2 2 1 278 277 3694
6315 2 2 2 1 2392 1128 5083
6316 2 2 2 1 3074 1202 3092
6317 2 2 2 1 532 2537 3553
6318 2 2 2 1 2376 1081 4059
6319 2 2 2 1 2481 1493 3635
6320 2 2 2 1 3731 1545 4038
6321 2 2 2 1 2664 1519 3326
6322 2 2 2 1 3140 1583 4849
6323 2 2 2 1 2557 1870 4198
6324 2 2 2 1 2781 994 3305
6325 2 2 2 1 1702 2986 3357
6326 2 2 2 1 2986 958 3357
6327 2 2 2 1 1196 3080 5573
6328 2 2 2 1 2490 555 3619
6329 2 2 2 1 519 2348 4617
6330 2 2 2 1 4987 804 5232
6331 2 2 2 1 2348 834 4618
6332 2 2 2 1 3121 705 4961
6333 2 2 2 1 2403 831 5639
6334 2 2 2 1 10 2654 4669
6335 2 2 2 1 2423 1184 3973
6336 2 2 2 1 227 2472 3674
6337 2 2 2 1 583 2694 3461
6338 2 2 2 1 3429 559 3784
6339 2 2 2 1 5030 2106 5603
6340 2 2 2 1 1558 3405 4966
6341 2 2 2 1 168 169 3118
6342 2 2 2 1 1140 5163 5496
6343 2 2 2 1 914 2395 5520
6344 2 2 2 1 2458 869 5597
6345 2 2 2 1 3907 1872 5446
6346 2 2 2 1 2370 705 4843
6347 2 2 2 1 3357 479 5167
6348 2 2 2 1 3363 1103 5553
6349 2 2 2 1 467 4878 5554
6350 2 2 2 1 427 3641 5273
6351 2 2 2 1 980 2354 4224
6352 2 2 2 1 170 171 3166
6353 2 2 2 1 2584 1131 5449
6354 2 2 2 1 2489 1234 5341
6355 2 2 2 1 60 61 3395
6356 2 2 2 1 2740 1133 3761
6357 2 2 2 1 4043 1918 4954
6358 2 2 2 1 4884 1564 5665
6359 2 2 2 1 2517 489 4703
6360 2 2 2 1 2476 872 5400
6361 2 2 2 1 3600 1681 5211
6362 2 2 2 1 2610 3424 5112
6363 2 2 2 1 484 2439 4300
6364 2 2 2 1 2439 1319 4300
6365 2 2 2 1 2375 620 4118
6366 2 2 2 1 877 2927 5239
6367 2 2 2 1 1236 3362 3666
6368 2 2 2 1 3362 1507 3666
6369 2 2 2 1 2858 971 4182
6370 2 2 2 1 1059 2736 5337
6371 2 2 2 1 2382 448 4330
6372 2 2 2 1 1306 2548 4068
6373 2 2 2 1 2548 565 4068
6374 2 2 2 1 2737 1768 3333
6375 2 2 2 1 2484 1146 3667
6376 2 2 2 1 2537 1186 3553
6377 2 2 2 1 2625 539 3406
6378 2 2 2 1 946 3699 5158
6379 2 2 2 1 2364 1215 4976
6380 2 2 2 1 1225 3437 3929
6381 2 2 2 1 1798 4740 5236
6382 2 2 2 1 3009 1187 3113
6383 2 2 2 1 1691 3656 4932
6384 2 2 2 1 2156 2962 4907
6385 2 2 2 1 3342 1544 4345
6386 2 2 2 1 2559 532 3553
6387 2 2 2 1 2393 837 4027
6388 2 2 2 1 2603 1123 4600
6389 2 2 2 1 3040 1374 3708
6390 2 2 2 1 527 2393 4023
6391 2 2 2 1 3111 605 3486
6392 2 2 2 1 1231 2796 3478
6393 2 2 2 1 2368 825 4754
6394 2 2 2 1 2796 132 3478
6395 2 2 2 1 4010 1911 5638
6396 2 2 2 1 1404 4580 4624
6397 2 2 2 1 1258 2380 4402
6398 2 2 2 1 1244 2533 3868
6399 2 2 2 1 2533 590 3868
6400 2 2 2 1 1709 2444 4549
6401 2 2 2 1 343 4346 5328
6402 2 2 2 1 2001 2398 5036
6403 2 2 2 1 2476 1162 5183
6404 2 2 2 1 1404 3966 4580
6405 2 2 2 1 1185 2438 5105
6406 2 2 2 1 1428 4603 5202
6407 2 2 2 1 3253 1721 5228
6408 2 2 2 1 403 2649 3886
6409 2 2 2 1 2649 1295 3886
6410 2 2 2 1 3446 1571 4870
6411 2 2 2 1 1120 4537 4920
6412 2 2 2 1 2562 965 3531
6413 2 2 2 1 885 2825 4420
6414 2 2 2 1 2825 1541 4420
6415 2 2 2 1 2358 1398 4596
6416 2 2 2 1 450 2372 4747
6417 2 2 2 1 4405 600 4933
6418 2 2 2 1 853 2363 4667
6419 2 2 2 1 1707 3867 5531
6420 2 2 2 1 1121 3480 5326
6421 2 2 2 1 2825 1816 5502
6422 2 2 2 1 2784 1114 3686
6423 2 2 2 1 3017 1704 4680
6424 2 2 2 1 707 3017 4680
6425 2 2 2 1 4151 2331 5461
6426 2 2 2 1 3859 797 4830
6427 2 2 2 1 2183 3859 4830
6428 2 2 2 1 3514 435 4449
6429 2 2 2 1 2436 1261 4129
6430 2 2 2 1 729 2436 4129
6431 2 2 2 1 1162 2482 5183
6432 2 2 2 1 3696 1511 4814
6433 2 2 2 1 534 2389 5333
6434 2 2 2 1 2363 1327 5533
6435 2 2 2 1 1228 2487 3690
6436 2 2 2 1 4049 387 5431
6437 2 2 2 1 487 2634 5372
6438 2 2 2 1 1759 3522 5458
6439 2 2 2 1 2634 1723 5372
6440 2 2 2 1 3547 1875 4434
6441 2 2 2 1 364 3547 4434
6442 2 2 2 1 2451 469 5487
6443 2 2 2 1 1308 2362 4407
6444 2 2 2 1 660 3203 5363
6445 2 2 2 1 2756 2313 5164
6446 2 2 2 1 2362 1255 4432
6447 2 2 2 1 2371 598 4302
6448 2 2 2 1 4192 358 5107
6449 2 2 2 1 2486 2140 4434
6450 2 2 2 1 42 43 3188
6451 2 2 2 1 3484 1218 3787
6452 2 2 2 1 2564 1176 3815
6453 2 2 2 1 684 3384 4304
6454 2 2 2 1 2454 791 3787
6455 2 2 2 1 3558 1263 4873
6456 2 2 2 1 2569 866 4176
6457 2 2 2 1 1355 2569 4176
6458 2 2 2 1 120 121 3890
6459 2 2 2 1 2365 1326 4486
6460 2 2 2 1 489 2365 4486
6461 2 2 2 1 541 4063 5674
6462 2 2 2 1 2366 489 4486
6463 2 2 2 1 1008 2776 5582
6464 2 2 2 1 2730 1195 3350
6465 2 2 2 1 524 2730 3350
6466 2 2 2 1 1187 2415 5405
6467 2 2 2 1 1053 2803 4480
6468 2 2 2 1 2502 967 5367
6469 2 2 2 1 3677 3039 5416
6470 2 2 2 1 3740 2042 5497
6471 2 2 2 1 1653 2507 5589
6472 2 2 2 1 365 2376 5356
6473 2 2 2 1 2410 1105 4007
6474 2 2 2 1 3019 26 3838
6475 2 2 2 1 1320 2628 3993
6476 2 2 2 1 2628 899 3993
6477 2 2 2 1 2444 2705 4549
6478 2 2 2 1 1720 2932 3747
6479 2 2 2 1 3278 722 4636
6480 2 2 2 1 3630 1536 4534
6481 2 2 2 1 1360 2768 3292
6482 2 2 2 1 1823 3278 4636
6483 2 2 2 1 2982 1617 5267
6484 2 2 2 1 853 2382 4217
6485 2 2 2 1 4802 2117 5345
6486 2 2 2 1 2722 1002 5227
6487 2 2 2 1 3066 1905 5492
6488 2 2 2 1 1872 4795 5446
6489 2 2 2 1 702 3105 4422
6490 2 2 2 1 554 2429 5149
6491 2 2 2 1 3014 135 3704
6492 2 2 2 1 3850 1873 5092
6493 2 2 2 1 2880 2397 4557
6494 2 2 2 1 351 3544 4115
6495 2 2 2 1 3047 1235 3628
6496 2 2 2 1 1660 3047 3628
6497 2 2 2 1 3544 1757 4115
6498 2 2 2 1 2952 196 4840
6499 2 2 2 1 1062 4275 5324
6500 2 2 2 1 4041 684 4304
6501 2 2 2 1 2498 845 4839
6502 2 2 2 1 1472 2498 4839
6503 2 2 2 1 592 2772 3792
6504 2 2 2 1 2816 1429 3647
6505 2 2 2 1 691 2878 4592
6506 2 2 2 1 2878 1600 4592
6507 2 2 2 1 2658 1594 4929
6508 2 2 2 1 33 2658 4929
6509 2 2 2 1 2955 1961 4029
6510 2 2 2 1 3882 2010 5411
6511 2 2 2 1 1369 2385 4256
6512 2 2 2 1 1662 3130 3603
6513 2 2 2 1 3130 967 3603
6514 2 2 2 1 562 2448 3861
6515 2 2 2 1 511 4869 5381
6516 2 2 2 1 664 3307 4694
6517 2 2 2 1 3544 2515 4902
6518 2 2 2 1 2618 1297 3955
6519 2 2 2 1 190 2618 3955
6520 2 2 2 1 393 2423 3973
6521 2 2 2 1 1361 2381 4307
6522 2 2 2 1 1159 2531 5474
6523 2 2 2 1 2011 2955 4879
6524 2 2 2 1 2955 937 4879
6525 2 2 2 1 1022 2395 4160
6526 2 2 2 1 2516 913 3644
6527 2 2 2 1 264 2563 3808
6528 2 2 2 1 3122 680 3904
6529 2 2 2 1 1511 3091 3349
6530 2 2 2 1 856 2737 3333
6531 2 2 2 1 839 2437 5176
6532 2 2 2 1 2381 1518 4985
6533 2 2 2 1 3036 773 5348
6534 2 2 2 1 2884 275 4817
6535 2 2 2 1 1667 2884 4817
6536 2 2 2 1 4199 1490 4792
6537 2 2 2 1 872 2476 3751
6538 2 2 2 1 2010 3882 4387
6539 2 2 2 1 3882 1416 4387
6540 2 2 2 1 1947 3886 4254
6541 2 2 2 1 3400 1675 4410
6542 2 2 2 1 3886 1295 4254
6543 2 2 2 1 3425 625 3728
6544 2 2 2 1 3308 1766 5158
6545 2 2 2 1 397 2734 3497
6546 2 2 2 1 1363 4546 4550
6547 2 2 2 1 322 321 5666
6548 2 2 2 1 2815 4064 4706
6549 2 2 2 1 3426 3494 5388
6550 2 2 2 1 624 4106 4606
6551 2 2 2 1 2478 1298 3971
6552 2 2 2 1 2990 892 3851
6553 2 2 2 1 674 2703 5192
6554 2 2 2 1 2703 1696 5192
6555 2 2 2 1 382 2938 5191
6556 2 2 2 1 2382 1996 5594
6557 2 2 2 1 2389 864 4303
6558 2 2 2 1 1248 3146 3254
6559 2 2 2 1 2776 381 3312
6560 2 2 2 1 3550 691 5369
6561 2 2 2 1 1942 4705 5017
6562 2 2 2 1 1967 3382 4959
6563 2 2 2 1 3382 533 4959
6564 2 2 2 1 196 197 4840
6565 2 2 2 1 791 2454 5419
6566 2 2 2 1 1142 2549 3609
6567 2 2 2 1 429 3919 4519
6568 2 2 2 1 782 4196 5360
6569 2 2 2 1 2458 518 5465
6570 2 2 2 1 2833 1059 5337
6571 2 2 2 1 160 2950 5279
6572 2 2 2 1 2984 422 3950
6573 2 2 2 1 2404 1447 5550
6574 2 2 2 1 1132 2646 4823
6575 2 2 2 1 63 64 3909
6576 2 2 2 1 1643 2455 5418
6577 2 2 2 1 837 2393 4765
6578 2 2 2 1 279 278 5389
6579 2 2 2 1 2652 392 5443
6580 2 2 2 1 2393 527 4757
6581 2 2 2 1 3958 916 4647
6582 2 2 2 1 2133 3958 4647
6583 2 2 2 1 3899 1832 5415
6584 2 2 2 1 3940 1320 3993
6585 2 2 2 1 2387 924 4547
6586 2 2 2 1 1568 2408 5140
6587 2 2 2 1 3842 1613 5085
6588 2 2 2 1 4346 2319 5328
6589 2 2 2 1 46 47 3175
6590 2 2 2 1 3026 687 3323
6591 2 2 2 1 1251 3026 3323
6592 2 2 2 1 4041 1383 5162
6593 2 2 2 1 522 2520 3974
6594 2 2 2 1 497 2399 4233
6595 2 2 2 1 606 3146 3245
6596 2 2 2 1 2395 575 4738
6597 2 2 2 1 1939 2651 4292
6598 2 2 2 1 1715 2444 5303
6599 2 2 2 1 1107 2416 5020
6600 2 2 2 1 2398 3314 5036
6601 2 2 2 1 3692 1377 3956
6602 2 2 2 1 2966 2226 4884
6603 2 2 2 1 3090 1724 5534
6604 2 2 2 1 1314 2923 4720
6605 2 2 2 1 3460 1196 5573
6606 2 2 2 1 2831 1366 4393
6607 2 2 2 1 3644 1309 3959
6608 2 2 2 1 4233 1020 5401
6609 2 2 2 1 2475 409 5545
6610 2 2 2 1 174 175 3385
6611 2 2 2 1 3355 1675 3679
6612 2 2 2 1 2572 1377 5004
6613 2 2 2 1 399 2733 3367
6614 2 2 2 1 2410 934 4936
6615 2 2 2 1 4059 3228 4917
6616 2 2 2 1 1111 3607 4235
6617 2 2 2 1 3607 1824 4235
6618 2 2 2 1 2391 818 4550
6619 2 2 2 1 2748 1074 4602
6620 2 2 2 1 2422 931 5082
6621 2 2 2 1 1265 2574 5321
6622 2 2 2 1 1276 2663 3824
6623 2 2 2 1 2663 588 3824
6624 2 2 2 1 3264 346 4305
6625 2 2 2 1 1738 3001 5631
6626 2 2 2 1 1771 3517 4228
6627 2 2 2 1 3517 1382 4228
6628 2 2 2 1 310 2886 4111
6629 2 2 2 1 2886 1443 4111
6630 2 2 2 1 3027 607 3414
6631 2 2 2 1 1464 3027 3414
6632 2 2 2 1 3995 1914 5248
6633 2 2 2 1 2191 3374 4044
6634 2 2 2 1 2987 1063 3186
6635 2 2 2 1 556 4503 4764
6636 2 2 2 1 2430 1241 5056
6637 2 2 2 1 4361 393 5438
6638 2 2 2 1 935 2552 3929
6639 2 2 2 1 2440 340 5240
6640 2 2 2 1 883 2440 5241
6641 2 2 2 1 4751 1702 5167
6642 2 2 2 1 444 2403 4798
6643 2 2 2 1 2992 1336 5072
6644 2 2 2 1 3934 992 5537
6645 2 2 2 1 1774 3125 4702
6646 2 2 2 1 4383 1141 5357
6647 2 2 2 1 490 3110 3227
6648 2 2 2 1 1140 2950 4566
6649 2 2 2 1 1396 2449 3944
6650 2 2 2 1 1648 3001 3475
6651 2 2 2 1 3001 963 3475
6652 2 2 2 1 462 2705 4102
6653 2 2 2 1 2705 1385 4102
6654 2 2 2 1 2414 1316 4159
6655 2 2 2 1 1577 3772 4919
6656 2 2 2 1 529 2708 4822
6657 2 2 2 1 186 187 5630
6658 2 2 2 1 2501 1317 3788
6659 2 2 2 1 408 2457 3917
6660 2 2 2 1 901 2559 4768
6661 2 2 2 1 3393 1218 3579
6662 2 2 2 1 1458 3393 3579
6663 2 2 2 1 2409 1768 5126
6664 2 2 2 1 184 185 3290
6665 2 2 2 1 1198 3661 3757
6666 2 2 2 1 2909 957 4406
6667 2 2 2 1 2554 1144 3639
6668 2 2 2 1 1188 2572 4062
6669 2 2 2 1 1195 2473 3857
6670 2 2 2 1 1191 3409 5361
6671 2 2 2 1 2148 2443 5245
6672 2 2 2 1 3726 1520 4993
6673 2 2 2 1 2144 3726 4993
6674 2 2 2 1 336 2896 3826
6675 2 2 2 1 2896 1373 3826
6676 2 2 2 1 3267 1102 4213
6677 2 2 2 1 3033 1091 3172
6678 2 2 2 1 3021 334 3393
6679 2 2 2 1 1458 3021 3393
6680 2 2 2 1 3045 400 3490
6681 2 2 2 1 1300 3045 3490
6682 2 2 2 1 3368 1678 3369
6683 2 2 2 1 831 2404 4417
6684 2 2 2 1 1093 3368 3369
6685 2 2 2 1 1218 2720 3579
6686 2 2 2 1 2421 1247 4364
6687 2 2 2 1 2720 603 3579
6688 2 2 2 1 22 2478 3971
6689 2 2 2 1 1269 2411 4251
6690 2 2 2 1 2411 378 4251
6691 2 2 2 1 2190 4803 5429
6692 2 2 2 1 3218 1381 3219
6693 2 2 2 1 759 2401 4485
6694 2 2 2 1 1141 3218 3219
6695 2 2 2 1 1210 5100 5608
6696 2 2 2 1 3302 430 3413
6697 2 2 2 1 1384 3302 3413
6698 2 2 2 1 867 3780 5508
6699 2 2 2 1 3780 2426 5508
6700 2 2 2 1 2437 1201 5176
6701 2 2 2 1 642 2536 3891
6702 2 2 2 1 2536 1232 3891
6703 2 2 2 1 578 2427 4112
6704 2 2 2 1 2677 934 4007
6705 2 2 2 1 1787 3034 5476
6706 2 2 2 1 1356 3010 3274
6707 2 2 2 1 3010 483 3274
6708 2 2 2 1 1141 3382 5357
6709 2 2 2 1 634 2501 3765
6710 2 2 2 1 1355 2406 4862
6711 2 2 2 1 1979 3271 4661
6712 2 2 2 1 131 2796 4133
6713 2 2 2 1 601 2701 3963
6714 2 2 2 1 396 3035 4690
6715 2 2 2 1 3035 1683 4690
6716 2 2 2 1 2701 1341 3963
6717 2 2 2 1 2530 1552 5106
6718 2 2 2 1 786 2530 5106
6719 2 2 2 1 1233 2436 4110
6720 2 2 2 1 2545 103 4584
6721 2 2 2 1 3084 1089 4451
6722 2 2 2 1 1154 3330 3331
6723 2 2 2 1 3330 1423 3331
6724 2 2 2 1 3385 175 4981
6725 2 2 2 1 1606 4439 5262
6726 2 2 2 1 3414 1220 3590
6727 2 2 2 1 1514 2424 4171
6728 2 2 2 1 1464 3414 3590
6729 2 2 2 1 2656 400 5622
6730 2 2 2 1 1778 2656 5622
6731 2 2 2 1 4813 660 5363
6732 2 2 2 1 4367 1481 5206
6733 2 2 2 1 3570 1501 4306
6734 2 2 2 1 90 91 3536
6735 2 2 2 1 2617 1115 3562
6736 2 2 2 1 3048 1660 5016
6737 2 2 2 1 1393 2696 4366
6738 2 2 2 1 297 296 4210
6739 2 2 2 1 3295 1150 3807
6740 2 2 2 1 2962 566 4907
6741 2 2 2 1 2777 224 4545
6742 2 2 2 1 371 3618 5376
6743 2 2 2 1 2812 1265 3675
6744 2 2 2 1 2934 4178 5161
6745 2 2 2 1 1322 2951 3910
6746 2 2 2 1 2438 995 5105
6747 2 2 2 1 2566 531 4263
6748 2 2 2 1 226 227 3674
6749 2 2 2 1 2822 2241 4234
6750 2 2 2 1 2436 729 4110
6751 2 2 2 1 164 165 3719
6752 2 2 2 1 1614 3272 4128
6753 2 2 2 1 3272 947 4128
6754 2 2 2 1 79 80 3373
6755 2 2 2 1 851 2461 5040
6756 2 2 2 1 2379 2753 5614
6757 2 2 2 1 2015 3774 5079
6758 2 2 2 1 3114 1994 5605
6759 2 2 2 1 2500 1547 5174
6760 2 2 2 1 2573 1158 3707
6761 2 2 2 1 1156 3426 5519
6762 2 2 2 1 2411 821 5488
6763 2 2 2 1 4950 2511 5028
6764 2 2 2 1 3763 1368 3851
6765 2 2 2 1 1400 2475 4632
6766 2 2 2 1 2475 909 4632
6767 2 2 2 1 1011 3430 4262
6768 2 2 2 1 34 35 3920
6769 2 2 2 1 2414 692 4665
6770 2 2 2 1 2867 1157 3948
6771 2 2 2 1 2153 3928 5449
6772 2 2 2 1 1890 2898 4172
6773 2 2 2 1 3728 625 5283
6774 2 2 2 1 2537 532 4828
6775 2 2 2 1 1473 2537 4828
6776 2 2 2 1 2898 859 4172
6777 2 2 2 1 2643 1149 4959
6778 2 2 2 1 1430 2431 4173
6779 2 2 2 1 359 3796 4689
6780 2 2 2 1 1528 2430 5007
6781 2 2 2 1 1463 4950 5028
6782 2 2 2 1 2967 294 5353
6783 2 2 2 1 1316 2414 4665
6784 2 2 2 1 3858 1538 5238
6785 2 2 2 1 1994 4298 5506
6786 2 2 2 1 1203 3530 3640
6787 2 2 2 1 3530 1535 3640
6788 2 2 2 1 4040 430 4528
6789 2 2 2 1 3276 1234 3885
6790 2 2 2 1 1445 3906 4894
6791 2 2 2 1 774 3058 5087
6792 2 2 2 1 3906 2196 4894
6793 2 2 2 1 1179 2886 3352
6794 2 2 2 1 1631 4938 5609
6795 2 2 2 1 1538 4830 5238
6796 2 2 2 1 1668 2465 5169
6797 2 2 2 1 1998 3085 4844
6798 2 2 2 1 958 2421 4364
6799 2 2 2 1 2847 755 5603
6800 2 2 2 1 2879 1122 4641
6801 2 2 2 1 1694 3191 4913
6802 2 2 2 1 2445 490 5482
6803 2 2 2 1 1663 2637 5392
6804 2 2 2 1 2429 838 4222
6805 2 2 2 1 29 30 4001
6806 2 2 2 1 3119 4202 4646
6807 2 2 2 1 565 3392 4445
6808 2 2 2 1 3933 1987 5568
6809 2 2 2 1 4679 606 5358
6810 2 2 2 1 3173 643 5146
6811 2 2 2 1 3489 1814 5581
6812 2 2 2 1 2446 505 5077
6813 2 2 2 1 2689 543 5297
6814 2 2 2 1 4126 1861 4635
6815 2 2 2 1 625 4073 5283
6816 2 2 2 1 2427 578 4316
6817 2 2 2 1 4009 2157 5178
6818 2 2 2 1 683 3538 4323
6819 2 2 2 1 187 188 3572
6820 2 2 2 1 2670 1591 4067
6821 2 2 2 1 1157 2887 3948
6822 2 2 2 1 1211 2911 3408
6823 2 2 2 1 2911 1584 3408
6824 2 2 2 1 597 2610 4312
6825 2 2 2 1 3092 1202 3286
6826 2 2 2 1 2644 331 4611
6827 2 2 2 1 3181 1263 3558
6828 2 2 2 1 1459 2644 4611
6829 2 2 2 1 3229 914 5520
6830 2 2 2 1 1331 3135 5255
6831 2 2 2 1 1610 2659 4113
6832 2 2 2 1 1387 3275 3535
6833 2 2 2 1 2425 569 4393
6834 2 2 2 1 1651 3984 4365
6835 2 2 2 1 2447 915 4988
6836 2 2 2 1 2424 1514 4424
6837 2 2 2 1 3326 1519 3962
6838 2 2 2 1 1013 3810 4970
6839 2 2 2 1 2526 1169 3801
6840 2 2 2 1 1588 4279 4871
6841 2 2 2 1 440 3645 3652
6842 2 2 2 1 3645 1575 3652
6843 2 2 2 1 2487 1253 5291
6844 2 2 2 1 2474 610 3992
6845 2 2 2 1 2950 1791 5279
6846 2 2 2 1 2700 1106 3585
6847 2 2 2 1 2480 1203 4326
6848 2 2 2 1 5163 2320 5496
6849 2 2 2 1 3800 1844 5637
6850 2 2 2 1 1710 2929 3318
6851 2 2 2 1 56 57 3253
6852 2 2 2 1 3339 2474 4346
6853 2 2 2 1 2432 824 4901
6854 2 2 2 1 266 2802 4755
6855 2 2 2 1 230 231 3569
6856 2 2 2 1 2332 4361 5438
6857 2 2 2 1 1232 2536 3784
6858 2 2 2 1 2185 4253 5506
6859 2 2 2 1 1866 3008 3639
6860 2 2 2 1 1091 3050 3232
6861 2 2 2 1 925 4177 4293
6862 2 2 2 1 1319 2439 5330
6863 2 2 2 1 329 2437 5584
6864 2 2 2 1 945 2606 5531
6865 2 2 2 1 2606 1707 5531
6866 2 2 2 1 2440 1094 4937
6867 2 2 2 1 1194 3328 4350
6868 2 2 2 1 2871 4532 5443
6869 2 2 2 1 1190 2590 3777
6870 2 2 2 1 564 2821 4506
6871 2 2 2 1 1126 4002 4670
6872 2 2 2 1 3217 1634 5287
6873 2 2 2 1 2447 506 4237
6874 2 2 2 1 2846 1516 4445
6875 2 2 2 1 1199 2846 4445
6876 2 2 2 1 3426 5269 5519
6877 2 2 2 1 1248 3185 3245
6878 2 2 2 1 3561 1901 5460
6879 2 2 2 1 4243 728 4779
6880 2 2 2 1 615 2571 4914
6881 2 2 2 1 2571 1508 4914
6882 2 2 2 1 1737 3069 4170
6883 2 2 2 1 868 2937 3466
6884 2 2 2 1 345 2970 3298
6885 2 2 2 1 2937 1616 3466
6886 2 2 2 1 1004 2453 4881
6887 2 2 2 1 1162 2476 5400
6888 2 2 2 1 2534 577 4282
6889 2 2 2 1 1338 2534 4282
6890 2 2 2 1 2498 467 5554
6891 2 2 2 1 2445 1003 4266
6892 2 2 2 1 1056 2817 3584
6893 2 2 2 1 3293 1302 4243
6894 2 2 2 1 2745 1033 3471
6895 2 2 2 1 368 2462 4094
6896 2 2 2 1 4033 1631 5609
6897 2 2 2 1 2697 2137 4891
6898 2 2 2 1 2734 1177 3497
6899 2 2 2 1 1424 2897 3329
6900 2 2 2 1 5031 1840 5490
6901 2 2 2 1 648 3726 4220
6902 2 2 2 1 1171 3143 5616
6903 2 2 2 1 2858 623 4171
6904 2 2 2 1 2441 503 4333
6905 2 2 2 1 4954 2027 5227
6906 2 2 2 1 1247 2563 4048
6907 2 2 2 1 1932 3174 3790
6908 2 2 2 1 2817 458 5035
6909 2 2 2 1 1673 2817 5035
6910 2 2 2 1 3174 551 3790
6911 2 2 2 1 3404 702 4422
6912 2 2 2 1 1765 3404 4422
6913 2 2 2 1 3432 398 5231
6914 2 2 2 1 4392 778 4722
6915 2 2 2 1 3661 1578 3757
6916 2 2 2 1 50 2564 3815
6917 2 2 2 1 2449 1396 5132
6918 2 2 2 1 2714 1113 3902
6919 2 2 2 1 1098 2494 3954
6920 2 2 2 1 3397 497 4233
6921 2 2 2 1 2919 38 5504
6922 2 2 2 1 2754 1176 3477
6923 2 2 2 1 1422 3212 4626
6924 2 2 2 1 694 4512 5171
6925 2 2 2 1 1611 2808 5050
6926 2 2 2 1 2644 1166 5408
6927 2 2 2 1 3603 634 5434
6928 2 2 2 1 418 3590 5610
6929 2 2 2 1 12 13 4687
6930 2 2 2 1 591 2621 3636
6931 2 2 2 1 1997 4531 5189
6932 2 2 2 1 574 2924 3567
6933 2 2 2 1 3083 1918 3456
6934 2 2 2 1 814 4258 5155
6935 2 2 2 1 2820 1249 3616
6936 2 2 2 1 567 2820 3616
6937 2 2 2 1 592 4593 5437
6938 2 2 2 1 122 123 3276
6939 2 2 2 1 3394 1598 4836
6940 2 2 2 1 1860 3372 5359
6941 2 2 2 1 846 2434 4806
6942 2 2 2 1 4504 1680 5301
6943 2 2 2 1 1913 2470 5234
6944 2 2 2 1 2110 2505 5607
6945 2 2 2 1 407 2812 3675
6946 2 2 2 1 1209 3533 5404
6947 2 2 2 1 1089 3242 4451
6948 2 2 2 1 3492 1685 5204
6949 2 2 2 1 2461 851 5190
6950 2 2 2 1 899 2492 3993
6951 2 2 2 1 4791 1479 4880
6952 2 2 2 1 2435 590 4624
6953 2 2 2 1 973 2954 3602
6954 2 2 2 1 2446 1371 4876
6955 2 2 2 1 630 3162 4976
6956 2 2 2 1 2954 1445 3602
6957 2 2 2 1 1103 2976 5195
6958 2 2 2 1 740 3250 5127
6959 2 2 2 1 2637 887 5392
6960 2 2 2 1 1900 2513 5662
6961 2 2 2 1 1371 2702 4876
6962 2 2 2 1 4606 1967 4959
6963 2 2 2 1 1200 3092 3455
6964 2 2 2 1 2288 4906 5549
6965 2 2 2 1 3038 722 3278
6966 2 2 2 1 1217 3038 3278
6967 2 2 2 1 4066 1095 4399
6968 2 2 2 1 1501 2590 3996
6969 2 2 2 1 2590 2082 3996
6970 2 2 2 1 3177 2199 4664
6971 2 2 2 1 1690 2655 5464
6972 2 2 2 1 1507 3362 3972
6973 2 2 2 1 3486 605 4087
6974 2 2 2 1 5001 2165 5661
6975 2 2 2 1 1828 3085 5093
6976 2 2 2 1 3085 709 5093
6977 2 2 2 1 947 2527 4128
6978 2 2 2 1 1271 3216 3385
6979 2 2 2 1 3310 670 4357
6980 2 2 2 1 1699 3310 4357
6981 2 2 2 1 4011 1845 4252
6982 2 2 2 1 3606 1536 4912
6983 2 2 2 1 3583 1209 5404
6984 2 2 2 1 1016 3003 4426
6985 2 2 2 1 78 2442 4653
6986 2 2 2 1 2967 1174 3879
6987 2 2 2 1 845 3783 4839
6988 2 2 2 1 3783 2078 4839
6989 2 2 2 1 897 2556 5481
6990 2 2 2 1 2556 1645 5481
6991 2 2 2 1 1276 2459 5146
6992 2 2 2 1 3110 1448 3227
6993 2 2 2 1 2796 1391 4133
6994 2 2 2 1 1382 2898 4228
6995 2 2 2 1 2540 531 3850
6996 2 2 2 1 581 2666 3595
6997 2 2 2 1 848 2859 3840
6998 2 2 2 1 3133 587 4004
6999 2 2 2 1 2859 1344 3840
7000 2 2 2 1 1478 3221 4712
7001 2 2 2 1 2887 1157 5545
7002 2 2 2 1 3122 1044 5275
7003 2 2 2 1 2947 1695 3764
7004 2 2 2 1 3138 1287 3401
7005 2 2 2 1 639 2947 3764
7006 2 2 2 1 600 3138 3401
7007 2 2 2 1 4141 1750 4530
7008 2 2 2 1 2507 1136 5589
7009 2 2 2 1 376 2582 5467
7010 2 2 2 1 3628 1235 4853
7011 2 2 2 1 538 2626 4474
7012 2 2 2 1 1031 2649 3632
7013 2 2 2 1 668 2452 4910
7014 2 2 2 1 436 2646 3681
7015 2 2 2 1 3247 1171 5616
7016 2 2 2 1 2563 1247 3808
7017 2 2 2 1 2867 668 4615
7018 2 2 2 1 282 3257 4939
7019 2 2 2 1 1186 2537 4485
7020 2 2 2 1 3617 732 5141
7021 2 2 2 1 1080 2456 4294
7022 2 2 2 1 2638 2166 4569
7023 2 2 2 1 286 3328 5654
7024 2 2 2 1 1481 3848 5206
7025 2 2 2 1 340 2680 5240
7026 2 2 2 1 2680 1652 5240
7027 2 2 2 1 38 39 5504
7028 2 2 2 1 2696 1393 3568
7029 2 2 2 1 274 2983 4817
7030 2 2 2 1 2828 389 3813
7031 2 2 2 1 221 222 3529
7032 2 2 2 1 4206 510 5623
7033 2 2 2 1 1321 3014 3704
7034 2 2 2 1 2569 355 4565
7035 2 2 2 1 3180 1798 5236
7036 2 2 2 1 3632 1661 4612
7037 2 2 2 1 2479 1632 4121
7038 2 2 2 1 1555 2873 4271
7039 2 2 2 1 321 320 4187
7040 2 2 2 1 372 4824 5100
7041 2 2 2 1 240 241 4950
7042 2 2 2 1 3846 1273 5374
7043 2 2 2 1 4085 725 4992
7044 2 2 2 1 2461 1206 5040
7045 2 2 2 1 2680 1108 4035
7046 2 2 2 1 437 3183 5045
7047 2 2 2 1 2981 954 3627
7048 2 2 2 1 1279 2578 4134
7049 2 2 2 1 3343 287 5654
7050 2 2 2 1 3508 1784 5429
7051 2 2 2 1 401 2456 4956
7052 2 2 2 1 3669 1471 3761
7053 2 2 2 1 166 167 5442
7054 2 2 2 1 4379 1823 4636
7055 2 2 2 1 2453 1499 4790
7056 2 2 2 1 87 2491 4084
7057 2 2 2 1 2198 2822 4553
7058 2 2 2 1 1176 2754 3815
7059 2 2 2 1 183 5510 5576
7060 2 2 2 1 3550 1801 4378
7061 2 2 2 1 691 3550 4378
7062 2 2 2 1 547 2614 3713
7063 2 2 2 1 3230 1257 3300
7064 2 2 2 1 2540 1286 5071
7065 2 2 2 1 2694 583 3586
7066 2 2 2 1 690 4009 5178
7067 2 2 2 1 5594 1996 5647
7068 2 2 2 1 2590 654 3777
7069 2 2 2 1 1266 2483 4939
7070 2 2 2 1 2468 1290 4753
7071 2 2 2 1 2533 1244 3937
7072 2 2 2 1 3124 1116 3250
7073 2 2 2 1 2489 124 4339
7074 2 2 2 1 1186 2589 4768
7075 2 2 2 1 2625 905 3898
7076 2 2 2 1 4177 1959 4293
7077 2 2 2 1 2672 1148 4056
7078 2 2 2 1 244 2784 3686
7079 2 2 2 1 3211 1597 3235
7080 2 2 2 1 2667 1534 5130
7081 2 2 2 1 2520 1170 3974
7082 2 2 2 1 2647 658 3683
7083 2 2 2 1 298 2519 4763
7084 2 2 2 1 1330 3670 4080
7085 2 2 2 1 3775 1724 3891
7086 2 2 2 1 1232 3775 3891
7087 2 2 2 1 4053 2309 5615
7088 2 2 2 1 985 2841 5416
7089 2 2 2 1 2841 1780 5416
7090 2 2 2 1 2479 1587 5220
7091 2 2 2 1 1290 2500 4058
7092 2 2 2 1 1649 3397 4233
7093 2 2 2 1 767 3578 4941
7094 2 2 2 1 376 3875 4315
7095 2 2 2 1 3312 2368 4754
7096 2 2 2 1 1650 2558 5011
7097 2 2 2 1 2105 2814 5503
7098 2 2 2 1 1942 3606 4912
7099 2 2 2 1 2464 1386 4390
7100 2 2 2 1 2462 1755 5670
7101 2 2 2 1 11 12 4283
7102 2 2 2 1 2834 583 3461
7103 2 2 2 1 3213 1608 3228
7104 2 2 2 1 4422 3105 5602
7105 2 2 2 1 1419 2464 4968
7106 2 2 2 1 3371 2417 5563
7107 2 2 2 1 894 2597 4820
7108 2 2 2 1 1382 2936 3364
7109 2 2 2 1 753 3620 5547
7110 2 2 2 1 2597 1473 4820
7111 2 2 2 1 2729 1206 3870
7112 2 2 2 1 1512 3555 4477
7113 2 2 2 1 3093 4993 5099
7114 2 2 2 1 286 285 3328
7115 2 2 2 1 2006 2808 4309
7116 2 2 2 1 3635 1493 4277
7117 2 2 2 1 2816 1068 4260
7118 2 2 2 1 1429 2816 4260
7119 2 2 2 1 1164 3155 3767
7120 2 2 2 1 436 3449 4823
7121 2 2 2 1 3449 1894 4823
7122 2 2 2 1 2512 1712 5513
7123 2 2 2 1 771 2468 5255
7124 2 2 2 1 1055 2806 4578
7125 2 2 2 1 2501 1435 5457
7126 2 2 2 1 4569 2166 5390
7127 2 2 2 1 1869 4030 5319
7128 2 2 2 1 103 2545 5043
7129 2 2 2 1 2683 560 4054
7130 2 2 2 1 1211 3408 4212
7131 2 2 2 1 2878 1019 3432
7132 2 2 2 1 3390 1123 4329
7133 2 2 2 1 3491 1210 5608
7134 2 2 2 1 166 2546 4169
7135 2 2 2 1 2919 1230 3625
7136 2 2 2 1 1438 2919 3625
7137 2 2 2 1 2136 3335 4999
7138 2 2 2 1 3074 592 3792
7139 2 2 2 1 1069 3083 3456
7140 2 2 2 1 3047 194 3845
7141 2 2 2 1 1738 3483 4967
7142 2 2 2 1 288 287 3343
7143 2 2 2 1 591 3092 3286
7144 2 2 2 1 4610 1782 4973
7145 2 2 2 1 80 81 5242
7146 2 2 2 1 3288 1064 4026
7147 2 2 2 1 1600 2878 3432
7148 2 2 2 1 1298 2478 5078
7149 2 2 2 1 3785 1813 4135
7150 2 2 2 1 1299 3785 4135
7151 2 2 2 1 3146 1224 3254
7152 2 2 2 1 3117 4330 5048
7153 2 2 2 1 2717 1352 4086
7154 2 2 2 1 249 2717 4086
7155 2 2 2 1 2959 1316 4665
7156 2 2 2 1 2485 649 4271
7157 2 2 2 1 2836 418 4372
7158 2 2 2 1 3166 171 4229
7159 2 2 2 1 147 148 4091
7160 2 2 2 1 86 87 4084
7161 2 2 2 1 2497 1347 4459
7162 2 2 2 1 580 2497 4459
7163 2 2 2 1 178 2902 5068
7164 2 2 2 1 1049 3106 4560
7165 2 2 2 1 2690 1198 3757
7166 2 2 2 1 614 3043 5629
7167 2 2 2 1 3185 1237 3245
7168 2 2 2 1 3435 771 5224
7169 2 2 2 1 2021 3435 5224
7170 2 2 2 1 1082 3211 3235
7171 2 2 2 1 2481 533 5102
7172 2 2 2 1 1081 3213 3228
7173 2 2 2 1 3597 776 3772
7174 2 2 2 1 1577 3597 3772
7175 2 2 2 1 858 2480 4326
7176 2 2 2 1 3100 671 5385
7177 2 2 2 1 2732 343 5328
7178 2 2 2 1 3029 639 3499
7179 2 2 2 1 1687 2732 5328
7180 2 2 2 1 1265 3029 3499
7181 2 2 2 1 2884 1667 3534
7182 2 2 2 1 1262 2884 3534
7183 2 2 2 1 2684 1143 3658
7184 2 2 2 1 1849 3385 4981
7185 2 2 2 1 2553 1408 3952
7186 2 2 2 1 2478 927 5078
7187 2 2 2 1 3672 186 5630
7188 2 2 2 1 1527 3297 3497
7189 2 2 2 1 3076 1615 3610
7190 2 2 2 1 1270 3076 3610
7191 2 2 2 1 2521 513 5524
7192 2 2 2 1 1695 3437 4245
7193 2 2 2 1 3437 430 4245
7194 2 2 2 1 1954 4654 5032
7195 2 2 2 1 3285 2056 4419
7196 2 2 2 1 246 247 3358
7197 2 2 2 1 533 3382 5571
7198 2 2 2 1 794 2759 4513
7199 2 2 2 1 2759 1457 4513
7200 2 2 2 1 2857 1320 5665
7201 2 2 2 1 2359 2972 4168
7202 2 2 2 1 4310 1803 4522
7203 2 2 2 1 2554 494 3957
7204 2 2 2 1 2776 3312 5582
7205 2 2 2 1 2499 414 4717
7206 2 2 2 1 1399 2499 4717
7207 2 2 2 1 2090 2974 4496
7208 2 2 2 1 514 2532 4066
7209 2 2 2 1 116 117 4201
7210 2 2 2 1 1374 3040 3722
7211 2 2 2 1 3040 1582 3722
7212 2 2 2 1 555 2490 5173
7213 2 2 2 1 207 208 4317
7214 2 2 2 1 1390 2757 4576
7215 2 2 2 1 296 295 3879
7216 2 2 2 1 1363 2763 3776
7217 2 2 2 1 2763 449 3776
7218 2 2 2 1 922 2584 3900
7219 2 2 2 1 2493 899 4301
7220 2 2 2 1 880 2555 5318
7221 2 2 2 1 796 2845 5485
7222 2 2 2 1 3096 626 4541
7223 2 2 2 1 904 2522 5012
7224 2 2 2 1 1096 2755 3605
7225 2 2 2 1 2542 1400 4631
7226 2 2 2 1 520 2542 4631
7227 2 2 2 1 763 3740 5497
7228 2 2 2 1 222 223 4597
7229 2 2 2 1 1266 3983 4822
7230 2 2 2 1 4036 2710 5548
7231 2 2 2 1 3064 1714 3990
7232 2 2 2 1 3228 1608 4342
7233 2 2 2 1 267 268 4540
7234 2 2 2 1 1303 4116 4322
7235 2 2 2 1 4116 2012 4322
7236 2 2 2 1 746 4130 4276
7237 2 2 2 1 4130 2002 4276
7238 2 2 2 1 1400 2542 4047
7239 2 2 2 1 3260 1317 3317
7240 2 2 2 1 3313 1859 4176
7241 2 2 2 1 2609 109 4531
7242 2 2 2 1 1735 4420 4643
7243 2 2 2 1 1543 3733 4674
7244 2 2 2 1 1217 2555 4732
7245 2 2 2 1 1497 2908 5251
7246 2 2 2 1 1259 3249 3273
7247 2 2 2 1 3249 1264 3273
7248 2 2 2 1 2095 4332 5384
7249 2 2 2 1 645 3609 4105
7250 2 2 2 1 2519 298 4677
7251 2 2 2 1 2620 1219 3814
7252 2 2 2 1 3032 1112 4511
7253 2 2 2 1 711 3377 3860
7254 2 2 2 1 3377 1516 3860
7255 2 2 2 1 3776 449 4831
7256 2 2 2 1 2910 1173 4992
7257 2 2 2 1 3968 1672 5135
7258 2 2 2 1 2038 3776 4831
7259 2 2 2 1 2804 1236 3666
7260 2 2 2 1 438 2804 3666
7261 2 2 2 1 589 4590 5577
7262 2 2 2 1 2853 2502 5367
7263 2 2 2 1 447 2791 4668
7264 2 2 2 1 4226 2001 5036
7265 2 2 2 1 1925 4021 5274
7266 2 2 2 1 1408 2553 4659
7267 2 2 2 1 2553 757 4659
7268 2 2 2 1 3234 701 4441
7269 2 2 2 1 643 3818 5146
7270 2 2 2 1 1627 3710 3802
7271 2 2 2 1 3710 1413 3802
7272 2 2 2 1 2634 487 3804
7273 2 2 2 1 3290 185 5580
7274 2 2 2 1 565 2548 5647
7275 2 2 2 1 3902 526 4564
7276 2 2 2 1 3119 329 3505
7277 2 2 2 1 1289 3119 3505
7278 2 2 2 1 1543 4674 4708
7279 2 2 2 1 2511 923 5028
7280 2 2 2 1 209 210 4525
7281 2 2 2 1 3036 977 4464
7282 2 2 2 1 1807 4201 5324
7283 2 2 2 1 1110 4316 4829
7284 2 2 2 1 1547 2500 5672
7285 2 2 2 1 1539 2519 4677
7286 2 2 2 1 179 180 4567
7287 2 2 2 1 554 3075 4077
7288 2 2 2 1 4088 1410 4461
7289 2 2 2 1 1275 2505 4995
7290 2 2 2 1 1468 4011 4252
7291 2 2 2 1 822 3015 4207
7292 2 2 2 1 1589 3901 4077
7293 2 2 2 1 2830 552 3667
7294 2 2 2 1 650 3067 3691
7295 2 2 2 1 2771 1188 4062
7296 2 2 2 1 652 3228 4342
7297 2 2 2 1 2769 211 3986
7298 2 2 2 1 3110 1076 4031
7299 2 2 2 1 1448 3110 4031
7300 2 2 2 1 284 283 3442
7301 2 2 2 1 3809 662 3914
7302 2 2 2 1 3324 627 4032
7303 2 2 2 1 2740 404 4083
7304 2 2 2 1 1345 2740 4083
7305 2 2 2 1 3169 1689 5459
7306 2 2 2 1 2531 697 5474
7307 2 2 2 1 1430 3209 3809
7308 2 2 2 1 4057 622 4886
7309 2 2 2 1 3546 757 4155
7310 2 2 2 1 1692 3546 4155
7311 2 2 2 1 4906 1749 5549
7312 2 2 2 1 3259 733 4663
7313 2 2 2 1 1089 3084 3365
7314 2 2 2 1 1240 2613 4509
7315 2 2 2 1 216 217 4162
7316 2 2 2 1 411 3020 4472
7317 2 2 2 1 2998 1118 3405
7318 2 2 2 1 400 2908 3490
7319 2 2 2 1 1749 3291 5549
7320 2 2 2 1 3008 783 5104
7321 2 2 2 1 2775 599 3621
7322 2 2 2 1 3907 1429 4260
7323 2 2 2 1 550 3781 4107
7324 2 2 2 1 3469 1314 4720
7325 2 2 2 1 1636 3394 5047
7326 2 2 2 1 1322 2531 4165
7327 2 2 2 1 164 3719 5218
7328 2 2 2 1 3079 361 3945
7329 2 2 2 1 1618 3954 4053
7330 2 2 2 1 2556 897 5667
7331 2 2 2 1 4503 2025 4764
7332 2 2 2 1 3877 1619 4980
7333 2 2 2 1 4486 1326 4855
7334 2 2 2 1 2777 4545 5246
7335 2 2 2 1 1384 3413 3741
7336 2 2 2 1 1634 4465 5287
7337 2 2 2 1 3275 594 3625
7338 2 2 2 1 1717 2805 4589
7339 2 2 2 1 2805 2050 4589
7340 2 2 2 1 3356 615 3565
7341 2 2 2 1 2658 34 3920
7342 2 2 2 1 3130 1885 5367
7343 2 2 2 1 967 3130 5367
7344 2 2 2 1 3261 1157 3464
7345 2 2 2 1 3091 1153 3349
7346 2 2 2 1 3587 630 4976
7347 2 2 2 1 3079 1193 3356
7348 2 2 2 1 1538 3166 4229
7349 2 2 2 1 1581 2512 5277
7350 2 2 2 1 2808 910 5050
7351 2 2 2 1 1711 4127 5247
7352 2 2 2 1 399 3367 4135
7353 2 2 2 1 2366 4486 4855
7354 2 2 2 1 2737 1554 5107
7355 2 2 2 1 895 2497 4500
7356 2 2 2 1 3244 1706 3439
7357 2 2 2 1 4537 2023 4920
7358 2 2 2 1 513 2495 4930
7359 2 2 2 1 4506 1092 5103
7360 2 2 2 1 2578 539 4134
7361 2 2 2 1 1742 3314 3502
7362 2 2 2 1 475 2502 4762
7363 2 2 2 1 3314 535 3502
7364 2 2 2 1 2798 1318 4142
7365 2 2 2 1 3135 3961 5255
7366 2 2 2 1 553 4407 4432
7367 2 2 2 1 453 2558 5636
7368 2 2 2 1 2558 1650 5636
7369 2 2 2 1 2503 397 4415
7370 2 2 2 1 1073 3151 3500
7371 2 2 2 1 891 2600 3969
7372 2 2 2 1 2935 936 5006
7373 2 2 2 1 1676 2935 5006
7374 2 2 2 1 4845 218 4908
7375 2 2 2 1 1568 3554 4779
7376 2 2 2 1 3554 1895 4779
7377 2 2 2 1 3084 1359 3365
7378 2 2 2 1 2624 752 4375
7379 2 2 2 1 1370 2624 4375
7380 2 2 2 1 1317 2501 4734
7381 2 2 2 1 1112 3112 3348
7382 2 2 2 1 2795 236 5451
7383 2 2 2 1 1182 3058 3871
7384 2 2 2 1 3031 1530 3779
7385 2 2 2 1 1114 2784 3866
7386 2 2 2 1 4608 2476 5183
7387 2 2 2 1 1538 4229 4830
7388 2 2 2 1 681 3095 5303
7389 2 2 2 1 1237 3884 5358
7390 2 2 2 1 2354 3008 5104
7391 2 2 2 1 3242 716 4962
7392 2 2 2 1 1822 3242 4962
7393 2 2 2 1 2922 611 5641
7394 2 2 2 1 2040 2889 5274
7395 2 2 2 1 1239 3386 3407
7396 2 2 2 1 3386 1361 3407
7397 2 2 2 1 1219 3472 4948
7398 2 2 2 1 471 4608 5183
7399 2 2 2 1 1110 3055 3654
7400 2 2 2 1 2546 1460 4169
7401 2 2 2 1 3736 1722 4760
7402 2 2 2 1 898 2514 4927
7403 2 2 2 1 2514 1438 4927
7404 2 2 2 1 1644 3023 4796
7405 2 2 2 1 3023 645 4796
7406 2 2 2 1 2523 1080 4310
7407 2 2 2 1 3781 1756 4107
7408 2 2 2 1 3875 1799 4315
7409 2 2 2 1 4191 555 5173
7410 2 2 2 1 2663 1276 3818
7411 2 2 2 1 2532 926 5355
7412 2 2 2 1 975 2596 4082
7413 2 2 2 1 5102 533 5571
7414 2 2 2 1 1985 3967 5376
7415 2 2 2 1 3266 1762 5452
7416 2 2 2 1 4412 663 5038
7417 2 2 2 1 3093 998 4993
7418 2 2 2 1 944 2690 3757
7419 2 2 2 1 1409 3402 3673
7420 2 2 2 1 2570 1800 5673
7421 2 2 2 1 306 2528 4673
7422 2 2 2 1 3279 787 3642
7423 2 2 2 1 1394 3279 3642
7424 2 2 2 1 2808 1611 5259
7425 2 2 2 1 3688 1882 4543
7426 2 2 2 1 444 3688 4543
7427 2 2 2 1 1185 2914 4412
7428 2 2 2 1 1282 2623 4099
7429 2 2 2 1 364 4844 5340
7430 2 2 2 1 2623 887 4099
7431 2 2 2 1 1256 3230 3300
7432 2 2 2 1 2762 548 4239
7433 2 2 2 1 501 4468 5313
7434 2 2 2 1 2655 82 5464
7435 2 2 2 1 3379 1432 3936
7436 2 2 2 1 1533 3379 3936
7437 2 2 2 1 1458 3141 4183
7438 2 2 2 1 3141 1812 4183
7439 2 2 2 1 1446 3186 4875
7440 2 2 2 1 967 2502 4891
7441 2 2 2 1 1845 4880 5611
7442 2 2 2 1 1765 4422 5544
7443 2 2 2 1 2872 877 5159
7444 2 2 2 1 1684 2872 5159
7445 2 2 2 1 3935 1383 4194
7446 2 2 2 1 1668 4658 5505
7447 2 2 2 1 2521 1037 4380
7448 2 2 2 1 1797 4411 4740
7449 2 2 2 1 1333 2982 4285
7450 2 2 2 1 3874 2570 5673
7451 2 2 2 1 4401 1440 4526
7452 2 2 2 1 2501 634 4734
7453 2 2 2 1 2509 1818 5264
7454 2 2 2 1 430 3437 4528
7455 2 2 2 1 2502 1307 4762
7456 2 2 2 1 628 3053 4855
7457 2 2 2 1 1769 4318 5621
7458 2 2 2 1 2770 1258 4402
7459 2 2 2 1 1551 3458 4679
7460 2 2 2 1 2550 553 4432
7461 2 2 2 1 700 3927 3964
7462 2 2 2 1 3927 1764 3964
7463 2 2 2 1 2629 522 3931
7464 2 2 2 1 2759 1138 3709
7465 2 2 2 1 2519 1539 5193
7466 2 2 2 1 459 2506 5198
7467 2 2 2 1 557 2723 4448
7468 2 2 2 1 3139 1838 5543
7469 2 2 2 1 4755 2802 5423
7470 2 2 2 1 1336 4108 5072
7471 2 2 2 1 1210 3136 3809
7472 2 2 2 1 1579 2914 4219
7473 2 2 2 1 2810 339 4211
7474 2 2 2 1 1392 2810 4211
7475 2 2 2 1 1157 2997 3464
7476 2 2 2 1 2568 884 5592
7477 2 2 2 1 2603 1509 5034
7478 2 2 2 1 738 2603 5034
7479 2 2 2 1 401 3003 4781
7480 2 2 2 1 1198 2690 5049
7481 2 2 2 1 2828 2184 4090
7482 2 2 2 1 132 133 3478
7483 2 2 2 1 1547 3359 3361
7484 2 2 2 1 3359 1143 3361
7485 2 2 2 1 2544 584 4273
7486 2 2 2 1 3384 684 3839
7487 2 2 2 1 1489 3384 3839
7488 2 2 2 1 2559 1223 5530
7489 2 2 2 1 1630 2557 4198
7490 2 2 2 1 2709 746 4276
7491 2 2 2 1 1374 2709 4276
7492 2 2 2 1 2150 3682 4970
7493 2 2 2 1 3034 118 5476
7494 2 2 2 1 241 2511 4950
7495 2 2 2 1 3210 1656 5046
7496 2 2 2 1 2068 3561 5460
7497 2 2 2 1 1157 3261 5545
7498 2 2 2 1 2772 1928 3792
7499 2 2 2 1 893 3527 4269
7500 2 2 2 1 3527 1710 4269
7501 2 2 2 1 743 2900 5260
7502 2 2 2 1 387 2892 5188
7503 2 2 2 1 2900 1731 5260
7504 2 2 2 1 557 2711 4044
7505 2 2 2 1 36 2514 5051
7506 2 2 2 1 1262 2588 4505
7507 2 2 2 1 3324 1214 3325
7508 2 2 2 1 1365 3324 3325
7509 2 2 2 1 1990 3290 5580
7510 2 2 2 1 3540 1991 4990
7511 2 2 2 1 1406 2526 4473
7512 2 2 2 1 334 3021 4572
7513 2 2 2 1 3021 1570 4572
7514 2 2 2 1 621 3701 4228
7515 2 2 2 1 3701 1771 4228
7516 2 2 2 1 1091 3232 4010
7517 2 2 2 1 1037 2521 5089
7518 2 2 2 1 2521 1476 5089
7519 2 2 2 1 3008 980 3639
7520 2 2 2 1 1763 2947 5125
7521 2 2 2 1 1945 3014 3923
7522 2 2 2 1 1513 4309 4446
7523 2 2 2 1 1215 2877 3587
7524 2 2 2 1 155 156 3496
7525 2 2 2 1 3355 704 4410
7526 2 2 2 1 1675 3355 4410
7527 2 2 2 1 243 244 3686
7528 2 2 2 1 3048 192 5136
7529 2 2 2 1 143 144 5544
7530 2 2 2 1 123 124 5341
7531 2 2 2 1 3351 1470 4005
7532 2 2 2 1 2980 1823 4379
7533 2 2 2 1 1483 3896 4383
7534 2 2 2 1 3495 1022 5486
7535 2 2 2 1 2193 3737 5414
7536 2 2 2 1 3264 4305 5664
7537 2 2 2 1 4407 2362 4432
7538 2 2 2 1 3478 1945 5547
7539 2 2 2 1 2857 1564 4814
7540 2 2 2 1 1133 3319 3669
7541 2 2 2 1 760 2857 4814
7542 2 2 2 1 218 219 4908
7543 2 2 2 1 1312 4089 5209
7544 2 2 2 1 2972 1578 4194
7545 2 2 2 1 657 2972 4194
7546 2 2 2 1 363 3180 5236
7547 2 2 2 1 3789 1726 5562
7548 2 2 2 1 2321 3789 5562
7549 2 2 2 1 2518 693 4991
7550 2 2 2 1 404 2740 3761
7551 2 2 2 1 2965 3556 4728
7552 2 2 2 1 1257 2996 3829
7553 2 2 2 1 756 2672 4056
7554 2 2 2 1 1098 3371 5563
7555 2 2 2 1 3381 1479 4138
7556 2 2 2 1 4386 1444 5170
7557 2 2 2 1 2612 148 5599
7558 2 2 2 1 622 2800 4682
7559 2 2 2 1 2800 1497 4682
7560 2 2 2 1 936 2523 5006
7561 2 2 2 1 1226 3260 3317
7562 2 2 2 1 2522 347 4619
7563 2 2 2 1 3485 627 3864
7564 2 2 2 1 1552 2530 5094
7565 2 2 2 1 1540 3485 3864
7566 2 2 2 1 1364 3831 3982
7567 2 2 2 1 1067 3314 4648
7568 2 2 2 1 3314 1742 4648
7569 2 2 2 1 3060 1480 4242
7570 2 2 2 1 633 3060 4242
7571 2 2 2 1 2515 974 4902
7572 2 2 2 1 543 3187 3498
7573 2 2 2 1 3187 1293 3498
7574 2 2 2 1 3737 515 5414
7575 2 2 2 1 1115 2928 5405
7576 2 2 2 1 135 136 3704
7577 2 2 2 1 3152 700 5546
7578 2 2 2 1 2924 1183 3567
7579 2 2 2 1 2519 1766 4763
7580 2 2 2 1 2731 1546 3782
7581 2 2 2 1 315 314 3516
7582 2 2 2 1 1384 3741 3897
7583 2 2 2 1 1693 2524 4699
7584 2 2 2 1 3183 1790 5045
7585 2 2 2 1 443 2525 4633
7586 2 2 2 1 643 3493 3818
7587 2 2 2 1 161 162 4566
7588 2 2 2 1 2442 3975 5497
7589 2 2 2 1 1165 2566 4263
7590 2 2 2 1 932 2582 4190
7591 2 2 2 1 2864 1189 5229
7592 2 2 2 1 217 218 4845
7593 2 2 2 1 3679 2682 5480
7594 2 2 2 1 252 2911 3771
7595 2 2 2 1 2865 966 5316
7596 2 2 2 1 3269 1207 4559
7597 2 2 2 1 3481 1655 5425
7598 2 2 2 1 977 2682 3869
7599 2 2 2 1 1587 3243 5220
7600 2 2 2 1 1735 3744 4083
7601 2 2 2 1 3744 1345 4083
7602 2 2 2 1 389 2828 4090
7603 2 2 2 1 1018 2548 4403
7604 2 2 2 1 5528 1285 5671
7605 2 2 2 1 752 2624 4348
7606 2 2 2 1 60 3395 4994
7607 2 2 2 1 3412 1499 4621
7608 2 2 2 1 3209 1210 3809
7609 2 2 2 1 437 2965 5161
7610 2 2 2 1 2965 1729 5161
7611 2 2 2 1 2952 1461 4901
7612 2 2 2 1 3997 1566 4899
7613 2 2 2 1 2131 3997 4899
7614 2 2 2 1 3085 1828 4844
7615 2 2 2 1 2612 1310 4091
7616 2 2 2 1 2530 1446 4875
7617 2 2 2 1 3092 591 3455
7618 2 2 2 1 1349 3296 4857
7619 2 2 2 1 1402 2830 5572
7620 2 2 2 1 1529 2684 5312
7621 2 2 2 1 2550 933 4413
7622 2 2 2 1 4275 2035 5324
7623 2 2 2 1 2738 1492 3810
7624 2 2 2 1 789 2761 3769
7625 2 2 2 1 3337 1736 4609
7626 2 2 2 1 1005 2534 4716
7627 2 2 2 1 2939 609 5330
7628 2 2 2 1 672 3337 4609
7629 2 2 2 1 290 2843 5293
7630 2 2 2 1 2578 1279 4516
7631 2 2 2 1 2806 483 4578
7632 2 2 2 1 3821 1757 4787
7633 2 2 2 1 953 2708 4431
7634 2 2 2 1 4422 2330 5544
7635 2 2 2 1 1358 3764 4245
7636 2 2 2 1 612 3222 3692
7637 2 2 2 1 515 4016 5414
7638 2 2 2 1 350 3214 4430
7639 2 2 2 1 4016 2383 5414
7640 2 2 2 1 1335 2639 5424
7641 2 2 2 1 3222 1377 3692
7642 2 2 2 1 1388 3087 3887
7643 2 2 2 1 3087 201 3887
7644 2 2 2 1 2690 944 4998
7645 2 2 2 1 1392 4215 4647
7646 2 2 2 1 4215 2133 4647
7647 2 2 2 1 605 3111 3752
7648 2 2 2 1 3416 1351 3648
7649 2 2 2 1 3111 1356 3752
7650 2 2 2 1 2626 538 4175
7651 2 2 2 1 3592 653 4974
7652 2 2 2 1 3908 660 4813
7653 2 2 2 1 2566 1021 4344
7654 2 2 2 1 3651 1926 3975
7655 2 2 2 1 2555 1217 5318
7656 2 2 2 1 4794 1587 5205
7657 2 2 2 1 2032 3087 4158
7658 2 2 2 1 3718 1968 5494
7659 2 2 2 1 2754 49 3815
7660 2 2 2 1 2207 4435 4555
7661 2 2 2 1 4435 731 4555
7662 2 2 2 1 1003 3289 4780
7663 2 2 2 1 1041 3067 4548
7664 2 2 2 1 4258 2054 5155
7665 2 2 2 1 942 2724 4783
7666 2 2 2 1 2934 1729 5238
7667 2 2 2 1 797 2934 5238
7668 2 2 2 1 3487 2799 4616
7669 2 2 2 1 2846 1199 4608
7670 2 2 2 1 2835 338 3883
7671 2 2 2 1 3813 1245 5283
7672 2 2 2 1 1281 2835 3883
7673 2 2 2 1 2597 894 5644
7674 2 2 2 1 4615 668 4910
7675 2 2 2 1 1509 2603 5064
7676 2 2 2 1 3235 334 4572
7677 2 2 2 1 2545 1888 5043
7678 2 2 2 1 3114 1900 5103
7679 2 2 2 1 2752 742 4331
7680 2 2 2 1 318 317 4978
7681 2 2 2 1 3505 1487 3793
7682 2 2 2 1 740 4022 4581
7683 2 2 2 1 2782 1204 4363
7684 2 2 2 1 2749 2100 4475
7685 2 2 2 1 3267 4213 5483
7686 2 2 2 1 2779 982 3844
7687 2 2 2 1 3118 169 5349
7688 2 2 2 1 153 2640 4132
7689 2 2 2 1 3410 1406 3576
7690 2 2 2 1 1046 2821 3725
7691 2 2 2 1 753 3923 5421
7692 2 2 2 1 3399 406 4256
7693 2 2 2 1 2547 549 5029
7694 2 2 2 1 3638 2383 5514
7695 2 2 2 1 1783 3100 5385
7696 2 2 2 1 2838 679 3937
7697 2 2 2 1 538 2552 5148
7698 2 2 2 1 3375 1083 4038
7699 2 2 2 1 1545 3375 4038
7700 2 2 2 1 1090 3134 3459
7701 2 2 2 1 1056 3584 5359
7702 2 2 2 1 263 264 3808
7703 2 2 2 1 1285 3830 5671
7704 2 2 2 1 3797 1750 4108
7705 2 2 2 1 1336 3797 4108
7706 2 2 2 1 2840 16 4849
7707 2 2 2 1 3580 2209 3737
7708 2 2 2 1 4981 2556 5667
7709 2 2 2 1 3328 1194 4441
7710 2 2 2 1 3449 2948 5254
7711 2 2 2 1 3140 1303 3623
7712 2 2 2 1 1583 3140 3623
7713 2 2 2 1 2938 1167 5191
7714 2 2 2 1 4626 3212 5377
7715 2 2 2 1 219 220 3573
7716 2 2 2 1 2725 930 4152
7717 2 2 2 1 1310 2612 4180
7718 2 2 2 1 790 4148 4975
7719 2 2 2 1 3220 1075 3448
7720 2 2 2 1 2349 4725 5114
7721 2 2 2 1 1633 3766 5088
7722 2 2 2 1 416 2785 4131
7723 2 2 2 1 2785 1346 4131
7724 2 2 2 1 3080 1196 3924
7725 2 2 2 1 1682 3467 5471
7726 2 2 2 1 3107 1041 4548
7727 2 2 2 1 887 2637 4099
7728 2 2 2 1 534 2584 5449
7729 2 2 2 1 1323 3869 3894
7730 2 2 2 1 3319 1133 3697
7731 2 2 2 1 2675 1628 4672
7732 2 2 2 1 3570 730 3739
7733 2 2 2 1 1501 3570 3739
7734 2 2 2 1 1522 4610 4973
7735 2 2 2 1 1455 2927 4649
7736 2 2 2 1 251 252 3771
7737 2 2 2 1 2576 487 5372
7738 2 2 2 1 5203 1292 5322
7739 2 2 2 1 950 3539 5423
7740 2 2 2 1 1594 2879 4929
7741 2 2 2 1 2879 32 4929
7742 2 2 2 1 3000 1352 4421
7743 2 2 2 1 3372 1056 5359
7744 2 2 2 1 323 322 3589
7745 2 2 2 1 1905 3066 4022
7746 2 2 2 1 537 2722 5227
7747 2 2 2 1 2237 2770 4692
7748 2 2 2 1 2569 1355 4862
7749 2 2 2 1 2688 346 4691
7750 2 2 2 1 31 2879 4641
7751 2 2 2 1 4111 1443 4535
7752 2 2 2 1 236 237 5451
7753 2 2 2 1 1160 2693 4574
7754 2 2 2 1 2555 391 4732
7755 2 2 2 1 2239 4230 5650
7756 2 2 2 1 44 2675 4672
7757 2 2 2 1 1546 3637 3782
7758 2 2 2 1 3637 651 3782
7759 2 2 2 1 3453 1412 3582
7760 2 2 2 1 1302 3453 3582
7761 2 2 2 1 2769 1273 3846
7762 2 2 2 1 4065 1399 5632
7763 2 2 2 1 1471 3482 3761
7764 2 2 2 1 3482 404 3761
7765 2 2 2 1 1554 2874 4821
7766 2 2 2 1 2874 727 4821
7767 2 2 2 1 3232 1503 4646
7768 2 2 2 1 1064 2672 4026
7769 2 2 2 1 1914 3995 4192
7770 2 2 2 1 3995 358 4192
7771 2 2 2 1 332 4490 4857
7772 2 2 2 1 2594 722 4355
7773 2 2 2 1 1432 3379 4162
7774 2 2 2 1 1757 3821 4115
7775 2 2 2 1 3821 1339 4115
7776 2 2 2 1 2640 1436 4132
7777 2 2 2 1 3167 1246 4027
7778 2 2 2 1 2727 1311 3942
7779 2 2 2 1 2728 130 4133
7780 2 2 2 1 3548 576 3816
7781 2 2 2 1 1517 3548 3816
7782 2 2 2 1 94 2727 3942
7783 2 2 2 1 600 2587 4487
7784 2 2 2 1 3277 1867 4958
7785 2 2 2 1 3410 685 3626
7786 2 2 2 1 1406 3410 3626
7787 2 2 2 1 1686 3447 4403
7788 2 2 2 1 3447 1018 4403
7789 2 2 2 1 1126 2918 3671
7790 2 2 2 1 4210 2072 4561
7791 2 2 2 1 3334 1524 5076
7792 2 2 2 1 1539 4210 4561
7793 2 2 2 1 3258 1212 4804
7794 2 2 2 1 198 199 3947
7795 2 2 2 1 3088 1024 4461
7796 2 2 2 1 3009 1200 5590
7797 2 2 2 1 886 2578 4516
7798 2 2 2 1 1603 4558 5152
7799 2 2 2 1 2237 4692 5517
7800 2 2 2 1 5215 2466 5391
7801 2 2 2 1 2709 1374 5455
7802 2 2 2 1 2211 3525 5077
7803 2 2 2 1 2809 1367 4195
7804 2 2 2 1 769 2809 4195
7805 2 2 2 1 419 4600 5121
7806 2 2 2 1 4600 2538 5121
7807 2 2 2 1 1048 3202 4871
7808 2 2 2 1 211 212 3986
7809 2 2 2 1 2940 1848 4046
7810 2 2 2 1 4000 1676 4508
7811 2 2 2 1 1964 4000 4508
7812 2 2 2 1 2592 1385 5436
7813 2 2 2 1 525 2574 5215
7814 2 2 2 1 2807 698 3807
7815 2 2 2 1 2947 1763 5595
7816 2 2 2 1 2567 2115 4847
7817 2 2 2 1 28 2567 4847
7818 2 2 2 1 2669 1226 4843
7819 2 2 2 1 2260 2991 5482
7820 2 2 2 1 3175 47 4926
7821 2 2 2 1 2715 388 3962
7822 2 2 2 1 1718 3888 5005
7823 2 2 2 1 2598 465 4404
7824 2 2 2 1 735 3177 4664
7825 2 2 2 1 1988 2577 5232
7826 2 2 2 1 2747 1299 3925
7827 2 2 2 1 3457 1628 4500
7828 2 2 2 1 236 2795 4429
7829 2 2 2 1 355 2569 4862
7830 2 2 2 1 2667 431 5073
7831 2 2 2 1 1534 2667 5073
7832 2 2 2 1 1718 3509 4394
7833 2 2 2 1 3509 451 4394
7834 2 2 2 1 1585 3220 3448
7835 2 2 2 1 2930 1292 4288
7836 2 2 2 1 469 2760 3999
7837 2 2 2 1 2587 1321 4487
7838 2 2 2 1 3377 711 3381
7839 2 2 2 1 2947 639 5125
7840 2 2 2 1 1306 3377 3381
7841 2 2 2 1 2885 1135 3714
7842 2 2 2 1 110 111 5189
7843 2 2 2 1 1147 2577 5188
7844 2 2 2 1 2349 3170 4725
7845 2 2 2 1 1647 5001 5661
7846 2 2 2 1 1239 2698 4764
7847 2 2 2 1 1534 4145 5130
7848 2 2 2 1 151 152 5555
7849 2 2 2 1 2855 836 3755
7850 2 2 2 1 4145 2291 5130
7851 2 2 2 1 1719 4569 5390
7852 2 2 2 1 1138 3244 3439
7853 2 2 2 1 1290 2613 4753
7854 2 2 2 1 733 3351 4005
7855 2 2 2 1 4040 1616 4756
7856 2 2 2 1 1867 3756 4249
7857 2 2 2 1 3049 394 3798
7858 2 2 2 1 2703 674 4736
7859 2 2 2 1 2784 1700 3866
7860 2 2 2 1 1551 4678 4778
7861 2 2 2 1 1684 3121 3957
7862 2 2 2 1 1180 3019 3838
7863 2 2 2 1 91 92 5033
7864 2 2 2 1 2719 957 4240
7865 2 2 2 1 1177 2683 4054
7866 2 2 2 1 183 184 5510
7867 2 2 2 1 673 2718 4039
7868 2 2 2 1 2718 1272 4039
7869 2 2 2 1 4387 1416 4521
7870 2 2 2 1 395 3051 4121
7871 2 2 2 1 3373 1227 5244
7872 2 2 2 1 913 3042 5522
7873 2 2 2 1 2904 1386 4208
7874 2 2 2 1 3042 1839 5522
7875 2 2 2 1 1499 3412 3616
7876 2 2 2 1 1292 3822 5322
7877 2 2 2 1 3075 1129 4077
7878 2 2 2 1 3214 1109 4430
7879 2 2 2 1 1715 3095 4259
7880 2 2 2 1 1895 4243 4779
7881 2 2 2 1 2951 2030 5139
7882 2 2 2 1 2836 1827 3832
7883 2 2 2 1 2739 594 3977
7884 2 2 2 1 3739 1513 4446
7885 2 2 2 1 2591 1004 4554
7886 2 2 2 1 2825 465 5306
7887 2 2 2 1 1095 2659 4156
7888 2 2 2 1 4725 882 5114
7889 2 2 2 1 1582 3040 4724
7890 2 2 2 1 3040 260 4724
7891 2 2 2 1 3209 372 5100
7892 2 2 2 1 539 2578 4928
7893 2 2 2 1 1995 3366 5364
7894 2 2 2 1 3271 511 5381
7895 2 2 2 1 544 2774 3913
7896 2 2 2 1 1723 2634 4274
7897 2 2 2 1 2583 1722 5339
7898 2 2 2 1 582 2798 4142
7899 2 2 2 1 2597 357 4544
7900 2 2 2 1 4953 1563 5217
7901 2 2 2 1 1570 2594 4572
7902 2 2 2 1 2201 3371 5378
7903 2 2 2 1 1843 3512 5563
7904 2 2 2 1 180 181 4000
7905 2 2 2 1 934 2835 4051
7906 2 2 2 1 2843 1642 5293
7907 2 2 2 1 2881 738 4018
7908 2 2 2 1 1333 2881 4018
7909 2 2 2 1 4283 12 4687
7910 2 2 2 1 2589 395 5219
7911 2 2 2 1 1265 3499 3675
7912 2 2 2 1 2957 1442 4365
7913 2 2 2 1 586 2957 4365
7914 2 2 2 1 1977 3617 3618
7915 2 2 2 1 3617 1134 3618
7916 2 2 2 1 5093 709 5633
7917 2 2 2 1 3023 1114 3866
7918 2 2 2 1 654 2808 5259
7919 2 2 2 1 3043 4351 5629
7920 2 2 2 1 1126 2736 4002
7921 2 2 2 1 670 2863 3779
7922 2 2 2 1 2812 407 3896
7923 2 2 2 1 1464 2836 3832
7924 2 2 2 1 1241 2725 5056
7925 2 2 2 1 1734 3338 3419
7926 2 2 2 1 1670 3822 3980
7927 2 2 2 1 3822 1292 3980
7928 2 2 2 1 3338 517 3419
7929 2 2 2 1 3142 1245 3813
7930 2 2 2 1 930 2801 4152
7931 2 2 2 1 2598 1541 5306
7932 2 2 2 1 465 2598 5306
7933 2 2 2 1 1354 2622 4942
7934 2 2 2 1 1124 3236 3481
7935 2 2 2 1 1109 3251 4430
7936 2 2 2 1 894 2592 5436
7937 2 2 2 1 972 3060 5237
7938 2 2 2 1 4292 2433 5285
7939 2 2 2 1 762 4292 5285
7940 2 2 2 1 1747 2607 5407
7941 2 2 2 1 372 2866 3949
7942 2 2 2 1 1379 3841 4247
7943 2 2 2 1 3841 1791 4247
7944 2 2 2 1 2589 901 4768
7945 2 2 2 1 103 104 4584
7946 2 2 2 1 2742 1535 4008
7947 2 2 2 1 2733 4030 5663
7948 2 2 2 1 1652 3450 5241
7949 2 2 2 1 1255 3589 5666
7950 2 2 2 1 1706 2595 4693
7951 2 2 2 1 4257 1465 4518
7952 2 2 2 1 3764 1695 4245
7953 2 2 2 1 1560 2601 5271
7954 2 2 2 1 2587 1630 5421
7955 2 2 2 1 630 3587 3690
7956 2 2 2 1 2726 979 4704
7957 2 2 2 1 1818 3170 5264
7958 2 2 2 1 3170 367 5264
7959 2 2 2 1 2653 633 4242
7960 2 2 2 1 3160 1537 4354
7961 2 2 2 1 713 3160 4354
7962 2 2 2 1 2681 1454 4998
7963 2 2 2 1 1628 3188 4672
7964 2 2 2 1 3188 43 4672
7965 2 2 2 1 532 2592 4828
7966 2 2 2 1 1640 2595 5115
7967 2 2 2 1 2649 1031 4287
7968 2 2 2 1 4890 503 5607
7969 2 2 2 1 5408 2143 5616
7970 2 2 2 1 2592 894 4820
7971 2 2 2 1 3289 1681 4780
7972 2 2 2 1 735 2670 5023
7973 2 2 2 1 1226 3317 5086
7974 2 2 2 1 2595 1706 5625
7975 2 2 2 1 1166 2644 5023
7976 2 2 2 1 2915 1789 4164
7977 2 2 2 1 3591 1577 3592
7978 2 2 2 1 1201 3591 3592
7979 2 2 2 1 1468 3598 3693
7980 2 2 2 1 3598 1291 3693
7981 2 2 2 1 1403 2823 3878
7982 2 2 2 1 2875 921 5675
7983 2 2 2 1 2986 1702 5199
7984 2 2 2 1 647 2986 5199
7985 2 2 2 1 477 3139 5543
7986 2 2 2 1 1574 2602 4698
7987 2 2 2 1 2790 1582 4724
7988 2 2 2 1 261 2790 4724
7989 2 2 2 1 3125 2034 4702
7990 2 2 2 1 2596 1097 4907
7991 2 2 2 1 1273 2769 3986
7992 2 2 2 1 2656 1017 4268
7993 2 2 2 1 2599 1748 5080
7994 2 2 2 1 2604 900 4723
7995 2 2 2 1 1573 3252 3495
7996 2 2 2 1 3252 575 3495
7997 2 2 2 1 3409 1567 3956
7998 2 2 2 1 1637 3702 4697
7999 2 2 2 1 2600 891 5075
8000 2 2 2 1 2654 11 4283
8001 2 2 2 1 4157 2056 5067
8002 2 2 2 1 56 3253 5228
8003 2 2 2 1 860 2599 5498
8004 2 2 2 1 3112 644 4356
8005 2 2 2 1 3294 1055 4578
8006 2 2 2 1 1498 3112 4356
8007 2 2 2 1 2780 406 3970
8008 2 2 2 1 1500 2743 4057
8009 2 2 2 1 78 79 5244
8010 2 2 2 1 525 5215 5391
8011 2 2 2 1 2911 1211 3771
8012 2 2 2 1 4482 240 4950
8013 2 2 2 1 1054 2642 4859
8014 2 2 2 1 3984 586 4365
8015 2 2 2 1 2609 1478 4712
8016 2 2 2 1 2817 1673 5433
8017 2 2 2 1 4490 2130 4857
8018 2 2 2 1 1629 3003 4956
8019 2 2 2 1 3003 401 4956
8020 2 2 2 1 459 2956 3727
8021 2 2 2 1 2932 398 3747
8022 2 2 2 1 3166 1836 5349
8023 2 2 2 1 170 3166 5349
8024 2 2 2 1 4230 1270 5650
8025 2 2 2 1 3551 1420 3826
8026 2 2 2 1 3803 2864 5142
8027 2 2 2 1 412 3124 4120
8028 2 2 2 1 3124 1431 4120
8029 2 2 2 1 4332 1294 5384
8030 2 2 2 1 3395 1456 4153
8031 2 2 2 1 1703 3395 4153
8032 2 2 2 1 2626 1173 4474
8033 2 2 2 1 2011 4879 5398
8034 2 2 2 1 1597 3637 5419
8035 2 2 2 1 2607 423 4801
8036 2 2 2 1 1392 3769 4215
8037 2 2 2 1 3390 4329 5551
8038 2 2 2 1 1316 3012 4159
8039 2 2 2 1 16 17 4849
8040 2 2 2 1 258 259 3708
8041 2 2 2 1 1914 4192 4223
8042 2 2 2 1 4192 1296 4223
8043 2 2 2 1 3090 1339 3821
8044 2 2 2 1 642 3090 3821
8045 2 2 2 1 2609 890 5113
8046 2 2 2 1 1478 2609 5113
8047 2 2 2 1 3724 478 5090
8048 2 2 2 1 3554 2210 5052
8049 2 2 2 1 2026 3724 5090
8050 2 2 2 1 2138 4120 4911
8051 2 2 2 1 4120 1431 4911
8052 2 2 2 1 3196 1775 5116
8053 2 2 2 1 721 3196 5116
8054 2 2 2 1 1575 3645 3646
8055 2 2 2 1 3645 1216 3646
8056 2 2 2 1 2895 4989 5028
8057 2 2 2 1 908 2610 5112
8058 2 2 2 1 104 105 3778
8059 2 2 2 1 1912 2614 5365
8060 2 2 2 1 3161 1231 4338
8061 2 2 2 1 2622 1354 4872
8062 2 2 2 1 5510 2253 5576
8063 2 2 2 1 3711 1327 3901
8064 2 2 2 1 1589 3711 3901
8065 2 2 2 1 362 3614 5397
8066 2 2 2 1 2636 1556 4481
8067 2 2 2 1 4475 2100 5310
8068 2 2 2 1 3584 2055 5359
8069 2 2 2 1 1705 2671 4280
8070 2 2 2 1 3190 1131 4280
8071 2 2 2 1 1267 2713 4499
8072 2 2 2 1 2674 357 4259
8073 2 2 2 1 3257 2147 3983
8074 2 2 2 1 709 3386 5633
8075 2 2 2 1 2574 3262 5321
8076 2 2 2 1 3043 1036 4351
8077 2 2 2 1 836 3835 3842
8078 2 2 2 1 3835 1613 3842
8079 2 2 2 1 651 3006 3782
8080 2 2 2 1 2848 1946 4137
8081 2 2 2 1 3568 1393 4232
8082 2 2 2 1 2616 1903 5338
8083 2 2 2 1 2620 484 5412
8084 2 2 2 1 2763 1363 4550
8085 2 2 2 1 394 3049 3991
8086 2 2 2 1 1229 3306 5577
8087 2 2 2 1 4314 1591 5214
8088 2 2 2 1 1547 2933 5174
8089 2 2 2 1 982 2945 3844
8090 2 2 2 1 3297 397 3497
8091 2 2 2 1 1230 2989 4520
8092 2 2 2 1 2007 3813 5283
8093 2 2 2 1 1293 2673 5334
8094 2 2 2 1 2613 425 4753
8095 2 2 2 1 1234 2854 5674
8096 2 2 2 1 1795 2612 5599
8097 2 2 2 1 2670 1166 5023
8098 2 2 2 1 2927 1595 5239
8099 2 2 2 1 5 2976 5186
8100 2 2 2 1 2976 1674 5186
8101 2 2 2 1 3256 1923 5311
8102 2 2 2 1 915 2713 4988
8103 2 2 2 1 3175 4926 5642
8104 2 2 2 1 1391 2728 4133
8105 2 2 2 1 2615 904 4746
8106 2 2 2 1 4705 781 5017
8107 2 2 2 1 680 2771 4062
8108 2 2 2 1 2756 441 4586
8109 2 2 2 1 564 4506 5662
8110 2 2 2 1 3996 474 4306
8111 2 2 2 1 2974 1247 4048
8112 2 2 2 1 1779 2933 4003
8113 2 2 2 1 686 3712 4436
8114 2 2 2 1 3712 1830 4436
8115 2 2 2 1 2831 4393 5604
8116 2 2 2 1 2544 4273 4944
8117 2 2 2 1 4149 1869 5319
8118 2 2 2 1 1267 3424 4071
8119 2 2 2 1 1522 4141 4530
8120 2 2 2 1 697 2638 4569
8121 2 2 2 1 49 50 3815
8122 2 2 2 1 3137 2461 5190
8123 2 2 2 1 1047 3715 4770
8124 2 2 2 1 578 2615 5200
8125 2 2 2 1 1036 3072 4351
8126 2 2 2 1 1224 3160 5037
8127 2 2 2 1 2028 4191 5173
8128 2 2 2 1 3853 1254 3854
8129 2 2 2 1 1640 3853 3854
8130 2 2 2 1 3275 1230 3535
8131 2 2 2 1 3157 198 3947
8132 2 2 2 1 1441 3695 4667
8133 2 2 2 1 2308 4411 5177
8134 2 2 2 1 1043 2922 3827
8135 2 2 2 1 2811 1751 3999
8136 2 2 2 1 1881 3233 3703
8137 2 2 2 1 1129 3048 5016
8138 2 2 2 1 3233 604 3703
8139 2 2 2 1 935 2947 5595
8140 2 2 2 1 3576 457 4805
8141 2 2 2 1 687 2916 3837
8142 2 2 2 1 4414 1879 5281
8143 2 2 2 1 3774 731 5079
8144 2 2 2 1 1301 3223 4107
8145 2 2 2 1 2850 1331 4450
8146 2 2 2 1 3095 1715 5303
8147 2 2 2 1 2906 1240 4509
8148 2 2 2 1 1702 3357 5167
8149 2 2 2 1 1407 2756 4586
8150 2 2 2 1 2741 1308 4407
8151 2 2 2 1 246 3358 4752
8152 2 2 2 1 1646 2861 5313
8153 2 2 2 1 2861 501 5313
8154 2 2 2 1 346 2688 4305
8155 2 2 2 1 486 2706 4255
8156 2 2 2 1 2706 1305 4255
8157 2 2 2 1 1076 2799 4031
8158 2 2 2 1 467 2632 5315
8159 2 2 2 1 1730 4014 4975
8160 2 2 2 1 4450 1331 5255
8161 2 2 2 1 2468 4450 5255
8162 2 2 2 1 3720 1854 3721
8163 2 2 2 1 1182 3720 3721
8164 2 2 2 1 596 2692 4963
8165 2 2 2 1 2692 1471 4963
8166 2 2 2 1 1088 2851 4661
8167 2 2 2 1 2851 1450 4661
8168 2 2 2 1 2785 925 4293
8169 2 2 2 1 1533 2891 4671
8170 2 2 2 1 2891 214 4671
8171 2 2 2 1 960 2622 4872
8172 2 2 2 1 2941 1878 4928
8173 2 2 2 1 2835 1281 4051
8174 2 2 2 1 2889 1329 4249
8175 2 2 2 1 4058 712 4509
8176 2 2 2 1 3391 978 5204
8177 2 2 2 1 1571 3778 4870
8178 2 2 2 1 3778 1960 4870
8179 2 2 2 1 3001 370 5631
8180 2 2 2 1 3500 508 4497
8181 2 2 2 1 1916 3500 4497
8182 2 2 2 1 1230 2919 5504
8183 2 2 2 1 3407 1361 3577
8184 2 2 2 1 405 3407 3577
8185 2 2 2 1 3287 1926 4006
8186 2 2 2 1 2644 1459 4651
8187 2 2 2 1 611 2922 4637
8188 2 2 2 1 624 2758 4154
8189 2 2 2 1 1142 3609 5448
8190 2 2 2 1 1234 3276 5341
8191 2 2 2 1 581 2707 4730
8192 2 2 2 1 999 2652 4556
8193 2 2 2 1 1891 4832 4984
8194 2 2 2 1 1469 3454 3650
8195 2 2 2 1 3454 755 3650
8196 2 2 2 1 2676 405 4952
8197 2 2 2 1 1453 2676 4952
8198 2 2 2 1 616 3615 4924
8199 2 2 2 1 4576 2757 5450
8200 2 2 2 1 2635 971 4799
8201 2 2 2 1 805 3340 5649
8202 2 2 2 1 4584 1571 5500
8203 2 2 2 1 2629 1809 4905
8204 2 2 2 1 1227 3373 5365
8205 2 2 2 1 3373 1912 5365
8206 2 2 2 1 2631 537 4969
8207 2 2 2 1 331 2644 5408
8208 2 2 2 1 3019 1180 4479
8209 2 2 2 1 1491 3019 4479
8210 2 2 2 1 351 2968 4935
8211 2 2 2 1 2579 4892 5409
8212 2 2 2 1 2968 1593 4935
8213 2 2 2 1 2034 4382 5652
8214 2 2 2 1 4592 1769 5369
8215 2 2 2 1 865 2630 4983
8216 2 2 2 1 4411 495 5177
8217 2 2 2 1 658 3440 5015
8218 2 2 2 1 670 3310 3989
8219 2 2 2 1 1490 3519 4792
8220 2 2 2 1 3637 5009 5419
8221 2 2 2 1 2545 4584 5500
8222 2 2 2 1 603 2720 5122
8223 2 2 2 1 852 3895 3922
8224 2 2 2 1 3895 1651 3922
8225 2 2 2 1 3619 1559 5197
8226 2 2 2 1 1264 3249 4811
8227 2 2 2 1 668 2867 3948
8228 2 2 2 1 2866 1243 3949
8229 2 2 2 1 1557 3624 3910
8230 2 2 2 1 3575 2954 5475
8231 2 2 2 1 984 3227 4957
8232 2 2 2 1 2640 931 4944
8233 2 2 2 1 3504 1192 3506
8234 2 2 2 1 1436 2640 4944
8235 2 2 2 1 3389 2312 3803
8236 2 2 2 1 2659 1610 5569
8237 2 2 2 1 1576 3504 3506
8238 2 2 2 1 370 2659 5569
8239 2 2 2 1 4971 1986 5548
8240 2 2 2 1 1747 4041 5162
8241 2 2 2 1 982 2678 5565
8242 2 2 2 1 3633 1079 5663
8243 2 2 2 1 4654 783 5032
8244 2 2 2 1 1335 3423 4149
8245 2 2 2 1 3300 1257 4319
8246 2 2 2 1 1416 2813 4521
8247 2 2 2 1 2813 341 4521
8248 2 2 2 1 1403 3557 3745
8249 2 2 2 1 3610 633 5650
8250 2 2 2 1 360 2639 5211
8251 2 2 2 1 588 2994 4117
8252 2 2 2 1 2994 1378 4117
8253 2 2 2 1 627 2664 4526
8254 2 2 2 1 2996 375 3829
8255 2 2 2 1 974 2645 4787
8256 2 2 2 1 4892 384 5409
8257 2 2 2 1 1672 3055 5111
8258 2 2 2 1 3055 745 5111
8259 2 2 2 1 3650 1324 3734
8260 2 2 2 1 3037 1354 4130
8261 2 2 2 1 779 2995 3799
8262 2 2 2 1 2815 584 4064
8263 2 2 2 1 2642 1310 4859
8264 2 2 2 1 1343 3203 3741
8265 2 2 2 1 3203 660 3741
8266 2 2 2 1 2646 436 4823
8267 2 2 2 1 1741 4627 5300
8268 2 2 2 1 1590 3312 4754
8269 2 2 2 1 2641 1432 4883
8270 2 2 2 1 1770 3766 4368
8271 2 2 2 1 3766 734 4368
8272 2 2 2 1 2953 1051 5185
8273 2 2 2 1 3226 1139 4749
8274 2 2 2 1 3685 616 4924
8275 2 2 2 1 1532 3108 4522
8276 2 2 2 1 3108 675 4522
8277 2 2 2 1 839 3874 5673
8278 2 2 2 1 1786 3398 5496
8279 2 2 2 1 276 2884 4505
8280 2 2 2 1 533 2643 4959
8281 2 2 2 1 2651 434 5354
8282 2 2 2 1 1704 3017 4042
8283 2 2 2 1 2868 1249 4903
8284 2 2 2 1 3185 602 4896
8285 2 2 2 1 3349 1153 5325
8286 2 2 2 1 1650 2995 5133
8287 2 2 2 1 2995 779 5133
8288 2 2 2 1 1320 3877 5665
8289 2 2 2 1 235 236 4429
8290 2 2 2 1 3086 1161 4733
8291 2 2 2 1 606 3245 5358
8292 2 2 2 1 2657 1006 4706
8293 2 2 2 1 4254 2709 5455
8294 2 2 2 1 977 3869 4464
8295 2 2 2 1 709 3085 3742
8296 2 2 2 1 1947 4254 5199
8297 2 2 2 1 1469 3650 3734
8298 2 2 2 1 3825 1325 4289
8299 2 2 2 1 1477 2893 3950
8300 2 2 2 1 2876 579 3982
8301 2 2 2 1 1129 3304 4077
8302 2 2 2 1 1205 2856 4324
8303 2 2 2 1 2671 935 5595
8304 2 2 2 1 3085 1280 3742
8305 2 2 2 1 2101 4682 4850
8306 2 2 2 1 3032 271 5186
8307 2 2 2 1 3336 696 5562
8308 2 2 2 1 1674 3032 5186
8309 2 2 2 1 727 3101 4744
8310 2 2 2 1 1896 3176 4302
8311 2 2 2 1 2579 3204 4892
8312 2 2 2 1 109 110 4531
8313 2 2 2 1 21 22 3971
8314 2 2 2 1 1523 3514 4449
8315 2 2 2 1 3547 364 5340
8316 2 2 2 1 4556 2652 5443
8317 2 2 2 1 1284 3612 4673
8318 2 2 2 1 1212 3735 4804
8319 2 2 2 1 1368 2990 3851
8320 2 2 2 1 1323 4320 4464
8321 2 2 2 1 2989 1230 5504
8322 2 2 2 1 3633 1869 4149
8323 2 2 2 1 2198 2963 4898
8324 2 2 2 1 341 2813 5489
8325 2 2 2 1 1722 3736 4773
8326 2 2 2 1 910 2654 5050
8327 2 2 2 1 1235 3047 3845
8328 2 2 2 1 3015 2132 4861
8329 2 2 2 1 2057 2977 4846
8330 2 2 2 1 3189 1404 4624
8331 2 2 2 1 2895 613 4989
8332 2 2 2 1 2657 714 5308
8333 2 2 2 1 81 2655 5242
8334 2 2 2 1 2901 1439 4585
8335 2 2 2 1 3049 2022 3991
8336 2 2 2 1 1001 2901 4585
8337 2 2 2 1 3776 2038 4389
8338 2 2 2 1 295 2967 3879
8339 2 2 2 1 3182 1433 3681
8340 2 2 2 1 2666 581 4730
8341 2 2 2 1 1292 2930 3980
8342 2 2 2 1 2930 443 3980
8343 2 2 2 1 2801 1394 4152
8344 2 2 2 1 3717 445 4893
8345 2 2 2 1 2862 101 4695
8346 2 2 2 1 2661 828 4873
8347 2 2 2 1 4055 1852 4281
8348 2 2 2 1 1366 4055 4281
8349 2 2 2 1 4869 1937 5381
8350 2 2 2 1 3827 2922 5641
8351 2 2 2 1 669 3210 5046
8352 2 2 2 1 1570 4379 4636
8353 2 2 2 1 3534 676 5591
8354 2 2 2 1 852 3965 4347
8355 2 2 2 1 3965 1839 4347
8356 2 2 2 1 2660 1842 5225
8357 2 2 2 1 125 2751 4339
8358 2 2 2 1 2710 1601 5491
8359 2 2 2 1 363 2710 5491
8360 2 2 2 1 3047 1660 5136
8361 2 2 2 1 193 3047 5136
8362 2 2 2 1 335 2982 4017
8363 2 2 2 1 2982 1333 4017
8364 2 2 2 1 863 3285 4478
8365 2 2 2 1 3199 394 3991
8366 2 2 2 1 1243 2745 4359
8367 2 2 2 1 2151 3963 4396
8368 2 2 2 1 3930 2234 5348
8369 2 2 2 1 2662 1009 5295
8370 2 2 2 1 1230 3275 3625
8371 2 2 2 1 526 2690 4564
8372 2 2 2 1 2692 1075 4558
8373 2 2 2 1 4417 2717 5606
8374 2 2 2 1 1739 3768 5129
8375 2 2 2 1 3234 1194 3668
8376 2 2 2 1 1202 3074 3792
8377 2 2 2 1 38 2919 4395
8378 2 2 2 1 201 202 3887
8379 2 2 2 1 3626 1430 3914
8380 2 2 2 1 3856 1796 4722
8381 2 2 2 1 4089 2959 4665
8382 2 2 2 1 3436 1111 4235
8383 2 2 2 1 1431 3250 4581
8384 2 2 2 1 2673 339 4778
8385 2 2 2 1 1845 4011 4791
8386 2 2 2 1 1972 4248 5382
8387 2 2 2 1 1980 4771 5309
8388 2 2 2 1 2743 466 4388
8389 2 2 2 1 3945 361 4718
8390 2 2 2 1 3657 1845 5611
8391 2 2 2 1 3562 1115 5405
8392 2 2 2 1 1886 3717 4893
8393 2 2 2 1 3889 628 4855
8394 2 2 2 1 3651 1227 5365
8395 2 2 2 1 2724 1334 4783
8396 2 2 2 1 3041 369 5379
8397 2 2 2 1 1921 4679 5358
8398 2 2 2 1 4692 911 5517
8399 2 2 2 1 2060 2837 4413
8400 2 2 2 1 1287 3105 4786
8401 2 2 2 1 3898 1767 5585
8402 2 2 2 1 2242 3898 5585
8403 2 2 2 1 2713 352 4499
8404 2 2 2 1 470 3005 3884
8405 2 2 2 1 976 3560 5302
8406 2 2 2 1 633 3926 5650
8407 2 2 2 1 1748 4075 4085
8408 2 2 2 1 2890 410 4042
8409 2 2 2 1 1639 4154 4568
8410 2 2 2 1 3150 390 3736
8411 2 2 2 1 4032 627 4526
8412 2 2 2 1 3496 156 5492
8413 2 2 2 1 2673 955 5334
8414 2 2 2 1 3665 1506 4370
8415 2 2 2 1 1100 2892 4049
8416 2 2 2 1 2705 462 4549
8417 2 2 2 1 3903 441 5206
8418 2 2 2 1 424 3084 4451
8419 2 2 2 1 3571 650 3822
8420 2 2 2 1 1670 3571 3822
8421 2 2 2 1 1653 2693 4663
8422 2 2 2 1 130 131 4133
8423 2 2 2 1 102 103 5043
8424 2 2 2 1 1545 3731 4837
8425 2 2 2 1 1323 3894 4311
8426 2 2 2 1 957 2944 4240
8427 2 2 2 1 3392 565 3695
8428 2 2 2 1 3933 665 5375
8429 2 2 2 1 2162 3933 5375
8430 2 2 2 1 3174 1657 5619
8431 2 2 2 1 68 69 5284
8432 2 2 2 1 2790 958 5410
8433 2 2 2 1 4320 1958 4464
8434 2 2 2 1 560 2683 4742
8435 2 2 2 1 4164 1789 4634
8436 2 2 2 1 484 3680 5412
8437 2 2 2 1 3729 1779 4502
8438 2 2 2 1 333 3729 4502
8439 2 2 2 1 3780 1212 4012
8440 2 2 2 1 405 2676 5317
8441 2 2 2 1 2680 340 4776
8442 2 2 2 1 2933 843 4003
8443 2 2 2 1 3719 1848 5218
8444 2 2 2 1 3254 389 4090
8445 2 2 2 1 3395 1703 4994
8446 2 2 2 1 1268 3410 3576
8447 2 2 2 1 1346 2785 4293
8448 2 2 2 1 2702 1007 4876
8449 2 2 2 1 979 2913 4704
8450 2 2 2 1 2688 1596 5537
8451 2 2 2 1 992 2688 5537
8452 2 2 2 1 1137 3265 3943
8453 2 2 2 1 1578 3661 3935
8454 2 2 2 1 3661 423 3935
8455 2 2 2 1 1013 2750 4709
8456 2 2 2 1 2750 1410 4709
8457 2 2 2 1 2883 2017 4082
8458 2 2 2 1 1836 3166 4241
8459 2 2 2 1 1257 3230 4683
8460 2 2 2 1 2682 1963 5480
8461 2 2 2 1 3139 477 5428
8462 2 2 2 1 3340 1920 5649
8463 2 2 2 1 1784 3139 5428
8464 2 2 2 1 3582 728 4243
8465 2 2 2 1 445 2749 4475
8466 2 2 2 1 93 94 3942
8467 2 2 2 1 1203 2973 4326
8468 2 2 2 1 3317 1317 3798
8469 2 2 2 1 385 3062 4072
8470 2 2 2 1 2884 1262 4505
8471 2 2 2 1 1275 3006 4231
8472 2 2 2 1 165 166 4169
8473 2 2 2 1 2993 630 5291
8474 2 2 2 1 453 3065 4758
8475 2 2 2 1 343 2732 4529
8476 2 2 2 1 1787 3270 4295
8477 2 2 2 1 3322 1752 4094
8478 2 2 2 1 1657 3174 5655
8479 2 2 2 1 577 2801 4282
8480 2 2 2 1 1549 2822 4234
8481 2 2 2 1 700 3152 4788
8482 2 2 2 1 4075 725 4085
8483 2 2 2 1 1578 3935 4194
8484 2 2 2 1 1652 2680 5053
8485 2 2 2 1 2705 894 5436
8486 2 2 2 1 4037 1922 4582
8487 2 2 2 1 1437 4037 4582
8488 2 2 2 1 3019 1491 4628
8489 2 2 2 1 25 3019 4628
8490 2 2 2 1 4563 1625 4782
8491 2 2 2 1 2229 4563 4782
8492 2 2 2 1 720 2770 4402
8493 2 2 2 1 4730 2707 5304
8494 2 2 2 1 189 190 3955
8495 2 2 2 1 3723 701 4047
8496 2 2 2 1 2698 556 4764
8497 2 2 2 1 3014 1321 3923
8498 2 2 2 1 676 2782 4363
8499 2 2 2 1 4135 3367 5598
8500 2 2 2 1 847 4580 5072
8501 2 2 2 1 2697 475 5493
8502 2 2 2 1 3473 790 4975
8503 2 2 2 1 51 52 3966
8504 2 2 2 1 485 2766 5351
8505 2 2 2 1 440 3652 3881
8506 2 2 2 1 3652 1508 3881
8507 2 2 2 1 3075 554 5149
8508 2 2 2 1 556 3273 4503
8509 2 2 2 1 2582 3266 5467
8510 2 2 2 1 1390 4179 5389
8511 2 2 2 1 299 298 4763
8512 2 2 2 1 1619 3877 3940
8513 2 2 2 1 3877 1320 3940
8514 2 2 2 1 37 38 4395
8515 2 2 2 1 3202 1588 4871
8516 2 2 2 1 7 8 4707
8517 2 2 2 1 2935 182 5576
8518 2 2 2 1 3881 1619 3940
8519 2 2 2 1 440 3881 3940
8520 2 2 2 1 1204 2685 5019
8521 2 2 2 1 2681 356 5129
8522 2 2 2 1 3136 662 3809
8523 2 2 2 1 604 2940 4046
8524 2 2 2 1 2827 1313 4469
8525 2 2 2 1 1147 2689 5297
8526 2 2 2 1 256 3543 4942
8527 2 2 2 1 1530 3689 4357
8528 2 2 2 1 2868 1004 4881
8529 2 2 2 1 3689 1699 4357
8530 2 2 2 1 3455 2568 5592
8531 2 2 2 1 2838 999 4655
8532 2 2 2 1 1368 2749 5331
8533 2 2 2 1 1525 2858 4182
8534 2 2 2 1 2808 654 4309
8535 2 2 2 1 1782 3754 5265
8536 2 2 2 1 3412 567 3616
8537 2 2 2 1 3779 1530 4357
8538 2 2 2 1 389 3142 3813
8539 2 2 2 1 425 2767 4466
8540 2 2 2 1 3384 1489 3941
8541 2 2 2 1 1779 4003 4502
8542 2 2 2 1 1182 3721 5087
8543 2 2 2 1 937 2955 4029
8544 2 2 2 1 2778 1962 4431
8545 2 2 2 1 2690 526 5049
8546 2 2 2 1 1593 2968 4009
8547 2 2 2 1 1842 2704 5526
8548 2 2 2 1 2788 1054 4859
8549 2 2 2 1 2858 1525 5000
8550 2 2 2 1 623 2858 5000
8551 2 2 2 1 495 3526 5177
8552 2 2 2 1 1634 4066 4399
8553 2 2 2 1 1625 4563 5091
8554 2 2 2 1 2824 568 4835
8555 2 2 2 1 810 3266 5452
8556 2 2 2 1 1246 2726 4704
8557 2 2 2 1 3540 415 5483
8558 2 2 2 1 1991 3540 5483
8559 2 2 2 1 2863 670 4833
8560 2 2 2 1 746 3037 4130
8561 2 2 2 1 2914 1579 5128
8562 2 2 2 1 2972 657 4168
8563 2 2 2 1 663 2914 5128
8564 2 2 2 1 2708 1266 4822
8565 2 2 2 1 2710 1034 5548
8566 2 2 2 1 959 3578 5352
8567 2 2 2 1 3578 1957 5352
8568 2 2 2 1 2746 520 4631
8569 2 2 2 1 909 2746 4632
8570 2 2 2 1 3509 1586 5117
8571 2 2 2 1 4580 2302 5072
8572 2 2 2 1 1694 4913 5192
8573 2 2 2 1 1149 2758 4606
8574 2 2 2 1 2717 2091 5606
8575 2 2 2 1 2700 1957 5347
8576 2 2 2 1 1263 3181 4622
8577 2 2 2 1 2882 2207 4555
8578 2 2 2 1 3261 2475 5545
8579 2 2 2 1 2916 1381 4104
8580 2 2 2 1 3547 1264 4811
8581 2 2 2 1 1324 3277 3734
8582 2 2 2 1 3387 1270 4230
8583 2 2 2 1 148 149 5599
8584 2 2 2 1 1248 3254 4090
8585 2 2 2 1 613 2895 4150
8586 2 2 2 1 1782 5265 5377
8587 2 2 2 1 1385 2705 5436
8588 2 2 2 1 1139 3479 4749
8589 2 2 2 1 1283 3163 4126
8590 2 2 2 1 386 4209 4298
8591 2 2 2 1 4209 1881 4298
8592 2 2 2 1 2958 1278 4865
8593 2 2 2 1 115 116 4096
8594 2 2 2 1 1852 3137 5190
8595 2 2 2 1 3157 1461 4840
8596 2 2 2 1 3917 2457 4516
8597 2 2 2 1 1277 3563 3564
8598 2 2 2 1 3786 1343 4756
8599 2 2 2 1 3563 1455 3564
8600 2 2 2 1 1085 3508 5429
8601 2 2 2 1 359 3130 5327
8602 2 2 2 1 1079 2733 5663
8603 2 2 2 1 2470 3005 5234
8604 2 2 2 1 3005 470 5234
8605 2 2 2 1 4682 1497 4850
8606 2 2 2 1 2904 614 4390
8607 2 2 2 1 1386 2904 4390
8608 2 2 2 1 612 2757 4688
8609 2 2 2 1 663 3797 5038
8610 2 2 2 1 1451 4925 4943
8611 2 2 2 1 2757 1390 4688
8612 2 2 2 1 2795 1450 4429
8613 2 2 2 1 1350 3416 3648
8614 2 2 2 1 2559 3553 4768
8615 2 2 2 1 1193 3079 3945
8616 2 2 2 1 4539 77 4653
8617 2 2 2 1 1317 3260 3788
8618 2 2 2 1 1113 3962 5022
8619 2 2 2 1 688 2974 4048
8620 2 2 2 1 3347 2349 5114
8621 2 2 2 1 3179 1427 4189
8622 2 2 2 1 720 3179 4189
8623 2 2 2 1 2891 1533 5207
8624 2 2 2 1 890 2707 5113
8625 2 2 2 1 2707 1478 5113
8626 2 2 2 1 1298 3246 3971
8627 2 2 2 1 85 86 5003
8628 2 2 2 1 1175 3355 3679
8629 2 2 2 1 609 3748 5330
8630 2 2 2 1 3410 1268 5511
8631 2 2 2 1 2707 890 5304
8632 2 2 2 1 2713 1267 4988
8633 2 2 2 1 1071 3029 5321
8634 2 2 2 1 182 183 5576
8635 2 2 2 1 1479 3381 4125
8636 2 2 2 1 3381 711 4125
8637 2 2 2 1 1088 3271 5381
8638 2 2 2 1 979 2726 5567
8639 2 2 2 1 3277 349 3734
8640 2 2 2 1 2968 351 4115
8641 2 2 2 1 1339 2968 4115
8642 2 2 2 1 4925 2450 4943
8643 2 2 2 1 3209 1430 4173
8644 2 2 2 1 594 2739 5570
8645 2 2 2 1 372 3209 4173
8646 2 2 2 1 1439 3629 3763
8647 2 2 2 1 2710 363 5236
8648 2 2 2 1 3487 399 4376
8649 2 2 2 1 1598 3487 4376
8650 2 2 2 1 2839 3524 4726
8651 2 2 2 1 4196 1880 5360
8652 2 2 2 1 3246 1298 3862
8653 2 2 2 1 2012 3246 3862
8654 2 2 2 1 3744 1735 4643
8655 2 2 2 1 3341 444 4798
8656 2 2 2 1 2713 915 5197
8657 2 2 2 1 1354 3543 4130
8658 2 2 2 1 3543 2002 4130
8659 2 2 2 1 1824 2882 4555
8660 2 2 2 1 3427 1418 3873
8661 2 2 2 1 599 3427 3873
8662 2 2 2 1 1785 2984 4721
8663 2 2 2 1 1312 2959 4089
8664 2 2 2 1 3391 741 5212
8665 2 2 2 1 1829 3391 5212
8666 2 2 2 1 3402 1285 3673
8667 2 2 2 1 3909 64 5256
8668 2 2 2 1 3216 1271 3859
8669 2 2 2 1 35 36 5051
8670 2 2 2 1 2183 3216 3859
8671 2 2 2 1 2558 3171 5011
8672 2 2 2 1 223 2777 4597
8673 2 2 2 1 479 2716 5167
8674 2 2 2 1 1839 3965 5522
8675 2 2 2 1 343 3339 4346
8676 2 2 2 1 3039 1563 4013
8677 2 2 2 1 985 3039 4013
8678 2 2 2 1 1688 3295 3807
8679 2 2 2 1 152 153 4132
8680 2 2 2 1 1582 2790 5410
8681 2 2 2 1 880 2915 4164
8682 2 2 2 1 4316 1833 4829
8683 2 2 2 1 1231 3620 4338
8684 2 2 2 1 1714 3064 5374
8685 2 2 2 1 3064 678 5374
8686 2 2 2 1 3433 1514 4171
8687 2 2 2 1 623 3433 4171
8688 2 2 2 1 3606 1942 5017
8689 2 2 2 1 433 2963 5007
8690 2 2 2 1 1325 3062 4006
8691 2 2 2 1 3062 1060 4006
8692 2 2 2 1 676 4050 5591
8693 2 2 2 1 254 2917 4660
8694 2 2 2 1 3076 1270 5065
8695 2 2 2 1 2739 898 4927
8696 2 2 2 1 2753 2071 5614
8697 2 2 2 1 1716 4475 5310
8698 2 2 2 1 568 2869 4835
8699 2 2 2 1 2725 433 5056
8700 2 2 2 1 2770 1745 4692
8701 2 2 2 1 2852 1971 4348
8702 2 2 2 1 2732 1687 5394
8703 2 2 2 1 341 2792 4521
8704 2 2 2 1 1618 4053 5171
8705 2 2 2 1 4053 2103 5171
8706 2 2 2 1 1705 2926 4175
8707 2 2 2 1 920 2738 5025
8708 2 2 2 1 687 3837 4020
8709 2 2 2 1 248 249 4086
8710 2 2 2 1 788 4214 5180
8711 2 2 2 1 1301 2875 5675
8712 2 2 2 1 1133 2740 5415
8713 2 2 2 1 1441 3392 3695
8714 2 2 2 1 662 3136 5196
8715 2 2 2 1 3136 1680 5196
8716 2 2 2 1 1087 2735 5307
8717 2 2 2 1 2736 1126 5337
8718 2 2 2 1 1425 3444 4806
8719 2 2 2 1 1387 3535 4598
8720 2 2 2 1 4004 587 5550
8721 2 2 2 1 3260 617 3788
8722 2 2 2 1 1887 3194 4349
8723 2 2 2 1 2802 267 4540
8724 2 2 2 1 2785 416 4620
8725 2 2 2 1 3764 1358 4216
8726 2 2 2 1 464 3226 4749
8727 2 2 2 1 2991 2445 5482
8728 2 2 2 1 677 3169 4037
8729 2 2 2 1 3169 1922 4037
8730 2 2 2 1 2900 743 4261
8731 2 2 2 1 518 3716 5465
8732 2 2 2 1 4199 2038 4831
8733 2 2 2 1 182 2935 4889
8734 2 2 2 1 780 2827 4469
8735 2 2 2 1 1550 3132 5200
8736 2 2 2 1 1325 3825 5440
8737 2 2 2 1 61 62 4100
8738 2 2 2 1 736 3232 4646
8739 2 2 2 1 1115 2970 4123
8740 2 2 2 1 454 2873 5187
8741 2 2 2 1 2873 1555 5187
8742 2 2 2 1 3117 1792 5609
8743 2 2 2 1 838 3117 5609
8744 2 2 2 1 3344 1306 4138
8745 2 2 2 1 142 143 4652
8746 2 2 2 1 4284 1658 4974
8747 2 2 2 1 124 125 4339
8748 2 2 2 1 3079 1283 4635
8749 2 2 2 1 311 310 4111
8750 2 2 2 1 1490 4199 4831
8751 2 2 2 1 458 2817 4510
8752 2 2 2 1 3622 1531 5118
8753 2 2 2 1 3699 1712 5158
8754 2 2 2 1 3908 1469 4345
8755 2 2 2 1 2120 4394 5653
8756 2 2 2 1 4138 1479 4791
8757 2 2 2 1 2749 445 5331
8758 2 2 2 1 3066 1379 4022
8759 2 2 2 1 1123 2881 4329
8760 2 2 2 1 3354 1088 5381
8761 2 2 2 1 2143 3247 5616
8762 2 2 2 1 1548 4730 5304
8763 2 2 2 1 2799 1076 4616
8764 2 2 2 1 3785 637 4147
8765 2 2 2 1 1456 3395 4100
8766 2 2 2 1 3395 61 4100
8767 2 2 2 1 2044 3082 4081
8768 2 2 2 1 298 297 4677
8769 2 2 2 1 3123 1286 4512
8770 2 2 2 1 16 2840 5399
8771 2 2 2 1 1770 2756 5164
8772 2 2 2 1 2757 1567 5450
8773 2 2 2 1 208 2894 4317
8774 2 2 2 1 1856 2849 4444
8775 2 2 2 1 3183 2292 5370
8776 2 2 2 1 4752 3358 5448
8777 2 2 2 1 2786 1424 4816
8778 2 2 2 1 631 2786 4816
8779 2 2 2 1 1005 3169 5459
8780 2 2 2 1 3499 1484 3675
8781 2 2 2 1 2830 3667 5572
8782 2 2 2 1 2822 1549 4553
8783 2 2 2 1 2042 4539 4653
8784 2 2 2 1 1506 3665 3946
8785 2 2 2 1 3665 421 3946
8786 2 2 2 1 3032 1674 4296
8787 2 2 2 1 3867 1707 4238
8788 2 2 2 1 1112 3032 4296
8789 2 2 2 1 1433 3867 4238
8790 2 2 2 1 4568 1868 4824
8791 2 2 2 1 3555 352 4477
8792 2 2 2 1 2313 4117 4595
8793 2 2 2 1 1381 3026 4087
8794 2 2 2 1 1306 3381 4138
8795 2 2 2 1 2810 1392 4647
8796 2 2 2 1 916 2810 4647
8797 2 2 2 1 3984 1369 4645
8798 2 2 2 1 3071 574 4340
8799 2 2 2 1 3831 1833 5430
8800 2 2 2 1 4876 1007 5292
8801 2 2 2 1 3649 555 4191
8802 2 2 2 1 3173 1019 5444
8803 2 2 2 1 3135 1330 3961
8804 2 2 2 1 2005 3774 4263
8805 2 2 2 1 3774 1165 4263
8806 2 2 2 1 1327 2903 5533
8807 2 2 2 1 291 290 5293
8808 2 2 2 1 2764 1101 4951
8809 2 2 2 1 1558 4253 5123
8810 2 2 2 1 4253 2185 5123
8811 2 2 2 1 1827 3469 4720
8812 2 2 2 1 1512 4321 4328
8813 2 2 2 1 3819 2046 5552
8814 2 2 2 1 2797 1013 4709
8815 2 2 2 1 1629 4956 5289
8816 2 2 2 1 810 4019 5585
8817 2 2 2 1 4019 2242 5585
8818 2 2 2 1 602 3613 4896
8819 2 2 2 1 3275 1387 3988
8820 2 2 2 1 594 3275 3988
8821 2 2 2 1 3018 373 5154
8822 2 2 2 1 1606 3018 5154
8823 2 2 2 1 3062 1325 4072
8824 2 2 2 1 3016 499 5099
8825 2 2 2 1 205 206 5065
8826 2 2 2 1 2944 1562 4240
8827 2 2 2 1 3111 3486 5535
8828 2 2 2 1 3460 1753 4933
8829 2 2 2 1 1196 3460 4933
8830 2 2 2 1 2870 1659 4423
8831 2 2 2 1 3895 852 4347
8832 2 2 2 1 1752 3895 4347
8833 2 2 2 1 2423 4361 5519
8834 2 2 2 1 4361 1156 5519
8835 2 2 2 1 1849 2762 5468
8836 2 2 2 1 3366 2214 5364
8837 2 2 2 1 3762 718 4109
8838 2 2 2 1 1398 3441 4596
8839 2 2 2 1 5382 2413 5657
8840 2 2 2 1 1779 3729 5165
8841 2 2 2 1 72 2 5276
8842 2 2 2 1 2 73 5276
8843 2 2 2 1 4074 2066 5066
8844 2 2 2 1 4349 2270 5230
8845 2 2 2 1 1602 4074 5066
8846 2 2 2 1 374 4349 5230
8847 2 2 2 1 2771 680 5579
8848 2 2 2 1 1776 4101 5116
8849 2 2 2 1 3836 1512 4328
8850 2 2 2 1 1448 4031 4181
8851 2 2 2 1 2439 2939 5330
8852 2 2 2 1 394 3317 3798
8853 2 2 2 1 1252 3157 3947
8854 2 2 2 1 1332 4112 4382
8855 2 2 2 1 1635 2763 5564
8856 2 2 2 1 1030 2766 5490
8857 2 2 2 1 253 254 4660
8858 2 2 2 1 972 2794 4766
8859 2 2 2 1 4154 1639 4359
8860 2 2 2 1 3527 893 4614
8861 2 2 2 1 1661 3527 4614
8862 2 2 2 1 1424 2786 4972
8863 2 2 2 1 2246 2915 4650
8864 2 2 2 1 3413 1343 3741
8865 2 2 2 1 280 279 4179
8866 2 2 2 1 835 3532 5344
8867 2 2 2 1 3762 1301 4107
8868 2 2 2 1 603 3255 3952
8869 2 2 2 1 181 182 4889
8870 2 2 2 1 1148 3662 4056
8871 2 2 2 1 3417 1328 4045
8872 2 2 2 1 2108 3417 4045
8873 2 2 2 1 2769 1701 5445
8874 2 2 2 1 228 229 4185
8875 2 2 2 1 4062 2572 5004
8876 2 2 2 1 1576 3153 4842
8877 2 2 2 1 3153 996 4842
8878 2 2 2 1 1058 3928 4743
8879 2 2 2 1 3928 2153 4743
8880 2 2 2 1 1181 3133 4004
8881 2 2 2 1 3374 557 4044
8882 2 2 2 1 2766 1341 5351
8883 2 2 2 1 1948 3099 4237
8884 2 2 2 1 126 127 4960
8885 2 2 2 1 1028 2768 5383
8886 2 2 2 1 2772 592 5437
8887 2 2 2 1 419 3474 5064
8888 2 2 2 1 4003 1542 4502
8889 2 2 2 1 1343 3413 4040
8890 2 2 2 1 3222 1305 3904
8891 2 2 2 1 3123 1111 5071
8892 2 2 2 1 3344 1686 4403
8893 2 2 2 1 3773 882 4725
8894 2 2 2 1 1818 3773 4725
8895 2 2 2 1 4072 1325 5440
8896 2 2 2 1 3676 1621 5150
8897 2 2 2 1 1677 2839 4726
8898 2 2 2 1 2028 2880 4557
8899 2 2 2 1 4525 210 5445
8900 2 2 2 1 1163 3321 3819
8901 2 2 2 1 3774 2005 5296
8902 2 2 2 1 731 3774 5296
8903 2 2 2 1 3025 1663 5393
8904 2 2 2 1 4989 1463 5028
8905 2 2 2 1 646 3025 5393
8906 2 2 2 1 1793 3484 3787
8907 2 2 2 1 4254 647 5199
8908 2 2 2 1 1339 3090 4457
8909 2 2 2 1 2918 1685 5320
8910 2 2 2 1 1841 4386 5170
8911 2 2 2 1 1755 3912 4352
8912 2 2 2 1 471 2846 4608
8913 2 2 2 1 952 2777 5246
8914 2 2 2 1 2813 994 4761
8915 2 2 2 1 2446 4876 5292
8916 2 2 2 1 4420 1541 4643
8917 2 2 2 1 3042 913 4416
8918 2 2 2 1 1415 3042 4416
8919 2 2 2 1 171 172 4229
8920 2 2 2 1 1505 4409 4579
8921 2 2 2 1 2846 471 4625
8922 2 2 2 1 2484 4932 5515
8923 2 2 2 1 1642 2843 5640
8924 2 2 2 1 2843 1051 5640
8925 2 2 2 1 1744 2909 4406
8926 2 2 2 1 1225 3466 4528
8927 2 2 2 1 3466 1616 4528
8928 2 2 2 1 1041 3107 4587
8929 2 2 2 1 1304 3030 4999
8930 2 2 2 1 1415 3089 4352
8931 2 2 2 1 3089 750 4352
8932 2 2 2 1 3695 565 5647
8933 2 2 2 1 4492 1510 4587
8934 2 2 2 1 695 2779 5335
8935 2 2 2 1 4825 1786 5496
8936 2 2 2 1 428 3388 5461
8937 2 2 2 1 988 2798 4909
8938 2 2 2 1 269 270 4885
8939 2 2 2 1 2405 5046 5329
8940 2 2 2 1 350 3197 3987
8941 2 2 2 1 3197 1351 3987
8942 2 2 2 1 981 2782 5249
8943 2 2 2 1 2963 1528 5007
8944 2 2 2 1 3405 667 4966
8945 2 2 2 1 238 3054 4591
8946 2 2 2 1 827 3144 5179
8947 2 2 2 1 3144 1655 5179
8948 2 2 2 1 2981 486 4255
8949 2 2 2 1 2996 2336 5213
8950 2 2 2 1 4347 1839 5561
8951 2 2 2 1 1541 2825 5306
8952 2 2 2 1 1017 3177 4850
8953 2 2 2 1 627 3324 3864
8954 2 2 2 1 3324 1365 3864
8955 2 2 2 1 2900 1496 4456
8956 2 2 2 1 3535 1230 4520
8957 2 2 2 1 2871 1064 4532
8958 2 2 2 1 360 3030 5656
8959 2 2 2 1 2914 663 4412
8960 2 2 2 1 3512 1098 5563
8961 2 2 2 1 2919 1438 4395
8962 2 2 2 1 3015 1184 4207
8963 2 2 2 1 2793 884 4986
8964 2 2 2 1 2783 404 5387
8965 2 2 2 1 492 3389 3803
8966 2 2 2 1 2834 1155 4760
8967 2 2 2 1 4382 873 5652
8968 2 2 2 1 541 2854 4639
8969 2 2 2 1 4142 1318 4143
8970 2 2 2 1 1841 4142 4143
8971 2 2 2 1 2864 1579 5142
8972 2 2 2 1 4163 1694 5192
8973 2 2 2 1 1274 3199 3991
8974 2 2 2 1 3754 1782 4610
8975 2 2 2 1 4824 1868 5100
8976 2 2 2 1 2971 1293 5334
8977 2 2 2 1 1714 3299 4404
8978 2 2 2 1 3613 1859 4896
8979 2 2 2 1 3006 651 4231
8980 2 2 2 1 3172 1091 4010
8981 2 2 2 1 975 4082 5060
8982 2 2 2 1 117 3034 4201
8983 2 2 2 1 4103 1731 4935
8984 2 2 2 1 950 2802 5512
8985 2 2 2 1 3130 1662 5327
8986 2 2 2 1 1681 3600 4609
8987 2 2 2 1 3600 672 4609
8988 2 2 2 1 1158 2867 4615
8989 2 2 2 1 2787 1793 5290
8990 2 2 2 1 3104 952 5246
8991 2 2 2 1 5567 1802 5651
8992 2 2 2 1 2819 503 4890
8993 2 2 2 1 3893 2249 4218
8994 2 2 2 1 560 3893 4218
8995 2 2 2 1 493 4613 4861
8996 2 2 2 1 4613 2205 4861
8997 2 2 2 1 2945 982 5565
8998 2 2 2 1 3013 1275 4995
8999 2 2 2 1 831 3411 5639
9000 2 2 2 1 1760 3028 4227
9001 2 2 2 1 2795 1829 5212
9002 2 2 2 1 4052 1401 4625
9003 2 2 2 1 307 306 4673
9004 2 2 2 1 69 70 5427
9005 2 2 2 1 1829 2795 5451
9006 2 2 2 1 2978 992 4325
9007 2 2 2 1 2894 209 4525
9008 2 2 2 1 2870 1426 4707
9009 2 2 2 1 3069 1426 4170
9010 2 2 2 1 3707 1158 4615
9011 2 2 2 1 1746 3707 4615
9012 2 2 2 1 917 3711 3932
9013 2 2 2 1 3727 1375 4161
9014 2 2 2 1 678 2794 5395
9015 2 2 2 1 2343 3777 5259
9016 2 2 2 1 1360 2978 4325
9017 2 2 2 1 2948 798 5254
9018 2 2 2 1 1249 2868 4881
9019 2 2 2 1 712 2906 4509
9020 2 2 2 1 1267 4071 5613
9021 2 2 2 1 59 60 4994
9022 2 2 2 1 1383 3811 4194
9023 2 2 2 1 3148 1041 4587
9024 2 2 2 1 1326 3483 4654
9025 2 2 2 1 2827 1475 4904
9026 2 2 2 1 2944 957 5217
9027 2 2 2 1 69 3309 5284
9028 2 2 2 1 3203 1506 5363
9029 2 2 2 1 3816 1359 3817
9030 2 2 2 1 1563 2944 5217
9031 2 2 2 1 1517 3816 3817
9032 2 2 2 1 1163 3819 5552
9033 2 2 2 1 824 3240 3981
9034 2 2 2 1 1583 2840 4849
9035 2 2 2 1 1068 3017 4260
9036 2 2 2 1 373 3018 4257
9037 2 2 2 1 3752 1638 4501
9038 2 2 2 1 3246 21 3971
9039 2 2 2 1 2950 1140 4815
9040 2 2 2 1 1791 2950 4815
9041 2 2 2 1 877 2872 4649
9042 2 2 2 1 2802 950 5423
9043 2 2 2 1 3087 1388 4158
9044 2 2 2 1 1772 3351 5235
9045 2 2 2 1 3351 733 5235
9046 2 2 2 1 2194 2899 5432
9047 2 2 2 1 3219 1381 4087
9048 2 2 2 1 605 3219 4087
9049 2 2 2 1 3553 1186 4768
9050 2 2 2 1 5347 767 5494
9051 2 2 2 1 3084 424 4186
9052 2 2 2 1 1359 3084 4186
9053 2 2 2 1 2256 3718 5494
9054 2 2 2 1 2902 179 4567
9055 2 2 2 1 4374 856 4504
9056 2 2 2 1 1965 4374 4504
9057 2 2 2 1 8 2870 4707
9058 2 2 2 1 76 77 4539
9059 2 2 2 1 2424 4424 5491
9060 2 2 2 1 1027 3131 5134
9061 2 2 2 1 3131 1623 5134
9062 2 2 2 1 1802 4378 5651
9063 2 2 2 1 4078 1451 4436
9064 2 2 2 1 1830 4078 4436
9065 2 2 2 1 2286 4535 5118
9066 2 2 2 1 4535 823 5118
9067 2 2 2 1 3557 1375 3745
9068 2 2 2 1 1480 3060 4766
9069 2 2 2 1 3060 972 4766
9070 2 2 2 1 1353 3081 4236
9071 2 2 2 1 4932 879 5515
9072 2 2 2 1 1266 3257 3983
9073 2 2 2 1 1482 3941 5273
9074 2 2 2 1 1153 3580 3737
9075 2 2 2 1 3262 1071 5321
9076 2 2 2 1 3892 2449 5132
9077 2 2 2 1 3922 1651 4365
9078 2 2 2 1 3419 517 5140
9079 2 2 2 1 5182 1664 5447
9080 2 2 2 1 4082 2017 5060
9081 2 2 2 1 2814 2033 5503
9082 2 2 2 1 1720 4015 4184
9083 2 2 2 1 4015 1407 4184
9084 2 2 2 1 1199 3751 4608
9085 2 2 2 1 796 2980 4379
9086 2 2 2 1 1208 3282 5143
9087 2 2 2 1 2998 1558 5123
9088 2 2 2 1 500 2998 5123
9089 2 2 2 1 1743 3522 3840
9090 2 2 2 1 3643 2094 4731
9091 2 2 2 1 613 4150 4748
9092 2 2 2 1 1780 3677 5416
9093 2 2 2 1 3804 487 4208
9094 2 2 2 1 3028 792 5131
9095 2 2 2 1 1289 3505 3793
9096 2 2 2 1 3332 1876 4118
9097 2 2 2 1 620 3332 4118
9098 2 2 2 1 3315 1252 4657
9099 2 2 2 1 3192 1308 4070
9100 2 2 2 1 3213 1081 4878
9101 2 2 2 1 1936 3011 4331
9102 2 2 2 1 3218 407 4104
9103 2 2 2 1 1381 3218 4104
9104 2 2 2 1 2842 1476 5256
9105 2 2 2 1 3278 1823 3976
9106 2 2 2 1 1593 5059 5402
9107 2 2 2 1 3741 660 3897
9108 2 2 2 1 163 164 5218
9109 2 2 2 1 3428 1465 5641
9110 2 2 2 1 3249 1259 4551
9111 2 2 2 1 1884 2831 5604
9112 2 2 2 1 2920 1001 4585
9113 2 2 2 1 3436 2540 5071
9114 2 2 2 1 1603 3482 4558
9115 2 2 2 1 3081 689 4236
9116 2 2 2 1 1285 3402 4315
9117 2 2 2 1 1685 3391 5204
9118 2 2 2 1 3578 1606 4941
9119 2 2 2 1 1602 4164 4634
9120 2 2 2 1 3223 550 4107
9121 2 2 2 1 3376 1868 4568
9122 2 2 2 1 1559 3619 4301
9123 2 2 2 1 1076 3110 4710
9124 2 2 2 1 2842 1037 5089
9125 2 2 2 1 1476 2842 5089
9126 2 2 2 1 1271 3385 5468
9127 2 2 2 1 3385 1849 5468
9128 2 2 2 1 672 3600 5319
9129 2 2 2 1 1755 4352 5265
9130 2 2 2 1 3529 1777 5501
9131 2 2 2 1 3101 1177 4744
9132 2 2 2 1 1606 3578 4439
9133 2 2 2 1 3578 959 4439
9134 2 2 2 1 2928 1115 4593
9135 2 2 2 1 779 3854 5133
9136 2 2 2 1 2400 3698 5396
9137 2 2 2 1 5046 1656 5329
9138 2 2 2 1 3163 659 4126
9139 2 2 2 1 553 2837 5371
9140 2 2 2 1 1093 2839 5261
9141 2 2 2 1 3350 1195 3930
9142 2 2 2 1 2915 880 4650
9143 2 2 2 1 3215 2052 4909
9144 2 2 2 1 1118 2998 5252
9145 2 2 2 1 1620 3641 4419
9146 2 2 2 1 3641 427 4419
9147 2 2 2 1 924 2840 5525
9148 2 2 2 1 2840 1583 5525
9149 2 2 2 1 1996 3695 5647
9150 2 2 2 1 111 2841 5189
9151 2 2 2 1 2922 1238 4637
9152 2 2 2 1 4148 1625 5091
9153 2 2 2 1 822 4207 5413
9154 2 2 2 1 1750 3797 4530
9155 2 2 2 1 2917 1584 4660
9156 2 2 2 1 587 3000 4421
9157 2 2 2 1 682 3127 4247
9158 2 2 2 1 3127 1379 4247
9159 2 2 2 1 1495 4729 5055
9160 2 2 2 1 4729 2332 5055
9161 2 2 2 1 2950 161 4566
9162 2 2 2 1 2303 3569 5088
9163 2 2 2 1 741 2918 4670
9164 2 2 2 1 506 2868 4903
9165 2 2 2 1 2899 71 5432
9166 2 2 2 1 1092 2848 5103
9167 2 2 2 1 1689 3184 4388
9168 2 2 2 1 2844 919 5207
9169 2 2 2 1 399 4135 4376
9170 2 2 2 1 1875 3547 4811
9171 2 2 2 1 4135 1813 4376
9172 2 2 2 1 3196 2078 4714
9173 2 2 2 1 1775 3196 4714
9174 2 2 2 1 1036 2960 4518
9175 2 2 2 1 2894 972 5237
9176 2 2 2 1 1646 4197 4323
9177 2 2 2 1 1060 3287 4006
9178 2 2 2 1 905 3678 4852
9179 2 2 2 1 3678 1810 4852
9180 2 2 2 1 4052 863 4478
9181 2 2 2 1 4244 2168 5258
9182 2 2 2 1 3003 1629 4426
9183 2 2 2 1 780 4244 5258
9184 2 2 2 1 2121 3990 5502
9185 2 2 2 1 3990 465 5502
9186 2 2 2 1 2845 1515 5485
9187 2 2 2 1 585 4463 5080
9188 2 2 2 1 3116 1369 4256
9189 2 2 2 1 1029 3089 4385
9190 2 2 2 1 2845 1812 5529
9191 2 2 2 1 1139 2847 5603
9192 2 2 2 1 436 4775 5223
9193 2 2 2 1 3629 1368 3763
9194 2 2 2 1 15 16 5399
9195 2 2 2 1 346 3346 4691
9196 2 2 2 1 1537 3958 4864
9197 2 2 2 1 587 4421 5550
9198 2 2 2 1 3750 2412 3973
9199 2 2 2 1 1489 3839 4125
9200 2 2 2 1 4421 2404 5550
9201 2 2 2 1 745 3055 4353
9202 2 2 2 1 3522 848 3840
9203 2 2 2 1 3664 2058 5285
9204 2 2 2 1 2940 604 4800
9205 2 2 2 1 3158 1612 5085
9206 2 2 2 1 641 3158 5085
9207 2 2 2 1 3197 1614 4128
9208 2 2 2 1 3270 1787 5476
9209 2 2 2 1 2897 1424 4972
9210 2 2 2 1 1868 3376 5608
9211 2 2 2 1 119 3270 5476
9212 2 2 2 1 3376 703 5608
9213 2 2 2 1 3795 1367 4069
9214 2 2 2 1 3509 1718 5005
9215 2 2 2 1 2206 3509 5005
9216 2 2 2 1 4545 1604 5246
9217 2 2 2 1 1373 3551 3826
9218 2 2 2 1 406 3116 4256
9219 2 2 2 1 3144 1260 4203
9220 2 2 2 1 4110 729 4870
9221 2 2 2 1 1383 3935 5162
9222 2 2 2 1 1960 4110 4870
9223 2 2 2 1 149 150 5160
9224 2 2 2 1 1482 3384 3941
9225 2 2 2 1 2923 761 4720
9226 2 2 2 1 2854 541 5674
9227 2 2 2 1 3345 1821 5469
9228 2 2 2 1 233 3345 5469
9229 2 2 2 1 3440 1414 5453
9230 2 2 2 1 2852 976 5302
9231 2 2 2 1 3302 1384 4020
9232 2 2 2 1 447 3082 4327
9233 2 2 2 1 3007 924 5525
9234 2 2 2 1 1739 2855 5628
9235 2 2 2 1 3103 1863 4931
9236 2 2 2 1 1288 4151 5461
9237 2 2 2 1 3517 1771 5025
9238 2 2 2 1 1885 2853 5367
9239 2 2 2 1 3302 1358 4245
9240 2 2 2 1 3362 598 3972
9241 2 2 2 1 4879 1713 5398
9242 2 2 2 1 3072 1486 4351
9243 2 2 2 1 2855 1688 5541
9244 2 2 2 1 4653 2442 5497
9245 2 2 2 1 1270 3387 5065
9246 2 2 2 1 2930 4288 5278
9247 2 2 2 1 39 2989 5504
9248 2 2 2 1 4993 1520 5099
9249 2 2 2 1 3856 657 4719
9250 2 2 2 1 1796 3856 4719
9251 2 2 2 1 2989 2108 4520
9252 2 2 2 1 1483 3471 3896
9253 2 2 2 1 3897 660 3908
9254 2 2 2 1 1544 3897 3908
9255 2 2 2 1 302 301 4533
9256 2 2 2 1 3372 2235 4713
9257 2 2 2 1 3499 639 4216
9258 2 2 2 1 1484 3499 4216
9259 2 2 2 1 3112 1112 4296
9260 2 2 2 1 224 225 4545
9261 2 2 2 1 1604 3104 5246
9262 2 2 2 1 331 5408 5616
9263 2 2 2 1 2890 1068 4923
9264 2 2 2 1 3061 163 5218
9265 2 2 2 1 999 3139 4655
9266 2 2 2 1 1646 3518 4197
9267 2 2 2 1 3236 690 5178
9268 2 2 2 1 1655 3236 5178
9269 2 2 2 1 1081 3310 4878
9270 2 2 2 1 3437 1695 3929
9271 2 2 2 1 3020 1178 4472
9272 2 2 2 1 1728 3868 4200
9273 2 2 2 1 3868 590 4200
9274 2 2 2 1 795 2864 5229
9275 2 2 2 1 3341 1954 5032
9276 2 2 2 1 777 3535 4520
9277 2 2 2 1 408 3409 3956
9278 2 2 2 1 1257 3829 4319
9279 2 2 2 1 1729 2965 4728
9280 2 2 2 1 2042 4653 5497
9281 2 2 2 1 1419 3248 4109
9282 2 2 2 1 2990 1368 5331
9283 2 2 2 1 3594 2604 4723
9284 2 2 2 1 438 4414 4979
9285 2 2 2 1 4414 2116 4979
9286 2 2 2 1 1869 3633 5663
9287 2 2 2 1 1412 3453 5333
9288 2 2 2 1 1268 4906 5511
9289 2 2 2 1 4530 663 5128
9290 2 2 2 1 3740 2086 3974
9291 2 2 2 1 3063 485 5351
9292 2 2 2 1 1170 3740 3974
9293 2 2 2 1 1340 3207 4433
9294 2 2 2 1 1958 3036 4464
9295 2 2 2 1 237 238 4591
9296 2 2 2 1 806 2897 4972
9297 2 2 2 1 3120 59 4994
9298 2 2 2 1 4010 3232 5479
9299 2 2 2 1 3046 785 4458
9300 2 2 2 1 4333 1666 4946
9301 2 2 2 1 3557 1403 3878
9302 2 2 2 1 655 3557 3878
9303 2 2 2 1 1214 3324 4032
9304 2 2 2 1 629 3056 5094
9305 2 2 2 1 3056 1552 5094
9306 2 2 2 1 972 2894 5463
9307 2 2 2 1 4284 1819 5233
9308 2 2 2 1 896 5382 5657
9309 2 2 2 1 3584 2817 5433
9310 2 2 2 1 4363 1204 5019
9311 2 2 2 1 4237 506 4745
9312 2 2 2 1 1948 4237 4745
9313 2 2 2 1 1475 3758 4833
9314 2 2 2 1 5010 744 5157
9315 2 2 2 1 3314 1067 5036
9316 2 2 2 1 2684 3658 5312
9317 2 2 2 1 1485 3861 5012
9318 2 2 2 1 3423 1335 5424
9319 2 2 2 1 923 2895 5028
9320 2 2 2 1 1834 4845 4908
9321 2 2 2 1 3089 1415 4385
9322 2 2 2 1 3257 1266 4939
9323 2 2 2 1 1024 3056 4461
9324 2 2 2 1 24 25 4628
9325 2 2 2 1 1496 2900 5646
9326 2 2 2 1 3304 1589 4077
9327 2 2 2 1 3129 1350 4517
9328 2 2 2 1 2465 3476 5169
9329 2 2 2 1 3166 1538 4241
9330 2 2 2 1 4930 2070 5524
9331 2 2 2 1 434 3944 5354
9332 2 2 2 1 88 89 4644
9333 2 2 2 1 2415 3562 5405
9334 2 2 2 1 3353 2070 4930
9335 2 2 2 1 77 78 4653
9336 2 2 2 1 2927 341 5489
9337 2 2 2 1 1595 2927 5489
9338 2 2 2 1 2539 5156 5600
9339 2 2 2 1 701 3234 4629
9340 2 2 2 1 3234 1488 4629
9341 2 2 2 1 9 10 4669
9342 2 2 2 1 214 215 4671
9343 2 2 2 1 43 44 4672
9344 2 2 2 1 1231 3478 5547
9345 2 2 2 1 725 2910 4992
9346 2 2 2 1 1837 3313 5643
9347 2 2 2 1 3313 866 5643
9348 2 2 2 1 2878 691 5350
9349 2 2 2 1 6 3308 5221
9350 2 2 2 1 313 312 4681
9351 2 2 2 1 1616 4040 4528
9352 2 2 2 1 3145 1110 4829
9353 2 2 2 1 3308 1712 5221
9354 2 2 2 1 3793 1487 5184
9355 2 2 2 1 618 3156 5145
9356 2 2 2 1 3156 1607 5145
9357 2 2 2 1 355 4862 5137
9358 2 2 2 1 966 2883 5316
9359 2 2 2 1 4862 2406 5137
9360 2 2 2 1 1701 5395 5463
9361 2 2 2 1 4690 1683 5509
9362 2 2 2 1 3119 1503 4854
9363 2 2 2 1 329 3119 4854
9364 2 2 2 1 2964 1462 4748
9365 2 2 2 1 927 3126 5078
9366 2 2 2 1 730 4014 4334
9367 2 2 2 1 4014 1730 4334
9368 2 2 2 1 2896 336 5175
9369 2 2 2 1 2935 1676 4889
9370 2 2 2 1 101 102 4695
9371 2 2 2 1 747 3224 4570
9372 2 2 2 1 3037 1808 4588
9373 2 2 2 1 2339 3037 4588
9374 2 2 2 1 2889 1925 5274
9375 2 2 2 1 775 3249 4551
9376 2 2 2 1 1461 2952 4840
9377 2 2 2 1 2945 477 5543
9378 2 2 2 1 1440 3537 4032
9379 2 2 2 1 3537 1214 4032
9380 2 2 2 1 409 2887 5545
9381 2 2 2 1 260 261 4724
9382 2 2 2 1 3625 594 5570
9383 2 2 2 1 2906 712 5165
9384 2 2 2 1 1401 4478 4897
9385 2 2 2 1 3289 360 5211
9386 2 2 2 1 1681 3289 5211
9387 2 2 2 1 3576 1406 4473
9388 2 2 2 1 1569 4510 4713
9389 2 2 2 1 3316 142 4652
9390 2 2 2 1 1777 5108 5501
9391 2 2 2 1 2917 960 5484
9392 2 2 2 1 1584 2917 5484
9393 2 2 2 1 3402 376 4315
9394 2 2 2 1 1351 3416 5062
9395 2 2 2 1 4460 1817 4477
9396 2 2 2 1 1111 3436 5071
9397 2 2 2 1 3303 596 4127
9398 2 2 2 1 245 246 4752
9399 2 2 2 1 3450 883 5241
9400 2 2 2 1 265 266 4755
9401 2 2 2 1 3145 1862 4353
9402 2 2 2 1 4428 2165 5138
9403 2 2 2 1 3377 1306 4068
9404 2 2 2 1 1573 4428 5138
9405 2 2 2 1 1673 4139 4882
9406 2 2 2 1 485 4825 5031
9407 2 2 2 1 4825 2320 5031
9408 2 2 2 1 344 2958 4865
9409 2 2 2 1 1554 4821 5107
9410 2 2 2 1 4821 2352 5107
9411 2 2 2 1 2908 400 5251
9412 2 2 2 1 957 2909 5217
9413 2 2 2 1 3413 430 4040
9414 2 2 2 1 3566 1193 3945
9415 2 2 2 1 3250 740 4581
9416 2 2 2 1 1468 3693 4011
9417 2 2 2 1 3693 353 4011
9418 2 2 2 1 3421 1164 4097
9419 2 2 2 1 1641 3147 4867
9420 2 2 2 1 3147 66 4867
9421 2 2 2 1 559 3161 4338
9422 2 2 2 1 5224 771 5612
9423 2 2 2 1 4684 2235 5034
9424 2 2 2 1 1509 4684 5034
9425 2 2 2 1 2903 380 5533
9426 2 2 2 1 127 3265 4960
9427 2 2 2 1 728 3582 3967
9428 2 2 2 1 1426 3069 4885
9429 2 2 2 1 2962 1048 4871
9430 2 2 2 1 2971 804 4987
9431 2 2 2 1 82 83 5464
9432 2 2 2 1 3690 2487 5291
9433 2 2 2 1 3550 1160 4574
9434 2 2 2 1 1600 3432 5231
9435 2 2 2 1 3138 600 4405
9436 2 2 2 1 3572 2176 4938
9437 2 2 2 1 3064 3990 5557
9438 2 2 2 1 3201 2064 4742
9439 2 2 2 1 3325 338 4735
9440 2 2 2 1 3121 1684 5539
9441 2 2 2 1 705 3121 5539
9442 2 2 2 1 3398 1786 5420
9443 2 2 2 1 682 3398 5420
9444 2 2 2 1 3223 1301 5675
9445 2 2 2 1 4058 2500 5174
9446 2 2 2 1 4771 608 5309
9447 2 2 2 1 3889 1326 4654
9448 2 2 2 1 275 274 4817
9449 2 2 2 1 5156 337 5600
9450 2 2 2 1 2956 459 5198
9451 2 2 2 1 1605 3566 3945
9452 2 2 2 1 2963 1781 4898
9453 2 2 2 1 1552 2932 5106
9454 2 2 2 1 3242 1089 4579
9455 2 2 2 1 1335 4149 5319
9456 2 2 2 1 2977 1815 4846
9457 2 2 2 1 666 2966 4884
9458 2 2 2 1 1585 2930 5278
9459 2 2 2 1 3255 603 5122
9460 2 2 2 1 3732 537 5227
9461 2 2 2 1 659 3163 4370
9462 2 2 2 1 1184 3750 3973
9463 2 2 2 1 3653 744 5010
9464 2 2 2 1 718 3762 4777
9465 2 2 2 1 3762 1756 4777
9466 2 2 2 1 1891 4206 4832
9467 2 2 2 1 3624 1322 3910
9468 2 2 2 1 27 28 4847
9469 2 2 2 1 3483 1738 5104
9470 2 2 2 1 783 3483 5104
9471 2 2 2 1 3424 597 4071
9472 2 2 2 1 1406 3626 3914
9473 2 2 2 1 1729 2934 5161
9474 2 2 2 1 482 3002 4794
9475 2 2 2 1 1990 3672 4868
9476 2 2 2 1 1895 3554 5052
9477 2 2 2 1 66 67 4867
9478 2 2 2 1 1669 4755 5423
9479 2 2 2 1 4463 1973 4603
9480 2 2 2 1 1428 4463 4603
9481 2 2 2 1 4560 2379 5481
9482 2 2 2 1 1645 4560 5481
9483 2 2 2 1 670 3779 4357
9484 2 2 2 1 353 3344 4138
9485 2 2 2 1 3799 1213 4693
9486 2 2 2 1 4782 1625 4785
9487 2 2 2 1 3177 2101 4850
9488 2 2 2 1 674 3551 4736
9489 2 2 2 1 866 3313 4176
9490 2 2 2 1 1625 4114 4785
9491 2 2 2 1 3335 1304 4999
9492 2 2 2 1 630 3690 5291
9493 2 2 2 1 3266 810 5585
9494 2 2 2 1 1767 3266 5585
9495 2 2 2 1 3582 1412 3967
9496 2 2 2 1 1904 2951 5139
9497 2 2 2 1 1393 3279 4232
9498 2 2 2 1 2928 1187 5405
9499 2 2 2 1 5059 2251 5402
9500 2 2 2 1 1617 3107 4548
9501 2 2 2 1 595 3022 4792
9502 2 2 2 1 2333 3307 5578
9503 2 2 2 1 3307 664 5578
9504 2 2 2 1 694 3123 4512
9505 2 2 2 1 361 3079 4635
9506 2 2 2 1 3693 1291 4536
9507 2 2 2 1 47 48 4926
9508 2 2 2 1 196 2952 5253
9509 2 2 2 1 4863 1549 5270
9510 2 2 2 1 32 33 4929
9511 2 2 2 1 1374 3722 5455
9512 2 2 2 1 3984 1651 3985
9513 2 2 2 1 1341 3238 4396
9514 2 2 2 1 1369 3984 3985
9515 2 2 2 1 4819 1935 5226
9516 2 2 2 1 1164 3510 4097
9517 2 2 2 1 3846 678 5395
9518 2 2 2 1 1623 3229 5520
9519 2 2 2 1 1726 3336 5562
9520 2 2 2 1 1089 3281 4579
9521 2 2 2 1 4426 1629 5288
9522 2 2 2 1 3068 781 4705
9523 2 2 2 1 2931 1370 5518
9524 2 2 2 1 3710 1627 4123
9525 2 2 2 1 1654 3007 5583
9526 2 2 2 1 3007 626 5583
9527 2 2 2 1 2944 1563 5314
9528 2 2 2 1 2965 437 5045
9529 2 2 2 1 3250 1116 5127
9530 2 2 2 1 3515 1120 4920
9531 2 2 2 1 617 2988 5014
9532 2 2 2 1 1474 3027 4818
9533 2 2 2 1 3340 2038 4199
9534 2 2 2 1 2952 2233 5253
9535 2 2 2 1 3235 1597 5181
9536 2 2 2 1 3467 1682 4948
9537 2 2 2 1 665 3467 4948
9538 2 2 2 1 175 176 4981
9539 2 2 2 1 353 3693 4536
9540 2 2 2 1 1563 3039 5314
9541 2 2 2 1 825 3452 4754
9542 2 2 2 1 3452 1590 4754
9543 2 2 2 1 3039 608 5314
9544 2 2 2 1 2946 1025 5366
9545 2 2 2 1 1442 2956 5198
9546 2 2 2 1 1065 3073 4715
9547 2 2 2 1 4354 1537 4864
9548 2 2 2 1 2011 4354 4864
9549 2 2 2 1 3186 629 4875
9550 2 2 2 1 570 3315 4657
9551 2 2 2 1 799 4576 5450
9552 2 2 2 1 2939 945 5531
9553 2 2 2 1 3387 205 5065
9554 2 2 2 1 3369 1678 5172
9555 2 2 2 1 744 3375 4685
9556 2 2 2 1 3375 1545 4685
9557 2 2 2 1 504 3369 5172
9558 2 2 2 1 3200 2126 5155
9559 2 2 2 1 465 3990 4404
9560 2 2 2 1 3990 1714 4404
9561 2 2 2 1 996 2943 5655
9562 2 2 2 1 1023 3340 4199
9563 2 2 2 1 734 3766 4452
9564 2 2 2 1 3766 1633 4452
9565 2 2 2 1 3337 1076 4710
9566 2 2 2 1 773 3930 5348
9567 2 2 2 1 5159 2669 5539
9568 2 2 2 1 1684 5159 5539
9569 2 2 2 1 3270 1521 4295
9570 2 2 2 1 139 140 5573
9571 2 2 2 1 430 3302 4245
9572 2 2 2 1 3127 1431 4581
9573 2 2 2 1 1721 4412 5038
9574 2 2 2 1 1347 2945 5565
9575 2 2 2 1 4450 2468 4753
9576 2 2 2 1 425 4450 4753
9577 2 2 2 1 2150 3558 4873
9578 2 2 2 1 3065 1254 4758
9579 2 2 2 1 2157 4457 5179
9580 2 2 2 1 4457 827 5179
9581 2 2 2 1 3218 1141 4383
9582 2 2 2 1 2140 3532 5648
9583 2 2 2 1 3830 1799 4887
9584 2 2 2 1 724 3830 4887
9585 2 2 2 1 1489 4125 4313
9586 2 2 2 1 3601 1207 4025
9587 2 2 2 1 1291 3749 4536
9588 2 2 2 1 1773 3259 4848
9589 2 2 2 1 765 3300 4319
9590 2 2 2 1 3430 1346 4262
9591 2 2 2 1 144 145 5057
9592 2 2 2 1 4775 2126 5223
9593 2 2 2 1 4832 801 4984
9594 2 2 2 1 150 3159 5160
9595 2 2 2 1 1297 3075 5149
9596 2 2 2 1 177 178 5068
9597 2 2 2 1 4262 1346 4293
9598 2 2 2 1 1959 4262 4293
9599 2 2 2 1 1227 3651 3975
9600 2 2 2 1 4204 1871 5156
9601 2 2 2 1 1845 3657 4252
9602 2 2 2 1 1369 3116 4645
9603 2 2 2 1 305 304 5081
9604 2 2 2 1 1572 4248 4888
9605 2 2 2 1 4248 1972 4888
9606 2 2 2 1 3659 1953 4701
9607 2 2 2 1 1643 3659 4701
9608 2 2 2 1 2212 3806 4039
9609 2 2 2 1 3806 673 4039
9610 2 2 2 1 787 3279 4488
9611 2 2 2 1 4019 1279 4134
9612 2 2 2 1 1504 2967 5353
9613 2 2 2 1 1503 3119 4646
9614 2 2 2 1 3053 2366 4855
9615 2 2 2 1 4004 1447 5250
9616 2 2 2 1 3711 1589 3932
9617 2 2 2 1 99 100 5120
9618 2 2 2 1 2954 973 5475
9619 2 2 2 1 3620 1870 4338
9620 2 2 2 1 192 193 5136
9621 2 2 2 1 2302 2992 5072
9622 2 2 2 1 3828 1852 4055
9623 2 2 2 1 381 3828 4055
9624 2 2 2 1 2538 3351 5121
9625 2 2 2 1 3351 1772 5121
9626 2 2 2 1 3830 1285 4315
9627 2 2 2 1 3939 442 5024
9628 2 2 2 1 2168 3939 5024
9629 2 2 2 1 956 2957 5581
9630 2 2 2 1 3530 616 4759
9631 2 2 2 1 195 196 5253
9632 2 2 2 1 3424 1981 5112
9633 2 2 2 1 2763 4550 5564
9634 2 2 2 1 4152 1394 4604
9635 2 2 2 1 4797 815 5130
9636 2 2 2 1 2291 4797 5130
9637 2 2 2 1 1639 4568 4824
9638 2 2 2 1 2062 3455 5592
9639 2 2 2 1 3309 69 5427
9640 2 2 2 1 271 5 5186
9641 2 2 2 1 4030 1869 5663
9642 2 2 2 1 1120 3515 4955
9643 2 2 2 1 3515 1664 4955
9644 2 2 2 1 638 3349 5325
9645 2 2 2 1 3379 1533 4671
9646 2 2 2 1 215 3379 4671
9647 2 2 2 1 2103 4053 5615
9648 2 2 2 1 4269 1710 5097
9649 2 2 2 1 1510 3148 4587
9650 2 2 2 1 1515 2980 5485
9651 2 2 2 1 300 6 5221
9652 2 2 2 1 55 56 5228
9653 2 2 2 1 3827 1465 4257
9654 2 2 2 1 3452 1315 4146
9655 2 2 2 1 1757 3544 4902
9656 2 2 2 1 1288 3388 4214
9657 2 2 2 1 869 4557 5597
9658 2 2 2 1 4557 2397 5597
9659 2 2 2 1 3691 1162 4627
9660 2 2 2 1 1741 3691 4627
9661 2 2 2 1 349 3342 4345
9662 2 2 2 1 4804 1871 4915
9663 2 2 2 1 3715 1562 4770
9664 2 2 2 1 3655 1560 5271
9665 2 2 2 1 112 113 5266
9666 2 2 2 1 334 3235 5181
9667 2 2 2 1 1194 3234 4441
9668 2 2 2 1 688 3539 4782
9669 2 2 2 1 3539 2229 4782
9670 2 2 2 1 607 3027 5018
9671 2 2 2 1 3027 1474 5018
9672 2 2 2 1 3384 1482 4304
9673 2 2 2 1 159 160 5279
9674 2 2 2 1 4101 721 5116
9675 2 2 2 1 1154 3208 4476
9676 2 2 2 1 3097 401 4781
9677 2 2 2 1 3030 1044 4999
9678 2 2 2 1 3463 1100 4386
9679 2 2 2 1 3139 1784 4655
9680 2 2 2 1 3408 628 4212
9681 2 2 2 1 2023 2996 5213
9682 2 2 2 1 1146 3152 5572
9683 2 2 2 1 4020 1384 4408
9684 2 2 2 1 3065 453 5636
9685 2 2 2 1 1650 3065 5636
9686 2 2 2 1 3795 2076 4195
9687 2 2 2 1 1367 3795 4195
9688 2 2 2 1 3069 269 4885
9689 2 2 2 1 1499 3616 4790
9690 2 2 2 1 754 3817 5216
9691 2 2 2 1 3298 1402 4442
9692 2 2 2 1 169 170 5349
9693 2 2 2 1 2165 4428 5661
9694 2 2 2 1 345 3298 4442
9695 2 2 2 1 590 3189 4624
9696 2 2 2 1 3251 1614 4430
9697 2 2 2 1 1253 2993 5291
9698 2 2 2 1 3242 1822 4451
9699 2 2 2 1 4717 414 5052
9700 2 2 2 1 2210 4717 5052
9701 2 2 2 1 1993 4483 4484
9702 2 2 2 1 4483 1398 4484
9703 2 2 2 1 4844 1828 5340
9704 2 2 2 1 551 3174 5619
9705 2 2 2 1 3105 702 4786
9706 2 2 2 1 2980 796 5485
9707 2 2 2 1 958 2986 5410
9708 2 2 2 1 696 4170 4423
9709 2 2 2 1 71 72 5432
9710 2 2 2 1 232 233 5469
9711 2 2 2 1 2171 4562 5150
9712 2 2 2 1 4562 820 5150
9713 2 2 2 1 118 119 5476
9714 2 2 2 1 4197 1556 4323
9715 2 2 2 1 1141 3219 4501
9716 2 2 2 1 1823 2980 5623
9717 2 2 2 1 156 157 5492
9718 2 2 2 1 187 3572 5630
9719 2 2 2 1 3052 1077 5342
9720 2 2 2 1 1239 4764 5633
9721 2 2 2 1 1010 3011 5205
9722 2 2 2 1 14 15 5559
9723 2 2 2 1 1531 3622 4371
9724 2 2 2 1 3622 704 4371
9725 2 2 2 1 185 186 5580
9726 2 2 2 1 4328 760 4814
9727 2 2 2 1 1427 3168 5210
9728 2 2 2 1 1760 3903 5206
9729 2 2 2 1 589 3306 4369
9730 2 2 2 1 287 286 5654
9731 2 2 2 1 3127 682 4911
9732 2 2 2 1 1720 3824 4015
9733 2 2 2 1 3824 588 4015
9734 2 2 2 1 639 3029 5125
9735 2 2 2 1 408 3917 5361
9736 2 2 2 1 1662 3603 5434
9737 2 2 2 1 1808 3380 4287
9738 2 2 2 1 3526 1636 5177
9739 2 2 2 1 998 3093 4894
9740 2 2 2 1 1728 4200 4272
9741 2 2 2 1 4200 1434 4272
9742 2 2 2 1 3531 1250 4391
9743 2 2 2 1 1420 3205 4743
9744 2 2 2 1 1655 3144 5425
9745 2 2 2 1 352 4460 4477
9746 2 2 2 1 3539 1669 5423
9747 2 2 2 1 1879 4414 4495
9748 2 2 2 1 4414 438 4495
9749 2 2 2 1 3058 1792 5380
9750 2 2 2 1 3662 2059 4056
9751 2 2 2 1 2117 3041 5131
9752 2 2 2 1 509 3481 5425
9753 2 2 2 1 2336 4683 5619
9754 2 2 2 1 3181 987 4622
9755 2 2 2 1 1043 3018 5262
9756 2 2 2 1 1252 3872 4657
9757 2 2 2 1 3328 285 4350
9758 2 2 2 1 3093 1445 4894
9759 2 2 2 1 1873 3850 4344
9760 2 2 2 1 3296 332 4857
9761 2 2 2 1 4627 1162 5400
9762 2 2 2 1 2305 4627 5400
9763 2 2 2 1 664 4694 5495
9764 2 2 2 1 4694 2384 5495
9765 2 2 2 1 1116 3378 5127
9766 2 2 2 1 1373 4270 4736
9767 2 2 2 1 3445 638 5325
9768 2 2 2 1 3267 415 4623
9769 2 2 2 1 1449 3267 4623
9770 2 2 2 1 3058 1182 5087
9771 2 2 2 1 1261 3588 4583
9772 2 2 2 1 3224 1365 4570
9773 2 2 2 1 3174 996 5655
9774 2 2 2 1 1583 3007 5525
9775 2 2 2 1 1605 3945 4718
9776 2 2 2 1 1414 3198 5586
9777 2 2 2 1 1044 3030 5275
9778 2 2 2 1 3248 1419 4739
9779 2 2 2 1 3264 1437 4582
9780 2 2 2 1 346 3264 4582
9781 2 2 2 1 3080 139 5573
9782 2 2 2 1 3368 661 5282
9783 2 2 2 1 1678 3368 5282
9784 2 2 2 1 3029 1265 5321
9785 2 2 2 1 1544 3323 4408
9786 2 2 2 1 3765 2501 5457
9787 2 2 2 1 4340 2231 4341
9788 2 2 2 1 1337 4340 4341
9789 2 2 2 1 4675 1449 4769
9790 2 2 2 1 2039 4675 4769
9791 2 2 2 1 3518 809 4197
9792 2 2 2 1 3170 1818 4725
9793 2 2 2 1 1731 3046 5260
9794 2 2 2 1 1826 3959 3960
9795 2 2 2 1 644 3363 5553
9796 2 2 2 1 3501 2466 5215
9797 2 2 2 1 3959 1309 3960
9798 2 2 2 1 3601 291 5293
9799 2 2 2 1 1523 4297 4656
9800 2 2 2 1 4297 1874 4656
9801 2 2 2 1 402 3009 5590
9802 2 2 2 1 3237 1765 5057
9803 2 2 2 1 145 3237 5057
9804 2 2 2 1 354 3155 4767
9805 2 2 2 1 206 3076 5065
9806 2 2 2 1 3269 620 4498
9807 2 2 2 1 1746 4615 4910
9808 2 2 2 1 3065 1650 5133
9809 2 2 2 1 1336 3581 5038
9810 2 2 2 1 3581 1721 5038
9811 2 2 2 1 3279 1393 4488
9812 2 2 2 1 3179 720 4721
9813 2 2 2 1 3285 1889 4478
9814 2 2 2 1 3856 1423 4168
9815 2 2 2 1 870 4971 5047
9816 2 2 2 1 4971 2308 5047
9817 2 2 2 1 3949 1243 4359
9818 2 2 2 1 1639 3949 4359
9819 2 2 2 1 611 4637 5435
9820 2 2 2 1 398 3057 5231
9821 2 2 2 1 643 3104 5462
9822 2 2 2 1 3858 1729 4728
9823 2 2 2 1 3104 1604 5462
9824 2 2 2 1 739 3858 4728
9825 2 2 2 1 1789 3305 4991
9826 2 2 2 1 1175 3679 5480
9827 2 2 2 1 3305 2518 4991
9828 2 2 2 1 2080 4013 4953
9829 2 2 2 1 3273 1264 4503
9830 2 2 2 1 3770 1677 4726
9831 2 2 2 1 737 3770 4726
9832 2 2 2 1 1848 3061 5218
9833 2 2 2 1 1213 3847 4693
9834 2 2 2 1 3847 1706 4693
9835 2 2 2 1 4340 574 5596
9836 2 2 2 1 2231 4340 5596
9837 2 2 2 1 3677 1395 5309
9838 2 2 2 1 1397 3451 4291
9839 2 2 2 1 3039 985 5416
9840 2 2 2 1 1431 3127 4911
9841 2 2 2 1 1849 4981 5667
9842 2 2 2 1 3396 644 5553
9843 2 2 2 1 3268 1449 4675
9844 2 2 2 1 3918 7 4707
9845 2 2 2 1 610 3268 4675
9846 2 2 2 1 1517 3817 4140
9847 2 2 2 1 3817 754 4140
9848 2 2 2 1 765 4319 5013
9849 2 2 2 1 604 3233 4800
9850 2 2 2 1 2500 4827 5672
9851 2 2 2 1 4827 496 5672
9852 2 2 2 1 4478 1889 4897
9853 2 2 2 1 1692 4155 4640
9854 2 2 2 1 1144 3121 4961
9855 2 2 2 1 1396 3567 5132
9856 2 2 2 1 790 4114 4148
9857 2 2 2 1 4114 1625 4148
9858 2 2 2 1 1395 3855 4438
9859 2 2 2 1 620 3269 4559
9860 2 2 2 1 3030 1304 5656
9861 2 2 2 1 380 4666 5533
9862 2 2 2 1 4666 2363 5533
9863 2 2 2 1 3953 854 5368
9864 2 2 2 1 1951 3953 5368
9865 2 2 2 1 3231 1040 4856
9866 2 2 2 1 1486 3231 4856
9867 2 2 2 1 3115 1078 5362
9868 2 2 2 1 3871 3058 5380
9869 2 2 2 1 3230 551 4683
9870 2 2 2 1 1199 3392 4447
9871 2 2 2 1 3392 1441 4447
9872 2 2 2 1 499 3093 5099
9873 2 2 2 1 1703 3120 4994
9874 2 2 2 1 3205 1058 4743
9875 2 2 2 1 3064 1121 5326
9876 2 2 2 1 960 3053 5484
9877 2 2 2 1 1121 3064 5557
9878 2 2 2 1 3336 950 5512
9879 2 2 2 1 1737 3336 5512
9880 2 2 2 1 4880 684 5611
9881 2 2 2 1 400 3045 5622
9882 2 2 2 1 3149 1451 4943
9883 2 2 2 1 1801 4427 5651
9884 2 2 2 1 3213 467 5315
9885 2 2 2 1 1608 3213 5315
9886 2 2 2 1 4132 1436 5555
9887 2 2 2 1 4427 362 5397
9888 2 2 2 1 2174 4427 5397
9889 2 2 2 1 3336 1726 5477
9890 2 2 2 1 950 3336 5477
9891 2 2 2 1 1803 3097 5144
9892 2 2 2 1 512 3633 4149
9893 2 2 2 1 3331 1423 4722
9894 2 2 2 1 4319 1984 5013
9895 2 2 2 1 657 3856 4168
9896 2 2 2 1 3281 1505 4579
9897 2 2 2 1 1796 3641 4392
9898 2 2 2 1 1383 4041 4304
9899 2 2 2 1 3521 1865 5042
9900 2 2 2 1 1792 3117 5048
9901 2 2 2 1 1506 3946 5363
9902 2 2 2 1 1489 4313 4741
9903 2 2 2 1 4313 1889 4741
9904 2 2 2 1 863 3148 5067
9905 2 2 2 1 3503 1277 4290
9906 2 2 2 1 1496 3544 4456
9907 2 2 2 1 3544 351 4456
9908 2 2 2 1 4337 619 4656
9909 2 2 2 1 4145 1534 5074
9910 2 2 2 1 1090 3252 5138
9911 2 2 2 1 3252 1573 5138
9912 2 2 2 1 1874 4337 4656
9913 2 2 2 1 3346 1922 4716
9914 2 2 2 1 3515 541 4639
9915 2 2 2 1 1664 3515 4639
9916 2 2 2 1 1591 4664 5214
9917 2 2 2 1 4664 2199 5214
9918 2 2 2 1 1077 3488 5342
9919 2 2 2 1 1611 4283 4687
9920 2 2 2 1 4177 925 4270
9921 2 2 2 1 1966 4177 4270
9922 2 2 2 1 2102 3294 4578
9923 2 2 2 1 764 3451 5441
9924 2 2 2 1 2762 4239 5468
9925 2 2 2 1 4982 1825 5660
9926 2 2 2 1 1505 3281 4858
9927 2 2 2 1 3281 844 4858
9928 2 2 2 1 3435 2021 4827
9929 2 2 2 1 1692 4640 4921
9930 2 2 2 1 811 3149 4943
9931 2 2 2 1 1286 3123 5071
9932 2 2 2 1 4468 1892 5344
9933 2 2 2 1 1991 4213 5141
9934 2 2 2 1 4213 1734 5141
9935 2 2 2 1 4063 2266 4151
9936 2 2 2 1 1288 4063 4151
9937 2 2 2 1 3452 825 5070
9938 2 2 2 1 942 3334 5076
9939 2 2 2 1 1673 4882 5433
9940 2 2 2 1 3148 1510 5067
9941 2 2 2 1 451 3509 5117
9942 2 2 2 1 3244 330 5625
9943 2 2 2 1 1706 3244 5625
9944 2 2 2 1 1259 3919 4551
9945 2 2 2 1 3100 1066 5470
9946 2 2 2 1 3271 1088 4661
9947 2 2 2 1 1019 3078 5444
9948 2 2 2 1 3392 1199 4445
9949 2 2 2 1 4309 654 4446
9950 2 2 2 1 2134 3128 5098
9951 2 2 2 1 1560 3655 4556
9952 2 2 2 1 3655 999 4556
9953 2 2 2 1 4394 2120 5336
9954 2 2 2 1 1718 4394 5336
9955 2 2 2 1 384 3248 4739
9956 2 2 2 1 1302 3582 4243
9957 2 2 2 1 1451 4078 4925
9958 2 2 2 1 1860 4017 4018
9959 2 2 2 1 4017 1333 4018
9960 2 2 2 1 1819 3649 4191
9961 2 2 2 1 369 4802 4921
9962 2 2 2 1 4802 2128 4921
9963 2 2 2 1 3735 1871 4804
9964 2 2 2 1 1237 3185 4896
9965 2 2 2 1 1599 3916 4360
9966 2 2 2 1 3916 868 4360
9967 2 2 2 1 1242 3713 4381
9968 2 2 2 1 3428 611 4514
9969 2 2 2 1 1457 3428 4514
9970 2 2 2 1 1756 3762 4107
9971 2 2 2 1 1539 3149 5193
9972 2 2 2 1 3162 2364 4976
9973 2 2 2 1 3149 811 5193
9974 2 2 2 1 589 3321 4590
9975 2 2 2 1 3876 1980 5309
9976 2 2 2 1 1752 3322 5668
9977 2 2 2 1 3322 699 5668
9978 2 2 2 1 1841 3463 4386
9979 2 2 2 1 4564 2690 4998
9980 2 2 2 1 3520 795 4610
9981 2 2 2 1 1522 3520 4610
9982 2 2 2 1 4362 664 5495
9983 2 2 2 1 3170 1474 5084
9984 2 2 2 1 1492 4119 4947
9985 2 2 2 1 4101 1776 4102
9986 2 2 2 1 1385 4101 4102
9987 2 2 2 1 3987 1351 5062
9988 2 2 2 1 5030 1553 5039
9989 2 2 2 1 4303 1412 5333
9990 2 2 2 1 3204 1919 4892
9991 2 2 2 1 1052 3111 5535
9992 2 2 2 1 395 4121 5219
9993 2 2 2 1 3132 578 5200
9994 2 2 2 1 1421 3570 4306
9995 2 2 2 1 1788 3100 5470
9996 2 2 2 1 331 3143 5110
9997 2 2 2 1 2599 3422 5498
9998 2 2 2 1 1460 3719 4169
9999 2 2 2 1 3719 165 4169
10000 2 2 2 1 3205 674 4913
10001 2 2 2 1 3088 498 5621
10002 2 2 2 1 2118 3311 4869
10003 2 2 2 1 3543 1354 4942
10004 2 2 2 1 4061 1466 4986
10005 2 2 2 1 3160 713 5037
10006 2 2 2 1 459 3727 4161
10007 2 2 2 1 1793 3787 5290
10008 2 2 2 1 4410 704 5310
10009 2 2 2 1 2100 4410 5310
10010 2 2 2 1 3227 1448 4957
10011 2 2 2 1 2395 4738 5520
10012 2 2 2 1 3171 706 5011
10013 2 2 2 1 3249 775 4811
10014 2 2 2 1 1180 3427 4479
10015 2 2 2 1 626 3096 5583
10016 2 2 2 1 1395 3876 5309
10017 2 2 2 1 717 3258 4804
10018 2 2 2 1 4670 1979 4696
10019 2 2 2 1 741 4670 4696
10020 2 2 2 1 1087 3376 4568
10021 2 2 2 1 4354 2011 5398
10022 2 2 2 1 1704 4042 4965
10023 2 2 2 1 3256 1124 5472
10024 2 2 2 1 614 3523 4968
10025 2 2 2 1 1850 4071 4554
10026 2 2 2 1 3657 806 4252
10027 2 2 2 1 3513 600 4487
10028 2 2 2 1 104 3778 4584
10029 2 2 2 1 2070 3542 5524
10030 2 2 2 1 5385 671 5574
10031 2 2 2 1 4440 382 4888
10032 2 2 2 1 1972 4440 4888
10033 2 2 2 1 4023 2393 4027
10034 2 2 2 1 1813 3785 4147
10035 2 2 2 1 3680 1698 5412
10036 2 2 2 1 3252 1090 5098
10037 2 2 2 1 2072 3812 4561
10038 2 2 2 1 3770 737 4295
10039 2 2 2 1 1521 3770 4295
10040 2 2 2 1 5168 808 5267
10041 2 2 2 1 367 3170 5084
10042 2 2 2 1 1315 3452 5070
10043 2 2 2 1 3812 686 4561
10044 2 2 2 1 3228 652 4917
10045 2 2 2 1 3105 1125 5602
10046 2 2 2 1 1644 5063 5493
10047 2 2 2 1 3839 1479 4125
10048 2 2 2 1 2459 3173 5146
10049 2 2 2 1 3159 1795 5160
10050 2 2 2 1 1246 4023 4027
10051 2 2 2 1 457 3576 4473
10052 2 2 2 1 472 3738 5658
10053 2 2 2 1 3697 1133 5415
10054 2 2 2 1 1832 3697 5415
10055 2 2 2 1 3858 739 4241
10056 2 2 2 1 1538 3858 4241
10057 2 2 2 1 1900 3114 5605
10058 2 2 2 1 4609 1736 4780
10059 2 2 2 1 1805 4662 4718
10060 2 2 2 1 1938 3575 5475
10061 2 2 2 1 4166 1329 4167
10062 2 2 2 1 2049 4166 4167
10063 2 2 2 1 3642 787 5373
10064 2 2 2 1 1781 3642 5373
10065 2 2 2 1 3545 2382 5594
10066 2 2 2 1 3535 777 4598
10067 2 2 2 1 3975 763 5497
10068 2 2 2 1 3638 1637 4327
10069 2 2 2 1 3291 1749 4788
10070 2 2 2 1 3282 1360 5143
10071 2 2 2 1 436 3681 4775
10072 2 2 2 1 578 3132 5430
10073 2 2 2 1 5100 1868 5608
10074 2 2 2 1 439 3422 5202
10075 2 2 2 1 725 4075 4575
10076 2 2 2 1 4075 1805 4575
10077 2 2 2 1 3232 736 5479
10078 2 2 2 1 3739 730 4334
10079 2 2 2 1 1513 3739 4334
10080 2 2 2 1 4476 1613 4812
10081 2 2 2 1 3556 1118 5252
10082 2 2 2 1 1183 3892 5132
10083 2 2 2 1 3437 1225 4528
10084 2 2 2 1 3346 1338 4691
10085 2 2 2 1 778 3331 4722
10086 2 2 2 1 574 3567 5596
10087 2 2 2 1 1736 3337 4710
10088 2 2 2 1 304 3588 5081
10089 2 2 2 1 3588 1671 5081
10090 2 2 2 1 4131 2288 5549
10091 2 2 2 1 3236 1124 4982
10092 2 2 2 1 3168 772 5210
10093 2 2 2 1 1365 3325 4735
10094 2 2 2 1 4065 1748 4085
10095 2 2 2 1 3773 1874 4297
10096 2 2 2 1 882 3773 4297
10097 2 2 2 1 1573 3833 4428
10098 2 2 2 1 3833 455 4428
10099 2 2 2 1 2138 4911 5420
10100 2 2 2 1 4268 1017 4850
10101 2 2 2 1 639 3764 4216
10102 2 2 2 1 1427 4188 4189
10103 2 2 2 1 4188 1745 4189
10104 2 2 2 1 4417 2404 4421
10105 2 2 2 1 1352 4417 4421
10106 2 2 2 1 4506 1900 5662
10107 2 2 2 1 4926 1733 5642
10108 2 2 2 1 4019 810 5245
10109 2 2 2 1 2054 3200 5155
10110 2 2 2 1 4049 1444 4386
10111 2 2 2 1 3811 657 4194
10112 2 2 2 1 4204 1723 4915
10113 2 2 2 1 1871 4204 4915
10114 2 2 2 1 3552 1107 5020
10115 2 2 2 1 1357 3541 4454
10116 2 2 2 1 510 4206 4977
10117 2 2 2 1 4206 1891 4977
10118 2 2 2 1 432 3492 4534
10119 2 2 2 1 3492 1462 4534
10120 2 2 2 1 1386 3804 4208
10121 2 2 2 1 1210 3209 5100
10122 2 2 2 1 1056 3372 4713
10123 2 2 2 1 1690 4686 5079
10124 2 2 2 1 711 3860 4897
10125 2 2 2 1 5359 2055 5560
10126 2 2 2 1 3734 349 4345
10127 2 2 2 1 820 3676 5150
10128 2 2 2 1 3671 2918 5320
10129 2 2 2 1 1444 3979 5170
10130 2 2 2 1 4746 1550 5200
10131 2 2 2 1 1201 3592 4974
10132 2 2 2 1 3787 791 5290
10133 2 2 2 1 585 4343 4463
10134 2 2 2 1 4343 1973 4463
10135 2 2 2 1 3756 572 4249
10136 2 2 2 1 4106 1483 5357
10137 2 2 2 1 1967 4106 5357
10138 2 2 2 1 3265 1607 4960
10139 2 2 2 1 4178 437 5161
10140 2 2 2 1 665 3472 5375
10141 2 2 2 1 3472 1698 5375
10142 2 2 2 1 3941 1489 4741
10143 2 2 2 1 1482 3811 4304
10144 2 2 2 1 3239 348 5069
10145 2 2 2 1 1050 3156 5447
10146 2 2 2 1 2261 4286 5459
10147 2 2 2 1 3143 331 5616
10148 2 2 2 1 3567 1396 5596
10149 2 2 2 1 3382 1141 5571
10150 2 2 2 1 4235 1824 5296
10151 2 2 2 1 2005 4235 5296
10152 2 2 2 1 745 4353 4727
10153 2 2 2 1 3220 640 5152
10154 2 2 2 1 4353 1862 4727
10155 2 2 2 1 3492 432 5320
10156 2 2 2 1 1685 3492 5320
10157 2 2 2 1 3668 1194 4444
10158 2 2 2 1 356 3330 4812
10159 2 2 2 1 3778 1571 4584
10160 2 2 2 1 461 5458 5669
10161 2 2 2 1 4550 818 5564
10162 2 2 2 1 1399 4065 4085
10163 2 2 2 1 1402 3152 5546
10164 2 2 2 1 3311 1937 4869
10165 2 2 2 1 3310 1699 4878
10166 2 2 2 1 4911 682 5420
10167 2 2 2 1 1708 3487 4616
10168 2 2 2 1 4375 752 5386
10169 2 2 2 1 2075 4375 5386
10170 2 2 2 1 513 4930 5524
10171 2 2 2 1 3152 1402 5572
10172 2 2 2 1 947 3183 5370
10173 2 2 2 1 1986 4036 5548
10174 2 2 2 1 1580 3421 5058
10175 2 2 2 1 3421 640 5058
10176 2 2 2 1 1586 3240 5117
10177 2 2 2 1 2271 3347 5114
10178 2 2 2 1 372 3949 4824
10179 2 2 2 1 4773 2300 5478
10180 2 2 2 1 855 4773 5478
10181 2 2 2 1 3641 1620 4392
10182 2 2 2 1 1989 4122 4544
10183 2 2 2 1 3909 1476 4542
10184 2 2 2 1 2204 3909 4542
10185 2 2 2 1 4074 693 5411
10186 2 2 2 1 3542 803 4542
10187 2 2 2 1 1476 3542 4542
10188 2 2 2 1 771 3961 5612
10189 2 2 2 1 1794 4363 5019
10190 2 2 2 1 613 3280 4989
10191 2 2 2 1 1987 4863 5270
10192 2 2 2 1 3751 2476 4608
10193 2 2 2 1 3297 1163 4964
10194 2 2 2 1 1466 4050 5026
10195 2 2 2 1 2242 4019 4134
10196 2 2 2 1 3533 1209 5457
10197 2 2 2 1 1128 3217 5287
10198 2 2 2 1 2106 5030 5039
10199 2 2 2 1 3666 1507 4495
10200 2 2 2 1 1857 3255 5122
10201 2 2 2 1 438 3666 4495
10202 2 2 2 1 809 3518 5346
10203 2 2 2 1 3518 1697 5346
10204 2 2 2 1 4810 371 5376
10205 2 2 2 1 2252 4810 5376
10206 2 2 2 1 1565 4124 4220
10207 2 2 2 1 4124 1592 4220
10208 2 2 2 1 4217 2382 4330
10209 2 2 2 1 1469 3734 4345
10210 2 2 2 1 3483 783 4654
10211 2 2 2 1 1633 3863 4452
10212 2 2 2 1 3863 1821 4452
10213 2 2 2 1 1160 3550 5369
10214 2 2 2 1 1459 3561 4750
10215 2 2 2 1 1801 3550 4574
10216 2 2 2 1 3444 846 4806
10217 2 2 2 1 670 3989 4833
10218 2 2 2 1 1085 3175 5642
10219 2 2 2 1 5225 1842 5373
10220 2 2 2 1 677 4037 5272
10221 2 2 2 1 527 3697 5527
10222 2 2 2 1 3697 1832 5527
10223 2 2 2 1 466 3327 4931
10224 2 2 2 1 1721 3581 5228
10225 2 2 2 1 3811 1383 4304
10226 2 2 2 1 3581 55 5228
10227 2 2 2 1 3212 1782 5377
10228 2 2 2 1 4120 2138 5383
10229 2 2 2 1 442 3585 5024
10230 2 2 2 1 3585 1626 5024
10231 2 2 2 1 1672 5111 5135
10232 2 2 2 1 270 3918 4885
10233 2 2 2 1 5111 2297 5135
10234 2 2 2 1 1100 4049 4386
10235 2 2 2 1 716 4702 4962
10236 2 2 2 1 4702 2034 4962
10237 2 2 2 1 1140 3398 4815
10238 2 2 2 1 3304 1129 5016
10239 2 2 2 1 4288 793 5278
10240 2 2 2 1 801 4819 5226
10241 2 2 2 1 842 4067 4314
10242 2 2 2 1 4067 1591 4314
10243 2 2 2 1 3564 1455 4922
10244 2 2 2 1 3494 1156 4729
10245 2 2 2 1 1495 3494 4729
10246 2 2 2 1 3198 1060 5586
10247 2 2 2 1 5181 1597 5419
10248 2 2 2 1 2454 5181 5419
10249 2 2 2 1 3554 1568 4900
10250 2 2 2 1 817 3554 4900
10251 2 2 2 1 2484 3594 4932
10252 2 2 2 1 3593 76 4539
10253 2 2 2 1 4321 760 4328
10254 2 2 2 1 1279 3917 4516
10255 2 2 2 1 1935 3796 5226
10256 2 2 2 1 1799 3830 4315
10257 2 2 2 1 3716 1201 4974
10258 2 2 2 1 3829 1984 4319
10259 2 2 2 1 4795 988 4909
10260 2 2 2 1 2052 4795 4909
10261 2 2 2 1 4686 2015 5079
10262 2 2 2 1 4071 1850 5613
10263 2 2 2 1 1124 3256 5311
10264 2 2 2 1 4095 677 5272
10265 2 2 2 1 3208 1154 5523
10266 2 2 2 1 1521 3890 4523
10267 2 2 2 1 3890 2111 4523
10268 2 2 2 1 3786 659 4370
10269 2 2 2 1 1506 3786 4370
10270 2 2 2 1 1074 3264 5664
10271 2 2 2 1 3801 457 4473
10272 2 2 2 1 3245 1237 5358
10273 2 2 2 1 821 3629 5488
10274 2 2 2 1 5194 2162 5375
10275 2 2 2 1 3211 1082 5532
10276 2 2 2 1 4376 1813 4836
10277 2 2 2 1 1078 3327 5362
10278 2 2 2 1 1467 3449 5223
10279 2 2 2 1 3599 1160 5369
10280 2 2 2 1 1511 3836 4328
10281 2 2 2 1 2039 3611 4648
10282 2 2 2 1 3611 1067 4648
10283 2 2 2 1 1536 3630 4674
10284 2 2 2 1 3630 751 4674
10285 2 2 2 1 4685 1545 4837
10286 2 2 2 1 1982 4685 4837
10287 2 2 2 1 3542 2521 5524
10288 2 2 2 1 3479 1899 4749
10289 2 2 2 1 1350 3631 4517
10290 2 2 2 1 4288 1292 5203
10291 2 2 2 1 2069 4288 5203
10292 2 2 2 1 3360 984 4957
10293 2 2 2 1 649 3733 4524
10294 2 2 2 1 3733 1543 4524
10295 2 2 2 1 1462 3630 4534
10296 2 2 2 1 4337 1874 4700
10297 2 2 2 1 2116 4916 4979
10298 2 2 2 1 4916 1525 4979
10299 2 2 2 1 3317 394 5086
10300 2 2 2 1 5101 1662 5434
10301 2 2 2 1 3811 1482 4719
10302 2 2 2 1 1514 3433 4841
10303 2 2 2 1 1553 3454 4813
10304 2 2 2 1 4318 1769 4592
10305 2 2 2 1 1600 4318 4592
10306 2 2 2 1 1363 3776 4389
10307 2 2 2 1 986 4443 4949
10308 2 2 2 1 4443 1929 4949
10309 2 2 2 1 3894 2031 4311
10310 2 2 2 1 3524 737 4726
10311 2 2 2 1 4238 1707 4462
10312 2 2 2 1 814 4238 4462
10313 2 2 2 1 4202 736 4646
10314 2 2 2 1 1866 3341 5032
10315 2 2 2 1 1712 3308 5158
10316 2 2 2 1 3869 1323 4464
10317 2 2 2 1 1177 4054 4744
10318 2 2 2 1 1816 3767 5422
10319 2 2 2 1 3767 829 5422
10320 2 2 2 1 3522 1759 5627
10321 2 2 2 1 717 4804 4915
10322 2 2 2 1 848 3522 5627
10323 2 2 2 1 1501 3739 4446
10324 2 2 2 1 1479 3839 4880
10325 2 2 2 1 4140 1901 5110
10326 2 2 2 1 1691 3594 4723
10327 2 2 2 1 2413 3706 5657
10328 2 2 2 1 2026 4385 4416
10329 2 2 2 1 4385 1415 4416
10330 2 2 2 1 1124 3481 5472
10331 2 2 2 1 3276 123 5341
10332 2 2 2 1 3688 1144 4961
10333 2 2 2 1 1882 3688 4961
10334 2 2 2 1 1698 3680 5194
10335 2 2 2 1 3680 1012 5194
10336 2 2 2 1 704 3622 5310
10337 2 2 2 1 3622 1716 5310
10338 2 2 2 1 4210 1539 4677
10339 2 2 2 1 3454 1553 5030
10340 2 2 2 1 3616 1249 4790
10341 2 2 2 1 755 3454 5030
10342 2 2 2 1 1908 3256 5472
10343 2 2 2 1 3444 2375 5054
10344 2 2 2 1 1975 3444 5054
10345 2 2 2 1 3657 1747 5407
10346 2 2 2 1 806 3657 5407
10347 2 2 2 1 3525 2446 5077
10348 2 2 2 1 1535 3530 4759
10349 2 2 2 1 3551 1373 4736
10350 2 2 2 1 1941 5044 5294
10351 2 2 2 1 3556 739 4728
10352 2 2 2 1 4092 1548 5304
10353 2 2 2 1 3258 717 5505
10354 2 2 2 1 1394 3642 4604
10355 2 2 2 1 4002 1979 4670
10356 2 2 2 1 529 4250 5305
10357 2 2 2 1 4250 2148 5305
10358 2 2 2 1 4453 1599 4575
10359 2 2 2 1 1805 4453 4575
10360 2 2 2 1 2039 4648 5095
10361 2 2 2 1 4648 1742 5095
10362 2 2 2 1 3667 1146 5572
10363 2 2 2 1 733 4005 4663
10364 2 2 2 1 4005 1653 4663
10365 2 2 2 1 4106 1967 4606
10366 2 2 2 1 3266 1767 5467
10367 2 2 2 1 1481 4367 4368
10368 2 2 2 1 4367 1770 4368
10369 2 2 2 1 1747 3657 5611
10370 2 2 2 1 4640 1561 5379
10371 2 2 2 1 3612 307 4673
10372 2 2 2 1 3912 1415 4352
10373 2 2 2 1 3561 622 4750
10374 2 2 2 1 4294 1803 4310
10375 2 2 2 1 1080 4294 4310
10376 2 2 2 1 415 3267 5483
10377 2 2 2 1 1833 3507 4829
10378 2 2 2 1 4468 501 4838
10379 2 2 2 1 1892 4468 4838
10380 2 2 2 1 2526 3801 4473
10381 2 2 2 1 650 3691 5322
10382 2 2 2 1 3691 1741 5322
10383 2 2 2 1 2376 4059 5356
10384 2 2 2 1 1954 3889 4654
10385 2 2 2 1 2522 4619 5012
10386 2 2 2 1 2813 4761 5489
10387 2 2 2 1 492 3803 5142
10388 2 2 2 1 4125 711 4313
10389 2 2 2 1 3371 1098 5378
10390 2 2 2 1 3420 85 5003
10391 2 2 2 1 741 4696 5212
10392 2 2 2 1 1442 3922 4365
10393 2 2 2 1 3730 811 5635
10394 2 2 2 1 1851 3730 5635
10395 2 2 2 1 1773 4515 5235
10396 2 2 2 1 4621 1972 5382
10397 2 2 2 1 3453 534 5333
10398 2 2 2 1 3312 1590 5582
10399 2 2 2 1 4715 1532 5144
10400 2 2 2 1 1608 4225 4342
10401 2 2 2 1 4225 1632 4342
10402 2 2 2 1 3634 612 4688
10403 2 2 2 1 1384 3897 4408
10404 2 2 2 1 3897 1544 4408
10405 2 2 2 1 2179 3987 5062
10406 2 2 2 1 3378 2008 5127
10407 2 2 2 1 4599 1568 5140
10408 2 2 2 1 4393 569 5604
10409 2 2 2 1 1648 4398 4399
10410 2 2 2 1 348 3504 5069
10411 2 2 2 1 4507 1974 5035
10412 2 2 2 1 458 4507 5035
10413 2 2 2 1 3504 1576 5069
10414 2 2 2 1 1736 4266 4780
10415 2 2 2 1 4277 1493 4278
10416 2 2 2 1 1727 4277 4278
10417 2 2 2 1 4042 410 4965
10418 2 2 2 1 4523 788 5180
10419 2 2 2 1 4139 778 4392
10420 2 2 2 1 1620 4139 4392
10421 2 2 2 1 4745 506 4903
10422 2 2 2 1 1999 4745 4903
10423 2 2 2 1 4313 711 4897
10424 2 2 2 1 3505 329 5584
10425 2 2 2 1 4819 1555 5027
10426 2 2 2 1 1215 3587 4976
10427 2 2 2 1 1664 4639 5447
10428 2 2 2 1 3472 665 4948
10429 2 2 2 1 3749 1686 4536
10430 2 2 2 1 3416 841 5062
10431 2 2 2 1 3440 1250 5015
10432 2 2 2 1 4141 1522 4973
10433 2 2 2 1 3810 1492 4970
10434 2 2 2 1 4334 1730 4335
10435 2 2 2 1 1513 4334 4335
10436 2 2 2 1 3949 1639 4824
10437 2 2 2 1 4662 1605 4718
10438 2 2 2 1 5101 2323 5327
10439 2 2 2 1 1662 5101 5327
10440 2 2 2 1 184 3290 5510
10441 2 2 2 1 498 3599 5621
10442 2 2 2 1 3599 1769 5621
10443 2 2 2 1 1809 3309 5427
10444 2 2 2 1 5593 1863 5634
10445 2 2 2 1 3716 1658 5465
10446 2 2 2 1 3327 1500 5362
10447 2 2 2 1 3359 1547 5672
10448 2 2 2 1 1268 3576 4805
10449 2 2 2 1 1423 3856 4722
10450 2 2 2 1 5073 2267 5074
10451 2 2 2 1 1534 5073 5074
10452 2 2 2 1 4156 1648 4399
10453 2 2 2 1 79 3373 5244
10454 2 2 2 1 3513 1196 4933
10455 2 2 2 1 1209 3765 5457
10456 2 2 2 1 1817 4321 4477
10457 2 2 2 1 1504 3643 4731
10458 2 2 2 1 4711 726 5336
10459 2 2 2 1 2120 4711 5336
10460 2 2 2 1 3961 771 5255
10461 2 2 2 1 3963 1341 4396
10462 2 2 2 1 3523 1419 4968
10463 2 2 2 1 3508 1085 5642
10464 2 2 2 1 1733 3508 5642
10465 2 2 2 1 3797 663 4530
10466 2 2 2 1 1863 4727 5634
10467 2 2 2 1 2037 3498 4987
10468 2 2 2 1 3860 1401 4897
10469 2 2 2 1 3306 589 5577
10470 2 2 2 1 4764 2025 5633
10471 2 2 2 1 1575 3646 4919
10472 2 2 2 1 3646 653 4919
10473 2 2 2 1 795 3754 4610
10474 2 2 2 1 4279 1588 4308
10475 2 2 2 1 1622 4279 4308
10476 2 2 2 1 3431 618 5145
10477 2 2 2 1 3852 726 5041
10478 2 2 2 1 1066 3389 5470
10479 2 2 2 1 2020 5224 5612
10480 2 2 2 1 3422 1428 5202
10481 2 2 2 1 1879 5010 5157
10482 2 2 2 1 1937 3354 5381
10483 2 2 2 1 1842 4630 5373
10484 2 2 2 1 4689 1543 4708
10485 2 2 2 1 1885 4689 4708
10486 2 2 2 1 636 3744 4643
10487 2 2 2 1 3599 498 4848
10488 2 2 2 1 1974 4507 5523
10489 2 2 2 1 1401 4052 4478
10490 2 2 2 1 1503 3597 4854
10491 2 2 2 1 3733 1536 4674
10492 2 2 2 1 3961 1330 5612
10493 2 2 2 1 1882 3415 5250
10494 2 2 2 1 3446 1581 5277
10495 2 2 2 1 826 3446 5277
10496 2 2 2 1 1832 3899 5426
10497 2 2 2 1 3899 802 5426
10498 2 2 2 1 758 3564 4922
10499 2 2 2 1 3883 338 5008
10500 2 2 2 1 219 3573 4908
10501 2 2 2 1 2603 4600 5064
10502 2 2 2 1 3382 1967 5357
10503 2 2 2 1 3559 1444 5431
10504 2 2 2 1 3467 665 5568
10505 2 2 2 1 1440 4032 4526
10506 2 2 2 1 4076 785 5402
10507 2 2 2 1 2251 4076 5402
10508 2 2 2 1 3574 1825 4982
10509 2 2 2 1 1124 3574 4982
10510 2 2 2 1 1508 3652 4807
10511 2 2 2 1 3701 621 4985
10512 2 2 2 1 2234 4978 5348
10513 2 2 2 1 4978 1877 5348
10514 2 2 2 1 2061 3921 4923
10515 2 2 2 1 3426 535 5269
10516 2 2 2 1 3358 1142 5448
10517 2 2 2 1 3681 1433 4775
10518 2 2 2 1 692 3552 5312
10519 2 2 2 1 1631 3572 4938
10520 2 2 2 1 1649 4233 5401
10521 2 2 2 1 916 3958 4834
10522 2 2 2 1 656 3628 4853
10523 2 2 2 1 4352 750 5265
10524 2 2 2 1 4674 751 4708
10525 2 2 2 1 4651 735 5023
10526 2 2 2 1 441 4367 5206
10527 2 2 2 1 1529 3552 5020
10528 2 2 2 1 1051 3332 5640
10529 2 2 2 1 3449 436 5223
10530 2 2 2 1 2246 3583 5404
10531 2 2 2 1 2317 3426 5388
10532 2 2 2 1 3476 411 5169
10533 2 2 2 1 3409 408 5361
10534 2 2 2 1 1193 3566 4980
10535 2 2 2 1 3555 2295 5021
10536 2 2 2 1 405 3577 4952
10537 2 2 2 1 1698 5194 5375
10538 2 2 2 1 3684 305 5081
10539 2 2 2 1 1671 3684 5081
10540 2 2 2 1 4105 2022 4796
10541 2 2 2 1 645 4105 4796
10542 2 2 2 1 1894 3449 5254
10543 2 2 2 1 1342 4217 4330
10544 2 2 2 1 3594 1691 4932
10545 2 2 2 1 2025 5093 5633
10546 2 2 2 1 3804 1386 5366
10547 2 2 2 1 1536 3733 4912
10548 2 2 2 1 4398 1634 4399
10549 2 2 2 1 1525 4182 4979
10550 2 2 2 1 4258 1120 4955
10551 2 2 2 1 1981 3555 5021
10552 2 2 2 1 1319 3748 5646
10553 2 2 2 1 2054 4258 4955
10554 2 2 2 1 3918 1426 4885
10555 2 2 2 1 3388 1288 5461
10556 2 2 2 1 2107 3685 4924
10557 2 2 2 1 582 4142 5170
10558 2 2 2 1 4142 1841 5170
10559 2 2 2 1 3919 2040 4551
10560 2 2 2 1 1500 4057 4886
10561 2 2 2 1 4563 446 5091
10562 2 2 2 1 3615 1278 4924
10563 2 2 2 1 3355 1175 5601
10564 2 2 2 1 4717 2210 5632
10565 2 2 2 1 1399 4717 5632
10566 2 2 2 1 1564 3696 4814
10567 2 2 2 1 1579 3520 5128
10568 2 2 2 1 1676 4000 4889
10569 2 2 2 1 4000 181 4889
10570 2 2 2 1 1571 3446 5500
10571 2 2 2 1 1330 4080 5612
10572 2 2 2 1 3367 1896 5598
10573 2 2 2 1 2193 3445 5325
10574 2 2 2 1 3672 1631 4868
10575 2 2 2 1 692 4089 4665
10576 2 2 2 1 3398 1140 5496
10577 2 2 2 1 692 3658 5209
10578 2 2 2 1 888 3423 5424
10579 2 2 2 1 4941 1606 5154
10580 2 2 2 1 2114 4941 5154
10581 2 2 2 1 1095 4156 4399
10582 2 2 2 1 496 3359 5672
10583 2 2 2 1 3904 680 5004
10584 2 2 2 1 540 3390 5551
10585 2 2 2 1 4016 1495 5055
10586 2 2 2 1 657 3811 4719
10587 2 2 2 1 1507 3653 5010
10588 2 2 2 1 685 3410 5511
10589 2 2 2 1 1940 3396 5553
10590 2 2 2 1 3872 2030 4657
10591 2 2 2 1 427 3941 4741
10592 2 2 2 1 1549 4234 5270
10593 2 2 2 1 3422 2226 5498
10594 2 2 2 1 659 3786 4756
10595 2 2 2 1 3386 1239 5633
10596 2 2 2 1 1681 4609 4780
10597 2 2 2 1 3569 1633 5088
10598 2 2 2 1 2046 4514 5435
10599 2 2 2 1 4514 611 5435
10600 2 2 2 1 3482 1603 5387
10601 2 2 2 1 404 3482 5387
10602 2 2 2 1 4497 1502 5041
10603 2 2 2 1 1916 4497 5041
10604 2 2 2 1 1935 4819 5027
10605 2 2 2 1 1426 3918 4707
10606 2 2 2 1 1250 3440 5453
10607 2 2 2 1 3567 1183 5132
10608 2 2 2 1 4440 1972 4621
10609 2 2 2 1 4129 2192 4789
10610 2 2 2 1 729 4129 4789
10611 2 2 2 1 3451 1397 5441
10612 2 2 2 1 4140 754 5460
10613 2 2 2 1 1901 4140 5460
10614 2 2 2 1 4453 1805 4718
10615 2 2 2 1 1115 4123 4593
10616 2 2 2 1 4123 1627 4593
10617 2 2 2 1 3411 1452 5639
10618 2 2 2 1 1178 3794 5329
10619 2 2 2 1 3992 610 5095
10620 2 2 2 1 1742 3992 5095
10621 2 2 2 1 3488 1498 5342
10622 2 2 2 1 1483 4383 5357
10623 2 2 2 1 3689 1530 5637
10624 2 2 2 1 3658 692 5312
10625 2 2 2 1 3637 1546 5009
10626 2 2 2 1 3446 826 5500
10627 2 2 2 1 4796 2022 5063
10628 2 2 2 1 1644 4796 5063
10629 2 2 2 1 3794 2405 5329
10630 2 2 2 1 1725 4059 4917
10631 2 2 2 1 1670 3980 4940
10632 2 2 2 1 3980 443 4940
10633 2 2 2 1 3518 1646 5313
10634 2 2 2 1 3682 1013 4970
10635 2 2 2 1 3743 839 5673
10636 2 2 2 1 1800 3743 5673
10637 2 2 2 1 671 4153 5574
10638 2 2 2 1 3494 865 5388
10639 2 2 2 1 4601 1776 5116
10640 2 2 2 1 896 4621 5382
10641 2 2 2 1 1326 3889 4855
10642 2 2 2 1 4178 1315 5070
10643 2 2 2 1 2024 3556 5252
10644 2 2 2 1 611 3428 5641
10645 2 2 2 1 3759 14 5559
10646 2 2 2 1 2168 5024 5258
10647 2 2 2 1 5024 1626 5258
10648 2 2 2 1 4400 966 5044
10649 2 2 2 1 1941 4400 5044
10650 2 2 2 1 934 4051 4936
10651 2 2 2 1 4051 1831 4936
10652 2 2 2 1 4041 1747 5611
10653 2 2 2 1 2095 5385 5574
10654 2 2 2 1 1903 4285 5338
10655 2 2 2 1 4285 808 5338
10656 2 2 2 1 4008 1535 5618
10657 2 2 2 1 4617 2348 4618
10658 2 2 2 1 1422 4617 4618
10659 2 2 2 1 3733 649 4912
10660 2 2 2 1 423 3661 5042
10661 2 2 2 1 4390 614 4968
10662 2 2 2 1 1573 3495 5486
10663 2 2 2 1 4064 1362 4706
10664 2 2 2 1 140 3460 5573
10665 2 2 2 1 3552 1529 5312
10666 2 2 2 1 4890 1740 5532
10667 2 2 2 1 3493 643 5462
10668 2 2 2 1 680 4062 5004
10669 2 2 2 1 1617 3571 5267
10670 2 2 2 1 4074 1602 4634
10671 2 2 2 1 693 4074 4634
10672 2 2 2 1 1518 3701 4985
10673 2 2 2 1 4065 585 5080
10674 2 2 2 1 1748 4065 5080
10675 2 2 2 1 1264 3547 5340
10676 2 2 2 1 1542 3467 5568
10677 2 2 2 1 1553 3946 5039
10678 2 2 2 1 1658 3716 4974
10679 2 2 2 1 489 4588 4703
10680 2 2 2 1 4588 1808 4703
10681 2 2 2 1 4398 635 4465
10682 2 2 2 1 3574 1124 5311
10683 2 2 2 1 4362 1561 5578
10684 2 2 2 1 3892 2328 5037
10685 2 2 2 1 713 3892 5037
10686 2 2 2 1 3533 476 5404
10687 2 2 2 1 3486 2357 5535
10688 2 2 2 1 4366 2085 4488
10689 2 2 2 1 1393 4366 4488
10690 2 2 2 1 3817 1359 5216
10691 2 2 2 1 2354 5104 5631
10692 2 2 2 1 5104 1738 5631
10693 2 2 2 1 3772 1575 4919
10694 2 2 2 1 4599 2019 4900
10695 2 2 2 1 4784 2274 5239
10696 2 2 2 1 3470 1992 5658
10697 2 2 2 1 1435 3533 5457
10698 2 2 2 1 4117 1378 4595
10699 2 2 2 1 1567 3660 5450
10700 2 2 2 1 879 5151 5515
10701 2 2 2 1 5151 2314 5515
10702 2 2 2 1 1700 4752 5448
10703 2 2 2 1 3844 2945 5543
10704 2 2 2 1 2205 4613 4858
10705 2 2 2 1 833 3870 5403
10706 2 2 2 1 3870 1754 5403
10707 2 2 2 1 3823 365 5356
10708 2 2 2 1 1725 3823 5356
10709 2 2 2 1 2079 3529 5501
10710 2 2 2 1 3839 684 4880
10711 2 2 2 1 703 3491 5608
10712 2 2 2 1 4321 1512 4477
10713 2 2 2 1 1530 3800 5637
10714 2 2 2 1 1487 3505 5584
10715 2 2 2 1 3700 1580 5058
10716 2 2 2 1 1642 3601 5293
10717 2 2 2 1 3676 2084 5230
10718 2 2 2 1 2270 3676 5230
10719 2 2 2 1 1764 3927 4805
10720 2 2 2 1 3927 1268 4805
10721 2 2 2 1 4197 809 5587
10722 2 2 2 1 1704 4470 4680
10723 2 2 2 1 4470 1751 4680
10724 2 2 2 1 3696 1564 5454
10725 2 2 2 1 4637 1864 5435
10726 2 2 2 1 3875 376 5467
10727 2 2 2 1 1767 3875 5467
10728 2 2 2 1 4017 1860 5560
10729 2 2 2 1 335 4017 5560
10730 2 2 2 1 3600 1335 5319
10731 2 2 2 1 3643 1504 5353
10732 2 2 2 1 3788 617 5014
10733 2 2 2 1 851 4281 5190
10734 2 2 2 1 4281 1852 5190
10735 2 2 2 1 4913 674 5192
10736 2 2 2 1 1590 3604 5582
10737 2 2 2 1 1712 3699 5513
10738 2 2 2 1 3699 826 5513
10739 2 2 2 1 683 3793 5184
10740 2 2 2 1 1579 4219 5142
10741 2 2 2 1 3672 1990 5580
10742 2 2 2 1 186 3672 5580
10743 2 2 2 1 1634 4398 4465
10744 2 2 2 1 1769 3599 5369
10745 2 2 2 1 3641 1796 5273
10746 2 2 2 1 1621 4772 4838
10747 2 2 2 1 4772 1892 4838
10748 2 2 2 1 3700 1585 5278
10749 2 2 2 1 3572 1631 5630
10750 2 2 2 1 4124 1565 5286
10751 2 2 2 1 3523 614 5629
10752 2 2 2 1 1262 3534 5591
10753 2 2 2 1 4301 899 4826
10754 2 2 2 1 1299 4135 5598
10755 2 2 2 1 1741 5203 5322
10756 2 2 2 1 708 3659 5418
10757 2 2 2 1 3659 1643 5418
10758 2 2 2 1 393 4483 5438
10759 2 2 2 1 4483 1993 5438
10760 2 2 2 1 2055 4492 5560
10761 2 2 2 1 4054 1931 4744
10762 2 2 2 1 4155 1561 4640
10763 2 2 2 1 719 3584 5433
10764 2 2 2 1 5083 1128 5287
10765 2 2 2 1 2161 5083 5287
10766 2 2 2 1 3522 1743 5669
10767 2 2 2 1 2096 4371 5601
10768 2 2 2 1 3532 1998 5648
10769 2 2 2 1 4442 1402 5546
10770 2 2 2 1 4011 353 4791
10771 2 2 2 1 4391 1250 5453
10772 2 2 2 1 1156 4361 4729
10773 2 2 2 1 4361 2332 4729
10774 2 2 2 1 1018 3545 5594
10775 2 2 2 1 4239 1271 5468
10776 2 2 2 1 1821 3863 5469
10777 2 2 2 1 3863 232 5469
10778 2 2 2 1 1860 5359 5560
10779 2 2 2 1 3958 1537 4834
10780 2 2 2 1 1559 4301 4826
10781 2 2 2 1 4098 2224 4786
10782 2 2 2 1 702 4098 4786
10783 2 2 2 1 647 4254 5455
10784 2 2 2 1 4050 2158 5591
10785 2 2 2 1 4384 805 5649
10786 2 2 2 1 2265 4384 5649
10787 2 2 2 1 1580 3700 5659
10788 2 2 2 1 1465 3827 5641
10789 2 2 2 1 3989 1475 4833
10790 2 2 2 1 3797 1336 5038
10791 2 2 2 1 4033 774 4868
10792 2 2 2 1 1631 4033 4868
10793 2 2 2 1 3997 669 5417
10794 2 2 2 1 537 3934 4969
10795 2 2 2 1 2046 4513 4514
10796 2 2 2 1 4513 1457 4514
10797 2 2 2 1 3926 2239 5650
10798 2 2 2 1 432 3671 5320
10799 2 2 2 1 608 3677 5309
10800 2 2 2 1 297 4210 4677
10801 2 2 2 1 4409 1941 5294
10802 2 2 2 1 4751 1947 5199
10803 2 2 2 1 5044 1774 5294
10804 2 2 2 1 2054 4955 5182
10805 2 2 2 1 4955 1664 5182
10806 2 2 2 1 1593 4009 5059
10807 2 2 2 1 3962 1519 5022
10808 2 2 2 1 793 3700 5278
10809 2 2 2 1 469 3999 5487
10810 2 2 2 1 4640 369 4921
10811 2 2 2 1 1921 4678 4679
10812 2 2 2 1 4678 1551 4679
10813 2 2 2 1 4938 838 5609
10814 2 2 2 1 3995 2409 5126
10815 2 2 2 1 3144 4203 5425
10816 2 2 2 1 4271 649 5027
10817 2 2 2 1 1637 3638 5514
10818 2 2 2 1 2779 3844 5335
10819 2 2 2 1 3844 1838 5335
10820 2 2 2 1 1447 4004 5550
10821 2 2 2 1 2027 3732 5227
10822 2 2 2 1 1476 3909 5256
10823 2 2 2 1 726 3888 5336
10824 2 2 2 1 3888 1718 5336
10825 2 2 2 1 1688 3807 5541
10826 2 2 2 1 353 4138 4791
10827 2 2 2 1 1502 3852 5041
10828 2 2 2 1 837 4765 5501
10829 2 2 2 1 3629 1439 5488
10830 2 2 2 1 4765 2079 5501
10831 2 2 2 1 1754 3883 5008
10832 2 2 2 1 688 4782 4785
10833 2 2 2 1 1677 3770 5180
10834 2 2 2 1 1755 3754 5670
10835 2 2 2 1 3754 795 5670
10836 2 2 2 1 3590 1220 5610
10837 2 2 2 1 4114 1624 4785
10838 2 2 2 1 750 4626 5377
10839 2 2 2 1 1670 4940 5168
10840 2 2 2 1 4940 2036 5168
10841 2 2 2 1 1920 5033 5649
10842 2 2 2 1 5033 2265 5649
10843 2 2 2 1 3934 1596 4969
10844 2 2 2 1 4611 331 5110
10845 2 2 2 1 1901 4611 5110
10846 2 2 2 1 1626 3758 5258
10847 2 2 2 1 3758 780 5258
10848 2 2 2 1 3783 2539 5600
10849 2 2 2 1 3604 1008 5582
10850 2 2 2 1 1245 3728 5283
10851 2 2 2 1 4631 1400 4632
10852 2 2 2 1 2746 4631 4632
10853 2 2 2 1 3660 799 5450
10854 2 2 2 1 3620 1231 5547
10855 2 2 2 1 3589 322 5666
10856 2 2 2 1 4460 1559 4826
10857 2 2 2 1 1612 3842 5085
10858 2 2 2 1 3614 1653 5589
10859 2 2 2 1 1136 3614 5589
10860 2 2 2 1 4307 2381 4985
10861 2 2 2 1 3818 1276 5146
10862 2 2 2 1 4261 1319 5646
10863 2 2 2 1 1952 4442 5546
10864 2 2 2 1 3644 913 5522
10865 2 2 2 1 1438 3625 5570
10866 2 2 2 1 4570 1365 4735
10867 2 2 2 1 1955 4570 4735
10868 2 2 2 1 3754 1755 5265
10869 2 2 2 1 510 3976 5623
10870 2 2 2 1 3976 1823 5623
10871 2 2 2 1 2680 4035 5053
10872 2 2 2 1 676 4363 5026
10873 2 2 2 1 4363 1794 5026
10874 2 2 2 1 4103 1593 5402
10875 2 2 2 1 4222 1297 5149
10876 2 2 2 1 1270 3610 5650
10877 2 2 2 1 1753 4405 4933
10878 2 2 2 1 778 4139 4934
10879 2 2 2 1 4139 1673 4934
10880 2 2 2 1 3959 1826 5671
10881 2 2 2 1 724 3959 5671
10882 2 2 2 1 3777 654 5259
10883 2 2 2 1 3796 1917 5226
10884 2 2 2 1 5399 2387 5559
10885 2 2 2 1 15 5399 5559
10886 2 2 2 1 698 3768 5628
10887 2 2 2 1 3768 1739 5628
10888 2 2 2 1 337 4714 5600
10889 2 2 2 1 4714 2078 5600
10890 2 2 2 1 4013 1563 4953
10891 2 2 2 1 1528 4337 4700
10892 2 2 2 1 1555 4271 5027
10893 2 2 2 1 4207 1665 5413
10894 2 2 2 1 1499 4440 4621
10895 2 2 2 1 3968 1822 5652
10896 2 2 2 1 873 3968 5652
10897 2 2 2 1 439 3696 5454
10898 2 2 2 1 1826 5528 5671
10899 2 2 2 1 3702 1637 5514
10900 2 2 2 1 3748 1319 5330
10901 2 2 2 1 1553 4813 5363
10902 2 2 2 1 4740 1798 5109
10903 2 2 2 1 4962 2034 5652
10904 2 2 2 1 4089 692 5209
10905 2 2 2 1 4014 1574 4975
10906 2 2 2 1 2235 4684 4996
10907 2 2 2 1 1723 4274 4915
10908 2 2 2 1 4274 717 4915
10909 2 2 2 1 1444 4049 5431
10910 2 2 2 1 621 4307 4985
10911 2 2 2 1 3946 421 5039
10912 2 2 2 1 5265 750 5377
10913 2 2 2 1 4770 1562 4771
10914 2 2 2 1 1463 4482 4950
10915 2 2 2 1 1980 4770 4771
10916 2 2 2 1 3848 1760 5206
10917 2 2 2 1 526 4945 5049
10918 2 2 2 1 4945 2188 5049
10919 2 2 2 1 1880 5298 5360
10920 2 2 2 1 5298 2220 5360
10921 2 2 2 1 4121 1632 5219
10922 2 2 2 1 4266 1003 4780
10923 2 2 2 1 448 3871 5380
10924 2 2 2 1 4330 448 5048
10925 2 2 2 1 1791 3841 5279
10926 2 2 2 1 3841 159 5279
10927 2 2 2 1 4305 1835 5664
10928 2 2 2 1 3722 647 5455
10929 2 2 2 1 3855 1780 5266
10930 2 2 2 1 4139 1620 4882
10931 2 2 2 1 1888 4695 5043
10932 2 2 2 1 113 3855 5266
10933 2 2 2 1 961 3702 5514
10934 2 2 2 1 4695 102 5043
10935 2 2 2 1 1631 3672 5630
10936 2 2 2 1 4206 1515 4832
10937 2 2 2 1 4439 2154 5262
10938 2 2 2 1 665 3933 5568
10939 2 2 2 1 4108 847 5072
10940 2 2 2 1 767 5280 5494
10941 2 2 2 1 5280 2256 5494
10942 2 2 2 1 3760 1635 5564
10943 2 2 2 1 3999 1751 5487
10944 2 2 2 1 1729 3858 5238
10945 2 2 2 1 2669 4843 5539
10946 2 2 2 1 4843 705 5539
10947 2 2 2 1 4317 2894 5237
10948 2 2 2 1 4329 1903 5551
10949 2 2 2 1 1974 4934 5035
10950 2 2 2 1 4934 1673 5035
10951 2 2 2 1 1098 3954 5378
10952 2 2 2 1 649 4524 5027
10953 2 2 2 1 1593 4103 4935
10954 2 2 2 1 1359 4186 5216
10955 2 2 2 1 4188 355 5137
10956 2 2 2 1 1745 4188 5137
10957 2 2 2 1 3822 650 5322
10958 2 2 2 1 4666 1441 4667
10959 2 2 2 1 2363 4666 4667
10960 2 2 2 1 3825 850 5440
10961 2 2 2 1 845 3689 5637
10962 2 2 2 1 3935 423 5162
10963 2 2 2 1 634 3765 5434
10964 2 2 2 1 3807 698 5541
10965 2 2 2 1 361 4453 4718
10966 2 2 2 1 2218 5288 5289
10967 2 2 2 1 5288 1629 5289
10968 2 2 2 1 4719 1482 5273
10969 2 2 2 1 1637 4697 5257
10970 2 2 2 1 4697 1934 5257
10971 2 2 2 1 4009 690 5059
10972 2 2 2 1 4050 676 5026
10973 2 2 2 1 4875 629 5094
10974 2 2 2 1 2530 4875 5094
10975 2 2 2 1 4043 2509 5264
10976 2 2 2 1 447 4327 5257
10977 2 2 2 1 4878 1699 5554
10978 2 2 2 1 1141 4501 5571
10979 2 2 2 1 1360 4325 5143
10980 2 2 2 1 4675 2039 5095
10981 2 2 2 1 610 4675 5095
10982 2 2 2 1 1497 4268 4850
10983 2 2 2 1 4037 1437 5272
10984 2 2 2 1 4035 756 5053
10985 2 2 2 1 3700 793 5659
10986 2 2 2 1 831 4417 5606
10987 2 2 2 1 358 3995 5126
10988 2 2 2 1 426 3843 5473
10989 2 2 2 1 3843 1682 5473
10990 2 2 2 1 3979 582 5170
10991 2 2 2 1 3706 1976 5657
10992 2 2 2 1 4213 1991 5483
10993 2 2 2 1 455 3791 5661
10994 2 2 2 1 450 4141 4973
10995 2 2 2 1 678 3846 5374
10996 2 2 2 1 2010 4387 4809
10997 2 2 2 1 4387 943 4809
10998 2 2 2 1 1535 4759 5618
10999 2 2 2 1 4543 1882 5250
11000 2 2 2 1 1447 4543 5250
11001 2 2 2 1 1630 4198 5421
11002 2 2 2 1 2654 4283 5050
11003 2 2 2 1 4757 527 5527
11004 2 2 2 1 2244 4757 5527
11005 2 2 2 1 475 4491 5493
11006 2 2 2 1 818 3760 5564
11007 2 2 2 1 2389 3928 5507
11008 2 2 2 1 4472 1178 5329
11009 2 2 2 1 1598 4376 4836
11010 2 2 2 1 1596 3934 5537
11011 2 2 2 1 4577 2196 5540
11012 2 2 2 1 732 4577 5540
11013 2 2 2 1 622 4682 4750
11014 2 2 2 1 4682 2101 4750
11015 2 2 2 1 1701 4525 5445
11016 2 2 2 1 5269 1665 5519
11017 2 2 2 1 2104 4895 5282
11018 2 2 2 1 4830 797 5238
11019 2 2 2 1 666 4884 5665
11020 2 2 2 1 5521 2106 5638
11021 2 2 2 1 3748 1496 5646
11022 2 2 2 1 1889 4313 4897
11023 2 2 2 1 1610 4224 5569
11024 2 2 2 1 3833 1573 5486
11025 2 2 2 1 4633 2036 4940
11026 2 2 2 1 443 4633 4940
11027 2 2 2 1 2340 4391 5453
11028 2 2 2 1 693 3882 5411
11029 2 2 2 1 5276 2194 5432
11030 2 2 2 1 72 5276 5432
11031 2 2 2 1 712 4058 5174
11032 2 2 2 1 5108 837 5501
11033 2 2 2 1 2078 3783 5600
11034 2 2 2 1 4790 1249 4881
11035 2 2 2 1 4273 1436 4944
11036 2 2 2 1 4153 1456 5574
11037 2 2 2 1 1817 4460 4826
11038 2 2 2 1 1565 4810 5286
11039 2 2 2 1 433 5007 5056
11040 2 2 2 1 5007 2430 5056
11041 2 2 2 1 732 4990 5141
11042 2 2 2 1 4990 1991 5141
11043 2 2 2 1 4676 2162 5194
11044 2 2 2 1 445 4475 4893
11045 2 2 2 1 4630 830 4898
11046 2 2 2 1 1781 4630 4898
11047 2 2 2 1 3946 1553 5363
11048 2 2 2 1 4984 1917 5588
11049 2 2 2 1 1510 4157 5067
11050 2 2 2 1 3791 1647 5661
11051 2 2 2 1 1838 3844 5543
11052 2 2 2 1 1730 4148 5091
11053 2 2 2 1 1705 4175 5148
11054 2 2 2 1 4175 538 5148
11055 2 2 2 1 4435 1690 5079
11056 2 2 2 1 5243 1028 5383
11057 2 2 2 1 2138 5243 5383
11058 2 2 2 1 3954 1618 5378
11059 2 2 2 1 367 4043 5264
11060 2 2 2 1 2900 4261 5646
11061 2 2 2 1 2292 4178 5070
11062 2 2 2 1 4272 834 5096
11063 2 2 2 1 1728 4272 5096
11064 2 2 2 1 4593 1627 5437
11065 2 2 2 1 83 4686 5464
11066 2 2 2 1 879 4163 5151
11067 2 2 2 1 4163 1696 5151
11068 2 2 2 1 4073 2007 5283
11069 2 2 2 1 1892 4772 4874
11070 2 2 2 1 4772 875 4874
11071 2 2 2 1 5021 908 5112
11072 2 2 2 1 1981 5021 5112
11073 2 2 2 1 1722 4773 5339
11074 2 2 2 1 2739 4927 5570
11075 2 2 2 1 4927 1438 5570
11076 2 2 2 1 4316 578 5430
11077 2 2 2 1 1864 4415 4964
11078 2 2 2 1 1833 4316 5430
11079 2 2 2 1 3830 724 5671
11080 2 2 2 1 4475 1716 4893
11081 2 2 2 1 3905 461 5669
11082 2 2 2 1 1743 3905 5669
11083 2 2 2 1 2464 4390 4968
11084 2 2 2 1 3928 1058 5507
11085 2 2 2 1 974 4787 4902
11086 2 2 2 1 4283 1611 5050
11087 2 2 2 1 1696 4163 5192
11088 2 2 2 1 2287 4095 5272
11089 2 2 2 1 1566 3997 5417
11090 2 2 2 1 4613 1505 4858
11091 2 2 2 1 4495 1507 5010
11092 2 2 2 1 2148 5245 5452
11093 2 2 2 1 5245 810 5452
11094 2 2 2 1 4219 492 5142
11095 2 2 2 1 4059 1725 5356
11096 2 2 2 1 2429 4222 5149
11097 2 2 2 1 1709 4269 5097
11098 2 2 2 1 5392 2268 5393
11099 2 2 2 1 1663 5392 5393
11100 2 2 2 1 3877 666 5665
11101 2 2 2 1 4174 956 5581
11102 2 2 2 1 1814 4174 5581
11103 2 2 2 1 864 4124 5286
11104 2 2 2 1 1638 5102 5571
11105 2 2 2 1 693 4634 4991
11106 2 2 2 1 4634 1789 4991
11107 2 2 2 1 1865 4801 5042
11108 2 2 2 1 4801 423 5042
11109 2 2 2 1 5009 791 5419
11110 2 2 2 1 4335 1730 5091
11111 2 2 2 1 446 4335 5091
11112 2 2 2 1 5203 1741 5300
11113 2 2 2 1 2069 5203 5300
11114 2 2 2 1 4949 1929 5617
11115 2 2 2 1 2087 4949 5617
11116 2 2 2 1 4186 1944 5216
11117 2 2 2 1 3895 1752 5668
11118 2 2 2 1 787 5225 5373
11119 2 2 2 1 1568 4599 4900
11120 2 2 2 1 4522 1803 5144
11121 2 2 2 1 1532 4522 5144
11122 2 2 2 1 893 4269 5222
11123 2 2 2 1 1911 4010 5479
11124 2 2 2 1 4102 1776 5575
11125 2 2 2 1 462 4102 5575
11126 2 2 2 1 2592 4820 4828
11127 2 2 2 1 5471 2311 5473
11128 2 2 2 1 1682 5471 5473
11129 2 2 2 1 1832 5426 5527
11130 2 2 2 1 5426 2244 5527
11131 2 2 2 1 5301 2159 5458
11132 2 2 2 1 461 5301 5458
11133 2 2 2 1 3990 2121 5557
11134 2 2 2 1 4325 2228 5143
11135 2 2 2 1 4268 1497 5251
11136 2 2 2 1 2894 4525 5463
11137 2 2 2 1 2273 4072 5440
11138 2 2 2 1 691 4378 5350
11139 2 2 2 1 4378 1802 5350
11140 2 2 2 1 4820 1473 4828
11141 2 2 2 1 5305 2148 5452
11142 2 2 2 1 1762 5305 5452
11143 2 2 2 1 2802 4540 5512
11144 2 2 2 1 1042 5499 5536
11145 2 2 2 1 5499 2273 5536
11146 2 2 2 1 1879 4495 5010
11147 2 2 2 1 785 4103 5402
11148 2 2 2 1 4351 1486 5629
11149 2 2 2 1 5008 2105 5403
11150 2 2 2 1 5057 1765 5544
11151 2 2 2 1 4269 1709 5222
11152 2 2 2 1 4234 333 5270
11153 2 2 2 1 1799 4852 4887
11154 2 2 2 1 4852 1810 4887
11155 2 2 2 1 716 4409 5294
11156 2 2 2 1 2453 4790 4881
11157 2 2 2 1 1454 4564 4998
11158 2 2 2 1 1658 4284 5233
11159 2 2 2 1 731 4435 5079
11160 2 2 2 1 5115 2595 5625
11161 2 2 2 1 4877 758 4922
11162 2 2 2 1 2141 4877 4922
11163 2 2 2 1 4094 1752 5561
11164 2 2 2 1 368 4094 5561
11165 2 2 2 1 4524 1935 5027
11166 2 2 2 1 889 4918 5124
11167 2 2 2 1 4918 1913 5124
11168 2 2 2 1 850 4008 5618
11169 2 2 2 1 4787 1757 4902
11170 2 2 2 1 1615 4317 5237
11171 2 2 2 1 4465 2161 5287
11172 2 2 2 1 4977 1891 5263
11173 2 2 2 1 4108 1750 5556
11174 2 2 2 1 847 4108 5556
11175 2 2 2 1 5157 1982 5281
11176 2 2 2 1 4179 279 5389
11177 2 2 2 1 1456 4573 5574
11178 2 2 2 1 1792 4033 5609
11179 2 2 2 1 1716 4851 4893
11180 2 2 2 1 4851 1886 4893
11181 2 2 2 1 720 4402 5299
11182 2 2 2 1 4327 1637 5257
11183 2 2 2 1 4619 1485 5012
11184 2 2 2 1 1796 4719 5273
11185 2 2 2 1 4504 856 5645
11186 2 2 2 1 684 4041 5611
11187 2 2 2 1 4684 646 4996
11188 2 2 2 1 5178 2157 5179
11189 2 2 2 1 1655 5178 5179
11190 2 2 2 1 4759 2247 5618
11191 2 2 2 1 2644 4651 5023
11192 2 2 2 1 4198 753 5421
11193 2 2 2 1 669 5046 5417
11194 2 2 2 1 4402 2380 5299
11195 2 2 2 1 4203 509 5425
11196 2 2 2 1 1824 4555 5296
11197 2 2 2 1 2389 4303 5333
11198 2 2 2 1 4555 731 5296
11199 2 2 2 1 4080 2020 5612
11200 2 2 2 1 4600 419 5064
11201 2 2 2 1 1812 4336 5529
11202 2 2 2 1 4336 454 5529
11203 2 2 2 1 4685 1982 5157
11204 2 2 2 1 416 4131 5549
11205 2 2 2 1 152 4132 5555
11206 2 2 2 1 1879 5157 5281
11207 2 2 2 1 4739 2065 5409
11208 2 2 2 1 384 4739 5409
11209 2 2 2 1 1775 4601 5116
11210 2 2 2 1 5160 1795 5599
11211 2 2 2 1 1911 5521 5638
11212 2 2 2 1 517 4599 5140
11213 2 2 2 1 2251 5059 5660
11214 2 2 2 1 4702 716 5294
11215 2 2 2 1 1906 4758 5119
11216 2 2 2 1 4758 1254 5119
11217 2 2 2 1 4515 1772 5235
11218 2 2 2 1 4286 1005 5459
11219 2 2 2 1 4984 801 5226
11220 2 2 2 1 1917 4984 5226
11221 2 2 2 1 713 4354 5398
11222 2 2 2 1 5277 2512 5513
11223 2 2 2 1 1556 4197 5587
11224 2 2 2 1 826 5277 5513
11225 2 2 2 1 744 4685 5157
11226 2 2 2 1 1797 4740 5109
11227 2 2 2 1 4844 364 5648
11228 2 2 2 1 1998 4844 5648
11229 2 2 2 1 5229 2462 5670
11230 2 2 2 1 1656 4472 5329
11231 2 2 2 1 1012 4676 5194
11232 2 2 2 1 5047 2308 5177
11233 2 2 2 1 1697 4468 5344
11234 2 2 2 1 979 5567 5651
11235 2 2 2 1 4721 720 5299
11236 2 2 2 1 811 4943 5635
11237 2 2 2 1 4943 2450 5635
11238 2 2 2 1 2615 4746 5200
11239 2 2 2 1 1702 4751 5199
11240 2 2 2 1 2330 4422 5602
11241 2 2 2 1 4906 2288 5511
11242 2 2 2 1 1370 4375 5518
11243 2 2 2 1 4428 455 5661
11244 2 2 2 1 1837 5124 5147
11245 2 2 2 1 5124 1913 5147
11246 2 2 2 1 4375 2075 5518
11247 2 2 2 1 1752 4347 5561
11248 2 2 2 1 4424 363 5491
11249 2 2 2 1 1816 5422 5502
11250 2 2 2 1 5422 2121 5502
11251 2 2 2 1 1792 5048 5380
11252 2 2 2 1 2175 4489 5538
11253 2 2 2 1 4532 1560 5443
11254 2 2 2 1 708 5418 5620
11255 2 2 2 1 5418 2455 5620
11256 2 2 2 1 1774 4702 5294
11257 2 2 2 1 664 4362 5578
11258 2 2 2 1 2106 5039 5638
11259 2 2 2 1 1595 4784 5239
11260 2 2 2 1 4591 1829 5451
11261 2 2 2 1 237 4591 5451
11262 2 2 2 1 5263 1891 5588
11263 2 2 2 1 1785 4721 5299
11264 2 2 2 1 4630 1781 5373
11265 2 2 2 1 4988 1267 5613
11266 2 2 2 1 2447 4988 5613
11267 2 2 2 1 4491 1644 5493
11268 2 2 2 1 369 4640 5379
11269 2 2 2 1 1560 4556 5443
11270 2 2 2 1 5435 1864 5552
11271 2 2 2 1 4525 1701 5463
11272 2 2 2 1 2035 5323 5324
11273 2 2 2 1 5323 1807 5324
11274 2 2 2 1 1680 4504 5645
11275 2 2 2 1 2016 5108 5153
11276 2 2 2 1 4810 2252 5286
11277 2 2 2 1 4378 1801 5651
11278 2 2 2 1 2185 5506 5626
11279 2 2 2 1 5506 962 5626
11280 2 2 2 1 4489 1397 5538
11281 2 2 2 1 4773 855 5339
11282 2 2 2 1 4540 1737 5512
11283 2 2 2 1 4882 719 5433
11284 2 2 2 1 5384 1783 5385
11285 2 2 2 1 2095 5384 5385
11286 2 2 2 1 4492 335 5560
11287 2 2 2 1 1636 5047 5177
11288 2 2 2 1 5147 1913 5234
11289 2 2 2 1 470 5147 5234
11290 2 2 2 1 5108 1777 5153
11291 2 2 2 1 5048 448 5380
11292 2 2 2 1 4501 1638 5571
11293 2 2 2 1 4895 1678 5282
11294 2 2 2 1 5243 2138 5420
11295 2 2 2 1 5002 1074 5664
11296 2 2 2 1 4630 1842 5526
11297 2 2 2 1 830 4630 5526
11298 2 2 2 1 4941 2114 5280
11299 2 2 2 1 767 4941 5280
11300 2 2 2 1 4686 1690 5464
11301 2 2 2 1 1846 4977 5263
11302 2 2 2 1 5054 970 5516
11303 2 2 2 1 1975 5054 5516
11304 2 2 2 1 4573 2095 5574
11305 2 2 2 1 2320 4825 5496
11306 2 2 2 1 4761 1595 5489
11307 2 2 2 1 2046 5435 5552
11308 2 2 2 1 4738 1623 5520
11309 2 2 2 1 2440 5240 5241
11310 2 2 2 1 5240 1652 5241
11311 2 2 2 1 1864 4964 5552
11312 2 2 2 1 5046 2405 5417
11313 2 2 2 1 881 5593 5634
11314 2 2 2 1 2000 5352 5624
11315 2 2 2 1 4683 551 5619
11316 2 2 2 1 1784 5428 5429
11317 2 2 2 1 5428 2190 5429
11318 2 2 2 1 1754 5008 5403
11319 2 2 2 1 4727 1862 5634
11320 2 2 2 1 1007 5281 5292
11321 2 2 2 1 5281 1982 5292
11322 2 2 2 1 1452 4798 5639
11323 2 2 2 1 4798 2403 5639
11324 2 2 2 1 1893 4990 5540
11325 2 2 2 1 4964 1163 5552
11326 2 2 2 1 4990 732 5540
11327 2 2 2 1 1951 5368 5406
11328 2 2 2 1 1786 5243 5420
11329 2 2 2 1 2244 5426 5558
11330 2 2 2 1 1891 4984 5588
11331 2 2 2 1 144 5057 5544
11332 2 2 2 1 5368 1949 5406
11333 2 2 2 1 5196 1680 5645
11334 2 2 2 1 1822 4962 5652
11335 2 2 2 1 857 5263 5588
11336 2 2 2 1 1835 5002 5664
11337 2 2 2 1 5039 421 5638
11338 2 2 2 1 5201 896 5657
11339 2 2 2 1 1976 5201 5657
11340 2 2 2 1 149 5160 5599
11341 2 2 2 1 330 5115 5625
11342 2 2 2 1 5059 690 5660
11343 2 2 2 1 2223 5196 5645
11344 2 2 2 1 795 5229 5670
11345 2 2 2 1 5426 802 5558
11346 2 2 2 1 5352 1957 5624
11347 2 2 2 1 5521 1139 5603
11348 2 2 2 1 2106 5521 5603
11349 2 2 2 1 5541 698 5628
11350 2 2 2 1 2855 5541 5628
$EndElements
