$MeshFormat
2.2 0 8
$EndMeshFormat
$Nodes
5881
1 -1 -1 0
2 1 -1 0
3 1 1 0
4 -1 1 0
5 -0.02649375681606625 0.619137249947868 0
6 0.4210367104804843 0.619137249947868 0
7 -0.9701492537314261 -1 0
8 -0.9402985074628523 -1 0
9 -0.9104477611942784 -1 0
10 -0.8805970149257045 -1 0
11 -0.8507462686571307 -1 0
12 -0.8208955223885568 -1 0
13 -0.791044776119983 -1 0
14 -0.7611940298514092 -1 0
15 -0.7313432835828353 -1 0
16 -0.7014925373142613 -1 0
17 -0.6716417910456876 -1 0
18 -0.6417910447771137 -1 0
19 -0.6119402985085398 -1 0
20 -0.5820895522399659 -1 0
21 -0.5522388059713921 -1 0
22 -0.5223880597028182 -1 0
23 -0.4925373134342443 -1 0
24 -0.4626865671656705 -1 0
25 -0.4328358208970966 -1 0
26 -0.4029850746285227 -1 0
27 -0.373134328359949 -1 0
28 -0.3432835820913751 -1 0
29 -0.3134328358228012 -1 0
30 -0.2835820895542274 -1 0
31 -0.2537313432856535 -1 0
32 -0.2238805970170796 -1 0
33 -0.1940298507485058 -1 0
34 -0.1641791044799319 -1 0
35 -0.134328358211358 -1 0
36 -0.1044776119427843 -1 0
37 -0.0746268656742104 -1 0
38 -0.04477611940563653 -1 0
39 -0.01492537313706166 -1 0
40 0.01492537313159503 -1 0
41 0.04477611940033377 -1 0
42 0.07462686566907339 -1 0
43 0.104477611937813 -1 0
44 0.1343283582065526 -1 0
45 0.1641791044752923 -1 0
46 0.1940298507440319 -1 0
47 0.2238805970127715 -1 0
48 0.2537313432815109 -1 0
49 0.2835820895502505 -1 0
50 0.3134328358189902 -1 0
51 0.3432835820877298 -1 0
52 0.3731343283564694 -1 0
53 0.402985074625209 -1 0
54 0.4328358208939487 -1 0
55 0.4626865671626883 -1 0
56 0.4925373134314279 -1 0
57 0.5223880597001673 -1 0
58 0.552238805968907 -1 0
59 0.5820895522376466 -1 0
60 0.6119402985063862 -1 0
61 0.6417910447751258 -1 0
62 0.6716417910438655 -1 0
63 0.7014925373126051 -1 0
64 0.7313432835813447 -1 0
65 0.7611940298500843 -1 0
66 0.7910447761188237 -1 0
67 0.8208955223875634 -1 0
68 0.850746268656303 -1 0
69 0.8805970149250426 -1 0
70 0.9104477611937822 -1 0
71 0.9402985074625216 -1 0
72 0.9701492537312606 -1 0
73 1 -0.9701492537314261 0
74 1 -0.9402985074628523 0
75 1 -0.9104477611942784 0
76 1 -0.8805970149257045 0
77 1 -0.8507462686571307 0
78 1 -0.8208955223885568 0
79 1 -0.791044776119983 0
80 1 -0.7611940298514092 0
81 1 -0.7313432835828353 0
82 1 -0.7014925373142613 0
83 1 -0.6716417910456876 0
84 1 -0.6417910447771137 0
85 1 -0.6119402985085398 0
86 1 -0.5820895522399659 0
87 1 -0.5522388059713921 0
88 1 -0.5223880597028182 0
89 1 -0.4925373134342443 0
90 1 -0.4626865671656705 0
91 1 -0.4328358208970966 0
92 1 -0.4029850746285227 0
93 1 -0.373134328359949 0
94 1 -0.3432835820913751 0
95 1 -0.3134328358228012 0
96 1 -0.2835820895542274 0
97 1 -0.2537313432856535 0
98 1 -0.2238805970170796 0
99 1 -0.1940298507485058 0
100 1 -0.1641791044799319 0
101 1 -0.134328358211358 0
102 1 -0.1044776119427843 0
103 1 -0.0746268656742104 0
104 1 -0.04477611940563653 0
105 1 -0.01492537313706166 0
106 1 0.01492537313159503 0
107 1 0.04477611940033377 0
108 1 0.07462686566907339 0
109 1 0.104477611937813 0
110 1 0.1343283582065526 0
111 1 0.1641791044752923 0
112 1 0.1940298507440319 0
113 1 0.2238805970127715 0
114 1 0.2537313432815109 0
115 1 0.2835820895502505 0
116 1 0.3134328358189902 0
117 1 0.3432835820877298 0
118 1 0.3731343283564694 0
119 1 0.402985074625209 0
120 1 0.4328358208939487 0
121 1 0.4626865671626883 0
122 1 0.4925373134314279 0
123 1 0.5223880597001673 0
124 1 0.552238805968907 0
125 1 0.5820895522376466 0
126 1 0.6119402985063862 0
127 1 0.6417910447751258 0
128 1 0.6716417910438655 0
129 1 0.7014925373126051 0
130 1 0.7313432835813447 0
131 1 0.7611940298500843 0
132 1 0.7910447761188237 0
133 1 0.8208955223875634 0
134 1 0.850746268656303 0
135 1 0.8805970149250426 0
136 1 0.9104477611937822 0
137 1 0.9402985074625216 0
138 1 0.9701492537312606 0
139 0.9701492537314261 1 0
140 0.9402985074628523 1 0
141 0.9104477611942784 1 0
142 0.8805970149257045 1 0
143 0.8507462686571307 1 0
144 0.8208955223885568 1 0
145 0.791044776119983 1 0
146 0.7611940298514092 1 0
147 0.7313432835828353 1 0
148 0.7014925373142613 1 0
149 0.6716417910456876 1 0
150 0.6417910447771137 1 0
151 0.6119402985085398 1 0
152 0.5820895522399659 1 0
153 0.5522388059713921 1 0
154 0.5223880597028182 1 0
155 0.4925373134342443 1 0
156 0.4626865671656705 1 0
157 0.4328358208970966 1 0
158 0.4029850746285227 1 0
159 0.373134328359949 1 0
160 0.3432835820913751 1 0
161 0.3134328358228012 1 0
162 0.2835820895542274 1 0
163 0.2537313432856535 1 0
164 0.2238805970170796 1 0
165 0.1940298507485058 1 0
166 0.1641791044799319 1 0
167 0.134328358211358 1 0
168 0.1044776119427843 1 0
169 0.0746268656742104 1 0
170 0.04477611940563653 1 0
171 0.01492537313706166 1 0
172 -0.01492537313159503 1 0
173 -0.04477611940033377 1 0
174 -0.07462686566907339 1 0
175 -0.104477611937813 1 0
176 -0.1343283582065526 1 0
177 -0.1641791044752923 1 0
178 -0.1940298507440319 1 0
179 -0.2238805970127715 1 0
180 -0.2537313432815109 1 0
181 -0.2835820895502505 1 0
182 -0.3134328358189902 1 0
183 -0.3432835820877298 1 0
184 -0.3731343283564694 1 0
185 -0.402985074625209 1 0
186 -0.4328358208939487 1 0
187 -0.4626865671626883 1 0
188 -0.4925373134314279 1 0
189 -0.5223880597001673 1 0
190 -0.552238805968907 1 0
191 -0.5820895522376466 1 0
192 -0.6119402985063862 1 0
193 -0.6417910447751258 1 0
194 -0.6716417910438655 1 0
195 -0.7014925373126051 1 0
196 -0.7313432835813447 1 0
197 -0.7611940298500843 1 0
198 -0.7910447761188237 1 0
199 -0.8208955223875634 1 0
200 -0.850746268656303 1 0
201 -0.8805970149250426 1 0
202 -0.9104477611937822 1 0
203 -0.9402985074625216 1 0
204 -0.9701492537312606 1 0
205 -1 0.9701492537314261 0
206 -1 0.9402985074628523 0
207 -1 0.9104477611942784 0
208 -1 0.8805970149257045 0
209 -1 0.8507462686571307 0
210 -1 0.8208955223885568 0
211 -1 0.791044776119983 0
212 -1 0.7611940298514092 0
213 -1 0.7313432835828353 0
214 -1 0.7014925373142613 0
215 -1 0.6716417910456876 0
216 -1 0.6417910447771137 0
217 -1 0.6119402985085398 0
218 -1 0.5820895522399659 0
219 -1 0.5522388059713921 0
220 -1 0.5223880597028182 0
221 -1 0.4925373134342443 0
222 -1 0.4626865671656705 0
223 -1 0.4328358208970966 0
224 -1 0.4029850746285227 0
225 -1 0.373134328359949 0
226 -1 0.3432835820913751 0
227 -1 0.3134328358228012 0
228 -1 0.2835820895542274 0
229 -1 0.2537313432856535 0
230 -1 0.2238805970170796 0
231 -1 0.1940298507485058 0
232 -1 0.1641791044799319 0
233 -1 0.134328358211358 0
234 -1 0.1044776119427843 0
235 -1 0.0746268656742104 0
236 -1 0.04477611940563653 0
237 -1 0.01492537313706166 0
238 -1 -0.01492537313159503 0
239 -1 -0.04477611940033377 0
240 -1 -0.07462686566907339 0
241 -1 -0.104477611937813 0
242 -1 -0.1343283582065526 0
243 -1 -0.1641791044752923 0
244 -1 -0.1940298507440319 0
245 -1 -0.2238805970127715 0
246 -1 -0.2537313432815109 0
247 -1 -0.2835820895502505 0
248 -1 -0.3134328358189902 0
249 -1 -0.3432835820877298 0
250 -1 -0.3731343283564694 0
251 -1 -0.402985074625209 0
252 -1 -0.4328358208939487 0
253 -1 -0.4626865671626883 0
254 -1 -0.4925373134314279 0
255 -1 -0.5223880597001673 0
256 -1 -0.552238805968907 0
257 -1 -0.5820895522376466 0
258 -1 -0.6119402985063862 0
259 -1 -0.6417910447751258 0
260 -1 -0.6716417910438655 0
261 -1 -0.7014925373126051 0
262 -1 -0.7313432835813447 0
263 -1 -0.7611940298500843 0
264 -1 -0.7910447761188237 0
265 -1 -0.8208955223875634 0
266 -1 -0.850746268656303 0
267 -1 -0.8805970149250426 0
268 -1 -0.9104477611937822 0
269 -1 -0.9402985074625216 0
270 -1 -0.9701492537312606 0
271 -0.02457941421539064 0.5899300259946525 0
272 -0.01886914135171208 0.5612225457637002 0
273 -0.009460642541611081 0.5335060020947868 0
274 0.003485100153081705 0.5072546328742465 0
275 0.01974658149702418 0.4829176062620218 0
276 0.03904556305593984 0.4609113355111619 0
277 0.06105183387689703 0.4416123540521246 0
278 0.08538886055215365 0.4253508728105752 0
279 0.1116402298495481 0.412405130213508 0
280 0.1393567735241971 0.4029966315291816 0
281 0.1680642538295095 0.3972863587751305 0
282 0.1972714778195855 0.3953720162995927 0
283 0.2264787016050144 0.3972863590081694 0
284 0.2551861817004082 0.4029966319472326 0
285 0.2829027251213234 0.4124051307546588 0
286 0.3091540941695688 0.4253508734210101 0
287 0.3334911206463333 0.4416123547111145 0
288 0.3554973912314516 0.4609113361341353 0
289 0.3747963725769674 0.4829176067957884 0
290 0.3910578537830797 0.5072546333449198 0
291 0.4040035963482813 0.5335060024382141 0
292 0.41341209507187 0.5612225459717246 0
293 0.4191223678978857 0.5899300261319612 0
294 0.4191223678797537 0.6483444739015013 0
295 0.4134120950140946 0.6770519541396323 0
296 0.4040035962074379 0.7047684977975481 0
297 0.3910578535125465 0.7310198670193933 0
298 0.3747963721759475 0.7553568936225669 0
299 0.3554973906361014 0.777363164356951 0
300 0.3334911198252639 0.7966621458146503 0
301 0.3091540931589332 0.8129236270582166 0
302 0.2829027238918789 0.8258693696503299 0
303 0.2551861802149171 0.8352778683465396 0
304 0.226478699904013 0.8409881411115077 0
305 0.1972714759128724 0.8429024835961433 0
306 0.168064252127322 0.8409881408965083 0
307 0.1393567720226844 0.8352778679642252 0
308 0.1116402285904664 0.8258693691606993 0
309 0.08538885953651705 0.8129236264987828 0
310 0.06105183307147624 0.7966621452255903 0
311 0.03904556245363566 0.77736316378227 0
312 0.0197465810967738 0.7553568931120977 0
313 0.0034850998830252 0.7310198665537379 0
314 -0.009460642682276116 0.7047684974613538 0
315 -0.01886914140894838 0.677051953918427 0
316 -0.02457941423323368 0.6483444737655523 0
317 -0.2322990648173725 -0.2519456441828843 0
318 0.3774654645459481 -0.3774654645459722 0
319 -0.460103570766264 0.2354839591154743 0
320 0.5526257624447342 0.03570259322668932 0
321 -0.5569400949529338 -0.556244676073712 0
322 0.1279952984830083 -0.02606669391156193 0
323 0.01367453238686826 -0.5855443227636314 0
324 -0.6034470493974371 0.6033824086502462 0
325 -0.607667537001062 -0.12860024220738 0
326 0.6353512641819765 -0.6353512641819408 0
327 -0.1356476344935849 0.174826180668892 0
328 0.6698004596271485 0.3445162244391186 0
329 0.6715485925736349 -0.2567489602392145 0
330 0.3147707730116314 -0.685577217159446 0
331 -0.2789090535049706 -0.6963391686278315 0
332 -0.3169490619473646 0.50371245163449 0
333 0.7066572144671273 0.7066572144670984 0
334 0.05150965952409045 -0.2949288512505984 0
335 -0.7190443880069021 0.3478642704949806 0
336 -0.3355126759706117 -0.004640984301969048 0
337 -0.7337370292880092 -0.3565390017544644 0
338 0.3148428593380877 0.1491095889199186 0
339 -0.7406845094586048 -0.7370778270085808 0
340 -0.74172355610194 0.09018900777829228 0
341 -0.3924723545256943 0.7404569369888417 0
342 0.3576011248842346 -0.1249074862821651 0
343 -0.4663473380321069 -0.3253113902881238 0
344 -0.1037318776115723 -0.05673209598704655 0
345 0.7690542785696723 0.1245387243742057 0
346 -0.7729498687217431 0.767758775533502 0
347 -0.1861645843827832 -0.4757338826339835 0
348 -0.486988242509049 -0.7726587172864379 0
349 0.7746686392001323 -0.4563524562345889 0
350 0.08190252915692894 0.1930767775210788 0
351 0.116208709838726 -0.7783773058501808 0
352 0.7864145027247171 -0.7864145027246917 0
353 0.4789795452150163 0.2930587249567563 0
354 0.1850598779684902 -0.4596846831046393 0
355 0.7889997237072871 0.5209377022527496 0
356 0.79288019710082 -0.08151342358349413 0
357 -0.09543291575345599 -0.7910682000311906 0
358 0.4958332542470456 -0.7890656193619084 0
359 -0.1551042843536168 0.3774596795834205 0
360 -0.1939350583904619 0.7947501534992043 0
361 0.5645319177737763 -0.4424824645660701 0
362 -0.7969675688553866 0.5331658945563185 0
363 -0.5042048383780673 0.4310713004709896 0
364 -0.7978441034329903 -0.1739530085463371 0
365 -0.8059224434223821 -0.5522186528434376 0
366 -0.5272627922626567 0.05152067293835054 0
367 -0.5774437030082293 0.8057429745419398 0
368 0.602594102903055 0.5153804513543571 0
369 -0.3729377328747411 -0.4962481465483299 0
370 0.2314385050686893 -0.2616006891277042 0
371 0.5535293276408545 0.8165028261851115 0
372 0.5391804373662921 -0.1386729021507195 0
373 0.4632109743651481 -0.5848281845091319 0
374 -0.4294158543015754 -0.1548535448974042 0
375 -0.2874620813652047 0.2637546254150602 0
376 -0.1970225679985118 0.6241748899225847 0
377 0.8270621420180919 0.8244399580746822 0
378 0.8279063775155944 -0.6197734959004789 0
379 0.8312104236314862 0.2831579227786992 0
380 -0.6231556986821646 0.2104672784922702 0
381 -0.8276726462588934 0.232236921864871 0
382 0.8358724771284278 -0.3077116855803474 0
383 0.6071171571887564 0.1932373308470772 0
384 -0.3415784361004104 -0.8371857323919669 0
385 0.2662392928005408 -0.8441432598053346 0
386 -0.4499271834852497 0.5896403657043179 0
387 -0.1031086171049832 -0.3430075874442954 0
388 0.5177545453292914 -0.2939425881484292 0
389 0.1725564048886736 -0.6199793399664488 0
390 0.02693522835181014 -0.1463646193047038 0
391 -0.0174613922419595 0.3074523840011735 0
392 -0.01546242748070433 0.07574242820568346 0
393 -0.1337556547220136 -0.6240847662242888 0
394 -0.6234732487513479 -0.8434115986948916 0
395 0.641058551992344 -0.8442419460148864 0
396 -0.8454003784445636 -0.02492936307924259 0
397 0.2780570157830849 0.003479452446890033 0
398 0.319430246129791 -0.532714435791446 0
399 -0.8492685179357811 -0.8462168395963524 0
400 0.849170095969625 0.6554181898897184 0
401 -0.6055518430642804 -0.2762735305813013 0
402 -0.4166991919576509 -0.6407442280793861 0
403 0.5627775458719702 0.66278535089868 0
404 0.005783029105321455 -0.4394150660678353 0
405 -0.8549706618021617 0.4051838736794786 0
406 0.2154294800215867 0.2530828363107556 0
407 -0.2025466174765349 0.05268160723443377 0
408 -0.2382213593237784 -0.1081014360394371 0
409 -0.3179658468704079 -0.362780772871983 0
410 -0.3573916086851771 0.1402042181296734 0
411 -0.6050102237466276 -0.6908992574765622 0
412 -0.6423614628277858 0.469204203694417 0
413 -0.3782069353382171 0.3715647910744603 0
414 -0.607635693508384 -0.4235242499753423 0
415 0.4561555077793791 0.1469734414078852 0
416 0.6572313277967865 -0.049612403653707 0
417 0.6890459435542629 0.8599910960875194 0
418 -0.1041231334954802 -0.1964182145795041 0
419 -0.8588461977704678 0.6603435833911794 0
420 0.5052292005766191 0.421820985542541 0
421 -0.07716871538162134 0.8588433875751242 0
422 -0.8601735889256324 -0.2976411075206665 0
423 -0.316280549842979 0.8616597001811553 0
424 0.4154665772842099 -0.0002940705542063699 0
425 -0.8554630750298347 -0.6708942569189684 0
426 0.2225350824085112 -0.1250285508827457 0
427 -0.7125216005402601 -0.04203948543644588 0
428 0.1885293435862301 0.1043824940674377 0
429 0.8642892505606692 0.03204415306855235 0
430 -0.8650582256959648 0.859080045357691 0
431 -0.2086899974982702 -0.8620383141113497 0
432 -0.4566384760510552 0.8651769927039502 0
433 0.3402354532029763 0.2963229204472493 0
434 -0.8658602938991052 -0.4289839084217238 0
435 0.01512594806162398 -0.8672406190063984 0
436 -0.1380944034526068 0.5063148406821469 0
437 0.8681931413190751 0.4080433341895849 0
438 -0.5902607094960591 0.3343064433490663 0
439 0.3929491285402585 -0.8675882889701306 0
440 -0.7261216343524013 0.6426453053978859 0
441 -0.8704993711945174 0.1038840654872802 0
442 -0.6885900899183686 0.867090104200413 0
443 -0.3270781677861637 0.6420384136858384 0
444 0.4413666915302623 0.8751367797530649 0
445 0.8724100612854078 -0.1794900708025614 0
446 0.3930988444459282 -0.2478791049437072 0
447 0.01015698642185159 -0.7119258883894799 0
448 -0.682533323866454 -0.5830792330367791 0
449 0.8751472210829432 -0.8784501569532106 0
450 -0.5195376749362153 0.6972857745960346 0
451 0.6799705473693958 -0.3837820110895028 0
452 -0.2733615268460219 -0.5726773682515122 0
453 -0.4868939239713961 -0.4469123142674061 0
454 0.6639151755876255 -0.51646356448654 0
455 0.8788677517244653 0.171550830714319 0
456 -0.3500003170278587 -0.2460937677681404 0
457 0.698180770473168 0.5906912344941188 0
458 0.6684372066590281 0.06022002590767786 0
459 0.8786728197232516 -0.5125890280875881 0
460 0.121598210008599 -0.2108089788594463 0
461 0.4629080180225674 -0.4651766038060998 0
462 -0.4508456103139697 -0.03859593697657685 0
463 0.7145074745584903 0.2352452630737754 0
464 -0.4499903965384321 -0.877894631674121 0
465 -0.7384322563333422 -0.8892268726863595 0
466 -0.7123588184287302 -0.4745828102495324 0
467 0.8831726293738158 -0.7228385372410088 0
468 0.1520369846644914 -0.343324848424421 0
469 -0.07786090590762498 -0.5181852237079421 0
470 0.4294149335030624 -0.6969634486389025 0
471 0.6935344544779154 0.4511922421263568 0
472 0.1614282910820989 -0.8875619430547428 0
473 -0.2658251220339349 0.4031571764505968 0
474 -0.6919534856863975 -0.2052919068872397 0
475 0.2593806374096367 -0.3794546659088087 0
476 0.6799186730289681 -0.7427747825605048 0
477 -0.2474889158260456 0.1563480294832256 0
478 0.09399530033149002 0.3009829844010348 0
479 -0.6335291862522848 0.1020175305105356 0
480 0.01690106556451387 -0.02643076850323882 0
481 -0.2111098062469986 -0.3662227139599326 0
482 -0.02552094220886669 0.1982265651040931 0
483 -0.1250341856241956 0.7081874337532489 0
484 -0.6399413670959744 0.7119246224833577 0
485 0.8885294527547701 -0.4016885371236306 0
486 0.7397679324590414 -0.8917573189203045 0
487 0.2074961407143839 -0.7186346274687162 0
488 -0.5121774191954047 -0.2267027905826237 0
489 0.5399315483688865 -0.6912831965137757 0
490 0.7607884943393778 -0.1849843705276047 0
491 0.5455542067653124 -0.8949878228574468 0
492 -0.1804545369826675 0.2730912723723401 0
493 0.8984079449829796 0.5610846357309233 0
494 -0.2883021535651508 0.7353928143545192 0
495 0.5680514255455794 0.3421601732622523 0
496 0.5638020387632418 -0.553151725870576 0
497 -0.533438987150029 0.1564142522696698 0
498 -0.05242343969828248 0.4071155124754605 0
499 -0.6056732611431821 -0.02128066296554797 0
500 -0.7322756050533352 0.2436091524449052 0
501 0.08946025849804973 0.07705663054843107 0
502 -0.8939279059195813 -0.1202890523083407 0
503 0.08905319190403785 -0.5058746623808872 0
504 -0.1919007198743775 -0.7647572532465349 0
505 -0.3706771784937919 -0.7366531007126852 0
506 -0.8937953286310972 0.7624602221987691 0
507 0.4114087884976118 0.3697795304311682 0
508 0.7621433065656562 0.02275690570278856 0
509 -0.4310322389069633 0.495090149811559 0
510 -0.8950535273800849 0.4994002919261393 0
511 0.8951978783338044 -0.06631304260288268 0
512 -0.08955223880849732 -0.8960615304172578 0
513 -0.5297014856600879 0.5316362292927294 0
514 0.8969709988855618 0.7506815460077823 0
515 -0.1700276418090848 0.8974192604029981 0
516 0.02400884497913849 0.895385209169508 0
517 0.636844474547797 -0.1560605064568122 0
518 0.7663995933680509 0.3869175452140265 0
519 -0.7380958108745136 0.4467810047818143 0
520 -0.4231546322100673 0.05805642558210846 0
521 -0.3401821759841248 -0.1061508817156581 0
522 -0.8959213951396173 0.3109061845223905 0
523 -0.4686451355413679 0.3363655747418725 0
524 -0.8987480218166748 -0.5847916901509796 0
525 0.7289425040284616 -0.5983344845159457 0
526 0.3683622218040951 -0.7711744399107932 0
527 0.5168745082980544 0.5757483427840251 0
528 0.8987575184492858 0.9018209052855646 0
529 -0.2856481923241764 -0.4524979626835916 0
530 -0.6975876432751839 0.5501053734841216 0
531 0.493608171464204 0.7349499988562631 0
532 -0.7597953901644287 -0.6413679516744406 0
533 -0.5139265304868114 -0.6422561522407033 0
534 0.4995916805247532 -0.04381038223903547 0
535 -0.5491664134142586 0.9008729169112187 0
536 0.6017953777754068 0.9020835424667565 0
537 -0.9012583704993542 -0.7646651855707985 0
538 -0.4576234869874412 -0.5511989978287896 0
539 0.3486832763927343 0.9023634883251542 0
540 -0.7707266050130321 -0.262006088696098 0
541 -0.5447245911299529 -0.9009415152004341 0
542 0.4474464549051259 -0.1663586922946498 0
543 0.1045757787462641 -0.6858568066429831 0
544 -0.1136059648273914 0.08173176000163643 0
545 0.8014269771310941 0.7354390741291901 0
546 -0.03744739717280762 -0.2716756200080928 0
547 0.6183338599312472 0.7424755718795503 0
548 0.6074110317574081 -0.3130779152501476 0
549 -0.2288902149856633 0.5369440143669951 0
550 -0.5088453410829293 -0.1130713982193064 0
551 0.6065435197768947 0.424645369355291 0
552 -0.9050015869399838 -0.2150519997228618 0
553 0.3050348089797876 -0.2064301717542789 0
554 0.7581928062223917 -0.6917804579695011 0
555 -0.7799350562127105 0.9089844873297881 0
556 0.7709390993953709 0.9057864866657435 0
557 0.3791791141116587 0.08800140541665229 0
558 0.3876710392097967 0.2120927096512758 0
559 0.5779145616930369 -0.2211921784689034 0
560 0.3724507051180724 -0.6108329784815116 0
561 -0.3796478326270685 0.2806639605617991 0
562 0.1143894680607667 -0.1177609869449022 0
563 0.2277251246699046 -0.5431348457423713 0
564 -0.4078366914597417 -0.4027789116690593 0
565 0.3173308420502662 -0.3003789624391279 0
566 0.5821840414828567 -0.7694408722697135 0
567 -0.8053970693789294 0.3157228202036194 0
568 0.4678049003984639 -0.3739474379997758 0
569 -0.08037978857549803 -0.7000347076494162 0
570 -0.4794498067520081 0.7761323690380584 0
571 0.7467297443226404 -0.3124400023555545 0
572 0.0933220963451034 -0.4151297334366744 0
573 0.911139104525027 0.327962986466067 0
574 -0.2889118020076831 0.07458906500008339 0
575 -0.1070719420679708 -0.4320329637303487 0
576 -0.5522344596794634 -0.3552328159354921 0
577 -0.09215205654811882 0.2579877632769252 0
578 -0.2888287961466214 -0.1789317719276736 0
579 -0.1112103684155532 0.5971670763531193 0
580 0.5176469217256969 0.2119761703221087 0
581 -0.2843156189147214 -0.909861436858784 0
582 -0.5474338653723174 0.2550854830589677 0
583 -0.9104877215253631 0.587753648605104 0
584 -0.9102759686022577 0.1820215358190752 0
585 -0.4446054983581775 0.1498839297641706 0
586 -0.9123495781632289 -0.9069884144035091 0
587 0.9088977848370812 -0.2626586461467228 0
588 -0.6324695003430201 -0.5084157440354043 0
589 0.3211761648853722 -0.4448952384144781 0
590 0.5458567304397511 0.1294496929786458 0
591 0.9137848726138007 -0.5943744543309898 0
592 0.3157566560342748 -0.9135483547919052 0
593 -0.5746210943504422 -0.7730954145699129 0
594 -0.7855724125616633 -0.08846013971052839 0
595 0.6817762549425391 0.1496986064841187 0
596 -0.06798586117240639 0.7742720711968534 0
597 -0.1880837229051574 -0.03762885152870537 0
598 -0.01746060545794768 -0.3559686492770968 0
599 -0.9168359805812358 0.02819928743420701 0
600 -0.3863092598217515 0.913587864254862 0
601 -0.6830848351874659 0.7846051581794034 0
602 -0.1571424271740687 -0.1211870614113784 0
603 0.7640073640268472 0.6423596507310267 0
604 -0.2869328623073699 -0.7726807433791519 0
605 -0.1489782270481244 -0.2716152677218093 0
606 0.5177036350658066 0.9121416890251548 0
607 0.1085758420491157 0.9148139639901288 0
608 0.7971134286684611 -0.5434587914646352 0
609 0.2551084196454744 -0.6205687003983201 0
610 -0.3579798487940384 -0.5796398511058275 0
611 -0.6960735034919341 0.161884545809939 0
612 -0.05717913399542589 -0.1263353966991176 0
613 -0.6589345349401245 -0.7632770619431171 0
614 -0.9118514027726727 -0.3605713952399432 0
615 0.7980716535702881 0.2071669177964642 0
616 0.7114294056463425 -0.113288496821885 0
617 0.6220896875641149 0.2729953673811598 0
618 -0.7994919635925756 0.1535832002958347 0
619 0.2616363711773193 0.3211803394792098 0
620 0.9171660061832507 -0.8010157380723665 0
621 -0.210371299703423 0.7082135743018206 0
622 -0.2517545014756791 0.9158214793800152 0
623 0.1969978161433117 0.02135262113157193 0
624 -0.6521425748327221 -0.3524083919750083 0
625 -0.1890017932194354 -0.5610711720378658 0
626 0.4667140340507957 0.06476107325390545 0
627 0.2674191297503544 0.9174852945929438 0
628 -0.1974815877421049 0.4526453780754812 0
629 -0.3702416905841772 -0.9161164363946879 0
630 0.1670488924062916 0.1828223889432877 0
631 0.08355844536610152 -0.9178863636160516 0
632 0.7325231878098298 0.7853672025718054 0
633 -0.7825626017059394 -0.4306987664521512 0
634 0.2913126729278022 -0.07849579767440669 0
635 0.480633840917787 0.5007517348574866 0
636 0.4625421516390988 -0.9163987701360118 0
637 0.917788945172325 0.4765902281887012 0
638 -0.6599790715084195 0.2883415048434686 0
639 -0.81832531671428 -0.7656571065741794 0
640 0.9142753261821502 0.2439242229934792 0
641 -0.6903430725867556 -0.1220420293620449 0
642 -0.3688056780024894 0.5674086812265861 0
643 -0.6863829564193304 -0.6758689535474836 0
644 0.7988782034607621 -0.3788007085504268 0
645 0.9173481621738405 0.09812807596663405 0
646 -0.7701396813317293 0.01106536663236638 0
647 0.4280165152689526 -0.08107013708062222 0
648 -0.9210350778914639 -0.5013778175148508 0
649 0.2680117367417592 0.08473551141018461 0
650 0.4019310490232759 -0.5294973344409892 0
651 -0.4420133087772705 0.6777853294086098 0
652 0.6164118031075445 0.5991738096244376 0
653 -0.6611757315430633 -0.9178267252731079 0
654 -0.6819161401410272 0.03178187752770265 0
655 0.2899640744956531 0.2288031520910723 0
656 -0.4327621820145074 -0.2535442415227243 0
657 -0.8087644692391986 -0.9193513737447058 0
658 -0.1948207714373132 -0.6732647342516931 0
659 -0.2400737486533522 0.3270094084658994 0
660 0.03840333391719686 -0.7861280627674342 0
661 0.2803115989493168 -0.7594607315848432 0
662 0.1949639797060826 -0.8010687759235624 0
663 -0.4159740080598451 -0.8099660655998918 0
664 -0.5244997681836341 0.6166389734673916 0
665 -0.05184550194073816 -0.6280252752232128 0
666 0.09819721105885057 -0.5871023531887505 0
667 0.2350069072375183 -0.9199191280690944 0
668 -0.5833340622057668 0.4206416250347818 0
669 -0.6261940042735269 0.9318290155160214 0
670 0.6693455529229202 -0.9197078002450785 0
671 0.7543068741875004 0.3046595413876039 0
672 0.4417216310771442 0.7921103841833156 0
673 0.02776232585696071 -0.2247468797514927 0
674 0.04341443703578216 0.3604996412311743 0
675 -0.3876534478242991 0.8268661081087902 0
676 0.1729926769947487 0.3216833289356552 0
677 0.1881881513084895 0.9225566236843599 0
678 -0.9202031108232405 0.9193061130996633 0
679 -0.07017728512142607 0.0164966938851633 0
680 0.02520221232599473 0.1381377679031486 0
681 -0.09402728519567706 0.3347679708066582 0
682 0.9170848518253707 0.8209601752993899 0
683 0.03513012547898408 0.2501754919234172 0
684 -0.5806355136223552 -0.2041080190491259 0
685 -0.6898489225423747 -0.28252091353021 0
686 -0.2605379314943729 -0.007939435679615612 0
687 0.9227170697443661 0.6279291951241679 0
688 -0.5250890066092573 -0.02967573956732517 0
689 -0.3864899100559516 -0.3176851415805772 0
690 0.7147332079194982 -0.8175836692573489 0
691 -0.7963960342107346 0.6154968701232393 0
692 -0.7864098537126326 0.6927721948839725 0
693 0.5786667068995308 -0.02964450690352798 0
694 0.814669149336352 -0.9229458541229119 0
695 0.5440457300430765 -0.3669554663056139 0
696 -0.9226621759346323 -0.04839617663720008 0
697 -0.659680756365845 0.3891146257151979 0
698 -0.6070231361250233 -0.6166078034079132 0
699 -0.812307184480992 -0.3592914446528557 0
700 0.2392085500337835 0.1611640307101086 0
701 -0.2069296274433102 -0.1773321030486709 0
702 -0.3454845574149064 0.2127298652049319 0
703 -0.06874868047484478 0.4797940875904499 0
704 0.8338461604002416 0.1098989138043785 0
705 0.8148150956063194 0.5843742534564871 0
706 0.6435321934831253 0.6704448029836931 0
707 0.9244378846318219 -0.3346449398206301 0
708 -0.5532841258061378 -0.4798771941628537 0
709 0.2203296202798292 -0.04599864969604733 0
710 -0.4607907001922549 -0.699580407684838 0
711 -0.337508599340451 -0.6542715815454787 0
712 -0.9296989973061368 -0.8353631951971027 0
713 0.351154871295739 -0.02856539916983256 0
714 -0.156544674178722 -0.9258408210013147 0
715 0.4872707318654673 0.6502065155578675 0
716 -0.9245574168689702 0.4299042641288958 0
717 -0.2917035115633299 -0.2930636945576008 0
718 0.5014294606033439 -0.2205193584898827 0
719 0.5312407287997396 -0.615881115551711 0
720 0.1979564164646687 -0.1952071708737677 0
721 -0.3141947956019293 0.3319550160169744 0
722 0.4416217619141487 -0.3041717915719856 0
723 -0.002972295415193256 -0.5117705974146934 0
724 0.6367631035847252 0.818633637627188 0
725 0.6455744604775907 -0.4460413933589092 0
726 -0.3589512484039969 0.448712163993321 0
727 -0.6027528484964111 0.5302802904585128 0
728 -0.9225972366398906 0.6972776282102419 0
729 -0.2870338603198114 0.5731193424300994 0
730 -0.7571590570577809 -0.8119507773302176 0
731 -0.1855786462163692 0.1241721715414397 0
732 -0.782376689218474 0.3870133644086889 0
733 -0.8176356653380334 0.4642682841776504 0
734 0.9173553893520956 -0.9327430068213887 0
735 0.1202658151630927 -0.2842805479443896 0
736 -0.05890744799853918 0.1359237857369913 0
737 -0.7145447401573851 0.7180984265302358 0
738 0.8189492131225498 -0.2302395356849504 0
739 -0.434179210192551 0.4185377815943965 0
740 -0.1056413945496451 0.9271145442744605 0
741 -0.2655726426196954 0.8083598953460658 0
742 0.1538997122712023 -0.5385597435548242 0
743 0.929440095920874 -0.1290013591492989 0
744 0.9282992581522 -0.001258646497036401 0
745 -0.7942732547287978 0.8345315040708258 0
746 -0.9324235747914619 0.8310842506157039 0
747 0.2567470263858835 -0.4700743959014442 0
748 -0.0229576268444097 -0.9241141979973416 0
749 0.4259193614774668 0.4371644561323631 0
750 0.6197041309709113 -0.7053036944288714 0
751 -0.5305170267908647 -0.8305986457897476 0
752 0.8044096311168174 0.4438496146454326 0
753 -0.005271049111329255 0.8348718269176667 0
754 0.9278929586845978 -0.665544271597612 0
755 0.7239456215463265 -0.03857528836962508 0
756 -0.9248345547424806 -0.6452181733306526 0
757 0.6690356615928096 0.9279891405988037 0
758 -0.2295682776989984 0.2212193330183209 0
759 -0.361744764320001 -0.1747031091337712 0
760 0.6996987612253783 -0.6705928200069049 0
761 0.0891828365052109 -0.8439568161668527 0
762 0.6709201753307744 0.522162768887262 0
763 0.3387220355748072 0.3584453438398325 0
764 0.1428347144993112 0.2485805602525627 0
765 -0.1289464716557967 0.8215345875544854 0
766 -0.5332512355475508 -0.7154181797218909 0
767 0.5225362942538029 -0.4983696208966715 0
768 0.9297555334382394 -0.460463501444549 0
769 0.5992612995190634 -0.1026485695780551 0
770 0.6186895741574679 0.1180662555262716 0
771 0.490518850659196 0.3494982403906625 0
772 0.4269476385119134 -0.8068278948994625 0
773 -0.928469291728941 -0.2810935782121774 0
774 -0.1383510423055385 -0.8449084535729179 0
775 0.5455729043381322 0.4795532268269299 0
776 -0.4855052049630254 0.9292703521486593 0
777 -0.1231705490524929 0.4360522790375394 0
778 -0.1415007905845303 0.01440731870938233 0
779 -0.2584179185918766 0.6588875985116032 0
780 0.5991337837448896 -0.9275032215482115 0
781 -0.8372430886767402 -0.2335302497890868 0
782 0.04060931628090376 -0.6493001452687915 0
783 0.8109934173773872 -0.8524572523342147 0
784 0.5549483978178502 0.2679584500960868 0
785 -0.832567353582253 0.0492272263734659 0
786 0.1177561389942047 0.1338383203269569 0
787 -0.7336839519882826 -0.5421521503817693 0
788 0.8379914112979139 0.9319841637442096 0
789 -0.8418356941119584 0.9274908228934466 0
790 -0.8261747182732935 -0.6145016995472239 0
791 -0.7935224305646593 -0.7000016756591519 0
792 -0.03155122558653078 0.9273745255911037 0
793 0.8449316026862722 -0.4510191054188362 0
794 0.8300744130132345 0.3520913975392494 0
795 -0.2432590455804995 -0.6282968582718024 0
796 -0.5299951175626613 0.3673589103986634 0
797 -0.03644515581723179 -0.1908814830263139 0
798 -0.8519472526402831 -0.4946572201906321 0
799 0.8181620549340446 -0.01671366636356799 0
800 0.3900283230312618 -0.4451623301011342 0
801 -0.9318689664336492 0.2505569052071989 0
802 0.4068217657759863 0.3023150252153159 0
803 -0.02513541809371575 -0.811733426811781 0
804 -0.6758618156153786 -0.4167376911696662 0
805 -0.3597370938798674 0.06265021475759408 0
806 -0.3185108704739529 0.9315938934610375 0
807 -0.6573630767895497 0.6394920668163087 0
808 0.3350580467039087 0.03682575528001546 0
809 0.409801836504781 0.9322901938377478 0
810 -0.5834466213178123 0.6683300520618819 0
811 -0.5740815166432167 0.7378742845182438 0
812 0.3346747867049796 -0.8343296275904281 0
813 -0.3832448516218739 -0.04947175284310116 0
814 0.8482593357733382 -0.1146913349041191 0
815 -0.6895543738828764 -0.8332042276314877 0
816 -0.2690768884187092 -0.8430387696838868 0
817 -0.7165971931907934 0.9336020662826107 0
818 -0.3312260311235732 0.789357623377804 0
819 0.03980473254397932 0.03233193689397593 0
820 0.61137780247693 -0.3870244159009719 0
821 0.4567207913479459 0.2250225155914496 0
822 0.2203167063143513 -0.323736541208608 0
823 -0.5197752130896685 0.8426866627545671 0
824 0.3810667287754972 0.8437666716099325 0
825 -0.348791022476647 -0.435201829513556 0
826 -0.3423952616999373 0.7023574126897779 0
827 0.9336147450192236 0.3914913579668124 0
828 0.735159872614324 -0.512851686024077 0
829 -0.6248004215758928 0.8539999090995734 0
830 -0.2607840586296615 0.4691897283629872 0
831 -0.9348196880385027 -0.4292559934298094 0
832 -0.3858967090701023 0.6309450997821868 0
833 0.0716786916214163 -0.0684643090544978 0
834 0.9337688077669533 0.6936956144940112 0
835 0.8553007946375962 0.4871405783108358 0
836 0.04791245016765933 -0.3668578466386025 0
837 -0.5924930115752892 0.03867751376283764 0
838 0.7429939056743923 -0.2496952558146231 0
839 0.711511703750526 -0.4371903620413434 0
840 -0.2877348647144362 -0.06615612976515428 0
841 -0.9384503343456576 0.1199907082137665 0
842 0.8526563038077208 -0.7816235824108611 0
843 -0.9344072619591745 0.3658306252881846 0
844 0.2814421912844778 -0.1491850045221237 0
845 0.1996975679439616 -0.3984643574418835 0
846 -0.8300922272028931 0.7447521488927292 0
847 0.6273711860278773 -0.5697622159621506 0
848 -0.5638453684227639 0.4742810405052202 0
849 -0.09104546798203089 0.6527857789177614 0
850 -0.5202199465993117 -0.2948609597192944 0
851 0.6980636580430227 -0.1925642178632682 0
852 0.378191914386356 -0.9300697174768411 0
853 0.6159592094312443 0.02733427489417167 0
854 -0.2447928041261271 -0.5067442150833247 0
855 -0.312188405021267 -0.51380553406563 0
856 -0.2237854376546221 0.8590561255035991 0
857 0.494111944495074 0.8328584550699047 0
858 0.6051751309576217 -0.4932940789638735 0
859 0.9277390673240925 -0.2011878426037895 0
860 -0.6429986417539654 -0.0763370650889808 0
861 -0.4873237083918051 -0.9314891295660496 0
862 0.4867160722553405 -0.8556533519672171 0
863 0.5476854807766492 -0.8251849444423602 0
864 -0.1703704460012693 0.5605646005399718 0
865 -0.4965622419283232 0.1010758215368251 0
866 -0.2221210387824807 -0.9336085065806512 0
867 0.4717653284078241 -0.6475657543955433 0
868 0.3843250282551037 -0.187096454279776 0
869 0.5077232923582312 -0.4281453044282437 0
870 0.7649469530178319 0.8375957786520413 0
871 -0.9355444109208849 -0.7095006952741743 0
872 -0.5976217652973034 -0.9347813121538634 0
873 -0.04761879631357326 -0.06825599583551578 0
874 -0.4869423960032251 -0.3822920722244901 0
875 0.831427296307589 -0.6852385455378616 0
876 0.4807657132225696 -0.7257429799456203 0
877 -0.5662505315062071 -0.07852779784057075 0
878 -0.7341954646464528 0.8224474283678195 0
879 -0.1422958631407871 -0.7193462851267807 0
880 -0.1505174522127899 -0.3829881474370728 0
881 0.1646371154701043 -0.07836027934470545 0
882 -0.4081421064384171 0.200390708602271 0
883 0.7308883282010062 0.0762582198566962 0
884 -0.5670139620639066 0.09995817282596331 0
885 -0.5325784286637526 -0.1671845715140219 0
886 -0.04567994418935285 -0.7448507710885464 0
887 -0.4391820898638569 -0.4886466247664946 0
888 -0.8480864517827789 0.5741935978819125 0
889 0.9389641028711824 -0.8584918820355535 0
890 -0.7320606157476802 -0.1625707377237826 0
891 -0.1296315789525827 -0.557394377645431 0
892 -0.1980275058655363 -0.3066470807565541 0
893 -0.7703072822464252 -0.4938135561154012 0
894 0.3752148605738947 -0.3161556695103921 0
895 -0.07444915079186508 0.5388318144092819 0
896 0.6784577032293194 0.003201917532685043 0
897 0.7538252928393328 0.5681050052532335 0
898 -0.2669499299991686 -0.3881451576209467 0
899 0.3753853362238022 0.1549028239587723 0
900 0.4805253330081055 -0.1165611034514955 0
901 0.669045626601279 -0.31719542955029 0
902 -0.4696969249840365 0.01938968486457642 0
903 -0.04790143035005308 -0.4179811318711379 0
904 0.9396256612928552 -0.5371339537891809 0
905 -0.5949319462462166 0.1475633636280941 0
906 0.5580680970559162 0.7240554067607619 0
907 -0.4680898236592189 0.5362303215529447 0
908 0.1618259105402754 -0.6834962333207144 0
909 0.7078345622989548 0.3961357864205992 0
910 0.313132532001242 -0.592643967809936 0
911 0.7276354371875448 0.5017393690306652 0
912 0.1476207003391036 0.05850965415462801 0
913 -0.5027995904531094 -0.505604270686253 0
914 -0.286173336469256 0.2036069107961085 0
915 0.9387193347943724 0.1561236246272805 0
916 0.06528282365364396 -0.7362777375890375 0
917 0.01326939809396209 0.4086999720714998 0
918 -0.9386917100334414 -0.161749412651149 0
919 0.3719090224724073 -0.7098271800378023 0
920 -0.3900613450731654 0.002340605955304372 0
921 -0.5457824427102578 -0.4186788374001265 0
922 0.6732153735829972 0.7707687190491072 0
923 0.1707594850944706 -0.2460977242897121 0
924 -0.7024962054607533 0.4912625157417819 0
925 0.8668832446643658 0.2286884740405296 0
926 -0.8613018111069777 -0.1717122034897356 0
927 0.9406856280730833 -0.7453883620203849 0
928 -0.4537935630424659 -0.1001039496959632 0
929 -0.8507798524342524 0.8053883012058352 0
930 0.08132646433755363 -0.1653906362504737 0
931 0.6742338804868138 0.28245888917943 0
932 0.6583334114964714 0.2324665260556879 0
933 -0.7186826004986399 -0.9402980818704192 0
934 -0.03893097151975237 -0.5645903156775108 0
935 -0.7759082820158698 0.2118360099901337 0
936 -0.4289628169472751 -0.9396774496488643 0
937 0.4716336182568127 -0.5247818928431072 0
938 -0.2225914780107585 -0.4257248713787375 0
939 0.7369710148347436 -0.3818568625126058 0
940 -0.8450110362591915 -0.08515491002030551 0
941 -0.4304517825535404 -0.7456706540011737 0
942 0.6924023299022262 0.6510734923940056 0
943 0.6148887442154815 0.368117405658832 0
944 -0.7441595586275322 0.5893389337462582 0
945 -0.516646917191445 0.3127055128325847 0
946 -0.5077704170471145 -0.5903729869692863 0
947 0.6439315477372152 -0.7833162591240046 0
948 0.4739272640149892 0.008721304841858292 0
949 0.784869498009104 0.07478887676755756 0
950 0.8504207396251607 -0.5645542090230946 0
951 -0.942560280104487 0.537857228469715 0
952 0.2533867143560194 -0.6788523037226841 0
953 -0.03769796261776651 -0.4663704875690927 0
954 -0.6232393849358655 0.7691290091518983 0
955 0.5547881701252805 0.3952320453070033 0
956 0.1396736956327427 -0.9418324769720666 0
957 0.3214348168197799 -0.3598606595823104 0
958 -0.066703720345702 0.7167556287491701 0
959 0.1740006857743036 -0.1472140642711027 0
960 -0.1591759260771277 -0.2121932479506354 0
961 0.7323784561272683 0.1775433257316276 0
962 -0.7517738278082106 0.2933166680257321 0
963 0.6416034783552035 0.4742669740460972 0
964 -0.3246055092487208 0.404739508593057 0
965 0.7421060355206517 -0.7469007907984048 0
966 -0.6342987465668832 -0.1788393005925471 0
967 0.8684205379201386 -0.9379421232353452 0
968 -0.1481203383272327 0.3254888707596817 0
969 -0.1298517419338932 -0.4898974806542044 0
970 -0.9409857375918462 0.6383907513923811 0
971 -0.4722662760703914 -0.8293845371620058 0
972 0.4465154596332022 -0.2543142915506958 0
973 -0.1440220885810463 0.6534226555006742 0
974 0.7204365045549604 0.9427192774887436 0
975 -0.7972562003260883 0.09247497072217012 0
976 -0.7893048354671142 -0.8588626321988185 0
977 0.9411630682771217 0.9483061569670773 0
978 -0.2985011693118271 0.133244195349816 0
979 0.6300107974889713 -0.2115042833961965 0
980 -0.1456141820215074 0.7631235188974714 0
981 0.09646602587342186 -0.3341634102537778 0
982 -0.2136276214645311 0.3783809995086541 0
983 -0.1920646954898261 0.1771824203322635 0
984 -0.4102269936776189 0.32740754181818 0
985 -0.08472324642588724 0.2129026944097116 0
986 0.5148922121879075 -0.942144949541734 0
987 -0.2394679686839339 0.0963752490309647 0
988 -0.8552672537549941 0.1770243271471588 0
989 -0.2220952641033805 -0.8098808077024092 0
990 -0.8588497469158674 -0.9411312254741725 0
991 0.03205558668523248 -0.9431570198210855 0
992 0.7948405415720313 -0.1379961113931304 0
993 0.1271525627114487 -0.4621940919073144 0
994 0.05676892279869995 0.948491648587291 0
995 0.1560632754987694 -0.7321716876362104 0
996 0.84978349963966 0.7166654848514151 0
997 0.8425285786915123 0.7701890002835028 0
998 -0.3916022876825827 -0.8623402092844191 0
999 0.3229826484563152 0.09492197490827665 0
1000 0.7430117061934154 0.4350322986491235 0
1001 -0.5163002753250923 0.2101875707782099 0
1002 -0.0376171748824878 0.2571378307785814 0
1003 -0.6880874442038649 0.1076243120011628 0
1004 0.07923263495160955 -0.2479932332241365 0
1005 0.4664778661044697 0.9433727149243092 0
1006 0.9433716968151039 0.5291113984149953 0
1007 0.7789811650210693 -0.6396322394241258 0
1008 0.7225831721686625 -0.9439629140041808 0
1009 -0.6027901081557322 0.2788172760695509 0
1010 0.5791208449974274 -0.6479415077438618 0
1011 0.1079102642913706 0.3558876037175064 0
1012 0.1462144962245084 -0.8282544485039198 0
1013 0.07415940140744937 0.8715006616594773 0
1014 0.210056253954054 -0.8496942672219692 0
1015 -0.4771757417360188 0.481487260540032 0
1016 -0.6447283283084928 -0.2323513654304177 0
1017 -0.5666732917777878 0.1977757367934195 0
1018 0.009044621680533528 -0.08729839208059684 0
1019 -0.3006880072993855 -0.6146976398881691 0
1020 0.0885015355880087 0.01596350206413562 0
1021 0.9442429644896526 -0.3893841621958186 0
1022 -0.1407137140549928 0.233506315533413 0
1023 -0.4646879801330319 -0.2007072858732243 0
1024 0.4182628708897896 -0.7516410345661105 0
1025 -0.3930462513552241 -0.1102948871669802 0
1026 -0.199621184552021 0.9477004320196067 0
1027 0.5583542166156613 0.8728011890102887 0
1028 -0.3168499717474325 -0.7346742536088696 0
1029 -0.8519562917814847 0.3458184487538763 0
1030 0.8545787392443488 -0.3587335702351709 0
1031 0.565727569938744 0.9436240392119412 0
1032 0.5907343914396828 -0.1720095361799807 0
1033 -0.1052800877368557 -0.2502825301245866 0
1034 0.3573292726459487 -0.4911276135456524 0
1035 -0.2558580591821571 -0.3389353399651469 0
1036 0.2561355262092855 -0.1892413152068658 0
1037 -0.2866552284535847 -0.2382434897456377 0
1038 -0.4037226252433306 -0.5433269353483861 0
1039 0.05843496498296077 -0.4592146907345767 0
1040 0.02878273531839398 0.1949728924375378 0
1041 0.5451700632599519 -0.08469703467486328 0
1042 -0.3374197345527024 -0.7819500341979589 0
1043 -0.03551136665378003 -0.8660683655425737 0
1044 -0.6586679781079382 0.5896285740333659 0
1045 -0.6611170216434125 -0.01781588302088299 0
1046 0.4198021866471512 -0.6405904039472219 0
1047 -0.7113643348429861 0.4014907596170063 0
1048 -0.8571228563362381 -0.731557411566363 0
1049 0.8180532655537465 -0.7407673871716109 0
1050 -0.02003266406641278 0.3665023251195548 0
1051 -0.9418819132140772 -0.5483622257187168 0
1052 -0.7570859969529097 -0.2087874762379691 0
1053 0.6941387878992249 -0.8636212638199298 0
1054 0.03921112016706436 0.3049514009387982 0
1055 -0.1910580301369074 -0.6203669218738221 0
1056 -0.2326584060358712 0.7569002276174142 0
1057 -0.152309284688741 -0.7916954067214189 0
1058 -0.2379283786103758 0.5874350996609243 0
1059 0.5635086773103154 0.6081001428832756 0
1060 -0.7526446104777061 0.4970286246998796 0
1061 0.945842818157493 0.773856187558171 0
1062 0.5938644015820923 -0.875237552805586 0
1063 -0.01664667558372698 0.01358302805859118 0
1064 -0.8438539613047795 0.2850410494872557 0
1065 -0.4311115773363334 0.9457731504354825 0
1066 -0.4093161447045911 -0.6940119309977469 0
1067 0.5667447267264303 -0.2796750165083589 0
1068 -0.289826575227619 -0.1265159271182243 0
1069 0.7812788702031752 0.7842828789785338 0
1070 -0.9482001142849366 -0.1049993606818148 0
1071 0.4942668271295609 0.11011213517357 0
1072 0.4654300360283308 0.5543021464707841 0
1073 -0.63428030826203 -0.5667449835452963 0
1074 -0.9463373933089401 0.7449761141253555 0
1075 0.3162452663931093 0.9501903723123344 0
1076 0.7551261482283944 0.691146219339359 0
1077 -0.5576127489383143 -0.2555100820951833 0
1078 0.8747227233307907 -0.6512072236277922 0
1079 -0.2445445679606697 -0.7344671908445104 0
1080 0.8261324802054991 0.1609070641131046 0
1081 -0.02964837731698063 -0.6759464451116013 0
1082 -0.4417264838606335 0.7311796661461326 0
1083 0.1479895673948722 -0.4115251183991713 0
1084 -0.4048192035119559 0.1089139814832765 0
1085 0.6849185502644849 -0.5635291772426247 0
1086 0.9510085508886964 0.04910690898235538 0
1087 0.08708393170427048 0.246349728140859 0
1088 -0.9468294901918832 0.4799041980791309 0
1089 -0.6804469828121781 0.214555465809535 0
1090 0.4674338767257334 0.6939330271766593 0
1091 -0.4044844736627397 -0.2075803696524491 0
1092 -0.7896554018835061 0.2600466474080441 0
1093 -0.7330954118334445 -0.5965347800507911 0
1094 -0.3707317739920158 0.5138345585624233 0
1095 0.3747467142800576 -0.07388836526208303 0
1096 0.2825737070969742 -0.2520603707220689 0
1097 -0.5334417000568289 0.774306797548856 0
1098 0.04457957514984742 -0.5373721612810355 0
1099 -0.4428255115223397 0.2867814652065379 0
1100 -0.3256917451479977 -0.9454846552778147 0
1101 0.5504926957642304 0.5281608816856461 0
1102 0.03921661493674972 0.08448781245048739 0
1103 0.8487590809864294 0.8801703881659251 0
1104 0.300512998314445 0.8773443696653951 0
1105 -0.7257802600036334 -0.4138169055466498 0
1106 0.7729968937625852 0.2613093254464117 0
1107 0.661795517957703 0.4177699194275062 0
1108 0.8675218373536994 0.6043547251027719 0
1109 0.5367554726874751 -0.7444860242096842 0
1110 -0.6424736582429481 0.336392839053386 0
1111 0.9473537825242784 0.8713251935500061 0
1112 -0.7726926322996641 -0.3240709192748509 0
1113 -0.858816569822666 -0.3796096529693519 0
1114 0.5133182366998971 -0.5619533939502733 0
1115 -0.6781528534269131 -0.5335680958340339 0
1116 -0.1099729683295461 -0.9461700140646726 0
1117 -0.579766648511577 0.9482051435016006 0
1118 -0.4287190140968793 0.7837296785753867 0
1119 0.3784552732451812 0.4122962638320948 0
1120 -0.1034745752915098 0.3875502623506699 0
1121 -0.7487000369035912 0.1444606422394269 0
1122 0.6245734626836441 -0.2683015040815901 0
1123 0.9466679097475332 -0.08220629464595998 0
1124 0.1248101083373254 -0.6356284684721933 0
1125 0.6576722238159752 -0.107979247868657 0
1126 -0.2335911934967945 0.2732780737251335 0
1127 0.4428862560102237 0.7398927129640109 0
1128 0.7853439731213722 -0.2779478527692759 0
1129 0.3386689295315343 -0.2497780489965987 0
1130 0.34194740267847 0.2392349253692312 0
1131 -0.477029096514928 0.6398452745603411 0
1132 0.4601451927589121 0.3881386280903685 0
1133 0.2156696070772331 0.3457554921907339 0
1134 0.4232133584417168 -0.4024643846042787 0
1135 -0.6018992157532944 -0.3344288788200347 0
1136 -0.02302062377130682 0.4534352614238276 0
1137 -0.5643058538360135 -0.654788775259709 0
1138 0.9499526455294358 0.2927782923184249 0
1139 0.8754365187082074 -0.01628457148326615 0
1140 -0.5541329405784627 0.576349396528699 0
1141 -0.8429466556872663 0.510230294565203 0
1142 -0.8667343915005441 0.4583642849997399 0
1143 -0.8731242871759293 0.7133853719636205 0
1144 -0.7302088329337696 -0.08685433473954308 0
1145 -0.1225399551218773 0.870395669925965 0
1146 -0.4665842505378364 -0.6206618661339586 0
1147 -0.659437387590378 0.5222609133792877 0
1148 0.448541711552003 0.3349197779443987 0
1149 -0.7622823793491312 -0.03879235608744065 0
1150 0.5889328210277285 0.07448481720725657 0
1151 0.2102659928678866 -0.6540068682465489 0
1152 0.5128917171350176 0.7852553094881689 0
1153 -0.1504042861472292 -0.3295734878502676 0
1154 -0.4799242781663197 -0.1504713138339441 0
1155 0.8422808639786417 -0.06479516005813837 0
1156 -0.003751688453515294 -0.3072539009235612 0
1157 -0.05564675996830984 -0.3146225071984543 0
1158 0.7567890418808598 -0.8362935758957412 0
1159 -0.9496383525390445 0.07146020319315065 0
1160 -0.9495154436511366 0.2978673026822298 0
1161 -0.2364338704723522 -0.05644810136619147 0
1162 0.950795850249528 0.5775992511885962 0
1163 -0.5015780907400078 -0.8739082361079284 0
1164 -0.0857367666794483 -0.8433009368605303 0
1165 -0.1739227680282829 0.8422771842392103 0
1166 -0.6528660196792387 -0.7124894036531449 0
1167 -0.6548163899169683 -0.6343200338171592 0
1168 0.412070108860808 -0.1287927530024764 0
1169 -0.9479639592435793 -0.9479639592435364 0
1170 -0.4746099846190121 0.3881546844016047 0
1171 -0.9500251030117216 0.8805243219473049 0
1172 -0.8532625361954789 -0.552978122995716 0
1173 -0.1859534630795002 0.5025031827140479 0
1174 -0.1030622654139233 -0.1055435256800264 0
1175 0.1870116942301818 -0.9499662078574718 0
1176 -0.9459169276747013 -0.7918193517852727 0
1177 -0.5754004857199853 -0.8593684514813866 0
1178 0.5206920829598796 0.6889869274193086 0
1179 -0.41745699245733 0.5461337776644613 0
1180 0.2407321639174206 -0.4231168423330169 0
1181 -0.1527010969358996 -0.07358342941289071 0
1182 -0.6473818025998879 -0.4549006892979749 0
1183 -0.0242804840518028 0.881084049812359 0
1184 -0.7373993998821567 -0.6879956698922362 0
1185 -0.1492477018633722 0.9475613247482978 0
1186 -0.7084492653799435 -0.7840193578494794 0
1187 0.8409475309181973 0.5425628099736686 0
1188 0.6365499907272344 0.8676455304809361 0
1189 0.8829860025899765 0.2842629515196283 0
1190 0.2808939105593828 -0.9449542631136119 0
1191 0.2635430610065291 -0.2970105412613723 0
1192 0.3551579666671172 -0.6582083666545393 0
1193 -0.86144213135819 -0.797763779608469 0
1194 0.4337147264576589 0.1007183991254544 0
1195 0.6217831973788471 0.9500556774068161 0
1196 0.418790440897042 0.05099372592565411 0
1197 0.4976436287877456 -0.1696362466063602 0
1198 0.7234594483819639 0.3501154249630654 0
1199 0.2938823558480849 0.3635249468966933 0
1200 0.1748472901094847 -0.3010973937392675 0
1201 -0.952543764842559 -0.6024930968699718 0
1202 -0.399448856319935 -0.4540911552136126 0
1203 -0.3112111245885615 0.4560772455340518 0
1204 0.5844144516935105 -0.5960568496042109 0
1205 0.8301950875719605 -0.5040949741114779 0
1206 0.27458339247757 -0.5577276489040716 0
1207 0.2423329554262415 0.2116822234099042 0
1208 0.9519535470437772 0.2070652042227394 0
1209 0.1453068596117897 0.9501954704860195 0
1210 0.5041357007516861 0.161910883489941 0
1211 0.8846127447249861 0.9535125351903901 0
1212 0.5557823514071654 0.1841378219204345 0
1213 0.2587254122605015 0.2622543865946872 0
1214 0.06915993369187926 0.116929136547793 0
1215 0.2175574458909359 0.06564274147811412 0
1216 -0.8845719296260988 0.2250485832314633 0
1217 -0.01952857985947242 0.7843759294567794 0
1218 -0.877206500307155 -0.6265174317373384 0
1219 0.3593059931063169 -0.5581821285051652 0
1220 0.4122840064590636 -0.5790599719674183 0
1221 0.2161663675172397 -0.5923444580244507 0
1222 -0.9510035152995707 -0.3276718132945468 0
1223 -0.3920465941322931 0.6811710629014067 0
1224 -0.5726842040815021 0.8550106404893622 0
1225 0.5190539939133614 0.3071174474847276 0
1226 -0.4239171131480823 -0.5900211538506981 0
1227 0.8216633958195839 -0.1811885397047238 0
1228 -0.7674579610772826 -0.9516772741978274 0
1229 0.3257079893199332 -0.7368031656843141 0
1230 -0.64996549343679 0.1431249516184345 0
1231 -0.1550021672899722 -0.4351148374169906 0
1232 0.8700134054028552 -0.2293059104845687 0
1233 0.5338533155080069 -0.006909989654179125 0
1234 0.1780521980196876 -0.02513522082843578 0
1235 -0.6693310041823214 0.9524085206344921 0
1236 -0.7210865811289577 -0.2471373375062249 0
1237 0.149184946162406 0.8867135094985885 0
1238 0.4146826278277009 0.2534734571479517 0
1239 0.8852734263155995 -0.3027879222770672 0
1240 -0.539030355113833 -0.9498576736191429 0
1241 -0.9509720950965721 -0.2359155614561055 0
1242 0.2284679575115115 0.9474049576660566 0
1243 -0.1108332864246948 0.1315448165599947 0
1244 0.6834511160375963 -0.6204578264390775 0
1245 0.229766858217281 -0.7631280943252606 0
1246 -0.3748858361811227 -0.358858688078028 0
1247 -0.9493277180807888 -0.006075155391451838 0
1248 0.4247856808702707 -0.951949170136039 0
1249 0.06464200707739408 -0.1139014047163382 0
1250 0.7748650863961997 -0.9500145621092029 0
1251 0.9503864166659078 -0.2916039032263003 0
1252 0.8072484542781047 0.6813122094911286 0
1253 -0.3291429485895598 -0.887378791462255 0
1254 -0.07114491309411911 0.06516444321297545 0
1255 -0.7397036599774913 0.8739641988100256 0
1256 -0.8306088479936132 -0.1330443425573928 0
1257 0.9507888264033966 0.4384260962972195 0
1258 0.4540611889122957 -0.03481605533050633 0
1259 -0.4916249126480429 -0.06401523271605483 0
1260 0.2262760008947273 0.891422673865949 0
1261 -0.7207683493043862 0.004965240116872612 0
1262 -0.9500685189780208 -0.8799606630876363 0
1263 0.3659154741443678 0.9508533770000689 0
1264 0.4213963813435865 -0.3542325033883285 0
1265 0.4652641091077366 0.606456438849951 0
1266 0.5788247512815092 0.767214098712636 0
1267 -0.8107715101634978 -0.2916300177104734 0
1268 -0.1244858101310928 -0.6727003722288004 0
1269 -0.6170788782057868 -0.7933579602626097 0
1270 -0.5552353284134404 -0.6042009104412966 0
1271 -0.4224555704264715 -0.3543257288072304 0
1272 -0.3438138741124674 -0.2943264813919167 0
1273 0.5992987654507127 -0.8129304220207776 0
1274 0.7692730215141813 -0.03152313783807002 0
1275 -0.5290221022502825 0.9508410242950913 0
1276 -0.7961855450858522 0.9514850564571098 0
1277 -0.3276473119658195 0.2841011843250845 0
1278 -0.2956039661550259 0.6901366223969575 0
1279 -0.003869267688623348 -0.6289787962974539 0
1280 -0.2500730979461134 0.03996979752162029 0
1281 -0.3648268797383637 0.8679440557998916 0
1282 -0.2998397157455732 0.02854118518809115 0
1283 0.8567330890922755 -0.8300704628443105 0
1284 -0.3614159036820305 0.325511701144618 0
1285 0.1911916913992395 -0.5054802007263306 0
1286 0.2737244585099509 -0.8908930032264571 0
1287 0.6000232408007483 0.695131545262144 0
1288 0.01036115735791579 0.9494503317749616 0
1289 0.7968931182794414 0.9552343574560753 0
1290 -0.1603222510679605 0.06869540329098271 0
1291 -0.8222825277674995 -0.461189553583514 0
1292 0.6342035603808277 0.5539707873351073 0
1293 -0.8646758591038768 -0.8937735455380931 0
1294 0.6586065070269311 0.7183776711731842 0
1295 -0.5022827090724417 0.5748090417627132 0
1296 0.5422829230499926 -0.1916139695559918 0
1297 -0.4535478941061016 -0.4104133515655975 0
1298 -0.08426036119262197 -0.5873027217806611 0
1299 -0.5009497763909792 0.2639999624390334 0
1300 0.8734111020342606 0.8105312371658959 0
1301 0.7257512062810736 0.893098703821907 0
1302 0.8442393468809921 -0.4058767868486143 0
1303 0.5908074751217458 0.2394588893079304 0
1304 -0.4786684066948554 -0.2665683969589944 0
1305 0.3429188438968441 0.1915197565531314 0
1306 0.7919843292706605 -0.331047110325615 0
1307 0.4348170532180817 0.4852230415646164 0
1308 -0.6927067606241926 -0.3285634566727113 0
1309 -0.1912511274657265 0.3325382142657359 0
1310 0.5818999333390472 0.5636045282318242 0
1311 0.9525345658201467 -0.6233911968331362 0
1312 0.5028655782998367 -0.3401517419592488 0
1313 0.7821705752550403 -0.5857602976790164 0
1314 -0.3338356378141908 -0.05138060157364829 0
1315 0.8159695139266636 0.0318498174887701 0
1316 -0.5573964004289422 0.009227915257050285 0
1317 -0.7800090959219553 -0.5939100459771879 0
1318 -0.5575300082412672 -0.1286666083753153 0
1319 -0.103531884453685 -0.743819875900581 0
1320 -0.6111723923136665 -0.740973757973592 0
1321 0.4426322159337521 -0.8699513477469226 0
1322 -0.4150457205971143 0.2480351317303021 0
1323 -0.2750585725259012 0.5301041354537995 0
1324 -0.6812622719551715 0.4443674501716354 0
1325 0.8160354480932451 0.3957574444267935 0
1326 -0.06448652160405631 0.2954745126151826 0
1327 -0.6152654402338718 -0.8928795762728901 0
1328 -0.2664706550377873 0.8686712183280574 0
1329 -0.5020331303814346 0.8866127019054399 0
1330 -0.8190112095758089 0.8842644436162423 0
1331 -0.9535052837879637 0.2065446560302839 0
1332 0.3388563632165139 -0.1693325108135036 0
1333 -0.8214895407474404 -0.4080207109900962 0
1334 -0.162457474910793 -0.5220835548466531 0
1335 0.3997952095276279 0.7964702231774399 0
1336 0.3197687095622677 -0.7886950441829815 0
1337 -0.2473171297572867 -0.1545931950118973 0
1338 -0.6659983810772688 0.8294281190359534 0
1339 -0.2481532160137819 -0.2070219578313744 0
1340 -0.8116828484414893 -0.8143887241428166 0
1341 0.3786129930279357 -0.8199102334322697 0
1342 -0.4705364461701909 0.1887519055700032 0
1343 -0.8868051669247695 -0.2593625127007134 0
1344 0.5954032997505911 0.8479312810628727 0
1345 0.8745708527116611 0.3630334925872369 0
1346 0.3048456059524257 -0.4872920286904436 0
1347 -0.6647265303004074 -0.8709340044592969 0
1348 0.4247419206270914 0.1842428198899258 0
1349 -0.8717612265322041 0.6156064750739527 0
1350 0.7436705202509973 0.741375263900817 0
1351 -0.8868075709270991 0.5463655102433523 0
1352 0.6599644445982741 0.6174217608948429 0
1353 0.4242371723394902 -0.2110516225395329 0
1354 0.5058577153516965 0.2604079727150448 0
1355 -0.2674045658459905 -0.9543814157932177 0
1356 -0.7307330720684979 0.1933985680553681 0
1357 0.2180854646951071 0.2984933824587248 0
1358 -0.9556870114474467 0.9557840988276968 0
1359 0.8868310716864624 0.6907465735827629 0
1360 -0.8881481837419792 0.9528321026566515 0
1361 -0.7009482966925151 0.3036127547679646 0
1362 -0.09169035687504833 -0.3888147055640553 0
1363 -0.3600754289828254 0.9544158160832155 0
1364 -0.6478490346868556 -0.3052808656912753 0
1365 -0.8944051946436017 -0.01465589087554435 0
1366 0.3052336482211584 -0.6419825490575524 0
1367 -0.6111606514750669 0.3765771011745926 0
1368 -0.1973653411620354 -0.08757358625585077 0
1369 -0.6360300998117453 0.02310191667463056 0
1370 -0.7668574251648489 0.3405420060385866 0
1371 0.8031343167855822 0.869184093548157 0
1372 0.956406503032694 0.3445542132985436 0
1373 -0.2170505899518645 -0.001858602855133896 0
1374 -0.4292267692471742 0.3706344805297217 0
1375 0.6100561757126914 0.3212083416687811 0
1376 -0.3230225194649943 0.1695319696727295 0
1377 0.04586273066066891 -0.4118440201336424 0
1378 -0.1096431350248772 -0.2965424242721573 0
1379 0.1148090086093257 -0.8809165185606802 0
1380 -0.2822101303361577 0.6178732424164882 0
1381 -0.06127660743415194 -0.9540623146400772 0
1382 -0.5912217206955155 -0.3784312893554987 0
1383 0.2802360303296637 0.1832402447714568 0
1384 -0.05239728506834963 0.8215504670301517 0
1385 -0.5617431357329661 -0.3028522589437787 0
1386 -0.5850386202511491 -0.5194649898840993 0
1387 -0.2752236963083911 0.3575506644369641 0
1388 0.5909210418690607 0.4695235960593253 0
1389 -0.7020193463953583 -0.6317523268914551 0
1390 -0.7754132321369916 -0.1343987464784427 0
1391 0.9547245702573531 -0.2410179845439702 0
1392 0.6846102772632937 0.1085914965855751 0
1393 0.3932397130241661 0.8887407992536326 0
1394 0.03980139797208421 0.8377362508943154 0
1395 -0.4096903695221243 0.871061519381913 0
1396 -0.6786294570767502 0.6882223967435653 0
1397 0.6968355705850973 -0.4813088038213 0
1398 0.7851365226619592 0.3396437061601622 0
1399 0.2738140397210898 0.1305638999697164 0
1400 -0.225144235382479 -0.5867452209864457 0
1401 0.6913026379507641 0.8120743016002218 0
1402 0.6910927415185663 0.1951627787019935 0
1403 -0.01807905110211985 0.1553137447504445 0
1404 0.1250995055418448 0.2086443878456128 0
1405 -0.955450359266885 -0.3886469341204896 0
1406 -0.6935637087770561 -0.735454452701756 0
1407 -0.1997990992869556 -0.1338041934097523 0
1408 -0.06941472916288495 0.6114725576504043 0
1409 -0.9060236606011103 -0.3163200890163894 0
1410 0.7096642950683587 0.03537685772971451 0
1411 -0.327918815876265 -0.2045767716466751 0
1412 0.06043317639203664 -0.02115489459970366 0
1413 -0.4771368862163241 0.823503549248322 0
1414 -0.1341891458710101 0.2763811175255683 0
1415 0.3353795966094589 -0.954211818589384 0
1416 -0.7018779562496036 0.6067598496417905 0
1417 0.5597573659153252 -0.9541651066169995 0
1418 0.6276680382045829 -0.01531889754438537 0
1419 0.7230726327675751 -0.1583655147630573 0
1420 -0.8083293608203501 -0.6571408560821497 0
1421 -0.2779720449244936 0.9540149300526037 0
1422 -0.492758247632612 0.7338932794362399 0
1423 -0.9542734487399273 -0.470402881571082 0
1424 -0.8754322067696384 0.06087551957906518 0
1425 0.371528978564053 0.01084974040674483 0
1426 -0.6737551113910725 0.739621283923573 0
1427 0.8102253382583144 0.6329447774193619 0
1428 -0.4707366438687902 0.06543877723778108 0
1429 0.7089888596432564 -0.2915692748208945 0
1430 0.5325155708620459 0.08263043990873054 0
1431 0.7098688948576812 -0.3410138188233182 0
1432 -0.3888521314269552 -0.2740812621426298 0
1433 -0.1420081541150832 -0.1706250144195494 0
1434 -0.1789356400476036 -0.825157565570636 0
1435 0.5525512217592338 -0.3245331201751375 0
1436 0.3472942917454647 -0.8787454061906235 0
1437 0.1514401897941274 0.01312799668115375 0
1438 0.3001908697071778 -0.4013919496226542 0
1439 0.411644809129358 -0.483644855309675 0
1440 0.4868591811909103 0.8795105010761467 0
1441 0.05799848570069234 -0.6082482842662276 0
1442 0.2329985266072594 -0.006403481437798775 0
1443 0.1196609347157705 -0.07089068383752412 0
1444 0.6544495899980943 -0.677157557993436 0
1445 0.880696548325802 0.1257142420537199 0
1446 -0.7746429747643562 -0.3855013656051537 0
1447 0.8763474836516496 0.07827939415006702 0
1448 -0.9558764972445695 0.5949194410822586 0
1449 0.2647757884901931 -0.04021659132042659 0
1450 0.1955667929126413 0.1507200568607833 0
1451 0.6411260914646301 0.1635105699360564 0
1452 0.4704126684506525 0.4583349161259936 0
1453 0.3787275459824071 0.3383367016609686 0
1454 -0.733995422118797 -0.3000346750252861 0
1455 -0.377113909813976 -0.6210300224634892 0
1456 -0.1913516488013347 0.74950447848572 0
1457 -0.4287710422353114 -0.2984145761738464 0
1458 0.6383002844089275 -0.9531310477886893 0
1459 0.002139561562243356 -0.7574472894365255 0
1460 -0.3117893142422671 -0.407350507106222 0
1461 -0.1414664895062711 -0.03074578782378787 0
1462 -0.2500164596795268 -0.2940420704462079 0
1463 0.1201141054845558 -0.377501056218794 0
1464 0.8755705038998161 0.4525615291531465 0
1465 -0.6021924576249242 -0.4727475329877123 0
1466 -0.8896379281545612 0.3737548563294678 0
1467 -0.397898110661241 0.1523560463576805 0
1468 -0.723010013712431 0.7640639725820141 0
1469 -0.09681019394606921 -0.1496912718811272 0
1470 0.7429922404067877 -0.07752820666135439 0
1471 -0.3466947845841971 0.7466257285897774 0
1472 -0.5312193790042414 -0.7832124775619191 0
1473 -0.2420475909625243 -0.8929636097616778 0
1474 0.2469870980888814 -0.08707514826221377 0
1475 0.3364764003401525 0.8484759266019413 0
1476 0.8887005212825498 0.8555132034300824 0
1477 -0.5085890078431181 -0.3386145430851663 0
1478 0.2303188383079345 0.1150924980011859 0
1479 -0.8087849847360054 0.7908270771776649 0
1480 -0.3316102388130092 0.09679458273634611 0
1481 -0.3256121173495901 0.54658119659503 0
1482 -0.785598770041797 0.4295106502542598 0
1483 -0.3267422496960985 0.5940008101287854 0
1484 0.1267893425068517 -0.1641106019394727 0
1485 -0.125556830960406 0.5484506500510317 0
1486 0.9548804657376461 -0.7006196738090524 0
1487 -0.7724870690466707 0.6483774566739193 0
1488 0.2912430434169451 0.04635852812584829 0
1489 0.9552432521380125 -0.03750851756000769 0
1490 -0.2524815912303031 0.7073038977678658 0
1491 -0.06801079304450081 -0.02958085572525691 0
1492 0.5737844125005283 -0.7204359360185619 0
1493 -0.1564390556900442 0.6055893622868707 0
1494 0.7110243876850708 0.5457143147990466 0
1495 0.6056854814725006 0.6425932300213192 0
1496 -0.9499677194108959 0.7915309158036519 0
1497 -0.3517103579356214 -0.5354585832170328 0
1498 0.1426564842408633 -0.5830920643303008 0
1499 -0.6257977488029235 0.4251238848397814 0
1500 -0.01989035055539123 -0.1504445578449044 0
1501 -0.1879103920191529 -0.2494054921839092 0
1502 -0.9549543960030753 0.1614390651487516 0
1503 0.3047232954509255 0.3176200857777398 0
1504 0.6372453568316416 -0.3497751950573781 0
1505 -0.8072442815685145 -0.0486990873317607 0
1506 -0.3469708359579858 -0.7006112104814906 0
1507 0.7666912489545888 0.4779795254581782 0
1508 -0.1863239101041468 0.2244265382589633 0
1509 0.004796076868669724 -0.3947295625105879 0
1510 0.716464527328265 -0.7094924788320576 0
1511 -0.8948663840438371 0.1415767651712564 0
1512 0.1100398017037726 -0.7284357434690448 0
1513 0.745936345119123 -0.5555578795815583 0
1514 0.3557128496719716 -0.4165163203031125 0
1515 -0.7726878370543282 -0.7711082161658501 0
1516 -0.5226879042566983 0.4879125680217822 0
1517 -0.4485923556212964 0.1041271218373279 0
1518 -0.1571248118458157 0.4678819186414051 0
1519 -0.1634940312269787 0.4217074413991597 0
1520 0.9584826433707913 0.6569808491551801 0
1521 -0.8786362217139235 -0.05578996964532851 0
1522 -0.7722646576963689 0.05662790526428887 0
1523 0.9554547256291923 -0.5788217853989782 0
1524 0.6922257451684659 -0.07315068365710581 0
1525 0.5076577999521621 0.9576523897000644 0
1526 -0.2784532821052402 0.306176892953798 0
1527 0.9572301072507177 -0.4959490902822428 0
1528 0.7368355692163197 0.607454683159788 0
1529 0.7713736973675739 -0.413779007223832 0
1530 -0.1043183449113568 0.7467167380549286 0
1531 -0.5431906128778162 0.6592263976866156 0
1532 0.4062414357414871 -0.04306476166829683 0
1533 -0.1665402549007496 0.6941120335946525 0
1534 0.3331597518905364 -0.08886867123349104 0
1535 0.5040293132119842 0.03789064475947665 0
1536 0.05764364327249219 -0.6910656856885747 0
1537 0.4630074924113963 -0.4208904502419222 0
1538 -0.3841107995137463 -0.7780930590813873 0
1539 -0.4912792356850486 0.153344683301476 0
1540 0.6388638725249979 -0.8896649101590255 0
1541 -0.7250761134069246 0.04755822361527325 0
1542 -0.8145199793307072 0.6566104828266013 0
1543 0.4610741951336301 -0.7629901516991766 0
1544 -0.6939117083312573 -0.3763735209544866 0
1545 -0.1646592047963857 -0.8805443220258283 0
1546 -0.9049647147046203 -0.9563567308112775 0
1547 -0.7561091205986359 0.7279913618804655 0
1548 0.9557034794623243 -0.8210756021624221 0
1549 0.05726039505880472 -0.8820333992976761 0
1550 -0.3165589200220071 -0.562018925368849 0
1551 0.8871090800515331 -0.4458574035970836 0
1552 -0.3019235629230239 -0.8157044736241481 0
1553 -0.3854271003612011 -0.9575844398836605 0
1554 0.5373440098028403 -0.2458904148773648 0
1555 0.174560624269337 0.2233177700254562 0
1556 0.8699109266068477 -0.6041216046659549 0
1557 -0.7544727090418141 0.9582085749628035 0
1558 0.8935159884737577 -0.5551602900742609 0
1559 0.9589547631646022 0.1154373946118531 0
1560 0.6837170059565295 -0.1452215010952921 0
1561 -0.6387498617598131 -0.9560238041960427 0
1562 -0.8293719411673448 0.6984432152901536 0
1563 -0.3246698775927517 -0.471793615671304 0
1564 0.07825379249668332 -0.8009891960075259 0
1565 -0.07175922306098906 0.9507620533571755 0
1566 0.1572150622000622 0.3575251487387903 0
1567 0.04487549970806892 -0.8339203250417717 0
1568 0.7250898310081128 0.1310655651772867 0
1569 -0.01418590054333138 -0.2295934232916813 0
1570 -0.2137957294520901 0.6654198259160626 0
1571 -0.877875063017143 0.9047719827264558 0
1572 0.1097851615521261 -0.5462375925236066 0
1573 -0.8935597087376578 -0.5354015200843096 0
1574 0.8919403986907867 0.5119719880015821 0
1575 0.02001643650471845 -0.2681867003291015 0
1576 -0.09349924277907272 -0.6412672569254914 0
1577 0.2518148413626909 -0.73021104768224 0
1578 0.9559646701713472 0.7318973162500224 0
1579 -0.6870365990614169 -0.07745259937210851 0
1580 0.4246489558213891 0.8314176606251241 0
1581 -0.9586505016283796 -0.7464892292873817 0
1582 0.7783190084233023 -0.4995418168987686 0
1583 -0.3272166301298162 -0.1539378696473767 0
1584 0.1364225039775173 0.2882438519301037 0
1585 0.1755238192096958 0.2736469394381931 0
1586 0.007852939359186271 -0.1859932186723186 0
1587 -0.5661965241060859 0.298525239603342 0
1588 0.4137106950094553 -0.9081732142949237 0
1589 0.9580916644632681 -0.9597787711856809 0
1590 0.3016376467439117 0.2709701986817263 0
1591 -0.2991730838763127 -0.02329381654125679 0
1592 -0.3734804600494506 0.7845326603957881 0
1593 0.8603294281454794 0.3211264815305046 0
1594 0.5916816419196516 0.1505154974883221 0
1595 -0.7395859057477914 0.5431825894705835 0
1596 -0.6391241961438858 -0.3937459574560864 0
1597 -0.08074415864481282 0.4402291445644578 0
1598 -0.4092894959038073 0.452480932608486 0
1599 0.4740071772914193 -0.9583672924678611 0
1600 -0.8145658543466906 0.005543999687015377 0
1601 -0.5784165049659644 -0.8147156186070932 0
1602 0.09988498756554696 0.9570874533755035 0
1603 -0.8924924741544128 -0.7045907789061124 0
1604 0.03505666604799439 -0.4952853908084566 0
1605 -0.08824992198779806 -0.4719202638839678 0
1606 -0.6491415472202534 -0.1333082842808251 0
1607 0.5650117282395306 -0.487152767318163 0
1608 -0.1067649716221703 0.04062645086133185 0
1609 -0.9603238821887363 0.3990817856346248 0
1610 0.5562528461744138 0.439278646636735 0
1611 -0.9030023939535704 0.6589900180454223 0
1612 -0.06879592586032052 0.9021863400266962 0
1613 -0.546618213481747 0.4378047975679771 0
1614 -0.9027476895306572 -0.4578727381355514 0
1615 -0.4289594618187693 0.8308613141472613 0
1616 0.08891165961622285 -0.9579596070831849 0
1617 -0.5919694191983321 0.8958136997672369 0
1618 0.4721779452786912 -0.07328428127138319 0
1619 0.07830942342333043 0.3831857356944544 0
1620 -0.1879443340365554 -0.9566223362859863 0
1621 0.7547386579626957 -0.1226042623275355 0
1622 0.6096571505066803 -0.05920295001439829 0
1623 -0.4034360355889769 0.5927610555601405 0
1624 0.89244991934238 -0.7652434677040211 0
1625 -0.3482367915966212 0.8264523480126226 0
1626 0.2717010431497786 -0.5181717242234896 0
1627 -0.06141194015074162 -0.226459963926859 0
1628 -0.2265381959903097 0.4195566488089477 0
1629 0.9069739812521684 0.2030394805095331 0
1630 -0.8998460492694822 -0.404296614581237 0
1631 0.2869289479978808 -0.3352311901188616 0
1632 -0.7438575251101933 0.6835632211772461 0
1633 -0.2426778252000589 -0.4641112430301502 0
1634 -0.03620778615003833 0.7452780425904592 0
1635 -0.2125159367822892 0.8989600585302341 0
1636 0.8832924532398581 -0.1366109320903169 0
1637 0.9588765959462854 -0.8982937037017965 0
1638 0.4886154943331517 -0.6873767763707935 0
1639 -0.830924374247928 0.1225073235639872 0
1640 0.7855024309348959 -0.8942992499396342 0
1641 -0.419330799721204 -0.07227120184816864 0
1642 -0.2370575756279638 -0.6705441722741213 0
1643 0.7757552656816245 0.1689932221357686 0
1644 -0.8924152316664193 -0.8589761498227635 0
1645 -0.5927920559269683 0.2363748280630925 0
1646 -0.6465946981793832 0.24677301503056 0
1647 0.9528237694406242 -0.1635723578025469 0
1648 0.3742481714879491 0.2667412859381525 0
1649 0.8165839924377905 0.2411158373539686 0
1650 -0.388645105577557 0.4132234868625715 0
1651 0.2483558278292949 0.03548183086072264 0
1652 -0.4321186296753238 0.634738517884108 0
1653 0.2621564072693452 -0.7998563562028939 0
1654 -0.5661720716815516 0.6226639602175945 0
1655 0.269594832526978 0.9600168673532393 0
1656 0.9595704255508493 -0.4337452947369325 0
1657 0.8998593337418246 -0.8403942909533824 0
1658 -0.6652508049853944 0.9058337455194487 0
1659 -0.6212724233476885 0.8125614975744071 0
1660 0.4998846541694007 -0.8960766210971909 0
1661 0.1488237593519212 -0.4982051465990474 0
1662 0.1587091986535674 -0.7839397206335348 0
1663 -0.604515243243965 0.4902215123800473 0
1664 0.5051808446342457 0.535248209719281 0
1665 0.621884070621137 -0.7473150510341733 0
1666 -0.6735037793107843 -0.4932312216959452 0
1667 -0.06221245863414544 -0.3605166003246901 0
1668 -0.6819157565467548 -0.1663634476406518 0
1669 0.7239131445605645 0.2750551894856528 0
1670 0.731115730099161 -0.6399543290418958 0
1671 0.7783663965236084 -0.2256070735541974 0
1672 0.06157165427725893 -0.2078634804525384 0
1673 -0.5811674677219336 -0.1640394690228672 0
1674 -0.9069022481811386 0.8643752394841225 0
1675 -0.492579300089359 -0.7307929148911376 0
1676 -0.6235519104264068 0.5668989581929608 0
1677 -0.749997264693169 -0.4575120012938706 0
1678 -0.1573676121857733 -0.5888041011056926 0
1679 -0.8215506738686975 0.3732804765886004 0
1680 -0.001024059972881176 0.2295068190505606 0
1681 0.9598381759092841 0.4796987535070699 0
1682 0.6834280139623262 -0.959483997078258 0
1683 -0.6905566354942869 0.2609676043204976 0
1684 -0.4497261310296158 0.906677002169297 0
1685 0.906585184832943 0.03476858169289011 0
1686 -0.1043962418240428 -0.008873922994390791 0
1687 -0.9090964547871098 0.08718613386089565 0
1688 -0.5001837517587111 -0.687564874868124 0
1689 0.9117909500991976 0.4302471922832845 0
1690 0.8337571271555189 -0.8872367098485061 0
1691 -0.1100300141205771 0.4768537467868054 0
1692 -0.6635794602297851 0.07068213516199369 0
1693 -0.4114146935860721 -0.9057597023271875 0
1694 0.2078471793672441 0.1887251342314577 0
1695 -0.2062523086989825 -0.5229758323811299 0
1696 -0.6177526027399993 0.6444334455438844 0
1697 -0.957682858287177 -0.6745728457696125 0
1698 -0.2045582867914204 -0.7172007806989243 0
1699 0.3510867085543097 -0.2088853495465306 0
1700 -0.7961522046948075 -0.240311148726451 0
1701 -0.4885687403414901 -0.01955908750268369 0
1702 0.6496531837134824 0.30890067226411 0
1703 -0.4778679318629309 0.6964815991366778 0
1704 -0.8492997539954479 -0.3397791977287361 0
1705 -0.6436122996916931 -0.6739946020866676 0
1706 -0.06441141394442723 0.3671498908025428 0
1707 0.5385848555907513 -0.7858083147370014 0
1708 -0.6804479765978323 -0.9591245944683299 0
1709 -0.8149379050140052 0.1883587694149777 0
1710 0.1475239793857675 0.09977315546751364 0
1711 -0.8921019429214292 0.8120140502832087 0
1712 0.2049891092408992 -0.08754752062457129 0
1713 0.9601290933728598 0.2486558466528022 0
1714 -0.8200809708811634 -0.959099724403502 0
1715 0.5210583632979296 0.6162452614764968 0
1716 0.776500860025864 0.6048799470726545 0
1717 0.831043241213141 -0.9587297365499576 0
1718 0.4705889737877356 0.1857835029326904 0
1719 -0.571640832695563 -0.7151855622924801 0
1720 0.807187498185101 -0.4309257527844911 0
1721 0.3065187337386608 -0.8646198691233816 0
1722 0.7572155270737403 0.207175611613636 0
1723 -0.04858276401986028 0.5204613040543989 0
1724 -0.8885698406225034 0.2685961021031897 0
1725 0.1881506312937711 -0.5615910627499767 0
1726 -0.7655607792376677 -0.9050978910823673 0
1727 0.5834238903359273 -0.3535427532363999 0
1728 0.2388059701471411 -0.9612603358617358 0
1729 -0.007016666997730986 0.111600219668458 0
1730 0.3046220283132347 -0.02951915615504544 0
1731 0.08020188172159413 -0.6508074436996387 0
1732 0.5089159560951119 -0.3867196363347666 0
1733 0.5404126571934508 -0.4075263941999501 0
1734 -0.7872750748854399 0.575993996242343 0
1735 -0.5158927419405495 0.008134036898374301 0
1736 -0.6970210636060283 -0.8969740561367713 0
1737 0.1151571770540774 0.8693167618434275 0
1738 0.8482739496537973 -0.2658925282217747 0
1739 -0.186140649338714 -0.4022879139947234 0
1740 0.6930175044416427 -0.7814890984389722 0
1741 0.2817778362993088 -0.4432520091736828 0
1742 0.7316633205663345 0.6692500842239613 0
1743 -0.3043381950871466 0.8218045692122756 0
1744 0.4652495722731127 -0.820940743228653 0
1745 -0.3128527835441373 -0.6610816360670524 0
1746 -0.5092723983980284 -0.5476898492551786 0
1747 -0.5691725165468211 0.3739174482342715 0
1748 0.4907438450369134 -0.2597647273176376 0
1749 -0.1615898211511566 -0.6524993221446825 0
1750 0.2018880177108269 -0.8947618458908544 0
1751 0.8938895537319119 -0.3601814162449484 0
1752 -0.3817100922764093 -0.6615797686833712 0
1753 0.960956338267328 0.8334973272528248 0
1754 -0.2295071760281026 0.4958199261954656 0
1755 0.004930120846395064 0.2726569197536843 0
1756 -0.3742388641904495 0.2397450265700587 0
1757 -0.4548420362502528 0.4387753618590804 0
1758 0.7891668692401942 0.2852450053515417 0
1759 -0.8252127464337775 -0.8818812223720498 0
1760 -0.6577708547301384 -0.8080254630398193 0
1761 -0.683403407979047 0.3585861219773904 0
1762 -0.961944995824211 -0.05970149253470359 0
1763 -0.4517773402175808 -0.7898613406482371 0
1764 -0.6258023051155419 0.9600501691176377 0
1765 0.008079785281017739 -0.9082488161382974 0
1766 0.4138052218568128 0.1331872666186255 0
1767 0.07394015894476877 0.3341114324454002 0
1768 -0.5667882406831861 -0.03687234526439608 0
1769 0.5738919555773889 0.01270513193791939 0
1770 -0.3724894968674376 -0.8199882192710908 0
1771 0.7439984113316214 -0.7880386474321082 0
1772 -0.2359030801357245 0.9608946884476213 0
1773 0.6082060559291516 -0.4278660430009907 0
1774 0.6459323759430513 -0.4049600476521323 0
1775 0.4732714644546341 0.7676905513056476 0
1776 -0.3349542200828498 0.364743990985915 0
1777 -0.5914617633291468 -0.5756232743101531 0
1778 -0.5459642276901439 -0.2101828773383413 0
1779 -0.4320380742998627 -0.8429886353585934 0
1780 -0.4962653151428191 -0.1953016588641494 0
1781 -0.8650168372611762 0.01890475479601302 0
1782 -0.9611339174075699 -0.5104716592571954 0
1783 0.7248149810051319 0.8379800952617853 0
1784 0.9620983050995482 -0.7794637771232387 0
1785 -0.7305361666306603 -0.842597169813897 0
1786 -0.5424132247623721 -0.5178222130150066 0
1787 -0.3661752020674703 0.1785338055322083 0
1788 -0.8114205098003604 -0.510121800980603 0
1789 -0.455658428630567 -0.6699400166375251 0
1790 -0.3503391076209647 0.6629132582761161 0
1791 -0.5351373938889098 0.7344651602936525 0
1792 0.02166940105861302 -0.3298456640791652 0
1793 0.05899618779699246 0.1595633005479201 0
1794 0.225433820847696 -0.220593253043781 0
1795 0.8383169219142879 0.06558496510839838 0
1796 -0.2021382481631446 -0.9079795854136474 0
1797 0.6749886896421448 -0.8205733287845094 0
1798 -0.4396960232042367 0.007636112832230285 0
1799 0.464083544439979 -0.2055921393005556 0
1800 -0.2885702868024881 0.779982651379587 0
1801 -0.6557605876938301 0.1828709439887628 0
1802 0.4369671714570786 -0.5456522890131338 0
1803 0.01068626347785047 0.3361772211150672 0
1804 0.8144034554622668 -0.8152448932689574 0
1805 0.1800190799907735 0.9559329256219451 0
1806 0.006476858776129102 -0.6738075527684079 0
1807 -0.2266906644377977 0.8176787137896963 0
1808 -0.6043048487854683 -0.2413982270254845 0
1809 0.7116665496567005 -0.9001776954996377 0
1810 0.6049278593283715 -0.5372549108702729 0
1811 -0.3252781351429125 0.2460898382169342 0
1812 -0.9548926446037527 0.6687383135130307 0
1813 -0.9613453644403804 0.02924887023027855 0
1814 0.160045718594882 -0.1932724425734996 0
1815 0.2633914124182422 0.8731888559329102 0
1816 0.9607519413228895 -0.3517961036004572 0
1817 -0.05753597726296136 0.6757778541073721 0
1818 0.696588611646302 0.9632351530818344 0
1819 -0.3715067313484463 -0.1350831761100688 0
1820 -0.8977554580344066 -0.801985974377225 0
1821 0.2193729972113501 -0.1665829601003507 0
1822 0.287585281690885 -0.7163223446517203 0
1823 -0.05744799044006672 0.1717285063974945 0
1824 -0.4425230807771304 -0.4503675255155195 0
1825 -0.0236344969770601 -0.02201515391347751 0
1826 -0.9563881789349826 -0.1973374928116858 0
1827 0.1897344623224115 -0.7576971587586749 0
1828 0.2505424936032207 0.3639416578922666 0
1829 -0.561118202026049 0.5175093472767351 0
1830 0.7372600316970152 -0.4722844867176092 0
1831 -0.7403773118196122 0.386121227788232 0
1832 0.3387019222495338 0.3997039281038476 0
1833 -0.2986399223458016 0.8970991649567256 0
1834 -0.351164959139227 -0.3392496436076891 0
1835 -0.961095012222424 0.9125970225034101 0
1836 -0.0003811004429803692 -0.9597514877108797 0
1837 -0.07140671829434957 -0.08291664691854442 0
1838 0.9079468792741086 -0.9610883514036349 0
1839 -0.4584083991677569 -0.3730602439431218 0
1840 0.6458328414708904 -0.4877608469950202 0
1841 -0.1427013014798418 0.108334949561153 0
1842 0.2285952544091187 -0.8242464924454573 0
1843 0.7029769386280977 -0.5380979344576946 0
1844 0.5593938738454417 0.2160835481987655 0
1845 -0.7731224273721418 0.47556598291365 0
1846 0.7080727848448876 -0.2307494187730178 0
1847 0.6262657374296245 0.07832946476337639 0
1848 -0.1288200749233154 -0.8992524495265839 0
1849 -0.6915371237218358 -0.2444198127089526 0
1850 0.4966029690372036 -0.6100492304169969 0
1851 -0.1182204054573275 0.3536560008898864 0
1852 -0.1476744789374014 -0.9638276145605699 0
1853 0.4459483228412948 0.530095355388941 0
1854 0.8130945325009858 0.4856648282327266 0
1855 -0.5591677299278697 0.6997775557427568 0
1856 0.5237409242445858 -0.6489976178983639 0
1857 0.409759913596079 -0.2826358744852051 0
1858 -0.960193147578231 0.4510310829845373 0
1859 -0.5280697272331536 -0.4595805063668179 0
1860 0.9072098040517156 0.7873252801054444 0
1861 -0.5400380266116889 -0.07051141550074658 0
1862 0.3951575436154926 0.4489552305700901 0
1863 -0.4829726725580613 0.299737119772674 0
1864 0.795751414342544 0.5548351784872863 0
1865 -0.2407042245121352 -0.7657021152727694 0
1866 0.9102903954118734 -0.8883106142581534 0
1867 0.4780107592877677 -0.3139846009337107 0
1868 0.06280036909274232 0.2742262264606539 0
1869 0.697558527489096 0.7502123744571985 0
1870 -0.2988254785039505 -0.3327421950694449 0
1871 0.3732128566450417 0.04990236764673796 0
1872 0.8320077493170104 0.1971375498522811 0
1873 -0.09558108463468526 0.3049350918109938 0
1874 -0.01900424223227665 -0.1031612717220558 0
1875 0.8784125580660902 0.6477775640316393 0
1876 -0.2413507538846785 -0.5455983958496904 0
1877 0.9051022377058111 0.5927691296345998 0
1878 0.7994007303374303 0.1244009621601334 0
1879 0.1921081906560955 -0.3585669925401534 0
1880 -0.8987594519459449 -0.1605375857779107 0
1881 -0.6033322107253491 -0.06265497410145317 0
1882 0.4364713616128503 0.9090669298177008 0
1883 -0.3463392385089282 0.9053941904134923 0
1884 0.414861054798667 0.763785333676208 0
1885 0.3994997756909207 -0.6724392194081337 0
1886 -0.7672019899973339 0.8105517750612928 0
1887 0.3607928731334347 0.1146769750992865 0
1888 0.774128867503809 -0.7346716967395663 0
1889 0.05916791107824495 0.2197131352894595 0
1890 0.3204462308713285 -0.1267644451372143 0
1891 0.7944576175045064 -0.6631394976025788 0
1892 0.1896088228713098 0.8783953851806507 0
1893 0.5122237537244231 0.3908847943567014 0
1894 0.04466339264672756 0.4084953970709289 0
1895 -0.4588781069613439 -0.9610121668842422 0
1896 -0.9625087166889534 0.3412186998035817 0
1897 0.9577093391769296 -0.1159980290283501 0
1898 0.8938788475533568 -0.6824151082426806 0
1899 0.5136818127625569 -0.0891542167783953 0
1900 0.07420561925953911 0.9056074244630523 0
1901 -0.8229789958743184 0.4285276268980568 0
1902 -0.5983603480562019 0.7050386784342938 0
1903 0.5395397603306639 0.7617350155787413 0
1904 -0.5448941943431278 -0.6770829108938112 0
1905 -0.597416683968093 0.4490420894953934 0
1906 0.8123080645658298 -0.5904675275730695 0
1907 0.5769076528173435 0.3013251253489295 0
1908 -0.5303677450636727 0.1177444442213297 0
1909 -0.3507774939843815 -0.3964071958934597 0
1910 0.6125963139104192 -0.6687929472031316 0
1911 -0.3170647714777746 -0.2597044118432466 0
1912 0.4915453395011609 -0.4679967309779399 0
1913 0.5371725439333481 -0.456094822525947 0
1914 0.1557316148696495 0.1442410251118613 0
1915 0.9166073178954189 -0.4973358164615143 0
1916 -0.8579887380331972 -0.5922741919643154 0
1917 -0.1261793330893584 -0.2265833913828507 0
1918 -0.04818653990301276 0.3318479867002321 0
1919 -0.2070977959874893 -0.2161483144474057 0
1920 -0.04142861983475922 -0.5305523825051818 0
1921 -0.6124450935573849 -0.6467624698673313 0
1922 -0.005284009219135723 -0.5521516877459065 0
1923 0.3381964094815408 -0.629163551789533 0
1924 0.5428295911137834 -0.03919811139692565 0
1925 0.9611780482416022 0.9078092502468386 0
1926 0.1152860651916462 0.1639136513265868 0
1927 0.5119206796887045 -0.8260793685774662 0
1928 0.5050327555060808 0.4787429551720201 0
1929 -0.9057520226746257 -0.0860098757696848 0
1930 -0.8381366759699646 0.07715332402191533 0
1931 0.9618274857756139 0.6152433273374507 0
1932 0.6728844546381644 0.6738798043449259 0
1933 -0.202174776666369 0.5893936209094561 0
1934 -0.2351985651733085 0.6270605188204553 0
1935 0.6154400840352392 0.7779095831890657 0
1936 0.36139979650313 -0.2736099213581384 0
1937 -0.3544119004656967 0.4764327357811024 0
1938 0.6502668244459566 0.0308193823527339 0
1939 0.9110785715282845 -0.1688557208912993 0
1940 -0.9642814234560402 -0.8358208955219342 0
1941 0.6604989045836078 0.3799288091960167 0
1942 0.7093952226721417 0.3118170717540298 0
1943 0.5737445237972162 -0.1298563153079469 0
1944 0.4566454097081051 0.654004510424695 0
1945 -0.3640053158365101 0.02386145676975639 0
1946 -0.2678236926632186 0.2308793761620156 0
1947 -0.06356903842323985 0.5766350520254041 0
1948 -0.09013321741533742 0.8077200906707137 0
1949 -0.5827833460776524 -0.9022712238554349 0
1950 0.6786772719822383 -0.03105291606629164 0
1951 -0.5702744450045536 -0.4391373341772293 0
1952 0.9038733600305084 -0.1145025125590116 0
1953 0.1334985549590455 -0.2471527042930424 0
1954 -0.5534118328293831 0.3350596668148857 0
1955 -0.04614209564125669 -0.7121726174870362 0
1956 0.6478891736123326 -0.6020400927771627 0
1957 -0.3324308936380148 -0.6148362093452753 0
1958 0.217830634704355 -0.4752825190556028 0
1959 0.08231590100526667 -0.2817079917881944 0
1960 -0.007916901925841824 -0.4780079124091305 0
1961 0.7285755536911881 -0.00775805896207634 0
1962 -0.2808470614190571 -0.4910590392812051 0
1963 0.8407659461492256 0.4428757925764866 0
1964 -0.9617843085532556 0.715925592798081 0
1965 -0.05444503992463744 -0.7869690707028236 0
1966 -0.9670550060757921 0.8357014850006613 0
1967 -0.1177135282417522 -0.5216263064766875 0
1968 0.9082298767720496 -0.6327047537307693 0
1969 0.6667957603168289 0.5573718105520385 0
1970 -0.8818100467348513 0.4201296608452368 0
1971 -0.04635978350363829 0.09839675172045471 0
1972 -0.4117638432637157 -0.03140851097700181 0
1973 -0.9043886055180287 0.4623525979047846 0
1974 0.6574851317731343 0.1186332872685746 0
1975 -0.8318352823576989 -0.1957867586670727 0
1976 -0.1723806740792811 0.01532781071460702 0
1977 -0.772522321302656 0.8630973780194161 0
1978 -0.5075805205896167 0.8048632975763357 0
1979 -0.4149995677638765 0.7135152783272054 0
1980 -0.3999114792444783 0.9619441362640253 0
1981 0.4354781260406028 0.959836144264536 0
1982 -0.8727281686829665 -0.2127865984541279 0
1983 0.7559797441992245 -0.3556718647369755 0
1984 -0.956840933515284 -0.1374981006079797 0
1985 -0.1197342676789458 0.9563324941222129 0
1986 -0.120473091679693 0.6291596695471833 0
1987 0.9188868764815834 -0.4249188196162622 0
1988 0.9557849389999244 0.01207120915746595 0
1989 -0.2442980304089562 0.1838612187598045 0
1990 -0.3090250046678983 -0.8614779911383025 0
1991 0.115854343781911 0.04518050014810181 0
1992 0.3413445256675064 -0.328009925849115 0
1993 0.692407790743546 0.49473475485526 0
1994 0.5249880882586663 -0.5295756800635142 0
1995 -0.8329367218969141 0.8387055587365229 0
1996 -0.7640894545267392 -0.5627595751255235 0
1997 -0.1651948501911684 0.1479054584571464 0
1998 0.8106014631260796 -0.4718926696188275 0
1999 -0.3781803024234242 0.09864088706486647 0
2000 -0.2064478422880008 0.2991707814559031 0
2001 -0.7361215224587088 -0.504203725586336 0
2002 -0.2137916030691963 0.1402283577381075 0
2003 -0.45988750682625 0.9582232182017951 0
2004 0.6728497845266764 0.8856675709306969 0
2005 -0.6271851575327926 0.05109223979515942 0
2006 -0.2019261641488009 0.08705703597167209 0
2007 0.3013759446091379 -0.8149933904062664 0
2008 0.06072756938608634 -0.5631036455695131 0
2009 -0.3709272927311538 -0.2217967359786329 0
2010 -0.5600971952135372 0.05889976275138176 0
2011 0.8101929592038259 0.3202184226304088 0
2012 -0.4674609546188974 -0.587564172581582 0
2013 0.5325064252563894 0.6532900410758986 0
2014 0.4283297380378661 -0.4432089571171012 0
2015 -0.1619264015960356 -0.7496076631685905 0
2016 -0.09413605832947616 0.1649158912322828 0
2017 -0.03793449614502709 0.04123715757933476 0
2018 0.5408645741825204 -0.5788629561903303 0
2019 0.1838588752965772 0.06737029362024187 0
2020 0.1271871343855038 -0.3188227360697425 0
2021 -0.5724600269305401 -0.9619465067229342 0
2022 0.5819736578768762 0.111185881305933 0
2023 -0.7969672163535766 -0.7400977117982556 0
2024 -0.800517818838842 0.7329756185980629 0
2025 -0.6393667793806801 -0.6054457383487919 0
2026 0.528229273418497 0.8384393537117539 0
2027 -0.6193610161458577 0.3108106621904811 0
2028 0.5823293869011148 0.3733233842448039 0
2029 -0.366837568551859 0.6112016973684937 0
2030 -0.7669974674160835 0.1133750760136158 0
2031 -0.2617155517543059 0.1159486537476912 0
2032 -0.5651263189595906 0.1432325441069057 0
2033 0.5507879615659161 0.9146424908339092 0
2034 0.03922889831756969 -0.06533479269077225 0
2035 0.2382694667108456 -0.3652437661378275 0
2036 0.3181502699213068 0.01165900951754391 0
2037 0.8163688084888245 0.9117770862845058 0
2038 -0.834900509492307 0.6222684976448605 0
2039 0.7553267028400554 0.9630556602057789 0
2040 0.9647775514813597 -0.6554698526382026 0
2041 0.6694451184216099 0.8335865200303597 0
2042 -0.5356370952089395 -0.3803789668939067 0
2043 -0.2524598836078318 -0.4299405189913875 0
2044 -0.8018312800629233 0.5040565780211699 0
2045 -0.963465398779251 -0.6336574847798198 0
2046 0.4495535641739384 -0.6274599596331663 0
2047 0.8410982068687536 -0.1564257745850359 0
2048 -0.5307282055866606 0.4060976145783542 0
2049 0.4515197022892641 -0.7291380222181979 0
2050 0.8993770734458715 -0.2096871088465651 0
2051 -0.9688223797929951 -0.2720645444111816 0
2052 -0.09400401773484865 0.6899758158780307 0
2053 0.59302940612201 0.8066644569618009 0
2054 -0.05311301838996499 -0.9015792670356765 0
2055 0.755025516140731 0.528758251943246 0
2056 0.8508541685968422 -0.7415387288094828 0
2057 -0.1334300922235635 0.9030350950205365 0
2058 -0.914090497508417 0.731809005512382 0
2059 0.6567086358359416 -0.7133711214991589 0
2060 0.7291451257034689 0.474313149967678 0
2061 0.6378708963451531 0.5083329107835985 0
2062 -0.3229698989874377 0.04933581359197231 0
2063 0.008251793123566645 -0.8137577668464568 0
2064 -0.09648269507148888 0.5168312231022867 0
2065 -0.075747269902007 -0.2894610461595044 0
2066 -0.08978633171947778 0.1101455183640361 0
2067 -0.9043221156662564 -0.6665450231305916 0
2068 -0.06029240953926861 0.2336407378415945 0
2069 -0.4743647737666491 -0.483457662407548 0
2070 0.924658877822102 -0.03683314650353899 0
2071 0.3734127867655532 0.3767711782637512 0
2072 -0.7223923977993048 -0.1300149790728263 0
2073 0.7854866305693873 0.4193618232636014 0
2074 -0.8364307348069491 -0.6968760055150502 0
2075 -0.9644047993199039 0.2648271822942439 0
2076 -0.5449562358199267 -0.7508790822637553 0
2077 -0.2623506719298422 -0.8112570168990685 0
2078 -0.07794581611963225 -0.4430360513117432 0
2079 -0.5003195400425664 -0.8079856010152853 0
2080 0.6600069450399217 -0.1892619073836674 0
2081 -0.7264140469736172 -0.1975292071808579 0
2082 -0.057473377849856 -0.1706008441537115 0
2083 -0.3708535549995201 -0.01910840425670027 0
2084 0.4175629032435466 0.410193407259752 0
2085 -0.6820752478196254 -0.4531393147869949 0
2086 0.4326643892871387 0.2821443244340474 0
2087 -0.2772241185556324 -0.5328635007270285 0
2088 -0.5929546333000394 0.07601047894192438 0
2089 -0.4988544198755561 0.5216822335972158 0
2090 -0.5097504874578396 -0.419566780802987 0
2091 0.5341143738005414 0.3568349456638739 0
2092 -0.2810571332718025 0.160325737252112 0
2093 0.2098240823079522 -0.29088250563313 0
2094 0.01025390767766778 0.8014908138288038 0
2095 0.1092708322477408 -0.8191692218811677 0
2096 0.1498375228722224 -0.1100243049991182 0
2097 0.4537503665907194 0.03132874151287056 0
2098 -0.0186289920186249 -0.5937244815448099 0
2099 0.9206866186927565 -0.7155238322269482 0
2100 -0.160599531146301 0.7951898682862762 0
2101 -0.9604087987459344 -0.913070906113024 0
2102 -0.8516447817803673 0.7712366728420028 0
2103 -0.5029708361607635 0.3398382810594868 0
2104 0.4210159127875073 -0.8445264326937092 0
2105 0.6491769118098673 0.9651148582076637 0
2106 0.07725315613169857 -0.3781337102822682 0
2107 -0.4047048856939273 -0.1729091608549665 0
2108 0.4440801988341646 -0.1145206159515222 0
2109 0.2675910351289792 -0.2272297975184701 0
2110 0.8718328479872592 -0.8051704402033084 0
2111 -0.4808529064940701 0.6058605415183371 0
2112 0.2379351607871102 -0.8806537891247326 0
2113 0.6377276490945547 0.9104008956802819 0
2114 0.1322829149308586 -0.6969010406760476 0
2115 0.6272761707482154 -0.123699912602052 0
2116 -0.3840310903227629 0.04940659087400033 0
2117 -0.11526425818584 0.7816852663309605 0
2118 -0.1783322600556557 -0.1627313233845527 0
2119 -0.6051537177109193 0.1133575407646773 0
2120 0.1812559997634898 -0.8340932066135429 0
2121 -0.2245670963292422 -0.333906733677107 0
2122 -0.4090282601929423 -0.5110168057783848 0
2123 -0.713242086348211 0.1317064219492013 0
2124 -0.8363864394426355 0.9706392739149664 0
2125 -0.5869110019169637 0.7750945365340942 0
2126 0.01475351546630566 0.8606443347532381 0
2127 0.4029158438579221 -0.7834183028396564 0
2128 -0.499253049169173 0.6574407207231854 0
2129 0.1259268133758327 0.3343918296407747 0
2130 -0.2574747218150272 0.5573562529880313 0
2131 0.5663772678575745 -0.8567704517727039 0
2132 0.5648013215916667 -0.9231318495395104 0
2133 0.7392389528142098 -0.6689382469049101 0
2134 0.3555579870587997 -0.4564375371200393 0
2135 -0.6312313434747934 0.6717138336276391 0
2136 0.2519780163588727 -0.5866455616453154 0
2137 0.6824793065541386 -0.4154163162333034 0
2138 0.5772717921252422 -0.3962985452906245 0
2139 -0.5347259346180914 -0.8688313841881263 0
2140 -0.820642410913477 -0.5753181370675378 0
2141 0.00180424866761256 0.04151895177045471 0
2142 -0.2112222917940167 -0.6451730061606031 0
2143 0.5969103731487959 -0.9753083256866116 0
2144 0.4555666310927667 -0.3423557779417453 0
2145 -0.9197831965038272 0.9649039746319352 0
2146 -0.2068676880605176 0.2464952435051369 0
2147 -0.9189990387415279 -0.6118301176495793 0
2148 -0.4576666148248152 -0.9153275510196086 0
2149 -0.7697293463916546 0.1648698242698118 0
2150 -0.2817564291720411 0.4386424053791032 0
2151 0.6509912450357345 0.1894909485554042 0
2152 0.2065591989924921 -0.431435440959236 0
2153 -0.8380337292199045 -0.267912193004393 0
2154 -0.07086971302588405 -0.6673405428194294 0
2155 -0.2764303921314026 -0.7252775240585866 0
2156 0.4403846357017196 -0.516479237116247 0
2157 -0.1581014937846749 0.7288976209608885 0
2158 -0.7705355204301705 -0.6836441282156658 0
2159 -0.763666045166697 -0.7127457638931435 0
2160 -0.6651568836486277 0.555196400433899 0
2161 0.8732056761599971 -0.4796145146935629 0
2162 -0.1763261083483119 -0.3605233087372721 0
2163 -0.1201750771586361 -0.8164540936055696 0
2164 0.2757916614244043 -0.1092674868706331 0
2165 0.08355525464815401 -0.7689435370730568 0
2166 -0.02938053666722124 0.9752208140462335 0
2167 0.09286402300234148 -0.03246705702763655 0
2168 -0.2680426561911341 -0.6004513007110656 0
2169 -0.8681860844014671 -0.4757156921584287 0
2170 0.3465291294450318 0.3289971728522199 0
2171 0.8531148501965341 0.9626009211996484 0
2172 0.7647044807490367 0.7589591102080318 0
2173 0.06577624564074985 -0.3334294060875985 0
2174 -0.6588592275438568 -0.2791843732887814 0
2175 0.7575624762586525 0.09552679788099679 0
2176 0.1153305725712488 0.09898184288243653 0
2177 0.8148284634117219 -0.1071429725225671 0
2178 0.7588871097884976 0.06001104038031291 0
2179 0.09321648449211478 -0.4497860116825179 0
2180 0.5227563952781542 -0.8646012726763728 0
2181 -0.966851050966024 0.5076162470863964 0
2182 0.7415135846368718 -0.2087118244051354 0
2183 0.5275669484545416 0.4441446169500419 0
2184 -0.3848625703110693 0.4812237916284918 0
2185 -0.231950160347976 -0.8440780288602084 0
2186 -0.6956944222167123 0.6587041071065639 0
2187 -0.7548227222369258 0.4155588558280551 0
2188 -0.2900121295661529 0.652271338762465 0
2189 -0.3263554269019877 0.9665677572625113 0
2190 0.96282518368784 0.08134607251971034 0
2191 -0.9083549574648906 0.6235409972916078 0
2192 -0.02584818352216528 0.4878041576156678 0
2193 -0.08835598648064047 -0.5571275823923219 0
2194 0.4662725486364877 0.823138593232323 0
2195 0.2981476156424144 0.9096107086521505 0
2196 0.4807069852877444 0.3220147651948899 0
2197 -0.1689422670408783 0.5282459190414145 0
2198 0.5679927602475661 0.5020028153088875 0
2199 -0.1054835182997997 0.8384340746846602 0
2200 0.614137842208351 -0.4630046808148207 0
2201 -0.2703152682755353 -0.09744776885217354 0
2202 -0.7141676382539712 0.9064956589086337 0
2203 -0.6968718918996527 0.8177034224539566 0
2204 -0.5046878099335511 -0.9663721989675736 0
2205 -0.9613997841034352 0.1018518342310167 0
2206 -0.3044844830783613 -0.6878878541252021 0
2207 0.3667851192346911 0.8112704714889507 0
2208 0.4764987508269849 0.2484940472193323 0
2209 0.1984087378293315 -0.6876311510404901 0
2210 0.1665718913300036 -0.3900933460419785 0
2211 -0.549076562437935 0.8134729726000891 0
2212 -0.3690091457840071 -0.08637811198264189 0
2213 0.5812609547804886 -0.6834948185126775 0
2214 -0.3861988415376639 -0.5905781705131036 0
2215 0.06397752785960212 0.0388123461535704 0
2216 -0.9255380750083013 0.3309294203592005 0
2217 0.9048417303360844 0.7143279470611623 0
2218 0.807745766124951 -0.7012580095320593 0
2219 0.3888835019982543 0.9646037950082774 0
2220 -0.654273333033347 0.8738754473186657 0
2221 -0.1064870717957223 -0.8651153780446986 0
2222 -0.01075474750435943 -0.8489495370837323 0
2223 -0.3070197353885671 -0.09551620836879712 0
2224 -0.8848716909871795 -0.3501148761820347 0
2225 -0.6351983931889819 -0.0418490029859034 0
2226 0.4646815379346022 0.4139547653625119 0
2227 -0.7097996809174809 -0.5698368072092196 0
2228 0.6388886287481327 -0.29991620524587 0
2229 0.3256566843356122 -0.05597424008507215 0
2230 0.8657265685783077 0.9098347201003024 0
2231 0.1673605928674601 -0.9219899367513494 0
2232 -0.2346523084544469 -0.3921920836007156 0
2233 0.8983249456323386 0.3901428045208623 0
2234 -0.3726954496664958 0.7161455463643629 0
2235 0.9181323940750346 0.6622272226512103 0
2236 -0.5175805987681035 0.9169740404301718 0
2237 0.6520554401165317 0.2605937745563344 0
2238 0.3902950034227024 -0.9636533759611892 0
2239 0.0483298102825596 -0.167990925223286 0
2240 0.1846363695245175 0.3643012919907864 0
2241 -0.6193215112706291 -0.2114488606187711 0
2242 0.5237886598525401 0.5013641263750505 0
2243 0.505008974821057 -0.7569006121112232 0
2244 -0.9175393740666761 0.3953358340458465 0
2245 -0.716056143939056 0.5256719795889624 0
2246 0.4608605547752762 -0.6771852960009462 0
2247 -0.1085863221978774 0.2270204778397217 0
2248 -0.6092282443783776 0.7384682171080665 0
2249 -0.8311048634871495 0.5433700031941139 0
2250 0.6164038302480384 -0.1820555987836933 0
2251 -0.7003510128150485 0.9648232961552373 0
2252 -0.7277981356807302 -0.6548467069337166 0
2253 -0.8143565505944147 0.9110440882926015 0
2254 -0.02918428699323986 -0.4383687111381355 0
2255 0.003882352686272951 0.3776468430794926 0
2256 0.6310832947028997 -0.0868463083248288 0
2257 0.01504260329365894 7.420553174764959e-05 0
2258 -0.4609939530847496 -0.5163775085313611 0
2259 -0.1657207305077248 -0.3002674584662616 0
2260 0.0006546727178056096 0.9192719695993313 0
2261 0.6255590121469444 0.2414256138531358 0
2262 -0.03278690746061619 0.8477276482894393 0
2263 0.3736871015086086 0.3017662446607169 0
2264 -0.4127425399410316 0.2956117907306804 0
2265 -0.1369513477841471 0.4077598385505072 0
2266 0.9651453941558956 0.4068374486473133 0
2267 -0.4867976758249535 -0.3012761103908998 0
2268 -0.2957107409351953 0.3855443110115704 0
2269 0.6800014334684275 -0.4524801108702892 0
2270 -0.5212695229009332 0.08411821949578968 0
2271 0.860858748927704 -0.9040723616113873 0
2272 0.6381912920813941 -0.536462621091916 0
2273 0.5751819084158536 -0.06432326261806511 0
2274 0.3062458679768398 0.204043047309157 0
2275 -0.7527503429740332 0.6236173662493246 0
2276 -0.3203083758268732 0.7304900364280968 0
2277 0.9705331782773907 -0.2103452678816154 0
2278 0.8125066960568071 -0.05223158289300799 0
2279 -0.6131795974920585 -0.09081203932972697 0
2280 0.8432493271758148 0.006322508454083788 0
2281 0.5939533799434056 -0.2602318747897635 0
2282 0.3530678377335954 -0.5248982541856179 0
2283 -0.839136249902422 -0.6457875328164264 0
2284 0.7242225149342711 -0.8431844278467483 0
2285 0.5008775367193593 0.08030604439014553 0
2286 0.7865028176495711 -0.00542647641828355 0
2287 -0.5099438564087573 -0.9076049709217373 0
2288 0.4041731811828551 -0.7200515454085515 0
2289 0.5956009665996688 0.9686193530126286 0
2290 0.2869152170060759 -0.1800664871564837 0
2291 0.3869154852381032 -0.153758628964953 0
2292 -0.9707587804678632 0.5673956626701292 0
2293 0.8441290879938356 -0.2075517417220964 0
2294 0.7559547525711801 0.8759266068132341 0
2295 0.1946921251530728 -0.1173198146396283 0
2296 -0.9673904641351136 -0.4198583822066145 0
2297 0.4135907856181616 0.3416792940122977 0
2298 -0.7665552524637078 0.2432901223278844 0
2299 -0.8003571447696667 0.0372975488196643 0
2300 0.8462046106749999 0.3820667337789779 0
2301 0.7477500353562393 -0.4397354052684629 0
2302 -0.822971581550047 -0.3281476553435971 0
2303 0.4596576517041033 -0.2888718026944528 0
2304 -0.004921038502224619 -0.06216745474442642 0
2305 0.110008930841746 0.2706905063470802 0
2306 0.03210676310907985 -0.738121136017915 0
2307 0.9142706978166198 0.9641064431207937 0
2308 0.3897388255187104 -0.409886021394552 0
2309 -0.9273545248775887 -0.1280494383399057 0
2310 -0.6904178096974026 0.07908163109028864 0
2311 -0.3821437022598331 -0.4259649364965459 0
2312 -0.7446122832898272 0.9130268829042217 0
2313 0.8195103203061894 -0.7744741423616897 0
2314 -0.3704458366926487 -0.4609175792872386 0
2315 0.6811909699071137 -0.2180504025229729 0
2316 0.7144799039745933 0.4271274477796002 0
2317 0.9672915485579614 0.1758842197732212 0
2318 0.3980196172995651 -0.09710260156823841 0
2319 0.008713767863222963 0.4477278308887274 0
2320 -0.196287813594773 0.4059178801293825 0
2321 -0.8508585469112141 -0.7639442692914807 0
2322 0.7640048784115965 -0.9160338759516673 0
2323 0.7368129516340336 0.406336853919483 0
2324 -0.6497999352361122 0.7942397926531453 0
2325 -0.5410685624583113 0.867176092193387 0
2326 -0.1845997202486434 0.6526672748652286 0
2327 -0.7620863190622136 -0.5292790207503703 0
2328 -0.8796060644000169 -0.5047105844316524 0
2329 -0.2632624065718373 -0.6529443940725971 0
2330 -0.2519229774173303 0.8359047236641837 0
2331 -0.2798206382412284 0.4873454145131931 0
2332 -0.9254801406196013 0.7818972748106863 0
2333 0.9592276357954437 -0.4626429748570211 0
2334 0.7018177963420094 0.9169949464369703 0
2335 0.866070559879528 -0.08388703869197052 0
2336 0.2535003622204751 -0.1452558929590028 0
2337 -0.5258774260931744 -0.2608516657526757 0
2338 0.6463456374066585 0.5857082580358222 0
2339 -0.4382296467396498 0.464179466057612 0
2340 0.2398437815269696 -0.5132020925207418 0
2341 -0.4423318676054503 0.2069524766809359 0
2342 -0.9191317409282184 0.215843536764382 0
2343 0.9647622336070638 0.9657980000408789 0
2344 -0.7179036374321113 0.2750627925750824 0
2345 0.1572168507067234 -0.6486773044659978 0
2346 -0.3567495863767118 -0.8676612189089326 0
2347 -0.589852011850336 0.007505014826398846 0
2348 0.3734343111076077 -0.9040711924235008 0
2349 0.6168257366116641 -0.6062182462763931 0
2350 -0.2353830535699536 -0.9674022548218102 0
2351 -0.290129811363955 -0.3659753698009262 0
2352 0.9679198813321298 0.6887981819910087 0
2353 0.572809806013694 -0.5129469150670707 0
2354 0.3072140970404318 0.3968457454377621 0
2355 0.8458581008604918 0.5766974374947241 0
2356 0.755172983215588 0.8062342221912238 0
2357 -0.2970473387962363 -0.9704446524751823 0
2358 -0.5641433761326597 -0.9301907972223475 0
2359 0.8267106791144393 -0.3374187722599756 0
2360 -0.7975976275170885 0.3488334948796136 0
2361 0.6603885483659062 0.4434699969287328 0
2362 -0.8605636958774616 0.1397718700321583 0
2363 -0.6721342652558552 0.3283575477008405 0
2364 -0.1812743036052141 0.9745163487561681 0
2365 -0.7014298600270277 -0.5085668233511391 0
2366 0.5210125834875229 0.8803287671490236 0
2367 -0.6018514792104865 0.1850888061588614 0
2368 -0.2300967771585831 0.4520403444733782 0
2369 0.6864889550168395 0.2495488327303078 0
2370 0.3778295784753996 0.9195824374723378 0
2371 -0.2718714042659475 -0.8782736205851827 0
2372 -0.7069843855961522 -0.7038765822206874 0
2373 -0.4620157433587042 -0.2381091045369449 0
2374 0.06020689231566916 -0.9707753124691016 0
2375 -0.4506711487656994 0.5135040029607755 0
2376 -0.6409802461917549 0.62281501338273 0
2377 -0.5043328598912985 0.9700828219384177 0
2378 0.0497491271140109 -0.913771727528802 0
2379 -0.7056291255795238 -0.8545078615828761 0
2380 -0.8635018392153482 -0.1348889475307744 0
2381 -0.8396127416871455 0.3144491048843205 0
2382 -0.06019919091446322 0.6448953196582905 0
2383 -0.3585251138223986 -0.9669791838394438 0
2384 0.6256987761015218 0.3954588238975048 0
2385 -0.1641358367678548 0.193195655258931 0
2386 -0.6198391717880093 -0.3634878057783112 0
2387 0.9007976256108465 0.1467936784233473 0
2388 -0.2656597367592173 -0.04000393643678801 0
2389 0.7549586288605401 -0.2812020078106059 0
2390 -0.8150123795967232 0.2829407685463526 0
2391 0.3648397648170202 -0.8500308878523493 0
2392 -0.1602096737558743 -0.6975633980509599 0
2393 0.16325491086435 -0.9649225231720804 0
2394 0.7943546131471759 0.8244437542904828 0
2395 -0.7893721026895792 -0.01813360947699914 0
2396 0.0006210233186447803 -0.1268842332197301 0
2397 -0.9176581618440754 -0.2472289497772645 0
2398 -0.2601827816938303 -0.2641549723889631 0
2399 -0.4632034412991453 -0.7481760894137618 0
2400 -0.7900245827191075 -0.4639990573234923 0
2401 -0.8189050157836727 -0.1044030102138997 0
2402 -0.8819969150074304 0.8362027705949655 0
2403 0.4878289199707907 0.2192525283983676 0
2404 0.3808154384705073 -0.02314997994178055 0
2405 0.9170828589835789 0.3616910359865897 0
2406 -0.6669646079872664 -0.05425314216041303 0
2407 0.3606806106378059 0.8701332699680877 0
2408 0.4224913558309271 0.2198200509830984 0
2409 -0.1175307996481426 -0.5942251570109678 0
2410 -0.1951883271411039 -0.7904649149667226 0
2411 -0.3913199786411053 -0.2369192598527951 0
2412 -0.971395953684393 -0.3584506592551384 0
2413 0.4149271349912949 -0.1670613322402903 0
2414 0.8289068182652631 -0.5381386422672941 0
2415 0.3515865958829652 0.07578310578628177 0
2416 0.09681154657964164 0.1452329532028878 0
2417 -0.6901820122350042 0.002163840975164783 0
2418 0.3460286094937194 -0.3864546586092167 0
2419 0.8401472974784323 -0.6520696230762573 0
2420 0.8800359325465775 -0.2705091010660421 0
2421 0.6877111306630771 -0.6920034712167151 0
2422 -0.9200819282019737 0.2791470836684917 0
2423 -0.3601315949013458 0.4182487436961295 0
2424 -0.6594595006727041 -0.1059513162428024 0
2425 -0.09827868594745595 0.8963494038541886 0
2426 -0.7710313149552345 -0.180696527717514 0
2427 0.4626258068300844 0.1154010258710311 0
2428 -0.1948721972482849 -0.4440207986599948 0
2429 0.9725872508227376 0.8051539102692743 0
2430 -0.8172734076408569 0.5851943168824287 0
2431 -0.4272773820214161 -0.1222165107208633 0
2432 0.4835954101788605 0.9124677561758202 0
2433 0.9664218295939754 0.5519761549948248 0
2434 -0.8468371777276628 0.9013376096894076 0
2435 0.8310451979753173 0.741161194829123 0
2436 -0.246973741508311 0.3755006069701217 0
2437 0.6432193203926958 0.3403218291589974 0
2438 0.5247841197116085 -0.7123191917881618 0
2439 -0.05485482349142074 -0.8387807176641815 0
2440 0.5366548195539251 0.9711496227945728 0
2441 -0.1392717884021264 0.04781593542996661 0
2442 0.9629434753944803 0.3163306786547956 0
2443 -0.4331177499270622 -0.7151650874677153 0
2444 0.7025422976054158 0.06149946179486652 0
2445 -0.5830310713034843 0.5640138551809137 0
2446 0.5515039125028066 0.5767526762781673 0
2447 -0.7123076949521772 0.6891904960290135 0
2448 0.4030036435735213 -0.3243994197001164 0
2449 -0.8571434910252927 0.2575637273255005 0
2450 -0.7418165872771422 -0.9679463063828826 0
2451 -0.06879651809952632 -0.198513257585019 0
2452 -0.4798797060305716 -0.1200951100307893 0
2453 -0.444644517698669 0.5629369188171337 0
2454 0.8605787700343847 -0.3256953026850434 0
2455 -0.9680359678762306 -0.7196495385040436 0
2456 0.3501156149624128 -0.8032731918611011 0
2457 -0.1193782760875011 -0.3706479861537701 0
2458 0.05244475141052742 -0.2653532174620525 0
2459 -0.02302345530471843 -0.7842383926021479 0
2460 -0.1837229542290362 0.8716222806629419 0
2461 0.09122595369851944 -0.09378764159753519 0
2462 -0.3208254087108674 0.6716243920285729 0
2463 0.8575526539200844 0.2624178362102232 0
2464 0.009952171701290889 0.1676288422641612 0
2465 -0.4863730247067973 -0.6602534165078976 0
2466 0.1555216480095017 -0.4429285221474114 0
2467 0.385791481019964 -0.7413066650459657 0
2468 0.3288120493866231 -0.5650046274820582 0
2469 0.1359546473884965 -0.9070207203284973 0
2470 -0.6590869267693198 -0.2037735901772042 0
2471 0.4915107038462432 0.8043974042680113 0
2472 -0.9092135057154085 -0.7296377234475968 0
2473 0.3916420943262952 0.1810444203875664 0
2474 0.7214489718803052 -0.7680038156905673 0
2475 -0.9187138883938908 -0.8776424290324578 0
2476 0.7458115799591384 -0.9689915279381406 0
2477 -0.316757230468201 -0.4421608400104029 0
2478 -0.02184344315344588 0.3950527000187765 0
2479 0.6337211087366079 -0.9228922417847352 0
2480 0.8566896055413316 0.8469963705252231 0
2481 0.866321404977254 -0.7009670896565258 0
2482 -0.7925780345533378 -0.6264433527226407 0
2483 -0.9677540595960146 -0.5707992869227611 0
2484 -0.7406020263069912 0.7896108547356058 0
2485 -0.5428530611952365 0.2216616345644467 0
2486 -0.1963513472979848 0.5426853699385668 0
2487 -0.5101749369276937 0.1755824988744691 0
2488 -0.8740004774677425 -0.8312335617876329 0
2489 -0.0738895465958683 -0.7316682663233589 0
2490 0.1216253357961294 -0.5127616228817694 0
2491 0.07964264511538464 -0.5360724325326441 0
2492 0.1529637956940344 -0.04507707007417007 0
2493 0.1913650983480628 -0.06059280311674238 0
2494 0.1171343726829026 -0.9703838935531034 0
2495 -0.219493105151445 -0.4910133150388153 0
2496 0.4366646212855895 0.7064839998629866 0
2497 0.917039975773139 -0.2925968748159654 0
2498 0.2846499870248773 0.3000812243767786 0
2499 -0.128059417462085 -0.1428214608967593 0
2500 -0.8614361105145525 0.2064447259404408 0
2501 -0.1162274139968285 0.6697502367865593 0
2502 -0.3405508256576926 -0.5021888890340199 0
2503 0.8106318433780376 0.7700720900979707 0
2504 0.9686804891621303 -0.8682117956607176 0
2505 -0.5162336290905165 -0.1420535221477221 0
2506 -0.5367243005703115 0.1886712303366931 0
2507 -0.8874556887070129 0.341047423868345 0
2508 -0.7297595336366236 0.4785570972112416 0
2509 0.9159759662012232 0.2954140299836201 0
2510 -0.441667207941529 0.03209010924055084 0
2511 0.3843857676484942 -0.6434305769593077 0
2512 0.9259114236394685 0.5562472644188027 0
2513 0.09399350575798292 -0.1987644711282524 0
2514 -0.208041555170041 -0.274275723951136 0
2515 -0.620950148590381 0.8834897875671587 0
2516 -0.782787972551429 0.2935126818974967 0
2517 -0.1190344792450602 -0.771271873403883 0
2518 0.4718940333971714 -0.1486077550390139 0
2519 0.5072666634600849 -0.1372797998587781 0
2520 0.3800233300716693 -0.2197617123477032 0
2521 -0.9619476117458862 0.3689605947837722 0
2522 0.4980113477825193 -0.0145237735327668 0
2523 0.8948480952405028 -0.9200046927264596 0
2524 -0.1236221004392328 -0.4033414577076668 0
2525 0.1515630850804306 -0.2174198770800531 0
2526 0.3036916253664408 -0.969167614388834 0
2527 -0.01804089104786284 -0.8936773128657216 0
2528 0.2738215420971149 -0.6532829243335887 0
2529 0.347839901301526 -0.9194027965673335 0
2530 -0.3143253648966709 -0.7625964775492068 0
2531 0.4762153024414962 -0.4923558958484558 0
2532 0.8058247915846222 -0.9736493113764914 0
2533 -0.536773809219374 -0.3235120177514653 0
2534 0.1529117649147083 -0.2752623692374199 0
2535 0.196799181074917 -0.2286360794258332 0
2536 -0.7383412937024235 -0.7844218332093174 0
2537 0.8353120261333069 0.6128187381079407 0
2538 -0.04574882440683608 -0.004911783200262978 0
2539 0.1746310207905363 -0.7105771056672425 0
2540 -0.159533392887106 -0.5579488373461068 0
2541 -0.9272160497576938 0.5070978425195186 0
2542 -0.5753324633112064 -0.688747908199301 0
2543 0.410337786114722 0.8596091232776032 0
2544 -0.4893468533385458 0.8534888575420306 0
2545 0.8498980656218803 0.1374509262295807 0
2546 -0.4028629951633751 -0.7256095952173349 0
2547 0.6616327666318009 0.8016099479308715 0
2548 0.2401066086491867 -0.3370917245900028 0
2549 -0.491756557500736 0.04148609142859697 0
2550 0.5805966700236108 0.0427968912662329 0
2551 0.8924123803317781 0.003762064894922115 0
2552 0.2226366006462759 -0.6242154910893111 0
2553 -0.133498962259516 -0.4564646019247519 0
2554 -0.5439003176502066 -0.09977787867565568 0
2555 0.5725055428843341 -0.8015683172186039 0
2556 -0.4185768803143581 0.9145741256614373 0
2557 0.3862379694314308 0.1250069591982116 0
2558 -0.5830684887330283 -0.1074152204059356 0
2559 -0.6374037951860863 -0.4250857976830501 0
2560 0.1199455788119033 0.005526913003233043 0
2561 0.6707597759721565 -0.8868097290212703 0
2562 0.7202699933741639 -0.5670035099960348 0
2563 0.7078394010327012 -0.3945042684572632 0
2564 -0.2553510821997723 0.7758893688697877 0
2565 0.9676705865101033 -0.3196160550411897 0
2566 -0.3171704212060107 0.2129005676266806 0
2567 -0.7967965732660517 0.2327020825290124 0
2568 -0.8472142335887916 -0.9153286309992306 0
2569 -0.1613654948203339 -0.01468929569183495 0
2570 0.7656118836889461 -0.1520181529660082 0
2571 -0.6133910033763131 -0.5344194307582223 0
2572 -0.4327234927820681 -0.1884293776860677 0
2573 0.8248460200935894 0.5169134608432914 0
2574 -0.1417138362200116 0.5785170060734939 0
2575 0.7785512038235044 0.6725571007158144 0
2576 0.4046232093757219 -0.6101442610910823 0
2577 0.6558573190459311 -0.02035955993053728 0
2578 0.3857873665133873 -0.3458683619514168 0
2579 -0.7154289747939852 0.8508596995714321 0
2580 -0.5837854733495939 -0.4122523910816344 0
2581 0.9248995394131208 -0.2335008384185322 0
2582 0.8623218751555934 0.7453073157809987 0
2583 0.648320324357723 0.748437669650508 0
2584 0.7841541038074159 -0.8190689639522863 0
2585 0.7970877553033833 -0.6132601497696427 0
2586 0.5862638558826784 0.2715300882446715 0
2587 -0.1135288448281763 -0.7008931131071504 0
2588 -0.2336672487880881 -0.7038959822631647 0
2589 0.798059177450978 0.3695008349971982 0
2590 -0.2529458316077098 -0.9210004657751325 0
2591 0.3047366625824683 0.121254009838829 0
2592 0.4768117762948047 -0.5586238475587179 0
2593 0.08791628375974837 -0.1364470970505963 0
2594 0.3437548610405302 -0.5940844747891767 0
2595 0.9060263778644956 0.06827149663140768 0
2596 0.8217667870055616 0.9661604035001653 0
2597 0.6515747038397056 -0.7521285886870646 0
2598 0.01591470443363463 -0.3617931937230777 0
2599 0.5248319878879394 0.7202305725563602 0
2600 0.5526768273389482 0.693182961345519 0
2601 0.2724437007127828 -0.4143130265927052 0
2602 0.2114470487782914 0.2206980054832429 0
2603 -0.1750917728164303 0.3056218836659638 0
2604 -0.3403007871156801 -0.7502072330675713 0
2605 -0.629631289705092 -0.9243129816212308 0
2606 -0.08213461365623131 -0.9279296837591393 0
2607 0.3442318947440835 0.1597268983052225 0
2608 -0.7902037066930256 -0.2060759099877959 0
2609 -0.3989568751115805 0.07971141808150975 0
2610 0.3392903458994462 -0.7063174612219228 0
2611 0.6645990946090384 -0.2854238620091127 0
2612 0.8754247051036632 0.7813594109041869 0
2613 -0.608551724049852 -0.9649447824401438 0
2614 -0.4229023236134156 0.7553881430660991 0
2615 -0.4263032621903258 0.1790073967802265 0
2616 -0.6681946941580164 0.4901412189444658 0
2617 -0.84640051599056 0.4801056265302766 0
2618 0.8128451385053193 -0.2639321669390873 0
2619 -0.7246693335803591 -0.8106135721537993 0
2620 0.7539889857747438 0.3520756274196132 0
2621 0.1404844955373844 0.916534158313721 0
2622 0.9729703346575618 0.5050213289083828 0
2623 -0.02634895468861584 -0.3873986717508436 0
2624 0.02641465279942933 -0.6162965200259796 0
2625 -0.2365650681575863 -0.02267665979358018 0
2626 -0.4074396031032349 0.6528193932451078 0
2627 0.1312345099729883 -0.6678289304272504 0
2628 0.03575130585738596 0.9686320442933392 0
2629 0.1224744398402537 -0.4309097098507138 0
2630 0.02362019310961134 -0.4653061167823886 0
2631 -0.7127529086832308 -0.4428505878513855 0
2632 0.6976372343289245 0.3640173689937122 0
2633 -0.7388198727109113 -0.05926049914081662 0
2634 0.7900728546265104 -0.1994342521947664 0
2635 -0.765211178282126 -0.3553412770833841 0
2636 0.9717975031783114 -0.5375803370514124 0
2637 -0.02908479346063435 -0.9753090292230151 0
2638 -0.9716175863172933 0.6244442856823578 0
2639 -0.6580073983304567 0.4237991874519872 0
2640 -0.4179104477628097 -0.971268111199548 0
2641 0.03330234239694846 -0.1139168703891886 0
2642 0.5349195619078445 0.2400960601242182 0
2643 -0.4416632828552182 0.3190769353423133 0
2644 0.3397533180721869 0.9658596015298049 0
2645 0.283415645721406 -0.5996665226618321 0
2646 -0.526939435028926 -0.4919327952191517 0
2647 -0.3719638498165529 0.2079922084793315 0
2648 0.09051849714415701 -0.6208619474154126 0
2649 -0.7627743314640439 -0.843715842965062 0
2650 -0.4986589491855754 -0.6186710045719043 0
2651 -0.173627509144154 0.9279523253716203 0
2652 0.4986660766251759 -0.5123232253375628 0
2653 -0.7394505774472353 -0.918483930545376 0
2654 0.6173934590729521 -0.7893128316433116 0
2655 -0.0157800195496575 -0.7314850917932233 0
2656 -0.5955903794148621 0.8327637365385446 0
2657 -0.4348253212327308 -0.2213630955291775 0
2658 0.5950929169792911 0.933414206727933 0
2659 0.664683194065271 0.6459761729055526 0
2660 0.663714853795903 -0.6464491794044298 0
2661 0.6466141292321813 -0.2406686862729333 0
2662 -0.0909798827394349 0.5711263062227714 0
2663 -0.8779294772621675 0.5867635958986647 0
2664 0.9282340063526815 0.7470304803194955 0
2665 -0.166129029258282 0.3484647915855282 0
2666 -0.645769950363018 -0.5364922478653433 0
2667 -0.7421069230414192 -0.3301206847809453 0
2668 0.2416481024623973 0.243015231667015 0
2669 0.970647659286117 -0.9281729583182867 0
2670 -0.7619816963257922 0.8368204763308869 0
2671 0.724959235773068 0.5728945785597185 0
2672 -0.3568838409322727 0.2632690962526482 0
2673 0.914041801156031 0.929940886212224 0
2674 -0.3765251897725477 -0.7051118845670584 0
2675 0.2309927042220392 -0.3926201728716334 0
2676 0.1208539315430725 -0.8533946637370201 0
2677 0.8861013067233663 0.2503956098629212 0
2678 0.5855707464130462 0.7386168984532157 0
2679 -0.5758976574480225 0.1688132278854449 0
2680 -0.8757003179830183 -0.08962035595123151 0
2681 0.6321636745750734 -0.8137540927947626 0
2682 -0.3202185533484641 0.7675504128792235 0
2683 -0.7361132535215338 -0.02184613925672449 0
2684 -0.714744294074848 0.5778671173986982 0
2685 -0.4692385785327089 0.2661728526404805 0
2686 0.5341982068707414 -0.9697022520237064 0
2687 -0.6581958551970886 -0.8388598152859424 0
2688 -0.5002929165405426 -0.8423149210729544 0
2689 -0.5033966154176789 0.4618146537909837 0
2690 -0.9742262767558156 -0.3034605875481773 0
2691 -0.7128607827343485 0.4336629846077454 0
2692 -0.08928275390436288 -0.9716209070028805 0
2693 0.7874845381506201 0.04443003352946216 0
2694 -0.8946112000498802 0.6897842824107897 0
2695 0.7090476016360454 0.6205939258821453 0
2696 -0.400737582337037 -0.1420776326409016 0
2697 0.8256542926103937 0.7945983005430282 0
2698 0.2973740640792996 0.07798536868476291 0
2699 0.1945985894286396 -0.1663492570006355 0
2700 -0.4318105397211463 -0.5334761713591076 0
2701 -0.1710492943771927 -0.09623131184515152 0
2702 -0.5120226792066929 -0.7568085429468174 0
2703 -0.6061241126037289 -0.1566482919867615 0
2704 0.3296064717855963 -0.4750742709202576 0
2705 -0.6409229152403643 0.7366157415439094 0
2706 -0.9283436126319723 -0.1933800159645799 0
2707 0.5626892044385444 -0.6206979770722323 0
2708 -0.9169603533853287 0.5565819962191308 0
2709 0.3989314067151788 0.02750008501473632 0
2710 0.6679197631797291 -0.3520196135404034 0
2711 -0.5543354406320231 0.9654146321366539 0
2712 -0.4607479522758685 -0.06666404778733236 0
2713 0.5368307360279496 0.157244373798612 0
2714 0.3126124146501863 -0.2665080531643034 0
2715 -0.3128561571688353 -0.9131133855960659 0
2716 -0.973771813083238 0.2313332832917782 0
2717 -0.7657033715853325 -0.1117695692416052 0
2718 -0.4735792731044898 -0.8612584894566488 0
2719 0.5961463945441258 -0.2879527316399574 0
2720 -0.928721069484393 0.1603656431434937 0
2721 0.0573237573353001 0.008203234630732253 0
2722 -0.4883311594107168 -0.5310574503623444 0
2723 -0.2438005998087217 -0.3653160647941255 0
2724 -0.6290161251723794 -0.7664163870676464 0
2725 -0.2242762200265506 0.7862664618568016 0
2726 -0.9665222079019611 0.13252412853666 0
2727 0.9715456869113966 -0.2669777901754815 0
2728 -0.8298426850345488 -0.7398632220016169 0
2729 0.03159555476709917 0.9279392912293158 0
2730 0.6634505107438732 0.4938477150671187 0
2731 -0.6269922494152902 0.1680608052078242 0
2732 -0.4574975074957182 -0.1676555558130075 0
2733 -0.9738812097348721 -0.03115979867530396 0
2734 0.4919067814678599 0.6782723772945632 0
2735 -0.4592099660855289 0.7991146398212573 0
2736 -0.6198846265112483 0.2524617276381571 0
2737 0.4840469724553527 0.5838253742774502 0
2738 0.6305299890524402 0.7000911229911317 0
2739 0.4693222108622468 0.7229516436942086 0
2740 0.4793577915469485 0.9724665483270684 0
2741 -0.5999131794956722 0.9735703266193849 0
2742 0.6299310806040926 0.4435671631858487 0
2743 -0.04575542282026736 0.5502594103996239 0
2744 0.4476251358503109 0.5793665331239891 0
2745 -0.7924218619755896 -0.967741114952327 0
2746 0.4710806929004327 -0.8831034300055748 0
2747 -0.2394508762750206 0.8855867069265406 0
2748 -0.2297099702224031 0.06306416674989643 0
2749 0.9248354076959686 -0.5655381477235376 0
2750 -0.01150001202921227 -0.2616553031366323 0
2751 0.2646066532334617 -0.9193143581000152 0
2752 0.7641930927027428 -0.5268763278687918 0
2753 -0.1246716430138976 -0.08224771324316407 0
2754 0.2985283262016584 0.9723176574859521 0
2755 -0.03242534181866841 -0.501494064174354 0
2756 0.9708506764054861 -0.7477031893662276 0
2757 0.4019027165740273 0.4795396304336618 0
2758 -0.4072319929079973 0.3567691390014942 0
2759 -0.8901740313189823 -0.2907479385295242 0
2760 -0.4915436902878356 0.2329964816966351 0
2761 -0.4800136566680511 -0.8945805014576822 0
2762 -0.1746757859562607 -0.7203820763922069 0
2763 0.4407237956201673 0.3649399855116122 0
2764 -0.5307863769407325 0.5638084482472079 0
2765 -0.4546313818430111 -0.1358993308319952 0
2766 0.3547235789513589 -0.9740409379941481 0
2767 -0.4132093838418237 -0.7779116109644993 0
2768 0.471302716529053 0.8584209186783461 0
2769 0.1774729706623556 -0.4183864101796009 0
2770 -0.6748970847490582 0.6184209332410426 0
2771 0.836107801257681 -0.7163020248784984 0
2772 0.2003585668757109 -0.2601215441034394 0
2773 -0.9322683155438978 -0.5785914411940699 0
2774 0.6105154283404134 -0.1514833894308866 0
2775 0.609929271640451 -0.8459470864246805 0
2776 0.9648082135357601 0.3756993319391731 0
2777 0.8790848700863816 0.1975089586470407 0
2778 0.05727398661918529 -0.1417006957467539 0
2779 0.9082708187549018 -0.5262637053372846 0
2780 -0.8299369521942723 -0.1697004595447772 0
2781 0.2160567170365176 0.9206598263407508 0
2782 0.9296831886311123 0.9015690472827013 0
2783 -0.3850158244284285 0.5417396395457367 0
2784 0.6837783285970581 0.03400122588890612 0
2785 0.04273456621276393 0.8690488065058526 0
2786 -0.3358256658525455 0.4374512531989992 0
2787 0.4165955148813351 -0.2619308101558665 0
2788 0.9191608150289623 0.8535034432543318 0
2789 -0.07307109181218606 -0.7622259482324324 0
2790 0.9704859288104696 0.1447482275693343 0
2791 0.5949442804237254 -0.5629149103833171 0
2792 0.4454767741254222 -0.002539331381135142 0
2793 0.8629317620382103 -0.4315601504597009 0
2794 -0.05232130999073035 0.4373748807301197 0
2795 0.3095488328959377 -0.237029963931972 0
2796 -0.7847399526093319 -0.7955606462307495 0
2797 -0.5374689831659166 -0.5786600824746349 0
2798 0.7686043547474 0.72875515871668 0
2799 0.170334283279888 0.03760112665700483 0
2800 -0.9345168025843289 -0.6776960313894244 0
2801 -0.07096458899093286 -0.8691663848952516 0
2802 0.7547447614741297 0.9296188221186767 0
2803 -0.05237102677180736 -0.5971176090274235 0
2804 -0.7963168023942691 -0.8916355039917745 0
2805 0.6359465152779197 0.6367387123853194 0
2806 0.2120279109438646 -0.9741252157270885 0
2807 -0.6566579381871001 0.1173612276075703 0
2808 0.8671185217062268 -0.9708236152190473 0
2809 -0.2604294638980765 0.06920811999645976 0
2810 0.3059100719758073 0.8461293938324527 0
2811 -0.6795799837882182 0.1365669344804827 0
2812 -0.8000277741827274 0.762974139753106 0
2813 -0.2962084993729357 -0.5832296059947648 0
2814 -0.2805121683161237 0.9244675108069003 0
2815 -0.101428676694227 0.418115892759914 0
2816 -0.837502671096647 -0.05043191834556338 0
2817 -0.7515336567689728 0.03576234258664054 0
2818 0.7141677282306376 -0.2611715349830048 0
2819 -0.5054138951852449 0.386043202430208 0
2820 -0.200654678964147 0.8256035130051065 0
2821 -0.5038099652022455 0.7580733397502479 0
2822 -0.04213150302559018 0.6981356680804321 0
2823 -0.08652835149892474 -0.3169837963565696 0
2824 -0.526863849568766 0.2795353180315984 0
2825 0.5832477755424321 0.4030767367642085 0
2826 -0.140092979471459 0.8445292086051294 0
2827 -0.968639698139889 -0.165715592172896 0
2828 0.921743527199459 -0.7718214030867077 0
2829 -0.831305760940321 0.1524063087689073 0
2830 0.9094141944449359 -0.3788153404778986 0
2831 0.4489027956163068 -0.9729613928345038 0
2832 -0.1235005824073301 -0.3221046383746841 0
2833 -0.03335053521431496 -0.2989225923183138 0
2834 0.05283883162377599 -0.7627846831971912 0
2835 0.4348055934750324 -0.7754968001288965 0
2836 0.5843718205807465 0.8766868135841059 0
2837 0.9279688003694964 0.1267066513041329 0
2838 0.3554843727257636 -0.3558245482544734 0
2839 0.6019653129821642 -0.210691317406612 0
2840 -0.07148006435779861 -0.8137048873663333 0
2841 0.5268821735390078 -0.1135516934993486 0
2842 -0.1083452428690975 0.1891180553126015 0
2843 0.7003861676460614 0.7829991865672926 0
2844 -0.2821911671637861 -0.4226248918242919 0
2845 0.08490613864916938 -0.7105098788883955 0
2846 -0.6332299665864813 -0.007687953483231808 0
2847 0.1734990821035449 -0.5894357776822411 0
2848 -0.02946919371635274 -0.6450639018215806 0
2849 -0.9320765568870284 -0.7622590290332477 0
2850 0.5489222394623643 0.3136241415216283 0
2851 0.6126658691022748 0.4884084760003009 0
2852 -0.3565276167536544 0.6353528570729696 0
2853 0.8072449016966259 0.09317594715331651 0
2854 0.7832232864269706 -0.1120225196951756 0
2855 -0.8893004038068951 -0.1885251730937211 0
2856 -0.1559253378009081 -0.4742313005052398 0
2857 0.8442485211904746 -0.03304019608005442 0
2858 -0.9183168852696428 0.00227726535139871 0
2859 -0.2191006898879809 0.1925775582080958 0
2860 -0.8275426040898891 -0.5350693816032215 0
2861 0.8595618341317126 -0.5351406331117718 0
2862 0.7697296117994621 -0.7605246316939206 0
2863 -0.03987283268874073 0.2865848621357751 0
2864 0.3282945680130523 -0.6590882631375836 0
2865 -0.06662271220440541 0.2641406043268649 0
2866 -0.6869724035174487 0.519665900125037 0
2867 0.2308921058735248 -0.6964782563351188 0
2868 -0.1875284063381812 0.3699342780615124 0
2869 0.839523519665756 0.685500850371531 0
2870 0.7466037732082228 -0.7175682978809393 0
2871 -0.2884928855468033 0.8393129254217877 0
2872 -0.5758618339670518 -0.6237055195831012 0
2873 -0.4705620923374331 0.1274706823665687 0
2874 0.1000647275212755 -0.305831366538917 0
2875 -0.4573555692799975 -0.2916025738083352 0
2876 0.739000846710781 0.639519925581567 0
2877 -0.9729515157283467 -0.8063671339084655 0
2878 0.1083620554343953 -0.9352276178435114 0
2879 0.9715356604133355 -0.06154134048179065 0
2880 0.5368015200127637 0.4125741572887273 0
2881 -0.4815608789735408 -0.3513985853137222 0
2882 -0.1970243597114088 -0.3377914518870502 0
2883 -0.212252497699484 0.977825557603482 0
2884 0.7214627164091976 0.9722718401043413 0
2885 -0.605564752681681 -0.8641199489700877 0
2886 -0.6610810305185 -0.562981658380477 0
2887 0.5770999002944325 0.6357178062725271 0
2888 0.3849280492624773 -0.4739539628181142 0
2889 -0.8652400269011307 -0.9708061536317492 0
2890 0.5142396209923048 -0.5895136253380108 0
2891 0.5505925179971107 -0.667320527528108 0
2892 -0.8734478299002379 0.5205729120437601 0
2893 0.06990931802425722 0.838768070709671 0
2894 -0.5486308001742417 -0.8054284956646682 0
2895 0.20358650450356 -0.007164924982578956 0
2896 0.5732196555950516 -0.09628059036600981 0
2897 -0.701391671102755 0.1924292339676935 0
2898 -0.2947738852333043 -0.9385804838082832 0
2899 0.5620647242348545 -0.1631823698088806 0
2900 -0.748119186981599 0.2656353217214542 0
2901 -0.6344066850611983 0.4988864732777608 0
2902 -0.1696550680401453 0.2433869104603092 0
2903 -0.3028550135285981 0.09995825173141695 0
2904 0.2856003583174734 -0.6888068756579079 0
2905 0.2599085169619466 -0.2715290876900133 0
2906 -0.7086814281236091 -0.9705042675722355 0
2907 -0.8822995185946632 -0.9177864708149285 0
2908 0.7826726057691686 -0.856732361413936 0
2909 -0.7396117692438599 0.3265637341345953 0
2910 -0.2207539748965968 0.351061323634815 0
2911 -0.7631432195534199 0.5313258451166618 0
2912 0.5204803255521052 0.8109493521735827 0
2913 -0.5449724035451694 -0.6314449004917223 0
2914 0.8701544686206862 -0.04901623487199418 0
2915 -0.9705904247326634 -0.970117092946532 0
2916 -0.6876167658905166 -0.9268461398428225 0
2917 -0.2200933551034864 0.5635111122245198 0
2918 0.4850091022614605 0.1383162400107099 0
2919 0.8593908076866518 0.5156496366793392 0
2920 -0.2684393780770477 0.281117114336625 0
2921 0.5625895815411437 0.8471508086511919 0
2922 0.5296091353855664 0.9387774975671871 0
2923 0.6353178436350578 0.210095109523887 0
2924 0.1323696190278265 -0.7501813774075237 0
2925 -0.9190839908935065 0.05850069577348831 0
2926 0.7114766760984687 -0.9724179516874294 0
2927 -0.5561685630618749 0.5472284762681876 0
2928 -0.4337874090093146 -0.6175518553425994 0
2929 0.04310074654888015 0.1140551466807032 0
2930 0.9188034293227784 0.507264134080228 0
2931 -0.5519823486489148 0.9315090270921398 0
2932 -0.818549932342576 -0.8441508411779894 0
2933 -0.8845230842885128 0.1687515070796715 0
2934 0.06555574243952939 0.0930855530073439 0
2935 0.4433237547710104 0.2499006099397895 0
2936 -0.07010891927497998 0.7456254465216225 0
2937 -0.3265022770791828 -0.3176514581248098 0
2938 0.7714580264089796 0.4465176027422177 0
2939 0.4451365255928624 -0.6526050822281991 0
2940 -0.7520425857765456 -0.2410144217812637 0
2941 0.2342962082854244 -0.4546780422702083 0
2942 0.7152826735305963 0.2037008408435106 0
2943 0.2405213390539796 -0.6504033479235642 0
2944 -0.3347475684287508 0.01998554151754437 0
2945 0.3719176406195899 0.2377383333667452 0
2946 -0.3962570772290154 -0.9302328057410233 0
2947 -0.8030068459690167 0.3993431615560344 0
2948 0.7008927362579895 -0.5933242929524498 0
2949 0.3306293916864317 0.8766376767783133 0
2950 0.7024907851529998 0.1693890816642567 0
2951 0.6859177459227932 0.4240359954640373 0
2952 0.06147107691190112 -0.4871293159051831 0
2953 -0.5209907530233712 0.2439110750948152 0
2954 0.5145936574903663 0.13396621573734 0
2955 -0.32918074371636 0.1414646126403513 0
2956 0.7698958053697893 -0.3839694888261526 0
2957 0.7588523788049849 -0.6104717921187346 0
2958 -0.9711862437832781 -0.5339042621177121 0
2959 -0.4442532679038274 -0.8166056699839236 0
2960 0.2938285879890642 -0.3739783828316026 0
2961 -0.9729299483221021 -0.08575931612330118 0
2962 -0.301691281047434 -0.2066531849291328 0
2963 0.7266236678484649 -0.183761749437626 0
2964 0.819550982687396 0.7109409636074338 0
2965 -0.06593853596710335 -0.4902503357530843 0
2966 0.3418382066808058 0.9306082434476873 0
2967 -0.7664040101103577 -0.8749280189081301 0
2968 0.5354454391363337 -0.9199943247711763 0
2969 -0.9258378396550478 -0.3928747180596786 0
2970 0.55863796768384 0.0695162678299321 0
2971 -0.1339822229452957 -0.1975232638810072 0
2972 -0.4120865630945254 -0.322057038938867 0
2973 -0.2155275433866102 0.1146056441799513 0
2974 0.7310221292977783 0.3759331011550833 0
2975 -0.6185369442896601 -0.3093611632157756 0
2976 0.1336048503026017 -0.7985465840177827 0
2977 0.3109225488534779 -0.1540711863423966 0
2978 0.542631161652103 0.7897617992384373 0
2979 -0.9194854328593584 0.887154759039806 0
2980 0.88014301960079 0.4837652240031851 0
2981 -0.4037913082676126 0.5109851806710272 0
2982 -0.1883724024091735 -0.196682808237047 0
2983 0.5396236506406745 -0.2738429690336964 0
2984 0.6804181321542898 0.3147042487166323 0
2985 0.287641050471929 -0.2834105501826885 0
2986 0.125187030598987 -0.6034286014184504 0
2987 0.7699290296350102 -0.2524751353223684 0
2988 0.4126520023868184 0.07976084927728419 0
2989 0.1033661505193678 -0.2317071597974028 0
2990 -0.2392654822376624 0.6793823216131296 0
2991 0.3916983199436604 -0.5577292171035186 0
2992 0.4391717742462981 -0.3774219070344716 0
2993 0.8297498171486275 -0.3754573050664414 0
2994 0.5012633910464782 -0.9711808736319177 0
2995 -0.4185619558206011 -0.4341917631090751 0
2996 0.8613734057626902 -0.3883145587653565 0
2997 -0.2001432372785305 -0.5889031162752287 0
2998 0.613360563255126 -0.8980036536446518 0
2999 -0.9646913789442981 0.7656123650352172 0
3000 0.5752332286785998 -0.1945218492061761 0
3001 -0.2690274353713579 0.5912271160116266 0
3002 -0.7009367393192281 -0.1504947187483191 0
3003 0.1203071997295153 0.2400974957682557 0
3004 -0.812680941230444 0.06462565516481453 0
3005 -0.2290200806299419 0.728056930137887 0
3006 0.7302462978922489 0.106090910547703 0
3007 0.3095054621642342 -0.3316169167159397 0
3008 -0.1589692011391648 -0.2425579645728549 0
3009 0.1998537477286136 0.3208457325094324 0
3010 0.1036217816233432 -0.4798557459035728 0
3011 0.6163329683260605 -0.239558452835769 0
3012 -0.2963469731881329 0.4125545818575782 0
3013 0.5761302921657224 -0.305722810033652 0
3014 0.768576288773412 -0.6656684568199838 0
3015 -0.9253649935572725 -0.9714424369969368 0
3016 -0.6318536573846616 0.5381448251424028 0
3017 -0.1783253410156443 -0.8539093364911771 0
3018 0.7467634215139684 0.1505436738246211 0
3019 0.07424325024481748 0.9691952641265547 0
3020 0.7132655123060524 -0.7389257434186405 0
3021 0.1797494511278339 -0.3350203240479253 0
3022 -0.4177514146415426 -0.8733601342429711 0
3023 0.603665217999807 -0.6405852397520484 0
3024 -0.7582843582941109 -0.6125136567030365 0
3025 -0.08985720426715765 -0.2233954207609914 0
3026 -0.335611641652754 0.5227719443397191 0
3027 -0.01424950749213679 0.7545795791812306 0
3028 -0.7456889316997037 -0.3873161947297171 0
3029 0.4507241753003649 -0.8428867045590016 0
3030 -0.4514045278960559 0.7662496539444695 0
3031 0.5872921140097159 0.5916827404628558 0
3032 -0.830717735331117 0.2615929968872796 0
3033 -0.02563022136435819 -0.3259894708935224 0
3034 0.1189183978903328 0.3836062101643573 0
3035 0.02526381184785279 -0.9762316229373218 0
3036 0.8946613630225398 -0.3331807953421916 0
3037 -0.05319057452081507 0.1990353751780445 0
3038 -0.8678168946362851 0.3048021009602222 0
3039 -0.1169720556484101 0.3241007305038215 0
3040 -0.7245824180165612 0.1654267922186506 0
3041 0.2860120947466328 -0.7882012476563334 0
3042 -0.4728074965612458 0.5709718039348834 0
3043 0.1241458526183181 -0.3495600568887018 0
3044 0.9697797728019677 -0.01338687202656855 0
3045 -0.6775319217550709 -0.7889907602859895 0
3046 0.3530139718096257 -0.2978562117425861 0
3047 -0.3789188501182558 -0.5261179032331375 0
3048 0.4664999932387174 0.3585601029373889 0
3049 -0.37484997007399 -0.5578112636742096 0
3050 -0.4364186547387446 -0.3833491091524502 0
3051 0.9763262939112305 -0.385845030258153 0
3052 -0.8326347931904849 -0.7922420998044037 0
3053 -0.4074210024873531 0.3922177489848229 0
3054 0.9704733721490837 0.9352461149431484 0
3055 -0.1534696106525982 0.8714726222624471 0
3056 -0.2577408595375571 0.5015676366548336 0
3057 -0.2182181098214258 -0.6124121085778871 0
3058 -0.7806401647323471 -0.2947581024997238 0
3059 0.9723690087705303 0.270264504846969 0
3060 -0.6594908410673411 0.7651839277189019 0
3061 0.9067351440159924 -0.4722713749254753 0
3062 0.9705385823359649 0.757333545450609 0
3063 -0.3051644269202624 0.5290245991668221 0
3064 -0.9726652845445412 -0.7728736846720156 0
3065 0.4459727660709814 0.6271863696915381 0
3066 -0.09781282603211008 -0.5002964642707514 0
3067 0.1604323836021928 -0.8559227633733948 0
3068 0.3444493857437236 0.003108227185570088 0
3069 0.009096069446856299 0.2979568472775043 0
3070 0.8399785947766395 -0.9325391809805463 0
3071 0.9314638096291894 0.18719207549248 0
3072 -0.6886595631283611 0.3878377585661504 0
3073 -0.8680132637031865 0.9753508395438695 0
3074 0.7267493148993494 -0.4119340090820562 0
3075 -0.5472868774360489 -0.2812116390254436 0
3076 0.628023491200115 0.05112947355618648 0
3077 -0.2562554389152435 -0.2328260997803077 0
3078 0.8077516770816406 -0.3010331868704629 0
3079 -0.8592925914988994 0.7396108934501981 0
3080 0.4909878941552549 -0.9236389314744395 0
3081 -0.225433213653277 0.02863137108510302 0
3082 -0.6998831114499315 -0.4027555981084628 0
3083 -0.4271951070710583 -0.6660821140870654 0
3084 0.5665888458211785 -0.7455117778065563 0
3085 -0.9193770301078734 -0.5296885323203093 0
3086 -0.1237688989978486 -0.9735170463160513 0
3087 0.8378642798285239 -0.8566161800557992 0
3088 -0.3844841118694143 0.3104024897367882 0
3089 0.4747573648706232 -0.2330685269154199 0
3090 0.06680884392403191 -0.9402776720013613 0
3091 0.2076369234551294 0.9717717114531166 0
3092 0.4868388573399826 0.4002471770059324 0
3093 0.06761129996636064 -0.4307616761126221 0
3094 -0.3179461333771753 -0.1278882012107934 0
3095 -0.3474822291201192 -0.8098957651574057 0
3096 0.3857065956523992 -0.5069197423723861 0
3097 -0.09709942363593463 0.7160768665121299 0
3098 0.927948623841601 -0.8294095727307162 0
3099 -0.01851495384118873 0.4240114692750138 0
3100 0.1225921794510875 0.9713194335550217 0
3101 0.2383858715058643 -0.8524573717468028 0
3102 -0.686621765867369 0.5796425447777709 0
3103 0.4068300496548605 -0.3798399004788557 0
3104 0.01100340823656035 0.06942578826300001 0
3105 -0.1375182811504921 0.1466512462809121 0
3106 -0.8105909821669821 -0.2624587301266696 0
3107 -0.03267480119512138 0.1243291632804934 0
3108 0.4946325185613104 0.7065540911662269 0
3109 -0.1219705143382082 -0.2736141429954704 0
3110 -0.8318167010902027 -0.3823175375714727 0
3111 0.6102726732196818 0.5706545697810687 0
3112 -0.7777647998860097 0.9725839352934651 0
3113 0.5947977858817425 0.3461084784719986 0
3114 0.327955390478594 -0.5040885050158712 0
3115 0.1666038825086232 -0.8076950030872597 0
3116 -0.6243626005135613 0.1327253246112151 0
3117 0.4873851166962089 -0.4034517790806542 0
3118 -0.6629656091978132 -0.3788190596891255 0
3119 -0.7999860166789703 0.122056508065616 0
3120 -0.5747790336395174 -0.2788108600028202 0
3121 0.09609943344700891 0.8895138339090597 0
3122 -0.1752271818244348 0.7721829726092573 0
3123 -0.8594871877340541 -0.5278809536940082 0
3124 -0.5727652759205635 0.2718914802300401 0
3125 0.7918779821465062 -0.1672719353921622 0
3126 -0.8027878333942828 -0.3845125777158226 0
3127 0.6562592694293056 0.08884838064526415 0
3128 -0.6163177418379616 0.3477251505315903 0
3129 -0.7168091008399994 -0.2757308636946671 0
3130 -0.2957877501060469 0.2855165185130243 0
3131 -0.5833338709771754 -0.5502263988705798 0
3132 -0.6363516125002588 0.3664288402946788 0
3133 0.52674944776044 -0.2183522279377365 0
3134 0.5784351951341479 0.5343714058099081 0
3135 -0.6650427940351633 -0.3285267921568281 0
3136 -0.2594329981785531 -0.12868003991381 0
3137 -0.8024868358673238 -0.143709061576707 0
3138 -0.2750843284708639 -0.1520149266714977 0
3139 0.6414304374047701 0.7805355714283109 0
3140 0.3163249404033567 0.3411051474443251 0
3141 0.5269514526918881 -0.1657327547196012 0
3142 0.221502695474097 0.03969234374514456 0
3143 -0.06636757845590167 -0.5407566839609463 0
3144 0.5274288615866854 0.02396730986123194 0
3145 -0.9307301701905564 0.6671333828822588 0
3146 -0.4559695913803777 0.3662565102428859 0
3147 -0.7043754162480812 -0.602511751219548 0
3148 -0.3787250328007813 -0.3936953981780738 0
3149 -0.3984330540639556 0.770699978747859 0
3150 -0.2064027856041081 -0.8356613949476538 0
3151 0.1824919511768315 -0.6447308898877904 0
3152 -0.402062434427947 -0.480797191036461 0
3153 0.1423560151141072 -0.1388280130340649 0
3154 -0.7698917894873731 0.9384876875957542 0
3155 0.9337800134041756 -0.9741610485425374 0
3156 -0.3877796914328214 0.8554268467289883 0
3157 -0.1739497916591412 0.04670985559303464 0
3158 0.9102691037085473 -0.7368903173725818 0
3159 -0.5715571665145918 -0.3308760424881102 0
3160 0.4791609280375682 -0.03206023049982353 0
3161 0.4396458868404404 0.07383298261436236 0
3162 -0.462842653146523 0.413888146183214 0
3163 -0.5589078492548675 -0.1828685385681606 0
3164 -0.6866591133041191 0.9268235705807798 0
3165 -0.3216253326910271 -0.2295925187258545 0
3166 0.6767294858852184 0.3919829001577432 0
3167 0.5947088849299657 0.6647770444900597 0
3168 0.7743058732928479 -0.3061715365105545 0
3169 -0.558245296702051 0.7576982214296646 0
3170 -0.2106221161138793 0.4812340062735329 0
3171 0.6502935098615064 -0.377670685209557 0
3172 -0.9739869130085679 0.05663121312196059 0
3173 0.8377623232737569 0.46856137446622 0
3174 0.7362729481024406 0.7143285478794925 0
3175 -0.4693860616218803 0.6699019558531216 0
3176 0.9373528644126417 0.3178495241087723 0
3177 -0.7279020821234841 0.9675301822436919 0
3178 0.7884180201493154 0.7033584543332676 0
3179 0.9781824221808451 0.8603025252864569 0
3180 -0.2591289048831291 0.7393944993779087 0
3181 -0.8601639953734758 0.3768598391500358 0
3182 -0.2962402376393241 0.9745592715776594 0
3183 -0.6329329814851876 -0.2567101125512141 0
3184 -0.2426381984985523 0.2443842197596411 0
3185 -0.1925756219477141 0.6832926636091929 0
3186 0.4931594147207743 0.6175972304918343 0
3187 0.08461844225808293 0.9343947134258 0
3188 0.5139169463293549 -0.1941131716949403 0
3189 -0.8486893676330267 -0.4052825287564535 0
3190 -0.8645643780223475 -0.2402983200329852 0
3191 0.02855578556140369 -0.6912948083739786 0
3192 0.6655911903260145 -0.5462826036382029 0
3193 -0.2751679616620271 -0.314922426066792 0
3194 0.6980786198970694 0.8883332804019322 0
3195 -0.4024470765764149 -0.8368132049422684 0
3196 -0.3779871100384732 -0.8880625517684391 0
3197 0.8295876299883609 0.8572269332557164 0
3198 0.5017867600175165 0.2848272640048823 0
3199 -0.9744646984577401 0.8657527335986211 0
3200 0.0895154313245588 -0.8736654902942346 0
3201 -0.7148289464888467 0.1010219119409034 0
3202 0.09691836452847216 0.216679622176403 0
3203 -0.02933802314270458 0.226016549005865 0
3204 -0.2292855811461386 0.9341905710877506 0
3205 0.05553427461393121 -0.08983972234630838 0
3206 0.8097915232208706 -0.6420387711126431 0
3207 -0.2282235052152136 -0.1324559011785922 0
3208 0.9719147022425167 -0.5993409834503569 0
3209 0.4535826624277942 0.3040335107135523 0
3210 -0.9720121892415564 0.1819450759266484 0
3211 0.8291712858948914 -0.1349900913187368 0
3212 0.734425602934382 -0.9180517382216981 0
3213 -0.5980156307541937 0.924197795055907 0
3214 -0.3331878798166915 0.3145813142784211 0
3215 0.8025590298123585 0.1785695493094735 0
3216 -0.491485279422285 0.5505744488088848 0
3217 -0.7120452095965673 0.7905266486578129 0
3218 -0.9724124834077902 -0.8652239302912426 0
3219 0.05232573791108017 -0.2346631963056963 0
3220 -0.06988475371319484 -0.2586852459553592 0
3221 0.7956969443988942 0.2362433168844334 0
3222 -0.6373395774628219 0.2788578014181721 0
3223 -0.5380941490608077 0.4647871367083223 0
3224 -0.0717452908367964 0.5072881293010987 0
3225 -0.9742737173863112 -0.4508274604472809 0
3226 -0.1496317698558463 -0.8159867465982082 0
3227 -0.4543885787285148 0.7013170052892775 0
3228 -0.2996005425578261 0.5958767202489239 0
3229 -0.4126408092420045 0.02861289694063711 0
3230 0.7023219662795279 -0.01690925497839013 0
3231 0.6965544216249171 -0.9304856263092643 0
3232 0.4936302804208466 0.190484335456336 0
3233 -0.4415865378738794 0.258896648094865 0
3234 -0.6784671217524234 -0.7057246960203503 0
3235 0.6699701661496884 -0.8475441322861114 0
3236 -0.4903574897244057 -0.5682841414262167 0
3237 -0.6227669026313836 -0.7136545627201049 0
3238 0.4616428380480274 -0.7945469266545502 0
3239 -0.1301318789502956 0.7349888907226211 0
3240 0.1473056753794575 0.2260775217398248 0
3241 0.8220970579672158 0.6581088319381253 0
3242 -0.9762443055476538 0.4735894337968938 0
3243 -0.8787418651088857 -0.7476650797508919 0
3244 0.2529229075239092 0.2933205317251517 0
3245 -0.2350432144423451 -0.1785580163972504 0
3246 -0.4185215316734076 0.1350856362906067 0
3247 0.1869660246910779 -0.8715516198177033 0
3248 0.02911707295753982 0.2772977277533573 0
3249 -0.2986369970855199 -0.8849488798003025 0
3250 -0.6743111268141954 -0.6130115596087539 0
3251 -0.7156213202354161 0.2175735155248595 0
3252 -0.3090101792539411 0.3577857872430859 0
3253 0.05631273649571617 0.1856505103305731 0
3254 0.6036630656545102 0.001988878849210096 0
3255 -0.07756327380247086 -0.6182338064612775 0
3256 0.101519749330381 0.3295591499951934 0
3257 0.802579105199174 -0.5153052678807941 0
3258 0.1192899423416089 0.06943834267911271 0
3259 0.4371863660837819 -0.596991711145831 0
3260 -0.4049379548899906 -0.6166924194551259 0
3261 0.3236181921929738 0.06154278418783023 0
3262 -0.4229483566945098 0.9775751517644157 0
3263 -0.5911834805335898 0.641123397933275 0
3264 0.5787417956541158 0.1985258809077233 0
3265 -0.01585853693325432 -0.7009054645454215 0
3266 0.7468003821363833 -0.05128297103080172 0
3267 0.2332048375862032 0.3211151794939163 0
3268 0.5708118141309886 -0.8899245973382455 0
3269 -0.6622146691990791 0.01143669027220766 0
3270 -0.4024221818546117 -0.3729936983949034 0
3271 -0.886156615229939 0.196624448994253 0
3272 -0.427337344345878 -0.5608821962559566 0
3273 0.9347871309607099 -0.3608963187561172 0
3274 0.7409230995213187 0.2517516851195845 0
3275 -0.3953454516096149 -0.3435220968922697 0
3276 -0.4724479185347575 0.8891359262924798 0
3277 -0.4843603347618956 -0.2187537389260003 0
3278 -0.7301911821434504 -0.6245997861769983 0
3279 0.419366183549769 0.8903120513200048 0
3280 0.00837606963953642 -0.7869096542742269 0
3281 0.2215269000216605 0.1422600675609955 0
3282 0.8456662590168098 -0.5924071515454514 0
3283 0.310194515048583 -0.7616444518566454 0
3284 0.3055397282879342 -0.9391651032927838 0
3285 0.2659056476396867 -0.9725822740965209 0
3286 0.439811079782109 -0.1423241250238592 0
3287 -0.5642597188670548 -0.3837813767563827 0
3288 0.8517958594996538 0.1736495081645371 0
3289 0.3105058965447516 -0.1027768481013783 0
3290 0.02548923235214345 0.223474086573951 0
3291 0.001706890190638788 0.2011902357519029 0
3292 -0.7032996732090865 0.7431483660121105 0
3293 -0.6513691063045439 0.9746824984686725 0
3294 -0.2063118205764061 -0.06023150424017321 0
3295 -0.2227759042564557 -0.08482076255322892 0
3296 0.2684465667616951 0.1568798225783533 0
3297 0.04206738633560907 0.05761463787173939 0
3298 -0.3203736285344566 -0.6362659230294903 0
3299 0.924915228957482 -0.06578164214924818 0
3300 -0.7085211341893642 0.4610328026829036 0
3301 -0.5979037518863403 0.8678443373495743 0
3302 -0.3620239856751518 -0.2724811712931424 0
3303 0.331292487590353 0.2653631227630084 0
3304 -0.760249104001244 -0.4096788257618134 0
3305 -0.5911143504143059 -0.8388898779864631 0
3306 0.3358559603859286 0.125143052922799 0
3307 -0.02553351093033521 0.8127859080566838 0
3308 -0.3522331592183263 -0.9383354455961928 0
3309 -0.4295834130857225 0.5213813836467954 0
3310 -0.8398907324577776 -0.001252865770651333 0
3311 0.5809161230195217 -0.8327529317211155 0
3312 -0.384254194858318 0.1301962739379025 0
3313 0.7556218685849535 -0.006305436053419254 0
3314 -0.8262822235906385 0.343605709727134 0
3315 0.2892588412664103 -0.5369307279589377 0
3316 -0.2784441919943557 0.04732003537505271 0
3317 -0.9036032892951622 0.1110873201427892 0
3318 -0.1779412686249573 -0.2741281646087541 0
3319 -0.09899492580198686 -0.6723767393491606 0
3320 0.5237767484768454 0.0553329172279714 0
3321 0.2030075154604813 -0.9208048007385966 0
3322 -0.1601886667318611 -0.6275534618526869 0
3323 0.7056362139139782 0.6783724737288606 0
3324 0.2459056087142883 0.06274955636668736 0
3325 -0.7174704312088387 -0.7552805625557073 0
3326 0.9379156623096663 -0.264726006221162 0
3327 0.8154828855861455 -0.4038013855360595 0
3328 -0.1219582336893397 0.254277958878001 0
3329 0.01471980630522825 -0.5397879940553393 0
3330 -0.4860623371210026 0.3631565774351774 0
3331 -0.4818753006090494 -0.09031273363729408 0
3332 -0.5792526235083794 -0.742471594625729 0
3333 0.6951802636904248 -0.8330744904530627 0
3334 0.2884279126787631 0.9386609239367465 0
3335 -0.1664380773500483 0.6303653534484512 0
3336 0.6233266138717535 0.8430690811958732 0
3337 0.5940867243680711 -0.739837008899578 0
3338 0.1032842175402807 -0.2594062235617448 0
3339 -0.2173936747805381 -0.4570326266224967 0
3340 0.353906004752752 -0.05478040423910037 0
3341 0.7385151654273251 -0.8141441720060465 0
3342 -0.6201680233280575 -0.4500679826277272 0
3343 0.5264866578744549 0.1850357570392257 0
3344 -0.1309324477929035 -0.9237740648338568 0
3345 0.7195602750778645 0.8636851823200061 0
3346 0.5858596147648975 -0.4659684739429118 0
3347 0.3141280048178243 0.2431269518167993 0
3348 -0.7696453476065341 0.08473961664612462 0
3349 0.3269296630419628 -0.4149982986681734 0
3350 -0.8510416861064108 -0.1104610453385211 0
3351 0.9380704401450046 0.8035613409120279 0
3352 -0.5629152001722886 -0.8341772277519366 0
3353 0.8580795168909692 -0.2913205628617144 0
3354 0.7532853604929496 0.2763892494026322 0
3355 0.379378868969775 -0.5833040538388552 0
3356 0.6589327308916247 -0.9741817298832738 0
3357 0.03388148872031809 -0.1973614299909767 0
3358 -0.6556130395386423 0.0459345904650283 0
3359 0.877644374143696 0.8816552734884385 0
3360 0.04222449815948529 0.3339582762663347 0
3361 -0.5918033095738342 0.3045633082584143 0
3362 0.06672837111215643 0.3044616924814531 0
3363 -0.4716346490991598 -0.7998162081227294 0
3364 -0.819165296492339 0.8156716816858588 0
3365 -0.5657730501682489 -0.2311170385397701 0
3366 -0.9094255711812296 0.5292155622196288 0
3367 0.6118687351805486 0.8745601242943069 0
3368 -0.7730991610883661 0.5982510852806753 0
3369 -0.1370249657454274 -0.2981590494742282 0
3370 -0.3343161118974013 -0.07959328426869673 0
3371 -0.7685444543590585 -0.0661797022703406 0
3372 -0.8627638654759602 -0.7042411358081226 0
3373 -0.8261281122805628 -0.4898866294009255 0
3374 -0.2690581475939041 0.0198760266656301 0
3375 0.4228085889509953 0.5114816696236819 0
3376 0.222255762037464 -0.7934324413757404 0
3377 -0.1789521705973089 -0.06518024698569869 0
3378 -0.7123761480933284 0.3736868317588705 0
3379 0.2438283253092758 0.9721367181331917 0
3380 -0.6799118887773155 -0.644955152759203 0
3381 -0.2615871505483075 -0.06966967512462106 0
3382 -0.6405433856869297 -0.738431435358389 0
3383 -0.8728407511778808 0.4818449821882042 0
3384 -0.4250875810161688 0.08997283107009786 0
3385 0.7837924080387096 0.1035477772090237 0
3386 0.9295003247064428 -0.1047985051365233 0
3387 -0.01221423057605987 -0.4156136983087029 0
3388 0.6619841230413925 -0.07705375632202154 0
3389 0.2300504339752898 -0.1926816235667693 0
3390 0.7296049083229392 -0.3569694753209978 0
3391 -0.5462169179250731 0.8377986455714903 0
3392 0.8568716226236475 -0.6274636215889706 0
3393 0.685007143980307 -0.09723942329953608 0
3394 0.6722764087581199 -0.4874352476183996 0
3395 0.7188958710732589 -0.8738060493973095 0
3396 0.4411786000890937 0.6782072367151948 0
3397 0.8200859145077096 -0.07963189016566996 0
3398 0.2701097980379585 0.2092222373168443 0
3399 -0.1282475525621186 -0.1130967866218279 0
3400 -0.2663971866385098 -0.7551038716126104 0
3401 0.2550236478827195 0.1840516991162854 0
3402 -0.5578663859321457 0.3998804639707597 0
3403 0.4027967708298166 -0.06857059325266768 0
3404 0.9767463967048384 -0.0930421878083611 0
3405 -0.8097681987273182 -0.4329744031050008 0
3406 -0.8241202972782973 0.7731187060084136 0
3407 0.2135057699417755 0.8676056523216074 0
3408 0.9748150998525607 0.5916211827929871 0
3409 -0.9246194660608829 -0.3376926076603737 0
3410 -0.9292215441327655 -0.3097252229208801 0
3411 -0.6311128323289019 -0.3343118228183102 0
3412 0.5642569611568926 0.1534623513894591 0
3413 0.3381523878979851 -0.7652320629330212 0
3414 0.9788256459458209 0.05629211232874867 0
3415 0.2356359130857987 -0.3053170547768065 0
3416 -0.6887217597631337 -0.03072325454418339 0
3417 -0.7046718046368943 -0.1796934074482348 0
3418 -0.5414809744170572 -0.2368728908617188 0
3419 0.3618784726625638 -0.09886633425574334 0
3420 0.5241413802741474 -0.06146749907908572 0
3421 -0.01423945586203025 -0.201026768475963 0
3422 -0.2408844590693695 0.1276686817794562 0
3423 -0.2189031301094834 -0.7516491786930505 0
3424 0.8413024071873123 0.4126224450568794 0
3425 -0.8588489791397418 0.4349803240230881 0
3426 0.03381418520024259 0.4331632762314478 0
3427 0.9343343240208839 0.07562186792022142 0
3428 0.4397260136314611 0.552835143426971 0
3429 0.5496537640077304 -0.7183398532299847 0
3430 -0.9272830949499228 -0.4716227520935223 0
3431 0.7195876647680464 -0.06513710934093839 0
3432 0.5435383755067759 0.6297260138362336 0
3433 -0.3019800773905053 -0.5371579362547984 0
3434 -0.8801467512718881 0.6430670758445395 0
3435 0.3672984077095846 -0.2468994432202782 0
3436 0.1689038272762343 0.1175867776049656 0
3437 -0.5018030089308249 0.6276930937513809 0
3438 0.8874015020609365 0.3119765855016215 0
3439 0.2320404070467294 0.2715473384170142 0
3440 -0.9000058750238491 -0.6388678146353756 0
3441 -0.8592035272806112 0.5445032517656172 0
3442 -0.205977046284827 -0.9756580666686279 0
3443 0.3632534378500388 0.4296941228663954 0
3444 -0.6366070701523895 -0.8692337395843421 0
3445 -0.8310852191580129 -0.6720453015522388 0
3446 0.2135635758947914 0.09236941297687153 0
3447 -0.9363649120080133 -0.9223708790284442 0
3448 -0.04716046930598185 0.7928925832978049 0
3449 0.478159637827073 0.5279888517125964 0
3450 0.7732121268947293 -0.5596090440945181 0
3451 -0.7090325626472643 -0.099856613682789 0
3452 0.03615775936651685 -0.5640139798788543 0
3453 -0.3293394990255557 -0.5882268625643745 0
3454 -0.4594992550163489 0.932775628449321 0
3455 -0.2659544651149095 0.3305476425922885 0
3456 -0.05344638949655765 0.8763960509624682 0
3457 0.6981484437022164 -0.6459300194092209 0
3458 0.9725511814780471 0.4556087462481865 0
3459 -0.5480331438740971 0.6042949613221275 0
3460 -0.4835243365690443 -0.4113652111085269 0
3461 0.9101520450172034 0.5332522727498457 0
3462 -0.5781392145499753 0.5957645035806637 0
3463 0.8575284799183468 0.2942959635629652 0
3464 0.8744833406199894 -0.5791717583500735 0
3465 0.6582836123620656 -0.1366127096566801 0
3466 0.2163386497392867 0.3746628741660981 0
3467 0.003877204950167377 -0.9344793689604273 0
3468 0.03768597524980939 0.809754452109556 0
3469 -0.8177400117695567 -0.07457619228422491 0
3470 -0.1597688962702959 0.4991874664124618 0
3471 0.2580512469911119 -0.5392019025057891 0
3472 -0.01844858951352421 0.3349735198866788 0
3473 -0.07614764143751457 0.391245061439755 0
3474 -0.2683027473870521 0.6835889249804332 0
3475 -0.07877229733203542 -0.4128235286025973 0
3476 0.2890550456765949 -0.3122293703676345 0
3477 0.4141546336195985 0.7329182117723674 0
3478 -0.08810036864967331 0.3631945722992327 0
3479 -0.244084523016748 0.3041151858012655 0
3480 -0.2125275838339301 -0.1101513751706576 0
3481 -0.1309988655875203 -0.7464751696420967 0
3482 0.0958837615221864 0.8461262185429967 0
3483 -0.4038018983819297 0.8051503993076795 0
3484 0.7825422697718061 0.3099559730988739 0
3485 0.1820468578940466 -0.5346644076609132 0
3486 0.5845227511435824 -0.4213477710198063 0
3487 -0.6855592088780412 0.4149588320043536 0
3488 -0.07508971270156407 -0.05623037433284826 0
3489 0.2815806773630581 0.8515619714855256 0
3490 -0.9394721450523478 0.573009841308601 0
3491 -0.6509779888905041 0.2163926354389564 0
3492 -0.9353350018371358 -0.07280651293409991 0
3493 -0.7050469649844535 -0.3037152273831746 0
3494 -0.08434229344202659 -0.1267271077430862 0
3495 -0.1146814245789431 -0.1711579100063726 0
3496 -0.9307223681112207 0.6069167678765481 0
3497 -0.7376240440539292 -0.5690707393029771 0
3498 -0.6033961351321407 0.6815468805519833 0
3499 0.6957800139584704 -0.3172519577209474 0
3500 -0.3388633458544617 0.8804692428214749 0
3501 0.4636863176542281 0.8925950537538908 0
3502 0.6889335064293112 0.2207284529567189 0
3503 -0.7699835320756456 -0.743171222936811 0
3504 0.03197799531806721 -0.3894933813627654 0
3505 -0.3270799546827993 -0.9761443177380755 0
3506 0.5665118096379675 -0.2471107475495104 0
3507 -0.5012965078131911 -0.4763981242744519 0
3508 -0.1398005245150304 0.6849375263958084 0
3509 -0.8885376795828297 -0.3775887623399614 0
3510 0.4518170490408457 -0.942069925918583 0
3511 0.8383637958267958 0.9038595908812894 0
3512 -0.6265191099140057 -0.4784441533232848 0
3513 -0.6645031122878076 0.7131270092801597 0
3514 -0.8368274866351105 -0.4313256094579315 0
3515 0.5134896912715758 0.7563201682120235 0
3516 -0.2943124871111312 0.2398954511571857 0
3517 -0.9341302478761939 0.4548428192155707 0
3518 -0.1845217618916716 0.7208666709922138 0
3519 0.931305196479792 0.02644369615334417 0
3520 -0.3567171616655821 0.5430317455603679 0
3521 0.5551236153008811 0.1029149746305122 0
3522 0.926155275094391 0.4481646077462235 0
3523 -0.787368492897056 -0.8281049106742757 0
3524 -0.3418070605238584 -0.9134006927797396 0
3525 0.5285255403971995 0.5502327469103766 0
3526 0.2719170418525348 0.3824781963937239 0
3527 0.6252611470748966 -0.5102771170055875 0
3528 -0.6068531634874891 0.4054544169536619 0
3529 0.6932991724484351 -0.5092816807525959 0
3530 -0.09013126620758369 0.9763023061830053 0
3531 -0.7380412992606783 0.1175871341177777 0
3532 0.8929525575029778 -0.2410281950755707 0
3533 -0.9238560561168125 -0.8109597755573771 0
3534 0.3002226069781402 -0.5685014218981992 0
3535 0.8211885176428778 0.5594955383305982 0
3536 -0.6582489256227538 -0.9757283411439369 0
3537 0.1769168087135242 0.002266774110894025 0
3538 0.3990388230046591 0.2770212410296209 0
3539 0.1523997692057186 -0.01392047556758413 0
3540 0.1450963977502214 -0.620281504587376 0
3541 -0.6109428094528151 -0.5872294120231257 0
3542 -0.9742252821041752 0.7384221685217978 0
3543 0.9700444546337067 0.2248264334528167 0
3544 0.6864444452594061 0.7243164283188426 0
3545 -0.1446451687683762 -0.3582174395917941 0
3546 0.4696821892711049 -0.1801420572953653 0
3547 -0.2518941849215721 0.4323749550975634 0
3548 0.7010728985261282 0.5215787404273732 0
3549 0.6254334329550622 0.9767360260567766 0
3550 -0.3954610103136535 0.2291552739271223 0
3551 -0.8937979065635887 -0.431818901594399 0
3552 0.5255882318306595 -0.3192200263241667 0
3553 0.6318310384742292 0.00828502285822595 0
3554 0.8776552278468416 0.7189421365388604 0
3555 -0.8602578570940336 0.688502485679604 0
3556 0.279440504227043 0.894400578173709 0
3557 0.6543209581418318 -0.5725874854451022 0
3558 -0.4531130180986063 0.619374152918178 0
3559 0.1754780674711778 -0.4862265347573914 0
3560 -0.5513380956092943 0.03639912481273295 0
3561 -0.1328311982430481 -0.05424704779498161 0
3562 -0.7118657724676679 -0.07037854242614028 0
3563 0.2934518381835333 -0.05226893025400205 0
3564 0.02934565471904088 -0.8923029767647644 0
3565 0.354974982017443 -0.7365949387239742 0
3566 -0.5155959665808245 -0.9346547242933675 0
3567 -0.8412631167893772 -0.8209993076862774 0
3568 -0.04277446853979777 0.9032312050568141 0
3569 0.4765337141992692 0.09144663344510781 0
3570 0.3572501827115772 0.216002799452878 0
3571 -0.3963600702468795 0.5676670309364967 0
3572 -0.3568079355592745 0.2957355335629624 0
3573 0.0002456042872511027 0.9743669750728552 0
3574 -0.8195078141245564 -0.02317095649186118 0
3575 0.1455201706276435 0.8580663645779372 0
3576 -0.5263387686406712 -0.6109343395315912 0
3577 -0.889995697998423 -0.8880825507613159 0
3578 -0.9776566060714749 0.2973184098063529 0
3579 -0.07547449316328392 0.8282310070329253 0
3580 -0.8759697994362421 -0.3264441481072896 0
3581 0.8907042394601019 0.624585339485872 0
3582 -0.6487630055519849 0.3094862576941033 0
3583 -0.3510040375853054 0.7988349252679106 0
3584 0.4443799820405706 0.4612396675717771 0
3585 -0.3863946920477075 0.8825735297514129 0
3586 -0.776980966196575 0.139669050176861 0
3587 -0.1882005079568991 -0.9325869582577929 0
3588 -0.7049976444643505 -0.5394269866738601 0
3589 0.8589877630236924 0.6304183779378781 0
3590 0.8764566826758831 0.5777631431418434 0
3591 0.5316971295640357 0.280951685990302 0
3592 -0.3161691063599257 -0.1818168519403912 0
3593 0.9749423069850409 -0.6860660740439832 0
3594 0.02480121451659913 -0.2979860402077594 0
3595 -0.4976252377151251 0.0703901377610219 0
3596 -0.6881829852397481 0.8436819044819277 0
3597 0.2445783630800217 -0.05709917713789985 0
3598 -0.6118279032449654 -0.3964196117918953 0
3599 0.5463145858554562 -0.5051601454546768 0
3600 -0.349747123248262 0.3845486033439582 0
3601 0.06104558433856046 0.2476161454535974 0
3602 -0.1365800213053905 -0.8768671021141854 0
3603 -0.3986996511135835 -0.07801242317126975 0
3604 0.2860962551379057 0.3343171811530566 0
3605 -0.9746735217340018 0.8102134572424559 0
3606 -0.9760664141973109 0.5364936972745729 0
3607 -0.3258522462802939 0.4789099634057455 0
3608 0.9374094710673572 0.2639576047032817 0
3609 0.1975460766602377 -0.6090575215047115 0
3610 -0.7608269188255586 -0.01195188856969441 0
3611 -0.6874090335743033 -0.7601332723547964 0
3612 0.5162254895727605 0.3320209533697329 0
3613 0.05834461951045708 -0.5139228541491434 0
3614 0.2491608112699273 -0.1162834007256572 0
3615 -0.7313152516623241 0.7369724763807497 0
3616 -0.5109797497632069 -0.3660505257108478 0
3617 -0.9203683091351778 0.7609023972918851 0
3618 0.7383869244409952 0.5485605388699841 0
3619 -0.05744524475545844 0.9259726023810184 0
3620 0.3130833304893518 0.2948277836494826 0
3621 0.4469488174632241 0.7688475631648073 0
3622 -0.9387093596236419 0.1834932324348523 0
3623 -0.8809857474768301 -0.5572822208378858 0
3624 -0.9780526470960798 0.003644110406723079 0
3625 -0.5821762854058236 -0.4913175570609492 0
3626 -0.7463322200967191 0.2170131050146689 0
3627 -0.4088126480456972 0.6196013674775069 0
3628 -0.6298531219021741 -0.6309389942198511 0
3629 -0.2175526196898504 0.1672131850117864 0
3630 0.4415691825463526 0.4130829829309731 0
3631 -0.5997768017108238 -0.7682500210145653 0
3632 0.1195039041816614 0.9396547255171079 0
3633 0.3568075327716807 -0.6881809790869661 0
3634 -0.435493960934959 0.3460850302794112 0
3635 0.5661003491679348 0.2441533643765467 0
3636 -0.1696913999593645 -0.7773947438313419 0
3637 0.5664623428607392 0.9766786030038285 0
3638 -0.3120357011175559 -0.0002069772721916132 0
3639 -0.6331068642469169 -0.1129289183019018 0
3640 0.3658753992682779 0.1769576132415181 0
3641 0.4997060411909352 -0.6368116563969737 0
3642 0.4199608750856875 -0.9777127877863464 0
3643 0.894536611741804 0.829917682076146 0
3644 -0.6793549131968286 -0.3533622014117379 0
3645 0.7997117704470226 0.1523671654654639 0
3646 -0.806365220820913 0.9761531496617452 0
3647 0.4802781711304615 0.03665493840965579 0
3648 -0.7936876259535883 -0.3402837569532789 0
3649 -0.1485121127895452 0.9731222601352402 0
3650 -0.2155139354362354 -0.5542160665776129 0
3651 0.2313574528342349 -0.5710219435758261 0
3652 -0.6002744804359629 -0.1834055055126521 0
3653 0.500073633655551 0.4546088193310778 0
3654 -0.09712084018510116 0.06195254971906853 0
3655 0.0461832101779506 -0.7156890078076108 0
3656 0.7214267859224324 0.8127397239175667 0
3657 0.1558229845294611 0.9757595214621556 0
3658 0.9015048158696507 -0.6565127080693984 0
3659 0.03681373340441358 -0.4370551027241237 0
3660 -0.3628185412833982 0.9243627214869617 0
3661 0.2300927156453079 -0.7396301595643795 0
3662 0.2539183250974835 -0.7514033045726974 0
3663 -0.6333288951421973 -0.817280546563427 0
3664 -0.2737705226716093 -0.6267639311085104 0
3665 0.1460317071831319 0.1700013660017247 0
3666 0.2023176073759977 0.2746259939536325 0
3667 -0.004098153693908467 0.4732495564242611 0
3668 -0.75866101005043 0.5650347488244502 0
3669 -0.1866621408361213 -0.504342973088504 0
3670 -0.9042828227915729 0.2464760346807341 0
3671 0.9754039249667799 -0.1825027946871882 0
3672 0.1219003788499985 0.8953784455109851 0
3673 0.795597733817667 -0.755798140922098 0
3674 -0.9435258550414585 -0.04056373105431606 0
3675 0.4050358966410476 -0.9325188944132977 0
3676 -0.6466350594858589 -0.8949254038299369 0
3677 0.2804744537469868 -0.4679308972023082 0
3678 -0.9773290701550504 -0.5970149253720163 0
3679 0.2821764582905012 -0.8669364901170367 0
3680 0.8719277494670339 -0.8533555809608402 0
3681 0.700202796236052 0.3357915907797131 0
3682 0.461834317902195 0.4817918578662311 0
3683 0.9743421006930655 -0.7161568076271353 0
3684 -0.9758812679676314 0.4204285496441246 0
3685 0.1362818111277687 -0.5571467335561806 0
3686 -0.9353333584701053 0.0939715506969674 0
3687 -0.4170143714903903 -0.2758096202115079 0
3688 -0.3775477307848953 0.6586212447992017 0
3689 0.5331067154050536 -0.344117993708358 0
3690 -0.5568295597052964 -0.155054181789144 0
3691 -0.940799178462999 -0.3620056737772249 0
3692 -0.04592641325246508 -0.09891877130970914 0
3693 0.06202156881333391 -0.8538364376626043 0
3694 0.6078912109636133 -0.3450772886276697 0
3695 0.4398099566122114 -0.8975493202092675 0
3696 -0.6390097777168328 0.8310009380557226 0
3697 -0.5350442518496313 0.506835506932148 0
3698 -0.5665586237985409 -0.5795131962837454 0
3699 -0.1496315738413972 0.5482204472470893 0
3700 -0.08290772798816176 0.0417495941081685 0
3701 0.6020478319330198 0.2975485456746146 0
3702 -0.2717103415077854 0.8958076310284367 0
3703 0.2582965404442741 -0.01399150540906929 0
3704 -0.2785456616614638 0.7121485536390382 0
3705 -0.976951679091573 -0.2140306901263962 0
3706 0.761076043089394 0.501325810981382 0
3707 -0.3941645771588713 -0.7542189488441573 0
3708 0.8047408246811014 0.2643618860370542 0
3709 0.5059459349133998 0.8588239002664105 0
3710 -0.2907446248301265 -0.267185932914128 0
3711 -0.7269463233900355 0.6107795206038277 0
3712 0.186309396705854 0.2514585938008249 0
3713 0.9073496145528147 0.2675908838125861 0
3714 0.8498993160469306 0.7986555610513848 0
3715 0.3814606949234569 -0.1243565778896785 0
3716 -0.4347112805837572 0.8857927433113352 0
3717 0.6979464976573964 -0.1661299007843105 0
3718 -0.1297445552002926 0.3792561923543001 0
3719 -0.8183458017572581 0.5185779026148135 0
3720 -0.9294480409046779 0.8581380706658603 0
3721 0.9758431179438333 -0.8030974016331572 0
3722 -0.1318105753220397 0.9311822206170233 0
3723 -0.3584603222613376 0.3530719058566842 0
3724 -0.4029696364389215 0.9354883897605797 0
3725 -0.04748972904640177 0.4668966558821659 0
3726 0.5020907563982744 0.01364247637129267 0
3727 -0.936999926090333 0.01938169788431186 0
3728 -0.2196365456440628 0.6092482183671277 0
3729 0.1298589396584143 -0.0936006081213259 0
3730 -0.1364703222399342 0.2057703867586159 0
3731 0.9756097938061028 -0.8392580258343016 0
3732 0.9315492268621619 0.6028077734396826 0
3733 -0.2483806803078381 -0.8655435166425239 0
3734 -0.7317853378951613 -0.714309426370524 0
3735 0.2851833128560629 0.2523356891963454 0
3736 0.4283391170417944 -0.05203254654964682 0
3737 0.1176442800884815 -0.4038947815311932 0
3738 -0.5499252012434258 -0.02031682156824519 0
3739 0.3402408553342073 0.8222661456687376 0
3740 -0.9111367894828352 -0.5556862717177118 0
3741 -0.8766620160536085 -0.7755747300150387 0
3742 -0.7125345960106143 -0.6755434689064527 0
3743 -0.06183131302034386 -0.3854715674603969 0
3744 0.8831734252206594 0.04960443739250456 0
3745 -0.2748680387009511 0.09492723379374185 0
3746 0.8916394959054945 0.9775280541057967 0
3747 -0.8851418393553026 0.7359870189909145 0
3748 0.07408876117909265 -0.3101821466384807 0
3749 0.105200920778515 -0.9043139600023425 0
3750 0.4258270778497977 -0.02496115016922008 0
3751 -0.1587271381003109 -0.4091574360717125 0
3752 0.7460883466806598 -0.8625162602000764 0
3753 -0.3610878994191133 -0.6756652060767997 0
3754 0.7232144762218635 0.7589610835560878 0
3755 -0.7936796381456074 -0.941600530442941 0
3756 0.7806578216451237 0.9748839634537581 0
3757 0.2770646682202217 -0.2064598264806453 0
3758 0.3925300204446664 -0.840753632880327 0
3759 0.4680528965696303 -0.7051351190469448 0
3760 -0.4642327464298072 -0.01333625458363529 0
3761 -0.1122029943169211 -0.8388976601624444 0
3762 0.9339900043053695 0.7193252636981032 0
3763 0.6271352176369691 -0.975446708906347 0
3764 -0.8933978840135636 0.9786173833664913 0
3765 -0.9765779602263491 -0.8898600551221456 0
3766 0.8392269306898893 -0.4765522541718098 0
3767 0.01689488971582813 -0.8395926253190703 0
3768 -0.07332452319614734 -0.3401571726673525 0
3769 -0.7460991432446621 0.06379164112968319 0
3770 -0.7078254641400132 0.027674641797511 0
3771 -0.09315298863668039 0.6257875039742553 0
3772 0.8638180953995012 0.1065284212895358 0
3773 -0.5557889569749834 0.7870516245107717 0
3774 -0.9104439377228554 0.3550392504875434 0
3775 0.6056477552838936 0.544743342564579 0
3776 0.8753115748426757 -0.1120371386992154 0
3777 -0.3228175960550283 -0.02527816508053359 0
3778 0.9250313095666791 0.2190173846569283 0
3779 0.9392384275289098 -0.600139672979533 0
3780 0.8354785790917632 -0.8050420506619109 0
3781 0.7335816176522357 0.3258696491553694 0
3782 -0.3083809398386226 -0.04778999496640757 0
3783 -0.9788808902738766 -0.3290022708444718 0
3784 -0.2038083643514053 0.7695800286731629 0
3785 -0.9732620710255079 -0.9392442163673117 0
3786 -0.8218679110473467 0.7205847201991884 0
3787 -0.8695350681562207 0.930071050445197 0
3788 0.4003283560312547 0.8253724235889673 0
3789 0.8147011549695394 0.06228752123953729 0
3790 0.6046619013587858 0.09763636155013716 0
3791 -0.1150423895851939 0.01433239124481424 0
3792 0.751293151757078 -0.5816994535785203 0
3793 -0.5257961335867437 0.5896417887494877 0
3794 -0.9375248487533855 0.7196818185397739 0
3795 0.5974376084594714 0.6175210537807834 0
3796 0.4278522253496653 0.02599973376223957 0
3797 -0.8347265190896238 -0.3047982840553506 0
3798 -0.87986245639785 -0.6542633440820036 0
3799 0.1528063683581219 -0.4717482430173697 0
3800 -0.1822438321416135 -0.6483404639906294 0
3801 -0.5710153134081025 0.8835573912197183 0
3802 0.2037411909117816 0.9434045587957627 0
3803 -0.9734985840728119 0.9734985840728304 0
3804 0.2485768630156993 0.136061454339993 0
3805 -0.3833377099561025 0.3407879281053708 0
3806 0.2990711311914877 -0.8912052460463252 0
3807 -0.2105504280084706 0.513837645714077 0
3808 -0.5683057850244017 0.4486220151277943 0
3809 0.7757480527817737 -0.9785310802847671 0
3810 -0.8099085230987573 0.5597848170459894 0
3811 -0.107485347889908 -0.9153856799090532 0
3812 -0.1306559228792276 0.4609778798023646 0
3813 0.9764882280277666 0.7140272502257284 0
3814 -0.56295889223517 -0.8793386346930727 0
3815 -0.2871735645954214 0.466702488717843 0
3816 -0.1174722327667643 -0.6459063396339871 0
3817 0.9744269745659635 -0.143182434827033 0
3818 -0.47630476898284 -0.04130720374762716 0
3819 -0.6722055636058246 0.1613958369175753 0
3820 -0.709428193593289 -0.2222447085500838 0
3821 0.4831843799529111 -0.4400728598716208 0
3822 -0.5006032493279672 -0.03763941711994227 0
3823 -0.7655400769099463 0.3167331289833945 0
3824 -0.1050783410443521 -0.6186118005324899 0
3825 -0.9771169627383771 0.8899837708338638 0
3826 -0.4376112779726513 -0.6900702915899777 0
3827 -0.04840294551734223 -0.9315985580062147 0
3828 0.2841847126175907 0.1038123151838728 0
3829 -0.8606149319144741 0.8303256550691991 0
3830 -0.2268073966924651 -0.3005035921925088 0
3831 -0.5025853390553567 0.1255839584557111 0
3832 -0.5890112231657183 -0.3054337890086368 0
3833 0.7915106971557335 -0.9241205549892574 0
3834 -0.7063502703411523 -0.354155923039643 0
3835 -0.976134594315987 -0.6584947398829268 0
3836 -0.3117515378426647 0.5708831801133754 0
3837 -0.7175585518522812 -0.3818261906889039 0
3838 0.03746814978873225 0.1653371763830893 0
3839 -0.08600931604159488 0.1399869039807504 0
3840 -0.5732995294098711 0.9146266606075318 0
3841 0.0902594740924666 -0.5650220734665943 0
3842 -0.2612832319070614 0.9745992327634012 0
3843 0.414036114364765 -0.2353779543316198 0
3844 -0.04543914135254842 0.600146302264933 0
3845 -0.8692123621816819 -0.03478267103369902 0
3846 -0.4673897344703703 0.1626582143403358 0
3847 0.07051008904950568 -0.403364398708759 0
3848 -0.7489670327346208 -0.1345088948144456 0
3849 0.5607499591838906 -0.01507293500122693 0
3850 0.8653932924764335 0.5539097877461983 0
3851 -0.3950257150745852 0.1759074294289202 0
3852 -0.9738061830215112 0.9363574740615664 0
3853 0.3782768725617265 -0.04866991725562683 0
3854 0.787978719094347 0.925249155631769 0
3855 -0.8463707568744105 0.6039968788730067 0
3856 0.3001365526897499 -0.6659281235761183 0
3857 0.4797054136759693 -0.3500638437836383 0
3858 -0.3718903487343958 -0.2952554342316523 0
3859 0.0005095741517240177 0.8859285539221938 0
3860 -0.9759817846412348 0.6529051487497898 0
3861 0.2526792317074631 0.9398990735534752 0
3862 0.9054470350891872 0.1765514879202463 0
3863 -0.4802772098947591 -0.9765611159615917 0
3864 -0.6521241426580621 0.9289141374941821 0
3865 -0.5722643751086408 0.2360455827253583 0
3866 0.01855077941956026 0.1051495089806331 0
3867 0.8954306401203791 -0.868043859123822 0
3868 0.7826430862002788 -0.3559596639796862 0
3869 0.5382644720501724 -0.5530925340496318 0
3870 -0.5413716042341509 -0.9773892054221989 0
3871 0.555127466680283 -0.7733023186657642 0
3872 0.5547188531431078 0.3669950928746306 0
3873 0.5612061502206137 -0.3483009436223213 0
3874 -0.3596134288558183 -0.04278076113941603 0
3875 -0.1852823164787702 -0.2244107657479151 0
3876 -0.8920873555351339 0.01112077715409073 0
3877 0.7025882800931438 -0.3637644393087849 0
3878 -0.4871161797252884 0.4111930021264331 0
3879 -0.7922453394046203 0.6667332133385864 0
3880 -0.8858117576871064 0.8802502361950847 0
3881 -0.8165942783256445 -0.2171530840689877 0
3882 -0.4545496925000397 0.8364803161591108 0
3883 0.4392716458107304 0.1269980808512319 0
3884 -0.1424057379920787 -0.5133621798556406 0
3885 0.07387912672685926 -0.3534427961151003 0
3886 -0.03042102312516121 -0.1264006763469172 0
3887 0.09314550070669843 0.1223794695621196 0
3888 -0.4437670346828702 0.3925386022517166 0
3889 -0.9413023694234811 -0.8582100040844455 0
3890 -0.01059028693049234 0.8601666845395733 0
3891 0.1002800629342883 -0.008483853932974189 0
3892 0.3133892104530065 0.174836062610652 0
3893 -0.1552376987617352 0.8218496784186892 0
3894 -0.1481367441447223 0.4418642426998641 0
3895 -0.8973043874609866 -0.03998726994553003 0
3896 -0.5131770678579288 -0.08272570230591263 0
3897 -0.6583714766221915 -0.5114607385776588 0
3898 0.136046550278062 0.03171154585179854 0
3899 -0.6843370136277105 0.2845250775536411 0
3900 0.48895792150402 -0.585287508311507 0
3901 -0.4160123178762501 0.6854070723745511 0
3902 0.4306418632820569 0.1536589972408753 0
3903 0.1390650942328088 -0.8744141226972231 0
3904 0.06039117840859513 -0.6636644329858872 0
3905 -0.9741599565955992 -0.4876196713905992 0
3906 -0.4319671392727052 0.8546543270072472 0
3907 0.1637712562425091 0.9307104639726833 0
3908 0.1066954965764831 -0.6564137289855662 0
3909 0.7563340216303674 0.7805891579747026 0
3910 0.7928165507154789 0.4683609892735171 0
3911 0.4178358817684 -0.8802554175595485 0
3912 0.7815097021200563 0.5803584412093633 0
3913 0.4320776559259011 -0.2826454332333342 0
3914 -0.9201726738424606 -0.7863378632647842 0
3915 -0.7018177610572086 0.6303791248130419 0
3916 0.64661694312725 0.9339908475687346 0
3917 -0.285955478529378 -0.0006219617741441215 0
3918 -0.4621742198864754 -0.4349997314754966 0
3919 -0.2548394402565129 0.9417989727824018 0
3920 0.06036934214076285 -0.6331594266572107 0
3921 0.2517709781680449 0.895317903531395 0
3922 0.2389314365652138 0.08817559344061492 0
3923 0.9767778156088264 -0.2949418050443068 0
3924 -0.5037731396952007 -0.1654960212141932 0
3925 -0.7927395235449836 -0.1163560143485837 0
3926 0.4223051376188259 0.8064124448021771 0
3927 -0.8760656410652304 -0.6026162933717206 0
3928 -0.4716769190981151 0.09140338538483211 0
3929 -0.2601660410645333 0.6331769476984315 0
3930 0.8927990884483611 -0.03523006333090647 0
3931 0.9348075313377167 0.4175972030944736 0
3932 0.4263401343689166 -0.6693977190593666 0
3933 -0.1284340501006586 0.3008658640340611 0
3934 0.009081285311609658 -0.2405184461201542 0
3935 0.499123026236845 0.9334547538374807 0
3936 -0.7899792727432876 -0.5255081920600775 0
3937 -0.4230947645772546 -0.4668702528196591 0
3938 -0.3137147730018661 0.07375155972135874 0
3939 0.4463975366661871 -0.2246500633059192 0
3940 0.45606407427381 -0.3982448318732805 0
3941 0.8443431872710914 -0.2389623339832944 0
3942 -0.9316727270895172 -0.2177828039464995 0
3943 -0.8667222160400475 -0.8660614763053898 0
3944 -0.840283697152628 0.4529504566534034 0
3945 0.04006898333181498 -0.03753531921788904 0
3946 0.6719707434622675 0.5945252995870528 0
3947 -0.09640222609949436 0.8694782977059692 0
3948 -0.3716045405509664 -0.8455881135631625 0
3949 0.339178888579017 -0.1413533552744562 0
3950 0.9761889790498052 -0.5629524158400417 0
3951 -0.4737595937729721 0.213073368231114 0
3952 -0.4357352311284984 0.232989279376971 0
3953 -0.4494273864873941 -0.3504823801287853 0
3954 0.8656434309340103 0.9363452495899511 0
3955 0.01593547702569522 -0.6481639698536809 0
3956 0.8861524294644109 0.3431069169898857 0
3957 0.6610897571655697 0.8626028941485011 0
3958 -0.3649293397713654 0.6879187833204266 0
3959 0.7947161506431979 -0.2448434334377067 0
3960 0.5103217730095744 -0.2436740587276781 0
3961 -0.218040359336538 -0.7795821868273173 0
3962 -0.1749153369702991 0.5871964499827923 0
3963 -0.896104086620619 0.9288575942648435 0
3964 -0.7546204729260358 -0.5869577594319031 0
3965 0.8555666116139852 0.347113267927412 0
3966 0.7483380639739958 -0.9394109236449779 0
3967 -0.1167184356249562 -0.03280499859890381 0
3968 0.8556357342419814 -0.5045988762099336 0
3969 -0.9744978256569735 -0.2456213552267626 0
3970 -0.4213607002959187 0.574146574108062 0
3971 -0.2739745399603984 -0.204956124524005 0
3972 -0.1329471678407427 -0.4285780866852845 0
3973 -0.3477734671690992 -0.3680257255110423 0
3974 0.44839551686569 0.1987034588144682 0
3975 0.2641188238187093 -0.1670810500615443 0
3976 0.701011286249153 0.1370296518862492 0
3977 0.3649688714501433 0.9774789420162779 0
3978 0.8913613472554275 0.09985913790652043 0
3979 0.9435307954656482 -0.7960883409520084 0
3980 0.6025416405074889 0.3929243439841281 0
3981 0.5832511967976979 0.4397357650446986 0
3982 0.05382260823009905 -0.8068568022705753 0
3983 -0.3464324671943698 -0.1312527944466328 0
3984 0.7756293712876783 -0.05903723606997968 0
3985 -0.2614002041318829 -0.179345998727283 0
3986 0.08258458725954307 0.3592548680104459 0
3987 0.8612995139294845 -0.6743795180282235 0
3988 0.9766827482247096 -0.5103578282820411 0
3989 -0.3681048621433381 0.8395735883244106 0
3990 0.7512626769797288 -0.4942910020963866 0
3991 -0.6021446023564067 0.7950814034772079 0
3992 0.4374854043626742 0.9364634094929016 0
3993 -0.7024636164260023 0.3291503612642568 0
3994 0.6497810750375956 -0.866715339997764 0
3995 0.8835092173206531 -0.6281358914567435 0
3996 0.927141345213699 -0.6959348368953481 0
3997 0.9778453639088046 -0.62638667524147 0
3998 -0.001851681956714705 -0.3361701757792847 0
3999 -0.9197933562979692 -0.1053141048202854 0
4000 0.7333931518388634 0.0459371778744775 0
4001 0.2046960516166337 -0.1433061676012079 0
4002 -0.5263650853071399 0.8885309873686611 0
4003 0.2388622495647095 0.8633207001435556 0
4004 0.6704157282147813 0.1744742831540903 0
4005 -0.6221194647499972 0.4477591256310268 0
4006 0.9411224556486635 0.9740653500025405 0
4007 -0.3258758049580494 -0.5357177770351879 0
4008 0.1843297549618042 0.1996474994657809 0
4009 0.706432599779656 -0.1388598785214768 0
4010 -0.7459645564435933 -0.9414446676993823 0
4011 -0.02773840802073634 -0.619071969307861 0
4012 0.7470125814032673 0.9057721825349914 0
4013 -0.4224331660760511 -0.09387145759536633 0
4014 0.3827048604835944 0.7779862924480199 0
4015 -0.6991686613634917 -0.8061236182117485 0
4016 0.611756201252879 0.1686528003296437 0
4017 -0.04056756508917275 -0.2437823048791873 0
4018 -0.05972803953619975 0.9756373209957944 0
4019 -0.3493725723645596 0.7738229636670632 0
4020 -0.5913677870741094 0.360504089372856 0
4021 -0.6646225993988595 0.4637638819430097 0
4022 0.6663129181101751 -0.1642542547632206 0
4023 0.5794574051185711 0.7092847540491394 0
4024 0.6044937386842261 0.0516147362340618 0
4025 -0.5820645290010527 -0.1400706689645673 0
4026 -0.2576216517699971 -0.7092659937930714 0
4027 -0.08626051994805459 0.4654041914640452 0
4028 0.1452223114953473 -0.3689303834201242 0
4029 0.01957018260155839 -0.4157890465136773 0
4030 0.3013810762586756 -0.4284008227854157 0
4031 0.02533735243357459 -0.7626136105858945 0
4032 -0.2500665415816504 0.348875018412814 0
4033 -0.5768971215585597 -0.3577139598716383 0
4034 -0.6060224918037291 -0.5019789629452538 0
4035 0.257927621209693 0.1102344705364447 0
4036 0.1723607135894497 0.8999382620783173 0
4037 -0.6100916415846533 0.02783543735190579 0
4038 -0.5417590949625368 0.6831200256835822 0
4039 -0.6271581751296994 0.5923785372576341 0
4040 0.5673819427512187 -0.977753966792136 0
4041 0.9329400775311349 -0.6402157245498868 0
4042 0.32979834572075 0.2168372255169235 0
4043 0.1603409637264828 -0.5643864710874101 0
4044 -0.1550489552694408 0.2874306023932214 0
4045 0.3647840531864222 -0.1690429980486086 0
4046 0.603912289733019 0.2178000991936262 0
4047 -0.8519086335563647 -0.6162945534515401 0
4048 0.8402389121427496 -0.09067123989065276 0
4049 -0.7943658408894551 0.6402770182778106 0
4050 -0.4470744349961452 0.07563319614730028 0
4051 -0.9408606014297053 -0.6248651431754093 0
4052 -0.6868365458862272 -0.5586823316091182 0
4053 -0.3080636518700174 -0.7901783229518222 0
4054 -0.5239233564251101 -0.1940498615261548 0
4055 0.5704917622500147 0.7947173219558467 0
4056 0.5679125413153095 0.4667595640569981 0
4057 -0.338857149616533 -0.7239938592488456 0
4058 -0.1870465808039461 -0.6961601422955452 0
4059 0.1563842388132778 -0.3184812558374746 0
4060 -0.9208282465792749 0.4821611737894295 0
4061 -0.2990070035536742 -0.4741082741164557 0
4062 0.7553511133067987 0.1823342164498835 0
4063 0.4423279984900065 -0.4909829533566927 0
4064 0.6164854471348062 0.1440631893252812 0
4065 0.9361379176610477 -0.3151060009598906 0
4066 0.3284000283995114 -0.9789929224132415 0
4067 -0.3642506430282542 -0.7640608288869423 0
4068 -0.6430119412065082 -0.7869683875887395 0
4069 -0.8530913470574676 0.0617729434972747 0
4070 -0.5762879936860787 0.4939269602807543 0
4071 -0.1170093728056958 0.103579754311181 0
4072 -0.3427190668015437 -0.5598122104942468 0
4073 -0.7102012337622443 -0.01696082391461061 0
4074 0.2517959316844625 0.009947639751500668 0
4075 0.8096785825386781 -0.8775776248176904 0
4076 0.8332601517947724 -0.4299386837616476 0
4077 0.519685463040642 -0.03318195118039855 0
4078 -0.01580933016264126 -0.1762407924583195 0
4079 -0.7686907521568858 -0.9753975135852206 0
4080 0.8162416165400949 -0.2066186894794504 0
4081 -0.1611941694473884 -0.04463814644332524 0
4082 0.2384708186210064 -0.03054015348140112 0
4083 -0.1806836495643604 0.4772500504483282 0
4084 -0.4006345862294953 -0.2965705054929151 0
4085 -0.8853925796203003 0.3977476307002741 0
4086 0.603781702309022 -0.03433791134303856 0
4087 0.1297856464452615 -0.4857632432751807 0
4088 -0.5013363798754897 -0.2536900927454722 0
4089 0.4890906767606908 -0.2857928583700108 0
4090 -0.4034706325168338 0.2719470817128125 0
4091 0.1807667600197296 -0.2750277693987135 0
4092 -0.8674223830584089 -0.2721452139541575 0
4093 0.6311501310455433 -0.04058412048106914 0
4094 -0.09576666384795861 -0.8192212832326254 0
4095 0.202541382385336 -0.03211171953445659 0
4096 0.3308904510987873 -0.1959028759052329 0
4097 0.2216642716452971 -0.944537843179021 0
4098 -0.2068403152069951 0.2730088427646284 0
4099 -0.340428908917853 0.5682877750691934 0
4100 0.6006421873323505 -0.1298265594450185 0
4101 -0.7420180525811111 -0.2695371905510232 0
4102 0.8718015323439013 0.01015447198116073 0
4103 -0.3178095500799755 0.7017083212509657 0
4104 -0.3161650042126213 -0.2879687723969028 0
4105 -0.8354906199802045 0.6722375951681252 0
4106 0.03009927312912371 0.3813696609278912 0
4107 -0.7406632503757532 0.3569147328223123 0
4108 -0.1843238002868535 -0.5359994600636708 0
4109 0.8907001555991153 0.4248080291436189 0
4110 -0.6626038585784214 -0.1791195539252004 0
4111 0.7131750121330587 -0.6186747755112703 0
4112 0.5773660846738169 0.9101246397345341 0
4113 0.3975366304155609 0.2354339637355903 0
4114 -0.945708810298187 -0.4940487101362787 0
4115 -0.9798578572225516 0.2075466926028592 0
4116 0.7303990495504173 -0.5363464759791033 0
4117 -0.738113878822221 0.7091890799976426 0
4118 0.1883012686321485 0.2974954757655414 0
4119 0.1840457302975751 -0.736385443729013 0
4120 -0.2165003450325589 -0.8878976243897427 0
4121 0.6627738250487359 -0.9444154634133461 0
4122 -0.5473117136129082 0.08716847308695759 0
4123 0.1987325002116121 -0.3169844593304269 0
4124 -0.8478149721434433 0.7167971686745007 0
4125 -0.5524054549873614 -0.7026357845755664 0
4126 -0.6903912140488161 0.7127953610377857 0
4127 0.198050223216962 0.04633182532641547 0
4128 -0.331150791739005 -0.6805866582234277 0
4129 0.3783419590918496 -0.5354453353215355 0
4130 -0.5952729318598016 0.2159583876897418 0
4131 -0.5932210981511031 -0.6661527928997879 0
4132 0.004084696091615799 -0.1593333058123156 0
4133 0.8398727204291769 0.04062755284694015 0
4134 -0.1300816403242214 -0.009729049192453473 0
4135 -0.3716456214737723 0.7588181786431726 0
4136 0.3942044671380249 0.3924867974822115 0
4137 0.7619146653349534 0.3276184805582013 0
4138 -0.5324634536885355 0.9772676956740327 0
4139 0.6477848844085123 0.5334721387454811 0
4140 -0.2178567020168986 0.3232976932809294 0
4141 0.5494768440954817 -0.6401677491588553 0
4142 -0.05980942797579922 -0.9801984501731946 0
4143 -0.0848626339036892 0.2810617819676142 0
4144 0.8463822523261526 -0.1789523205335681 0
4145 -0.7927797559786267 -0.5715320405737387 0
4146 0.8109851938453908 0.00699916713126218 0
4147 -0.6736067606427668 -0.3027798768390086 0
4148 -0.07040803513577139 0.320532249610915 0
4149 0.9365758254682515 -0.8810789951881011 0
4150 -0.5506179028197195 -0.4497034431928253 0
4151 -0.1922830471538365 -0.009473430046229589 0
4152 -0.008903163483836848 -0.8718179203545979 0
4153 -0.7687016076143771 0.6760027141995854 0
4154 0.784173523463592 0.8587634015329946 0
4155 -0.3058996645043388 0.1557685545086383 0
4156 0.4284229996528706 0.3159377818954795 0
4157 0.4884447650827196 -0.1988244728600696 0
4158 0.4000186352217614 -0.8149368593259998 0
4159 0.1613147107256143 0.2954418032796511 0
4160 -0.08872657470302751 -0.3637492648248846 0
4161 -0.1367785185319566 0.08100886227751976 0
4162 -0.1671377515337736 0.09493100527967339 0
4163 0.3916274609597438 -0.6977207469862741 0
4164 -0.3753314696225162 0.9747079252989864 0
4165 0.4398042178814798 0.6044153235490615 0
4166 0.8724116626149943 -0.2038344226357038 0
4167 0.7364948390960395 -0.10430169173819 0
4168 -0.2416491291779656 0.008618357854792581 0
4169 -0.6306137563093425 0.3926829798334444 0
4170 -0.01546404194342147 0.9483242250797153 0
4171 -0.04449779763955368 -0.343074486531612 0
4172 0.8110699700608123 0.5366404393726769 0
4173 0.1109911668723679 -0.1463796885364626 0
4174 0.2487214596862216 -0.2429471955746168 0
4175 0.8158291648646634 0.2224408508795121 0
4176 -0.380687400891431 -0.1898173180727629 0
4177 0.1841006942515441 -0.9778027893513281 0
4178 0.6291103795456995 -0.3259862005952667 0
4179 0.52146284833179 0.1067639689725612 0
4180 0.8222693340598242 0.8846733200492087 0
4181 0.1630433140214841 0.08779171729013403 0
4182 0.6175137391968955 0.6784335482713802 0
4183 -0.9451327629495758 -0.2613254390936939 0
4184 0.202511291550302 0.8997659162968227 0
4185 -0.8548981343943806 0.6323910923685828 0
4186 -0.03469453628315623 0.1757713075493771 0
4187 0.395751406168758 0.06089874250123354 0
4188 -0.5762490491081205 -0.0162208768458373 0
4189 -0.002569351573788371 -0.0147407971142041 0
4190 -0.9394549306610656 -0.7338799414144008 0
4191 -0.04261575545580946 0.07005197186995654 0
4192 -0.4724961356635254 0.721181656808676 0
4193 -0.3308041288174665 -0.8621375181868003 0
4194 0.2120356283904046 -0.5219562982614279 0
4195 -0.5041898983983693 0.2898160392370429 0
4196 -0.7687039394532669 0.3684746925228463 0
4197 -0.5647871690804428 0.6493057992987186 0
4198 -0.8231401806267237 0.4927308995626787 0
4199 -0.05498113087799479 -0.685682783037981 0
4200 -0.8762098954998739 0.7860204992752716 0
4201 -0.7438890793005558 -0.4768100912337823 0
4202 -0.7608945848274266 0.889915685434966 0
4203 0.8129917340791164 0.4183144481851432 0
4204 0.01781087726783076 0.826017634893482 0
4205 0.2045218530900286 -0.8244625824662639 0
4206 0.006873448372610459 0.7755470576573277 0
4207 0.7982835218324383 -0.5682541678573682 0
4208 0.7848564451766065 0.6267987871384474 0
4209 -0.6055906385273422 0.9483134964998277 0
4210 0.2541256318525955 -0.9411513708201394 0
4211 0.7145256017129054 -0.4623209784876566 0
4212 -0.7482406378473649 0.6594022715133926 0
4213 0.8862536374724193 0.9250678625930018 0
4214 0.8020907997571016 0.6080651099806847 0
4215 0.03767469191353968 -0.0111796429545961 0
4216 0.6828970509187922 0.6218331191417845 0
4217 -0.9763842178011661 -0.6880946575403999 0
4218 -0.2677802605559917 -0.9787798022014351 0
4219 -0.9027398027254806 -0.8341259766231532 0
4220 -0.5332918092138164 -0.1249314195851125 0
4221 -0.7971385451770351 -0.488195595057056 0
4222 -0.837255046817999 -0.9772232287268946 0
4223 0.9432915957380171 0.4962172830498318 0
4224 -0.04540517250286911 -0.04025016376009746 0
4225 0.4099767667542505 -0.4585633442283703 0
4226 -0.2926323388375411 -0.7447926103733765 0
4227 -0.08538579954115223 -0.1717774037079847 0
4228 0.9137915450677699 0.8791284334658425 0
4229 0.5338145991093146 0.5946279186321509 0
4230 -0.171021110029361 0.3979816733719671 0
4231 -0.7577717901002607 0.1919434700828212 0
4232 -0.9391736820796168 0.04325822179712686 0
4233 0.8695506012867248 0.6735550469387945 0
4234 0.6070821078291901 0.7194226478948114 0
4235 -0.8863818409512777 0.08545326390958929 0
4236 -0.1710943195226023 -0.975384207890402 0
4237 0.01325481441184714 -0.4930872602275511 0
4238 -0.3504405002225798 0.237202841951368 0
4239 -0.8087696965047213 0.8619061098335836 0
4240 -0.1990256676555148 0.917282125671684 0
4241 -0.7943762929115658 0.8859278733866002 0
4242 -0.1380179057101156 -0.6935521081001648 0
4243 -0.3850646451397743 0.4365630392265081 0
4244 -0.3352038834497966 0.3412749525876164 0
4245 -0.8954779762670362 -0.9780727734355433 0
4246 -0.4744109693011868 0.7489759749966124 0
4247 0.3139324142822146 -0.617990203315402 0
4248 -0.6606412416948415 -0.9435574874121311 0
4249 -0.02211402514195947 0.5122541854721694 0
4250 0.4287228472901444 0.387621653582146 0
4251 -0.4344169485145596 -0.9048725215532664 0
4252 0.3288202363196783 -0.8893814677615375 0
4253 -0.8210873277487328 0.9451654218322978 0
4254 -0.8676688100873224 -0.007599209801505591 0
4255 -0.0438115034281376 0.1502903743209251 0
4256 0.2743179667705116 0.02809627113553331 0
4257 -0.6733399448689733 0.2407784058877802 0
4258 -0.3132627227646791 0.1896996464038593 0
4259 -0.5615437569389778 -0.5318530546631182 0
4260 -0.6685043393847868 -0.7337774387927296 0
4261 0.1529381033700619 -0.1689247512135186 0
4262 0.6300060544641228 0.1857445232791452 0
4263 0.3374361673113637 -0.2762339634439794 0
4264 0.5581339714791149 0.5512766785768053 0
4265 0.976936158726339 0.4280828985561992 0
4266 0.214224733690015 0.1656218485662841 0
4267 0.9797683777573163 -0.2388059701513665 0
4268 -0.5369517701567574 -0.9254771261932656 0
4269 -0.8064665370771135 -0.5989464177739611 0
4270 -0.4960425785538525 0.7098966768951744 0
4271 0.7936072633061084 -0.03198323154543458 0
4272 -0.7812572698096191 -0.158049855429363 0
4273 -0.06525807074669407 -0.5708297235649656 0
4274 -0.322477765713702 0.9073891538862353 0
4275 0.4329502383021549 -0.9247765491846871 0
4276 -0.7201743686440236 0.07281166910517886 0
4277 -0.9355811392578176 -0.9000066583330142 0
4278 0.2977721144240354 -0.5119739183966351 0
4279 -0.7563192027825405 -0.287760037199231 0
4280 0.4549390428182356 -0.09192514944536104 0
4281 0.6559402735812982 0.6926113425096769 0
4282 0.4328203589912301 -0.3269452603491929 0
4283 -9.422934970402749e-05 0.1348295490242934 0
4284 0.5600072764171511 0.750149859113636 0
4285 0.9712586692079441 -0.4141364757651531 0
4286 0.6346078757940308 0.725138510506141 0
4287 0.1895262417790819 0.174547577527159 0
4288 -0.8395936521996183 0.8698877924589423 0
4289 0.6728290355432307 0.7424225725297681 0
4290 0.2918597664325203 0.1613768398050259 0
4291 0.5469104394576614 -0.2989411752556286 0
4292 -0.2695460118809876 -0.4696181204949542 0
4293 0.6194160824928892 0.9227781929894469 0
4294 0.6576511188596459 -0.467343756775738 0
4295 -0.1574781812003171 0.1267698194670478 0
4296 -0.07381999027395938 0.4180109440848189 0
4297 -0.04527664315691323 0.3829148104355164 0
4298 -0.9404699362789778 0.9339869052910452 0
4299 -0.1336970518680805 0.6085593870610309 0
4300 0.4696624862946129 0.6310902130031771 0
4301 0.2657158558751017 0.2335337062372906 0
4302 -0.2929994808763985 0.874347636267496 0
4303 -0.7749370142193763 0.7442331662834512 0
4304 -0.9495873116797766 0.8158153980098893 0
4305 -0.02625303896735397 0.7227659306637753 0
4306 0.6244762893387678 -0.869968414841099 0
4307 0.6119844386114792 0.4585694342307414 0
4308 0.936363457441816 -0.5118237102485242 0
4309 -0.3090065926484792 -0.3822005258459224 0
4310 0.7626290138583794 -0.8042119910947019 0
4311 -0.03800638603389878 -0.216768898390982 0
4312 -0.7904568586223051 0.1835221302083814 0
4313 0.1778347458090572 -0.2105489660880254 0
4314 0.4392694962436123 -0.1924349217970723 0
4315 0.2258398174162053 -0.0741274043178007 0
4316 0.7430441732771061 0.8526666799106276 0
4317 -0.4394072449259677 -0.323698948024198 0
4318 -0.5160341553406392 0.8658700756200312 0
4319 0.8121997688332177 0.9380810333233449 0
4320 0.9752600094248512 0.6381983716297898 0
4321 -0.4829036625194327 -0.7064644339599713 0
4322 0.7316725798473236 -0.295463862331857 0
4323 0.3317758178498606 -0.8591539183018089 0
4324 0.2261363899135753 -0.1004952645689843 0
4325 -0.3417757415259891 0.1887055053786855 0
4326 -0.3486565011404096 0.1622501915857864 0
4327 -0.1095295341245836 0.2792515962488606 0
4328 -0.3647568408932498 -0.1114916653475969 0
4329 -0.7618836220796767 0.7012488182812264 0
4330 -0.7464975912525275 0.00994384038287671 0
4331 0.3625477122288062 -0.6354088684712229 0
4332 -0.07884613066159429 -0.006951424131416842 0
4333 -0.2296077618133667 -0.2245642631526018 0
4334 -0.1372959984087183 -0.5362366965182312 0
4335 -0.5445937275149982 0.632242583345067 0
4336 -0.6785802747048566 0.9776549112651802 0
4337 0.7225773126076136 -0.3159022289613499 0
4338 0.409405645524787 -0.1927033767936571 0
4339 -0.172171453273568 0.4483943447429706 0
4340 -0.4645222328205685 -0.4618882643633796 0
4341 -0.6633683198845565 -0.4359894561717245 0
4342 -0.4292996348646909 0.4402546600084264 0
4343 0.5496595355023001 0.01110247813283421 0
4344 0.1519288973614547 0.2695984689867849 0
4345 0.9756995469727288 -0.9756995469727595 0
4346 -0.2320470653724634 0.3959707257397304 0
4347 0.2903631177961781 -0.9171235689862522 0
4348 0.2272894857749033 -0.6725043026604984 0
4349 -0.2131771360547141 -0.1545430939309284 0
4350 0.6714119378691541 -0.5959716653453605 0
4351 -0.632746006213968 -0.2853620090656695 0
4352 0.2091272599190384 -0.4567865493596633 0
4353 -0.5054158781509884 0.9429483255055227 0
4354 0.6022602165218395 0.7619588979536949 0
4355 0.8938121460882169 0.2231197722813308 0
4356 0.1082250498654496 -0.177731954120846 0
4357 -0.3919112638732566 -0.6402290864814797 0
4358 -0.3660709198397814 -0.6476498292792229 0
4359 0.6751553268799833 0.470526812931681 0
4360 -0.6612760298059621 0.6670367988099629 0
4361 0.5349655005063972 -0.4306466174043645 0
4362 0.5215341573666936 -0.8015566606200557 0
4363 -0.580628054176597 -0.05828798805460658 0
4364 0.2007680572043347 0.1247471195910862 0
4365 0.324099621114621 0.9014769334598054 0
4366 -0.3556616947419982 -0.06335841461779325 0
4367 0.3118389056015841 0.03292314614299423 0
4368 0.5683734891828008 -0.577187175182599 0
4369 0.4918281151173289 0.5557089193450216 0
4370 -0.04193602131606942 0.3073740888611975 0
4371 0.6999436765076825 0.8363911809065785 0
4372 -0.975726055122535 0.6895706276895912 0
4373 0.1718383909068647 0.3443465493018997 0
4374 0.1186852776210762 -0.04892591981708098 0
4375 0.9317450888727358 -0.154979751875177 0
4376 -0.3090420057971708 0.7967579202103233 0
4377 -0.4543345007834287 -0.2654746458674034 0
4378 0.4533377579275373 0.9770601924797357 0
4379 -0.5821392340825761 0.5382112387335554 0
4380 0.8059932230389537 -0.355736712036429 0
4381 0.8077932256359721 0.8462866097105324 0
4382 0.6326257850632653 -0.727461259794427 0
4383 -0.3019099460256315 0.9489893770212033 0
4384 0.6456276939880068 0.2846674181382856 0
4385 -0.7898603322784102 -0.4075546691430399 0
4386 -0.1503366089845994 0.2613456961938088 0
4387 -0.529790856236862 0.3415010738082819 0
4388 0.4104243061171318 -0.4287610797080021 0
4389 -0.7332114808850639 -0.2233426302512799 0
4390 -0.6724042949803301 -0.8943653957687537 0
4391 -0.8893514924828285 -0.2349456761375905 0
4392 -0.7781186811889798 0.5054805227996843 0
4393 0.7899503413587114 0.3954195691416663 0
4394 0.271067035584015 -0.06463711574950962 0
4395 0.6385930363606823 -0.6617479183501306 0
4396 -0.4478978313725793 0.9801584721225705 0
4397 0.6322706961832767 -0.6846302531200368 0
4398 -0.2902610292031178 0.5490784854370165 0
4399 -0.6059952031636288 -0.9131986587201328 0
4400 -0.6052791205231464 -0.8163293783169157 0
4401 -0.8972451038927113 -0.4824105019877183 0
4402 -0.5966726310031065 -0.7148649777928249 0
4403 0.8870509316556238 -0.8953138240700313 0
4404 -0.5440377234916539 -0.04620635133432593 0
4405 0.08990879781250623 -0.7405028171319206 0
4406 0.04233694208672029 -0.588081951347005 0
4407 0.8336803582543046 0.3310931870182896 0
4408 -0.5022400911633974 -0.2772491001328951 0
4409 0.7830802982448423 -0.4343960206194393 0
4410 -0.8099300549132865 0.6827920251746558 0
4411 0.2191916328896184 -0.242748233224549 0
4412 0.6583862240281108 0.1456138448843526 0
4413 -0.04633808975176135 0.7666076700291979 0
4414 0.7561386319853524 0.5923063738354767 0
4415 -0.09605752373266424 -0.2750539628804521 0
4416 -0.3430747074875187 0.8523469431116062 0
4417 -0.09154392893104299 0.7734216647762207 0
4418 0.4756076726230343 0.1629716886251598 0
4419 0.5047865142428507 -0.1128195207089075 0
4420 0.7203144258430797 -0.4928614508351556 0
4421 -0.2067982861430776 0.7312113561277174 0
4422 0.07025339111655152 0.4050605837493095 0
4423 -0.1724023508308977 -0.8018081675255302 0
4424 0.378787529185391 -0.7957728320470869 0
4425 0.3045573391419198 -0.4609442796632375 0
4426 0.4442907715767619 0.8478880418197969 0
4427 0.1193707301130061 0.3063606666564713 0
4428 0.660466909561468 -0.4264388969199285 0
4429 -0.4148479312786026 -0.237798625148684 0
4430 -0.9792805586893643 -0.3884563973636571 0
4431 -0.6724319216728399 -0.1399134733914324 0
4432 -0.1757139941881691 -0.137967457829702 0
4433 0.7668929777627802 -0.0908461889667749 0
4434 0.6842104150181172 0.08136200412743483 0
4435 0.3186854773347871 -0.3860789017570511 0
4436 0.7595566195236284 0.61888656125316 0
4437 -0.2906828956192946 0.3343444252207254 0
4438 0.4165343820023085 0.9770744768984558 0
4439 -0.09647046470057072 -0.7202861826064104 0
4440 -0.9764188349306081 -0.1190067490304775 0
4441 0.814836611395803 -0.1571587109031368 0
4442 -0.9802144191979393 0.5967918211110285 0
4443 -0.3497420072564946 -0.4773741889873411 0
4444 0.7349807905384447 -0.1367352331859789 0
4445 -0.590544335984811 -0.08068193852942444 0
4446 -0.3502175660723901 0.115796075237772 0
4447 -0.7426327365880666 0.8494122799104351 0
4448 -0.2323706023803762 -0.276364049632263 0
4449 0.2849394192975468 -0.6263102548135361 0
4450 -0.6869631152766333 0.8924583464228608 0
4451 0.9786762921331997 0.3527298270476705 0
4452 -0.1752786421864291 -0.9044877911673131 0
4453 -0.1068130094934941 -0.5719586319933492 0
4454 -0.08807300163680906 0.5956830309601184 0
4455 0.6130018171890037 -0.9503080491864444 0
4456 0.5544579985798394 -0.2180114043729633 0
4457 0.7555127316280309 0.6648152052273472 0
4458 0.507128445890458 0.5974196707038835 0
4459 -0.7892497919953463 -0.3652091865628011 0
4460 -0.3747553561672763 0.1561421972093738 0
4461 0.4108101133425184 0.1089454934145767 0
4462 -0.4447943505418677 -0.5776469606093263 0
4463 -0.9413770103942711 0.7694730627311988 0
4464 -0.337145836180447 0.6169071474323544 0
4465 0.08690349732119909 0.1006988947829183 0
4466 0.6569990929006899 -0.6238911172157465 0
4467 -0.458618144027864 -0.7244484404183069 0
4468 -0.4774835183518749 -0.6839603194160869 0
4469 -0.2515189053214329 0.5277156815737908 0
4470 -0.7139081120565907 -0.9132924845007855 0
4471 0.5055942208461826 0.2349405977778583 0
4472 0.08135628205174233 -0.2195405603740591 0
4473 -0.2517136753550985 0.6101122123597913 0
4474 -0.9418621844872845 0.9755418512044122 0
4475 0.3228760366648921 -0.8139447622820726 0
4476 -0.316461689852685 -0.8365546798158218 0
4477 0.05002765877863288 0.8985712788664504 0
4478 0.4902166234560849 -0.8147664810055432 0
4479 -0.09404446778175815 0.9471878068777417 0
4480 -0.3488660552379689 0.9761715172898155 0
4481 -0.247528801746636 -0.5706358683434916 0
4482 0.3876292905633518 0.9423889346311154 0
4483 -0.7840401174337077 0.7885514116444796 0
4484 0.7880327342248993 -0.475911149754092 0
4485 -0.7946931286776368 0.8080266899280244 0
4486 0.5848893514299101 0.1747552804804433 0
4487 -0.7661352345983296 0.4485942921928637 0
4488 -0.6656531067655321 0.2650756311166182 0
4489 -0.7937080943158451 0.4539806788973632 0
4490 0.1498437080887363 0.3803308722031924 0
4491 -0.3793522924173289 -0.1613964927503598 0
4492 0.9781609053020839 -0.4846680176897799 0
4493 0.3288607833803119 -0.2205268267452687 0
4494 -0.1603741931204672 -0.1879511315745583 0
4495 -0.04782611422477033 0.01917602545546158 0
4496 -0.4638523520759037 0.04228162533017128 0
4497 0.3135249306313361 -0.8391431287148636 0
4498 0.2828727755340092 -0.02299143729800348 0
4499 0.2597095782130061 -0.7092195970975833 0
4500 0.4429425625258236 -0.5656874680342249 0
4501 -0.9202270430967248 0.3080366453575032 0
4502 -0.7519717839089479 -0.6662050766381167 0
4503 0.07226382395471324 -0.825936917741415 0
4504 0.325829165784895 -0.01471253958492526 0
4505 0.7448432894946065 -0.02708897845079849 0
4506 0.2698605028029426 -0.4937738141361593 0
4507 -0.3091706513006611 0.6205506295830043 0
4508 0.8720488252058403 0.149698169059345 0
4509 0.3566721058567888 0.03095906813540867 0
4510 0.9783302506520318 0.300791101690465 0
4511 -0.9477496015760004 0.2326338544153191 0
4512 -0.09119972989815474 -0.03391522578019249 0
4513 0.3978736497161107 0.4244065519916925 0
4514 -0.5246084043849922 0.4403151006233254 0
4515 -0.3543138814720492 -0.1977469663651944 0
4516 -0.3456744117001972 -0.2210987240113787 0
4517 -0.5730549471666655 0.03010260676812105 0
4518 -0.4933053023074699 0.007988927454657157 0
4519 0.5856404985838859 0.3238015802370491 0
4520 0.977857910047089 0.2051372610411162 0
4521 0.4676158156996816 0.7473104971111297 0
4522 -0.9788891563160057 0.3908266679565554 0
4523 0.8762499583049935 -0.3501899763721149 0
4524 0.1821635997921482 -0.7799499933810448 0
4525 -0.7244935612375469 0.3054933680280357 0
4526 0.6358421665617768 0.6126746309623792 0
4527 -0.7961527029398288 -0.3157780903563849 0
4528 -0.4857302557604359 0.80103893600118 0
4529 -0.8906404820881253 0.03872654507744586 0
4530 0.1345133406848813 -0.1876109768197597 0
4531 0.9502859936160409 -0.1388562821383266 0
4532 0.8351584562704309 0.6379417830586049 0
4533 -0.6309356794354821 -0.9790378614749964 0
4534 0.6075292025804757 -0.583775856165592 0
4535 -0.8147924103636626 -0.7157817628567287 0
4536 -0.3276638128231943 0.8118650182685032 0
4537 -0.06901969328680604 -0.6427412270477424 0
4538 -0.4897318379275716 0.9064020650372797 0
4539 -0.3916258176721472 -0.8017673690332311 0
4540 0.7944976439217655 0.6523468929056506 0
4541 0.1049901771651217 0.1893336653294496 0
4542 -0.2419627063424598 -0.6024881012953087 0
4543 0.2729636481252076 -0.7351297229432586 0
4544 0.9773428505893451 0.8860963490404252 0
4545 -0.6739387608501248 0.8064941230806146 0
4546 -0.9501282836365375 -0.4464649684860979 0
4547 -0.4318888221419172 -0.4083697943470176 0
4548 -0.8352733782415911 0.2033815344924078 0
4549 0.4220640373475997 -0.104686737850262 0
4550 -0.1559391788550928 -0.1480404247351111 0
4551 0.5936453535272301 -0.7060247195477635 0
4552 0.00181796924772593 -0.6062200783847274 0
4553 0.901086125245893 0.4582825825983502 0
4554 0.1812779814732028 -0.0952610083782835 0
4555 0.6272555808819632 0.3001702613437979 0
4556 0.6231131549943354 -0.4077818012298315 0
4557 0.8107622300239956 -0.9452472486889294 0
4558 0.6643319241785354 -0.7998180558564606 0
4559 -0.9444992328016887 0.4196296776459773 0
4560 -0.6680697445879775 0.8533254413072947 0
4561 -0.4089831823609556 0.4255462748808685 0
4562 -0.6383708140852316 0.9049372783015809 0
4563 0.2762319783752293 -0.8182186847587765 0
4564 0.3912833138926002 -0.001710171040860603 0
4565 -0.4886709306795469 0.3230824402368593 0
4566 -0.2086494545494995 -0.3963371050820287 0
4567 0.01126056741837366 0.2499734879895014 0
4568 -0.9154263580262425 -0.9345365563417444 0
4569 0.8257983866013269 -0.8347160171025675 0
4570 -0.2150300041556457 0.6399132183634337 0
4571 0.5122625835653919 -0.2705538689304733 0
4572 -0.210637816803444 -0.2416016110136165 0
4573 -0.1626796809203825 0.2166095296705618 0
4574 0.8642034535930315 -0.7622335294873178 0
4575 0.7162804458136508 0.7312787134519494 0
4576 -0.4932428800299832 0.1965332774042614 0
4577 -0.4897796280493472 -0.3262487131304016 0
4578 0.6890025505347495 0.5422197024409146 0
4579 0.6951995308149449 0.5642708775388529 0
4580 0.4815021864926841 -0.7492579514984277 0
4581 -0.6809949156110006 -0.8543193162175391 0
4582 -0.1909319631154054 -0.8828094955998429 0
4583 0.8215742433816169 0.3746020029637911 0
4584 0.7915455076941029 0.8901943072179446 0
4585 -0.2649671488613746 0.2557700729065338 0
4586 0.7065052367782831 0.01127221149888758 0
4587 -0.3217337790051455 0.8367535707262949 0
4588 0.3574825259875171 0.8386926931156737 0
4589 -0.2264084133267688 -0.9096598808198832 0
4590 -0.8932862163991622 0.6046857426158257 0
4591 0.5318417024649127 -0.3877653328097305 0
4592 -0.8566792873937475 0.9509670850524632 0
4593 -0.1031900922077354 -0.4564596558571752 0
4594 -0.7820065573800861 -0.6566678199934043 0
4595 -0.7940921088851548 -0.6773964672757941 0
4596 0.7336742844830351 0.01769155405575472 0
4597 -0.2718044012109737 -0.2863203576654556 0
4598 -0.5227431182242024 -0.8878215266045565 0
4599 -0.8442837936252174 -0.4745903294448602 0
4600 0.5975284372432321 0.1282541246205804 0
4601 0.8698602484297752 0.3852622393686926 0
4602 0.167448605729022 -0.5136391191294289 0
4603 0.8601365197292593 0.05788471918330409 0
4604 -0.5877656655600267 0.3903205022830487 0
4605 -0.4412143522294963 -0.9774050077395955 0
4606 -0.7460350557657091 -0.8610293705243997 0
4607 0.8101445654802496 0.3424011649054182 0
4608 -0.1870856909424215 0.4310571923392906 0
4609 -0.335773560968286 -0.4150870977335032 0
4610 0.9777784318310031 -0.4421370524642793 0
4611 -0.7416051043297434 0.9395140931021376 0
4612 -0.9069610698080436 -0.2725102298935806 0
4613 -0.7514662179442331 0.7598368432152719 0
4614 -0.5837150099050601 -0.2536842341464898 0
4615 -0.5614444409339876 -0.5061855438435112 0
4616 0.5187840687790437 -0.3662155741596008 0
4617 -0.6846035351007873 0.7606352151858107 0
4618 -0.1768699470581856 0.8159340794896974 0
4619 -0.5001602253733861 0.8258163799956207 0
4620 -0.2832690097455925 -0.7996481043485787 0
4621 -0.783493132216593 -0.05220973369428791 0
4622 -0.5692466921891054 0.8290215619355245 0
4623 -0.5863994442108871 -0.5995535890553666 0
4624 -0.1039913034754942 0.5452523706379606 0
4625 0.7009924329841237 0.2685005270323346 0
4626 0.2883126557356758 -0.2278418528389717 0
4627 0.4071886574864763 0.1995198682547352 0
4628 -0.2986586001635925 -0.7136576147263768 0
4629 -0.1173172468196913 0.1597116763863853 0
4630 -0.1222241334131784 0.5250385486569235 0
4631 -0.1322754726703423 -0.2529306593595144 0
4632 -0.9779777936241683 0.1545794101804787 0
4633 -0.02393600703941963 0.09608237165522887 0
4634 -0.2161306900747257 -0.6846875488519361 0
4635 0.1629267364520748 -0.7590374114471306 0
4636 0.2729395131433953 0.06149854834560171 0
4637 0.05038220484592735 0.1385696204984095 0
4638 0.7087795354044203 0.09208131034697689 0
4639 0.2563186013989153 -0.4453711383605463 0
4640 -0.6811756617413044 0.1826272052987011 0
4641 0.4952931704262564 -0.06916091999312135 0
4642 0.9438617106849025 0.6391440165731607 0
4643 0.3571962810331293 -0.826949402877397 0
4644 0.4555098352619262 0.5066073271588325 0
4645 0.09882553442877114 -0.3638185180855161 0
4646 0.729952570011088 0.9176407864802578 0
4647 0.1444470001249427 -0.2988718777652121 0
4648 0.4204353313851279 0.4624244052545017 0
4649 -0.4085683793842736 -0.05621160591903184 0
4650 -0.3405172319563718 0.9378767335743095 0
4651 0.5828101354578327 -0.9475667494040726 0
4652 -0.09511842041117587 -0.08073537516829193 0
4653 0.5624278886252183 -0.6982806160263099 0
4654 -0.5092535588405167 -0.01261368409954459 0
4655 0.1196430754982657 -0.5766892581384044 0
4656 -0.198678977560575 0.02253191440420541 0
4657 0.8234013125049376 -0.5650024902467092 0
4658 -0.357203666349466 -0.6042757787880593 0
4659 -0.6046267012757695 0.4283728695815928 0
4660 -0.3060975531382229 0.2638715235254578 0
4661 -0.5449678384716867 0.3099853105282792 0
4662 0.9817283999674644 0.1193166859777161 0
4663 0.9306833410944466 0.342269252456521 0
4664 -0.6490284910108657 0.4456696222886428 0
4665 0.9401455181217783 0.3670721611215765 0
4666 0.8526121240005649 0.8225014757022114 0
4667 -0.3515948780655948 0.7248769719635981 0
4668 -0.3066589858691703 0.3094458918846713 0
4669 -0.8085713215031847 -0.7861883751137185 0
4670 0.2223839836083948 0.01427891747668915 0
4671 -0.3632820782282188 -0.7911864141599967 0
4672 0.6896942878882988 -0.2737894049959987 0
4673 0.4018485318220495 0.1557099880054974 0
4674 0.9512231214668101 -0.6785336422957159 0
4675 0.9536263183207133 0.7095487253317749 0
4676 -0.24747292925855 -0.3174412824931614 0
4677 0.3624330999527563 0.3572843646659529 0
4678 -0.5894452225475914 -0.7931108887251864 0
4679 0.9089087864309953 0.6879154405180989 0
4680 -0.01332709354044262 0.1796261390839958 0
4681 0.7148176304875757 -0.2087846696818927 0
4682 0.885056897770811 0.5351736641815776 0
4683 0.3893953752360421 0.3609297230099344 0
4684 -0.7810387962923278 0.5526692137202287 0
4685 -0.3887805881432509 -0.9795838468034321 0
4686 -0.2431584889975843 0.8006140281767635 0
4687 -0.9414881465012566 0.2719855298717523 0
4688 0.4177043560123971 -0.5095887164956028 0
4689 -0.02216674340884655 -0.07829877027954796 0
4690 -0.7918010738124608 -0.2715107406058007 0
4691 -0.04422138525830344 0.95054859024184 0
4692 0.07333969657816218 -0.5887367092089171 0
4693 -0.4072535551604856 0.8385530763399133 0
4694 -0.2770486825956909 0.7586646902668328 0
4695 0.9223130864952169 0.7701092669844413 0
4696 -0.7299273683240456 0.4166165241942928 0
4697 0.08039638942935833 -0.4709067020957325 0
4698 0.1401016579017287 -0.06792899776338424 0
4699 -0.58722391905456 0.47217693541156 0
4700 0.05996766666546857 -0.7855013392235112 0
4701 0.2434741972716724 0.344304489589799 0
4702 0.6953244405776343 -0.7596190148759707 0
4703 0.4951310149733618 -0.6616639277956718 0
4704 -0.9473409840564075 -0.8160660703940303 0
4705 -0.7472871583157334 -0.4377001787948272 0
4706 0.9765527722133283 0.5321471495974553 0
4707 -0.2671477896339141 -0.3607014227762415 0
4708 0.1332392949446262 -0.7237201002743512 0
4709 -0.8962042678942207 0.5682367171228514 0
4710 -0.451927044094863 0.6491096555541922 0
4711 0.4397166077350889 -0.4216352680977488 0
4712 -0.403205178869789 -0.5685239439284707 0
4713 -0.7767210937425872 0.6252919798077486 0
4714 0.9781873860234781 0.7782312671713945 0
4715 -0.1885717834570974 0.1530815255492219 0
4716 0.4972569742110511 -0.5385749417833297 0
4717 0.4516570280418558 -0.4425448008010058 0
4718 -0.2514516260681977 0.2082785144621737 0
4719 -0.751973832148558 0.4702047906522796 0
4720 0.9403101156168953 -0.4160079400428768 0
4721 -0.6040699106305933 0.5788890200771457 0
4722 0.3390100090918735 -0.1132756031554687 0
4723 -0.2033101027081833 0.8513153596091785 0
4724 -0.6501436877281477 0.6908689958637499 0
4725 0.4171260053638416 -0.5508725770530203 0
4726 -0.3394585170673755 -0.1755785152704413 0
4727 -0.2360975722431804 0.6513100741092204 0
4728 0.6776169649677749 -0.05639438585100921 0
4729 -0.7771796209268016 0.4059586387648461 0
4730 0.1535134683113097 0.1995466774420568 0
4731 -0.1003937356641877 -0.409660814916708 0
4732 -0.09092523187767221 0.490768119655368 0
4733 0.4066740651603666 0.9083390484890307 0
4734 0.8960031767546766 -0.7895208657678854 0
4735 0.6990625391187298 -0.04686993971056003 0
4736 -0.06804214460216798 0.3448310785494645 0
4737 -0.1652338984332343 0.6728476696911282 0
4738 0.4507302585852045 0.1727419091209632 0
4739 0.8890621996459804 -0.1617739486687474 0
4740 -0.3768303523105471 0.3959606747923885 0
4741 0.9356292096663561 -0.4831063984466237 0
4742 0.978727202461426 -0.03421835026208001 0
4743 0.1837150590447363 -0.6666419532195211 0
4744 -0.1616859883870186 -0.4965108168376548 0
4745 -0.6131403185991574 0.5123317360321978 0
4746 -0.339768094076605 0.4605988907163515 0
4747 0.06456066429112349 0.06775477635049681 0
4748 0.8171443364387679 -0.6653282308884697 0
4749 0.5074626865685309 0.9815666530410371 0
4750 0.3123353707554839 -0.7104850095718609 0
4751 0.8898737497935071 -0.9766818345661159 0
4752 -0.2464239857330005 -0.9447842738793013 0
4753 0.3844977629579552 0.8669724786157651 0
4754 -0.01742384010907602 -0.5714609104532102 0
4755 0.5587084784686446 -0.4661005443601148 0
4756 -0.2065818237955136 0.2147526049603373 0
4757 0.5407160159204681 -0.4808308531770202 0
4758 0.5385706231892745 -0.9435049607171068 0
4759 0.6517803890950229 0.002248210984152991 0
4760 -0.2116454118029958 -0.03308805624808248 0
4761 0.9390631455414996 0.6706213766746445 0
4762 0.5955147899436184 -0.07861407817697011 0
4763 -0.8968169457293752 0.7133740446740051 0
4764 0.9784394711705562 0.03089928799966519 0
4765 -0.002834424010171131 0.0909747107444567 0
4766 -0.3540675341981421 0.08548073688846371 0
4767 -0.01111425868544845 0.2535679692794815 0
4768 0.3701571549740308 0.8929213480471835 0
4769 -0.5514578320334684 -0.7273726551557563 0
4770 0.7317997775144364 0.2977831602317378 0
4771 0.7436069284055034 -0.1644688987439535 0
4772 0.8251703049862693 0.1361526571134152 0
4773 0.8921930462746565 -0.4230494966627574 0
4774 0.9110619549240572 -0.4448722875118407 0
4775 -0.2709333251964581 0.3804381897173132 0
4776 -0.0175640367717247 -0.5325622407759119 0
4777 -0.1644340853755438 -0.9495925882241064 0
4778 0.4769805658847427 -0.981223343705764 0
4779 -0.5502361724955054 0.3577927977410927 0
4780 0.7651871931349331 -0.8794339212008344 0
4781 -0.3549976716896896 -0.8934987032464323 0
4782 0.5394444442426773 0.6741543132057425 0
4783 0.5329461455645311 -0.8480659149885457 0
4784 -0.7511151495957316 -0.7616478004871422 0
4785 0.9365252455581889 0.8365694960537161 0
4786 -0.2686164137236833 0.1368514229131619 0
4787 -0.693422067963949 -0.05496940478785822 0
4788 -0.9200895101952593 -0.02476009034763958 0
4789 0.5025084750914705 0.5121351859019159 0
4790 0.9465643447049508 -0.2170632244526282 0
4791 -0.1831271621487551 0.06854964473421202 0
4792 0.5870765721253399 -0.6207386551328431 0
4793 0.345500125576325 -0.4338745537704397 0
4794 0.8315423031396209 -0.2845966762208301 0
4795 -0.1691725387090436 -0.4543319555238435 0
4796 0.3681239632235188 -0.4365253743463951 0
4797 -0.6599075941595105 -0.6873855779128242 0
4798 0.3132632451239546 -0.07630216998734703 0
4799 0.172243961865045 0.8638350329088927 0
4800 0.5446659448784995 0.5027894827685733 0
4801 0.0952202306250812 -0.06036337750862014 0
4802 0.2414289339339676 0.9190722938634008 0
4803 0.09285523812032841 0.04821284481927166 0
4804 0.09365237089899631 0.3972331816162893 0
4805 0.4835974432864533 0.4748460566705618 0
4806 0.7494389268101905 0.460862821564522 0
4807 -0.5235968376681134 -0.8023242972153274 0
4808 0.850429833679765 0.08564718938739624 0
4809 -0.6066190738565888 -0.5616886911308983 0
4810 -0.00791664858944425 -0.6536223844504069 0
4811 -0.8801404311202569 0.6686192327492733 0
4812 0.9470257825610582 -0.01559505862133804 0
4813 0.5173048341702299 -0.6823843540434341 0
4814 0.6905097146170909 0.9376483267382211 0
4815 -0.8315159078505442 0.3962304100417105 0
4816 -0.5905714031273153 -0.6416034722035685 0
4817 0.6820775364197331 -0.1229889597182428 0
4818 -0.3386207227825184 -0.2714849318308152 0
4819 -0.6544310319877684 -0.156684770415392 0
4820 0.07117606623701378 -0.04187257767881521 0
4821 0.4277913315701483 -0.6187965839543254 0
4822 -0.5185629772771349 -0.5232470305921219 0
4823 -0.4986661388803444 0.4934936998083655 0
4824 -0.5345790280755319 -0.5464276137363796 0
4825 0.08819877997738786 0.2785398343764967 0
4826 -0.9008302630758537 0.9044850530017559 0
4827 -0.5760434497947756 -0.4626629294063661 0
4828 0.8612976855117607 -0.7227945407899974 0
4829 0.5185407042190522 -0.4073758440429516 0
4830 -0.5383482879536049 0.7109106706801384 0
4831 -0.5326984610795777 0.02210632676545216 0
4832 0.9036344967470827 0.1194403571308709 0
4833 -0.6762370656259133 -0.22441212022841 0
4834 -0.04406633253107637 0.3547032685823315 0
4835 0.4525137427826068 -0.06445612025877895 0
4836 0.8307676827006458 0.257347715141355 0
4837 0.2515059036794028 -0.8994286356494263 0
4838 0.6784338407943562 -0.6671213956585131 0
4839 -0.1516287040724428 0.9214300452320953 0
4840 -0.4751293358681102 0.9766310479603126 0
4841 -0.82803221700504 -0.9336257579394959 0
4842 -0.1768122220163031 -0.3254453760437395 0
4843 0.6931494649420306 -0.805957161193335 0
4844 -0.3216432068876022 0.38025960443332 0
4845 -0.1355982373798035 0.7969528629873437 0
4846 0.4258653209981688 -0.7294240720330372 0
4847 -0.6865671641799742 -0.981829214272928 0
4848 -0.4286764097494832 0.1129803762963066 0
4849 0.2364077668998172 -0.6041716743694653 0
4850 0.4392663678643732 -0.7497475796150981 0
4851 -0.5531095413756325 -0.7810709029539519 0
4852 0.9539460806053212 -0.5553707148054838 0
4853 0.001882682883343545 -0.2834183182380695 0
4854 0.8599941798266825 -0.1357095698385501 0
4855 -0.5090994287355303 -0.784499154392027 0
4856 0.3573028996565906 -0.9469110141272522 0
4857 0.140838737436423 0.123587760323504 0
4858 0.857908517512237 0.4669808997019749 0
4859 0.6061800076788708 0.2563524896967244 0
4860 -0.7017293846566698 -0.6565933218076623 0
4861 0.6488807519751527 -0.2696281645465863 0
4862 -0.9446555017684666 -0.4100355714183642 0
4863 0.9394593429932871 -0.9458569010086154 0
4864 0.5516393707115038 -0.1126117071997776 0
4865 -0.5087771757683699 -0.3156980111863544 0
4866 -0.4633758922686141 0.3038863858670227 0
4867 -0.7855639395346867 0.32730281122726 0
4868 0.03232610739897928 -0.2466936879936994 0
4869 -0.1451381881842317 0.7096474001807148 0
4870 0.7270711690556551 0.6919509079277544 0
4871 -0.0787389220398407 0.8814273407291806 0
4872 0.5265536079878066 -0.7677577347913649 0
4873 -0.1187084167137492 0.06262711165790463 0
4874 0.4617781303372174 0.2745618114717559 0
4875 -0.3760431307803643 0.07437830708919449 0
4876 0.4869006364227826 -0.09215086527477731 0
4877 -0.3224729462884369 0.1174515435391404 0
4878 0.7703828222563882 0.5497558019541382 0
4879 -0.2232032383428691 -0.1978419516600225 0
4880 -0.7954736965603373 -0.7630932988164438 0
4881 -0.8901573260297279 0.4391717002719635 0
4882 0.7266290327960939 0.5292702430140629 0
4883 0.4548083699868816 0.09101571160256808 0
4884 -0.4243221272638268 0.2739351154621668 0
4885 0.3280777219366846 -0.9319633570746997 0
4886 0.9434947646837444 0.4664340595964027 0
4887 0.9060146362674957 -0.01281695307946293 0
4888 -0.04542791055458691 -0.1479128990921712 0
4889 0.1060949021416717 -0.7557660496330667 0
4890 -0.7131785622484597 0.8808935500121851 0
4891 0.7129741670933696 -0.08874453088754891 0
4892 0.2585082593567943 -0.8702066546170734 0
4893 0.2069989859662533 -0.7734320062772275 0
4894 -0.7190645272151588 -0.326919985903398 0
4895 -0.1659137279607274 0.7508349698655041 0
4896 -0.2299055721245973 -0.5247042420338405 0
4897 -0.8866010815051472 -0.9476440471290575 0
4898 0.9422198443620705 -0.7220420392308169 0
4899 0.364457781370138 -0.3364646263913493 0
4900 0.03813150269411633 -0.8629897450913969 0
4901 -0.822433670292267 0.09994829341725613 0
4902 -0.8472406713458744 0.1044115325416815 0
4903 0.5841705810565704 -0.3315937059035492 0
4904 0.5863272043933778 -0.9074080130628263 0
4905 -0.9205426169335527 0.8078140665221103 0
4906 -0.1442138730337824 0.6254192855688421 0
4907 0.129317925776403 -0.5331355445699244 0
4908 0.5025154132275436 -0.8728630239601817 0
4909 -0.8165545908873508 -0.6359683602921102 0
4910 0.7430133730117187 0.829068608083052 0
4911 0.4658619934233026 -0.8582835536822038 0
4912 -0.5705318470548274 0.3220836193213431 0
4913 0.7843341260472781 0.4916105780829214 0
4914 0.9814254441653816 -0.8959446753101393 0
4915 -0.02445459612579327 -0.7578937745568894 0
4916 -0.9804977608556918 -0.7462981541894709 0
4917 -0.6368308942457384 -0.6532101973484565 0
4918 0.07988051105039505 -0.007587813773089303 0
4919 -0.5100322560771193 -0.7120525056370359 0
4920 -0.04772108891469502 0.4946238699016218 0
4921 -0.2822053223000406 -0.8218381630010332 0
4922 0.5007030955187323 -0.4886305383134356 0
4923 0.2103731588697462 -0.3737215758011588 0
4924 -0.1373328314599051 0.4850018357630371 0
4925 -0.9489885028938598 -0.2934417696793358 0
4926 0.7153586235248084 -0.6846485545500987 0
4927 0.1350666956652185 0.357962535757831 0
4928 -0.9080058628676289 0.840145837629268 0
4929 -0.517641411861603 -0.6695743113304659 0
4930 -0.1260704560206906 -0.3456670793994581 0
4931 0.6950389115294088 -0.7192754060358739 0
4932 0.5122570107165416 -0.9136927403939752 0
4933 -0.3118534297850723 0.4302831257408056 0
4934 0.5546988373179469 -0.531788932926747 0
4935 0.1015789013650147 -0.7963801162090161 0
4936 0.3251069414005037 0.3148881769957622 0
4937 0.3969259450378574 0.3222209751693153 0
4938 -0.6294805127197751 -0.143948185496771 0
4939 0.9533812978286682 -0.8432893756847423 0
4940 -0.5516454706878838 0.2830045662904454 0
4941 -0.6584336058159235 -0.4821048398444299 0
4942 0.2299833048041514 0.1834404112125852 0
4943 0.9080819615397069 -0.1442873708723085 0
4944 -0.1567757611812697 0.03106523011174765 0
4945 0.2981382621887756 -0.7391898692782959 0
4946 0.1640843473210958 0.2457672856900301 0
4947 0.3704575517634438 -0.8770667940246051 0
4948 -0.3599477590926263 0.001184148445835433 0
4949 -0.7505882628189928 0.9793309386360531 0
4950 0.9115101134808297 -0.315663306643149 0
4951 -0.3025119282853369 -0.1535175914193261 0
4952 -0.7005888289869825 0.05251078916107575 0
4953 -0.4822299856683642 -0.1749040193190124 0
4954 -0.6993858974651225 -0.2630055113087633 0
4955 -0.9804592991020558 -0.1455327641117487 0
4956 -0.949796002852597 -0.6524105685557677 0
4957 0.2040835294614917 -0.5440406907348105 0
4958 0.9402862466833327 0.09944801246451036 0
4959 -0.03883825368380999 0.6661023952875199 0
4960 0.834994415362985 -0.7565790456248273 0
4961 0.1119909597616662 -0.7066991395978591 0
4962 -0.3795711488757488 0.5895908053573486 0
4963 -0.5264013840959121 -0.6940547611711489 0
4964 0.945370374308757 -0.05788117986732721 0
4965 0.3638066500219604 0.3971832644621443 0
4966 0.05815227305616168 0.819256704032875 0
4967 -0.3937373967941812 -0.01680778055714206 0
4968 -0.388948539137082 0.609352955152628 0
4969 -0.06675902660675949 -0.4627704744432188 0
4970 -0.2301866947761816 0.7020898258391243 0
4971 -0.7387354268490927 0.5217587095321607 0
4972 0.2521278763115979 -0.8236543181877793 0
4973 -0.4420919883347838 -0.6428349531703509 0
4974 0.2694337887965516 -0.3525970957825759 0
4975 0.07667687726418436 -0.8946822639678961 0
4976 0.8311026928641608 -0.9095867141427325 0
4977 0.8358284077706862 0.306233800361378 0
4978 0.9806895586904 -0.9530840172146161 0
4979 -0.9130417530728524 -0.6976329427232322 0
4980 0.5886725595157902 0.4895356968954541 0
4981 0.5022927024807751 0.8961121783565362 0
4982 -0.6149006904527619 0.2299980939054494 0
4983 0.9456908609916624 -0.920720638591495 0
4984 0.2699257893567741 -0.08755236949538593 0
4985 0.4247016525069126 0.7849891048719361 0
4986 0.9228802494092359 0.5785810125929605 0
4987 0.638769405427462 0.4202563538652878 0
4988 0.08052709031647855 -0.6788141780167936 0
4989 0.7394520417503241 0.2233011136422577 0
4990 -0.8579351085025739 -0.06601977550764462 0
4991 0.1629926696005889 -0.9437389901654604 0
4992 -0.9779736824305499 0.08500502670669485 0
4993 0.008237022481183695 -0.7351950631561255 0
4994 -0.1031973498558868 0.4484721472022178 0
4995 0.3955516659620054 -0.8931258822216778 0
4996 0.9148415649719221 -0.08669414624033608 0
4997 -0.1140622045294719 0.5696372833988632 0
4998 -0.1736194848996001 -0.3843270573200213 0
4999 0.6865671641782356 -0.982369509692356 0
5000 0.5125922646314859 -0.4506591797193958 0
5001 -0.4084363168239746 0.4772287785088598 0
5002 0.3947253928683505 -0.7614826309710111 0
5003 -0.384427100137533 0.02343679308981633 0
5004 0.09417558092379552 0.9794005217826547 0
5005 0.3882221313017473 -0.2701727353961364 0
5006 0.4927723073674254 -0.3710396860288064 0
5007 -0.6215432373896266 -0.6712766890616579 0
5008 0.5585471666093831 -0.5980301574349249 0
5009 -0.7203176077360104 0.5545204433326918 0
5010 0.6210295105699402 -0.3682676998007347 0
5011 0.489322286188175 0.3738128003475386 0
5012 -0.5777294925685774 0.7151778632478584 0
5013 0.7224041055736121 0.154001092421972 0
5014 -0.1216495159603913 0.7602351449599405 0
5015 -0.1793979629350545 0.6073439353100311 0
5016 -0.875924644461783 -0.4045967281105211 0
5017 -0.5711436193722013 0.3474931614226594 0
5018 -0.6878932959309975 -0.477011807070845 0
5019 0.6750304629688624 0.9772309469099292 0
5020 -0.7906726140465934 0.07123242178889422 0
5021 0.9803325068255545 0.6594820477189939 0
5022 0.8995685738300035 -0.8168008201699366 0
5023 0.9549396017774803 -0.9816552739997217 0
5024 0.2400405121363866 -0.2845747089375387 0
5025 0.3401540315890816 -0.5451998614910718 0
5026 -0.4429928277535491 0.5380291817007647 0
5027 -0.5070469052535429 0.6029286878498621 0
5028 -0.239085684032341 -0.4455129028060921 0
5029 -0.8823831851027446 0.124080005208371 0
5030 -0.2920827664568141 -0.3945532899836403 0
5031 -0.9175725261307075 -0.1730593809709717 0
5032 0.2527586481617052 -0.5630597823078808 0
5033 0.0893069539263478 -0.9811280484239802 0
5034 -0.2079251961261432 -0.9531756245229737 0
5035 0.8946230529141099 -0.6053524312215905 0
5036 0.08282897576484409 0.1680078054388819 0
5037 -0.6460887145772496 0.5710599671640725 0
5038 -0.7175328858945207 -0.7297460118247908 0
5039 -0.7777235520863726 0.0312589408369486 0
5040 -0.9413561193342852 0.3883060076699965 0
5041 -0.6965465372315411 -0.4266307364855428 0
5042 0.323701099271782 0.3736198589636464 0
5043 -0.3601617735978748 -0.5141980081577945 0
5044 0.2536542142610018 -0.7797837028407399 0
5045 0.9368644557045263 -0.4388047194122516 0
5046 -0.2383803755537643 0.4754895974795263 0
5047 -0.63428437954968 -0.6916166821518269 0
5048 -0.06984295240428684 0.7976096458380602 0
5049 -0.9480439255871788 0.6935559290481728 0
5050 0.5914516363639518 -0.4441338866689199 0
5051 -0.5001017488090405 0.6853287850812106 0
5052 -0.4358611819235197 0.8093222519972156 0
5053 -0.9774836906697935 0.7864395396774918 0
5054 -0.0679298605290804 0.08851966007607817 0
5055 -0.2634899968156926 -0.8996949366800353 0
5056 -0.9384156857853059 0.9063832660306703 0
5057 0.1424300953101975 -0.9785442144296739 0
5058 0.01626821910534865 0.02447227040842956 0
5059 0.6209889031663277 0.3436185774249116 0
5060 -0.4545116405614025 0.4834580125918473 0
5061 0.5128963673806655 0.663202048796292 0
5062 -0.3292058800342392 -0.3413478059721481 0
5063 0.8097166595652275 0.2948694818106857 0
5064 0.7467973563490373 0.4832441354004851 0
5065 -0.1929204890240282 0.5668955013734333 0
5066 0.1463533673793416 0.313987936534265 0
5067 0.9258519268173621 0.05084251027604375 0
5068 -0.438301441320084 -0.5127975980955625 0
5069 -0.4746614855797067 0.5049759218418635 0
5070 0.8370049553181518 -0.9794488932284162 0
5071 -0.9015108166052679 -0.06265164000377219 0
5072 -0.4861922505752831 -0.6006291429054507 0
5073 0.8221665100190187 -0.452202820054483 0
5074 -0.8846576232995279 -0.6830279135948385 0
5075 0.9822305166489355 0.4780020385775905 0
5076 -0.3737791509998424 -0.2530083960817124 0
5077 -0.1978532956789347 -0.4188921241318589 0
5078 -0.867796401335635 0.3276507739408719 0
5079 -0.4325535748653236 -0.05260713086168661 0
5080 -0.09315134544301798 0.01765427006152718 0
5081 0.1816529395148138 -0.8999443877362514 0
5082 0.3595476983659032 0.1368102172296935 0
5083 -0.9544634356508754 -0.6952633363805789 0
5084 0.4695639516347615 -0.6067567680959113 0
5085 -0.5293896645556035 -0.3478713407377464 0
5086 -0.8304840266806968 0.793479509951764 0
5087 -0.3812359692323152 0.9440844755247718 0
5088 -0.8068409405697859 0.2086729080832973 0
5089 0.9802713449560149 -0.3599971421229515 0
5090 0.7423316831708744 0.98383187507753 0
5091 -0.2423596006867976 -0.8218435735568077 0
5092 0.7636195190737256 -0.2093372947217106 0
5093 -0.8617970188814565 0.08225844150613437 0
5094 0.6481724095589272 0.888429749921855 0
5095 0.8652342860345152 -0.4560810033727326 0
5096 -0.1605430605780447 -0.8396167346936266 0
5097 0.05773430427909551 0.9226995595592717 0
5098 0.434474059745984 -0.4640202524364908 0
5099 -0.7190582447345925 -0.5235874214982761 0
5100 -0.9208280708013405 -0.4447565346050293 0
5101 0.8086921583454911 -0.9018988113406907 0
5102 -0.6402426719635621 0.07729058199300402 0
5103 0.196236551760725 -0.5826472286343627 0
5104 -0.3603681905721966 -0.4148069143005708 0
5105 -0.7285515822451198 0.5017023883449987 0
5106 0.7900348223767752 -0.4035766778257344 0
5107 -0.9129417027937287 0.9399773379888278 0
5108 0.7554362411611415 -0.2306142618797562 0
5109 0.7645409027662458 -0.3310715819662448 0
5110 -0.9169740579030817 -0.8528635509519845 0
5111 -0.4655828594516419 -0.9392049437484694 0
5112 0.2686567164199404 0.9827831875125401 0
5113 -0.3725397916862234 -0.334352947356042 0
5114 0.864668784025089 0.6970820184566728 0
5115 0.3132507008679197 -0.1817735606345526 0
5116 0.03401694097949928 -0.08975114667212397 0
5117 0.7060021776947867 0.473819637231875 0
5118 0.6341001912643611 0.1014940576748044 0
5119 -0.2588538485747556 -0.6836265568554341 0
5120 0.7440893373324191 0.7650503636422888 0
5121 -0.4637683361169745 -0.3920959975988373 0
5122 -0.1459938038689118 -0.6034956999403382 0
5123 -0.5427474861890192 0.1377794426385785 0
5124 0.9506490563052094 -0.1920228577595052 0
5125 0.02194281074034557 0.04635474524823792 0
5126 -0.6655831005279118 -0.08351596600361536 0
5127 -0.6820938203379013 -0.09868890028892269 0
5128 -0.1778430240730037 -0.5811289383215228 0
5129 -0.2680342998001614 0.1811161113969345 0
5130 -0.6778609287373767 0.5380988356913575 0
5131 0.750547973565539 -0.4062549545826219 0
5132 0.6378169393611794 0.1325907012180035 0
5133 -0.7685298688445983 -0.4518862562429749 0
5134 -0.150048634323489 -0.672026278385249 0
5135 0.3699296976925784 -0.3988516837280226 0
5136 -0.7959297686393301 0.9290695614526899 0
5137 -0.5317092283570447 -0.0038563277190397 0
5138 -0.7268086662096985 0.667890187679778 0
5139 -0.4473088155711997 -0.5986892017036328 0
5140 0.3522149255391844 0.2734375227017251 0
5141 -0.7732422198260642 -0.2316390090859156 0
5142 -0.9735391309669745 0.3234474811374065 0
5143 0.6508949085289618 -0.9068728439523526 0
5144 -0.7478868314156203 0.1715802119235857 0
5145 -0.0424702258881213 -0.3664859950689279 0
5146 -0.2442327405179759 0.8604788198498597 0
5147 0.6075762972386307 -0.7666024216556159 0
5148 -0.1887802937591418 -0.1141523715870844 0
5149 0.01616767900284517 -0.05498298463002531 0
5150 0.8988480545606098 -0.5780266320717573 0
5151 0.894080610039208 -0.4944228108176241 0
5152 0.8692552337318096 0.9803133310919258 0
5153 -0.4744338072152808 0.45973350522965 0
5154 0.6751634463458924 0.3653655712054881 0
5155 -0.8363421880021258 -0.357567598899845 0
5156 0.9235584788633584 -0.6160297056076508 0
5157 0.5771417352365019 0.6839069802081145 0
5158 -0.1878263506900867 0.201482264982588 0
5159 0.4811102685954217 -0.771290111113949 0
5160 -0.5806307274933699 0.6904330182741458 0
5161 -0.3295832093840722 -0.3875458583524343 0
5162 0.5443721042016818 0.3380416375684795 0
5163 -0.9454530677415847 0.1405954966382871 0
5164 -0.7974375878542521 0.3737671438027241 0
5165 0.5628683017305176 0.4179794702082745 0
5166 0.9829077425671917 -0.7761194029856961 0
5167 0.4590776612553876 -0.1305033998664727 0
5168 0.3498695255843043 -0.07447560301509799 0
5169 0.7758960698139329 0.36203442844775 0
5170 0.02145855521163663 0.3184877036837061 0
5171 0.4039267686477205 -0.01863602667487289 0
5172 -0.7055026703616087 0.2426056708248214 0
5173 -0.3867517431430103 -0.6807523355764388 0
5174 0.8822162990573111 -0.5355213805133698 0
5175 0.5150716130046669 0.638377851872437 0
5176 0.7977475370010843 -0.45307718416478 0
5177 0.5624369836644586 0.8928661015683933 0
5178 0.6222890353829227 0.6567006584708528 0
5179 0.6856215765400686 -0.2970459858194487 0
5180 -0.3251185875258374 -0.8097975177117537 0
5181 0.5413048348861522 0.8900753746791286 0
5182 -0.07110311822151946 -0.1488408205461997 0
5183 0.6502002363434821 -0.3313751764697396 0
5184 0.2946123073118975 0.01858640741460136 0
5185 -0.00921770906426694 -0.801823533510105 0
5186 -0.3470967754646326 -0.02366746131773863 0
5187 -0.7933097729210604 0.01498575902474837 0
5188 -0.4151678341776007 -0.00663749813594439 0
5189 0.7450646546827597 0.122602793299689 0
5190 0.7172557942746502 0.5979086055239426 0
5191 0.9124072603816178 -0.1882543168768925 0
5192 -0.04992244368310134 -0.4470993719092385 0
5193 0.6711597176270303 0.9508682121841977 0
5194 -0.9502473934517681 0.6172539121235909 0
5195 -0.6784325969363655 -0.3962516782253641 0
5196 -0.6660121352396671 0.09304361022062158 0
5197 -0.07508736374427036 -0.1059963135066581 0
5198 0.7763450013077309 0.1957403125684272 0
5199 -0.01101367432818887 -0.4546398000513414 0
5200 0.03124830769743898 -0.5168146260209636 0
5201 0.1903592325102879 0.3401873212074729 0
5202 0.4584113918088374 -0.5441225281736553 0
5203 -0.8334573323894938 0.02403561871764027 0
5204 0.980734052850035 0.570307643488998 0
5205 -0.4134749625690565 0.734466748170895 0
5206 0.8872182422278575 0.02525354249582319 0
5207 -0.8119709472672583 0.253903883447112 0
5208 -0.4421421187795098 -0.7714865424825296 0
5209 -0.5564994971704296 0.7260072366119316 0
5210 0.1350273132491628 0.149074493140313 0
5211 -0.1163584932751852 0.4997428121624126 0
5212 -0.858367593191359 0.04225710134015082 0
5213 0.7191838953830136 -0.7945487921690713 0
5214 -0.5149179773212463 -0.397704568793651 0
5215 -0.8135770734726164 -0.9786716470844722 0
5216 -0.1706187310765782 0.327695531174974 0
5217 0.1201597452842296 0.8463010835428845 0
5218 -0.552711981500623 0.1668642960722116 0
5219 -0.8528878951976253 -0.4521019205766976 0
5220 -0.4341670898958199 -0.0227688395547418 0
5221 -0.0980023344745897 -0.766714089056165 0
5222 0.2894742656406347 -0.8413327868573017 0
5223 -0.0823020932913936 0.9222682677235658 0
5224 0.8027602764926914 0.9807676666095071 0
5225 0.5581037979833503 0.2897975232583822 0
5226 0.009766216477672011 -0.2101320518498183 0
5227 -0.7474336119512959 -0.1824448070244787 0
5228 -0.005774694711064792 -0.3749725193154014 0
5229 0.02438307075452316 -0.1710269036787763 0
5230 0.05774409580469431 0.3783160016574529 0
5231 0.4927778053438714 0.05612936704236782 0
5232 -0.02527437330690938 -0.9476253024256154 0
5233 -0.8801208289141923 -0.4548172771457531 0
5234 -0.7620741868947949 -0.7875866798449671 0
5235 -0.2904188649528285 -0.5129000939525787 0
5236 -0.2631840742353662 -0.7832384504324328 0
5237 -0.08754113602860969 0.2362628474837436 0
5238 0.8978117798680993 -0.2821381360764493 0
5239 -0.8310006304364815 -0.5573560640656149 0
5240 0.8706661455939518 -0.554799136187678 0
5241 -0.2334005686002696 -0.6484285484468048 0
5242 0.3538850544468415 -0.1878718930778884 0
5243 0.8402715657538127 0.981348237170135 0
5244 -0.03500922498794144 -0.1672161153150841 0
5245 -0.9190634185864175 0.6432865137445457 0
5246 0.0366440554348232 -0.6704214316390333 0
5247 0.2641172275354236 -0.3232461628162089 0
5248 -0.537148078814545 -0.6550294100432823 0
5249 0.6808992172683448 0.908992054668083 0
5250 -0.646213691736392 0.9505737275362383 0
5251 -0.03834189047079593 0.5732148510989282 0
5252 -0.1081043445652445 -0.1275760305645654 0
5253 0.2697537857154817 0.3531027224014078 0
5254 -0.2164810628266962 0.6866019487451879 0
5255 0.9138476655375185 0.4108573174018103 0
5256 0.8806996331850153 -0.7444946660331079 0
5257 -0.3131285881359628 -0.06876575886032732 0
5258 -0.3530578732194213 0.5890643978112216 0
5259 0.982794157559153 0.8349526379956844 0
5260 -0.3145808752268303 0.8840050362129592 0
5261 -0.9791870555341528 0.3502298309688808 0
5262 -0.05704399597470272 -0.5132165137425598 0
5263 0.5026619583016493 -0.3106183631471132 0
5264 0.4983382195629043 -0.7077292404091652 0
5265 -0.9018583079592329 -0.5135513371865142 0
5266 -0.7636620765859528 0.3926639899831189 0
5267 0.681634236452906 0.7918630387868733 0
5268 -0.5066046210148379 0.7850681640541108 0
5269 -0.5911375824601368 0.2572901580379053 0
5270 -0.1990280463017812 -0.8134007253244779 0
5271 0.4754664426603619 -0.05293133159877481 0
5272 0.7996692462911923 -0.2213485968702143 0
5273 -0.5144660481594294 0.147890701930536 0
5274 -0.3420811948973486 -0.4574896106939685 0
5275 0.6092309356698843 0.8247541915259984 0
5276 0.7176830196279911 -0.6612738560064981 0
5277 0.4993505548012798 0.3078078310021978 0
5278 -0.4391088220551057 -0.07802533338948903 0
5279 -0.5177189948866175 0.51072027711838 0
5280 0.9428537531628709 0.9229357074057273 0
5281 -0.3128774078495264 -0.492353814199672 0
5282 0.5960841908371213 -0.1898195753941155 0
5283 0.5955276892672825 0.7851428322645481 0
5284 0.9788237687994044 0.7370621207931424 0
5285 -0.6435178879906075 -0.3721153037246329 0
5286 0.8032727133285431 -0.8334750625777489 0
5287 -0.2876706571218758 -0.5559344635377415 0
5288 0.4228226435116625 -0.5304180308237987 0
5289 0.7193287090044274 0.4520424217789449 0
5290 0.5361332307776271 0.3812573070799797 0
5291 -0.3725368282430237 -0.9418496622910016 0
5292 0.8912827882769423 -0.9476865565276624 0
5293 0.1549952400048261 -0.6014716737656696 0
5294 0.6382212054186605 -0.06265990775920495 0
5295 0.4587639540123524 -0.5062220101705492 0
5296 0.1386962856341257 -0.3909643174584128 0
5297 -0.6564999032368608 -0.4089344654069392 0
5298 0.4716217788805352 0.6710064263364686 0
5299 -0.4060747880296533 -0.9527990068697203 0
5300 0.3462398571257895 0.09720451782627836 0
5301 -0.7858616004978167 -0.7208639273264834 0
5302 0.1803375886407603 0.9806928317074434 0
5303 -0.8713621897727695 0.2817338052306225 0
5304 -0.510381525616864 -0.4455231052826982 0
5305 -0.3738470875340499 0.8101749984452109 0
5306 0.626776750434282 0.7625718426664918 0
5307 0.4648643932849193 0.7931856190018928 0
5308 0.853523940507637 -0.8739875171710286 0
5309 0.6316087186999808 -0.42870208243362 0
5310 -0.9441007460307295 -0.5237302534061905 0
5311 0.5221933259476284 -0.8891697709657056 0
5312 -0.1598382190850182 0.1697219394326836 0
5313 0.4702400854093039 0.2057722915092423 0
5314 0.7592123725489649 0.4178371687740478 0
5315 -0.07769820606294728 0.1817524338375831 0
5316 0.1391168579817836 -0.7734875094447895 0
5317 0.8663327011010855 -0.2501177940648732 0
5318 -0.7303402349745649 0.02518085769983483 0
5319 0.487047379849234 0.9518105746979209 0
5320 -0.5159397953443503 0.7283649935625408 0
5321 -0.6396003816663205 0.6508803669056423 0
5322 -0.01948838626172035 0.9033780607963604 0
5323 -0.6602436705350926 -0.6616224195786322 0
5324 0.1518856362576593 -0.7104827765153462 0
5325 0.2194954087689783 -0.4114092034014424 0
5326 -0.5889435532098134 -0.9797575336038454 0
5327 -0.2523777339973912 -0.5276990371446428 0
5328 0.2388059701471411 -0.9835053446800144 0
5329 -0.6149753961952795 0.005894750480831083 0
5330 0.3931848966212944 -0.9135917801660481 0
5331 0.8992075599986552 -0.7068652908646116 0
5332 -0.2603055585625179 -0.4507552540076888 0
5333 0.3369094299961363 -0.6797884387246891 0
5334 0.5683705584867311 -0.3691288108150402 0
5335 0.5922039045796491 -0.3759017259312766 0
5336 -0.8146161740876827 0.168823231817214 0
5337 0.1762290432402688 -0.1802527753367582 0
5338 0.6401798154597713 -0.1794239886166542 0
5339 -0.05097226836079273 -0.6574666958435912 0
5340 0.5797911567044514 0.2232043563969184 0
5341 0.7370394570343149 -0.6204399064639501 0
5342 -0.5495129782170048 0.4908754266208271 0
5343 0.3758887997947072 -0.6768873800983062 0
5344 -0.5883945833896721 -0.8795955670545745 0
5345 0.8077223353358899 -0.7948050327091111 0
5346 0.2163923254010491 -0.8750492858441019 0
5347 0.2242893050460647 -0.8984362475528012 0
5348 -0.9072581767667143 -0.1414430483446316 0
5349 -0.04812054476198749 0.7260031383523928 0
5350 0.3169790817286917 0.925042689099326 0
5351 0.05470328426551994 -0.3899386714252076 0
5352 -0.2074980130856384 0.4322434887652961 0
5353 -0.2464167968452032 -0.08472466033446402 0
5354 -0.9812960235572895 -0.5093841931794204 0
5355 -0.5616080989770743 0.4216204811713057 0
5356 0.1023306824494572 -0.5235473437832301 0
5357 0.9020647765569534 0.4889651331518333 0
5358 0.3691835704044156 0.1974749007779323 0
5359 -0.8772177684423138 -0.1560616832795381 0
5360 -0.04767899005431244 -0.8093632534003752 0
5361 -0.9835921445497849 0.4477611940313833 0
5362 -0.0311782310455202 0.5320438709014413 0
5363 0.5836129917482251 -0.4954302212136656 0
5364 -0.598943637862279 -0.3563207596724273 0
5365 -0.2901707791504217 0.8087416092664413 0
5366 0.7686715944835545 0.2260983261530306 0
5367 -0.6578631107703896 0.3560803454598619 0
5368 -0.07283696309791755 0.6949712126068089 0
5369 0.4451160273841852 -0.8219457404070752 0
5370 -0.5249615478470224 -0.7337706698224614 0
5371 0.5388458733521206 0.2074658715209505 0
5372 -0.6186386602030151 -0.9450157201028201 0
5373 -0.08043186760131205 0.6724691184600087 0
5374 0.5707965286455247 0.1300770138316654 0
5375 -0.4810703098042622 -0.5055130411199141 0
5376 -0.6784230557187679 0.0559982046812178 0
5377 0.949032206784735 0.1357539745281502 0
5378 -0.1364357164094032 -0.5792619565992361 0
5379 0.2956939379309018 -0.1281108057037899 0
5380 -0.5752553348610652 0.9784343240119848 0
5381 0.7926170740275804 0.0201218894867999 0
5382 -0.4384993172938024 -0.2783166799187545 0
5383 0.4715668851844151 0.3412482216168349 0
5384 0.02151457643314793 0.3575717614474894 0
5385 0.8941327994967077 0.8062493796313805 0
5386 -0.5894416889397988 0.6180221119636913 0
5387 0.4816483767182642 0.4336107322664158 0
5388 -0.7975978884897297 0.4811767041722229 0
5389 -0.5945972261509855 -0.4433403876085615 0
5390 0.2351659070895009 -0.7185309599534173 0
5391 0.4923339362967615 -0.9463913336139107 0
5392 -0.1488025108638577 -0.9017944251115138 0
5393 -0.06869032844434 0.154016418606821 0
5394 0.0655593498722198 -0.1847741540130839 0
5395 0.5258603601030309 0.5216551055601406 0
5396 -2.733313399293053e-12 -0.9837059176228643 0
5397 -0.8537795791136268 -0.192577153683496 0
5398 0.2999314075504517 -0.005539857986931076 0
5399 -0.5292219645548593 0.7973378966296796 0
5400 -0.7137596486023496 -0.8825786749491041 0
5401 0.02587232161680914 -0.9192220914579452 0
5402 0.7071449315591788 -0.4147612389534917 0
5403 0.6693814687598953 -0.7706287355999943 0
5404 0.9806311882898632 0.24314365572061 0
5405 -0.3834126408147462 0.4594131502759834 0
5406 -0.8792866224379841 -0.7227020638153194 0
5407 -0.9502759058112791 -0.98031777346625 0
5408 -0.08637768545185935 -0.949792023185085 0
5409 -0.7317596091310505 -0.4581263331211437 0
5410 0.2113794403628101 -0.3443379119508718 0
5411 -0.2287301053873501 0.9115415664580793 0
5412 -0.9837615903204376 0.0298507462713491 0
5413 0.6540266942983697 -0.8248164407827818 0
5414 -0.7651164598943607 -0.4697270297285745 0
5415 0.4545337574936102 -0.316746991041607 0
5416 -0.2506633862526689 -0.4864204926182308 0
5417 -0.6189483429289193 0.4722051649106972 0
5418 0.8391679606242313 0.2309314219214824 0
5419 -0.8454463161876575 -0.2131095505317509 0
5420 0.2431404742338784 0.3830068531367165 0
5421 0.349103040330126 0.05185169669768133 0
5422 -0.4281280358649621 0.6050436722753855 0
5423 -0.1884638721196039 0.5224945193531637 0
5424 0.618066017531573 -0.2892745901548921 0
5425 0.6553196308042171 -0.2107096295479696 0
5426 -0.3642842797714203 0.894412074311995 0
5427 0.03077328025215395 -0.8099596780842971 0
5428 -0.3502256754400212 0.04249777426235778 0
5429 0.4575432719826166 0.9187931728329245 0
5430 0.6780140890734787 0.7022511647129498 0
5431 -0.5068657797188153 0.4086012799014961 0
5432 -0.8638493727306715 -0.3564187972905419 0
5433 -0.141329479364742 -0.6469384031903823 0
5434 -0.673232330527297 0.3028646285120036 0
5435 0.5771466481644596 0.8239928067892455 0
5436 -0.2090543131733994 0.8765384518437982 0
5437 -0.6890892631132732 -0.8756132181857235 0
5438 -0.2388059701471411 0.9838418763974973 0
5439 0.7527826259800655 -0.6436689075683747 0
5440 -0.8405355797269403 -0.892615994468883 0
5441 0.8543525433094126 0.2069061268094158 0
5442 -0.6785446695603911 0.6417623611111125 0
5443 -0.1948693027298649 0.8923644354223312 0
5444 -0.9153968881315818 -0.4200377403219073 0
5445 0.6182647149758426 0.6217402873548479 0
5446 -0.8560007992262998 0.2280734239840282 0
5447 0.6256202398642884 0.5311799261566246 0
5448 -0.5087645798392496 0.362281211735007 0
5449 -0.7857677188718787 -0.9182748643748969 0
5450 0.2499522945132348 -0.2127326368546173 0
5451 -0.4071364964579398 0.8935179564721921 0
5452 -0.9022748123572398 0.4161046471850535 0
5453 -0.9123309418237338 -0.2950313540359997 0
5454 -0.1429632725272728 -0.7708693154488485 0
5455 -0.634218991319814 0.1906451391481533 0
5456 -0.8175450790687768 0.6081717368392603 0
5457 -0.8340417589731309 -0.512053661943027 0
5458 -0.5475996796247588 0.3810094469846282 0
5459 -0.2528689930649687 -0.4074810757631068 0
5460 -0.6260457504545267 0.7921247708895633 0
5461 0.5045257810830497 -0.732739333327047 0
5462 0.4405118244075302 0.05218021918265862 0
5463 0.1442230677849356 -0.5192602353469988 0
5464 0.5494076337411559 -0.8021563217651294 0
5465 -0.9838994029016727 -0.05970149253470359 0
5466 0.2934448283907235 0.1397577941898432 0
5467 0.3862762916852334 -0.2951566718783891 0
5468 -0.6810939808661147 0.5984586790567615 0
5469 -0.8354779303836742 0.645495397103011 0
5470 -0.4865246466566573 0.1753741158981091 0
5471 -0.6265072610278464 0.9827623660340883 0
5472 0.666063540853773 -0.4001836804887327 0
5473 -0.5289204171675669 -0.4386105346090909 0
5474 -0.9793753528943006 -0.1865516958658652 0
5475 0.613119915393083 0.8023926348142444 0
5476 -0.8139062244228581 -0.6873939195678274 0
5477 -0.4559163695832551 -0.8448812861354419 0
5478 -0.8714658293339559 -0.1143405232751615 0
5479 0.7030367837511904 0.2901632739718326 0
5480 -0.5126267924744712 0.02801135226275187 0
5481 -0.285327178831542 -0.6698848453911724 0
5482 0.8754291402970136 -0.7807583771146787 0
5483 -0.3480626937944409 -0.6306934868417072 0
5484 0.776354013855225 0.1460825014573493 0
5485 0.9799667984243579 0.09833116847129567 0
5486 0.3644186559009625 -0.008511478209187318 0
5487 0.3916688082338003 0.2545403569687346 0
5488 -0.281311237403873 0.1161859515071656 0
5489 -0.4164708235915474 0.1584480877243209 0
5490 -0.7545951101055994 -0.08722194144083936 0
5491 0.1510857102582596 0.3371981783489489 0
5492 -0.6128567316678898 0.08263469667523522 0
5493 -0.2632522653587059 -0.5509014389756844 0
5494 0.5883228070199095 -0.8530882521857488 0
5495 0.8683552114454853 -0.4085103858890704 0
5496 0.5746220032663398 0.09078155758611717 0
5497 0.04608564207822956 -0.3195271446588612 0
5498 -0.9506832846482788 0.8542401723656303 0
5499 -0.6208339704191776 0.7172533587984136 0
5500 0.330033512402297 0.4204448235239251 0
5501 0.2703233221606045 -0.1299765319647422 0
5502 0.7991244127025827 -0.7255867157696902 0
5503 -0.4022639238376627 -0.6638999106509146 0
5504 0.04520626168429094 -0.3441493418837342 0
5505 -0.5767875003998777 0.119380044578376 0
5506 -0.6798521323581743 -0.5118510206570315 0
5507 -0.8961269950979315 0.06614843164009686 0
5508 0.7354530265698849 -0.6954631669497023 0
5509 0.08954342814910714 -0.1154742825773429 0
5510 0.7305563404512299 -0.275820387152197 0
5511 -0.4421915775479596 0.1259095493109961 0
5512 -0.615100003380333 0.908053515241581 0
5513 0.5398485457489519 0.7408926787977436 0
5514 -0.7690095522842445 0.2716567411211349 0
5515 0.9825274278827707 0.9796465900210384 0
5516 -0.620168250513819 0.8325815203170619 0
5517 0.4849801803496863 0.2722699640735544 0
5518 -0.8155342288959424 0.6313866671357971 0
5519 0.4025219248521393 -0.2111520447640612 0
5520 0.1798611057110166 -0.438552097152272 0
5521 0.4728899551039312 -0.9364216282538292 0
5522 0.03719301548898386 -0.2816137023123779 0
5523 -0.430874328979406 0.6591505446071453 0
5524 -0.5616840379576169 0.6727270796061011 0
5525 0.5130896641204538 0.3640515068680815 0
5526 -0.8418576014934052 -0.8692501383818626 0
5527 0.8110581922398792 -0.493680592648658 0
5528 0.9563398954776819 -0.5185689839306803 0
5529 -0.01521336022808466 0.2811947279836989 0
5530 0.0446457252631169 -0.4767338785576512 0
5531 -0.8111850557973983 -0.1243781071741458 0
5532 0.9501450192543717 0.7525293823945745 0
5533 -0.05441534319412686 -0.2866734023279449 0
5534 0.2727214547717014 -0.5778172996420485 0
5535 0.6448146930239161 0.366744261422214 0
5536 -0.7108981534651019 -0.829354376109548 0
5537 -0.1173651845421479 -0.7261641252766039 0
5538 0.06195547460354102 0.3535356452952693 0
5539 -0.4191839191464811 0.2213128866368561 0
5540 0.9417473699261882 0.2361040621947791 0
5541 0.3614661016712913 -0.1471252595455608 0
5542 -0.9786676467553721 -0.617379370060664 0
5543 -0.8723029445378088 0.8122515994509808 0
5544 0.0555153421262724 0.8538983259169068 0
5545 -0.1131278359926356 0.80609947232576 0
5546 -0.9457568881660781 0.3232348483386411 0
5547 0.2981314106951179 -0.3519242583845698 0
5548 -0.4845181255885067 -0.7530606115977573 0
5549 -0.8992453969370788 0.2875233959878378 0
5550 -0.1951665396463533 -0.738487383656701 0
5551 -0.7925188584950772 -0.06602497105822851 0
5552 0.7741547655490023 -0.1321457392525895 0
5553 -0.3952329409007188 0.7084402040639556 0
5554 0.01138721525233523 -0.5627463477846451 0
5555 0.6369435481332556 -0.4695112957802445 0
5556 0.624341923592088 -0.4843799459247164 0
5557 -0.4860421232161427 -0.6370385071606975 0
5558 0.4698507354837069 -0.262567416309895 0
5559 0.88212938550105 -0.3766821603066675 0
5560 -0.9031392276184866 0.7847062720358278 0
5561 -0.6031235770361033 0.05618463232518504 0
5562 -0.0004796121965331274 0.3545743341296566 0
5563 -0.06373207756897857 0.1129093742661493 0
5564 -0.9810715334813049 0.1141512444362487 0
5565 -0.2927124212421613 -0.6436063949261652 0
5566 -0.6787635411764174 -0.8134693721135593 0
5567 -0.6619785657676399 -0.2494302814773805 0
5568 0.4251797233687805 0.5378281433699066 0
5569 -0.4502333617589029 0.1774507846271344 0
5570 -0.3596672880235962 -0.7180066214530961 0
5571 -0.32229139879154 -0.7087834023668518 0
5572 -0.2882404774015698 -0.04213855735089429 0
5573 -0.6158143191862847 0.6227816894014438 0
5574 -0.5259444192430125 0.7540300532862987 0
5575 0.9131130236747135 -0.3531415823796975 0
5576 -0.1095318221128319 -0.4778456726132991 0
5577 -0.9128483911247873 0.6782714268900309 0
5578 -0.149253731345645 -0.984254984935401 0
5579 -0.5392926869829298 -0.1435780606822631 0
5580 -0.5671641791056785 -0.9842626829960861 0
5581 0.3215337422554636 0.8314106022784813 0
5582 -0.3002847179165026 0.7147942211640893 0
5583 -0.01788566655885739 0.0517690523386431 0
5584 -0.8500245325145578 -0.1539596897795122 0
5585 0.6338329953950066 0.3230850449185428 0
5586 -0.338054207206071 0.06829970183012737 0
5587 0.1418231582449922 0.07912792882601748 0
5588 0.03471950192842975 0.0102833969161234 0
5589 -0.3408661654114722 0.6820354064982047 0
5590 0.2560262503246822 -0.3992753445428427 0
5591 -0.3549844212224825 -0.1548862500730837 0
5592 -0.1770126992474168 -0.4260899315438096 0
5593 -0.6090920429765575 0.5508958576004556 0
5594 -0.6576509707031578 -0.5851579942263091 0
5595 -0.3851645856902748 0.2586273222747217 0
5596 -0.8407237939281664 0.3644745881359419 0
5597 0.0998411055324715 -0.3901613475719822 0
5598 -0.5218500089395658 -0.8511723043034154 0
5599 0.8653732255321389 -0.1581604360864633 0
5600 -0.2414556991340099 -0.7952506917818007 0
5601 -0.4844861421175475 -0.2402852288888892 0
5602 -0.2785421626550061 -0.02154490018553106 0
5603 0.005121466705996584 -0.886657529025956 0
5604 -0.2660539948839509 -0.509614396467835 0
5605 0.376718919088484 0.4617660672586054 0
5606 -0.1710502144829729 -0.603966173120065 0
5607 0.9442125085295211 -0.7667348918554513 0
5608 0.6284720157019281 -0.767735030428834 0
5609 0.5610090496630613 -0.4179906373736607 0
5610 -0.4665390595644894 -0.6465376218639692 0
5611 0.2080224821938688 -0.7481512483538786 0
5612 0.7382169178460575 -0.3355114953607401 0
5613 -0.9843436040258893 0.7164179104485492 0
5614 0.5620154456250489 -0.04228172120497278 0
5615 -0.2774258200692007 -0.3426553507357103 0
5616 -0.6239048114326788 -0.2325043069982014 0
5617 0.2381450561476941 -0.4854568824227841 0
5618 -0.7663135385372107 -0.9294298597237984 0
5619 0.6890405157380607 -0.3382490517887488 0
5620 0.6673625750066401 0.2070724533991759 0
5621 -0.01778171746146445 -0.2838492896873223 0
5622 0.6959985800862196 -0.8858613920233465 0
5623 -0.1451501530236947 0.3588006606561606 0
5624 -0.1194270838521151 0.9820767576539242 0
5625 0.7751202246666195 0.9496083917732115 0
5626 0.7884589528165805 0.7564558239467348 0
5627 0.08664630073176749 -0.9379740696767203 0
5628 -0.5880278401055441 -0.2273464426649135 0
5629 0.5349177433711447 0.8638292201739819 0
5630 0.4683957169099269 -0.0143083220006446 0
5631 0.2778538617565761 0.2756590728696691 0
5632 -0.4793499389266203 -0.9549279110255855 0
5633 0.5175442589598329 -0.4737636242684016 0
5634 -0.9060324720424729 0.3292805968580192 0
5635 -0.4709545725975627 0.9132723143646408 0
5636 0.3025212269050547 0.0990457819614238 0
5637 0.1778040751677376 0.1397992539293325 0
5638 0.4811238482160468 -0.9048044381783042 0
5639 0.5942293269556629 -0.2354584691474453 0
5640 0.8427651231877763 -0.5216168544797353 0
5641 -0.1352166430118792 -0.9479164947294105 0
5642 0.7598669245417448 -0.4728296727951978 0
5643 0.7294860484400009 -0.2329366826636534 0
5644 0.197741929206056 -0.4798821172250174 0
5645 -0.2995541320866969 0.05382880634542653 0
5646 0.7878045650982295 -0.6868513914504123 0
5647 -0.7246806838721714 -0.8639907731541628 0
5648 0.8083393538341324 -0.681446444176771 0
5649 -0.09589132958283875 -0.5313512409843091 0
5650 -0.9014407216851565 -0.3391021684210201 0
5651 0.8927911381503592 -0.1853159314536283 0
5652 -0.8418916017042402 -0.956377218035163 0
5653 -0.2886033545842221 -0.8614563423314316 0
5654 -0.7595108626555545 -0.1574919328278142 0
5655 0.4823934688863163 -0.8378895080019745 0
5656 -0.8197228566168158 -0.2442730811431176 0
5657 -0.003982493371187317 -0.03853864369970228 0
5658 -0.8621271675342422 0.5004961265705469 0
5659 -0.1109799086006499 0.6488445390445741 0
5660 -0.02462145684596016 -0.05158769703879457 0
5661 -0.00936150762800406 -0.8254475344714444 0
5662 0.656852130705772 0.3281460269015191 0
5663 -0.8457066230422354 -0.5755112592186798 0
5664 0.4766972078028093 -0.6264929470933447 0
5665 -0.572831110985885 0.08027556266087468 0
5666 -0.8348146101492802 -0.5954743765038761 0
5667 -0.6491981892563797 0.8491703838957232 0
5668 -0.4816283401193369 0.951655232367338 0
5669 0.9844918580752261 0.9552238805968903 0
5670 -0.06739930731565623 0.4570934845491965 0
5671 0.9173483513781142 -0.855584306177252 0
5672 -0.3981422658287647 -0.8849166092941261 0
5673 -0.8113932901122101 -0.1925086470449994 0
5674 -0.24407614207957 0.4127648765242096 0
5675 0.8633538888995751 0.4293509519661849 0
5676 -0.9049837736046933 0.1597531534572515 0
5677 -0.1562534491737553 -0.8603008097860925 0
5678 -0.8797293315457788 0.2467264475516092 0
5679 -0.1299244665381687 -0.7928909393015198 0
5680 -0.7360361508848161 0.566473984272768 0
5681 -0.3670206176631508 0.7373846725099505 0
5682 0.4141606910299095 0.9532470370908495 0
5683 -0.112689404055106 -0.8902083686191373 0
5684 -0.2222260947547564 -0.7304693484537355 0
5685 0.9817765420895462 -0.1182057243635773 0
5686 -0.5824257458795865 0.05669175953505408 0
5687 -0.8154270288649487 0.1376383351735863 0
5688 -0.7563122691299425 -0.308810382461155 0
5689 -0.04694075253048006 0.6241881859225359 0
5690 0.5251920911624959 0.468379918984318 0
5691 -0.1140506993253272 0.6901354102804619 0
5692 -0.6248083890365421 0.6943561317993159 0
5693 -0.7829714491466498 -0.5482594962706294 0
5694 -0.9816822892988701 0.9551602667408172 0
5695 0.1095149734789581 0.02636302262077513 0
5696 -0.5226160126532149 0.6446905113641778 0
5697 0.442032815974817 0.8140849583636318 0
5698 -0.5802463277587797 -0.1836053830382015 0
5699 -0.8228349079833243 -0.9031826491900149 0
5700 0.6313117856681264 -0.5893335972340973 0
5701 0.8732311194196122 0.8321720973728765 0
5702 0.7156950812589229 -0.5178317519916507 0
5703 0.6454349167541786 0.8451075326965717 0
5704 -0.5688446326827744 -0.7934842641041624 0
5705 -0.4383649362653038 0.9244069452263032 0
5706 0.9112882470912067 0.01367997207482166 0
5707 0.6592169441947604 0.9092450432280758 0
5708 0.5928985034143427 -0.7900559560362007 0
5709 -0.863035175265499 0.8830655332855163 0
5710 0.1706039815167346 -0.36237954871974 0
5711 -0.4418835161112619 -0.428345962425403 0
5712 -0.05876479335666978 0.0450423913274894 0
5713 -0.4481848747516127 0.05421529447094487 0
5714 0.5450694383414932 0.4584918490703698 0
5715 0.8799843188236793 -0.8291583190263556 0
5716 0.6211219828470748 -0.5493239523561216 0
5717 -0.873853303734627 0.5633797613434804 0
5718 -0.7976891438021314 0.5955733511363668 0
5719 0.802925820532908 0.8013631530009501 0
5720 0.3689363776175859 -0.2011927429517135 0
5721 -0.1726598856022321 -0.6733090565197931 0
5722 0.891420661663169 0.3687036610446861 0
5723 0.3954544199031262 0.751558859314057 0
5724 -0.4052458833806298 -0.2565595961789253 0
5725 -0.03054947557093207 -0.8333904724956814 0
5726 0.8951070646425441 0.66642311815259 0
5727 0.2786567484233669 -0.39237145079686 0
5728 0.769663907128061 0.289951031505592 0
5729 -0.05813090448443514 0.8461721876696848 0
5730 -0.3021464138191204 0.4843760954477159 0
5731 0.543078872054079 -0.8708839421427854 0
5732 0.8509213663993043 -0.9555848150573709 0
5733 0.7145887648253363 0.2558230858101662 0
5734 0.9272728604017786 -0.9068586085478989 0
5735 -0.6119232590316155 -0.04461545127717387 0
5736 -0.2738962945987644 -0.9340218350827335 0
5737 -0.6243762965343219 -0.06249479149511301 0
5738 0.0554059400165907 0.9801382599291841 0
5739 0.8343133244127352 0.4951022059074344 0
5740 0.9309188829976452 -0.1777134053047752 0
5741 0.5062387068700329 -0.8481624124087837 0
5742 -0.5141503054635942 0.5490026762727508 0
5743 0.3565296335061828 0.2543530019543015 0
5744 0.1318762605641733 0.2646409356699531 0
5745 0.7165960874762779 0.6530485068620496 0
5746 0.9833305920742772 0.328400421611195 0
5747 0.1682656347392534 -0.1237938503064609 0
5748 -0.5875089233969081 0.09626645746321272 0
5749 -0.5158710989154207 -0.5678491169642804 0
5750 0.1878709580633083 -0.3766451641089829 0
5751 -0.303158104255844 -0.3107855232215717 0
5752 -0.09276621386014425 0.08518228094749594 0
5753 -0.685819129330723 0.4708248504778748 0
5754 -0.2356415167762453 0.5151769809010325 0
5755 0.2107314502695361 -0.5641241390002261 0
5756 0.8291499906602987 0.08555545578231614 0
5757 0.7789333651433643 -0.7096194282236947 0
5758 -0.8510182952434886 -0.3185371438257524 0
5759 0.945862243582882 0.5518224120459567 0
5760 0.5994492435414817 -0.4027033837289169 0
5761 0.1293367371810939 0.1862959091558361 0
5762 0.3880597014942359 0.9847741694457924 0
5763 -0.3576133195566583 -0.3152856078791235 0
5764 0.9824884019229139 0.3896640458920412 0
5765 0.2230972909937594 0.203197195996781 0
5766 0.4547685181946514 0.4362312533983391 0
5767 -0.9409449789017934 0.3459749568049538 0
5768 0.6233323184171606 0.8948165685113729 0
5769 0.6123892129101229 -0.7251883467409627 0
5770 -0.8732168873531081 0.7590630613514312 0
5771 -0.4309462987214017 -0.7930433816876047 0
5772 0.9126785442239378 -0.4051435890396856 0
5773 0.5574368317229941 0.772560476834273 0
5774 -0.1920196983023522 -0.3811218785024691 0
5775 -0.2269538547367003 0.8407061522292435 0
5776 0.9010146651976273 0.6457884878890958 0
5777 -0.3635436841300028 0.4928479179972192 0
5778 -0.5506820457800832 -0.8549664424851622 0
5779 -0.8873853963985863 0.8574530291035466 0
5780 0.9591649845619725 -0.3717804354935739 0
5781 -0.5910479527763004 0.7521249892942131 0
5782 0.5918181968867002 -0.6650182651014092 0
5783 -0.9188963900679696 0.1374561583847159 0
5784 0.4893030558683509 0.756935810830199 0
5785 -0.8948084087753763 -0.6145156019903106 0
5786 -0.2282616418735233 -0.8699455259703562 0
5787 -0.8721478673585812 0.3562395907157526 0
5788 -0.2988896104277334 0.7544161210616519 0
5789 -0.0441348254713376 -0.7672355914365679 0
5790 0.1714024888418038 0.1612443924202899 0
5791 -0.1478696858112487 -0.09685535841819333 0
5792 0.1982844014226315 -0.6316538449978266 0
5793 -0.14533883483934 0.5267909807075686 0
5794 0.2161314535624531 -0.4968766850353173 0
5795 0.5956334946815433 -0.5143349733625805 0
5796 -0.1709275042199529 0.9516652289222578 0
5797 0.04388530169140448 -0.216158746625176 0
5798 0.2194815926652637 -0.02308372699642651 0
5799 -0.2962416127125387 0.1766748216717303 0
5800 -0.7343676148872099 0.8936595692282456 0
5801 -0.6800463664435576 -0.1868483812157062 0
5802 -0.5889663087331081 0.514634935896948 0
5803 0.5942355378717792 0.02639429760210754 0
5804 -0.4330607313486253 0.7019256594516877 0
5805 0.242550578502587 -0.1689755151908741 0
5806 0.6954856120644286 -0.248545473417974 0
5807 0.2319693138715807 -0.1442387479099731 0
5808 0.7785731618405732 0.8103419360210035 0
5809 -0.6043993143812164 0.6608497528436094 0
5810 0.9801890673490641 -0.3372925126029642 0
5811 -0.2906515147295669 0.5096889646279978 0
5812 0.582014032966451 -0.5368065970550134 0
5813 0.9447570922173144 -0.3364118836356569 0
5814 -0.7802333375555622 0.7181961015779457 0
5815 -0.1120342774679974 -0.5450049229388687 0
5816 0.8910589876116877 -0.09268677575868324 0
5817 0.6303492707691527 -0.3891409299586455 0
5818 -0.2128094034595031 0.7482625229702031 0
5819 -0.4855835720404333 0.2804266938559191 0
5820 -0.7025932783196323 0.7698806535164806 0
5821 -0.590765679144675 -0.03998871641816916 0
5822 0.4183156338265385 -0.3039480289417999 0
5823 0.8174154736298948 0.4626517693715997 0
5824 -0.01354403378345342 0.2137350422281054 0
5825 0.6876269588460611 -0.9046895268365384 0
5826 -0.831147835063365 0.1780338881116445 0
5827 0.6490725763036486 0.3962962574835263 0
5828 0.2437579028577055 -0.8041946622105223 0
5829 0.3198469361873342 0.978792734731063 0
5830 0.353187631849482 -0.2291702761712759 0
5831 0.7035591908242389 -0.9520463529450824 0
5832 -0.3029010397347689 0.9189589597109594 0
5833 -0.642456182583995 0.4092345555032777 0
5834 0.0005940881499182436 0.3179234850083125 0
5835 -0.4959010481475655 -0.1354782216491074 0
5836 -0.4658945962926457 -0.7743841617717886 0
5837 -0.5600992681836069 -0.05807215568701332 0
5838 -0.5455032568633157 -0.4983326701929621 0
5839 -0.6977534731229691 -0.94690797383848 0
5840 0.3535452195700954 -0.8952367176551959 0
5841 -0.3896151616820871 -0.9057565100368115 0
5842 -0.8728046722021185 -0.5788921716985922 0
5843 0.5541017378936594 -0.3890897036331112 0
5844 0.5506623591018798 -0.05975817274059271 0
5845 0.07363273346993734 0.1414298673239627 0
5846 0.9808008365944897 0.005916725025019193 0
5847 -0.5214419494750977 0.6722446825288367 0
5848 0.6764415098302042 0.1312239130979299 0
5849 -0.5548924543814958 0.1175438535763518 0
5850 -0.6776477590924448 -0.2652186291037619 0
5851 -0.5407635376809361 -0.3009169441267275 0
5852 0.3501295989727321 0.3771679897165291 0
5853 0.7119492239492179 0.1148035808174356 0
5854 0.6803106241406988 -0.1845614458893631 0
5855 0.7492858397821804 -0.7672848987827263 0
5856 -0.4811393550221819 0.4360793282767251 0
5857 0.7624114758992721 -0.7812949343456297 0
5858 -0.804721819539169 0.7076273126206631 0
5859 0.5819874527193671 -0.008905553875000884 0
5860 -0.7385513604005665 -0.1090671549396826 0
5861 0.645850505832806 0.06186934544504775 0
5862 0.09659755555538514 0.3752498161905881 0
5863 0.2338330843850582 0.3623342733951228 0
5864 -0.525338567328423 0.8203293091879635 0
5865 -0.3426728372451747 0.4985312530144546 0
5866 -0.8104833796837435 -0.8667387518529182 0
5867 0.3100340732527668 0.223202594183488 0
5868 -0.7632520440808018 0.7832619320380303 0
5869 -0.8230684942747192 0.3019550378267299 0
5870 -0.8603180387973173 -0.6407426683041393 0
5871 0.5899695171959491 -0.1490518359293741 0
5872 -0.9851849196160224 -0.9850665866694481 0
5873 -0.5132255491545377 0.1062306013946497 0
5874 0.6817499181158339 -0.5327353895938119 0
5875 -0.6334512657922066 0.230359648788459 0
5876 -0.1316549151334898 0.1247302490896591 0
5877 -0.2945493037910965 -0.840011736599104 0
5878 -0.5190949977577565 -0.05512897642405123 0
5879 -0.8396300757318058 -0.7186322241719407 0
5880 0.4912897235191983 0.7786495918446636 0
5881 0.7399359623577455 0.1988110216561831 0
$EndNodes
$Elements
11762
1 1 2 10 1 1 7
2 1 2 10 1 7 8
3 1 2 10 1 8 9
4 1 2 10 1 9 10
5 1 2 10 1 10 11
6 1 2 10 1 11 12
7 1 2 10 1 12 13
8 1 2 10 1 13 14
9 1 2 10 1 14 15
10 1 2 10 1 15 16
11 1 2 10 1 16 17
12 1 2 10 1 17 18
13 1 2 10 1 18 19
14 1 2 10 1 19 20
15 1 2 10 1 20 21
16 1 2 10 1 21 22
17 1 2 10 1 22 23
18 1 2 10 1 23 24
19 1 2 10 1 24 25
20 1 2 10 1 25 26
21 1 2 10 1 26 27
22 1 2 10 1 27 28
23 1 2 10 1 28 29
24 1 2 10 1 29 30
25 1 2 10 1 30 31
26 1 2 10 1 31 32
27 1 2 10 1 32 33
28 1 2 10 1 33 34
29 1 2 10 1 34 35
30 1 2 10 1 35 36
31 1 2 10 1 36 37
32 1 2 10 1 37 38
33 1 2 10 1 38 39
34 1 2 10 1 39 40
35 1 2 10 1 40 41
36 1 2 10 1 41 42
37 1 2 10 1 42 43
38 1 2 10 1 43 44
39 1 2 10 1 44 45
40 1 2 10 1 45 46
41 1 2 10 1 46 47
42 1 2 10 1 47 48
43 1 2 10 1 48 49
44 1 2 10 1 49 50
45 1 2 10 1 50 51
46 1 2 10 1 51 52
47 1 2 10 1 52 53
48 1 2 10 1 53 54
49 1 2 10 1 54 55
50 1 2 10 1 55 56
51 1 2 10 1 56 57
52 1 2 10 1 57 58
53 1 2 10 1 58 59
54 1 2 10 1 59 60
55 1 2 10 1 60 61
56 1 2 10 1 61 62
57 1 2 10 1 62 63
58 1 2 10 1 63 64
59 1 2 10 1 64 65
60 1 2 10 1 65 66
61 1 2 10 1 66 67
62 1 2 10 1 67 68
63 1 2 10 1 68 69
64 1 2 10 1 69 70
65 1 2 10 1 70 71
66 1 2 10 1 71 72
67 1 2 10 1 72 2
68 1 2 11 2 2 73
69 1 2 11 2 73 74
70 1 2 11 2 74 75
71 1 2 11 2 75 76
72 1 2 11 2 76 77
73 1 2 11 2 77 78
74 1 2 11 2 78 79
75 1 2 11 2 79 80
76 1 2 11 2 80 81
77 1 2 11 2 81 82
78 1 2 11 2 82 83
79 1 2 11 2 83 84
80 1 2 11 2 84 85
81 1 2 11 2 85 86
82 1 2 11 2 86 87
83 1 2 11 2 87 88
84 1 2 11 2 88 89
85 1 2 11 2 89 90
86 1 2 11 2 90 91
87 1 2 11 2 91 92
88 1 2 11 2 92 93
89 1 2 11 2 93 94
90 1 2 11 2 94 95
91 1 2 11 2 95 96
92 1 2 11 2 96 97
93 1 2 11 2 97 98
94 1 2 11 2 98 99
95 1 2 11 2 99 100
96 1 2 11 2 100 101
97 1 2 11 2 101 102
98 1 2 11 2 102 103
99 1 2 11 2 103 104
100 1 2 11 2 104 105
101 1 2 11 2 105 106
102 1 2 11 2 106 107
103 1 2 11 2 107 108
104 1 2 11 2 108 109
105 1 2 11 2 109 110
106 1 2 11 2 110 111
107 1 2 11 2 111 112
108 1 2 11 2 112 113
109 1 2 11 2 113 114
110 1 2 11 2 114 115
111 1 2 11 2 115 116
112 1 2 11 2 116 117
113 1 2 11 2 117 118
114 1 2 11 2 118 119
115 1 2 11 2 119 120
116 1 2 11 2 120 121
117 1 2 11 2 121 122
118 1 2 11 2 122 123
119 1 2 11 2 123 124
120 1 2 11 2 124 125
121 1 2 11 2 125 126
122 1 2 11 2 126 127
123 1 2 11 2 127 128
124 1 2 11 2 128 129
125 1 2 11 2 129 130
126 1 2 11 2 130 131
127 1 2 11 2 131 132
128 1 2 11 2 132 133
129 1 2 11 2 133 134
130 1 2 11 2 134 135
131 1 2 11 2 135 136
132 1 2 11 2 136 137
133 1 2 11 2 137 138
134 1 2 11 2 138 3
135 1 2 12 3 3 139
136 1 2 12 3 139 140
137 1 2 12 3 140 141
138 1 2 12 3 141 142
139 1 2 12 3 142 143
140 1 2 12 3 143 144
141 1 2 12 3 144 145
142 1 2 12 3 145 146
143 1 2 12 3 146 147
144 1 2 12 3 147 148
145 1 2 12 3 148 149
146 1 2 12 3 149 150
147 1 2 12 3 150 151
148 1 2 12 3 151 152
149 1 2 12 3 152 153
150 1 2 12 3 153 154
151 1 2 12 3 154 155
152 1 2 12 3 155 156
153 1 2 12 3 156 157
154 1 2 12 3 157 158
155 1 2 12 3 158 159
156 1 2 12 3 159 160
157 1 2 12 3 160 161
158 1 2 12 3 161 162
159 1 2 12 3 162 163
160 1 2 12 3 163 164
161 1 2 12 3 164 165
162 1 2 12 3 165 166
163 1 2 12 3 166 167
164 1 2 12 3 167 168
165 1 2 12 3 168 169
166 1 2 12 3 169 170
167 1 2 12 3 170 171
168 1 2 12 3 171 172
169 1 2 12 3 172 173
170 1 2 12 3 173 174
171 1 2 12 3 174 175
172 1 2 12 3 175 176
173 1 2 12 3 176 177
174 1 2 12 3 177 178
175 1 2 12 3 178 179
176 1 2 12 3 179 180
177 1 2 12 3 180 181
178 1 2 12 3 181 182
179 1 2 12 3 182 183
180 1 2 12 3 183 184
181 1 2 12 3 184 185
182 1 2 12 3 185 186
183 1 2 12 3 186 187
184 1 2 12 3 187 188
185 1 2 12 3 188 189
186 1 2 12 3 189 190
187 1 2 12 3 190 191
188 1 2 12 3 191 192
189 1 2 12 3 192 193
190 1 2 12 3 193 194
191 1 2 12 3 194 195
192 1 2 12 3 195 196
193 1 2 12 3 196 197
194 1 2 12 3 197 198
195 1 2 12 3 198 199
196 1 2 12 3 199 200
197 1 2 12 3 200 201
198 1 2 12 3 201 202
199 1 2 12 3 202 203
200 1 2 12 3 203 204
201 1 2 12 3 204 4
202 1 2 13 4 4 205
203 1 2 13 4 205 206
204 1 2 13 4 206 207
205 1 2 13 4 207 208
206 1 2 13 4 208 209
207 1 2 13 4 209 210
208 1 2 13 4 210 211
209 1 2 13 4 211 212
210 1 2 13 4 212 213
211 1 2 13 4 213 214
212 1 2 13 4 214 215
213 1 2 13 4 215 216
214 1 2 13 4 216 217
215 1 2 13 4 217 218
216 1 2 13 4 218 219
217 1 2 13 4 219 220
218 1 2 13 4 220 221
219 1 2 13 4 221 222
220 1 2 13 4 222 223
221 1 2 13 4 223 224
222 1 2 13 4 224 225
223 1 2 13 4 225 226
224 1 2 13 4 226 227
225 1 2 13 4 227 228
226 1 2 13 4 228 229
227 1 2 13 4 229 230
228 1 2 13 4 230 231
229 1 2 13 4 231 232
230 1 2 13 4 232 233
231 1 2 13 4 233 234
232 1 2 13 4 234 235
233 1 2 13 4 235 236
234 1 2 13 4 236 237
235 1 2 13 4 237 238
236 1 2 13 4 238 239
237 1 2 13 4 239 240
238 1 2 13 4 240 241
239 1 2 13 4 241 242
240 1 2 13 4 242 243
241 1 2 13 4 243 244
242 1 2 13 4 244 245
243 1 2 13 4 245 246
244 1 2 13 4 246 247
245 1 2 13 4 247 248
246 1 2 13 4 248 249
247 1 2 13 4 249 250
248 1 2 13 4 250 251
249 1 2 13 4 251 252
250 1 2 13 4 252 253
251 1 2 13 4 253 254
252 1 2 13 4 254 255
253 1 2 13 4 255 256
254 1 2 13 4 256 257
255 1 2 13 4 257 258
256 1 2 13 4 258 259
257 1 2 13 4 259 260
258 1 2 13 4 260 261
259 1 2 13 4 261 262
260 1 2 13 4 262 263
261 1 2 13 4 263 264
262 1 2 13 4 264 265
263 1 2 13 4 265 266
264 1 2 13 4 266 267
265 1 2 13 4 267 268
266 1 2 13 4 268 269
267 1 2 13 4 269 270
268 1 2 13 4 270 1
269 1 2 14 5 5 271
270 1 2 14 5 271 272
271 1 2 14 5 272 273
272 1 2 14 5 273 274
273 1 2 14 5 274 275
274 1 2 14 5 275 276
275 1 2 14 5 276 277
276 1 2 14 5 277 278
277 1 2 14 5 278 279
278 1 2 14 5 279 280
279 1 2 14 5 280 281
280 1 2 14 5 281 282
281 1 2 14 5 282 283
282 1 2 14 5 283 284
283 1 2 14 5 284 285
284 1 2 14 5 285 286
285 1 2 14 5 286 287
286 1 2 14 5 287 288
287 1 2 14 5 288 289
288 1 2 14 5 289 290
289 1 2 14 5 290 291
290 1 2 14 5 291 292
291 1 2 14 5 292 293
292 1 2 14 5 293 6
293 1 2 14 6 6 294
294 1 2 14 6 294 295
295 1 2 14 6 295 296
296 1 2 14 6 296 297
297 1 2 14 6 297 298
298 1 2 14 6 298 299
299 1 2 14 6 299 300
300 1 2 14 6 300 301
301 1 2 14 6 301 302
302 1 2 14 6 302 303
303 1 2 14 6 303 304
304 1 2 14 6 304 305
305 1 2 14 6 305 306
306 1 2 14 6 306 307
307 1 2 14 6 307 308
308 1 2 14 6 308 309
309 1 2 14 6 309 310
310 1 2 14 6 310 311
311 1 2 14 6 311 312
312 1 2 14 6 312 313
313 1 2 14 6 313 314
314 1 2 14 6 314 315
315 1 2 14 6 315 316
316 1 2 14 6 316 5
317 2 2 2 1 2059 476 4931
318 2 2 2 1 1790 443 2462
319 2 2 2 1 922 1869 2843
320 2 2 2 1 936 1693 4251
321 2 2 2 1 456 2009 5076
322 2 2 2 1 2048 363 4514
323 2 2 2 1 825 2311 2314
324 2 2 2 1 3836 1481 4398
325 2 2 2 1 1236 1849 3820
326 2 2 2 1 2311 1202 2314
327 2 2 2 1 514 2217 2664
328 2 2 2 1 931 1702 4384
329 2 2 2 1 1925 136 3054
330 2 2 2 1 1613 2048 4514
331 2 2 2 1 2816 3845 4990
332 2 2 2 1 2240 281 4490
333 2 2 2 1 851 2315 4681
334 2 2 2 1 1806 1081 3265
335 2 2 2 1 447 1806 3265
336 2 2 2 1 907 3042 3216
337 2 2 2 1 750 1910 4551
338 2 2 2 1 2255 917 2478
339 2 2 2 1 465 1726 2653
340 2 2 2 1 276 275 2319
341 2 2 2 1 778 1976 2569
342 2 2 2 1 2315 1846 4681
343 2 2 2 1 2274 1383 3892
344 2 2 2 1 337 2635 3028
345 2 2 2 1 1156 1792 3594
346 2 2 2 1 2635 1446 3028
347 2 2 2 1 1050 2255 2478
348 2 2 2 1 1901 1482 4489
349 2 2 2 1 1986 579 3771
350 2 2 2 1 1018 1874 2396
351 2 2 2 1 1870 409 2351
352 2 2 2 1 733 1901 4489
353 2 2 2 1 1120 1851 3478
354 2 2 2 1 4304 1496 4905
355 2 2 2 1 4109 2233 5255
356 2 2 2 1 748 1765 2527
357 2 2 2 1 476 2059 2597
358 2 2 2 1 1693 936 2946
359 2 2 2 1 895 1723 2743
360 2 2 2 1 1444 2059 2421
361 2 2 2 1 1062 2998 4306
362 2 2 2 1 788 2171 2596
363 2 2 2 1 1919 2982 4879
364 2 2 2 1 1496 2332 4905
365 2 2 2 1 739 3053 4561
366 2 2 2 1 2244 4559 5040
367 2 2 2 1 1923 560 2594
368 2 2 2 1 2982 701 4879
369 2 2 2 1 2421 2059 4931
370 2 2 2 1 1167 2025 3250
371 2 2 2 1 1482 1901 2947
372 2 2 2 1 1723 895 3224
373 2 2 2 1 2680 1521 5071
374 2 2 2 1 769 2115 2256
375 2 2 2 1 1927 863 4362
376 2 2 2 1 2146 1508 2902
377 2 2 2 1 1949 872 2358
378 2 2 2 1 320 1769 2550
379 2 2 2 1 1819 1025 2696
380 2 2 2 1 2115 1125 2256
381 2 2 2 1 399 2488 3943
382 2 2 2 1 1801 1230 2731
383 2 2 2 1 1176 2849 3064
384 2 2 2 1 2849 1581 3064
385 2 2 2 1 1700 540 5141
386 2 2 2 1 2807 479 3116
387 2 2 2 1 2274 655 3398
388 2 2 2 1 1070 1984 2309
389 2 2 2 1 1778 488 4054
390 2 2 2 1 3892 1383 4290
391 2 2 2 1 1383 2274 3398
392 2 2 2 1 488 1780 4054
393 2 2 2 1 2950 3976 5013
394 2 2 2 1 1255 1977 4447
395 2 2 2 1 2009 2411 5076
396 2 2 2 1 265 266 1940
397 2 2 2 1 2267 343 2875
398 2 2 2 1 2676 761 3200
399 2 2 2 1 1164 2221 2801
400 2 2 2 1 1796 866 3587
401 2 2 2 1 1646 3222 4488
402 2 2 2 1 2181 1088 2541
403 2 2 2 1 951 2181 2541
404 2 2 2 1 2221 512 2801
405 2 2 2 1 540 1700 4690
406 2 2 2 1 454 1840 3527
407 2 2 2 1 902 1798 2510
408 2 2 2 1 1889 350 3202
409 2 2 2 1 726 1937 5405
410 2 2 2 1 2203 878 3217
411 2 2 2 1 2259 1153 3369
412 2 2 2 1 2017 1063 5583
413 2 2 2 1 705 2355 2537
414 2 2 2 1 1702 931 2984
415 2 2 2 1 2188 1380 3929
416 2 2 2 1 1103 2480 3359
417 2 2 2 1 2480 1476 3359
418 2 2 2 1 936 1895 4605
419 2 2 2 1 1843 1085 2562
420 2 2 2 1 1237 1737 3575
421 2 2 2 1 2355 1108 2537
422 2 2 2 1 839 2137 2269
423 2 2 2 1 1608 2441 3791
424 2 2 2 1 400 1875 4233
425 2 2 2 1 2584 1158 2908
426 2 2 2 1 1111 1753 3179
427 2 2 2 1 2441 778 3791
428 2 2 2 1 1794 720 2535
429 2 2 2 1 994 2628 2729
430 2 2 2 1 1913 361 4361
431 2 2 2 1 693 2273 4086
432 2 2 2 1 2825 3981 5165
433 2 2 2 1 1905 668 3808
434 2 2 2 1 935 2298 2567
435 2 2 2 1 2298 1092 2567
436 2 2 2 1 2488 1644 3943
437 2 2 2 1 2273 1622 4086
438 2 2 2 1 2628 1288 2729
439 2 2 2 1 188 189 2377
440 2 2 2 1 1871 557 2415
441 2 2 2 1 1264 2578 3103
442 2 2 2 1 1712 2295 4324
443 2 2 2 1 1868 1054 3248
444 2 2 2 1 1141 2249 3441
445 2 2 2 1 2816 396 3845
446 2 2 2 1 3053 739 3888
447 2 2 2 1 2295 426 4324
448 2 2 2 1 2119 479 5492
449 2 2 2 1 1030 2359 2993
450 2 2 2 1 1193 1820 2488
451 2 2 2 1 228 229 2075
452 2 2 2 1 948 2097 2792
453 2 2 2 1 1309 2868 2910
454 2 2 2 1 2054 512 2606
455 2 2 2 1 1016 2241 2470
456 2 2 2 1 371 2026 2912
457 2 2 2 1 1184 2158 2159
458 2 2 2 1 1147 2901 3016
459 2 2 2 1 1929 2680 5071
460 2 2 2 1 1145 2057 3055
461 2 2 2 1 2158 791 2159
462 2 2 2 1 2119 5492 5748
463 2 2 2 1 1745 711 4128
464 2 2 2 1 1952 1636 4943
465 2 2 2 1 1877 493 4986
466 2 2 2 1 3016 2901 4745
467 2 2 2 1 743 1952 4943
468 2 2 2 1 398 3315 3534
469 2 2 2 1 1652 3558 5422
470 2 2 2 1 2151 1451 4004
471 2 2 2 1 4941 2085 5018
472 2 2 2 1 2919 835 2980
473 2 2 2 1 1689 4109 5255
474 2 2 2 1 2057 1145 2425
475 2 2 2 1 1292 1969 2338
476 2 2 2 1 2057 515 3055
477 2 2 2 1 870 2394 4154
478 2 2 2 1 805 2116 5428
479 2 2 2 1 1695 3650 4108
480 2 2 2 1 2116 1945 5428
481 2 2 2 1 4154 2394 4381
482 2 2 2 1 1574 2919 2980
483 2 2 2 1 719 1850 3641
484 2 2 2 1 1730 2229 4504
485 2 2 2 1 2825 551 3981
486 2 2 2 1 832 2626 3627
487 2 2 2 1 2229 713 4504
488 2 2 2 1 765 2199 2826
489 2 2 2 1 363 2048 5431
490 2 2 2 1 334 1959 2458
491 2 2 2 1 2626 1652 3627
492 2 2 2 1 988 2500 3271
493 2 2 2 1 2559 414 3598
494 2 2 2 1 2244 716 4559
495 2 2 2 1 1596 2559 3598
496 2 2 2 1 2584 2908 5286
497 2 2 2 1 1063 2141 5583
498 2 2 2 1 741 1800 2564
499 2 2 2 1 1737 1237 3672
500 2 2 2 1 740 2057 2425
501 2 2 2 1 1820 1193 3741
502 2 2 2 1 873 1837 3692
503 2 2 2 1 537 1820 3741
504 2 2 2 1 684 1778 3163
505 2 2 2 1 361 1913 4755
506 2 2 2 1 464 1779 5477
507 2 2 2 1 1182 2085 4941
508 2 2 2 1 1856 719 3641
509 2 2 2 1 1012 2676 3067
510 2 2 2 1 1087 1889 3202
511 2 2 2 1 2199 1145 2826
512 2 2 2 1 1920 934 4776
513 2 2 2 1 2993 2359 4380
514 2 2 2 1 934 1922 4776
515 2 2 2 1 1943 372 2899
516 2 2 2 1 3212 1809 3231
517 2 2 2 1 730 1785 2619
518 2 2 2 1 923 1953 2534
519 2 2 2 1 541 1949 2358
520 2 2 2 1 1953 735 2534
521 2 2 2 1 2618 1128 3078
522 2 2 2 1 83 84 2040
523 2 2 2 1 358 4362 4872
524 2 2 2 1 970 1812 3860
525 2 2 2 1 878 2203 2579
526 2 2 2 1 2175 883 2178
527 2 2 2 1 3067 2676 3903
528 2 2 2 1 2338 652 3111
529 2 2 2 1 3671 100 3817
530 2 2 2 1 1825 1063 2538
531 2 2 2 1 209 210 1966
532 2 2 2 1 1906 1313 2585
533 2 2 2 1 1118 2735 3030
534 2 2 2 1 1726 465 2967
535 2 2 2 1 378 1906 2585
536 2 2 2 1 1292 2338 3111
537 2 2 2 1 1582 2752 3257
538 2 2 2 1 326 1956 2349
539 2 2 2 1 2752 608 3257
540 2 2 2 1 949 2175 2178
541 2 2 2 1 2842 2016 5315
542 2 2 2 1 879 2392 2762
543 2 2 2 1 1872 615 3215
544 2 2 2 1 1984 918 2309
545 2 2 2 1 355 1864 4878
546 2 2 2 1 872 2021 2358
547 2 2 2 1 914 1946 3516
548 2 2 2 1 456 1911 3165
549 2 2 2 1 681 1873 4148
550 2 2 2 1 1080 1872 3215
551 2 2 2 1 1811 702 2566
552 2 2 2 1 1873 1326 4148
553 2 2 2 1 745 1886 2670
554 2 2 2 1 437 2233 4109
555 2 2 2 1 2875 343 4317
556 2 2 2 1 2034 833 4820
557 2 2 2 1 466 2001 2365
558 2 2 2 1 1861 877 2554
559 2 2 2 1 3139 724 5475
560 2 2 2 1 1831 1047 4696
561 2 2 2 1 1610 2183 2880
562 2 2 2 1 1922 934 4754
563 2 2 2 1 461 1912 3821
564 2 2 2 1 1885 1046 2511
565 2 2 2 1 1785 730 2649
566 2 2 2 1 786 1926 2416
567 2 2 2 1 1871 1425 2709
568 2 2 2 1 2892 1141 3441
569 2 2 2 1 2810 1475 2949
570 2 2 2 1 1072 1853 3449
571 2 2 2 1 1481 3063 4398
572 2 2 2 1 1425 1871 4509
573 2 2 2 1 985 2842 5315
574 2 2 2 1 1996 787 2327
575 2 2 2 1 2241 966 2470
576 2 2 2 1 2264 984 2643
577 2 2 2 1 1104 2810 2949
578 2 2 2 1 492 2146 2902
579 2 2 2 1 1099 2264 2643
580 2 2 2 1 1761 335 3993
581 2 2 2 1 787 2001 2327
582 2 2 2 1 2794 498 3099
583 2 2 2 1 335 1761 3378
584 2 2 2 1 1851 681 3478
585 2 2 2 1 2998 1540 4306
586 2 2 2 1 2339 5060 5153
587 2 2 2 1 808 2036 3068
588 2 2 2 1 1944 294 3065
589 2 2 2 1 1063 1825 4189
590 2 2 2 1 2628 171 3573
591 2 2 2 1 371 2912 2978
592 2 2 2 1 1098 2008 2491
593 2 2 2 1 1466 2244 3774
594 2 2 2 1 4008 1555 4730
595 2 2 2 1 1955 569 2489
596 2 2 2 1 2244 843 3774
597 2 2 2 1 2001 893 2327
598 2 2 2 1 1068 2201 2223
599 2 2 2 1 2144 1264 2992
600 2 2 2 1 568 2144 2992
601 2 2 2 1 246 247 2051
602 2 2 2 1 887 1824 4340
603 2 2 2 1 2054 1043 2801
604 2 2 2 1 2933 988 3271
605 2 2 2 1 2032 905 5505
606 2 2 2 1 512 2054 2801
607 2 2 2 1 2319 275 3667
608 2 2 2 1 888 2249 3810
609 2 2 2 1 887 2069 2258
610 2 2 2 1 428 2019 3446
611 2 2 2 1 508 2178 4000
612 2 2 2 1 1757 2339 5153
613 2 2 2 1 845 2210 2769
614 2 2 2 1 2212 521 3370
615 2 2 2 1 2107 374 2572
616 2 2 2 1 1091 2107 2572
617 2 2 2 1 2019 1215 3446
618 2 2 2 1 668 1905 4659
619 2 2 2 1 1354 2642 3591
620 2 2 2 1 1932 706 2659
621 2 2 2 1 2942 463 3502
622 2 2 2 1 1169 3015 4568
623 2 2 2 1 1858 1088 3242
624 2 2 2 1 798 2169 2328
625 2 2 2 1 2340 1626 4506
626 2 2 2 1 1742 1076 4870
627 2 2 2 1 2005 1369 4037
628 2 2 2 1 2340 4506 5617
629 2 2 2 1 878 1886 2484
630 2 2 2 1 1217 2094 3307
631 2 2 2 1 942 1932 2659
632 2 2 2 1 1937 2184 5405
633 2 2 2 1 878 2484 3217
634 2 2 2 1 1059 2446 3031
635 2 2 2 1 1153 2832 3369
636 2 2 2 1 1059 3432 4229
637 2 2 2 1 2446 1310 3031
638 2 2 2 1 1106 1758 5728
639 2 2 2 1 2094 753 3307
640 2 2 2 1 1033 1917 4631
641 2 2 2 1 2078 575 4593
642 2 2 2 1 1453 2170 2263
643 2 2 2 1 3432 1715 4229
644 2 2 2 1 2618 3078 4794
645 2 2 2 1 1605 2078 4593
646 2 2 2 1 2237 932 2369
647 2 2 2 1 2265 777 3894
648 2 2 2 1 2170 433 2263
649 2 2 2 1 148 1818 2884
650 2 2 2 1 1851 1120 3718
651 2 2 2 1 1519 2265 3894
652 2 2 2 1 4004 1451 4412
653 2 2 2 1 1312 1867 3857
654 2 2 2 1 4245 2889 4897
655 2 2 2 1 2493 1712 4315
656 2 2 2 1 1737 1013 3482
657 2 2 2 1 677 1805 3907
658 2 2 2 1 507 2297 2763
659 2 2 2 1 1076 1742 4457
660 2 2 2 1 441 3317 4235
661 2 2 2 1 1910 2213 4551
662 2 2 2 1 3827 1381 5232
663 2 2 2 1 2377 189 4138
664 2 2 2 1 1379 2676 3200
665 2 2 2 1 1838 70 3155
666 2 2 2 1 464 2718 2761
667 2 2 2 1 355 1854 2573
668 2 2 2 1 2297 1148 2763
669 2 2 2 1 1834 1246 3973
670 2 2 2 1 905 2119 5505
671 2 2 2 1 741 2330 2871
672 2 2 2 1 2090 453 3460
673 2 2 2 1 1757 739 4342
674 2 2 2 1 2263 1648 3538
675 2 2 2 1 874 1839 2881
676 2 2 2 1 3851 2615 5489
677 2 2 2 1 2273 1041 2896
678 2 2 2 1 1013 1737 3121
679 2 2 2 1 1805 1209 3907
680 2 2 2 1 711 1745 3298
681 2 2 2 1 1330 2253 2434
682 2 2 2 1 1008 3212 3231
683 2 2 2 1 2184 2981 5001
684 2 2 2 1 2253 789 2434
685 2 2 2 1 1381 2637 5232
686 2 2 2 1 2251 195 3177
687 2 2 2 1 1615 3483 4693
688 2 2 2 1 1904 1137 2542
689 2 2 2 1 1338 2324 3696
690 2 2 2 1 1571 2434 3787
691 2 2 2 1 2434 789 3787
692 2 2 2 1 1895 936 5111
693 2 2 2 1 52 53 2238
694 2 2 2 1 4123 3021 5410
695 2 2 2 1 2468 398 3534
696 2 2 2 1 294 1944 3396
697 2 2 2 1 1054 1868 3362
698 2 2 2 1 2430 888 3810
699 2 2 2 1 2919 2573 5739
700 2 2 2 1 974 2039 2884
701 2 2 2 1 1024 2288 2467
702 2 2 2 1 460 1953 2525
703 2 2 2 1 470 2049 3759
704 2 2 2 1 738 2618 3941
705 2 2 2 1 470 1885 4163
706 2 2 2 1 743 1897 3386
707 2 2 2 1 1811 1277 2672
708 2 2 2 1 2618 1738 3941
709 2 2 2 1 968 1851 5623
710 2 2 2 1 1897 1123 3386
711 2 2 2 1 1842 1014 3101
712 2 2 2 1 1826 1241 3942
713 2 2 2 1 1953 923 2525
714 2 2 2 1 1862 3443 4513
715 2 2 2 1 1884 1127 3621
716 2 2 2 1 1392 1974 3127
717 2 2 2 1 2210 845 5750
718 2 2 2 1 1807 2330 4686
719 2 2 2 1 2330 741 4686
720 2 2 2 1 1951 921 2580
721 2 2 2 1 2001 787 5099
722 2 2 2 1 442 2220 4450
723 2 2 2 1 2681 1273 2775
724 2 2 2 1 2220 1658 4450
725 2 2 2 1 898 2232 2723
726 2 2 2 1 2198 4056 4980
727 2 2 2 1 418 1917 3025
728 2 2 2 1 683 1868 3248
729 2 2 2 1 1886 745 4485
730 2 2 2 1 1769 320 4343
731 2 2 2 1 2201 840 2223
732 2 2 2 1 1309 2000 2603
733 2 2 2 1 1917 1033 3025
734 2 2 2 1 1995 4239 4288
735 2 2 2 1 1791 3169 5209
736 2 2 2 1 801 2075 4511
737 2 2 2 1 2021 1240 2358
738 2 2 2 1 1977 2670 4447
739 2 2 2 1 2210 1083 2769
740 2 2 2 1 1647 3671 3817
741 2 2 2 1 1887 557 2557
742 2 2 2 1 682 1860 3351
743 2 2 2 1 3945 2034 4820
744 2 2 2 1 709 2493 4315
745 2 2 2 1 360 1807 2725
746 2 2 2 1 2153 781 3190
747 2 2 2 1 207 1835 3852
748 2 2 2 1 2006 987 2748
749 2 2 2 1 407 2006 2748
750 2 2 2 1 2320 982 2868
751 2 2 2 1 1772 1026 2883
752 2 2 2 1 3214 1277 4668
753 2 2 2 1 1800 741 5365
754 2 2 2 1 2460 1165 3055
755 2 2 2 1 1247 1813 3624
756 2 2 2 1 917 1894 3426
757 2 2 2 1 3946 457 4216
758 2 2 2 1 1948 2199 5545
759 2 2 2 1 2010 366 4122
760 2 2 2 1 1780 1023 4953
761 2 2 2 1 1898 1078 3987
762 2 2 2 1 270 2915 3785
763 2 2 2 1 1753 1111 4785
764 2 2 2 1 49 2526 3285
765 2 2 2 1 4285 1021 4720
766 2 2 2 1 341 5205 5553
767 2 2 2 1 514 1860 2612
768 2 2 2 1 1555 3240 4730
769 2 2 2 1 2121 1035 2723
770 2 2 2 1 875 2218 2771
771 2 2 2 1 481 2121 2723
772 2 2 2 1 1764 669 4209
773 2 2 2 1 319 2685 2760
774 2 2 2 1 1238 2408 2935
775 2 2 2 1 2147 524 2773
776 2 2 2 1 2685 1299 2760
777 2 2 2 1 1566 2240 4490
778 2 2 2 1 1894 917 4106
779 2 2 2 1 1201 2147 2773
780 2 2 2 1 508 4000 4596
781 2 2 2 1 2408 821 2935
782 2 2 2 1 2950 595 3976
783 2 2 2 1 2342 1331 3622
784 2 2 2 1 720 1821 2699
785 2 2 2 1 2554 877 2558
786 2 2 2 1 1318 2554 2558
787 2 2 2 1 1086 1988 4764
788 2 2 2 1 1959 1004 2458
789 2 2 2 1 1277 1811 4660
790 2 2 2 1 282 281 2240
791 2 2 2 1 5198 615 5366
792 2 2 2 1 462 3760 3818
793 2 2 2 1 1168 2291 2413
794 2 2 2 1 2096 881 3729
795 2 2 2 1 1912 461 2531
796 2 2 2 1 1995 745 4239
797 2 2 2 1 2212 3370 4366
798 2 2 2 1 2009 1091 2411
799 2 2 2 1 918 1826 2706
800 2 2 2 1 475 2035 2675
801 2 2 2 1 1923 2594 4247
802 2 2 2 1 697 1761 5367
803 2 2 2 1 2870 1510 3020
804 2 2 2 1 965 2870 3020
805 2 2 2 1 1977 745 2670
806 2 2 2 1 2198 775 4056
807 2 2 2 1 739 1757 3162
808 2 2 2 1 1089 1801 3491
809 2 2 2 1 2641 390 2778
810 2 2 2 1 2279 860 3639
811 2 2 2 1 887 2122 3152
812 2 2 2 1 359 2265 4230
813 2 2 2 1 1084 1999 3312
814 2 2 2 1 729 2130 3001
815 2 2 2 1 1126 2000 3479
816 2 2 2 1 2913 533 3576
817 2 2 2 1 395 2681 2775
818 2 2 2 1 1761 697 3072
819 2 2 2 1 2547 724 3139
820 2 2 2 1 2095 1564 4503
821 2 2 2 1 486 1809 3212
822 2 2 2 1 1758 1106 3708
823 2 2 2 1 797 2082 2451
824 2 2 2 1 761 2095 4503
825 2 2 2 1 443 1790 2852
826 2 2 2 1 1917 960 3008
827 2 2 2 1 2145 1358 4298
828 2 2 2 1 2237 617 2261
829 2 2 2 1 3051 1021 4285
830 2 2 2 1 3443 1119 4513
831 2 2 2 1 1765 748 3467
832 2 2 2 1 1859 708 2646
833 2 2 2 1 932 2237 2261
834 2 2 2 1 987 2031 3745
835 2 2 2 1 2199 765 5545
836 2 2 2 1 669 1764 5250
837 2 2 2 1 3708 379 5063
838 2 2 2 1 1830 2301 4211
839 2 2 2 1 504 2015 5550
840 2 2 2 1 1864 705 3912
841 2 2 2 1 1315 2280 4133
842 2 2 2 1 2792 2097 3796
843 2 2 2 1 779 2188 3929
844 2 2 2 1 384 1770 3948
845 2 2 2 1 2524 3751 3972
846 2 2 2 1 1124 2648 3908
847 2 2 2 1 2648 1731 3908
848 2 2 2 1 2272 847 3557
849 2 2 2 1 3820 1849 4833
850 2 2 2 1 1779 663 2959
851 2 2 2 1 866 1796 4589
852 2 2 2 1 2003 1065 4396
853 2 2 2 1 4362 863 5464
854 2 2 2 1 2620 518 2974
855 2 2 2 1 487 2209 2539
856 2 2 2 1 2021 872 2613
857 2 2 2 1 269 270 3785
858 2 2 2 1 218 2292 4442
859 2 2 2 1 3208 86 3950
860 2 2 2 1 2647 1787 4325
861 2 2 2 1 2508 519 3300
862 2 2 2 1 470 2246 3932
863 2 2 2 1 1043 2054 2527
864 2 2 2 1 1336 2456 3413
865 2 2 2 1 457 2695 4216
866 2 2 2 1 1767 478 3256
867 2 2 2 1 873 3692 4689
868 2 2 2 1 416 1950 2577
869 2 2 2 1 2624 782 3920
870 2 2 2 1 1051 2483 2773
871 2 2 2 1 2111 1131 3437
872 2 2 2 1 635 1928 4789
873 2 2 2 1 2483 1201 2773
874 2 2 2 1 2054 748 2527
875 2 2 2 1 886 1955 2489
876 2 2 2 1 2266 827 2776
877 2 2 2 1 218 219 2292
878 2 2 2 1 1808 401 4614
879 2 2 2 1 1722 5198 5366
880 2 2 2 1 151 2289 3549
881 2 2 2 1 784 2586 5225
882 2 2 2 1 293 292 2744
883 2 2 2 1 4158 2127 4424
884 2 2 2 1 1695 2495 4896
885 2 2 2 1 2079 751 2688
886 2 2 2 1 1127 1884 3477
887 2 2 2 1 2214 610 3049
888 2 2 2 1 3413 526 3565
889 2 2 2 1 2280 1315 4146
890 2 2 2 1 1243 2066 3839
891 2 2 2 1 1034 2282 3096
892 2 2 2 1 1770 384 3095
893 2 2 2 1 2184 1094 2981
894 2 2 2 1 478 1767 3362
895 2 2 2 1 2568 1293 2907
896 2 2 2 1 990 2568 2907
897 2 2 2 1 498 2478 3099
898 2 2 2 1 2502 1497 4007
899 2 2 2 1 1807 360 2820
900 2 2 2 1 860 2225 2406
901 2 2 2 1 1838 734 5292
902 2 2 2 1 1957 1019 3453
903 2 2 2 1 406 2602 2668
904 2 2 2 1 2128 1131 3175
905 2 2 2 1 2243 358 4872
906 2 2 2 1 2868 982 2910
907 2 2 2 1 1249 2641 2778
908 2 2 2 1 3771 579 4454
909 2 2 2 1 2101 268 3785
910 2 2 2 1 2294 1301 3345
911 2 2 2 1 1809 486 3395
912 2 2 2 1 2251 817 3164
913 2 2 2 1 2602 1207 2668
914 2 2 2 1 2771 2218 5502
915 2 2 2 1 1235 2251 3164
916 2 2 2 1 828 2752 3990
917 2 2 2 1 2528 952 2904
918 2 2 2 1 658 2142 4634
919 2 2 2 1 1023 1780 3277
920 2 2 2 1 1625 3989 5305
921 2 2 2 1 2599 1178 2600
922 2 2 2 1 702 2647 4325
923 2 2 2 1 1779 464 3022
924 2 2 2 1 1798 902 3760
925 2 2 2 1 1780 488 3277
926 2 2 2 1 2823 1378 2832
927 2 2 2 1 876 2049 4580
928 2 2 2 1 2049 1543 4580
929 2 2 2 1 754 1898 3996
930 2 2 2 1 1233 1924 3849
931 2 2 2 1 2142 1642 4634
932 2 2 2 1 2301 839 4211
933 2 2 2 1 150 2105 5019
934 2 2 2 1 387 2823 2832
935 2 2 2 1 1805 677 3802
936 2 2 2 1 382 2359 2454
937 2 2 2 1 2359 1030 2454
938 2 2 2 1 2376 807 2770
939 2 2 2 1 1026 1772 3204
940 2 2 2 1 2234 341 5553
941 2 2 2 1 882 2615 3851
942 2 2 2 1 1882 809 4733
943 2 2 2 1 3936 893 4221
944 2 2 2 1 906 2599 2600
945 2 2 2 1 401 1808 3183
946 2 2 2 1 860 2424 3639
947 2 2 2 1 1230 1801 3819
948 2 2 2 1 151 152 2289
949 2 2 2 1 2685 4866 5819
950 2 2 2 1 817 2251 3177
951 2 2 2 1 956 2469 2878
952 2 2 2 1 817 2202 3164
953 2 2 2 1 799 2278 2857
954 2 2 2 1 2578 318 3103
955 2 2 2 1 1240 2021 3870
956 2 2 2 1 3976 1568 5013
957 2 2 2 1 1891 1007 3014
958 2 2 2 1 2278 1155 2857
959 2 2 2 1 2121 481 2882
960 2 2 2 1 379 3708 4836
961 2 2 2 1 149 150 5019
962 2 2 2 1 228 2075 3578
963 2 2 2 1 1824 887 3937
964 2 2 2 1 3483 1615 5052
965 2 2 2 1 1558 2749 2779
966 2 2 2 1 2749 904 2779
967 2 2 2 1 2027 438 3128
968 2 2 2 1 27 2383 4685
969 2 2 2 1 1110 2027 3128
970 2 2 2 1 1354 2208 4471
971 2 2 2 1 458 1938 2784
972 2 2 2 1 2566 702 4325
973 2 2 2 1 2055 355 4878
974 2 2 2 1 3229 1798 5188
975 2 2 2 1 2544 432 3276
976 2 2 2 1 488 1778 3418
977 2 2 2 1 1973 1142 3383
978 2 2 2 1 1155 2335 2914
979 2 2 2 1 663 1779 3195
980 2 2 2 1 4258 2566 4325
981 2 2 2 1 822 4123 5410
982 2 2 2 1 832 2029 2852
983 2 2 2 1 1960 2630 5199
984 2 2 2 1 1762 2961 3492
985 2 2 2 1 3351 1753 4785
986 2 2 2 1 510 1973 3383
987 2 2 2 1 1778 684 3365
988 2 2 2 1 3558 386 5422
989 2 2 2 1 2162 1153 4842
990 2 2 2 1 842 2313 3780
991 2 2 2 1 2075 229 2716
992 2 2 2 1 1555 2602 3712
993 2 2 2 1 2871 423 4587
994 2 2 2 1 965 1888 2870
995 2 2 2 1 2404 713 3853
996 2 2 2 1 1826 918 2827
997 2 2 2 1 1897 743 4531
998 2 2 2 1 1646 2736 3222
999 2 2 2 1 2808 4751 5292
1000 2 2 2 1 909 2316 2951
1001 2 2 2 1 2311 564 2995
1002 2 2 2 1 557 1887 5300
1003 2 2 2 1 2015 2762 5550
1004 2 2 2 1 1202 2311 2995
1005 2 2 2 1 1865 1079 3400
1006 2 2 2 1 1640 2322 3833
1007 2 2 2 1 619 2498 3604
1008 2 2 2 1 702 1811 4238
1009 2 2 2 1 14 15 2450
1010 2 2 2 1 708 1859 4150
1011 2 2 2 1 1847 1150 4024
1012 2 2 2 1 2498 1503 3604
1013 2 2 2 1 605 3008 3318
1014 2 2 2 1 1401 2041 2547
1015 2 2 2 1 2429 133 5259
1016 2 2 2 1 3250 2025 5594
1017 2 2 2 1 2247 1022 3730
1018 2 2 2 1 2585 1313 2957
1019 2 2 2 1 1007 2585 2957
1020 2 2 2 1 141 2307 4006
1021 2 2 2 1 3650 625 4108
1022 2 2 2 1 967 2808 5292
1023 2 2 2 1 1886 878 2670
1024 2 2 2 1 641 2072 3002
1025 2 2 2 1 3479 2000 4140
1026 2 2 2 1 2400 1291 4221
1027 2 2 2 1 710 1789 4468
1028 2 2 2 1 1923 1366 2864
1029 2 2 2 1 2231 1175 3321
1030 2 2 2 1 911 1993 5117
1031 2 2 2 1 1282 2062 2944
1032 2 2 2 1 1129 1936 3435
1033 2 2 2 1 686 2388 2625
1034 2 2 2 1 2664 2217 3762
1035 2 2 2 1 2388 1161 2625
1036 2 2 2 1 1789 710 3826
1037 2 2 2 1 1820 537 3914
1038 2 2 2 1 2086 802 3538
1039 2 2 2 1 518 2323 2974
1040 2 2 2 1 3780 2313 5345
1041 2 2 2 1 2561 1053 3235
1042 2 2 2 1 1928 635 4805
1043 2 2 2 1 1238 2086 3538
1044 2 2 2 1 974 1818 4814
1045 2 2 2 1 1007 1891 3206
1046 2 2 2 1 1950 416 4728
1047 2 2 2 1 893 2001 4201
1048 2 2 2 1 2456 526 3413
1049 2 2 2 1 2005 4037 5561
1050 2 2 2 1 220 221 2181
1051 2 2 2 1 1992 957 2838
1052 2 2 2 1 1024 2467 5002
1053 2 2 2 1 1792 1156 3998
1054 2 2 2 1 918 5031 5348
1055 2 2 2 1 4361 361 5609
1056 2 2 2 1 1142 1973 4881
1057 2 2 2 1 1554 3506 4456
1058 2 2 2 1 2046 1046 2939
1059 2 2 2 1 52 2238 2766
1060 2 2 2 1 867 2046 2939
1061 2 2 2 1 3592 578 4951
1062 2 2 2 1 1973 716 4881
1063 2 2 2 1 1818 974 2884
1064 2 2 2 1 2202 817 2312
1065 2 2 2 1 1187 2573 2919
1066 2 2 2 1 3455 1526 3479
1067 2 2 2 1 1950 896 2577
1068 2 2 2 1 2961 1070 3492
1069 2 2 2 1 1047 1831 3378
1070 2 2 2 1 481 2162 2882
1071 2 2 2 1 350 1889 3253
1072 2 2 2 1 861 2148 2761
1073 2 2 2 1 3027 1217 4413
1074 2 2 2 1 2576 1220 3355
1075 2 2 2 1 2640 936 4605
1076 2 2 2 1 1569 3934 5226
1077 2 2 2 1 1291 3373 4221
1078 2 2 2 1 2188 779 3474
1079 2 2 2 1 2602 406 3712
1080 2 2 2 1 2145 202 4474
1081 2 2 2 1 2145 4298 5107
1082 2 2 2 1 2246 470 3759
1083 2 2 2 1 2762 2392 4058
1084 2 2 2 1 539 2370 2966
1085 2 2 2 1 296 295 2496
1086 2 2 2 1 1910 326 3023
1087 2 2 2 1 1845 1060 4392
1088 2 2 2 1 1278 2188 3474
1089 2 2 2 1 1185 1985 3649
1090 2 2 2 1 2642 784 3591
1091 2 2 2 1 1443 2461 3729
1092 2 2 2 1 2932 1340 3567
1093 2 2 2 1 2685 1099 4866
1094 2 2 2 1 1884 1335 4014
1095 2 2 2 1 3650 1695 4896
1096 2 2 2 1 937 2156 5202
1097 2 2 2 1 2156 1802 5202
1098 2 2 2 1 846 2024 2812
1099 2 2 2 1 2235 4642 4761
1100 2 2 2 1 3414 1086 4764
1101 2 2 2 1 3046 894 5467
1102 2 2 2 1 2525 923 4313
1103 2 2 2 1 2524 880 3751
1104 2 2 2 1 329 2315 2661
1105 2 2 2 1 2744 292 3428
1106 2 2 2 1 4905 1711 4928
1107 2 2 2 1 923 2535 4313
1108 2 2 2 1 3175 651 3227
1109 2 2 2 1 1970 405 3425
1110 2 2 2 1 27 28 2383
1111 2 2 2 1 982 2436 2910
1112 2 2 2 1 2882 2162 4842
1113 2 2 2 1 720 1794 3389
1114 2 2 2 1 1948 4417 5048
1115 2 2 2 1 1104 1815 3489
1116 2 2 2 1 1703 3175 3227
1117 2 2 2 1 493 2512 4986
1118 2 2 2 1 2114 908 2627
1119 2 2 2 1 1813 1247 3727
1120 2 2 2 1 991 1836 3035
1121 2 2 2 1 3169 1791 5574
1122 2 2 2 1 890 2081 3417
1123 2 2 2 1 2884 2039 5090
1124 2 2 2 1 519 2691 3300
1125 2 2 2 1 2630 404 5199
1126 2 2 2 1 2344 1683 3899
1127 2 2 2 1 477 1989 5129
1128 2 2 2 1 2265 1519 4230
1129 2 2 2 1 2510 1798 3229
1130 2 2 2 1 1140 2764 3793
1131 2 2 2 1 2273 2896 4762
1132 2 2 2 1 3457 2660 4838
1133 2 2 2 1 4203 2073 4393
1134 2 2 2 1 2370 1263 2966
1135 2 2 2 1 3488 344 4652
1136 2 2 2 1 918 1984 2827
1137 2 2 2 1 1209 1805 3657
1138 2 2 2 1 771 2196 3612
1139 2 2 2 1 1936 3046 5467
1140 2 2 2 1 2051 247 2690
1141 2 2 2 1 2123 611 3040
1142 2 2 2 1 2238 852 4856
1143 2 2 2 1 786 2176 4857
1144 2 2 2 1 2208 2403 4471
1145 2 2 2 1 797 2451 4311
1146 2 2 2 1 2932 976 3523
1147 2 2 2 1 971 2079 2688
1148 2 2 2 1 1121 2123 3040
1149 2 2 2 1 2176 1710 4857
1150 2 2 2 1 2280 799 2857
1151 2 2 2 1 859 2050 2581
1152 2 2 2 1 3037 1823 4186
1153 2 2 2 1 830 2150 3547
1154 2 2 2 1 3882 2735 5052
1155 2 2 2 1 2335 511 2914
1156 2 2 2 1 526 2467 3565
1157 2 2 2 1 1139 2280 2857
1158 2 2 2 1 3459 1140 3793
1159 2 2 2 1 1829 513 2927
1160 2 2 2 1 1637 2504 4149
1161 2 2 2 1 2561 3235 3994
1162 2 2 2 1 22 23 2204
1163 2 2 2 1 2095 761 2676
1164 2 2 2 1 381 4548 5088
1165 2 2 2 1 1992 894 3046
1166 2 2 2 1 1085 1843 5874
1167 2 2 2 1 921 2042 3287
1168 2 2 2 1 1711 2402 4928
1169 2 2 2 1 615 1872 4175
1170 2 2 2 1 3749 3200 4975
1171 2 2 2 1 1970 3425 4881
1172 2 2 2 1 1946 914 4718
1173 2 2 2 1 857 2194 2471
1174 2 2 2 1 3019 994 3187
1175 2 2 2 1 1013 1900 4477
1176 2 2 2 1 2981 509 5001
1177 2 2 2 1 2075 2716 4511
1178 2 2 2 1 531 2599 3515
1179 2 2 2 1 303 1815 4003
1180 2 2 2 1 1627 3025 3220
1181 2 2 2 1 3025 1033 3220
1182 2 2 2 1 2235 687 4642
1183 2 2 2 1 2324 1338 4545
1184 2 2 2 1 2570 4444 4771
1185 2 2 2 1 1801 1089 4640
1186 2 2 2 1 3760 1701 3818
1187 2 2 2 1 1866 4149 5671
1188 2 2 2 1 3225 253 3905
1189 2 2 2 1 1602 3019 3187
1190 2 2 2 1 778 2569 4134
1191 2 2 2 1 584 2342 3622
1192 2 2 2 1 1812 970 3145
1193 2 2 2 1 1839 874 5121
1194 2 2 2 1 2316 909 2323
1195 2 2 2 1 3843 972 3939
1196 2 2 2 1 1081 1806 4810
1197 2 2 2 1 3981 551 4307
1198 2 2 2 1 755 1961 3230
1199 2 2 2 1 3883 1766 4461
1200 2 2 2 1 3425 1142 4881
1201 2 2 2 1 2060 911 5117
1202 2 2 2 1 2586 1907 5225
1203 2 2 2 1 2246 2939 3932
1204 2 2 2 1 1000 2316 2323
1205 2 2 2 1 1762 3492 3674
1206 2 2 2 1 1999 1084 2609
1207 2 2 2 1 959 4261 5337
1208 2 2 2 1 1806 447 3191
1209 2 2 2 1 749 1862 4513
1210 2 2 2 1 713 3340 3853
1211 2 2 2 1 741 2871 5365
1212 2 2 2 1 1364 3135 3411
1213 2 2 2 1 2098 934 2803
1214 2 2 2 1 1241 1826 3705
1215 2 2 2 1 1850 719 2890
1216 2 2 2 1 2706 552 2855
1217 2 2 2 1 1379 3200 3749
1218 2 2 2 1 1815 303 3489
1219 2 2 2 1 482 3037 4186
1220 2 2 2 1 3692 1874 4689
1221 2 2 2 1 1037 3077 3971
1222 2 2 2 1 1326 1873 4143
1223 2 2 2 1 1234 2492 2493
1224 2 2 2 1 1948 2117 4417
1225 2 2 2 1 420 1893 2880
1226 2 2 2 1 533 2650 3576
1227 2 2 2 1 3041 661 5044
1228 2 2 2 1 4149 889 5671
1229 2 2 2 1 835 2919 5739
1230 2 2 2 1 2492 881 2493
1231 2 2 2 1 1929 502 2680
1232 2 2 2 1 1972 813 4967
1233 2 2 2 1 1889 1040 3253
1234 2 2 2 1 1818 148 5019
1235 2 2 2 1 326 1910 4395
1236 2 2 2 1 755 3230 4735
1237 2 2 2 1 1910 750 4397
1238 2 2 2 1 2536 3325 4784
1239 2 2 2 1 1829 4070 5342
1240 2 2 2 1 1413 2735 3882
1241 2 2 2 1 2362 988 2933
1242 2 2 2 1 2226 1132 3092
1243 2 2 2 1 1329 2544 3276
1244 2 2 2 1 2920 1526 3130
1245 2 2 2 1 2495 1695 3669
1246 2 2 2 1 375 2920 3130
1247 2 2 2 1 2321 1048 3243
1248 2 2 2 1 802 2263 3538
1249 2 2 2 1 1511 2362 2933
1250 2 2 2 1 894 1992 4899
1251 2 2 2 1 513 1829 3697
1252 2 2 2 1 2320 1628 4346
1253 2 2 2 1 982 2320 4346
1254 2 2 2 1 1178 2599 3108
1255 2 2 2 1 2309 918 5348
1256 2 2 2 1 670 2479 4121
1257 2 2 2 1 2076 1472 2702
1258 2 2 2 1 3492 696 3674
1259 2 2 2 1 2108 900 4280
1260 2 2 2 1 915 2317 3071
1261 2 2 2 1 936 2148 5111
1262 2 2 2 1 2317 1208 3071
1263 2 2 2 1 2766 2238 4856
1264 2 2 2 1 869 3117 3821
1265 2 2 2 1 593 2076 3332
1266 2 2 2 1 2016 2842 4629
1267 2 2 2 1 2423 726 4243
1268 2 2 2 1 895 1947 2662
1269 2 2 2 1 3230 1950 4735
1270 2 2 2 1 2504 889 4149
1271 2 2 2 1 2128 3175 5051
1272 2 2 2 1 1189 2463 2677
1273 2 2 2 1 2594 910 4247
1274 2 2 2 1 366 2270 4122
1275 2 2 2 1 132 133 2429
1276 2 2 2 1 1650 2423 4243
1277 2 2 2 1 2117 1948 5545
1278 2 2 2 1 606 2033 2922
1279 2 2 2 1 1025 1819 4328
1280 2 2 2 1 2699 959 5337
1281 2 2 2 1 1088 1858 3517
1282 2 2 2 1 2525 1814 4530
1283 2 2 2 1 140 141 4006
1284 2 2 2 1 460 2525 4530
1285 2 2 2 1 2737 1265 2744
1286 2 2 2 1 182 183 2189
1287 2 2 2 1 1072 2737 2744
1288 2 2 2 1 1250 2532 4557
1289 2 2 2 1 3015 1546 4568
1290 2 2 2 1 185 1980 4164
1291 2 2 2 1 1066 2546 2674
1292 2 2 2 1 3515 2599 5513
1293 2 2 2 1 3421 1569 5226
1294 2 2 2 1 907 2453 3042
1295 2 2 2 1 1171 1835 3825
1296 2 2 2 1 195 196 3177
1297 2 2 2 1 1546 4245 4897
1298 2 2 2 1 641 3002 4431
1299 2 2 2 1 2315 851 5854
1300 2 2 2 1 2033 1031 2922
1301 2 2 2 1 465 4470 5400
1302 2 2 2 1 465 2653 4470
1303 2 2 2 1 863 1927 4783
1304 2 2 2 1 3833 1250 4557
1305 2 2 2 1 681 1851 3039
1306 2 2 2 1 1002 4767 5529
1307 2 2 2 1 2000 492 2603
1308 2 2 2 1 2153 3190 4092
1309 2 2 2 1 1712 2493 4554
1310 2 2 2 1 1955 886 2655
1311 2 2 2 1 1815 1104 3556
1312 2 2 2 1 4866 1863 5819
1313 2 2 2 1 1851 968 3039
1314 2 2 2 1 1246 1834 5113
1315 2 2 2 1 3185 1533 3518
1316 2 2 2 1 3008 1501 3318
1317 2 2 2 1 2059 1444 4397
1318 2 2 2 1 750 2059 4397
1319 2 2 2 1 3442 33 4236
1320 2 2 2 1 2294 3345 4316
1321 2 2 2 1 479 2119 3116
1322 2 2 2 1 1740 4843 5213
1323 2 2 2 1 1947 895 2743
1324 2 2 2 1 2041 724 2547
1325 2 2 2 1 704 1878 2853
1326 2 2 2 1 1821 720 3389
1327 2 2 2 1 1640 3833 5101
1328 2 2 2 1 2567 381 5088
1329 2 2 2 1 1869 922 4289
1330 2 2 2 1 3192 2272 3557
1331 2 2 2 1 1788 3936 4221
1332 2 2 2 1 2050 859 5191
1333 2 2 2 1 313 3027 4305
1334 2 2 2 1 2439 1164 2801
1335 2 2 2 1 753 2262 3307
1336 2 2 2 1 1043 2439 2801
1337 2 2 2 1 772 2127 4158
1338 2 2 2 1 719 1856 4141
1339 2 2 2 1 931 2237 2369
1340 2 2 2 1 1849 1236 4954
1341 2 2 2 1 277 1894 4422
1342 2 2 2 1 2080 2315 5854
1343 2 2 2 1 2208 821 2403
1344 2 2 2 1 1298 2409 3824
1345 2 2 2 1 2451 1627 4311
1346 2 2 2 1 510 2892 3366
1347 2 2 2 1 1402 2942 3502
1348 2 2 2 1 2262 1384 3307
1349 2 2 2 1 1150 1847 3790
1350 2 2 2 1 5205 1979 5553
1351 2 2 2 1 3261 1488 4367
1352 2 2 2 1 2026 371 2921
1353 2 2 2 1 2226 3092 5387
1354 2 2 2 1 4074 1651 4670
1355 2 2 2 1 2586 784 3635
1356 2 2 2 1 503 2490 3010
1357 2 2 2 1 1208 3543 5540
1358 2 2 2 1 199 200 2124
1359 2 2 2 1 2536 1186 3325
1360 2 2 2 1 3443 1832 4965
1361 2 2 2 1 1337 3245 4349
1362 2 2 2 1 1230 2807 3116
1363 2 2 2 1 572 2179 2629
1364 2 2 2 1 2148 464 2761
1365 2 2 2 1 2307 1211 2673
1366 2 2 2 1 345 1878 5484
1367 2 2 2 1 977 2307 2673
1368 2 2 2 1 2092 477 5129
1369 2 2 2 1 2179 993 2629
1370 2 2 2 1 928 2452 2765
1371 2 2 2 1 2069 887 4340
1372 2 2 2 1 2429 1753 3351
1373 2 2 2 1 2431 928 2765
1374 2 2 2 1 2532 67 5070
1375 2 2 2 1 857 2471 2912
1376 2 2 2 1 575 2078 3475
1377 2 2 2 1 817 3177 4611
1378 2 2 2 1 515 2460 3055
1379 2 2 2 1 1111 1925 2782
1380 2 2 2 1 2287 861 2761
1381 2 2 2 1 2130 1058 3001
1382 2 2 2 1 735 1953 3338
1383 2 2 2 1 2042 921 5214
1384 2 2 2 1 1836 991 3467
1385 2 2 2 1 3317 1687 4235
1386 2 2 2 1 1935 3139 5475
1387 2 2 2 1 1889 683 3290
1388 2 2 2 1 1888 965 2862
1389 2 2 2 1 2718 1163 2761
1390 2 2 2 1 1297 3050 5121
1391 2 2 2 1 3551 434 5016
1392 2 2 2 1 2387 915 3862
1393 2 2 2 1 1040 1889 3290
1394 2 2 2 1 551 2742 4307
1395 2 2 2 1 300 299 2207
1396 2 2 2 1 2225 1045 2406
1397 2 2 2 1 2384 5535 5827
1398 2 2 2 1 734 1838 4863
1399 2 2 2 1 3912 705 4214
1400 2 2 2 1 2170 763 3140
1401 2 2 2 1 1327 1949 5344
1402 2 2 2 1 5492 2088 5748
1403 2 2 2 1 2787 972 3843
1404 2 2 2 1 70 1838 4751
1405 2 2 2 1 2752 1582 3990
1406 2 2 2 1 1835 1171 5056
1407 2 2 2 1 49 50 2526
1408 2 2 2 1 535 2236 2931
1409 2 2 2 1 1014 1842 4205
1410 2 2 2 1 639 2321 3052
1411 2 2 2 1 2321 1193 3052
1412 2 2 2 1 4518 2549 5480
1413 2 2 2 1 1980 185 3262
1414 2 2 2 1 1868 1087 4825
1415 2 2 2 1 1983 939 2956
1416 2 2 2 1 2236 1275 2931
1417 2 2 2 1 1877 1108 3590
1418 2 2 2 1 3984 2278 4271
1419 2 2 2 1 1140 2445 2927
1420 2 2 2 1 1989 477 3629
1421 2 2 2 1 2231 472 2469
1422 2 2 2 1 373 2592 4500
1423 2 2 2 1 1837 873 3488
1424 2 2 2 1 493 1877 3590
1425 2 2 2 1 956 2231 2469
1426 2 2 2 1 827 2233 2405
1427 2 2 2 1 1041 1899 2841
1428 2 2 2 1 731 2006 4162
1429 2 2 2 1 1867 1312 5263
1430 2 2 2 1 1128 2618 3959
1431 2 2 2 1 251 252 2296
1432 2 2 2 1 1835 207 3825
1433 2 2 2 1 1931 126 4320
1434 2 2 2 1 1264 2448 2578
1435 2 2 2 1 1994 767 2652
1436 2 2 2 1 1960 953 2755
1437 2 2 2 1 4500 2592 5202
1438 2 2 2 1 723 1960 2755
1439 2 2 2 1 1361 2344 3899
1440 2 2 2 1 1306 2359 3078
1441 2 2 2 1 2186 1396 2447
1442 2 2 2 1 1180 2152 2941
1443 2 2 2 1 2067 756 2800
1444 2 2 2 1 2359 382 3078
1445 2 2 2 1 855 2502 4007
1446 2 2 2 1 1877 687 3581
1447 2 2 2 1 3109 1033 4631
1448 2 2 2 1 1162 1931 3732
1449 2 2 2 1 367 2125 3773
1450 2 2 2 1 1860 682 5385
1451 2 2 2 1 4233 1875 5726
1452 2 2 2 1 945 4195 4565
1453 2 2 2 1 1981 1005 4378
1454 2 2 2 1 1634 3027 4413
1455 2 2 2 1 2384 943 5535
1456 2 2 2 1 202 203 4474
1457 2 2 2 1 1810 2272 3527
1458 2 2 2 1 2272 454 3527
1459 2 2 2 1 2710 3877 5619
1460 2 2 2 1 2231 3321 5081
1461 2 2 2 1 2187 1831 4696
1462 2 2 2 1 775 2242 5690
1463 2 2 2 1 1844 1212 3264
1464 2 2 2 1 877 1861 5837
1465 2 2 2 1 170 171 2628
1466 2 2 2 1 1277 3130 4668
1467 2 2 2 1 1060 1845 4719
1468 2 2 2 1 3993 2909 4525
1469 2 2 2 1 1840 454 3394
1470 2 2 2 1 1212 1844 5371
1471 2 2 2 1 2061 963 2730
1472 2 2 2 1 2474 1740 5213
1473 2 2 2 1 1938 896 2784
1474 2 2 2 1 762 2061 2730
1475 2 2 2 1 1883 4274 4650
1476 2 2 2 1 560 1923 4331
1477 2 2 2 1 453 2090 5304
1478 2 2 2 1 2318 1095 3419
1479 2 2 2 1 4559 1609 5040
1480 2 2 2 1 1966 746 5498
1481 2 2 2 1 2842 2247 3730
1482 2 2 2 1 2110 842 3780
1483 2 2 2 1 1283 2110 3780
1484 2 2 2 1 1925 1111 4544
1485 2 2 2 1 1867 2144 3857
1486 2 2 2 1 59 60 2143
1487 2 2 2 1 2698 1488 3261
1488 2 2 2 1 1993 911 3548
1489 2 2 2 1 921 2090 5214
1490 2 2 2 1 2845 1536 3655
1491 2 2 2 1 1049 2771 5502
1492 2 2 2 1 4314 2413 4338
1493 2 2 2 1 2130 549 2917
1494 2 2 2 1 2066 1243 4071
1495 2 2 2 1 2041 1401 4371
1496 2 2 2 1 2620 1198 3781
1497 2 2 2 1 3808 668 5355
1498 2 2 2 1 912 2019 4181
1499 2 2 2 1 2498 3244 5631
1500 2 2 2 1 3359 1476 4228
1501 2 2 2 1 4409 1720 5106
1502 2 2 2 1 3460 453 3918
1503 2 2 2 1 2648 1441 3920
1504 2 2 2 1 1058 2130 2917
1505 2 2 2 1 483 3097 3239
1506 2 2 2 1 2126 1394 2785
1507 2 2 2 1 443 2188 2462
1508 2 2 2 1 2479 670 5143
1509 2 2 2 1 1610 2880 5165
1510 2 2 2 1 2492 4374 4698
1511 2 2 2 1 417 2041 4371
1512 2 2 2 1 1860 514 4695
1513 2 2 2 1 1947 1408 4454
1514 2 2 2 1 2271 967 2523
1515 2 2 2 1 3244 1213 5631
1516 2 2 2 1 2642 580 5371
1517 2 2 2 1 1325 4203 4393
1518 2 2 2 1 542 2413 4314
1519 2 2 2 1 2493 881 4554
1520 2 2 2 1 2528 2904 3856
1521 2 2 2 1 1873 681 3039
1522 2 2 2 1 1969 1292 4139
1523 2 2 2 1 2368 830 3547
1524 2 2 2 1 4070 848 5342
1525 2 2 2 1 953 1960 5199
1526 2 2 2 1 2205 841 2726
1527 2 2 2 1 2321 3243 3741
1528 2 2 2 1 2042 576 3287
1529 2 2 2 1 1317 1996 4145
1530 2 2 2 1 921 1951 4150
1531 2 2 2 1 1853 1072 3428
1532 2 2 2 1 3258 501 4803
1533 2 2 2 1 573 2405 3956
1534 2 2 2 1 2207 1335 3788
1535 2 2 2 1 762 1969 4139
1536 2 2 2 1 2936 1634 4413
1537 2 2 2 1 809 1882 3992
1538 2 2 2 1 1854 355 4913
1539 2 2 2 1 1100 2715 3524
1540 2 2 2 1 2213 1010 2891
1541 2 2 2 1 2188 1278 2462
1542 2 2 2 1 2647 702 4238
1543 2 2 2 1 2318 3419 3715
1544 2 2 2 1 1756 2647 4238
1545 2 2 2 1 813 1972 4649
1546 2 2 2 1 2125 954 5781
1547 2 2 2 1 1168 2413 3286
1548 2 2 2 1 2581 587 3326
1549 2 2 2 1 813 2083 4967
1550 2 2 2 1 920 2083 4948
1551 2 2 2 1 1391 2581 3326
1552 2 2 2 1 944 3368 3668
1553 2 2 2 1 126 1931 3408
1554 2 2 2 1 2104 439 3911
1555 2 2 2 1 1321 2104 3911
1556 2 2 2 1 973 1986 5659
1557 2 2 2 1 824 2207 3788
1558 2 2 2 1 2258 538 2700
1559 2 2 2 1 909 2951 3166
1560 2 2 2 1 1345 2300 3965
1561 2 2 2 1 1788 2860 3936
1562 2 2 2 1 2860 365 3936
1563 2 2 2 1 1192 1923 2864
1564 2 2 2 1 403 2013 3432
1565 2 2 2 1 1194 3883 4461
1566 2 2 2 1 1991 3258 4803
1567 2 2 2 1 2043 938 5459
1568 2 2 2 1 111 112 2317
1569 2 2 2 1 1138 2509 3608
1570 2 2 2 1 513 2089 5742
1571 2 2 2 1 2019 912 2799
1572 2 2 2 1 2987 1128 3959
1573 2 2 2 1 2343 139 4006
1574 2 2 2 1 1743 2871 4587
1575 2 2 2 1 1629 2777 3862
1576 2 2 2 1 811 2248 5012
1577 2 2 2 1 2248 1902 5012
1578 2 2 2 1 1885 470 3932
1579 2 2 2 1 751 2079 4807
1580 2 2 2 1 3042 1295 3216
1581 2 2 2 1 1397 2269 3394
1582 2 2 2 1 1874 1018 4689
1583 2 2 2 1 2291 868 2413
1584 2 2 2 1 475 2675 5590
1585 2 2 2 1 1366 1923 4247
1586 2 2 2 1 2646 1786 4822
1587 2 2 2 1 2362 441 4902
1588 2 2 2 1 2496 295 3396
1589 2 2 2 1 3378 1831 4107
1590 2 2 2 1 1993 762 2730
1591 2 2 2 1 4523 1030 5559
1592 2 2 2 1 1523 2749 3779
1593 2 2 2 1 3053 1650 4561
1594 2 2 2 1 2040 84 3997
1595 2 2 2 1 2170 3140 4936
1596 2 2 2 1 997 2435 2582
1597 2 2 2 1 3096 2282 4129
1598 2 2 2 1 1926 786 5210
1599 2 2 2 1 3627 1652 5422
1600 2 2 2 1 2007 1336 3041
1601 2 2 2 1 31 32 2350
1602 2 2 2 1 752 2073 4203
1603 2 2 2 1 2181 221 3242
1604 2 2 2 1 2220 829 2515
1605 2 2 2 1 754 2040 4041
1606 2 2 2 1 2040 1311 4041
1607 2 2 2 1 1864 355 4172
1608 2 2 2 1 2566 914 3516
1609 2 2 2 1 1900 1013 3121
1610 2 2 2 1 1052 2426 2608
1611 2 2 2 1 2314 1202 3152
1612 2 2 2 1 1938 458 5861
1613 2 2 2 1 2466 1083 2629
1614 2 2 2 1 369 2314 3152
1615 2 2 2 1 2426 364 2608
1616 2 2 2 1 1862 749 4648
1617 2 2 2 1 920 4948 5003
1618 2 2 2 1 2438 4813 5264
1619 2 2 2 1 993 2466 2629
1620 2 2 2 1 502 5348 5359
1621 2 2 2 1 2380 502 5359
1622 2 2 2 1 706 1932 4281
1623 2 2 2 1 1114 1994 4716
1624 2 2 2 1 2324 1659 3696
1625 2 2 2 1 2068 1002 2865
1626 2 2 2 1 2089 3216 5742
1627 2 2 2 1 2320 2868 4230
1628 2 2 2 1 3312 1999 4446
1629 2 2 2 1 2197 864 2486
1630 2 2 2 1 1219 2468 2594
1631 2 2 2 1 1152 1903 2978
1632 2 2 2 1 1280 3374 4168
1633 2 2 2 1 4819 966 4938
1634 2 2 2 1 908 2345 2627
1635 2 2 2 1 2345 1124 2627
1636 2 2 2 1 1930 785 3004
1637 2 2 2 1 357 1965 2789
1638 2 2 2 1 2020 735 2874
1639 2 2 2 1 858 2200 3346
1640 2 2 2 1 328 5154 5535
1641 2 2 2 1 705 1864 3535
1642 2 2 2 1 455 2777 3288
1643 2 2 2 1 981 2020 2874
1644 2 2 2 1 2011 1398 3484
1645 2 2 2 1 788 2596 4319
1646 2 2 2 1 2242 1928 5690
1647 2 2 2 1 1079 1865 3423
1648 2 2 2 1 607 1900 3121
1649 2 2 2 1 403 2887 3167
1650 2 2 2 1 966 2703 4938
1651 2 2 2 1 2029 832 4968
1652 2 2 2 1 3729 881 4698
1653 2 2 2 1 4635 2924 5316
1654 2 2 2 1 865 2873 3831
1655 2 2 2 1 2081 890 5227
1656 2 2 2 1 1320 3237 3382
1657 2 2 2 1 1837 3488 4652
1658 2 2 2 1 355 2055 3706
1659 2 2 2 1 2887 1495 3167
1660 2 2 2 1 2777 455 3862
1661 2 2 2 1 1928 2242 4789
1662 2 2 2 1 1917 418 2971
1663 2 2 2 1 960 1917 2971
1664 2 2 2 1 172 173 2166
1665 2 2 2 1 4274 806 4650
1666 2 2 2 1 2731 1230 3116
1667 2 2 2 1 1437 2560 3539
1668 2 2 2 1 938 2043 5028
1669 2 2 2 1 447 2306 3655
1670 2 2 2 1 1408 2382 3771
1671 2 2 2 1 902 2549 4518
1672 2 2 2 1 1265 2737 3186
1673 2 2 2 1 2560 322 3539
1674 2 2 2 1 14 2450 4079
1675 2 2 2 1 265 1940 2877
1676 2 2 2 1 1523 3208 3950
1677 2 2 2 1 4481 2168 4542
1678 2 2 2 1 2495 854 4896
1679 2 2 2 1 2382 849 3771
1680 2 2 2 1 1044 2376 2770
1681 2 2 2 1 2305 1087 3003
1682 2 2 2 1 1911 1037 3165
1683 2 2 2 1 2260 516 2729
1684 2 2 2 1 2184 1937 5777
1685 2 2 2 1 3583 1625 5305
1686 2 2 2 1 1893 420 3092
1687 2 2 2 1 1969 762 4578
1688 2 2 2 1 1065 3262 4396
1689 2 2 2 1 905 2032 2679
1690 2 2 2 1 1094 2184 5777
1691 2 2 2 1 2182 490 2963
1692 2 2 2 1 1949 1327 4399
1693 2 2 2 1 1932 942 3323
1694 2 2 2 1 2710 451 3877
1695 2 2 2 1 1066 2443 2546
1696 2 2 2 1 872 1949 4399
1697 2 2 2 1 1956 326 4466
1698 2 2 2 1 444 1882 3279
1699 2 2 2 1 1648 2263 5140
1700 2 2 2 1 2620 3781 4137
1701 2 2 2 1 1872 1080 3288
1702 2 2 2 1 2501 849 5373
1703 2 2 2 1 898 2844 5459
1704 2 2 2 1 4195 1863 4565
1705 2 2 2 1 4702 476 5403
1706 2 2 2 1 41 42 2374
1707 2 2 2 1 929 2102 5086
1708 2 2 2 1 1362 2457 2524
1709 2 2 2 1 2052 2501 5373
1710 2 2 2 1 1963 1464 4858
1711 2 2 2 1 1087 1868 3601
1712 2 2 2 1 731 1997 4715
1713 2 2 2 1 1868 683 3601
1714 2 2 2 1 3255 1298 3824
1715 2 2 2 1 66 67 2532
1716 2 2 2 1 2002 731 4715
1717 2 2 2 1 2513 460 4356
1718 2 2 2 1 687 1877 3732
1719 2 2 2 1 3368 1734 3668
1720 2 2 2 1 2134 589 2704
1721 2 2 2 1 550 2452 3331
1722 2 2 2 1 3097 1530 3239
1723 2 2 2 1 1933 1058 2917
1724 2 2 2 1 451 2137 2563
1725 2 2 2 1 466 2085 2631
1726 2 2 2 1 1875 400 3589
1727 2 2 2 1 2878 2469 3749
1728 2 2 2 1 557 1871 4187
1729 2 2 2 1 740 1985 3722
1730 2 2 2 1 409 1870 5062
1731 2 2 2 1 1878 345 3385
1732 2 2 2 1 1943 769 2896
1733 2 2 2 1 532 2252 3278
1734 2 2 2 1 997 2582 2612
1735 2 2 2 1 2244 1466 4085
1736 2 2 2 1 335 3378 4107
1737 2 2 2 1 2614 1118 3030
1738 2 2 2 1 3612 2196 5277
1739 2 2 2 1 2718 464 5477
1740 2 2 2 1 2461 562 3729
1741 2 2 2 1 358 3238 4478
1742 2 2 2 1 1985 1185 3722
1743 2 2 2 1 3222 638 4488
1744 2 2 2 1 1288 2260 2729
1745 2 2 2 1 995 2924 4635
1746 2 2 2 1 3308 1100 3524
1747 2 2 2 1 2531 937 2652
1748 2 2 2 1 2563 939 3877
1749 2 2 2 1 900 2518 2519
1750 2 2 2 1 2450 15 2906
1751 2 2 2 1 4881 716 5452
1752 2 2 2 1 1380 2188 4507
1753 2 2 2 1 954 2248 5781
1754 2 2 2 1 2824 4661 4940
1755 2 2 2 1 1108 1877 3581
1756 2 2 2 1 3608 2509 3713
1757 2 2 2 1 2518 1197 2519
1758 2 2 2 1 2665 968 5623
1759 2 2 2 1 136 137 3054
1760 2 2 2 1 1878 704 4772
1761 2 2 2 1 215 3860 4372
1762 2 2 2 1 2207 299 4014
1763 2 2 2 1 1882 444 3501
1764 2 2 2 1 621 3185 3518
1765 2 2 2 1 1926 4541 5036
1766 2 2 2 1 1024 2127 2835
1767 2 2 2 1 2215 819 2721
1768 2 2 2 1 1341 4158 4424
1769 2 2 2 1 2127 772 2835
1770 2 2 2 1 1020 2215 2721
1771 2 2 2 1 1394 2126 4204
1772 2 2 2 1 3021 1879 5410
1773 2 2 2 1 939 3390 3877
1774 2 2 2 1 639 2023 2728
1775 2 2 2 1 556 2294 4584
1776 2 2 2 1 4417 596 5048
1777 2 2 2 1 4718 914 5129
1778 2 2 2 1 1965 357 2840
1779 2 2 2 1 896 1938 4759
1780 2 2 2 1 2288 470 4163
1781 2 2 2 1 1892 305 3407
1782 2 2 2 1 2126 753 4204
1783 2 2 2 1 2752 828 4116
1784 2 2 2 1 1333 3405 4385
1785 2 2 2 1 632 2356 3656
1786 2 2 2 1 1215 3142 3324
1787 2 2 2 1 520 2116 2609
1788 2 2 2 1 1666 4941 5018
1789 2 2 2 1 2146 1126 3184
1790 2 2 2 1 2321 639 2728
1791 2 2 2 1 1048 2321 2728
1792 2 2 2 1 1724 2422 3670
1793 2 2 2 1 758 2146 3184
1794 2 2 2 1 3142 1651 3324
1795 2 2 2 1 2863 1002 5529
1796 2 2 2 1 3027 1634 4305
1797 2 2 2 1 2756 3683 4898
1798 2 2 2 1 1651 3142 4670
1799 2 2 2 1 2422 801 3670
1800 2 2 2 1 305 1892 4799
1801 2 2 2 1 2035 475 4974
1802 2 2 2 1 452 2168 4481
1803 2 2 2 1 3435 1936 5005
1804 2 2 2 1 1508 2146 4756
1805 2 2 2 1 4247 2645 4449
1806 2 2 2 1 2471 1152 2912
1807 2 2 2 1 2706 2855 5031
1808 2 2 2 1 576 2042 5085
1809 2 2 2 1 1820 3533 4219
1810 2 2 2 1 1589 2669 4863
1811 2 2 2 1 1046 1885 3932
1812 2 2 2 1 735 1959 2874
1813 2 2 2 1 2942 1402 2950
1814 2 2 2 1 2090 921 5473
1815 2 2 2 1 892 2259 3318
1816 2 2 2 1 659 3455 3479
1817 2 2 2 1 4863 2669 4983
1818 2 2 2 1 2288 919 2467
1819 2 2 2 1 1924 1233 4077
1820 2 2 2 1 917 2255 4106
1821 2 2 2 1 611 2123 2811
1822 2 2 2 1 1653 3041 5044
1823 2 2 2 1 2123 1003 2811
1824 2 2 2 1 961 2942 2950
1825 2 2 2 1 2015 879 2762
1826 2 2 2 1 1441 2624 3920
1827 2 2 2 1 2408 1348 3974
1828 2 2 2 1 832 2852 3688
1829 2 2 2 1 3375 1307 4644
1830 2 2 2 1 2542 411 4402
1831 2 2 2 1 1335 1884 4985
1832 2 2 2 1 2018 1114 2890
1833 2 2 2 1 1719 2542 4402
1834 2 2 2 1 916 2845 3655
1835 2 2 2 1 697 2639 3487
1836 2 2 2 1 1359 2217 3554
1837 2 2 2 1 367 2656 3991
1838 2 2 2 1 719 2018 2890
1839 2 2 2 1 2420 587 3532
1840 2 2 2 1 543 2114 2627
1841 2 2 2 1 2656 1659 3991
1842 2 2 2 1 2686 58 4040
1843 2 2 2 1 2209 908 2539
1844 2 2 2 1 1159 3172 4232
1845 2 2 2 1 3902 1348 4673
1846 2 2 2 1 1049 2056 2771
1847 2 2 2 1 2445 1140 3462
1848 2 2 2 1 915 3071 3862
1849 2 2 2 1 2241 1016 5616
1850 2 2 2 1 1344 2836 2921
1851 2 2 2 1 3018 1643 4062
1852 2 2 2 1 335 2909 3993
1853 2 2 2 1 2023 639 4880
1854 2 2 2 1 2836 1027 2921
1855 2 2 2 1 2496 1090 2739
1856 2 2 2 1 274 2192 3667
1857 2 2 2 1 2492 322 4374
1858 2 2 2 1 268 269 3785
1859 2 2 2 1 829 2656 3301
1860 2 2 2 1 1127 2496 2739
1861 2 2 2 1 4356 460 4530
1862 2 2 2 1 800 2134 2888
1863 2 2 2 1 2134 1034 2888
1864 2 2 2 1 2682 1800 4376
1865 2 2 2 1 1324 2639 4664
1866 2 2 2 1 1123 1897 3404
1867 2 2 2 1 530 2245 2866
1868 2 2 2 1 478 2305 4427
1869 2 2 2 1 2305 1584 4427
1870 2 2 2 1 1288 2628 3573
1871 2 2 2 1 2400 633 3405
1872 2 2 2 1 818 2682 4376
1873 2 2 2 1 2082 797 5244
1874 2 2 2 1 3172 1813 4232
1875 2 2 2 1 2570 1621 4444
1876 2 2 2 1 895 2064 3224
1877 2 2 2 1 1889 1087 3601
1878 2 2 2 1 1995 929 3364
1879 2 2 2 1 1291 2400 3405
1880 2 2 2 1 1900 607 3187
1881 2 2 2 1 460 2513 2989
1882 2 2 2 1 1300 2612 5385
1883 2 2 2 1 2597 2059 4382
1884 2 2 2 1 683 1889 3601
1885 2 2 2 1 1557 3112 3154
1886 2 2 2 1 3112 1276 3154
1887 2 2 2 1 2068 2865 5237
1888 2 2 2 1 3288 2777 5441
1889 2 2 2 1 1984 1070 4440
1890 2 2 2 1 2382 1817 5373
1891 2 2 2 1 1200 2093 4091
1892 2 2 2 1 1995 430 3829
1893 2 2 2 1 2824 945 4661
1894 2 2 2 1 592 2529 4252
1895 2 2 2 1 441 2362 5029
1896 2 2 2 1 934 1920 3143
1897 2 2 2 1 2564 1056 2725
1898 2 2 2 1 2420 3532 5317
1899 2 2 2 1 2869 996 2964
1900 2 2 2 1 4021 1324 4664
1901 2 2 2 1 2075 1160 3578
1902 2 2 2 1 552 1982 2855
1903 2 2 2 1 22 2204 3870
1904 2 2 2 1 2522 1233 3726
1905 2 2 2 1 1202 2995 3937
1906 2 2 2 1 1853 3375 4644
1907 2 2 2 1 1513 2562 3792
1908 2 2 2 1 2562 525 3792
1909 2 2 2 1 867 2246 4703
1910 2 2 2 1 2995 1824 3937
1911 2 2 2 1 1894 277 3426
1912 2 2 2 1 2246 1638 4703
1913 2 2 2 1 731 2002 2973
1914 2 2 2 1 1773 2200 5309
1915 2 2 2 1 2200 725 5309
1916 2 2 2 1 1753 2429 5259
1917 2 2 2 1 529 2477 4061
1918 2 2 2 1 2390 1092 2516
1919 2 2 2 1 2477 1563 4061
1920 2 2 2 1 1638 2246 3759
1921 2 2 2 1 567 2390 2516
1922 2 2 2 1 461 3821 4717
1923 2 2 2 1 842 2110 5482
1924 2 2 2 1 1012 2095 2676
1925 2 2 2 1 947 2681 4558
1926 2 2 2 1 560 2576 3355
1927 2 2 2 1 2225 499 2846
1928 2 2 2 1 321 3131 3698
1929 2 2 2 1 2546 505 2674
1930 2 2 2 1 2006 731 2973
1931 2 2 2 1 2809 987 3745
1932 2 2 2 1 3946 1969 4579
1933 2 2 2 1 2865 577 5237
1934 2 2 2 1 4558 2681 5413
1935 2 2 2 1 3131 1777 3698
1936 2 2 2 1 2519 372 2841
1937 2 2 2 1 2137 451 5472
1938 2 2 2 1 785 1930 4069
1939 2 2 2 1 1045 2225 2846
1940 2 2 2 1 1467 3851 5489
1941 2 2 2 1 1009 2027 3222
1942 2 2 2 1 1634 2936 5349
1943 2 2 2 1 2270 1908 4122
1944 2 2 2 1 1219 2594 3355
1945 2 2 2 1 3533 712 4219
1946 2 2 2 1 2732 374 2765
1947 2 2 2 1 1953 460 2989
1948 2 2 2 1 1906 378 3282
1949 2 2 2 1 2437 328 5535
1950 2 2 2 1 1528 2671 4414
1951 2 2 2 1 2065 1378 2823
1952 2 2 2 1 2925 1687 3686
1953 2 2 2 1 167 3100 3657
1954 2 2 2 1 1078 1898 3658
1955 2 2 2 1 24 1895 3863
1956 2 2 2 1 1157 2065 2823
1957 2 2 2 1 111 2317 2790
1958 2 2 2 1 1895 24 4605
1959 2 2 2 1 1246 3148 3973
1960 2 2 2 1 1159 2925 3686
1961 2 2 2 1 903 2623 3743
1962 2 2 2 1 3148 1909 3973
1963 2 2 2 1 2213 2891 4653
1964 2 2 2 1 853 1938 3076
1965 2 2 2 1 1369 2005 3358
1966 2 2 2 1 1348 2473 4673
1967 2 2 2 1 2194 857 2768
1968 2 2 2 1 2844 2043 5459
1969 2 2 2 1 209 1966 3199
1970 2 2 2 1 4237 723 5200
1971 2 2 2 1 698 2025 3628
1972 2 2 2 1 3956 2405 5722
1973 2 2 2 1 2214 3049 4712
1974 2 2 2 1 1911 456 4818
1975 2 2 2 1 2025 1167 3628
1976 2 2 2 1 1122 2281 2719
1977 2 2 2 1 4173 930 4356
1978 2 2 2 1 1898 754 3658
1979 2 2 2 1 2910 2436 4032
1980 2 2 2 1 3743 2623 5145
1981 2 2 2 1 3860 1812 4372
1982 2 2 2 1 1244 2660 3457
1983 2 2 2 1 910 2645 4247
1984 2 2 2 1 1899 1041 3420
1985 2 2 2 1 1534 3289 4722
1986 2 2 2 1 1483 3228 4507
1987 2 2 2 1 903 2078 5192
1988 2 2 2 1 3195 1770 4539
1989 2 2 2 1 913 2646 4822
1990 2 2 2 1 2553 1231 4795
1991 2 2 2 1 1137 1904 5248
1992 2 2 2 1 128 129 2352
1993 2 2 2 1 1313 1906 4207
1994 2 2 2 1 2593 930 4173
1995 2 2 2 1 1923 1192 4331
1996 2 2 2 1 4464 1483 4507
1997 2 2 2 1 3026 332 3063
1998 2 2 2 1 1741 2601 4639
1999 2 2 2 1 1903 1152 3515
2000 2 2 2 1 405 1901 3425
2001 2 2 2 1 2612 1300 3714
2002 2 2 2 1 4044 492 4386
2003 2 2 2 1 2118 1407 4349
2004 2 2 2 1 1986 973 4906
2005 2 2 2 1 1481 3026 3063
2006 2 2 2 1 701 2118 4349
2007 2 2 2 1 2072 641 3451
2008 2 2 2 1 1056 2564 3180
2009 2 2 2 1 2644 1075 2966
2010 2 2 2 1 1901 405 4815
2011 2 2 2 1 251 2296 4430
2012 2 2 2 1 2150 1203 4933
2013 2 2 2 1 2056 1049 4960
2014 2 2 2 1 537 2472 2849
2015 2 2 2 1 1901 733 3944
2016 2 2 2 1 337 3834 4894
2017 2 2 2 1 2136 609 2645
2018 2 2 2 1 2095 1012 2976
2019 2 2 2 1 2279 325 2558
2020 2 2 2 1 1263 2644 2966
2021 2 2 2 1 1222 2412 3691
2022 2 2 2 1 1037 1911 3710
2023 2 2 2 1 808 3068 4509
2024 2 2 2 1 376 1933 5015
2025 2 2 2 1 457 3946 4579
2026 2 2 2 1 2319 917 3426
2027 2 2 2 1 1014 2120 3247
2028 2 2 2 1 181 3182 3842
2029 2 2 2 1 3186 2737 4458
2030 2 2 2 1 4280 900 4876
2031 2 2 2 1 1985 740 4479
2032 2 2 2 1 555 2312 3154
2033 2 2 2 1 1263 2219 3977
2034 2 2 2 1 246 2051 3969
2035 2 2 2 1 938 2232 5459
2036 2 2 2 1 769 1943 4100
2037 2 2 2 1 1988 744 4812
2038 2 2 2 1 476 2597 5403
2039 2 2 2 1 2438 489 4813
2040 2 2 2 1 2275 440 4212
2041 2 2 2 1 2160 1147 3016
2042 2 2 2 1 1275 2711 2931
2043 2 2 2 1 1487 2275 4212
2044 2 2 2 1 2711 1117 2931
2045 2 2 2 1 374 2107 2696
2046 2 2 2 1 4824 2797 5749
2047 2 2 2 1 2191 1349 3434
2048 2 2 2 1 2983 1067 3506
2049 2 2 2 1 1030 2996 5559
2050 2 2 2 1 957 1992 3007
2051 2 2 2 1 955 2028 2825
2052 2 2 2 1 4362 1707 4872
2053 2 2 2 1 2892 1351 3366
2054 2 2 2 1 2142 658 3800
2055 2 2 2 1 752 1963 5823
2056 2 2 2 1 2111 3437 5027
2057 2 2 2 1 2039 974 2802
2058 2 2 2 1 667 4097 4210
2059 2 2 2 1 4252 2529 5840
2060 2 2 2 1 2292 1448 4442
2061 2 2 2 1 2599 531 3108
2062 2 2 2 1 1032 2250 2774
2063 2 2 2 1 2667 337 4894
2064 2 2 2 1 1861 2554 3896
2065 2 2 2 1 2250 517 2774
2066 2 2 2 1 871 2455 4190
2067 2 2 2 1 698 1921 4816
2068 2 2 2 1 2455 1581 4190
2069 2 2 2 1 892 2514 3830
2070 2 2 2 1 2098 323 4754
2071 2 2 2 1 969 1967 3066
2072 2 2 2 1 2012 538 3236
2073 2 2 2 1 2656 829 5516
2074 2 2 2 1 3164 2202 4450
2075 2 2 2 1 2856 2553 4795
2076 2 2 2 1 1951 2580 5389
2077 2 2 2 1 2168 452 2813
2078 2 2 2 1 1620 3442 4236
2079 2 2 2 1 2002 477 3422
2080 2 2 2 1 3867 1866 5671
2081 2 2 2 1 1019 2168 2813
2082 2 2 2 1 886 2489 2789
2083 2 2 2 1 943 2028 3113
2084 2 2 2 1 2479 1458 4121
2085 2 2 2 1 2494 956 2878
2086 2 2 2 1 2342 584 3271
2087 2 2 2 1 1081 1955 3265
2088 2 2 2 1 1616 2494 2878
2089 2 2 2 1 1464 1963 5675
2090 2 2 2 1 2671 1528 5190
2091 2 2 2 1 1317 2482 3024
2092 2 2 2 1 2383 1553 4685
2093 2 2 2 1 2482 532 3024
2094 2 2 2 1 3050 1271 3953
2095 2 2 2 1 1216 2342 3271
2096 2 2 2 1 2459 1965 5360
2097 2 2 2 1 1839 3050 3953
2098 2 2 2 1 803 2459 5360
2099 2 2 2 1 2633 427 2683
2100 2 2 2 1 2130 729 4398
2101 2 2 2 1 1921 698 3628
2102 2 2 2 1 2345 908 4743
2103 2 2 2 1 1447 2595 3978
2104 2 2 2 1 362 2044 4392
2105 2 2 2 1 1149 2633 2683
2106 2 2 2 1 560 2511 2576
2107 2 2 2 1 949 2178 2693
2108 2 2 2 1 1955 1081 4199
2109 2 2 2 1 2073 752 2938
2110 2 2 2 1 2087 5287 5493
2111 2 2 2 1 2511 1046 2576
2112 2 2 2 1 2239 930 2778
2113 2 2 2 1 2703 1673 4025
2114 2 2 2 1 1940 266 3218
2115 2 2 2 1 325 2703 4025
2116 2 2 2 1 1720 3327 5106
2117 2 2 2 1 139 140 4006
2118 2 2 2 1 2637 39 5396
2119 2 2 2 1 2481 1898 3987
2120 2 2 2 1 545 2435 2503
2121 2 2 2 1 1010 2213 5782
2122 2 2 2 1 2213 1910 5782
2123 2 2 2 1 1038 2122 2700
2124 2 2 2 1 4239 1330 4288
2125 2 2 2 1 3010 2490 4087
2126 2 2 2 1 31 2350 4218
2127 2 2 2 1 2048 796 2819
2128 2 2 2 1 1398 2011 4607
2129 2 2 2 1 4174 1794 4411
2130 2 2 2 1 136 1925 4544
2131 2 2 2 1 1936 1129 4263
2132 2 2 2 1 746 1966 4304
2133 2 2 2 1 2435 997 2503
2134 2 2 2 1 1698 4058 4634
2135 2 2 2 1 2294 4154 4584
2136 2 2 2 1 1786 2646 5838
2137 2 2 2 1 1960 723 4237
2138 2 2 2 1 3525 527 4369
2139 2 2 2 1 1931 1162 3408
2140 2 2 2 1 1876 3650 4896
2141 2 2 2 1 2749 591 3779
2142 2 2 2 1 2137 839 5402
2143 2 2 2 1 2144 1867 5415
2144 2 2 2 1 898 2723 4707
2145 2 2 2 1 2289 1195 3549
2146 2 2 2 1 2135 1696 5809
2147 2 2 2 1 1002 2068 3203
2148 2 2 2 1 3092 420 5387
2149 2 2 2 1 2579 2203 3596
2150 2 2 2 1 153 154 2440
2151 2 2 2 1 1940 712 4704
2152 2 2 2 1 1514 2418 3349
2153 2 2 2 1 2093 370 2772
2154 2 2 2 1 3117 1537 3821
2155 2 2 2 1 3543 1713 5540
2156 2 2 2 1 1256 2401 3350
2157 2 2 2 1 502 1929 3999
2158 2 2 2 1 2401 940 3350
2159 2 2 2 1 3870 2021 5580
2160 2 2 2 1 2374 42 5033
2161 2 2 2 1 399 2932 3567
2162 2 2 2 1 852 2348 2529
2163 2 2 2 1 760 3457 4838
2164 2 2 2 1 2461 833 3205
2165 2 2 2 1 2526 1190 3285
2166 2 2 2 1 1340 2932 3523
2167 2 2 2 1 4151 1976 4656
2168 2 2 2 1 1944 715 5298
2169 2 2 2 1 1249 2461 3205
2170 2 2 2 1 432 2544 3882
2171 2 2 2 1 1554 2983 3506
2172 2 2 2 1 735 2020 4647
2173 2 2 2 1 3493 1308 4147
2174 2 2 2 1 2982 1919 3875
2175 2 2 2 1 3409 1222 3691
2176 2 2 2 1 887 3152 3937
2177 2 2 2 1 1335 2207 4014
2178 2 2 2 1 2228 901 2611
2179 2 2 2 1 1408 1947 3844
2180 2 2 2 1 1992 565 3007
2181 2 2 2 1 1834 3973 5062
2182 2 2 2 1 4541 350 5036
2183 2 2 2 1 712 1940 3889
2184 2 2 2 1 3453 610 4658
2185 2 2 2 1 1031 2033 4112
2186 2 2 2 1 768 2333 5045
2187 2 2 2 1 1267 2153 3797
2188 2 2 2 1 1039 3093 3659
2189 2 2 2 1 3050 1297 4547
2190 2 2 2 1 1034 2134 2704
2191 2 2 2 1 3723 413 3805
2192 2 2 2 1 1210 2918 2954
2193 2 2 2 1 2153 422 3797
2194 2 2 2 1 1626 2340 3471
2195 2 2 2 1 2340 563 3471
2196 2 2 2 1 1937 726 4746
2197 2 2 2 1 987 2006 2973
2198 2 2 2 1 3323 333 5430
2199 2 2 2 1 2331 830 3056
2200 2 2 2 1 473 2150 3012
2201 2 2 2 1 881 2096 4554
2202 2 2 2 1 1933 376 3728
2203 2 2 2 1 2360 1370 4196
2204 2 2 2 1 98 99 2277
2205 2 2 2 1 2601 1180 4639
2206 2 2 2 1 3089 1748 3960
2207 2 2 2 1 2300 794 3965
2208 2 2 2 1 802 2086 4156
2209 2 2 2 1 2876 603 4457
2210 2 2 2 1 2548 822 5410
2211 2 2 2 1 1417 2132 4758
2212 2 2 2 1 3305 1177 3352
2213 2 2 2 1 1832 2354 5042
2214 2 2 2 1 2399 941 4467
2215 2 2 2 1 1058 1933 3728
2216 2 2 2 1 2303 722 5415
2217 2 2 2 1 4517 2010 5686
2218 2 2 2 1 1601 3305 3352
2219 2 2 2 1 2035 2548 5410
2220 2 2 2 1 2206 1745 4128
2221 2 2 2 1 896 1950 3230
2222 2 2 2 1 1867 2303 5415
2223 2 2 2 1 388 3552 4291
2224 2 2 2 1 2768 857 3709
2225 2 2 2 1 746 3720 5498
2226 2 2 2 1 1932 3323 5430
2227 2 2 2 1 2327 893 3936
2228 2 2 2 1 2415 557 5300
2229 2 2 2 1 1543 2049 4850
2230 2 2 2 1 3611 613 4260
2231 2 2 2 1 957 2418 2838
2232 2 2 2 1 983 4715 5312
2233 2 2 2 1 2098 2803 4011
2234 2 2 2 1 256 257 2483
2235 2 2 2 1 2061 368 2851
2236 2 2 2 1 2574 1493 3962
2237 2 2 2 1 1046 2046 4821
2238 2 2 2 1 1606 2424 4431
2239 2 2 2 1 1982 552 4391
2240 2 2 2 1 3191 447 3655
2241 2 2 2 1 2873 1539 3831
2242 2 2 2 1 492 2902 4386
2243 2 2 2 1 1943 2899 5871
2244 2 2 2 1 963 2361 4359
2245 2 2 2 1 2424 641 4431
2246 2 2 2 1 286 285 2354
2247 2 2 2 1 2026 857 2912
2248 2 2 2 1 2084 749 4513
2249 2 2 2 1 1172 2860 3123
2250 2 2 2 1 2172 1350 2798
2251 2 2 2 1 2176 501 3258
2252 2 2 2 1 356 2278 3984
2253 2 2 2 1 372 1943 4864
2254 2 2 2 1 2927 2445 4379
2255 2 2 2 1 1004 1959 3338
2256 2 2 2 1 2498 619 3244
2257 2 2 2 1 3332 1320 3631
2258 2 2 2 1 963 2061 2851
2259 2 2 2 1 781 2153 5656
2260 2 2 2 1 2554 550 3896
2261 2 2 2 1 1282 2944 3638
2262 2 2 2 1 565 1992 3046
2263 2 2 2 1 2142 1055 3057
2264 2 2 2 1 2735 570 3030
2265 2 2 2 1 2368 628 3170
2266 2 2 2 1 3845 1521 4990
2267 2 2 2 1 795 2142 3057
2268 2 2 2 1 807 2376 5321
2269 2 2 2 1 2423 964 2786
2270 2 2 2 1 2569 1461 4134
2271 2 2 2 1 2289 1031 2658
2272 2 2 2 1 2850 1225 3591
2273 2 2 2 1 1938 853 3553
2274 2 2 2 1 1373 4151 4656
2275 2 2 2 1 2146 758 4756
2276 2 2 2 1 1195 2289 2658
2277 2 2 2 1 744 2070 4812
2278 2 2 2 1 849 2382 5373
2279 2 2 2 1 2070 1489 4812
2280 2 2 2 1 413 2758 3805
2281 2 2 2 1 2103 945 4565
2282 2 2 2 1 2256 1622 4762
2283 2 2 2 1 2009 456 4516
2284 2 2 2 1 1639 2362 4902
2285 2 2 2 1 769 2256 4762
2286 2 2 2 1 1001 2485 2506
2287 2 2 2 1 2514 892 3318
2288 2 2 2 1 682 3351 4785
2289 2 2 2 1 941 2443 4467
2290 2 2 2 1 3933 968 4044
2291 2 2 2 1 1083 2466 2769
2292 2 2 2 1 517 2115 2774
2293 2 2 2 1 1529 2301 4409
2294 2 2 2 1 2485 1017 2506
2295 2 2 2 1 3778 640 4355
2296 2 2 2 1 2085 466 5018
2297 2 2 2 1 2301 349 4409
2298 2 2 2 1 3002 1668 4431
2299 2 2 2 1 3908 1731 4988
2300 2 2 2 1 950 3282 3464
2301 2 2 2 1 1980 1065 3724
2302 2 2 2 1 3135 624 3411
2303 2 2 2 1 369 2122 3047
2304 2 2 2 1 3839 2066 5563
2305 2 2 2 1 2122 1038 3047
2306 2 2 2 1 4037 837 5561
2307 2 2 2 1 2580 414 5389
2308 2 2 2 1 715 1944 4300
2309 2 2 2 1 386 2111 3042
2310 2 2 2 1 2393 956 5057
2311 2 2 2 1 495 2028 3872
2312 2 2 2 1 444 2543 4426
2313 2 2 2 1 782 2624 3955
2314 2 2 2 1 2873 865 3928
2315 2 2 2 1 1019 1957 3298
2316 2 2 2 1 2094 311 3468
2317 2 2 2 1 1998 3766 5073
2318 2 2 2 1 1121 2030 3531
2319 2 2 2 1 900 2108 5167
2320 2 2 2 1 2187 519 4487
2321 2 2 2 1 2054 2606 3827
2322 2 2 2 1 2030 340 3531
2323 2 2 2 1 745 1977 4239
2324 2 2 2 1 2396 1500 4132
2325 2 2 2 1 390 2396 4132
2326 2 2 2 1 1482 2187 4487
2327 2 2 2 1 2178 508 2693
2328 2 2 2 1 1949 541 3814
2329 2 2 2 1 1336 2007 4475
2330 2 2 2 1 2531 461 4063
2331 2 2 2 1 1497 2502 5043
2332 2 2 2 1 2248 954 2705
2333 2 2 2 1 474 3820 4833
2334 2 2 2 1 618 2149 4312
2335 2 2 2 1 1952 743 3386
2336 2 2 2 1 4499 2867 5390
2337 2 2 2 1 2844 529 5332
2338 2 2 2 1 1976 778 4944
2339 2 2 2 1 2298 935 3626
2340 2 2 2 1 3507 913 5375
2341 2 2 2 1 2173 981 3748
2342 2 2 2 1 2580 921 3287
2343 2 2 2 1 2237 931 4384
2344 2 2 2 1 718 3089 3960
2345 2 2 2 1 2086 1238 2935
2346 2 2 2 1 2078 1605 4969
2347 2 2 2 1 893 4201 5414
2348 2 2 2 1 1696 2135 5321
2349 2 2 2 1 2270 366 3595
2350 2 2 2 1 2815 1120 3473
2351 2 2 2 1 256 2483 2958
2352 2 2 2 1 3072 697 3487
2353 2 2 2 1 2043 2844 5332
2354 2 2 2 1 1364 2174 4147
2355 2 2 2 1 1068 2223 3094
2356 2 2 2 1 1410 2444 2784
2357 2 2 2 1 1101 2198 3134
2358 2 2 2 1 1977 1255 4202
2359 2 2 2 1 4162 2006 4791
2360 2 2 2 1 2174 685 4147
2361 2 2 2 1 446 3435 5005
2362 2 2 2 1 579 1986 4299
2363 2 2 2 1 1262 2101 4277
2364 2 2 2 1 4387 796 4779
2365 2 2 2 1 777 2265 2815
2366 2 2 2 1 2265 1120 2815
2367 2 2 2 1 1005 1981 3992
2368 2 2 2 1 2645 910 3534
2369 2 2 2 1 1959 735 3338
2370 2 2 2 1 1717 2532 5070
2371 2 2 2 1 1233 3144 3726
2372 2 2 2 1 1521 2680 4990
2373 2 2 2 1 2148 936 4251
2374 2 2 2 1 1311 2040 3997
2375 2 2 2 1 2198 368 3134
2376 2 2 2 1 899 2557 4673
2377 2 2 2 1 3498 2135 5809
2378 2 2 2 1 5102 479 5196
2379 2 2 2 1 927 2756 4898
2380 2 2 2 1 2102 3406 5086
2381 2 2 2 1 2673 528 2782
2382 2 2 2 1 1683 2344 5172
2383 2 2 2 1 1678 2540 5128
2384 2 2 2 1 2557 1766 4673
2385 2 2 2 1 1957 3453 4658
2386 2 2 2 1 2070 744 4887
2387 2 2 2 1 971 2688 2718
2388 2 2 2 1 1959 334 3748
2389 2 2 2 1 1011 2129 4927
2390 2 2 2 1 2360 4196 5164
2391 2 2 2 1 1229 4750 4945
2392 2 2 2 1 479 2807 5196
2393 2 2 2 1 5467 2448 5822
2394 2 2 2 1 2048 1613 5355
2395 2 2 2 1 2688 1163 2718
2396 2 2 2 1 3289 1890 4722
2397 2 2 2 1 2244 4085 5452
2398 2 2 2 1 1091 2572 2657
2399 2 2 2 1 495 2850 4519
2400 2 2 2 1 2545 704 3772
2401 2 2 2 1 516 2126 2785
2402 2 2 2 1 2298 500 2900
2403 2 2 2 1 2572 1023 2657
2404 2 2 2 1 888 2430 3855
2405 2 2 2 1 1636 1952 3776
2406 2 2 2 1 2850 1907 4519
2407 2 2 2 1 2776 827 4665
2408 2 2 2 1 2046 867 5664
2409 2 2 2 1 1445 2545 3772
2410 2 2 2 1 1069 2503 5719
2411 2 2 2 1 744 1988 3519
2412 2 2 2 1 2638 970 3860
2413 2 2 2 1 2551 1139 4887
2414 2 2 2 1 3123 2860 5457
2415 2 2 2 1 1988 1086 3519
2416 2 2 2 1 57 58 2686
2417 2 2 2 1 2487 1001 2506
2418 2 2 2 1 61 3356 3763
2419 2 2 2 1 2317 915 2790
2420 2 2 2 1 2843 1869 3754
2421 2 2 2 1 2083 920 4967
2422 2 2 2 1 2172 2798 5626
2423 2 2 2 1 1018 2396 2641
2424 2 2 2 1 497 2487 2506
2425 2 2 2 1 1455 2214 3260
2426 2 2 2 1 2097 948 3647
2427 2 2 2 1 3506 559 4456
2428 2 2 2 1 1489 2070 4964
2429 2 2 2 1 1023 2373 2657
2430 2 2 2 1 2373 656 2657
2431 2 2 2 1 2396 390 2641
2432 2 2 2 1 1154 2732 2765
2433 2 2 2 1 2859 758 4718
2434 2 2 2 1 1310 3134 3775
2435 2 2 2 1 468 2020 3043
2436 2 2 2 1 38 39 2637
2437 2 2 2 1 1471 2276 2682
2438 2 2 2 1 1989 2859 4718
2439 2 2 2 1 3594 1792 5497
2440 2 2 2 1 4056 1388 4980
2441 2 2 2 1 2535 923 2772
2442 2 2 2 1 2457 880 2524
2443 2 2 2 1 2020 981 3043
2444 2 2 2 1 286 2354 5500
2445 2 2 2 1 2798 545 5626
2446 2 2 2 1 1674 2979 3720
2447 2 2 2 1 5287 452 5493
2448 2 2 2 1 985 2068 5237
2449 2 2 2 1 2979 1171 3720
2450 2 2 2 1 569 1955 4199
2451 2 2 2 1 2152 845 2769
2452 2 2 2 1 956 2494 5057
2453 2 2 2 1 2262 1183 3456
2454 2 2 2 1 723 3329 5200
2455 2 2 2 1 405 1970 4085
2456 2 2 2 1 961 3018 4062
2457 2 2 2 1 4720 1021 5772
2458 2 2 2 1 1065 1980 3262
2459 2 2 2 1 1810 3527 5795
2460 2 2 2 1 1670 2133 5439
2461 2 2 2 1 1979 1082 5804
2462 2 2 2 1 1844 2642 5371
2463 2 2 2 1 1107 2361 4987
2464 2 2 2 1 2595 645 3978
2465 2 2 2 1 1990 1253 3249
2466 2 2 2 1 64 65 2476
2467 2 2 2 1 2232 938 4566
2468 2 2 2 1 2632 909 3166
2469 2 2 2 1 3415 2548 5247
2470 2 2 2 1 2217 514 3554
2471 2 2 2 1 2030 975 3348
2472 2 2 2 1 3387 404 4029
2473 2 2 2 1 538 2012 4462
2474 2 2 2 1 294 6 3065
2475 2 2 2 1 3989 675 5305
2476 2 2 2 1 4783 1927 5741
2477 2 2 2 1 917 2319 3099
2478 2 2 2 1 2319 1136 3099
2479 2 2 2 1 2503 2697 5719
2480 2 2 2 1 2116 520 3229
2481 2 2 2 1 2443 941 2546
2482 2 2 2 1 1963 752 4203
2483 2 2 2 1 3490 583 3496
2484 2 2 2 1 3830 2514 4448
2485 2 2 2 1 2095 2976 4935
2486 2 2 2 1 430 1995 4288
2487 2 2 2 1 3050 1839 5121
2488 2 2 2 1 249 250 2412
2489 2 2 2 1 1974 1392 5848
2490 2 2 2 1 882 2341 2615
2491 2 2 2 1 2661 2315 5425
2492 2 2 2 1 1961 755 4505
2493 2 2 2 1 1973 510 4060
2494 2 2 2 1 1482 2947 4729
2495 2 2 2 1 500 2344 2900
2496 2 2 2 1 1887 2557 5082
2497 2 2 2 1 2530 1028 2604
2498 2 2 2 1 2133 1670 5276
2499 2 2 2 1 1716 3912 4214
2500 2 2 2 1 2025 1073 5594
2501 2 2 2 1 3560 2010 4517
2502 2 2 2 1 4321 1675 4467
2503 2 2 2 1 524 2147 5785
2504 2 2 2 1 499 2225 5735
2505 2 2 2 1 1253 1990 4193
2506 2 2 2 1 1042 2530 2604
2507 2 2 2 1 1418 2577 4759
2508 2 2 2 1 1088 2181 3242
2509 2 2 2 1 1252 2869 2964
2510 2 2 2 1 2384 551 3980
2511 2 2 2 1 1119 3443 4965
2512 2 2 2 1 1997 731 4295
2513 2 2 2 1 3124 1587 3361
2514 2 2 2 1 905 2731 3116
2515 2 2 2 1 2225 860 5737
2516 2 2 2 1 2557 899 5082
2517 2 2 2 1 2004 417 3194
2518 2 2 2 1 1009 3124 3361
2519 2 2 2 1 845 2152 5325
2520 2 2 2 1 954 2324 3060
2521 2 2 2 1 5307 2194 5697
2522 2 2 2 1 467 3158 5331
2523 2 2 2 1 2266 119 4265
2524 2 2 2 1 1000 4806 5289
2525 2 2 2 1 2969 1630 3509
2526 2 2 2 1 614 2969 3509
2527 2 2 2 1 2333 768 4741
2528 2 2 2 1 1082 1979 5205
2529 2 2 2 1 4806 2060 5289
2530 2 2 2 1 925 2463 5418
2531 2 2 2 1 1991 912 3258
2532 2 2 2 1 952 2528 2943
2533 2 2 2 1 2444 458 2784
2534 2 2 2 1 1271 2972 4317
2535 2 2 2 1 3319 1576 3816
2536 2 2 2 1 1018 2034 5149
2537 2 2 2 1 550 3331 3896
2538 2 2 2 1 1139 3930 4887
2539 2 2 2 1 4444 1419 4771
2540 2 2 2 1 648 4114 5310
2541 2 2 2 1 838 2389 2987
2542 2 2 2 1 3996 1898 5331
2543 2 2 2 1 3354 1106 5728
2544 2 2 2 1 2254 903 5192
2545 2 2 2 1 1021 2830 5772
2546 2 2 2 1 2824 582 2953
2547 2 2 2 1 1299 2824 2953
2548 2 2 2 1 318 2308 3103
2549 2 2 2 1 3169 811 5209
2550 2 2 2 1 2254 953 5199
2551 2 2 2 1 2389 1128 2987
2552 2 2 2 1 1964 1074 3542
2553 2 2 2 1 864 2574 3962
2554 2 2 2 1 2308 1134 3103
2555 2 2 2 1 1074 1964 3794
2556 2 2 2 1 1274 3984 4271
2557 2 2 2 1 3521 590 4179
2558 2 2 2 1 3117 869 4829
2559 2 2 2 1 1967 969 3884
2560 2 2 2 1 1322 3550 5595
2561 2 2 2 1 1832 5042 5852
2562 2 2 2 1 3151 2345 4743
2563 2 2 2 1 1225 2850 3612
2564 2 2 2 1 2414 608 4657
2565 2 2 2 1 486 2322 4780
2566 2 2 2 1 2322 1640 4780
2567 2 2 2 1 1262 2475 3889
2568 2 2 2 1 2175 345 5189
2569 2 2 2 1 3002 890 3417
2570 2 2 2 1 3140 1503 4936
2571 2 2 2 1 3953 1271 4317
2572 2 2 2 1 2154 1576 3319
2573 2 2 2 1 611 2897 3040
2574 2 2 2 1 3553 1418 4759
2575 2 2 2 1 2263 433 5140
2576 2 2 2 1 1966 210 3605
2577 2 2 2 1 2413 542 3286
2578 2 2 2 1 1303 2586 3635
2579 2 2 2 1 1441 2648 4692
2580 2 2 2 1 2897 1356 3040
2581 2 2 2 1 2175 949 3385
2582 2 2 2 1 1803 3360 5384
2583 2 2 2 1 3024 532 3278
2584 2 2 2 1 659 3479 4140
2585 2 2 2 1 261 262 2455
2586 2 2 2 1 518 2073 5314
2587 2 2 2 1 2850 3591 5225
2588 2 2 2 1 2196 1148 3209
2589 2 2 2 1 857 2026 3709
2590 2 2 2 1 15 16 2906
2591 2 2 2 1 1071 2285 4179
2592 2 2 2 1 2955 4446 4877
2593 2 2 2 1 2372 1406 3234
2594 2 2 2 1 4715 1997 5312
2595 2 2 2 1 2285 1430 4179
2596 2 2 2 1 2001 466 4201
2597 2 2 2 1 353 2196 3209
2598 2 2 2 1 2912 1152 2978
2599 2 2 2 1 3238 1744 4478
2600 2 2 2 1 321 2797 4824
2601 2 2 2 1 939 1983 3390
2602 2 2 2 1 1189 2677 3713
2603 2 2 2 1 723 2755 4776
2604 2 2 2 1 2755 1920 4776
2605 2 2 2 1 968 2603 4044
2606 2 2 2 1 440 2275 3711
2607 2 2 2 1 734 2523 5292
2608 2 2 2 1 3612 2850 5162
2609 2 2 2 1 2076 593 4851
2610 2 2 2 1 1472 2076 4851
2611 2 2 2 1 1065 2003 3454
2612 2 2 2 1 2077 816 5091
2613 2 2 2 1 1564 2095 4935
2614 2 2 2 1 2028 495 3113
2615 2 2 2 1 295 294 3396
2616 2 2 2 1 716 1973 3517
2617 2 2 2 1 725 2200 5555
2618 2 2 2 1 865 2270 3595
2619 2 2 2 1 2200 858 5556
2620 2 2 2 1 512 2221 5683
2621 2 2 2 1 2033 606 5181
2622 2 2 2 1 2232 481 2723
2623 2 2 2 1 2544 1413 3882
2624 2 2 2 1 685 2174 5850
2625 2 2 2 1 2815 3473 4296
2626 2 2 2 1 687 2235 5776
2627 2 2 2 1 2435 996 2582
2628 2 2 2 1 894 2448 5467
2629 2 2 2 1 390 2239 2778
2630 2 2 2 1 975 2030 3119
2631 2 2 2 1 954 2125 3991
2632 2 2 2 1 2501 973 5659
2633 2 2 2 1 2031 987 3422
2634 2 2 2 1 4009 616 4817
2635 2 2 2 1 1349 2191 4590
2636 2 2 2 1 1742 2876 4457
2637 2 2 2 1 2448 894 2578
2638 2 2 2 1 1989 4718 5129
2639 2 2 2 1 2045 1201 5542
2640 2 2 2 1 2361 1107 2951
2641 2 2 2 1 1017 3865 4130
2642 2 2 2 1 2103 523 3330
2643 2 2 2 1 2612 1860 5385
2644 2 2 2 1 1423 3225 3905
2645 2 2 2 1 1832 3443 5500
2646 2 2 2 1 471 2361 2951
2647 2 2 2 1 29 30 2357
2648 2 2 2 1 1076 2798 3174
2649 2 2 2 1 3146 523 3634
2650 2 2 2 1 1929 3492 3999
2651 2 2 2 1 2798 1350 3174
2652 2 2 2 1 4167 1470 4891
2653 2 2 2 1 1017 2367 2679
2654 2 2 2 1 2092 978 4786
2655 2 2 2 1 2150 473 3547
2656 2 2 2 1 745 1995 3364
2657 2 2 2 1 3446 1478 4364
2658 2 2 2 1 484 2705 3513
2659 2 2 2 1 2516 3823 4867
2660 2 2 2 1 348 2079 3363
2661 2 2 2 1 567 2516 4867
2662 2 2 2 1 2000 1309 4140
2663 2 2 2 1 177 178 2364
2664 2 2 2 1 2635 337 2667
2665 2 2 2 1 2367 905 2679
2666 2 2 2 1 2705 1426 3513
2667 2 2 2 1 1112 2635 2667
2668 2 2 2 1 2571 588 2666
2669 2 2 2 1 2489 1319 2789
2670 2 2 2 1 2268 473 3012
2671 2 2 2 1 1073 2571 2666
2672 2 2 2 1 952 2867 4499
2673 2 2 2 1 3279 1882 4733
2674 2 2 2 1 4223 637 4886
2675 2 2 2 1 2072 890 3002
2676 2 2 2 1 1583 3592 4951
2677 2 2 2 1 892 2121 2882
2678 2 2 2 1 2229 1730 3563
2679 2 2 2 1 2079 348 4855
2680 2 2 2 1 2580 1382 3598
2681 2 2 2 1 414 2580 3598
2682 2 2 2 1 3175 1703 5051
2683 2 2 2 1 608 2414 3257
2684 2 2 2 1 4144 2293 4166
2685 2 2 2 1 3955 1806 5246
2686 2 2 2 1 2701 1181 3377
2687 2 2 2 1 2414 1205 3257
2688 2 2 2 1 2280 429 4133
2689 2 2 2 1 1368 2701 3377
2690 2 2 2 1 2100 980 4845
2691 2 2 2 1 244 3705 5474
2692 2 2 2 1 425 2074 3445
2693 2 2 2 1 714 4777 5641
2694 2 2 2 1 2218 875 5648
2695 2 2 2 1 2463 4836 5418
2696 2 2 2 1 290 2757 3375
2697 2 2 2 1 2543 444 3279
2698 2 2 2 1 3158 2099 5331
2699 2 2 2 1 146 2039 3756
2700 2 2 2 1 1019 2813 3453
2701 2 2 2 1 911 2060 5064
2702 2 2 2 1 3317 441 5029
2703 2 2 2 1 2181 951 3606
2704 2 2 2 1 2419 378 3206
2705 2 2 2 1 2531 4063 5295
2706 2 2 2 1 438 2027 3361
2707 2 2 2 1 492 2000 4098
2708 2 2 2 1 1611 2191 3434
2709 2 2 2 1 376 2326 4570
2710 2 2 2 1 663 3195 4539
2711 2 2 2 1 2068 985 3037
2712 2 2 2 1 487 2539 4119
2713 2 2 2 1 3394 2269 4294
2714 2 2 2 1 3081 1280 4168
2715 2 2 2 1 2223 521 3094
2716 2 2 2 1 3647 948 3726
2717 2 2 2 1 3492 1929 5071
2718 2 2 2 1 821 2408 3974
2719 2 2 2 1 2256 1125 3388
2720 2 2 2 1 886 2789 5789
2721 2 2 2 1 2543 1580 4426
2722 2 2 2 1 1063 2017 4495
2723 2 2 2 1 3656 2356 4910
2724 2 2 2 1 417 2004 3957
2725 2 2 2 1 2326 1570 4570
2726 2 2 2 1 2049 470 4846
2727 2 2 2 1 1885 2511 5343
2728 2 2 2 1 1125 2115 3465
2729 2 2 2 1 2115 517 3465
2730 2 2 2 1 2058 728 4763
2731 2 2 2 1 852 2238 3675
2732 2 2 2 1 2445 3462 4721
2733 2 2 2 1 3849 1924 5614
2734 2 2 2 1 2238 1248 3675
2735 2 2 2 1 749 2084 3630
2736 2 2 2 1 2976 351 4935
2737 2 2 2 1 3927 524 5785
2738 2 2 2 1 1630 3551 5016
2739 2 2 2 1 4948 1945 5003
2740 2 2 2 1 538 2258 2722
2741 2 2 2 1 2254 404 3387
2742 2 2 2 1 2816 1505 3574
2743 2 2 2 1 907 2089 5069
2744 2 2 2 1 1080 2545 3288
2745 2 2 2 1 4122 1908 5849
2746 2 2 2 1 2292 951 3490
2747 2 2 2 1 980 2100 3122
2748 2 2 2 1 396 2816 3574
2749 2 2 2 1 1186 2536 2619
2750 2 2 2 1 2386 1596 3598
2751 2 2 2 1 1076 2575 3178
2752 2 2 2 1 2360 1679 3314
2753 2 2 2 1 2730 963 4359
2754 2 2 2 1 3282 1556 3464
2755 2 2 2 1 2177 356 2854
2756 2 2 2 1 2536 730 2619
2757 2 2 2 1 2354 1832 5500
2758 2 2 2 1 2142 795 5241
2759 2 2 2 1 787 1996 3497
2760 2 2 2 1 4813 1638 5264
2761 2 2 2 1 2197 1173 3470
2762 2 2 2 1 992 2177 2854
2763 2 2 2 1 440 2186 5138
2764 2 2 2 1 43 44 2494
2765 2 2 2 1 1642 2142 5241
2766 2 2 2 1 762 1993 3548
2767 2 2 2 1 2012 1146 5139
2768 2 2 2 1 2147 756 3440
2769 2 2 2 1 3123 1573 3623
2770 2 2 2 1 2575 1252 3178
2771 2 2 2 1 2333 1656 5045
2772 2 2 2 1 2468 910 2594
2773 2 2 2 1 912 1991 3898
2774 2 2 2 1 334 2458 5522
2775 2 2 2 1 3170 1173 3807
2776 2 2 2 1 920 3229 5188
2777 2 2 2 1 2301 1830 5642
2778 2 2 2 1 2165 916 2834
2779 2 2 2 1 1794 4174 5450
2780 2 2 2 1 1754 3170 3807
2781 2 2 2 1 2441 1290 3157
2782 2 2 2 1 3222 2027 3582
2783 2 2 2 1 2440 154 4749
2784 2 2 2 1 2281 1067 2719
2785 2 2 2 1 2893 309 3482
2786 2 2 2 1 916 2306 2834
2787 2 2 2 1 2533 1385 3159
2788 2 2 2 1 576 2533 3159
2789 2 2 2 1 833 2034 3205
2790 2 2 2 1 2089 513 5279
2791 2 2 2 1 2064 895 4624
2792 2 2 2 1 351 2165 4935
2793 2 2 2 1 2305 3003 5744
2794 2 2 2 1 2026 2921 5629
2795 2 2 2 1 767 1994 3599
2796 2 2 2 1 2165 1564 4935
2797 2 2 2 1 1996 1317 3964
2798 2 2 2 1 799 2280 4146
2799 2 2 2 1 4927 2129 5491
2800 2 2 2 1 1435 3873 4903
2801 2 2 2 1 204 3803 4474
2802 2 2 2 1 2847 389 3609
2803 2 2 2 1 448 2227 3147
2804 2 2 2 1 908 2114 5324
2805 2 2 2 1 229 230 2716
2806 2 2 2 1 1770 3195 3948
2807 2 2 2 1 1728 3285 4210
2808 2 2 2 1 1513 2752 4116
2809 2 2 2 1 2227 1093 3147
2810 2 2 2 1 2401 594 3469
2811 2 2 2 1 2481 467 5331
2812 2 2 2 1 1898 2481 5331
2813 2 2 2 1 347 2495 3669
2814 2 2 2 1 2555 863 3311
2815 2 2 2 1 1273 2555 3311
2816 2 2 2 1 2006 407 4791
2817 2 2 2 1 822 2548 3415
2818 2 2 2 1 1096 2109 4174
2819 2 2 2 1 1994 1114 3869
2820 2 2 2 1 1746 4824 5749
2821 2 2 2 1 2582 514 2612
2822 2 2 2 1 2189 183 4480
2823 2 2 2 1 2069 3507 5375
2824 2 2 2 1 445 4144 4166
2825 2 2 2 1 1779 3022 3195
2826 2 2 2 1 2442 1372 3176
2827 2 2 2 1 3022 998 3195
2828 2 2 2 1 2167 322 3891
2829 2 2 2 1 2363 1761 3993
2830 2 2 2 1 2156 937 5295
2831 2 2 2 1 1745 2206 5481
2832 2 2 2 1 1374 3053 3888
2833 2 2 2 1 2008 1098 3452
2834 2 2 2 1 456 3165 4516
2835 2 2 2 1 2206 331 5481
2836 2 2 2 1 2160 1044 3102
2837 2 2 2 1 108 2190 3414
2838 2 2 2 1 929 1995 3829
2839 2 2 2 1 530 2160 3102
2840 2 2 2 1 4036 1237 4799
2841 2 2 2 1 729 3836 4398
2842 2 2 2 1 2395 646 5187
2843 2 2 2 1 980 2117 4845
2844 2 2 2 1 1356 3251 3626
2845 2 2 2 1 1440 2768 3709
2846 2 2 2 1 2204 1240 3870
2847 2 2 2 1 2317 112 4520
2848 2 2 2 1 1239 2454 3036
2849 2 2 2 1 1396 2186 4360
2850 2 2 2 1 477 2002 3629
2851 2 2 2 1 1089 4257 5172
2852 2 2 2 1 4360 2186 5442
2853 2 2 2 1 2018 719 5008
2854 2 2 2 1 2279 1881 5737
2855 2 2 2 1 5123 1908 5273
2856 2 2 2 1 3587 866 5034
2857 2 2 2 1 684 3163 5698
2858 2 2 2 1 3351 1860 4695
2859 2 2 2 1 860 2279 5737
2860 2 2 2 1 3085 648 5310
2861 2 2 2 1 836 2106 3885
2862 2 2 2 1 1309 2665 2868
2863 2 2 2 1 2000 1126 4098
2864 2 2 2 1 424 2792 3796
2865 2 2 2 1 1444 2421 4838
2866 2 2 2 1 344 3488 4512
2867 2 2 2 1 807 4360 5442
2868 2 2 2 1 672 5307 5697
2869 2 2 2 1 382 2454 3353
2870 2 2 2 1 1075 2754 3334
2871 2 2 2 1 1164 2439 2840
2872 2 2 2 1 2159 791 5301
2873 2 2 2 1 2019 428 4181
2874 2 2 2 1 466 2365 5018
2875 2 2 2 1 2454 1239 3353
2876 2 2 2 1 2451 418 3025
2877 2 2 2 1 2556 1684 3716
2878 2 2 2 1 408 2201 3136
2879 2 2 2 1 444 2768 3501
2880 2 2 2 1 2125 3169 3773
2881 2 2 2 1 2977 1890 5379
2882 2 2 2 1 1627 2451 3025
2883 2 2 2 1 2754 1655 3334
2884 2 2 2 1 2201 1068 3136
2885 2 2 2 1 244 245 3705
2886 2 2 2 1 2105 1195 3916
2887 2 2 2 1 1359 3554 5114
2888 2 2 2 1 2075 801 4687
2889 2 2 2 1 814 3211 4854
2890 2 2 2 1 909 2632 2974
2891 2 2 2 1 2361 2742 4987
2892 2 2 2 1 3766 793 5073
2893 2 2 2 1 2768 1440 3501
2894 2 2 2 1 3013 1435 4903
2895 2 2 2 1 1412 2167 4918
2896 2 2 2 1 2511 1192 5343
2897 2 2 2 1 2118 701 2982
2898 2 2 2 1 575 3475 4731
2899 2 2 2 1 2641 1249 3205
2900 2 2 2 1 407 2748 3081
2901 2 2 2 1 2117 980 5014
2902 2 2 2 1 2632 1198 2974
2903 2 2 2 1 366 2010 3560
2904 2 2 2 1 5031 1880 5348
2905 2 2 2 1 309 308 3482
2906 2 2 2 1 1945 2116 5003
2907 2 2 2 1 2748 1280 3081
2908 2 2 2 1 3332 2076 4769
2909 2 2 2 1 3362 1868 4825
2910 2 2 2 1 2520 446 3843
2911 2 2 2 1 2248 811 5781
2912 2 2 2 1 602 2499 3399
2913 2 2 2 1 542 2518 3286
2914 2 2 2 1 2270 865 5873
2915 2 2 2 1 2853 949 3789
2916 2 2 2 1 477 2092 4786
2917 2 2 2 1 2464 1040 3291
2918 2 2 2 1 2704 1346 3114
2919 2 2 2 1 2036 808 4367
2920 2 2 2 1 2666 1115 2886
2921 2 2 2 1 1908 2270 5873
2922 2 2 2 1 1091 2009 4176
2923 2 2 2 1 2835 772 3238
2924 2 2 2 1 1470 3431 4891
2925 2 2 2 1 879 2015 3481
2926 2 2 2 1 2015 504 3636
2927 2 2 2 1 2104 1321 3029
2928 2 2 2 1 268 2101 3765
2929 2 2 2 1 340 2030 3348
2930 2 2 2 1 1802 2156 5288
2931 2 2 2 1 2027 1009 3361
2932 2 2 2 1 4227 2082 5182
2933 2 2 2 1 1392 3127 4434
2934 2 2 2 1 2471 2194 5307
2935 2 2 2 1 1469 4227 5182
2936 2 2 2 1 587 2497 3326
2937 2 2 2 1 580 2642 4471
2938 2 2 2 1 2955 410 4446
2939 2 2 2 1 2842 327 4629
2940 2 2 2 1 2328 2169 4401
2941 2 2 2 1 2497 1251 3326
2942 2 2 2 1 3907 2621 4036
2943 2 2 2 1 2447 737 4117
2944 2 2 2 1 1632 2447 4117
2945 2 2 2 1 2300 1345 4601
2946 2 2 2 1 2180 4783 5741
2947 2 2 2 1 3232 1210 3343
2948 2 2 2 1 523 2643 3634
2949 2 2 2 1 3211 2047 4854
2950 2 2 2 1 684 2241 5628
2951 2 2 2 1 511 2070 3930
2952 2 2 2 1 2241 1808 5628
2953 2 2 2 1 2962 1037 3971
2954 2 2 2 1 696 3492 5071
2955 2 2 2 1 1626 4278 4506
2956 2 2 2 1 1215 2019 4127
2957 2 2 2 1 311 2094 4206
2958 2 2 2 1 5535 1941 5827
2959 2 2 2 1 2572 374 2732
2960 2 2 2 1 2344 500 5172
2961 2 2 2 1 3732 1931 4642
2962 2 2 2 1 372 2519 3141
2963 2 2 2 1 2519 1197 3141
2964 2 2 2 1 2621 1237 4036
2965 2 2 2 1 2570 490 3125
2966 2 2 2 1 2204 861 3566
2967 2 2 2 1 1240 2204 3566
2968 2 2 2 1 2114 543 4961
2969 2 2 2 1 2087 3433 5287
2970 2 2 2 1 1372 2442 5746
2971 2 2 2 1 2678 4023 4234
2972 2 2 2 1 2132 491 2968
2973 2 2 2 1 122 123 2622
2974 2 2 2 1 1163 2287 2761
2975 2 2 2 1 463 2369 3502
2976 2 2 2 1 2295 959 4001
2977 2 2 2 1 2020 468 4059
2978 2 2 2 1 2310 1003 3201
2979 2 2 2 1 549 2486 2917
2980 2 2 2 1 846 2102 3079
2981 2 2 2 1 1210 3232 4418
2982 2 2 2 1 349 2301 5642
2983 2 2 2 1 3251 1089 5172
2984 2 2 2 1 2153 3106 5656
2985 2 2 2 1 655 2274 5867
2986 2 2 2 1 3399 2499 5252
2987 2 2 2 1 3012 2150 4933
2988 2 2 2 1 2930 637 4223
2989 2 2 2 1 4097 1728 4210
2990 2 2 2 1 646 2395 3610
2991 2 2 2 1 1025 2431 2696
2992 2 2 2 1 1535 3144 3320
2993 2 2 2 1 2183 420 2880
2994 2 2 2 1 366 2549 3595
2995 2 2 2 1 2820 4723 5775
2996 2 2 2 1 3144 320 3320
2997 2 2 2 1 930 2593 2778
2998 2 2 2 1 3349 2418 4435
2999 2 2 2 1 4451 1372 5746
3000 2 2 2 1 1675 2399 4467
3001 2 2 2 1 2191 970 3496
3002 2 2 2 1 2760 1001 4576
3003 2 2 2 1 2431 374 2696
3004 2 2 2 1 846 2812 3406
3005 2 2 2 1 2111 1295 3042
3006 2 2 2 1 2416 1926 5036
3007 2 2 2 1 2269 2137 4428
3008 2 2 2 1 1146 2012 5072
3009 2 2 2 1 57 2686 2994
3010 2 2 2 1 2885 1327 5344
3011 2 2 2 1 2548 2035 4974
3012 2 2 2 1 699 2302 5155
3013 2 2 2 1 2037 788 4319
3014 2 2 2 1 2065 3220 4415
3015 2 2 2 1 2302 1704 5155
3016 2 2 2 1 2250 979 5338
3017 2 2 2 1 839 2269 4211
3018 2 2 2 1 2269 1397 4211
3019 2 2 2 1 2543 824 3788
3020 2 2 2 1 1890 2977 3949
3021 2 2 2 1 3951 2760 4576
3022 2 2 2 1 2100 360 3122
3023 2 2 2 1 2209 487 2867
3024 2 2 2 1 377 2697 3714
3025 2 2 2 1 1580 2543 3788
3026 2 2 2 1 2073 2938 5314
3027 2 2 2 1 1836 2637 5396
3028 2 2 2 1 4167 1621 4433
3029 2 2 2 1 966 2241 3652
3030 2 2 2 1 2891 489 4653
3031 2 2 2 1 1533 2157 3518
3032 2 2 2 1 1173 2197 5423
3033 2 2 2 1 541 2139 3814
3034 2 2 2 1 2656 1224 3301
3035 2 2 2 1 2791 847 5716
3036 2 2 2 1 724 2041 5703
3037 2 2 2 1 2916 653 4390
3038 2 2 2 1 1227 2047 4441
3039 2 2 2 1 2018 496 3869
3040 2 2 2 1 2042 3616 5085
3041 2 2 2 1 934 2098 4754
3042 2 2 2 1 4 205 3803
3043 2 2 2 1 204 4 3803
3044 2 2 2 1 1270 2872 2913
3045 2 2 2 1 2013 403 4782
3046 2 2 2 1 1181 3561 4081
3047 2 2 2 1 2179 572 3093
3048 2 2 2 1 1954 4387 4779
3049 2 2 2 1 3056 830 5046
3050 2 2 2 1 2872 1137 2913
3051 2 2 2 1 2096 562 3153
3052 2 2 2 1 1039 2179 3093
3053 2 2 2 1 3443 1862 5605
3054 2 2 2 1 905 2367 2731
3055 2 2 2 1 1114 2018 3869
3056 2 2 2 1 1172 3123 3623
3057 2 2 2 1 796 4387 5448
3058 2 2 2 1 1073 2025 3541
3059 2 2 2 1 2188 443 4507
3060 2 2 2 1 2025 698 3541
3061 2 2 2 1 2050 1232 3532
3062 2 2 2 1 2111 386 3558
3063 2 2 2 1 3697 1829 5342
3064 2 2 2 1 4705 633 5133
3065 2 2 2 1 1767 3256 3986
3066 2 2 2 1 496 2018 4368
3067 2 2 2 1 2594 560 3355
3068 2 2 2 1 2296 1405 4430
3069 2 2 2 1 2540 1678 5378
3070 2 2 2 1 883 2444 4000
3071 2 2 2 1 1457 2875 4317
3072 2 2 2 1 4030 1741 4425
3073 2 2 2 1 2444 1410 4000
3074 2 2 2 1 1131 2111 3558
3075 2 2 2 1 78 3721 3731
3076 2 2 2 1 1135 3159 3832
3077 2 2 2 1 3449 1853 4644
3078 2 2 2 1 2034 1018 5116
3079 2 2 2 1 1642 2329 5119
3080 2 2 2 1 1220 4500 4725
3081 2 2 2 1 3866 680 4283
3082 2 2 2 1 2133 554 3014
3083 2 2 2 1 2120 1012 3067
3084 2 2 2 1 543 3908 4988
3085 2 2 2 1 164 3091 3379
3086 2 2 2 1 1664 3525 4369
3087 2 2 2 1 2338 1969 3946
3088 2 2 2 1 1845 4392 5388
3089 2 2 2 1 2171 1211 5152
3090 2 2 2 1 1148 2196 5383
3091 2 2 2 1 51 2766 4066
3092 2 2 2 1 1329 2236 4002
3093 2 2 2 1 604 2530 4053
3094 2 2 2 1 1153 2162 3545
3095 2 2 2 1 3304 633 4705
3096 2 2 2 1 1567 3767 4900
3097 2 2 2 1 5119 2329 5481
3098 2 2 2 1 911 2055 4882
3099 2 2 2 1 1012 2120 3115
3100 2 2 2 1 490 2634 3125
3101 2 2 2 1 2162 880 3545
3102 2 2 2 1 2887 1059 3795
3103 2 2 2 1 2361 963 2742
3104 2 2 2 1 2706 1826 3942
3105 2 2 2 1 2659 706 2805
3106 2 2 2 1 2030 1121 3586
3107 2 2 2 1 2027 1110 3582
3108 2 2 2 1 608 4207 4657
3109 2 2 2 1 1213 2668 4301
3110 2 2 2 1 1682 3231 4121
3111 2 2 2 1 951 2292 3606
3112 2 2 2 1 903 2254 3387
3113 2 2 2 1 2616 1147 2866
3114 2 2 2 1 924 2616 2866
3115 2 2 2 1 1596 2386 5285
3116 2 2 2 1 1062 2131 3268
3117 2 2 2 1 2127 1024 5002
3118 2 2 2 1 2341 319 3951
3119 2 2 2 1 2729 516 4477
3120 2 2 2 1 2124 200 3073
3121 2 2 2 1 2089 907 3216
3122 2 2 2 1 2678 906 4023
3123 2 2 2 1 2070 511 3299
3124 2 2 2 1 1122 2228 4861
3125 2 2 2 1 985 2247 2842
3126 2 2 2 1 1342 2341 3951
3127 2 2 2 1 2301 1529 5131
3128 2 2 2 1 690 2284 3341
3129 2 2 2 1 816 2185 5091
3130 2 2 2 1 2284 1158 3341
3131 2 2 2 1 5338 979 5425
3132 2 2 2 1 2365 1666 5018
3133 2 2 2 1 2040 754 4674
3134 2 2 2 1 788 2037 3511
3135 2 2 2 1 1565 4479 5223
3136 2 2 2 1 2326 376 3335
3137 2 2 2 1 1871 2709 4187
3138 2 2 2 1 1290 2441 4161
3139 2 2 2 1 2074 425 3372
3140 2 2 2 1 3517 1858 4559
3141 2 2 2 1 2938 1000 5314
3142 2 2 2 1 2645 3534 5534
3143 2 2 2 1 2463 925 2677
3144 2 2 2 1 199 2124 3646
3145 2 2 2 1 2262 3456 5729
3146 2 2 2 1 989 2185 3150
3147 2 2 2 1 2028 955 3872
3148 2 2 2 1 2908 783 5286
3149 2 2 2 1 979 2250 2839
3150 2 2 2 1 1857 5467 5822
3151 2 2 2 1 2120 662 3115
3152 2 2 2 1 2059 750 4382
3153 2 2 2 1 1243 3839 4629
3154 2 2 2 1 1378 2065 4415
3155 2 2 2 1 2119 905 3116
3156 2 2 2 1 2024 846 3786
3157 2 2 2 1 1348 2408 4627
3158 2 2 2 1 1052 2081 5227
3159 2 2 2 1 3180 2564 4694
3160 2 2 2 1 1517 2873 3928
3161 2 2 2 1 2148 861 5111
3162 2 2 2 1 3469 594 5551
3163 2 2 2 1 1247 3674 4788
3164 2 2 2 1 2846 1369 3269
3165 2 2 2 1 184 185 4164
3166 2 2 2 1 2601 1741 4030
3167 2 2 2 1 2755 953 2965
3168 2 2 2 1 3360 1803 5170
3169 2 2 2 1 2028 943 3980
3170 2 2 2 1 1908 3831 5273
3171 2 2 2 1 1045 2846 3269
3172 2 2 2 1 3619 1565 5223
3173 2 2 2 1 2788 1476 3643
3174 2 2 2 1 3839 2016 4629
3175 2 2 2 1 1616 2374 5033
3176 2 2 2 1 2628 994 5738
3177 2 2 2 1 682 2788 3643
3178 2 2 2 1 1170 3146 3888
3179 2 2 2 1 2979 1674 3880
3180 2 2 2 1 1725 3485 4043
3181 2 2 2 1 874 2881 3616
3182 2 2 2 1 515 2057 4839
3183 2 2 2 1 2858 1247 4788
3184 2 2 2 1 1098 3329 3452
3185 2 2 2 1 2067 4979 5074
3186 2 2 2 1 1268 2587 3319
3187 2 2 2 1 814 2177 3211
3188 2 2 2 1 2362 1639 2829
3189 2 2 2 1 1220 2576 3259
3190 2 2 2 1 2587 569 3319
3191 2 2 2 1 1884 3621 4985
3192 2 2 2 1 988 2362 2829
3193 2 2 2 1 780 2132 4651
3194 2 2 2 1 2132 1417 4651
3195 2 2 2 1 2334 974 4814
3196 2 2 2 1 2918 1071 2954
3197 2 2 2 1 1736 2916 4390
3198 2 2 2 1 2446 527 3525
3199 2 2 2 1 2369 932 3502
3200 2 2 2 1 984 2264 3088
3201 2 2 2 1 83 2040 3593
3202 2 2 2 1 2747 622 3702
3203 2 2 2 1 3192 1085 5874
3204 2 2 2 1 247 248 2690
3205 2 2 2 1 2245 924 2866
3206 2 2 2 1 3256 1011 3986
3207 2 2 2 1 4586 1961 4596
3208 2 2 2 1 2767 5208 5771
3209 2 2 2 1 1323 2130 4398
3210 2 2 2 1 1417 2686 4040
3211 2 2 2 1 394 2687 3444
3212 2 2 2 1 3126 1333 4385
3213 2 2 2 1 1527 2333 4741
3214 2 2 2 1 3282 378 3392
3215 2 2 2 1 1735 4518 5480
3216 2 2 2 1 315 2822 4959
3217 2 2 2 1 630 4008 4730
3218 2 2 2 1 4378 157 4438
3219 2 2 2 1 128 2352 5021
3220 2 2 2 1 2687 1347 3444
3221 2 2 2 1 2247 985 5237
3222 2 2 2 1 821 2208 2935
3223 2 2 2 1 2236 1329 4538
3224 2 2 2 1 526 2127 5002
3225 2 2 2 1 1561 2605 4248
3226 2 2 2 1 2039 146 5090
3227 2 2 2 1 3681 1942 3781
3228 2 2 2 1 2350 1355 4218
3229 2 2 2 1 2847 3609 5103
3230 2 2 2 1 2671 897 4414
3231 2 2 2 1 1198 3681 3781
3232 2 2 2 1 1308 3135 4147
3233 2 2 2 1 772 2104 5369
3234 2 2 2 1 2150 830 3815
3235 2 2 2 1 275 274 3667
3236 2 2 2 1 996 2435 2964
3237 2 2 2 1 4145 1996 5693
3238 2 2 2 1 756 2067 3440
3239 2 2 2 1 347 2428 3339
3240 2 2 2 1 264 2877 3064
3241 2 2 2 1 41 2374 3035
3242 2 2 2 1 1387 2268 3252
3243 2 2 2 1 2444 883 4638
3244 2 2 2 1 2047 1227 4144
3245 2 2 2 1 423 2871 4302
3246 2 2 2 1 1203 2150 3815
3247 2 2 2 1 994 3019 5738
3248 2 2 2 1 578 3138 4951
3249 2 2 2 1 2852 1790 3688
3250 2 2 2 1 2853 3789 5756
3251 2 2 2 1 2122 369 3152
3252 2 2 2 1 2120 1014 4205
3253 2 2 2 1 1195 2105 3549
3254 2 2 2 1 551 2825 3980
3255 2 2 2 1 528 3359 4228
3256 2 2 2 1 3865 3124 5269
3257 2 2 2 1 2339 1757 4342
3258 2 2 2 1 2199 1948 3579
3259 2 2 2 1 2485 1001 2953
3260 2 2 2 1 1005 2740 4378
3261 2 2 2 1 2729 4477 5097
3262 2 2 2 1 991 2374 3090
3263 2 2 2 1 1710 2176 5587
3264 2 2 2 1 2032 5123 5218
3265 2 2 2 1 2724 1320 3382
3266 2 2 2 1 2649 976 2967
3267 2 2 2 1 320 2550 2970
3268 2 2 2 1 3889 2475 5110
3269 2 2 2 1 3207 1337 4349
3270 2 2 2 1 2195 1104 4365
3271 2 2 2 1 1758 3708 5063
3272 2 2 2 1 2550 1150 2970
3273 2 2 2 1 883 2175 3006
3274 2 2 2 1 2440 1525 2922
3275 2 2 2 1 1232 2050 4166
3276 2 2 2 1 2378 991 3090
3277 2 2 2 1 3680 3087 5308
3278 2 2 2 1 1994 2652 4716
3279 2 2 2 1 370 4174 4411
3280 2 2 2 1 2105 150 3549
3281 2 2 2 1 2591 999 3306
3282 2 2 2 1 1283 3087 3680
3283 2 2 2 1 2836 4112 5177
3284 2 2 2 1 174 3530 4018
3285 2 2 2 1 3977 2219 5762
3286 2 2 2 1 613 3045 4068
3287 2 2 2 1 495 3872 5162
3288 2 2 2 1 4401 2169 5233
3289 2 2 2 1 774 2163 3226
3290 2 2 2 1 64 2476 2926
3291 2 2 2 1 3045 1760 4068
3292 2 2 2 1 2303 972 3913
3293 2 2 2 1 4767 1755 5529
3294 2 2 2 1 2836 536 4112
3295 2 2 2 1 763 2170 4677
3296 2 2 2 1 1136 2192 3725
3297 2 2 2 1 2922 1525 3935
3298 2 2 2 1 440 3711 3915
3299 2 2 2 1 1892 3407 4184
3300 2 2 2 1 1201 2045 4051
3301 2 2 2 1 1892 4036 4799
3302 2 2 2 1 1731 2648 3920
3303 2 2 2 1 1600 3310 3574
3304 2 2 2 1 119 2266 5764
3305 2 2 2 1 2079 971 3363
3306 2 2 2 1 1614 4401 5233
3307 2 2 2 1 2785 1013 4477
3308 2 2 2 1 2923 2151 5620
3309 2 2 2 1 110 111 2790
3310 2 2 2 1 2058 506 3617
3311 2 2 2 1 993 2179 3010
3312 2 2 2 1 2170 1453 4677
3313 2 2 2 1 1808 2241 5616
3314 2 2 2 1 1344 3336 3367
3315 2 2 2 1 2799 1437 3537
3316 2 2 2 1 2899 1296 3000
3317 2 2 2 1 623 2799 3537
3318 2 2 2 1 203 204 4474
3319 2 2 2 1 1032 2899 3000
3320 2 2 2 1 2245 530 5009
3321 2 2 2 1 1210 2713 3343
3322 2 2 2 1 980 2157 3239
3323 2 2 2 1 2058 1074 3794
3324 2 2 2 1 2520 3843 5519
3325 2 2 2 1 1595 2245 5009
3326 2 2 2 1 2044 362 3719
3327 2 2 2 1 1638 3759 5264
3328 2 2 2 1 2041 417 3957
3329 2 2 2 1 736 3839 5563
3330 2 2 2 1 839 2301 3074
3331 2 2 2 1 2585 1007 3206
3332 2 2 2 1 2376 1696 5321
3333 2 2 2 1 2802 556 3854
3334 2 2 2 1 2385 983 5312
3335 2 2 2 1 3252 1776 4244
3336 2 2 2 1 74 75 2669
3337 2 2 2 1 2605 653 4248
3338 2 2 2 1 51 52 2766
3339 2 2 2 1 259 2045 5542
3340 2 2 2 1 3981 1610 5165
3341 2 2 2 1 1551 2161 3061
3342 2 2 2 1 796 2048 5458
3343 2 2 2 1 1059 3031 3795
3344 2 2 2 1 2757 1307 3375
3345 2 2 2 1 2310 1692 5196
3346 2 2 2 1 4566 938 5077
3347 2 2 2 1 2160 3016 5037
3348 2 2 2 1 1393 2543 3279
3349 2 2 2 1 2073 518 4393
3350 2 2 2 1 997 2612 3714
3351 2 2 2 1 1804 3780 5345
3352 2 2 2 1 1003 2310 5196
3353 2 2 2 1 2989 2513 4472
3354 2 2 2 1 2069 453 3507
3355 2 2 2 1 2045 259 3835
3356 2 2 2 1 2185 816 3733
3357 2 2 2 1 1304 2267 2875
3358 2 2 2 1 2503 997 2697
3359 2 2 2 1 122 2622 5075
3360 2 2 2 1 2646 913 3507
3361 2 2 2 1 1379 2469 3903
3362 2 2 2 1 2469 472 3903
3363 2 2 2 1 1384 3579 5048
3364 2 2 2 1 2630 1960 4237
3365 2 2 2 1 559 2839 3000
3366 2 2 2 1 415 2427 2918
3367 2 2 2 1 2287 541 4268
3368 2 2 2 1 2049 876 3759
3369 2 2 2 1 1003 2123 3201
3370 2 2 2 1 2081 474 3417
3371 2 2 2 1 1553 2383 5291
3372 2 2 2 1 2065 1157 5533
3373 2 2 2 1 3238 772 5369
3374 2 2 2 1 1074 2058 3617
3375 2 2 2 1 4174 2109 5450
3376 2 2 2 1 2160 530 5130
3377 2 2 2 1 4200 506 5770
3378 2 2 2 1 3154 2312 4611
3379 2 2 2 1 2055 911 3706
3380 2 2 2 1 2433 1006 4706
3381 2 2 2 1 2427 1071 2918
3382 2 2 2 1 2153 1267 3106
3383 2 2 2 1 2689 1516 3223
3384 2 2 2 1 519 2187 4696
3385 2 2 2 1 4750 1822 4945
3386 2 2 2 1 2907 586 4568
3387 2 2 2 1 1556 3282 3392
3388 2 2 2 1 422 2759 3580
3389 2 2 2 1 1257 3458 4886
3390 2 2 2 1 4815 3181 5596
3391 2 2 2 1 377 3714 4666
3392 2 2 2 1 1184 2159 3734
3393 2 2 2 1 3766 1998 5527
3394 2 2 2 1 2159 339 3734
3395 2 2 2 1 2759 1409 3580
3396 2 2 2 1 3182 1421 3842
3397 2 2 2 1 1784 2756 5607
3398 2 2 2 1 3104 1102 3866
3399 2 2 2 1 3579 1948 5048
3400 2 2 2 1 865 3595 3928
3401 2 2 2 1 847 2791 4534
3402 2 2 2 1 374 2431 2765
3403 2 2 2 1 4754 323 5554
3404 2 2 2 1 636 2746 3695
3405 2 2 2 1 1010 2707 4141
3406 2 2 2 1 815 2687 5566
3407 2 2 2 1 2242 775 4800
3408 2 2 2 1 580 2403 3232
3409 2 2 2 1 2108 1168 3286
3410 2 2 2 1 323 2098 4552
3411 2 2 2 1 2907 4568 4897
3412 2 2 2 1 2078 903 3475
3413 2 2 2 1 3649 1985 5624
3414 2 2 2 1 816 2077 4921
3415 2 2 2 1 2452 1154 2765
3416 2 2 2 1 1115 2365 3588
3417 2 2 2 1 3407 1260 4184
3418 2 2 2 1 2921 1027 5629
3419 2 2 2 1 1981 4378 4438
3420 2 2 2 1 1842 3101 4972
3421 2 2 2 1 2970 1430 3320
3422 2 2 2 1 3076 1938 5861
3423 2 2 2 1 1092 2298 5514
3424 2 2 2 1 3104 3866 4765
3425 2 2 2 1 368 2061 5447
3426 2 2 2 1 2357 1355 2898
3427 2 2 2 1 2476 65 3809
3428 2 2 2 1 2197 3470 5793
3429 2 2 2 1 748 2054 3827
3430 2 2 2 1 2979 3880 4826
3431 2 2 2 1 4506 747 5617
3432 2 2 2 1 2186 2447 5138
3433 2 2 2 1 320 2970 3320
3434 2 2 2 1 2061 762 4139
3435 2 2 2 1 932 2923 5620
3436 2 2 2 1 2093 822 3415
3437 2 2 2 1 3492 1070 3999
3438 2 2 2 1 1416 2684 3102
3439 2 2 2 1 506 2058 3747
3440 2 2 2 1 3220 2065 5533
3441 2 2 2 1 726 2423 2786
3442 2 2 2 1 3306 999 5300
3443 2 2 2 1 166 167 3657
3444 2 2 2 1 3855 2430 5456
3445 2 2 2 1 59 2143 4040
3446 2 2 2 1 2272 1810 5716
3447 2 2 2 1 2654 1273 2681
3448 2 2 2 1 2568 990 4841
3449 2 2 2 1 847 2272 5716
3450 2 2 2 1 2161 1551 5095
3451 2 2 2 1 4669 2796 4880
3452 2 2 2 1 1831 2187 5266
3453 2 2 2 1 728 2058 3794
3454 2 2 2 1 3282 950 4657
3455 2 2 2 1 582 3124 3865
3456 2 2 2 1 3237 1166 3382
3457 2 2 2 1 2057 740 3722
3458 2 2 2 1 1807 2820 5775
3459 2 2 2 1 1382 2386 3598
3460 2 2 2 1 514 2582 3554
3461 2 2 2 1 3285 1190 4210
3462 2 2 2 1 2246 867 2939
3463 2 2 2 1 2556 3716 5451
3464 2 2 2 1 2389 571 3168
3465 2 2 2 1 1493 2574 4299
3466 2 2 2 1 2705 954 3060
3467 2 2 2 1 172 2166 3573
3468 2 2 2 1 1128 2389 3168
3469 2 2 2 1 2538 1491 4224
3470 2 2 2 1 2495 347 3339
3471 2 2 2 1 3358 2005 5102
3472 2 2 2 1 2191 1611 5245
3473 2 2 2 1 2062 1282 5645
3474 2 2 2 1 430 2402 3829
3475 2 2 2 1 2093 2772 4091
3476 2 2 2 1 2965 1605 3066
3477 2 2 2 1 970 2191 5245
3478 2 2 2 1 602 2701 5148
3479 2 2 2 1 564 2311 3148
3480 2 2 2 1 3344 714 5641
3481 2 2 2 1 2763 1148 3048
3482 2 2 2 1 3232 1718 4418
3483 2 2 2 1 1457 2972 4084
3484 2 2 2 1 1268 3319 3816
3485 2 2 2 1 469 2965 3066
3486 2 2 2 1 1151 2209 4348
3487 2 2 2 1 3760 462 5220
3488 2 2 2 1 2259 605 3318
3489 2 2 2 1 523 2103 4565
3490 2 2 2 1 1566 4927 5491
3491 2 2 2 1 1433 2118 4494
3492 2 2 2 1 2911 1595 3668
3493 2 2 2 1 3884 969 4744
3494 2 2 2 1 3093 1377 3659
3495 2 2 2 1 3452 3329 5554
3496 2 2 2 1 2177 814 4048
3497 2 2 2 1 2796 1515 4880
3498 2 2 2 1 3015 9 4245
3499 2 2 2 1 860 2406 5126
3500 2 2 2 1 2461 1443 4801
3501 2 2 2 1 2102 846 3406
3502 2 2 2 1 76 77 2504
3503 2 2 2 1 1087 2305 4825
3504 2 2 2 1 1017 2485 3865
3505 2 2 2 1 1280 2809 3316
3506 2 2 2 1 1066 5173 5503
3507 2 2 2 1 842 4574 4960
3508 2 2 2 1 1799 3089 4157
3509 2 2 2 1 2101 1169 3447
3510 2 2 2 1 206 207 3852
3511 2 2 2 1 4652 1174 5197
3512 2 2 2 1 3089 718 4157
3513 2 2 2 1 1453 2297 4683
3514 2 2 2 1 453 2069 4340
3515 2 2 2 1 1490 3180 3704
3516 2 2 2 1 3660 600 5426
3517 2 2 2 1 2363 1110 5367
3518 2 2 2 1 610 2214 4658
3519 2 2 2 1 932 2261 2923
3520 2 2 2 1 4624 2662 4997
3521 2 2 2 1 1395 3906 4693
3522 2 2 2 1 1198 2620 2974
3523 2 2 2 1 3921 1260 4003
3524 2 2 2 1 2214 1455 4658
3525 2 2 2 1 2129 1011 3256
3526 2 2 2 1 1761 2363 5367
3527 2 2 2 1 2758 413 3053
3528 2 2 2 1 2391 812 4323
3529 2 2 2 1 5079 2712 5278
3530 2 2 2 1 768 3061 4741
3531 2 2 2 1 912 4181 5587
3532 2 2 2 1 2330 1328 2871
3533 2 2 2 1 2011 3484 5063
3534 2 2 2 1 1690 2271 5308
3535 2 2 2 1 2271 449 5308
3536 2 2 2 1 1109 3084 3429
3537 2 2 2 1 2453 386 3042
3538 2 2 2 1 448 3250 5594
3539 2 2 2 1 2483 1051 2958
3540 2 2 2 1 2684 1416 3711
3541 2 2 2 1 3310 396 3574
3542 2 2 2 1 2316 1000 5289
3543 2 2 2 1 944 2684 3711
3544 2 2 2 1 1320 2724 3631
3545 2 2 2 1 2172 1069 3909
3546 2 2 2 1 721 3252 4244
3547 2 2 2 1 2465 533 4929
3548 2 2 2 1 1688 2465 4929
3549 2 2 2 1 2803 665 4011
3550 2 2 2 1 2750 1569 4017
3551 2 2 2 1 546 2750 4017
3552 2 2 2 1 2299 1522 5020
3553 2 2 2 1 2364 178 2883
3554 2 2 2 1 3658 754 4041
3555 2 2 2 1 795 2168 3664
3556 2 2 2 1 360 2100 4618
3557 2 2 2 1 3315 1626 3471
3558 2 2 2 1 516 2260 3859
3559 2 2 2 1 764 3003 3240
3560 2 2 2 1 2099 3158 4898
3561 2 2 2 1 3158 927 4898
3562 2 2 2 1 1100 2357 2898
3563 2 2 2 1 2323 518 5314
3564 2 2 2 1 1206 3315 3471
3565 2 2 2 1 915 2387 2837
3566 2 2 2 1 2276 494 5788
3567 2 2 2 1 3003 1404 3240
3568 2 2 2 1 473 2436 4346
3569 2 2 2 1 491 2132 3268
3570 2 2 2 1 5154 1941 5535
3571 2 2 2 1 56 57 2994
3572 2 2 2 1 1044 2160 5037
3573 2 2 2 1 1968 3658 4041
3574 2 2 2 1 2481 875 2771
3575 2 2 2 1 416 2577 4093
3576 2 2 2 1 2155 331 4628
3577 2 2 2 1 2265 359 3718
3578 2 2 2 1 3288 2545 4508
3579 2 2 2 1 1160 2075 4687
3580 2 2 2 1 3083 1066 5503
3581 2 2 2 1 890 2072 3848
3582 2 2 2 1 2232 898 5459
3583 2 2 2 1 339 2159 3503
3584 2 2 2 1 2163 357 5679
3585 2 2 2 1 1426 3292 4126
3586 2 2 2 1 1436 2391 4323
3587 2 2 2 1 2094 1217 4206
3588 2 2 2 1 2228 1122 5424
3589 2 2 2 1 2162 481 5774
3590 2 2 2 1 1825 2538 4224
3591 2 2 2 1 1275 2377 4138
3592 2 2 2 1 3735 1213 4301
3593 2 2 2 1 1766 2557 4461
3594 2 2 2 1 885 3163 4054
3595 2 2 2 1 2374 1616 3090
3596 2 2 2 1 3163 1778 4054
3597 2 2 2 1 2641 3205 5116
3598 2 2 2 1 2500 988 4548
3599 2 2 2 1 800 2308 4796
3600 2 2 2 1 2540 625 5128
3601 2 2 2 1 5142 1160 5546
3602 2 2 2 1 3084 1492 3429
3603 2 2 2 1 2713 1210 2954
3604 2 2 2 1 1781 5203 5212
3605 2 2 2 1 2132 2968 4758
3606 2 2 2 1 969 2856 4744
3607 2 2 2 1 1121 2149 3586
3608 2 2 2 1 3550 1756 5595
3609 2 2 2 1 3872 2091 5162
3610 2 2 2 1 2149 618 3586
3611 2 2 2 1 863 2131 3311
3612 2 2 2 1 2185 431 3150
3613 2 2 2 1 2315 329 5806
3614 2 2 2 1 1846 2315 5806
3615 2 2 2 1 1023 2572 2732
3616 2 2 2 1 2215 1020 4803
3617 2 2 2 1 3143 469 5649
3618 2 2 2 1 2354 285 3526
3619 2 2 2 1 354 2466 3799
3620 2 2 2 1 944 2275 3368
3621 2 2 2 1 1023 2732 4953
3622 2 2 2 1 3485 742 4043
3623 2 2 2 1 2131 863 4783
3624 2 2 2 1 1191 3415 5247
3625 2 2 2 1 2662 1947 4454
3626 2 2 2 1 2344 962 2900
3627 2 2 2 1 2418 318 2838
3628 2 2 2 1 2081 1052 4389
3629 2 2 2 1 2891 1010 4141
3630 2 2 2 1 370 2093 5024
3631 2 2 2 1 983 3629 4715
3632 2 2 2 1 478 3362 4825
3633 2 2 2 1 474 2081 3820
3634 2 2 2 1 1199 2354 3526
3635 2 2 2 1 1143 2694 3555
3636 2 2 2 1 82 3593 3683
3637 2 2 2 1 473 4346 5674
3638 2 2 2 1 4432 602 5148
3639 2 2 2 1 1200 2534 4647
3640 2 2 2 1 2455 262 4916
3641 2 2 2 1 907 2375 5026
3642 2 2 2 1 626 2097 3647
3643 2 2 2 1 1865 3400 5236
3644 2 2 2 1 2807 1230 2811
3645 2 2 2 1 3877 1431 5619
3646 2 2 2 1 1331 2342 4511
3647 2 2 2 1 858 3346 5363
3648 2 2 2 1 2859 1989 3629
3649 2 2 2 1 2488 399 3567
3650 2 2 2 1 3483 675 4693
3651 2 2 2 1 1003 2807 2811
3652 2 2 2 1 2328 1573 3123
3653 2 2 2 1 2616 412 2901
3654 2 2 2 1 3061 1915 4741
3655 2 2 2 1 589 2134 4793
3656 2 2 2 1 2083 813 3874
3657 2 2 2 1 1693 3022 4251
3658 2 2 2 1 1629 3071 3778
3659 2 2 2 1 2767 941 5208
3660 2 2 2 1 1147 2616 2901
3661 2 2 2 1 2775 1273 3311
3662 2 2 2 1 2822 1817 4959
3663 2 2 2 1 2134 800 4796
3664 2 2 2 1 1026 2364 2883
3665 2 2 2 1 947 2654 2681
3666 2 2 2 1 2085 1182 4341
3667 2 2 2 1 2260 792 5322
3668 2 2 2 1 3071 1208 3778
3669 2 2 2 1 195 2251 4336
3670 2 2 2 1 978 2092 4155
3671 2 2 2 1 1022 2247 3328
3672 2 2 2 1 2084 4136 4250
3673 2 2 2 1 70 71 3155
3674 2 2 2 1 2896 769 4762
3675 2 2 2 1 4136 507 4250
3676 2 2 2 1 4434 2444 4638
3677 2 2 2 1 2133 3014 5439
3678 2 2 2 1 1136 2794 3099
3679 2 2 2 1 182 2189 3182
3680 2 2 2 1 844 2290 2977
3681 2 2 2 1 2722 913 4822
3682 2 2 2 1 2689 363 5856
3683 2 2 2 1 1126 2920 4585
3684 2 2 2 1 959 2295 5747
3685 2 2 2 1 604 4053 4620
3686 2 2 2 1 880 2162 4998
3687 2 2 2 1 1043 2222 5725
3688 2 2 2 1 2588 1698 4634
3689 2 2 2 1 562 2096 3729
3690 2 2 2 1 1096 2714 2795
3691 2 2 2 1 2212 813 3603
3692 2 2 2 1 822 2093 4123
3693 2 2 2 1 2714 1129 2795
3694 2 2 2 1 945 2103 4387
3695 2 2 2 1 3472 1918 4370
3696 2 2 2 1 1644 3577 3943
3697 2 2 2 1 1438 2601 4030
3698 2 2 2 1 1475 2407 2949
3699 2 2 2 1 2316 471 2951
3700 2 2 2 1 2177 992 3211
3701 2 2 2 1 2789 1965 5789
3702 2 2 2 1 2414 950 2861
3703 2 2 2 1 119 120 4265
3704 2 2 2 1 1295 2111 5027
3705 2 2 2 1 2093 1200 4123
3706 2 2 2 1 462 2712 5079
3707 2 2 2 1 627 2195 3334
3708 2 2 2 1 1843 2562 4116
3709 2 2 2 1 2107 1091 4176
3710 2 2 2 1 2864 1366 3856
3711 2 2 2 1 1930 3004 4901
3712 2 2 2 1 425 2283 5870
3713 2 2 2 1 2229 3563 4798
3714 2 2 2 1 3274 4989 5366
3715 2 2 2 1 43 2494 5033
3716 2 2 2 1 5153 2689 5856
3717 2 2 2 1 2141 1063 5058
3718 2 2 2 1 964 2268 3012
3719 2 2 2 1 3231 670 4121
3720 2 2 2 1 1525 2440 4749
3721 2 2 2 1 3133 1554 4456
3722 2 2 2 1 1902 2248 5499
3723 2 2 2 1 420 2183 3653
3724 2 2 2 1 1131 2128 3437
3725 2 2 2 1 2097 626 5462
3726 2 2 2 1 3356 1458 3763
3727 2 2 2 1 3053 413 4740
3728 2 2 2 1 3287 576 4033
3729 2 2 2 1 1006 2622 4706
3730 2 2 2 1 3578 1160 5142
3731 2 2 2 1 2193 1298 4273
3732 2 2 2 1 2273 693 5614
3733 2 2 2 1 2669 75 4914
3734 2 2 2 1 2339 509 5060
3735 2 2 2 1 2101 1262 3765
3736 2 2 2 1 2783 1179 2981
3737 2 2 2 1 3325 339 4784
3738 2 2 2 1 1906 3282 4657
3739 2 2 2 1 951 2708 3490
3740 2 2 2 1 2202 2312 5800
3741 2 2 2 1 2230 1103 3359
3742 2 2 2 1 2519 2841 4419
3743 2 2 2 1 561 2672 3572
3744 2 2 2 1 2193 3143 5649
3745 2 2 2 1 2283 425 3445
3746 2 2 2 1 3983 521 4328
3747 2 2 2 1 1422 2821 5320
3748 2 2 2 1 5320 2821 5574
3749 2 2 2 1 3470 436 5793
3750 2 2 2 1 528 2230 3359
3751 2 2 2 1 1078 3658 3995
3752 2 2 2 1 2212 1025 4328
3753 2 2 2 1 3658 1968 3995
3754 2 2 2 1 1169 2101 3785
3755 2 2 2 1 490 2182 5092
3756 2 2 2 1 3006 2175 5189
3757 2 2 2 1 1030 2993 2996
3758 2 2 2 1 2993 1302 2996
3759 2 2 2 1 1878 3645 5484
3760 2 2 2 1 1471 2682 4019
3761 2 2 2 1 1069 2172 5626
3762 2 2 2 1 1106 3274 5366
3763 2 2 2 1 4574 2056 4960
3764 2 2 2 1 1430 2285 3320
3765 2 2 2 1 569 2154 3319
3766 2 2 2 1 2281 1122 3011
3767 2 2 2 1 2185 989 5091
3768 2 2 2 1 716 3517 4559
3769 2 2 2 1 2528 609 2943
3770 2 2 2 1 2407 539 2949
3771 2 2 2 1 4583 2589 4607
3772 2 2 2 1 782 3955 5246
3773 2 2 2 1 2304 1018 5149
3774 2 2 2 1 2323 909 2974
3775 2 2 2 1 2889 990 4897
3776 2 2 2 1 610 3453 4072
3777 2 2 2 1 2520 1699 5830
3778 2 2 2 1 753 2094 4204
3779 2 2 2 1 1301 2294 4012
3780 2 2 2 1 2780 364 3137
3781 2 2 2 1 2183 1610 5714
3782 2 2 2 1 1256 2780 3137
3783 2 2 2 1 634 2164 3289
3784 2 2 2 1 3646 2124 4253
3785 2 2 2 1 2229 1534 5168
3786 2 2 2 1 4183 2051 4925
3787 2 2 2 1 439 2104 3758
3788 2 2 2 1 2294 556 4012
3789 2 2 2 1 2526 1415 3284
3790 2 2 2 1 2102 929 4200
3791 2 2 2 1 318 2578 2838
3792 2 2 2 1 716 2244 5452
3793 2 2 2 1 2368 3170 5046
3794 2 2 2 1 789 2253 4253
3795 2 2 2 1 5060 1015 5153
3796 2 2 2 1 2256 3388 5294
3797 2 2 2 1 1585 4344 4946
3798 2 2 2 1 3532 1232 5317
3799 2 2 2 1 785 2299 3004
3800 2 2 2 1 2916 1708 4248
3801 2 2 2 1 1159 2205 4992
3802 2 2 2 1 794 4583 4607
3803 2 2 2 1 1781 3310 5203
3804 2 2 2 1 1811 3516 4660
3805 2 2 2 1 2800 756 4956
3806 2 2 2 1 2123 1121 3531
3807 2 2 2 1 1448 3490 3496
3808 2 2 2 1 2871 1743 5365
3809 2 2 2 1 930 2239 5394
3810 2 2 2 1 2346 384 3948
3811 2 2 2 1 1651 4256 4636
3812 2 2 2 1 3313 508 4596
3813 2 2 2 1 2632 3166 5154
3814 2 2 2 1 331 2206 4628
3815 2 2 2 1 2157 1533 4869
3816 2 2 2 1 459 2779 5151
3817 2 2 2 1 2447 1396 4126
3818 2 2 2 1 3184 1126 4585
3819 2 2 2 1 410 3312 4446
3820 2 2 2 1 989 2410 3961
3821 2 2 2 1 3276 432 3716
3822 2 2 2 1 2412 250 4430
3823 2 2 2 1 609 2552 2943
3824 2 2 2 1 638 3222 3582
3825 2 2 2 1 4240 3204 5411
3826 2 2 2 1 2479 1540 2998
3827 2 2 2 1 1572 3841 4655
3828 2 2 2 1 601 2203 3217
3829 2 2 2 1 1684 3276 3716
3830 2 2 2 1 928 2431 4013
3831 2 2 2 1 2164 634 4984
3832 2 2 2 1 790 2482 4269
3833 2 2 2 1 2887 403 3432
3834 2 2 2 1 1491 2538 4332
3835 2 2 2 1 2258 2700 5068
3836 2 2 2 1 509 2375 5060
3837 2 2 2 1 2531 2652 4922
3838 2 2 2 1 2157 980 4895
3839 2 2 2 1 1672 3219 4472
3840 2 2 2 1 729 3001 3228
3841 2 2 2 1 1031 2289 3637
3842 2 2 2 1 103 104 2879
3843 2 2 2 1 3001 1380 3228
3844 2 2 2 1 3156 1395 4693
3845 2 2 2 1 2583 1294 4289
3846 2 2 2 1 4932 2968 5311
3847 2 2 2 1 1407 2118 4432
3848 2 2 2 1 737 2447 4126
3849 2 2 2 1 1356 2897 3251
3850 2 2 2 1 1460 2477 2844
3851 2 2 2 1 976 2649 3523
3852 2 2 2 1 3004 975 4901
3853 2 2 2 1 606 2922 3935
3854 2 2 2 1 2308 1514 4796
3855 2 2 2 1 2477 529 2844
3856 2 2 2 1 2253 1330 4241
3857 2 2 2 1 555 2253 4241
3858 2 2 2 1 3209 2086 4874
3859 2 2 2 1 2314 369 4443
3860 2 2 2 1 2574 579 4299
3861 2 2 2 1 2375 907 5069
3862 2 2 2 1 1629 3778 4355
3863 2 2 2 1 2722 1746 3236
3864 2 2 2 1 367 2211 4622
3865 2 2 2 1 1161 2388 3381
3866 2 2 2 1 2339 1598 5001
3867 2 2 2 1 4841 990 5652
3868 2 2 2 1 353 3209 4874
3869 2 2 2 1 747 3677 4639
3870 2 2 2 1 391 3472 4370
3871 2 2 2 1 2379 815 5536
3872 2 2 2 1 509 2339 5001
3873 2 2 2 1 520 2510 3229
3874 2 2 2 1 1400 4481 4542
3875 2 2 2 1 2388 840 3381
3876 2 2 2 1 1785 2379 5536
3877 2 2 2 1 1079 2155 3400
3878 2 2 2 1 4387 2103 5448
3879 2 2 2 1 967 2271 3070
3880 2 2 2 1 1349 3855 4185
3881 2 2 2 1 2297 1453 4937
3882 2 2 2 1 2968 491 5311
3883 2 2 2 1 2779 1915 5151
3884 2 2 2 1 2104 772 4158
3885 2 2 2 1 317 2398 4448
3886 2 2 2 1 1005 2432 3935
3887 2 2 2 1 549 2130 4469
3888 2 2 2 1 850 2337 3075
3889 2 2 2 1 2593 1249 2778
3890 2 2 2 1 2683 1261 4330
3891 2 2 2 1 2769 2466 5520
3892 2 2 2 1 2398 1462 4448
3893 2 2 2 1 2506 1017 5218
3894 2 2 2 1 2130 1323 4469
3895 2 2 2 1 1746 2722 4822
3896 2 2 2 1 3059 1138 3608
3897 2 2 2 1 2021 2613 5326
3898 2 2 2 1 2282 1034 3114
3899 2 2 2 1 2264 561 3088
3900 2 2 2 1 1373 2625 4760
3901 2 2 2 1 933 2450 2906
3902 2 2 2 1 1713 3059 3608
3903 2 2 2 1 1280 2748 2809
3904 2 2 2 1 2106 836 5351
3905 2 2 2 1 167 168 3100
3906 2 2 2 1 4058 658 4634
3907 2 2 2 1 1168 2108 4549
3908 2 2 2 1 3855 2038 4185
3909 2 2 2 1 1976 3157 4656
3910 2 2 2 1 3157 407 4656
3911 2 2 2 1 901 2228 5183
3912 2 2 2 1 1884 4014 5723
3913 2 2 2 1 2118 1433 4550
3914 2 2 2 1 1018 2304 4689
3915 2 2 2 1 401 3120 4614
3916 2 2 2 1 1603 2472 5406
3917 2 2 2 1 2296 252 3225
3918 2 2 2 1 2674 1506 3753
3919 2 2 2 1 2342 1216 3670
3920 2 2 2 1 1970 4881 5452
3921 2 2 2 1 1324 2691 3487
3922 2 2 2 1 470 2288 4846
3923 2 2 2 1 2691 1047 3487
3924 2 2 2 1 1001 2760 2953
3925 2 2 2 1 1410 4586 4596
3926 2 2 2 1 801 2342 3670
3927 2 2 2 1 4979 1603 5074
3928 2 2 2 1 302 301 2810
3929 2 2 2 1 290 289 2757
3930 2 2 2 1 1961 3313 4596
3931 2 2 2 1 3629 2002 4715
3932 2 2 2 1 826 2276 4667
3933 2 2 2 1 3477 1884 5723
3934 2 2 2 1 959 2699 4001
3935 2 2 2 1 3187 607 3632
3936 2 2 2 1 836 3885 5504
3937 2 2 2 1 1309 2603 5216
3938 2 2 2 1 2110 1283 5715
3939 2 2 2 1 2072 3451 5860
3940 2 2 2 1 2139 1163 5598
3941 2 2 2 1 823 2325 3391
3942 2 2 2 1 2577 1418 4093
3943 2 2 2 1 4278 1346 4506
3944 2 2 2 1 2276 1471 4667
3945 2 2 2 1 951 2541 3366
3946 2 2 2 1 459 2161 3968
3947 2 2 2 1 773 4183 4925
3948 2 2 2 1 3220 1033 4415
3949 2 2 2 1 2116 805 4875
3950 2 2 2 1 540 2940 5141
3951 2 2 2 1 1529 4409 5106
3952 2 2 2 1 1136 2319 3667
3953 2 2 2 1 511 2335 5816
3954 2 2 2 1 1815 3921 4003
3955 2 2 2 1 147 148 2884
3956 2 2 2 1 515 2651 4240
3957 2 2 2 1 282 2240 3466
3958 2 2 2 1 2355 705 3535
3959 2 2 2 1 2802 3854 5625
3960 2 2 2 1 2307 977 4006
3961 2 2 2 1 2397 773 4612
3962 2 2 2 1 2122 887 5068
3963 2 2 2 1 2756 1784 5166
3964 2 2 2 1 2353 1607 3599
3965 2 2 2 1 3626 935 4231
3966 2 2 2 1 1858 3242 5361
3967 2 2 2 1 827 2266 3931
3968 2 2 2 1 1187 2355 3535
3969 2 2 2 1 2240 1133 3466
3970 2 2 2 1 2214 1226 3260
3971 2 2 2 1 2266 1257 3931
3972 2 2 2 1 1163 2139 4598
3973 2 2 2 1 2809 574 3316
3974 2 2 2 1 2734 1178 3108
3975 2 2 2 1 773 2397 4183
3976 2 2 2 1 3022 464 4251
3977 2 2 2 1 2115 769 4100
3978 2 2 2 1 981 2874 3748
3979 2 2 2 1 1602 3187 3632
3980 2 2 2 1 1724 2449 5303
3981 2 2 2 1 1270 3698 4623
3982 2 2 2 1 1286 2751 4347
3983 2 2 2 1 2803 1298 3255
3984 2 2 2 1 1692 3358 5102
3985 2 2 2 1 2278 356 3397
3986 2 2 2 1 844 2977 5379
3987 2 2 2 1 665 2803 3255
3988 2 2 2 1 2109 1096 4626
3989 2 2 2 1 345 2175 3385
3990 2 2 2 1 1155 2278 3397
3991 2 2 2 1 2330 1807 5775
3992 2 2 2 1 942 2695 5745
3993 2 2 2 1 2538 679 4332
3994 2 2 2 1 2564 2725 4686
3995 2 2 2 1 567 2360 3314
3996 2 2 2 1 2999 212 3542
3997 2 2 2 1 326 2349 3023
3998 2 2 2 1 2121 892 3830
3999 2 2 2 1 2343 977 3054
4000 2 2 2 1 1016 2470 4833
4001 2 2 2 1 546 3220 5533
4002 2 2 2 1 2682 818 4019
4003 2 2 2 1 616 3393 4817
4004 2 2 2 1 662 2120 4205
4005 2 2 2 1 615 3221 5366
4006 2 2 2 1 322 2560 3891
4007 2 2 2 1 1035 2121 4676
4008 2 2 2 1 2541 510 3366
4009 2 2 2 1 2127 526 4424
4010 2 2 2 1 813 2212 4366
4011 2 2 2 1 2899 1032 5871
4012 2 2 2 1 398 2282 3114
4013 2 2 2 1 1732 3117 4829
4014 2 2 2 1 2171 788 3954
4015 2 2 2 1 356 2177 3397
4016 2 2 2 1 783 2908 4075
4017 2 2 2 1 2908 1640 4075
4018 2 2 2 1 2605 1327 3676
4019 2 2 2 1 1476 2788 4228
4020 2 2 2 1 2700 538 3272
4021 2 2 2 1 653 2605 3676
4022 2 2 2 1 1211 2171 3954
4023 2 2 2 1 841 2205 3686
4024 2 2 2 1 2205 1159 3686
4025 2 2 2 1 1162 2433 5204
4026 2 2 2 1 2775 3311 5494
4027 2 2 2 1 1251 2497 4065
4028 2 2 2 1 325 2279 3639
4029 2 2 2 1 2324 601 3060
4030 2 2 2 1 405 3181 4815
4031 2 2 2 1 380 2367 4130
4032 2 2 2 1 2521 1896 5767
4033 2 2 2 1 1253 2715 3249
4034 2 2 2 1 2911 3668 4684
4035 2 2 2 1 2715 581 3249
4036 2 2 2 1 2381 567 3314
4037 2 2 2 1 322 2492 3539
4038 2 2 2 1 3420 1924 4077
4039 2 2 2 1 2969 4862 5444
4040 2 2 2 1 2492 1234 3539
4041 2 2 2 1 977 2343 4006
4042 2 2 2 1 2140 365 5239
4043 2 2 2 1 2297 507 4683
4044 2 2 2 1 1031 2440 2922
4045 2 2 2 1 4161 2441 4873
4046 2 2 2 1 816 2371 3733
4047 2 2 2 1 212 213 3542
4048 2 2 2 1 2155 1079 4026
4049 2 2 2 1 2154 569 4199
4050 2 2 2 1 921 4150 5473
4051 2 2 2 1 1570 2326 3185
4052 2 2 2 1 2417 654 3770
4053 2 2 2 1 2352 834 4761
4054 2 2 2 1 2283 790 4047
4055 2 2 2 1 819 2215 3297
4056 2 2 2 1 1526 2920 3479
4057 2 2 2 1 1261 2417 3770
4058 2 2 2 1 1520 2352 4761
4059 2 2 2 1 4554 2096 5747
4060 2 2 2 1 2398 317 3077
4061 2 2 2 1 1817 2382 4959
4062 2 2 2 1 1535 3647 3726
4063 2 2 2 1 2539 908 5324
4064 2 2 2 1 2248 2705 5499
4065 2 2 2 1 554 2133 5508
4066 2 2 2 1 2780 926 5397
4067 2 2 2 1 2228 2611 4861
4068 2 2 2 1 1041 2841 4864
4069 2 2 2 1 753 2126 3890
4070 2 2 2 1 1284 3088 3572
4071 2 2 2 1 2190 1086 3414
4072 2 2 2 1 3173 1963 4858
4073 2 2 2 1 2125 367 3991
4074 2 2 2 1 2167 1412 4820
4075 2 2 2 1 1149 2395 4621
4076 2 2 2 1 2337 1077 3075
4077 2 2 2 1 3077 1339 3971
4078 2 2 2 1 98 2277 4267
4079 2 2 2 1 2607 338 3306
4080 2 2 2 1 2975 1364 3411
4081 2 2 2 1 840 2201 3381
4082 2 2 2 1 606 2366 5181
4083 2 2 2 1 2395 1505 4621
4084 2 2 2 1 253 254 3905
4085 2 2 2 1 1086 2190 3427
4086 2 2 2 1 2673 2782 5280
4087 2 2 2 1 354 2152 5520
4088 2 2 2 1 2222 435 3767
4089 2 2 2 1 2575 603 4540
4090 2 2 2 1 534 3420 4077
4091 2 2 2 1 1301 2334 3194
4092 2 2 2 1 3435 2520 5830
4093 2 2 2 1 3871 1109 4872
4094 2 2 2 1 2983 388 4291
4095 2 2 2 1 2560 1437 3898
4096 2 2 2 1 1350 2172 5120
4097 2 2 2 1 2286 508 3313
4098 2 2 2 1 1328 2747 3702
4099 2 2 2 1 3838 680 4637
4100 2 2 2 1 1704 3580 5432
4101 2 2 2 1 4234 2738 4286
4102 2 2 2 1 4642 1520 4761
4103 2 2 2 1 2435 545 2964
4104 2 2 2 1 2374 991 3035
4105 2 2 2 1 2145 1360 3764
4106 2 2 2 1 3575 1737 5217
4107 2 2 2 1 202 2145 3764
4108 2 2 2 1 2896 1041 4864
4109 2 2 2 1 2785 1394 5544
4110 2 2 2 1 2126 516 3859
4111 2 2 2 1 1975 2780 5397
4112 2 2 2 1 2222 1043 4152
4113 2 2 2 1 3114 1346 4278
4114 2 2 2 1 1509 3387 4029
4115 2 2 2 1 825 2477 4609
4116 2 2 2 1 1041 2273 5844
4117 2 2 2 1 2623 903 3387
4118 2 2 2 1 969 2553 2856
4119 2 2 2 1 2695 2876 5745
4120 2 2 2 1 2233 827 5255
4121 2 2 2 1 87 88 2636
4122 2 2 2 1 454 2272 3192
4123 2 2 2 1 216 217 2638
4124 2 2 2 1 725 2269 4428
4125 2 2 2 1 1358 2145 4474
4126 2 2 2 1 1110 2363 3582
4127 2 2 2 1 1776 3600 3723
4128 2 2 2 1 185 186 3262
4129 2 2 2 1 2203 1338 3596
4130 2 2 2 1 1064 2381 3038
4131 2 2 2 1 1883 3660 5426
4132 2 2 2 1 2474 965 3020
4133 2 2 2 1 1165 2826 3055
4134 2 2 2 1 25 26 2640
4135 2 2 2 1 2710 1504 3171
4136 2 2 2 1 2174 1364 4351
4137 2 2 2 1 829 2220 5667
4138 2 2 2 1 3600 413 3723
4139 2 2 2 1 451 2710 3171
4140 2 2 2 1 2131 1062 5494
4141 2 2 2 1 798 2328 3123
4142 2 2 2 1 1126 2146 4098
4143 2 2 2 1 315 314 2822
4144 2 2 2 1 1600 2395 5187
4145 2 2 2 1 2714 565 4263
4146 2 2 2 1 2872 1270 4623
4147 2 2 2 1 2390 1064 3032
4148 2 2 2 1 4786 978 5488
4149 2 2 2 1 1224 2325 3801
4150 2 2 2 1 958 2936 3097
4151 2 2 2 1 3056 1323 5811
4152 2 2 2 1 3074 2301 5131
4153 2 2 2 1 2331 3056 5811
4154 2 2 2 1 2449 1064 5303
4155 2 2 2 1 2396 1874 3886
4156 2 2 2 1 2952 503 4697
4157 2 2 2 1 3934 673 5226
4158 2 2 2 1 1564 2165 4700
4159 2 2 2 1 126 127 4320
4160 2 2 2 1 2325 535 3801
4161 2 2 2 1 1360 2145 5107
4162 2 2 2 1 2143 60 3763
4163 2 2 2 1 2476 1008 2926
4164 2 2 2 1 2367 380 5455
4165 2 2 2 1 1891 3014 5646
4166 2 2 2 1 1433 2971 3495
4167 2 2 2 1 2971 418 3495
4168 2 2 2 1 2132 780 4904
4169 2 2 2 1 2849 2472 4190
4170 2 2 2 1 8 9 3015
4171 2 2 2 1 114 115 3059
4172 2 2 2 1 1576 2154 4537
4173 2 2 2 1 2464 680 3838
4174 2 2 2 1 984 2758 3634
4175 2 2 2 1 336 2944 4948
4176 2 2 2 1 3164 1658 3864
4177 2 2 2 1 687 3732 4642
4178 2 2 2 1 2944 1945 4948
4179 2 2 2 1 386 2453 3970
4180 2 2 2 1 2224 614 3509
4181 2 2 2 1 3321 1750 5081
4182 2 2 2 1 2758 1374 3634
4183 2 2 2 1 1235 3164 3864
4184 2 2 2 1 2277 1391 4267
4185 2 2 2 1 2428 938 3339
4186 2 2 2 1 1055 2142 3800
4187 2 2 2 1 4751 1838 5292
4188 2 2 2 1 36 37 2692
4189 2 2 2 1 836 2598 3504
4190 2 2 2 1 795 2329 5241
4191 2 2 2 1 2936 1530 3097
4192 2 2 2 1 3357 1672 5394
4193 2 2 2 1 2383 3308 5291
4194 2 2 2 1 3580 2224 5432
4195 2 2 2 1 1017 2679 5218
4196 2 2 2 1 1102 3104 3297
4197 2 2 2 1 2634 1227 3125
4198 2 2 2 1 2329 1642 5241
4199 2 2 2 1 2787 446 5005
4200 2 2 2 1 2290 1036 3757
4201 2 2 2 1 583 2191 3496
4202 2 2 2 1 573 2509 3176
4203 2 2 2 1 1687 3317 3686
4204 2 2 2 1 1287 2738 4234
4205 2 2 2 1 1369 2846 5329
4206 2 2 2 1 517 2250 5338
4207 2 2 2 1 2329 795 3664
4208 2 2 2 1 1857 2787 5005
4209 2 2 2 1 3317 841 3686
4210 2 2 2 1 503 3010 4697
4211 2 2 2 1 2139 541 4598
4212 2 2 2 1 713 2229 3340
4213 2 2 2 1 2239 3357 5394
4214 2 2 2 1 3234 1406 4260
4215 2 2 2 1 2515 829 3301
4216 2 2 2 1 2509 1138 3176
4217 2 2 2 1 1104 2195 3556
4218 2 2 2 1 843 2521 5767
4219 2 2 2 1 2120 3067 3247
4220 2 2 2 1 521 2223 3370
4221 2 2 2 1 1953 2989 3338
4222 2 2 2 1 791 2158 4595
4223 2 2 2 1 278 277 4422
4224 2 2 2 1 603 2876 4436
4225 2 2 2 1 2708 583 3490
4226 2 2 2 1 2290 844 3975
4227 2 2 2 1 2349 1204 4792
4228 2 2 2 1 1105 2631 5041
4229 2 2 2 1 3076 1847 4024
4230 2 2 2 1 2598 836 5504
4231 2 2 2 1 433 2170 4936
4232 2 2 2 1 2258 2069 5375
4233 2 2 2 1 2152 1180 5325
4234 2 2 2 1 2719 1067 3013
4235 2 2 2 1 3334 2195 5350
4236 2 2 2 1 1352 2659 2805
4237 2 2 2 1 2144 568 3857
4238 2 2 2 1 2546 941 3707
4239 2 2 2 1 2085 4341 5041
4240 2 2 2 1 2622 1681 5075
4241 2 2 2 1 2672 1277 3572
4242 2 2 2 1 2687 815 4581
4243 2 2 2 1 2891 1856 4813
4244 2 2 2 1 3526 1828 5253
4245 2 2 2 1 489 2891 4813
4246 2 2 2 1 2387 455 4508
4247 2 2 2 1 609 2136 4849
4248 2 2 2 1 1445 2387 4508
4249 2 2 2 1 2252 1389 3278
4250 2 2 2 1 2793 4773 5495
4251 2 2 2 1 1264 2144 4282
4252 2 2 2 1 1451 2151 4262
4253 2 2 2 1 3660 1883 4650
4254 2 2 2 1 1083 2210 5296
4255 2 2 2 1 1621 2854 4433
4256 2 2 2 1 2195 627 3556
4257 2 2 2 1 964 2423 3600
4258 2 2 2 1 2658 1031 4112
4259 2 2 2 1 3315 1206 3534
4260 2 2 2 1 365 2140 4145
4261 2 2 2 1 756 2147 4051
4262 2 2 2 1 2491 2008 3841
4263 2 2 2 1 2147 1201 4051
4264 2 2 2 1 3721 1548 3731
4265 2 2 2 1 3245 701 4349
4266 2 2 2 1 389 2345 3151
4267 2 2 2 1 582 2485 2953
4268 2 2 2 1 631 2378 3090
4269 2 2 2 1 1069 2356 3909
4270 2 2 2 1 2679 2032 5218
4271 2 2 2 1 3885 2173 5504
4272 2 2 2 1 1147 2160 5130
4273 2 2 2 1 2165 351 4889
4274 2 2 2 1 1811 2566 3516
4275 2 2 2 1 3180 494 3704
4276 2 2 2 1 2152 354 4352
4277 2 2 2 1 2833 1157 3033
4278 2 2 2 1 2703 966 3652
4279 2 2 2 1 4862 831 5444
4280 2 2 2 1 618 4312 5336
4281 2 2 2 1 972 2303 5558
4282 2 2 2 1 4500 1802 4725
4283 2 2 2 1 505 2604 4057
4284 2 2 2 1 2911 362 4392
4285 2 2 2 1 2726 841 5163
4286 2 2 2 1 2307 141 3746
4287 2 2 2 1 464 2148 4251
4288 2 2 2 1 1416 2770 3915
4289 2 2 2 1 1658 2220 4562
4290 2 2 2 1 2190 1559 4958
4291 2 2 2 1 2146 492 4098
4292 2 2 2 1 2247 577 3328
4293 2 2 2 1 2709 1196 4187
4294 2 2 2 1 4548 988 5826
4295 2 2 2 1 1133 3009 3267
4296 2 2 2 1 2562 1085 2948
4297 2 2 2 1 4192 1082 4246
4298 2 2 2 1 530 2866 5130
4299 2 2 2 1 3806 1286 4347
4300 2 2 2 1 924 2245 5105
4301 2 2 2 1 220 2181 3606
4302 2 2 2 1 749 3630 5766
4303 2 2 2 1 3232 2403 5313
4304 2 2 2 1 525 2562 2948
4305 2 2 2 1 1037 2398 3077
4306 2 2 2 1 2569 1976 4151
4307 2 2 2 1 357 2163 4094
4308 2 2 2 1 2877 1176 3064
4309 2 2 2 1 4337 1431 5612
4310 2 2 2 1 2583 922 3139
4311 2 2 2 1 3897 588 4941
4312 2 2 2 1 2149 1121 5144
4313 2 2 2 1 2158 1184 4502
4314 2 2 2 1 688 4404 5878
4315 2 2 2 1 1439 2888 3096
4316 2 2 2 1 3009 1357 3267
4317 2 2 2 1 1751 4523 5559
4318 2 2 2 1 1053 2284 3333
4319 2 2 2 1 2198 1101 4800
4320 2 2 2 1 2766 1415 4066
4321 2 2 2 1 2705 484 5499
4322 2 2 2 1 5275 1344 5435
4323 2 2 2 1 2964 545 3178
4324 2 2 2 1 2168 1019 3664
4325 2 2 2 1 926 2855 5397
4326 2 2 2 1 2449 381 3032
4327 2 2 2 1 577 2247 5237
4328 2 2 2 1 1064 2449 3032
4329 2 2 2 1 1431 3390 5612
4330 2 2 2 1 3973 409 5062
4331 2 2 2 1 421 2199 3579
4332 2 2 2 1 1075 3334 5350
4333 2 2 2 1 379 2463 3463
4334 2 2 2 1 120 121 3458
4335 2 2 2 1 2407 1475 4588
4336 2 2 2 1 2440 1031 3637
4337 2 2 2 1 1448 2638 4442
4338 2 2 2 1 2250 1032 5282
4339 2 2 2 1 1581 2455 4916
4340 2 2 2 1 355 3706 4913
4341 2 2 2 1 3016 1676 5037
4342 2 2 2 1 2356 1069 5808
4343 2 2 2 1 2746 1321 3695
4344 2 2 2 1 2686 986 2994
4345 2 2 2 1 1600 2299 5203
4346 2 2 2 1 3456 421 5729
4347 2 2 2 1 2221 1164 3761
4348 2 2 2 1 774 2221 3761
4349 2 2 2 1 2299 785 5203
4350 2 2 2 1 2463 1189 3463
4351 2 2 2 1 824 2407 4588
4352 2 2 2 1 1656 4285 4720
4353 2 2 2 1 2522 948 5630
4354 2 2 2 1 2941 2152 4352
4355 2 2 2 1 96 97 2727
4356 2 2 2 1 2236 535 4002
4357 2 2 2 1 2349 1956 5700
4358 2 2 2 1 2163 774 3761
4359 2 2 2 1 1715 3432 5175
4360 2 2 2 1 2507 522 5078
4361 2 2 2 1 2972 689 4084
4362 2 2 2 1 589 4030 4425
4363 2 2 2 1 1405 2412 4430
4364 2 2 2 1 1704 2302 5758
4365 2 2 2 1 1874 3692 3886
4366 2 2 2 1 2022 3790 4600
4367 2 2 2 1 806 2189 4650
4368 2 2 2 1 3087 783 4075
4369 2 2 2 1 2322 486 3212
4370 2 2 2 1 1690 3087 4075
4371 2 2 2 1 3865 1645 4130
4372 2 2 2 1 1133 2240 5201
4373 2 2 2 1 3692 612 3886
4374 2 2 2 1 2439 1043 5725
4375 2 2 2 1 4392 2044 5388
4376 2 2 2 1 2298 2900 5514
4377 2 2 2 1 4037 1369 5329
4378 2 2 2 1 2708 951 3366
4379 2 2 2 1 2517 1319 3481
4380 2 2 2 1 2189 1363 4650
4381 2 2 2 1 780 2479 2998
4382 2 2 2 1 3708 1649 4836
4383 2 2 2 1 3800 658 5721
4384 2 2 2 1 949 2853 3385
4385 2 2 2 1 2187 1482 4729
4386 2 2 2 1 1082 3030 4246
4387 2 2 2 1 2482 790 4909
4388 2 2 2 1 2351 898 4707
4389 2 2 2 1 844 2336 3975
4390 2 2 2 1 567 2381 5869
4391 2 2 2 1 1063 2257 5058
4392 2 2 2 1 3203 1680 4767
4393 2 2 2 1 5010 3694 5335
4394 2 2 2 1 5609 2138 5843
4395 2 2 2 1 895 2662 4624
4396 2 2 2 1 4374 1443 4698
4397 2 2 2 1 331 2155 4026
4398 2 2 2 1 3438 1593 3463
4399 2 2 2 1 775 2198 4800
4400 2 2 2 1 422 2153 4092
4401 2 2 2 1 1189 3438 3463
4402 2 2 2 1 826 2234 3958
4403 2 2 2 1 3436 428 4364
4404 2 2 2 1 2346 998 3196
4405 2 2 2 1 1673 2703 3652
4406 2 2 2 1 1467 3246 3312
4407 2 2 2 1 1111 3179 4544
4408 2 2 2 1 1729 3866 4283
4409 2 2 2 1 2429 1061 4714
4410 2 2 2 1 434 3189 5016
4411 2 2 2 1 792 2260 4170
4412 2 2 2 1 2562 1513 4116
4413 2 2 2 1 3246 1084 3312
4414 2 2 2 1 2863 1326 2865
4415 2 2 2 1 1002 2863 2865
4416 2 2 2 1 2168 795 4542
4417 2 2 2 1 1226 2214 4712
4418 2 2 2 1 1026 3204 4240
4419 2 2 2 1 1174 3399 5252
4420 2 2 2 1 3177 1557 4611
4421 2 2 2 1 2260 1288 4170
4422 2 2 2 1 1193 2488 3567
4423 2 2 2 1 1097 3169 5574
4424 2 2 2 1 231 232 3210
4425 2 2 2 1 2682 2276 5788
4426 2 2 2 1 1250 2476 3809
4427 2 2 2 1 1691 3812 4994
4428 2 2 2 1 973 2501 3508
4429 2 2 2 1 654 2417 3269
4430 2 2 2 1 472 2231 5081
4431 2 2 2 1 2880 1893 5290
4432 2 2 2 1 3530 1565 4018
4433 2 2 2 1 1789 2465 4468
4434 2 2 2 1 2203 601 4545
4435 2 2 2 1 640 2677 4355
4436 2 2 2 1 4109 1689 4553
4437 2 2 2 1 1644 2475 3577
4438 2 2 2 1 1338 2203 4545
4439 2 2 2 1 1468 2484 4613
4440 2 2 2 1 2227 787 3497
4441 2 2 2 1 3694 1727 5335
4442 2 2 2 1 4040 2143 4651
4443 2 2 2 1 2494 1616 5033
4444 2 2 2 1 680 2464 4283
4445 2 2 2 1 2486 549 3807
4446 2 2 2 1 2881 1477 3616
4447 2 2 2 1 2464 1403 4283
4448 2 2 2 1 2381 1064 5869
4449 2 2 2 1 1761 3072 3378
4450 2 2 2 1 2981 1179 3309
4451 2 2 2 1 1093 2227 3497
4452 2 2 2 1 369 2502 4443
4453 2 2 2 1 1103 2230 3511
4454 2 2 2 1 605 2259 3369
4455 2 2 2 1 1823 3037 5315
4456 2 2 2 1 1276 3646 4253
4457 2 2 2 1 2192 1136 3667
4458 2 2 2 1 2873 585 3846
4459 2 2 2 1 2552 1151 2943
4460 2 2 2 1 2537 1427 4214
4461 2 2 2 1 4539 1770 4671
4462 2 2 2 1 2169 798 4599
4463 2 2 2 1 2748 987 2809
4464 2 2 2 1 705 2537 4214
4465 2 2 2 1 1025 2212 3603
4466 2 2 2 1 1274 2286 3313
4467 2 2 2 1 1539 2873 3846
4468 2 2 2 1 2230 788 3511
4469 2 2 2 1 1665 2597 4382
4470 2 2 2 1 1612 3568 3619
4471 2 2 2 1 1714 2745 3755
4472 2 2 2 1 666 2648 2986
4473 2 2 2 1 2196 771 5383
4474 2 2 2 1 2386 1135 3411
4475 2 2 2 1 2300 437 3424
4476 2 2 2 1 765 3893 4845
4477 2 2 2 1 916 2165 4405
4478 2 2 2 1 4151 1373 4760
4479 2 2 2 1 352 2313 3673
4480 2 2 2 1 1330 2434 4288
4481 2 2 2 1 2648 1124 2986
4482 2 2 2 1 3436 4364 5637
4483 2 2 2 1 1064 2390 5869
4484 2 2 2 1 714 3344 5392
4485 2 2 2 1 276 2319 3426
4486 2 2 2 1 624 2386 3411
4487 2 2 2 1 2161 459 5151
4488 2 2 2 1 972 2787 3913
4489 2 2 2 1 1006 2512 3461
4490 2 2 2 1 2630 1039 3659
4491 2 2 2 1 1067 2281 3506
4492 2 2 2 1 2313 842 4960
4493 2 2 2 1 85 86 3208
4494 2 2 2 1 2189 806 4383
4495 2 2 2 1 4974 2960 5547
4496 2 2 2 1 1070 2961 4440
4497 2 2 2 1 4059 1200 4647
4498 2 2 2 1 2793 1551 4773
4499 2 2 2 1 2284 690 3333
4500 2 2 2 1 4341 804 5041
4501 2 2 2 1 2415 999 3261
4502 2 2 2 1 2255 1050 5562
4503 2 2 2 1 330 2904 4750
4504 2 2 2 1 2904 1822 4750
4505 2 2 2 1 5123 497 5218
4506 2 2 2 1 63 64 2926
4507 2 2 2 1 3134 368 3775
4508 2 2 2 1 870 2356 5808
4509 2 2 2 1 3610 2683 4330
4510 2 2 2 1 2467 526 5002
4511 2 2 2 1 864 2197 3699
4512 2 2 2 1 590 2954 4179
4513 2 2 2 1 2190 108 5485
4514 2 2 2 1 3159 1385 3832
4515 2 2 2 1 2249 888 3441
4516 2 2 2 1 2602 1555 4008
4517 2 2 2 1 2196 353 5277
4518 2 2 2 1 480 2257 4189
4519 2 2 2 1 2243 1109 5461
4520 2 2 2 1 2383 28 3505
4521 2 2 2 1 2665 359 2868
4522 2 2 2 1 322 2167 4374
4523 2 2 2 1 2451 2082 4227
4524 2 2 2 1 545 2798 3178
4525 2 2 2 1 498 2794 4296
4526 2 2 2 1 1189 2509 3438
4527 2 2 2 1 1340 3052 3567
4528 2 2 2 1 505 2546 3707
4529 2 2 2 1 2571 1386 4034
4530 2 2 2 1 976 2804 2967
4531 2 2 2 1 2794 1597 4296
4532 2 2 2 1 2390 567 5869
4533 2 2 2 1 352 2584 5345
4534 2 2 2 1 588 2571 4034
4535 2 2 2 1 2804 1726 2967
4536 2 2 2 1 2584 1804 5345
4537 2 2 2 1 3195 998 3948
4538 2 2 2 1 2509 573 3438
4539 2 2 2 1 2406 1579 5126
4540 2 2 2 1 2191 583 4590
4541 2 2 2 1 2944 336 3638
4542 2 2 2 1 2176 786 3887
4543 2 2 2 1 981 2173 3885
4544 2 2 2 1 1754 3056 5046
4545 2 2 2 1 1094 5777 5865
4546 2 2 2 1 2221 774 3602
4547 2 2 2 1 908 2209 4743
4548 2 2 2 1 300 2207 3739
4549 2 2 2 1 548 2228 5424
4550 2 2 2 1 2293 738 3941
4551 2 2 2 1 2179 1039 4697
4552 2 2 2 1 1401 2843 3656
4553 2 2 2 1 2855 1982 5397
4554 2 2 2 1 387 2457 4160
4555 2 2 2 1 2357 30 4218
4556 2 2 2 1 177 2364 3649
4557 2 2 2 1 414 2559 3342
4558 2 2 2 1 343 2881 3953
4559 2 2 2 1 1232 2293 3941
4560 2 2 2 1 2843 632 3656
4561 2 2 2 1 2166 173 4018
4562 2 2 2 1 2881 1839 3953
4563 2 2 2 1 4086 3254 5859
4564 2 2 2 1 1717 3070 4557
4565 2 2 2 1 2457 1362 4160
4566 2 2 2 1 2638 1448 5194
4567 2 2 2 1 2559 1182 3342
4568 2 2 2 1 787 2227 3588
4569 2 2 2 1 2442 1138 4510
4570 2 2 2 1 2406 1045 3416
4571 2 2 2 1 1500 2396 3886
4572 2 2 2 1 979 2661 5425
4573 2 2 2 1 3402 2048 5355
4574 2 2 2 1 1963 3173 5823
4575 2 2 2 1 2395 1149 3610
4576 2 2 2 1 3084 1109 3871
4577 2 2 2 1 3376 662 4205
4578 2 2 2 1 238 239 2733
4579 2 2 2 1 1842 3376 4205
4580 2 2 2 1 3026 1094 5865
4581 2 2 2 1 3577 1293 3943
4582 2 2 2 1 3778 1208 5540
4583 2 2 2 1 808 3261 4367
4584 2 2 2 1 506 4200 5560
4585 2 2 2 1 2201 408 5353
4586 2 2 2 1 3518 2157 4895
4587 2 2 2 1 431 2185 5786
4588 2 2 2 1 952 2943 4348
4589 2 2 2 1 2285 1071 3569
4590 2 2 2 1 524 3623 3740
4591 2 2 2 1 3790 770 4600
4592 2 2 2 1 1454 4101 4279
4593 2 2 2 1 2715 1100 2898
4594 2 2 2 1 3458 1681 4886
4595 2 2 2 1 2178 883 4000
4596 2 2 2 1 538 2722 3236
4597 2 2 2 1 2537 1108 3589
4598 2 2 2 1 3649 2364 5796
4599 2 2 2 1 776 2236 4538
4600 2 2 2 1 1456 3518 4895
4601 2 2 2 1 645 2595 3427
4602 2 2 2 1 1185 3649 5796
4603 2 2 2 1 3100 168 5004
4604 2 2 2 1 1617 2515 3301
4605 2 2 2 1 2284 1053 3395
4606 2 2 2 1 2394 870 5808
4607 2 2 2 1 2238 53 3642
4608 2 2 2 1 1073 2666 2886
4609 2 2 2 1 2231 956 4991
4610 2 2 2 1 1590 3303 3620
4611 2 2 2 1 1416 3102 5468
4612 2 2 2 1 2818 1429 5510
4613 2 2 2 1 3303 433 3620
4614 2 2 2 1 2702 1675 5370
4615 2 2 2 1 404 2254 5199
4616 2 2 2 1 1714 3755 4841
4617 2 2 2 1 331 5119 5481
4618 2 2 2 1 1355 2357 4218
4619 2 2 2 1 1819 3983 4328
4620 2 2 2 1 1145 2199 3947
4621 2 2 2 1 3048 1148 5383
4622 2 2 2 1 1316 2347 4188
4623 2 2 2 1 3038 522 5549
4624 2 2 2 1 3238 358 5159
4625 2 2 2 1 1337 3136 3138
4626 2 2 2 1 593 3332 3631
4627 2 2 2 1 2086 3209 4156
4628 2 2 2 1 1058 3728 4473
4629 2 2 2 1 2376 1044 4039
4630 2 2 2 1 3136 1068 3138
4631 2 2 2 1 5035 1968 5156
4632 2 2 2 1 1440 2432 3501
4633 2 2 2 1 3336 1188 3367
4634 2 2 2 1 1910 3023 5782
4635 2 2 2 1 1363 2189 4480
4636 2 2 2 1 953 2254 5192
4637 2 2 2 1 2359 1306 4380
4638 2 2 2 1 2186 440 3915
4639 2 2 2 1 501 2176 4465
4640 2 2 2 1 973 2326 3335
4641 2 2 2 1 3017 1434 3150
4642 2 2 2 1 643 2372 3234
4643 2 2 2 1 2080 5338 5425
4644 2 2 2 1 431 3017 3150
4645 2 2 2 1 1132 2226 3630
4646 2 2 2 1 2479 780 4455
4647 2 2 2 1 1458 2479 4455
4648 2 2 2 1 2209 1151 4743
4649 2 2 2 1 3190 1343 4092
4650 2 2 2 1 1819 2696 4491
4651 2 2 2 1 1158 2284 3752
4652 2 2 2 1 2695 1528 2876
4653 2 2 2 1 2211 367 3773
4654 2 2 2 1 2420 1738 3353
4655 2 2 2 1 377 2394 5719
4656 2 2 2 1 2624 1279 3955
4657 2 2 2 1 1252 2575 4540
4658 2 2 2 1 368 2198 4980
4659 2 2 2 1 3751 1231 3972
4660 2 2 2 1 3984 1470 4433
4661 2 2 2 1 1983 2956 3868
4662 2 2 2 1 1637 2669 4914
4663 2 2 2 1 1389 3147 3278
4664 2 2 2 1 3147 1093 3278
4665 2 2 2 1 758 3184 4718
4666 2 2 2 1 1526 4437 4668
4667 2 2 2 1 2292 219 3606
4668 2 2 2 1 3184 1946 4718
4669 2 2 2 1 191 192 2741
4670 2 2 2 1 581 2371 3249
4671 2 2 2 1 5303 3038 5549
4672 2 2 2 1 3630 2226 5766
4673 2 2 2 1 1076 3174 4870
4674 2 2 2 1 565 3046 4263
4675 2 2 2 1 2478 917 3099
4676 2 2 2 1 3029 4911 5655
4677 2 2 2 1 1070 2309 3999
4678 2 2 2 1 3419 342 3715
4679 2 2 2 1 4303 1547 4613
4680 2 2 2 1 1546 3015 4245
4681 2 2 2 1 1859 2646 3507
4682 2 2 2 1 2312 555 4202
4683 2 2 2 1 1362 2524 4731
4684 2 2 2 1 1420 2283 3445
4685 2 2 2 1 1549 2378 4975
4686 2 2 2 1 2812 1479 3406
4687 2 2 2 1 3893 2100 4845
4688 2 2 2 1 2472 1603 4979
4689 2 2 2 1 2378 631 4975
4690 2 2 2 1 871 2472 4979
4691 2 2 2 1 1298 2193 4453
4692 2 2 2 1 565 2714 2985
4693 2 2 2 1 3146 1374 3888
4694 2 2 2 1 3003 764 5744
4695 2 2 2 1 2337 488 3418
4696 2 2 2 1 2067 2800 4979
4697 2 2 2 1 2192 274 4249
4698 2 2 2 1 837 4517 5686
4699 2 2 2 1 3153 959 5747
4700 2 2 2 1 2204 23 3863
4701 2 2 2 1 1454 3129 4101
4702 2 2 2 1 3251 500 3626
4703 2 2 2 1 155 156 2740
4704 2 2 2 1 1828 3526 5420
4705 2 2 2 1 3266 1470 3984
4706 2 2 2 1 2315 2080 5425
4707 2 2 2 1 2347 499 4188
4708 2 2 2 1 1325 2300 3424
4709 2 2 2 1 843 2244 5040
4710 2 2 2 1 1559 2190 5485
4711 2 2 2 1 2303 1867 4089
4712 2 2 2 1 2291 1168 3715
4713 2 2 2 1 2199 421 3947
4714 2 2 2 1 861 2204 5632
4715 2 2 2 1 2324 954 5460
4716 2 2 2 1 891 2540 5378
4717 2 2 2 1 1095 2318 3403
4718 2 2 2 1 2336 844 5501
4719 2 2 2 1 2217 834 3762
4720 2 2 2 1 1659 2324 5460
4721 2 2 2 1 1455 3260 4357
4722 2 2 2 1 2426 1052 5227
4723 2 2 2 1 2318 647 3403
4724 2 2 2 1 2373 1023 3277
4725 2 2 2 1 1090 2734 3108
4726 2 2 2 1 1248 2238 3642
4727 2 2 2 1 2385 327 3730
4728 2 2 2 1 2462 1278 4103
4729 2 2 2 1 2963 490 4771
4730 2 2 2 1 3091 1242 3379
4731 2 2 2 1 1138 2442 3176
4732 2 2 2 1 2472 3243 5406
4733 2 2 2 1 3516 375 4660
4734 2 2 2 1 3132 697 5367
4735 2 2 2 1 2325 1224 3391
4736 2 2 2 1 2625 1161 4760
4737 2 2 2 1 2739 1090 3108
4738 2 2 2 1 3140 1199 3604
4739 2 2 2 1 2749 1523 4852
4740 2 2 2 1 1320 3332 4402
4741 2 2 2 1 2983 1554 4571
4742 2 2 2 1 1092 2390 5207
4743 2 2 2 1 3728 1934 4473
4744 2 2 2 1 2217 1359 4679
4745 2 2 2 1 1042 2604 4067
4746 2 2 2 1 1866 2523 5734
4747 2 2 2 1 3624 1813 5412
4748 2 2 2 1 2523 734 5734
4749 2 2 2 1 1290 4162 4791
4750 2 2 2 1 90 2333 4492
4751 2 2 2 1 1386 2571 3131
4752 2 2 2 1 1229 3413 3565
4753 2 2 2 1 2261 1303 4046
4754 2 2 2 1 513 2764 2927
4755 2 2 2 1 1971 3107 5563
4756 2 2 2 1 2962 578 3592
4757 2 2 2 1 1503 3140 3604
4758 2 2 2 1 2378 1549 3564
4759 2 2 2 1 1526 3455 4437
4760 2 2 2 1 834 2217 4679
4761 2 2 2 1 1411 2962 3592
4762 2 2 2 1 1613 3223 3808
4763 2 2 2 1 2764 1140 2927
4764 2 2 2 1 721 3214 4668
4765 2 2 2 1 2208 1354 5517
4766 2 2 2 1 3044 1988 4812
4767 2 2 2 1 2836 1344 3367
4768 2 2 2 1 3223 848 3808
4769 2 2 2 1 2411 1091 4429
4770 2 2 2 1 581 2715 2898
4771 2 2 2 1 1090 2496 3396
4772 2 2 2 1 2725 1056 3784
4773 2 2 2 1 2274 1305 4042
4774 2 2 2 1 2070 3299 4964
4775 2 2 2 1 139 2343 5515
4776 2 2 2 1 3101 1014 5346
4777 2 2 2 1 428 3446 4364
4778 2 2 2 1 2112 3101 5346
4779 2 2 2 1 3193 1870 5615
4780 2 2 2 1 2200 1773 5050
4781 2 2 2 1 3568 792 3619
4782 2 2 2 1 1792 2598 5504
4783 2 2 2 1 80 81 2756
4784 2 2 2 1 316 2382 5689
4785 2 2 2 1 5235 1962 5281
4786 2 2 2 1 163 164 3379
4787 2 2 2 1 3835 260 4217
4788 2 2 2 1 685 3129 3493
4789 2 2 2 1 1697 2800 4956
4790 2 2 2 1 2241 684 3652
4791 2 2 2 1 596 2936 4413
4792 2 2 2 1 1333 3110 3189
4793 2 2 2 1 3129 1454 3493
4794 2 2 2 1 2375 509 3309
4795 2 2 2 1 3110 1113 3189
4796 2 2 2 1 1448 2292 3490
4797 2 2 2 1 2167 3891 4918
4798 2 2 2 1 3516 1946 4585
4799 2 2 2 1 46 47 2806
4800 2 2 2 1 1158 2584 4310
4801 2 2 2 1 357 2517 5679
4802 2 2 2 1 2309 502 3999
4803 2 2 2 1 161 162 2754
4804 2 2 2 1 2484 1468 3217
4805 2 2 2 1 2477 1460 4609
4806 2 2 2 1 2245 1595 4971
4807 2 2 2 1 505 3707 4067
4808 2 2 2 1 2661 979 3011
4809 2 2 2 1 40 41 3035
4810 2 2 2 1 2844 898 5030
4811 2 2 2 1 3082 1105 5041
4812 2 2 2 1 955 2880 5290
4813 2 2 2 1 1122 2661 3011
4814 2 2 2 1 2350 32 3442
4815 2 2 2 1 2857 1155 2914
4816 2 2 2 1 2581 2050 3532
4817 2 2 2 1 2383 1100 3308
4818 2 2 2 1 377 2480 3197
4819 2 2 2 1 654 3269 3358
4820 2 2 2 1 1686 4332 5080
4821 2 2 2 1 1077 2337 3418
4822 2 2 2 1 949 2693 3789
4823 2 2 2 1 3432 2013 5175
4824 2 2 2 1 941 2767 3707
4825 2 2 2 1 2220 442 4560
4826 2 2 2 1 1917 3008 4631
4827 2 2 2 1 2627 1124 3908
4828 2 2 2 1 3320 2285 5231
4829 2 2 2 1 1403 3107 4283
4830 2 2 2 1 2480 1103 3197
4831 2 2 2 1 502 2309 5348
4832 2 2 2 1 2227 448 4052
4833 2 2 2 1 1534 2229 4798
4834 2 2 2 1 1029 2381 3314
4835 2 2 2 1 3107 1729 4283
4836 2 2 2 1 474 2470 5801
4837 2 2 2 1 1734 2430 3810
4838 2 2 2 1 2449 1724 5678
4839 2 2 2 1 2066 4071 5752
4840 2 2 2 1 3111 1310 3775
4841 2 2 2 1 2727 1391 3326
4842 2 2 2 1 1251 2727 3326
4843 2 2 2 1 1429 4322 5510
4844 2 2 2 1 2977 1332 3949
4845 2 2 2 1 979 2839 3011
4846 2 2 2 1 3226 2163 5679
4847 2 2 2 1 2504 1637 4914
4848 2 2 2 1 2371 816 5653
4849 2 2 2 1 2207 824 4588
4850 2 2 2 1 1073 2886 5594
4851 2 2 2 1 2417 1045 3269
4852 2 2 2 1 1887 3306 5300
4853 2 2 2 1 3798 425 5870
4854 2 2 2 1 2102 4200 5770
4855 2 2 2 1 469 3143 5262
4856 2 2 2 1 2223 840 5257
4857 2 2 2 1 2640 4685 5299
4858 2 2 2 1 3555 2694 4811
4859 2 2 2 1 521 2212 4328
4860 2 2 2 1 54 55 2831
4861 2 2 2 1 649 2698 3828
4862 2 2 2 1 1905 4699 5417
4863 2 2 2 1 362 2249 3719
4864 2 2 2 1 2746 636 5638
4865 2 2 2 1 1122 2719 5424
4866 2 2 2 1 2289 152 3637
4867 2 2 2 1 1469 2499 3495
4868 2 2 2 1 940 2401 3469
4869 2 2 2 1 378 2419 3392
4870 2 2 2 1 887 2258 5068
4871 2 2 2 1 3677 1741 4639
4872 2 2 2 1 2313 352 5345
4873 2 2 2 1 1220 2991 3355
4874 2 2 2 1 2499 1433 3495
4875 2 2 2 1 2249 1141 3719
4876 2 2 2 1 2992 1264 3103
4877 2 2 2 1 1113 3110 5155
4878 2 2 2 1 614 2224 5650
4879 2 2 2 1 603 4208 4540
4880 2 2 2 1 2739 531 4521
4881 2 2 2 1 4613 2484 5868
4882 2 2 2 1 626 2285 3569
4883 2 2 2 1 3100 1209 3657
4884 2 2 2 1 2380 1256 3350
4885 2 2 2 1 3593 1486 3683
4886 2 2 2 1 263 264 3064
4887 2 2 2 1 1134 2992 3103
4888 2 2 2 1 2598 1509 3504
4889 2 2 2 1 3004 2299 5020
4890 2 2 2 1 661 3041 3283
4891 2 2 2 1 861 2287 3566
4892 2 2 2 1 3041 1336 3283
4893 2 2 2 1 2720 584 3622
4894 2 2 2 1 2446 3525 4264
4895 2 2 2 1 1675 4919 5370
4896 2 2 2 1 2233 437 4601
4897 2 2 2 1 330 2864 3856
4898 2 2 2 1 939 2563 3074
4899 2 2 2 1 2886 1115 4052
4900 2 2 2 1 1502 2720 3622
4901 2 2 2 1 2393 45 4177
4902 2 2 2 1 898 2351 5030
4903 2 2 2 1 2402 430 5779
4904 2 2 2 1 1662 3115 4524
4905 2 2 2 1 2606 1381 3827
4906 2 2 2 1 1214 2929 2934
4907 2 2 2 1 653 2916 4248
4908 2 2 2 1 2235 834 4679
4909 2 2 2 1 2885 394 3444
4910 2 2 2 1 2691 519 4696
4911 2 2 2 1 2775 1062 4306
4912 2 2 2 1 1327 2885 3444
4913 2 2 2 1 2929 1102 2934
4914 2 2 2 1 1082 2614 3030
4915 2 2 2 1 2458 1004 3219
4916 2 2 2 1 2375 3309 5026
4917 2 2 2 1 1028 4226 4628
4918 2 2 2 1 2101 3447 4277
4919 2 2 2 1 2518 542 3546
4920 2 2 2 1 3548 911 4882
4921 2 2 2 1 1197 2518 3546
4922 2 2 2 1 2663 888 3855
4923 2 2 2 1 408 3136 3207
4924 2 2 2 1 1294 3544 4289
4925 2 2 2 1 1133 3267 4701
4926 2 2 2 1 3028 1446 3304
4927 2 2 2 1 1109 2243 4872
4928 2 2 2 1 1349 2663 3855
4929 2 2 2 1 1061 3351 4695
4930 2 2 2 1 3136 1337 3207
4931 2 2 2 1 1175 2231 4991
4932 2 2 2 1 2980 4553 5357
4933 2 2 2 1 1787 2647 3851
4934 2 2 2 1 2219 1263 4482
4935 2 2 2 1 375 3516 4585
4936 2 2 2 1 2870 1888 5757
4937 2 2 2 1 1050 2478 4297
4938 2 2 2 1 2068 3037 3203
4939 2 2 2 1 341 2234 5681
4940 2 2 2 1 3290 1680 3291
4941 2 2 2 1 2717 1390 3848
4942 2 2 2 1 3289 1534 4798
4943 2 2 2 1 2421 760 4838
4944 2 2 2 1 834 2235 4761
4945 2 2 2 1 1040 3290 3291
4946 2 2 2 1 3200 761 3693
4947 2 2 2 1 3552 1435 4291
4948 2 2 2 1 1205 3766 5527
4949 2 2 2 1 1622 2256 5294
4950 2 2 2 1 1694 2602 4008
4951 2 2 2 1 2446 1059 4229
4952 2 2 2 1 1549 3200 3693
4953 2 2 2 1 2230 528 4213
4954 2 2 2 1 1837 4652 5197
4955 2 2 2 1 3219 1004 4472
4956 2 2 2 1 3101 385 4972
4957 2 2 2 1 2357 1100 3505
4958 2 2 2 1 1459 2459 3280
4959 2 2 2 1 2345 389 3540
4960 2 2 2 1 1124 2345 3540
4961 2 2 2 1 3264 383 4046
4962 2 2 2 1 2239 390 5229
4963 2 2 2 1 317 2514 4572
4964 2 2 2 1 2443 1066 3826
4965 2 2 2 1 823 3391 5864
4966 2 2 2 1 1244 4350 4466
4967 2 2 2 1 2514 1501 4572
4968 2 2 2 1 831 2296 4546
4969 2 2 2 1 2799 912 3898
4970 2 2 2 1 590 2713 2954
4971 2 2 2 1 1453 2263 4937
4972 2 2 2 1 3743 1667 4160
4973 2 2 2 1 2503 1069 5626
4974 2 2 2 1 2828 620 3979
4975 2 2 2 1 3286 2518 5167
4976 2 2 2 1 2282 1219 4129
4977 2 2 2 1 1437 2799 3898
4978 2 2 2 1 3559 354 3799
4979 2 2 2 1 3347 1590 3735
4980 2 2 2 1 3179 1753 5259
4981 2 2 2 1 311 310 3468
4982 2 2 2 1 2929 680 3866
4983 2 2 2 1 2234 826 4667
4984 2 2 2 1 539 2966 4365
4985 2 2 2 1 2263 802 4937
4986 2 2 2 1 3243 537 3741
4987 2 2 2 1 1065 2556 3724
4988 2 2 2 1 1903 3515 5513
4989 2 2 2 1 3971 1339 3985
4990 2 2 2 1 922 2547 3139
4991 2 2 2 1 523 4565 4866
4992 2 2 2 1 3266 755 3431
4993 2 2 2 1 2252 1184 3742
4994 2 2 2 1 2855 926 5359
4995 2 2 2 1 515 4240 5443
4996 2 2 2 1 2395 1600 3574
4997 2 2 2 1 435 2222 4152
4998 2 2 2 1 591 5035 5156
4999 2 2 2 1 1470 3266 3431
5000 2 2 2 1 471 2316 5289
5001 2 2 2 1 2236 776 4353
5002 2 2 2 1 1406 3611 4260
5003 2 2 2 1 5598 751 5778
5004 2 2 2 1 2699 1821 4001
5005 2 2 2 1 788 2230 3954
5006 2 2 2 1 534 2522 3160
5007 2 2 2 1 4529 1781 5212
5008 2 2 2 1 1275 2236 4353
5009 2 2 2 1 2512 493 3461
5010 2 2 2 1 728 2694 4763
5011 2 2 2 1 1000 2323 5314
5012 2 2 2 1 4226 2155 4628
5013 2 2 2 1 2176 3258 5587
5014 2 2 2 1 2249 362 3810
5015 2 2 2 1 3491 1801 5455
5016 2 2 2 1 1473 2590 4589
5017 2 2 2 1 1113 5155 5432
5018 2 2 2 1 1339 3245 3985
5019 2 2 2 1 107 108 3414
5020 2 2 2 1 3868 1306 5109
5021 2 2 2 1 2405 2233 5722
5022 2 2 2 1 2277 99 3671
5023 2 2 2 1 919 2610 3565
5024 2 2 2 1 1492 3337 4551
5025 2 2 2 1 2610 1229 3565
5026 2 2 2 1 1120 2265 3718
5027 2 2 2 1 2755 2965 5262
5028 2 2 2 1 2053 5275 5435
5029 2 2 2 1 481 2232 4566
5030 2 2 2 1 3078 1128 3168
5031 2 2 2 1 500 2298 3626
5032 2 2 2 1 1100 2383 3505
5033 2 2 2 1 2336 3614 5807
5034 2 2 2 1 1306 3078 3168
5035 2 2 2 1 710 4321 4467
5036 2 2 2 1 1270 2913 3576
5037 2 2 2 1 924 2508 3300
5038 2 2 2 1 2412 1222 3783
5039 2 2 2 1 1410 2784 4586
5040 2 2 2 1 3070 694 4557
5041 2 2 2 1 1430 2970 3521
5042 2 2 2 1 1459 2655 4915
5043 2 2 2 1 1239 2420 3353
5044 2 2 2 1 992 2570 3125
5045 2 2 2 1 249 2412 3783
5046 2 2 2 1 1057 3226 5679
5047 2 2 2 1 1096 2905 2985
5048 2 2 2 1 2472 537 3243
5049 2 2 2 1 4685 1553 5299
5050 2 2 2 1 1211 3746 5152
5051 2 2 2 1 940 2680 3350
5052 2 2 2 1 2905 1191 2985
5053 2 2 2 1 2398 1037 3710
5054 2 2 2 1 5208 1763 5771
5055 2 2 2 1 125 126 3408
5056 2 2 2 1 2257 480 4215
5057 2 2 2 1 2714 1096 2985
5058 2 2 2 1 2275 944 3711
5059 2 2 2 1 717 3710 4104
5060 2 2 2 1 2372 643 3742
5061 2 2 2 1 3710 1911 4104
5062 2 2 2 1 2099 3996 5331
5063 2 2 2 1 1184 2372 3742
5064 2 2 2 1 2299 1600 5187
5065 2 2 2 1 2291 3715 5541
5066 2 2 2 1 2007 3041 4563
5067 2 2 2 1 68 69 2808
5068 2 2 2 1 3422 477 4786
5069 2 2 2 1 4843 690 5213
5070 2 2 2 1 3109 605 3369
5071 2 2 2 1 1075 2644 5829
5072 2 2 2 1 628 2368 5352
5073 2 2 2 1 2031 3422 4786
5074 2 2 2 1 2810 1104 3489
5075 2 2 2 1 2731 2367 5455
5076 2 2 2 1 2685 319 3233
5077 2 2 2 1 2370 1393 4733
5078 2 2 2 1 1061 2429 3351
5079 2 2 2 1 1378 3109 3369
5080 2 2 2 1 1430 3521 4179
5081 2 2 2 1 2293 1232 4166
5082 2 2 2 1 33 34 4236
5083 2 2 2 1 2259 892 4842
5084 2 2 2 1 2368 1628 5352
5085 2 2 2 1 1696 2376 5573
5086 2 2 2 1 2814 1421 4383
5087 2 2 2 1 1241 3969 4183
5088 2 2 2 1 2344 1361 4525
5089 2 2 2 1 1870 3193 5751
5090 2 2 2 1 2286 1274 4271
5091 2 2 2 1 2425 1612 5223
5092 2 2 2 1 2228 548 4178
5093 2 2 2 1 2262 753 3890
5094 2 2 2 1 2609 1084 3384
5095 2 2 2 1 2508 1060 4719
5096 2 2 2 1 2267 1304 4408
5097 2 2 2 1 962 2344 4525
5098 2 2 2 1 799 2286 4271
5099 2 2 2 1 1133 4701 5863
5100 2 2 2 1 1554 3960 4571
5101 2 2 2 1 1227 2293 4144
5102 2 2 2 1 2760 1299 2953
5103 2 2 2 1 3969 2051 4183
5104 2 2 2 1 508 2286 5381
5105 2 2 2 1 850 2267 4408
5106 2 2 2 1 2951 1107 3166
5107 2 2 2 1 1615 3882 5052
5108 2 2 2 1 655 3347 3735
5109 2 2 2 1 505 4057 5570
5110 2 2 2 1 1225 3612 5277
5111 2 2 2 1 1250 2322 3966
5112 2 2 2 1 627 3334 3861
5113 2 2 2 1 2335 814 3776
5114 2 2 2 1 1016 4833 5567
5115 2 2 2 1 740 2425 5223
5116 2 2 2 1 2702 1472 4855
5117 2 2 2 1 2302 699 3648
5118 2 2 2 1 2251 1235 4336
5119 2 2 2 1 3301 1224 3801
5120 2 2 2 1 1485 4624 4997
5121 2 2 2 1 2419 875 3987
5122 2 2 2 1 2489 569 4439
5123 2 2 2 1 2419 1078 3392
5124 2 2 2 1 4422 1894 5230
5125 2 2 2 1 3715 342 5541
5126 2 2 2 1 1390 2717 3925
5127 2 2 2 1 2687 1760 5566
5128 2 2 2 1 2717 594 3925
5129 2 2 2 1 1617 3301 3801
5130 2 2 2 1 1404 3003 3202
5131 2 2 2 1 919 4163 5343
5132 2 2 2 1 112 113 4520
5133 2 2 2 1 1424 4529 5212
5134 2 2 2 1 1708 2916 5839
5135 2 2 2 1 29 2357 3505
5136 2 2 2 1 2674 3753 5173
5137 2 2 2 1 2282 398 5025
5138 2 2 2 1 1187 2919 3850
5139 2 2 2 1 514 2664 4695
5140 2 2 2 1 1418 3254 4086
5141 2 2 2 1 617 2237 4384
5142 2 2 2 1 1183 2262 3890
5143 2 2 2 1 1604 2630 4237
5144 2 2 2 1 3561 1461 4081
5145 2 2 2 1 3160 2522 5630
5146 2 2 2 1 1426 2705 3060
5147 2 2 2 1 2783 1094 3520
5148 2 2 2 1 2280 1139 4102
5149 2 2 2 1 2925 599 4529
5150 2 2 2 1 3614 426 5807
5151 2 2 2 1 2631 1105 4705
5152 2 2 2 1 3031 1310 3111
5153 2 2 2 1 2533 1477 4865
5154 2 2 2 1 1733 5609 5843
5155 2 2 2 1 2342 801 4511
5156 2 2 2 1 3332 1719 4402
5157 2 2 2 1 3663 394 4400
5158 2 2 2 1 1810 2791 5716
5159 2 2 2 1 1666 2365 5506
5160 2 2 2 1 2308 800 4388
5161 2 2 2 1 2365 1115 5506
5162 2 2 2 1 2306 916 3655
5163 2 2 2 1 3097 483 5691
5164 2 2 2 1 358 2243 5159
5165 2 2 2 1 3149 1592 3483
5166 2 2 2 1 2869 1252 3241
5167 2 2 2 1 2333 90 4610
5168 2 2 2 1 2538 1063 4495
5169 2 2 2 1 1045 2417 3416
5170 2 2 2 1 652 3031 3111
5171 2 2 2 1 2096 3153 5747
5172 2 2 2 1 1052 2608 5141
5173 2 2 2 1 2441 3157 4944
5174 2 2 2 1 1071 2427 3569
5175 2 2 2 1 1573 2328 5265
5176 2 2 2 1 2271 1690 4976
5177 2 2 2 1 3334 1655 3861
5178 2 2 2 1 2397 552 3942
5179 2 2 2 1 2608 1700 5141
5180 2 2 2 1 3451 1144 5860
5181 2 2 2 1 1700 3106 4690
5182 2 2 2 1 400 2869 3241
5183 2 2 2 1 1303 2261 4859
5184 2 2 2 1 2452 928 3331
5185 2 2 2 1 1241 2397 3942
5186 2 2 2 1 100 101 3817
5187 2 2 2 1 2905 1096 4174
5188 2 2 2 1 2959 1763 3363
5189 2 2 2 1 3447 1169 4568
5190 2 2 2 1 2477 825 5274
5191 2 2 2 1 3484 1758 5063
5192 2 2 2 1 1490 3005 3180
5193 2 2 2 1 3633 919 5343
5194 2 2 2 1 971 2959 3363
5195 2 2 2 1 3400 604 5236
5196 2 2 2 1 548 2719 3013
5197 2 2 2 1 2438 1109 3429
5198 2 2 2 1 2745 13 4079
5199 2 2 2 1 499 2347 5329
5200 2 2 2 1 1662 2976 3115
5201 2 2 2 1 3344 1848 5392
5202 2 2 2 1 1153 2259 4842
5203 2 2 2 1 1592 3149 4135
5204 2 2 2 1 551 2384 4987
5205 2 2 2 1 2614 341 3149
5206 2 2 2 1 2337 850 4408
5207 2 2 2 1 553 2290 3757
5208 2 2 2 1 2313 1049 3673
5209 2 2 2 1 1245 3376 5044
5210 2 2 2 1 36 2692 3086
5211 2 2 2 1 2293 1227 4080
5212 2 2 2 1 1888 2862 3673
5213 2 2 2 1 738 2293 4080
5214 2 2 2 1 2264 1099 4884
5215 2 2 2 1 2240 1566 4373
5216 2 2 2 1 3000 2839 5282
5217 2 2 2 1 1118 2614 3149
5218 2 2 2 1 1139 2857 2914
5219 2 2 2 1 2655 1459 4993
5220 2 2 2 1 2252 532 4502
5221 2 2 2 1 2880 955 5165
5222 2 2 2 1 2848 665 5339
5223 2 2 2 1 1607 2353 5363
5224 2 2 2 1 2341 1342 5569
5225 2 2 2 1 5044 3376 5828
5226 2 2 2 1 2689 3223 4514
5227 2 2 2 1 2952 1604 3613
5228 2 2 2 1 2397 1343 4391
5229 2 2 2 1 2354 1199 5042
5230 2 2 2 1 1393 2370 4768
5231 2 2 2 1 652 2338 4526
5232 2 2 2 1 1201 3678 5542
5233 2 2 2 1 552 2397 4391
5234 2 2 2 1 1955 2655 3265
5235 2 2 2 1 2693 1315 3789
5236 2 2 2 1 2756 927 5607
5237 2 2 2 1 364 2780 5673
5238 2 2 2 1 1094 2783 2981
5239 2 2 2 1 2780 1975 5673
5240 2 2 2 1 3327 1720 4076
5241 2 2 2 1 2464 3291 4680
5242 2 2 2 1 1302 3327 4076
5243 2 2 2 1 1628 2368 3547
5244 2 2 2 1 3388 416 5294
5245 2 2 2 1 2338 1352 4526
5246 2 2 2 1 2500 1216 3271
5247 2 2 2 1 1334 2540 4334
5248 2 2 2 1 4484 1582 5527
5249 2 2 2 1 4320 127 5021
5250 2 2 2 1 2879 104 4742
5251 2 2 2 1 2521 843 5040
5252 2 2 2 1 798 3123 5457
5253 2 2 2 1 1108 2355 3590
5254 2 2 2 1 2450 1228 4079
5255 2 2 2 1 1498 2986 5293
5256 2 2 2 1 2285 626 5231
5257 2 2 2 1 1609 2521 5040
5258 2 2 2 1 4551 3337 5769
5259 2 2 2 1 2677 925 4355
5260 2 2 2 1 148 149 5019
5261 2 2 2 1 2308 318 5135
5262 2 2 2 1 1514 2308 5135
5263 2 2 2 1 5663 1172 5842
5264 2 2 2 1 3408 1162 5204
5265 2 2 2 1 2268 964 4844
5266 2 2 2 1 3864 669 5250
5267 2 2 2 1 2814 4383 5832
5268 2 2 2 1 504 2410 3636
5269 2 2 2 1 1134 2308 4388
5270 2 2 2 1 2253 555 5136
5271 2 2 2 1 1331 3210 3622
5272 2 2 2 1 1148 2297 4156
5273 2 2 2 1 3210 1502 3622
5274 2 2 2 1 264 265 2877
5275 2 2 2 1 1305 2274 3892
5276 2 2 2 1 3360 674 5384
5277 2 2 2 1 1168 2318 3715
5278 2 2 2 1 4365 2966 5350
5279 2 2 2 1 1522 2299 5039
5280 2 2 2 1 1211 2307 3746
5281 2 2 2 1 2540 1334 4108
5282 2 2 2 1 3297 3104 5125
5283 2 2 2 1 3379 1242 3861
5284 2 2 2 1 625 2540 4108
5285 2 2 2 1 473 2268 4775
5286 2 2 2 1 1401 2547 5267
5287 2 2 2 1 406 2668 3439
5288 2 2 2 1 3269 1369 3358
5289 2 2 2 1 2668 1213 3439
5290 2 2 2 1 180 181 3842
5291 2 2 2 1 3104 392 5583
5292 2 2 2 1 760 2421 4926
5293 2 2 2 1 2894 1472 4851
5294 2 2 2 1 2268 1387 4775
5295 2 2 2 1 2421 1510 4926
5296 2 2 2 1 3159 1135 4033
5297 2 2 2 1 541 2287 4598
5298 2 2 2 1 2419 3206 4748
5299 2 2 2 1 1465 3512 4034
5300 2 2 2 1 1655 3379 3861
5301 2 2 2 1 2141 3104 5583
5302 2 2 2 1 2379 1785 5647
5303 2 2 2 1 1361 3993 4525
5304 2 2 2 1 1650 3053 4740
5305 2 2 2 1 3757 1036 5450
5306 2 2 2 1 1097 5268 5399
5307 2 2 2 1 669 3213 4209
5308 2 2 2 1 489 2438 3429
5309 2 2 2 1 2491 503 3613
5310 2 2 2 1 522 3038 5078
5311 2 2 2 1 833 2461 4801
5312 2 2 2 1 373 3259 5084
5313 2 2 2 1 2754 1075 5829
5314 2 2 2 1 2311 825 5104
5315 2 2 2 1 1389 2252 4860
5316 2 2 2 1 1718 3232 5313
5317 2 2 2 1 3259 2046 5084
5318 2 2 2 1 2649 730 3523
5319 2 2 2 1 2283 1420 4909
5320 2 2 2 1 790 2283 4909
5321 2 2 2 1 2 73 4345
5322 2 2 2 1 72 2 4345
5323 2 2 2 1 197 198 3112
5324 2 2 2 1 3391 2211 5864
5325 2 2 2 1 2629 1083 3737
5326 2 2 2 1 899 2473 3640
5327 2 2 2 1 812 2456 4475
5328 2 2 2 1 3651 1221 4849
5329 2 2 2 1 1109 2438 5461
5330 2 2 2 1 3028 1105 3837
5331 2 2 2 1 2488 1820 4219
5332 2 2 2 1 2136 3651 4849
5333 2 2 2 1 4196 732 5164
5334 2 2 2 1 1104 2949 4365
5335 2 2 2 1 2302 1267 3797
5336 2 2 2 1 1193 2321 3741
5337 2 2 2 1 1880 2855 5359
5338 2 2 2 1 3268 2131 5731
5339 2 2 2 1 1034 2704 3114
5340 2 2 2 1 3453 1550 4072
5341 2 2 2 1 449 2271 4403
5342 2 2 2 1 1535 3320 5231
5343 2 2 2 1 2271 2523 4403
5344 2 2 2 1 3183 1016 5567
5345 2 2 2 1 2973 2002 3422
5346 2 2 2 1 2508 924 5105
5347 2 2 2 1 3573 2166 4170
5348 2 2 2 1 2382 316 4959
5349 2 2 2 1 2174 3183 5567
5350 2 2 2 1 2934 1102 4747
5351 2 2 2 1 1285 3485 4194
5352 2 2 2 1 1184 2252 4502
5353 2 2 2 1 2482 1317 4269
5354 2 2 2 1 3623 1573 3740
5355 2 2 2 1 1740 4702 5403
5356 2 2 2 1 651 3175 4710
5357 2 2 2 1 825 2314 5274
5358 2 2 2 1 786 2416 3887
5359 2 2 2 1 2997 1055 5606
5360 2 2 2 1 1622 2273 4762
5361 2 2 2 1 1760 2687 3663
5362 2 2 2 1 2692 1116 3086
5363 2 2 2 1 2389 838 5510
5364 2 2 2 1 2687 394 3663
5365 2 2 2 1 1391 2277 4790
5366 2 2 2 1 2381 1029 5078
5367 2 2 2 1 114 3059 5404
5368 2 2 2 1 1474 3614 4984
5369 2 2 2 1 1205 2414 5640
5370 2 2 2 1 561 2264 4090
5371 2 2 2 1 1744 3029 5655
5372 2 2 2 1 3084 566 3337
5373 2 2 2 1 2635 1112 3648
5374 2 2 2 1 2369 463 5733
5375 2 2 2 1 3614 2164 4984
5376 2 2 2 1 3405 633 4385
5377 2 2 2 1 527 2737 4369
5378 2 2 2 1 1505 2395 3574
5379 2 2 2 1 1190 2526 3284
5380 2 2 2 1 2876 1528 4436
5381 2 2 2 1 2399 1675 5548
5382 2 2 2 1 378 2585 3206
5383 2 2 2 1 851 2963 3717
5384 2 2 2 1 2963 1419 3717
5385 2 2 2 1 962 2516 5514
5386 2 2 2 1 3292 737 4126
5387 2 2 2 1 2988 1196 3161
5388 2 2 2 1 1633 2495 3339
5389 2 2 2 1 1257 2266 4265
5390 2 2 2 1 1006 2433 5759
5391 2 2 2 1 746 4905 4928
5392 2 2 2 1 3259 2576 4821
5393 2 2 2 1 868 2520 5519
5394 2 2 2 1 255 256 2958
5395 2 2 2 1 2257 1063 4189
5396 2 2 2 1 1105 3082 3837
5397 2 2 2 1 3210 232 4632
5398 2 2 2 1 4777 1852 5641
5399 2 2 2 1 2684 530 3102
5400 2 2 2 1 2535 2772 4411
5401 2 2 2 1 1461 2569 4081
5402 2 2 2 1 3314 1679 5596
5403 2 2 2 1 1631 4974 5547
5404 2 2 2 1 178 179 2883
5405 2 2 2 1 2288 1024 4846
5406 2 2 2 1 2569 597 4081
5407 2 2 2 1 1172 3623 5842
5408 2 2 2 1 3566 2287 4268
5409 2 2 2 1 1442 4074 4670
5410 2 2 2 1 2740 1525 4749
5411 2 2 2 1 1357 3009 4118
5412 2 2 2 1 2355 1187 3850
5413 2 2 2 1 613 3382 4260
5414 2 2 2 1 2607 1305 3892
5415 2 2 2 1 3088 561 3572
5416 2 2 2 1 875 2481 3987
5417 2 2 2 1 343 2267 4577
5418 2 2 2 1 2430 1734 5718
5419 2 2 2 1 2814 622 3919
5420 2 2 2 1 2261 617 4859
5421 2 2 2 1 1242 2781 4802
5422 2 2 2 1 338 2607 3892
5423 2 2 2 1 394 3305 4400
5424 2 2 2 1 4548 1709 5088
5425 2 2 2 1 1043 2527 4152
5426 2 2 2 1 3858 1432 4084
5427 2 2 2 1 2290 553 5115
5428 2 2 2 1 2216 3774 5767
5429 2 2 2 1 3248 1755 4567
5430 2 2 2 1 1501 2514 3318
5431 2 2 2 1 2306 447 4993
5432 2 2 2 1 2786 964 4933
5433 2 2 2 1 2209 2867 4348
5434 2 2 2 1 2276 826 4103
5435 2 2 2 1 1423 3430 4546
5436 2 2 2 1 2335 1155 4048
5437 2 2 2 1 1421 2814 3919
5438 2 2 2 1 1582 3257 5527
5439 2 2 2 1 1175 2393 4177
5440 2 2 2 1 1822 4499 4543
5441 2 2 2 1 494 2276 5582
5442 2 2 2 1 2322 1250 3833
5443 2 2 2 1 1036 2290 3975
5444 2 2 2 1 2401 1256 5531
5445 2 2 2 1 1412 2721 4215
5446 2 2 2 1 3008 960 3875
5447 2 2 2 1 792 3568 5322
5448 2 2 2 1 2969 614 3691
5449 2 2 2 1 1501 3008 3875
5450 2 2 2 1 1132 2763 3048
5451 2 2 2 1 1267 2302 4527
5452 2 2 2 1 2555 566 3871
5453 2 2 2 1 245 246 3969
5454 2 2 2 1 2269 725 4294
5455 2 2 2 1 1384 2262 5729
5456 2 2 2 1 1405 2969 3691
5457 2 2 2 1 1374 2758 3053
5458 2 2 2 1 1667 3743 5145
5459 2 2 2 1 830 2331 3815
5460 2 2 2 1 4065 2497 4950
5461 2 2 2 1 212 2999 5053
5462 2 2 2 1 2997 625 3650
5463 2 2 2 1 510 2541 4060
5464 2 2 2 1 3324 1651 4636
5465 2 2 2 1 2267 850 4865
5466 2 2 2 1 1219 2282 5025
5467 2 2 2 1 3149 341 4135
5468 2 2 2 1 1400 2997 3650
5469 2 2 2 1 1503 2498 3620
5470 2 2 2 1 3143 1920 5262
5471 2 2 2 1 2296 831 4862
5472 2 2 2 1 1405 2296 4862
5473 2 2 2 1 2733 1762 3674
5474 2 2 2 1 964 3600 4844
5475 2 2 2 1 2828 3979 5607
5476 2 2 2 1 2993 644 3327
5477 2 2 2 1 722 2303 3913
5478 2 2 2 1 2318 1168 4549
5479 2 2 2 1 991 2378 5401
5480 2 2 2 1 429 2280 4102
5481 2 2 2 1 193 194 3293
5482 2 2 2 1 1302 2993 3327
5483 2 2 2 1 2908 1158 3752
5484 2 2 2 1 2498 1590 3620
5485 2 2 2 1 704 2545 4772
5486 2 2 2 1 10 11 2889
5487 2 2 2 1 925 2777 4355
5488 2 2 2 1 3712 1585 4946
5489 2 2 2 1 1318 2558 4025
5490 2 2 2 1 1212 2713 3412
5491 2 2 2 1 1209 3100 3632
5492 2 2 2 1 2012 3236 5072
5493 2 2 2 1 3236 946 5072
5494 2 2 2 1 2713 590 3412
5495 2 2 2 1 1680 3203 5824
5496 2 2 2 1 2575 1076 4457
5497 2 2 2 1 2558 325 4025
5498 2 2 2 1 2672 561 5595
5499 2 2 2 1 426 2295 4001
5500 2 2 2 1 5348 1880 5359
5501 2 2 2 1 4011 1279 4552
5502 2 2 2 1 3100 1602 3632
5503 2 2 2 1 76 2504 4914
5504 2 2 2 1 2278 799 4271
5505 2 2 2 1 2366 1440 3709
5506 2 2 2 1 2275 1487 4713
5507 2 2 2 1 2224 3509 5432
5508 2 2 2 1 958 3097 5368
5509 2 2 2 1 868 2291 4045
5510 2 2 2 1 2614 1082 5205
5511 2 2 2 1 211 212 5053
5512 2 2 2 1 1049 2313 4960
5513 2 2 2 1 2668 1207 4301
5514 2 2 2 1 3097 2052 5368
5515 2 2 2 1 1417 4040 4651
5516 2 2 2 1 3176 1372 4663
5517 2 2 2 1 999 2698 3261
5518 2 2 2 1 746 4304 4905
5519 2 2 2 1 558 2945 3570
5520 2 2 2 1 2692 37 4142
5521 2 2 2 1 3107 736 5563
5522 2 2 2 1 588 3512 4941
5523 2 2 2 1 1237 2621 3672
5524 2 2 2 1 4790 2277 5124
5525 2 2 2 1 1881 2279 4445
5526 2 2 2 1 1983 3868 5109
5527 2 2 2 1 278 4422 4804
5528 2 2 2 1 2827 1984 4955
5529 2 2 2 1 4288 2434 5709
5530 2 2 2 1 113 3543 4520
5531 2 2 2 1 2499 602 4550
5532 2 2 2 1 632 2843 3754
5533 2 2 2 1 2286 799 4146
5534 2 2 2 1 1433 2499 4550
5535 2 2 2 1 1793 3838 4637
5536 2 2 2 1 3264 4046 5340
5537 2 2 2 1 2287 1163 4598
5538 2 2 2 1 919 2288 4163
5539 2 2 2 1 1229 2610 4750
5540 2 2 2 1 2648 666 4692
5541 2 2 2 1 4350 1956 4466
5542 2 2 2 1 2697 377 5719
5543 2 2 2 1 3717 1560 4022
5544 2 2 2 1 3075 1077 3120
5545 2 2 2 1 2590 866 4589
5546 2 2 2 1 127 128 5021
5547 2 2 2 1 647 4280 4835
5548 2 2 2 1 2052 3097 5691
5549 2 2 2 1 1385 3075 3120
5550 2 2 2 1 693 3849 5614
5551 2 2 2 1 2530 604 4226
5552 2 2 2 1 580 3232 3343
5553 2 2 2 1 1154 2452 5835
5554 2 2 2 1 859 4790 5124
5555 2 2 2 1 2391 439 3758
5556 2 2 2 1 2848 1081 4810
5557 2 2 2 1 2986 3540 5293
5558 2 2 2 1 2621 607 3672
5559 2 2 2 1 296 2496 3477
5560 2 2 2 1 1097 2821 5268
5561 2 2 2 1 2371 1473 3733
5562 2 2 2 1 4004 1402 5620
5563 2 2 2 1 3141 1197 3188
5564 2 2 2 1 5128 2997 5606
5565 2 2 2 1 4033 1135 5364
5566 2 2 2 1 1382 2580 3287
5567 2 2 2 1 2997 1400 3057
5568 2 2 2 1 531 2739 3108
5569 2 2 2 1 1478 3281 4364
5570 2 2 2 1 2372 1184 3734
5571 2 2 2 1 1296 3141 3188
5572 2 2 2 1 2305 478 4825
5573 2 2 2 1 665 4537 5339
5574 2 2 2 1 2573 1187 4172
5575 2 2 2 1 301 300 3739
5576 2 2 2 1 2352 129 3813
5577 2 2 2 1 2294 870 4154
5578 2 2 2 1 4502 532 4594
5579 2 2 2 1 2098 4011 4552
5580 2 2 2 1 45 2393 5057
5581 2 2 2 1 2787 1857 3913
5582 2 2 2 1 1870 2351 5615
5583 2 2 2 1 381 2567 5207
5584 2 2 2 1 2348 852 5330
5585 2 2 2 1 3666 1357 4118
5586 2 2 2 1 3693 1567 4900
5587 2 2 2 1 1135 2386 5364
5588 2 2 2 1 1411 3592 4726
5589 2 2 2 1 3915 2770 5442
5590 2 2 2 1 1156 2833 3033
5591 2 2 2 1 715 2734 5298
5592 2 2 2 1 4194 3485 4957
5593 2 2 2 1 3244 619 3267
5594 2 2 2 1 4546 3430 5100
5595 2 2 2 1 1357 3244 3267
5596 2 2 2 1 2560 3898 5695
5597 2 2 2 1 3014 554 5646
5598 2 2 2 1 4800 1101 5395
5599 2 2 2 1 183 184 4480
5600 2 2 2 1 2422 1724 5549
5601 2 2 2 1 2932 5526 5866
5602 2 2 2 1 3374 686 4168
5603 2 2 2 1 3509 1113 5432
5604 2 2 2 1 651 4710 5523
5605 2 2 2 1 870 2294 4316
5606 2 2 2 1 4803 1020 5695
5607 2 2 2 1 1577 4499 5390
5608 2 2 2 1 2220 2515 4562
5609 2 2 2 1 2295 1712 4554
5610 2 2 2 1 866 2350 5034
5611 2 2 2 1 2802 974 4646
5612 2 2 2 1 809 2370 4733
5613 2 2 2 1 164 165 3091
5614 2 2 2 1 120 3458 4265
5615 2 2 2 1 2680 940 4990
5616 2 2 2 1 2930 1006 3461
5617 2 2 2 1 497 5123 5273
5618 2 2 2 1 3688 1790 3958
5619 2 2 2 1 2364 1026 5796
5620 2 2 2 1 384 2346 4193
5621 2 2 2 1 1624 2828 3158
5622 2 2 2 1 2424 1606 3639
5623 2 2 2 1 535 2325 4002
5624 2 2 2 1 4128 1506 5571
5625 2 2 2 1 1692 2310 5376
5626 2 2 2 1 2828 927 3158
5627 2 2 2 1 2634 490 5092
5628 2 2 2 1 2346 1253 4193
5629 2 2 2 1 3563 634 4798
5630 2 2 2 1 1671 2634 5092
5631 2 2 2 1 1626 3315 4278
5632 2 2 2 1 3847 572 5597
5633 2 2 2 1 523 3146 3330
5634 2 2 2 1 507 4136 4683
5635 2 2 2 1 1223 3688 3958
5636 2 2 2 1 880 2457 3545
5637 2 2 2 1 1584 2305 5744
5638 2 2 2 1 622 2747 5411
5639 2 2 2 1 491 3268 5731
5640 2 2 2 1 1351 2892 3441
5641 2 2 2 1 4464 2029 5258
5642 2 2 2 1 1208 2317 4520
5643 2 2 2 1 2826 1145 3055
5644 2 2 2 1 2300 1325 4583
5645 2 2 2 1 3115 662 4524
5646 2 2 2 1 2677 640 3713
5647 2 2 2 1 794 2300 4583
5648 2 2 2 1 3037 985 5315
5649 2 2 2 1 989 3961 5600
5650 2 2 2 1 319 2341 3952
5651 2 2 2 1 2781 1260 4802
5652 2 2 2 1 1859 3507 5304
5653 2 2 2 1 2625 1373 4168
5654 2 2 2 1 437 2300 4601
5655 2 2 2 1 338 2591 3306
5656 2 2 2 1 2412 1405 3691
5657 2 2 2 1 1547 3615 4613
5658 2 2 2 1 1152 2471 5880
5659 2 2 2 1 686 2625 4168
5660 2 2 2 1 1091 2657 4429
5661 2 2 2 1 1352 2338 3946
5662 2 2 2 1 1341 2391 3758
5663 2 2 2 1 323 2624 4406
5664 2 2 2 1 194 195 4336
5665 2 2 2 1 3208 1523 3779
5666 2 2 2 1 1311 3208 3779
5667 2 2 2 1 327 2385 5312
5668 2 2 2 1 3098 889 4939
5669 2 2 2 1 998 2346 3948
5670 2 2 2 1 4745 1663 5802
5671 2 2 2 1 2624 1441 4406
5672 2 2 2 1 910 2468 3534
5673 2 2 2 1 1582 4484 5642
5674 2 2 2 1 1094 3026 3520
5675 2 2 2 1 2810 301 5581
5676 2 2 2 1 2925 4529 5507
5677 2 2 2 1 446 2520 3435
5678 2 2 2 1 1118 3483 5052
5679 2 2 2 1 1428 2549 4496
5680 2 2 2 1 328 2437 5662
5681 2 2 2 1 2549 902 4496
5682 2 2 2 1 532 2482 4594
5683 2 2 2 1 2482 1420 4594
5684 2 2 2 1 3345 417 4371
5685 2 2 2 1 3207 1407 3480
5686 2 2 2 1 408 3207 3480
5687 2 2 2 1 2496 1127 3477
5688 2 2 2 1 1783 3345 4371
5689 2 2 2 1 4515 1411 4726
5690 2 2 2 1 814 2335 4048
5691 2 2 2 1 2467 919 3565
5692 2 2 2 1 2789 1319 5221
5693 2 2 2 1 965 2474 5855
5694 2 2 2 1 1271 3270 3275
5695 2 2 2 1 2474 1771 5855
5696 2 2 2 1 897 3618 4878
5697 2 2 2 1 3137 1390 3925
5698 2 2 2 1 2326 973 4737
5699 2 2 2 1 2356 632 3909
5700 2 2 2 1 1037 2962 3165
5701 2 2 2 1 1102 3297 4747
5702 2 2 2 1 1721 3679 3806
5703 2 2 2 1 266 267 3218
5704 2 2 2 1 3679 1286 3806
5705 2 2 2 1 1366 2528 3856
5706 2 2 2 1 1167 3250 3380
5707 2 2 2 1 2312 817 4611
5708 2 2 2 1 656 2373 4377
5709 2 2 2 1 3250 1389 3380
5710 2 2 2 1 1519 2320 4230
5711 2 2 2 1 488 2337 4088
5712 2 2 2 1 2149 4231 4312
5713 2 2 2 1 4231 935 4312
5714 2 2 2 1 1679 2360 5164
5715 2 2 2 1 2373 1304 4377
5716 2 2 2 1 1965 2459 5789
5717 2 2 2 1 2751 1190 4347
5718 2 2 2 1 3322 5122 5606
5719 2 2 2 1 2386 624 5285
5720 2 2 2 1 533 2465 5557
5721 2 2 2 1 1252 2964 3178
5722 2 2 2 1 2352 1520 5021
5723 2 2 2 1 1628 2320 5352
5724 2 2 2 1 2158 4502 4594
5725 2 2 2 1 3133 718 3960
5726 2 2 2 1 153 2440 3637
5727 2 2 2 1 2320 1519 4608
5728 2 2 2 1 730 2796 3523
5729 2 2 2 1 2347 837 4037
5730 2 2 2 1 2805 706 5178
5731 2 2 2 1 1470 4167 4433
5732 2 2 2 1 2433 1162 5759
5733 2 2 2 1 365 4145 5693
5734 2 2 2 1 1554 3133 3960
5735 2 2 2 1 2453 1179 3970
5736 2 2 2 1 631 3749 4975
5737 2 2 2 1 1114 2592 3900
5738 2 2 2 1 2363 1361 5434
5739 2 2 2 1 1485 2574 3699
5740 2 2 2 1 3547 473 5674
5741 2 2 2 1 2370 539 4768
5742 2 2 2 1 2894 4851 5704
5743 2 2 2 1 683 3248 4567
5744 2 2 2 1 1161 3294 4760
5745 2 2 2 1 3036 2454 4523
5746 2 2 2 1 2417 1261 4073
5747 2 2 2 1 240 241 2961
5748 2 2 2 1 1204 2349 4534
5749 2 2 2 1 620 3098 3979
5750 2 2 2 1 2475 586 3577
5751 2 2 2 1 647 2318 4549
5752 2 2 2 1 3098 1548 3979
5753 2 2 2 1 1996 2327 5693
5754 2 2 2 1 2574 864 3699
5755 2 2 2 1 1403 2464 4680
5756 2 2 2 1 2325 823 4318
5757 2 2 2 1 1871 2415 5421
5758 2 2 2 1 2105 3916 5193
5759 2 2 2 1 3302 1432 3858
5760 2 2 2 1 4253 2253 5136
5761 2 2 2 1 928 2712 3331
5762 2 2 2 1 2565 95 3923
5763 2 2 2 1 2452 550 5835
5764 2 2 2 1 2712 1259 3331
5765 2 2 2 1 1333 3189 3514
5766 2 2 2 1 2596 1289 4319
5767 2 2 2 1 13 14 4079
5768 2 2 2 1 1888 3673 5502
5769 2 2 2 1 200 201 3073
5770 2 2 2 1 3618 2055 4878
5771 2 2 2 1 2647 882 3851
5772 2 2 2 1 2643 523 4866
5773 2 2 2 1 862 2746 4908
5774 2 2 2 1 2655 447 3265
5775 2 2 2 1 1008 2476 3966
5776 2 2 2 1 3617 506 5560
5777 2 2 2 1 1767 3360 3362
5778 2 2 2 1 2746 1660 4908
5779 2 2 2 1 2476 1250 3966
5780 2 2 2 1 2473 558 5358
5781 2 2 2 1 1662 4635 5316
5782 2 2 2 1 946 2797 3576
5783 2 2 2 1 455 2387 3862
5784 2 2 2 1 1697 3835 4217
5785 2 2 2 1 601 2324 4545
5786 2 2 2 1 2206 4128 5571
5787 2 2 2 1 2797 1270 3576
5788 2 2 2 1 3360 1054 3362
5789 2 2 2 1 2607 899 3640
5790 2 2 2 1 3767 435 4900
5791 2 2 2 1 1116 2606 3811
5792 2 2 2 1 1099 2685 3233
5793 2 2 2 1 475 2960 4974
5794 2 2 2 1 2456 812 4643
5795 2 2 2 1 2975 1135 3832
5796 2 2 2 1 3958 2234 5553
5797 2 2 2 1 1283 3780 4569
5798 2 2 2 1 1007 2957 5439
5799 2 2 2 1 3717 4022 5854
5800 2 2 2 1 1465 3342 3512
5801 2 2 2 1 1381 2692 4142
5802 2 2 2 1 2462 4103 5589
5803 2 2 2 1 2403 821 5313
5804 2 2 2 1 1371 4154 4381
5805 2 2 2 1 3342 1182 3512
5806 2 2 2 1 1111 2782 4228
5807 2 2 2 1 2332 3617 5560
5808 2 2 2 1 2393 1175 4991
5809 2 2 2 1 304 303 4003
5810 2 2 2 1 541 2358 4268
5811 2 2 2 1 1477 2533 5085
5812 2 2 2 1 563 2340 4194
5813 2 2 2 1 2151 4004 5620
5814 2 2 2 1 2553 969 5576
5815 2 2 2 1 1656 2333 4610
5816 2 2 2 1 1643 3018 5484
5817 2 2 2 1 3241 1252 4540
5818 2 2 2 1 1916 3927 4047
5819 2 2 2 1 2992 1134 3940
5820 2 2 2 1 3304 1446 4385
5821 2 2 2 1 3927 1218 4047
5822 2 2 2 1 3190 1982 4391
5823 2 2 2 1 2341 882 5539
5824 2 2 2 1 974 2334 4646
5825 2 2 2 1 1353 3843 3939
5826 2 2 2 1 3295 1161 5353
5827 2 2 2 1 2365 2001 5099
5828 2 2 2 1 3329 723 4776
5829 2 2 2 1 1051 2773 3740
5830 2 2 2 1 1515 3503 4880
5831 2 2 2 1 3503 2023 4880
5832 2 2 2 1 2788 1111 4228
5833 2 2 2 1 4253 2124 4592
5834 2 2 2 1 2333 1527 4492
5835 2 2 2 1 1922 3329 4776
5836 2 2 2 1 2334 1301 4646
5837 2 2 2 1 3105 327 5312
5838 2 2 2 1 2332 1496 4463
5839 2 2 2 1 1201 2483 3678
5840 2 2 2 1 1809 3395 5622
5841 2 2 2 1 526 2456 4424
5842 2 2 2 1 1406 2372 5038
5843 2 2 2 1 2427 415 3883
5844 2 2 2 1 1997 3105 5312
5845 2 2 2 1 2483 257 3678
5846 2 2 2 1 2425 1145 3947
5847 2 2 2 1 2409 393 3824
5848 2 2 2 1 1343 2397 4612
5849 2 2 2 1 1679 4815 5596
5850 2 2 2 1 2456 1341 4424
5851 2 2 2 1 959 3153 4261
5852 2 2 2 1 3924 885 4054
5853 2 2 2 1 1194 2427 3883
5854 2 2 2 1 2422 1160 4687
5855 2 2 2 1 313 312 3027
5856 2 2 2 1 3377 1181 4081
5857 2 2 2 1 1598 2339 4342
5858 2 2 2 1 1361 2363 3993
5859 2 2 2 1 1061 3062 4714
5860 2 2 2 1 1328 2330 5146
5861 2 2 2 1 2513 930 5394
5862 2 2 2 1 4031 2306 4993
5863 2 2 2 1 1002 3203 4767
5864 2 2 2 1 520 2609 3384
5865 2 2 2 1 1672 2513 5394
5866 2 2 2 1 2347 1316 4517
5867 2 2 2 1 1604 4237 5200
5868 2 2 2 1 1532 2404 3853
5869 2 2 2 1 1161 3381 5353
5870 2 2 2 1 2350 866 4752
5871 2 2 2 1 1459 4031 4993
5872 2 2 2 1 837 2347 4517
5873 2 2 2 1 1157 3768 4171
5874 2 2 2 1 2859 983 5158
5875 2 2 2 1 1115 2666 3897
5876 2 2 2 1 2362 1511 5029
5877 2 2 2 1 699 3110 3126
5878 2 2 2 1 840 2388 5572
5879 2 2 2 1 2388 686 5602
5880 2 2 2 1 2736 1009 3222
5881 2 2 2 1 3110 1333 3126
5882 2 2 2 1 983 2859 3629
5883 2 2 2 1 3198 1354 3591
5884 2 2 2 1 1359 4233 5726
5885 2 2 2 1 2642 1354 4471
5886 2 2 2 1 2109 3757 5450
5887 2 2 2 1 607 2621 3632
5888 2 2 2 1 4553 637 5357
5889 2 2 2 1 983 2385 5158
5890 2 2 2 1 1142 2617 3383
5891 2 2 2 1 2104 3029 5369
5892 2 2 2 1 2484 1886 5868
5893 2 2 2 1 650 3096 4129
5894 2 2 2 1 937 2592 4716
5895 2 2 2 1 1473 2371 5055
5896 2 2 2 1 1355 2350 4752
5897 2 2 2 1 830 2368 5046
5898 2 2 2 1 3119 1639 4901
5899 2 2 2 1 2371 581 5055
5900 2 2 2 1 502 2380 5478
5901 2 2 2 1 2598 1792 3998
5902 2 2 2 1 598 2598 3998
5903 2 2 2 1 1111 2788 4785
5904 2 2 2 1 3774 843 5767
5905 2 2 2 1 2351 409 4309
5906 2 2 2 1 1253 2346 4781
5907 2 2 2 1 4136 2071 4683
5908 2 2 2 1 2917 2486 5065
5909 2 2 2 1 2639 1324 3487
5910 2 2 2 1 1907 3701 4519
5911 2 2 2 1 1098 2491 3613
5912 2 2 2 1 1271 3050 3270
5913 2 2 2 1 1509 2623 3387
5914 2 2 2 1 846 3079 4124
5915 2 2 2 1 3050 564 3270
5916 2 2 2 1 2957 5341 5439
5917 2 2 2 1 2397 1241 4183
5918 2 2 2 1 4701 619 5253
5919 2 2 2 1 943 2384 3980
5920 2 2 2 1 999 2415 5300
5921 2 2 2 1 3841 2008 4692
5922 2 2 2 1 1362 3743 4160
5923 2 2 2 1 619 3604 5253
5924 2 2 2 1 1080 3645 4772
5925 2 2 2 1 3013 1067 4291
5926 2 2 2 1 4016 383 4486
5927 2 2 2 1 4535 2023 5301
5928 2 2 2 1 3522 1689 3931
5929 2 2 2 1 1132 3048 5011
5930 2 2 2 1 2651 515 4839
5931 2 2 2 1 2660 326 4395
5932 2 2 2 1 2888 1034 3096
5933 2 2 2 1 1685 2595 3744
5934 2 2 2 1 2621 1209 3632
5935 2 2 2 1 1440 2366 4981
5936 2 2 2 1 2868 359 4230
5937 2 2 2 1 4893 1245 5611
5938 2 2 2 1 3721 1784 3979
5939 2 2 2 1 1548 3721 3979
5940 2 2 2 1 1444 2660 4395
5941 2 2 2 1 1703 4192 4270
5942 2 2 2 1 1170 2819 3330
5943 2 2 2 1 2704 589 4425
5944 2 2 2 1 2356 870 4910
5945 2 2 2 1 2408 1238 4113
5946 2 2 2 1 719 2707 5008
5947 2 2 2 1 2649 2967 4606
5948 2 2 2 1 1257 3522 3931
5949 2 2 2 1 558 2408 4113
5950 2 2 2 1 1038 2700 3272
5951 2 2 2 1 2633 1149 3371
5952 2 2 2 1 941 2399 5208
5953 2 2 2 1 594 2401 3925
5954 2 2 2 1 834 2352 4675
5955 2 2 2 1 1082 3227 5804
5956 2 2 2 1 1248 2831 3510
5957 2 2 2 1 2798 1076 3178
5958 2 2 2 1 2831 1599 3510
5959 2 2 2 1 1770 3095 4671
5960 2 2 2 1 1814 2525 4313
5961 2 2 2 1 2899 372 3141
5962 2 2 2 1 554 2870 5757
5963 2 2 2 1 318 2418 5135
5964 2 2 2 1 2410 504 3961
5965 2 2 2 1 2418 1514 5135
5966 2 2 2 1 2589 1398 4607
5967 2 2 2 1 1296 2899 3141
5968 2 2 2 1 3230 1961 4586
5969 2 2 2 1 2366 606 4981
5970 2 2 2 1 4801 2167 4820
5971 2 2 2 1 1806 3191 5246
5972 2 2 2 1 3023 2349 4792
5973 2 2 2 1 1497 3047 3049
5974 2 2 2 1 2456 1336 4475
5975 2 2 2 1 2019 2799 4127
5976 2 2 2 1 3047 1038 3049
5977 2 2 2 1 103 2879 3404
5978 2 2 2 1 954 3991 5460
5979 2 2 2 1 3236 1746 5749
5980 2 2 2 1 1738 2420 5317
5981 2 2 2 1 2106 3847 5597
5982 2 2 2 1 280 3034 4490
5983 2 2 2 1 2410 989 5270
5984 2 2 2 1 3092 1132 5011
5985 2 2 2 1 2367 1017 4130
5986 2 2 2 1 789 4253 4592
5987 2 2 2 1 3701 1375 4519
5988 2 2 2 1 3199 1171 3825
5989 2 2 2 1 3340 2229 5168
5990 2 2 2 1 1562 4410 5858
5991 2 2 2 1 2611 329 4861
5992 2 2 2 1 2432 1005 5429
5993 2 2 2 1 267 268 3765
5994 2 2 2 1 2638 217 4442
5995 2 2 2 1 2358 1240 4268
5996 2 2 2 1 1872 3288 5441
5997 2 2 2 1 2360 567 4867
5998 2 2 2 1 850 2533 4865
5999 2 2 2 1 2972 1271 3275
6000 2 2 2 1 1850 2890 3900
6001 2 2 2 1 1850 3900 5084
6002 2 2 2 1 2691 1324 3300
6003 2 2 2 1 550 2505 5835
6004 2 2 2 1 124 2433 4706
6005 2 2 2 1 3107 1971 4633
6006 2 2 2 1 312 311 4206
6007 2 2 2 1 1663 4070 5802
6008 2 2 2 1 4322 1429 4337
6009 2 2 2 1 2733 1247 3624
6010 2 2 2 1 2626 832 3688
6011 2 2 2 1 3705 1826 5474
6012 2 2 2 1 1226 2928 3260
6013 2 2 2 1 280 279 3034
6014 2 2 2 1 737 3292 3615
6015 2 2 2 1 1055 2997 3057
6016 2 2 2 1 2928 402 3260
6017 2 2 2 1 238 2733 3624
6018 2 2 2 1 3221 615 4175
6019 2 2 2 1 2984 931 5479
6020 2 2 2 1 3292 1468 3615
6021 2 2 2 1 1649 3221 4175
6022 2 2 2 1 1223 2626 3688
6023 2 2 2 1 1117 2711 5380
6024 2 2 2 1 3784 1056 5818
6025 2 2 2 1 4924 1691 5211
6026 2 2 2 1 1165 2820 4618
6027 2 2 2 1 35 36 3086
6028 2 2 2 1 2998 1062 4904
6029 2 2 2 1 2450 933 4010
6030 2 2 2 1 1228 2450 4010
6031 2 2 2 1 3653 2183 5690
6032 2 2 2 1 1040 2464 3838
6033 2 2 2 1 710 2443 3826
6034 2 2 2 1 3887 2416 5845
6035 2 2 2 1 1370 2360 4867
6036 2 2 2 1 1962 4061 5281
6037 2 2 2 1 633 2400 5133
6038 2 2 2 1 2976 1012 3115
6039 2 2 2 1 210 211 3605
6040 2 2 2 1 2931 1117 3840
6041 2 2 2 1 1429 3499 4337
6042 2 2 2 1 1538 2767 4539
6043 2 2 2 1 812 2391 4643
6044 2 2 2 1 3156 1281 3585
6045 2 2 2 1 2767 663 4539
6046 2 2 2 1 2819 1170 3878
6047 2 2 2 1 3595 1428 3928
6048 2 2 2 1 913 2722 5375
6049 2 2 2 1 2387 1445 4832
6050 2 2 2 1 427 2633 3562
6051 2 2 2 1 1395 3156 3585
6052 2 2 2 1 2728 2023 4535
6053 2 2 2 1 1256 2380 5584
6054 2 2 2 1 3049 1038 4712
6055 2 2 2 1 2640 26 4685
6056 2 2 2 1 252 253 3225
6057 2 2 2 1 2469 1379 3749
6058 2 2 2 1 1560 4009 4817
6059 2 2 2 1 439 2391 4947
6060 2 2 2 1 2391 1436 4947
6061 2 2 2 1 279 278 4804
6062 2 2 2 1 3023 1010 5782
6063 2 2 2 1 2675 2035 4923
6064 2 2 2 1 845 2675 4923
6065 2 2 2 1 727 3016 4745
6066 2 2 2 1 1138 3059 4510
6067 2 2 2 1 3158 467 5256
6068 2 2 2 1 389 3151 5792
6069 2 2 2 1 1005 3935 5319
6070 2 2 2 1 2361 471 4359
6071 2 2 2 1 1108 3581 3589
6072 2 2 2 1 2690 1222 4925
6073 2 2 2 1 3581 1875 3589
6074 2 2 2 1 2557 557 4461
6075 2 2 2 1 190 2711 4138
6076 2 2 2 1 92 93 3051
6077 2 2 2 1 2242 4800 5395
6078 2 2 2 1 609 2528 4449
6079 2 2 2 1 2642 1844 3635
6080 2 2 2 1 2549 1428 3595
6081 2 2 2 1 2528 1366 4449
6082 2 2 2 1 2465 1789 5610
6083 2 2 2 1 61 62 3356
6084 2 2 2 1 2420 1239 5238
6085 2 2 2 1 1536 2845 4988
6086 2 2 2 1 2752 1513 3450
6087 2 2 2 1 2932 399 5526
6088 2 2 2 1 1719 3332 4769
6089 2 2 2 1 608 2752 3450
6090 2 2 2 1 4440 242 4955
6091 2 2 2 1 1078 2419 3987
6092 2 2 2 1 987 2973 3422
6093 2 2 2 1 1263 2370 4482
6094 2 2 2 1 3957 2004 5094
6095 2 2 2 1 1093 3024 3278
6096 2 2 2 1 2741 1117 5380
6097 2 2 2 1 2521 225 5261
6098 2 2 2 1 2505 885 3924
6099 2 2 2 1 2757 289 5605
6100 2 2 2 1 1557 3154 4611
6101 2 2 2 1 2701 1368 5148
6102 2 2 2 1 1304 2373 5601
6103 2 2 2 1 2382 1408 5689
6104 2 2 2 1 188 2377 4840
6105 2 2 2 1 3119 2030 3586
6106 2 2 2 1 2394 377 4381
6107 2 2 2 1 4521 531 5784
6108 2 2 2 1 2194 4426 5697
6109 2 2 2 1 618 3119 3586
6110 2 2 2 1 4856 2529 4885
6111 2 2 2 1 3128 1367 3132
6112 2 2 2 1 2652 937 4716
6113 2 2 2 1 332 5730 5811
6114 2 2 2 1 2831 55 4778
6115 2 2 2 1 1575 2458 4868
6116 2 2 2 1 956 2393 4991
6117 2 2 2 1 1110 3128 3132
6118 2 2 2 1 1165 2460 4723
6119 2 2 2 1 2466 993 3799
6120 2 2 2 1 1862 2757 5605
6121 2 2 2 1 3219 1672 5797
6122 2 2 2 1 931 2369 4625
6123 2 2 2 1 1162 2512 5759
6124 2 2 2 1 2377 1275 4353
6125 2 2 2 1 1915 2779 4308
6126 2 2 2 1 2779 904 4308
6127 2 2 2 1 751 3352 5778
6128 2 2 2 1 1563 2477 5274
6129 2 2 2 1 587 2581 3532
6130 2 2 2 1 3705 245 3969
6131 2 2 2 1 3812 1691 4924
6132 2 2 2 1 184 4164 4480
6133 2 2 2 1 2432 606 3935
6134 2 2 2 1 2713 1212 3343
6135 2 2 2 1 2858 1365 3876
6136 2 2 2 1 2402 1711 5543
6137 2 2 2 1 853 3254 3553
6138 2 2 2 1 3786 846 4124
6139 2 2 2 1 5481 2329 5565
6140 2 2 2 1 1993 4359 5117
6141 2 2 2 1 599 2858 3876
6142 2 2 2 1 1756 2672 5595
6143 2 2 2 1 1214 3887 5845
6144 2 2 2 1 509 2981 3309
6145 2 2 2 1 1700 2608 3881
6146 2 2 2 1 676 3009 5201
6147 2 2 2 1 2370 809 4482
6148 2 2 2 1 1223 3958 5553
6149 2 2 2 1 3254 1418 3553
6150 2 2 2 1 2914 511 3930
6151 2 2 2 1 1079 2588 4026
6152 2 2 2 1 2552 1221 3609
6153 2 2 2 1 393 2409 5122
6154 2 2 2 1 1353 4314 4338
6155 2 2 2 1 597 3294 3377
6156 2 2 2 1 666 3841 4692
6157 2 2 2 1 928 4013 5278
6158 2 2 2 1 3294 1368 3377
6159 2 2 2 1 2676 1379 3903
6160 2 2 2 1 1942 2984 5479
6161 2 2 2 1 1352 3946 4216
6162 2 2 2 1 411 2542 4131
6163 2 2 2 1 1289 2596 5224
6164 2 2 2 1 2392 879 4242
6165 2 2 2 1 595 4004 4412
6166 2 2 2 1 1790 2462 5589
6167 2 2 2 1 3162 1170 3888
6168 2 2 2 1 559 3506 5639
6169 2 2 2 1 3990 1582 5642
6170 2 2 2 1 3073 201 3764
6171 2 2 2 1 2582 996 3554
6172 2 2 2 1 3341 1158 4310
6173 2 2 2 1 2956 644 3868
6174 2 2 2 1 1817 2822 5368
6175 2 2 2 1 1179 2453 5026
6176 2 2 2 1 3506 2281 5639
6177 2 2 2 1 1146 2928 5139
6178 2 2 2 1 1374 3146 3634
6179 2 2 2 1 815 2379 4581
6180 2 2 2 1 571 2389 4322
6181 2 2 2 1 4726 1583 5591
6182 2 2 2 1 334 3594 5497
6183 2 2 2 1 3078 382 4794
6184 2 2 2 1 381 2449 5446
6185 2 2 2 1 2822 958 5368
6186 2 2 2 1 2495 1633 5416
6187 2 2 2 1 1351 2708 3366
6188 2 2 2 1 3296 1383 3401
6189 2 2 2 1 2584 352 4310
6190 2 2 2 1 700 3296 3401
6191 2 2 2 1 854 2495 5416
6192 2 2 2 1 329 2661 4861
6193 2 2 2 1 145 146 3756
6194 2 2 2 1 893 2400 4221
6195 2 2 2 1 659 2910 4032
6196 2 2 2 1 1798 3760 5220
6197 2 2 2 1 2828 1624 4734
6198 2 2 2 1 2470 4110 5801
6199 2 2 2 1 1420 3445 5476
6200 2 2 2 1 2386 1382 5364
6201 2 2 2 1 4426 1580 5697
6202 2 2 2 1 2509 1189 3713
6203 2 2 2 1 620 2828 4734
6204 2 2 2 1 2907 1293 3577
6205 2 2 2 1 2431 1025 4013
6206 2 2 2 1 586 2907 3577
6207 2 2 2 1 66 2532 3809
6208 2 2 2 1 1134 4388 4711
6209 2 2 2 1 685 3493 4147
6210 2 2 2 1 3189 434 3514
6211 2 2 2 1 3214 1284 3572
6212 2 2 2 1 2671 457 4579
6213 2 2 2 1 1494 2671 4579
6214 2 2 2 1 2504 77 3731
6215 2 2 2 1 1838 3155 4863
6216 2 2 2 1 823 2544 4318
6217 2 2 2 1 411 5007 5047
6218 2 2 2 1 442 2579 3596
6219 2 2 2 1 3546 542 4314
6220 2 2 2 1 2544 1329 4318
6221 2 2 2 1 1242 3091 3802
6222 2 2 2 1 306 305 4799
6223 2 2 2 1 1799 3546 4314
6224 2 2 2 1 1156 3033 3998
6225 2 2 2 1 667 3321 4097
6226 2 2 2 1 3068 1425 4509
6227 2 2 2 1 1900 3187 5097
6228 2 2 2 1 1780 3924 4054
6229 2 2 2 1 2391 1341 4643
6230 2 2 2 1 3464 5035 5150
6231 2 2 2 1 2617 1142 3944
6232 2 2 2 1 3091 1805 3802
6233 2 2 2 1 977 2673 5280
6234 2 2 2 1 1414 3933 4044
6235 2 2 2 1 3187 994 5097
6236 2 2 2 1 1199 3526 5253
6237 2 2 2 1 1413 2544 4619
6238 2 2 2 1 2424 860 5126
6239 2 2 2 1 2773 524 3740
6240 2 2 2 1 1072 2744 3428
6241 2 2 2 1 3812 777 4994
6242 2 2 2 1 2544 823 4619
6243 2 2 2 1 2400 893 5414
6244 2 2 2 1 3054 977 5280
6245 2 2 2 1 613 2724 3382
6246 2 2 2 1 1925 3054 5280
6247 2 2 2 1 355 2573 4172
6248 2 2 2 1 2885 1177 3305
6249 2 2 2 1 2461 1249 5509
6250 2 2 2 1 641 2424 5127
6251 2 2 2 1 2763 1132 4250
6252 2 2 2 1 2466 354 5520
6253 2 2 2 1 1163 2688 5598
6254 2 2 2 1 3285 1728 5328
6255 2 2 2 1 1438 3349 4435
6256 2 2 2 1 587 2420 5238
6257 2 2 2 1 340 3348 3769
6258 2 2 2 1 5118 1974 5132
6259 2 2 2 1 2790 915 5377
6260 2 2 2 1 1543 2835 3238
6261 2 2 2 1 713 2404 5486
6262 2 2 2 1 3348 1522 3769
6263 2 2 2 1 1388 3981 4307
6264 2 2 2 1 2733 239 5465
6265 2 2 2 1 3609 389 5792
6266 2 2 2 1 3685 1572 4655
6267 2 2 2 1 4595 1420 5476
6268 2 2 2 1 3234 1166 4797
6269 2 2 2 1 1525 2740 5319
6270 2 2 2 1 948 2522 3726
6271 2 2 2 1 550 2554 4220
6272 2 2 2 1 2626 1223 3901
6273 2 2 2 1 3711 1416 3915
6274 2 2 2 1 487 4119 5611
6275 2 2 2 1 2436 1387 4032
6276 2 2 2 1 2795 1129 4493
6277 2 2 2 1 3322 393 5122
6278 2 2 2 1 2936 958 5349
6279 2 2 2 1 2554 1318 4220
6280 2 2 2 1 3069 1755 3248
6281 2 2 2 1 102 103 3404
6282 2 2 2 1 4782 1178 5061
6283 2 2 2 1 2947 732 4729
6284 2 2 2 1 3172 1159 4992
6285 2 2 2 1 1896 2521 5261
6286 2 2 2 1 3663 1269 4068
6287 2 2 2 1 2507 1466 3774
6288 2 2 2 1 3083 1789 3826
6289 2 2 2 1 2852 2029 4464
6290 2 2 2 1 1760 3663 4068
6291 2 2 2 1 2404 1532 5171
6292 2 2 2 1 5730 2331 5811
6293 2 2 2 1 2631 4705 5409
6294 2 2 2 1 1907 2586 3701
6295 2 2 2 1 2626 3901 5523
6296 2 2 2 1 3237 411 5047
6297 2 2 2 1 2647 1756 3550
6298 2 2 2 1 2962 1411 3165
6299 2 2 2 1 2031 4786 5488
6300 2 2 2 1 1462 2398 4597
6301 2 2 2 1 327 2842 3730
6302 2 2 2 1 380 4130 4982
6303 2 2 2 1 882 2647 3550
6304 2 2 2 1 3460 874 5214
6305 2 2 2 1 4797 1166 5047
6306 2 2 2 1 2617 733 4198
6307 2 2 2 1 2090 3460 5214
6308 2 2 2 1 889 3098 5671
6309 2 2 2 1 1993 2730 4359
6310 2 2 2 1 2413 868 4338
6311 2 2 2 1 2409 1298 4453
6312 2 2 2 1 1194 2988 3161
6313 2 2 2 1 2644 160 5829
6314 2 2 2 1 2403 580 4471
6315 2 2 2 1 748 3827 5232
6316 2 2 2 1 2310 3201 4276
6317 2 2 2 1 2879 1123 3404
6318 2 2 2 1 904 2749 4852
6319 2 2 2 1 1465 4827 5389
6320 2 2 2 1 3436 1710 4181
6321 2 2 2 1 428 3436 4181
6322 2 2 2 1 833 4801 4820
6323 2 2 2 1 4164 1980 5087
6324 2 2 2 1 1310 2446 4264
6325 2 2 2 1 2830 1021 3273
6326 2 2 2 1 3094 521 3983
6327 2 2 2 1 1933 3962 5015
6328 2 2 2 1 1593 3956 3965
6329 2 2 2 1 2428 347 4795
6330 2 2 2 1 2432 1440 4981
6331 2 2 2 1 3588 2365 5099
6332 2 2 2 1 2485 582 3865
6333 2 2 2 1 852 2529 4856
6334 2 2 2 1 1350 3754 4575
6335 2 2 2 1 1572 2491 3841
6336 2 2 2 1 2405 573 4663
6337 2 2 2 1 1579 2406 4787
6338 2 2 2 1 614 3409 3691
6339 2 2 2 1 2615 2341 5569
6340 2 2 2 1 2980 1464 4553
6341 2 2 2 1 3170 628 4083
6342 2 2 2 1 2786 1203 4746
6343 2 2 2 1 4276 1541 4952
6344 2 2 2 1 827 2405 4665
6345 2 2 2 1 2407 824 4753
6346 2 2 2 1 1744 3238 5369
6347 2 2 2 1 1013 2893 3482
6348 2 2 2 1 1366 4247 4449
6349 2 2 2 1 2941 1958 5617
6350 2 2 2 1 938 2428 5077
6351 2 2 2 1 2900 962 5514
6352 2 2 2 1 747 2941 5617
6353 2 2 2 1 2832 1378 3369
6354 2 2 2 1 3854 556 4584
6355 2 2 2 1 3270 1246 3275
6356 2 2 2 1 3058 1112 5688
6357 2 2 2 1 2037 3854 4584
6358 2 2 2 1 1583 3983 5591
6359 2 2 2 1 1762 2733 5465
6360 2 2 2 1 1062 3268 4904
6361 2 2 2 1 606 2432 4981
6362 2 2 2 1 2310 4276 4952
6363 2 2 2 1 5100 3551 5444
6364 2 2 2 1 984 3088 3805
6365 2 2 2 1 3842 1421 3919
6366 2 2 2 1 2816 940 3469
6367 2 2 2 1 2497 1239 4950
6368 2 2 2 1 2408 558 4627
6369 2 2 2 1 1772 3842 3919
6370 2 2 2 1 1319 2489 4439
6371 2 2 2 1 811 3169 5781
6372 2 2 2 1 2633 1144 3562
6373 2 2 2 1 1510 2421 4931
6374 2 2 2 1 1420 2482 4909
6375 2 2 2 1 1368 3294 3295
6376 2 2 2 1 3486 2138 5609
6377 2 2 2 1 3294 1161 3295
6378 2 2 2 1 1028 2530 4226
6379 2 2 2 1 2862 352 3673
6380 2 2 2 1 2460 515 5443
6381 2 2 2 1 4083 628 4339
6382 2 2 2 1 364 2426 4272
6383 2 2 2 1 3169 2125 5781
6384 2 2 2 1 2418 957 4435
6385 2 2 2 1 3464 1556 5035
6386 2 2 2 1 2632 328 3681
6387 2 2 2 1 3183 1808 5616
6388 2 2 2 1 3780 1804 4569
6389 2 2 2 1 950 2414 4657
6390 2 2 2 1 1157 2823 3768
6391 2 2 2 1 2556 600 3724
6392 2 2 2 1 3091 165 5302
6393 2 2 2 1 95 2565 5810
6394 2 2 2 1 1198 2632 3681
6395 2 2 2 1 338 3892 4290
6396 2 2 2 1 2894 1601 3352
6397 2 2 2 1 5 316 5689
6398 2 2 2 1 272 2743 5362
6399 2 2 2 1 3725 2192 4920
6400 2 2 2 1 2390 3032 5207
6401 2 2 2 1 1612 2425 4871
6402 2 2 2 1 2659 1352 4216
6403 2 2 2 1 1439 3096 4688
6404 2 2 2 1 1288 3573 4170
6405 2 2 2 1 2302 3797 5758
6406 2 2 2 1 2845 916 4405
6407 2 2 2 1 1512 2845 4405
6408 2 2 2 1 2757 1862 4648
6409 2 2 2 1 3388 1125 3393
6410 2 2 2 1 3844 1947 5251
6411 2 2 2 1 1524 3388 3393
6412 2 2 2 1 2516 962 3823
6413 2 2 2 1 303 302 3489
6414 2 2 2 1 2542 1137 4131
6415 2 2 2 1 160 2644 3977
6416 2 2 2 1 1139 2551 4102
6417 2 2 2 1 60 61 3763
6418 2 2 2 1 4085 1970 5452
6419 2 2 2 1 2741 192 5471
6420 2 2 2 1 539 2407 4768
6421 2 2 2 1 875 2419 4748
6422 2 2 2 1 1164 2840 4094
6423 2 2 2 1 689 5113 5763
6424 2 2 2 1 1174 2753 3399
6425 2 2 2 1 942 2659 4216
6426 2 2 2 1 4661 1587 4940
6427 2 2 2 1 2913 1137 5248
6428 2 2 2 1 2650 533 5557
6429 2 2 2 1 1741 3677 4425
6430 2 2 2 1 2501 2052 5691
6431 2 2 2 1 2610 919 3633
6432 2 2 2 1 1297 3460 3918
6433 2 2 2 1 1429 2818 4672
6434 2 2 2 1 1464 4109 4553
6435 2 2 2 1 543 2627 3908
6436 2 2 2 1 3005 1056 3180
6437 2 2 2 1 1042 4067 4671
6438 2 2 2 1 1305 2607 3640
6439 2 2 2 1 2797 321 3698
6440 2 2 2 1 3841 666 4655
6441 2 2 2 1 1599 2831 4778
6442 2 2 2 1 2722 2258 5375
6443 2 2 2 1 1904 2542 4125
6444 2 2 2 1 1270 2797 3698
6445 2 2 2 1 1160 2422 4501
6446 2 2 2 1 2897 1089 3251
6447 2 2 2 1 2436 473 4775
6448 2 2 2 1 2532 1250 3809
6449 2 2 2 1 2533 850 5851
6450 2 2 2 1 1217 3307 3448
6451 2 2 2 1 448 3147 3250
6452 2 2 2 1 1387 2436 4775
6453 2 2 2 1 3147 1389 3250
6454 2 2 2 1 801 2422 4687
6455 2 2 2 1 3767 1567 5427
6456 2 2 2 1 2423 1650 4740
6457 2 2 2 1 3645 1878 4772
6458 2 2 2 1 2650 946 3576
6459 2 2 2 1 2613 19 5326
6460 2 2 2 1 3439 1357 3666
6461 2 2 2 1 1089 2897 4640
6462 2 2 2 1 2861 459 3968
6463 2 2 2 1 1734 3810 4684
6464 2 2 2 1 1764 2741 5471
6465 2 2 2 1 2529 2348 5840
6466 2 2 2 1 1559 2837 4958
6467 2 2 2 1 1883 3500 4274
6468 2 2 2 1 871 2800 5083
6469 2 2 2 1 849 2501 5659
6470 2 2 2 1 2800 1697 5083
6471 2 2 2 1 2750 1575 3934
6472 2 2 2 1 2872 698 4816
6473 2 2 2 1 3143 2193 4273
6474 2 2 2 1 2434 1571 5709
6475 2 2 2 1 3597 1449 4082
6476 2 2 2 1 235 236 3172
6477 2 2 2 1 2512 1006 5759
6478 2 2 2 1 2989 1004 3338
6479 2 2 2 1 4063 1439 4688
6480 2 2 2 1 181 182 3182
6481 2 2 2 1 1532 3403 3736
6482 2 2 2 1 3397 2177 4048
6483 2 2 2 1 155 2740 4749
6484 2 2 2 1 2156 4063 4688
6485 2 2 2 1 3307 1384 3448
6486 2 2 2 1 28 29 3505
6487 2 2 2 1 2719 548 5424
6488 2 2 2 1 4191 2017 5583
6489 2 2 2 1 1766 3883 3902
6490 2 2 2 1 4261 1814 5337
6491 2 2 2 1 2468 1219 5025
6492 2 2 2 1 3403 647 3736
6493 2 2 2 1 1035 3193 5615
6494 2 2 2 1 2537 3589 4532
6495 2 2 2 1 3883 415 3902
6496 2 2 2 1 897 2671 3618
6497 2 2 2 1 455 3288 4508
6498 2 2 2 1 527 2446 4229
6499 2 2 2 1 328 2984 3681
6500 2 2 2 1 2650 1146 5072
6501 2 2 2 1 2436 982 4346
6502 2 2 2 1 2586 617 3701
6503 2 2 2 1 141 142 3746
6504 2 2 2 1 1117 3213 3840
6505 2 2 2 1 660 3280 5427
6506 2 2 2 1 741 2564 4686
6507 2 2 2 1 3003 1087 3202
6508 2 2 2 1 483 3239 4869
6509 2 2 2 1 3280 2063 5427
6510 2 2 2 1 3861 1242 4802
6511 2 2 2 1 4404 1861 5878
6512 2 2 2 1 134 135 3179
6513 2 2 2 1 2008 4406 4692
6514 2 2 2 1 1391 2727 4267
6515 2 2 2 1 2448 1264 4282
6516 2 2 2 1 2427 1194 4883
6517 2 2 2 1 2118 2982 4494
6518 2 2 2 1 2409 4453 5378
6519 2 2 2 1 2984 1942 3681
6520 2 2 2 1 2652 767 4922
6521 2 2 2 1 2727 97 4267
6522 2 2 2 1 1328 3702 4302
6523 2 2 2 1 2742 551 4987
6524 2 2 2 1 2555 3871 5464
6525 2 2 2 1 3239 2157 4869
6526 2 2 2 1 2892 510 5658
6527 2 2 2 1 5335 2138 5760
6528 2 2 2 1 1382 3287 4033
6529 2 2 2 1 3272 538 4462
6530 2 2 2 1 545 2503 5626
6531 2 2 2 1 793 3766 5095
6532 2 2 2 1 3702 1833 4302
6533 2 2 2 1 132 2429 4714
6534 2 2 2 1 3170 1754 5046
6535 2 2 2 1 3766 2161 5095
6536 2 2 2 1 594 2717 5490
6537 2 2 2 1 3085 1051 3740
6538 2 2 2 1 962 2909 3823
6539 2 2 2 1 4453 891 5378
6540 2 2 2 1 2909 1370 3823
6541 2 2 2 1 3786 1562 5858
6542 2 2 2 1 2470 966 4110
6543 2 2 2 1 346 4613 5868
6544 2 2 2 1 1050 4297 4834
6545 2 2 2 1 2228 4178 5183
6546 2 2 2 1 2855 1880 5031
6547 2 2 2 1 2433 124 5204
6548 2 2 2 1 418 2451 4227
6549 2 2 2 1 1192 2511 4331
6550 2 2 2 1 1673 3652 5698
6551 2 2 2 1 1655 2754 5112
6552 2 2 2 1 2915 1169 3785
6553 2 2 2 1 1454 2667 4894
6554 2 2 2 1 2590 1473 5055
6555 2 2 2 1 3716 1395 5451
6556 2 2 2 1 784 2642 3635
6557 2 2 2 1 3850 2919 4682
6558 2 2 2 1 4156 2297 4937
6559 2 2 2 1 130 131 5284
6560 2 2 2 1 1360 3073 3764
6561 2 2 2 1 5070 2808 5732
6562 2 2 2 1 2853 1878 3385
6563 2 2 2 1 2458 1575 5522
6564 2 2 2 1 1567 3693 4503
6565 2 2 2 1 562 2461 5509
6566 2 2 2 1 1234 2493 4095
6567 2 2 2 1 802 4156 4937
6568 2 2 2 1 173 174 4018
6569 2 2 2 1 2553 575 3972
6570 2 2 2 1 1231 2553 3972
6571 2 2 2 1 3833 694 5101
6572 2 2 2 1 2493 709 4095
6573 2 2 2 1 261 2455 4217
6574 2 2 2 1 371 2978 4055
6575 2 2 2 1 3544 333 4575
6576 2 2 2 1 2928 1146 4973
6577 2 2 2 1 2643 984 3634
6578 2 2 2 1 2961 1762 5465
6579 2 2 2 1 2520 868 5720
6580 2 2 2 1 1699 2520 5720
6581 2 2 2 1 1497 3049 4072
6582 2 2 2 1 3337 566 5147
6583 2 2 2 1 4180 2037 4584
6584 2 2 2 1 522 2507 5634
6585 2 2 2 1 208 209 3199
6586 2 2 2 1 3049 610 4072
6587 2 2 2 1 1869 3544 4575
6588 2 2 2 1 2711 190 5380
6589 2 2 2 1 584 2933 3271
6590 2 2 2 1 3528 1499 4169
6591 2 2 2 1 3037 482 3203
6592 2 2 2 1 394 2885 3305
6593 2 2 2 1 778 2441 4944
6594 2 2 2 1 131 3062 5284
6595 2 2 2 1 404 2630 3659
6596 2 2 2 1 2712 462 3818
6597 2 2 2 1 2715 1253 3524
6598 2 2 2 1 2754 162 5112
6599 2 2 2 1 3754 1869 4575
6600 2 2 2 1 1259 2712 3818
6601 2 2 2 1 3581 687 5776
6602 2 2 2 1 536 2836 3367
6603 2 2 2 1 1563 2502 5281
6604 2 2 2 1 80 2756 5166
6605 2 2 2 1 2441 1608 4873
6606 2 2 2 1 458 2444 4434
6607 2 2 2 1 3901 651 5523
6608 2 2 2 1 2443 710 4467
6609 2 2 2 1 1106 3221 3708
6610 2 2 2 1 3707 1538 4067
6611 2 2 2 1 2457 387 4930
6612 2 2 2 1 4756 2859 5158
6613 2 2 2 1 2502 855 5281
6614 2 2 2 1 1272 2937 4104
6615 2 2 2 1 1216 2500 5446
6616 2 2 2 1 2197 2486 5423
6617 2 2 2 1 3083 402 4973
6618 2 2 2 1 99 100 3671
6619 2 2 2 1 2595 1447 3744
6620 2 2 2 1 1789 3083 4973
6621 2 2 2 1 3597 1474 4394
6622 2 2 2 1 960 2982 3875
6623 2 2 2 1 765 2826 3893
6624 2 2 2 1 4071 544 5752
6625 2 2 2 1 2783 642 3571
6626 2 2 2 1 729 3228 3836
6627 2 2 2 1 3650 1876 4481
6628 2 2 2 1 4256 1488 4636
6629 2 2 2 1 923 2534 4091
6630 2 2 2 1 1928 3653 5690
6631 2 2 2 1 1400 3650 4481
6632 2 2 2 1 2472 871 4190
6633 2 2 2 1 3194 417 3345
6634 2 2 2 1 3167 1495 5178
6635 2 2 2 1 234 4992 5564
6636 2 2 2 1 3228 1483 3836
6637 2 2 2 1 679 4495 5712
6638 2 2 2 1 3367 1188 5768
6639 2 2 2 1 2455 871 5083
6640 2 2 2 1 1181 2753 3561
6641 2 2 2 1 2490 1661 4087
6642 2 2 2 1 118 2776 4451
6643 2 2 2 1 1368 3295 3480
6644 2 2 2 1 1301 3194 3345
6645 2 2 2 1 1822 2904 4499
6646 2 2 2 1 3801 535 3840
6647 2 2 2 1 3295 408 3480
6648 2 2 2 1 2453 907 5026
6649 2 2 2 1 2671 1494 3618
6650 2 2 2 1 3600 1776 4844
6651 2 2 2 1 2510 520 5713
6652 2 2 2 1 2631 2085 5041
6653 2 2 2 1 1635 4240 5411
6654 2 2 2 1 2874 1959 3748
6655 2 2 2 1 3922 649 4035
6656 2 2 2 1 2753 1181 5791
6657 2 2 2 1 718 3133 3188
6658 2 2 2 1 3133 1296 3188
6659 2 2 2 1 640 3608 3713
6660 2 2 2 1 3755 1228 5618
6661 2 2 2 1 3683 1486 4898
6662 2 2 2 1 2698 649 4636
6663 2 2 2 1 1619 4422 5230
6664 2 2 2 1 3336 724 5703
6665 2 2 2 1 689 2972 3275
6666 2 2 2 1 2447 1632 5138
6667 2 2 2 1 1180 2601 5590
6668 2 2 2 1 1488 2698 4636
6669 2 2 2 1 2890 1114 3900
6670 2 2 2 1 2609 2116 4875
6671 2 2 2 1 3032 381 5207
6672 2 2 2 1 3828 2698 5636
6673 2 2 2 1 1190 3284 4347
6674 2 2 2 1 2279 2558 4445
6675 2 2 2 1 451 2563 3877
6676 2 2 2 1 2821 1422 4246
6677 2 2 2 1 225 2521 4522
6678 2 2 2 1 5449 3755 5618
6679 2 2 2 1 1397 3529 4420
6680 2 2 2 1 3791 1686 5080
6681 2 2 2 1 3041 1653 4563
6682 2 2 2 1 570 2821 4246
6683 2 2 2 1 1149 2683 3610
6684 2 2 2 1 1745 5481 5565
6685 2 2 2 1 2560 1020 3891
6686 2 2 2 1 575 2524 3972
6687 2 2 2 1 2759 422 4092
6688 2 2 2 1 3512 588 4034
6689 2 2 2 1 586 2475 4277
6690 2 2 2 1 2475 1262 4277
6691 2 2 2 1 1539 2487 5273
6692 2 2 2 1 1343 2759 4092
6693 2 2 2 1 751 2894 3352
6694 2 2 2 1 3244 1357 3439
6695 2 2 2 1 2540 891 4334
6696 2 2 2 1 3095 384 5180
6697 2 2 2 1 1332 2977 5115
6698 2 2 2 1 3137 3925 5531
6699 2 2 2 1 2487 497 5273
6700 2 2 2 1 2561 1540 5143
6701 2 2 2 1 5418 1872 5441
6702 2 2 2 1 670 2561 5143
6703 2 2 2 1 1771 2474 5213
6704 2 2 2 1 2717 3848 5860
6705 2 2 2 1 255 2958 5354
6706 2 2 2 1 4176 759 4491
6707 2 2 2 1 1341 2456 4643
6708 2 2 2 1 2107 4176 4491
6709 2 2 2 1 1681 4223 4886
6710 2 2 2 1 2454 1030 4523
6711 2 2 2 1 2938 752 3910
6712 2 2 2 1 3789 1315 4133
6713 2 2 2 1 3335 376 5015
6714 2 2 2 1 77 78 3731
6715 2 2 2 1 1795 3789 4133
6716 2 2 2 1 572 2629 3737
6717 2 2 2 1 2459 803 5185
6718 2 2 2 1 221 222 3242
6719 2 2 2 1 503 2952 3613
6720 2 2 2 1 2490 503 5356
6721 2 2 2 1 558 2473 4627
6722 2 2 2 1 4490 3034 4927
6723 2 2 2 1 1517 3928 4050
6724 2 2 2 1 503 2491 5356
6725 2 2 2 1 3483 1592 5305
6726 2 2 2 1 2478 498 4297
6727 2 2 2 1 2696 2107 4491
6728 2 2 2 1 2491 1572 5356
6729 2 2 2 1 2473 1348 4627
6730 2 2 2 1 1233 2522 4077
6731 2 2 2 1 1538 4539 4671
6732 2 2 2 1 693 4086 5859
6733 2 2 2 1 2813 1550 3453
6734 2 2 2 1 2497 587 5238
6735 2 2 2 1 2522 534 4077
6736 2 2 2 1 3680 449 3867
6737 2 2 2 1 1657 3680 3867
6738 2 2 2 1 2459 1459 4915
6739 2 2 2 1 2211 3391 4622
6740 2 2 2 1 3822 688 5878
6741 2 2 2 1 3190 781 5419
6742 2 2 2 1 1578 2664 3762
6743 2 2 2 1 1434 4423 5270
6744 2 2 2 1 2550 1769 5803
6745 2 2 2 1 2591 1399 3828
6746 2 2 2 1 2832 1153 4930
6747 2 2 2 1 1731 3904 4988
6748 2 2 2 1 2871 1328 4302
6749 2 2 2 1 1982 3190 5419
6750 2 2 2 1 403 2600 4782
6751 2 2 2 1 2606 512 3811
6752 2 2 2 1 889 2504 4939
6753 2 2 2 1 1157 2833 5533
6754 2 2 2 1 398 2468 5025
6755 2 2 2 1 82 83 3593
6756 2 2 2 1 1846 2818 5643
6757 2 2 2 1 565 2985 3476
6758 2 2 2 1 1614 3551 5100
6759 2 2 2 1 1644 2488 4219
6760 2 2 2 1 1144 2633 5490
6761 2 2 2 1 4446 1480 4877
6762 2 2 2 1 2818 838 5643
6763 2 2 2 1 2017 4191 5712
6764 2 2 2 1 3403 1532 3853
6765 2 2 2 1 4169 1499 5833
6766 2 2 2 1 1476 2480 5701
6767 2 2 2 1 2465 1688 4468
6768 2 2 2 1 1095 3403 3853
6769 2 2 2 1 4565 1863 4866
6770 2 2 2 1 1169 2915 5407
6771 2 2 2 1 2051 2690 4925
6772 2 2 2 1 277 276 3426
6773 2 2 2 1 3045 613 3611
6774 2 2 2 1 4279 3058 5688
6775 2 2 2 1 3471 563 5032
6776 2 2 2 1 3728 376 4570
6777 2 2 2 1 3768 1667 4171
6778 2 2 2 1 4423 2410 5270
6779 2 2 2 1 2950 1402 4004
6780 2 2 2 1 3513 1426 4126
6781 2 2 2 1 2152 2769 5520
6782 2 2 2 1 642 2783 3520
6783 2 2 2 1 2936 596 4417
6784 2 2 2 1 595 2950 4004
6785 2 2 2 1 1530 2936 4417
6786 2 2 2 1 1054 3069 3248
6787 2 2 2 1 1251 2565 3923
6788 2 2 2 1 3067 472 3247
6789 2 2 2 1 5134 1268 5433
6790 2 2 2 1 2063 3767 5427
6791 2 2 2 1 1005 3992 5429
6792 2 2 2 1 1934 3728 4570
6793 2 2 2 1 1182 2559 4341
6794 2 2 2 1 2463 379 4836
6795 2 2 2 1 2753 344 3561
6796 2 2 2 1 1371 4180 4584
6797 2 2 2 1 1207 3398 4301
6798 2 2 2 1 1505 2816 3469
6799 2 2 2 1 96 2727 3923
6800 2 2 2 1 1066 3083 3826
6801 2 2 2 1 2530 1042 4053
6802 2 2 2 1 302 2810 3489
6803 2 2 2 1 1540 2479 5143
6804 2 2 2 1 2526 50 4066
6805 2 2 2 1 2515 1617 5512
6806 2 2 2 1 1415 2526 4066
6807 2 2 2 1 529 4061 4292
6808 2 2 2 1 81 82 3683
6809 2 2 2 1 1449 3563 4498
6810 2 2 2 1 4061 1962 4292
6811 2 2 2 1 779 2990 3474
6812 2 2 2 1 2516 1092 5514
6813 2 2 2 1 68 2808 5070
6814 2 2 2 1 1188 5094 5768
6815 2 2 2 1 3353 1738 4794
6816 2 2 2 1 4012 2802 4646
6817 2 2 2 1 1750 3247 5081
6818 2 2 2 1 2831 1248 3642
6819 2 2 2 1 2622 1006 4223
6820 2 2 2 1 2689 1015 4823
6821 2 2 2 1 585 2615 5569
6822 2 2 2 1 2849 1176 3914
6823 2 2 2 1 4023 1287 4234
6824 2 2 2 1 54 2831 3642
6825 2 2 2 1 2990 1490 3474
6826 2 2 2 1 314 313 4305
6827 2 2 2 1 3666 1585 3712
6828 2 2 2 1 4388 2014 4711
6829 2 2 2 1 2693 508 5381
6830 2 2 2 1 1516 2689 4823
6831 2 2 2 1 4001 1821 5807
6832 2 2 2 1 406 3666 3712
6833 2 2 2 1 4373 676 5201
6834 2 2 2 1 2792 424 3750
6835 2 2 2 1 48 49 3285
6836 2 2 2 1 2534 1200 4091
6837 2 2 2 1 384 4476 5180
6838 2 2 2 1 2724 1269 3631
6839 2 2 2 1 2541 1088 4060
6840 2 2 2 1 2470 474 4833
6841 2 2 2 1 1258 2792 3750
6842 2 2 2 1 1591 3638 3777
6843 2 2 2 1 3638 336 3777
6844 2 2 2 1 3603 813 4649
6845 2 2 2 1 3488 1491 4512
6846 2 2 2 1 288 3443 5605
6847 2 2 2 1 1150 2550 4024
6848 2 2 2 1 2505 550 4220
6849 2 2 2 1 2700 2122 5068
6850 2 2 2 1 636 3695 4275
6851 2 2 2 1 1540 2561 3994
6852 2 2 2 1 2947 1901 4815
6853 2 2 2 1 1119 4136 4513
6854 2 2 2 1 1873 3933 4327
6855 2 2 2 1 3427 2595 5067
6856 2 2 2 1 3160 1258 5271
6857 2 2 2 1 45 46 4177
6858 2 2 2 1 348 2702 4855
6859 2 2 2 1 1188 3957 5094
6860 2 2 2 1 3443 287 5500
6861 2 2 2 1 1026 2651 5796
6862 2 2 2 1 2796 1340 3523
6863 2 2 2 1 3145 728 5049
6864 2 2 2 1 792 4170 4691
6865 2 2 2 1 4136 2084 4513
6866 2 2 2 1 2592 373 3900
6867 2 2 2 1 1812 3145 5049
6868 2 2 2 1 3148 1246 3270
6869 2 2 2 1 2475 1644 5110
6870 2 2 2 1 13 2745 5215
6871 2 2 2 1 1105 3028 3304
6872 2 2 2 1 3033 1157 4171
6873 2 2 2 1 2799 623 4127
6874 2 2 2 1 1260 3921 4802
6875 2 2 2 1 1740 2474 4702
6876 2 2 2 1 564 3148 3270
6877 2 2 2 1 3755 657 4841
6878 2 2 2 1 566 2555 5708
6879 2 2 2 1 1179 2783 3571
6880 2 2 2 1 2473 899 4673
6881 2 2 2 1 189 190 4138
6882 2 2 2 1 1059 2887 3432
6883 2 2 2 1 215 216 3860
6884 2 2 2 1 1689 3522 4553
6885 2 2 2 1 1805 3091 5302
6886 2 2 2 1 10 2889 4245
6887 2 2 2 1 233 2726 4632
6888 2 2 2 1 1239 2497 5238
6889 2 2 2 1 2834 2306 4031
6890 2 2 2 1 2539 995 4119
6891 2 2 2 1 1684 2556 5705
6892 2 2 2 1 2817 1541 3769
6893 2 2 2 1 4170 2166 4691
6894 2 2 2 1 2480 377 4666
6895 2 2 2 1 1707 3871 4872
6896 2 2 2 1 3263 1696 5573
6897 2 2 2 1 2895 623 3537
6898 2 2 2 1 4658 1455 5483
6899 2 2 2 1 2556 1065 5705
6900 2 2 2 1 3613 1604 5200
6901 2 2 2 1 1522 2817 3769
6902 2 2 2 1 1415 4856 4885
6903 2 2 2 1 2552 609 4849
6904 2 2 2 1 498 3473 4297
6905 2 2 2 1 563 3651 5032
6906 2 2 2 1 467 2481 4828
6907 2 2 2 1 1222 2690 3783
6908 2 2 2 1 2486 864 5065
6909 2 2 2 1 1234 2895 3537
6910 2 2 2 1 2607 3306 5082
6911 2 2 2 1 1658 3164 4450
6912 2 2 2 1 2690 248 3783
6913 2 2 2 1 3940 1134 4711
6914 2 2 2 1 2991 1219 3355
6915 2 2 2 1 2542 1719 4125
6916 2 2 2 1 3473 1706 4297
6917 2 2 2 1 283 3466 5420
6918 2 2 2 1 5428 2062 5586
6919 2 2 2 1 3118 5195 5297
6920 2 2 2 1 3527 858 5795
6921 2 2 2 1 78 79 3721
6922 2 2 2 1 562 2593 4173
6923 2 2 2 1 1123 3299 4996
6924 2 2 2 1 1408 3771 4454
6925 2 2 2 1 1668 3002 3417
6926 2 2 2 1 1217 3448 4413
6927 2 2 2 1 2847 1725 4043
6928 2 2 2 1 2812 346 4483
6929 2 2 2 1 800 2888 4225
6930 2 2 2 1 1020 2560 5695
6931 2 2 2 1 3015 1169 5407
6932 2 2 2 1 1479 2812 4483
6933 2 2 2 1 3153 1484 4261
6934 2 2 2 1 2888 1439 4225
6935 2 2 2 1 2224 3580 5650
6936 2 2 2 1 89 90 4492
6937 2 2 2 1 3580 1409 5650
6938 2 2 2 1 1698 2588 5684
6939 2 2 2 1 2588 1079 5684
6940 2 2 2 1 2533 576 5085
6941 2 2 2 1 1001 2487 4576
6942 2 2 2 1 5386 3263 5573
6943 2 2 2 1 2165 2834 4700
6944 2 2 2 1 884 4122 5849
6945 2 2 2 1 3394 454 3529
6946 2 2 2 1 1397 3394 3529
6947 2 2 2 1 1797 3333 4843
6948 2 2 2 1 518 2589 4393
6949 2 2 2 1 1669 3274 3354
6950 2 2 2 1 3814 2139 5778
6951 2 2 2 1 86 87 3950
6952 2 2 2 1 1645 3865 5269
6953 2 2 2 1 17 18 3536
6954 2 2 2 1 3521 2970 5496
6955 2 2 2 1 2697 997 3714
6956 2 2 2 1 2985 1191 3476
6957 2 2 2 1 2784 896 4586
6958 2 2 2 1 1590 2498 5631
6959 2 2 2 1 1870 2937 5062
6960 2 2 2 1 2565 1251 4065
6961 2 2 2 1 1196 2709 3796
6962 2 2 2 1 1484 4173 4356
6963 2 2 2 1 1180 2675 5325
6964 2 2 2 1 2589 1325 4393
6965 2 2 2 1 2701 602 5791
6966 2 2 2 1 2511 560 4331
6967 2 2 2 1 301 3739 5581
6968 2 2 2 1 2487 1539 5470
6969 2 2 2 1 88 89 3988
6970 2 2 2 1 3821 1537 4717
6971 2 2 2 1 996 2869 5114
6972 2 2 2 1 1706 3473 3478
6973 2 2 2 1 223 224 3684
6974 2 2 2 1 3193 717 5751
6975 2 2 2 1 2583 547 4286
6976 2 2 2 1 2753 1174 4652
6977 2 2 2 1 3473 1120 3478
6978 2 2 2 1 2939 1046 3932
6979 2 2 2 1 1294 2583 4286
6980 2 2 2 1 3933 1414 4327
6981 2 2 2 1 1617 3801 3840
6982 2 2 2 1 5360 2439 5725
6983 2 2 2 1 216 2638 3860
6984 2 2 2 1 1661 2490 5463
6985 2 2 2 1 469 3066 5649
6986 2 2 2 1 3066 1967 5649
6987 2 2 2 1 2675 1180 5590
6988 2 2 2 1 1602 3100 5004
6989 2 2 2 1 2139 5598 5778
6990 2 2 2 1 4699 1663 5417
6991 2 2 2 1 1772 2883 5438
6992 2 2 2 1 3386 1123 4996
6993 2 2 2 1 19 2613 4533
6994 2 2 2 1 2502 1563 4443
6995 2 2 2 1 497 2506 5218
6996 2 2 2 1 1247 2733 3674
6997 2 2 2 1 386 3970 5422
6998 2 2 2 1 3450 1513 3792
6999 2 2 2 1 2494 44 5057
7000 2 2 2 1 4499 1577 4543
7001 2 2 2 1 3283 1336 3413
7002 2 2 2 1 1313 3450 3792
7003 2 2 2 1 930 2513 4356
7004 2 2 2 1 1171 2979 5056
7005 2 2 2 1 2618 738 3959
7006 2 2 2 1 712 3533 4704
7007 2 2 2 1 3127 458 4434
7008 2 2 2 1 3526 284 5420
7009 2 2 2 1 3284 1415 4885
7010 2 2 2 1 661 3662 5044
7011 2 2 2 1 5416 1962 5604
7012 2 2 2 1 207 208 3825
7013 2 2 2 1 3602 1848 5683
7014 2 2 2 1 1483 4464 5258
7015 2 2 2 1 5420 3466 5863
7016 2 2 2 1 1435 3013 4291
7017 2 2 2 1 579 2574 4997
7018 2 2 2 1 3026 1481 3520
7019 2 2 2 1 2944 2062 5428
7020 2 2 2 1 1135 2975 3411
7021 2 2 2 1 2574 1485 4997
7022 2 2 2 1 1327 2605 4399
7023 2 2 2 1 1209 2621 3907
7024 2 2 2 1 2658 536 4293
7025 2 2 2 1 2605 872 4399
7026 2 2 2 1 2558 877 4445
7027 2 2 2 1 881 2492 4698
7028 2 2 2 1 1387 3252 4437
7029 2 2 2 1 1363 4164 5087
7030 2 2 2 1 3536 1561 4248
7031 2 2 2 1 1708 3536 4248
7032 2 2 2 1 273 272 5362
7033 2 2 2 1 1536 3191 3655
7034 2 2 2 1 3364 929 5086
7035 2 2 2 1 733 2617 3944
7036 2 2 2 1 2535 720 4313
7037 2 2 2 1 463 2942 4989
7038 2 2 2 1 2573 1854 5739
7039 2 2 2 1 1797 4558 5413
7040 2 2 2 1 2926 1682 4999
7041 2 2 2 1 1166 3234 4260
7042 2 2 2 1 3736 647 4835
7043 2 2 2 1 3165 1411 4516
7044 2 2 2 1 1977 4202 4241
7045 2 2 2 1 2958 1782 5354
7046 2 2 2 1 1728 2806 5328
7047 2 2 2 1 4202 555 4241
7048 2 2 2 1 1492 3084 3337
7049 2 2 2 1 2806 47 5328
7050 2 2 2 1 2655 886 4915
7051 2 2 2 1 2806 1175 4177
7052 2 2 2 1 3869 496 4934
7053 2 2 2 1 1237 3575 4799
7054 2 2 2 1 365 2860 5239
7055 2 2 2 1 3235 1053 3333
7056 2 2 2 1 3474 1490 3704
7057 2 2 2 1 2047 3211 4441
7058 2 2 2 1 3507 453 5304
7059 2 2 2 1 1053 2561 5622
7060 2 2 2 1 3121 1737 3672
7061 2 2 2 1 3118 624 3644
7062 2 2 2 1 3986 1619 5230
7063 2 2 2 1 1380 3001 4473
7064 2 2 2 1 900 2519 4419
7065 2 2 2 1 1544 3118 3644
7066 2 2 2 1 1278 3474 3704
7067 2 2 2 1 1186 2619 4015
7068 2 2 2 1 3333 690 4843
7069 2 2 2 1 2514 317 4448
7070 2 2 2 1 291 290 3375
7071 2 2 2 1 2502 369 5043
7072 2 2 2 1 1811 2672 4238
7073 2 2 2 1 885 2505 5579
7074 2 2 2 1 2221 3602 5683
7075 2 2 2 1 2499 1469 5252
7076 2 2 2 1 1178 2734 5061
7077 2 2 2 1 1574 2930 3461
7078 2 2 2 1 770 5118 5132
7079 2 2 2 1 902 2510 4496
7080 2 2 2 1 449 3680 5308
7081 2 2 2 1 906 2600 4023
7082 2 2 2 1 1319 2517 5221
7083 2 2 2 1 510 3383 5658
7084 2 2 2 1 3188 1197 4157
7085 2 2 2 1 4983 1637 5734
7086 2 2 2 1 2513 1672 4472
7087 2 2 2 1 2637 1381 4142
7088 2 2 2 1 307 3575 5217
7089 2 2 2 1 3924 1154 5835
7090 2 2 2 1 1918 3472 4834
7091 2 2 2 1 2523 1866 4403
7092 2 2 2 1 2756 81 3683
7093 2 2 2 1 38 2637 4142
7094 2 2 2 1 2505 3924 5835
7095 2 2 2 1 297 3477 5723
7096 2 2 2 1 4182 3167 5178
7097 2 2 2 1 2523 967 5292
7098 2 2 2 1 3390 1431 3877
7099 2 2 2 1 597 2569 4151
7100 2 2 2 1 1307 2757 4648
7101 2 2 2 1 2603 492 4044
7102 2 2 2 1 1466 2507 5787
7103 2 2 2 1 3401 1207 4942
7104 2 2 2 1 1346 2704 4425
7105 2 2 2 1 3563 1730 4498
7106 2 2 2 1 4406 1441 4692
7107 2 2 2 1 32 33 3442
7108 2 2 2 1 1618 4280 4876
7109 2 2 2 1 1245 3661 5611
7110 2 2 2 1 975 3119 4901
7111 2 2 2 1 2920 1126 3479
7112 2 2 2 1 2709 1425 4564
7113 2 2 2 1 607 3121 3672
7114 2 2 2 1 937 2531 5295
7115 2 2 2 1 677 3907 4036
7116 2 2 2 1 4005 1905 5417
7117 2 2 2 1 2518 900 5167
7118 2 2 2 1 3185 2326 4737
7119 2 2 2 1 824 2543 4753
7120 2 2 2 1 424 2709 4564
7121 2 2 2 1 1794 2535 4411
7122 2 2 2 1 2517 357 5221
7123 2 2 2 1 2549 366 5480
7124 2 2 2 1 1060 2508 5105
7125 2 2 2 1 412 2616 4021
7126 2 2 2 1 519 2508 4719
7127 2 2 2 1 1620 3587 5034
7128 2 2 2 1 1284 3723 3805
7129 2 2 2 1 2604 1028 4057
7130 2 2 2 1 2751 667 4210
7131 2 2 2 1 3986 5230 5538
7132 2 2 2 1 346 2812 4303
7133 2 2 2 1 2812 2024 4303
7134 2 2 2 1 2555 1273 5708
7135 2 2 2 1 5076 2411 5724
7136 2 2 2 1 1641 5079 5278
7137 2 2 2 1 2527 1765 5603
7138 2 2 2 1 1269 4400 4678
7139 2 2 2 1 3146 1170 3330
7140 2 2 2 1 3072 1047 3378
7141 2 2 2 1 2903 574 3745
7142 2 2 2 1 95 96 3923
7143 2 2 2 1 547 2583 5306
7144 2 2 2 1 3929 1934 4727
7145 2 2 2 1 2597 1665 5608
7146 2 2 2 1 3398 1207 3401
7147 2 2 2 1 87 2636 3950
7148 2 2 2 1 1922 4754 5554
7149 2 2 2 1 947 2597 5608
7150 2 2 2 1 2709 424 3796
7151 2 2 2 1 2604 505 4067
7152 2 2 2 1 2727 1251 3923
7153 2 2 2 1 2521 1609 4522
7154 2 2 2 1 305 304 3407
7155 2 2 2 1 1596 3118 5297
7156 2 2 2 1 1999 2609 4875
7157 2 2 2 1 1383 3398 3401
7158 2 2 2 1 1385 3120 3832
7159 2 2 2 1 1797 3235 3333
7160 2 2 2 1 3120 401 3832
7161 2 2 2 1 360 2725 3784
7162 2 2 2 1 973 3508 4737
7163 2 2 2 1 2883 179 5438
7164 2 2 2 1 219 220 3606
7165 2 2 2 1 1216 5446 5678
7166 2 2 2 1 914 2566 4258
7167 2 2 2 1 2543 1393 4753
7168 2 2 2 1 863 2555 5464
7169 2 2 2 1 2512 1162 4986
7170 2 2 2 1 3876 1365 4254
7171 2 2 2 1 2814 1833 3702
7172 2 2 2 1 3260 402 4357
7173 2 2 2 1 622 2814 3702
7174 2 2 2 1 1401 3656 4371
7175 2 2 2 1 2795 553 4626
7176 2 2 2 1 1268 3816 5433
7177 2 2 2 1 2767 1538 3707
7178 2 2 2 1 1984 4440 4955
7179 2 2 2 1 1372 2776 4665
7180 2 2 2 1 2666 588 3897
7181 2 2 2 1 730 2536 5234
7182 2 2 2 1 1698 2762 4058
7183 2 2 2 1 24 25 4605
7184 2 2 2 1 3656 1783 4371
7185 2 2 2 1 2636 88 3988
7186 2 2 2 1 1489 2879 4742
7187 2 2 2 1 2941 747 4639
7188 2 2 2 1 156 157 4378
7189 2 2 2 1 430 4288 5709
7190 2 2 2 1 3859 2260 5322
7191 2 2 2 1 679 2538 4495
7192 2 2 2 1 2745 1228 3755
7193 2 2 2 1 782 3904 3920
7194 2 2 2 1 2958 1051 5310
7195 2 2 2 1 1293 5440 5526
7196 2 2 2 1 528 2673 4213
7197 2 2 2 1 3904 1731 3920
7198 2 2 2 1 3858 689 5763
7199 2 2 2 1 1782 2958 5310
7200 2 2 2 1 4773 485 5495
7201 2 2 2 1 878 2579 4447
7202 2 2 2 1 4338 868 5519
7203 2 2 2 1 4274 3500 5260
7204 2 2 2 1 2593 562 5509
7205 2 2 2 1 2736 1645 5269
7206 2 2 2 1 1427 2537 4532
7207 2 2 2 1 2532 1717 4557
7208 2 2 2 1 1009 2736 5269
7209 2 2 2 1 1404 3202 4541
7210 2 2 2 1 4394 1474 4984
7211 2 2 2 1 2644 1263 3977
7212 2 2 2 1 297 296 3477
7213 2 2 2 1 2870 554 5508
7214 2 2 2 1 1816 2565 5813
7215 2 2 2 1 4420 3529 5702
7216 2 2 2 1 574 2903 3938
7217 2 2 2 1 1621 2570 5552
7218 2 2 2 1 1432 5076 5724
7219 2 2 2 1 1080 3215 3645
7220 2 2 2 1 3943 1293 5526
7221 2 2 2 1 3007 565 3476
7222 2 2 2 1 11 12 4222
7223 2 2 2 1 2605 1561 5372
7224 2 2 2 1 1631 3007 3476
7225 2 2 2 1 600 2556 5451
7226 2 2 2 1 3496 970 5194
7227 2 2 2 1 2570 992 5552
7228 2 2 2 1 1255 2579 4890
7229 2 2 2 1 1637 4149 5734
7230 2 2 2 1 677 2781 3802
7231 2 2 2 1 2948 1244 4111
7232 2 2 2 1 160 161 5829
7233 2 2 2 1 570 2735 4528
7234 2 2 2 1 2747 1635 5411
7235 2 2 2 1 2923 2261 4046
7236 2 2 2 1 330 2610 5333
7237 2 2 2 1 2735 1413 4528
7238 2 2 2 1 1766 3902 4673
7239 2 2 2 1 2561 670 5825
7240 2 2 2 1 2587 1268 4242
7241 2 2 2 1 4280 647 4549
7242 2 2 2 1 3798 2067 5074
7243 2 2 2 1 2534 735 4647
7244 2 2 2 1 525 2957 3792
7245 2 2 2 1 288 287 3443
7246 2 2 2 1 879 2587 4242
7247 2 2 2 1 2957 1313 3792
7248 2 2 2 1 2108 4280 4549
7249 2 2 2 1 382 3353 4794
7250 2 2 2 1 4090 1322 5595
7251 2 2 2 1 1920 2755 5262
7252 2 2 2 1 4175 1872 5418
7253 2 2 2 1 2147 3440 5785
7254 2 2 2 1 2524 575 4731
7255 2 2 2 1 4470 1736 5400
7256 2 2 2 1 1385 2533 5851
7257 2 2 2 1 995 2539 5324
7258 2 2 2 1 3303 1590 3347
7259 2 2 2 1 2781 1242 3802
7260 2 2 2 1 2545 1445 4508
7261 2 2 2 1 1398 2620 4137
7262 2 2 2 1 2587 879 5537
7263 2 2 2 1 1912 2531 4922
7264 2 2 2 1 2529 592 4885
7265 2 2 2 1 631 2878 3749
7266 2 2 2 1 3218 267 3765
7267 2 2 2 1 3790 2022 5496
7268 2 2 2 1 2563 2137 5402
7269 2 2 2 1 3709 2026 5629
7270 2 2 2 1 1077 3365 4614
7271 2 2 2 1 635 3449 4644
7272 2 2 2 1 1485 3699 5793
7273 2 2 2 1 1185 2651 4839
7274 2 2 2 1 1130 3347 4042
7275 2 2 2 1 1207 2602 5765
7276 2 2 2 1 2988 557 4187
7277 2 2 2 1 1334 3669 4108
7278 2 2 2 1 2602 1694 5765
7279 2 2 2 1 117 118 4451
7280 2 2 2 1 3669 1695 4108
7281 2 2 2 1 91 92 4285
7282 2 2 2 1 3893 1165 4618
7283 2 2 2 1 468 3021 4059
7284 2 2 2 1 1778 3365 3418
7285 2 2 2 1 1423 3905 4114
7286 2 2 2 1 3905 1782 4114
7287 2 2 2 1 4828 2056 5256
7288 2 2 2 1 174 175 3530
7289 2 2 2 1 3365 1077 3418
7290 2 2 2 1 2794 1136 3725
7291 2 2 2 1 1456 3122 3784
7292 2 2 2 1 3690 1318 4025
7293 2 2 2 1 2815 1597 4994
7294 2 2 2 1 1293 2568 5440
7295 2 2 2 1 5696 2128 5847
7296 2 2 2 1 1673 3690 4025
7297 2 2 2 1 1227 2634 4080
7298 2 2 2 1 3331 1259 3896
7299 2 2 2 1 1781 3876 4254
7300 2 2 2 1 2744 1265 4165
7301 2 2 2 1 777 2815 4994
7302 2 2 2 1 197 3112 4949
7303 2 2 2 1 800 4225 4388
7304 2 2 2 1 4225 2014 4388
7305 2 2 2 1 2707 1010 4792
7306 2 2 2 1 3148 2311 5104
7307 2 2 2 1 3122 360 3784
7308 2 2 2 1 4103 826 5589
7309 2 2 2 1 425 3798 5074
7310 2 2 2 1 922 2583 4289
7311 2 2 2 1 240 2961 5465
7312 2 2 2 1 129 130 3813
7313 2 2 2 1 283 282 3466
7314 2 2 2 1 406 3439 3666
7315 2 2 2 1 1994 3869 4934
7316 2 2 2 1 2617 1141 5658
7317 2 2 2 1 933 2653 4010
7318 2 2 2 1 2194 2768 4426
7319 2 2 2 1 1452 3653 4805
7320 2 2 2 1 3510 636 4275
7321 2 2 2 1 1222 3410 4925
7322 2 2 2 1 241 242 4440
7323 2 2 2 1 2559 1596 5297
7324 2 2 2 1 2764 1295 3793
7325 2 2 2 1 1747 3402 4604
7326 2 2 2 1 2545 1080 4772
7327 2 2 2 1 581 2590 5055
7328 2 2 2 1 1414 4044 4386
7329 2 2 2 1 3653 1928 4805
7330 2 2 2 1 2837 645 4958
7331 2 2 2 1 3402 668 4604
7332 2 2 2 1 4192 1422 4270
7333 2 2 2 1 4198 733 5388
7334 2 2 2 1 2758 984 3805
7335 2 2 2 1 190 191 5380
7336 2 2 2 1 3700 679 5712
7337 2 2 2 1 1347 2687 4581
7338 2 2 2 1 4672 2818 5806
7339 2 2 2 1 23 24 3863
7340 2 2 2 1 69 70 4751
7341 2 2 2 1 383 3264 4486
7342 2 2 2 1 1368 3480 5148
7343 2 2 2 1 3316 1282 3374
7344 2 2 2 1 4723 856 5775
7345 2 2 2 1 2867 952 4348
7346 2 2 2 1 4359 471 5117
7347 2 2 2 1 575 2553 4593
7348 2 2 2 1 3089 1799 3939
7349 2 2 2 1 468 3043 4028
7350 2 2 2 1 2378 3564 5401
7351 2 2 2 1 1224 2656 4622
7352 2 2 2 1 972 3089 3939
7353 2 2 2 1 3161 626 4883
7354 2 2 2 1 2908 3752 4780
7355 2 2 2 1 2945 1130 3570
7356 2 2 2 1 3867 449 4403
7357 2 2 2 1 2547 922 5267
7358 2 2 2 1 1729 3107 4633
7359 2 2 2 1 3343 1212 5371
7360 2 2 2 1 1141 2617 4198
7361 2 2 2 1 1866 3867 4403
7362 2 2 2 1 496 2791 5812
7363 2 2 2 1 2791 1810 5812
7364 2 2 2 1 2866 1147 5130
7365 2 2 2 1 4630 1485 5793
7366 2 2 2 1 874 3616 5214
7367 2 2 2 1 3616 2042 5214
7368 2 2 2 1 2517 3481 5454
7369 2 2 2 1 2804 1759 5699
7370 2 2 2 1 2055 3618 4882
7371 2 2 2 1 603 2575 4457
7372 2 2 2 1 1074 2999 3542
7373 2 2 2 1 214 215 4372
7374 2 2 2 1 3451 1579 3562
7375 2 2 2 1 3296 1399 5466
7376 2 2 2 1 1639 3119 5687
7377 2 2 2 1 3913 1857 5822
7378 2 2 2 1 1144 3451 3562
7379 2 2 2 1 557 2988 4461
7380 2 2 2 1 598 3033 4171
7381 2 2 2 1 4332 1686 4512
7382 2 2 2 1 1682 2926 5831
7383 2 2 2 1 3043 1463 4028
7384 2 2 2 1 3218 1262 3889
7385 2 2 2 1 1940 3218 3889
7386 2 2 2 1 2986 1124 3540
7387 2 2 2 1 2825 2028 3980
7388 2 2 2 1 2858 599 3727
7389 2 2 2 1 2791 496 4368
7390 2 2 2 1 1703 3227 4192
7391 2 2 2 1 1726 2804 5449
7392 2 2 2 1 1681 2622 4223
7393 2 2 2 1 2804 657 5449
7394 2 2 2 1 779 3929 4727
7395 2 2 2 1 1247 2858 3727
7396 2 2 2 1 2840 357 4094
7397 2 2 2 1 2579 1255 4447
7398 2 2 2 1 1813 3172 5412
7399 2 2 2 1 1221 2552 4849
7400 2 2 2 1 4591 695 4616
7401 2 2 2 1 5735 1881 5821
7402 2 2 2 1 1151 2552 5792
7403 2 2 2 1 574 2809 3745
7404 2 2 2 1 3956 1345 3965
7405 2 2 2 1 3059 1713 5404
7406 2 2 2 1 726 2786 4746
7407 2 2 2 1 803 5360 5725
7408 2 2 2 1 2909 335 4107
7409 2 2 2 1 3274 1106 3354
7410 2 2 2 1 2565 1816 5810
7411 2 2 2 1 791 4535 5301
7412 2 2 2 1 3142 1215 4127
7413 2 2 2 1 552 2706 3942
7414 2 2 2 1 3061 768 4774
7415 2 2 2 1 135 136 4544
7416 2 2 2 1 1370 2909 4107
7417 2 2 2 1 4150 1859 5473
7418 2 2 2 1 2564 1800 4694
7419 2 2 2 1 855 5235 5281
7420 2 2 2 1 380 3491 5455
7421 2 2 2 1 3038 2381 5078
7422 2 2 2 1 2724 613 4068
7423 2 2 2 1 1269 2724 4068
7424 2 2 2 1 1261 2683 4073
7425 2 2 2 1 2683 427 4073
7426 2 2 2 1 2608 364 5673
7427 2 2 2 1 1047 3072 3487
7428 2 2 2 1 385 3101 4892
7429 2 2 2 1 1258 4835 5271
7430 2 2 2 1 447 2655 4993
7431 2 2 2 1 3444 1347 3676
7432 2 2 2 1 1130 3303 3347
7433 2 2 2 1 569 2587 4439
7434 2 2 2 1 3996 2099 4898
7435 2 2 2 1 4989 2942 5881
7436 2 2 2 1 2567 1092 5207
7437 2 2 2 1 1486 3996 4898
7438 2 2 2 1 2013 4782 5061
7439 2 2 2 1 1192 2864 5333
7440 2 2 2 1 1085 3192 3557
7441 2 2 2 1 617 2586 4859
7442 2 2 2 1 853 4024 5803
7443 2 2 2 1 1376 4258 4325
7444 2 2 2 1 1249 2593 5509
7445 2 2 2 1 3871 1707 5464
7446 2 2 2 1 398 3114 4278
7447 2 2 2 1 3171 1504 5010
7448 2 2 2 1 2578 894 4899
7449 2 2 2 1 1191 2905 5024
7450 2 2 2 1 2845 543 4988
7451 2 2 2 1 432 3882 3906
7452 2 2 2 1 536 2658 4112
7453 2 2 2 1 285 284 3526
7454 2 2 2 1 271 3844 5251
7455 2 2 2 1 3339 938 5028
7456 2 2 2 1 1751 2830 5575
7457 2 2 2 1 1140 3459 3462
7458 2 2 2 1 3290 683 4567
7459 2 2 2 1 5387 1452 5766
7460 2 2 2 1 2851 1388 4307
7461 2 2 2 1 2823 387 3768
7462 2 2 2 1 3459 1654 3462
7463 2 2 2 1 3201 2123 3531
7464 2 2 2 1 152 153 3637
7465 2 2 2 1 859 2581 4790
7466 2 2 2 1 2660 1244 4466
7467 2 2 2 1 1186 3045 3611
7468 2 2 2 1 2827 243 5474
7469 2 2 2 1 2581 1391 4790
7470 2 2 2 1 2639 1499 4664
7471 2 2 2 1 1680 3290 4567
7472 2 2 2 1 3247 472 5081
7473 2 2 2 1 935 2567 5088
7474 2 2 2 1 340 3201 3531
7475 2 2 2 1 1533 3185 4737
7476 2 2 2 1 3344 1116 3811
7477 2 2 2 1 963 2851 4307
7478 2 2 2 1 363 2689 4514
7479 2 2 2 1 1187 3535 4172
7480 2 2 2 1 604 3400 4226
7481 2 2 2 1 1345 3956 5722
7482 2 2 2 1 3088 1284 3805
7483 2 2 2 1 1399 2591 5466
7484 2 2 2 1 2151 2923 4262
7485 2 2 2 1 1220 3259 4500
7486 2 2 2 1 2653 1726 5618
7487 2 2 2 1 2596 144 5224
7488 2 2 2 1 2811 1230 3819
7489 2 2 2 1 599 2925 4232
7490 2 2 2 1 1306 3868 4380
7491 2 2 2 1 4600 1594 5374
7492 2 2 2 1 490 2570 4771
7493 2 2 2 1 2603 968 5216
7494 2 2 2 1 624 3135 3644
7495 2 2 2 1 2924 1512 4889
7496 2 2 2 1 3884 1334 4334
7497 2 2 2 1 3459 664 4335
7498 2 2 2 1 3135 1308 3644
7499 2 2 2 1 2571 1073 4809
7500 2 2 2 1 446 2787 3843
7501 2 2 2 1 1654 3459 4335
7502 2 2 2 1 159 160 3977
7503 2 2 2 1 712 3889 5110
7504 2 2 2 1 3086 1852 5578
7505 2 2 2 1 3181 405 4085
7506 2 2 2 1 1466 3181 4085
7507 2 2 2 1 1022 2902 4573
7508 2 2 2 1 2599 906 5513
7509 2 2 2 1 1279 2624 4552
7510 2 2 2 1 53 54 3642
7511 2 2 2 1 1199 3140 5042
7512 2 2 2 1 3465 517 4022
7513 2 2 2 1 260 261 4217
7514 2 2 2 1 150 151 3549
7515 2 2 2 1 2902 1508 4573
7516 2 2 2 1 2793 1302 4076
7517 2 2 2 1 568 3117 5006
7518 2 2 2 1 1560 3465 4022
7519 2 2 2 1 793 2793 4076
7520 2 2 2 1 2577 896 4759
7521 2 2 2 1 1499 2639 5833
7522 2 2 2 1 1024 2835 4850
7523 2 2 2 1 3117 1732 5006
7524 2 2 2 1 3654 1254 5752
7525 2 2 2 1 2835 1543 4850
7526 2 2 2 1 3900 373 5084
7527 2 2 2 1 3491 1646 4257
7528 2 2 2 1 3051 93 5089
7529 2 2 2 1 1280 3316 3374
7530 2 2 2 1 1217 3027 4206
7531 2 2 2 1 234 235 4992
7532 2 2 2 1 1089 3491 4257
7533 2 2 2 1 4344 764 4946
7534 2 2 2 1 1197 3546 4157
7535 2 2 2 1 2820 1165 4723
7536 2 2 2 1 2576 1046 4821
7537 2 2 2 1 2486 3807 5423
7538 2 2 2 1 307 306 3575
7539 2 2 2 1 1881 4363 5821
7540 2 2 2 1 3183 2174 4351
7541 2 2 2 1 1804 2584 5286
7542 2 2 2 1 1118 3149 3483
7543 2 2 2 1 1331 2716 4115
7544 2 2 2 1 611 2811 3819
7545 2 2 2 1 3405 1333 3514
7546 2 2 2 1 411 4131 5007
7547 2 2 2 1 2737 527 4458
7548 2 2 2 1 5446 2449 5678
7549 2 2 2 1 1365 2858 4788
7550 2 2 2 1 1344 2921 5435
7551 2 2 2 1 1325 2589 4583
7552 2 2 2 1 171 172 3573
7553 2 2 2 1 2716 230 4115
7554 2 2 2 1 3454 2003 5668
7555 2 2 2 1 1594 3412 5374
7556 2 2 2 1 227 228 3578
7557 2 2 2 1 1495 2887 3795
7558 2 2 2 1 144 2596 5243
7559 2 2 2 1 2830 1751 5559
7560 2 2 2 1 2588 1642 5119
7561 2 2 2 1 485 2830 5559
7562 2 2 2 1 818 3583 4019
7563 2 2 2 1 1642 2588 4634
7564 2 2 2 1 3875 1919 4572
7565 2 2 2 1 1569 2750 3934
7566 2 2 2 1 544 4071 4161
7567 2 2 2 1 1501 3875 4572
7568 2 2 2 1 4071 1841 4161
7569 2 2 2 1 3052 1193 3567
7570 2 2 2 1 2615 585 5489
7571 2 2 2 1 1739 4566 5077
7572 2 2 2 1 3035 1836 5396
7573 2 2 2 1 90 91 4610
7574 2 2 2 1 3583 1592 4019
7575 2 2 2 1 1219 2991 4129
7576 2 2 2 1 2579 442 4890
7577 2 2 2 1 771 3048 5383
7578 2 2 2 1 1117 2741 4209
7579 2 2 2 1 4089 1867 5263
7580 2 2 2 1 1675 2702 5548
7581 2 2 2 1 1459 3280 4031
7582 2 2 2 1 12 13 5215
7583 2 2 2 1 1203 3607 4746
7584 2 2 2 1 4215 2721 5588
7585 2 2 2 1 2702 348 5548
7586 2 2 2 1 1229 3283 3413
7587 2 2 2 1 225 226 5261
7588 2 2 2 1 350 3253 5036
7589 2 2 2 1 3233 319 3952
7590 2 2 2 1 3537 1437 3539
7591 2 2 2 1 535 2931 3840
7592 2 2 2 1 2918 1210 4418
7593 2 2 2 1 1213 3244 3439
7594 2 2 2 1 657 2804 5699
7595 2 2 2 1 2590 581 5736
7596 2 2 2 1 1260 3407 4003
7597 2 2 2 1 2074 3372 5879
7598 2 2 2 1 3253 1793 5036
7599 2 2 2 1 2772 923 4091
7600 2 2 2 1 4039 1044 5037
7601 2 2 2 1 2837 1559 5377
7602 2 2 2 1 1669 3354 4770
7603 2 2 2 1 1234 3537 3539
7604 2 2 2 1 2651 1026 4240
7605 2 2 2 1 3515 1152 5880
7606 2 2 2 1 3125 1227 4441
7607 2 2 2 1 4396 187 4840
7608 2 2 2 1 3738 1316 4188
7609 2 2 2 1 3673 1049 5502
7610 2 2 2 1 2192 4249 4920
7611 2 2 2 1 19 20 5326
7612 2 2 2 1 2851 368 4980
7613 2 2 2 1 4249 1723 4920
7614 2 2 2 1 2619 1785 5536
7615 2 2 2 1 3462 324 4721
7616 2 2 2 1 1462 3830 4448
7617 2 2 2 1 170 2628 5738
7618 2 2 2 1 2606 1116 5408
7619 2 2 2 1 2589 518 5169
7620 2 2 2 1 4942 1207 5765
7621 2 2 2 1 2616 924 5753
7622 2 2 2 1 2613 1561 4533
7623 2 2 2 1 319 2760 3951
7624 2 2 2 1 2600 403 5157
7625 2 2 2 1 1777 3541 4623
7626 2 2 2 1 2592 1114 4716
7627 2 2 2 1 3541 698 4623
7628 2 2 2 1 2586 1303 4859
7629 2 2 2 1 2678 1266 4284
7630 2 2 2 1 2670 878 4447
7631 2 2 2 1 3874 813 4366
7632 2 2 2 1 866 2590 4752
7633 2 2 2 1 2856 347 4744
7634 2 2 2 1 1531 5696 5847
7635 2 2 2 1 1815 3556 3921
7636 2 2 2 1 872 2605 5372
7637 2 2 2 1 2592 937 5202
7638 2 2 2 1 892 2882 4842
7639 2 2 2 1 3644 1308 3834
7640 2 2 2 1 3247 1750 5346
7641 2 2 2 1 2613 872 5372
7642 2 2 2 1 3910 1854 4913
7643 2 2 2 1 1398 2589 5169
7644 2 2 2 1 1544 3644 3834
7645 2 2 2 1 1561 2613 5372
7646 2 2 2 1 1273 2654 5708
7647 2 2 2 1 1254 5054 5752
7648 2 2 2 1 2596 2171 5243
7649 2 2 2 1 2646 708 5838
7650 2 2 2 1 3384 1517 4050
7651 2 2 2 1 4014 298 5723
7652 2 2 2 1 2653 933 4470
7653 2 2 2 1 1722 4062 5198
7654 2 2 2 1 3834 337 3837
7655 2 2 2 1 2600 1178 4782
7656 2 2 2 1 2598 598 5228
7657 2 2 2 1 2591 338 5466
7658 2 2 2 1 4427 1584 5066
7659 2 2 2 1 2583 3139 5306
7660 2 2 2 1 3399 2753 5791
7661 2 2 2 1 5784 3515 5880
7662 2 2 2 1 1509 2598 5228
7663 2 2 2 1 2678 547 4354
7664 2 2 2 1 226 227 5142
7665 2 2 2 1 3293 194 4336
7666 2 2 2 1 1630 2969 5444
7667 2 2 2 1 1748 3089 5558
7668 2 2 2 1 999 2591 5636
7669 2 2 2 1 3371 594 5490
7670 2 2 2 1 2673 1211 4213
7671 2 2 2 1 2597 947 5403
7672 2 2 2 1 547 4234 4286
7673 2 2 2 1 1606 4819 4938
7674 2 2 2 1 3296 700 3804
7675 2 2 2 1 1132 3630 4250
7676 2 2 2 1 3017 431 4582
7677 2 2 2 1 1581 2849 4190
7678 2 2 2 1 1545 3017 4582
7679 2 2 2 1 3472 1050 4834
7680 2 2 2 1 3396 1944 5298
7681 2 2 2 1 4973 1146 5610
7682 2 2 2 1 1195 2658 4293
7683 2 2 2 1 1399 3296 3804
7684 2 2 2 1 2672 1756 4238
7685 2 2 2 1 3556 627 3921
7686 2 2 2 1 3748 334 5497
7687 2 2 2 1 2595 1685 5067
7688 2 2 2 1 3810 362 4684
7689 2 2 2 1 1090 3396 5298
7690 2 2 2 1 2233 4601 5722
7691 2 2 2 1 329 2611 4672
7692 2 2 2 1 2624 323 4552
7693 2 2 2 1 3323 942 5745
7694 2 2 2 1 2173 3748 5497
7695 2 2 2 1 1446 2635 4459
7696 2 2 2 1 1315 2693 5381
7697 2 2 2 1 237 238 3624
7698 2 2 2 1 759 4176 4515
7699 2 2 2 1 4976 1690 5101
7700 2 2 2 1 1943 2896 4864
7701 2 2 2 1 4176 2009 4515
7702 2 2 2 1 2601 1438 5727
7703 2 2 2 1 2707 719 4141
7704 2 2 2 1 986 2686 4758
7705 2 2 2 1 1381 2606 5408
7706 2 2 2 1 2686 1417 4758
7707 2 2 2 1 2929 1214 4637
7708 2 2 2 1 590 3521 5374
7709 2 2 2 1 3409 1409 3410
7710 2 2 2 1 2669 1589 4978
7711 2 2 2 1 74 2669 4978
7712 2 2 2 1 4096 1332 5115
7713 2 2 2 1 629 3308 3524
7714 2 2 2 1 2711 1275 4138
7715 2 2 2 1 2738 1287 4182
7716 2 2 2 1 44 45 5057
7717 2 2 2 1 1222 3409 3410
7718 2 2 2 1 4039 324 5573
7719 2 2 2 1 2610 330 4750
7720 2 2 2 1 94 95 5810
7721 2 2 2 1 3521 2022 5374
7722 2 2 2 1 2126 3859 3890
7723 2 2 2 1 706 2738 4182
7724 2 2 2 1 2376 4039 5573
7725 2 2 2 1 4992 2205 5564
7726 2 2 2 1 2959 971 5477
7727 2 2 2 1 1367 4020 4604
7728 2 2 2 1 1779 2959 5477
7729 2 2 2 1 4551 2213 4653
7730 2 2 2 1 1492 4551 4653
7731 2 2 2 1 3272 1226 4712
7732 2 2 2 1 1004 2989 4472
7733 2 2 2 1 1652 2626 5523
7734 2 2 2 1 547 2678 4234
7735 2 2 2 1 709 3597 4082
7736 2 2 2 1 888 2663 5717
7737 2 2 2 1 3882 1615 3906
7738 2 2 2 1 5526 1759 5866
7739 2 2 2 1 108 109 5485
7740 2 2 2 1 232 233 4632
7741 2 2 2 1 1458 3356 4121
7742 2 2 2 1 688 3738 4404
7743 2 2 2 1 3356 1682 4121
7744 2 2 2 1 1612 3456 3568
7745 2 2 2 1 1339 4333 4879
7746 2 2 2 1 2284 3395 3752
7747 2 2 2 1 2645 609 4449
7748 2 2 2 1 3738 1768 4404
7749 2 2 2 1 4024 2550 5803
7750 2 2 2 1 4292 1962 5416
7751 2 2 2 1 3280 660 4031
7752 2 2 2 1 3803 1358 4474
7753 2 2 2 1 3859 1183 3890
7754 2 2 2 1 1039 2630 5530
7755 2 2 2 1 3684 224 4522
7756 2 2 2 1 2999 1074 4463
7757 2 2 2 1 3695 1321 3911
7758 2 2 2 1 258 259 5542
7759 2 2 2 1 1496 2999 4463
7760 2 2 2 1 2881 343 4577
7761 2 2 2 1 1588 3695 3911
7762 2 2 2 1 1532 3736 3750
7763 2 2 2 1 2630 1604 5530
7764 2 2 2 1 3736 1258 3750
7765 2 2 2 1 2826 1165 3893
7766 2 2 2 1 2695 942 4216
7767 2 2 2 1 1477 2881 4577
7768 2 2 2 1 906 2678 4284
7769 2 2 2 1 325 3639 4938
7770 2 2 2 1 4501 522 5634
7771 2 2 2 1 4332 679 5080
7772 2 2 2 1 2840 2439 5360
7773 2 2 2 1 839 3074 5402
7774 2 2 2 1 1228 2745 4079
7775 2 2 2 1 341 2614 5205
7776 2 2 2 1 1707 4362 5464
7777 2 2 2 1 899 2607 5082
7778 2 2 2 1 198 199 3646
7779 2 2 2 1 3625 1465 4034
7780 2 2 2 1 2636 904 4852
7781 2 2 2 1 1944 3065 4300
7782 2 2 2 1 2611 901 5179
7783 2 2 2 1 2774 2115 4100
7784 2 2 2 1 594 3371 5551
7785 2 2 2 1 3372 1048 5879
7786 2 2 2 1 1502 3210 4632
7787 2 2 2 1 1738 2618 4794
7788 2 2 2 1 4383 806 5832
7789 2 2 2 1 176 177 3649
7790 2 2 2 1 2779 459 5174
7791 2 2 2 1 2634 1671 5272
7792 2 2 2 1 2622 123 4706
7793 2 2 2 1 448 2886 4052
7794 2 2 2 1 35 3086 5578
7795 2 2 2 1 732 2947 5164
7796 2 2 2 1 1759 2804 5866
7797 2 2 2 1 46 2806 4177
7798 2 2 2 1 91 4285 4610
7799 2 2 2 1 1016 3183 5616
7800 2 2 2 1 2947 1679 5164
7801 2 2 2 1 558 3570 5358
7802 2 2 2 1 1570 2990 4727
7803 2 2 2 1 598 2623 5228
7804 2 2 2 1 3423 5550 5684
7805 2 2 2 1 3789 1795 5756
7806 2 2 2 1 522 4501 5549
7807 2 2 2 1 384 4193 4476
7808 2 2 2 1 1143 3079 3747
7809 2 2 2 1 4193 1990 4476
7810 2 2 2 1 3753 711 4358
7811 2 2 2 1 1752 3753 4358
7812 2 2 2 1 4609 1460 5161
7813 2 2 2 1 2623 1509 5228
7814 2 2 2 1 2990 779 4727
7815 2 2 2 1 1096 2795 4626
7816 2 2 2 1 2651 1185 5796
7817 2 2 2 1 1276 3112 3646
7818 2 2 2 1 3112 198 3646
7819 2 2 2 1 634 3289 4798
7820 2 2 2 1 3424 1963 4203
7821 2 2 2 1 3501 2432 5429
7822 2 2 2 1 2991 1220 4725
7823 2 2 2 1 3324 649 3922
7824 2 2 2 1 3231 1682 5831
7825 2 2 2 1 2749 1558 5150
7826 2 2 2 1 2657 656 4429
7827 2 2 2 1 591 2749 5150
7828 2 2 2 1 293 2744 4165
7829 2 2 2 1 2296 3225 4546
7830 2 2 2 1 2620 1398 5169
7831 2 2 2 1 3021 468 5710
7832 2 2 2 1 3172 236 5412
7833 2 2 2 1 1879 3021 5710
7834 2 2 2 1 1153 3545 4930
7835 2 2 2 1 2623 598 5145
7836 2 2 2 1 25 2640 4605
7837 2 2 2 1 518 2620 5169
7838 2 2 2 1 65 66 3809
7839 2 2 2 1 2210 4028 5296
7840 2 2 2 1 1022 3328 4386
7841 2 2 2 1 1236 2940 4101
7842 2 2 2 1 1593 3438 3956
7843 2 2 2 1 337 3028 3837
7844 2 2 2 1 1175 2806 4097
7845 2 2 2 1 2663 1349 4590
7846 2 2 2 1 664 3459 3793
7847 2 2 2 1 134 3179 5259
7848 2 2 2 1 583 2663 4590
7849 2 2 2 1 626 3569 4883
7850 2 2 2 1 3380 643 5323
7851 2 2 2 1 1723 3224 4920
7852 2 2 2 1 3854 2037 4319
7853 2 2 2 1 2406 3416 4787
7854 2 2 2 1 1266 2678 4354
7855 2 2 2 1 1717 5070 5732
7856 2 2 2 1 2790 1559 4662
7857 2 2 2 1 3224 703 4920
7858 2 2 2 1 2911 1060 4971
7859 2 2 2 1 257 258 3678
7860 2 2 2 1 1595 2911 4971
7861 2 2 2 1 320 3144 4343
7862 2 2 2 1 3631 1269 4678
7863 2 2 2 1 4593 2553 5576
7864 2 2 2 1 1129 2714 4263
7865 2 2 2 1 2136 2645 5534
7866 2 2 2 1 110 2790 4662
7867 2 2 2 1 3522 1257 4886
7868 2 2 2 1 1918 4148 4370
7869 2 2 2 1 537 2849 3914
7870 2 2 2 1 4148 1326 4370
7871 2 2 2 1 968 2665 5216
7872 2 2 2 1 2791 1204 4534
7873 2 2 2 1 2865 1326 4143
7874 2 2 2 1 2781 677 4184
7875 2 2 2 1 579 2662 4454
7876 2 2 2 1 326 2660 4466
7877 2 2 2 1 1277 3214 3572
7878 2 2 2 1 577 2865 4143
7879 2 2 2 1 665 2848 4011
7880 2 2 2 1 2848 1279 4011
7881 2 2 2 1 3281 1478 3804
7882 2 2 2 1 1056 3005 5818
7883 2 2 2 1 556 2802 4012
7884 2 2 2 1 1225 3198 3591
7885 2 2 2 1 4455 780 4651
7886 2 2 2 1 3427 2190 4958
7887 2 2 2 1 2143 4455 4651
7888 2 2 2 1 838 2987 5108
7889 2 2 2 1 328 2632 5154
7890 2 2 2 1 2987 1671 5108
7891 2 2 2 1 3437 664 5027
7892 2 2 2 1 797 3421 4078
7893 2 2 2 1 3421 1586 4078
7894 2 2 2 1 1785 2649 4606
7895 2 2 2 1 466 2631 5409
7896 2 2 2 1 574 3938 5645
7897 2 2 2 1 2940 1236 4389
7898 2 2 2 1 4747 2215 4803
7899 2 2 2 1 2937 1272 5763
7900 2 2 2 1 1006 2930 4223
7901 2 2 2 1 1834 2937 5763
7902 2 2 2 1 633 3304 4385
7903 2 2 2 1 4677 2071 5852
7904 2 2 2 1 2235 4679 5726
7905 2 2 2 1 3693 761 4503
7906 2 2 2 1 1146 2650 5557
7907 2 2 2 1 2222 3767 5661
7908 2 2 2 1 936 2640 5299
7909 2 2 2 1 1933 2917 5065
7910 2 2 2 1 1377 3093 3847
7911 2 2 2 1 2654 947 5608
7912 2 2 2 1 3093 572 3847
7913 2 2 2 1 353 3198 5277
7914 2 2 2 1 1856 2891 4141
7915 2 2 2 1 3163 885 3690
7916 2 2 2 1 3564 1765 5401
7917 2 2 2 1 226 5142 5261
7918 2 2 2 1 2637 1836 5232
7919 2 2 2 1 2741 1764 4209
7920 2 2 2 1 3071 1629 3862
7921 2 2 2 1 2747 856 5436
7922 2 2 2 1 2129 4427 5066
7923 2 2 2 1 1673 3163 3690
7924 2 2 2 1 3916 757 5193
7925 2 2 2 1 970 2638 5194
7926 2 2 2 1 3169 1097 3773
7927 2 2 2 1 1594 4016 4486
7928 2 2 2 1 2695 457 5190
7929 2 2 2 1 1150 3790 5496
7930 2 2 2 1 2904 330 3856
7931 2 2 2 1 1548 3098 4939
7932 2 2 2 1 1635 2747 5436
7933 2 2 2 1 4197 1654 4335
7934 2 2 2 1 904 2636 5528
7935 2 2 2 1 5805 2336 5807
7936 2 2 2 1 3938 1480 5586
7937 2 2 2 1 3979 1784 5607
7938 2 2 2 1 2639 697 5833
7939 2 2 2 1 4290 3296 5466
7940 2 2 2 1 776 3454 5668
7941 2 2 2 1 1528 2695 5190
7942 2 2 2 1 662 3376 4893
7943 2 2 2 1 1018 2641 5116
7944 2 2 2 1 2283 4047 5870
7945 2 2 2 1 2322 3212 3966
7946 2 2 2 1 1435 3689 3873
7947 2 2 2 1 1721 4252 4323
7948 2 2 2 1 3424 437 5675
7949 2 2 2 1 3325 1186 3611
7950 2 2 2 1 2738 706 4281
7951 2 2 2 1 771 3612 5525
7952 2 2 2 1 3498 810 5160
7953 2 2 2 1 2780 1256 5584
7954 2 2 2 1 1484 4356 4530
7955 2 2 2 1 1902 3498 5160
7956 2 2 2 1 3612 2091 5525
7957 2 2 2 1 1099 2643 4866
7958 2 2 2 1 2656 367 4622
7959 2 2 2 1 1605 2965 4969
7960 2 2 2 1 2965 953 4969
7961 2 2 2 1 243 244 5474
7962 2 2 2 1 1190 2751 4210
7963 2 2 2 1 1294 2738 4281
7964 2 2 2 1 616 4167 4891
7965 2 2 2 1 644 2993 4380
7966 2 2 2 1 1558 2779 5174
7967 2 2 2 1 1353 3939 4314
7968 2 2 2 1 2925 1159 4232
7969 2 2 2 1 4827 1951 5389
7970 2 2 2 1 3939 1799 4314
7971 2 2 2 1 1112 2667 5688
7972 2 2 2 1 2720 1502 5163
7973 2 2 2 1 4114 1782 5310
7974 2 2 2 1 943 3113 5059
7975 2 2 2 1 2771 2056 4828
7976 2 2 2 1 1896 5142 5546
7977 2 2 2 1 2738 1294 4286
7978 2 2 2 1 4053 1552 4620
7979 2 2 2 1 853 3076 4024
7980 2 2 2 1 3242 222 5361
7981 2 2 2 1 1244 2948 4350
7982 2 2 2 1 443 4464 4507
7983 2 2 2 1 1544 3834 3837
7984 2 2 2 1 3609 1221 5103
7985 2 2 2 1 2792 1258 5630
7986 2 2 2 1 348 3363 5836
7987 2 2 2 1 3395 1053 5622
7988 2 2 2 1 2353 3599 4934
7989 2 2 2 1 2736 1646 5875
7990 2 2 2 1 259 260 3835
7991 2 2 2 1 359 2665 5623
7992 2 2 2 1 1176 3533 3914
7993 2 2 2 1 1260 2781 4184
7994 2 2 2 1 3793 1295 5027
7995 2 2 2 1 1312 3857 5006
7996 2 2 2 1 4616 1312 5006
7997 2 2 2 1 3461 493 4682
7998 2 2 2 1 2994 986 5391
7999 2 2 2 1 3425 1901 3944
8000 2 2 2 1 3520 1481 4099
8001 2 2 2 1 2742 963 4307
8002 2 2 2 1 3621 672 4985
8003 2 2 2 1 3105 1997 4295
8004 2 2 2 1 2663 583 4709
8005 2 2 2 1 1802 4500 5202
8006 2 2 2 1 2295 4554 5747
8007 2 2 2 1 1102 2929 3866
8008 2 2 2 1 4104 2937 5751
8009 2 2 2 1 2793 793 5095
8010 2 2 2 1 1314 3370 5257
8011 2 2 2 1 1783 3656 4910
8012 2 2 2 1 393 3816 3824
8013 2 2 2 1 201 202 3764
8014 2 2 2 1 3816 1576 3824
8015 2 2 2 1 1551 2793 5095
8016 2 2 2 1 660 2834 4031
8017 2 2 2 1 2804 976 5866
8018 2 2 2 1 401 2975 3832
8019 2 2 2 1 957 2960 4435
8020 2 2 2 1 1659 2656 5516
8021 2 2 2 1 2960 1438 4435
8022 2 2 2 1 3423 504 5550
8023 2 2 2 1 1893 3092 5011
8024 2 2 2 1 2806 1728 4097
8025 2 2 2 1 3065 1265 4300
8026 2 2 2 1 1291 3405 3514
8027 2 2 2 1 3354 671 4770
8028 2 2 2 1 2838 2578 4899
8029 2 2 2 1 868 4045 5242
8030 2 2 2 1 677 4036 4184
8031 2 2 2 1 1551 3061 4774
8032 2 2 2 1 507 2763 4250
8033 2 2 2 1 3799 993 4087
8034 2 2 2 1 2351 4309 5030
8035 2 2 2 1 5379 2164 5501
8036 2 2 2 1 2664 1061 4695
8037 2 2 2 1 1661 3799 4087
8038 2 2 2 1 946 2650 5072
8039 2 2 2 1 1614 3430 4401
8040 2 2 2 1 3117 568 3940
8041 2 2 2 1 4431 1668 4819
8042 2 2 2 1 3430 648 4401
8043 2 2 2 1 501 4747 4803
8044 2 2 2 1 3127 1974 5118
8045 2 2 2 1 1244 3457 4111
8046 2 2 2 1 1537 3117 3940
8047 2 2 2 1 626 3161 5462
8048 2 2 2 1 3582 2363 5434
8049 2 2 2 1 4055 2978 5773
8050 2 2 2 1 2635 3648 4459
8051 2 2 2 1 1573 3085 3740
8052 2 2 2 1 2737 1072 4369
8053 2 2 2 1 1196 3796 5462
8054 2 2 2 1 2003 4396 4840
8055 2 2 2 1 1512 2924 4708
8056 2 2 2 1 1299 2685 5819
8057 2 2 2 1 2924 995 4708
8058 2 2 2 1 2833 1156 5621
8059 2 2 2 1 48 3285 5328
8060 2 2 2 1 4027 1691 4994
8061 2 2 2 1 1498 2847 4043
8062 2 2 2 1 1061 2664 5532
8063 2 2 2 1 2782 528 4228
8064 2 2 2 1 1142 3425 3944
8065 2 2 2 1 4614 3365 5628
8066 2 2 2 1 248 249 3783
8067 2 2 2 1 4830 450 5320
8068 2 2 2 1 2743 272 5251
8069 2 2 2 1 309 2893 4966
8070 2 2 2 1 1848 3344 3811
8071 2 2 2 1 4510 116 5746
8072 2 2 2 1 1690 4075 5101
8073 2 2 2 1 3166 1941 5154
8074 2 2 2 1 3031 652 3795
8075 2 2 2 1 3374 1282 3917
8076 2 2 2 1 3215 1643 3645
8077 2 2 2 1 392 4191 5583
8078 2 2 2 1 1947 2743 5251
8079 2 2 2 1 1435 3552 3689
8080 2 2 2 1 658 4058 5721
8081 2 2 2 1 4058 2392 5721
8082 2 2 2 1 1480 4766 5586
8083 2 2 2 1 2161 3766 3968
8084 2 2 2 1 674 4106 5384
8085 2 2 2 1 645 2837 4832
8086 2 2 2 1 4106 2255 5384
8087 2 2 2 1 2772 370 4411
8088 2 2 2 1 2660 1444 4838
8089 2 2 2 1 3105 1243 4629
8090 2 2 2 1 667 2751 4837
8091 2 2 2 1 2740 156 4378
8092 2 2 2 1 2726 233 5564
8093 2 2 2 1 3070 2271 4976
8094 2 2 2 1 2661 1122 4861
8095 2 2 2 1 2903 1480 3938
8096 2 2 2 1 1139 2914 3930
8097 2 2 2 1 820 5335 5760
8098 2 2 2 1 2664 1578 5532
8099 2 2 2 1 442 4450 4890
8100 2 2 2 1 1641 3603 4649
8101 2 2 2 1 4450 2202 4890
8102 2 2 2 1 2138 3486 5760
8103 2 2 2 1 3128 438 4020
8104 2 2 2 1 3988 89 4492
8105 2 2 2 1 1507 2938 3910
8106 2 2 2 1 2716 1331 4511
8107 2 2 2 1 2674 505 5570
8108 2 2 2 1 1367 3128 4020
8109 2 2 2 1 63 2926 4999
8110 2 2 2 1 2112 4837 4892
8111 2 2 2 1 1562 3555 4105
8112 2 2 2 1 4524 662 4893
8113 2 2 2 1 1236 3129 4954
8114 2 2 2 1 3555 419 4105
8115 2 2 2 1 3073 1360 4592
8116 2 2 2 1 3070 1717 5732
8117 2 2 2 1 123 124 4706
8118 2 2 2 1 3756 1289 5224
8119 2 2 2 1 3144 1535 3726
8120 2 2 2 1 2837 2387 4832
8121 2 2 2 1 1990 3249 5653
8122 2 2 2 1 395 2775 4306
8123 2 2 2 1 3275 1246 5113
8124 2 2 2 1 3493 1454 4894
8125 2 2 2 1 3640 2473 5358
8126 2 2 2 1 1239 3036 4950
8127 2 2 2 1 3457 1670 4111
8128 2 2 2 1 1406 3325 3611
8129 2 2 2 1 689 3858 4084
8130 2 2 2 1 1295 2764 5742
8131 2 2 2 1 3679 385 4892
8132 2 2 2 1 4167 616 4444
8133 2 2 2 1 3525 1101 4264
8134 2 2 2 1 3541 1777 4809
8135 2 2 2 1 2662 579 4997
8136 2 2 2 1 2707 1204 5008
8137 2 2 2 1 1073 3541 4809
8138 2 2 2 1 3928 1428 4050
8139 2 2 2 1 2667 1454 5688
8140 2 2 2 1 1181 2701 5791
8141 2 2 2 1 1987 4720 5772
8142 2 2 2 1 2669 1637 4983
8143 2 2 2 1 3196 629 4781
8144 2 2 2 1 2536 4784 5234
8145 2 2 2 1 4784 1515 5234
8146 2 2 2 1 5268 1978 5399
8147 2 2 2 1 1047 2691 4696
8148 2 2 2 1 2093 3415 5024
8149 2 2 2 1 2665 1309 5216
8150 2 2 2 1 3687 1457 4084
8151 2 2 2 1 4036 1892 4184
8152 2 2 2 1 868 5242 5720
8153 2 2 2 1 1151 3151 4743
8154 2 2 2 1 3322 1055 3800
8155 2 2 2 1 2568 4841 5699
8156 2 2 2 1 3420 534 4641
8157 2 2 2 1 1292 3111 3775
8158 2 2 2 1 1749 3322 3800
8159 2 2 2 1 3555 1562 4124
8160 2 2 2 1 1265 3065 4165
8161 2 2 2 1 1899 3420 4641
8162 2 2 2 1 3852 1835 4298
8163 2 2 2 1 1358 3852 4298
8164 2 2 2 1 1143 3555 4124
8165 2 2 2 1 3166 1107 5827
8166 2 2 2 1 1305 3570 4042
8167 2 2 2 1 457 2671 5190
8168 2 2 2 1 1941 3166 5827
8169 2 2 2 1 1419 2963 4771
8170 2 2 2 1 734 4863 4983
8171 2 2 2 1 2803 934 4273
8172 2 2 2 1 1302 2793 5495
8173 2 2 2 1 2688 751 5598
8174 2 2 2 1 3129 1236 4101
8175 2 2 2 1 3584 1452 3682
8176 2 2 2 1 3796 2097 5462
8177 2 2 2 1 1576 3255 3824
8178 2 2 2 1 3090 1616 5627
8179 2 2 2 1 3182 2189 4383
8180 2 2 2 1 583 2708 4709
8181 2 2 2 1 3990 1830 4420
8182 2 2 2 1 828 3990 4420
8183 2 2 2 1 2777 1629 4355
8184 2 2 2 1 901 2710 5619
8185 2 2 2 1 2692 1381 5408
8186 2 2 2 1 2680 502 5478
8187 2 2 2 1 1215 3324 3922
8188 2 2 2 1 3456 1183 3568
8189 2 2 2 1 2824 1299 4195
8190 2 2 2 1 271 5 3844
8191 2 2 2 1 2694 1143 4763
8192 2 2 2 1 1321 2746 4911
8193 2 2 2 1 3421 797 4311
8194 2 2 2 1 3263 1654 4197
8195 2 2 2 1 3589 400 4532
8196 2 2 2 1 945 2824 4195
8197 2 2 2 1 2698 999 5636
8198 2 2 2 1 1569 3421 4311
8199 2 2 2 1 3233 1322 4884
8200 2 2 2 1 3929 1380 4473
8201 2 2 2 1 1800 2682 5788
8202 2 2 2 1 1010 3023 4792
8203 2 2 2 1 2675 845 5325
8204 2 2 2 1 1066 2674 5173
8205 2 2 2 1 1506 2674 5570
8206 2 2 2 1 1127 2739 4521
8207 2 2 2 1 104 105 4742
8208 2 2 2 1 2038 3855 5456
8209 2 2 2 1 3467 991 5401
8210 2 2 2 1 2694 1611 4811
8211 2 2 2 1 1904 4125 4963
8212 2 2 2 1 2684 944 5680
8213 2 2 2 1 3504 1509 4029
8214 2 2 2 1 4841 657 5699
8215 2 2 2 1 1611 2694 5577
8216 2 2 2 1 1298 2803 4273
8217 2 2 2 1 1377 3504 4029
8218 2 2 2 1 2681 395 5413
8219 2 2 2 1 2694 728 5577
8220 2 2 2 1 4573 1508 5158
8221 2 2 2 1 1873 3039 3933
8222 2 2 2 1 84 85 3997
8223 2 2 2 1 2385 4573 5158
8224 2 2 2 1 2442 4510 5746
8225 2 2 2 1 1265 3186 4300
8226 2 2 2 1 2708 1351 4709
8227 2 2 2 1 105 3044 4742
8228 2 2 2 1 3024 1093 3964
8229 2 2 2 1 2044 4198 5388
8230 2 2 2 1 1317 3024 3964
8231 2 2 2 1 544 4161 4873
8232 2 2 2 1 2955 1376 4326
8233 2 2 2 1 1733 4361 5609
8234 2 2 2 1 1478 3922 4035
8235 2 2 2 1 1787 3851 4460
8236 2 2 2 1 1657 3098 5022
8237 2 2 2 1 3221 1649 3708
8238 2 2 2 1 3098 620 5022
8239 2 2 2 1 2726 1502 4632
8240 2 2 2 1 1963 3424 5675
8241 2 2 2 1 410 2955 4326
8242 2 2 2 1 2817 1522 5039
8243 2 2 2 1 646 2817 5039
8244 2 2 2 1 3851 1467 4460
8245 2 2 2 1 21 22 3870
8246 2 2 2 1 4548 381 5446
8247 2 2 2 1 2768 444 4426
8248 2 2 2 1 2500 4548 5446
8249 2 2 2 1 3249 2371 5653
8250 2 2 2 1 530 2684 5009
8251 2 2 2 1 602 3399 5791
8252 2 2 2 1 1504 2710 5183
8253 2 2 2 1 3415 1191 5024
8254 2 2 2 1 2710 901 5183
8255 2 2 2 1 1176 2877 4704
8256 2 2 2 1 3082 1544 3837
8257 2 2 2 1 1204 2707 4792
8258 2 2 2 1 3011 2839 5639
8259 2 2 2 1 643 4797 5323
8260 2 2 2 1 1116 2692 5408
8261 2 2 2 1 578 2962 3971
8262 2 2 2 1 2747 1328 5146
8263 2 2 2 1 347 2856 4795
8264 2 2 2 1 3788 1335 3926
8265 2 2 2 1 2723 1035 4707
8266 2 2 2 1 756 4051 4956
8267 2 2 2 1 1204 2791 4368
8268 2 2 2 1 4051 2045 4956
8269 2 2 2 1 2776 1372 4451
8270 2 2 2 1 1048 2728 5879
8271 2 2 2 1 1894 4106 5230
8272 2 2 2 1 1449 3703 4082
8273 2 2 2 1 3152 1202 3937
8274 2 2 2 1 4000 1410 4596
8275 2 2 2 1 1597 2815 4296
8276 2 2 2 1 2830 3273 5575
8277 2 2 2 1 4162 1841 4295
8278 2 2 2 1 2725 1807 4686
8279 2 2 2 1 731 4162 4295
8280 2 2 2 1 1214 2934 4465
8281 2 2 2 1 3156 675 3989
8282 2 2 2 1 2328 4401 5265
8283 2 2 2 1 1015 2689 5153
8284 2 2 2 1 2335 3776 5816
8285 2 2 2 1 2895 1234 4095
8286 2 2 2 1 1042 3095 5180
8287 2 2 2 1 1356 3626 4231
8288 2 2 2 1 568 2992 3940
8289 2 2 2 1 4401 648 5265
8290 2 2 2 1 1392 4434 4638
8291 2 2 2 1 3283 1229 4945
8292 2 2 2 1 2822 314 4305
8293 2 2 2 1 665 3255 4537
8294 2 2 2 1 1671 2987 3959
8295 2 2 2 1 3057 1400 4542
8296 2 2 2 1 3255 1576 4537
8297 2 2 2 1 1580 3788 3926
8298 2 2 2 1 1443 3729 4698
8299 2 2 2 1 3876 1781 4529
8300 2 2 2 1 3804 1478 4035
8301 2 2 2 1 543 2845 4961
8302 2 2 2 1 2971 1433 4494
8303 2 2 2 1 1262 3218 3765
8304 2 2 2 1 1577 3661 3662
8305 2 2 2 1 960 2971 4494
8306 2 2 2 1 2845 1512 4961
8307 2 2 2 1 3661 1245 3662
8308 2 2 2 1 383 2923 4046
8309 2 2 2 1 1829 2927 4379
8310 2 2 2 1 1376 2955 4155
8311 2 2 2 1 2955 978 4155
8312 2 2 2 1 2776 118 5764
8313 2 2 2 1 1340 2796 4669
8314 2 2 2 1 2703 325 4938
8315 2 2 2 1 1276 4253 5136
8316 2 2 2 1 666 2986 4655
8317 2 2 2 1 3349 1438 4030
8318 2 2 2 1 2986 1498 4655
8319 2 2 2 1 1666 3897 4941
8320 2 2 2 1 566 3084 3871
8321 2 2 2 1 589 3349 4030
8322 2 2 2 1 4625 2369 5733
8323 2 2 2 1 3058 1267 4527
8324 2 2 2 1 2817 646 4330
8325 2 2 2 1 4105 1542 4410
8326 2 2 2 1 467 4828 5256
8327 2 2 2 1 3329 1922 5554
8328 2 2 2 1 2633 3371 5490
8329 2 2 2 1 926 2780 5584
8330 2 2 2 1 1665 3337 5147
8331 2 2 2 1 1307 3682 4644
8332 2 2 2 1 720 2699 5337
8333 2 2 2 1 2312 4202 5800
8334 2 2 2 1 3209 1148 4156
8335 2 2 2 1 4493 1129 5830
8336 2 2 2 1 2076 2702 5370
8337 2 2 2 1 4131 1921 5007
8338 2 2 2 1 3446 1215 3922
8339 2 2 2 1 18 19 4533
8340 2 2 2 1 918 2706 5031
8341 2 2 2 1 3503 2159 5301
8342 2 2 2 1 2721 819 5588
8343 2 2 2 1 964 3012 4933
8344 2 2 2 1 3679 1721 5222
8345 2 2 2 1 3046 1936 4263
8346 2 2 2 1 1337 3138 3985
8347 2 2 2 1 2226 5387 5766
8348 2 2 2 1 472 3067 3903
8349 2 2 2 1 4333 1919 4879
8350 2 2 2 1 1020 2721 4918
8351 2 2 2 1 3138 578 3985
8352 2 2 2 1 516 2785 4477
8353 2 2 2 1 346 4303 4613
8354 2 2 2 1 2841 1899 4419
8355 2 2 2 1 3253 1040 3838
8356 2 2 2 1 1072 3449 4369
8357 2 2 2 1 2721 1412 4918
8358 2 2 2 1 3107 1403 4255
8359 2 2 2 1 1267 3058 4690
8360 2 2 2 1 1174 3494 5197
8361 2 2 2 1 5203 785 5212
8362 2 2 2 1 1624 3158 5256
8363 2 2 2 1 736 3107 4255
8364 2 2 2 1 1511 3317 5029
8365 2 2 2 1 1014 3247 5346
8366 2 2 2 1 971 2718 5477
8367 2 2 2 1 1000 2938 4806
8368 2 2 2 1 4562 2515 5512
8369 2 2 2 1 1460 2844 5030
8370 2 2 2 1 695 3689 4616
8371 2 2 2 1 3039 968 3933
8372 2 2 2 1 4161 1841 4162
8373 2 2 2 1 2205 2726 5564
8374 2 2 2 1 494 3180 4694
8375 2 2 2 1 3536 18 4533
8376 2 2 2 1 3449 1664 4369
8377 2 2 2 1 1309 2910 4140
8378 2 2 2 1 2938 1507 4806
8379 2 2 2 1 423 3500 4416
8380 2 2 2 1 669 4562 5512
8381 2 2 2 1 1409 2759 5453
8382 2 2 2 1 1290 4161 4162
8383 2 2 2 1 3051 5089 5780
8384 2 2 2 1 2712 928 5278
8385 2 2 2 1 1314 3777 5186
8386 2 2 2 1 2216 4501 5634
8387 2 2 2 1 2759 1343 4612
8388 2 2 2 1 2910 659 4140
8389 2 2 2 1 3371 4621 5551
8390 2 2 2 1 1905 4005 4659
8391 2 2 2 1 4020 1747 4604
8392 2 2 2 1 4005 1499 4659
8393 2 2 2 1 2458 3219 4868
8394 2 2 2 1 2481 2771 4828
8395 2 2 2 1 4136 1119 4965
8396 2 2 2 1 2869 4233 5114
8397 2 2 2 1 344 2753 4652
8398 2 2 2 1 2448 4282 5822
8399 2 2 2 1 3782 1314 5257
8400 2 2 2 1 3340 1095 3853
8401 2 2 2 1 396 3310 4254
8402 2 2 2 1 2869 400 4233
8403 2 2 2 1 2071 4136 4965
8404 2 2 2 1 642 3520 4099
8405 2 2 2 1 3348 975 5020
8406 2 2 2 1 1661 3559 3799
8407 2 2 2 1 4911 862 5655
8408 2 2 2 1 357 2789 5221
8409 2 2 2 1 310 309 4966
8410 2 2 2 1 3961 1865 5600
8411 2 2 2 1 3089 972 5558
8412 2 2 2 1 992 3125 4441
8413 2 2 2 1 1667 3768 4160
8414 2 2 2 1 1627 3220 4017
8415 2 2 2 1 2940 540 4101
8416 2 2 2 1 2934 501 4465
8417 2 2 2 1 3161 1196 5462
8418 2 2 2 1 4601 1345 5722
8419 2 2 2 1 1957 4658 5483
8420 2 2 2 1 2732 1154 4953
8421 2 2 2 1 1086 3427 5067
8422 2 2 2 1 3220 546 4017
8423 2 2 2 1 1706 3478 4736
8424 2 2 2 1 4191 392 4633
8425 2 2 2 1 584 2720 5676
8426 2 2 2 1 169 3019 5004
8427 2 2 2 1 3266 1274 4505
8428 2 2 2 1 1971 4191 4633
8429 2 2 2 1 2015 3636 5454
8430 2 2 2 1 4379 2445 5593
8431 2 2 2 1 727 4379 5593
8432 2 2 2 1 3636 1057 5454
8433 2 2 2 1 993 3010 4087
8434 2 2 2 1 4280 1618 4835
8435 2 2 2 1 1550 4007 4072
8436 2 2 2 1 3605 211 5053
8437 2 2 2 1 623 2895 4670
8438 2 2 2 1 3478 681 4736
8439 2 2 2 1 4282 722 5822
8440 2 2 2 1 4732 2064 5211
8441 2 2 2 1 208 3199 3825
8442 2 2 2 1 2895 1442 4670
8443 2 2 2 1 1502 2726 5163
8444 2 2 2 1 553 2795 4493
8445 2 2 2 1 3112 1557 4949
8446 2 2 2 1 994 2729 5097
8447 2 2 2 1 3949 1332 5541
8448 2 2 2 1 742 3485 4602
8449 2 2 2 1 224 225 4522
8450 2 2 2 1 1597 2794 5670
8451 2 2 2 1 1560 3717 4009
8452 2 2 2 1 3045 1186 4015
8453 2 2 2 1 3717 1419 4009
8454 2 2 2 1 168 169 5004
8455 2 2 2 1 1179 3571 3970
8456 2 2 2 1 525 2948 4111
8457 2 2 2 1 1284 3214 4244
8458 2 2 2 1 3106 1267 4690
8459 2 2 2 1 1801 2731 5455
8460 2 2 2 1 2897 611 4640
8461 2 2 2 1 2959 663 5771
8462 2 2 2 1 2945 558 4113
8463 2 2 2 1 370 2905 4174
8464 2 2 2 1 1645 2736 4982
8465 2 2 2 1 2889 11 4222
8466 2 2 2 1 2474 3020 4702
8467 2 2 2 1 40 3035 5396
8468 2 2 2 1 4501 2422 5549
8469 2 2 2 1 3033 598 3998
8470 2 2 2 1 2898 1355 5736
8471 2 2 2 1 1170 3162 3878
8472 2 2 2 1 3874 1314 5186
8473 2 2 2 1 4191 1254 5712
8474 2 2 2 1 1212 3412 4486
8475 2 2 2 1 1875 3581 5776
8476 2 2 2 1 1322 3233 3952
8477 2 2 2 1 1796 3587 4452
8478 2 2 2 1 2329 3664 5565
8479 2 2 2 1 3384 1084 4848
8480 2 2 2 1 3587 714 4452
8481 2 2 2 1 4428 1774 5309
8482 2 2 2 1 196 197 4949
8483 2 2 2 1 3171 5010 5817
8484 2 2 2 1 2735 1118 5052
8485 2 2 2 1 2734 715 5061
8486 2 2 2 1 3412 1594 4486
8487 2 2 2 1 3018 345 5484
8488 2 2 2 1 1472 2894 4807
8489 2 2 2 1 243 2827 4955
8490 2 2 2 1 1327 3444 3676
8491 2 2 2 1 3926 1335 4985
8492 2 2 2 1 2894 751 4807
8493 2 2 2 1 2751 1286 4837
8494 2 2 2 1 739 3162 3888
8495 2 2 2 1 1332 4045 5541
8496 2 2 2 1 419 3555 4811
8497 2 2 2 1 1575 2750 4853
8498 2 2 2 1 2746 862 4911
8499 2 2 2 1 2734 1090 5298
8500 2 2 2 1 3898 1991 5695
8501 2 2 2 1 2750 546 5621
8502 2 2 2 1 715 3186 5175
8503 2 2 2 1 2740 1005 5319
8504 2 2 2 1 1274 3313 4505
8505 2 2 2 1 3781 671 4137
8506 2 2 2 1 4603 1447 4808
8507 2 2 2 1 600 3585 5426
8508 2 2 2 1 3635 1844 5340
8509 2 2 2 1 1927 5655 5741
8510 2 2 2 1 1909 3148 5104
8511 2 2 2 1 1663 2901 5417
8512 2 2 2 1 456 3302 4818
8513 2 2 2 1 3213 1617 3840
8514 2 2 2 1 2915 7 5407
8515 2 2 2 1 131 132 4714
8516 2 2 2 1 582 2824 4940
8517 2 2 2 1 3186 1715 5175
8518 2 2 2 1 2901 412 5417
8519 2 2 2 1 4154 1371 4584
8520 2 2 2 1 299 298 4014
8521 2 2 2 1 1991 4803 5695
8522 2 2 2 1 274 273 4249
8523 2 2 2 1 3689 695 3873
8524 2 2 2 1 3064 1581 4916
8525 2 2 2 1 4101 540 4279
8526 2 2 2 1 263 3064 4916
8527 2 2 2 1 622 3204 3919
8528 2 2 2 1 1352 2805 4526
8529 2 2 2 1 1362 3475 3743
8530 2 2 2 1 1660 2746 5638
8531 2 2 2 1 700 3281 3804
8532 2 2 2 1 480 4189 5657
8533 2 2 2 1 737 3615 4117
8534 2 2 2 1 3534 1206 5534
8535 2 2 2 1 3475 903 3743
8536 2 2 2 1 3615 1547 4117
8537 2 2 2 1 1856 4703 4813
8538 2 2 2 1 1692 5102 5196
8539 2 2 2 1 3880 1571 4826
8540 2 2 2 1 1200 3021 4123
8541 2 2 2 1 2863 391 4370
8542 2 2 2 1 1326 2863 4370
8543 2 2 2 1 3204 1772 3919
8544 2 2 2 1 1890 3949 4722
8545 2 2 2 1 2975 401 4351
8546 2 2 2 1 85 3208 3997
8547 2 2 2 1 3949 342 4722
8548 2 2 2 1 1550 3433 4007
8549 2 2 2 1 4837 1286 4892
8550 2 2 2 1 3995 1968 5035
8551 2 2 2 1 1364 2975 4351
8552 2 2 2 1 3021 1200 4059
8553 2 2 2 1 3665 630 4730
8554 2 2 2 1 2086 2935 4874
8555 2 2 2 1 3759 876 5264
8556 2 2 2 1 1763 2959 5771
8557 2 2 2 1 2923 383 4262
8558 2 2 2 1 161 2754 5829
8559 2 2 2 1 3416 2417 4073
8560 2 2 2 1 4479 740 5223
8561 2 2 2 1 3130 1277 4660
8562 2 2 2 1 3450 1313 4207
8563 2 2 2 1 438 3361 4912
8564 2 2 2 1 351 2976 5316
8565 2 2 2 1 2976 1662 5316
8566 2 2 2 1 58 59 4040
8567 2 2 2 1 3992 1882 5429
8568 2 2 2 1 3062 131 4714
8569 2 2 2 1 3342 1465 5389
8570 2 2 2 1 3096 650 4688
8571 2 2 2 1 1013 2785 5544
8572 2 2 2 1 1415 2766 4856
8573 2 2 2 1 191 2741 5380
8574 2 2 2 1 230 231 4115
8575 2 2 2 1 3000 1296 4456
8576 2 2 2 1 3153 562 4173
8577 2 2 2 1 1583 3094 3983
8578 2 2 2 1 3235 395 3994
8579 2 2 2 1 856 2747 5146
8580 2 2 2 1 2415 3261 5421
8581 2 2 2 1 3199 1966 5498
8582 2 2 2 1 3633 1192 5333
8583 2 2 2 1 1032 2774 5871
8584 2 2 2 1 2743 1723 5362
8585 2 2 2 1 2854 356 4433
8586 2 2 2 1 3938 2062 5645
8587 2 2 2 1 3261 808 5421
8588 2 2 2 1 146 147 5090
8589 2 2 2 1 3395 486 3752
8590 2 2 2 1 2991 650 4129
8591 2 2 2 1 1793 3253 3838
8592 2 2 2 1 2745 1714 5215
8593 2 2 2 1 3087 1283 4569
8594 2 2 2 1 3584 1307 4648
8595 2 2 2 1 3211 992 4441
8596 2 2 2 1 4475 2007 4497
8597 2 2 2 1 3069 391 5529
8598 2 2 2 1 2954 1071 4179
8599 2 2 2 1 812 4475 4497
8600 2 2 2 1 1755 3069 5529
8601 2 2 2 1 3945 480 5149
8602 2 2 2 1 423 4416 4587
8603 2 2 2 1 50 51 4066
8604 2 2 2 1 3967 1686 4134
8605 2 2 2 1 2764 513 5742
8606 2 2 2 1 2034 3945 5149
8607 2 2 2 1 5152 143 5243
8608 2 2 2 1 1461 3967 4134
8609 2 2 2 1 3440 2067 3798
8610 2 2 2 1 629 3524 4781
8611 2 2 2 1 3416 427 4787
8612 2 2 2 1 1609 3684 4522
8613 2 2 2 1 3774 2216 5634
8614 2 2 2 1 237 3624 5412
8615 2 2 2 1 3559 1285 5644
8616 2 2 2 1 4645 2106 5597
8617 2 2 2 1 3009 676 4118
8618 2 2 2 1 1304 2875 4377
8619 2 2 2 1 3557 1956 4350
8620 2 2 2 1 1085 3557 4350
8621 2 2 2 1 663 2767 5771
8622 2 2 2 1 933 2916 4470
8623 2 2 2 1 443 2852 4464
8624 2 2 2 1 958 2822 5349
8625 2 2 2 1 682 3643 5385
8626 2 2 2 1 1958 2941 4352
8627 2 2 2 1 1282 3638 3917
8628 2 2 2 1 2893 1394 4966
8629 2 2 2 1 3022 1693 5672
8630 2 2 2 1 3077 317 4333
8631 2 2 2 1 1648 2945 5487
8632 2 2 2 1 1044 2770 5468
8633 2 2 2 1 2788 682 4785
8634 2 2 2 1 3834 1308 4894
8635 2 2 2 1 1115 3588 4052
8636 2 2 2 1 3341 1771 5213
8637 2 2 2 1 690 3341 5213
8638 2 2 2 1 3467 748 5232
8639 2 2 2 1 3335 1493 4906
8640 2 2 2 1 1836 3467 5232
8641 2 2 2 1 3132 1367 4169
8642 2 2 2 1 3061 2161 5151
8643 2 2 2 1 3036 1751 5575
8644 2 2 2 1 1814 4313 5337
8645 2 2 2 1 3654 1608 3700
8646 2 2 2 1 707 3036 5575
8647 2 2 2 1 3776 1952 5816
8648 2 2 2 1 697 3132 4169
8649 2 2 2 1 2266 2776 5764
8650 2 2 2 1 3171 1774 5472
8651 2 2 2 1 451 3171 5472
8652 2 2 2 1 4252 1436 4323
8653 2 2 2 1 3235 1797 5413
8654 2 2 2 1 395 3235 5413
8655 2 2 2 1 3590 2355 3850
8656 2 2 2 1 176 3649 5624
8657 2 2 2 1 3309 1179 5026
8658 2 2 2 1 2820 360 4618
8659 2 2 2 1 798 3373 4599
8660 2 2 2 1 1791 5320 5574
8661 2 2 2 1 1235 3293 4336
8662 2 2 2 1 4222 12 5215
8663 2 2 2 1 105 106 5846
8664 2 2 2 1 356 3984 4433
8665 2 2 2 1 555 3154 5136
8666 2 2 2 1 703 3725 4920
8667 2 2 2 1 2548 4974 5247
8668 2 2 2 1 1155 3397 4048
8669 2 2 2 1 3552 1312 3689
8670 2 2 2 1 4974 1631 5247
8671 2 2 2 1 2762 1698 5550
8672 2 2 2 1 1633 3339 5028
8673 2 2 2 1 1025 3603 4013
8674 2 2 2 1 2969 1405 4862
8675 2 2 2 1 3603 1641 4013
8676 2 2 2 1 3126 1446 4459
8677 2 2 2 1 1279 2848 4810
8678 2 2 2 1 1121 3040 5144
8679 2 2 2 1 1852 3086 5641
8680 2 2 2 1 1307 3584 3682
8681 2 2 2 1 699 3126 4459
8682 2 2 2 1 3044 105 5846
8683 2 2 2 1 3313 1961 4505
8684 2 2 2 1 2011 4407 4607
8685 2 2 2 1 4407 794 4607
8686 2 2 2 1 1613 3808 5355
8687 2 2 2 1 869 3821 5000
8688 2 2 2 1 1196 2988 4187
8689 2 2 2 1 1203 2786 4933
8690 2 2 2 1 3821 1912 5000
8691 2 2 2 1 5122 1678 5606
8692 2 2 2 1 3346 1607 5363
8693 2 2 2 1 3910 752 5823
8694 2 2 2 1 3134 1310 4264
8695 2 2 2 1 1461 3561 3967
8696 2 2 2 1 3561 344 3967
8697 2 2 2 1 3591 784 5225
8698 2 2 2 1 1985 3530 5624
8699 2 2 2 1 1281 3156 3989
8700 2 2 2 1 2834 660 4700
8701 2 2 2 1 1921 4917 5007
8702 2 2 2 1 1291 3514 5219
8703 2 2 2 1 1422 4192 4246
8704 2 2 2 1 946 3236 5749
8705 2 2 2 1 1601 2894 5704
8706 2 2 2 1 6 293 4165
8707 2 2 2 1 2813 452 5287
8708 2 2 2 1 1550 2813 5287
8709 2 2 2 1 639 4669 4880
8710 2 2 2 1 3727 599 4232
8711 2 2 2 1 2903 978 4877
8712 2 2 2 1 1854 3173 5739
8713 2 2 2 1 3530 175 5624
8714 2 2 2 1 439 4947 4995
8715 2 2 2 1 4257 1683 5172
8716 2 2 2 1 3486 361 5050
8717 2 2 2 1 1480 2903 4877
8718 2 2 2 1 1773 3486 5050
8719 2 2 2 1 990 2889 5652
8720 2 2 2 1 1272 3302 3858
8721 2 2 2 1 1390 3137 4272
8722 2 2 2 1 3131 321 4259
8723 2 2 2 1 1386 3131 4259
8724 2 2 2 1 3137 364 4272
8725 2 2 2 1 1751 3036 4523
8726 2 2 2 1 4144 445 5599
8727 2 2 2 1 3281 700 4266
8728 2 2 2 1 157 158 4438
8729 2 2 2 1 3173 835 5739
8730 2 2 2 1 2902 1022 4386
8731 2 2 2 1 1450 3281 4266
8732 2 2 2 1 2008 3452 4406
8733 2 2 2 1 2777 925 5441
8734 2 2 2 1 2808 69 4751
8735 2 2 2 1 3040 1356 5144
8736 2 2 2 1 3737 1083 5296
8737 2 2 2 1 553 3757 4626
8738 2 2 2 1 2770 1416 5468
8739 2 2 2 1 1062 2775 5494
8740 2 2 2 1 2770 807 5442
8741 2 2 2 1 4831 1316 5137
8742 2 2 2 1 4188 499 5821
8743 2 2 2 1 780 2998 4904
8744 2 2 2 1 37 38 4142
8745 2 2 2 1 4422 1619 4804
8746 2 2 2 1 4298 678 5107
8747 2 2 2 1 3177 196 4949
8748 2 2 2 1 2967 465 4606
8749 2 2 2 1 1861 4404 5837
8750 2 2 2 1 2819 3878 5431
8751 2 2 2 1 3194 2334 5249
8752 2 2 2 1 362 2911 4684
8753 2 2 2 1 1218 3440 3798
8754 2 2 2 1 986 2968 4932
8755 2 2 2 1 3350 2680 5478
8756 2 2 2 1 1060 2911 4392
8757 2 2 2 1 1068 3094 4951
8758 2 2 2 1 1677 4705 5133
8759 2 2 2 1 3906 1615 4693
8760 2 2 2 1 333 3544 5430
8761 2 2 2 1 3094 1583 4951
8762 2 2 2 1 115 116 4510
8763 2 2 2 1 5469 2038 5518
8764 2 2 2 1 407 3157 4791
8765 2 2 2 1 3753 1752 5173
8766 2 2 2 1 2782 1925 5280
8767 2 2 2 1 2839 559 5639
8768 2 2 2 1 4947 2348 4995
8769 2 2 2 1 1586 3357 5229
8770 2 2 2 1 3357 2239 5229
8771 2 2 2 1 4125 766 4963
8772 2 2 2 1 3201 340 4276
8773 2 2 2 1 3345 1783 4316
8774 2 2 2 1 1123 2879 4964
8775 2 2 2 1 2879 1489 4964
8776 2 2 2 1 2996 1302 5495
8777 2 2 2 1 2943 1151 4348
8778 2 2 2 1 3213 1117 4209
8779 2 2 2 1 3212 1008 3966
8780 2 2 2 1 777 3812 3894
8781 2 2 2 1 3079 1143 4124
8782 2 2 2 1 576 3159 4033
8783 2 2 2 1 3027 312 4206
8784 2 2 2 1 3812 1518 3894
8785 2 2 2 1 1882 3501 5429
8786 2 2 2 1 2948 1085 4350
8787 2 2 2 1 874 3460 5121
8788 2 2 2 1 1067 2983 4291
8789 2 2 2 1 1282 3316 5645
8790 2 2 2 1 2972 1457 4317
8791 2 2 2 1 3289 2164 5379
8792 2 2 2 1 415 2918 4418
8793 2 2 2 1 415 4418 4738
8794 2 2 2 1 3167 1287 5157
8795 2 2 2 1 366 3560 4831
8796 2 2 2 1 1221 3651 5755
8797 2 2 2 1 1436 4252 5840
8798 2 2 2 1 3463 1593 4977
8799 2 2 2 1 7 8 5407
8800 2 2 2 1 1426 3060 4617
8801 2 2 2 1 3208 1311 3997
8802 2 2 2 1 3559 1661 4602
8803 2 2 2 1 578 3971 3985
8804 2 2 2 1 2800 871 4979
8805 2 2 2 1 1515 2796 5234
8806 2 2 2 1 1285 3559 4602
8807 2 2 2 1 1543 3238 5159
8808 2 2 2 1 1226 3272 4462
8809 2 2 2 1 3772 1447 3978
8810 2 2 2 1 2796 730 5234
8811 2 2 2 1 5644 1285 5794
8812 2 2 2 1 2350 3442 5034
8813 2 2 2 1 1052 2940 4389
8814 2 2 2 1 1491 4332 4512
8815 2 2 2 1 5315 2016 5393
8816 2 2 2 1 980 3239 5014
8817 2 2 2 1 988 2829 5826
8818 2 2 2 1 3370 1314 4366
8819 2 2 2 1 3818 1701 3822
8820 2 2 2 1 4679 1359 5726
8821 2 2 2 1 3065 6 4165
8822 2 2 2 1 948 2792 5630
8823 2 2 2 1 1259 3818 3822
8824 2 2 2 1 4186 1403 4680
8825 2 2 2 1 1816 3273 5780
8826 2 2 2 1 1254 3654 3700
8827 2 2 2 1 2949 539 4365
8828 2 2 2 1 1559 2790 5377
8829 2 2 2 1 3303 1130 5743
8830 2 2 2 1 4293 536 5768
8831 2 2 2 1 4362 358 4478
8832 2 2 2 1 3127 1847 5861
8833 2 2 2 1 1927 4362 4478
8834 2 2 2 1 30 31 4218
8835 2 2 2 1 4568 1546 4897
8836 2 2 2 1 1518 4083 4339
8837 2 2 2 1 933 2906 5839
8838 2 2 2 1 458 3127 5861
8839 2 2 2 1 1424 4069 5093
8840 2 2 2 1 1296 3133 4456
8841 2 2 2 1 1541 2817 5318
8842 2 2 2 1 4235 1424 5093
8843 2 2 2 1 1927 4478 5655
8844 2 2 2 1 707 4065 4950
8845 2 2 2 1 2797 946 5749
8846 2 2 2 1 2916 1736 4470
8847 2 2 2 1 3030 570 4246
8848 2 2 2 1 957 3007 5547
8849 2 2 2 1 1721 4497 5222
8850 2 2 2 1 1412 3945 4820
8851 2 2 2 1 3517 1973 4060
8852 2 2 2 1 1588 3675 4275
8853 2 2 2 1 3237 1320 4402
8854 2 2 2 1 3760 902 4518
8855 2 2 2 1 989 3150 5270
8856 2 2 2 1 1373 3081 4168
8857 2 2 2 1 3043 981 4645
8858 2 2 2 1 3675 1248 4275
8859 2 2 2 1 1088 3517 4060
8860 2 2 2 1 1701 3760 4518
8861 2 2 2 1 2904 952 4499
8862 2 2 2 1 5173 1752 5503
8863 2 2 2 1 3389 1794 5450
8864 2 2 2 1 1463 3043 4645
8865 2 2 2 1 2994 1599 4778
8866 2 2 2 1 3698 1777 4623
8867 2 2 2 1 56 2994 4778
8868 2 2 2 1 1258 3160 5630
8869 2 2 2 1 3224 2064 4732
8870 2 2 2 1 9 10 4245
8871 2 2 2 1 1173 3170 4083
8872 2 2 2 1 3245 1337 3985
8873 2 2 2 1 698 2872 4623
8874 2 2 2 1 1571 3787 3963
8875 2 2 2 1 1312 3552 5263
8876 2 2 2 1 1521 3845 3895
8877 2 2 2 1 3845 1365 3895
8878 2 2 2 1 623 3142 4127
8879 2 2 2 1 1574 3461 4682
8880 2 2 2 1 915 2837 5377
8881 2 2 2 1 546 2833 5621
8882 2 2 2 1 940 2816 4990
8883 2 2 2 1 1274 3266 3984
8884 2 2 2 1 2819 796 5448
8885 2 2 2 1 3580 1704 5758
8886 2 2 2 1 922 2843 5267
8887 2 2 2 1 97 98 4267
8888 2 2 2 1 2182 2963 4681
8889 2 2 2 1 1475 2810 5581
8890 2 2 2 1 4297 1706 4834
8891 2 2 2 1 3346 361 4755
8892 2 2 2 1 2909 962 4525
8893 2 2 2 1 4857 1914 5210
8894 2 2 2 1 795 3057 4542
8895 2 2 2 1 1607 3346 4755
8896 2 2 2 1 1495 2805 5178
8897 2 2 2 1 2048 2819 5431
8898 2 2 2 1 231 3210 4115
8899 2 2 2 1 3607 1203 5730
8900 2 2 2 1 3273 1816 5813
8901 2 2 2 1 3449 635 4789
8902 2 2 2 1 1519 3894 4339
8903 2 2 2 1 3252 721 4437
8904 2 2 2 1 1664 3449 4789
8905 2 2 2 1 1992 2838 4899
8906 2 2 2 1 1708 2906 4847
8907 2 2 2 1 3135 1364 4147
8908 2 2 2 1 758 2859 4756
8909 2 2 2 1 2906 16 4847
8910 2 2 2 1 1542 3879 4410
8911 2 2 2 1 3436 1914 4857
8912 2 2 2 1 2808 967 5732
8913 2 2 2 1 1531 4197 4335
8914 2 2 2 1 2841 372 4864
8915 2 2 2 1 1833 2814 5832
8916 2 2 2 1 2039 2802 5625
8917 2 2 2 1 3328 1414 4386
8918 2 2 2 1 3008 605 4631
8919 2 2 2 1 1355 4752 5736
8920 2 2 2 1 1306 3168 5109
8921 2 2 2 1 3963 1360 5107
8922 2 2 2 1 387 2832 4930
8923 2 2 2 1 3246 585 5511
8924 2 2 2 1 2961 241 4440
8925 2 2 2 1 2854 1621 5552
8926 2 2 2 1 3068 2036 4504
8927 2 2 2 1 4211 1397 4420
8928 2 2 2 1 980 3122 4895
8929 2 2 2 1 1830 4211 4420
8930 2 2 2 1 992 2854 5552
8931 2 2 2 1 4088 2337 4408
8932 2 2 2 1 2805 1495 5445
8933 2 2 2 1 1039 2952 4697
8934 2 2 2 1 4752 2590 5736
8935 2 2 2 1 3202 350 4541
8936 2 2 2 1 2807 1003 5196
8937 2 2 2 1 3583 818 4536
8938 2 2 2 1 1334 3884 4744
8939 2 2 2 1 3162 1757 5856
8940 2 2 2 1 2818 1846 5806
8941 2 2 2 1 1371 3197 4180
8942 2 2 2 1 142 143 5152
8943 2 2 2 1 92 3051 4285
8944 2 2 2 1 412 4021 4664
8945 2 2 2 1 3676 1347 4390
8946 2 2 2 1 686 3374 3917
8947 2 2 2 1 3536 1708 4847
8948 2 2 2 1 3614 2336 5501
8949 2 2 2 1 17 3536 4847
8950 2 2 2 1 3197 1103 4180
8951 2 2 2 1 1693 2946 5841
8952 2 2 2 1 540 3058 4279
8953 2 2 2 1 3321 1175 4097
8954 2 2 2 1 2935 2208 4874
8955 2 2 2 1 1893 5011 5525
8956 2 2 2 1 3020 476 4702
8957 2 2 2 1 1625 3583 4536
8958 2 2 2 1 694 3833 4557
8959 2 2 2 1 1686 3967 4512
8960 2 2 2 1 504 3423 3961
8961 2 2 2 1 388 4089 5263
8962 2 2 2 1 1561 3536 4533
8963 2 2 2 1 2366 3709 5629
8964 2 2 2 1 21 3870 5580
8965 2 2 2 1 2877 1940 4704
8966 2 2 2 1 1281 3500 5426
8967 2 2 2 1 2124 3073 4592
8968 2 2 2 1 581 2898 5736
8969 2 2 2 1 1924 3420 5844
8970 2 2 2 1 2048 3402 5458
8971 2 2 2 1 1682 3356 4999
8972 2 2 2 1 3500 1883 5426
8973 2 2 2 1 347 3669 4744
8974 2 2 2 1 3356 62 4999
8975 2 2 2 1 187 188 4840
8976 2 2 2 1 4201 1677 5414
8977 2 2 2 1 4089 1748 5558
8978 2 2 2 1 3131 2571 4809
8979 2 2 2 1 2303 4089 5558
8980 2 2 2 1 955 2825 5165
8981 2 2 2 1 3767 2063 5661
8982 2 2 2 1 5103 1221 5755
8983 2 2 2 1 1585 3666 4118
8984 2 2 2 1 113 114 5404
8985 2 2 2 1 1316 3738 5137
8986 2 2 2 1 1399 3804 4035
8987 2 2 2 1 1542 5469 5518
8988 2 2 2 1 2970 1150 5496
8989 2 2 2 1 3508 1533 4737
8990 2 2 2 1 3005 621 4421
8991 2 2 2 1 763 4677 5852
8992 2 2 2 1 4723 2460 5436
8993 2 2 2 1 856 4723 5436
8994 2 2 2 1 3086 1116 5641
8995 2 2 2 1 3080 986 4932
8996 2 2 2 1 3375 1853 5568
8997 2 2 2 1 2920 375 4585
8998 2 2 2 1 3638 1591 3917
8999 2 2 2 1 1491 3488 4224
9000 2 2 2 1 3157 1976 4944
9001 2 2 2 1 3488 873 4224
9002 2 2 2 1 1484 3153 4173
9003 2 2 2 1 2821 570 5268
9004 2 2 2 1 838 2818 5510
9005 2 2 2 1 1530 4417 5014
9006 2 2 2 1 1303 3635 5340
9007 2 2 2 1 2988 1194 4461
9008 2 2 2 1 1388 2851 4980
9009 2 2 2 1 1137 2872 4816
9010 2 2 2 1 1556 3392 3995
9011 2 2 2 1 3846 585 5569
9012 2 2 2 1 3392 1078 3995
9013 2 2 2 1 3210 1331 4115
9014 2 2 2 1 377 3197 4381
9015 2 2 2 1 3074 2563 5402
9016 2 2 2 1 648 3430 4114
9017 2 2 2 1 2821 1097 5574
9018 2 2 2 1 3430 1423 4114
9019 2 2 2 1 2995 564 4547
9020 2 2 2 1 4417 2117 5014
9021 2 2 2 1 1346 3677 4506
9022 2 2 2 1 3836 1483 4099
9023 2 2 2 1 3063 332 5811
9024 2 2 2 1 1339 3077 4333
9025 2 2 2 1 2830 485 5772
9026 2 2 2 1 559 3000 4456
9027 2 2 2 1 186 187 4396
9028 2 2 2 1 618 2829 5687
9029 2 2 2 1 1827 4893 5611
9030 2 2 2 1 4564 1425 5486
9031 2 2 2 1 927 2828 5607
9032 2 2 2 1 3206 1891 4748
9033 2 2 2 1 2829 1639 5687
9034 2 2 2 1 2154 4199 5339
9035 2 2 2 1 4199 1081 5339
9036 2 2 2 1 2404 4564 5486
9037 2 2 2 1 1909 4609 5161
9038 2 2 2 1 3533 1820 3914
9039 2 2 2 1 934 3143 4273
9040 2 2 2 1 106 107 4764
9041 2 2 2 1 1826 2827 5474
9042 2 2 2 1 2982 960 4494
9043 2 2 2 1 404 3659 4029
9044 2 2 2 1 3912 897 4878
9045 2 2 2 1 1610 3981 4056
9046 2 2 2 1 877 4363 4445
9047 2 2 2 1 1478 3446 3922
9048 2 2 2 1 4907 2490 5356
9049 2 2 2 1 3001 1058 4473
9050 2 2 2 1 1027 2836 5177
9051 2 2 2 1 1572 4907 5356
9052 2 2 2 1 4363 1881 4445
9053 2 2 2 1 3981 1388 4056
9054 2 2 2 1 3052 1340 4669
9055 2 2 2 1 1287 3167 4182
9056 2 2 2 1 4022 517 5338
9057 2 2 2 1 4042 3347 5867
9058 2 2 2 1 718 3188 4157
9059 2 2 2 1 1821 5805 5807
9060 2 2 2 1 2829 618 5336
9061 2 2 2 1 1725 2847 5103
9062 2 2 2 1 3019 169 5738
9063 2 2 2 1 1864 3912 4878
9064 2 2 2 1 3060 601 4617
9065 2 2 2 1 4007 1497 4072
9066 2 2 2 1 3716 432 3906
9067 2 2 2 1 1702 2984 5662
9068 2 2 2 1 2080 4022 5338
9069 2 2 2 1 2984 328 5662
9070 2 2 2 1 2901 1663 4745
9071 2 2 2 1 3205 2034 5116
9072 2 2 2 1 351 2924 4889
9073 2 2 2 1 2956 1529 5106
9074 2 2 2 1 3373 1788 4221
9075 2 2 2 1 1101 3134 4264
9076 2 2 2 1 291 3375 5568
9077 2 2 2 1 1765 3467 5401
9078 2 2 2 1 644 2956 5106
9079 2 2 2 1 1669 4770 5479
9080 2 2 2 1 442 3596 4560
9081 2 2 2 1 3550 1322 5539
9082 2 2 2 1 468 4028 5710
9083 2 2 2 1 680 2929 4637
9084 2 2 2 1 4028 2210 5710
9085 2 2 2 1 1032 3000 5282
9086 2 2 2 1 476 3020 4931
9087 2 2 2 1 3020 1510 4931
9088 2 2 2 1 493 3590 3850
9089 2 2 2 1 3845 396 4254
9090 2 2 2 1 3982 1567 4503
9091 2 2 2 1 1036 3389 5450
9092 2 2 2 1 169 170 5738
9093 2 2 2 1 3423 1865 3961
9094 2 2 2 1 3498 1902 5692
9095 2 2 2 1 3404 1897 5685
9096 2 2 2 1 2893 1013 5544
9097 2 2 2 1 389 2847 5293
9098 2 2 2 1 2833 546 5533
9099 2 2 2 1 2850 495 5162
9100 2 2 2 1 2839 2250 5282
9101 2 2 2 1 3895 1365 4788
9102 2 2 2 1 102 3404 5685
9103 2 2 2 1 3854 1289 5625
9104 2 2 2 1 2919 1574 4682
9105 2 2 2 1 2906 1708 5839
9106 2 2 2 1 5206 2551 5706
9107 2 2 2 1 1029 3314 5596
9108 2 2 2 1 1289 3756 5625
9109 2 2 2 1 3756 2039 5625
9110 2 2 2 1 1203 3815 5730
9111 2 2 2 1 1180 2941 4639
9112 2 2 2 1 1360 3787 4592
9113 2 2 2 1 4008 630 4287
9114 2 2 2 1 1694 4008 4287
9115 2 2 2 1 3438 573 3956
9116 2 2 2 1 2843 1401 5267
9117 2 2 2 1 2980 835 4858
9118 2 2 2 1 250 251 4430
9119 2 2 2 1 3934 1575 4868
9120 2 2 2 1 242 243 4955
9121 2 2 2 1 3391 1224 4622
9122 2 2 2 1 3434 1349 4185
9123 2 2 2 1 3005 4421 5818
9124 2 2 2 1 1965 2840 5360
9125 2 2 2 1 1464 2980 4858
9126 2 2 2 1 1512 4405 4889
9127 2 2 2 1 3145 970 5245
9128 2 2 2 1 592 3806 4347
9129 2 2 2 1 742 3685 4043
9130 2 2 2 1 3101 2112 4892
9131 2 2 2 1 2846 499 5329
9132 2 2 2 1 1599 2994 5391
9133 2 2 2 1 3685 1498 4043
9134 2 2 2 1 3497 1996 3964
9135 2 2 2 1 124 125 5204
9136 2 2 2 1 2047 4144 5599
9137 2 2 2 1 233 234 5564
9138 2 2 2 1 2847 1498 5293
9139 2 2 2 1 3063 1323 4398
9140 2 2 2 1 1322 4090 4884
9141 2 2 2 1 1907 2850 5225
9142 2 2 2 1 217 218 4442
9143 2 2 2 1 3407 304 4003
9144 2 2 2 1 3226 1057 4423
9145 2 2 2 1 4770 1942 5479
9146 2 2 2 1 3029 1321 4911
9147 2 2 2 1 1434 3226 4423
9148 2 2 2 1 1591 3777 3782
9149 2 2 2 1 144 145 5224
9150 2 2 2 1 1640 2908 4780
9151 2 2 2 1 3511 2037 4180
9152 2 2 2 1 388 2983 4571
9153 2 2 2 1 967 3070 5732
9154 2 2 2 1 2956 939 5131
9155 2 2 2 1 1081 2848 5339
9156 2 2 2 1 649 3828 4035
9157 2 2 2 1 1529 2956 5131
9158 2 2 2 1 118 119 5764
9159 2 2 2 1 1115 3897 5506
9160 2 2 2 1 1562 3786 4124
9161 2 2 2 1 3777 1314 3782
9162 2 2 2 1 3873 1727 4903
9163 2 2 2 1 4320 1520 4642
9164 2 2 2 1 1931 4320 4642
9165 2 2 2 1 1749 3800 5721
9166 2 2 2 1 2004 3194 5249
9167 2 2 2 1 897 3912 4414
9168 2 2 2 1 459 2861 5174
9169 2 2 2 1 598 4171 5145
9170 2 2 2 1 3723 1284 4244
9171 2 2 2 1 3912 1716 4414
9172 2 2 2 1 73 74 4978
9173 2 2 2 1 1054 3360 5170
9174 2 2 2 1 4269 2140 5666
9175 2 2 2 1 704 2853 5756
9176 2 2 2 1 564 3050 4547
9177 2 2 2 1 2399 5548 5836
9178 2 2 2 1 3361 1587 4912
9179 2 2 2 1 1511 5676 5783
9180 2 2 2 1 3433 855 4007
9181 2 2 2 1 3420 1041 5844
9182 2 2 2 1 2867 487 5390
9183 2 2 2 1 2861 950 5240
9184 2 2 2 1 2860 1172 5239
9185 2 2 2 1 501 2934 4747
9186 2 2 2 1 1668 4110 4819
9187 2 2 2 1 520 3384 4050
9188 2 2 2 1 2862 965 5855
9189 2 2 2 1 1732 4591 4616
9190 2 2 2 1 138 3 5515
9191 2 2 2 1 3 139 5515
9192 2 2 2 1 352 2862 5857
9193 2 2 2 1 1033 3109 4415
9194 2 2 2 1 2121 3830 4676
9195 2 2 2 1 3227 1082 4192
9196 2 2 2 1 281 280 4490
9197 2 2 2 1 1750 3321 5347
9198 2 2 2 1 3109 1378 4415
9199 2 2 2 1 1469 3495 4227
9200 2 2 2 1 3321 667 5347
9201 2 2 2 1 3144 1233 4343
9202 2 2 2 1 2861 3968 5640
9203 2 2 2 1 3495 418 4227
9204 2 2 2 1 990 2907 4897
9205 2 2 2 1 2108 3286 5167
9206 2 2 2 1 3277 488 5601
9207 2 2 2 1 1093 3497 3964
9208 2 2 2 1 2963 851 4681
9209 2 2 2 1 1494 3548 4882
9210 2 2 2 1 3695 1588 4275
9211 2 2 2 1 1361 3899 5434
9212 2 2 2 1 1848 3602 5392
9213 2 2 2 1 1323 3056 4469
9214 2 2 2 1 2044 3719 4198
9215 2 2 2 1 1647 4375 5740
9216 2 2 2 1 2860 1788 5457
9217 2 2 2 1 3719 1141 4198
9218 2 2 2 1 3300 1324 5753
9219 2 2 2 1 3214 721 4244
9220 2 2 2 1 1236 3820 4389
9221 2 2 2 1 597 3377 4081
9222 2 2 2 1 1446 3126 4385
9223 2 2 2 1 3018 1568 5189
9224 2 2 2 1 2414 2861 5640
9225 2 2 2 1 3186 715 4300
9226 2 2 2 1 292 291 5568
9227 2 2 2 1 450 4270 5320
9228 2 2 2 1 3273 1021 5780
9229 2 2 2 1 3557 847 5700
9230 2 2 2 1 391 2863 5529
9231 2 2 2 1 1956 3557 5700
9232 2 2 2 1 2864 330 5333
9233 2 2 2 1 345 3018 5189
9234 2 2 2 1 2720 5163 5783
9235 2 2 2 1 3706 1507 4913
9236 2 2 2 1 805 5428 5586
9237 2 2 2 1 3293 1764 5471
9238 2 2 2 1 3174 1350 4575
9239 2 2 2 1 4312 1709 5336
9240 2 2 2 1 1691 4732 5211
9241 2 2 2 1 193 3293 5471
9242 2 2 2 1 864 3962 5065
9243 2 2 2 1 480 3945 4215
9244 2 2 2 1 147 2884 5090
9245 2 2 2 1 5042 763 5852
9246 2 2 2 1 5001 1598 5405
9247 2 2 2 1 1685 3744 5206
9248 2 2 2 1 855 3433 5235
9249 2 2 2 1 4207 1906 4657
9250 2 2 2 1 810 3263 4197
9251 2 2 2 1 3962 1933 5065
9252 2 2 2 1 3433 2087 5235
9253 2 2 2 1 1679 2947 4815
9254 2 2 2 1 143 144 5243
9255 2 2 2 1 2873 1517 5511
9256 2 2 2 1 1721 3806 4252
9257 2 2 2 1 1338 3696 5667
9258 2 2 2 1 3455 659 4032
9259 2 2 2 1 1387 3455 4032
9260 2 2 2 1 71 72 5023
9261 2 2 2 1 343 3953 4317
9262 2 2 2 1 2875 1457 5382
9263 2 2 2 1 2314 4443 5274
9264 2 2 2 1 3299 511 4996
9265 2 2 2 1 2968 986 4758
9266 2 2 2 1 883 3006 4638
9267 2 2 2 1 3059 115 4510
9268 2 2 2 1 3245 1339 4879
9269 2 2 2 1 1269 3663 4400
9270 2 2 2 1 1177 2885 5344
9271 2 2 2 1 3312 410 4460
9272 2 2 2 1 1510 2870 5508
9273 2 2 2 1 427 3416 4073
9274 2 2 2 1 1467 3312 4460
9275 2 2 2 1 1112 3058 4527
9276 2 2 2 1 3383 2617 5658
9277 2 2 2 1 713 3068 4504
9278 2 2 2 1 5124 1647 5740
9279 2 2 2 1 1358 3803 5694
9280 2 2 2 1 2428 4795 5592
9281 2 2 2 1 2171 5152 5243
9282 2 2 2 1 5676 2720 5783
9283 2 2 2 1 1685 5206 5706
9284 2 2 2 1 3081 1373 4656
9285 2 2 2 1 1856 3641 4703
9286 2 2 2 1 3684 1609 4559
9287 2 2 2 1 2905 370 5024
9288 2 2 2 1 1788 3373 5457
9289 2 2 2 1 1858 3684 4559
9290 2 2 2 1 632 3754 5120
9291 2 2 2 1 1621 4167 4444
9292 2 2 2 1 3373 798 5457
9293 2 2 2 1 3098 1657 5671
9294 2 2 2 1 3481 2015 5454
9295 2 2 2 1 844 5379 5501
9296 2 2 2 1 3306 1887 5082
9297 2 2 2 1 1375 3113 4519
9298 2 2 2 1 585 2873 5511
9299 2 2 2 1 1487 3879 4049
9300 2 2 2 1 3193 1462 4597
9301 2 2 2 1 2094 3468 4204
9302 2 2 2 1 3879 1542 4049
9303 2 2 2 1 717 3193 4597
9304 2 2 2 1 3434 419 4811
9305 2 2 2 1 401 3183 4351
9306 2 2 2 1 3571 1623 3970
9307 2 2 2 1 1611 3434 4811
9308 2 2 2 1 3311 2131 5494
9309 2 2 2 1 2876 1742 5745
9310 2 2 2 1 707 3273 5813
9311 2 2 2 1 650 2991 4725
9312 2 2 2 1 534 3160 5271
9313 2 2 2 1 2023 3503 5301
9314 2 2 2 1 3124 582 4940
9315 2 2 2 1 427 3562 4787
9316 2 2 2 1 2116 3229 5003
9317 2 2 2 1 3229 920 5003
9318 2 2 2 1 2878 631 5627
9319 2 2 2 1 2930 1574 5357
9320 2 2 2 1 2129 3256 4427
9321 2 2 2 1 3328 577 4327
9322 2 2 2 1 1480 4446 4766
9323 2 2 2 1 3216 1295 5742
9324 2 2 2 1 3016 727 5593
9325 2 2 2 1 1616 2878 5627
9326 2 2 2 1 978 2955 4877
9327 2 2 2 1 1414 3328 4327
9328 2 2 2 1 4166 2050 5651
9329 2 2 2 1 4446 1999 4766
9330 2 2 2 1 1565 3530 4479
9331 2 2 2 1 637 2930 5357
9332 2 2 2 1 1776 3723 4244
9333 2 2 2 1 1676 3016 5593
9334 2 2 2 1 629 2946 5291
9335 2 2 2 1 3256 478 4427
9336 2 2 2 1 2946 1553 5291
9337 2 2 2 1 3010 2179 4697
9338 2 2 2 1 1946 3184 4585
9339 2 2 2 1 3852 1358 5694
9340 2 2 2 1 402 2928 4973
9341 2 2 2 1 621 3005 4970
9342 2 2 2 1 3530 1985 4479
9343 2 2 2 1 3346 2200 5050
9344 2 2 2 1 1611 3145 5245
9345 2 2 2 1 573 3176 4663
9346 2 2 2 1 678 2979 4826
9347 2 2 2 1 3005 1490 4970
9348 2 2 2 1 1421 3182 4383
9349 2 2 2 1 616 4009 4444
9350 2 2 2 1 1978 4528 4619
9351 2 2 2 1 3602 1545 5392
9352 2 2 2 1 1921 3628 4917
9353 2 2 2 1 4528 1413 4619
9354 2 2 2 1 1407 3207 4349
9355 2 2 2 1 2946 936 5299
9356 2 2 2 1 1643 3215 5198
9357 2 2 2 1 1553 2946 5299
9358 2 2 2 1 3215 615 5198
9359 2 2 2 1 4119 1827 5611
9360 2 2 2 1 1518 3470 4083
9361 2 2 2 1 3458 1257 4265
9362 2 2 2 1 4795 1231 5592
9363 2 2 2 1 3916 2113 5707
9364 2 2 2 1 1395 3716 3906
9365 2 2 2 1 3470 1173 4083
9366 2 2 2 1 1796 4120 4589
9367 2 2 2 1 2946 629 5841
9368 2 2 2 1 1632 4117 4329
9369 2 2 2 1 3639 1606 4938
9370 2 2 2 1 2372 3734 5038
9371 2 2 2 1 757 3916 5707
9372 2 2 2 1 2886 448 5594
9373 2 2 2 1 1686 3791 4134
9374 2 2 2 1 3791 778 4134
9375 2 2 2 1 2977 2290 5115
9376 2 2 2 1 961 2950 5013
9377 2 2 2 1 1343 3190 4391
9378 2 2 2 1 2277 3671 5124
9379 2 2 2 1 3113 495 4519
9380 2 2 2 1 3437 2128 5696
9381 2 2 2 1 3197 1371 4381
9382 2 2 2 1 1141 2892 5658
9383 2 2 2 1 1376 4325 4326
9384 2 2 2 1 109 110 4662
9385 2 2 2 1 4325 1787 4326
9386 2 2 2 1 1442 2895 5798
9387 2 2 2 1 783 3087 4569
9388 2 2 2 1 4833 1849 5567
9389 2 2 2 1 3848 2072 5860
9390 2 2 2 1 4208 1427 4540
9391 2 2 2 1 1438 2960 5727
9392 2 2 2 1 3364 1479 4485
9393 2 2 2 1 1434 3017 5096
9394 2 2 2 1 745 3364 4485
9395 2 2 2 1 3494 612 5197
9396 2 2 2 1 978 2903 5488
9397 2 2 2 1 3007 1631 5547
9398 2 2 2 1 5060 2375 5069
9399 2 2 2 1 770 3790 5118
9400 2 2 2 1 2407 4753 4768
9401 2 2 2 1 4038 450 4830
9402 2 2 2 1 1015 5060 5069
9403 2 2 2 1 3790 1847 5118
9404 2 2 2 1 26 27 4685
9405 2 2 2 1 1394 2893 5544
9406 2 2 2 1 3310 1781 4254
9407 2 2 2 1 2937 1834 5062
9408 2 2 2 1 1855 4038 4830
9409 2 2 2 1 3544 1869 4289
9410 2 2 2 1 2334 4814 5249
9411 2 2 2 1 3105 4295 5876
9412 2 2 2 1 533 2913 5248
9413 2 2 2 1 4814 757 5249
9414 2 2 2 1 393 3322 5433
9415 2 2 2 1 3322 1749 5433
9416 2 2 2 1 4753 1393 4768
9417 2 2 2 1 2928 1226 5139
9418 2 2 2 1 639 3052 4669
9419 2 2 2 1 3570 1130 4042
9420 2 2 2 1 431 4120 4582
9421 2 2 2 1 1902 5499 5692
9422 2 2 2 1 3336 1344 5275
9423 2 2 2 1 4120 1796 4582
9424 2 2 2 1 1383 3296 4290
9425 2 2 2 1 3674 696 4788
9426 2 2 2 1 3484 1398 4137
9427 2 2 2 1 1520 4320 5021
9428 2 2 2 1 3543 1208 4520
9429 2 2 2 1 4053 1042 5180
9430 2 2 2 1 4376 1800 5365
9431 2 2 2 1 4130 1645 4982
9432 2 2 2 1 1241 3705 3969
9433 2 2 2 1 4504 2036 5398
9434 2 2 2 1 3315 398 4278
9435 2 2 2 1 3885 2106 4645
9436 2 2 2 1 3909 632 5120
9437 2 2 2 1 638 3899 4488
9438 2 2 2 1 1915 4308 4741
9439 2 2 2 1 4308 1527 4741
9440 2 2 2 1 4285 1656 4610
9441 2 2 2 1 3899 1683 4488
9442 2 2 2 1 2940 1052 5141
9443 2 2 2 1 1715 3186 4458
9444 2 2 2 1 3528 1367 4604
9445 2 2 2 1 3058 540 4690
9446 2 2 2 1 667 4837 5347
9447 2 2 2 1 3231 1809 5825
9448 2 2 2 1 670 3231 5825
9449 2 2 2 1 646 3610 4330
9450 2 2 2 1 154 155 4749
9451 2 2 2 1 1687 2925 5507
9452 2 2 2 1 2445 4721 5593
9453 2 2 2 1 3588 2227 4052
9454 2 2 2 1 1777 3131 4809
9455 2 2 2 1 3174 333 4870
9456 2 2 2 1 711 3753 4128
9457 2 2 2 1 407 3081 4656
9458 2 2 2 1 4721 1676 5593
9459 2 2 2 1 3722 1185 4839
9460 2 2 2 1 2990 1570 5254
9461 2 2 2 1 3044 1489 4742
9462 2 2 2 1 3753 1506 4128
9463 2 2 2 1 2113 3916 4293
9464 2 2 2 1 1322 3952 5539
9465 2 2 2 1 7 2915 5872
9466 2 2 2 1 2915 270 5872
9467 2 2 2 1 1354 3198 5517
9468 2 2 2 1 790 4269 5666
9469 2 2 2 1 3822 1701 4654
9470 2 2 2 1 3694 548 4903
9471 2 2 2 1 1727 3694 4903
9472 2 2 2 1 4437 721 4668
9473 2 2 2 1 2933 584 5676
9474 2 2 2 1 2113 4293 5768
9475 2 2 2 1 688 3822 4654
9476 2 2 2 1 3916 1195 4293
9477 2 2 2 1 3533 1176 4704
9478 2 2 2 1 3075 1385 5851
9479 2 2 2 1 2916 933 5839
9480 2 2 2 1 3034 279 4804
9481 2 2 2 1 3262 186 4396
9482 2 2 2 1 3473 498 4296
9483 2 2 2 1 55 56 4778
9484 2 2 2 1 3775 368 5447
9485 2 2 2 1 411 3237 4402
9486 2 2 2 1 3284 592 4347
9487 2 2 2 1 671 3484 4137
9488 2 2 2 1 2921 371 5435
9489 2 2 2 1 1386 3625 4034
9490 2 2 2 1 1462 3193 4676
9491 2 2 2 1 850 3075 5851
9492 2 2 2 1 548 3694 4178
9493 2 2 2 1 327 3105 4629
9494 2 2 2 1 419 3434 4185
9495 2 2 2 1 1490 2990 4970
9496 2 2 2 1 3120 1077 4614
9497 2 2 2 1 548 3013 4903
9498 2 2 2 1 1325 3424 4203
9499 2 2 2 1 2924 351 5316
9500 2 2 2 1 3193 1035 4676
9501 2 2 2 1 3400 2155 4226
9502 2 2 2 1 3694 1504 4178
9503 2 2 2 1 1742 3323 5745
9504 2 2 2 1 3281 1450 4364
9505 2 2 2 1 4261 1484 4530
9506 2 2 2 1 4888 612 5182
9507 2 2 2 1 600 3660 5087
9508 2 2 2 1 2952 1039 5530
9509 2 2 2 1 1814 4261 4530
9510 2 2 2 1 1396 3513 4126
9511 2 2 2 1 605 3109 4631
9512 2 2 2 1 1604 2952 5530
9513 2 2 2 1 4599 1291 5219
9514 2 2 2 1 2979 678 5056
9515 2 2 2 1 3382 1166 4260
9516 2 2 2 1 1455 4358 5483
9517 2 2 2 1 1771 3341 4310
9518 2 2 2 1 879 3481 5537
9519 2 2 2 1 3095 1042 4671
9520 2 2 2 1 4016 1451 4262
9521 2 2 2 1 1840 3394 4294
9522 2 2 2 1 1489 3044 4812
9523 2 2 2 1 1255 4890 5800
9524 2 2 2 1 3881 1975 5419
9525 2 2 2 1 1375 3701 4555
9526 2 2 2 1 781 3881 5419
9527 2 2 2 1 3847 2106 5351
9528 2 2 2 1 2135 4360 5321
9529 2 2 2 1 4360 807 5321
9530 2 2 2 1 1392 3976 5848
9531 2 2 2 1 585 3246 5489
9532 2 2 2 1 3769 1541 4276
9533 2 2 2 1 340 3769 4276
9534 2 2 2 1 4074 397 4256
9535 2 2 2 1 2551 4887 5706
9536 2 2 2 1 16 17 4847
9537 2 2 2 1 4887 744 5706
9538 2 2 2 1 764 3240 4946
9539 2 2 2 1 4400 1601 4678
9540 2 2 2 1 1651 4074 4256
9541 2 2 2 1 3240 1555 4946
9542 2 2 2 1 3571 642 4962
9543 2 2 2 1 3659 1377 4029
9544 2 2 2 1 2610 3633 5333
9545 2 2 2 1 2926 1008 5831
9546 2 2 2 1 1730 4504 5398
9547 2 2 2 1 1463 4645 5597
9548 2 2 2 1 969 3066 5576
9549 2 2 2 1 3766 1205 3968
9550 2 2 2 1 3975 2336 5805
9551 2 2 2 1 1517 3384 4848
9552 2 2 2 1 3018 961 5013
9553 2 2 2 1 3179 135 4544
9554 2 2 2 1 608 3450 4207
9555 2 2 2 1 708 3625 4615
9556 2 2 2 1 5637 1450 5790
9557 2 2 2 1 976 2932 5866
9558 2 2 2 1 3330 2819 5448
9559 2 2 2 1 975 3004 5020
9560 2 2 2 1 375 3130 4660
9561 2 2 2 1 2999 1496 5053
9562 2 2 2 1 1760 3045 5566
9563 2 2 2 1 4191 1971 5054
9564 2 2 2 1 421 3456 4871
9565 2 2 2 1 3241 1427 4532
9566 2 2 2 1 4067 1538 4671
9567 2 2 2 1 1254 4191 5054
9568 2 2 2 1 3252 2268 4844
9569 2 2 2 1 333 3174 4575
9570 2 2 2 1 3130 1526 4668
9571 2 2 2 1 3787 1360 3963
9572 2 2 2 1 3724 600 5087
9573 2 2 2 1 1511 2933 5676
9574 2 2 2 1 1445 3772 3978
9575 2 2 2 1 5777 1937 5865
9576 2 2 2 1 371 4055 5435
9577 2 2 2 1 3363 1763 5836
9578 2 2 2 1 1776 3252 4844
9579 2 2 2 1 1722 4989 5881
9580 2 2 2 1 400 3241 4532
9581 2 2 2 1 2937 1870 5751
9582 2 2 2 1 1945 2944 5428
9583 2 2 2 1 624 3118 5285
9584 2 2 2 1 3118 1596 5285
9585 2 2 2 1 1019 3298 5565
9586 2 2 2 1 4055 2053 5435
9587 2 2 2 1 3398 655 4301
9588 2 2 2 1 3468 1394 4204
9589 2 2 2 1 2957 525 5341
9590 2 2 2 1 1493 4299 4906
9591 2 2 2 1 1519 4339 4608
9592 2 2 2 1 3113 1375 5059
9593 2 2 2 1 75 76 4914
9594 2 2 2 1 3456 1612 4871
9595 2 2 2 1 2965 469 5262
9596 2 2 2 1 3441 888 5717
9597 2 2 2 1 262 263 4916
9598 2 2 2 1 1795 4603 4808
9599 2 2 2 1 3034 1011 4927
9600 2 2 2 1 3142 623 4670
9601 2 2 2 1 392 3104 4765
9602 2 2 2 1 625 2997 5128
9603 2 2 2 1 1568 3018 5013
9604 2 2 2 1 3019 1602 5004
9605 2 2 2 1 3305 1601 4400
9606 2 2 2 1 674 3360 5538
9607 2 2 2 1 3360 1767 5538
9608 2 2 2 1 1130 2945 5743
9609 2 2 2 1 2945 1648 5743
9610 2 2 2 1 2942 961 5881
9611 2 2 2 1 3223 1613 4514
9612 2 2 2 1 4703 1638 4813
9613 2 2 2 1 3036 707 4950
9614 2 2 2 1 3239 1530 5014
9615 2 2 2 1 3298 1957 5483
9616 2 2 2 1 1103 3511 4180
9617 2 2 2 1 3684 1858 5361
9618 2 2 2 1 711 3298 5483
9619 2 2 2 1 3228 1380 4507
9620 2 2 2 1 1367 3528 4169
9621 2 2 2 1 223 3684 5361
9622 2 2 2 1 2966 1075 5350
9623 2 2 2 1 445 4166 5651
9624 2 2 2 1 3068 713 5486
9625 2 2 2 1 3546 1799 4157
9626 2 2 2 1 3447 586 4277
9627 2 2 2 1 3122 1456 4895
9628 2 2 2 1 714 3587 4777
9629 2 2 2 1 2016 3839 5393
9630 2 2 2 1 3056 1754 5754
9631 2 2 2 1 3587 1620 4777
9632 2 2 2 1 3535 1864 4172
9633 2 2 2 1 316 315 4959
9634 2 2 2 1 3771 849 5659
9635 2 2 2 1 3648 699 4459
9636 2 2 2 1 787 3588 5099
9637 2 2 2 1 1986 3771 5659
9638 2 2 2 1 3761 1164 4094
9639 2 2 2 1 3264 1212 4486
9640 2 2 2 1 4989 1722 5366
9641 2 2 2 1 1855 5160 5524
9642 2 2 2 1 1593 4407 4977
9643 2 2 2 1 4117 1547 4329
9644 2 2 2 1 612 3692 5197
9645 2 2 2 1 1748 4089 4571
9646 2 2 2 1 3225 1423 4546
9647 2 2 2 1 655 3735 4301
9648 2 2 2 1 329 4672 5806
9649 2 2 2 1 369 3047 5043
9650 2 2 2 1 4089 388 4571
9651 2 2 2 1 3703 397 4074
9652 2 2 2 1 2960 957 5547
9653 2 2 2 1 4705 1677 5409
9654 2 2 2 1 3047 1497 5043
9655 2 2 2 1 3259 373 4500
9656 2 2 2 1 3082 804 5195
9657 2 2 2 1 1432 3687 4084
9658 2 2 2 1 1544 3082 5195
9659 2 2 2 1 62 63 4999
9660 2 2 2 1 858 3527 5556
9661 2 2 2 1 3527 1840 5556
9662 2 2 2 1 675 3156 4693
9663 2 2 2 1 1568 3006 5189
9664 2 2 2 1 4181 1710 5587
9665 2 2 2 1 3085 1573 5265
9666 2 2 2 1 648 3085 5265
9667 2 2 2 1 1442 3703 4074
9668 2 2 2 1 5195 804 5297
9669 2 2 2 1 1685 3519 5067
9670 2 2 2 1 2960 475 5727
9671 2 2 2 1 5147 566 5708
9672 2 2 2 1 2654 5147 5708
9673 2 2 2 1 3665 4730 5761
9674 2 2 2 1 1098 3613 5200
9675 2 2 2 1 3519 1086 5067
9676 2 2 2 1 3808 848 4699
9677 2 2 2 1 2398 3710 4597
9678 2 2 2 1 3419 1534 4722
9679 2 2 2 1 3009 1133 5201
9680 2 2 2 1 1537 3940 4711
9681 2 2 2 1 1905 3808 4699
9682 2 2 2 1 1574 2980 5357
9683 2 2 2 1 1177 3814 5778
9684 2 2 2 1 3710 717 4597
9685 2 2 2 1 4153 1487 4212
9686 2 2 2 1 3597 709 4315
9687 2 2 2 1 3703 1442 4082
9688 2 2 2 1 755 3266 4505
9689 2 2 2 1 342 3419 4722
9690 2 2 2 1 4069 1424 5212
9691 2 2 2 1 4326 1787 4460
9692 2 2 2 1 410 4326 4460
9693 2 2 2 1 1427 3241 4540
9694 2 2 2 1 998 3022 5672
9695 2 2 2 1 3298 1745 5565
9696 2 2 2 1 1283 3680 5715
9697 2 2 2 1 42 43 5033
9698 2 2 2 1 1474 3597 4315
9699 2 2 2 1 2343 3054 5669
9700 2 2 2 1 831 5100 5444
9701 2 2 2 1 643 3380 4860
9702 2 2 2 1 3835 1697 4956
9703 2 2 2 1 2045 3835 4956
9704 2 2 2 1 3621 1127 4521
9705 2 2 2 1 1240 3566 4268
9706 2 2 2 1 5129 914 5799
9707 2 2 2 1 1660 3080 4932
9708 2 2 2 1 2180 5311 5731
9709 2 2 2 1 3848 1390 5654
9710 2 2 2 1 3048 771 5011
9711 2 2 2 1 3605 1496 4304
9712 2 2 2 1 1966 3605 4304
9713 2 2 2 1 728 3794 5049
9714 2 2 2 1 2978 1903 5773
9715 2 2 2 1 67 68 5070
9716 2 2 2 1 1660 4932 5311
9717 2 2 2 1 3448 1384 5048
9718 2 2 2 1 1775 3621 4521
9719 2 2 2 1 121 122 5075
9720 2 2 2 1 3794 1964 5049
9721 2 2 2 1 3562 1579 4787
9722 2 2 2 1 4529 1424 5507
9723 2 2 2 1 3773 1097 5399
9724 2 2 2 1 694 3070 4976
9725 2 2 2 1 1848 3811 5683
9726 2 2 2 1 896 3230 4586
9727 2 2 2 1 1676 4039 5037
9728 2 2 2 1 3513 1396 4724
9729 2 2 2 1 1468 3292 5820
9730 2 2 2 1 416 3388 4728
9731 2 2 2 1 1248 3510 4275
9732 2 2 2 1 93 94 5089
9733 2 2 2 1 2184 5001 5405
9734 2 2 2 1 1318 3690 5579
9735 2 2 2 1 3175 1131 4710
9736 2 2 2 1 2504 3731 4939
9737 2 2 2 1 4524 1827 4635
9738 2 2 2 1 162 163 5112
9739 2 2 2 1 3388 1524 4728
9740 2 2 2 1 653 3676 4390
9741 2 2 2 1 3829 2402 5543
9742 2 2 2 1 2252 3742 4860
9743 2 2 2 1 767 3599 4757
9744 2 2 2 1 1627 4017 4311
9745 2 2 2 1 3599 1607 4757
9746 2 2 2 1 4017 1569 4311
9747 2 2 2 1 3297 2215 4747
9748 2 2 2 1 1418 4086 4093
9749 2 2 2 1 4086 1622 4093
9750 2 2 2 1 571 4322 4337
9751 2 2 2 1 722 3913 5822
9752 2 2 2 1 3739 2207 4588
9753 2 2 2 1 1450 4287 5790
9754 2 2 2 1 3902 415 4738
9755 2 2 2 1 1329 3276 4538
9756 2 2 2 1 3614 1474 4324
9757 2 2 2 1 1784 3721 5166
9758 2 2 2 1 3102 1044 5468
9759 2 2 2 1 3721 79 5166
9760 2 2 2 1 4708 2114 4961
9761 2 2 2 1 1577 3662 4543
9762 2 2 2 1 1512 4708 4961
9763 2 2 2 1 426 3614 4324
9764 2 2 2 1 3504 1377 5351
9765 2 2 2 1 3662 661 4543
9766 2 2 2 1 1493 3335 5015
9767 2 2 2 1 3157 1290 4791
9768 2 2 2 1 4341 2559 5297
9769 2 2 2 1 4310 352 5857
9770 2 2 2 1 3545 2457 4930
9771 2 2 2 1 804 4341 5297
9772 2 2 2 1 3828 1399 4035
9773 2 2 2 1 3630 2084 4250
9774 2 2 2 1 1527 3988 4492
9775 2 2 2 1 1980 3724 5087
9776 2 2 2 1 485 2996 5495
9777 2 2 2 1 1562 4105 4410
9778 2 2 2 1 3472 1803 5562
9779 2 2 2 1 1050 3472 5562
9780 2 2 2 1 2163 3761 4094
9781 2 2 2 1 1632 4153 4212
9782 2 2 2 1 333 3323 4870
9783 2 2 2 1 3864 1658 4562
9784 2 2 2 1 669 3864 4562
9785 2 2 2 1 3080 1660 5638
9786 2 2 2 1 1394 3468 4966
9787 2 2 2 1 636 3080 5638
9788 2 2 2 1 79 80 5166
9789 2 2 2 1 1938 3553 4759
9790 2 2 2 1 2340 5617 5794
9791 2 2 2 1 2996 485 5559
9792 2 2 2 1 3887 1214 4465
9793 2 2 2 1 3758 2104 4158
9794 2 2 2 1 3191 1536 5246
9795 2 2 2 1 165 166 5302
9796 2 2 2 1 2046 3259 4821
9797 2 2 2 1 1824 2995 5711
9798 2 2 2 1 664 3437 5696
9799 2 2 2 1 3499 1431 4337
9800 2 2 2 1 4019 1592 4135
9801 2 2 2 1 3017 1545 5677
9802 2 2 2 1 804 3082 5041
9803 2 2 2 1 3751 880 4998
9804 2 2 2 1 1739 3751 4998
9805 2 2 2 1 4111 1670 5341
9806 2 2 2 1 1769 3254 5803
9807 2 2 2 1 3570 1305 5358
9808 2 2 2 1 3006 1568 5853
9809 2 2 2 1 876 4580 5461
9810 2 2 2 1 4580 2243 5461
9811 2 2 2 1 3254 853 5803
9812 2 2 2 1 1587 3124 4940
9813 2 2 2 1 2426 5227 5654
9814 2 2 2 1 3014 1007 5439
9815 2 2 2 1 1606 4431 4819
9816 2 2 2 1 8 3015 5407
9817 2 2 2 1 308 307 5217
9818 2 2 2 1 3155 1589 4863
9819 2 2 2 1 254 255 5354
9820 2 2 2 1 1598 4342 4561
9821 2 2 2 1 820 5010 5335
9822 2 2 2 1 3379 1655 5112
9823 2 2 2 1 1915 3061 5151
9824 2 2 2 1 1500 4078 4132
9825 2 2 2 1 1439 4063 5098
9826 2 2 2 1 3054 137 5669
9827 2 2 2 1 5548 348 5836
9828 2 2 2 1 272 271 5251
9829 2 2 2 1 3129 685 4954
9830 2 2 2 1 4266 1694 4287
9831 2 2 2 1 4078 1586 4132
9832 2 2 2 1 3500 1281 4416
9833 2 2 2 1 672 3621 5307
9834 2 2 2 1 133 134 5259
9835 2 2 2 1 973 3335 4906
9836 2 2 2 1 3621 1775 5307
9837 2 2 2 1 1522 3348 5020
9838 2 2 2 1 3643 1476 5701
9839 2 2 2 1 1450 4266 4287
9840 2 2 2 1 3543 113 5404
9841 2 2 2 1 1821 3389 5805
9842 2 2 2 1 349 4484 5176
9843 2 2 2 1 1194 3161 4883
9844 2 2 2 1 1064 3038 5303
9845 2 2 2 1 4919 766 5370
9846 2 2 2 1 3452 323 4406
9847 2 2 2 1 4374 2167 4801
9848 2 2 2 1 2281 3011 5639
9849 2 2 2 1 3389 1036 5805
9850 2 2 2 1 3069 1054 5170
9851 2 2 2 1 3029 1744 5369
9852 2 2 2 1 3138 1068 4951
9853 2 2 2 1 3448 596 4413
9854 2 2 2 1 939 3074 5131
9855 2 2 2 1 3918 453 4340
9856 2 2 2 1 3291 482 4680
9857 2 2 2 1 2346 3196 4781
9858 2 2 2 1 339 3325 5038
9859 2 2 2 1 4560 1338 5667
9860 2 2 2 1 4150 1951 4827
9861 2 2 2 1 708 4150 4827
9862 2 2 2 1 3665 1926 5210
9863 2 2 2 1 3349 589 4793
9864 2 2 2 1 1514 3349 4793
9865 2 2 2 1 3763 1458 4455
9866 2 2 2 1 2143 3763 4455
9867 2 2 2 1 835 3173 4858
9868 2 2 2 1 4962 642 5258
9869 2 2 2 1 3150 1434 5270
9870 2 2 2 1 163 3379 5112
9871 2 2 2 1 3878 3162 5856
9872 2 2 2 1 4418 1718 4738
9873 2 2 2 1 4874 2208 5517
9874 2 2 2 1 3372 425 5074
9875 2 2 2 1 1603 3372 5074
9876 2 2 2 1 675 3483 5305
9877 2 2 2 1 1524 3431 4735
9878 2 2 2 1 1620 4236 4777
9879 2 2 2 1 4236 1852 4777
9880 2 2 2 1 47 48 5328
9881 2 2 2 1 3431 755 4735
9882 2 2 2 1 703 3224 4732
9883 2 2 2 1 1623 3571 4962
9884 2 2 2 1 4016 1594 4064
9885 2 2 2 1 3820 2081 4389
9886 2 2 2 1 222 223 5361
9887 2 2 2 1 3292 1426 4617
9888 2 2 2 1 4453 2193 5815
9889 2 2 2 1 4836 1649 5418
9890 2 2 2 1 1287 4023 5157
9891 2 2 2 1 1481 3836 4099
9892 2 2 2 1 3607 332 5865
9893 2 2 2 1 426 4001 5807
9894 2 2 2 1 4917 1705 5007
9895 2 2 2 1 2091 3612 5162
9896 2 2 2 1 3226 1434 5096
9897 2 2 2 1 3062 1578 5284
9898 2 2 2 1 3579 1384 5729
9899 2 2 2 1 3455 1387 4437
9900 2 2 2 1 1937 3607 5865
9901 2 2 2 1 39 40 5396
9902 2 2 2 1 4321 1688 4919
9903 2 2 2 1 3358 1692 5376
9904 2 2 2 1 5163 841 5783
9905 2 2 2 1 236 237 5412
9906 2 2 2 1 654 3358 5376
9907 2 2 2 1 1589 3155 5023
9908 2 2 2 1 597 4151 4760
9909 2 2 2 1 1305 3640 5358
9910 2 2 2 1 3901 1223 5553
9911 2 2 2 1 179 180 5438
9912 2 2 2 1 284 283 5420
9913 2 2 2 1 1341 3758 4158
9914 2 2 2 1 4208 603 4436
9915 2 2 2 1 1011 3034 5862
9916 2 2 2 1 1716 4208 4436
9917 2 2 2 1 1979 3901 5553
9918 2 2 2 1 1705 4797 5047
9919 2 2 2 1 239 240 5465
9920 2 2 2 1 638 3582 5434
9921 2 2 2 1 3104 2141 5125
9922 2 2 2 1 192 193 5471
9923 2 2 2 1 3240 1404 4730
9924 2 2 2 1 1472 4807 4855
9925 2 2 2 1 4807 2079 4855
9926 2 2 2 1 3768 387 4160
9927 2 2 2 1 3140 763 5042
9928 2 2 2 1 332 3026 5865
9929 2 2 2 1 691 3368 4713
9930 2 2 2 1 4919 1688 4963
9931 2 2 2 1 3267 619 4701
9932 2 2 2 1 3585 600 5451
9933 2 2 2 1 3508 2501 5691
9934 2 2 2 1 621 3518 4421
9935 2 2 2 1 1674 4928 5779
9936 2 2 2 1 287 286 5500
9937 2 2 2 1 5113 1834 5763
9938 2 2 2 1 3428 292 5568
9939 2 2 2 1 3476 1191 5247
9940 2 2 2 1 717 4104 5751
9941 2 2 2 1 3518 1456 4421
9942 2 2 2 1 1768 3738 4188
9943 2 2 2 1 483 3508 5691
9944 2 2 2 1 2182 4681 5643
9945 2 2 2 1 3879 1487 4153
9946 2 2 2 1 3978 645 4832
9947 2 2 2 1 3110 699 5155
9948 2 2 2 1 1557 3177 4949
9949 2 2 2 1 4010 2653 5618
9950 2 2 2 1 2405 4663 4665
9951 2 2 2 1 34 35 5578
9952 2 2 2 1 1038 3272 4712
9953 2 2 2 1 4225 1439 5098
9954 2 2 2 1 20 21 5580
9955 2 2 2 1 725 4428 5309
9956 2 2 2 1 175 176 5624
9957 2 2 2 1 1847 3127 5118
9958 2 2 2 1 643 3234 4797
9959 2 2 2 1 4663 1372 4665
9960 2 2 2 1 213 214 5613
9961 2 2 2 1 1916 5663 5842
9962 2 2 2 1 289 288 5605
9963 2 2 2 1 205 206 5694
9964 2 2 2 1 5079 1972 5220
9965 2 2 2 1 3563 1449 4394
9966 2 2 2 1 3227 651 5804
9967 2 2 2 1 3155 71 5023
9968 2 2 2 1 649 3324 4636
9969 2 2 2 1 270 1 5872
9970 2 2 2 1 1 7 5872
9971 2 2 2 1 137 138 5669
9972 2 2 2 1 366 4831 5480
9973 2 2 2 1 1365 3845 4254
9974 2 2 2 1 1432 3302 5076
9975 2 2 2 1 101 102 5685
9976 2 2 2 1 3524 1253 4781
9977 2 2 2 1 158 159 5762
9978 2 2 2 1 4757 1913 5633
9979 2 2 2 1 1113 3509 5016
9980 2 2 2 1 3954 2230 4213
9981 2 2 2 1 1393 3279 4733
9982 2 2 2 1 1167 3380 5323
9983 2 2 2 1 3509 1630 5016
9984 2 2 2 1 235 3172 4992
9985 2 2 2 1 116 117 5746
9986 2 2 2 1 3219 673 4868
9987 2 2 2 1 1672 3357 5797
9988 2 2 2 1 1051 3085 5310
9989 2 2 2 1 1211 3954 4213
9990 2 2 2 1 1813 3727 4232
9991 2 2 2 1 4734 2110 5022
9992 2 2 2 1 620 4734 5022
9993 2 2 2 1 3733 1473 5786
9994 2 2 2 1 298 297 5723
9995 2 2 2 1 1578 3062 5532
9996 2 2 2 1 742 4602 5463
9997 2 2 2 1 661 3283 4945
9998 2 2 2 1 3087 1690 5308
9999 2 2 2 1 3080 636 5521
10000 2 2 2 1 3118 1544 5195
10001 2 2 2 1 3066 1605 5576
10002 2 2 2 1 634 3563 4394
10003 2 2 2 1 1578 3762 4675
10004 2 2 2 1 1460 4309 5161
10005 2 2 2 1 3181 1466 5787
10006 2 2 2 1 2082 4888 5182
10007 2 2 2 1 3373 1291 4599
10008 2 2 2 1 3703 1449 4498
10009 2 2 2 1 4837 2112 5347
10010 2 2 2 1 1988 3044 5846
10011 2 2 2 1 986 3080 5391
10012 2 2 2 1 489 3429 4653
10013 2 2 2 1 1449 3597 4394
10014 2 2 2 1 4038 1855 5524
10015 2 2 2 1 3429 1492 4653
10016 2 2 2 1 1408 3844 5689
10017 2 2 2 1 3062 1061 5532
10018 2 2 2 1 1105 3304 4705
10019 2 2 2 1 3371 1149 4621
10020 2 2 2 1 1425 3068 5486
10021 2 2 2 1 1021 3051 5780
10022 2 2 2 1 1939 4375 4943
10023 2 2 2 1 3781 1942 4770
10024 2 2 2 1 4375 743 4943
10025 2 2 2 1 3370 2223 5257
10026 2 2 2 1 4063 2156 5295
10027 2 2 2 1 1451 4016 4064
10028 2 2 2 1 1084 3246 4848
10029 2 2 2 1 4239 1977 4241
10030 2 2 2 1 1330 4239 4241
10031 2 2 2 1 1099 3233 4884
10032 2 2 2 1 1390 4272 5654
10033 2 2 2 1 4107 1831 4196
10034 2 2 2 1 1402 3502 5620
10035 2 2 2 1 402 3083 5503
10036 2 2 2 1 1278 3704 5582
10037 2 2 2 1 3410 1409 5453
10038 2 2 2 1 4200 1711 5560
10039 2 2 2 1 692 3879 4153
10040 2 2 2 1 1662 4524 4635
10041 2 2 2 1 1570 3185 5254
10042 2 2 2 1 3294 597 4760
10043 2 2 2 1 3154 1276 5136
10044 2 2 2 1 3381 2201 5353
10045 2 2 2 1 1774 4428 5472
10046 2 2 2 1 4145 2140 4269
10047 2 2 2 1 1324 4021 5753
10048 2 2 2 1 611 3819 4640
10049 2 2 2 1 3200 1549 4975
10050 2 2 2 1 4208 1716 4214
10051 2 2 2 1 4428 2137 5472
10052 2 2 2 1 3744 1447 4603
10053 2 2 2 1 5341 1670 5439
10054 2 2 2 1 3185 621 5254
10055 2 2 2 1 2020 4059 4647
10056 2 2 2 1 3189 1113 5016
10057 2 2 2 1 891 4453 5815
10058 2 2 2 1 3276 1684 5635
10059 2 2 2 1 1427 4208 4214
10060 2 2 2 1 5140 3303 5743
10061 2 2 2 1 527 4229 4458
10062 2 2 2 1 4229 1715 4458
10063 2 2 2 1 3648 1112 4527
10064 2 2 2 1 5007 1705 5047
10065 2 2 2 1 701 3245 4879
10066 2 2 2 1 3124 1009 5269
10067 2 2 2 1 3168 571 5109
10068 2 2 2 1 3779 591 5156
10069 2 2 2 1 2302 3648 4527
10070 2 2 2 1 5227 890 5654
10071 2 2 2 1 3217 1468 5820
10072 2 2 2 1 1233 3849 4343
10073 2 2 2 1 854 5416 5604
10074 2 2 2 1 4484 1998 5176
10075 2 2 2 1 3409 614 5650
10076 2 2 2 1 3849 1769 4343
10077 2 2 2 1 1323 3063 5811
10078 2 2 2 1 391 3069 5834
10079 2 2 2 1 4372 1812 5049
10080 2 2 2 1 1964 4372 5049
10081 2 2 2 1 586 3447 4568
10082 2 2 2 1 4096 553 4493
10083 2 2 2 1 1699 4096 4493
10084 2 2 2 1 4118 676 4159
10085 2 2 2 1 4928 2402 5779
10086 2 2 2 1 3558 1652 4710
10087 2 2 2 1 592 3284 4885
10088 2 2 2 1 1653 5044 5828
10089 2 2 2 1 4637 1214 5845
10090 2 2 2 1 1585 4118 4159
10091 2 2 2 1 1131 3558 4710
10092 2 2 2 1 403 3167 5157
10093 2 2 2 1 1524 3393 4891
10094 2 2 2 1 3619 792 4691
10095 2 2 2 1 1057 3636 4423
10096 2 2 2 1 3139 1935 5306
10097 2 2 2 1 3636 2410 4423
10098 2 2 2 1 3393 616 4891
10099 2 2 2 1 1171 3199 5498
10100 2 2 2 1 2211 3773 5399
10101 2 2 2 1 3806 592 4252
10102 2 2 2 1 1674 3720 4928
10103 2 2 2 1 3720 746 4928
10104 2 2 2 1 1847 3076 5861
10105 2 2 2 1 630 3665 5790
10106 2 2 2 1 3079 2102 5770
10107 2 2 2 1 1565 3619 4691
10108 2 2 2 1 3682 1452 4805
10109 2 2 2 1 3665 1914 5790
10110 2 2 2 1 601 3217 5820
10111 2 2 2 1 1488 4256 5184
10112 2 2 2 1 631 3090 5627
10113 2 2 2 1 3302 1272 4818
10114 2 2 2 1 1571 3963 4826
10115 2 2 2 1 3268 2132 4904
10116 2 2 2 1 4050 1428 5713
10117 2 2 2 1 1447 3772 4808
10118 2 2 2 1 3368 2275 4713
10119 2 2 2 1 5142 1896 5261
10120 2 2 2 1 2243 4580 5159
10121 2 2 2 1 1266 4055 5773
10122 2 2 2 1 1919 4333 4572
10123 2 2 2 1 4333 317 4572
10124 2 2 2 1 493 3850 4682
10125 2 2 2 1 4013 1641 5278
10126 2 2 2 1 1110 3132 5367
10127 2 2 2 1 1455 4357 4358
10128 2 2 2 1 4361 1733 4829
10129 2 2 2 1 4357 1752 4358
10130 2 2 2 1 2164 3614 5501
10131 2 2 2 1 1311 3779 5156
10132 2 2 2 1 488 4088 5601
10133 2 2 2 1 2056 4574 5256
10134 2 2 2 1 4416 1625 4587
10135 2 2 2 1 1471 4019 4135
10136 2 2 2 1 3617 2332 4463
10137 2 2 2 1 3393 1125 4817
10138 2 2 2 1 3106 1700 5656
10139 2 2 2 1 3457 760 5276
10140 2 2 2 1 4419 1899 4876
10141 2 2 2 1 1670 3457 5276
10142 2 2 2 1 2219 4438 5762
10143 2 2 2 1 900 4419 4876
10144 2 2 2 1 3965 794 4407
10145 2 2 2 1 3522 637 4553
10146 2 2 2 1 1316 3560 4517
10147 2 2 2 1 3744 429 5206
10148 2 2 2 1 1593 3965 4407
10149 2 2 2 1 1074 3617 4463
10150 2 2 2 1 1008 3231 5831
10151 2 2 2 1 4002 2325 4318
10152 2 2 2 1 1329 4002 4318
10153 2 2 2 1 4367 1488 5184
10154 2 2 2 1 1486 3593 4674
10155 2 2 2 1 4438 158 5762
10156 2 2 2 1 3593 2040 4674
10157 2 2 2 1 709 4082 5798
10158 2 2 2 1 754 3996 4674
10159 2 2 2 1 1664 4789 5395
10160 2 2 2 1 4146 1315 5381
10161 2 2 2 1 4143 1873 4327
10162 2 2 2 1 762 3548 4578
10163 2 2 2 1 1700 3881 5656
10164 2 2 2 1 4789 2242 5395
10165 2 2 2 1 577 4143 4327
10166 2 2 2 1 3485 1285 4602
10167 2 2 2 1 1377 3847 5351
10168 2 2 2 1 4243 1598 4561
10169 2 2 2 1 4095 709 5798
10170 2 2 2 1 1243 3105 5876
10171 2 2 2 1 1256 3137 5531
10172 2 2 2 1 1166 3237 5047
10173 2 2 2 1 3293 1235 5250
10174 2 2 2 1 5035 591 5150
10175 2 2 2 1 1764 3293 5250
10176 2 2 2 1 3548 1494 4578
10177 2 2 2 1 353 4874 5517
10178 2 2 2 1 3323 1742 4870
10179 2 2 2 1 3641 1850 5664
10180 2 2 2 1 867 3641 5664
10181 2 2 2 1 3119 618 5687
10182 2 2 2 1 1585 4159 4344
10183 2 2 2 1 3677 1346 4425
10184 2 2 2 1 3499 901 5619
10185 2 2 2 1 4689 2304 5660
10186 2 2 2 1 774 3226 5096
10187 2 2 2 1 4313 720 5337
10188 2 2 2 1 873 4689 5660
10189 2 2 2 1 3274 463 4989
10190 2 2 2 1 4315 1712 4324
10191 2 2 2 1 1474 4315 4324
10192 2 2 2 1 3718 359 5623
10193 2 2 2 1 4890 2202 5800
10194 2 2 2 1 3813 130 5284
10195 2 2 2 1 3654 544 4873
10196 2 2 2 1 4220 1318 5579
10197 2 2 2 1 819 3297 5125
10198 2 2 2 1 1348 3902 4738
10199 2 2 2 1 1608 3654 4873
10200 2 2 2 1 3280 2459 5185
10201 2 2 2 1 4482 809 5682
10202 2 2 2 1 4484 349 5642
10203 2 2 2 1 3945 1412 4215
10204 2 2 2 1 3742 643 4860
10205 2 2 2 1 3714 1300 4666
10206 2 2 2 1 159 3977 5762
10207 2 2 2 1 3762 834 4675
10208 2 2 2 1 3145 1611 5577
10209 2 2 2 1 3223 1516 5342
10210 2 2 2 1 728 3145 5577
10211 2 2 2 1 3751 1739 5592
10212 2 2 2 1 107 3414 4764
10213 2 2 2 1 2219 4482 5682
10214 2 2 2 1 2003 4840 5668
10215 2 2 2 1 3960 1748 4571
10216 2 2 2 1 4840 2377 5668
10217 2 2 2 1 925 5418 5441
10218 2 2 2 1 786 4857 5210
10219 2 2 2 1 3627 1623 4968
10220 2 2 2 1 943 5059 5535
10221 2 2 2 1 4681 1846 5643
10222 2 2 2 1 832 3627 4968
10223 2 2 2 1 1289 3854 4319
10224 2 2 2 1 3299 1123 4964
10225 2 2 2 1 4109 1464 5675
10226 2 2 2 1 5059 2437 5535
10227 2 2 2 1 1499 4005 4664
10228 2 2 2 1 668 3528 4604
10229 2 2 2 1 4948 2083 5186
10230 2 2 2 1 4153 1632 4329
10231 2 2 2 1 3499 1429 5179
10232 2 2 2 1 1465 3625 4827
10233 2 2 2 1 1356 4231 5144
10234 2 2 2 1 3198 1225 5277
10235 2 2 2 1 4164 1363 4480
10236 2 2 2 1 3380 1389 4860
10237 2 2 2 1 1791 4830 5320
10238 2 2 2 1 3596 1338 4560
10239 2 2 2 1 1795 4133 4603
10240 2 2 2 1 1156 4853 5621
10241 2 2 2 1 1631 3476 5247
10242 2 2 2 1 3594 1575 4853
10243 2 2 2 1 4701 1828 5863
10244 2 2 2 1 1156 3594 4853
10245 2 2 2 1 656 3687 5724
10246 2 2 2 1 4133 429 4603
10247 2 2 2 1 2185 3733 5786
10248 2 2 2 1 1774 3171 5817
10249 2 2 2 1 2945 4113 5487
10250 2 2 2 1 2565 4065 5813
10251 2 2 2 1 1854 3910 5823
10252 2 2 2 1 4354 547 5306
10253 2 2 2 1 727 4745 5802
10254 2 2 2 1 4848 3246 5511
10255 2 2 2 1 3376 1245 4893
10256 2 2 2 1 1681 3458 5075
10257 2 2 2 1 1125 3465 4817
10258 2 2 2 1 1803 3472 5834
10259 2 2 2 1 4361 869 5000
10260 2 2 2 1 3458 121 5075
10261 2 2 2 1 1617 3213 5512
10262 2 2 2 1 1913 4361 5000
10263 2 2 2 1 3482 308 5217
10264 2 2 2 1 3974 1348 4738
10265 2 2 2 1 1967 3884 4334
10266 2 2 2 1 3213 669 5512
10267 2 2 2 1 3472 391 5834
10268 2 2 2 1 3529 454 5874
10269 2 2 2 1 1843 3529 5874
10270 2 2 2 1 4452 1545 4582
10271 2 2 2 1 3528 668 4659
10272 2 2 2 1 3475 1362 4731
10273 2 2 2 1 1796 4452 4582
10274 2 2 2 1 689 3275 5113
10275 2 2 2 1 1734 3368 5718
10276 2 2 2 1 3701 617 4555
10277 2 2 2 1 3752 486 4780
10278 2 2 2 1 500 3251 5172
10279 2 2 2 1 3151 1151 5792
10280 2 2 2 1 1851 3718 5623
10281 2 2 2 1 1499 3528 4659
10282 2 2 2 1 3368 691 5718
10283 2 2 2 1 4323 812 4497
10284 2 2 2 1 3508 483 4869
10285 2 2 2 1 1721 4323 4497
10286 2 2 2 1 4334 891 5815
10287 2 2 2 1 3894 1518 4339
10288 2 2 2 1 3730 1022 4573
10289 2 2 2 1 1533 3508 4869
10290 2 2 2 1 2794 3725 5670
10291 2 2 2 1 2385 3730 4573
10292 2 2 2 1 4088 1304 5601
10293 2 2 2 1 1737 3482 5217
10294 2 2 2 1 1226 4462 5139
10295 2 2 2 1 4717 2014 5098
10296 2 2 2 1 3494 1469 5182
10297 2 2 2 1 2007 4563 5222
10298 2 2 2 1 4364 1450 5637
10299 2 2 2 1 4662 1559 5485
10300 2 2 2 1 339 3503 4784
10301 2 2 2 1 3163 1673 5698
10302 2 2 2 1 3776 814 4854
10303 2 2 2 1 3503 1515 4784
10304 2 2 2 1 3677 747 4506
10305 2 2 2 1 1636 3776 4854
10306 2 2 2 1 3994 395 4306
10307 2 2 2 1 332 3607 5730
10308 2 2 2 1 3204 622 5411
10309 2 2 2 1 1540 3994 4306
10310 2 2 2 1 1370 4107 4196
10311 2 2 2 1 4186 1823 4255
10312 2 2 2 1 1747 4020 5017
10313 2 2 2 1 383 4016 4262
10314 2 2 2 1 1479 3364 5086
10315 2 2 2 1 1469 3494 5252
10316 2 2 2 1 1473 4120 5786
10317 2 2 2 1 5550 1698 5684
10318 2 2 2 1 3302 456 5076
10319 2 2 2 1 4202 1255 5800
10320 2 2 2 1 397 3703 4498
10321 2 2 2 1 3811 512 5683
10322 2 2 2 1 1314 3874 4366
10323 2 2 2 1 1710 3436 4857
10324 2 2 2 1 3325 1406 5038
10325 2 2 2 1 3653 1452 5387
10326 2 2 2 1 3181 1029 5596
10327 2 2 2 1 3357 1586 5226
10328 2 2 2 1 3485 1725 4957
10329 2 2 2 1 831 4546 5100
10330 2 2 2 1 3221 1106 5366
10331 2 2 2 1 673 3357 5226
10332 2 2 2 1 749 3584 4648
10333 2 2 2 1 484 3513 4724
10334 2 2 2 1 3866 1729 4765
10335 2 2 2 1 848 3223 5342
10336 2 2 2 1 1823 5315 5393
10337 2 2 2 1 1774 4556 5309
10338 2 2 2 1 1452 3584 5766
10339 2 2 2 1 1824 3918 4340
10340 2 2 2 1 3868 644 4380
10341 2 2 2 1 1934 3929 4473
10342 2 2 2 1 2063 3280 5185
10343 2 2 2 1 3431 1524 4891
10344 2 2 2 1 3465 1560 4817
10345 2 2 2 1 3615 1468 4613
10346 2 2 2 1 3173 1854 5823
10347 2 2 2 1 3198 353 5517
10348 2 2 2 1 3337 1665 5769
10349 2 2 2 1 700 3401 4942
10350 2 2 2 1 1711 4905 5560
10351 2 2 2 1 4905 2332 5560
10352 2 2 2 1 1143 3747 4763
10353 2 2 2 1 3930 2070 4887
10354 2 2 2 1 3747 2058 4763
10355 2 2 2 1 3564 435 5603
10356 2 2 2 1 3410 773 4925
10357 2 2 2 1 361 3346 5050
10358 2 2 2 1 1765 3564 5603
10359 2 2 2 1 3625 1386 4615
10360 2 2 2 1 433 3303 5140
10361 2 2 2 1 635 3682 4805
10362 2 2 2 1 3317 1511 5783
10363 2 2 2 1 3599 1994 4934
10364 2 2 2 1 1428 4496 5713
10365 2 2 2 1 5078 1029 5787
10366 2 2 2 1 3991 1659 5460
10367 2 2 2 1 1952 3386 4996
10368 2 2 2 1 1029 3181 5787
10369 2 2 2 1 2507 5078 5787
10370 2 2 2 1 4041 1311 5156
10371 2 2 2 1 3327 644 5106
10372 2 2 2 1 1528 4414 4436
10373 2 2 2 1 3879 692 4410
10374 2 2 2 1 1566 4490 4927
10375 2 2 2 1 4046 1303 5340
10376 2 2 2 1 3569 2427 4883
10377 2 2 2 1 4495 2017 5712
10378 2 2 2 1 1487 4049 4713
10379 2 2 2 1 4766 1999 4875
10380 2 2 2 1 4487 519 4719
10381 2 2 2 1 805 4766 4875
10382 2 2 2 1 4414 1716 4436
10383 2 2 2 1 3817 1897 4531
10384 2 2 2 1 4103 1278 5582
10385 2 2 2 1 1845 4487 4719
10386 2 2 2 1 4027 703 4732
10387 2 2 2 1 3196 998 5672
10388 2 2 2 1 1998 4484 5527
10389 2 2 2 1 3704 494 5582
10390 2 2 2 1 1095 3340 5168
10391 2 2 2 1 4196 1831 5266
10392 2 2 2 1 3886 612 4888
10393 2 2 2 1 645 3427 4958
10394 2 2 2 1 809 3992 5682
10395 2 2 2 1 1691 4027 4732
10396 2 2 2 1 1411 4515 4516
10397 2 2 2 1 4515 2009 4516
10398 2 2 2 1 2091 5290 5525
10399 2 2 2 1 435 3564 4900
10400 2 2 2 1 2380 3350 5478
10401 2 2 2 1 3564 1549 4900
10402 2 2 2 1 1281 3989 4416
10403 2 2 2 1 604 4620 5236
10404 2 2 2 1 1844 3264 5340
10405 2 2 2 1 4620 2077 5236
10406 2 2 2 1 3992 1981 5682
10407 2 2 2 1 3402 1747 5458
10408 2 2 2 1 3600 2423 4740
10409 2 2 2 1 3734 339 5038
10410 2 2 2 1 3310 1600 5203
10411 2 2 2 1 3243 1048 5406
10412 2 2 2 1 1786 4259 4824
10413 2 2 2 1 4259 321 4824
10414 2 2 2 1 413 3600 4740
10415 2 2 2 1 454 3192 5874
10416 2 2 2 1 4257 1646 4488
10417 2 2 2 1 2071 4677 4683
10418 2 2 2 1 3592 1583 4726
10419 2 2 2 1 1579 3451 5127
10420 2 2 2 1 1683 4257 4488
10421 2 2 2 1 3451 641 5127
10422 2 2 2 1 2204 3863 5632
10423 2 2 2 1 4563 385 5222
10424 2 2 2 1 3263 810 5809
10425 2 2 2 1 1696 3263 5809
10426 2 2 2 1 2903 3745 5488
10427 2 2 2 1 4677 1453 4683
10428 2 2 2 1 629 3196 5841
10429 2 2 2 1 1654 3263 5386
10430 2 2 2 1 572 3737 5597
10431 2 2 2 1 461 4717 5098
10432 2 2 2 1 1317 4145 4269
10433 2 2 2 1 2029 4962 5258
10434 2 2 2 1 3484 671 5728
10435 2 2 2 1 593 3631 4678
10436 2 2 2 1 4476 1552 5180
10437 2 2 2 1 1758 3484 5728
10438 2 2 2 1 4410 692 5858
10439 2 2 2 1 3470 1518 4924
10440 2 2 2 1 1308 3493 4894
10441 2 2 2 1 3329 1098 5200
10442 2 2 2 1 1688 4321 4468
10443 2 2 2 1 4321 710 4468
10444 2 2 2 1 3203 482 5824
10445 2 2 2 1 3689 1312 4616
10446 2 2 2 1 5617 1958 5794
10447 2 2 2 1 1403 4186 4255
10448 2 2 2 1 436 3470 4924
10449 2 2 2 1 3700 1608 5080
10450 2 2 2 1 3246 1467 5489
10451 2 2 2 1 4736 1918 4834
10452 2 2 2 1 3575 306 4799
10453 2 2 2 1 3687 656 5382
10454 2 2 2 1 3620 433 4936
10455 2 2 2 1 627 3861 4802
10456 2 2 2 1 4015 2619 5536
10457 2 2 2 1 815 4015 5536
10458 2 2 2 1 766 4125 4769
10459 2 2 2 1 4125 1719 4769
10460 2 2 2 1 1363 3660 4650
10461 2 2 2 1 2064 4630 5211
10462 2 2 2 1 1647 3817 4531
10463 2 2 2 1 3462 1654 5386
10464 2 2 2 1 336 4948 5186
10465 2 2 2 1 4295 1841 5876
10466 2 2 2 1 3607 1937 4746
10467 2 2 2 1 2100 3893 4618
10468 2 2 2 1 324 3462 5386
10469 2 2 2 1 4977 2011 5063
10470 2 2 2 1 3675 1588 5330
10471 2 2 2 1 4630 436 5211
10472 2 2 2 1 3468 310 4966
10473 2 2 2 1 673 3219 5797
10474 2 2 2 1 2176 3887 4465
10475 2 2 2 1 3308 629 5291
10476 2 2 2 1 637 3522 4886
10477 2 2 2 1 1714 4222 5215
10478 2 2 2 1 379 3463 4977
10479 2 2 2 1 3641 867 4703
10480 2 2 2 1 1475 3739 4588
10481 2 2 2 1 436 4924 5211
10482 2 2 2 1 3560 1316 4831
10483 2 2 2 1 4661 1954 4912
10484 2 2 2 1 3682 635 4644
10485 2 2 2 1 1587 4661 4912
10486 2 2 2 1 4039 1676 4721
10487 2 2 2 1 324 4039 4721
10488 2 2 2 1 4189 1825 5657
10489 2 2 2 1 5264 876 5461
10490 2 2 2 1 2438 5264 5461
10491 2 2 2 1 3257 1205 5527
10492 2 2 2 1 3406 1479 5086
10493 2 2 2 1 1144 5490 5860
10494 2 2 2 1 3442 1620 5034
10495 2 2 2 1 2507 3774 5634
10496 2 2 2 1 1890 3289 5379
10497 2 2 2 1 4122 884 5665
10498 2 2 2 1 1407 4432 5148
10499 2 2 2 1 1482 4487 4489
10500 2 2 2 1 4487 1845 4489
10501 2 2 2 1 2010 4122 5665
10502 2 2 2 1 5490 2717 5860
10503 2 2 2 1 1498 3685 4655
10504 2 2 2 1 1935 4354 5306
10505 2 2 2 1 408 3295 5353
10506 2 2 2 1 3989 1625 4416
10507 2 2 2 1 724 3336 5275
10508 2 2 2 1 2320 4608 5352
10509 2 2 2 1 3668 1734 4684
10510 2 2 2 1 673 3934 4868
10511 2 2 2 1 692 4153 4329
10512 2 2 2 1 429 3744 4603
10513 2 2 2 1 3419 1095 5168
10514 2 2 2 1 3258 912 5587
10515 2 2 2 1 869 4361 4829
10516 2 2 2 1 3274 1669 5733
10517 2 2 2 1 596 3448 5048
10518 2 2 2 1 463 3274 5733
10519 2 2 2 1 3430 1614 5100
10520 2 2 2 1 3512 1182 4941
10521 2 2 2 1 1749 5134 5433
10522 2 2 2 1 4452 714 5392
10523 2 2 2 1 3807 1173 5423
10524 2 2 2 1 2091 3872 5290
10525 2 2 2 1 4078 1500 5244
10526 2 2 2 1 5311 491 5731
10527 2 2 2 1 3787 789 4592
10528 2 2 2 1 750 4551 5769
10529 2 2 2 1 3757 2109 4626
10530 2 2 2 1 3921 627 4802
10531 2 2 2 1 3273 707 5575
10532 2 2 2 1 851 3717 5854
10533 2 2 2 1 599 3876 4529
10534 2 2 2 1 3706 911 5064
10535 2 2 2 1 1206 3471 5032
10536 2 2 2 1 1448 3496 5194
10537 2 2 2 1 4159 1584 4344
10538 2 2 2 1 2552 3609 5792
10539 2 2 2 1 1534 3419 5168
10540 2 2 2 1 1827 4524 4893
10541 2 2 2 1 2373 3277 5601
10542 2 2 2 1 4009 1419 4444
10543 2 2 2 1 4018 1565 4691
10544 2 2 2 1 3651 563 5755
10545 2 2 2 1 3625 708 4827
10546 2 2 2 1 4021 2616 5753
10547 2 2 2 1 2166 4018 4691
10548 2 2 2 1 3440 1218 5785
10549 2 2 2 1 3669 1334 4744
10550 2 2 2 1 1706 4736 4834
10551 2 2 2 1 1304 4088 4408
10552 2 2 2 1 1396 4360 4724
10553 2 2 2 1 580 3343 5371
10554 2 2 2 1 4064 1594 4600
10555 2 2 2 1 125 3408 5204
10556 2 2 2 1 3652 684 5698
10557 2 2 2 1 571 4337 5612
10558 2 2 2 1 1342 3951 4576
10559 2 2 2 1 3254 1769 5859
10560 2 2 2 1 4099 1483 5258
10561 2 2 2 1 4342 739 4561
10562 2 2 2 1 414 3342 5389
10563 2 2 2 1 4152 2527 5603
10564 2 2 2 1 1048 3372 5406
10565 2 2 2 1 3525 1664 5395
10566 2 2 2 1 3372 1603 5406
10567 2 2 2 1 3460 1297 5121
10568 2 2 2 1 3618 1494 4882
10569 2 2 2 1 1301 4012 4646
10570 2 2 2 1 3813 1578 4675
10571 2 2 2 1 2103 3330 5448
10572 2 2 2 1 2352 3813 4675
10573 2 2 2 1 422 3580 5758
10574 2 2 2 1 2889 4222 5652
10575 2 2 2 1 1101 3525 5395
10576 2 2 2 1 1586 3421 5226
10577 2 2 2 1 1506 4057 5571
10578 2 2 2 1 1531 4038 5524
10579 2 2 2 1 901 3499 5179
10580 2 2 2 1 848 4070 4699
10581 2 2 2 1 4996 511 5816
10582 2 2 2 1 5059 1375 5585
10583 2 2 2 1 4070 1663 4699
10584 2 2 2 1 1558 3464 5150
10585 2 2 2 1 1376 4155 5799
10586 2 2 2 1 3291 1680 5824
10587 2 2 2 1 1827 4119 4635
10588 2 2 2 1 3819 1801 4640
10589 2 2 2 1 4185 2038 5469
10590 2 2 2 1 3795 652 5445
10591 2 2 2 1 1668 3417 5801
10592 2 2 2 1 3967 344 4512
10593 2 2 2 1 1564 3982 4503
10594 2 2 2 1 482 3291 5824
10595 2 2 2 1 3955 1279 4810
10596 2 2 2 1 1572 3685 4907
10597 2 2 2 1 3685 742 4907
10598 2 2 2 1 4477 1900 5097
10599 2 2 2 1 3464 1558 5240
10600 2 2 2 1 434 3551 5233
10601 2 2 2 1 1964 3542 5613
10602 2 2 2 1 828 4420 5702
10603 2 2 2 1 4537 2154 5339
10604 2 2 2 1 3551 1614 5233
10605 2 2 2 1 3542 213 5613
10606 2 2 2 1 3480 1407 5148
10607 2 2 2 1 1552 4476 5877
10608 2 2 2 1 4259 1786 4615
10609 2 2 2 1 2092 5129 5799
10610 2 2 2 1 1386 4259 4615
10611 2 2 2 1 3628 1167 4917
10612 2 2 2 1 679 3700 5080
10613 2 2 2 1 678 4298 5056
10614 2 2 2 1 4298 1835 5056
10615 2 2 2 1 1055 3322 5606
10616 2 2 2 1 2077 5091 5600
10617 2 2 2 1 3950 2636 4852
10618 2 2 2 1 3347 655 5867
10619 2 2 2 1 1503 3620 4936
10620 2 2 2 1 3895 696 5071
10621 2 2 2 1 4316 1783 4910
10622 2 2 2 1 4335 664 5696
10623 2 2 2 1 722 4282 5415
10624 2 2 2 1 3316 574 5645
10625 2 2 2 1 4282 2144 5415
10626 2 2 2 1 870 4316 4910
10627 2 2 2 1 4483 1886 4485
10628 2 2 2 1 3433 1550 5287
10629 2 2 2 1 1479 4483 4485
10630 2 2 2 1 924 3300 5753
10631 2 2 2 1 668 3402 5355
10632 2 2 2 1 732 4196 5266
10633 2 2 2 1 513 3697 5279
10634 2 2 2 1 1775 4521 5784
10635 2 2 2 1 4112 2033 5177
10636 2 2 2 1 1505 3469 5551
10637 2 2 2 1 3830 1462 4676
10638 2 2 2 1 2141 5058 5125
10639 2 2 2 1 4641 1618 4876
10640 2 2 2 1 4104 1911 4818
10641 2 2 2 1 5058 819 5125
10642 2 2 2 1 1272 4104 4818
10643 2 2 2 1 1899 4641 4876
10644 2 2 2 1 4258 1376 5799
10645 2 2 2 1 5400 1736 5437
10646 2 2 2 1 1684 3454 5635
10647 2 2 2 1 4535 791 5476
10648 2 2 2 1 3454 776 5635
10649 2 2 2 1 2074 4535 5476
10650 2 2 2 1 950 3464 5240
10651 2 2 2 1 612 3494 5182
10652 2 2 2 1 1724 5303 5549
10653 2 2 2 1 1116 3344 5641
10654 2 2 2 1 3412 590 5374
10655 2 2 2 1 865 3831 5873
10656 2 2 2 1 2057 3722 4839
10657 2 2 2 1 3831 1908 5873
10658 2 2 2 1 981 3885 4645
10659 2 2 2 1 1286 3679 4892
10660 2 2 2 1 4240 1635 5443
10661 2 2 2 1 1266 4354 5283
10662 2 2 2 1 4982 2736 5875
10663 2 2 2 1 4577 2267 4865
10664 2 2 2 1 770 4064 4600
10665 2 2 2 1 841 3317 5783
10666 2 2 2 1 671 3781 4770
10667 2 2 2 1 818 4376 4536
10668 2 2 2 1 4354 1935 5283
10669 2 2 2 1 4395 1910 4397
10670 2 2 2 1 324 5386 5573
10671 2 2 2 1 2186 3915 5442
10672 2 2 2 1 1444 4395 4397
10673 2 2 2 1 4376 1743 4536
10674 2 2 2 1 1188 3336 5703
10675 2 2 2 1 3651 2136 5032
10676 2 2 2 1 1258 3736 4835
10677 2 2 2 1 1541 3770 4952
10678 2 2 2 1 4720 1987 5045
10679 2 2 2 1 1549 3693 4900
10680 2 2 2 1 1656 4720 5045
10681 2 2 2 1 3554 996 5114
10682 2 2 2 1 626 3647 5231
10683 2 2 2 1 379 4977 5063
10684 2 2 2 1 660 3982 4700
10685 2 2 2 1 1950 4728 4735
10686 2 2 2 1 3772 704 4808
10687 2 2 2 1 1496 3605 5053
10688 2 2 2 1 4728 1524 4735
10689 2 2 2 1 1292 3775 5447
10690 2 2 2 1 773 3410 5453
10691 2 2 2 1 3357 673 5797
10692 2 2 2 1 4197 1531 5524
10693 2 2 2 1 3365 684 5628
10694 2 2 2 1 2032 5505 5849
10695 2 2 2 1 3823 1370 4867
10696 2 2 2 1 3608 640 5540
10697 2 2 2 1 1735 4831 5137
10698 2 2 2 1 4080 2634 5272
10699 2 2 2 1 1713 3608 5540
10700 2 2 2 1 4987 2384 5827
10701 2 2 2 1 2392 5134 5721
10702 2 2 2 1 694 4976 5101
10703 2 2 2 1 3494 1174 5252
10704 2 2 2 1 671 3354 5728
10705 2 2 2 1 3481 1319 5537
10706 2 2 2 1 1107 4987 5827
10707 2 2 2 1 760 4926 5276
10708 2 2 2 1 3750 424 5171
10709 2 2 2 1 4926 2133 5276
10710 2 2 2 1 4049 691 4713
10711 2 2 2 1 462 5079 5220
10712 2 2 2 1 4171 1667 5145
10713 2 2 2 1 3352 1177 5778
10714 2 2 2 1 1451 4064 5132
10715 2 2 2 1 2379 5400 5437
10716 2 2 2 1 3514 434 5219
10717 2 2 2 1 4432 2118 4550
10718 2 2 2 1 3540 389 5293
10719 2 2 2 1 2353 4934 5812
10720 2 2 2 1 4934 496 5812
10721 2 2 2 1 3500 423 5260
10722 2 2 2 1 2158 4594 4595
10723 2 2 2 1 3390 1983 5612
10724 2 2 2 1 227 3578 5142
10725 2 2 2 1 4594 1420 4595
10726 2 2 2 1 1714 4841 5652
10727 2 2 2 1 3602 774 5677
10728 2 2 2 1 4064 770 5132
10729 2 2 2 1 5134 1749 5721
10730 2 2 2 1 5036 1793 5845
10731 2 2 2 1 2416 5036 5845
10732 2 2 2 1 1154 3924 4953
10733 2 2 2 1 3924 1780 4953
10734 2 2 2 1 3616 1477 5085
10735 2 2 2 1 536 3367 5768
10736 2 2 2 1 4163 1885 5343
10737 2 2 2 1 3952 2341 5539
10738 2 2 2 1 3947 421 4871
10739 2 2 2 1 3963 678 4826
10740 2 2 2 1 3445 2074 5476
10741 2 2 2 1 2327 3936 5693
10742 2 2 2 1 1555 3712 4946
10743 2 2 2 1 1536 3904 5246
10744 2 2 2 1 5012 1855 5209
10745 2 2 2 1 692 4329 5814
10746 2 2 2 1 4779 1747 5017
10747 2 2 2 1 3376 1842 5828
10748 2 2 2 1 2425 3947 4871
10749 2 2 2 1 4026 2588 5119
10750 2 2 2 1 1853 3428 5568
10751 2 2 2 1 3731 1548 4939
10752 2 2 2 1 3454 1684 5705
10753 2 2 2 1 1636 4739 4943
10754 2 2 2 1 4131 1137 4816
10755 2 2 2 1 2774 4100 5871
10756 2 2 2 1 1987 4774 5045
10757 2 2 2 1 1409 3409 5650
10758 2 2 2 1 1921 4131 4816
10759 2 2 2 1 4739 1939 4943
10760 2 2 2 1 4774 768 5045
10761 2 2 2 1 1065 3454 5705
10762 2 2 2 1 676 4373 5491
10763 2 2 2 1 4823 2089 5279
10764 2 2 2 1 3770 1541 5318
10765 2 2 2 1 3738 688 5137
10766 2 2 2 1 1516 4823 5279
10767 2 2 2 1 4023 2600 5157
10768 2 2 2 1 3843 1353 5519
10769 2 2 2 1 2022 4600 5374
10770 2 2 2 1 4047 790 5666
10771 2 2 2 1 4536 1743 4587
10772 2 2 2 1 1916 4047 5666
10773 2 2 2 1 3970 1623 5422
10774 2 2 2 1 1463 3737 5296
10775 2 2 2 1 2071 4965 5852
10776 2 2 2 1 836 3504 5351
10777 2 2 2 1 1575 3594 5522
10778 2 2 2 1 3662 1245 5044
10779 2 2 2 1 1625 4536 4587
10780 2 2 2 1 4678 1601 5704
10781 2 2 2 1 4345 73 4978
10782 2 2 2 1 1504 3694 5010
10783 2 2 2 1 4649 1972 5079
10784 2 2 2 1 1967 4334 5815
10785 2 2 2 1 4005 412 4664
10786 2 2 2 1 3732 1877 4986
10787 2 2 2 1 3552 388 5263
10788 2 2 2 1 3881 2608 5673
10789 2 2 2 1 3996 1486 4674
10790 2 2 2 1 1975 3881 5673
10791 2 2 2 1 4921 1552 5877
10792 2 2 2 1 636 3510 5521
10793 2 2 2 1 1162 3732 4986
10794 2 2 2 1 1914 3436 5637
10795 2 2 2 1 5155 1704 5432
10796 2 2 2 1 4105 419 5469
10797 2 2 2 1 4429 656 5724
10798 2 2 2 1 696 3895 4788
10799 2 2 2 1 4120 1473 4589
10800 2 2 2 1 5089 1816 5780
10801 2 2 2 1 1079 3423 5684
10802 2 2 2 1 1539 3846 5470
10803 2 2 2 1 692 5814 5858
10804 2 2 2 1 4947 1436 5840
10805 2 2 2 1 1958 4352 5644
10806 2 2 2 1 3747 3079 5770
10807 2 2 2 1 3770 654 4952
10808 2 2 2 1 3982 1564 4700
10809 2 2 2 1 2348 4947 5840
10810 2 2 2 1 323 3452 5554
10811 2 2 2 1 5181 2366 5629
10812 2 2 2 1 1027 5181 5629
10813 2 2 2 1 759 4515 4726
10814 2 2 2 1 1508 4756 5158
10815 2 2 2 1 1969 4578 4579
10816 2 2 2 1 642 4099 5258
10817 2 2 2 1 3725 703 5670
10818 2 2 2 1 2517 5454 5679
10819 2 2 2 1 3486 1773 5760
10820 2 2 2 1 5454 1057 5679
10821 2 2 2 1 3660 1363 5087
10822 2 2 2 1 651 3901 5804
10823 2 2 2 1 4049 1542 5518
10824 2 2 2 1 4038 1531 5847
10825 2 2 2 1 2822 4305 5349
10826 2 2 2 1 3538 1648 5487
10827 2 2 2 1 4578 1494 4579
10828 2 2 2 1 2077 4620 4921
10829 2 2 2 1 3417 474 5801
10830 2 2 2 1 852 3675 5330
10831 2 2 2 1 1238 3538 5487
10832 2 2 2 1 767 4757 5633
10833 2 2 2 1 3690 885 5579
10834 2 2 2 1 1382 4033 5364
10835 2 2 2 1 1828 5420 5863
10836 2 2 2 1 1518 3812 4924
10837 2 2 2 1 3568 1183 5322
10838 2 2 2 1 4641 534 5271
10839 2 2 2 1 1718 3974 4738
10840 2 2 2 1 617 4384 4555
10841 2 2 2 1 3604 1199 5253
10842 2 2 2 1 1612 3619 5223
10843 2 2 2 1 4322 2389 5510
10844 2 2 2 1 5011 771 5525
10845 2 2 2 1 2172 3909 5120
10846 2 2 2 1 1592 3583 5305
10847 2 2 2 1 1351 3441 5717
10848 2 2 2 1 1507 3706 5064
10849 2 2 2 1 475 5590 5727
10850 2 2 2 1 487 3661 5390
10851 2 2 2 1 945 4387 4661
10852 2 2 2 1 3671 1647 5124
10853 2 2 2 1 5590 2601 5727
10854 2 2 2 1 4119 995 4635
10855 2 2 2 1 4387 1954 4661
10856 2 2 2 1 1650 4243 4561
10857 2 2 2 1 2169 5219 5233
10858 2 2 2 1 419 4185 5469
10859 2 2 2 1 1129 3435 5830
10860 2 2 2 1 4148 1918 4736
10861 2 2 2 1 1584 4159 5066
10862 2 2 2 1 1713 3543 5404
10863 2 2 2 1 914 4258 5799
10864 2 2 2 1 759 4726 5591
10865 2 2 2 1 4076 1720 5073
10866 2 2 2 1 1456 3784 5818
10867 2 2 2 1 1818 5019 5193
10868 2 2 2 1 1500 3886 4888
10869 2 2 2 1 5019 2105 5193
10870 2 2 2 1 2437 5059 5585
10871 2 2 2 1 793 4076 5073
10872 2 2 2 1 1183 3859 5322
10873 2 2 2 1 3544 1294 5430
10874 2 2 2 1 2083 3874 5186
10875 2 2 2 1 2053 5283 5475
10876 2 2 2 1 4375 1647 4531
10877 2 2 2 1 3510 1599 5521
10878 2 2 2 1 1806 3955 4810
10879 2 2 2 1 4100 1943 5871
10880 2 2 2 1 361 3486 5609
10881 2 2 2 1 72 4345 5023
10882 2 2 2 1 3739 1475 5581
10883 2 2 2 1 2022 3521 5496
10884 2 2 2 1 2053 4055 5283
10885 2 2 2 1 1757 5153 5856
10886 2 2 2 1 3988 1527 5528
10887 2 2 2 1 3491 380 5875
10888 2 2 2 1 1897 3817 5685
10889 2 2 2 1 743 4375 4531
10890 2 2 2 1 3647 1535 5231
10891 2 2 2 1 3817 101 5685
10892 2 2 2 1 1516 3697 5342
10893 2 2 2 1 3551 1630 5444
10894 2 2 2 1 3842 1772 5438
10895 2 2 2 1 5219 434 5233
10896 2 2 2 1 3519 1685 5706
10897 2 2 2 1 1547 4303 5814
10898 2 2 2 1 4303 2024 5814
10899 2 2 2 1 819 5058 5588
10900 2 2 2 1 744 3519 5706
10901 2 2 2 1 3873 695 5334
10902 2 2 2 1 1727 3873 5334
10903 2 2 2 1 166 3657 5302
10904 2 2 2 1 5058 2257 5588
10905 2 2 2 1 180 3842 5438
10906 2 2 2 1 3911 439 4995
10907 2 2 2 1 1431 3499 5619
10908 2 2 2 1 766 4769 5370
10909 2 2 2 1 3891 1020 4918
10910 2 2 2 1 664 3793 5027
10911 2 2 2 1 4769 2076 5370
10912 2 2 2 1 1914 3665 5210
10913 2 2 2 1 3502 932 5620
10914 2 2 2 1 1567 3982 5427
10915 2 2 2 1 1523 3950 4852
10916 2 2 2 1 2347 4037 5329
10917 2 2 2 1 3585 1281 5426
10918 2 2 2 1 1701 4518 4654
10919 2 2 2 1 4281 1932 5430
10920 2 2 2 1 4518 1735 4654
10921 2 2 2 1 1294 4281 5430
10922 2 2 2 1 3292 4617 5820
10923 2 2 2 1 4102 2551 5206
10924 2 2 2 1 1507 3910 4913
10925 2 2 2 1 1445 3978 4832
10926 2 2 2 1 1808 4614 5628
10927 2 2 2 1 3692 1837 5197
10928 2 2 2 1 1395 3585 5451
10929 2 2 2 1 4135 341 5681
10930 2 2 2 1 4339 628 4608
10931 2 2 2 1 2064 4624 4630
10932 2 2 2 1 390 4132 5229
10933 2 2 2 1 385 3679 5222
10934 2 2 2 1 4384 1702 4555
10935 2 2 2 1 4624 1485 4630
10936 2 2 2 1 2135 3498 5692
10937 2 2 2 1 1934 4570 4727
10938 2 2 2 1 3754 1350 5120
10939 2 2 2 1 4412 1451 5132
10940 2 2 2 1 4567 1755 4767
10941 2 2 2 1 3623 524 5842
10942 2 2 2 1 3941 1738 5317
10943 2 2 2 1 1232 3941 5317
10944 2 2 2 1 1740 4558 4843
10945 2 2 2 1 1608 3791 5080
10946 2 2 2 1 4558 1797 4843
10947 2 2 2 1 882 3550 5539
10948 2 2 2 1 3466 1133 5863
10949 2 2 2 1 1192 3633 5343
10950 2 2 2 1 3746 142 5152
10951 2 2 2 1 482 4186 4680
10952 2 2 2 1 4194 2340 5794
10953 2 2 2 1 1500 4888 5244
10954 2 2 2 1 3045 4015 5566
10955 2 2 2 1 4352 354 5644
10956 2 2 2 1 1204 4368 5008
10957 2 2 2 1 602 4432 4550
10958 2 2 2 1 3857 568 5006
10959 2 2 2 1 4255 1823 5393
10960 2 2 2 1 1571 3880 5709
10961 2 2 2 1 4609 1909 5104
10962 2 2 2 1 3668 1595 5680
10963 2 2 2 1 825 4609 5104
10964 2 2 2 1 3657 1805 5302
10965 2 2 2 1 4912 1954 5017
10966 2 2 2 1 3897 1666 5506
10967 2 2 2 1 4724 2135 5692
10968 2 2 2 1 810 3498 5809
10969 2 2 2 1 1733 4591 4829
10970 2 2 2 1 1532 3750 5171
10971 2 2 2 1 3735 1590 5631
10972 2 2 2 1 4438 2219 5682
10973 2 2 2 1 1981 4438 5682
10974 2 2 2 1 681 4148 4736
10975 2 2 2 1 423 4302 5260
10976 2 2 2 1 531 3515 5784
10977 2 2 2 1 4302 1833 5260
10978 2 2 2 1 4344 1584 5744
10979 2 2 2 1 1457 3687 5382
10980 2 2 2 1 3594 334 5522
10981 2 2 2 1 1623 3627 5422
10982 2 2 2 1 1646 3491 5875
10983 2 2 2 1 4773 1551 4774
10984 2 2 2 1 1987 4773 4774
10985 2 2 2 1 3904 1536 4988
10986 2 2 2 1 2049 4846 4850
10987 2 2 2 1 2041 3957 5703
10988 2 2 2 1 4846 1024 4850
10989 2 2 2 1 3976 1392 5853
10990 2 2 2 1 3529 1843 5702
10991 2 2 2 1 5149 480 5657
10992 2 2 2 1 3643 1300 5385
10993 2 2 2 1 3697 1516 5279
10994 2 2 2 1 1739 5077 5592
10995 2 2 2 1 484 4724 5692
10996 2 2 2 1 3957 1188 5703
10997 2 2 2 1 2304 5149 5657
10998 2 2 2 1 656 4377 5382
10999 2 2 2 1 354 3559 5644
11000 2 2 2 1 1628 3547 5674
11001 2 2 2 1 3670 1216 5678
11002 2 2 2 1 1724 3670 5678
11003 2 2 2 1 4233 1359 5114
11004 2 2 2 1 1732 4616 5006
11005 2 2 2 1 3777 336 5186
11006 2 2 2 1 438 4912 5017
11007 2 2 2 1 4110 966 4819
11008 2 2 2 1 1588 3911 4995
11009 2 2 2 1 3782 840 5572
11010 2 2 2 1 1624 4574 5482
11011 2 2 2 1 672 3926 4985
11012 2 2 2 1 4139 1292 5447
11013 2 2 2 1 145 3756 5224
11014 2 2 2 1 420 3653 5387
11015 2 2 2 1 4090 2264 4884
11016 2 2 2 1 3680 1657 5715
11017 2 2 2 1 3896 1259 5878
11018 2 2 2 1 3661 1577 5390
11019 2 2 2 1 5290 1893 5525
11020 2 2 2 1 1861 3896 5878
11021 2 2 2 1 4563 1653 4972
11022 2 2 2 1 1580 3926 5697
11023 2 2 2 1 5307 1775 5880
11024 2 2 2 1 1598 4243 5405
11025 2 2 2 1 2380 5359 5584
11026 2 2 2 1 5359 926 5584
11027 2 2 2 1 3814 1177 5344
11028 2 2 2 1 906 4284 5513
11029 2 2 2 1 2471 5307 5880
11030 2 2 2 1 4284 1903 5513
11031 2 2 2 1 1521 3895 5071
11032 2 2 2 1 3645 1643 5484
11033 2 2 2 1 4372 1964 5613
11034 2 2 2 1 214 4372 5613
11035 2 2 2 1 5066 676 5491
11036 2 2 2 1 421 3579 5729
11037 2 2 2 1 5091 989 5600
11038 2 2 2 1 1375 4555 5585
11039 2 2 2 1 1297 3918 5711
11040 2 2 2 1 3918 1824 5711
11041 2 2 2 1 106 4764 5846
11042 2 2 2 1 2591 3828 5636
11043 2 2 2 1 1768 4188 5821
11044 2 2 2 1 706 4182 5178
11045 2 2 2 1 4462 2012 5139
11046 2 2 2 1 1789 4973 5610
11047 2 2 2 1 409 3973 5161
11048 2 2 2 1 4028 1463 5296
11049 2 2 2 1 3584 749 5766
11050 2 2 2 1 1545 3602 5677
11051 2 2 2 1 840 3782 5257
11052 2 2 2 1 1829 4379 5802
11053 2 2 2 1 3962 1493 5015
11054 2 2 2 1 4360 2135 4724
11055 2 2 2 1 4284 1266 5773
11056 2 2 2 1 5032 2136 5534
11057 2 2 2 1 4501 2216 5546
11058 2 2 2 1 1160 4501 5546
11059 2 2 2 1 736 4255 5393
11060 2 2 2 1 3931 1689 5255
11061 2 2 2 1 4734 1624 5482
11062 2 2 2 1 827 3931 5255
11063 2 2 2 1 2180 4908 5311
11064 2 2 2 1 1578 3813 5284
11065 2 2 2 1 1261 3770 5318
11066 2 2 2 1 4407 2011 4977
11067 2 2 2 1 821 3974 5313
11068 2 2 2 1 5585 1702 5662
11069 2 2 2 1 1597 4027 4994
11070 2 2 2 1 3958 1790 5589
11071 2 2 2 1 3974 1718 5313
11072 2 2 2 1 2411 4429 5724
11073 2 2 2 1 506 3747 5770
11074 2 2 2 1 826 3958 5589
11075 2 2 2 1 525 4111 5341
11076 2 2 2 1 1527 4308 5528
11077 2 2 2 1 1556 3995 5035
11078 2 2 2 1 4711 2014 4717
11079 2 2 2 1 1537 4711 4717
11080 2 2 2 1 703 4027 5670
11081 2 2 2 1 1514 4793 4796
11082 2 2 2 1 4793 2134 4796
11083 2 2 2 1 4020 438 5017
11084 2 2 2 1 3917 1591 5602
11085 2 2 2 1 3696 1659 5516
11086 2 2 2 1 3664 1019 5565
11087 2 2 2 1 3678 258 5542
11088 2 2 2 1 1632 4212 5138
11089 2 2 2 1 652 4526 5445
11090 2 2 2 1 829 3696 5516
11091 2 2 2 1 3831 1539 5273
11092 2 2 2 1 2060 4806 5064
11093 2 2 2 1 3661 487 5611
11094 2 2 2 1 1300 3643 5701
11095 2 2 2 1 5146 2330 5775
11096 2 2 2 1 678 3963 5107
11097 2 2 2 1 856 5146 5775
11098 2 2 2 1 4806 1507 5064
11099 2 2 2 1 338 4290 5466
11100 2 2 2 1 2490 4907 5463
11101 2 2 2 1 4093 1622 5294
11102 2 2 2 1 2437 5585 5662
11103 2 2 2 1 1206 5032 5534
11104 2 2 2 1 686 3917 5602
11105 2 2 2 1 646 5039 5187
11106 2 2 2 1 3720 1171 5498
11107 2 2 2 1 862 4908 5741
11108 2 2 2 1 4908 2180 5741
11109 2 2 2 1 5039 2299 5187
11110 2 2 2 1 1235 3864 5250
11111 2 2 2 1 657 3755 5449
11112 2 2 2 1 3807 549 5754
11113 2 2 2 1 1754 3807 5754
11114 2 2 2 1 3881 781 5656
11115 2 2 2 1 1495 3795 5445
11116 2 2 2 1 1644 4219 5110
11117 2 2 2 1 1949 3814 5344
11118 2 2 2 1 1709 4548 5826
11119 2 2 2 1 3745 2031 5488
11120 2 2 2 1 1443 4374 4801
11121 2 2 2 1 944 3668 5680
11122 2 2 2 1 1678 5128 5606
11123 2 2 2 1 4901 1639 4902
11124 2 2 2 1 1930 4901 4902
11125 2 2 2 1 529 4292 5332
11126 2 2 2 1 4755 1913 4757
11127 2 2 2 1 544 3654 5752
11128 2 2 2 1 1607 4755 4757
11129 2 2 2 1 3905 254 5354
11130 2 2 2 1 1610 4056 5714
11131 2 2 2 1 3872 955 5290
11132 2 2 2 1 5160 810 5524
11133 2 2 2 1 3904 782 5246
11134 2 2 2 1 708 4615 5838
11135 2 2 2 1 691 5456 5718
11136 2 2 2 1 5456 2430 5718
11137 2 2 2 1 3973 1909 5161
11138 2 2 2 1 929 3829 5543
11139 2 2 2 1 1855 4830 5209
11140 2 2 2 1 1429 4672 5179
11141 2 2 2 1 4299 1986 4906
11142 2 2 2 1 563 4194 4957
11143 2 2 2 1 3696 829 5667
11144 2 2 2 1 1926 3665 5761
11145 2 2 2 1 1775 5784 5880
11146 2 2 2 1 331 4026 5119
11147 2 2 2 1 4917 1167 5323
11148 2 2 2 1 2014 4225 5098
11149 2 2 2 1 4543 661 4945
11150 2 2 2 1 5147 2654 5608
11151 2 2 2 1 3687 1432 5724
11152 2 2 2 1 1697 4217 5083
11153 2 2 2 1 4217 2455 5083
11154 2 2 2 1 499 5735 5821
11155 2 2 2 1 3737 1463 5597
11156 2 2 2 1 3816 393 5433
11157 2 2 2 1 4069 1930 5093
11158 2 2 2 1 4063 461 5098
11159 2 2 2 1 4266 700 4942
11160 2 2 2 1 1619 3986 5862
11161 2 2 2 1 4625 1669 5479
11162 2 2 2 1 1694 4266 4942
11163 2 2 2 1 4075 1640 5101
11164 2 2 2 1 1213 3735 5631
11165 2 2 2 1 1254 3700 5712
11166 2 2 2 1 117 4451 5746
11167 2 2 2 1 3839 736 5393
11168 2 2 2 1 4570 1570 4727
11169 2 2 2 1 1231 3751 5592
11170 2 2 2 1 640 3778 5540
11171 2 2 2 1 1675 4321 4919
11172 2 2 2 1 1903 4284 5773
11173 2 2 2 1 1688 4929 4963
11174 2 2 2 1 4929 1904 4963
11175 2 2 2 1 1591 3782 5572
11176 2 2 2 1 1968 4041 5156
11177 2 2 2 1 441 4235 5093
11178 2 2 2 1 4538 3276 5635
11179 2 2 2 1 1703 4270 5051
11180 2 2 2 1 1833 4274 5260
11181 2 2 2 1 5436 2460 5443
11182 2 2 2 1 1958 5644 5794
11183 2 2 2 1 4270 450 5051
11184 2 2 2 1 1913 5000 5633
11185 2 2 2 1 553 4096 5115
11186 2 2 2 1 2257 4215 5588
11187 2 2 2 1 1635 5436 5443
11188 2 2 2 1 4405 2165 4889
11189 2 2 2 1 3699 2197 5793
11190 2 2 2 1 4835 1618 5271
11191 2 2 2 1 1680 4567 4767
11192 2 2 2 1 1671 3959 5272
11193 2 2 2 1 766 4919 4963
11194 2 2 2 1 3959 738 5272
11195 2 2 2 1 3935 1525 5319
11196 2 2 2 1 1782 3905 5354
11197 2 2 2 1 5655 862 5741
11198 2 2 2 1 1552 4053 5180
11199 2 2 2 1 4159 676 5066
11200 2 2 2 1 1471 4135 5681
11201 2 2 2 1 797 4078 5244
11202 2 2 2 1 1843 4116 5702
11203 2 2 2 1 4116 828 5702
11204 2 2 2 1 3846 1342 5470
11205 2 2 2 1 4633 392 4765
11206 2 2 2 1 1454 4279 5688
11207 2 2 2 1 1930 4902 5093
11208 2 2 2 1 3878 363 5431
11209 2 2 2 1 4902 441 5093
11210 2 2 2 1 4345 1589 5023
11211 2 2 2 1 4710 1652 5523
11212 2 2 2 1 5010 820 5817
11213 2 2 2 1 1332 4096 5242
11214 2 2 2 1 3863 1895 5632
11215 2 2 2 1 4096 1699 5242
11216 2 2 2 1 1729 4633 4765
11217 2 2 2 1 4823 1015 5069
11218 2 2 2 1 4797 1705 5323
11219 2 2 2 1 4062 1643 5198
11220 2 2 2 1 4057 1506 5570
11221 2 2 2 1 4469 3056 5754
11222 2 2 2 1 2089 4823 5069
11223 2 2 2 1 4309 409 5161
11224 2 2 2 1 634 4394 4984
11225 2 2 2 1 5061 715 5175
11226 2 2 2 1 524 3927 5842
11227 2 2 2 1 4047 1218 5870
11228 2 2 2 1 734 4983 5734
11229 2 2 2 1 5108 2182 5643
11230 2 2 2 1 3803 205 5694
11231 2 2 2 1 4962 2029 4968
11232 2 2 2 1 785 4069 5212
11233 2 2 2 1 1347 4581 5437
11234 2 2 2 1 4581 2379 5437
11235 2 2 2 1 2013 5061 5175
11236 2 2 2 1 1589 4345 4978
11237 2 2 2 1 1623 4962 4968
11238 2 2 2 1 3899 638 5434
11239 2 2 2 1 1769 3849 5859
11240 2 2 2 1 4045 1332 5242
11241 2 2 2 1 3849 693 5859
11242 2 2 2 1 838 5108 5643
11243 2 2 2 1 4666 1300 5701
11244 2 2 2 1 697 4169 5833
11245 2 2 2 1 5208 2399 5836
11246 2 2 2 1 847 4534 5700
11247 2 2 2 1 3880 1674 5779
11248 2 2 2 1 4534 2349 5700
11249 2 2 2 1 429 4102 5206
11250 2 2 2 1 811 5012 5209
11251 2 2 2 1 4409 349 5176
11252 2 2 2 1 5123 2032 5849
11253 2 2 2 1 1588 4995 5330
11254 2 2 2 1 4353 776 5668
11255 2 2 2 1 4309 1460 5030
11256 2 2 2 1 4591 1732 4829
11257 2 2 2 1 4564 2404 5171
11258 2 2 2 1 2392 4242 5134
11259 2 2 2 1 2377 4353 5668
11260 2 2 2 1 424 4564 5171
11261 2 2 2 1 5283 1935 5475
11262 2 2 2 1 1342 3846 5569
11263 2 2 2 1 4219 712 5110
11264 2 2 2 1 4308 904 5528
11265 2 2 2 1 4368 2018 5008
11266 2 2 2 1 5440 1759 5526
11267 2 2 2 1 4055 1266 5283
11268 2 2 2 1 1477 4577 4865
11269 2 2 2 1 4106 674 5230
11270 2 2 2 1 3925 2401 5531
11271 2 2 2 1 4312 935 5088
11272 2 2 2 1 1879 4923 5410
11273 2 2 2 1 4923 2035 5410
11274 2 2 2 1 1709 4312 5088
11275 2 2 2 1 4212 440 5138
11276 2 2 2 1 3797 422 5758
11277 2 2 2 1 4412 1974 5848
11278 2 2 2 1 4061 1563 5281
11279 2 2 2 1 595 4412 5848
11280 2 2 2 1 4330 1261 5318
11281 2 2 2 1 2817 4330 5318
11282 2 2 2 1 4294 725 5555
11283 2 2 2 1 1840 4294 5555
11284 2 2 2 1 738 4080 5272
11285 2 2 2 1 4822 1786 4824
11286 2 2 2 1 1746 4822 4824
11287 2 2 2 1 4421 1456 5818
11288 2 2 2 1 3815 2331 5730
11289 2 2 2 1 5084 2046 5664
11290 2 2 2 1 5117 471 5289
11291 2 2 2 1 4242 1268 5134
11292 2 2 2 1 4132 1586 5229
11293 2 2 2 1 4231 2149 5144
11294 2 2 2 1 4178 1504 5183
11295 2 2 2 1 2060 5117 5289
11296 2 2 2 1 5005 1936 5467
11297 2 2 2 1 890 3848 5654
11298 2 2 2 1 4201 466 5409
11299 2 2 2 1 2240 4373 5201
11300 2 2 2 1 1665 4382 5769
11301 2 2 2 1 416 4093 5294
11302 2 2 2 1 2024 3786 5858
11303 2 2 2 1 3982 660 5427
11304 2 2 2 1 3844 5 5689
11305 2 2 2 1 1027 5177 5181
11306 2 2 2 1 5499 484 5692
11307 2 2 2 1 5177 2033 5181
11308 2 2 2 1 4071 1243 5876
11309 2 2 2 1 1218 3798 5870
11310 2 2 2 1 412 4005 5417
11311 2 2 2 1 1657 3867 5671
11312 2 2 2 1 1841 4071 5876
11313 2 2 2 1 1822 4543 4945
11314 2 2 2 1 206 3852 5694
11315 2 2 2 1 563 4957 5755
11316 2 2 2 1 1392 4638 5853
11317 2 2 2 1 1771 4310 5857
11318 2 2 2 1 399 3943 5526
11319 2 2 2 1 4256 397 5184
11320 2 2 2 1 808 4509 5421
11321 2 2 2 1 4509 1871 5421
11322 2 2 2 1 4620 1552 4921
11323 2 2 2 1 342 3949 5541
11324 2 2 2 1 2310 4952 5376
11325 2 2 2 1 1272 3858 5763
11326 2 2 2 1 3880 430 5709
11327 2 2 2 1 1259 3822 5878
11328 2 2 2 1 4272 2426 5654
11329 2 2 2 1 4045 2291 5541
11330 2 2 2 1 4235 1687 5507
11331 2 2 2 1 5363 2353 5795
11332 2 2 2 1 858 5363 5795
11333 2 2 2 1 385 4563 4972
11334 2 2 2 1 570 4528 5268
11335 2 2 2 1 2062 3938 5586
11336 2 2 2 1 4528 1978 5268
11337 2 2 2 1 2636 3988 5528
11338 2 2 2 1 5515 2343 5669
11339 2 2 2 1 4489 1845 5388
11340 2 2 2 1 2036 4367 5184
11341 2 2 2 1 138 5515 5669
11342 2 2 2 1 4481 1876 5493
11343 2 2 2 1 452 4481 5493
11344 2 2 2 1 430 3880 5779
11345 2 2 2 1 733 4489 5388
11346 2 2 2 1 1767 3986 5538
11347 2 2 2 1 1342 4576 5470
11348 2 2 2 1 3968 1205 5640
11349 2 2 2 1 688 4654 5137
11350 2 2 2 1 1825 4224 5660
11351 2 2 2 1 4576 2487 5470
11352 2 2 2 1 4224 873 5660
11353 2 2 2 1 4764 1988 5846
11354 2 2 2 1 1974 4412 5132
11355 2 2 2 1 4617 601 5820
11356 2 2 2 1 2133 4926 5508
11357 2 2 2 1 4926 1510 5508
11358 2 2 2 1 3983 1819 5591
11359 2 2 2 1 3926 672 5697
11360 2 2 2 1 4497 2007 5222
11361 2 2 2 1 363 3878 5856
11362 2 2 2 1 4967 920 5188
11363 2 2 2 1 1972 4967 5188
11364 2 2 2 1 3901 1979 5804
11365 2 2 2 1 691 4049 5518
11366 2 2 2 1 3936 365 5693
11367 2 2 2 1 2286 4146 5381
11368 2 2 2 1 4845 2117 5545
11369 2 2 2 1 4015 815 5566
11370 2 2 2 1 2195 4365 5350
11371 2 2 2 1 5009 2684 5680
11372 2 2 2 1 765 4845 5545
11373 2 2 2 1 1830 3990 5642
11374 2 2 2 1 1720 4409 5176
11375 2 2 2 1 1542 4105 5469
11376 2 2 2 1 2829 5336 5826
11377 2 2 2 1 2140 5663 5666
11378 2 2 2 1 4688 650 5288
11379 2 2 2 1 2156 4688 5288
11380 2 2 2 1 4200 929 5543
11381 2 2 2 1 1952 4996 5816
11382 2 2 2 1 1228 4010 5618
11383 2 2 2 1 1723 4249 5362
11384 2 2 2 1 1218 3927 5785
11385 2 2 2 1 1939 4739 5651
11386 2 2 2 1 1726 5449 5618
11387 2 2 2 1 1828 4701 5253
11388 2 2 2 1 2061 4139 5447
11389 2 2 2 1 4113 1238 5487
11390 2 2 2 1 4739 1636 5599
11391 2 2 2 1 4270 1422 5320
11392 2 2 2 1 4057 1028 5571
11393 2 2 2 1 2220 4560 5667
11394 2 2 2 1 2424 5126 5127
11395 2 2 2 1 520 4050 5713
11396 2 2 2 1 5126 1579 5127
11397 2 2 2 1 5094 2113 5768
11398 2 2 2 1 1649 4175 5418
11399 2 2 2 1 4249 273 5362
11400 2 2 2 1 3927 1916 5842
11401 2 2 2 1 1725 5103 5755
11402 2 2 2 1 1954 4779 5017
11403 2 2 2 1 4498 1730 5398
11404 2 2 2 1 5133 2400 5414
11405 2 2 2 1 1677 4201 5409
11406 2 2 2 1 4292 1633 5332
11407 2 2 2 1 961 4062 5881
11408 2 2 2 1 4027 1597 5670
11409 2 2 2 1 2759 4612 5453
11410 2 2 2 1 4379 727 5802
11411 2 2 2 1 4612 773 5453
11412 2 2 2 1 561 4090 5595
11413 2 2 2 1 1747 4779 5458
11414 2 2 2 1 1036 3975 5805
11415 2 2 2 1 4243 726 5405
11416 2 2 2 1 4305 1634 5349
11417 2 2 2 1 2276 4103 5582
11418 2 2 2 1 1636 4854 5599
11419 2 2 2 1 4569 1804 5286
11420 2 2 2 1 783 4569 5286
11421 2 2 2 1 1641 4649 5079
11422 2 2 2 1 445 4739 5599
11423 2 2 2 1 3976 595 5848
11424 2 2 2 1 1914 5637 5790
11425 2 2 2 1 5505 884 5849
11426 2 2 2 1 5230 674 5538
11427 2 2 2 1 947 4558 5403
11428 2 2 2 1 1852 4236 5578
11429 2 2 2 1 1568 3976 5853
11430 2 2 2 1 4236 34 5578
11431 2 2 2 1 5054 2066 5752
11432 2 2 2 1 4667 1471 5681
11433 2 2 2 1 4580 1543 5159
11434 2 2 2 1 4056 775 5714
11435 2 2 2 1 3986 1011 5862
11436 2 2 2 1 2036 5184 5398
11437 2 2 2 1 1319 4439 5537
11438 2 2 2 1 1633 4292 5416
11439 2 2 2 1 4443 1563 5274
11440 2 2 2 1 1727 5334 5335
11441 2 2 2 1 1736 4390 5437
11442 2 2 2 1 5334 2138 5335
11443 2 2 2 1 2351 4707 5615
11444 2 2 2 1 4970 2990 5254
11445 2 2 2 1 4851 593 5704
11446 2 2 2 1 1855 5012 5160
11447 2 2 2 1 4971 1060 5105
11448 2 2 2 1 5012 1902 5160
11449 2 2 2 1 810 4197 5524
11450 2 2 2 1 2480 4666 5701
11451 2 2 2 1 437 4109 5675
11452 2 2 2 1 4654 1735 5137
11453 2 2 2 1 2169 4599 5219
11454 2 2 2 1 4082 1442 5798
11455 2 2 2 1 435 4152 5603
11456 2 2 2 1 4831 1735 5480
11457 2 2 2 1 1424 4235 5507
11458 2 2 2 1 1711 4200 5543
11459 2 2 2 1 4708 995 5324
11460 2 2 2 1 1743 4376 5365
11461 2 2 2 1 5054 1971 5563
11462 2 2 2 1 2078 4969 5192
11463 2 2 2 1 4022 2080 5854
11464 2 2 2 1 2066 5054 5563
11465 2 2 2 1 4969 953 5192
11466 2 2 2 1 5184 397 5398
11467 2 2 2 1 4591 1733 5843
11468 2 2 2 1 5122 2409 5378
11469 2 2 2 1 450 4038 5847
11470 2 2 2 1 4274 1833 5832
11471 2 2 2 1 4070 1829 5802
11472 2 2 2 1 4377 2875 5382
11473 2 2 2 1 4065 707 5813
11474 2 2 2 1 806 4274 5832
11475 2 2 2 1 2274 4042 5867
11476 2 2 2 1 4621 1505 5551
11477 2 2 2 1 5094 2004 5707
11478 2 2 2 1 4998 2162 5774
11479 2 2 2 1 4346 1628 5674
11480 2 2 2 1 2505 4220 5579
11481 2 2 2 1 2113 5094 5707
11482 2 2 2 1 1404 4541 5761
11483 2 2 2 1 4672 2611 5179
11484 2 2 2 1 2895 4095 5798
11485 2 2 2 1 791 4595 5476
11486 2 2 2 1 4110 1668 5801
11487 2 2 2 1 4541 1926 5761
11488 2 2 2 1 4357 402 5503
11489 2 2 2 1 1863 4195 5819
11490 2 2 2 1 3196 5672 5841
11491 2 2 2 1 1972 5188 5220
11492 2 2 2 1 2128 5051 5847
11493 2 2 2 1 4566 1739 5774
11494 2 2 2 1 5672 1693 5841
11495 2 2 2 1 4195 1299 5819
11496 2 2 2 1 5188 1798 5220
11497 2 2 2 1 1793 4637 5845
11498 2 2 2 1 5051 450 5847
11499 2 2 2 1 4574 1624 5256
11500 2 2 2 1 4062 1722 5881
11501 2 2 2 1 4120 431 5786
11502 2 2 2 1 1978 4619 5864
11503 2 2 2 1 4619 823 5864
11504 2 2 2 1 4390 1347 5437
11505 2 2 2 1 4149 1866 5734
11506 2 2 2 1 4358 711 5483
11507 2 2 2 1 2995 4547 5711
11508 2 2 2 1 2112 5346 5347
11509 2 2 2 1 5346 1750 5347
11510 2 2 2 1 4547 1297 5711
11511 2 2 2 1 1353 4338 5519
11512 2 2 2 1 1545 4452 5392
11513 2 2 2 1 4222 1714 5652
11514 2 2 2 1 1069 5719 5808
11515 2 2 2 1 757 4814 5193
11516 2 2 2 1 4628 2206 5571
11517 2 2 2 1 1028 4628 5571
11518 2 2 2 1 4556 1773 5309
11519 2 2 2 1 5719 2394 5808
11520 2 2 2 1 5191 1939 5651
11521 2 2 2 1 5028 2043 5332
11522 2 2 2 1 4814 1818 5193
11523 2 2 2 1 1633 5028 5332
11524 2 2 2 1 1752 4357 5503
11525 2 2 2 1 4373 1566 5491
11526 2 2 2 1 436 4630 5793
11527 2 2 2 1 4155 2092 5799
11528 2 2 2 1 1618 4641 5271
11529 2 2 2 1 4804 1619 5862
11530 2 2 2 1 397 4498 5398
11531 2 2 2 1 816 4921 5877
11532 2 2 2 1 5073 1720 5176
11533 2 2 2 1 1998 5073 5176
11534 2 2 2 1 2245 4971 5105
11535 2 2 2 1 2187 4729 5266
11536 2 2 2 1 5236 2077 5600
11537 2 2 2 1 485 4773 5772
11538 2 2 2 1 4773 1987 5772
11539 2 2 2 1 1285 4194 5794
11540 2 2 2 1 4725 1802 5288
11541 2 2 2 1 4830 1791 5209
11542 2 2 2 1 4929 533 5248
11543 2 2 2 1 1904 4929 5248
11544 2 2 2 1 4729 732 5266
11545 2 2 2 1 4608 628 5352
11546 2 2 2 1 4972 1653 5828
11547 2 2 2 1 4558 1740 5403
11548 2 2 2 1 4526 2805 5445
11549 2 2 2 1 1819 4491 5591
11550 2 2 2 1 4491 759 5591
11551 2 2 2 1 4439 2587 5537
11552 2 2 2 1 650 4725 5288
11553 2 2 2 1 4375 1939 5740
11554 2 2 2 1 774 5096 5677
11555 2 2 2 1 1768 4363 5837
11556 2 2 2 1 4896 854 5327
11557 2 2 2 1 5092 2182 5108
11558 2 2 2 1 1876 4896 5327
11559 2 2 2 1 1531 4335 5696
11560 2 2 2 1 4730 1404 5761
11561 2 2 2 1 1671 5092 5108
11562 2 2 2 1 5663 1916 5666
11563 2 2 2 1 2110 4734 5482
11564 2 2 2 1 2114 4708 5324
11565 2 2 2 1 4287 630 5790
11566 2 2 2 1 4404 1768 5837
11567 2 2 2 1 1773 4556 5760
11568 2 2 2 1 4888 2082 5244
11569 2 2 2 1 1517 4848 5511
11570 2 2 2 1 4602 1661 5463
11571 2 2 2 1 1962 5235 5604
11572 2 2 2 1 5235 2087 5604
11573 2 2 2 1 479 5102 5492
11574 2 2 2 1 5102 2005 5492
11575 2 2 2 1 4556 1774 5817
11576 2 2 2 1 1699 4493 5830
11577 2 2 2 1 4555 1702 5585
11578 2 2 2 1 764 4344 5744
11579 2 2 2 1 2663 4709 5717
11580 2 2 2 1 4709 1351 5717
11581 2 2 2 1 5653 816 5877
11582 2 2 2 1 4574 842 5482
11583 2 2 2 1 4483 346 5868
11584 2 2 2 1 1886 4483 5868
11585 2 2 2 1 4329 1547 5814
11586 2 2 2 1 1817 5368 5373
11587 2 2 2 1 1816 5089 5810
11588 2 2 2 1 4808 704 5756
11589 2 2 2 1 5368 2052 5373
11590 2 2 2 1 931 4625 5479
11591 2 2 2 1 1785 4606 5647
11592 2 2 2 1 4382 750 5769
11593 2 2 2 1 1888 5502 5757
11594 2 2 2 1 5502 2218 5757
11595 2 2 2 1 621 4970 5254
11596 2 2 2 1 4908 1660 5311
11597 2 2 2 1 4694 1800 5788
11598 2 2 2 1 4478 1744 5655
11599 2 2 2 1 4363 1768 5821
11600 2 2 2 1 1558 5174 5240
11601 2 2 2 1 1739 4998 5774
11602 2 2 2 1 5795 2353 5812
11603 2 2 2 1 1810 5795 5812
11604 2 2 2 1 5497 1792 5504
11605 2 2 2 1 2173 5497 5504
11606 2 2 2 1 2063 5185 5661
11607 2 2 2 1 5185 803 5661
11608 2 2 2 1 4363 877 5837
11609 2 2 2 1 109 4662 5485
11610 2 2 2 1 5399 1978 5864
11611 2 2 2 1 2211 5399 5864
11612 2 2 2 1 1705 4917 5323
11613 2 2 2 1 5814 2024 5858
11614 2 2 2 1 1595 5009 5680
11615 2 2 2 1 776 4538 5635
11616 2 2 2 1 4606 465 5647
11617 2 2 2 1 1605 4593 5576
11618 2 2 2 1 4748 1891 5648
11619 2 2 2 1 875 4748 5648
11620 2 2 2 1 4638 3006 5853
11621 2 2 2 1 4915 886 5789
11622 2 2 2 1 4496 2510 5713
11623 2 2 2 1 2459 4915 5789
11624 2 2 2 1 5174 2861 5240
11625 2 2 2 1 549 4469 5754
11626 2 2 2 1 4779 796 5458
11627 2 2 2 1 5546 2216 5767
11628 2 2 2 1 1896 5546 5767
11629 2 2 2 1 1879 5710 5750
11630 2 2 2 1 2140 5239 5663
11631 2 2 2 1 4995 2348 5330
11632 2 2 2 1 5327 854 5604
11633 2 2 2 1 3034 4804 5862
11634 2 2 2 1 2087 5327 5604
11635 2 2 2 1 2050 5191 5651
11636 2 2 2 1 5572 2388 5602
11637 2 2 2 1 1591 5572 5602
11638 2 2 2 1 4952 654 5376
11639 2 2 2 1 4783 2180 5731
11640 2 2 2 1 5304 2090 5473
11641 2 2 2 1 1657 5022 5715
11642 2 2 2 1 5275 2053 5475
11643 2 2 2 1 724 5275 5475
11644 2 2 2 1 4907 742 5463
11645 2 2 2 1 4556 820 5760
11646 2 2 2 1 4615 1786 5838
11647 2 2 2 1 4766 805 5586
11648 2 2 2 1 4476 1990 5877
11649 2 2 2 1 2728 4535 5879
11650 2 2 2 1 5096 3017 5677
11651 2 2 2 1 5661 803 5725
11652 2 2 2 1 2222 5661 5725
11653 2 2 2 1 4707 1035 5615
11654 2 2 2 1 481 4566 5774
11655 2 2 2 1 5334 695 5843
11656 2 2 2 1 2138 5334 5843
11657 2 2 2 1 859 5124 5740
11658 2 2 2 1 5109 571 5612
11659 2 2 2 1 1983 5109 5612
11660 2 2 2 1 5327 2087 5493
11661 2 2 2 1 4954 685 5850
11662 2 2 2 1 2234 4667 5681
11663 2 2 2 1 820 4556 5817
11664 2 2 2 1 5646 554 5757
11665 2 2 2 1 2218 5646 5757
11666 2 2 2 1 5710 2210 5750
11667 2 2 2 1 1669 4625 5733
11668 2 2 2 1 1694 4942 5765
11669 2 2 2 1 4739 445 5651
11670 2 2 2 1 4535 2074 5879
11671 2 2 2 1 593 4678 5704
11672 2 2 2 1 5077 2428 5592
11673 2 2 2 1 2129 5066 5491
11674 2 2 2 1 1678 5122 5378
11675 2 2 2 1 1857 5005 5467
11676 2 2 2 1 5384 2255 5562
11677 2 2 2 1 4854 2047 5599
11678 2 2 2 1 695 4591 5843
11679 2 2 2 1 1912 4922 5633
11680 2 2 2 1 4922 767 5633
11681 2 2 2 1 5440 2568 5699
11682 2 2 2 1 5726 1875 5776
11683 2 2 2 1 4853 2750 5621
11684 2 2 2 1 2235 5726 5776
11685 2 2 2 1 1677 5133 5414
11686 2 2 2 1 494 4694 5788
11687 2 2 2 1 1895 5111 5632
11688 2 2 2 1 2088 5492 5561
11689 2 2 2 1 5492 2005 5561
11690 2 2 2 1 4923 1879 5750
11691 2 2 2 1 2131 4783 5731
11692 2 2 2 1 5391 3080 5521
11693 2 2 2 1 1599 5391 5521
11694 2 2 2 1 2021 5326 5580
11695 2 2 2 1 5326 20 5580
11696 2 2 2 1 5555 2200 5556
11697 2 2 2 1 1840 5555 5556
11698 2 2 2 1 1795 4808 5756
11699 2 2 2 1 380 4982 5875
11700 2 2 2 1 1881 5735 5737
11701 2 2 2 1 5735 2225 5737
11702 2 2 2 1 5690 2183 5714
11703 2 2 2 1 775 5690 5714
11704 2 2 2 1 5456 691 5518
11705 2 2 2 1 2038 5456 5518
11706 2 2 2 1 5000 1912 5633
11707 2 2 2 1 5657 1825 5660
11708 2 2 2 1 2304 5657 5660
11709 2 2 2 1 5665 2088 5686
11710 2 2 2 1 1975 5397 5419
11711 2 2 2 1 5397 1982 5419
11712 2 2 2 1 884 5505 5748
11713 2 2 2 1 1859 5304 5473
11714 2 2 2 1 5505 2119 5748
11715 2 2 2 1 845 4923 5750
11716 2 2 2 1 5242 1699 5720
11717 2 2 2 1 5111 861 5632
11718 2 2 2 1 4957 1725 5755
11719 2 2 2 1 1665 5147 5608
11720 2 2 2 1 1850 5084 5664
11721 2 2 2 1 1876 5327 5493
11722 2 2 2 1 5022 2110 5715
11723 2 2 2 1 2004 5249 5707
11724 2 2 2 1 1939 5191 5740
11725 2 2 2 1 5249 757 5707
11726 2 2 2 1 1842 4972 5828
11727 2 2 2 1 1865 5236 5600
11728 2 2 2 1 1849 4954 5850
11729 2 2 2 1 4965 1832 5852
11730 2 2 2 1 1146 5557 5610
11731 2 2 2 1 5557 2465 5610
11732 2 2 2 1 2010 5665 5686
11733 2 2 2 1 3069 5170 5834
11734 2 2 2 1 5622 2561 5825
11735 2 2 2 1 5239 1172 5663
11736 2 2 2 1 2273 5614 5844
11737 2 2 2 1 465 5400 5647
11738 2 2 2 1 1648 5140 5743
11739 2 2 2 1 1803 5384 5562
11740 2 2 2 1 5089 94 5810
11741 2 2 2 1 5191 859 5740
11742 2 2 2 1 1891 5646 5648
11743 2 2 2 1 5646 2218 5648
11744 2 2 2 1 2088 5561 5686
11745 2 2 2 1 1908 5123 5849
11746 2 2 2 1 5400 2379 5647
11747 2 2 2 1 2174 5567 5850
11748 2 2 2 1 5567 1849 5850
11749 2 2 2 1 5170 1803 5834
11750 2 2 2 1 2193 5649 5815
11751 2 2 2 1 1763 5208 5836
11752 2 2 2 1 1990 5653 5877
11753 2 2 2 1 1759 5440 5699
11754 2 2 2 1 5336 1709 5826
11755 2 2 2 1 5561 837 5686
11756 2 2 2 1 5665 884 5748
11757 2 2 2 1 2088 5665 5748
11758 2 2 2 1 2862 5855 5857
11759 2 2 2 1 5855 1771 5857
11760 2 2 2 1 1809 5622 5825
11761 2 2 2 1 5649 1967 5815
11762 2 2 2 1 5614 1924 5844
$EndElements
