$MeshFormat
2.2 0 8
$EndMeshFormat
$Nodes
5942
1 -1 -1 0
2 1 -1 0
3 1 1 0
4 -1 1 0
5 -0.3486875551943421 0.3980612120642131 0
6 -0.05356465817872652 0.3980612120642131 0
7 -0.6859287229992351 -0.08113336209961908 0
8 -0.3641413600483073 -0.08113336209961908 0
9 -0.9701492537314261 -1 0
10 -0.9402985074628523 -1 0
11 -0.9104477611942784 -1 0
12 -0.8805970149257045 -1 0
13 -0.8507462686571307 -1 0
14 -0.8208955223885568 -1 0
15 -0.791044776119983 -1 0
16 -0.7611940298514092 -1 0
17 -0.7313432835828353 -1 0
18 -0.7014925373142613 -1 0
19 -0.6716417910456876 -1 0
20 -0.6417910447771137 -1 0
21 -0.6119402985085398 -1 0
22 -0.5820895522399659 -1 0
23 -0.5522388059713921 -1 0
24 -0.5223880597028182 -1 0
25 -0.4925373134342443 -1 0
26 -0.4626865671656705 -1 0
27 -0.4328358208970966 -1 0
28 -0.4029850746285227 -1 0
29 -0.373134328359949 -1 0
30 -0.3432835820913751 -1 0
31 -0.3134328358228012 -1 0
32 -0.2835820895542274 -1 0
33 -0.2537313432856535 -1 0
34 -0.2238805970170796 -1 0
35 -0.1940298507485058 -1 0
36 -0.1641791044799319 -1 0
37 -0.134328358211358 -1 0
38 -0.1044776119427843 -1 0
39 -0.0746268656742104 -1 0
40 -0.04477611940563653 -1 0
41 -0.01492537313706166 -1 0
42 0.01492537313159503 -1 0
43 0.04477611940033377 -1 0
44 0.07462686566907339 -1 0
45 0.104477611937813 -1 0
46 0.1343283582065526 -1 0
47 0.1641791044752923 -1 0
48 0.1940298507440319 -1 0
49 0.2238805970127715 -1 0
50 0.2537313432815109 -1 0
51 0.2835820895502505 -1 0
52 0.3134328358189902 -1 0
53 0.3432835820877298 -1 0
54 0.3731343283564694 -1 0
55 0.402985074625209 -1 0
56 0.4328358208939487 -1 0
57 0.4626865671626883 -1 0
58 0.4925373134314279 -1 0
59 0.5223880597001673 -1 0
60 0.552238805968907 -1 0
61 0.5820895522376466 -1 0
62 0.6119402985063862 -1 0
63 0.6417910447751258 -1 0
64 0.6716417910438655 -1 0
65 0.7014925373126051 -1 0
66 0.7313432835813447 -1 0
67 0.7611940298500843 -1 0
68 0.7910447761188237 -1 0
69 0.8208955223875634 -1 0
70 0.850746268656303 -1 0
71 0.8805970149250426 -1 0
72 0.9104477611937822 -1 0
73 0.9402985074625216 -1 0
74 0.9701492537312606 -1 0
75 1 -0.9701492537314261 0
76 1 -0.9402985074628523 0
77 1 -0.9104477611942784 0
78 1 -0.8805970149257045 0
79 1 -0.8507462686571307 0
80 1 -0.8208955223885568 0
81 1 -0.791044776119983 0
82 1 -0.7611940298514092 0
83 1 -0.7313432835828353 0
84 1 -0.7014925373142613 0
85 1 -0.6716417910456876 0
86 1 -0.6417910447771137 0
87 1 -0.6119402985085398 0
88 1 -0.5820895522399659 0
89 1 -0.5522388059713921 0
90 1 -0.5223880597028182 0
91 1 -0.4925373134342443 0
92 1 -0.4626865671656705 0
93 1 -0.4328358208970966 0
94 1 -0.4029850746285227 0
95 1 -0.373134328359949 0
96 1 -0.3432835820913751 0
97 1 -0.3134328358228012 0
98 1 -0.2835820895542274 0
99 1 -0.2537313432856535 0
100 1 -0.2238805970170796 0
101 1 -0.1940298507485058 0
102 1 -0.1641791044799319 0
103 1 -0.134328358211358 0
104 1 -0.1044776119427843 0
105 1 -0.0746268656742104 0
106 1 -0.04477611940563653 0
107 1 -0.01492537313706166 0
108 1 0.01492537313159503 0
109 1 0.04477611940033377 0
110 1 0.07462686566907339 0
111 1 0.104477611937813 0
112 1 0.1343283582065526 0
113 1 0.1641791044752923 0
114 1 0.1940298507440319 0
115 1 0.2238805970127715 0
116 1 0.2537313432815109 0
117 1 0.2835820895502505 0
118 1 0.3134328358189902 0
119 1 0.3432835820877298 0
120 1 0.3731343283564694 0
121 1 0.402985074625209 0
122 1 0.4328358208939487 0
123 1 0.4626865671626883 0
124 1 0.4925373134314279 0
125 1 0.5223880597001673 0
126 1 0.552238805968907 0
127 1 0.5820895522376466 0
128 1 0.6119402985063862 0
129 1 0.6417910447751258 0
130 1 0.6716417910438655 0
131 1 0.7014925373126051 0
132 1 0.7313432835813447 0
133 1 0.7611940298500843 0
134 1 0.7910447761188237 0
135 1 0.8208955223875634 0
136 1 0.850746268656303 0
137 1 0.8805970149250426 0
138 1 0.9104477611937822 0
139 1 0.9402985074625216 0
140 1 0.9701492537312606 0
141 0.9701492537314261 1 0
142 0.9402985074628523 1 0
143 0.9104477611942784 1 0
144 0.8805970149257045 1 0
145 0.8507462686571307 1 0
146 0.8208955223885568 1 0
147 0.791044776119983 1 0
148 0.7611940298514092 1 0
149 0.7313432835828353 1 0
150 0.7014925373142613 1 0
151 0.6716417910456876 1 0
152 0.6417910447771137 1 0
153 0.6119402985085398 1 0
154 0.5820895522399659 1 0
155 0.5522388059713921 1 0
156 0.5223880597028182 1 0
157 0.4925373134342443 1 0
158 0.4626865671656705 1 0
159 0.4328358208970966 1 0
160 0.4029850746285227 1 0
161 0.373134328359949 1 0
162 0.3432835820913751 1 0
163 0.3134328358228012 1 0
164 0.2835820895542274 1 0
165 0.2537313432856535 1 0
166 0.2238805970170796 1 0
167 0.1940298507485058 1 0
168 0.1641791044799319 1 0
169 0.134328358211358 1 0
170 0.1044776119427843 1 0
171 0.0746268656742104 1 0
172 0.04477611940563653 1 0
173 0.01492537313706166 1 0
174 -0.01492537313159503 1 0
175 -0.04477611940033377 1 0
176 -0.07462686566907339 1 0
177 -0.104477611937813 1 0
178 -0.1343283582065526 1 0
179 -0.1641791044752923 1 0
180 -0.1940298507440319 1 0
181 -0.2238805970127715 1 0
182 -0.2537313432815109 1 0
183 -0.2835820895502505 1 0
184 -0.3134328358189902 1 0
185 -0.3432835820877298 1 0
186 -0.3731343283564694 1 0
187 -0.402985074625209 1 0
188 -0.4328358208939487 1 0
189 -0.4626865671626883 1 0
190 -0.4925373134314279 1 0
191 -0.5223880597001673 1 0
192 -0.552238805968907 1 0
193 -0.5820895522376466 1 0
194 -0.6119402985063862 1 0
195 -0.6417910447751258 1 0
196 -0.6716417910438655 1 0
197 -0.7014925373126051 1 0
198 -0.7313432835813447 1 0
199 -0.7611940298500843 1 0
200 -0.7910447761188237 1 0
201 -0.8208955223875634 1 0
202 -0.850746268656303 1 0
203 -0.8805970149250426 1 0
204 -0.9104477611937822 1 0
205 -0.9402985074625216 1 0
206 -0.9701492537312606 1 0
207 -1 0.9701492537314261 0
208 -1 0.9402985074628523 0
209 -1 0.9104477611942784 0
210 -1 0.8805970149257045 0
211 -1 0.8507462686571307 0
212 -1 0.8208955223885568 0
213 -1 0.791044776119983 0
214 -1 0.7611940298514092 0
215 -1 0.7313432835828353 0
216 -1 0.7014925373142613 0
217 -1 0.6716417910456876 0
218 -1 0.6417910447771137 0
219 -1 0.6119402985085398 0
220 -1 0.5820895522399659 0
221 -1 0.5522388059713921 0
222 -1 0.5223880597028182 0
223 -1 0.4925373134342443 0
224 -1 0.4626865671656705 0
225 -1 0.4328358208970966 0
226 -1 0.4029850746285227 0
227 -1 0.373134328359949 0
228 -1 0.3432835820913751 0
229 -1 0.3134328358228012 0
230 -1 0.2835820895542274 0
231 -1 0.2537313432856535 0
232 -1 0.2238805970170796 0
233 -1 0.1940298507485058 0
234 -1 0.1641791044799319 0
235 -1 0.134328358211358 0
236 -1 0.1044776119427843 0
237 -1 0.0746268656742104 0
238 -1 0.04477611940563653 0
239 -1 0.01492537313706166 0
240 -1 -0.01492537313159503 0
241 -1 -0.04477611940033377 0
242 -1 -0.07462686566907339 0
243 -1 -0.104477611937813 0
244 -1 -0.1343283582065526 0
245 -1 -0.1641791044752923 0
246 -1 -0.1940298507440319 0
247 -1 -0.2238805970127715 0
248 -1 -0.2537313432815109 0
249 -1 -0.2835820895502505 0
250 -1 -0.3134328358189902 0
251 -1 -0.3432835820877298 0
252 -1 -0.3731343283564694 0
253 -1 -0.402985074625209 0
254 -1 -0.4328358208939487 0
255 -1 -0.4626865671626883 0
256 -1 -0.4925373134314279 0
257 -1 -0.5223880597001673 0
258 -1 -0.552238805968907 0
259 -1 -0.5820895522376466 0
260 -1 -0.6119402985063862 0
261 -1 -0.6417910447751258 0
262 -1 -0.6716417910438655 0
263 -1 -0.7014925373126051 0
264 -1 -0.7313432835813447 0
265 -1 -0.7611940298500843 0
266 -1 -0.7910447761188237 0
267 -1 -0.8208955223875634 0
268 -1 -0.850746268656303 0
269 -1 -0.8805970149250426 0
270 -1 -0.9104477611937822 0
271 -1 -0.9402985074625216 0
272 -1 -0.9701492537312606 0
273 -0.3458522033290579 0.369273401512847 0
274 -0.3374551087024263 0.3415918903481405 0
275 -0.3238189669361247 0.3160804635344704 0
276 -0.3054678073558237 0.2937195109703415 0
277 -0.2831068547176154 0.2753683514814277 0
278 -0.2575954278304139 0.261732209811311 0
279 -0.2299139166252488 0.2533351152998256 0
280 -0.2011261060188479 0.2504997635564053 0
281 -0.1723382955964762 0.253335115528842 0
282 -0.1446567846178895 0.2617322101943612 0
283 -0.1191453579897379 0.2753683519262445 0
284 -0.09678440555601549 0.293719511431571 0
285 -0.07843324616510562 0.3160804639413052 0
286 -0.06479710456026469 0.3415918906146155 0
287 -0.05640001002102238 0.3692734016284174 0
288 -0.05640001004529074 0.4268490226220141 0
289 -0.06479710467434877 0.454530533789234 0
290 -0.07843324643928605 0.4800419605974609 0
291 -0.09678440601716884 0.5024029131580084 0
292 -0.1191453586472282 0.5207540726415026 0
293 -0.1446567855016991 0.5343902143001509 0
294 -0.1723382967193516 0.5427873088229379 0
295 -0.2011261073404965 0.5456226605720209 0
296 -0.2299139177781394 0.5427873085992764 0
297 -0.2575954287497171 0.5343902139363274 0
298 -0.2831068553755992 0.5207540722073477 0
299 -0.3054678078091992 0.5024029127047089 0
300 -0.3238189671975447 0.4800419602027129 0
301 -0.3374551088098447 0.4545305335209548 0
302 -0.3458522033513893 0.4268490225033111 0
303 -0.6831892023090155 -0.1106974985666823 0
304 -0.675063931330548 -0.1392548638186394 0
305 -0.6618296063929362 -0.1658329710773698 0
306 -0.6439369066077261 -0.1895267346750909 0
307 -0.6219951463917437 -0.2095292919522426 0
308 -0.5967515261120039 -0.2251594797902443 0
309 -0.5690656869439435 -0.2358850309197358 0
310 -0.5398804369369852 -0.2413406995525378 0
311 -0.5101896448933249 -0.2413406994397446 0
312 -0.4810043950283535 -0.2358850306138021 0
313 -0.4533185560441598 -0.2251594793463904 0
314 -0.4280749359878142 -0.2095292914478041 0
315 -0.4061331760091617 -0.1895267342026851 0
316 -0.3882404763863949 -0.1658329706441934 0
317 -0.375006151612338 -0.1392548635484898 0
318 -0.3668808807087762 -0.1106974984075296 0
319 -0.3668808807364271 -0.05156922564378927 0
320 -0.3750061517159964 -0.02301186038317519 0
321 -0.3882404766397791 0.003566246854184954 0
322 -0.4061331764295 0.0272600104645362 0
323 -0.4280749366428971 0.04726256774326157 0
324 -0.4533185569769734 0.06289275561163821 0
325 -0.4810043962272407 0.07361830675567679 0
326 -0.5101896462577911 0.07907397536694283 0
327 -0.5398804382966419 0.07907397522730886 0
328 -0.5690656880471415 0.07361830640661077 0
329 -0.5967515269947372 0.06289275515145715 0
330 -0.6219951470783971 0.04726256723446789 0
331 -0.6439369070538044 0.02726000998652819 0
332 -0.6618296066749196 0.003566246422712555 0
333 -0.6750639314451385 -0.02301186067639117 0
334 -0.6831892023396777 -0.05156922579658406 0
335 0.3070232824254868 -0.2733003621832381 0
336 0.4626410747903918 0.2441288890821574 0
337 -0.08284259936286728 -0.5285937382599235 0
338 0.5800024060384936 -0.5824678650769948 0
339 0.3053806049339212 0.6020212643719671 0
340 -0.6141554351308135 -0.6172926499500052 0
341 0.6274511999803756 -0.09239914020820528 0
342 0.001757178408886831 -0.07403750651606467 0
343 -0.6458843520128434 0.6354416080306831 0
344 0.6477525841125715 0.5370264774047515 0
345 0.2419901409130885 -0.6456255751840684 0
346 0.1720819121354947 0.1647087439212845 0
347 -0.7018030113175044 0.3441227094779796 0
348 -0.3263360454687654 -0.7003718265020493 0
349 0.05714467522745645 0.7288047440582542 0
350 0.7249718286871105 -0.3474821190519159 0
351 0.7274001026682604 0.1650959788781671 0
352 0.3748257537052659 -0.01315835680338612 0
353 -0.1544394901531477 -0.2819327432224041 0
354 -0.4119835047563749 0.7436484237637064 0
355 0.5072445883221097 0.7500499453665858 0
356 -0.3414826311221049 -0.4513055824601552 0
357 0.01854838209223778 -0.7542151363355405 0
358 -0.7553974753019783 -0.4148975484129619 0
359 0.7558557604344167 -0.755855760434387 0
360 0.07821641243352689 -0.3477588190866848 0
361 0.7575927320991697 0.7569340262112104 0
362 0.1829132339366007 0.4001837363254122 0
363 -0.1673204582790062 0.7745901201516419 0
364 0.4432263631783093 -0.7682235626381525 0
365 -0.7778772889811063 -0.7775329912610196 0
366 0.3843388946271591 -0.4811098029788247 0
367 0.7844666026341092 0.373877415367141 0
368 0.5228856114312567 -0.2766546305129299 0
369 0.4618691654217313 0.4525009650458228 0
370 -0.1738486825875546 0.04315331561514364 0
371 -0.78881816932934 0.7888181693293277 0
372 0.7921954418017934 -0.5415528127354392 0
373 -0.5091251207978063 -0.7910003881616514 0
374 -0.7947412933286979 0.1617904584009622 0
375 0.2473493909649443 0.7988081961585665 0
376 -0.542388006841769 0.4705431566697061 0
377 0.2039103201768949 -0.1062847532868374 0
378 -0.8031963655148674 0.517434459475862 0
379 -0.537078012113641 -0.4402410343490257 0
380 -0.5171734653352552 0.2717571483900468 0
381 0.8070774946388264 -0.1716339045929766 0
382 -0.1689435472828108 -0.8069679290801723 0
383 -0.008749348239976288 0.1262122753972187 0
384 -0.5860976148220843 0.8142114059968489 0
385 0.5606532327259797 0.0807846042077455 0
386 -0.8122218599482857 -0.5922408447869149 0
387 0.100856053074553 -0.5282285547921401 0
388 0.08750495998032283 0.5471428224222395 0
389 0.601659626997786 0.3591771223500727 0
390 0.820947682922647 0.01138717314356701 0
391 0.8238287080912391 0.594109321451313 0
392 -0.8222614467341647 -0.2474388330877561 0
393 0.1872144386311302 -0.8210588528413085 0
394 0.3008118574372881 0.2810155813905872 0
395 0.5998944024075755 -0.8293232696297173 0
396 -0.4461406138921227 -0.5765526761019349 0
397 0.2276451113375118 -0.4231890406000385 0
398 -0.2014997162949546 -0.1205905915284349 0
399 -0.8326432833889147 0.0032599692588515 0
400 -0.442167448103486 0.5868655560024457 0
401 0.5871466420907192 -0.4232012194786469 0
402 -0.2347290004031297 -0.5682207965471509 0
403 0.07750630984978293 0.285547523501161 0
404 0.6356323436101916 0.8426717275970184 0
405 0.4798580301120155 -0.1305445084230528 0
406 -0.2980198392957886 0.8488923867356062 0
407 0.3526673867770895 0.1377056357018417 0
408 0.1175855504864388 0.02632378335764839 0
409 -0.01248970898185077 -0.2255074378953191 0
410 -0.03504028358781737 0.8482998291083611 0
411 0.454616226107908 0.6064771735068072 0
412 0.3880558563086534 0.8485092532555445 0
413 -0.3651312532755325 -0.8473889868717963 0
414 -0.3019391957495528 -0.3062138461692626 0
415 -0.850785799031493 0.3038393560960177 0
416 -0.1989486412571059 -0.4259885929590403 0
417 -0.6492827359991972 0.2024992848584984 0
418 -0.8487165237643551 0.6554476465231973 0
419 0.390849504788892 -0.6271912815157196 0
420 -0.2739619192053951 0.6740648169336504 0
421 -0.07329832314270227 0.6566610991307489 0
422 0.8529990659867733 0.2434010703699291 0
423 -0.6460218999872462 -0.8423814628304243 0
424 -0.2962482633984954 0.1219334087945332 0
425 0.8529593852004838 -0.4177468070973412 0
426 -0.1117882599738521 -0.6787352275412899 0
427 0.3263716178398084 -0.8553564974023725 0
428 0.3126563939047336 0.4608936078676005 0
429 0.120338685688442 0.8592290602592376 0
430 0.6369587452280751 0.6839341309064688 0
431 0.8582510516896239 -0.85486896885231 0
432 0.864158904690865 0.8551656629279543 0
433 0.1666646005334384 -0.238379250274685 0
434 -0.06019722768148343 -0.3858985410173766 0
435 0.649040358736503 -0.2283519569872292 0
436 0.1751502337221159 0.6543530034626116 0
437 0.86145823857127 -0.666001731339292 0
438 0.5986029453448674 0.217881951647574 0
439 0.251580431047509 0.04493077818782462 0
440 -0.403147409383008 0.2041471461030712 0
441 0.685959193292749 0.03329023719059954 0
442 0.3789312201192004 0.7141955219265733 0
443 0.3264141087732295 -0.1388115789207093 0
444 -0.663188374940487 0.498353914693233 0
445 -0.4631637961761269 0.8618531679208541 0
446 -0.6397225826231479 -0.3511344412927481 0
447 0.4091239911654289 -0.3598096398690889 0
448 -0.0524179853118756 -0.8678199734219388 0
449 -0.8681746037785395 -0.1247218735320732 0
450 -0.8702111443279311 -0.86732996982627 0
451 -0.4394014243616669 -0.3562579247758099 0
452 0.6358774568820548 -0.7053369270865959 0
453 0.8670679806683906 -0.2862230631491408 0
454 0.1135364552173127 -0.6632897862962506 0
455 -0.5274897805408931 0.6829558855552218 0
456 -0.8711408223607595 -0.4748435443299141 0
457 0.8635647457901902 0.4665622561096139 0
458 -0.6589022835174474 -0.4955848644239298 0
459 0.8732445668702273 0.7055220060642849 0
460 -0.6959629153068698 0.8758920196829941 0
461 0.2082072492742463 0.525554435181824 0
462 0.7176123682652638 -0.8743742017868842 0
463 0.8738201752902832 0.1208059532035467 0
464 -0.8713789972873622 -0.6996030357865328 0
465 0.06697958259738424 0.4285232710005846 0
466 -0.8767588327464693 0.8766674368730383 0
467 0.07339121605192994 -0.8763252401851515 0
468 0.5103834896361076 0.8781524596315571 0
469 -0.661957982498938 -0.7305436116946237 0
470 0.4022719324705479 0.3453587354500703 0
471 0.6977429462564728 -0.4724043382228493 0
472 0.2759331841275458 -0.5339911929976231 0
473 0.7112029428717548 0.2863073084295893 0
474 -0.8788074371039505 -0.3535166929267679 0
475 -0.8796058341736062 0.4213642108450554 0
476 0.4917368010957696 -0.8790365851651388 0
477 0.0009352182082650111 -0.6163759510175822 0
478 0.09183178018504382 -0.15071544398204 0
479 -0.1258692181236361 0.1455100841939695 0
480 0.328293515488665 -0.7353118517480296 0
481 -0.4631055274301465 0.3735770962740297 0
482 0.7406025502255564 0.882585988549644 0
483 0.7519479842555157 0.4818426252546784 0
484 0.4151902557869662 -0.2245667173647291 0
485 -0.2578160690747562 -0.8823190953278053 0
486 -0.6798457276239754 0.7470241070500148 0
487 0.4888391376078945 -0.01702646878390712 0
488 0.5012943156785366 -0.6649964021538086 0
489 -0.1878234939059649 0.8840861750843269 0
490 -0.06156265420774511 0.02387001366842767 0
491 0.4990444642022573 -0.5027492597467565 0
492 -0.5180621457284907 -0.6782631507942426 0
493 0.8832288807333533 -0.08303363024830411 0
494 -0.5893922254278948 0.3594589993374273 0
495 -0.0896420923235554 -0.1420295308584059 0
496 -0.2156098282305027 -0.7034499706303523 0
497 0.7445601070244209 -0.07459850881977062 0
498 0.5723363520430237 0.4599354444562627 0
499 0.7282637402709817 -0.6429577995784045 0
500 -0.755379265425034 -0.8859571300935276 0
501 0.1924654065557337 0.2950601163892542 0
502 -0.5532408858055037 0.572704664284021 0
503 0.007943616624724828 -0.4690182278950508 0
504 0.4652382878531569 0.140095797852583 0
505 -0.8892329606102375 0.1014259619138899 0
506 -0.2605508853058424 -0.02893543907363146 0
507 -0.751808969376533 0.613454716640968 0
508 -0.2816307776767342 -0.1940441221440715 0
509 -0.1765817209117676 0.6488107690500544 0
510 0.8904423901150129 0.3459635385632312 0
511 -0.7136800671551956 -0.2727003452224096 0
512 -0.3481483540607239 -0.553631927399485 0
513 -0.8898341046386686 0.7513106374095451 0
514 -0.006858452182593103 0.2276587795722596 0
515 0.5638854975768541 0.607183084585499 0
516 -0.4683655469333307 -0.8924593100606365 0
517 -0.7471414953240274 0.06386370828168141 0
518 -0.4447745691096676 0.4852453385782004 0
519 0.8976163016987819 -0.5137156049168358 0
520 0.2955028947140583 0.8939152045493611 0
521 -0.8919990286051545 0.2098990245325901 0
522 -0.01930595166256408 0.5634338635877764 0
523 0.7217700279269762 0.6152670934246474 0
524 -0.7196379659065356 -0.6417939112630729 0
525 -0.8977496571825505 0.5595413384501469 0
526 -0.4420590923392913 -0.480390939261866 0
527 -0.4336612078430969 -0.7338955786927738 0
528 0.6196545954469663 -0.3240626183926861 0
529 -0.5448964766408626 -0.5402927157727351 0
530 -0.7765206023753664 0.4134812999740131 0
531 0.504246680821769 0.3359569764795113 0
532 0.07292598979518365 0.1845779176193767 0
533 0.3782911640432763 0.5326252759348024 0
534 -0.3397856763236044 0.5995341032919456 0
535 0.9000109901102482 -0.7596096016611613 0
536 -0.7380231133335683 0.2480589512079872 0
537 0.6607684934782401 0.439065614871758 0
538 0.1569886387861844 0.754087626409334 0
539 0.2704263847239293 0.6968338585809466 0
540 -0.1312211344092447 -0.04582044198404942 0
541 0.3120884397224861 -0.3659935831291009 0
542 0.5705020887601454 -0.1704414761171762 0
543 -0.7745876021163751 -0.1553221148220099 0
544 0.2799233567309863 -0.04858244333372773 0
545 -0.5523470556793529 0.1782226696919745 0
546 0.1299802645393865 -0.4325120844705042 0
547 -0.7511385966294288 -0.5117170663289465 0
548 -0.2692163288658871 -0.7837868471581654 0
549 0.2265743499334705 -0.3243328736691711 0
550 -0.06977816650724249 0.7570956058812448 0
551 -0.5302579084241446 -0.3393207872167183 0
552 0.7505250436609036 -0.2492517817911723 0
553 -0.1459306311917799 -0.8995778414155958 0
554 0.2380207606654303 -0.8997415638333246 0
555 0.9047988981955 -0.1929577267033059 0
556 0.6841516089390006 -0.5612933815027026 0
557 0.2689713286086079 0.1952486006427095 0
558 -0.5669273759596153 -0.903025885951994 0
559 -0.07456694033723163 -0.7667374593159513 0
560 0.2737988827433812 0.3730798941431335 0
561 0.5396606100662592 -0.7552573955423303 0
562 -0.5522496537775303 0.9034354726779228 0
563 -0.3767154733691122 0.9041767440600832 0
564 0.1884204719791052 -0.5754136272245417 0
565 -0.9094454929605631 -0.5619191217201515 0
566 0.4879659362651248 -0.4060606030978922 0
567 -0.4181557749339747 0.2945270714427717 0
568 0.2020405946884991 0.9053916459657183 0
569 -0.7874521580098557 0.901248305452745 0
570 0.2453305618943197 -0.1859954389079442 0
571 0.1804021864496771 -0.7266722486873657 0
572 -0.4996963683678259 0.7746148126209293 0
573 0.07591484318027618 -0.2543742164045938 0
574 0.04753721072898193 0.6356170129694829 0
575 0.5848698921615674 -0.007381160744372936 0
576 0.639395901735 0.1332506798759965 0
577 -0.9121386083099028 -0.2061336309116382 0
578 -0.2138562562982067 0.1593949724531548 0
579 0.03873706447257115 0.9037958453530737 0
580 0.3995382344944265 -0.9058808927080554 0
581 0.9116261319152308 0.5559403155617039 0
582 -0.7772996560794769 -0.0669242037285173 0
583 0.373923813093441 0.2266886664393313 0
584 0.9101257529367277 0.03606022311258582 0
585 0.5059373785649588 0.5302626643267251 0
586 0.7870586941211722 0.09644242144153967 0
587 0.09019006740163288 -0.06248673573744222 0
588 0.03049222039505904 0.04323170642057894 0
589 -0.7581694224644226 0.6985779092070707 0
590 -0.1494047925094152 -0.5909331498627967 0
591 -0.2560182446976987 0.7646414359964523 0
592 -0.911888990548134 -0.7876785761427431 0
593 -0.09988217041606628 0.9089874034637901 0
594 -0.2214408206587294 -0.3394974525667736 0
595 0.7200680399513062 -0.1658123461424591 0
596 0.1076337944855131 -0.7728311676198082 0
597 -0.7838818256678488 -0.3298479755649939 0
598 -0.6731077459747683 0.1191732078660817 0
599 -0.9088937780009606 -0.04452702397878197 0
600 0.7898447893165613 0.6758023794898489 0
601 0.9109678484528746 0.7863064698084804 0
602 0.595203596670111 0.7632254009113896 0
603 -0.06769064325095704 -0.2948942605328611 0
604 -0.2605061353973008 -0.4835149811020816 0
605 -0.6571603600072529 0.4179420535792803 0
606 0.6379544745641147 -0.914348837266679 0
607 0.4659241718491786 -0.5847673839506762 0
608 0.02973413141281749 0.3502938954619278 0
609 0.1948711661620593 -0.01565246546782586 0
610 0.1529705008808906 -0.9130676460305881 0
611 0.4059331457356432 0.06842015785274248 0
612 -0.1734718633015624 -0.5120516679556377 0
613 0.04486669277080489 0.8124101662308425 0
614 0.1388061866818934 0.4749243308487128 0
615 -0.3819225445243989 0.1186194470246877 0
616 -0.6028279798963545 0.2661405765096158 0
617 0.6164751097870064 -0.5033288100453188 0
618 -0.1554359426626344 -0.1967143208924139 0
619 0.6732956132105762 -0.7808840457621219 0
620 0.401534999858259 -0.09573733603718249 0
621 -0.7900105479760968 -0.691027254377601 0
622 0.2647513277949526 -0.7946644131666389 0
623 0.9151046054432724 -0.5989304988694256 0
624 -0.3999095378697236 -0.6520181415911108 0
625 -0.389711556955565 -0.286350850242141 0
626 -0.3133640002362785 0.0380206363864909 0
627 -0.6008979785903433 0.7286788364829233 0
628 0.3324766500341387 0.7877399166770868 0
629 0.7928550924266278 -0.9136702048990557 0
630 0.912774084646089 -0.3594222407108486 0
631 -0.1108489186957458 -0.4502157677872189 0
632 0.769411694394128 -0.419236377946871 0
633 -0.4002967408282638 0.6574890011392424 0
634 -0.5766646792962675 -0.7357439387696025 0
635 -0.3729662000766625 0.8173289698730226 0
636 0.1171294459665353 0.1088456583291717 0
637 -0.3216885670823542 0.2049079703667324 0
638 0.008590071062786623 0.4915966580388263 0
639 0.8091085332240481 -0.3447380779201306 0
640 0.1083586493161531 0.3634121754256096 0
641 -0.2836431383331668 -0.1081232369311664 0
642 -0.4714779954518977 0.156472371632655 0
643 0.3045471446758107 -0.4564057233301973 0
644 0.9165688934049117 -0.9162823298189026 0
645 0.5844089612354949 0.9153991349690124 0
646 -0.1362310188338557 -0.3633524604118739 0
647 0.916742416648219 0.9149248240109891 0
648 0.6780065976049893 0.7761942476245143 0
649 0.7723746716138389 0.2369829566966745 0
650 0.4380888382871697 0.9171998375643532 0
651 0.5390553450791113 0.1643214662831214 0
652 0.919554831148734 0.1935643493872953 0
653 0.5521683178341404 -0.08101881962966263 0
654 -0.9142765181373287 0.3490773424210413 0
655 0.6686155903896025 0.9158506941207057 0
656 0.507308860381275 0.6675602469871041 0
657 -0.2927488702821428 -0.3865847204606385 0
658 0.3796867468420454 0.6318826561482125 0
659 0.9110809002500699 0.6309790514513356 0
660 0.4277831138746464 0.7767150410152078 0
661 -0.2980737263850927 -0.626355578661773 0
662 -0.3304726036000201 -0.9166460703158656 0
663 -0.6828546990854353 -0.5690689689960265 0
664 -0.3310490396940058 0.7418620749212195 0
665 -0.2563297366614422 0.9170376057900416 0
666 0.3554065909294011 -0.5554372874838119 0
667 -0.2329657046539856 -0.2633686187046253 0
668 0.7004000704117674 0.3549455415524014 0
669 0.1829063672169081 -0.4955561191745034 0
670 0.6599053264991569 -0.3954461202630306 0
671 0.3792795897416565 0.4241875745322489 0
672 -0.1118615607895872 0.8308751122382236 0
673 0.009135556483142616 -0.3058332404546203 0
674 -0.6310546641555097 0.9212671197692188 0
675 -0.3801510275662618 0.5316965846076027 0
676 0.1377107350876929 0.2336714619137695 0
677 0.8172403978176936 0.1693567194223049 0
678 0.5592300258594953 -0.9181853759651988 0
679 0.8145570448740171 0.9145971336310572 0
680 0.009529064599130719 -0.9255726343922417 0
681 -0.6858662461465781 -0.9222558072612917 0
682 0.8329458001374861 0.7779127298974299 0
683 0.003856591555685345 -0.1433481664811089 0
684 -0.920197098100582 -0.2842143215779984 0
685 0.1552281070749749 -0.3621538142633982 0
686 0.783071406355252 -0.8298253451003932 0
687 -0.02984765214436169 -0.691060239182245 0
688 0.5382281195109432 0.265862826485158 0
689 0.4935725713228679 -0.2060056943935145 0
690 -0.6122968594008028 -0.4250983236503626 0
691 -0.9190080761632211 0.03516511171280415 0
692 0.3292496043647527 0.06482015680671503 0
693 -0.9225206176281676 0.4861849524614359 0
694 -0.9229348236595839 -0.4185598344074076 0
695 -0.9215368517240536 0.6875249067518624 0
696 0.5418487976164033 -0.3504257209332934 0
697 0.9224415781075586 0.2734492605184529 0
698 -0.9180294664794194 -0.9221798544982202 0
699 0.2352713185486946 0.4554252311642385 0
700 -0.7785083741587706 0.3364647345530651 0
701 0.3101459486859516 -0.6247880129033876 0
702 0.7101642827089457 0.6965531806520815 0
703 -0.36232419794274 -0.7701890370283527 0
704 -0.4366800376334787 -0.8108550353072284 0
705 0.1888216471889126 0.08819678167702977 0
706 -0.9236305547248957 -0.6403075784960793 0
707 0.929990251510654 0.4141270155347739 0
708 0.1532092105280308 0.5815703270452938 0
709 -0.7016686470226705 -0.7968465822290963 0
710 0.3990287373133619 -0.7054309870408952 0
711 0.281803303512688 0.5308623065700385 0
712 0.9232450501030324 -0.4433367645626315 0
713 0.3980005050375788 -0.8279942103611591 0
714 -0.8161172617313598 0.2374837139370894 0
715 -0.08187085038930528 0.210230521271795 0
716 0.01612289138805907 -0.3964852147322255 0
717 0.2273601350634913 0.600185927388863 0
718 0.02690249474917455 -0.5453891868533132 0
719 -0.2482346566528984 0.6181145338348992 0
720 -0.1183859457649935 0.6036147205490781 0
721 -0.07220137340033739 -0.6059278456094435 0
722 -0.01007907866610937 0.7056365507836899 0
723 -0.1277929145600186 0.7058416066349978 0
724 -0.08920160904159541 -0.2220569741758185 0
725 0.572752684418544 -0.659243102377386 0
726 0.8024886206049854 0.3076291726765056 0
727 0.8336785314549261 -0.7319074985844802 0
728 -0.8305353720716045 -0.4119681198404953 0
729 0.5139962614934176 0.4098636351543007 0
730 0.01471857835125949 -0.8293059269502471 0
731 0.3635254199450129 0.925584450737714 0
732 -0.2439323796761095 0.06955123976166826 0
733 -0.823911544459981 0.5835938074462912 0
734 -0.5994269294793876 0.5152537263766859 0
735 -0.7114170052956023 -0.3532501150146943 0
736 -0.5922120075334499 -0.8151880610025786 0
737 0.6442232727303168 -0.6289305006226489 0
738 -0.740062274767483 0.4818473594998265 0
739 -0.7295199196768615 0.176730771839021 0
740 0.4937321961741255 0.0629274992220599 0
741 -0.4853690208075003 0.528800981910948 0
742 0.1590851848835713 -0.1718743824932119 0
743 -0.8165245754574569 -0.9226983348776763 0
744 0.6292677144092506 0.2851704218447524 0
745 -0.9256063808164754 0.8239169907484767 0
746 0.6732447148276065 0.217092101554154 0
747 -0.1474125928333929 -0.7337969997727665 0
748 -0.9256737014537286 0.2728407894865782 0
749 0.8045334000197419 -0.6210544106963196 0
750 0.2739635938077052 0.1221009625747287 0
751 0.9264136746245771 -0.8306355655721799 0
752 -0.6869049622979807 0.5752638286072318 0
753 -0.3600194293945363 -0.3529791038449375 0
754 0.8148778198166092 -0.4778742029268198 0
755 0.3099590067010836 -0.9221454628251102 0
756 0.07738349397794025 -0.6042756632247961 0
757 -0.406291543315612 -0.9325072643327647 0
758 -0.07086733282179786 0.09611266441599825 0
759 0.8134086855568068 -0.06370205301999703 0
760 -0.9274694173816692 0.9281298086852474 0
761 -0.03186980186117807 0.93186977270279 0
762 -0.8183377478577231 0.09433233071776538 0
763 0.3432489870899701 -0.208852560100647 0
764 0.4483122522016941 0.7062517484559258 0
765 0.3723432881898512 -0.2878680576965552 0
766 0.4570140071094321 -0.2884327374961327 0
767 0.9275033994813917 -0.696339040632612 0
768 0.540147748518313 0.8128706370648884 0
769 -0.20777657927677 0.7137193096891556 0
770 0.6284970872716489 0.6181745515732376 0
771 0.681437652830798 -0.03871639823067125 0
772 0.7478311077329565 -0.00382129843303811 0
773 0.1814367413657188 0.8240688214033507 0
774 -0.6721471575222192 0.2757088746865986 0
775 -0.6524555564992022 0.815995514350216 0
776 0.1069792588432954 0.674711878869427 0
777 0.1322628929703269 0.9281359809530976 0
778 0.5774612224591714 0.5327730351519132 0
779 -0.6430849769440855 -0.2799282999412541 0
780 -0.3428797510546522 -0.2301052865633132 0
781 0.259125093440242 -0.7217728688627985 0
782 0.04575681402600232 -0.6873143885302289 0
783 -0.6854186381055555 -0.4294419825628459 0
784 -0.5207040781678902 -0.6050874122645991 0
785 -0.6054572091921651 0.1336714051654659 0
786 0.7557034606550919 0.5609273769357178 0
787 0.8202737057871095 0.52105843242401 0
788 -0.8316290111645962 0.7203746499107792 0
789 0.3768966305153645 -0.4080721523031451 0
790 0.5827888649286723 -0.2400266923443316 0
791 0.6788065155175134 -0.2935564450651496 0
792 -0.7466994378560723 -0.002801426551671827 0
793 0.8444244421390384 0.4065882313056512 0
794 0.7130215064682279 0.097273571867522 0
795 -0.8377468326578426 -0.7966986961036204 0
796 -0.207989329103341 -0.9318415395083978 0
797 0.2330245794366492 -0.2572056967688747 0
798 0.2120950976476014 0.2252379117254985 0
799 0.9168128475004359 -0.0304023103851995 0
800 0.6447806173939992 -0.1621026639583323 0
801 -0.5300759095974814 0.3949095410061713 0
802 -0.01894712086091507 0.2959838490344415 0
803 -0.0625343269104648 -0.04514967196002367 0
804 -0.7191255739690126 -0.206057916873319 0
805 -0.4707250479523127 -0.4163548927813417 0
806 -0.5008682887886373 0.619604062311504 0
807 -0.2074984630607141 -0.6324105020970814 0
808 -0.8176913096161383 -0.5228567147127426 0
809 -0.5757012500072629 0.6376666750859135 0
810 -0.488822288411606 0.9286734678495101 0
811 -0.08116702836949508 -0.9288465221266111 0
812 0.3354454536790814 0.3404559502680167 0
813 0.8174256919494287 -0.2395492036958186 0
814 0.7003292907034053 -0.7098739580249034 0
815 -0.3654967063400289 0.2589842543485411 0
816 -0.46744727762754 0.2258051704851594 0
817 -0.2117015479004598 0.8177761228901973 0
818 0.4976744428957578 -0.8115179563810567 0
819 -0.6932379166558793 0.6757848307168347 0
820 -0.4143006156891664 0.4171229648631332 0
821 0.9285955606918609 -0.255278100709185 0
822 -0.394780185327735 -0.4191956520921514 0
823 0.1305903306367823 -0.2977761291504928 0
824 -0.8518691470320285 0.8115308869958557 0
825 -0.7302109828968468 -0.7244820912448284 0
826 0.6254872316981245 0.06982218762712869 0
827 0.5690683035915843 0.692950868503228 0
828 -0.9328122218830224 -0.1470224557114508 0
829 -0.7220483572890224 0.8182453261758846 0
830 -0.4574479719618106 0.6964340026646729 0
831 -0.6135603877659846 -0.5487069931849545 0
832 0.7782688763868733 0.8215967330417216 0
833 -0.9283537024291884 0.6156185413381345 0
834 -0.9246885374397498 -0.5042479937334268 0
835 0.9341552424310169 0.8518853209929385 0
836 -0.474171069024624 -0.3037729424047778 0
837 0.2610177553248181 -0.1085328335585179 0
838 0.1741720929627651 -0.6387194490787944 0
839 0.3934401744688 -0.1600021223289065 0
840 -0.9333014791222156 0.1527749063797017 0
841 -0.1925775145981943 -0.02782997876393082 0
842 0.8534090888905177 -0.5710416862221495 0
843 -0.5860275937201281 -0.4869116955810996 0
844 0.9339976901459051 -0.1334019570338059 0
845 0.4354084999289911 -0.5247483179836265 0
846 -0.5231461154975371 0.8371965393596503 0
847 0.7386787048706893 0.4227507468326683 0
848 -0.8383433812415397 0.3725941815686992 0
849 -0.9334815879401079 -0.8474261238023594 0
850 0.4584414585024788 0.8340762169073923 0
851 0.6019526307674657 -0.7678584483103742 0
852 0.9262828739122706 0.4960422549989332 0
853 -0.6114153306490999 -0.6865441259842351 0
854 -0.8376390066520609 -0.1851423366558702 0
855 -0.8401101644524448 -0.06543727291775431 0
856 -0.1045578069837305 -0.8291383194372668 0
857 -0.7268671001062633 0.938368352466276 0
858 0.4239601702587984 0.1847313135228945 0
859 0.449753186405505 -0.4556462572909415 0
860 -0.1678113689767176 0.1032854286883506 0
861 0.4517658302659553 0.3886412051789573 0
862 -0.7480820150833636 -0.5809962527595423 0
863 0.41210732793622 0.2783491570268448 0
864 -0.4412039767315553 0.8044970581620902 0
865 -0.6175367135612657 0.5756927169769986 0
866 -0.8442206500833317 0.9324449140054903 0
867 -0.3783746620702718 -0.5049074804212443 0
868 -0.7426091443362514 0.5414606689726088 0
869 0.443506607381859 0.5204386895543781 0
870 0.325914048383155 0.6728590587308114 0
871 0.9373961182512826 0.09441963332643913 0
872 -0.004934124648233293 0.7712737176203212 0
873 0.05230667645201763 0.1025599933567364 0
874 0.0752024545538259 -0.4693365361456429 0
875 0.03902644450416429 -0.0217973690233864 0
876 0.7855494761957755 -0.6811589320188134 0
877 -0.6213073814236214 -0.9366245937133667 0
878 0.9351152398652706 0.7258306506075676 0
879 -0.9350460183483492 -0.7267634823693199 0
880 -0.5783557467370556 -0.2991346009355379 0
881 0.1102170019717109 0.7988895594438216 0
882 0.4336722647464121 -0.03937973658496884 0
883 -0.8593494448634424 0.4786516662903129 0
884 0.7359874416997507 -0.5217183698578782 0
885 -0.195501765942055 -0.8649890670937032 0
886 -0.3073464905026915 -0.8399092213296249 0
887 0.8080974346463903 0.4535207864848637 0
888 -0.5922806069085715 0.4231557240567673 0
889 0.6936191009450147 0.8394949050564489 0
890 0.3448448152598755 -0.0653737625515483 0
891 -0.8584781348240703 -0.6386029632209558 0
892 0.4619283112889217 -0.936419197892804 0
893 0.2040995632380644 0.7090905139278608 0
894 -0.4881644077687446 0.4362743177648426 0
895 -0.5046751780337504 -0.4934889762214965 0
896 0.6969160502995813 -0.935881611557164 0
897 0.855152915831183 -0.9370791012422852 0
898 -0.5117585894723501 0.3312730802876523 0
899 -0.3456285253208567 0.6820163648664194 0
900 0.1326394766372681 -0.1045955426242307 0
901 -0.2194296086585138 -0.1826718494648998 0
902 0.219052902233014 0.3450682106201303 0
903 0.8598255194263682 0.6448262550032949 0
904 0.09366066581524975 -0.9369746482269777 0
905 -0.4632954745400301 -0.6457390775625232 0
906 0.8338714649643912 -0.8035132926382201 0
907 -0.7949661106866324 -0.4647234772158977 0
908 -0.522700902109356 -0.8622461580450804 0
909 0.6894048177531003 0.4958677598984726 0
910 0.1224324216492307 -0.8316462383328411 0
911 0.004588094200515641 0.4183222924368505 0
912 0.6679765325147928 -0.8423028042886227 0
913 -0.01404571678020762 0.6304829650638641 0
914 0.5262535712131374 -0.5997137542378246 0
915 0.3143760885223026 0.003475655399621841 0
916 0.482234491267082 -0.3466615365347997 0
917 -0.3227336856948395 0.9358750881524663 0
918 -0.5177302953271016 -0.9415104888427839 0
919 -0.4005428014673343 0.3507515673120181 0
920 -0.04813071414422194 -0.4451260333785376 0
921 0.5460663126439517 -0.4825033234633173 0
922 -0.4901380965744239 -0.7351964772457682 0
923 0.3776371690050522 -0.7706910417236019 0
924 -0.8577321956804045 0.1567896813750297 0
925 -0.2595644989055868 0.2021370347184682 0
926 0.8426180308267351 0.06764334860530076 0
927 -0.1561788737716029 0.9379996600527432 0
928 -0.1631544207604967 0.1950614452809634 0
929 0.3429758372489885 -0.6827869121300112 0
930 0.8596023810612998 -0.1445948037615089 0
931 -0.8289108623609527 -0.7427453350800122 0
932 0.0475451830425915 -0.20048071514088 0
933 0.6203163325980117 0.4806455249801191 0
934 -0.2155334327857161 -0.7674146391476817 0
935 -0.4301470669661025 0.9435280660051824 0
936 -0.1211520353035908 0.01375588499102231 0
937 0.5277974388176829 0.9412374030355943 0
938 -0.7157423799216057 0.4023282841361831 0
939 0.2435804435951995 0.8600122414394742 0
940 0.06710189561773656 0.4939508274216076 0
941 0.247720791395769 -0.5904572312990564 0
942 -0.6461716312157284 0.32971271442828 0
943 0.6893048962868121 -0.1063606809405299 0
944 0.868488208380275 -0.02245011369547844 0
945 -0.06490565063647569 0.1538207951718636 0
946 -0.1414702568995449 -0.1093890421237533 0
947 -0.860037428003515 -0.295938674189515 0
948 0.6065601467925846 0.4159798593808338 0
949 0.2511381596533688 0.9439755337679103 0
950 0.7436272490852678 -0.5740052277407438 0
951 -0.5806483604073629 -0.3753741553847191 0
952 -0.9389374755048201 -0.3612067970942198 0
953 0.2467038882890368 -0.4806253138875909 0
954 -0.9339594545936072 0.4068028796749625 0
955 -0.646108624892291 -0.7811994974956546 0
956 0.100230541531198 0.6145329386029694 0
957 0.1197476244637147 -0.2060363624641068 0
958 0.7444465269052034 0.3265689953905551 0
959 0.04823184867935099 0.2342649159064557 0
960 -0.2721633198678703 -0.6804590712945957 0
961 -0.07534449842275391 0.5605890378807422 0
962 0.7278669701027969 -0.8175766577625979 0
963 0.4842530762748557 -0.725201572946975 0
964 0.547879540021341 -0.862702899230266 0
965 -0.8026317522972473 0.8502419091127178 0
966 -0.8215926255176684 -0.8541843636256276 0
967 -0.03379656595903403 -0.560721930484411 0
968 -0.3117614596275457 -0.5054876746277007 0
969 0.01800325363946589 0.1752163538599287 0
970 0.7245275322651297 0.9391484478515606 0
971 0.04936474533358914 -0.1057409145979832 0
972 0.4400096064951866 0.02024886434946946 0
973 -0.6194399253487499 0.8559108375216651 0
974 0.4404211538399891 -0.6615401081297344 0
975 -0.2755233897857475 -0.9386054395762351 0
976 0.3988502006379601 0.479551267713333 0
977 0.3235890841449008 0.4021335022679015 0
978 0.1337050434021829 0.3079308973873722 0
979 0.07458429482834147 -0.4091268550238343 0
980 0.1354567895573156 -0.5973088838042262 0
981 0.3253531051017169 -0.7950435277760299 0
982 0.5335135784320549 0.0277536790399601 0
983 0.3312145016230574 0.8432189571672419 0
984 -0.2558100476241143 -0.4232393111310782 0
985 -0.1241242128738529 0.074135337349279 0
986 0.1212161784562206 0.4191906540746624 0
987 0.4851780431331985 0.1872820413703934 0
988 -0.1732453658745195 -0.6742523781779486 0
989 0.3141053290822058 0.7314032061517011 0
990 -0.7891368573494449 0.6484814319121349 0
991 0.7872065751860448 -0.1140352897410729 0
992 -0.3880107044960841 -0.5983658156555005 0
993 0.8156331621464277 0.7285639707755451 0
994 0.5347279370592891 -0.54964141822875 0
995 0.5101119410134725 0.4700591322955339 0
996 0.4924570876438485 -0.07028797713008161 0
997 -0.7380772416444332 0.761753533671838 0
998 -0.7503774193132292 0.1231472212645467 0
999 -0.2833470116144298 0.5810268668913084 0
1000 0.3119685060109673 0.2239726349644571 0
1001 -0.7516393256030028 -0.8252515542488623 0
1002 -0.3169560622906398 -0.0192675010601833 0
1003 -0.03806273276660171 -0.1210578436150308 0
1004 -0.03961286858465372 -0.1760816341884334 0
1005 -0.5629036637816615 -0.6429593158232577 0
1006 -0.6877095178882948 0.06057339141047643 0
1007 -0.01944553614683683 -0.0151148964348222 0
1008 0.8653314721418432 0.9426492020665612 0
1009 -0.80577572833889 -0.115493503508347 0
1010 0.1248021044910807 -0.7197933314674251 0
1011 0.6423304551175488 -0.4500934688864231 0
1012 -0.3611662860677686 0.06493626874113746 0
1013 0.9466340744834232 -0.5457903555299399 0
1014 0.5594536346636487 0.3194370200736215 0
1015 0.2781866948496517 -0.3218565944413886 0
1016 0.2449625772721536 0.2996602248644307 0
1017 -0.5563776229615864 0.2400480158321122 0
1018 -0.7634024491038299 -0.2421262386549266 0
1019 0.2390244152899905 -0.8480644861323713 0
1020 -0.7363453513114702 -0.9464729567440924 0
1021 -0.7398847127407877 -0.1097485061779721 0
1022 0.1439990546122478 -0.05336199970732099 0
1023 0.1739259706367986 0.03355259838142111 0
1024 -0.6627512253233929 -0.6517543109483488 0
1025 -0.02079420029515635 0.07001688820139249 0
1026 -0.3194883329530325 -0.1511276210023943 0
1027 -0.6407957062968179 0.6917882593646681 0
1028 0.7657609895854263 -0.3068880383244453 0
1029 0.5722194475954046 0.8602054820176612 0
1030 0.6984975556741504 0.5592783518118269 0
1031 0.4089868486767345 -0.5734133317719595 0
1032 0.5080339545300783 0.5870609667871615 0
1033 0.4324223837188524 -0.4003020245247468 0
1034 0.2561809341930846 -0.3716384096822761 0
1035 0.9455861915530938 0.3274859590949831 0
1036 -0.03926083949117697 -0.8104047491808104 0
1037 -0.9489940900086816 0.07832758816025144 0
1038 0.03073756694173583 0.5794262203536873 0
1039 -0.7793081908710748 -0.6371337888944549 0
1040 -0.3256240719425008 0.7979365647868727 0
1041 -0.7032632378052068 -0.8659008366298466 0
1042 0.3558080161761136 0.2887169893466014 0
1043 -0.2295659915089677 -0.819578017722595 0
1044 0.6550156785921913 0.3343446421147045 0
1045 -0.6286680773706627 0.4659249306053513 0
1046 0.1987521742947073 -0.9410032506333217 0
1047 -0.5457887957066601 0.7365620945531187 0
1048 -0.2433852321039004 0.863694364282237 0
1049 -0.9429771117376602 -0.09520503983796903 0
1050 -0.03853877698579018 0.5162315944589149 0
1051 0.7530352667214185 0.05785964936418853 0
1052 0.4036006930657533 0.1187306291637712 0
1053 0.6403706356687272 0.002211266302219322 0
1054 0.2326905035053379 0.1527009642653483 0
1055 0.7164961227005691 -0.3960473596450638 0
1056 -0.2222531371777611 -0.06991919542498759 0
1057 -0.9469289123069392 0.8775775980629109 0
1058 0.4643120742483235 0.2972989625884252 0
1059 0.2283213301025585 0.6542965294709452 0
1060 0.07645215030474174 -0.8227455122982142 0
1061 0.5808962200671057 -0.71287804472405 0
1062 0.1353997626706945 0.5283563925348508 0
1063 0.2133114879292084 -0.7734656061490849 0
1064 -0.2108593716875878 0.9481729697739102 0
1065 -0.8699174864814074 0.04288845103099787 0
1066 -0.5596875705877333 0.3120491001095527 0
1067 -0.03154375829953641 -0.5062318057220606 0
1068 0.7618845426347353 -0.475709583374372 0
1069 -0.9442743387555735 0.7355909558816385 0
1070 0.3212511387382254 -0.5061405573870711 0
1071 0.3643621569772977 -0.9438185539246848 0
1072 0.8621591601166082 0.2979638455868702 0
1073 -0.4250348953293335 -0.5286930140771628 0
1074 -0.7483067717655865 0.8635128949198677 0
1075 0.5114780857572824 0.1143839483398505 0
1076 0.08288245238718184 0.9509554712716387 0
1077 0.774470456753238 0.6205308215942137 0
1078 -0.7851882708164494 0.2792725653574034 0
1079 -0.7033579581717757 -0.4800748299780443 0
1080 0.2881806598640145 -0.2201167110514549 0
1081 -0.9462928247602912 0.5363188786742384 0
1082 0.9503060207432169 -0.3049733874722568 0
1083 -0.8081844936967588 0.4624047919146568 0
1084 -0.1823398661083381 0.5889960488581433 0
1085 -0.8731528574843518 -0.9489923236772957 0
1086 0.8352225321873741 0.349545444630993 0
1087 -0.2919403543968104 -0.5516407343946114 0
1088 -0.3842296580575225 0.4824093727921764 0
1089 0.4287712829385697 0.6549306708207477 0
1090 0.3608262986456953 -0.3353802879166094 0
1091 -0.5225731499633768 0.1397578795084213 0
1092 -0.2877842348665253 -0.2490606406159232 0
1093 0.5913163470286983 0.1601811626563269 0
1094 -0.436504518416611 0.1137059098262651 0
1095 -0.674776418204455 -0.2350221580783726 0
1096 0.353502947818277 0.586578937717243 0
1097 -0.4915034411417316 -0.5464957296175631 0
1098 0.7094933770442281 -0.2124814944570127 0
1099 0.4474553615133564 -0.1707587633914348 0
1100 -0.2293299576784479 0.01750179393473326 0
1101 0.2425264535490464 -0.00846374965717174 0
1102 -0.4601913045438509 -0.9495061749056765 0
1103 0.228273949208837 -0.05484171552285361 0
1104 0.5920606734178284 0.6543555471675413 0
1105 0.8621322625903791 -0.3358098227914024 0
1106 -0.06334511922408444 0.2575996656714585 0
1107 0.3364621354251099 0.5113402909224352 0
1108 0.4524976928650997 -0.8408196346345982 0
1109 -0.03439738143195537 -0.3311269713400956 0
1110 0.946466708869236 -0.643859405371683 0
1111 -0.4504636178789251 0.6351951094383781 0
1112 -0.7847836772125649 0.02619157762212248 0
1113 0.5539661116719996 0.373317444111222 0
1114 -0.4224125032607868 -0.8631285903824331 0
1115 0.2880611613431406 -0.6734120546529442 0
1116 0.2655230571264166 0.2442424671134549 0
1117 0.7587483863951936 -0.1981707459473405 0
1118 0.1899098416816331 -0.8760307564970462 0
1119 0.3129121320966578 0.9490163074450149 0
1120 -0.5415744860596874 0.5140809482408438 0
1121 0.7523410696176007 -0.9449384213704577 0
1122 0.9484691067497396 0.1424357815006662 0
1123 -0.3270071298968734 0.5502928278248649 0
1124 -0.4750087289944323 0.3019568551504666 0
1125 -0.4336317510767758 0.5345315005242253 0
1126 -0.9508427227031021 0.2300406798616602 0
1127 0.07194233834221943 -0.7332102571755421 0
1128 -0.5704201010898499 -0.5890834748160283 0
1129 -0.3810341227054219 -0.7037955638728107 0
1130 -0.4048156353164585 0.8620407487580383 0
1131 0.8578585648448722 -0.4668823075725261 0
1132 -0.3399937785678055 0.152018966821354 0
1133 0.163276493087646 0.3517357718884987 0
1134 0.2180782197184884 -0.5311691173890233 0
1135 -0.8664741100283044 0.2539083281787938 0
1136 0.5517266003164121 -0.8060957526361485 0
1137 0.9504432609207308 0.5898482793851174 0
1138 0.6418145865556062 0.7368451767874945 0
1139 -0.3475490655592451 -0.6500629154305029 0
1140 0.5300111336667661 -0.1254978850418793 0
1141 0.4073548622124502 0.5831562045088291 0
1142 0.9482928366426593 -0.7458577100468959 0
1143 0.5846976932735918 -0.1170869347751151 0
1144 -0.08849547095523899 -0.08945727950012136 0
1145 0.1325713214632104 -0.489328317063198 0
1146 0.7966311331110468 0.8706478052773995 0
1147 -0.7374084744706383 0.3030567493278943 0
1148 -0.5837960186374594 0.9465799226105694 0
1149 0.8641984450627047 0.1925644836026016 0
1150 0.1735199727371604 -0.4101508449528323 0
1151 0.678077503958564 0.6499785090421799 0
1152 -0.700666588387548 0.6219047943284347 0
1153 0.12729687992998 0.1601451301129821 0
1154 -0.2861655599608332 -0.7318967245493966 0
1155 -0.3994205699254498 0.6121647148763406 0
1156 0.6128786268544415 -0.3770544223830875 0
1157 0.1118069780982574 0.7271119200951864 0
1158 0.5127170554265714 -0.9476079672313791 0
1159 0.01729071340328238 0.8574360997161792 0
1160 -0.3009502066559352 0.6329159502224398 0
1161 0.1594759792947947 -0.7746571918187237 0
1162 -0.2279766102651505 0.6664351333046683 0
1163 0.9485277819225599 -0.4953755982693159 0
1164 0.5486498747182904 0.2139833066776847 0
1165 0.6689395949594092 -0.5109221910974865 0
1166 0.2032936385660532 0.7646140726165435 0
1167 0.8142227626469137 -0.293410533220007 0
1168 0.6240427058422474 -0.2675069399951867 0
1169 0.5760322254181217 -0.2894736182698477 0
1170 -0.8786003797811364 0.608849545442707 0
1171 0.6530738978951588 0.38480933529906 0
1172 -0.1161207488413959 -0.3161714994870534 0
1173 -0.1865763822157035 -0.2406626675496287 0
1174 0.9521021832318139 -0.08397967409073764 0
1175 -0.946533055130247 -0.238706399602488 0
1176 0.179655399754339 -0.2923774262689693 0
1177 -0.851378048937765 0.5420997910247212 0
1178 -0.9488053544916341 -0.5942470613687922 0
1179 0.9464203909561193 -0.3994122338349107 0
1180 -0.07106037437753329 -0.716410665665747 0
1181 -0.4881133092260246 -0.3677544172486949 0
1182 0.6262036572797651 -0.5509157316253065 0
1183 -0.6336883606479647 0.7683334005942438 0
1184 -0.1625493653040899 0.8397127839810243 0
1185 0.6264628710548962 0.94768793682592 0
1186 -0.1253819490852855 0.6556882314445863 0
1187 -0.8259396113738922 -0.3584776083255312 0
1188 -0.6889048453701012 0.4532481361312879 0
1189 0.8709270014796662 0.5958864542134916 0
1190 -0.1338604500929794 -0.5451208648157938 0
1191 -0.6751270537757244 0.947867378793665 0
1192 0.6583442326641736 -0.3429951755227463 0
1193 0.7285385692710171 0.7996804466021108 0
1194 0.8470457529561912 -0.1988934589424508 0
1195 0.2285214173417885 0.4065204974182642 0
1196 0.2661994595814313 0.7489557488047075 0
1197 0.1816489702992897 0.4502236116253703 0
1198 0.3823593291660594 0.7687288241828698 0
1199 0.4958972155648728 0.7954601955898606 0
1200 -0.2436047021057231 0.11692060229891 0
1201 -0.1091658613507114 0.7805430919868188 0
1202 0.2592841181678592 -0.9525792698124735 0
1203 -0.06336420031035926 0.6094488365762782 0
1204 0.5340131265050437 -0.03069453661724129 0
1205 -0.598643057825776 -0.8633430906399693 0
1206 -0.06523900907254837 0.8041779636483103 0
1207 0.6023183090953267 -0.9491764118897451 0
1208 0.5341257387546002 -0.4362087733855898 0
1209 -0.6927118104457514 0.2249103145348055 0
1210 -0.3463238854028971 0.8585259954584206 0
1211 -0.7729677873052757 0.2076914173904625 0
1212 0.6842065637302217 -0.6614144533593233 0
1213 0.03350966520423526 0.6839921437899266 0
1214 0.8760319814239546 -0.71542231262247 0
1215 0.474769199365177 0.9516537197885919 0
1216 -0.5961495488381662 0.2050349965322066 0
1217 -0.1858795259357423 -0.5595316298784639 0
1218 0.2827965728750285 0.6535576010553474 0
1219 0.07515251473955185 0.05890088907572748 0
1220 0.1523086004284568 -0.5365932831511654 0
1221 -0.8529127667059826 -0.5617848522722835 0
1222 0.9494026658620675 -0.8763595647599174 0
1223 0.9515803154370583 -0.2104297972183321 0
1224 -0.682288460085036 -0.3126538750373316 0
1225 -0.2101428887503178 -0.4743135808319524 0
1226 0.951466392281379 0.2364498293358136 0
1227 0.8692773108582729 0.5206581454201269 0
1228 0.1785039007763476 0.9509375199737125 0
1229 0.5424108554460877 -0.2112568912195467 0
1230 0.840353914698397 -0.5240381233334841 0
1231 0.1546818584086176 0.700485912210417 0
1232 -0.8748820297019105 0.6991390290012075 0
1233 0.5968929417031721 -0.8804878082579963 0
1234 0.6933918826155299 -0.6119306912872884 0
1235 -0.949975121004314 -0.01199085345250184 0
1236 0.3184328788807052 0.1730074086244749 0
1237 0.7187881881891587 0.2350491217404448 0
1238 0.9494601027110192 0.6770665810987857 0
1239 0.06906196137755748 0.8554222795606755 0
1240 -0.0296837955834131 -0.742486869676473 0
1241 -0.8736439343512619 -0.2519784231018931 0
1242 -0.1271817350070589 -0.9508475849698392 0
1243 0.2060327701350473 -0.3708767265834543 0
1244 0.04057685781925216 0.5321866893331405 0
1245 -0.3413400006222583 -0.3994287948052913 0
1246 -0.03274369667218648 -0.9508585378969384 0
1247 -0.4978229469316126 0.4836188175206078 0
1248 -0.5156371888761773 0.2164440852101257 0
1249 0.6138447332083197 -0.1961733433056595 0
1250 0.6772615994312264 0.1678856724661317 0
1251 -0.0782326822713736 0.708402891781723 0
1252 0.2775156873722664 0.4247125840876764 0
1253 -0.5250350407327891 -0.2893453011068052 0
1254 -0.3179748226074399 -0.06510533837503034 0
1255 -0.1457738540936486 -0.4122817018727618 0
1256 0.7761440206873287 0.1441239008820569 0
1257 -0.2586289374260748 -0.1515068261065165 0
1258 -0.1718926055992985 -0.3290929809646503 0
1259 -0.1887513291949321 -0.376743767072858 0
1260 -0.2284433471450696 -0.5224409614781701 0
1261 -0.1581197003767319 -0.4629029934967609 0
1262 0.5929201132395172 -0.05548298634450592 0
1263 0.2849286408998833 0.8320553812876319 0
1264 0.2057238980918073 -0.1543667917374043 0
1265 -0.5330464354130307 0.9512576000005992 0
1266 0.1990606787395325 -0.2058848010272433 0
1267 -0.3706941736004989 0.7712400059886279 0
1268 0.3639483668841645 0.03793837804034654 0
1269 -0.8895966891964917 0.0004493379304858127 0
1270 0.01518822761855851 0.9506812939191972 0
1271 -0.6928823164284296 -0.6914563112874337 0
1272 0.02704457722948466 -0.2575438964834196 0
1273 0.3528891059222724 -0.8937211333391134 0
1274 0.2747564019252882 -0.8704069872265292 0
1275 0.1666131346673622 0.8670867023663458 0
1276 -0.4621076977747903 -0.6954468814888826 0
1277 0.5868136175376826 0.8120554805804594 0
1278 -0.3713874008417859 0.3070546540472016 0
1279 -0.4551154256980111 0.7472913974714311 0
1280 -0.4762395942318286 -0.8377447692885733 0
1281 0.9525413771888149 -0.9540480994144989 0
1282 -0.09826877931446426 -0.8790331334830839 0
1283 0.06385603122276699 -0.3001388052645326 0
1284 -0.1262557803232092 -0.7792791487917022 0
1285 -0.5294618194888734 -0.388779579752526 0
1286 -0.5674747131700659 -0.949261340348071 0
1287 0.8739580149298627 0.7563520381278772 0
1288 0.0358527470575398 0.3057616377167157 0
1289 -0.03735065618692952 -0.6458533569145853 0
1290 0.06321644294866173 0.3831545005148508 0
1291 -0.424098379449508 0.2462090099251396 0
1292 0.9524046898013886 0.950621431465541 0
1293 -0.2561228341317743 -0.3048034252341342 0
1294 -0.2633319177062062 0.817020587108254 0
1295 -0.291927990299838 0.7279594350204168 0
1296 -0.439214013994076 -0.2677855412991084 0
1297 0.8780587281672043 -0.2388566353121548 0
1298 -0.1084335199421202 -0.2689121120343907 0
1299 0.6690565607000136 0.09163061575686118 0
1300 -0.9527957702998708 -0.6802145966440554 0
1301 0.2023885795483541 -0.6812594482566807 0
1302 -0.5701057842923027 0.687240664853106 0
1303 -0.07433888351089737 0.9508457554667769 0
1304 0.7751834476828174 0.9523793735698629 0
1305 0.3791266714183091 0.1784153962607175 0
1306 0.8686832505091471 -0.6168844251546434 0
1307 0.08944871327881673 -0.01581490644216483 0
1308 -0.7703499297121388 0.9551965238549622 0
1309 -0.1741796160957392 -0.07482093387113969 0
1310 0.6010234322706184 0.5754995430151501 0
1311 0.3072653239318158 -0.570050865073319 0
1312 0.7664124765058364 -0.3691700038442605 0
1313 -0.7923192305188687 -0.0225034387580611 0
1314 -0.5651146219970674 -0.6916954254457801 0
1315 -0.1228828551095507 -0.4985463706682638 0
1316 0.465798233537585 0.5629306832675627 0
1317 -0.1480161092222854 -0.8532451167583203 0
1318 -0.08436498542367803 0.8631932523088964 0
1319 0.04755554921898754 -0.9539337187921129 0
1320 0.8280145189467648 0.1222010421744533 0
1321 0.9532567890210186 0.538856655326618 0
1322 0.5853991387138084 0.04054854528949087 0
1323 -0.7399918460034292 0.6580445659160481 0
1324 0.3677838491720495 0.3737986111064543 0
1325 0.9514026041102386 0.01133911955841723 0
1326 0.2815550186228453 0.3272480036445526 0
1327 -0.5714254282371524 0.8577652074008459 0
1328 0.810024399043108 -0.3941798657565487 0
1329 0.5304688873272484 -0.7045120986724054 0
1330 -0.1396477466336092 0.8808691552507661 0
1331 -0.3836544054557907 0.7042954423713432 0
1332 0.04640056131559805 -0.6398358172926814 0
1333 -0.5083715946883903 0.8832011591966629 0
1334 -0.02362877697352347 -0.2728101802887833 0
1335 -0.9533939864777057 -0.8047213800816749 0
1336 -0.9540252232880007 -0.4601399116513068 0
1337 -0.8797715477955812 -0.7478721934651797 0
1338 -0.3784730644940859 0.9557818589136418 0
1339 -0.6349512368186726 0.09372488119765551 0
1340 -0.7319306510958673 -0.05266389145446035 0
1341 0.5862260412701522 0.263831718349742 0
1342 -0.7204972983748784 -0.1554710754486524 0
1343 -0.9518489034072277 -0.1913259749222898 0
1344 0.2905389488414564 -0.1673553791857018 0
1345 0.02940373857845068 -0.3482144933519525 0
1346 0.4016351083858132 0.9512766798250293 0
1347 -0.7937689756376699 -0.2048600083250044 0
1348 0.4622356071318774 -0.2433900130327204 0
1349 -0.877588608969847 -0.4045379100217943 0
1350 -0.8823731681193985 -0.5224213902933976 0
1351 0.4157068762151215 -0.9538319082691022 0
1352 -0.2933033467759398 -0.4495522771335864 0
1353 0.7669628570316499 -0.8752227023178765 0
1354 -0.543957319864425 0.786863954129248 0
1355 0.744241040311735 0.6619661334239909 0
1356 -0.6747930394554507 -0.3791858501222909 0
1357 0.7570116095650075 0.7096325058148112 0
1358 -0.6314249348422347 0.3748902582729709 0
1359 0.4462099383745525 0.08542201770250703 0
1360 -0.008406156904220323 -0.8719902865956241 0
1361 0.4498449094485055 -0.08844500637967748 0
1362 0.5777897022217894 -0.5308356633569853 0
1363 0.9508413965032009 0.3754550129122041 0
1364 0.2878080875606216 -0.4114445724386811 0
1365 -0.4055957314029011 0.1542238408804728 0
1366 0.8813366434019994 -0.8112185495676908 0
1367 0.9537799470593691 0.8079870298878845 0
1368 0.7102640771434549 0.744401942262895 0
1369 -0.8322127992596128 0.768895819925169 0
1370 0.5992471734637984 0.1134290845844747 0
1371 0.6254181912480933 0.8932179432415167 0
1372 -0.9537820384461911 0.3158172319658198 0
1373 -0.8322193538262325 0.4165708506767067 0
1374 -0.9524806425142633 -0.5465269754311025 0
1375 0.8722746608265868 0.8130793333772816 0
1376 -0.2510300424645635 -0.616798672397909 0
1377 -0.8300193746130025 0.8876817242105433 0
1378 -0.3056036483287056 0.8947524037549999 0
1379 -0.3228351610513727 -0.7949638119310439 0
1380 0.9002666306515295 -0.4025782933486534 0
1381 -0.1150752629673536 -0.6294877513660972 0
1382 -0.738473241538432 -0.3127696007358772 0
1383 -0.3634552473585325 -0.9556182631664246 0
1384 -0.7818583779579881 -0.2833458087494143 0
1385 -0.7864037869268453 0.7415751421305161 0
1386 0.4504832441566602 0.3420982042412967 0
1387 -0.8874465627409336 -0.1712664117134804 0
1388 0.1560579346849628 -0.6817928617252575 0
1389 -0.9520359107460171 0.7838402545627077 0
1390 -0.01725670953046829 0.3447109684389953 0
1391 -0.2125137420901731 0.2025791371360195 0
1392 0.8350984382113226 -0.1044427059037405 0
1393 0.0716263558287054 0.3364840368305377 0
1394 0.1403522296118927 0.06823250780608868 0
1395 -0.07469671446286041 -0.4841865990530377 0
1396 0.2422708826100318 0.5558558257520538 0
1397 -0.9546769035474176 0.4516389624378383 0
1398 0.2457518996807973 0.5011673953721096 0
1399 -0.6775193095618108 0.1647638506195571 0
1400 0.9548555292027406 0.4532901533396342 0
1401 -0.8877848592253572 0.9555120296691506 0
1402 -0.7058994540619065 -0.5279626615215545 0
1403 0.9032878991887908 -0.8676088694088342 0
1404 -0.7858479629281596 -0.3734225469337102 0
1405 -0.339967479114857 -0.2716222338772826 0
1406 0.3642991353612262 0.09259247883848686 0
1407 0.8995825627533846 0.2345325911668925 0
1408 0.1122064282365659 -0.3827968253235753 0
1409 0.8133295814731455 0.2176591789110138 0
1410 0.6340580400457029 0.1863327555288745 0
1411 -0.0276031818682406 0.1850294828360712 0
1412 -0.3912778471736628 -0.2384205932266322 0
1413 -0.113332937411946 -0.1830402286047002 0
1414 0.4473020253277054 -0.8877469656780962 0
1415 -0.2093500180911653 0.7598140583970919 0
1416 0.739988049433155 -0.1219906667981091 0
1417 0.04935870699224897 0.1455854857614998 0
1418 -0.8445500417920075 0.1986230894832868 0
1419 0.9532597116030437 -0.7923517183772427 0
1420 0.6539369396325073 -0.9554364807918361 0
1421 -0.1634139836405325 -0.1508726279211866 0
1422 -0.7755214729156439 0.5718316505928634 0
1423 0.2369674719181994 0.08905176206305822 0
1424 -0.3702666844333289 -0.895777290187418 0
1425 0.7489002785083367 0.2775509035437873 0
1426 0.7663210112612537 0.1903333922063365 0
1427 0.8648812584985177 0.02452236094417762 0
1428 0.7984122494317973 0.05199084162175616 0
1429 0.8863264246151229 0.07595750478555123 0
1430 -0.4589385244827009 -0.7681883002238102 0
1431 0.3967509024293104 0.8957224278720626 0
1432 -0.3385515611768793 0.1041489090065345 0
1433 0.632612519214413 0.7905811413452303 0
1434 0.7925152250814489 -0.784359157057659 0
1435 -0.8350212280834526 -0.6824816544847652 0
1436 -0.3168669169468588 0.246865710444107 0
1437 -0.01968431686531774 0.4563944318698919 0
1438 -0.8862370189727454 -0.8277618314804398 0
1439 0.8112207816498774 -0.8693310648261727 0
1440 0.419318102570777 0.2325676704285414 0
1441 0.7269158197769829 0.5262019045877605 0
1442 0.09231410807956832 0.2417202149742731 0
1443 -0.8932514757949545 0.3036797296727535 0
1444 -0.7426105799245524 0.3667859834306377 0
1445 -0.7513232078613428 -0.4623056110493243 0
1446 0.5489706386738886 0.7466483758500086 0
1447 -0.7430663607464401 -0.6796486659905203 0
1448 -0.3412252755119339 -0.604701638213931 0
1449 0.3065103642932443 -0.09715473894738705 0
1450 -0.2909680402282027 0.1699244041081467 0
1451 0.7903240678913154 -0.02555303905333239 0
1452 0.3502430039196834 -0.4496952866481331 0
1453 -0.07859347531474314 -0.3432146440764885 0
1454 -0.7831706686698783 -0.5510210295969091 0
1455 -0.2421345668649202 -0.3819822009361181 0
1456 -0.497903806032328 0.7239534258196545 0
1457 0.1584378179438659 0.1234717429566914 0
1458 -0.9545751181151846 -0.8928994775773491 0
1459 0.1480283845927874 -0.008322692462787298 0
1460 0.9554544411006004 0.8913525117135431 0
1461 -0.4088175963892262 -0.7726402731171724 0
1462 -0.09872070349540003 -0.4058920533359189 0
1463 0.06567767365721952 0.771750723864288 0
1464 -0.4868692073720045 0.5777324189124308 0
1465 -0.0008159031624012638 0.8146613036514276 0
1466 -0.7853612923725025 -0.9563233133905282 0
1467 -0.9537222373595455 -0.9578095872205845 0
1468 -0.6393428697117441 0.2462991781218324 0
1469 0.3898338675323976 -0.5268522119811397 0
1470 -0.5311647157581969 -0.7528776538470192 0
1471 -0.8970841905120007 -0.09207615625458433 0
1472 0.116917966539004 -0.8836349413621599 0
1473 -0.1252832189887516 0.2207411958189881 0
1474 -0.6520642877819802 0.5462585218461588 0
1475 0.4942134724856315 -0.4566418762090486 0
1476 0.5417482282190257 0.5020873869048428 0
1477 -0.2922783831308411 0.07857868152073066 0
1478 0.1257865852769153 -0.2537597079321573 0
1479 0.3195638629026079 0.5543929132872824 0
1480 0.4447086731874738 -0.7070470912433298 0
1481 0.6660745135903849 -0.7356359917588371 0
1482 0.7115377081835234 -0.7545886569281889 0
1483 -0.8814794523263907 0.3758771163379766 0
1484 0.4329425178159649 -0.6170217213620681 0
1485 0.09555439394260212 0.9020917078204352 0
1486 0.8955535066740606 -0.9569140722007315 0
1487 -0.6474456625425299 -0.8977865407111458 0
1488 -0.5626571904011332 0.1213793113549168 0
1489 0.3528693604534219 -0.6003523840415916 0
1490 0.3550999320404662 0.458708240148956 0
1491 0.03916017424759252 -0.43513849322936 0
1492 0.7239363276844129 -0.2894434248836423 0
1493 0.318150372849458 0.1083044540202297 0
1494 -0.3938156392951083 -0.331133050172231 0
1495 -0.7045524665369091 0.0180843709453565 0
1496 -0.445726568674247 0.3355114381580167 0
1497 0.5585001574438887 0.4175925289521409 0
1498 0.4656115776076211 0.879992073486205 0
1499 0.1357188863172011 -0.9572077290457638 0
1500 0.01510189008450442 0.2654289568509442 0
1501 0.7476160497066616 -0.7070369835940389 0
1502 0.6379890709070416 -0.04525891634613996 0
1503 0.8143588759235217 -0.9553221276581052 0
1504 -0.1394546809546444 -0.2352388332337233 0
1505 0.4311320089112045 -0.1306192736507255 0
1506 0.8336721299922563 0.6841275969198579 0
1507 -0.2750144359849563 0.01455607080872146 0
1508 -0.8929252210742578 -0.6093204674044951 0
1509 0.8778145268089255 0.8991747642592731 0
1510 0.4061898955013853 -0.4411429637377738 0
1511 0.4902701849594603 -0.5463545367726066 0
1512 0.3707944756429695 -0.2422218219038778 0
1513 0.5676638938776695 0.9570231311007965 0
1514 0.6755858924613082 -0.8906645221170723 0
1515 -0.2002490413408376 -0.290791641545225 0
1516 -0.9568260440534275 0.6539483449637091 0
1517 -0.3026595739344754 -0.8842181916811258 0
1518 0.4771255177212676 -0.6293911087378277 0
1519 0.823486602778433 0.8226717688644276 0
1520 -0.3628652813702295 0.6409422520317969 0
1521 -0.8883989644266599 0.5150642714568636 0
1522 0.2931058408944857 -0.7585008713154119 0
1523 -0.4840436555617877 0.8161642212698023 0
1524 0.04074391256062614 -0.5024041716743791 0
1525 0.6986844453515588 0.8845602679425389 0
1526 0.5076836617959423 0.2307027715435281 0
1527 -0.6215172913970547 -0.7421990228858782 0
1528 0.5458591575303159 0.5626433650175386 0
1529 -0.3162420825094212 -0.3465604161130277 0
1530 -0.3984391878820104 -0.4596163092642125 0
1531 -0.6634363243166923 -0.6072033972259514 0
1532 -0.9533357500558073 -0.3142560458012771 0
1533 0.198257413973763 0.5692931420783335 0
1534 0.6349239929438283 0.2409855043110827 0
1535 -0.1716443832255549 0.6915330719139137 0
1536 0.5254823636253749 0.7060017760515989 0
1537 -0.1689167673754111 0.1483410682495817 0
1538 -0.7173217999742967 0.09784532129320456 0
1539 -0.6782237584207607 0.3793730177522932 0
1540 -0.1700965085138459 -0.9559825126225096 0
1541 0.5509847135456031 -0.3932644787578625 0
1542 0.7068041758277095 0.4532251581696568 0
1543 -0.01462864631273984 0.8907905885539631 0
1544 0.2149290682858805 0.02255078681922803 0
1545 0.3271001006577374 -0.3119204075321573 0
1546 -0.8258963165718907 0.04900934616956557 0
1547 0.7855211772154814 0.4166304320515355 0
1548 0.1018702974193462 0.4577454076827823 0
1549 0.3649536183973986 -0.1263569545747105 0
1550 0.3711444058526992 0.8107547581422243 0
1551 0.5509917224662964 0.6505718154591883 0
1552 0.1854653798230425 0.6120501809721249 0
1553 0.4626961751810739 0.7489833853626933 0
1554 -0.9560038206313403 0.5793192827565542 0
1555 -0.798112352575336 -0.813967048206124 0
1556 -0.7149776022764334 0.7186258739982919 0
1557 0.6772410974019731 0.6072160856901496 0
1558 0.417217374311351 0.7366730933621689 0
1559 -0.3653301546721911 0.1864262084919749 0
1560 0.6327509954692992 -0.7980546259549783 0
1561 0.005356563069673615 -0.6601056545716965 0
1562 -0.7735114400242892 -0.7330213842500244 0
1563 -0.2442255226974933 -0.2186656862326041 0
1564 0.9572237721038942 0.05491289484349191 0
1565 0.9004447083123978 -0.649007977579251 0
1566 0.4076149384181058 0.3882666704397232 0
1567 0.1741915844404325 0.4985155967974173 0
1568 0.2112262348572337 -0.6097450725839701 0
1569 -0.6599967829544398 -0.9576959886952259 0
1570 0.898230120694986 -0.3182368613074563 0
1571 0.9590859302938779 0.7635310096929415 0
1572 -0.4867333446149517 0.6637763575333102 0
1573 -0.1176769546862142 0.958932967284547 0
1574 -0.8951926536705216 0.6503904209286545 0
1575 0.1797153370005474 0.2498431942833348 0
1576 0.8946803729118518 -0.5615217088334815 0
1577 0.9570858068427603 -0.5973765731244273 0
1578 0.02896362844939532 0.4549594899348465 0
1579 -0.7117390980914905 0.5092434551758427 0
1580 0.6850533785284892 0.9591389702402535 0
1581 -0.2723958270289443 -0.344964082264459 0
1582 -0.3496182810463745 -0.1855675594495982 0
1583 0.5092481480367894 -0.3140134190788977 0
1584 0.4711647009643589 0.6477138251714878 0
1585 0.285846600503644 0.07525362093372738 0
1586 -0.3459673464477394 0.01285037501313378 0
1587 -0.4438202280226652 0.1886873446620057 0
1588 0.2904802718978489 -0.8296812852780795 0
1589 -0.5842448941694112 0.4725020414537819 0
1590 0.6038159032967898 -0.6223232500748754 0
1591 -0.3277623420757488 -0.7444824211512342 0
1592 -0.7163938287139859 -0.3952298808150486 0
1593 0.3402206714839918 0.8907846744137803 0
1594 -0.2825500386262866 0.9567200386797262 0
1595 0.392618898903735 -0.05236955784882463 0
1596 -0.5948595853175106 0.896257516133056 0
1597 -0.03018393599699382 -0.9062366487989509 0
1598 0.6015052550412217 -0.4646200287318656 0
1599 -0.02240193684671157 -0.4141606305978558 0
1600 -0.4021509123855955 0.0815061028566427 0
1601 0.3336212852913844 0.6315311792389406 0
1602 0.0575007394643831 -0.7760203465158035 0
1603 -0.9573993328004624 0.3664195254437255 0
1604 0.170260768013294 0.2082920833555933 0
1605 0.7021939452089716 0.4078893589442878 0
1606 0.6183799175482655 -0.663603584355824 0
1607 -0.2027408476705455 0.07525205110034888 0
1608 0.5172600490082734 -0.1717059114627107 0
1609 0.8831763753338641 0.4291171414531648 0
1610 0.486522178397518 -0.7685078149067908 0
1611 -0.6548509595380777 -0.5362796179047946 0
1612 0.9602118143583646 -0.3546354301048256 0
1613 -0.108653505416413 -0.5800883907709502 0
1614 0.3908085935225331 0.6748211864395663 0
1615 0.2913322196177714 0.7834940111172509 0
1616 0.3302019900959233 -0.4141441857760718 0
1617 -0.9584806754856017 0.9584806754855369 0
1618 0.03097466039510909 -0.5861301895467552 0
1619 -0.4287490990437418 -0.6200740162828438 0
1620 0.1637674939512572 -0.4544498159354786 0
1621 -0.6109748287441891 0.6614483631152449 0
1622 -0.5858002976333161 0.7700309867798765 0
1623 -0.6907271234129413 0.7862531203853107 0
1624 -0.6983828662057509 -0.7533927559880188 0
1625 -0.3884644143161215 -0.5488944725178946 0
1626 0.9032031855268912 0.6773898991254476 0
1627 0.06695784721743037 -0.5574647337862819 0
1628 0.009523118720540643 -0.7120032073395246 0
1629 0.1478002479651786 0.6208139447810102 0
1630 -0.4049161980782595 0.5674024824595919 0
1631 -0.4962806530001848 -0.4505222551882474 0
1632 0.3563197946366612 -0.8245795367876356 0
1633 -0.6471189778239824 -0.4511211183394007 0
1634 0.5064395901231632 0.2937359664997814 0
1635 0.8060973271707419 0.2596133217903626 0
1636 -0.3935207789818031 -0.3761639386239376 0
1637 -0.5470622017555515 0.3562610139166958 0
1638 0.03860587394876978 -0.0669409444981816 0
1639 0.6739792913441461 -0.1892082220395954 0
1640 -0.2621558234949847 -0.07223236436191537 0
1641 -0.2435826397625534 -0.1093636662804319 0
1642 0.01902566366495291 0.7354491878593219 0
1643 -0.243644011629069 -0.734347945285723 0
1644 -0.08599360681165887 -0.0103027250918719 0
1645 0.9037883007772944 0.9547850026638044 0
1646 -0.9095562842222361 -0.8838757587890658 0
1647 -0.5441065623811795 -0.4808219260054781 0
1648 0.08621132536569656 -0.6966646667409577 0
1649 -0.6550880350904875 0.8861216556421443 0
1650 -0.08929930913033615 0.05612265829349343 0
1651 -0.5678631368177665 -0.4121940599629017 0
1652 0.8493247935839779 0.5580149465691777 0
1653 0.09557939747908653 -0.1109476315772545 0
1654 0.7282676929075387 -0.4429564722687002 0
1655 0.1219333556225147 -0.3380235318533392 0
1656 -0.4832276997544481 0.1156556039075173 0
1657 0.7025392613785206 -0.005921390107766285 0
1658 -0.9092791023109899 -0.4585754951119345 0
1659 0.903569210256255 0.1524050217129285 0
1660 0.7654239677760721 -0.1558873049801483 0
1661 -0.9588628001115194 -0.7633775618405361 0
1662 -0.3142943776984291 -0.958630404509211 0
1663 0.4188006503835449 0.8186034322157806 0
1664 -0.7949652491094457 0.3766292405528892 0
1665 0.2228957128293035 0.2653694787534792 0
1666 -0.001166950075315917 -0.7914843948081601 0
1667 0.8300418270430552 -0.6933698866104495 0
1668 0.8144543932225259 0.6386256028280192 0
1669 -0.7065983016223586 -0.6010072445050455 0
1670 -0.3839168396143438 -0.8090277561960082 0
1671 0.1490820671071767 0.7932415716799724 0
1672 -0.2964076607836851 0.7683776420927141 0
1673 0.743124568052336 0.3810306458063411 0
1674 0.8925863261188896 0.3872527773574661 0
1675 0.9568672757042617 -0.1649167880565545 0
1676 -0.4345892495307125 0.8967046666212206 0
1677 -0.2369099488496744 -0.9599425369910211 0
1678 0.416798338489362 -0.266538178783188 0
1679 0.8081375562656551 -0.4363451577360891 0
1680 -0.8241196153572072 -0.3177443604404303 0
1681 0.5481757486614778 0.9006929694934153 0
1682 -0.2471754100825141 0.7115967794476539 0
1683 0.4240154676085843 0.4280281760538611 0
1684 -0.7664010143749715 0.8224337040342005 0
1685 -0.02990791783955269 0.6697728197477502 0
1686 -0.5455640855265084 -0.8232279906569411 0
1687 0.6709063338634109 0.7043508283008125 0
1688 -0.3268999664155114 -0.1155348792291161 0
1689 0.4923960479859535 0.3738148634374423 0
1690 -0.9590009660505424 -0.3962616151638144 0
1691 0.7903110825427659 0.7836803355275309 0
1692 0.6867676064502765 -0.2525512242501627 0
1693 0.9592317028639036 0.189771335251016 0
1694 -0.01541370455801167 0.02784996415784374 0
1695 -0.7362134271727614 0.4375926786567607 0
1696 -0.4646280285766811 -0.5133191597176427 0
1697 -0.8358819194679804 -0.4524040908756356 0
1698 -0.2302307612596143 0.5834618241299085 0
1699 0.4163990750884047 -0.3104964900200985 0
1700 0.7736459924888003 0.5238808575176204 0
1701 0.5560958038897367 0.1275761824270492 0
1702 -0.5426704506628343 0.6114595718681159 0
1703 0.06138784998302449 0.01551522795172226 0
1704 0.9582659339829052 0.632726107402116 0
1705 0.4739254294418787 0.4956331839882154 0
1706 -0.146344401053458 0.5743774232901353 0
1707 0.2859876550648014 -0.4919857934363656 0
1708 -0.8921316297569959 0.7962589885649033 0
1709 0.08512690443598955 0.1371095110753956 0
1710 0.04794624587698734 -0.9076429916697164 0
1711 -0.9111747112878743 -0.3273553957662813 0
1712 -0.1091778188142496 -0.7372222444235805 0
1713 -0.5996973141289724 -0.3366678984433716 0
1714 -0.6379738864426657 0.1564108055429989 0
1715 -0.5118354443682227 0.1666113850793054 0
1716 -0.9604969343263432 0.1845672653521727 0
1717 -0.6025958058856384 0.3158182937155997 0
1718 -0.8117786488995814 0.9594992817706224 0
1719 0.8691228510129487 -0.8967780447797532 0
1720 -0.2335403808944302 -0.6654049259840362 0
1721 -0.9076170793013282 0.4479868623655137 0
1722 0.2691986552059447 -0.2852070396707821 0
1723 0.6879344245485755 0.1276525418034319 0
1724 -0.2664944534687531 -0.8389645274061486 0
1725 0.9119738017704158 0.4584550701334903 0
1726 0.1140562487552125 0.1994599738477563 0
1727 -0.1036880452920119 0.7389171542925455 0
1728 0.6015523806187387 0.3137243442831359 0
1729 -0.4228819332921321 -0.6866209097248981 0
1730 -0.9614463884005624 -0.05565912407309808 0
1731 0.5042923199420193 0.8372277946959263 0
1732 -0.8110488786869356 -0.6430931441024781 0
1733 -0.960638619825208 0.1218131753189111 0
1734 -0.6037149102716475 -0.2677936688677233 0
1735 -0.8223964093728311 0.1304477438554649 0
1736 -0.1616710304846287 0.003617073918073185 0
1737 0.6092026193768408 0.7151476675550634 0
1738 -0.1677855421097702 -0.6313704200858538 0
1739 0.08359652888907854 0.8276736711604024 0
1740 -0.6272676051535772 0.9632914214572066 0
1741 0.8229039796819797 0.9602987272682729 0
1742 -9.944859765687085e-05 0.5364226448209297 0
1743 0.6973234640060582 0.324674438924638 0
1744 -0.9091771596634426 -0.6785882979917917 0
1745 0.2735664143992519 -0.6262762405345441 0
1746 -0.051838036155401 -0.2403164413254383 0
1747 0.7387896466884979 0.8406427428837591 0
1748 0.2612969128486617 -0.4478382785562737 0
1749 -0.8193221305827098 0.3325612472019156 0
1750 0.3894790032369887 -0.8698216178148099 0
1751 -0.8895638446041226 0.8374656561544029 0
1752 -0.5112256608167254 -0.8928291456926228 0
1753 -0.2289615643219925 0.908625693711382 0
1754 -0.7444860567696786 -0.7719472937951484 0
1755 0.7701453400457835 0.9087294279758592 0
1756 -0.3521026973046577 0.5151459833747173 0
1757 0.1856494328223046 -0.06145135623756129 0
1758 0.7895236799086327 -0.5035828803382625 0
1759 -0.5818730817086745 0.5953369363295644 0
1760 0.7863476664875639 -0.7296659371555283 0
1761 0.8135959156715167 -0.5806629481792079 0
1762 -0.3480454599534157 -0.3145177659205512 0
1763 -0.7987037958378377 0.7007527172720374 0
1764 -0.01621608367794692 0.3844491338326883 0
1765 0.1856073849527313 -0.3338049366950264 0
1766 0.1216727862933131 0.2694724055951603 0
1767 0.4277927974440849 0.8643029675130981 0
1768 0.2134009144398698 -0.4550907119304097 0
1769 0.0139160531610723 0.09018205246031849 0
1770 0.6832306257773619 -0.4283901275255592 0
1771 0.2725927702954695 0.4711897164281202 0
1772 0.3533346180241244 -0.1682773900311387 0
1773 0.7263495879277714 -0.03776923596598848 0
1774 -0.7049396625004473 -0.9588241981371524 0
1775 0.5328619969871026 -0.6497248475211906 0
1776 -0.6526254307416174 0.5952815938359921 0
1777 0.2176099362954502 0.9566146724592621 0
1778 0.00711275627538759 -0.1912447496881536 0
1779 -0.4372652329688455 -0.4402779230755561 0
1780 0.1105239429664908 0.5032001917063176 0
1781 -0.7266037045642211 0.5790655181111395 0
1782 0.5217302328006722 -0.903078427838278 0
1783 0.2793502443668734 0.5710317903444565 0
1784 0.5139750098693192 0.6233946309422156 0
1785 -0.8603753533456979 -0.9081667072339967 0
1786 0.666074360227549 0.2688919956992405 0
1787 -0.05842580232433597 0.9037659058688736 0
1788 -0.1886040054592055 -0.7322909655369503 0
1789 0.1572782843939888 -0.8631397162417964 0
1790 -0.3863098652257828 0.3933282262424307 0
1791 0.6236598554710472 -0.417071175268334 0
1792 -0.1585542123354793 0.7310513068666344 0
1793 0.2230825779503507 0.8229256193028968 0
1794 0.5653103800845105 -0.9609888204923818 0
1795 0.7626838221592589 -0.6174867824778335 0
1796 0.2125536652668409 0.1832437977498919 0
1797 0.96032875370584 0.29174922349978 0
1798 -0.5661882931324383 -0.7778311417004605 0
1799 0.7982411575349698 0.55836744263845 0
1800 -0.6321299835388482 -0.4018078603151347 0
1801 -0.79142411247873 0.6083610854052507 0
1802 0.5810192986949918 -0.3479620493789677 0
1803 -0.1170529742873147 0.1013752583392751 0
1804 0.3677152900656978 -0.7272711128908974 0
1805 0.410941371756022 -0.7439969903927437 0
1806 0.1451035085971632 0.3869332954973727 0
1807 0.4896522110773467 0.9130070831518755 0
1808 0.4772709410776054 0.4223849663253754 0
1809 0.0488020043928189 -0.1615675754758944 0
1810 -0.03900190518322161 -0.0773521757012673 0
1811 -0.4599696879301161 0.9605845662213506 0
1812 0.857303034445885 -0.7610713216877079 0
1813 0.4331650933924536 -0.807442138524638 0
1814 -0.9598147252720778 0.04726488568826606 0
1815 0.4983067018898991 0.1472538795881102 0
1816 0.23713905472339 0.9033017869221343 0
1817 0.6450257736834999 -0.5906174260082104 0
1818 0.3380566651223345 -0.02862383196537461 0
1819 -0.6913480830527096 0.8341465866931018 0
1820 -0.3657358331250893 0.5698481874069412 0
1821 -0.2779154752582049 0.2288116463886 0
1822 -0.840145520088714 -0.9603842113444485 0
1823 -0.4311834791838081 -0.3093704975386306 0
1824 0.3835963859474432 -0.2005373599259435 0
1825 0.1185931424412414 0.5764109206804346 0
1826 -0.2510166763612287 0.1592694041870483 0
1827 -0.7113662849674135 0.1369460490818646 0
1828 -0.5854748055345474 0.5520110984345562 0
1829 -0.9602380925036587 0.8410516341157943 0
1830 0.7885512654995552 -0.2656305448129866 0
1831 -0.3088110626845043 -0.6642280480767118 0
1832 -0.03353063058654711 0.7404041502938727 0
1833 0.8458433567803461 -0.375090298165129 0
1834 -0.06512850615616207 -0.676987819381496 0
1835 -0.8455216257402429 0.8508184404975055 0
1836 0.6922540737317406 -0.3705517308267646 0
1837 -0.9604791360048224 0.4988890528891554 0
1838 0.2894476845957475 0.03255959313489027 0
1839 0.6092781756170951 -0.1519884879920008 0
1840 0.503532728732099 -0.3750301989358 0
1841 0.7464514275009592 -0.9063485257687022 0
1842 -0.1124500148578179 0.1844782448561998 0
1843 0.8256909106515032 -0.8269495455159723 0
1844 0.2587437183266446 0.612111367856698 0
1845 0.0002146005638635645 -0.9573926019124502 0
1846 0.01173487265921867 -0.1103547809889032 0
1847 -0.4441146923552344 0.4430829417113605 0
1848 -0.4358765559178942 -0.3978641534341432 0
1849 -0.8908084626549532 0.913499355940577 0
1850 -0.9606082626725335 0.700358560436898 0
1851 -0.7625427690796349 0.5072488217599793 0
1852 -0.4069491622594956 0.7811407849227333 0
1853 -0.7783036598304695 0.0957600931670218 0
1854 0.2881502122412572 0.1498518204871489 0
1855 -0.8068002816875884 -0.9027067059818927 0
1856 0.3837441045660942 -0.6686544879440131 0
1857 -0.7228541612304002 -0.9011931186933362 0
1858 0.03843770504021668 -0.8635872450129837 0
1859 0.6295172118728171 -0.8743265903813768 0
1860 -0.8965419967326883 0.1665879878388309 0
1861 0.6577403385278944 0.8673374601850458 0
1862 -0.6674601528410499 -0.8219951764799289 0
1863 0.1981905396838131 0.1289620619618869 0
1864 0.3318630497095894 -0.9694205800551716 0
1865 0.4924933768631646 -0.2378110074397956 0
1866 0.4041253504142424 0.01344649527514197 0
1867 -0.6510963505796382 -0.6925483503288582 0
1868 -0.1441923695751822 0.8024251522683594 0
1869 -0.8617546123080432 -0.2070449240057624 0
1870 -0.9547201705789897 -0.6269574245357943 0
1871 -0.8675326425650181 0.339429064787714 0
1872 0.1681145334938471 -0.1306192773755133 0
1873 0.06694980853127934 0.6677169043194413 0
1874 0.1288268690499824 -0.1547908610289717 0
1875 0.656537697880649 0.8227447937936945 0
1876 -0.9089487723857013 -0.9604194076440912 0
1877 0.4859434141040564 0.7170424827648662 0
1878 -0.7929408635816444 -0.4288494415705664 0
1879 -0.4199266178072096 -0.9579286752010441 0
1880 0.5842224937537001 0.4976548640442338 0
1881 -0.8196831232054 0.2719007637494501 0
1882 -0.381215714942146 0.4417136052373153 0
1883 0.8537705356161234 0.1529435210833562 0
1884 0.9039163880433293 0.3080006294876009 0
1885 -0.4593447893594227 0.2624183699181739 0
1886 -0.5539360512444865 0.4244166246611913 0
1887 0.8368306103945783 0.8920579912668931 0
1888 -0.2632026660182304 -0.527614177888726 0
1889 0.07610402593125562 0.5891424727671155 0
1890 0.1039887153399278 -0.5716286693701187 0
1891 0.905669595127145 -0.004836100186052125 0
1892 0.344327546246921 0.2517044566120938 0
1893 0.1002023405403219 -0.6236523846244791 0
1894 -0.7505715136129704 -0.3566545983382594 0
1895 -0.01932597690672145 -0.3705035759457775 0
1896 -0.535728484710984 -0.7153135071794076 0
1897 0.3679971153370193 0.3274979339043015 0
1898 -0.908344193988101 0.06722039337017219 0
1899 0.5151178234206786 -0.8446693291935927 0
1900 0.6647847454470759 -0.0720456834560967 0
1901 -0.04013287062337328 -0.6021539214819757 0
1902 -0.5812891146820789 -0.5256340179397567 0
1903 -0.6170376003662648 -0.5094390460458689 0
1904 -0.4251156889705414 0.6939025075961504 0
1905 0.9621397264826609 -0.4474788348971188 0
1906 -0.4807604298084114 -0.6101133467649688 0
1907 -0.1678394910027917 -0.7679966365340747 0
1908 -0.508033937267526 -0.6465101125772007 0
1909 0.4828966058963081 0.02626716530062265 0
1910 -0.5599782808687588 0.2689541367086986 0
1911 -0.620826302611709 -0.8252671410055625 0
1912 0.2032123226816441 0.8613752184092475 0
1913 -0.6892394211611077 0.91778526235748 0
1914 0.8902668803075133 0.8705665558216208 0
1915 -0.09334186347727202 0.2465865693675321 0
1916 -0.6442792006759934 0.7310095778099247 0
1917 -0.7322937196588346 0.892368671973945 0
1918 0.8392115679762022 0.4839825337291997 0
1919 0.2216811674873363 -0.7328387346132912 0
1920 0.8307441681077387 -0.02732768564072034 0
1921 0.9650893095683351 -0.9127751832721734 0
1922 -0.5600940639289665 -0.8658501607279926 0
1923 -0.2056376409844457 0.6254548494623978 0
1924 0.8539867119697462 -0.06376883607393682 0
1925 -0.8515415434007237 -0.6002861162749961 0
1926 0.1136724206082037 0.9612682269201396 0
1927 0.5651797490782769 -0.6209821809122925 0
1928 -0.9101365721931829 -0.2534503341570078 0
1929 0.3575411941486908 -0.3780375626659021 0
1930 0.3493915891603001 0.9576335030834664 0
1931 0.7148237749524622 0.2032822421918385 0
1932 0.1539114837259504 -0.2067930399492314 0
1933 0.4474325864844471 -0.3750796826748544 0
1934 -0.8578288834949198 0.5784410867290136 0
1935 -0.9076337976704899 0.7177601011505453 0
1936 -0.2235997490705474 -0.8955263928204746 0
1937 -0.1771577708041235 -0.9054986541232215 0
1938 -0.6406179319642549 0.2882776078538858 0
1939 0.8250823578306291 -0.6522526963457864 0
1940 -0.2027248854160614 -0.601643794131163 0
1941 -0.07036261308089982 -0.5671134363328031 0
1942 0.78008959556614 0.01714584283953942 0
1943 -0.1519560793041774 0.6215952746513679 0
1944 -0.339155163552164 -0.8708860416757979 0
1945 0.8950520852754404 -0.1230507655340864 0
1946 -0.3095845850194292 0.7038932839964644 0
1947 0.7890053369216135 0.3340659789266401 0
1948 0.9600261727276889 0.4175208129137626 0
1949 0.6169782881880579 0.5271887319124435 0
1950 -0.8096217068312682 -0.1486215839305994 0
1951 -0.4732966558591736 -0.8079976284366805 0
1952 -0.830612738328936 0.6289649908743717 0
1953 0.4687911671519336 -0.497734714793756 0
1954 -0.9545538835392378 0.2625900895003707 0
1955 0.8451722085888997 0.4415682978295202 0
1956 -0.9634286961036804 0.9093258843670413 0
1957 -0.7871297230733733 -0.5038691773969542 0
1958 -0.2867974376871977 -0.5953421620811321 0
1959 -0.1135354315003157 0.5578684367845647 0
1960 -0.8541612060813524 0.08368544931034863 0
1961 0.4206374396442477 -0.4909904528942529 0
1962 0.9698459679995088 -0.6771847003435245 0
1963 -0.6032010323586148 -0.9009763367598392 0
1964 0.6440223099228664 -0.1195879071170511 0
1965 -0.1336545909467616 -0.7019146375705188 0
1966 0.9010874530105083 -0.4866199849553702 0
1967 0.7373287681775073 0.127290597254946 0
1968 -0.9133096636555307 -0.3791861038036484 0
1969 -0.5647255904066526 0.388838123305703 0
1970 0.9745637976732628 -0.8363217630759865 0
1971 -0.6440551922546762 -0.5719777684242571 0
1972 -0.4942331660193062 0.3949923012398815 0
1973 -0.3831691931546765 -0.7455505736179723 0
1974 -0.04876491597956062 0.2934362098036903 0
1975 -0.8089384116008295 0.1966901325382509 0
1976 -0.04209310279486837 0.1143766648474502 0
1977 0.3370039045118355 -0.2456557851873834 0
1978 -0.4324084444181091 -0.897230700960195 0
1979 -0.2665103486295385 0.6415725284017378 0
1980 -0.4255499332309293 0.3866343580248569 0
1981 0.7934589311194101 -0.2114458414563653 0
1982 0.005867427734667956 0.6042375652730014 0
1983 -0.004401756775867081 -0.5141188054698764 0
1984 -0.9663361164465937 -0.2796054473291872 0
1985 0.509305135634782 -0.09695669798126057 0
1986 0.4114661386846418 0.6216024225225223 0
1987 0.7642600298978112 0.4529371895311035 0
1988 0.4467647602670161 0.9621120002468637 0
1989 0.4168095739736004 0.5448474528580466 0
1990 0.02955647459865298 0.3943558662429734 0
1991 0.7970495837651929 0.489692667231695 0
1992 -0.6868261306695513 -0.2013053535089075 0
1993 0.5277159732802962 0.06284078862145288 0
1994 -0.05318227291944678 0.2183476870909474 0
1995 -0.2134162941490339 0.1257733518590325 0
1996 0.7116459517364211 0.05307507613106634 0
1997 0.3475593431169233 0.1936844240277814 0
1998 0.6818941458230885 -0.1448168851971288 0
1999 0.2462367972895036 -0.1444821213487608 0
2000 -0.6721889121363752 0.3180391412518295 0
2001 -0.8754807106528213 -0.03999847904233295 0
2002 0.2952026576615742 -0.7164089026925869 0
2003 0.2137225378863243 0.06029831912940176 0
2004 0.1631304017167511 0.5396920624210311 0
2005 0.8307485220469424 -0.9040002017633836 0
2006 0.4848552588223665 -0.1643312794085948 0
2007 0.5369061371921796 -0.5137111647891961 0
2008 0.05499390318700108 -0.3816661611900191 0
2009 -0.7598043291133645 0.1646074889260104 0
2010 0.2317178960793657 0.7206161710703978 0
2011 -0.1255150422378107 -0.1493805125771425 0
2012 -0.08934655109976984 0.6310364909584247 0
2013 -0.2374964798133832 0.9606711806710388 0
2014 -0.9007472015510372 0.2442749381972413 0
2015 0.7557410237262341 -0.7938296968125111 0
2016 0.2314092365553994 -0.8053741898277127 0
2017 -0.8145247114199311 -0.7756825564510107 0
2018 0.9643499151797057 -0.2800212915485248 0
2019 0.249700714348892 -0.7595475422062928 0
2020 -0.9609568365878544 -0.1244616385613934 0
2021 -0.7551408744373437 -0.1944947383132419 0
2022 0.6849468650628436 0.5315730495899446 0
2023 -0.5286172738875905 0.6529696638505542 0
2024 -0.5172678784394062 -0.5744702088187641 0
2025 -0.6000530072647302 0.2366351250918347 0
2026 -0.5169519912000282 0.5674798655296033 0
2027 0.352103270325497 0.7428732298301532 0
2028 -0.8059048663152404 0.553389549846192 0
2029 -0.6339938440170552 0.5155696844834586 0
2030 0.2215901805441268 0.4825767719591185 0
2031 -0.7707401339884088 0.46086180396344 0
2032 0.9128206420035609 0.6035169905136422 0
2033 0.5393209641718119 0.7744250932376677 0
2034 -0.6211095753137007 0.8238464443309527 0
2035 0.4406978928528231 -0.3286398839764282 0
2036 -0.7229118795840563 -0.4377172836491338 0
2037 -0.7085562328960571 0.2713858783150173 0
2038 0.07156692062441404 -0.656880604986644 0
2039 -0.4624136331819672 0.5095375487601306 0
2040 0.2390249405023334 -0.6897958073487463 0
2041 0.6036782775044385 0.4532110882136259 0
2042 0.7851613377067621 -0.08034601212215468 0
2043 0.8991250643666315 -0.05344100071004124 0
2044 0.2566865965415397 0.3447111467932517 0
2045 0.1331753133262738 0.885350130368457 0
2046 0.308818249112677 0.3691245015179813 0
2047 0.9025708529577653 0.8150186242774944 0
2048 -0.5870067675926099 0.1645181641286008 0
2049 0.647768170475104 0.03630149527718264 0
2050 -0.631949527150927 -0.3092911537467858 0
2051 -0.7822989867089898 0.2418663880789801 0
2052 -0.4037826302824837 0.5124150859512817 0
2053 -0.1019124823541553 -0.3672983984272209 0
2054 -0.9237025879167746 0.1172610745653461 0
2055 -0.7390049006808087 0.2094216945091247 0
2056 0.7476470865144862 0.5954208285904062 0
2057 -0.3376469725447439 0.9046370359476424 0
2058 -0.5754183456001237 -0.4494751353842564 0
2059 -0.2556355208253094 0.5688275100083243 0
2060 -0.6400486701809809 -0.2399731172032317 0
2061 -0.3395664078487963 -0.8247986393023524 0
2062 0.2075294880973438 -0.2608328795489878 0
2063 0.1529836328117148 0.4297564191658356 0
2064 0.3533163109124179 -0.638508783244391 0
2065 -0.8428102471103446 -0.8420812302568708 0
2066 0.4235040340682253 0.3152487270181143 0
2067 -0.3084692624239277 -0.22037731683071 0
2068 -0.7549698958096509 -0.2782951762104051 0
2069 0.1397573653525604 0.8337516277561738 0
2070 0.2967106982001528 0.5025743142516861 0
2071 -0.0298507462659644 0.9658829331682879 0
2072 0.01962283116157553 0.004705279953965986 0
2073 0.1340953249153833 -0.7967434763588364 0
2074 0.3144985081294717 -0.8855078808744707 0
2075 0.2801016743657415 -0.9123878421026433 0
2076 0.7468719693768137 -0.8413587372755171 0
2077 0.6497191938830489 0.5759071076841734 0
2078 0.4886499054293968 -0.2935335521502594 0
2079 -0.08247257204511146 -0.8109122022915265 0
2080 0.2575670847702514 -0.2149994683420507 0
2081 -0.605920390263617 -0.7801203838039686 0
2082 0.08310477336785477 -0.190454339970728 0
2083 -0.3748667758885894 -0.6225282616909896 0
2084 -0.04111750228710365 0.7857411310895173 0
2085 0.6656220688021437 0.4743840824662264 0
2086 -0.08400407760130697 -0.633339162839771 0
2087 -0.6748727022598091 0.7110494727437923 0
2088 0.5509235272784812 -0.2481176827846547 0
2089 0.8863890497815776 0.2699440576476198 0
2090 0.8886211588031958 -0.4371998098100292 0
2091 0.2772879350953764 0.9585614115558303 0
2092 -0.8351474304484233 -0.4880001763981796 0
2093 -0.3062256288891118 -0.4172430636969772 0
2094 -0.8654361144871008 -0.4414305815072042 0
2095 -0.1806740914954654 0.9655995310393625 0
2096 -0.08596604320031169 -0.9668043449801115 0
2097 0.3628222067206589 0.504236481552391 0
2098 0.5718260145242804 -0.7751290310837178 0
2099 -0.6156148376313604 -0.4578370871893245 0
2100 0.4362153353616663 0.1573430246323452 0
2101 0.09823946010415159 -0.2913959236029979 0
2102 -0.6879135340582665 0.5434562540967782 0
2103 -0.817225641114472 0.8096534595890151 0
2104 -0.6135806661817579 0.6190629030469704 0
2105 0.2598081248273241 -0.08133602537798303 0
2106 0.01562902117855662 0.6525930004531884 0
2107 -0.5160654644894331 0.4386879379756915 0
2108 0.0327321542916616 0.7779648768066867 0
2109 0.4481333366619984 -0.1986888096625493 0
2110 0.8964906684837766 0.4967235132235469 0
2111 0.1438750441887263 -0.6390513588852672 0
2112 -0.3751106606162485 0.1565057173498444 0
2113 0.9656974657758152 -0.1175838994563843 0
2114 0.7137421725402409 -0.5589348660614359 0
2115 -0.2330558966597889 -0.8579109966821106 0
2116 0.6848786476555874 -0.8161901942108516 0
2117 0.5286227116242396 0.4481405209062464 0
2118 0.5968652105177724 0.6083111001708111 0
2119 0.4008978013259644 -0.3855662526154343 0
2120 0.6325201627317703 0.6415675919690907 0
2121 -0.0210027022031512 0.2686332497379953 0
2122 0.8127081122427684 0.3972054827339273 0
2123 0.9576664642333044 -0.05591340663110403 0
2124 -0.6000288311508808 -0.645129103701986 0
2125 0.7186821604981921 -0.9654964249771929 0
2126 -0.3488167204921048 0.2229803261927791 0
2127 -0.04339110936886013 0.4790638897059784 0
2128 0.2853445236136138 -0.01128960794956299 0
2129 -0.864785140225254 -0.7795173757720855 0
2130 -0.3486174288896253 -0.4860955470015624 0
2131 -0.6520054950782875 0.06564435382785216 0
2132 -0.3409860326950653 0.2857160445462017 0
2133 0.7770811348439058 -0.5837852217077995 0
2134 -0.4862095103830997 -0.9658685583402229 0
2135 0.04583926162406338 0.9638890241701858 0
2136 -0.6598982321361286 0.8494570072518736 0
2137 0.6915622057600488 -0.3202384263013401 0
2138 -0.9222143974511663 0.9605414391034348 0
2139 0.7024376606224633 -0.0715363383112313 0
2140 0.4192141031736792 -0.8601508139293645 0
2141 -0.1002093426011464 0.6816086021313386 0
2142 0.4315012867899844 0.483204232796934 0
2143 0.3828078954952451 0.2668053544543426 0
2144 0.0895018651086559 -0.4408032993284429 0
2145 -0.01751029538680008 -0.8409509184836201 0
2146 -0.07505348095982019 -0.1877729833288122 0
2147 -0.5912037637913163 0.08888638664105175 0
2148 -0.4196779825394875 0.8234345306903147 0
2149 0.1698055590284239 -0.9594653978324776 0
2150 -0.773393144567606 -0.1022489684111196 0
2151 -0.7690400213050259 -0.9218872096054307 0
2152 0.6490228601792116 -0.7597700087154717 0
2153 -0.7561934603723171 0.7849576102956721 0
2154 0.917431069461035 -0.7313615044803393 0
2155 0.7307214127968323 -0.6820942826888061 0
2156 0.9660240776301636 0.1165335575669054 0
2157 -0.2161054879190738 -0.3991599078962033 0
2158 -0.3498202884079098 -0.5215821422754838 0
2159 0.469851267127726 -0.03979916879932224 0
2160 0.1744691169180433 0.9162453631427853 0
2161 0.1214967069367512 -0.02916432021247042 0
2162 0.9229007959512503 -0.7924408888093581 0
2163 0.8958765497671087 -0.684156140849729 0
2164 0.0004751584504999187 -0.4352371415345924 0
2165 0.3447688286500225 0.7040998850892791 0
2166 -0.6782697497740428 -0.2711233050055579 0
2167 -0.7331651915004234 0.02962562723872786 0
2168 -0.7037908599898162 -0.01829802700535704 0
2169 0.6994659955942012 0.6549176504189729 0
2170 0.5917177651488207 0.3886268747769113 0
2171 -0.3656857780952383 0.7343504743465601 0
2172 0.132598427806273 0.656506970436566 0
2173 0.006236599255064283 -0.0404764645291482 0
2174 0.156303660927702 0.2789427571222324 0
2175 0.1244268966749892 0.7568906329922844 0
2176 0.1684141513820571 -0.6027464781078915 0
2177 -0.3437873573322735 0.9586105196790795 0
2178 -0.3681153104670132 0.3398006502255198 0
2179 -0.7268695863864039 -0.239182584660752 0
2180 -0.5960200047218928 -0.9665331367333478 0
2181 -0.1800760391648505 0.8026181543926003 0
2182 0.6688808174199034 -0.6931277355486279 0
2183 0.09894945378784521 0.3149046221860712 0
2184 0.481213405496279 -0.9655560781390735 0
2185 0.7549774121886208 0.08778451293732079 0
2186 0.7539710307142996 -0.5501449547056644 0
2187 -0.2100233103960988 0.8558660339048905 0
2188 0.09370022239219314 0.08861517381001159 0
2189 0.185636161125826 0.3285125383609669 0
2190 0.8984934097201032 0.7316589199282031 0
2191 -0.4924397866009266 -0.2717267339945175 0
2192 0.08775618318716975 0.7025838335075705 0
2193 -0.2346313608814954 -0.9213221607427136 0
2194 -0.8537764865280664 0.4483604133540535 0
2195 -0.8098660828309057 -0.07637508960541818 0
2196 -0.85482407137497 0.7436251355838692 0
2197 0.4583623975328637 0.8067614031029087 0
2198 -0.5570515077579259 -0.27294860962536 0
2199 -0.8447686541262855 -0.09860019809492998 0
2200 -0.5080315961625448 0.9643929010505106 0
2201 0.7747646531207788 0.8593839040496549 0
2202 -0.3646242271462417 -0.4261835226040668 0
2203 -0.4948379522831832 -0.3356651189319577 0
2204 0.2267386658098119 -0.9631356861351408 0
2205 0.6440926990044877 -0.3031241336955954 0
2206 -0.3967873728399213 0.2669364983333343 0
2207 -0.7179797775394198 -0.5612982838615755 0
2208 -0.7461915519411717 -0.616169252946858 0
2209 -0.3266131170596621 0.07034731269521402 0
2210 -0.6638193920334151 0.6646224019644057 0
2211 -0.47631294502065 0.1879312806231431 0
2212 -0.8357269321232105 0.6860204507037915 0
2213 0.9094396889435559 -0.1537582974995057 0
2214 0.4838847634472884 0.1019548176244089 0
2215 0.826790924970179 -0.1439883312848575 0
2216 0.9080821079493175 -0.277025886934987 0
2217 -0.7070163864104558 0.9638786291000361 0
2218 -0.4590931696436344 0.408502817476033 0
2219 0.7260789885973411 0.02657619789719372 0
2220 -0.4089168015623873 0.4545899387283826 0
2221 0.8496360889627874 -0.256169061089758 0
2222 0.3253197110850624 0.3067909658705132 0
2223 0.9696850752965172 -0.2372295929449567 0
2224 0.9692290561315315 -0.7179286021013138 0
2225 0.1374528497884357 -0.4021026391730537 0
2226 0.4588912145647489 0.2119489465329627 0
2227 0.02139699216655601 0.2170864126159534 0
2228 -0.8666626532049033 0.1281500187466763 0
2229 0.2238447878465359 -0.2895585767429014 0
2230 0.7576945954240917 -0.04308410838150444 0
2231 -0.1836742948702136 0.9165774000595555 0
2232 0.4736216885257158 0.6798832440685506 0
2233 0.4974798604795121 -0.5748600766684219 0
2234 -0.5101261899221483 -0.4101607522413989 0
2235 -0.7780280819838173 -0.5984033961127352 0
2236 0.5679506588731112 0.7862812115142243 0
2237 -0.1631641214870141 0.07477873387096332 0
2238 -0.9038766274649737 -0.1260660109648102 0
2239 0.8843059618148094 -0.3698610905343933 0
2240 -0.5384412295940417 -0.9673662720353882 0
2241 -0.6429491573555698 0.1283610319683736 0
2242 -0.1964615171417363 -0.8274884554275125 0
2243 0.6221783669457327 -0.2375800677904138 0
2244 -0.4213837270411932 -0.5689726201783494 0
2245 0.9680693099245841 0.5070862212915648 0
2246 0.18610095540187 -0.5275122760337505 0
2247 0.7803168952838923 -0.9677705859579021 0
2248 -0.7900879630343562 0.1270537804489038 0
2249 0.5435202583340975 0.8565192790710394 0
2250 0.5782214241424601 -0.2038822497283763 0
2251 0.243671045225081 0.2119314280999357 0
2252 -0.966646740141077 -0.8372631340557511 0
2253 -0.6756648558419687 -0.3484589209792925 0
2254 -0.5647037018075804 -0.3308247581366194 0
2255 -0.09641041923683362 -0.05564676988379245 0
2256 -0.05314657455871136 -0.01229935664746135 0
2257 -0.7699829124390557 -0.8527156718278219 0
2258 0.2968051856713346 0.6990525194778385 0
2259 0.3445858900875525 -0.2880699632595642 0
2260 0.439796634527118 -0.5650822481869882 0
2261 -0.7982726026018498 0.05346595644746927 0
2262 -0.2928999480775132 -0.04291944146249563 0
2263 -0.07195090925475853 0.5276018224341934 0
2264 0.7695201069629876 -0.6566950226309788 0
2265 -0.1406905666248982 0.03945624441997872 0
2266 -0.6039446843401038 -0.5825776774195711 0
2267 0.166080421685041 -0.09072294240547833 0
2268 0.3424258131926529 -0.1002911161490272 0
2269 -0.4695351619851938 0.607121938926695 0
2270 -0.4641451618826793 0.9065306267728358 0
2271 -0.1896994763421687 -0.2036326680412296 0
2272 0.3667861843000454 -0.5062832686521918 0
2273 0.7802452320869283 0.7309863390247394 0
2274 -0.02438252933730344 -0.04188803197211996 0
2275 -0.4976464516716751 0.2414350172727697 0
2276 -0.9058717529488045 0.8649151746542584 0
2277 0.4485923054518834 0.0527119663281284 0
2278 0.2102196185888674 -0.9056339473112129 0
2279 -0.1934103934296359 0.0148398376853903 0
2280 -0.7134093136946503 -0.831077730649568 0
2281 -0.3051732288769021 -0.576787763796845 0
2282 0.4651820104526799 -0.7969428136146363 0
2283 -0.1968754227771063 -0.6690805631141952 0
2284 -0.9716272925020023 -0.5070873491599858 0
2285 -0.7616336510424184 -0.03330785624035601 0
2286 0.07508301795404472 -0.5116629133763273 0
2287 0.6121460127612743 -0.7242417948619185 0
2288 -0.002168889146999179 -0.5812198816725657 0
2289 0.2025865116778141 0.6748912537375662 0
2290 0.5662865886578341 0.1836910360612566 0
2291 0.1820433470598428 0.7913006620931476 0
2292 -0.8303279849900458 -0.03045734046569117 0
2293 0.4245020503756508 -0.1954671937712702 0
2294 0.264618219185091 -0.2504664257818081 0
2295 0.5049732634634769 0.9685527834456217 0
2296 -0.2256889723400603 0.7892071051050855 0
2297 0.9599650744471815 0.8414068692415748 0
2298 -0.9248317516185687 0.1910048002318447 0
2299 -0.3884007013230798 0.2343441247271487 0
2300 0.5196150620362502 0.1909383446673331 0
2301 0.6762735124338269 0.7452573831237075 0
2302 -0.9759985639918942 -0.9187682713165383 0
2303 0.3417703930875842 -0.7671241053141127 0
2304 0.525158606804954 -0.7882767620876971 0
2305 -0.1874865434341216 0.2207711179688694 0
2306 0.7279514613321385 -0.4879658928288365 0
2307 -0.8274412533804659 -0.2827313538282672 0
2308 -0.3140349171796869 0.6646225189144781 0
2309 -0.04794152849589992 0.0631191425585009 0
2310 0.4816356931495989 -0.6929657296968186 0
2311 -0.2187520574347747 -0.03884303213730975 0
2312 -0.0281314455132931 -0.4737852422859813 0
2313 0.5212763779106382 -0.4749361985503057 0
2314 0.4598140374454845 -0.424721780034553 0
2315 -0.8267280705427782 -0.8823005098656413 0
2316 -0.4630365503188837 0.5524813632383975 0
2317 -0.3793748574651128 -0.2089325820498869 0
2318 0.9598994293603442 0.7070256161803069 0
2319 -0.4622522301896003 0.7782822834533083 0
2320 -0.4956675814802722 0.3653338884737343 0
2321 0.8327471448665965 -0.6079913222441798 0
2322 -0.9269315540060745 0.582639183425176 0
2323 -0.6088334072351503 -0.7188442362457177 0
2324 0.661363367877094 0.5058679736555344 0
2325 0.6163489336787542 0.02749769292367873 0
2326 0.2975582039514843 -0.1381698177414811 0
2327 -0.2175322599014577 -0.1428678133220477 0
2328 0.4047992524362535 0.5151315079504063 0
2329 -0.4605036134548748 -0.3354885219537879 0
2330 0.2345178773518857 -0.1015554305333958 0
2331 0.007561141105998464 0.9174854653600266 0
2332 -0.07022535403175342 -0.8953782431946556 0
2333 -0.1094940354453099 -0.9108782544047986 0
2334 0.590165019732644 -0.9140534074198882 0
2335 -0.08755989840715206 0.1407767520640489 0
2336 -0.2685102859882742 0.04551707032501626 0
2337 0.5488168479989164 -0.5762824395210426 0
2338 -0.9667888019400583 -0.7104435908797095 0
2339 -0.8164795121561795 -0.5572723424413151 0
2340 0.5554071085682598 -0.3083468314505829 0
2341 -0.6041090144946333 0.3922078543258032 0
2342 0.4194337351553428 0.6991066759793009 0
2343 0.2057492226450815 0.4285637988692452 0
2344 -0.9628043526233286 -0.1603019516625961 0
2345 -0.5262723370373459 0.3047927803061896 0
2346 -0.02292596898920921 0.1547208087727679 0
2347 0.595853082737741 0.08337034013864707 0
2348 0.6266206307916385 0.1010866265590011 0
2349 -0.1390406856812582 0.1206032553223156 0
2350 -0.2944292012376111 0.8116681134301709 0
2351 0.4448317195987218 0.2715813915164015 0
2352 0.223546244082057 -0.5684271146076793 0
2353 0.1435804323472086 -0.3220733851948925 0
2354 -0.5213149258092677 0.9191816698879079 0
2355 0.1482549992066677 -0.2767465930865478 0
2356 -0.07196659943445408 -0.8406509765253042 0
2357 -0.6251677492238352 0.4319079282119725 0
2358 0.1198842371116063 -0.07765927842311726 0
2359 -0.6818928120539711 -0.884867143496721 0
2360 0.9148795869088312 0.3644577072160436 0
2361 0.3108828764935173 -0.6545869987918157 0
2362 -0.2696776797084897 -0.6434577288733727 0
2363 0.9138847235466004 0.1140427440587723 0
2364 0.1459667244987732 0.9707902541119884 0
2365 -0.360135566998032 -0.7236220858472504 0
2366 0.05098395099123386 0.2678562441585801 0
2367 -0.4095382014129318 -0.8300958066159984 0
2368 0.9114078743212393 -0.2260805627312465 0
2369 0.3711413857010128 0.8738165441947972 0
2370 -0.8205527179156579 -0.7090186956748488 0
2371 -0.3437994380455949 0.8270381990317373 0
2372 -0.6880575727406227 -0.6264933669268316 0
2373 -0.9705368356407063 0.6170934012576539 0
2374 -0.7201897123069952 -0.08166937111222353 0
2375 -0.9195240835470881 0.7752218327159206 0
2376 0.08714512590496663 0.4064749636307428 0
2377 0.8361832932420232 0.2688882300933341 0
2378 0.4908891410945843 0.2646019017856661 0
2379 0.884119025346686 0.6309438155726028 0
2380 -0.2067980844795333 -0.9651634079502879 0
2381 -0.539509828621785 0.8693339825815256 0
2382 0.6478637204291284 -0.4876046915235375 0
2383 -0.9148840008390444 -0.1768368792399854 0
2384 -0.4144453086162455 -0.5009229971295077 0
2385 0.3620936651048743 0.6667089525707471 0
2386 -0.8960592345079315 0.4740817999760478 0
2387 0.6985474992637368 -0.8467701769586695 0
2388 -0.6060220619647094 0.6953435455709691 0
2389 -0.9063825193631843 -0.7251527959916533 0
2390 0.6711570071767651 0.3027661114475609 0
2391 0.0879390178885687 -0.8506060744064811 0
2392 0.8456535254508339 -0.3109365293421849 0
2393 0.8618310746447827 0.3713321886874928 0
2394 -0.4578887929772526 -0.5499695136800949 0
2395 0.3244492466460581 -0.183374199171196 0
2396 -0.3108996974062536 -0.1852553603285506 0
2397 0.2366553662844674 0.6922212160383507 0
2398 -0.05026376944210051 0.7002923465602189 0
2399 0.4469301719955875 -0.9686000750991411 0
2400 -0.8903303488121928 -0.9143165294852937 0
2401 -0.8353043204582241 0.5078726034731761 0
2402 -0.1598282220562382 -0.03029594027861494 0
2403 0.2888150887463349 -0.965875030681161 0
2404 -0.2361189189864054 0.7391441185128979 0
2405 -0.8850273692755846 -0.6701468614071662 0
2406 0.8352181388378332 -0.4433907768885216 0
2407 -0.4271514754993447 0.6155096044447498 0
2408 -0.8897406284862559 -0.2819057693504015 0
2409 0.4828643285203992 -0.9152961029085365 0
2410 -0.5031474408984755 -0.8288924676253306 0
2411 -0.6666434604027461 -0.7681605372502188 0
2412 -0.5162082831616746 0.8037671273410689 0
2413 0.1517177675331433 -0.7409931741088029 0
2414 0.3189648020396516 0.81643467897094 0
2415 -0.8985424007288059 -0.4914702223835568 0
2416 -0.5520653314565048 0.8159799750008542 0
2417 -0.9112176639238619 -0.5319009376715933 0
2418 0.2080244903345006 0.3809143439831991 0
2419 -0.2184407482750947 -0.4467345523394249 0
2420 0.02147590695996644 -0.2222866037436689 0
2421 -0.8442433168791385 -0.1531132755987242 0
2422 0.3325968268532774 0.03408880351146871 0
2423 0.2825454630182477 0.9257655859521576 0
2424 0.2786982573536528 0.8652396845117436 0
2425 0.9168190155581986 -0.09674886523912042 0
2426 -0.0663079276569465 -0.4163310687331352 0
2427 -0.8562463860798438 0.9613499761487816 0
2428 0.4081297145123216 -0.01716530659123355 0
2429 0.9650144153508579 -0.5224164329490777 0
2430 -0.6563739942425061 0.4509287734524555 0
2431 0.2734071231611654 -0.5699782058641224 0
2432 0.6140998256214474 -0.1231909658248914 0
2433 0.7803914164224469 0.5860345259661418 0
2434 0.1530813974369184 -0.5697962990903996 0
2435 -0.4785086335014385 -0.9215217287115012 0
2436 -0.8575485962824706 -0.3265788731263375 0
2437 -0.8349434380115349 -0.2171680006217481 0
2438 0.1451521558613198 0.1871332880937832 0
2439 0.5991481903607374 -0.7959123969488533 0
2440 -0.4678119365837828 0.4609011470564163 0
2441 -0.7750054384219481 0.5390356377743218 0
2442 -0.68899580937448 0.4228477452399884 0
2443 -0.4454832637155654 0.835193229960978 0
2444 -0.128242875363609 -0.6520150340448128 0
2445 0.04947940082876551 0.2031741358819452 0
2446 -0.2397594284425789 -0.7871722914900545 0
2447 -0.1365160689750687 -0.8103156776865333 0
2448 -0.9150579467085425 -0.8197568646661073 0
2449 -0.02639839645252237 0.5988290589809986 0
2450 0.695041754721598 0.8047535557515573 0
2451 0.536014314249265 0.3471513041586222 0
2452 0.02790093921082106 0.1211838012513787 0
2453 -0.9056164707711361 0.3976517259203068 0
2454 -0.7410722530104155 0.9680591476007259 0
2455 0.2040426500435562 -0.6503122369225784 0
2456 0.452616647368422 -0.01281488746122868 0
2457 -0.8893402603600385 0.1352951726724261 0
2458 -0.05419341038593221 -0.144711596437521 0
2459 -0.1996934447000956 -0.7956854299130783 0
2460 0.9703361490235822 0.921779775588778 0
2461 0.8644289152383351 -0.9687033099944147 0
2462 0.03016182276324833 -0.799148199567445 0
2463 -0.5167607978620187 -0.5237717962923063 0
2464 -0.0720827760404795 -0.1186210860064217 0
2465 -0.2998792984575018 0.5523165047380865 0
2466 0.5444460888842281 0.6815985004246903 0
2467 0.8152232963004269 -0.7672262411502415 0
2468 -0.3723738073411018 -0.6716035017393145 0
2469 0.3331162655454507 0.4357176134825799 0
2470 -0.4918241751433414 0.8450150451050363 0
2471 0.6850299837687228 -0.9689347845530365 0
2472 -0.04677678357229399 0.5478635142933168 0
2473 -0.8663027700047807 0.78199659461007 0
2474 0.215444880186915 -0.2308192692374257 0
2475 -0.199408751729805 0.6731751202154024 0
2476 0.2538527371364819 -0.3403896218980495 0
2477 -0.6661068854786948 0.2451360039872408 0
2478 -0.2771144312397965 0.6123169463340101 0
2479 -0.3995404032288571 0.3196743036545526 0
2480 -0.8121820506542321 0.9269979721565154 0
2481 0.077006541682411 -0.966331866150461 0
2482 -0.1675892495607828 -0.7084778440304387 0
2483 -0.02561500546964757 -0.147175079336922 0
2484 0.3091022255335625 -0.5377094288605607 0
2485 -0.3716148775464337 0.02911060241976441 0
2486 0.7470848871725294 0.9675032227891719 0
2487 -0.0448237547252627 -0.7761801258424827 0
2488 0.008714260440261945 0.3248230732260311 0
2489 -0.849240434006135 -0.3860237652799301 0
2490 0.916776567746042 0.5235336208074884 0
2491 -0.4711279065435703 -0.4725931943810177 0
2492 0.3889354685827426 -0.9694594667874585 0
2493 -0.4827259427177428 0.3302770364844113 0
2494 0.07288161170283741 -0.2222679202055088 0
2495 -0.6725642186183709 0.3419508296576027 0
2496 0.08053964888244999 0.6377466915590454 0
2497 -0.4104312013413803 0.9673205195280359 0
2498 0.8735959526965524 0.6719983171193337 0
2499 -0.7541220554584067 0.9164124115511155 0
2500 0.5970020073475704 0.9720796753231593 0
2501 -0.3010231176832125 -0.7646760715437029 0
2502 0.3202660274671813 0.1393483181776271 0
2503 -0.2074486305689314 0.04491325046489389 0
2504 0.7565492097104001 -0.3389379087968452 0
2505 0.5070212940997841 -0.04009547590231928 0
2506 -0.483288707783451 -0.6673379332935313 0
2507 0.7732339508282158 0.292371221682646 0
2508 0.266318812088976 0.2740495398406579 0
2509 0.0930268755049979 -0.9034746664545172 0
2510 -0.08771561716072199 0.5923670744272364 0
2511 -0.5167136172990463 0.5941096588486656 0
2512 0.3998535163450651 0.2044192075571339 0
2513 0.6597472786647144 -0.6637906320632292 0
2514 0.7396465387406721 0.2102045873636441 0
2515 0.6123305120201072 -0.5928432884366805 0
2516 -0.9656412500518886 -0.4321645233170552 0
2517 -0.0597606526809521 0.1874143072893757 0
2518 -0.1362551033914155 0.9130170853983188 0
2519 -0.7819353788833759 0.8718876812681806 0
2520 0.7017076347587193 -0.5300372045767027 0
2521 -0.6064192282539672 0.7879698720029955 0
2522 -0.9659509838571362 0.4192661864548941 0
2523 -0.07749414563723131 -0.2635721888677432 0
2524 -0.8293253386757254 0.1700336240196319 0
2525 0.3256653638890883 -0.706180426097192 0
2526 -0.03998803170829562 -0.210181752088389 0
2527 0.5588680463679342 -0.687034330131134 0
2528 -0.1116675779752078 0.8632206657335115 0
2529 0.8844083527214708 -0.8416248932926023 0
2530 0.1861141116356757 0.7390973249191756 0
2531 -0.1458492026272358 0.75368851995071 0
2532 0.9706041186760794 0.5658714656729819 0
2533 0.5887430676802848 -0.5048331771971069 0
2534 -0.05128590147659882 -0.5302631316106847 0
2535 -0.1243767229539886 -0.08247271400614889 0
2536 0.8234687456010696 -0.5552198221157763 0
2537 0.6309862892389095 0.4369786559986493 0
2538 0.526975239886481 -0.001526354094096944 0
2539 0.314053315322638 -0.05126439548567884 0
2540 -0.4896525328207051 -0.7639729138178828 0
2541 0.4631912918915811 0.1663494602397791 0
2542 0.04458731850608315 0.06209507937972969 0
2543 0.4396443912826939 0.5776113332069083 0
2544 0.6581811690670828 0.9681659308337769 0
2545 -0.7361583670753588 -0.8563840325752402 0
2546 -0.7508933028262086 -0.5473672592493638 0
2547 -0.9148935923689685 -0.7546696686883591 0
2548 0.6104733848846893 -0.6947430605159053 0
2549 -0.6168544686143771 0.5426880129870743 0
2550 0.2810854723836777 -0.353645947929829 0
2551 0.7068164063464399 -0.7904316036955538 0
2552 -0.2780813955425996 0.8728448008289421 0
2553 0.8753110168033484 -0.1731986958480527 0
2554 0.9708953435355376 -0.5692409861831887 0
2555 0.8179658855352069 0.09288941250128654 0
2556 -0.682974078350378 -0.4601539202276675 0
2557 -0.894278548856235 0.275421523498068 0
2558 -0.7267503299542453 0.6880491378744327 0
2559 0.8450192129782653 0.7507712347334459 0
2560 -0.436712872408242 0.7226765227855969 0
2561 -0.2794644975020684 -0.9058508463459368 0
2562 -0.861782562943012 0.9024625729681385 0
2563 -0.7534326208978587 0.4003981584041828 0
2564 -0.3225286961324924 -0.5313627448186548 0
2565 -0.0322546430929613 0.8165887673800416 0
2566 0.8442717785080538 0.6094206027716321 0
2567 -0.5458160315557227 -0.9272761874915381 0
2568 0.2241758843466958 -0.4989924329974568 0
2569 0.2461137550261171 -0.5150537066317633 0
2570 0.6734250583700022 0.002850419239775647 0
2571 0.4127955308065958 -0.779063276076285 0
2572 0.4192944884441801 -0.06956039427445948 0
2573 0.8668325331633778 -0.5406656411035626 0
2574 -0.7486507507764065 0.3352023685447675 0
2575 -0.9661398520435334 0.01602733976285003 0
2576 0.103821842864443 -0.8072267727359572 0
2577 -0.03652087157537407 -0.3023366258909356 0
2578 0.5940872469191348 0.6870389694200576 0
2579 -0.3574063881111105 0.9310540659244568 0
2580 -0.4948998170165222 -0.7032147553265278 0
2581 0.5646442461115009 0.2861208463803235 0
2582 -0.489293561813579 -0.5787179832331041 0
2583 -0.2803186439132829 -0.8129432236789855 0
2584 0.04059035597639254 -0.4695553905763685 0
2585 0.4730847224017627 0.5267096995544802 0
2586 0.2413553258797806 0.3750142923401751 0
2587 0.3745772450111535 -0.6971532592270091 0
2588 0.6145018256282299 -0.01940141211488437 0
2589 0.9277653030474432 0.06301791835672445 0
2590 -0.3776041533774354 0.8545902701423768 0
2591 -0.8999846653409402 -0.855399917396712 0
2592 0.7165323593806869 0.4827540514356476 0
2593 0.7197991875457719 0.9063931951462425 0
2594 0.4561089755337441 -0.7379295152675058 0
2595 -0.1434297016687546 0.9689103093905183 0
2596 0.8543389053840428 -0.8260904804472986 0
2597 0.0914640685132049 -0.325770409845664 0
2598 -0.1895407622540355 -0.169854832279147 0
2599 -0.338268723740705 0.7101243668146205 0
2600 -0.9672907910770301 0.1519624268076991 0
2601 -0.6596557837803797 -0.4225167005320064 0
2602 -0.7221330519601789 0.8452104844851118 0
2603 0.06744225807766967 -0.03590330305059187 0
2604 -0.284170016943855 -0.1423150060179841 0
2605 0.3303086907507268 -0.4744237074358501 0
2606 -0.5828490597278706 -0.5576662626172273 0
2607 -0.9183919264975171 0.8984485860594642 0
2608 -0.316765891868091 -0.4731166329520587 0
2609 0.6057899695919462 0.8685732993653401 0
2610 0.9676461714620468 0.2591896923485022 0
2611 -0.1125344320744133 -0.1178157689790241 0
2612 -0.2639395382413948 -0.2731239693068786 0
2613 0.10144308812659 -0.7427837303845524 0
2614 0.2153884747624696 0.3129944976624504 0
2615 0.6330609125420553 -0.3522278563762499 0
2616 -0.3207760587350705 -0.2491880549813364 0
2617 -0.4313254400486062 -0.6568641760996614 0
2618 0.08560480314105295 0.7461144787967625 0
2619 0.3671976383608706 -0.08459499897522187 0
2620 0.3993690218833326 0.7927443851582634 0
2621 -0.1138101668099507 -0.0200897644020837 0
2622 0.292936953189844 0.2491672859926284 0
2623 0.561308085132627 0.2431301310611587 0
2624 -0.04100693307835751 0.6475604698872991 0
2625 0.9273294651042445 -0.5190995464697682 0
2626 0.2838937115654168 0.2203551112212762 0
2627 0.1299888569650398 0.3402185531634098 0
2628 0.8520735840820067 0.1006869803017355 0
2629 0.8344027507430856 0.3186991328961633 0
2630 0.3809492363172217 -0.8030926063864798 0
2631 0.6553859991061273 -0.2721020493519347 0
2632 -0.5488510462050107 0.7044613736596568 0
2633 -0.4096441389730518 0.9161933529172488 0
2634 0.9245284242550875 -0.9720137024852372 0
2635 0.9202337930983295 0.7568062004556758 0
2636 -0.1745636358311492 -0.1026026642509912 0
2637 0.3837215580527525 0.1464754739976663 0
2638 0.5790738792545667 -0.0895918563566826 0
2639 -0.2496813322791128 -0.1859980522970452 0
2640 -0.02661923055774051 0.4130568083212433 0
2641 0.7767852009537982 -0.2345096249323918 0
2642 0.5691739331056982 -0.8350861705099595 0
2643 0.6900212941662736 0.2453595582199773 0
2644 0.211018775742509 0.6252070943588295 0
2645 0.9657755585744381 -0.01318230817623024 0
2646 0.2163356602190958 0.7930540707560022 0
2647 0.5628432974606684 -0.4486015799116713 0
2648 -0.2464995346898389 -0.700051701936348 0
2649 -0.2967744961943427 -0.7013389626964034 0
2650 -0.5284422813417697 0.2415550151686018 0
2651 0.1332980655739643 -0.182918926995687 0
2652 -0.433225997111061 0.7635467383138588 0
2653 -0.8560582046300252 0.3959835408341293 0
2654 0.9248956526704077 0.8818217681976792 0
2655 0.2556810313925217 -0.4068380465910388 0
2656 0.3490082525161806 0.006151076643147704 0
2657 0.7004789513075481 -0.9027596007458017 0
2658 0.6692575785146961 -0.9180880617117921 0
2659 -0.6867863895062082 -0.5069340067444784 0
2660 0.2430445842301605 0.1192152447680814 0
2661 0.4342474894822057 -0.9138692002847646 0
2662 0.5687286307948067 -0.8884477304401577 0
2663 -0.9172135136796999 -0.0143250066628745 0
2664 0.006831589483931412 -0.3343963120538657 0
2665 0.1220023794455949 -0.9180562989318879 0
2666 -0.6771285204969798 0.03083166460733462 0
2667 0.1082205418513476 0.05607787155371709 0
2668 -0.3164643917550604 0.5762716511245191 0
2669 0.7413959261339499 -0.3813792744348831 0
2670 0.04072295755241033 -0.7185323145578357 0
2671 0.1585562910586066 0.09181813286283766 0
2672 -0.1170970200087094 -0.2126775660483856 0
2673 0.3810935276330921 0.6019377012060296 0
2674 0.6686510844605198 0.05865355848131697 0
2675 0.7317948417519007 -0.6131045750303716 0
2676 -0.4238309693637362 -0.2390646240983769 0
2677 0.105946591788617 -0.4719671684944765 0
2678 -0.4423394893472335 0.6695702537210205 0
2679 -0.1934859559839179 0.1820427258516307 0
2680 -0.5512385391785499 -0.6122851434420848 0
2681 -0.4001514898628713 -0.8861490529044591 0
2682 -0.3716847751833295 0.6716587460524501 0
2683 0.3512865288802409 0.5536573986767147 0
2684 0.632561517086124 -0.8286540429763116 0
2685 0.03910719938624078 0.48345853709233 0
2686 -0.3325633922890284 0.6318714154138596 0
2687 -0.5508630841499699 -0.362804157181006 0
2688 0.6276299336415715 -0.9714708766610389 0
2689 0.07907418848289634 0.213592261396891 0
2690 0.0109062722323667 0.5580329308507094 0
2691 0.3116674684900899 0.7633224286029157 0
2692 0.5722319562346986 0.3490412329751196 0
2693 -0.1026820505365472 -0.7100139459318815 0
2694 -0.246594494806844 0.2311014191062488 0
2695 0.2245961637209263 -0.8742169021520405 0
2696 0.4868608111991948 0.4507658074771025 0
2697 -0.2261212887752488 -0.3077162502877349 0
2698 0.6409074014097815 -0.5265533893929613 0
2699 0.2065419560913172 -0.8493568171657493 0
2700 0.6205444287859326 0.3854743840213125 0
2701 -0.8125411614409948 0.3002468645720319 0
2702 0.7102951574316565 0.7737726464459003 0
2703 0.8081107432664147 0.7580678390340131 0
2704 -0.5530762301538799 -0.5116108821779021 0
2705 0.6702809655748626 0.3610837322876603 0
2706 -0.5846982215060289 -0.6178407041017723 0
2707 0.07025792619464054 0.5250046243949372 0
2708 0.5217756207494061 0.3794850751520141 0
2709 -0.7457067900833467 -0.3871211643153979 0
2710 0.883189136409154 -0.9227038325377221 0
2711 -0.4877278326834014 -0.8719389006304938 0
2712 -0.5615480625882167 0.9689981391374634 0
2713 0.9723264898378841 -0.3303695823926193 0
2714 -0.09117015199475263 0.02625199710411354 0
2715 -0.2246476453993185 0.09187114491487208 0
2716 -0.4605857147181724 -0.7268141470793053 0
2717 -0.590383292490979 -0.9305238713829926 0
2718 -0.7873860931663372 0.4851745788516142 0
2719 0.1054145168181627 -0.41360804203367 0
2720 0.731267678073181 0.3560175016289913 0
2721 0.2368825918756057 0.7663309452743194 0
2722 -0.534002228109497 -0.6513002309508638 0
2723 -0.8581110756284667 -0.5317851247105734 0
2724 -0.7118045379335293 -0.1247839299603377 0
2725 0.7594824748711011 0.7877670194883225 0
2726 -0.05534435763223017 -0.9739426494094117 0
2727 -0.0381162775041038 0.3221525900024387 0
2728 -0.3350539752088354 -0.04371427819183508 0
2729 0.7816709673236126 -0.4477242889674655 0
2730 0.3766697752197103 -0.5789126641116146 0
2731 0.2519240309603019 0.8309961909751707 0
2732 0.0006670855158470568 -0.5457510413528721 0
2733 -0.9111979534050721 0.5322592074945168 0
2734 -0.3123525646965866 0.9672848234334983 0
2735 -0.4380502992720584 0.1463080636295847 0
2736 0.4012826763755915 0.4414043277552387 0
2737 -0.07823917393561479 -0.4535746134715018 0
2738 0.9723802982006339 -0.6236177018358511 0
2739 -0.2916781417158197 0.9249363890208632 0
2740 0.8653799579606449 -0.1164573731319333 0
2741 -0.2657863276870124 -0.9694475229365853 0
2742 -0.7654358143072618 0.307510146148398 0
2743 0.7084111238032018 -0.1331544192518788 0
2744 0.2262070562734887 0.9262676950884785 0
2745 0.7291652241677204 -0.1930392289518789 0
2746 0.5533326382083518 -0.0008899043453208444 0
2747 -0.5502607946464223 0.146113392546438 0
2748 0.8442552684666289 -0.492154144436775 0
2749 0.1534225281019608 -0.8311148228635943 0
2750 0.7193120843357899 -0.09457984550488607 0
2751 -0.1484965866258948 -0.3089545342201863 0
2752 0.7224333225912163 -0.2587512394750386 0
2753 -0.6130634267294189 -0.3665548926784976 0
2754 0.8830205252405403 -0.5876004544945118 0
2755 0.4860249656275623 0.6096993333274423 0
2756 0.29156197682883 -0.5980746304386678 0
2757 0.3831723001828449 -0.3185273428290579 0
2758 -0.6306204122245005 -0.6461972189195646 0
2759 -0.6925972391861117 -0.6593822717422454 0
2760 0.03445283515709206 0.425925495173776 0
2761 -0.8557130876636204 -0.7257313209879001 0
2762 -0.8698937661406948 -0.06900525907075214 0
2763 -0.9703398786222951 -0.2117580226599574 0
2764 0.5246818764036957 -0.4052891654426738 0
2765 0.9693520667683364 0.3540761471671956 0
2766 -0.5589085478569542 0.4893665114206389 0
2767 0.1129980649012383 0.8251518643916542 0
2768 0.3269616076456278 -0.3416578333071988 0
2769 0.3829929017316295 0.2989527420434263 0
2770 -0.3516688952880997 0.4855578046166769 0
2771 0.2305794143317501 -0.9328022137543972 0
2772 -0.5551652598875257 0.6633610445227517 0
2773 0.2220300405617304 -0.02730115708486055 0
2774 0.2516311595799191 -0.03897549002633476 0
2775 -0.9702806850310102 -0.3579975889170829 0
2776 0.5810510739567027 -0.3927462188682606 0
2777 0.05899495055611884 0.4682036207463602 0
2778 0.4729361967757533 -0.3750713018696608 0
2779 0.5049952365834046 0.0387538080247416 0
2780 0.6218532434001464 0.3311531565113128 0
2781 0.4850564866276766 0.857688221944594 0
2782 0.7366295756112105 -0.2229934621890142 0
2783 0.3795474043082949 -0.3561177051535935 0
2784 0.2921642457445294 0.3989883211805252 0
2785 0.240403026414852 -0.617710173718228 0
2786 -0.2756359526415365 0.1018883335887396 0
2787 0.5075087631852057 -0.634076604556726 0
2788 0.520668865511687 -0.7341451449952683 0
2789 0.8275058711980411 0.04003459981162352 0
2790 0.04282524086435049 0.8428156214917051 0
2791 0.795879905955283 -0.3161413041201861 0
2792 -0.1414769243873535 0.1686267076190616 0
2793 0.1076818353478496 0.644481059085675 0
2794 -0.8399327123555671 -0.7687189853869856 0
2795 0.5812338162897644 0.736916972702138 0
2796 -0.9692564881711867 0.7545244571124734 0
2797 0.3567049600043659 -0.8596589705843067 0
2798 0.3185834915375407 0.9132736807191721 0
2799 -0.6176242778099836 0.344085989074116 0
2800 0.2642198766473133 0.01723531730350221 0
2801 -0.9748190601423199 0.8098207003072196 0
2802 -0.2172386920351879 -0.2344425412912796 0
2803 0.5690772425528962 -0.03519560749377101 0
2804 -0.7582301979022424 0.6401204257465269 0
2805 -0.2920404859905037 0.1969049690024101 0
2806 -0.7680433382518398 0.6691420244980787 0
2807 0.4277523991211017 0.3661206205670718 0
2808 0.5392380077638449 0.971415181159903 0
2809 0.06491037956774272 -0.1364695816942325 0
2810 0.006594942020012772 0.1510524087449853 0
2811 0.1818646371455906 -0.7577143677653677 0
2812 0.3494480295299139 0.1685214931359172 0
2813 0.1860611299033719 -0.789830348414603 0
2814 -0.08182602815756782 0.8339276592346599 0
2815 0.9699384347547685 0.0835899106102099 0
2816 -0.389720769572762 -0.9737719367114432 0
2817 0.5946049570638464 -0.2695155039332731 0
2818 -0.001494125577920121 0.6808649054240807 0
2819 0.5382040905775659 -0.9730481643854831 0
2820 -0.7538110231118358 0.2770204240076368 0
2821 -0.6617944773526988 0.9195672455046557 0
2822 -0.7532161877968272 -0.7975155339416901 0
2823 -0.9275118986672903 0.6454989663632926 0
2824 0.4070078528157164 -0.6556829802572165 0
2825 -0.6948590159058128 -0.7237933960768926 0
2826 0.2490599549872554 0.9698738332512812 0
2827 0.9315463483204975 -0.1834496194291377 0
2828 0.3778292857296828 0.5684328420561755 0
2829 0.8416430229207481 -0.1695376624097018 0
2830 -0.08694363036575264 0.1675617877214342 0
2831 -0.7043084670106712 0.7589236446562694 0
2832 -0.6638514353966233 0.7717327664727666 0
2833 -0.7098404085109795 0.3724639571465322 0
2834 -0.5108297535939023 0.5091863517899227 0
2835 0.2482057831728546 -0.5494714690382683 0
2836 0.5372861403858179 0.5313478353975355 0
2837 -0.757002647320142 -0.9690133666422475 0
2838 -0.290158809242655 -0.4893973170433817 0
2839 0.5180986779156748 -0.8767896934864297 0
2840 0.9735037611963384 -0.4201426606461358 0
2841 0.293273382359795 -0.7860333089052621 0
2842 0.2838449223261536 0.7240552170135258 0
2843 0.8625840217713181 0.3300606526146126 0
2844 0.2404632736404663 0.1859720093397585 0
2845 -0.04170866924662828 -0.7177408366749489 0
2846 -0.3632824935741234 -0.5833537919368753 0
2847 0.4350442561683061 0.1192088772731311 0
2848 0.3818028626708511 0.9720404475883527 0
2849 -0.1621944478510211 -0.9258439690218367 0
2850 -0.9697972580351362 -0.5685365694311038 0
2851 0.6847531721907202 0.6783900439720649 0
2852 0.5563752025378439 -0.1100757244466909 0
2853 -0.08361679012969296 0.7833648491891324 0
2854 0.4826673538714981 -0.8390711549052652 0
2855 -0.4347106715158635 0.2145157257635639 0
2856 -0.1884708130562355 0.7374525386719155 0
2857 -0.5679301011439394 0.2048505160979442 0
2858 -0.7971386333140031 -0.7486622133601782 0
2859 -0.3701594075163049 -0.4630411571636908 0
2860 -0.6532976757109045 0.9734167666832636 0
2861 0.4651599651404233 -0.5269332977929375 0
2862 0.5290712488639966 0.3145802782172841 0
2863 0.8458861292480635 -0.004900098761670585 0
2864 0.7207813113097818 0.3084883492728662 0
2865 0.3547304198848079 0.4063192326706059 0
2866 0.7960918086345485 0.9687410266268399 0
2867 0.56565205360711 -0.7391330255425163 0
2868 -0.2333376187094889 0.1832267020707115 0
2869 0.8416734574225188 0.9226998711237357 0
2870 -0.6317806161143994 -0.9706224931756332 0
2871 -0.7424405036285197 -0.1395805659459097 0
2872 0.7960084621143078 0.7071735341318984 0
2873 -0.5384189532523457 -0.8945442913264664 0
2874 -0.6248300607170872 0.2218646188282881 0
2875 0.5570318167426218 0.05195681569921934 0
2876 -0.6888991699670509 -0.1675923443085877 0
2877 0.4772420452906637 0.3238418009504072 0
2878 0.1069990192678648 -0.9678981118170114 0
2879 -0.9731538886934104 0.2931249194825344 0
2880 0.7974737838122921 0.1212254267227358 0
2881 0.1981909095787326 -0.432563775006903 0
2882 0.3637334915556324 0.8405187079727948 0
2883 -0.4592422290550435 0.9333931459841286 0
2884 -0.8642729694739095 0.01506439468488258 0
2885 -0.3422021737565018 0.7705772724281335 0
2886 -0.6000441463876097 -0.3981450495204428 0
2887 -0.8112037072240459 -0.3850606297378415 0
2888 -0.1968674678663077 -0.0549950096378635 0
2889 0.157304761156018 -0.5077999652090498 0
2890 0.6968246249147518 -0.4975637317256808 0
2891 -0.6780167122956333 0.09147927035419362 0
2892 -0.8922940828597822 -0.6360947137592192 0
2893 0.9737554869639971 -0.4734181203040542 0
2894 -0.7933750531788781 -0.235249314559571 0
2895 -0.3046523864930946 0.009038046640814337 0
2896 -0.3566052358093164 0.7963983099773808 0
2897 -0.2792480440728325 -0.4107708540868562 0
2898 0.3443030492031339 -0.9208861823256007 0
2899 -0.677054745577891 0.1963398926374496 0
2900 -0.05191225935552024 0.5799217701816561 0
2901 0.249499445987831 -0.306577262773874 0
2902 0.02183890148396809 -0.8934570673401678 0
2903 0.7347465587512361 -0.3158378830831788 0
2904 -0.8057923798697773 0.4258536297495244 0
2905 -0.6692083880904184 0.6205868481524552 0
2906 0.05211136948632897 -0.5322725746476626 0
2907 -0.1539199500009543 0.6714545550211973 0
2908 -0.6284271535884228 -0.8763417941345539 0
2909 -0.3465944092636427 -0.1328103075560144 0
2910 -0.6793407534979723 -0.845958795877617 0
2911 -0.7502590258967206 -0.08055605493471982 0
2912 -0.04215120492738669 0.8786108899575451 0
2913 0.3079527493453552 0.8658087143986513 0
2914 0.06880784917160371 0.9226209425128138 0
2915 -0.888399374090484 -0.3079438349895739 0
2916 -0.556444725574778 0.5432692264495076 0
2917 -0.3620789489882599 -0.2528505360338092 0
2918 -0.164613741986997 -0.53976428778311 0
2919 -0.1613906607830934 0.8999366840087656 0
2920 -0.340514159417421 0.0392171260783994 0
2921 0.2025499835055407 -0.4012818003591048 0
2922 0.05914679297539358 0.5601184449346828 0
2923 0.3382729469405228 0.4809642176641475 0
2924 0.8337409241629525 0.1947879295920983 0
2925 0.05254056861125886 -0.2722441767197733 0
2926 0.1622460031690523 0.3000227804687771 0
2927 -0.1987599400803295 -0.08612984137418744 0
2928 0.03406957264405688 -0.1381892140193214 0
2929 0.5622530451886623 -0.140019932424387 0
2930 -0.7477123684243239 -0.6515642105060424 0
2931 -0.9151322280377686 -0.5928848429125991 0
2932 -0.8816240534498792 -0.5848452638568653 0
2933 -0.6948238403716342 0.4846781139641805 0
2934 0.2578989859236631 -0.8235953120841633 0
2935 0.6444430666663838 -0.1869378824902405 0
2936 0.123881023109227 0.702617123746718 0
2937 -0.4623793982608599 0.0958600705550673 0
2938 -0.930063673673054 0.3738840821703762 0
2939 -0.2381155865281108 0.8353844828155395 0
2940 0.3912822702704555 -0.9353369970706993 0
2941 -0.7562116607778377 0.7336571672240623 0
2942 -0.6538722456408317 -0.9286491763593357 0
2943 -0.1949051956688935 -0.5318417515912988 0
2944 0.4709100719954404 -0.6584701040027114 0
2945 0.4202631032507322 0.04406211284990747 0
2946 0.2595279936615726 0.6691291819527387 0
2947 0.5620554764519786 0.832070778978189 0
2948 0.06760281487807789 -0.08107975378170257 0
2949 -0.2637381918526678 -0.4530940245239845 0
2950 0.4651208715168174 -0.3200599871606855 0
2951 0.101492446608986 -0.2347680579683354 0
2952 -0.7135393001880621 0.2986315716570897 0
2953 0.3683895823923804 -0.04253532421970247 0
2954 0.5256996950831145 -0.06770117877275482 0
2955 -0.4434784151563624 -0.8392477209681696 0
2956 -0.7939096890717542 -0.6607208729062777 0
2957 -0.1740207314442857 -0.6066715938289546 0
2958 0.1393445413364895 0.7289520377528304 0
2959 -0.3762973464840327 -0.398894204902208 0
2960 0.7560669541240203 -0.5044126098844615 0
2961 -0.7747676875539981 -0.0009899520469276891 0
2962 -0.3347325078376899 -0.369847990487553 0
2963 0.4845996090564236 0.7679773119707138 0
2964 -0.4924233129457001 0.6932725455963384 0
2965 -0.4860638396850129 0.2730074345226833 0
2966 0.711397117882227 0.9706880438456192 0
2967 0.9745151305926871 0.4741146739677126 0
2968 0.3916871327096967 0.09359318773514744 0
2969 0.8729216919427488 0.223929665672273 0
2970 -0.2782089901793856 0.7852463292744586 0
2971 -0.1519103447461305 -0.4914269151782034 0
2972 -0.1570800674559708 -0.3831142600334719 0
2973 -0.1265963037735117 -0.3919976142088784 0
2974 0.4236975130349635 -0.687988325675412 0
2975 0.2490871271022365 0.4282492436946407 0
2976 -0.8907680786909078 0.02574645279448816 0
2977 0.9670539997695502 -0.7664280340885755 0
2978 -0.6376942921597071 -0.7174054247743299 0
2979 0.6124962216386221 0.917926693941067 0
2980 0.1052914252812292 -0.502620856231504 0
2981 0.122731551968956 -0.5502897750306336 0
2982 0.4796245443143211 -0.09996445107032181 0
2983 0.6972189484702903 0.9262895885319171 0
2984 0.717752104839904 0.8601870353040936 0
2985 0.4176014108570161 -0.5436416377766016 0
2986 0.1466590522759392 0.02155504443894193 0
2987 -0.4313280616709174 0.08728723138171614 0
2988 0.5558308786712493 0.9309005986962784 0
2989 -0.5945048204234886 0.8426018342275439 0
2990 0.1720169323577642 0.002935215932329996 0
2991 0.3204746886887979 -0.8250056339628886 0
2992 -0.9733829391347021 0.09577022945840058 0
2993 -0.3751946944669037 -0.3100938021363908 0
2994 0.6227203286648095 0.5586061332487343 0
2995 -0.5158003113240616 0.7486000574884961 0
2996 0.9365154448520929 -0.5756652780041157 0
2997 -0.9767336750412965 0.8636630704179153 0
2998 0.8454302612243841 0.7129429628967235 0
2999 -0.4659578709461495 -0.4440137149106183 0
3000 0.2541054371813762 0.5798819822609291 0
3001 0.8656967327209009 0.9730152257475115 0
3002 -0.7104135106625251 -0.3021291857052996 0
3003 0.1729964195400927 0.06408920496044743 0
3004 0.272082336899315 -0.6533821897601082 0
3005 -0.7861110725218519 -0.1318117069371127 0
3006 -0.3598430569298471 -0.9242707028711585 0
3007 -0.7175749229567493 0.05836384726708283 0
3008 -0.7363152042638804 -0.4881685862067171 0
3009 -0.3169206419070397 0.8686168640299032 0
3010 -0.8484801622255609 0.2275548447106595 0
3011 0.07284727904409585 -0.6303485916224799 0
3012 -0.5515055365677495 -0.3037385677614191 0
3013 0.9270074543856677 -0.06182733255155112 0
3014 0.4956421307816697 0.5584305658978584 0
3015 -0.3059082153715293 -0.932073169986165 0
3016 0.7763169134953248 0.2622529555667237 0
3017 -0.04394609845890865 0.08697411311159814 0
3018 -0.600169864164771 0.9728546241291477 0
3019 0.1022906714891454 0.5282038216203887 0
3020 -0.1499957029541769 0.2279646861888236 0
3021 -0.9684308287219181 0.3405221102428696 0
3022 0.5413221254071571 0.4721407132078176 0
3023 0.6207864316980256 0.1621875933724596 0
3024 -0.8220819543201771 0.6592305896345372 0
3025 0.6370713068743462 0.3593403954306871 0
3026 0.1788846781397965 -0.381443927035885 0
3027 -0.624513398946852 0.8911653819406431 0
3028 -0.2668292980762375 -0.7526210503635953 0
3029 0.8089839370137005 -0.09323560283041708 0
3030 -0.5796578805407473 0.7448830155675413 0
3031 0.147975294210895 0.5024222371838721 0
3032 0.3548979947823331 -0.3104938314338326 0
3033 0.03509126927203285 0.6093310477404174 0
3034 0.3547805747437781 0.06417089658497305 0
3035 0.04141740409864007 -0.8315763174007703 0
3036 0.4999680700087771 0.5003783140895905 0
3037 0.7626050541330793 0.353292516905954 0
3038 0.8128154153103255 -0.5229667672249778 0
3039 0.1265910925745925 0.4494137290422473 0
3040 0.01220805057747722 0.8848930062905842 0
3041 -0.2680424001821317 0.1350545634139488 0
3042 0.1209991141344162 -0.6912543714754593 0
3043 -0.4570292190614313 -0.3762451994850485 0
3044 -0.7686618684580457 -0.3056662192209875 0
3045 0.7170217113761675 0.58520907361207 0
3046 0.533325207607353 0.6037319324362065 0
3047 0.9404040128265347 0.5626807973808698 0
3048 -0.2849145021835428 -0.01330506773476691 0
3049 0.972579820403872 0.6551362349112761 0
3050 0.8590028932141418 0.7830016104022908 0
3051 0.9680583214242708 0.7367950936716268 0
3052 -0.7146384701053911 0.5515350689348305 0
3053 0.7469073663992661 0.6315611952202739 0
3054 0.6250737122513014 0.7616342602889394 0
3055 0.7681590450481465 0.6512106813666723 0
3056 0.6694976787791331 -0.6381512850097976 0
3057 0.9230510562805079 -0.6610411732595256 0
3058 -0.1209480083646166 -0.8581464516018588 0
3059 0.6711426110806735 -0.4644263915244101 0
3060 0.8928355289916594 0.1767184275050318 0
3061 0.5599041373682878 0.1503676747174101 0
3062 0.7106132339721181 -0.5862596619462788 0
3063 0.3937217273104381 0.9247619634267676 0
3064 0.5072596979875446 -0.1440339677344968 0
3065 0.7630544193380006 0.1182764579858573 0
3066 -0.8091269407048396 -0.9753791548633529 0
3067 0.3108469081972087 0.6485230193161837 0
3068 -0.2733071883450068 -0.2227749165994689 0
3069 0.7278880551006939 0.720689305019357 0
3070 -0.8065591302881691 -0.04680246139987931 0
3071 -0.9225990033521452 0.3191524874698701 0
3072 -0.5567043832080736 0.9331631862667535 0
3073 0.7273368981527711 0.5544149803055728 0
3074 0.4055776552301096 0.1694525916786016 0
3075 0.1168235810802959 0.3906579926620182 0
3076 -0.9756414131462333 -0.4770439629692564 0
3077 -0.36539224765228 0.09527571875911364 0
3078 0.03565461463506391 -0.3189800426156586 0
3079 0.3988464183991094 -0.1297229920247081 0
3080 -0.2659569961814364 0.8448515029827293 0
3081 -0.861814211729913 -0.9784496936364671 0
3082 0.08290343780905325 -0.3780592376118897 0
3083 0.04283350724325704 0.7518992974268097 0
3084 -0.9735187544242124 -0.6554053172161961 0
3085 0.8793871351618866 0.5662570096026128 0
3086 0.8009533022876838 0.1929037572416165 0
3087 0.7578793854157163 -0.09725938352990016 0
3088 -0.9735269218446845 0.2073359122346492 0
3089 -0.7491841032668312 0.09550668220464867 0
3090 0.2293086859256701 -0.3877415895514167 0
3091 0.8164039095118797 0.4309473813636108 0
3092 0.5269355711608298 -0.8173560429662614 0
3093 0.9737245213467728 0.2096209365229252 0
3094 0.7921564203952786 -0.1452827040528897 0
3095 0.7253828671342336 -0.7274410811206484 0
3096 0.01104497181937706 0.06154010676784209 0
3097 0.3254689141205171 0.5818807852730296 0
3098 -0.3404749305570727 -0.9691336389709018 0
3099 -0.1677413249238931 -0.4331282146147201 0
3100 -0.05593806096933872 0.7309234368251381 0
3101 -0.7589478493724777 -0.7076962624932425 0
3102 -0.9753723806478255 -0.8697708575618326 0
3103 0.8820563994181676 0.8388131437438228 0
3104 0.4841405033149518 0.2177825199041509 0
3105 0.08749640399387917 0.02889352305514584 0
3106 0.4546864421908967 -0.1421119067959703 0
3107 -0.0593641197949588 -0.7435548491700521 0
3108 -0.1478959906621592 -0.9725421059345347 0
3109 0.3327078924103192 0.2753876692009392 0
3110 -0.0211002332811648 -0.09579391343293386 0
3111 -0.4521998590295408 -0.8675943569864348 0
3112 0.1692541967237005 -0.03457394186576219 0
3113 -0.8711365573620432 0.1831786252961408 0
3114 0.7343485684873559 -0.7745330697375952 0
3115 0.9729167235265146 0.03148345164192943 0
3116 -0.3468061387363685 -0.01717540346684547 0
3117 -0.3146877404100214 0.1759579689241589 0
3118 -0.9719856604395272 -0.08785824624410729 0
3119 0.260407114363997 0.4010941388107359 0
3120 -0.4439173655083389 -0.9784045072517757 0
3121 0.4051969534355654 -0.6026112470526478 0
3122 -0.9704230992216224 0.5534661617312124 0
3123 -0.1069078776840752 -0.7971807537765008 0
3124 0.5868934157447705 -0.3211904199688176 0
3125 -0.002537084208965999 -0.2532020203732624 0
3126 -0.4633965073046562 -0.2543725686545946 0
3127 -0.4997842161941628 0.3111657525268228 0
3128 -0.8486306310028329 0.6053448372249078 0
3129 -0.3715450114205827 0.4134677202489017 0
3130 -0.7120682929739488 0.6537495205494144 0
3131 -0.3093225152673754 0.09964606283151492 0
3132 0.8923500302049894 0.9284345095382109 0
3133 0.2738145397882944 -0.1932733591205663 0
3134 -0.7316957211247439 0.6323520192604227 0
3135 0.04316233017669395 -0.4061068773753144 0
3136 0.5733308588843784 0.5619371342268046 0
3137 0.7036876051533152 -0.6381035295065332 0
3138 -0.7199633760563559 0.4615113557938504 0
3139 -0.8035388002796023 0.003940759803005341 0
3140 -0.2177625033557675 -0.3669232526542892 0
3141 0.09333990813239347 0.9792262714636493 0
3142 -0.7701497427161934 0.7627027090304264 0
3143 -0.2603197002481898 -0.555635452214656 0
3144 -0.1889245508953266 -0.4544376193258219 0
3145 -0.09923373296613223 -0.5556594100706093 0
3146 -0.3083708516463091 0.605656155546347 0
3147 -0.3954848663238079 0.05638303792637073 0
3148 0.9265918832031526 0.9721959872724923 0
3149 0.6554421850399539 -0.4230550287226652 0
3150 -0.6509929927819468 0.4759114315355303 0
3151 0.5300733063561441 -0.6774042634799649 0
3152 -0.6297538073398862 0.4041882054075586 0
3153 -0.1696554355861551 -0.8772474197081367 0
3154 0.315657459594629 -0.7641726695369903 0
3155 -0.9757450741055639 0.385119801890617 0
3156 -0.5737956876750521 -0.8379514453595845 0
3157 0.6955237012663134 0.07727658610929894 0
3158 -0.828910580263483 0.4793245203337642 0
3159 -0.9380206454975484 -0.2120515983770612 0
3160 -0.2127665355010173 0.9759209922870322 0
3161 0.5754132099234417 0.8876879574007439 0
3162 -0.203123767078245 -0.5029861497720949 0
3163 0.1727904766780295 -0.9347670777544526 0
3164 0.5703389681708024 0.6662897512598623 0
3165 0.5822776371029078 0.4323196561247424 0
3166 0.2599486378189899 0.1422652265767226 0
3167 -0.4080527416509431 0.1247824799238121 0
3168 0.750008721401082 -0.2823837461727293 0
3169 -0.537503722138685 0.1081637976394418 0
3170 0.3570285018561367 -0.9721372576063115 0
3171 0.9714094472055053 -0.3821234053977929 0
3172 0.6722213479850619 0.5574495859374652 0
3173 -0.06634615915809067 -0.07246706966888426 0
3174 0.2983892315474382 -0.2986678769942794 0
3175 0.6480034620416547 0.2140416799414685 0
3176 0.7923058650587056 0.8982944257513036 0
3177 -0.3561693174533309 -0.7966049780719306 0
3178 0.9263800623375651 -0.7653556948618782 0
3179 -0.1946516487830927 -0.3482052821172085 0
3180 -0.7041711101567347 0.5917906739848908 0
3181 0.7753686213274122 0.06967747087304264 0
3182 0.8705215241711732 0.05461906271677234 0
3183 0.6160981533098531 0.8142320144919765 0
3184 -0.01920555138912862 0.4976572403917546 0
3185 0.6569628791982919 -0.8081929232050555 0
3186 0.1401348919242288 0.557724461743434 0
3187 0.232154568727003 0.5276472156287586 0
3188 -0.5152211495870964 -0.3634723761583384 0
3189 0.152536729260212 -0.7099032929758358 0
3190 -0.2316621965036132 -0.4934324582019911 0
3191 0.3766626340863573 -0.4386221236680445 0
3192 0.3193154858022181 -0.2222991840639521 0
3193 -0.6102053616350045 -0.2874931079104117 0
3194 -0.9324592625124707 -0.1178849729502272 0
3195 -0.711371078494925 -0.9280346523584506 0
3196 -0.8974452497658219 -0.4318814186077367 0
3197 -0.1270323917792825 -0.2888701614328682 0
3198 0.7238557029902668 -0.9269289357859659 0
3199 -0.09672824934167698 -0.293797616081247 0
3200 0.07006983452717007 0.8012353702456728 0
3201 -0.9214150980990365 -0.07170306179458724 0
3202 0.6089833093935568 -0.5307368525267362 0
3203 0.9278884333182972 0.6918600582932328 0
3204 0.6075534330867399 -0.2958122057092344 0
3205 0.736472585945972 0.4502974986197393 0
3206 -0.2046408921294169 -0.2610190188182301 0
3207 0.924780890557523 -0.4171330781654182 0
3208 0.8129392021613139 0.3681667666874266 0
3209 -0.6021646668074436 0.4512694054643459 0
3210 -0.374067817534526 0.5060325453405159 0
3211 -0.4446588188800348 0.3076331088387917 0
3212 0.8237649721416039 0.5457062641855061 0
3213 0.1518371327193685 0.1515350705126301 0
3214 0.03912975504871218 0.9339381671017479 0
3215 -0.09263950570402812 0.9734416448276348 0
3216 -0.1303919442907445 -0.4698718779098644 0
3217 0.8045883791647596 -0.8113172129761672 0
3218 0.1285106188954039 -0.5191434585796151 0
3219 0.4484095970047771 -0.06258893735201675 0
3220 0.9385465350215172 -0.3363065855257418 0
3221 0.2239126787140486 -0.1296808607499193 0
3222 0.6313172793705265 -0.9408965644372304 0
3223 -0.2927038934257679 -0.519690204425219 0
3224 0.6008243499906484 0.1897123037567779 0
3225 0.9157761369839958 0.3325570707207267 0
3226 0.9235410728386545 -0.6270874640683148 0
3227 -0.8195943273425371 0.3933439418705168 0
3228 0.01291064860441702 0.7091325108341651 0
3229 0.9284913993474853 0.2987625848409892 0
3230 0.8771280803998074 -0.2090999508852235 0
3231 -0.1362232951079665 0.8487595932250431 0
3232 -0.6543769609391858 -0.2123402618008952 0
3233 0.5996888261855777 -0.5601900386933852 0
3234 0.5117132176150304 -0.5268148567141998 0
3235 0.04780400532274734 -0.2361546953190702 0
3236 -0.2918240225508333 -0.1690187427387307 0
3237 0.3735293309481441 0.1168035990494873 0
3238 -0.9727098736974511 -0.03277788694549034 0
3239 0.1353874153467278 -0.7655159572288466 0
3240 0.8450135214515999 -0.2271212258002649 0
3241 -0.9738900881761486 0.7249609442622189 0
3242 0.8012053594442047 0.610199246849516 0
3243 -0.5729699198674441 0.4427879566683756 0
3244 0.6406264063598444 -0.7313680874558537 0
3245 -0.0008003919060766846 0.9733837960707621 0
3246 0.06367666640955261 0.3100484546667937 0
3247 0.6070834718193737 0.2408139230394847 0
3248 0.2078253977841246 -0.7114081394689489 0
3249 -0.7492417900658912 -0.7442790777751533 0
3250 0.8001639187290215 -0.6489606453938376 0
3251 0.1893701206544915 -0.1745410533933217 0
3252 0.06211065627724673 0.7006704921908427 0
3253 0.7966652145059913 0.8099354394374356 0
3254 0.6589948044257672 -0.02389850269631257 0
3255 -0.5382634174057787 -0.7936567687941263 0
3256 0.1137112502093253 0.002200860244157696 0
3257 -0.8466917176521677 -0.2612153263764272 0
3258 -0.1807217523144612 -0.4831735241275892 0
3259 0.8323329092988191 -0.9758318334524564 0
3260 0.8473114103209715 -0.7120653341946706 0
3261 -0.323980872431683 0.1252138402877008 0
3262 0.0604280938762858 -0.4478633910535363 0
3263 -0.0009233601035470492 -0.7362661364780655 0
3264 -0.7217278583859094 -0.6976714540492547 0
3265 -0.9747329632742595 0.4763738786744561 0
3266 -0.6023866762431312 0.9225576168620685 0
3267 -0.1635866294670521 0.8680251978429688 0
3268 0.4690128436670429 -0.86487992697544 0
3269 -0.9347821132831802 -0.5685005454705867 0
3270 -0.01490787902718858 0.09778475215179253 0
3271 -0.09743974773121879 0.08309732263570918 0
3272 0.7458537918408129 -0.4083883589467461 0
3273 0.7462686567157132 -0.9752830486723212 0
3274 -0.1850790416423047 0.5612167623143277 0
3275 -0.3594843518630936 0.1273557201121328 0
3276 -0.8024500520355105 0.7653071596305637 0
3277 0.2011458266562554 -0.9732306981666516 0
3278 -0.5683579296427105 0.3400117510412062 0
3279 0.3382092525141588 -0.576903633997655 0
3280 0.1302003562096376 0.6014827588420749 0
3281 -0.5286599172311215 0.4891198048544512 0
3282 -0.05869137240059306 0.9739577573353937 0
3283 0.9737846278276363 0.8694784410529629 0
3284 0.6704286260560772 0.4090428325504674 0
3285 0.040359359575855 0.8725503610809572 0
3286 0.4437353152639519 0.6821063513704912 0
3287 -0.2830885381898299 -0.8611880548941039 0
3288 0.9732372704325503 0.3189978240829974 0
3289 0.106432831628993 0.9319417185914445 0
3290 -0.7648271830358748 -0.4845996742940106 0
3291 0.07737463944581512 -0.7609701487833817 0
3292 0.5964348346828425 0.8383014638384406 0
3293 -0.7014632732052652 -0.2263275677462954 0
3294 0.8479848260244764 -0.6403118065297209 0
3295 0.8215342689384836 -0.1953255768844344 0
3296 -0.1198987938226777 -0.3433479237110557 0
3297 -0.5492236741405071 -0.5631123146320924 0
3298 0.9769432746922837 0.5977866832913277 0
3299 0.1891880186087327 0.3567405070484929 0
3300 -0.7234051846828691 0.7893690874611043 0
3301 0.974984459260527 -0.8649469433281897 0
3302 0.1345237078235263 0.1325280690000586 0
3303 -0.6078071916489891 0.4881970191934209 0
3304 0.2157211191669222 -0.1812749681325498 0
3305 -0.2500181072094668 0.8910411294177145 0
3306 0.6923101396140887 0.7192032194988265 0
3307 0.7705217483700371 -0.9211416584966525 0
3308 -0.7702529498838968 -0.4389892248334012 0
3309 -0.4535001367404912 -0.9170165307652226 0
3310 -0.1661874839256618 -0.3558094367461647 0
3311 -0.8605035927682507 -0.01443171841410786 0
3312 0.4349017245267227 -0.5908898802370484 0
3313 0.9231289783495253 0.2213671811193043 0
3314 -0.04704084257610019 -0.3567238901295461 0
3315 -0.8743020051869428 0.6683933034685525 0
3316 0.9759250359721361 0.1501501262231002 0
3317 0.353380179176605 -0.795508773388694 0
3318 0.3404350538133022 0.3749249752915146 0
3319 0.1665697988408683 -0.8878438031111821 0
3320 0.3292650516892484 0.9781797332189828 0
3321 0.5060942469064029 0.08534802669190278 0
3322 0.02682639343819164 -0.9746451205343742 0
3323 0.04622186720516851 0.1741911994501957 0
3324 0.4757024129828397 -0.2653325761666994 0
3325 0.4210027577294519 -0.1588303322382171 0
3326 -0.2167202513422538 -0.008235175933464751 0
3327 -0.3033889284578029 -0.2743172030813209 0
3328 0.9216584001939317 -0.3861623039544848 0
3329 0.7945361769266894 0.839857206628898 0
3330 0.2657126570708225 -0.6962250696971474 0
3331 -0.1558747644745754 -0.5640314751029923 0
3332 -0.2775882223126799 -0.3188402287849309 0
3333 0.311656465595798 0.5258133140437661 0
3334 -0.3983152287738487 -0.5268428938451715 0
3335 -0.03700472905531921 0.01072675962915089 0
3336 0.8741795552198915 -0.4929183486899424 0
3337 0.2590291060457632 0.6395084523922887 0
3338 0.1369628684298331 -0.4580680133056921 0
3339 -0.9027006887401139 0.6255558491256851 0
3340 -0.5798491340694328 0.2541005015752316 0
3341 0.548438239698001 -0.9434497455566607 0
3342 0.4271957389925411 0.4561509406429898 0
3343 -0.4829026360250028 -0.397557111330926 0
3344 -0.7286118465386915 -0.9716208558827897 0
3345 0.7567021858713951 0.9327174147011306 0
3346 0.4669729269502219 0.9260811288593092 0
3347 0.7581092605126728 -0.6811791661172458 0
3348 0.7186653340616125 0.2638048939739179 0
3349 -0.2146145198108003 -0.5510767753715144 0
3350 0.2292639543560162 -0.3550158197981321 0
3351 0.564080126269761 -0.5560411858066433 0
3352 0.07528143624952889 0.1103453648608856 0
3353 -0.8014467091454037 -0.6175107153780539 0
3354 0.6619166034060388 0.1911827273640248 0
3355 -0.8809711532936728 -0.5503694481155839 0
3356 -0.9402452186054633 -0.7784076880038769 0
3357 0.6390523169985843 0.4112959195191529 0
3358 -0.6250647809254133 0.1874053992870547 0
3359 0.3415932067202709 -0.5270942354415713 0
3360 0.5069792356866314 -0.4309273591861081 0
3361 0.9375086172198281 0.03552152882029665 0
3362 -0.3293213545951166 -0.6269300280864152 0
3363 -0.5812182356119292 0.2906461960060639 0
3364 0.8024126734126535 -0.7060072847144307 0
3365 -0.8785215132760515 0.7263037932040447 0
3366 0.5344434058144931 0.0932215346527787 0
3367 0.9759655540089449 -0.9760991439824843 0
3368 0.6434053998144967 0.3095563457161488 0
3369 -0.250811616725878 -0.001718408119855999 0
3370 0.2122517455722207 0.1068367741804644 0
3371 0.5192059016678101 0.9093778405219111 0
3372 -0.2546953550583806 -0.8133349164308064 0
3373 -0.7990254612150822 -0.3540088785239711 0
3374 0.305241198912467 0.4275670750743837 0
3375 0.9782304208088135 -0.0893234467686559 0
3376 0.7003548179155012 0.1505377694849103 0
3377 -0.4791194524060325 0.6385217770268833 0
3378 0.7886794648584561 -0.8577317497590988 0
3379 0.7954127774853039 -0.3701030007249313 0
3380 -0.1423187055842803 -0.1745886191150738 0
3381 0.8377208988267913 -0.3477130716928059 0
3382 0.2987858241490849 0.1968354991442589 0
3383 -0.2372816524895106 0.04357254810690782 0
3384 0.9754875387657835 -0.1492822759947917 0
3385 0.3660679960187552 0.6936182783118127 0
3386 -0.5580966205104291 -0.3909967860992811 0
3387 -0.5215604302430894 -0.4651353884748475 0
3388 0.2881240162644066 -0.07656512026569065 0
3389 -0.861734431839688 -0.4988556205543675 0
3390 0.005939496353610337 0.3662201555187979 0
3391 -0.5402755870486703 0.3301959004152569 0
3392 -0.2339562643262488 0.9336520245376542 0
3393 0.306350789862375 -0.02725692466694446 0
3394 0.0926065163188667 0.873898959869297 0
3395 0.7841162965134933 -0.7573350178329147 0
3396 -0.6528199302444846 -0.3251506486559202 0
3397 -0.9326023393735079 0.8481920975530134 0
3398 0.937627645671159 -0.2797857383621132 0
3399 0.6124882082354808 -0.8552793447728402 0
3400 -0.8790980035944247 0.5384317532259597 0
3401 -0.007509341728810623 -0.1715656034521028 0
3402 0.2687859686346 0.9029716533655215 0
3403 0.2378070525932456 0.2395940204307394 0
3404 -0.0688830956990729 0.2880239754767736 0
3405 0.1994335879427219 0.1554225312891607 0
3406 -0.06437489426925118 -0.5100884794573344 0
3407 -0.5856335143953864 -0.6707458867247579 0
3408 -0.05787671322831765 -0.3240044910026301 0
3409 -0.7108072948952835 0.2445554786688682 0
3410 0.06547530315759011 0.6144154294519178 0
3411 -0.04901901803454595 -0.92141214334513 0
3412 0.6106727107783965 -0.4451409045542765 0
3413 0.4495205465868318 0.4131294431976981 0
3414 0.7379979955925476 0.6888791742211137 0
3415 0.5626000469503269 -0.3663749122343446 0
3416 -0.00695479495681737 0.8400533579187883 0
3417 0.4460272469116617 0.632180957147548 0
3418 0.6854184787114482 -0.4011219971906351 0
3419 0.8869453864934987 -0.3419215317955659 0
3420 -0.7608220167552119 0.8890859930331708 0
3421 -0.4084030365491756 -0.2651580751525416 0
3422 0.02606565049279186 -0.08582460802972756 0
3423 0.46496620350372 0.3655848105842799 0
3424 -0.9731087992750127 0.5255136102510117 0
3425 0.3455043263493948 0.815251757633048 0
3426 0.4887729765590639 -0.6054131973014707 0
3427 -0.9303919823415324 -0.6989776147498392 0
3428 0.7825198055712226 -0.3947670440230441 0
3429 0.973480632656845 0.9733683669733385 0
3430 0.6696671833691047 -0.5383020754085902 0
3431 0.5744468686361061 0.6338762062143897 0
3432 0.05129435317187155 -0.6089063150824443 0
3433 0.2756665155297698 0.3014351891895951 0
3434 0.9269343989169079 -0.8604351967150299 0
3435 0.6519420648432355 0.7674369063796648 0
3436 -0.5012669830870373 -0.3041634262921408 0
3437 -0.3675969846927495 0.6138590489641805 0
3438 -0.7453224485588303 -0.2147791951088987 0
3439 0.4014915914543867 0.6490378494487371 0
3440 0.509769245524868 -0.6910403816499592 0
3441 0.4830710424973816 0.8192944193362676 0
3442 0.8642952508731602 -0.7882597091631416 0
3443 -0.1017191995100203 0.9395240120247962 0
3444 0.9263358848264656 0.2478392530414455 0
3445 0.9227752207162997 -0.8862474213475358 0
3446 0.9731190421703761 -0.6540397173933286 0
3447 0.5307071135669731 0.1408801708787595 0
3448 -0.3875527046599492 0.6349318047778183 0
3449 -0.9171953148480061 0.7510894939542216 0
3450 -0.8798322562647878 0.07385040571793249 0
3451 -0.9706073043163068 -0.7415564896221083 0
3452 -0.1017331111640526 -0.4768591967754603 0
3453 -0.09581164814600812 0.8052804431286981 0
3454 0.7889953567783111 -0.4743503449136268 0
3455 -0.1156339188707789 0.04711628204045479 0
3456 -0.8754879216315641 0.2281579060518762 0
3457 -0.974784312912036 0.9347892843422803 0
3458 -0.4250150168959014 0.6460072653081175 0
3459 -0.7646842110785749 0.04265235757046795 0
3460 0.1766485868474593 0.6838074230493782 0
3461 0.06590686259175418 -0.9282666124300336 0
3462 -0.5074605385044177 0.1112092955481581 0
3463 -0.2859072958461131 -0.07482945578109851 0
3464 0.3551311607985137 0.6167126417209384 0
3465 -0.3515025417797337 -0.6992693361169976 0
3466 0.4024363877091408 -0.4146705517692083 0
3467 -0.791389298820145 -0.5753064370661877 0
3468 -0.9346938473163997 0.7080332029268108 0
3469 -0.06380786100582256 0.5017770307350639 0
3470 0.8431054280641932 0.5088154297852553 0
3471 -0.492955801910401 0.1409380909325874 0
3472 -0.4104456372461151 -0.8014933550915034 0
3473 0.8305430237982269 0.8602404638232842 0
3474 0.6930677889398342 0.6272223488599239 0
3475 -0.7538392791985729 0.1884302286622485 0
3476 -0.159888739787856 -0.252735356070496 0
3477 -0.7708615427981884 0.3614186956089732 0
3478 0.8413094050706112 -0.8806454464384615 0
3479 -0.2375952166218288 -0.4665028074719768 0
3480 -0.7959641431740649 -0.1760479839320192 0
3481 -0.1184820649461586 0.2466628451111011 0
3482 0.9721268848124909 0.783789586027003 0
3483 0.4336675726068902 -0.2467890713699797 0
3484 -0.406576032567288 0.5430882243520796 0
3485 -0.4989100851491615 0.4571777298689031 0
3486 -0.1387892397981339 -0.4414078944755582 0
3487 0.3815227398177791 0.7410349931215957 0
3488 -0.6058868110166544 0.7575520408525895 0
3489 0.2834712624281513 -0.3839334028091996 0
3490 0.3080869200534868 -0.427823953404161 0
3491 0.6810290069338825 -0.219816119209983 0
3492 0.9249794564527719 -0.9428891198625393 0
3493 0.05502283392837526 0.3559065645795333 0
3494 0.8733659075265536 -0.3141011697315649 0
3495 0.5434592602561124 -0.7282865581500815 0
3496 0.4070300385420388 0.7616760667959641 0
3497 -0.4335229561924475 0.2703512749993424 0
3498 -0.4327485835273511 0.5646663015120954 0
3499 0.2829049289404518 0.6776493871076771 0
3500 0.1780968678119631 -0.667622428586776 0
3501 -0.3864711539246659 0.8791134604899247 0
3502 -0.9326455274036805 0.5098991254164815 0
3503 0.9657725133210551 -0.1898449143061832 0
3504 0.08084989950894586 0.3604547198284795 0
3505 0.01811779508344906 -0.6858101437032313 0
3506 -0.6290821947464458 0.5947425535368128 0
3507 0.6689182705061413 0.1434166563023433 0
3508 -0.9332530678394513 -0.9747049896847835 0
3509 0.1358161950208762 -0.2305720508633984 0
3510 -0.4722348056446384 0.7203638742978598 0
3511 0.9425049805913093 -0.4693254985964103 0
3512 -0.4096072119085101 -0.7148842946970592 0
3513 -0.3370323086220902 -0.08663052891080485 0
3514 0.6758186993446995 -0.5897451593693158 0
3515 0.5927421087781198 -0.9774933911675505 0
3516 0.2794216818490066 -0.4703990538270939 0
3517 -0.3127312146539827 0.5260645796779766 0
3518 0.04410449917954208 0.3305529437469232 0
3519 -0.8642593576057953 0.2815674252740446 0
3520 0.65260409422779 0.9409719287274123 0
3521 -0.1622031658298456 -0.2237401880607758 0
3522 0.546937580405507 -0.1850288003975393 0
3523 -0.847078762605319 -0.9336357481338499 0
3524 2.750815405771202e-05 0.1975812975910323 0
3525 0.4319593228991265 -0.434688829446354 0
3526 0.5993852627906758 0.2896313315670735 0
3527 0.6421374643151716 -0.3788967168834605 0
3528 -0.4329915673560527 -0.7596038897973814 0
3529 0.7482579159244425 0.2428160311268838 0
3530 0.2179121665408135 0.7409307171691252 0
3531 0.04559950635975063 -0.7499231994781697 0
3532 0.7880648077121093 0.1678997916386027 0
3533 -0.7461573922634761 -0.9172791635334463 0
3534 -0.6441523941762393 0.9448940490551934 0
3535 -0.3920460996747137 0.1803080389907747 0
3536 0.7597853954436237 0.4041150428637396 0
3537 0.07966895370846305 -0.7903440497158741 0
3538 0.6587394264896758 0.6260062106941586 0
3539 0.7513373321854714 0.02283126029238557 0
3540 -0.249742981942736 0.6850301809888157 0
3541 0.2516857086467795 -0.8683672903865066 0
3542 -0.09356667217620543 -0.5039117411417644 0
3543 0.4189435351247354 0.09172097036871199 0
3544 -0.9209145333646731 0.2161789690682303 0
3545 0.7583227227225215 0.1663529833068911 0
3546 -0.2256540852718428 0.6932539168818752 0
3547 -0.9305464085223557 0.2451850932228161 0
3548 -0.8298861092447054 -0.6179017401061299 0
3549 -0.4008251269006197 -0.6251804512209299 0
3550 -0.7193599345358892 -0.6694546928520515 0
3551 -0.4305119804572686 -0.9296127263465874 0
3552 0.7781404068234115 -0.1774289531286395 0
3553 -0.2158721054338355 -0.7329579723129672 0
3554 -0.2317503741767619 0.6382257179236468 0
3555 -0.1442688705715072 -0.5191444844952338 0
3556 -0.2489660796107213 -0.3306334460724377 0
3557 -0.01190030672389585 -0.6406827085586346 0
3558 0.9745527423182413 -0.8100248798367295 0
3559 0.5906441389709169 0.940169528476039 0
3560 0.5094119849264023 -0.9772424419511871 0
3561 0.516328890014953 -0.2205591339097294 0
3562 0.1575077497262717 0.4550353818398788 0
3563 -0.9335845592871156 0.05695682850912219 0
3564 0.5113709293025676 -0.3453055777229547 0
3565 -0.1856860017508326 0.8320970740375906 0
3566 0.9266444239640318 0.1649180085765974 0
3567 -0.1619407568258241 -0.8322711643798317 0
3568 -0.3912226208403212 -0.8549063020223292 0
3569 -0.2550541612239112 -0.2450418983272572 0
3570 0.5483449879340346 -0.2762341957486012 0
3571 0.4402936204977214 0.5464826939986671 0
3572 0.8768284799008468 0.0004703255750397791 0
3573 0.8941944156249101 0.6536894113615522 0
3574 -0.1127758633798737 -0.5251627682419314 0
3575 0.3584096334456162 0.3521199792027729 0
3576 -0.4341341602805838 0.3627068050348149 0
3577 0.420177735117593 0.9728164239409038 0
3578 0.1800341356407708 -0.6971489843617327 0
3579 0.8762241129577927 -0.7452175527837147 0
3580 0.9743973902485155 0.3902294686928962 0
3581 -0.574312925077884 0.5206333643818275 0
3582 -0.2359623481933919 -0.640784317826362 0
3583 0.3041661123675681 -0.2496072040962312 0
3584 0.210526256475203 -0.07720424361210219 0
3585 0.1000554740815531 0.1699868530346195 0
3586 0.7010814439870124 -0.1870280802898469 0
3587 -0.9681928384014435 -0.7853763787632282 0
3588 0.4711001814515238 -0.1895064968881174 0
3589 0.3863465108619429 -0.5527946983439389 0
3590 -0.672530610402991 -0.7960781181780787 0
3591 -0.01039884197046942 -0.7659419256699713 0
3592 0.6052371543891634 0.7887607150966589 0
3593 0.5322571555167279 0.2378651338373227 0
3594 0.9404790093137241 0.7784135654777757 0
3595 0.2282533868039271 -0.2089128615380804 0
3596 0.5119697602899979 -0.7628646476685651 0
3597 0.178873409780006 -0.848140193121899 0
3598 -0.6817607538817335 -0.5416502827358086 0
3599 -0.9394169138981453 -0.04290202416770841 0
3600 0.9773964851521614 -0.3024758373580859 0
3601 0.1547240776040233 -0.4293612979340253 0
3602 0.6268656716428275 0.9769261444256703 0
3603 -0.4838338245427442 0.7488509751919464 0
3604 -0.8741602249256871 0.6383841789330469 0
3605 0.9020785909538915 -0.2521722869587976 0
3606 -0.1177167953766425 -0.9747793689398943 0
3607 -0.9760508331075608 -0.6009379190689709 0
3608 -0.4343835546328915 0.8685366370681689 0
3609 0.8401726836744516 -0.2824074943345317 0
3610 -0.5752205912166288 0.7161949217812191 0
3611 -0.1056909855684892 -0.2436743932926217 0
3612 0.4555356755653005 0.7766138383594585 0
3613 -0.1988302053729335 0.7848368086491886 0
3614 0.9379573456708541 0.1209370976176143 0
3615 0.8221661789148598 -0.4172127994763047 0
3616 0.2659820881753147 0.0952428913307137 0
3617 0.6191864295232786 -0.06364451290875292 0
3618 -0.8703281208612299 -0.09650600054866348 0
3619 -0.5263716358417585 0.3717549633892238 0
3620 -0.9071979110987516 -0.3537844600843143 0
3621 -0.1798650745346401 0.6137976900198456 0
3622 0.3714208844977281 -0.9149263838545221 0
3623 -0.4155429039903591 0.5896316746509361 0
3624 -0.8642373597679964 0.5136651483361518 0
3625 0.459801894839163 -0.3976552864554828 0
3626 -0.4173371185517429 -0.2896280747832103 0
3627 0.3452000797223462 0.1117241888600106 0
3628 0.4830169594965177 0.5806883436507396 0
3629 -0.3553840919520648 0.5456828174453169 0
3630 0.2369472015689306 -0.4509991400401198 0
3631 -0.8342186321032489 -0.1239113594090599 0
3632 -0.9306378989532689 -0.475644194628619 0
3633 -0.05569189126177239 0.9278079124587729 0
3634 0.7863981328129039 -0.05257967452191827 0
3635 0.01378797573403956 0.2914459026625417 0
3636 -0.9263734537769124 0.5539223443720734 0
3637 -0.6401657086008589 0.7936440592016579 0
3638 0.8707258334311196 -0.3918073165276309 0
3639 0.6420795381105892 0.706549922982409 0
3640 0.3595177153994041 0.7849774407208276 0
3641 -0.09614054490868038 0.5391169435242096 0
3642 0.6500082539826282 0.164085017513555 0
3643 0.3530091618317079 0.527022735065995 0
3644 0.6046075173858303 -0.09906291586495367 0
3645 -0.3369747007427666 -0.7699850449155037 0
3646 0.5809753120112224 -0.8594349349016136 0
3647 0.5568367584218844 -0.4204333738492133 0
3648 0.3377875926377802 0.9324333175532117 0
3649 -0.7806777118627624 0.7152539115311825 0
3650 0.4289020167609241 0.06746273286742038 0
3651 -0.3143861391698271 0.8275877596734571 0
3652 0.2876840570773277 0.4502299022608223 0
3653 0.9367343339165517 0.6157297498547173 0
3654 0.7362478232384919 0.7744661223264286 0
3655 0.4973748631244053 0.693664280073693 0
3656 0.2712181506030958 0.4976228999002719 0
3657 0.7170956935333177 0.8257255410529631 0
3658 0.9358468916727816 -0.00869299856432566 0
3659 0.8121980272896809 0.3371825388390761 0
3660 -0.07087641227436031 0.2341135864822608 0
3661 0.2666994306396777 -0.9760146924085485 0
3662 0.3629906416271766 -0.4718295468525886 0
3663 -0.8924827627138152 0.5841941331702567 0
3664 -0.2625524359988198 -0.1243000534628231 0
3665 0.01970979016149023 0.8283310169585991 0
3666 -0.4346512961051543 0.5085156340339876 0
3667 -0.4370042678124996 0.9731222722865763 0
3668 0.116670582763719 0.08182471006052304 0
3669 -0.801138464130594 0.2580366423224896 0
3670 -0.7896357787750118 0.9705576188806766 0
3671 0.01620770851074512 0.626286681921256 0
3672 0.8421623891554436 0.8031556095705086 0
3673 0.8957791901866836 -0.8958087246502019 0
3674 -0.7441926245719438 -0.1685807108742457 0
3675 -0.3340174442887204 -0.6742806116989383 0
3676 0.6522725074208031 0.6619714448004844 0
3677 -0.1790667841407707 -0.4050694074081758 0
3678 -0.8000491397617043 -0.3028441631910037 0
3679 -0.1742537094379989 -0.3000446691954817 0
3680 0.2022336924102878 0.9772279712919097 0
3681 0.7902552159390611 -0.8849894330500883 0
3682 -0.5591473136457459 -0.7145814613967878 0
3683 0.5747400732177359 0.2116775500426153 0
3684 -0.1237156823957208 -0.6001631305079019 0
3685 0.09805498460696653 0.4339887142085339 0
3686 0.7405603527563402 -0.1486348344175999 0
3687 -0.5420815401115718 0.2128535090476599 0
3688 0.3059206677203937 0.3334353854415049 0
3689 -0.3733689850553025 0.2821311886679824 0
3690 0.716392153572377 0.3833780927549452 0
3691 -0.9018067964864193 -0.1540221367162782 0
3692 0.1691643872050503 0.3773379968807105 0
3693 -0.8247128433339622 -0.8237359818328928 0
3694 0.7510710204535739 0.5147739281212397 0
3695 -0.3809178911108986 0.7955464811261406 0
3696 -0.8135334531266537 -0.4913903906973117 0
3697 -0.4072485682040653 0.7129464770112693 0
3698 -0.4891593448428601 -0.5175015166031152 0
3699 0.4242454614389575 -0.8344503919699491 0
3700 0.7033793038546701 -0.6835076478185009 0
3701 -0.01070451153001441 -0.8131131424768652 0
3702 0.9412200834118063 0.6482309677493321 0
3703 0.551280796214463 -0.05426540557158396 0
3704 -0.6848556031778398 0.6480971402253015 0
3705 0.2165044220758264 0.55002958991813 0
3706 -0.9735145875640687 0.6746904162810959 0
3707 -0.1324899680309233 -0.2618939332144173 0
3708 0.4247020819850884 0.8938102949859519 0
3709 0.7624197306796777 0.6805276546759477 0
3710 0.8247388603278143 0.2412593296525674 0
3711 -0.7279762559140881 -0.8029105066665732 0
3712 0.5229349762705371 0.7943366024691831 0
3713 -0.9460949391713088 -0.6537995276955419 0
3714 0.03117485304543929 -0.6627336230063847 0
3715 0.9237336294002085 0.9400318571687858 0
3716 0.2728108289566042 0.8060880061987966 0
3717 -0.972796361170999 -0.2554246149870496 0
3718 0.9414039285689952 -0.7190859252195112 0
3719 0.7678234436022593 -0.5300188116594422 0
3720 0.8957833347952939 -0.6191291165023296 0
3721 0.003745566837291133 0.4445585038596732 0
3722 -0.7206248458386397 0.3238049592233048 0
3723 -0.1211588020165842 0.6305208524375598 0
3724 -0.6985552439176131 -0.2498547241546837 0
3725 0.4715820496211613 0.9776611276047267 0
3726 0.4516272191711473 -0.6364327267940484 0
3727 -0.6836450410848642 -0.9748942980467226 0
3728 -0.6386327572396517 0.6598688294440859 0
3729 -0.3719921937736445 0.3685140225020235 0
3730 -0.9783295869556516 -0.6846188802075577 0
3731 -0.02609723063538361 -0.9775488700170907 0
3732 -0.7929244391160977 0.8220805839001462 0
3733 -0.3546520161870173 -0.1614366451203834 0
3734 0.1771651946142957 0.7130000370339749 0
3735 -0.7509155030938041 0.5667796105612881 0
3736 -0.976208869907301 0.5944782202347436 0
3737 0.1035008749719128 -0.1792037084484095 0
3738 -0.8724732785301883 0.9325664965660061 0
3739 0.1601578665434015 -0.4795637920770495 0
3740 0.1640538801693282 -0.8026809384594131 0
3741 0.975871307061873 -0.7426079917080149 0
3742 -0.5528000239963665 -0.6686526870533603 0
3743 0.3917321667129769 0.04459424080898982 0
3744 -0.6844273406805046 -0.5958186455183934 0
3745 0.8489908192990885 0.5832649824905864 0
3746 0.790106546037403 -0.940440395539261 0
3747 -0.9762267980936896 -0.5370177593359072 0
3748 -0.198101519099201 -0.3192247127795123 0
3749 -0.7042861576830819 -0.4488615100102833 0
3750 0.007716880704356228 -0.3675467198095007 0
3751 0.3436044836295675 0.2251096829684296 0
3752 0.6007053107275196 0.896561005783536 0
3753 0.006934191979674108 -0.2787337291142404 0
3754 -0.6819727489489414 0.9766148502222897 0
3755 0.3931562735342259 0.8231787744736698 0
3756 0.8215654868126359 -0.9269455146427181 0
3757 0.09615992013818299 0.7753376129210934 0
3758 -0.7782662631313533 0.1821685422527554 0
3759 -0.2201110529114382 0.8842657467628319 0
3760 -0.7359006118992484 0.145968357749189 0
3761 -0.1352034613509387 0.1975109693708705 0
3762 0.6678805408171314 0.8438875637575036 0
3763 -0.01641203893103742 0.7915646477319827 0
3764 -0.6351871019509574 -0.4843235552349447 0
3765 0.5545348800356671 -0.5309543419559908 0
3766 0.4433223510280684 0.7313475463504558 0
3767 0.2587823845332234 -0.1651527807836211 0
3768 0.1998934701754023 -0.3112585938461572 0
3769 -0.1902634048043189 -0.6932249761765775 0
3770 -0.9421887971608608 0.3422923139568198 0
3771 0.8185268075859415 -0.2644087678255325 0
3772 0.2930794940804977 0.1009612735288276 0
3773 -0.01830313045516997 -0.9269289262811174 0
3774 -0.2311136226855725 -0.5957733360919417 0
3775 0.640901586321868 0.9161160210174593 0
3776 0.895370339708126 0.2071127830755664 0
3777 0.1552019307673379 -0.3006247970902693 0
3778 -0.8801046189493619 0.4472435909779879 0
3779 -0.2452169064926877 -0.05163090293734469 0
3780 -0.7048542140866485 -0.3283761367556027 0
3781 0.4261083190957929 -0.1050011763715319 0
3782 0.1824970805194138 0.8483763436560664 0
3783 -0.976943740807062 0.2410392230532256 0
3784 -0.1438187857059311 -0.6230490534179783 0
3785 0.4872929185120402 -0.9396045741260359 0
3786 -0.6290142563957849 0.7170227549018924 0
3787 0.5394380758114172 0.3999195646666738 0
3788 -0.4390461717213314 -0.7069381918608436 0
3789 -0.05415993062770194 0.8318610945222065 0
3790 0.2658364751163964 0.7761408878622261 0
3791 -0.4193449678043548 -0.5953484079756315 0
3792 0.1109364714256291 0.28844690696928 0
3793 0.1997661209903658 0.9310913793259914 0
3794 0.7515950690216179 0.8165975710979071 0
3795 0.4054672922194614 0.2548772102701826 0
3796 0.1072888155172745 -0.5954147883388929 0
3797 0.1932422700887554 -0.1305198969705696 0
3798 0.8997884906373328 0.7040595965060619 0
3799 0.02398571797584868 0.977590822832029 0
3800 -0.9407022476355935 -0.2673007524141978 0
3801 0.6212119255987193 -0.4721168490182843 0
3802 -0.9324324936342884 -0.6152107916515894 0
3803 -0.04929088743856746 -0.2719887596329764 0
3804 -0.8929537839551709 0.3314421813474734 0
3805 -0.8555813626730817 0.7100470254425892 0
3806 0.2221851946843069 0.877574884791025 0
3807 -0.7692761934537065 -0.6718133532171792 0
3808 0.1980689135505944 -0.5507093461066624 0
3809 -0.5228153148862119 0.7117939323474328 0
3810 -0.5859230973113472 0.6647236261112279 0
3811 0.6526296767786124 -0.5627042104730979 0
3812 0.2983141527345327 -0.8577606233175871 0
3813 0.6995276517811237 -0.2779870732468818 0
3814 0.3907475142461761 0.3689146760282613 0
3815 0.3832781773562354 0.3961266344724477 0
3816 -0.7340509975372644 0.511464795148745 0
3817 0.4996268629330332 0.9372041053263418 0
3818 -0.6431599875610117 0.5708981856789149 0
3819 -0.241353659983909 -0.7599836485712128 0
3820 -0.04545645897813132 -0.8383011794594644 0
3821 -0.3133756773537776 -0.7225871632744781 0
3822 -0.8422908755792738 0.3484575007596435 0
3823 0.9313986530437581 0.8267455101156456 0
3824 0.6667108710364329 -0.319959933819687 0
3825 -0.7790524118083747 -0.4010888303462763 0
3826 0.8143265239996818 0.6663800115934604 0
3827 0.8531248364563124 -0.08901609056124379 0
3828 0.01564162619359758 0.2405414010474013 0
3829 0.6105056662287248 0.7427538956490051 0
3830 0.4230216251940958 -0.7225037582198951 0
3831 0.6657915661462425 -0.3696301202517669 0
3832 -0.6381779406480493 -0.671147551527528 0
3833 0.8334250726750554 0.3785676228090982 0
3834 -0.2633631507613459 0.7376338568094901 0
3835 0.7827382858329336 -0.3471413957659857 0
3836 -0.3054629704008789 0.2254185462294309 0
3837 -0.8319366051452829 0.56009547956091 0
3838 -0.9768517036461187 -0.3005562425501186 0
3839 0.6254679828739862 0.5895415466871141 0
3840 -0.5814729218683774 0.1410867844074588 0
3841 -0.7052760373720972 0.1937493858918277 0
3842 0.9737111407842688 -0.9370534047116864 0
3843 -0.6369975763627356 -0.5955500902953985 0
3844 -0.4542259601565953 -0.613435436932334 0
3845 0.4702037458318469 -0.4698955836837033 0
3846 0.4604163262503914 -0.9091094943238341 0
3847 0.6854616097865357 0.3835248155648037 0
3848 0.05635873901421586 0.4074988540666194 0
3849 0.2103736695111337 0.4543635005790573 0
3850 -0.05484307926257976 -0.4703086345466716 0
3851 0.05451804242146931 0.04086964665428164 0
3852 -0.4144463067143438 0.4806372733624822 0
3853 -0.1530971869994907 -0.06232792821131523 0
3854 0.6601383376618402 0.2416728870057018 0
3855 0.3694168665698281 0.9029432724746215 0
3856 -0.02337595348318144 -0.6643711840140663 0
3857 -0.005651606505586451 0.1724194821647123 0
3858 -0.5250350408326925 -0.2630475351205269 0
3859 0.6944150128163878 -0.73340011179305 0
3860 -0.6569872647695237 0.3908613521399454 0
3861 -0.12445299092759 -0.8824132080161093 0
3862 0.01891616784347339 0.5153291367179466 0
3863 -0.3773757423475138 0.2105859833555255 0
3864 -0.8972511323321477 0.6835670633904654 0
3865 0.01594581807974809 -0.6381775051996544 0
3866 -0.01319703418536014 -0.1236131158666902 0
3867 0.9762176131549685 -0.8920608870726719 0
3868 -0.1300242028826405 0.6812240369669423 0
3869 0.5390372658361497 -0.1561213288630315 0
3870 0.1118852750244311 0.2229045454007972 0
3871 0.566533878972978 0.02284677803074164 0
3872 0.9778307297086897 0.6881301118323023 0
3873 0.4199937135270984 -0.8853758344361035 0
3874 0.8925643626938496 0.5339079911219834 0
3875 -0.9338686558883453 0.4339233626841332 0
3876 -0.5262804991797738 0.1886931273684186 0
3877 -0.02827458434977072 -0.882127361418708 0
3878 -0.007615797190287869 -0.9001009913409943 0
3879 -0.7909701227669704 -0.9285205737923914 0
3880 -0.1426843077632096 0.09038730868129541 0
3881 0.4542437224887065 -0.1160594353287062 0
3882 -0.3339802863765275 -0.4267637932083569 0
3883 -0.5090240065136162 -0.9731110717161248 0
3884 -0.2321545961728201 0.1426806200769911 0
3885 -0.687058056231277 -0.402992048323451 0
3886 -0.6627977393572506 0.1482237724766909 0
3887 -0.1280940309231897 -0.7518046514965548 0
3888 -0.3055652522943479 0.7446895001461031 0
3889 -0.07066926263228612 0.6834710742155679 0
3890 -0.9465021639217829 0.4775092983481738 0
3891 -0.1038438107500053 -0.7654874940382308 0
3892 -0.3380428317886023 -0.9436110014336768 0
3893 -0.2186705780570608 0.2288329263234319 0
3894 0.4342529084074265 0.8397176737981495 0
3895 0.2909477475642353 -0.64648909932856 0
3896 0.1991362785541087 0.269655097514265 0
3897 -0.009944954906141959 0.9434345536114476 0
3898 0.6837271174180883 -0.756719003412711 0
3899 0.8205171252207741 -0.3225879032590629 0
3900 0.3999190695152456 -0.501826895842469 0
3901 -0.6995137175136262 0.9381074025410094 0
3902 -0.3589111853262557 0.8820179610723236 0
3903 -0.8303065657425016 0.9760146082726937 0
3904 -0.5768537466534527 0.9145707257127955 0
3905 0.5780059754292595 -0.9391373021075042 0
3906 -0.7140440948814022 0.4319366610701208 0
3907 -0.5284680296749817 -0.497700068879754 0
3908 0.07380207424263707 0.2575715337946428 0
3909 0.5961844937688903 -0.1755984346107748 0
3910 -0.8529607241279689 -0.3558032289664133 0
3911 0.2155368055981978 -0.002341435293866282 0
3912 0.878215066108776 0.1469510971044036 0
3913 0.04719200937226868 0.5099859629919923 0
3914 -0.1908306776784597 -0.1454059062934124 0
3915 0.06330604938367482 -0.008162741197405642 0
3916 0.2987219400892199 0.1241133657577124 0
3917 0.06118158116444107 -0.8548581885268931 0
3918 -0.8060216810176534 0.8784013276438111 0
3919 0.845127149084596 0.2182685985681627 0
3920 -0.5307859410664438 0.9782620495599078 0
3921 0.1749116312591747 -0.5515247845859637 0
3922 0.0603994834635084 -0.3300858177397252 0
3923 0.943101859999725 0.9142672720695788 0
3924 -0.5961070929339503 0.870513050383255 0
3925 0.1131800007430184 -0.1270050175247785 0
3926 -0.0995211669985621 0.6538730681471394 0
3927 -0.8487671689529208 -0.699886651016367 0
3928 0.1516296212186046 -0.9801055817791953 0
3929 -0.4523377156378419 -0.6735055240342787 0
3930 0.4219151540432022 -0.4622091251155505 0
3931 0.3480846655225555 -0.7154151715808497 0
3932 -0.4607862101408844 0.1269745583369419 0
3933 0.2010838792486916 -0.04382717351804373 0
3934 0.6049416040289556 0.1397989228194387 0
3935 0.283483162112688 -0.9377333338583803 0
3936 0.3788014407849826 -0.6053833627956353 0
3937 -0.7073231723504115 -0.06152392677808197 0
3938 -0.8955223880594119 0.9784375732950504 0
3939 -0.3454358125596317 -0.8957767629412803 0
3940 0.7066779595664673 -0.4224620984717729 0
3941 -0.3825883637371872 -0.3530815746585373 0
3942 -0.6190742068765698 -0.8482340994611303 0
3943 0.8524469967779538 0.8321876637178797 0
3944 -0.3625143452476258 0.4589758440214042 0
3945 -0.2066632276502055 0.6508947401904648 0
3946 0.7649737115404334 -0.1304612357752962 0
3947 -0.5718342225902302 0.8853126591482334 0
3948 0.5656597138807371 0.4858478117349859 0
3949 0.5549054007780513 0.7159366340896669 0
3950 0.02574884235528652 -0.1716542648778063 0
3951 0.5286106752998621 0.7333533066349573 0
3952 0.9018716523838293 -0.7103888949079034 0
3953 0.862544444860339 -0.6880672338258331 0
3954 -0.1459647016868596 -0.337206840540664 0
3955 -0.3329561914625218 -0.202622527535751 0
3956 0.2577391361899857 -0.9218334496349078 0
3957 0.5076029941563899 0.4363048288276155 0
3958 -0.1399631532684604 0.7785116233316461 0
3959 -0.9741224186537756 -0.3287265117599935 0
3960 -0.4971663062089486 0.903955440984752 0
3961 0.9091084005475245 0.08391172447992679 0
3962 0.468123579724779 -0.556428625021445 0
3963 -0.1383904669316829 -0.01109244717838503 0
3964 -0.2944463464074025 -0.9762006389554948 0
3965 -0.2216420259073767 -0.2073425416723294 0
3966 -0.7723532971031712 0.8434584304525431 0
3967 0.7480568334264854 -0.1738969252745495 0
3968 -0.3166455924867618 -0.6018451548876649 0
3969 -0.152570773967064 -0.7860914702250233 0
3970 0.1773762104707429 -0.2167129599360153 0
3971 -0.1031363521282781 0.7161793297049793 0
3972 0.7834088536506456 -0.2898858610310875 0
3973 -0.007158981971278898 0.7378373970855587 0
3974 -0.01534326245757185 -0.1983083952143632 0
3975 -0.3483525639284831 0.3180487405403068 0
3976 -0.9375966661054813 0.01161335301640607 0
3977 -0.3856962044534408 0.9804393203643408 0
3978 -0.6987836657744813 -0.375718773565428 0
3979 0.06752119080984269 0.8883966826995421 0
3980 0.9150929144280772 -0.5470827876089525 0
3981 -0.2374513673108545 -0.2867530164055231 0
3982 -0.3873230871743902 0.7513667713511942 0
3983 0.9248105977360556 0.3910166577319602 0
3984 -0.067561884300052 0.1232823460491466 0
3985 0.8038855516362937 0.9427931287427064 0
3986 -0.7775539096285091 0.9319838675159113 0
3987 0.0417650669219159 0.6602807334993114 0
3988 -0.3876490466733046 -0.4405887331793313 0
3989 -0.2649203343463498 0.9755566766010608 0
3990 0.2877939789502609 0.6248939157308265 0
3991 -0.9767987298534874 -0.1840016739535633 0
3992 0.4585490212738908 -0.6106526697305231 0
3993 -0.2805957437786409 -0.2954597345153054 0
3994 -0.580373606312564 -0.8817734615474419 0
3995 -0.9331515097086631 -0.8748041609260878 0
3996 -0.3009164985292347 0.1481254832073965 0
3997 -0.7765806205320249 -0.8299596530895623 0
3998 -0.4042995570725189 -0.2161754986671239 0
3999 -0.5825093333988243 -0.2576003427551102 0
4000 -0.5933708571918724 -0.7589298252946209 0
4001 0.09477001182738112 -0.08905779186597679 0
4002 -0.5971385312980086 -0.444029656698856 0
4003 -0.03541396013688176 0.9043206249613742 0
4004 -0.4859735225616982 0.5049249441760243 0
4005 -0.276548775178794 0.7034279453894343 0
4006 0.0253228321460658 0.8021853832470784 0
4007 0.4009860627088895 -0.2456438288547544 0
4008 -0.5394697516385252 -0.4161428374878647 0
4009 -0.9186395406536914 0.0910711672895788 0
4010 -0.5672528611394717 -0.9766321498233614 0
4011 -0.5232195616855619 0.533411366362453 0
4012 -0.2732634657056755 -0.7087132929593113 0
4013 0.1481422973162348 0.2587521670668267 0
4014 -0.08301706522077611 -0.3157305540458535 0
4015 0.2395498134241112 -0.7804244478815825 0
4016 0.3088449424098788 -0.3984951896094487 0
4017 0.485962777868189 0.124715521113869 0
4018 -0.3178800249008966 0.2717218326679913 0
4019 -0.2760576384028658 0.8988653658812609 0
4020 0.4336536173430894 0.2967890214858312 0
4021 0.8975813529935313 0.7645993153951534 0
4022 0.6157621925310292 -0.899689285524521 0
4023 -0.4212700165765287 0.1799586470980962 0
4024 -0.5711981150316057 0.7912147808026925 0
4025 -0.0222881083349586 -0.4464197036869274 0
4026 0.7567588330269968 -0.8187589908684819 0
4027 0.6828391046424274 0.4557970524996716 0
4028 -0.5517901275028945 0.8427989587581699 0
4029 -0.3975007321533557 -0.6777809136320644 0
4030 -0.6632150977834622 -0.2981683791151054 0
4031 -0.8153711885380086 -0.4397324442784519 0
4032 0.1371761256083681 -0.6632762168334216 0
4033 0.1520862609500227 0.9392736693299228 0
4034 0.2250429134402293 0.5747337940362023 0
4035 -0.007500612650704418 -0.4909892202837272 0
4036 -0.7959099337348117 0.2195009614043048 0
4037 0.1014322229554894 0.3398859716435295 0
4038 0.6040261443713799 -0.2222663573373551 0
4039 -0.7934437063195822 -0.7178442419431117 0
4040 -0.9744736388262646 -0.9744736388262406 0
4041 -0.07704567820271056 -0.8667039743489524 0
4042 0.9788709698540294 0.5373134328345369 0
4043 -0.8349705702208166 -0.5813786594657462 0
4044 -0.9323957291610309 -0.4418769928941819 0
4045 0.9399528905391473 -0.1082893774530526 0
4046 -0.7981232030757111 0.3495263888904563 0
4047 -0.4422962994234299 -0.5075308283771139 0
4048 0.359149548516976 0.4344618831214576 0
4049 -0.8535489983730795 -0.4155447117535617 0
4050 -0.09215581729220915 -0.168664556392448 0
4051 0.7670127665059505 0.8839496158843664 0
4052 -0.7572043274847425 0.2297817943760681 0
4053 -0.09388698486508959 -0.4306258084388272 0
4054 0.8673219091382456 0.4919724331864587 0
4055 -0.8327845955814648 0.4458188094288418 0
4056 0.3986094662499508 0.3244720586970202 0
4057 -0.3857671149839986 0.5859269415885683 0
4058 0.6897811459351628 0.4325988943986915 0
4059 -0.8876020497485306 -0.2256071192666682 0
4060 -0.4879941158441303 0.2122245964567082 0
4061 0.9764188284556685 -0.2135644463275345 0
4062 0.03348938894076069 -0.2903099273607034 0
4063 0.06988349125507919 0.1565046105648233 0
4064 0.100181059329443 -0.2636419773356543 0
4065 -0.8243706944466666 0.5333765201123924 0
4066 0.1791969208655034 0.5874243196448536 0
4067 -0.4834991316919797 0.9773993138983461 0
4068 -0.269171200797082 -0.3701955529303704 0
4069 -0.5369942669965859 0.7635215315651825 0
4070 0.1876967464248082 0.8817383759747939 0
4071 0.9401832258915153 -0.232121140560003 0
4072 0.4247460974601292 0.940680210597754 0
4073 0.8115817087938868 -0.674089177529658 0
4074 0.502835670967855 0.008292829488833966 0
4075 -0.7173606894981944 -0.5055352419590889 0
4076 -0.03770637432047247 0.04149682129479795 0
4077 0.9312083829103784 0.4397960953162976 0
4078 -0.8207264588219475 0.745352308649166 0
4079 -0.09815687583178741 0.8832130933225 0
4080 -0.01217426332848605 -0.2954202635253412 0
4081 0.8763193791838619 -0.6423193626405528 0
4082 0.03441198409187354 -0.9281598174577057 0
4083 0.8100995882938331 0.1449566399648733 0
4084 -0.7722521997619891 0.386283258341183 0
4085 0.1437921794243067 0.8574376099319069 0
4086 0.3376215543715833 0.08781560578433237 0
4087 0.6752180284158475 0.887849356474825 0
4088 0.9460179638591349 -0.425500714421243 0
4089 -0.6706302130390951 -0.6771214176359557 0
4090 -0.9342415069385117 -0.3929920594478143 0
4091 0.2705912895085091 -0.8480908960438807 0
4092 -0.03064060200505736 0.3652091176512684 0
4093 -0.8346065658580936 0.7943772578953944 0
4094 0.7852700278486788 0.4690159511476811 0
4095 -0.6198447814338494 0.07474237932306597 0
4096 0.8133562546425454 -0.1207141954651578 0
4097 0.3566662252234767 -0.265856137379682 0
4098 -0.9790615772972245 -0.452974157198851 0
4099 0.4179104477595784 -0.9791126715477435 0
4100 0.2005680037758085 0.6502493125255677 0
4101 0.4298165943911382 0.6007797660585963 0
4102 -0.03614671070784205 0.2429398396130055 0
4103 0.2992597761884083 -0.1972837665185742 0
4104 0.1323324491641954 -0.3676505267194808 0
4105 -0.6879178391423573 0.0001527395490792473 0
4106 0.1811803413545255 -0.9098057231108282 0
4107 0.3353686698645635 -0.8787334418241616 0
4108 -0.2534760235728303 0.5943422966868696 0
4109 -0.7740335665740721 -0.5277636834352034 0
4110 0.7863184018363796 0.2166029810766651 0
4111 -0.05396103260582338 -0.6272249174097118 0
4112 0.3226838467507348 0.2008432683205216 0
4113 0.3058222288079168 0.05302090972045456 0
4114 0.5633988775188025 -0.2247804383352068 0
4115 0.6432170837397814 -0.3285363506473908 0
4116 -0.1040530558646372 -0.9432134135683119 0
4117 0.9768412900874655 0.4398766699048148 0
4118 -0.4258060996232452 -0.3312118852782575 0
4119 -0.2933541528322732 0.252019063139618 0
4120 0.3214449939161178 -0.5975401458725532 0
4121 -0.01639137188372012 -0.7133427930479199 0
4122 -0.1325022561241603 -0.9280273565044734 0
4123 0.6609570804081785 0.1120315113633117 0
4124 0.7232398941410532 -0.8457360459136014 0
4125 0.6622609500266173 0.7990886063721865 0
4126 -0.8386885843105403 0.1083755389250733 0
4127 0.3520513231849097 -0.4262668010362503 0
4128 0.533875801535146 -0.3746677910401341 0
4129 0.8217588268060234 -0.3704267500911212 0
4130 0.8459438847183154 0.5337709149145271 0
4131 0.6226939615068372 -0.1693952178582367 0
4132 0.7741197898922576 0.977724724597175 0
4133 0.631868772729945 -0.2127533356927626 0
4134 0.1980660868751928 0.2063153855236566 0
4135 0.3763478041059216 0.01500956648984072 0
4136 -0.1198596964080396 -0.4200468111720229 0
4137 -0.3922402915109083 0.294332631369635 0
4138 0.7753458526176504 -0.7064546158093088 0
4139 -0.1920398531432082 0.1493743379514967 0
4140 0.3210595398208178 0.2510595518548558 0
4141 -0.5169784208993996 -0.7274782024322235 0
4142 0.1021160442516273 -0.3575057195281039 0
4143 -0.7177254550163816 0.8707523032536072 0
4144 0.5655543274396592 0.106210305249131 0
4145 0.5376135420044751 0.2917831286557643 0
4146 -0.8980112924322121 -0.9370295562227993 0
4147 0.237940092212918 0.3236028357523645 0
4148 -0.3391854144798819 0.6586387412453198 0
4149 0.7752726006627022 0.04148699670537113 0
4150 -0.7080825287624762 0.1600761109577886 0
4151 0.8860697806449839 0.7879209019509809 0
4152 -0.4485506800086039 -0.2935225113194603 0
4153 -0.317689755176739 -0.3882034436621999 0
4154 0.2942099320482281 -0.5140835431789939 0
4155 0.9461847316013846 -0.619119361489024 0
4156 -0.2738557049062894 0.5530730528129416 0
4157 0.350225664517843 -0.1439468690173717 0
4158 -0.5243266906339711 -0.3146799901077773 0
4159 0.8059701492531927 -0.9793665616522746 0
4160 0.4733213140211939 0.393878823610925 0
4161 -0.2921737455929051 0.6559254171696393 0
4162 -0.979162031198617 0.4483319719561032 0
4163 -0.7226648849502951 -0.7488628777486638 0
4164 -0.9305658446801304 -0.3115707622499223 0
4165 0.06246136770151392 -0.7057195364535606 0
4166 -0.2932876659123561 -0.3586410996394294 0
4167 -0.9811892125509809 -0.8944966765149091 0
4168 0.8811820251880343 -0.2643530385131035 0
4169 -0.3850834109205478 0.9293010500320604 0
4170 0.3036154982309435 -0.3339400029546972 0
4171 0.9005248403805066 0.898523923396221 0
4172 0.2991945584119495 0.3074011675739895 0
4173 0.5205706423870632 0.5585382919723689 0
4174 -0.3718215813051781 -0.5362596793335667 0
4175 -0.9291888979210247 -0.947208127959813 0
4176 0.1612930116943373 0.6055337659297491 0
4177 0.2361668575111863 0.01955562677378367 0
4178 0.5926235803219315 0.0171459889385863 0
4179 -0.611446200673438 0.1583116462823298 0
4180 -0.7803001920167836 -0.261506421907095 0
4181 -0.1800080425108267 -0.2711976827335776 0
4182 -0.195966111245013 0.1009047917941576 0
4183 -0.08178742124333849 -0.6915761878893985 0
4184 -0.548419412672863 0.6348301457628028 0
4185 -0.8415335089278204 0.03063807960590996 0
4186 0.6426256883444731 -0.2501453516124564 0
4187 0.7814958211071619 0.7609631950085367 0
4188 0.3300442958888405 -0.5535592053422649 0
4189 -0.4106075108288927 0.8883024171978421 0
4190 -0.9403957233163653 0.760198918313305 0
4191 -0.6813866144459936 0.8108326358112651 0
4192 0.5705535381308184 -0.2638156728788048 0
4193 -0.6553415695680074 0.1766247830163235 0
4194 0.09635578931770582 -0.03874952777708922 0
4195 -0.7620716387104067 0.4821414273277892 0
4196 -0.7304988247890378 -0.5298949433526966 0
4197 -0.07490262485218553 -0.3678614130801107 0
4198 -0.4486575303864451 0.2422101668669748 0
4199 -0.09840562213109316 -0.6069250343676896 0
4200 0.9396885490601206 0.351552925294037 0
4201 -0.1254278934485357 -0.7243606287594877 0
4202 0.9353683183030473 -0.1571364620355546 0
4203 0.7463585490076392 0.908357150549874 0
4204 0.8735946760623322 0.404965088964073 0
4205 0.2035385886766455 0.5928236359147547 0
4206 -0.1791044776142189 -0.9795999721231085 0
4207 0.3144567699323747 -0.1578528845539723 0
4208 0.7421043860879115 -0.8695790431932112 0
4209 -0.9108366047671604 0.01172984975826194 0
4210 0.9502355668405397 -0.8192284961915371 0
4211 -0.1465071077360507 0.142895324858811 0
4212 -0.8429755279508269 0.2593564166973159 0
4213 0.9320710361524244 0.4694781015007841 0
4214 0.28974176799761 0.7526168152746093 0
4215 0.0494519936025493 -0.8843087418577582 0
4216 0.5962864892365718 -0.6498347827426645 0
4217 0.2954109186596052 0.5517497683907577 0
4218 0.8753597916450213 -0.8728891579036937 0
4219 0.04229731530088152 -0.5639773368858043 0
4220 0.4287842488482385 -0.00210455060916771 0
4221 0.4079242861947822 -0.8084431698166488 0
4222 0.1344156429881481 0.3646661682874622 0
4223 -0.4697817431989495 0.8324114310561328 0
4224 -0.8845862990024738 -0.8887466380073156 0
4225 -0.9234669144479837 0.8024628628687803 0
4226 -0.3613435259846225 -0.2847104418950245 0
4227 -0.7709564100292354 -0.2121070415691581 0
4228 -0.3842665551878872 -0.7825516632639327 0
4229 -0.4338739112067538 -0.7851851860723225 0
4230 0.8650660035539526 0.2689591676920499 0
4231 -0.9782343219081856 0.7784029789572894 0
4232 0.5363303901173025 -0.4589510447448119 0
4233 0.4674354865092967 -0.2168669425836027 0
4234 0.606265757183906 0.05332755825413195 0
4235 0.513299505493797 0.2544949219249336 0
4236 0.6339128299263675 0.5070474364094076 0
4237 -0.01074028252549925 0.6559309762233991 0
4238 -0.884953694962417 -0.3784071064944593 0
4239 0.9797438076377536 0.895522388059412 0
4240 -0.650361205167951 -0.3732846771933213 0
4241 -0.6622320026454452 -0.8744795849834319 0
4242 0.6482548112104162 0.08249337193302932 0
4243 -0.9410102373346334 0.6763584740382714 0
4244 -0.4211685699021923 0.3357674752165983 0
4245 0.7500704069695453 0.7337184460706281 0
4246 -0.1801219369092691 0.7131527188180553 0
4247 -0.5409844010897303 -0.6934600232803171 0
4248 0.1827839019558558 0.5225738315323439 0
4249 0.2057374983413672 -0.8064208256288665 0
4250 0.2369221642854278 0.625347658291711 0
4251 0.8527883524683483 0.1296155650085443 0
4252 0.9441385411282323 0.2060243894726001 0
4253 -0.928606330875495 -0.901379304924988 0
4254 0.3374455032068076 0.7589340704633085 0
4255 0.09979943202971654 -0.7177517491787649 0
4256 -0.3882721720847463 -0.9466120525085386 0
4257 -0.05046176050574563 -0.5812937608988636 0
4258 0.161858064848195 0.2305961377938615 0
4259 0.3787300870245809 0.06688488997678102 0
4260 0.5435546227942269 -0.8346702228871147 0
4261 -0.4837977294451863 0.8799863921770515 0
4262 -0.8153163663037664 -0.1964897327762474 0
4263 0.6604042457868147 -0.6117381293465126 0
4264 0.1815315775994303 0.4221462986214799 0
4265 -0.7379812535743233 0.7152090557185351 0
4266 -0.7721698535523953 0.5981661385022579 0
4267 0.5117616930245007 0.7738153673659792 0
4268 -0.04081216143160622 0.445773058503842 0
4269 0.4941562733387864 0.6409231905270157 0
4270 -0.2453118330526941 -0.355699331237408 0
4271 0.6385441100719177 0.4622247417944923 0
4272 0.4537866627585682 -0.6851112809517776 0
4273 0.2493217818205066 0.4764935632539124 0
4274 -0.3179617983709633 -0.4435671260848263 0
4275 -0.5417708542032407 -0.5888077107947137 0
4276 -0.7969885564234935 0.5870121321421388 0
4277 -0.8601472558851746 0.3629011456083144 0
4278 -0.5087686790699619 0.9425618225525281 0
4279 0.1991896469889962 0.04339376539305346 0
4280 0.2548667923927068 0.8810784198691586 0
4281 0.6567164179094959 -0.9798739774329316 0
4282 -0.3291198631544265 -0.2954801686910861 0
4283 -0.3299179641853857 -0.8476260274658424 0
4284 0.8535082239645748 -0.7363217639063732 0
4285 0.4484496308160381 0.3175507818028797 0
4286 -0.02731440853376023 -0.2460139585335774 0
4287 -0.7320580057357212 -0.3394174024957001 0
4288 0.1792527916389151 -0.1515632733920065 0
4289 -0.7584401074665093 -0.3316309469905345 0
4290 -0.4638346090984263 0.3489656256237722 0
4291 -0.4210812060503265 -0.4666208721305127 0
4292 0.4249874914090653 -0.3742401394048798 0
4293 0.5780633547755694 -0.8115660443545473 0
4294 0.2671114971881443 0.5509100729649519 0
4295 0.1689791315422828 0.6298728354241609 0
4296 0.2917169700925399 0.01181837116167622 0
4297 -0.4013404681604727 0.6854788212443634 0
4298 0.1098910019302508 -0.8545820138464606 0
4299 0.01317317596323864 -0.8544346095978825 0
4300 -0.647498446740317 -0.7505788085250007 0
4301 -0.835231296952494 -0.6557234409958999 0
4302 0.5785721868344011 0.5868750158471476 0
4303 -0.56136673591981 0.766220487208786 0
4304 -0.1457997002637538 0.6456139365209532 0
4305 0.3723817132074714 0.2021054447706596 0
4306 -0.06867029184928393 -0.2133067384793127 0
4307 0.4405661737240453 0.2299020955771485 0
4308 -0.8518408699778217 0.8725783731199893 0
4309 0.8172268197868574 0.06623338711692733 0
4310 -0.2432468068207147 -0.08298391298992258 0
4311 0.3186661592168068 -0.07558768962628645 0
4312 0.6968435194375258 0.2192919652455345 0
4313 0.5247796375536374 -0.5721672044671896 0
4314 0.5542543721025649 0.8778753392806856 0
4315 0.006065391706393711 0.3940896451306277 0
4316 -0.4131954914871641 0.1011069860351096 0
4317 0.09522818538825045 0.8488379907283167 0
4318 0.5108654933409417 0.1664696422526221 0
4319 0.4133752484385392 0.6761437128610794 0
4320 0.5974450475797811 0.5454799345830464 0
4321 0.3763257936091807 -0.3852919755604667 0
4322 0.6349440034410879 0.87266296269393 0
4323 0.5414558990775075 -0.8941803159210566 0
4324 0.8118279091982497 -0.7366856656875344 0
4325 -0.8869921235439897 -0.9775722849915708 0
4326 0.2378299503492284 -0.7148566098734471 0
4327 0.1342304995472134 0.04350642116825767 0
4328 0.1768038063511719 0.1402023700387835 0
4329 0.707473650176927 -0.3042169126550436 0
4330 0.2244035539054796 -0.6696617213308321 0
4331 0.9785674170180396 0.2365744797003047 0
4332 -0.8301251928732343 0.07383963324911243 0
4333 0.04382732060126835 0.002559734026175999 0
4334 -0.6732343729269649 -0.7066947014321954 0
4335 -0.8325156177584858 0.9115714387601372 0
4336 -0.6445797770674688 0.3521316002855485 0
4337 0.3080248053918518 0.841030196781326 0
4338 0.7259389688261589 -0.01648010362642517 0
4339 -0.240261846725084 -0.5449976327000435 0
4340 0.3295259410371468 0.6076743872104344 0
4341 0.5293368138617771 -0.2997255851560929 0
4342 -0.5045132879139482 0.6445112099153519 0
4343 -0.2562081064615361 -0.5875867459636068 0
4344 0.7687190517335938 -0.007921510092919521 0
4345 0.3780153414944831 0.9462594089322661 0
4346 -0.5765572792645305 0.5748046226666214 0
4347 -0.9776693043138414 -0.8084270217934549 0
4348 -0.234952032780856 0.2095971521847445 0
4349 -0.9408379936980503 0.2932972413473617 0
4350 -0.7151292650761224 -0.180152371976894 0
4351 -0.2403470162250751 -0.4041986571882392 0
4352 0.7965085654792994 0.0008086786778766276 0
4353 0.8788756549433073 0.2482966314073319 0
4354 0.6060517950372606 -0.3476499449469617 0
4355 0.4031647087836639 0.8688098866096128 0
4356 -0.03412839670819003 -0.3870407495545208 0
4357 -0.266570285780219 0.178039624031453 0
4358 -0.1222215639371479 0.5788270121217002 0
4359 0.5705036228986357 0.761663957731566 0
4360 -0.09323860990193117 0.7589554781464595 0
4361 0.2219111077022998 0.5072768620007529 0
4362 0.8672290931445684 0.731449432350107 0
4363 0.8876337571407926 0.4514421291870518 0
4364 -0.8916351411265955 -0.02359955636905814 0
4365 -0.6675241843162839 0.2183184302270176 0
4366 0.2459905301869554 0.2607756811151791 0
4367 0.003450375492379518 0.4663985649663905 0
4368 0.2850892818147895 0.3499636454944997 0
4369 -0.6900658762476012 0.2523393100385061 0
4370 0.6850741395117202 0.8635400830170243 0
4371 0.2979334492630213 0.9790640548803546 0
4372 -0.9771391696140573 0.06501139276535926 0
4373 -0.2614180998124205 0.9439065126471876 0
4374 -0.642537067416902 -0.5129125359565895 0
4375 -0.02407217939903786 -0.5314173429279809 0
4376 -0.0530109566343905 -0.09716933517620302 0
4377 0.1856836660841275 -0.4617898262966921 0
4378 -0.9038396499777338 0.9336448122516694 0
4379 -0.4236443606970477 -0.3766229440756866 0
4380 -0.15750345599624 0.5966085975252829 0
4381 0.9780189772422383 0.005928052603729958 0
4382 -0.2049905627865852 0.5967383395278854 0
4383 0.4525111409962392 0.8597408380550846 0
4384 0.8654473786571533 -0.439670305604023 0
4385 -0.8637168881202837 -0.1785347979117858 0
4386 -0.6171328853856377 0.1107266368121266 0
4387 0.3669912701088336 -0.2177817058620024 0
4388 -0.8883942357969536 -0.1940156539237228 0
4389 0.621197549602597 -0.6381851565067895 0
4390 0.7128311521751666 0.1220609164917704 0
4391 0.3486858492398981 0.3120591601944168 0
4392 0.9763084173977299 0.9475081296600417 0
4393 -0.82829598392962 0.8337605594700973 0
4394 0.4290177476800116 0.3996337490789149 0
4395 0.3705804846998948 0.4785898070920702 0
4396 -0.8110018396851117 -0.9483586346528527 0
4397 0.690074608647229 0.1037240789160923 0
4398 -0.6800233720262679 0.8938326668523566 0
4399 0.1886042383360685 0.2279508675602931 0
4400 0.2365117388443079 0.06475330907223828 0
4401 -0.9759659487327247 0.9759659487327568 0
4402 -0.6282663754195295 -0.9101594441427929 0
4403 -0.7466382042615547 0.8338289652204148 0
4404 -0.6278419864802083 0.2687638386034039 0
4405 0.08933555595663759 0.4804289837284551 0
4406 -0.4355891504395866 0.4143727563618758 0
4407 0.7776809675234833 -0.8030790071236322 0
4408 -0.9043196154531609 -0.402297444741261 0
4409 0.339201789327906 -0.6216920800261411 0
4410 -0.1276811962984658 0.7301745627549631 0
4411 -0.7515769109127858 0.9412929247907358 0
4412 0.1418992545245006 -0.8898787739110917 0
4413 -0.1304329314170518 0.9389541169950979 0
4414 0.7243093485860852 0.6439608916329078 0
4415 -0.6492113662314243 0.2648371006505923 0
4416 -0.8629256962512872 0.8339969300697327 0
4417 0.09853193186984088 0.2651194485062686 0
4418 0.1779153234683307 -0.2631421189042829 0
4419 -0.4127452826890978 -0.7463141750063436 0
4420 -0.6581095684057233 -0.2554955488502613 0
4421 -0.9455312471812738 -0.5230796496584174 0
4422 0.4033923867790541 0.4122491403994412 0
4423 0.4453478583090387 -0.2665208377216043 0
4424 0.4680574453444744 0.2732194034824062 0
4425 0.3167275898056906 -0.6812037088891056 0
4426 -0.6120699302203414 -0.2438673505367112 0
4427 -0.6885070361016343 -0.8186110807703891 0
4428 0.8559086406170769 -0.5945587036418936 0
4429 0.1788304733906446 0.7644501780283194 0
4430 -0.1461586631102751 -0.1333602177811752 0
4431 0.05480988368286323 -0.357168604032969 0
4432 0.2857402259365962 -0.4394755361521277 0
4433 -0.1018329932496036 0.2252327408999289 0
4434 0.2080099876267403 -0.5900254342371332 0
4435 -0.02314553056609804 0.5366453190106412 0
4436 -0.5716415985493014 0.8343993657543155 0
4437 -0.3609844415591841 0.7004890788902787 0
4438 0.378098219864277 -0.8396099355421278 0
4439 0.2801442311559363 0.594908226987259 0
4440 0.6603068406010247 -0.8700933611616791 0
4441 0.9071349660315602 0.4339772261677523 0
4442 -0.1788596266023773 -0.5826779350949416 0
4443 -0.1040024025977991 -0.6506160481419972 0
4444 0.650275096389385 -0.8917238249503584 0
4445 -0.273470007826035 -0.6143571805703346 0
4446 0.1407971362311831 0.1082740236927335 0
4447 -0.5598253974302083 0.5962323472563791 0
4448 0.9415154873761487 0.5158785193086437 0
4449 -0.9397193449636416 -0.8244288054384712 0
4450 -0.4663662345776129 0.6573976596161226 0
4451 -0.3406112968176631 0.2498375644030977 0
4452 0.1829633047578996 -0.3553029939271078 0
4453 -0.6818951048002641 -0.9465188460855564 0
4454 0.5849249017450979 0.2372107452276021 0
4455 0.2557340071548874 -0.6718540596871566 0
4456 -0.18617738004806 -0.646437957921455 0
4457 0.668290502726441 -0.1653360538717422 0
4458 0.7603799984514736 -0.7329197241704042 0
4459 -0.5584119614653408 -0.7545637712152682 0
4460 0.8899532701550668 0.9772940695978903 0
4461 0.5347118969513294 -0.09625006117444965 0
4462 -0.858727901559637 -0.8179597687622994 0
4463 -0.8677849002254782 -0.8443147645420893 0
4464 0.05472546408325465 -0.9784173068136433 0
4465 -0.05538231205260481 -0.6949078103390469 0
4466 0.8322643286663544 -0.8515385451191237 0
4467 0.7095239875476704 0.5132627075924187 0
4468 0.587649424159794 -0.6789292225570805 0
4469 -0.8136381764106458 0.9011801536447503 0
4470 -0.7278249347893142 0.1191564744360714 0
4471 0.4732692115397124 0.07778493043109794 0
4472 -0.05939120834408938 0.8567427148488465 0
4473 0.6889848102926815 -0.8713532093289522 0
4474 0.268336297458848 -0.1387001202568384 0
4475 0.01806603912724233 -0.4933376570162981 0
4476 0.523939210036815 -0.2508920681044298 0
4477 0.3067873130037489 -0.4807396658437614 0
4478 -0.3214173256636182 -0.3226341110714809 0
4479 0.6613098373562998 -0.0514268289928998 0
4480 0.6883263335149954 0.1959110455851557 0
4481 -0.7656095316494689 0.9764783197236711 0
4482 -0.3397346525445889 -0.3394819936685812 0
4483 0.6427241699034729 -0.06851761391847752 0
4484 0.7370122644310163 0.1854984339165044 0
4485 -0.7801938400406605 -0.9792697536449746 0
4486 -0.6508687358462113 -0.6285527103632463 0
4487 -0.8913522402788983 -0.7720392732271275 0
4488 0.1437387837468203 0.2123741965536945 0
4489 0.09471477199544238 -0.6484728070471921 0
4490 -0.9389237647357185 -0.1715192205782042 0
4491 -0.5276514109503789 0.8960175537050294 0
4492 -0.5328702561184254 0.163772672431236 0
4493 -0.3623306301803536 -0.9791288987602131 0
4494 0.7181879051640276 0.4280074050954135 0
4495 0.7281546142245358 0.07505724926890382 0
4496 0.7984035455073755 0.5338835336319014 0
4497 -0.870521147280773 0.3142170345583615 0
4498 -0.5869263065290411 -0.7005841634789807 0
4499 -0.08257318923090758 0.7332349341336699 0
4500 -0.9774182566903833 0.8883222657935701 0
4501 -0.5134978848753131 0.8594727319523776 0
4502 -0.5625723848954919 0.09736339531123753 0
4503 0.1757607356948577 -0.1951612473598047 0
4504 -0.8544828664676172 -0.2350754377433758 0
4505 0.9029510106017563 -0.8179079525617962 0
4506 -0.3513156885979122 -0.7474470017226585 0
4507 0.01973453336280261 -0.564493527262262 0
4508 0.5652765768249726 0.5157867929878991 0
4509 -0.3657011322529697 -0.8229078298478338 0
4510 0.4834383214280271 0.3491131837854581 0
4511 -0.7276827708629661 -0.02458530744347701 0
4512 -0.5073175675406554 0.4120447085460118 0
4513 0.1806587455783722 0.1125318345747207 0
4514 -0.6010652147517066 -0.8368082649798726 0
4515 0.9757058891378448 0.818680999969018 0
4516 0.5794757919815947 0.06307870488272468 0
4517 0.7541410440212598 -0.4401804365908862 0
4518 0.07714388553186677 -0.5361768854652129 0
4519 0.6612947003412473 -0.09536317602450936 0
4520 0.5945506583500539 -0.03235416210314376 0
4521 -0.2503664394730936 0.09142978302166103 0
4522 -0.7757923399462637 -0.8059721775558881 0
4523 0.0192137178627433 -0.4208224795454949 0
4524 -0.8128136218886549 0.02864538704400877 0
4525 0.4889687685326938 0.8891515464279121 0
4526 0.9774595368474831 -0.5012271049319021 0
4527 0.4293717671465994 -0.2879764320184038 0
4528 -0.5432279114070203 -0.8466576087644345 0
4529 -0.9148706271731408 0.1415225229647588 0
4530 0.7088964824624507 0.5379396507386749 0
4531 -0.1182556581022876 0.8943390109770234 0
4532 -0.09427599696934613 0.2701971813604088 0
4533 -0.2958647755278633 -0.7934196611058584 0
4534 0.7940380608412483 -0.4172619407057674 0
4535 -0.2380573072219446 0.8105393954198885 0
4536 -0.3086662265940055 -0.8152574121393793 0
4537 -0.6972107788808534 -0.1422727779315149 0
4538 -0.8453524192693962 -0.8649826755446879 0
4539 0.565417565310856 0.3943513637519726 0
4540 -0.4028773435373833 0.9427078441484056 0
4541 0.4372280181816697 -0.9416038466581695 0
4542 -0.6564255866940197 0.1008526246824792 0
4543 -0.6132262846396097 0.2907961976548382 0
4544 0.7188467709022495 -0.4618170129541776 0
4545 0.2619121237027502 0.4510500401482351 0
4546 -0.7583948940369195 0.432744546183974 0
4547 -0.7247059192736165 0.3484759955646444 0
4548 -0.8064011207243249 0.7207769486622168 0
4549 0.3116283091629754 0.08169600346571443 0
4550 0.1153365285087077 0.4763973359406964 0
4551 -0.3147342461235558 0.9147349488340375 0
4552 0.3384748363585308 0.8667651881919067 0
4553 0.03367398380023361 -0.7752205306577111 0
4554 -0.875869019319069 -0.1506107058001363 0
4555 -0.8964478194607571 0.8898918926225515 0
4556 0.03668392770295075 0.7199165758242571 0
4557 -0.5188557599365862 -0.7707930774499003 0
4558 0.1143478856803536 -0.05293960534945819 0
4559 0.171473786079169 0.5640921695846947 0
4560 0.1142228364125094 0.5526950218564037 0
4561 -0.7564797791504037 -0.05710921212509131 0
4562 -0.3634276901013823 -0.8710244022612951 0
4563 0.5244547369596962 0.2136287678798854 0
4564 0.1208738266251556 0.9073778470302193 0
4565 0.8651911765958256 0.0787715791885486 0
4566 -0.9042484202811053 0.3691908759596929 0
4567 0.6429104973787141 0.2653302468454805 0
4568 0.8022665480375332 0.02758445808107819 0
4569 0.1911536090721214 0.4770777004950122 0
4570 0.5086756748847266 0.3588425328903629 0
4571 -0.5237496851436884 -0.9160382100495709 0
4572 0.5470918508135719 -0.7793636735961433 0
4573 -0.1509076070118619 0.7065777637467465 0
4574 -0.3432328136334938 0.5710079056901105 0
4575 -0.8053389619021666 -0.2686384131466392 0
4576 0.4711647299136361 0.004646417222370185 0
4577 -0.767095649852245 0.1396087208602566 0
4578 -0.2501097538003312 0.7910278071653158 0
4579 0.01525594325407178 0.7603273455154564 0
4580 -0.8257973133922041 0.2149580152511532 0
4581 0.4252597297804457 0.3370741877841511 0
4582 0.8913800633757933 -0.7899544238247743 0
4583 -0.689247050464061 0.3985270774829152 0
4584 0.3020357054403425 -0.8091544289093577 0
4585 0.7154443737323091 -0.6620549687955148 0
4586 0.9809477172504953 0.05970149253470358 0
4587 -0.8035250414604593 0.6293467572771592 0
4588 0.376636860858697 -0.1750774522971335 0
4589 0.620856525921176 0.2113163969243382 0
4590 0.5627160088949242 -0.5063056780279228 0
4591 0.09127873975180463 0.3808308704123402 0
4592 0.4008955781324182 -0.2895207975669351 0
4593 -0.7271027723444554 0.605216019039187 0
4594 0.5256691397322985 0.6530524285255835 0
4595 -0.8115006768595819 -0.6770682882391484 0
4596 -0.950358602085088 -0.4912071769668354 0
4597 0.05645210473507759 -0.5835163520570056 0
4598 0.773409268253667 -0.900274504906475 0
4599 0.9456863204951192 0.270357193856558 0
4600 -0.9035128435721973 0.4230463808171461 0
4601 0.3263833594233517 -0.4461610605780624 0
4602 0.6175187116361316 0.6670502437833055 0
4603 -0.9392392570868139 -0.3340993057562923 0
4604 -0.6774278937899073 0.5959445617301916 0
4605 -0.5801169905506196 -0.3509803652265292 0
4606 -0.08363368151605967 -0.03403397520198152 0
4607 -0.3382933544824479 0.1860771583968241 0
4608 -0.8876306142180964 -0.3320441874006497 0
4609 -0.8722602067662305 -0.61533783045754 0
4610 0.2641169053356073 -0.8930282799458741 0
4611 0.2567183837202933 0.527344286031364 0
4612 -0.8860618317829398 -0.4573911363293048 0
4613 -0.1309356368527348 -0.8362250227048899 0
4614 0.3904147045843637 -0.222931305734448 0
4615 0.8954153327693894 -0.9806475550627154 0
4616 0.3923931502530704 -0.7286034960446959 0
4617 -0.8556868089785068 0.4259527557297402 0
4618 -0.8880082063822018 -0.8007856150084669 0
4619 0.5606006279795782 -0.3365194080886777 0
4620 0.860721811833306 0.88289017034901 0
4621 0.5185850429909608 -0.4515330504151728 0
4622 -0.6991540774806168 0.1129475017810988 0
4623 0.4717354775202199 -0.4474720206316556 0
4624 0.8852520007669236 0.03626183396779822 0
4625 -0.6354594894795086 0.4892747952427388 0
4626 -0.7139770047675309 -0.7745502928084715 0
4627 0.9496127144881723 0.8673811496162488 0
4628 0.4662246528098055 -0.8200665944952999 0
4629 -0.566708076124449 -0.8064841765639854 0
4630 0.5525827846190859 0.4418233747233928 0
4631 0.8320610017118601 -0.07880335002637484 0
4632 0.794850356022228 0.2799932809180023 0
4633 -0.9153102309374705 0.2938439474046607 0
4634 -0.06765529164075341 -0.1685618409125177 0
4635 0.3675976992207269 -0.5350218927207282 0
4636 -0.6445801822934246 -0.8118427123791065 0
4637 0.604644092479388 -0.4001281135744439 0
4638 -0.06153488609638574 0.632532238714933 0
4639 -0.2642611711805926 -0.09424202698693221 0
4640 -0.4113212483136173 -0.440731672397319 0
4641 -0.4097961111160098 -0.3540785529307433 0
4642 0.9494231334362064 -0.978133659140886 0
4643 0.1906651969160505 -0.23596187982144 0
4644 -0.9776471113924201 0.3188424037814694 0
4645 -0.05008853906008107 0.9500728262264044 0
4646 0.923217842688193 -0.4919092741706835 0
4647 0.1548891100358572 0.3268644737810835 0
4648 -0.09463580770781053 -0.8538382253820993 0
4649 -0.2935157550723594 0.05439476419129603 0
4650 0.9461764834148988 -0.9269782030677236 0
4651 0.8118256529289052 -0.03843278001498766 0
4652 0.9018821987988926 0.4100759845348652 0
4653 0.78683081601868 0.4418418517228179 0
4654 0.6573940593627197 0.6870392741924479 0
4655 0.2873053562476189 -0.1128880836304086 0
4656 0.1203272567975924 -0.2765569873947275 0
4657 -0.6418195684686863 0.8411465044540269 0
4658 -0.7635739868398888 -0.1246613238198186 0
4659 -0.8945535086811027 -0.06346199602820772 0
4660 0.898544470755971 0.5854581762681482 0
4661 0.3172171789054556 -0.1186461316571687 0
4662 0.07164833976736448 -0.1698990791817747 0
4663 0.8421742488625729 0.170872935913284 0
4664 -0.6652247114137162 0.5238640566050142 0
4665 -0.1908008969571126 -0.7612508649351127 0
4666 -0.4630112424761264 0.5759912336967733 0
4667 0.1724532659452661 0.9777261267238944 0
4668 -0.2796650518429333 -0.4307799061144965 0
4669 -0.07764391907906167 0.9196632953522224 0
4670 -0.6559909772970398 0.3045448058933932 0
4671 0.1425703609263974 -0.129475117163132 0
4672 -0.6127694808887075 0.9458543355377326 0
4673 -0.9494070187786788 0.8176888404833629 0
4674 -0.3891230639176662 -0.9152099885333158 0
4675 -0.675315719034097 0.8656119426894332 0
4676 -0.3655269982172634 0.001067992087412496 0
4677 -0.9774414294380437 -0.3857038767599318 0
4678 0.8436854162958091 -0.1268505802459344 0
4679 0.7501009806959456 0.5378160825287764 0
4680 0.5924961628023617 -0.7437204910946957 0
4681 -0.3034609416345391 -0.1212202385356833 0
4682 0.2592361154303289 0.07039525489533255 0
4683 -0.8808392021048577 0.4946724693716426 0
4684 0.3008864626899102 0.5759974581091254 0
4685 -0.6658581501240203 0.6894016697014864 0
4686 -0.898323212750163 -0.6999536515060401 0
4687 -0.796143667274942 -0.5321723483282461 0
4688 -0.3091530789098101 -0.09524061296048325 0
4689 0.8923567413976748 -0.02691483726292414 0
4690 0.6581795548241759 -0.7163221442725852 0
4691 0.0805048161341774 -0.5777340303299749 0
4692 0.8389299977959183 0.9780493824864451 0
4693 0.33317989444722 0.5347486606376615 0
4694 0.2187094110451007 0.2872270524369072 0
4695 -0.7593020258438415 0.01881022203048348 0
4696 -0.6567164179113999 -0.9813537374419815 0
4697 0.02370801956340845 -0.6093312767509477 0
4698 0.4853683925643958 0.7389402208318616 0
4699 0.762735073300128 0.2178105066394561 0
4700 0.7033964004205677 -0.02760468219111928 0
4701 0.6269908375082055 -0.6141234587522557 0
4702 -0.0952705128594486 -0.1999185262442325 0
4703 0.5820429146766926 0.3078342168496014 0
4704 -0.1864096688149748 0.761284892155054 0
4705 -0.01658119729587557 0.3215241833146528 0
4706 0.5671641791056784 0.9813974384224489 0
4707 -0.2128065841694688 0.7366218399931915 0
4708 -0.4949807725380134 0.553908434822469 0
4709 0.4654137730754627 0.7240762507697953 0
4710 0.8872069060176915 0.09950932125862985 0
4711 -0.3515691527195813 -0.6259053363869012 0
4712 -0.9031658592744354 0.8189797987127949 0
4713 -0.1410064385423366 -0.2125746954041362 0
4714 -0.2258760279829367 -0.120493283703138 0
4715 0.1488288023856514 -0.61720501068977 0
4716 -0.5837968540661301 0.496764285173223 0
4717 0.1258460976839475 -0.5757665068353959 0
4718 -0.1747967668399875 -0.04988306858257665 0
4719 -0.726872307925043 -0.4608306089175342 0
4720 -0.7202901032260121 0.0003578089647946299 0
4721 -0.01360371456656939 -0.3197347288651771 0
4722 -0.7909718600552834 0.316357251465672 0
4723 0.03908105832955541 -0.04804051852184189 0
4724 -0.4582121948917642 -0.8205892120406089 0
4725 -0.6201328195355235 -0.7993668403788877 0
4726 0.7959403299580039 -0.5994477332151997 0
4727 -0.7187010635526498 0.4890324116872594 0
4728 0.9779424013898712 -0.5433315418343794 0
4729 -0.8770422987174273 0.8145544622372892 0
4730 0.2735429744895891 -0.7434158682945812 0
4731 -0.7425096560448428 -0.2581468052223775 0
4732 0.3028975094925012 -0.7409290840460934 0
4733 -0.7258218015360178 -0.3678986557574214 0
4734 -0.1847015810372601 -0.9352744393341104 0
4735 -0.384517945233448 0.556544701953536 0
4736 -0.3029520816281938 0.7879481017952672 0
4737 -0.08075268030232186 -0.388900788716372 0
4738 -0.1663601271685639 -0.1752485542114368 0
4739 0.8217774569980216 -0.502158606708894 0
4740 -0.4712070257856958 -0.7483011780960562 0
4741 -0.3725238882056799 -0.1843924612590933 0
4742 -0.8150626455194058 0.7854103732738941 0
4743 0.5841513784340698 -0.6082670647637527 0
4744 -0.6962078871504227 0.701971339627582 0
4745 0.5916489335888582 0.4773258524292811 0
4746 -0.7703126734766825 -0.5706188749569476 0
4747 -0.4527531005538029 0.285100899590479 0
4748 0.5505570768406125 -0.6632171414481043 0
4749 -0.4715442317712116 0.4893287240185557 0
4750 0.6751138901355134 -0.4880272410326645 0
4751 0.2072382552900264 -0.3408524325377307 0
4752 0.979771512780328 0.1788871277404372 0
4753 -0.7278683462758995 0.0785475067511634 0
4754 0.2596552665730336 0.3197276821805743 0
4755 0.4308872532905286 0.2088556416107038 0
4756 -0.9510666910226084 0.6033898920678903 0
4757 -0.4849001181574755 0.793391241644932 0
4758 -0.4186343791913906 0.8022135546482838 0
4759 -0.7947848140624468 0.3990205593164127 0
4760 0.08697012179604424 0.507369058766693 0
4761 -0.9760012998174559 -0.9457355531535223 0
4762 0.1312303183705617 0.807518027989152 0
4763 -0.7311964357520498 -0.2882141476305028 0
4764 -0.8151567712540355 -0.8004809539847452 0
4765 -0.6660468048251078 0.5667276217160075 0
4766 0.8744109288392079 -0.04793706441852989 0
4767 0.2618942953104885 0.1674571407883057 0
4768 0.927331262276874 -0.2072987040456439 0
4769 0.838650133549285 0.6609308984821667 0
4770 0.1473555031185298 -0.084229742330116 0
4771 0.6937098361534819 0.7599065548642543 0
4772 0.4132029815208557 -0.6290020586124505 0
4773 -0.08559060054789862 -0.5851618781822036 0
4774 0.6733585769794778 -0.942120446228975 0
4775 -0.6934580321222639 0.7284879997323215 0
4776 0.8167706687618498 0.6978023806687378 0
4777 0.2453394509549016 -0.2781188702209512 0
4778 0.8992940039073491 0.05779571519566951 0
4779 0.5800692590895983 -0.6338882574336361 0
4780 -0.7733959671893655 -0.3528466535845823 0
4781 0.06778510292810502 -0.8998395735088816 0
4782 0.057361034794848 0.1259825200206163 0
4783 -0.182519861299808 0.9407318410942427 0
4784 0.4372957823199642 0.7553995296467644 0
4785 -0.7066971532089072 -0.1019118767751448 0
4786 -0.2215957170053917 0.06304811261504485 0
4787 0.7470399791722004 0.3017641525910119 0
4788 0.2700593525995683 -0.7707266209562608 0
4789 0.8548349496420766 0.6878301960411392 0
4790 -0.3691297062574107 -0.2295413639400655 0
4791 -0.04304885605602736 0.1658892874947325 0
4792 0.5453402674199606 0.625815475006099 0
4793 0.05373661946525617 -0.8002335129252842 0
4794 0.3342939941561025 -0.3856870160910394 0
4795 0.08969553700157894 0.6601740441815122 0
4796 0.5795098988698559 0.1329272220756385 0
4797 0.776373768797428 0.5462493530057485 0
4798 0.02234819077722532 -0.5222122395024003 0
4799 0.8672994974032605 0.5425218015256855 0
4800 -0.02268516413451114 -0.7915839592534741 0
4801 -0.9433647029432671 0.9766019148669564 0
4802 -0.5079553999806168 0.6674971324901553 0
4803 0.6525150789776268 0.2879839215273025 0
4804 -0.1191706447370333 0.981355432830331 0
4805 -0.6635800188501849 -0.5833819442064621 0
4806 0.1425435367453873 0.7724441403626203 0
4807 0.8903887503431152 -0.4616254322774386 0
4808 0.4877512545308401 0.3035165408832237 0
4809 -0.422323192689964 -0.4189624284827083 0
4810 -0.2326350088088847 0.7669970165507207 0
4811 -0.1287378733667746 -0.5697725320281374 0
4812 0.7336279718432849 0.7509467251077889 0
4813 -0.3126216329601457 -0.8634120646171553 0
4814 0.6913860963603644 -0.3459302830140324 0
4815 0.6860498348879209 0.9806578460157711 0
4816 -0.3111089040028144 -0.9062075409246831 0
4817 0.9062373438338376 -0.07480201762198561 0
4818 -0.1834101019901381 0.8571939282963268 0
4819 0.3961052188327169 0.233610408533812 0
4820 -0.8090907833547396 0.1117259006265049 0
4821 0.6812503871871107 0.5843346505963437 0
4822 0.3864139947311612 -0.2662748036974987 0
4823 0.1924561557024357 -0.6209120316932739 0
4824 0.8235141932360419 -0.6314654038083793 0
4825 0.7075298154855769 0.1780351904204513 0
4826 -0.008397678573370607 -0.3920841685919637 0
4827 0.7188438101411982 0.3341389653538904 0
4828 -0.8556506992293139 -0.6744074344852811 0
4829 0.8834715710080961 -0.1434779791208325 0
4830 -0.157952222067812 0.02651177650042911 0
4831 -0.1618668471674554 0.1276646469935353 0
4832 -0.9209041793117236 -0.09809731759275858 0
4833 0.8375678206208991 -0.952776377397996 0
4834 -0.9801995356366862 0.3614688894557717 0
4835 -0.2910113727549926 0.0323053176704678 0
4836 -0.0847615287264722 -0.7381911511260287 0
4837 0.5434069106183554 0.1910726797239286 0
4838 0.498558262595404 -0.1847506771166941 0
4839 -0.7636150810167733 -0.9439200271015026 0
4840 -0.6908779425021981 -0.2908629923037834 0
4841 0.0926728933267814 0.5706500931266396 0
4842 -0.7011400489116132 0.083508871322636 0
4843 0.5227918750129781 0.4913513122828511 0
4844 0.9405825419113585 -0.3687250680347037 0
4845 -0.1491426484132505 -0.9453712330216626 0
4846 0.1418694925661647 0.4086671937079931 0
4847 -0.5475149273866147 0.3796690398269395 0
4848 0.4342729552800355 -0.746529901874684 0
4849 0.5010356311926302 -0.7870143779304696 0
4850 -0.3461651297391445 -0.0655028781962788 0
4851 -0.9468065560976624 -0.416173572535214 0
4852 -0.01423774730411976 0.8656558922025815 0
4853 -0.03107323492649855 0.7179755056548576 0
4854 0.5322583290500584 0.5797201050609549 0
4855 -0.9818861803359124 -0.05970149253470358 0
4856 -0.6619064337087295 -0.5586068613965962 0
4857 -0.4103271813952845 0.2277058301887932 0
4858 -0.9075639011951633 0.5039364014203443 0
4859 -0.04290909407340324 -0.4231111360929626 0
4860 0.06350159617597813 0.0835980790922719 0
4861 0.3545518209516952 -0.3995832822388126 0
4862 0.3747636293067861 -0.1478482983950744 0
4863 0.2914269641885224 -0.5529324231989063 0
4864 0.5867110282751455 -0.1435331380432741 0
4865 0.7616117878033808 0.4292491597892673 0
4866 -0.5671643332091435 0.3673912816514083 0
4867 0.8080391188689617 -0.4583014300939204 0
4868 -0.5303923354228158 -0.6269388993916845 0
4869 0.9090294783762684 0.846823990383628 0
4870 -0.3833411820241637 -0.2645151384682813 0
4871 0.4497205514167536 0.1860850713181798 0
4872 -0.3761820598484714 -0.6467022466652589 0
4873 0.1442653545910886 -0.03114788543431816 0
4874 -0.4645488295845185 0.808230362381527 0
4875 0.840409503149836 0.02110810138929357 0
4876 -0.3165724152331093 0.7239368050476469 0
4877 -0.4910979592685726 0.6002353188800897 0
4878 -0.3361437590481083 -0.5803828687045232 0
4879 -0.3931660352456354 -0.4817359760106745 0
4880 0.41411992292508 -0.9301733940976015 0
4881 -0.550402967731433 0.6845047421476841 0
4882 0.05122730072454341 0.7896200282907218 0
4883 0.9195701944821971 -0.3066795079124336 0
4884 0.07226034658920576 0.2359452228513749 0
4885 -0.6889635162707923 0.5156819079054425 0
4886 -0.3257725302509681 0.847130762570144 0
4887 -0.7214702106295066 0.7394162983619499 0
4888 0.5204109606497598 -0.1966821826267761 0
4889 -0.501070779105652 0.1904724279643056 0
4890 -0.9820052893775953 0.1791044776142189 0
4891 0.6081360658468808 0.6355587298765105 0
4892 0.698641333076967 0.6040446088856317 0
4893 0.6145435000521903 0.2672767506848029 0
4894 0.5073772600173211 0.7258720091616508 0
4895 -0.07021483691039414 0.07168878313311765 0
4896 0.9117238175612317 -0.5752872388929446 0
4897 0.4780861840271282 -0.7500255850414416 0
4898 -0.74593859348227 -0.4362087173065534 0
4899 0.4574543973230439 0.902358005868356 0
4900 0.1482775150716863 -0.9365009397295037 0
4901 -0.3173000466832059 0.7685651926950517 0
4902 0.1652138990718173 0.4763664764650439 0
4903 0.3127131574868559 0.623634784043075 0
4904 0.5288226202732771 0.8351323702858539 0
4905 0.8308768447490865 0.4599511858226042 0
4906 0.221180552437589 0.1296903423820546 0
4907 -0.1836329800302694 0.06443671233389407 0
4908 -0.6886712810173894 0.1403550821305136 0
4909 -0.5926683827146226 0.3366324698046012 0
4910 -0.1696561555758193 -0.1270368416498256 0
4911 -0.4517420539291425 0.1670107410328827 0
4912 -0.7911367885635925 -0.8713030189235773 0
4913 0.4156019294944271 0.914434946889378 0
4914 -0.003232187006673054 0.2763366462843276 0
4915 -0.8528145875015756 -0.04208796234295915 0
4916 0.6796355770358926 0.340239881138963 0
4917 0.609742973491842 0.004014475061045408 0
4918 -0.9766881231054395 0.6417440988173069 0
4919 0.4603560623506501 0.1088692028733715 0
4920 0.1547628741507864 0.0486399495594793 0
4921 -0.8537289844407863 -0.7499833663317786 0
4922 -0.9783180324824012 -0.005393754110600181 0
4923 -0.2182247550312075 -0.8444762045919687 0
4924 -0.9489724711958688 0.9360185493898641 0
4925 0.4158712754240275 -0.5170117131399561 0
4926 0.401890782401304 0.7176503479891567 0
4927 -0.5235611070577415 -0.5479028253711705 0
4928 0.2274775318796675 0.4341184355859595 0
4929 0.911820022795145 0.4791583321415527 0
4930 0.6301447822987034 -0.1440418356168096 0
4931 0.3317597897326632 -0.9017388673966156 0
4932 0.1183761889451802 0.2486067072428492 0
4933 -0.02977500390567934 0.2099473689352386 0
4934 0.01986885727675809 -0.4485438312977093 0
4935 0.9810789890460099 -0.5969323218049375 0
4936 0.7752878984035251 0.4987780647741419 0
4937 0.1151014255864434 -0.3163299611019774 0
4938 0.8670212089903357 -0.5176359448503829 0
4939 -0.3609971054747548 -0.3755098771488423 0
4940 -0.2448697238133963 -0.9006868617857189 0
4941 -0.6528592642596709 0.7487645684221516 0
4942 -0.1544809593121195 -0.08866340978786119 0
4943 -0.9113620354034691 0.8386939435645892 0
4944 0.8168082503534758 -0.7885378245797041 0
4945 0.7041730744117864 0.01901097437188125 0
4946 -0.6224247383367792 -0.7687323963973351 0
4947 -0.6369540654513872 -0.5519951595285379 0
4948 0.7940392794669223 0.2400651871613808 0
4949 -0.70344335510189 0.04031240854907675 0
4950 -0.2914265359438467 0.9787985007179745 0
4951 0.4546836340200093 0.477348592544071 0
4952 -0.7231867948581431 -0.8787265708181113 0
4953 0.723336296353058 -0.7026786980121301 0
4954 -0.006102916772933321 -0.6877822036431139 0
4955 -0.1359424208673366 0.5552043954671799 0
4956 -0.06084802878175388 -0.9483728395516405 0
4957 0.2120887226685267 0.08301032332684008 0
4958 0.3753918855565805 -0.6468604512169058 0
4959 -0.7719255508136194 0.0716832677226804 0
4960 0.2019198407854932 0.8133189254923662 0
4961 -0.5675704736497802 -0.9262355253642838 0
4962 -0.4084609997360623 0.397640408370692 0
4963 0.06872292199671462 -0.6813187050520876 0
4964 0.493590185276495 -0.4811647534892874 0
4965 0.8635621936058325 0.9156366898312147 0
4966 -0.5219101784899759 0.7796989306553794 0
4967 0.2206707657231642 -0.8285757029465239 0
4968 0.9805920609049876 0.6261544940014682 0
4969 0.7820795196814775 -0.6301770127674026 0
4970 0.3915889595230724 -0.4593307669048552 0
4971 0.006813119815001561 -0.01505152744245007 0
4972 -0.3465778820641918 0.0827120849769331 0
4973 0.2253500467607007 0.04258043089592163 0
4974 0.5808946543598116 0.4097740565973202 0
4975 0.8388199721200392 -0.6709014606062298 0
4976 0.9818944011254334 -0.3578185737293196 0
4977 0.2213698337310365 0.2025401064877482 0
4978 0.4663132391097488 -0.7120651720385797 0
4979 -0.7831320783655568 -0.04460002963042705 0
4980 0.1825023476591886 0.1876539117923183 0
4981 0.5221199186929595 0.5131340399134086 0
4982 0.9219877307729634 0.1382517453078053 0
4983 0.7690288051072915 -0.7748827037796586 0
4984 -0.979718285927045 0.03571316978334544 0
4985 0.5117941675333859 -0.5539676185702337 0
4986 -0.6476107258225983 0.2257496041800649 0
4987 0.7362661434560772 -0.7496957080894104 0
4988 0.9504224271963135 -0.84798792160714 0
4989 0.3459068084348307 0.9130038791796999 0
4990 -0.8502443278667489 0.05898522751397782 0
4991 -0.9423764520737465 -0.7520071814014812 0
4992 0.1354764841348434 0.6805298833351818 0
4993 0.09644126305200323 -0.8758322290704434 0
4994 0.408569145821774 -0.3351801622797369 0
4995 0.1487177056569716 -0.2514026941231616 0
4996 -0.2695665109594152 0.07262768879876058 0
4997 0.3887350762672688 -0.07604946786082747 0
4998 0.1900595291792686 0.5452058717860595 0
4999 0.3574713791033909 0.982143469447828 0
5000 0.5582915546012308 0.5428195632552361 0
5001 0.6539826446360195 0.6007508444305779 0
5002 0.4893287232050748 -0.5236779775874217 0
5003 0.6504729563907322 0.8921724062889137 0
5004 0.6249477779841206 -0.7763278650738026 0
5005 0.6488252222916004 -0.7838749218052221 0
5006 0.8627292726681675 0.4256847788798348 0
5007 0.1606961889989258 0.5183120240939031 0
5008 -0.4734604307770537 0.2475365549049885 0
5009 -0.04180649157411959 0.3476764665298244 0
5010 -0.7324687394463679 -0.4128015051789269 0
5011 0.8302697585437149 0.2942560228253294 0
5012 0.5709775081507965 -0.06607347732105129 0
5013 -0.9479981267608043 -0.2929172619871169 0
5014 -0.6278722362762972 -0.2624251822182655 0
5015 0.7151913512899394 -0.3683465349879694 0
5016 -0.9270687684722074 0.4624101139273209 0
5017 0.8326318417084579 -0.05092221831771737 0
5018 0.9224976295475313 0.01418853446349434 0
5019 -0.8545035719567045 0.6276129954070098 0
5020 0.1999729388315138 0.5022625329944115 0
5021 0.5072343012071016 -0.9208667128534512 0
5022 0.8463754618681123 -0.5490859460004424 0
5023 -0.3604558076074545 0.9792243470862256 0
5024 -0.4055080980127289 -0.3096313600251435 0
5025 -0.04251164525541024 -0.0328262200257131 0
5026 0.7369272891746291 0.5739930648609417 0
5027 0.7348946454286766 0.1046238843010534 0
5028 -0.9072955563791077 -0.6574353178415704 0
5029 -0.8675284271233001 -0.2727595482545592 0
5030 0.3103492313094496 0.7936843682174899 0
5031 -0.2227248606473581 -0.09699072140204776 0
5032 0.7898006327745737 0.3961788655635058 0
5033 -0.6705380101142263 -0.903390502376519 0
5034 0.3080048181408431 0.02671006649726406 0
5035 0.1639114385347973 0.7311147983917867 0
5036 -0.8111399627440316 0.4918325673740741 0
5037 0.6077479043144054 0.5009554652468581 0
5038 0.7063338006910707 -0.236138705083204 0
5039 0.3109134940588069 -0.9531190854520513 0
5040 -0.1713672334019773 0.1718118088289869 0
5041 -0.3260711621043698 0.01970885607827923 0
5042 0.1179893552383441 -0.9425612584947882 0
5043 -0.2521895897734134 0.02388581501110456 0
5044 -0.6429848929492387 0.8666989195275477 0
5045 -0.5205170609974895 0.4634764970667591 0
5046 -0.8125453618534866 -0.2220711358868524 0
5047 -0.1381505992919357 0.8231073539242936 0
5048 0.5912211637968414 0.3327907755845484 0
5049 0.1554836113809126 -0.3847003504289299 0
5050 0.9130820507313476 -0.3332395778467177 0
5051 -0.6720267338316301 0.4729789802059619 0
5052 -0.2564092991450053 -0.6638050024749347 0
5053 -0.3555689066219919 0.1688751460575318 0
5054 -0.7703423628669366 -0.4626544968481584 0
5055 0.05169924194980178 0.2904703215589333 0
5056 -0.5748921437410055 0.4079318973012758 0
5057 0.6904449826890008 0.05557386447807045 0
5058 -0.2275469579461515 -0.4231353946387714 0
5059 0.5784963996608062 -0.4769358902589535 0
5060 0.9054274028449754 0.2572018477951165 0
5061 0.4308219484732695 0.251901068983546 0
5062 -0.8346503943568039 -0.3380796981091506 0
5063 0.2045498599049908 0.4030834483830771 0
5064 0.3773737386687575 0.4528171833938841 0
5065 -0.882770118129194 0.3987124135134166 0
5066 -0.6649004826801375 -0.5178067765937151 0
5067 -0.3831020094792198 -0.8328653363107933 0
5068 -0.9112829160661985 -0.6187636788447964 0
5069 0.9553544023572718 -0.695275576500508 0
5070 0.3215067601854467 -0.2886506251264243 0
5071 0.4502877760798205 0.9401805691384415 0
5072 -0.4908030534752765 0.09417750976199651 0
5073 -0.3911790687371719 0.7293215177688146 0
5074 0.4742134599843486 -0.891316643429674 0
5075 -0.2971450531960953 -0.332975630673765 0
5076 -0.5803141669188664 0.2267987033803548 0
5077 -0.7034941000233998 -0.582142901681682 0
5078 0.06031542817535626 -0.4268579125694605 0
5079 0.874311141587105 -0.948357538530687 0
5080 -0.1685797041656844 -0.7447045657862905 0
5081 0.4417207227428153 -0.3071211061343497 0
5082 -0.5995174063391234 0.6407964031345519 0
5083 -0.2507907955167361 -0.5060845985631072 0
5084 -0.6251580674368354 0.6384392952837006 0
5085 0.8662387649283674 0.1680100930417354 0
5086 0.390804140644336 0.6975416931456692 0
5087 0.5886146480492664 -0.3672910086262317 0
5088 0.9198641518089258 0.6597880062412279 0
5089 -0.7049154897012564 0.8942160118556377 0
5090 0.07612063210503292 -0.2772258727448831 0
5091 0.09265254250536467 -0.2110718512185784 0
5092 -0.6088100648080126 0.3692350268915575 0
5093 -0.02605202482086571 -0.6222460999883255 0
5094 -0.09716881223189458 0.5695637663052421 0
5095 0.03469555815646479 0.2520298595953609 0
5096 0.06225062634416059 -0.4899408372622955 0
5097 0.5405638712669099 -0.6243325104775651 0
5098 0.2233163511801645 0.8497034499137091 0
5099 -0.550669890538515 -0.4573293714678406 0
5100 0.840711645537928 0.6321806049154959 0
5101 -0.5675795083314993 -0.4793854003706504 0
5102 0.0222512485468654 -0.7329361052073906 0
5103 -0.2383013382681392 -0.9813234979906089 0
5104 0.8516402519091819 -0.9122199289192472 0
5105 -0.6615675241321564 -0.4696109535521966 0
5106 0.7251871924125908 -0.06191928712217687 0
5107 -0.4699964947918256 -0.5686626575072089 0
5108 -0.6346371725075358 -0.431730699112738 0
5109 0.0654216724418832 0.9777334000956553 0
5110 0.3341381647691682 0.4584524443401937 0
5111 0.3910010635234847 -0.03289059628278324 0
5112 0.4914101628404566 -0.3246787839397487 0
5113 0.3580401480649134 0.642778978275536 0
5114 0.3382791491211698 0.6554974387184567 0
5115 0.433895199288407 0.7988408342992189 0
5116 0.09262525155566609 -0.6729801569330984 0
5117 -0.9814470495072011 0.267340156816556 0
5118 0.9783599410616506 -0.06517466315530218 0
5119 -0.5988433535110429 -0.3139643908445234 0
5120 0.4110413681037206 -0.03922443595076942 0
5121 0.2573587916708094 0.7211628441290181 0
5122 0.2696100270241591 0.9824278997885709 0
5123 0.4407505228229441 0.8195999120646902 0
5124 -0.3650310263761032 -0.3326207733801941 0
5125 0.4842012662297045 0.4739443258359591 0
5126 -0.01575640956337154 0.4356210189983002 0
5127 -0.2939317348478941 -0.6525412966915426 0
5128 -0.5649372117624544 0.6175812445493658 0
5129 0.7318169378010404 0.5027561994010858 0
5130 0.3810171823957105 -0.1060184285530687 0
5131 -0.3615089181636313 0.5899956668186036 0
5132 -0.3894688301201574 0.1384647299914144 0
5133 -0.04638586289828379 0.7592148517708082 0
5134 0.9304683803554984 0.5417185214603583 0
5135 -0.2256658723640607 -0.6174821245088914 0
5136 -0.5051046609713643 0.8236774597116798 0
5137 0.6195090387868648 0.1225304242243468 0
5138 -0.8077332038374054 -0.3324333722751182 0
5139 0.7981778164390394 0.07577576839330522 0
5140 -0.5592117887053538 -0.4333377455690461 0
5141 0.7920070681782438 0.6408350539190051 0
5142 0.1581971268252361 -0.6572946771819344 0
5143 -0.5775315536665527 0.1824407724333096 0
5144 -0.9518305491531099 0.6295488741346645 0
5145 -0.4073662233645539 -0.3975135394114989 0
5146 0.8242608538439886 0.5698113493237968 0
5147 -0.4482651602101186 -0.4192841659613489 0
5148 -0.9439625547865889 0.2017563140246964 0
5149 -0.09076290367328838 0.1899989527486879 0
5150 -0.5032687137981329 -0.6198989338564702 0
5151 0.9822663278125721 0.2973962662953299 0
5152 -0.1977150108553424 -0.8874911878079318 0
5153 0.2096300756315803 0.2474204926798141 0
5154 -0.460979325909661 0.2031297029524878 0
5155 -0.3320691953713346 0.9808780282229204 0
5156 0.4699066380199147 0.626454839690426 0
5157 -0.07590584242831348 -0.2383001396891914 0
5158 -0.3291913000772827 0.50503692279281 0
5159 -0.8353281132751699 -0.9058568957245617 0
5160 0.01009758740361102 0.02847771440512098 0
5161 -0.9521414477768888 -0.863043744080576 0
5162 -0.2331766644825496 0.5645927309242106 0
5163 -0.3719537152879522 -0.5595605233127302 0
5164 0.8899280613626845 -0.2957048254451941 0
5165 -0.005888405229996599 0.006932215711468221 0
5166 -0.08412179611375614 -0.6646210615728008 0
5167 -0.5236337218708199 0.6262473854261656 0
5168 0.2932923918825631 0.479571439778629 0
5169 -0.003335987044597319 0.2542089552345851 0
5170 0.1950782650049494 0.01407307762739007 0
5171 -0.2329909568708118 -0.1604326108064818 0
5172 -0.7970196904936065 -0.8409776229176009 0
5173 -0.7480149254382165 0.4573149795705496 0
5174 -0.8158487706924055 0.6071039350616865 0
5175 0.9781503769829764 -0.6954097380701865 0
5176 0.620638039244199 0.3060706420096644 0
5177 -0.5952262409666089 -0.5075573715412813 0
5178 -0.2819152148360502 0.7547580332232725 0
5179 0.4865428478523289 0.2415247800968594 0
5180 6.878741526023828e-05 -0.9825743158807223 0
5181 -0.7242548060596623 -0.5935169020269397 0
5182 0.3553224252858349 -0.7439781327260009 0
5183 -0.09990851311074962 -0.3371526039495344 0
5184 0.2675699815048234 -0.4985984212251523 0
5185 -0.7893600561128733 0.446222432122533 0
5186 -0.5195251502559176 -0.8134796494551267 0
5187 -0.2693870055816742 -0.05251187251163007 0
5188 0.9089309245535262 -0.8443990184531687 0
5189 0.664943479580254 -0.2467219073235273 0
5190 0.8681190974221884 0.4438206961646737 0
5191 0.0533109916556016 0.5904867230495641 0
5192 -0.2714724599201381 -0.5052602558045031 0
5193 0.1581687777165491 0.8904178854252407 0
5194 0.4680374811078357 -0.07221710814628399 0
5195 0.8357586051022482 -0.5851881624174928 0
5196 -0.1557596579538131 -0.6521897503667031 0
5197 -0.7209108414258878 -0.6181422355639378 0
5198 0.6211950962081592 -0.7500550010715497 0
5199 -0.7506870459745087 0.5890856089079506 0
5200 0.8944323162184667 0.01573943404004417 0
5201 -0.06112572934721093 -0.6532902573505535 0
5202 -0.5471400333641728 0.2877254294428098 0
5203 0.5476325547826115 0.950144078498143 0
5204 -0.9442851620570805 0.105949172480679 0
5205 0.1592660379058879 0.8147121500927054 0
5206 0.1241446558560949 -0.7466609876122225 0
5207 0.9455041811354974 -0.9009374029193601 0
5208 -0.7900659176774883 -0.08547120257035308 0
5209 0.8372463300293235 -0.3944106395190126 0
5210 -0.4691084122070408 -0.978755848099535 0
5211 -0.8935740183176849 0.04897416292527897 0
5212 -0.6026846907772077 -0.5299417918838182 0
5213 0.03203023392009531 0.5534874005776397 0
5214 0.8129364849203881 0.475520887269459 0
5215 0.926025396070651 0.5838495468784403 0
5216 -0.7017830725767071 0.8077693513053333 0
5217 -0.8802615915268164 -0.7213775127603346 0
5218 -0.9816401739402367 0.1205598091948056 0
5219 -0.9302537359975839 -0.1931133698690976 0
5220 -0.315132246968801 -0.04236913670220696 0
5221 0.8846793893609567 0.2927011986045272 0
5222 -0.514995646843263 -0.4362772045189985 0
5223 0.3761504901187834 -0.8899145437589795 0
5224 -0.6221553720309768 -0.3360118559634083 0
5225 0.823853121546345 -0.2165778340345777 0
5226 0.1730269065905313 -0.3152390423140862 0
5227 0.0830700533697441 0.004526392722291065 0
5228 -0.4829488239793676 0.9518930885355461 0
5229 0.9780255043677477 -0.2603880974192712 0
5230 0.6155034550587282 -0.9236329013076127 0
5231 0.4418951565099359 -0.8618169157385953 0
5232 -0.9396687225015901 0.9088710999841451 0
5233 0.6517154430196861 -0.9330219166968191 0
5234 -0.2805862671397559 -0.8838899212076042 0
5235 0.2671874749076957 -0.601729898253773 0
5236 -0.9793730327612422 -0.1410891939012173 0
5237 0.201198330927349 -0.2836554864879812 0
5238 -0.3519939416937086 0.7536957175361821 0
5239 0.5555919028406227 0.5833955839005267 0
5240 -0.3626051764949465 -0.606488263163623 0
5241 -0.8335208412031889 0.9537587459465255 0
5242 -0.4107776247100642 -0.549761631125175 0
5243 0.6387195177152601 -0.6784818767960299 0
5244 -0.9303690090271967 -0.6699725615682629 0
5245 0.5927307507985708 0.5176814927133897 0
5246 0.7942280470984465 -0.5692371168806207 0
5247 0.07836076726743806 0.449494556971874 0
5248 -0.9460862996220629 -0.9285659913036273 0
5249 -0.9818461874260724 0.9559367339509706 0
5250 -0.76960436750906 -0.7542715312817649 0
5251 -0.6657172876711237 0.7956916192442431 0
5252 -0.1826630858819119 0.08373154355754288 0
5253 -0.9403531948034246 0.1314518000915863 0
5254 -0.177620082161042 0.6740228688642032 0
5255 0.4526640469208516 0.659363009715765 0
5256 -0.4556470731866165 0.5292464450204679 0
5257 -0.307081674268393 -0.740910595129703 0
5258 -0.4194205541929161 0.8450338170693164 0
5259 0.6153144331252844 -0.04039120702536905 0
5260 0.719375816111533 0.8838095454722652 0
5261 0.6916626251658614 0.27848433523862 0
5262 0.4647740201625843 -0.7745026315371015 0
5263 -0.8265031421870659 0.8610050280849978 0
5264 0.5873901669968364 -0.4499332822994758 0
5265 0.1125097471802681 0.8855895410695291 0
5266 0.8803774183231471 -0.4186236172339304 0
5267 0.1106902820235618 0.1393934031717186 0
5268 0.703456179139639 -0.04961163352181466 0
5269 0.3178838533713484 0.8863217968388695 0
5270 0.6572614254348011 -0.2057838904809658 0
5271 0.4452598119981758 -0.4799517323191661 0
5272 0.6160887763309341 -0.8129860838774652 0
5273 0.6016689176162837 -0.4852504531809311 0
5274 -0.2622112052495867 -0.2053706943182974 0
5275 0.766338711676779 -0.06957353747504963 0
5276 -0.8736000650465762 0.854116829110972 0
5277 -0.1626647911860325 0.816324232445088 0
5278 -0.8483061861415024 -0.4711463555779137 0
5279 -0.5506966089320933 0.4027425373020128 0
5280 -0.4812569208542991 -0.6324060540310326 0
5281 -0.2163069761413413 -0.6808390199934437 0
5282 -0.4601300499874459 -0.4941754492795813 0
5283 0.5642182842346314 0.8083043090669028 0
5284 0.8354453647349528 -0.4690181403278239 0
5285 -0.770695049231652 0.8028353350521009 0
5286 -0.2275744125811643 0.7185513712515115 0
5287 0.772518035211101 -0.5604323466228898 0
5288 0.9427692932304177 0.7490586576875162 0
5289 0.6449938147741168 0.05860605150780179 0
5290 -0.8506860333775451 0.1771562550435223 0
5291 -0.5859248930618223 -0.7906861972993465 0
5292 0.5021466360881375 -0.2693965758878391 0
5293 0.795946347115423 0.5112088781960297 0
5294 0.5668915865444667 -0.9830592018435791 0
5295 -0.4350153359966253 -0.5521390639080992 0
5296 -0.394745378175699 -0.5720367518145937 0
5297 0.5346354042275625 -0.3257227570717499 0
5298 0.6742317792337389 -0.1233306271049949 0
5299 -0.5100019334251722 0.3862606332429438 0
5300 -0.6607996136347813 -0.3959574272972408 0
5301 -0.6875348331935719 0.3592430051218501 0
5302 0.6775758378708515 -0.7176719882796008 0
5303 -0.2426324481288559 -0.8386816003881211 0
5304 -0.6280813048365504 0.7428999880850981 0
5305 -0.06216441538087922 0.7782382479055187 0
5306 -0.7300912271236436 0.3871887646533612 0
5307 0.09186420672843079 -0.5529370001908512 0
5308 -0.9442646244049928 -0.06933121226662495 0
5309 0.8836601200128889 0.366334753570464 0
5310 -0.4893972123585866 -0.4276821517032091 0
5311 0.668984657100984 -0.4424928969489816 0
5312 0.9469151941907501 -0.771105546264141 0
5313 0.9512886388932623 0.9805519405289828 0
5314 0.6939200356657014 -0.1637911219722701 0
5315 -0.8074985488693349 -0.4104895073439877 0
5316 -0.6609352375228809 0.3672240786101441 0
5317 -0.9404100407164844 0.1743258137795157 0
5318 0.1255390043843937 -0.6190873666794543 0
5319 0.345167077490858 -0.3565455781216684 0
5320 0.7287876072138306 0.2871264734224209 0
5321 -0.2645519267622086 -0.3942897418477473 0
5322 0.9782896956048077 -0.7865932632072143 0
5323 -0.3316057831010981 -0.173236065243808 0
5324 0.2277153110122321 -0.7542097769711514 0
5325 0.8820529446802647 -0.6643158766448823 0
5326 -0.9808579516221526 -0.6274064008204947 0
5327 -0.2271590113671861 -0.9416234004894382 0
5328 -0.2521602555463611 -0.9436695964359951 0
5329 0.8121957035452002 -0.8947311340363494 0
5330 0.9278392621654983 0.8028942399134561 0
5331 0.2868967530900546 -0.2706461571660563 0
5332 -0.8578417706899002 0.6838094910278676 0
5333 -0.465216188046061 -0.278758054709929 0
5334 0.8043938343089935 0.582476023349245 0
5335 -0.9314795852777032 -0.8032186638004686 0
5336 0.6968290534126592 0.4730198680511907 0
5337 -0.2532649123669657 -0.8598088635979436 0
5338 -0.2043074226760983 0.9030879098004778 0
5339 0.2364363469779612 -0.07622180433749073 0
5340 0.8885832443060921 -0.5389988465945682 0
5341 -0.4342594499934223 0.7442907705836483 0
5342 0.2420141811496051 0.7395992852895136 0
5343 0.3954466837907607 0.5526415342934349 0
5344 -0.4471866388618883 0.6089422477395647 0
5345 -0.5440623772448896 -0.7338174876752732 0
5346 -0.1455728444241621 -0.8753729996742267 0
5347 -0.3122650180934876 -0.684428338396906 0
5348 -0.9796252145967825 0.573472221233603 0
5349 0.4456143990712155 0.8800408359817391 0
5350 -0.7346531073390318 0.4153648488507637 0
5351 0.5626016230063058 0.2647363805690955 0
5352 -0.9144824067941857 0.6666044336821282 0
5353 -0.8205648414226799 -0.4671869036299161 0
5354 0.3994679268423107 -0.6831469297301727 0
5355 0.1188201223262471 0.323841722427069 0
5356 0.4251390977458157 0.5040917263669364 0
5357 -0.9186207140594449 -0.2278979032895513 0
5358 -0.2086723336606667 0.9234981846323655 0
5359 -0.1323703759018351 -0.1952252816565863 0
5360 -0.08978879929025566 -0.9035340383022872 0
5361 0.08097289415141666 0.7246463233596695 0
5362 -0.3931807051011845 0.8359091095345307 0
5363 -0.2812905022314837 -0.4688896374388882 0
5364 0.9778730944358649 0.7589276792041962 0
5365 0.5582293500733376 -0.6426791637308457 0
5366 -0.956127012708181 -0.376384173298092 0
5367 0.07644201172042175 -0.1093211337821701 0
5368 0.948080907039347 0.07398508928421633 0
5369 0.3808032832696746 0.3473304542206508 0
5370 -0.6998531915290643 -0.8977669473763251 0
5371 -0.6417392565333231 -0.9483980629858904 0
5372 -0.06868930435105319 0.003145514152921544 0
5373 -0.4586448889542358 -0.4005737613142438 0
5374 -0.02013068621296596 -0.06480876006661612 0
5375 -0.8086517272285302 0.9814796457702332 0
5376 -0.4484181548728923 0.3914074388319565 0
5377 0.1329151030774258 0.9502510185155122 0
5378 -0.6886833177427024 -0.7733417404233296 0
5379 0.2872469078380288 0.1764800939373795 0
5380 0.02173079898597594 -0.06303468894333805 0
5381 -0.3918781509109828 0.09979955813346722 0
5382 -0.6535756260887176 0.711557193239961 0
5383 -0.273187017375322 -0.1685765498608696 0
5384 0.6000658451028101 -0.07743680590080708 0
5385 -0.5895444978032526 0.6179798715493159 0
5386 0.1270620234038813 0.6287541828238569 0
5387 -0.3824546284102093 0.07898770211708669 0
5388 -0.6226215857702716 0.6794995898119264 0
5389 -0.445031662465651 -0.2456155840252269 0
5390 0.4013698924702231 -0.8481918636033812 0
5391 0.2805531233914824 -0.09529536035599748 0
5392 0.1366387087657683 0.2856919791029487 0
5393 -0.5914685335183969 -0.4679273466069301 0
5394 0.7447441039235658 -0.3574689477884249 0
5395 -0.7133191267332426 0.5288070250390412 0
5396 0.2900666884823463 -0.8908167634507316 0
5397 0.03279053693382589 0.2800833402853952 0
5398 0.4572471222079261 -0.3493259149261173 0
5399 -0.4213197931752964 0.4356189381755074 0
5400 -0.2786323126504474 -0.5724238718215147 0
5401 0.7960695271840064 -0.2453833402360328 0
5402 0.1116957069028744 -0.1025117976502626 0
5403 -0.498133126104778 -0.8477043999622222 0
5404 -0.3414255594732098 -0.2509415278639353 0
5405 0.4835707864956149 0.1642717473866233 0
5406 0.8827780346159164 0.9563347728383114 0
5407 -0.4891630500866662 -0.9004357108350609 0
5408 0.3040828392012806 0.6730846099100913 0
5409 -0.04282846039671596 0.2727124160048238 0
5410 -0.4044983256190561 0.3765958979144726 0
5411 -0.9086734016246392 0.6023962735046547 0
5412 -0.4402421547723628 -0.6356376294603349 0
5413 0.06088946805229329 0.8274348937355804 0
5414 -0.4180776907393735 -0.6394301569389577 0
5415 0.08368974816019942 0.6812109336579284 0
5416 -0.8401153945466037 -0.4319004327871961 0
5417 0.5042144014480078 0.2080668890730582 0
5418 -0.177483375512984 -0.7856081636224157 0
5419 -0.2174332077064587 -0.8716971259809269 0
5420 0.03554292588755821 0.08685985205137954 0
5421 -0.6714742487250505 0.4350489089757662 0
5422 0.4477611940313834 0.9836482621472827 0
5423 0.2264740874442309 -0.5962508865453484 0
5424 0.662964672502063 0.7243205738741985 0
5425 0.3784241489977506 0.6530459245765599 0
5426 -0.954379341043908 -0.9813976431463218 0
5427 0.3578110860064105 -0.1910982773160113 0
5428 0.761642226680418 0.8394728675075536 0
5429 0.8493211515049498 0.04340763047772132 0
5430 -0.3633515750883811 0.8369426422115276 0
5431 0.2025774857471308 0.8366280630296059 0
5432 0.4519060398068386 0.4999244841066245 0
5433 0.6572273562331394 -0.1432026621443431 0
5434 -0.8544616360121792 -0.8856333682543136 0
5435 0.1035601918880228 0.5904438368038468 0
5436 -0.4514768080371438 -0.7473606187778654 0
5437 -0.7080895499607207 -0.4211740350899481 0
5438 0.165650994895502 -0.06728198464118876 0
5439 0.6405700620620479 -0.8541312287161662 0
5440 -0.1089866880397178 0.1607158564345929 0
5441 -0.01637455612139463 0.4780870557263607 0
5442 0.24493253518792 -0.7377735668035936 0
5443 0.6836574976568957 -0.01774472402283449 0
5444 -0.4199279742551453 0.06708716029910916 0
5445 0.05093822174080508 0.4454189787239206 0
5446 0.09638565821356174 0.1168618222494366 0
5447 -0.145046666612223 -0.6779308119552853 0
5448 -0.6268656716407552 0.9837246921014837 0
5449 -0.6052319763295754 0.5935022567513334 0
5450 0.4402581789123197 -0.5032342601367925 0
5451 0.4837644439037522 -0.4304277541891086 0
5452 -0.8334422253185121 0.3102603481809484 0
5453 0.8898008175197609 0.4740522889969523 0
5454 -0.8673045604445511 0.2082454684792494 0
5455 -0.06631580917660007 0.04709156934207518 0
5456 -0.439553569281518 0.9192699716601234 0
5457 -0.6270598843848122 -0.5311056300981098 0
5458 -0.4892267669959811 0.1700390646947313 0
5459 -0.8010092562219391 0.08346786365509236 0
5460 -0.9817103383432517 0.5048643952070193 0
5461 0.9038653116195071 -0.9364712113321056 0
5462 0.8738498864980216 -0.5627440636941938 0
5463 0.5562788052834731 -0.7117292621639036 0
5464 0.8597023908538661 0.3505545541459589 0
5465 -0.9779751232783622 -0.4102736260197378 0
5466 0.4944608726019125 -0.8580968278011286 0
5467 -0.4560158983335192 0.8827222981120262 0
5468 -0.326689294347972 0.2300020235272294 0
5469 0.3836960559221574 -0.746805144167775 0
5470 0.1331657735275728 -0.8570808147084262 0
5471 -0.7683390514494687 0.1158923620984617 0
5472 -0.3193311424367481 -0.978747036455432 0
5473 0.9769479464788442 -0.03685021016358202 0
5474 0.4313430383235775 -0.3537125705218509 0
5475 -0.6006369049895377 0.1793168917765543 0
5476 -0.7316841869175899 0.2792569466096389 0
5477 0.2957522899093429 0.8108382845138554 0
5478 -0.3658956220083561 0.2353195295387992 0
5479 -0.7142480550380771 0.9146651470134447 0
5480 0.7245604569622011 0.1428030295267885 0
5481 0.6286985293227063 -0.5739383391098725 0
5482 0.1194029850770712 0.9838067568943041 0
5483 0.8862350693485952 0.3211015734701569 0
5484 -0.676721595509268 -0.7488161737007677 0
5485 0.2051413837766198 -0.482296034418343 0
5486 0.2816879346833204 -0.8086257496687005 0
5487 -0.3288475588324443 -0.0004119857781710348 0
5488 0.4893506168516468 -0.6468136492978303 0
5489 -0.8167581372309111 0.3644407119067394 0
5490 -0.1231685074589549 0.8000078379010718 0
5491 -0.9838180770596987 0.8358208955228431 0
5492 0.7609798338613726 -0.2209276536789752 0
5493 0.1751772239910602 -0.4376631120251863 0
5494 -0.2839786126809625 0.8307887405600972 0
5495 0.6411029782358246 -0.6514092150296088 0
5496 -0.2041869774140493 -0.9088279171717942 0
5497 0.337577642197835 -0.6538469589700836 0
5498 -0.5639509481857303 0.4650207435174891 0
5499 -0.2911917313900242 -0.9549914351927383 0
5500 -0.7753304865252317 -0.901536156537001 0
5501 0.9546277671848697 0.1685891807518439 0
5502 -0.2213767773837389 -0.799195976055927 0
5503 0.6912418665815909 0.9051582882605357 0
5504 0.7763277242166526 -0.3261382612038227 0
5505 0.1556611788549432 -0.1084179147983623 0
5506 0.674463337079884 0.9388412276936872 0
5507 0.7537967619600833 -0.5970954517391871 0
5508 -0.174831473318949 -0.8520802384301813 0
5509 -0.06093014887852669 -0.8174788499726795 0
5510 -0.8388204808659607 -0.3014749492455661 0
5511 0.3364048764176746 -0.9469211870314883 0
5512 0.2021209206161398 -0.5079178011025232 0
5513 0.7018236590102251 0.9471029215782816 0
5514 0.2760254895054099 0.04889924569595525 0
5515 -0.8859965272291196 0.3545018464626237 0
5516 0.6664085810202605 0.02354006338850072 0
5517 -0.7214384906806113 0.9814365250195163 0
5518 0.7500939913435174 0.8610370256965119 0
5519 0.311100929305587 -0.9781644702467343 0
5520 -0.4474728930585101 -0.4595793523693742 0
5521 -0.0998605965508519 0.004457876616072325 0
5522 -0.1483889845847594 -0.7616955728986055 0
5523 0.7697557030108669 -0.8472653309513929 0
5524 -0.9512093710613562 0.3880122573756782 0
5525 0.3561961243142939 0.265830104306105 0
5526 -0.241158327871169 -0.1351034665391431 0
5527 -0.5394152698507855 0.2623854758356347 0
5528 0.3653292712428706 0.2465360519165483 0
5529 0.9518474512035993 0.4869868073245423 0
5530 -0.06497591375077255 -0.7949441778361993 0
5531 -0.3987210533798532 0.8092622384658374 0
5532 -0.8423224611839465 0.1397216941594052 0
5533 -0.8161251641913786 0.1524697872243202 0
5534 -0.1834563226998921 -0.006743351450753619 0
5535 0.4108705324769333 0.8438536646443091 0
5536 0.2295254440718717 -0.1608625985197354 0
5537 -0.665381610920544 0.8303156497120967 0
5538 -0.01663657421550979 -0.3466720330239937 0
5539 0.936678278116599 -0.6003539283114009 0
5540 -0.04602417554498791 -0.8945948740358767 0
5541 0.09346716604670806 0.1972874539077992 0
5542 0.6439517418551071 0.4860339518611561 0
5543 0.06498229220167158 0.7492261263664156 0
5544 -0.1876414004157783 -0.6237068536129016 0
5545 0.7773479957201006 0.8012976471089196 0
5546 0.462766452906081 0.586422824289091 0
5547 -0.4188214808404825 0.670489569801779 0
5548 0.3416334739616889 -0.3259691112153721 0
5549 -0.7747286592588606 -0.181132754453306 0
5550 -0.5662435576871252 -0.5416634060137492 0
5551 0.6187590903812458 0.6925646517470692 0
5552 -0.9188634327067571 0.1691479574924086 0
5553 -0.05071929576760451 -0.490935748102632 0
5554 0.7238364832887751 -0.8967477583385056 0
5555 -0.2095509887711469 0.5690593821322532 0
5556 0.8128254758654692 0.7909644744478782 0
5557 -0.6279096133345846 0.3130415743330019 0
5558 0.5170400575934829 0.8567755272942623 0
5559 -0.2388059701471411 0.9839995834068171 0
5560 -0.6245469190129097 -0.5695427174575924 0
5561 -0.3239610089058808 -0.8882929428164315 0
5562 -0.8189648458527987 0.7009424625042964 0
5563 0.8775406900565101 -0.7692417559273566 0
5564 0.0237075183824094 -0.947940778617777 0
5565 -0.4804941525065658 -0.7895687020933941 0
5566 -0.3023286076833831 0.9462040848216385 0
5567 -0.3968270752924182 0.4222928800523077 0
5568 -0.6249434444348592 0.1402426983908427 0
5569 -0.4486040314311798 -0.5298319431940708 0
5570 0.5319431959984028 0.8842710084205687 0
5571 -0.4703567277939411 -0.5314235725624974 0
5572 -0.04935279643977697 0.6735079561871047 0
5573 0.7056967270577906 -0.8266342306059173 0
5574 0.03192250452014787 -0.377894752125765 0
5575 0.8262707764793021 0.9395001150516382 0
5576 0.6984254701060442 0.300144108662655 0
5577 0.817808976061521 0.4979747746092086 0
5578 0.7332035200091969 0.4024656362564153 0
5579 0.3625897115831094 0.7593097116637511 0
5580 0.323646544013328 0.699079516500718 0
5581 0.1770601224877518 0.2735850126379828 0
5582 0.9534836577389627 -0.1444642765154182 0
5583 -0.2144476896238944 -0.6543437002496916 0
5584 -0.4769328315209772 -0.7151680652851209 0
5585 0.8650559147005886 0.620092745552586 0
5586 -0.02809251744571788 -0.5853150478170559 0
5587 -0.6664817588384049 0.7296488198330275 0
5588 0.7955169964089871 0.3551375513828686 0
5589 -0.8367033649464317 -0.5371468394603637 0
5590 -0.2499884468439164 0.6610656755105038 0
5591 0.4128318995757176 0.1422421193491031 0
5592 -0.6180802825870233 0.2481215184510654 0
5593 -0.7008991756748848 0.8568404033080398 0
5594 -0.5422197259719685 0.4448344426286446 0
5595 0.2016907749611658 -0.7411930031799473 0
5596 0.1296083430077363 0.49706009764289 0
5597 0.266785564391373 0.8461221192663673 0
5598 -0.04414383464595541 -0.05641013925009832 0
5599 -0.1640146640557972 0.5622642675442864 0
5600 -0.810011479977549 -0.7295676215145377 0
5601 0.03665764199433462 0.0225598849019743 0
5602 -0.4957311296728864 -0.473166080587515 0
5603 0.4957520370655153 0.3958854727360115 0
5604 0.7655798537102103 0.3826113582619468 0
5605 0.9170520092001266 -0.1196969564468862 0
5606 0.1783374833403106 -0.9837169955393817 0
5607 0.8640889637688697 -0.3608404111509457 0
5608 -0.8016635952219741 0.6792400398417308 0
5609 -0.5051650208498292 -0.3855448473463768 0
5610 0.09077750963929057 -0.9835574944918681 0
5611 0.1191739569890942 -0.6428049867276775 0
5612 0.2465264278001864 -0.1251242510067393 0
5613 0.2503447030972145 -0.4305290592194591 0
5614 0.5574946373383006 -0.6020076358315787 0
5615 0.1637883977472638 -0.339002296454845 0
5616 0.1848373672205869 -0.08563502451247856 0
5617 0.7854632391948355 0.9249184840619865 0
5618 0.399619576486223 -0.1828884568985312 0
5619 0.5318009590115581 -0.9212280908943373 0
5620 -0.4332701646788772 0.4613348764432021 0
5621 -0.4808029824985013 -0.4948985566636912 0
5622 -0.5382781839511108 0.5599226432055373 0
5623 0.6767818894626916 0.8219388782739294 0
5624 0.7761576587606556 0.6993362489887796 0
5625 -0.838322160625391 -0.5120351631649035 0
5626 -0.02432023449464219 0.7621210612616113 0
5627 -0.4108235733666908 -0.9091060062628563 0
5628 0.3382513769113943 -0.8125218223443036 0
5629 -0.4658058427708431 -0.3564669524219372 0
5630 0.3385431064140658 -0.8370633484062203 0
5631 -0.855584732992716 -0.08085016047661289 0
5632 -0.5425768295396681 -0.769944482601355 0
5633 -0.2100648530726557 -0.1602466024331978 0
5634 -0.7798854493452079 0.691015383016941 0
5635 -0.2272994364948079 0.6048875474182123 0
5636 0.1618976126178472 0.7751048357146787 0
5637 0.4293196975228505 -0.6406693887006742 0
5638 -0.2189621283989349 -0.2801523249858403 0
5639 0.8060369173197738 -0.8408431560337264 0
5640 -0.8358208955228432 -0.9842279765671781 0
5641 -0.498464581267855 -0.5983377781093364 0
5642 -0.09152596760153112 0.1124604881726304 0
5643 0.4449228972492603 0.4356171204434644 0
5644 -0.8738403259370328 0.9793762263085136 0
5645 -0.02619601426926864 0.6907719868929513 0
5646 -0.9034192160609824 -0.5135292017524422 0
5647 -0.4614824633543547 0.3225951055916364 0
5648 -0.8757074711846951 0.5605416205200195 0
5649 0.2285185608291002 0.978816219726215 0
5650 -0.6687924479861329 -0.4432922705540128 0
5651 -0.662197482805883 0.64447917120253 0
5652 -0.333624459673582 0.8819101290752225 0
5653 0.01040512421999694 -0.8080641112885584 0
5654 -0.8732001709109631 -0.926996491015961 0
5655 -0.1596715437551357 0.7939527533935502 0
5656 0.7611073864663229 -0.3924611521968563 0
5657 -0.735400113141143 -0.1898852884721759 0
5658 -0.5383440582577417 0.5855609053680151 0
5659 -0.8976662344559103 0.7743148049361721 0
5660 0.3432121477171671 -0.4959716841808323 0
5661 0.6856111525109335 -0.0845936429287438 0
5662 0.2453980796632912 -0.979996102874932 0
5663 0.9528380630521214 -0.2571788517885522 0
5664 -0.6951000639885079 0.3203861914667613 0
5665 -0.5685850341943079 0.1621713408826591 0
5666 -0.3560939033843162 -0.2075072064024025 0
5667 0.06177069001509149 -0.0609782897770462 0
5668 0.4445046769082892 -0.7886238687332531 0
5669 -0.2132983932704466 0.1818108843778791 0
5670 0.5334571641914064 0.4256074088717283 0
5671 -0.748586733076398 0.8101129512548817 0
5672 -0.01685924442218864 0.9175802010379203 0
5673 0.001068279786464462 0.579772633889577 0
5674 -0.04154746850276815 0.1397170296221966 0
5675 -0.05828300185709159 0.3123793370805321 0
5676 -0.5213306538890253 -0.7035459278025438 0
5677 0.81730630180998 0.9786687744081787 0
5678 0.4466159161377559 -0.542568934325097 0
5679 -0.01085660236837937 0.04839717812987612 0
5680 0.1917194850634616 -0.5988267679437752 0
5681 0.7319347536609816 -0.5452974292405949 0
5682 -0.9843541420492351 -0.1194029850721828 0
5683 -0.462241038722274 0.4297783145321537 0
5684 0.08606805983482785 -0.4898017271006384 0
5685 -0.5333852212960196 0.4196059653532872 0
5686 -0.1951700318153241 0.6954783386926368 0
5687 0.7527916079024065 -0.6374455487177519 0
5688 -0.4246235338231454 0.3158071729444225 0
5689 -0.335973735512129 -0.7222081701506109 0
5690 0.08782757316694563 -0.1285315809874596 0
5691 -0.9308897766081102 -0.5470796003927731 0
5692 -0.4178866491342214 -0.9826951930363977 0
5693 -0.8388691858968479 0.2866794515441747 0
5694 0.4026645946361294 -0.2052782067389844 0
5695 -0.4702372701041646 0.6771857742647865 0
5696 -0.7962926928353344 -0.7947271454917576 0
5697 -0.9092071059128266 -0.9041004232700003 0
5698 -0.2062493439600696 -0.5744335953480958 0
5699 -0.5242271191197205 0.3509637692965126 0
5700 0.2687396396446441 -0.4262410105110327 0
5701 0.538454050503602 0.1159199299781146 0
5702 0.8507988059843679 -0.03607721244762251 0
5703 -0.2632803740123308 -0.7255261430188749 0
5704 0.333776081578726 -0.1584525843388776 0
5705 0.1266413416744959 -0.9798363229367028 0
5706 0.814651606279597 0.8871518922532069 0
5707 0.9793494102285807 -0.1707075072905337 0
5708 -0.6846536482976129 0.7663890373849539 0
5709 -0.3459248945575164 -0.1061447077075361 0
5710 -0.7025531964486517 -0.04022844356287689 0
5711 -0.450105994897339 -0.3146730966195927 0
5712 0.5113861429011932 -0.01803040989256002 0
5713 0.3644710918089948 -0.6208466067229597 0
5714 -0.4297488656384302 0.7865306006590324 0
5715 -0.0412700265435665 0.6237707138446746 0
5716 0.8943139612673718 -0.7323999732911177 0
5717 -0.6431126438863869 0.9045303507141654 0
5718 0.3381310808922653 0.7264678846370961 0
5719 0.03727780618458252 0.3705797512706067 0
5720 0.3859114719509145 0.5009251429248257 0
5721 -0.0368056752816169 0.3857766987706127 0
5722 0.8952304671580105 0.130472550603935 0
5723 0.5366520319850461 -0.2316923437353438 0
5724 0.1786410152533447 -0.1086999682248732 0
5725 0.8434677360404105 0.9527020872906939 0
5726 -0.1107140290173618 0.2051704119693477 0
5727 0.5029055310685119 0.3145112986730253 0
5728 0.9599560470638231 0.6117792826492723 0
5729 0.5083025259034989 0.8154723809821175 0
5730 -0.4100709064668407 0.6294270467366252 0
5731 -0.3109401763436698 -0.3699675340725697 0
5732 -0.4917607493521181 -0.9427961276098876 0
5733 0.7321166672727407 0.04614571355931717 0
5734 -0.3906172687046649 0.4626039097374358 0
5735 -0.5220497693836759 -0.8370347124181894 0
5736 -0.08655342291343923 -0.7870524174516818 0
5737 -0.9088888909198573 -0.3043050145103784 0
5738 0.5763992829117963 0.3718927888966618 0
5739 0.8246532167744071 -0.7149275898330427 0
5740 0.4692274803723175 0.7016071810082496 0
5741 0.8159759086617544 -0.01144011983819985 0
5742 0.6831728713178682 -0.06132175424024292 0
5743 0.582965485627285 0.7105738263702923 0
5744 -0.5872106290556014 -0.27807033003508 0
5745 -0.4712494658707062 -0.5902896455367258 0
5746 -0.6161042696260897 -0.662922543965321 0
5747 0.5172939796453926 0.2740957490702606 0
5748 -0.4727832467470444 0.3933738827657459 0
5749 -0.4806387660736098 0.4124943903874447 0
5750 -0.5020230123712897 -0.9191885686235712 0
5751 -0.6128277944917315 0.4128649280005254 0
5752 0.4765494892579412 0.04791692187418838 0
5753 0.9048241902263522 0.2859566745506512 0
5754 -0.237439751214934 -0.8788718911460689 0
5755 0.9831249832672575 0.4170050566072365 0
5756 0.7424558073796416 -0.6615037890595657 0
5757 0.4740688156786333 0.789741527607295 0
5758 0.6895220679893207 0.6988435851330677 0
5759 -0.8787959733497481 0.154435501342874 0
5760 0.1622270898725416 0.8409055425344248 0
5761 -0.6787176467355931 -0.4824717149852633 0
5762 0.1232310647739247 0.1802679556111197 0
5763 -0.1438498219739555 0.06223295922787569 0
5764 0.1568748936285426 0.6691499924053814 0
5765 -0.9464879016367695 0.5604817255131188 0
5766 0.05272441420163367 -0.6656166277736053 0
5767 -0.1086739680616513 0.1301185855316045 0
5768 0.7397014067184715 -0.4613431724230939 0
5769 -0.5970375034061171 0.5696759478351872 0
5770 0.8998164469946546 -0.3812662981317033 0
5771 0.001002430456244023 -0.4117579270004265 0
5772 -0.7777158386866341 0.6229884259140495 0
5773 -0.7088329910675505 -0.9798673159671418 0
5774 0.328492029133561 -0.2685233462054205 0
5775 0.2390990108594515 0.2783325394122547 0
5776 -0.2384103434602873 -0.02587259164032133 0
5777 0.3352035806637225 0.1546457139099652 0
5778 -0.380599875510443 0.6512554510003268 0
5779 -0.5019845820858302 0.2900835939634798 0
5780 0.8245472718688246 0.6163432970942211 0
5781 0.6360204655080595 -0.3993513564897677 0
5782 -0.8663340235015971 0.09966229353630709 0
5783 -0.04536846822840841 -0.6710784445303322 0
5784 -0.2406262324639714 -0.4425412180210472 0
5785 0.8354006381425388 -0.7514135653447452 0
5786 0.8382110399355582 -0.7762699187010573 0
5787 0.02046601664350614 0.5390917604600731 0
5788 0.2627897063649019 0.2213673071983086 0
5789 -0.5809055848885268 0.3190315621354047 0
5790 -0.9795325885658539 -0.7685098472389562 0
5791 -0.1968961290184706 -0.7135231325922283 0
5792 0.71561779067634 -0.5093212997472745 0
5793 -0.07580556745127778 0.8870487828303254 0
5794 -0.09743003808651021 0.8478041723788229 0
5795 -0.05676485205866189 -0.1916363797439795 0
5796 -0.903224700877445 0.1886717137598 0
5797 0.2388143060734396 -0.2330585955472538 0
5798 -0.5868642871553775 -0.4225192270531187 0
5799 0.3178379177836194 0.4945558488009724 0
5800 0.42610963040705 0.5261984141456869 0
5801 0.4987726697669391 -0.7439863905488348 0
5802 0.4882606813610659 0.6658077470862733 0
5803 0.4203960195116501 0.563891210446553 0
5804 0.7344979024773156 -0.7960861043254462 0
5805 -0.9035325032854228 0.1180580498841105 0
5806 0.505374025112812 -0.7153234142467982 0
5807 -0.2590601021335335 -0.9220135617812812 0
5808 -0.7482387341684842 0.6784534093739075 0
5809 0.696862586399407 -0.4453719569781595 0
5810 0.2201912864898272 -0.6300148742883405 0
5811 0.4094865324447533 0.3023263766036304 0
5812 0.4834899010682771 0.2864745550479005 0
5813 -0.6834548696615512 -0.8670351021110763 0
5814 -0.5789045990398143 -0.3967141867504273 0
5815 -0.3168364093706317 0.6467558862460824 0
5816 0.1008333226976981 -0.8321295708286133 0
5817 0.04690380697060868 -0.08530793973816123 0
5818 -0.884865885654186 -0.1098425103250328 0
5819 -0.764805869428695 -0.372898538190525 0
5820 0.7177789855307093 0.6726350351853142 0
5821 -0.008913844772068949 0.5156470989065022 0
5822 0.4404941831632281 -0.2223437939986497 0
5823 0.7453066623289145 -0.02181525129997515 0
5824 -0.06879140060133916 -0.5458875163919188 0
5825 0.8343083231440752 0.1460742584104387 0
5826 0.9480131617452229 0.3976697935571194 0
5827 0.5271817118984347 0.7556584176910399 0
5828 0.2487596697771831 -0.0599059920965089 0
5829 0.1893409785775237 0.6332363353769829 0
5830 -0.8519558678319693 0.3254420426571559 0
5831 -0.5974222359246918 0.5347533730574583 0
5832 0.1555699479985427 -0.1476645822905671 0
5833 -0.184399663883292 0.1251213338539091 0
5834 0.2252738544842306 -0.4736007266547841 0
5835 -0.1693208710225863 0.751613475559191 0
5836 0.5007749420047295 -0.1209471297754695 0
5837 -0.2980441385254466 0.6809384354832824 0
5838 0.5208972936631813 0.6823663277991889 0
5839 0.01416367932198687 -0.7772020374077657 0
5840 0.471208148841313 -0.01747713364733613 0
5841 0.5197613559030775 -0.4979433668112369 0
5842 0.9042441231954021 -0.4227391710159052 0
5843 -0.8151488308481071 -0.01459082151632273 0
5844 0.5010337816607495 -0.8978428815434342 0
5845 -0.5426984593583614 -0.3221410258056335 0
5846 -0.3230647129906863 0.68353114821239 0
5847 -0.4044376691202637 0.2449349596583943 0
5848 -0.5082863177313863 -0.7506409182361233 0
5849 0.005444567141552958 -0.207822967189595 0
5850 -0.6322749863538694 -0.6952147371117228 0
5851 -0.3725793834304593 -0.4839450401492931 0
5852 -0.6067603180256194 -0.4856660170332415 0
5853 0.1619662151945558 0.4030340610144869 0
5854 0.678325539241827 -0.270961948412564 0
5855 -0.01761658368793793 -0.6013831987246331 0
5856 0.7698032447608828 0.3192820063622188 0
5857 0.4638425474029911 0.03035826701495581 0
5858 -0.2967891263376198 -0.6765991434312318 0
5859 0.02391525985220257 -0.2002014303868532 0
5860 -0.8170372724937811 -0.1736489312359901 0
5861 0.135264687005486 0.08990227523943731 0
5862 0.1451726980843952 0.9111334793749536 0
5863 -0.1199310114564694 0.7567984050771903 0
5864 0.007679400775040084 0.1100158898825186 0
5865 0.9466761938075786 -0.03447809441199876 0
5866 -0.4936380190916279 -0.8114472675101261 0
5867 0.1121049470365732 -0.4477573053058465 0
5868 0.5469145264136809 0.7952435706705732 0
5869 -0.02995370327654224 -0.8605320214565105 0
5870 0.9399495582639901 0.184801810553978 0
5871 -0.3217992747454118 -0.6498469367975173 0
5872 -0.5863039392100966 0.1167428934972594 0
5873 0.3973330713008308 -0.7607253589131713 0
5874 0.4048657311235944 -0.4769362113753435 0
5875 0.3585216933554193 0.7213787428309553 0
5876 -0.6415509499217363 0.6148614458337034 0
5877 -0.7175523867542943 0.2238183335998968 0
5878 -0.3334325235197464 0.528852767528595 0
5879 -0.3348021711961534 -0.5042888532549457 0
5880 0.9805300813428012 0.2766360675973362 0
5881 0.7302873222073295 -0.4220069451846339 0
5882 0.02839787929992742 0.1947800605766544 0
5883 -0.9432287757742858 0.0334055037378897 0
5884 0.1256099568346681 0.7840535908981573 0
5885 0.3402472767573159 -0.1256105300637975 0
5886 -0.0979719014146794 0.6108417442416224 0
5887 0.5104534229694715 -0.2906647525572039 0
5888 -0.5848488953478903 0.3808438638021958 0
5889 -0.2863318922300471 -0.8354159486910495 0
5890 -0.5074626865657973 0.9849236571708734 0
5891 0.1964305930360279 0.06842504997007517 0
5892 -0.7922592351352375 0.9496038473841223 0
5893 0.02961594181354344 0.1534458498135977 0
5894 0.1522186278312992 0.6435907108780055 0
5895 -0.7808840754965017 0.5176008936268411 0
5896 0.2531382971841232 0.9183833664858109 0
5897 0.8904601611936761 0.6087008781408584 0
5898 0.4260352990195521 0.7182058824274016 0
5899 0.2631836920907676 -0.02030018912656384 0
5900 -0.8216887206729195 -0.09577587486123798 0
5901 -0.6862537740047101 0.2981160772117815 0
5902 0.008524810491687865 0.7863295457621589 0
5903 0.9841494991142425 -0.4476443694662625 0
5904 -0.8449964130980052 0.465671801767463 0
5905 0.2513960750125876 -0.5698650720752679 0
5906 -0.1439712642825225 0.01444970653022366 0
5907 0.6036250527697063 -0.2489951814953719 0
5908 0.1433725483912315 -0.3457807108971911 0
5909 0.1050741398472172 0.7502239305617862 0
5910 -0.4564742531547043 -0.7974257970388641 0
5911 -0.1159451371111867 0.9229102833504297 0
5912 0.9160888153472316 -0.4705633909125069 0
5913 -0.04623028133521687 -0.4042806074136783 0
5914 0.9832324468173933 -0.9552392623870564 0
5915 -0.2314004561831396 -0.7163028679622884 0
5916 0.6281727815620011 0.04911099711798476 0
5917 -0.5766397375708391 -0.502219873522138 0
5918 0.640619424997522 0.8101082381175874 0
5919 0.7657248440240952 -0.2648983717391057 0
5920 -0.3207868785030075 -0.5587612078228238 0
5921 0.7118093746957346 -0.3271688672579499 0
5922 -0.1066242971515467 0.0651179000797341 0
5923 0.3716600687448584 -0.06464752456311597 0
5924 -0.7074325250528865 0.5711844150663106 0
5925 0.3612638375821782 -0.6646351421220689 0
5926 0.7501348804495689 0.144555224901008 0
5927 -0.7613989124932172 0.2556282778435255 0
5928 0.3474708246311654 -0.2273622114235725 0
5929 0.9492234295263819 -0.6712899355835301 0
5930 -0.2755027802162033 0.1580826957895987 0
5931 0.05954866580723858 0.9475395791192811 0
5932 0.09198245281985233 0.8075788054594338 0
5933 -0.3667757420147855 0.3883637537607924 0
5934 -0.5923010789648787 -0.6004671031177736 0
5935 0.9822683617210162 0.7139460662103052 0
5936 0.02038500881576692 0.4738260813741456 0
5937 0.7250117935889719 0.004005334491385768 0
5938 0.3435173175201964 0.6830554712485015 0
5939 0.6359695133887765 -0.02049227383315692 0
5940 -0.6664782127436897 -0.1871234278090374 0
5941 0.8145884702296341 0.280939927721583 0
5942 -0.9819566021831524 -0.2348267000470785 0
$EndNodes
$Elements
11886
1 1 2 10 1 1 9
2 1 2 10 1 9 10
3 1 2 10 1 10 11
4 1 2 10 1 11 12
5 1 2 10 1 12 13
6 1 2 10 1 13 14
7 1 2 10 1 14 15
8 1 2 10 1 15 16
9 1 2 10 1 16 17
10 1 2 10 1 17 18
11 1 2 10 1 18 19
12 1 2 10 1 19 20
13 1 2 10 1 20 21
14 1 2 10 1 21 22
15 1 2 10 1 22 23
16 1 2 10 1 23 24
17 1 2 10 1 24 25
18 1 2 10 1 25 26
19 1 2 10 1 26 27
20 1 2 10 1 27 28
21 1 2 10 1 28 29
22 1 2 10 1 29 30
23 1 2 10 1 30 31
24 1 2 10 1 31 32
25 1 2 10 1 32 33
26 1 2 10 1 33 34
27 1 2 10 1 34 35
28 1 2 10 1 35 36
29 1 2 10 1 36 37
30 1 2 10 1 37 38
31 1 2 10 1 38 39
32 1 2 10 1 39 40
33 1 2 10 1 40 41
34 1 2 10 1 41 42
35 1 2 10 1 42 43
36 1 2 10 1 43 44
37 1 2 10 1 44 45
38 1 2 10 1 45 46
39 1 2 10 1 46 47
40 1 2 10 1 47 48
41 1 2 10 1 48 49
42 1 2 10 1 49 50
43 1 2 10 1 50 51
44 1 2 10 1 51 52
45 1 2 10 1 52 53
46 1 2 10 1 53 54
47 1 2 10 1 54 55
48 1 2 10 1 55 56
49 1 2 10 1 56 57
50 1 2 10 1 57 58
51 1 2 10 1 58 59
52 1 2 10 1 59 60
53 1 2 10 1 60 61
54 1 2 10 1 61 62
55 1 2 10 1 62 63
56 1 2 10 1 63 64
57 1 2 10 1 64 65
58 1 2 10 1 65 66
59 1 2 10 1 66 67
60 1 2 10 1 67 68
61 1 2 10 1 68 69
62 1 2 10 1 69 70
63 1 2 10 1 70 71
64 1 2 10 1 71 72
65 1 2 10 1 72 73
66 1 2 10 1 73 74
67 1 2 10 1 74 2
68 1 2 11 2 2 75
69 1 2 11 2 75 76
70 1 2 11 2 76 77
71 1 2 11 2 77 78
72 1 2 11 2 78 79
73 1 2 11 2 79 80
74 1 2 11 2 80 81
75 1 2 11 2 81 82
76 1 2 11 2 82 83
77 1 2 11 2 83 84
78 1 2 11 2 84 85
79 1 2 11 2 85 86
80 1 2 11 2 86 87
81 1 2 11 2 87 88
82 1 2 11 2 88 89
83 1 2 11 2 89 90
84 1 2 11 2 90 91
85 1 2 11 2 91 92
86 1 2 11 2 92 93
87 1 2 11 2 93 94
88 1 2 11 2 94 95
89 1 2 11 2 95 96
90 1 2 11 2 96 97
91 1 2 11 2 97 98
92 1 2 11 2 98 99
93 1 2 11 2 99 100
94 1 2 11 2 100 101
95 1 2 11 2 101 102
96 1 2 11 2 102 103
97 1 2 11 2 103 104
98 1 2 11 2 104 105
99 1 2 11 2 105 106
100 1 2 11 2 106 107
101 1 2 11 2 107 108
102 1 2 11 2 108 109
103 1 2 11 2 109 110
104 1 2 11 2 110 111
105 1 2 11 2 111 112
106 1 2 11 2 112 113
107 1 2 11 2 113 114
108 1 2 11 2 114 115
109 1 2 11 2 115 116
110 1 2 11 2 116 117
111 1 2 11 2 117 118
112 1 2 11 2 118 119
113 1 2 11 2 119 120
114 1 2 11 2 120 121
115 1 2 11 2 121 122
116 1 2 11 2 122 123
117 1 2 11 2 123 124
118 1 2 11 2 124 125
119 1 2 11 2 125 126
120 1 2 11 2 126 127
121 1 2 11 2 127 128
122 1 2 11 2 128 129
123 1 2 11 2 129 130
124 1 2 11 2 130 131
125 1 2 11 2 131 132
126 1 2 11 2 132 133
127 1 2 11 2 133 134
128 1 2 11 2 134 135
129 1 2 11 2 135 136
130 1 2 11 2 136 137
131 1 2 11 2 137 138
132 1 2 11 2 138 139
133 1 2 11 2 139 140
134 1 2 11 2 140 3
135 1 2 12 3 3 141
136 1 2 12 3 141 142
137 1 2 12 3 142 143
138 1 2 12 3 143 144
139 1 2 12 3 144 145
140 1 2 12 3 145 146
141 1 2 12 3 146 147
142 1 2 12 3 147 148
143 1 2 12 3 148 149
144 1 2 12 3 149 150
145 1 2 12 3 150 151
146 1 2 12 3 151 152
147 1 2 12 3 152 153
148 1 2 12 3 153 154
149 1 2 12 3 154 155
150 1 2 12 3 155 156
151 1 2 12 3 156 157
152 1 2 12 3 157 158
153 1 2 12 3 158 159
154 1 2 12 3 159 160
155 1 2 12 3 160 161
156 1 2 12 3 161 162
157 1 2 12 3 162 163
158 1 2 12 3 163 164
159 1 2 12 3 164 165
160 1 2 12 3 165 166
161 1 2 12 3 166 167
162 1 2 12 3 167 168
163 1 2 12 3 168 169
164 1 2 12 3 169 170
165 1 2 12 3 170 171
166 1 2 12 3 171 172
167 1 2 12 3 172 173
168 1 2 12 3 173 174
169 1 2 12 3 174 175
170 1 2 12 3 175 176
171 1 2 12 3 176 177
172 1 2 12 3 177 178
173 1 2 12 3 178 179
174 1 2 12 3 179 180
175 1 2 12 3 180 181
176 1 2 12 3 181 182
177 1 2 12 3 182 183
178 1 2 12 3 183 184
179 1 2 12 3 184 185
180 1 2 12 3 185 186
181 1 2 12 3 186 187
182 1 2 12 3 187 188
183 1 2 12 3 188 189
184 1 2 12 3 189 190
185 1 2 12 3 190 191
186 1 2 12 3 191 192
187 1 2 12 3 192 193
188 1 2 12 3 193 194
189 1 2 12 3 194 195
190 1 2 12 3 195 196
191 1 2 12 3 196 197
192 1 2 12 3 197 198
193 1 2 12 3 198 199
194 1 2 12 3 199 200
195 1 2 12 3 200 201
196 1 2 12 3 201 202
197 1 2 12 3 202 203
198 1 2 12 3 203 204
199 1 2 12 3 204 205
200 1 2 12 3 205 206
201 1 2 12 3 206 4
202 1 2 13 4 4 207
203 1 2 13 4 207 208
204 1 2 13 4 208 209
205 1 2 13 4 209 210
206 1 2 13 4 210 211
207 1 2 13 4 211 212
208 1 2 13 4 212 213
209 1 2 13 4 213 214
210 1 2 13 4 214 215
211 1 2 13 4 215 216
212 1 2 13 4 216 217
213 1 2 13 4 217 218
214 1 2 13 4 218 219
215 1 2 13 4 219 220
216 1 2 13 4 220 221
217 1 2 13 4 221 222
218 1 2 13 4 222 223
219 1 2 13 4 223 224
220 1 2 13 4 224 225
221 1 2 13 4 225 226
222 1 2 13 4 226 227
223 1 2 13 4 227 228
224 1 2 13 4 228 229
225 1 2 13 4 229 230
226 1 2 13 4 230 231
227 1 2 13 4 231 232
228 1 2 13 4 232 233
229 1 2 13 4 233 234
230 1 2 13 4 234 235
231 1 2 13 4 235 236
232 1 2 13 4 236 237
233 1 2 13 4 237 238
234 1 2 13 4 238 239
235 1 2 13 4 239 240
236 1 2 13 4 240 241
237 1 2 13 4 241 242
238 1 2 13 4 242 243
239 1 2 13 4 243 244
240 1 2 13 4 244 245
241 1 2 13 4 245 246
242 1 2 13 4 246 247
243 1 2 13 4 247 248
244 1 2 13 4 248 249
245 1 2 13 4 249 250
246 1 2 13 4 250 251
247 1 2 13 4 251 252
248 1 2 13 4 252 253
249 1 2 13 4 253 254
250 1 2 13 4 254 255
251 1 2 13 4 255 256
252 1 2 13 4 256 257
253 1 2 13 4 257 258
254 1 2 13 4 258 259
255 1 2 13 4 259 260
256 1 2 13 4 260 261
257 1 2 13 4 261 262
258 1 2 13 4 262 263
259 1 2 13 4 263 264
260 1 2 13 4 264 265
261 1 2 13 4 265 266
262 1 2 13 4 266 267
263 1 2 13 4 267 268
264 1 2 13 4 268 269
265 1 2 13 4 269 270
266 1 2 13 4 270 271
267 1 2 13 4 271 272
268 1 2 13 4 272 1
269 1 2 14 5 5 273
270 1 2 14 5 273 274
271 1 2 14 5 274 275
272 1 2 14 5 275 276
273 1 2 14 5 276 277
274 1 2 14 5 277 278
275 1 2 14 5 278 279
276 1 2 14 5 279 280
277 1 2 14 5 280 281
278 1 2 14 5 281 282
279 1 2 14 5 282 283
280 1 2 14 5 283 284
281 1 2 14 5 284 285
282 1 2 14 5 285 286
283 1 2 14 5 286 287
284 1 2 14 5 287 6
285 1 2 14 6 6 288
286 1 2 14 6 288 289
287 1 2 14 6 289 290
288 1 2 14 6 290 291
289 1 2 14 6 291 292
290 1 2 14 6 292 293
291 1 2 14 6 293 294
292 1 2 14 6 294 295
293 1 2 14 6 295 296
294 1 2 14 6 296 297
295 1 2 14 6 297 298
296 1 2 14 6 298 299
297 1 2 14 6 299 300
298 1 2 14 6 300 301
299 1 2 14 6 301 302
300 1 2 14 6 302 5
301 1 2 15 7 7 303
302 1 2 15 7 303 304
303 1 2 15 7 304 305
304 1 2 15 7 305 306
305 1 2 15 7 306 307
306 1 2 15 7 307 308
307 1 2 15 7 308 309
308 1 2 15 7 309 310
309 1 2 15 7 310 311
310 1 2 15 7 311 312
311 1 2 15 7 312 313
312 1 2 15 7 313 314
313 1 2 15 7 314 315
314 1 2 15 7 315 316
315 1 2 15 7 316 317
316 1 2 15 7 317 318
317 1 2 15 7 318 8
318 1 2 15 8 8 319
319 1 2 15 8 319 320
320 1 2 15 8 320 321
321 1 2 15 8 321 322
322 1 2 15 8 322 323
323 1 2 15 8 323 324
324 1 2 15 8 324 325
325 1 2 15 8 325 326
326 1 2 15 8 326 327
327 1 2 15 8 327 328
328 1 2 15 8 328 329
329 1 2 15 8 329 330
330 1 2 15 8 330 331
331 1 2 15 8 331 332
332 1 2 15 8 332 333
333 1 2 15 8 333 334
334 1 2 15 8 334 7
335 2 2 2 1 1800 690 2886
336 2 2 2 1 1889 2922 4841
337 2 2 2 1 3860 605 4583
338 2 2 2 1 2188 1219 2667
339 2 2 2 1 797 2294 5797
340 2 2 2 1 707 1948 4077
341 2 2 2 1 4291 2384 4879
342 2 2 2 1 1862 423 4636
343 2 2 2 1 4546 2563 5350
344 2 2 2 1 1280 1951 5866
345 2 2 2 1 2281 1958 5400
346 2 2 2 1 1948 1400 4077
347 2 2 2 1 1174 2123 3013
348 2 2 2 1 1845 680 3773
349 2 2 2 1 1845 1246 3731
350 2 2 2 1 1246 1845 3773
351 2 2 2 1 2130 867 2158
352 2 2 2 1 2765 120 3580
353 2 2 2 1 1994 715 2517
354 2 2 2 1 2513 3056 5495
355 2 2 2 1 457 1918 4905
356 2 2 2 1 2007 921 5841
357 2 2 2 1 1681 2988 3371
358 2 2 2 1 2988 937 3371
359 2 2 2 1 1752 908 2873
360 2 2 2 1 3013 2123 5865
361 2 2 2 1 1479 2683 3097
362 2 2 2 1 1115 2002 4425
363 2 2 2 1 1851 738 3816
364 2 2 2 1 2097 1107 2923
365 2 2 2 1 1681 645 2988
366 2 2 2 1 2670 782 3505
367 2 2 2 1 1628 2670 3505
368 2 2 2 1 556 2114 2520
369 2 2 2 1 2294 2080 5797
370 2 2 2 1 645 1681 3161
371 2 2 2 1 2683 1096 3097
372 2 2 2 1 819 2558 3130
373 2 2 2 1 540 2255 2621
374 2 2 2 1 2429 1163 2625
375 2 2 2 1 1013 2429 2625
376 2 2 2 1 1015 1722 2901
377 2 2 2 1 1173 2271 2802
378 2 2 2 1 2513 1212 3056
379 2 2 2 1 1408 2225 4104
380 2 2 2 1 1974 802 2727
381 2 2 2 1 799 3013 5865
382 2 2 2 1 530 2563 4546
383 2 2 2 1 1889 956 3410
384 2 2 2 1 2050 779 4030
385 2 2 2 1 1026 1688 2909
386 2 2 2 1 4358 720 4380
387 2 2 2 1 2488 608 3390
388 2 2 2 1 2222 3688 4172
389 2 2 2 1 558 2567 2873
390 2 2 2 1 1715 1091 3471
391 2 2 2 1 586 2555 2880
392 2 2 2 1 365 1754 5250
393 2 2 2 1 3064 1608 3869
394 2 2 2 1 57 2184 2399
395 2 2 2 1 921 2313 5841
396 2 2 2 1 2410 1280 5866
397 2 2 2 1 2555 1320 2880
398 2 2 2 1 1955 457 4905
399 2 2 2 1 797 2062 2229
400 2 2 2 1 1534 3247 4589
401 2 2 2 1 1851 868 2441
402 2 2 2 1 690 1800 5108
403 2 2 2 1 2253 735 3978
404 2 2 2 1 1228 2160 3793
405 2 2 2 1 802 1974 5409
406 2 2 2 1 985 1803 3880
407 2 2 2 1 1159 3040 4852
408 2 2 2 1 878 2190 3798
409 2 2 2 1 1688 1026 4681
410 2 2 2 1 979 2719 3082
411 2 2 2 1 2056 786 2433
412 2 2 2 1 1975 1418 2524
413 2 2 2 1 1481 2152 3898
414 2 2 2 1 2152 619 3898
415 2 2 2 1 406 2552 3009
416 2 2 2 1 720 1943 4380
417 2 2 2 1 2922 388 4841
418 2 2 2 1 2290 3224 3683
419 2 2 2 1 1087 2281 5400
420 2 2 2 1 2255 540 2535
421 2 2 2 1 1739 1239 5413
422 2 2 2 1 1841 1353 4208
423 2 2 2 1 2802 1563 3569
424 2 2 2 1 2294 797 4777
425 2 2 2 1 803 2256 4606
426 2 2 2 1 867 2130 5851
427 2 2 2 1 2201 1146 4051
428 2 2 2 1 1144 2255 2535
429 2 2 2 1 1973 1461 4228
430 2 2 2 1 703 1973 4228
431 2 2 2 1 2552 1378 3009
432 2 2 2 1 1745 701 2756
433 2 2 2 1 1866 352 2428
434 2 2 2 1 1840 566 2764
435 2 2 2 1 408 3105 3256
436 2 2 2 1 2382 617 2698
437 2 2 2 1 3256 3105 5227
438 2 2 2 1 1165 2382 2698
439 2 2 2 1 1402 2207 3598
440 2 2 2 1 2207 663 3598
441 2 2 2 1 423 1911 4636
442 2 2 2 1 2637 1305 2812
443 2 2 2 1 855 2195 3070
444 2 2 2 1 1241 1928 2408
445 2 2 2 1 1047 3030 3610
446 2 2 2 1 2433 786 4797
447 2 2 2 1 743 1855 5159
448 2 2 2 1 854 1869 2437
449 2 2 2 1 432 1914 4620
450 2 2 2 1 3191 3662 4970
451 2 2 2 1 1141 1986 2673
452 2 2 2 1 2320 898 2493
453 2 2 2 1 472 4154 5184
454 2 2 2 1 1914 1509 4620
455 2 2 2 1 1986 658 2673
456 2 2 2 1 1750 580 3873
457 2 2 2 1 1138 1737 3639
458 2 2 2 1 929 2525 3931
459 2 2 2 1 2632 1047 3610
460 2 2 2 1 1722 1015 3174
461 2 2 2 1 3532 1256 4083
462 2 2 2 1 2931 1508 2932
463 2 2 2 1 565 2931 2932
464 2 2 2 1 2587 929 3931
465 2 2 2 1 413 1944 4283
466 2 2 2 1 522 1742 2690
467 2 2 2 1 407 2637 2812
468 2 2 2 1 2752 552 2782
469 2 2 2 1 2746 1204 2803
470 2 2 2 1 2208 862 2235
471 2 2 2 1 4104 2225 5049
472 2 2 2 1 2289 893 3460
473 2 2 2 1 600 3826 4776
474 2 2 2 1 1039 2208 2235
475 2 2 2 1 2907 3868 4573
476 2 2 2 1 2825 825 4163
477 2 2 2 1 1121 2247 3746
478 2 2 2 1 3101 621 4039
479 2 2 2 1 3148 143 4460
480 2 2 2 1 1615 3790 4214
481 2 2 2 1 111 112 2156
482 2 2 2 1 2757 1090 2783
483 2 2 2 1 103 104 2113
484 2 2 2 1 2118 1310 3839
485 2 2 2 1 2305 1391 2679
486 2 2 2 1 3314 1895 5538
487 2 2 2 1 2240 918 2567
488 2 2 2 1 2023 455 2772
489 2 2 2 1 1286 2240 2567
490 2 2 2 1 2091 949 2423
491 2 2 2 1 928 2305 2679
492 2 2 2 1 1748 953 3516
493 2 2 2 1 1119 2091 2423
494 2 2 2 1 495 2011 4050
495 2 2 2 1 1513 2988 3559
496 2 2 2 1 754 1758 4739
497 2 2 2 1 830 1904 2560
498 2 2 2 1 216 1850 3241
499 2 2 2 1 1140 3064 3869
500 2 2 2 1 2011 1413 4050
501 2 2 2 1 249 1984 3717
502 2 2 2 1 2022 344 2324
503 2 2 2 1 160 2848 3577
504 2 2 2 1 925 1821 2805
505 2 2 2 1 909 2022 2324
506 2 2 2 1 908 1752 2711
507 2 2 2 1 53 1864 5519
508 2 2 2 1 407 2502 3627
509 2 2 2 1 902 2189 2614
510 2 2 2 1 2010 893 2397
511 2 2 2 1 3191 1452 3662
512 2 2 2 1 1645 3132 3715
513 2 2 2 1 890 1818 2539
514 2 2 2 1 667 2802 3569
515 2 2 2 1 345 1745 2785
516 2 2 2 1 1758 372 3038
517 2 2 2 1 558 1963 2717
518 2 2 2 1 526 2384 4291
519 2 2 2 1 2719 1408 3082
520 2 2 2 1 2222 812 3688
521 2 2 2 1 1996 441 4945
522 2 2 2 1 2175 1157 2958
523 2 2 2 1 2035 1699 4994
524 2 2 2 1 1062 2004 3186
525 2 2 2 1 2171 1331 4437
526 2 2 2 1 79 80 1970
527 2 2 2 1 2194 883 3778
528 2 2 2 1 2035 4994 5474
529 2 2 2 1 538 2175 2958
530 2 2 2 1 1791 401 3412
531 2 2 2 1 2735 1365 4023
532 2 2 2 1 2121 802 5409
533 2 2 2 1 2735 4023 4911
534 2 2 2 1 1236 1854 2502
535 2 2 2 1 2292 855 3070
536 2 2 2 1 1821 278 4119
537 2 2 2 1 1256 2880 4083
538 2 2 2 1 1978 1114 3111
539 2 2 2 1 2712 193 3018
540 2 2 2 1 2192 776 2936
541 2 2 2 1 516 1978 3111
542 2 2 2 1 2233 1511 3962
543 2 2 2 1 607 2233 3962
544 2 2 2 1 1118 2278 2695
545 2 2 2 1 2278 554 2695
546 2 2 2 1 1928 684 2408
547 2 2 2 1 2752 2782 5038
548 2 2 2 1 1852 354 3982
549 2 2 2 1 2679 4139 5040
550 2 2 2 1 1129 1973 2365
551 2 2 2 1 352 1818 2953
552 2 2 2 1 1709 4063 4782
553 2 2 2 1 278 1821 2694
554 2 2 2 1 1157 2192 2936
555 2 2 2 1 1267 1852 3982
556 2 2 2 1 504 1815 5405
557 2 2 2 1 912 4440 4473
558 2 2 2 1 1146 3176 4051
559 2 2 2 1 354 1852 2652
560 2 2 2 1 3959 2775 4603
561 2 2 2 1 1459 2986 3256
562 2 2 2 1 3020 928 3761
563 2 2 2 1 2387 912 4473
564 2 2 2 1 3788 1729 3929
565 2 2 2 1 634 3682 4498
566 2 2 2 1 1204 2505 2954
567 2 2 2 1 1207 1794 3515
568 2 2 2 1 1873 574 2496
569 2 2 2 1 701 1745 3895
570 2 2 2 1 1814 1037 4372
571 2 2 2 1 4994 447 5474
572 2 2 2 1 914 5097 5614
573 2 2 2 1 1799 2433 4797
574 2 2 2 1 668 1743 4827
575 2 2 2 1 1895 3314 4356
576 2 2 2 1 3672 1519 5556
577 2 2 2 1 4332 2261 5459
578 2 2 2 1 1809 932 4662
579 2 2 2 1 65 2125 2471
580 2 2 2 1 1988 1215 3725
581 2 2 2 1 1188 2933 3138
582 2 2 2 1 488 1775 2787
583 2 2 2 1 828 2020 2344
584 2 2 2 1 344 2077 2994
585 2 2 2 1 1091 1715 4492
586 2 2 2 1 375 1793 2646
587 2 2 2 1 2686 534 3146
588 2 2 2 1 189 1811 3667
589 2 2 2 1 829 1819 2602
590 2 2 2 1 2873 2567 4571
591 2 2 2 1 1080 2080 2294
592 2 2 2 1 931 2370 2761
593 2 2 2 1 1861 404 3762
594 2 2 2 1 719 1979 2478
595 2 2 2 1 906 1843 2596
596 2 2 2 1 540 2402 3853
597 2 2 2 1 822 2202 2959
598 2 2 2 1 1793 375 2731
599 2 2 2 1 2256 1644 4606
600 2 2 2 1 3138 2933 4727
601 2 2 2 1 459 2498 3798
602 2 2 2 1 2639 1563 3965
603 2 2 2 1 884 2186 3719
604 2 2 2 1 1546 2261 4332
605 2 2 2 1 1519 3253 5556
606 2 2 2 1 4409 701 5497
607 2 2 2 1 2757 2783 4994
608 2 2 2 1 2498 1626 3798
609 2 2 2 1 493 1945 2425
610 2 2 2 1 568 1816 2744
611 2 2 2 1 3173 1144 4376
612 2 2 2 1 2120 3538 3676
613 2 2 2 1 2156 112 3316
614 2 2 2 1 372 1758 3719
615 2 2 2 1 1144 2464 4376
616 2 2 2 1 3203 878 3798
617 2 2 2 1 766 2078 3324
618 2 2 2 1 1722 2294 4777
619 2 2 2 1 1053 2049 2325
620 2 2 2 1 701 2361 5497
621 2 2 2 1 1979 1160 2478
622 2 2 2 1 996 1985 2954
623 2 2 2 1 1390 2488 3390
624 2 2 2 1 1039 1732 2956
625 2 2 2 1 2011 495 2611
626 2 2 2 1 2464 1144 2611
627 2 2 2 1 2388 1621 3810
628 2 2 2 1 1297 3230 3240
629 2 2 2 1 1915 1106 4532
630 2 2 2 1 2585 1705 3036
631 2 2 2 1 331 2131 2666
632 2 2 2 1 2323 634 4498
633 2 2 2 1 726 1947 5856
634 2 2 2 1 1206 2814 3453
635 2 2 2 1 2489 3910 4238
636 2 2 2 1 2558 1323 3130
637 2 2 2 1 495 2464 2611
638 2 2 2 1 123 2967 4117
639 2 2 2 1 2903 1028 3168
640 2 2 2 1 1754 365 2822
641 2 2 2 1 1864 53 3170
642 2 2 2 1 487 2159 2505
643 2 2 2 1 2599 2171 4437
644 2 2 2 1 2029 734 2549
645 2 2 2 1 2263 1050 2472
646 2 2 2 1 346 2438 3213
647 2 2 2 1 404 1875 3762
648 2 2 2 1 825 2825 3264
649 2 2 2 1 961 2263 2472
650 2 2 2 1 2502 1493 3627
651 2 2 2 1 2159 996 2505
652 2 2 2 1 1399 3841 4150
653 2 2 2 1 1535 2907 4573
654 2 2 2 1 21 22 2180
655 2 2 2 1 2160 1228 4033
656 2 2 2 1 1777 1228 3793
657 2 2 2 1 2510 961 2900
658 2 2 2 1 2280 1041 2910
659 2 2 2 1 665 1753 3392
660 2 2 2 1 356 2202 2859
661 2 2 2 1 2607 1849 4378
662 2 2 2 1 2109 1099 2293
663 2 2 2 1 915 1818 2656
664 2 2 2 1 1337 2389 2547
665 2 2 2 1 1675 2827 3503
666 2 2 2 1 2827 1223 3503
667 2 2 2 1 949 1777 2744
668 2 2 2 1 441 1996 5057
669 2 2 2 1 2114 556 3062
670 2 2 2 1 1882 2220 5567
671 2 2 2 1 2290 1093 3224
672 2 2 2 1 3307 1121 3746
673 2 2 2 1 620 3079 3781
674 2 2 2 1 2000 942 2495
675 2 2 2 1 3396 2050 4030
676 2 2 2 1 760 2607 4378
677 2 2 2 1 529 2463 2704
678 2 2 2 1 1818 352 2656
679 2 2 2 1 404 1861 4322
680 2 2 2 1 2059 1698 4108
681 2 2 2 1 1399 2899 3841
682 2 2 2 1 1932 742 2651
683 2 2 2 1 986 2063 3039
684 2 2 2 1 3853 2402 4718
685 2 2 2 1 1964 341 2432
686 2 2 2 1 2002 2525 4425
687 2 2 2 1 957 1932 2651
688 2 2 2 1 1811 935 3667
689 2 2 2 1 883 2386 3778
690 2 2 2 1 2220 5399 5567
691 2 2 2 1 953 1748 3630
692 2 2 2 1 1850 216 3706
693 2 2 2 1 1865 689 4233
694 2 2 2 1 3042 1648 4255
695 2 2 2 1 2061 413 4283
696 2 2 2 1 2337 914 5614
697 2 2 2 1 2028 378 2441
698 2 2 2 1 1348 1865 4233
699 2 2 2 1 2131 1339 4542
700 2 2 2 1 3132 647 3715
701 2 2 2 1 2099 1633 3764
702 2 2 2 1 580 1750 5223
703 2 2 2 1 1869 854 4385
704 2 2 2 1 1074 3966 4403
705 2 2 2 1 1370 2347 2348
706 2 2 2 1 2085 909 2324
707 2 2 2 1 1229 2250 3522
708 2 2 2 1 1732 1039 3353
709 2 2 2 1 2176 564 2434
710 2 2 2 1 980 2176 2434
711 2 2 2 1 3364 4324 5739
712 2 2 2 1 1157 2175 5909
713 2 2 2 1 2347 826 2348
714 2 2 2 1 1276 3788 3929
715 2 2 2 1 1645 3148 4460
716 2 2 2 1 956 1889 5435
717 2 2 2 1 2293 484 5822
718 2 2 2 1 2130 2158 5879
719 2 2 2 1 2280 1001 2545
720 2 2 2 1 1302 2388 3810
721 2 2 2 1 1041 2280 2545
722 2 2 2 1 675 1756 3629
723 2 2 2 1 3534 674 4672
724 2 2 2 1 2109 2293 5822
725 2 2 2 1 1354 2412 2416
726 2 2 2 1 3399 395 3646
727 2 2 2 1 857 2217 2454
728 2 2 2 1 2173 1007 2274
729 2 2 2 1 369 1808 2696
730 2 2 2 1 1032 1784 2755
731 2 2 2 1 4225 1708 4712
732 2 2 2 1 1740 3534 4672
733 2 2 2 1 1908 492 2506
734 2 2 2 1 3460 893 3734
735 2 2 2 1 1737 1138 3829
736 2 2 2 1 2412 846 2416
737 2 2 2 1 478 1874 3925
738 2 2 2 1 363 2181 3613
739 2 2 2 1 1474 2029 2549
740 2 2 2 1 3284 537 3357
741 2 2 2 1 3156 1686 4629
742 2 2 2 1 1662 3015 3892
743 2 2 2 1 452 2182 5243
744 2 2 2 1 274 273 2178
745 2 2 2 1 1685 2624 4237
746 2 2 2 1 319 2728 3116
747 2 2 2 1 2346 383 2810
748 2 2 2 1 692 2422 3034
749 2 2 2 1 2397 539 5121
750 2 2 2 1 2010 2397 5121
751 2 2 2 1 1005 2124 3407
752 2 2 2 1 2013 1064 3160
753 2 2 2 1 1813 1108 4628
754 2 2 2 1 1941 967 5824
755 2 2 2 1 2422 1268 3034
756 2 2 2 1 2219 1996 4945
757 2 2 2 1 1937 553 3153
758 2 2 2 1 3568 2681 4562
759 2 2 2 1 2938 1603 3770
760 2 2 2 1 1268 2422 2656
761 2 2 2 1 1976 383 5674
762 2 2 2 1 1745 345 3004
763 2 2 2 1 621 3101 3807
764 2 2 2 1 747 1965 2482
765 2 2 2 1 668 2720 3690
766 2 2 2 1 1994 2517 4933
767 2 2 2 1 1337 2129 4921
768 2 2 2 1 1843 906 3217
769 2 2 2 1 2720 1673 3690
770 2 2 2 1 793 1955 3091
771 2 2 2 1 1840 916 2778
772 2 2 2 1 1041 4952 5370
773 2 2 2 1 1239 1739 4317
774 2 2 2 1 1758 1068 2960
775 2 2 2 1 1821 925 2694
776 2 2 2 1 1768 397 2881
777 2 2 2 1 1743 668 4916
778 2 2 2 1 903 2379 3573
779 2 2 2 1 1492 2903 3168
780 2 2 2 1 1777 949 2826
781 2 2 2 1 2988 645 3559
782 2 2 2 1 2079 856 2356
783 2 2 2 1 2182 2513 5243
784 2 2 2 1 837 2105 2330
785 2 2 2 1 2752 1492 3168
786 2 2 2 1 552 2752 3168
787 2 2 2 1 2006 405 3106
788 2 2 2 1 990 4587 5772
789 2 2 2 1 966 2315 4912
790 2 2 2 1 449 2238 4554
791 2 2 2 1 2315 1855 4912
792 2 2 2 1 1099 2006 3106
793 2 2 2 1 2159 487 5840
794 2 2 2 1 4165 1127 4255
795 2 2 2 1 932 1809 3950
796 2 2 2 1 2191 1253 3436
797 2 2 2 1 1982 913 2449
798 2 2 2 1 1168 2205 2631
799 2 2 2 1 57 58 2184
800 2 2 2 1 1742 522 4435
801 2 2 2 1 2205 791 2631
802 2 2 2 1 2097 2923 4395
803 2 2 2 1 310 309 2198
804 2 2 2 1 1253 2191 3858
805 2 2 2 1 1477 2209 4649
806 2 2 2 1 738 1851 4195
807 2 2 2 1 1237 1931 2514
808 2 2 2 1 1925 891 3548
809 2 2 2 1 1278 2132 3975
810 2 2 2 1 1794 1207 3905
811 2 2 2 1 397 1768 3630
812 2 2 2 1 2447 3567 4613
813 2 2 2 1 2648 1720 5052
814 2 2 2 1 1797 1035 3229
815 2 2 2 1 1068 1758 3454
816 2 2 2 1 457 1955 5190
817 2 2 2 1 1422 2028 2441
818 2 2 2 1 2162 751 4210
819 2 2 2 1 1758 754 3454
820 2 2 2 1 3364 1760 4324
821 2 2 2 1 1682 3834 4005
822 2 2 2 1 483 1987 4094
823 2 2 2 1 1815 504 4017
824 2 2 2 1 2569 472 5184
825 2 2 2 1 1753 665 3305
826 2 2 2 1 2473 824 4729
827 2 2 2 1 555 2213 2553
828 2 2 2 1 2029 444 4625
829 2 2 2 1 34 2380 5103
830 2 2 2 1 512 2158 4174
831 2 2 2 1 815 2206 2299
832 2 2 2 1 2797 1273 5223
833 2 2 2 1 1443 2557 3519
834 2 2 2 1 2406 4867 5284
835 2 2 2 1 2026 1464 2511
836 2 2 2 1 696 3564 4128
837 2 2 2 1 491 1953 5002
838 2 2 2 1 2040 1301 3248
839 2 2 2 1 3564 1840 4128
840 2 2 2 1 2922 1889 5191
841 2 2 2 1 1020 1774 3195
842 2 2 2 1 1091 2747 3169
843 2 2 2 1 2004 1062 5007
844 2 2 2 1 1979 719 3554
845 2 2 2 1 2129 2794 4921
846 2 2 2 1 2872 600 4776
847 2 2 2 1 3015 662 3892
848 2 2 2 1 748 2014 2557
849 2 2 2 1 2747 1488 3169
850 2 2 2 1 1887 4620 4965
851 2 2 2 1 2891 2131 4542
852 2 2 2 1 65 66 2125
853 2 2 2 1 2032 659 5897
854 2 2 2 1 2131 1006 2666
855 2 2 2 1 537 2537 3357
856 2 2 2 1 2238 3691 4554
857 2 2 2 1 1062 1780 5596
858 2 2 2 1 2303 923 5182
859 2 2 2 1 1342 2724 2871
860 2 2 2 1 2011 2611 4430
861 2 2 2 1 2724 1021 2871
862 2 2 2 1 2406 1679 4867
863 2 2 2 1 1963 1205 2908
864 2 2 2 1 624 2617 4029
865 2 2 2 1 2804 990 5772
866 2 2 2 1 2617 1729 4029
867 2 2 2 1 2307 3678 4575
868 2 2 2 1 2184 892 2399
869 2 2 2 1 2498 903 3573
870 2 2 2 1 1228 1777 3680
871 2 2 2 1 1826 578 2868
872 2 2 2 1 742 1874 2651
873 2 2 2 1 5182 923 5469
874 2 2 2 1 4324 727 5739
875 2 2 2 1 418 1952 3024
876 2 2 2 1 910 2073 2576
877 2 2 2 1 3910 474 4238
878 2 2 2 1 1878 907 3308
879 2 2 2 1 2046 812 3318
880 2 2 2 1 1791 1011 3149
881 2 2 2 1 1204 2954 3703
882 2 2 2 1 1756 675 3210
883 2 2 2 1 3112 1757 3933
884 2 2 2 1 3966 1684 4403
885 2 2 2 1 2067 508 2396
886 2 2 2 1 2986 408 3256
887 2 2 2 1 902 2044 2586
888 2 2 2 1 1606 4216 4468
889 2 2 2 1 1547 2122 3091
890 2 2 2 1 497 2750 3087
891 2 2 2 1 1882 302 3944
892 2 2 2 1 605 2442 4583
893 2 2 2 1 1280 2711 3111
894 2 2 2 1 179 180 2095
895 2 2 2 1 1796 1054 2844
896 2 2 2 1 292 1959 4955
897 2 2 2 1 1545 3174 4170
898 2 2 2 1 2507 726 5856
899 2 2 2 1 634 2323 4000
900 2 2 2 1 1808 369 5643
901 2 2 2 1 2323 1527 4000
902 2 2 2 1 2334 1233 2662
903 2 2 2 1 678 2334 2662
904 2 2 2 1 2624 913 4237
905 2 2 2 1 2679 578 4139
906 2 2 2 1 1815 1075 3447
907 2 2 2 1 1154 2501 3028
908 2 2 2 1 2925 573 3235
909 2 2 2 1 1458 2302 5248
910 2 2 2 1 67 68 2247
911 2 2 2 1 1506 2998 4776
912 2 2 2 1 1203 2510 2900
913 2 2 2 1 2571 923 2630
914 2 2 2 1 654 2938 3770
915 2 2 2 1 2375 1708 4225
916 2 2 2 1 2928 683 3950
917 2 2 2 1 2998 1506 4789
918 2 2 2 1 1936 2193 5496
919 2 2 2 1 1809 2928 3950
920 2 2 2 1 836 2203 2329
921 2 2 2 1 2193 796 5496
922 2 2 2 1 320 319 3116
923 2 2 2 1 2359 1041 5370
924 2 2 2 1 891 1925 4609
925 2 2 2 1 503 2164 4025
926 2 2 2 1 972 2277 2945
927 2 2 2 1 901 2639 3965
928 2 2 2 1 755 2074 5396
929 2 2 2 1 2447 382 3567
930 2 2 2 1 433 1932 3509
931 2 2 2 1 2075 755 5396
932 2 2 2 1 2033 1446 4359
933 2 2 2 1 908 1922 2873
934 2 2 2 1 2340 1169 3570
935 2 2 2 1 3678 1384 4575
936 2 2 2 1 1941 3145 4773
937 2 2 2 1 1769 1025 3096
938 2 2 2 1 3999 308 4426
939 2 2 2 1 1025 1769 3270
940 2 2 2 1 2138 204 4801
941 2 2 2 1 4253 1458 5248
942 2 2 2 1 3096 2542 5420
943 2 2 2 1 383 1976 3270
944 2 2 2 1 11 1876 3508
945 2 2 2 1 548 2446 3819
946 2 2 2 1 835 2654 4869
947 2 2 2 1 590 2957 3784
948 2 2 2 1 1774 1020 3344
949 2 2 2 1 1443 3519 4497
950 2 2 2 1 566 1840 2778
951 2 2 2 1 2331 579 3214
952 2 2 2 1 533 2328 5343
953 2 2 2 1 879 2338 3451
954 2 2 2 1 2750 1416 3087
955 2 2 2 1 3040 1543 4852
956 2 2 2 1 1077 2056 2433
957 2 2 2 1 1298 2523 3611
958 2 2 2 1 2328 1989 5343
959 2 2 2 1 591 2970 5178
960 2 2 2 1 2775 952 4603
961 2 2 2 1 1624 2825 4163
962 2 2 2 1 1811 189 4067
963 2 2 2 1 374 1975 2524
964 2 2 2 1 1844 717 3000
965 2 2 2 1 1270 2331 3214
966 2 2 2 1 3548 891 4301
967 2 2 2 1 2957 1738 3784
968 2 2 2 1 935 1811 2883
969 2 2 2 1 894 2107 4512
970 2 2 2 1 1870 1178 3607
971 2 2 2 1 1297 2368 3230
972 2 2 2 1 2116 912 2387
973 2 2 2 1 2368 555 3230
974 2 2 2 1 1780 1062 3019
975 2 2 2 1 455 2964 3809
976 2 2 2 1 450 2591 4224
977 2 2 2 1 2681 1424 4562
978 2 2 2 1 342 2173 5374
979 2 2 2 1 1206 2084 2565
980 2 2 2 1 1295 1946 4005
981 2 2 2 1 764 2342 3286
982 2 2 2 1 1316 2585 3014
983 2 2 2 1 2585 585 3014
984 2 2 2 1 2120 770 3538
985 2 2 2 1 1775 488 3151
986 2 2 2 1 1955 793 5006
987 2 2 2 1 77 1921 3842
988 2 2 2 1 2960 884 3719
989 2 2 2 1 34 35 2380
990 2 2 2 1 1144 2535 2611
991 2 2 2 1 1784 1032 3046
992 2 2 2 1 2786 424 3131
993 2 2 2 1 2535 946 2611
994 2 2 2 1 578 1826 3884
995 2 2 2 1 2321 1761 4726
996 2 2 2 1 749 2321 4726
997 2 2 2 1 1934 733 3128
998 2 2 2 1 2521 1622 4024
999 2 2 2 1 1990 3390 5719
1000 2 2 2 1 2125 896 2471
1001 2 2 2 1 735 2253 3780
1002 2 2 2 1 1287 2559 4362
1003 2 2 2 1 799 1891 4689
1004 2 2 2 1 1950 1009 3631
1005 2 2 2 1 1881 1078 2701
1006 2 2 2 1 179 2095 2595
1007 2 2 2 1 1819 2136 4675
1008 2 2 2 1 2559 2998 4362
1009 2 2 2 1 1855 743 3879
1010 2 2 2 1 1973 1129 3512
1011 2 2 2 1 2059 297 5162
1012 2 2 2 1 2180 22 4010
1013 2 2 2 1 395 2642 3646
1014 2 2 2 1 204 205 4801
1015 2 2 2 1 1816 568 3806
1016 2 2 2 1 1042 2143 2769
1017 2 2 2 1 1353 1841 4598
1018 2 2 2 1 519 1966 3336
1019 2 2 2 1 1477 2786 3131
1020 2 2 2 1 2436 947 2915
1021 2 2 2 1 575 2746 2803
1022 2 2 2 1 588 2542 3096
1023 2 2 2 1 2654 1914 4869
1024 2 2 2 1 2020 1049 3118
1025 2 2 2 1 2143 863 2769
1026 2 2 2 1 2271 618 4738
1027 2 2 2 1 967 2288 2732
1028 2 2 2 1 808 1957 3696
1029 2 2 2 1 504 2100 2847
1030 2 2 2 1 596 2073 3239
1031 2 2 2 1 670 3149 3418
1032 2 2 2 1 2073 1161 3239
1033 2 2 2 1 3149 1770 3418
1034 2 2 2 1 770 2118 3839
1035 2 2 2 1 2512 1305 3074
1036 2 2 2 1 1105 2392 3381
1037 2 2 2 1 563 2057 2579
1038 2 2 2 1 4154 1070 4477
1039 2 2 2 1 3366 4144 5701
1040 2 2 2 1 858 2512 3074
1041 2 2 2 1 2305 928 3020
1042 2 2 2 1 2721 1166 3530
1043 2 2 2 1 883 2194 5904
1044 2 2 2 1 3611 2523 5157
1045 2 2 2 1 2173 2274 5374
1046 2 2 2 1 2420 409 3125
1047 2 2 2 1 763 2395 3192
1048 2 2 2 1 659 2379 5897
1049 2 2 2 1 2002 480 2525
1050 2 2 2 1 2438 346 4980
1051 2 2 2 1 2142 976 3342
1052 2 2 2 1 1904 830 2678
1053 2 2 2 1 174 175 2071
1054 2 2 2 1 2068 1018 4180
1055 2 2 2 1 2289 1059 2397
1056 2 2 2 1 2101 1283 2597
1057 2 2 2 1 187 188 2497
1058 2 2 2 1 1822 1085 3081
1059 2 2 2 1 1992 1095 3232
1060 2 2 2 1 1855 2315 5159
1061 2 2 2 1 384 2521 4024
1062 2 2 2 1 893 2289 2397
1063 2 2 2 1 2028 1422 4276
1064 2 2 2 1 2517 1411 4933
1065 2 2 2 1 383 2346 5674
1066 2 2 2 1 920 2426 2737
1067 2 2 2 1 401 1791 4637
1068 2 2 2 1 971 1846 2928
1069 2 2 2 1 2357 1045 2430
1070 2 2 2 1 366 2272 3900
1071 2 2 2 1 2272 1469 3900
1072 2 2 2 1 907 1957 3290
1073 2 2 2 1 2565 1465 3416
1074 2 2 2 1 3426 607 3992
1075 2 2 2 1 409 2526 4286
1076 2 2 2 1 1272 2420 3125
1077 2 2 2 1 1846 683 2928
1078 2 2 2 1 1922 908 4528
1079 2 2 2 1 2526 1746 4286
1080 2 2 2 1 1924 493 4766
1081 2 2 2 1 733 2028 4276
1082 2 2 2 1 331 330 2131
1083 2 2 2 1 1818 890 2953
1084 2 2 2 1 2730 666 3279
1085 2 2 2 1 2549 734 5831
1086 2 2 2 1 1489 2730 3279
1087 2 2 2 1 23 24 2240
1088 2 2 2 1 2847 2100 5591
1089 2 2 2 1 4730 2019 4788
1090 2 2 2 1 683 1846 3866
1091 2 2 2 1 410 2565 3416
1092 2 2 2 1 3756 897 5104
1093 2 2 2 1 683 3401 3950
1094 2 2 2 1 605 2357 2430
1095 2 2 2 1 16 17 2837
1096 2 2 2 1 1085 1876 4325
1097 2 2 2 1 2721 3530 5342
1098 2 2 2 1 1808 729 3957
1099 2 2 2 1 2195 855 5900
1100 2 2 2 1 2643 1237 3348
1101 2 2 2 1 363 3613 4704
1102 2 2 2 1 2802 2271 3965
1103 2 2 2 1 1789 1118 3597
1104 2 2 2 1 855 2199 5900
1105 2 2 2 1 246 2763 3991
1106 2 2 2 1 3028 548 3819
1107 2 2 2 1 2206 567 3497
1108 2 2 2 1 895 3387 3907
1109 2 2 2 1 3941 1636 4939
1110 2 2 2 1 352 1866 4135
1111 2 2 2 1 136 2297 4515
1112 2 2 2 1 1934 1170 3663
1113 2 2 2 1 2062 797 2474
1114 2 2 2 1 2067 780 2616
1115 2 2 2 1 2312 503 4025
1116 2 2 2 1 3336 1966 4807
1117 2 2 2 1 2995 1047 3809
1118 2 2 2 1 2562 1849 4555
1119 2 2 2 1 851 2098 2439
1120 2 2 2 1 1859 1233 4022
1121 2 2 2 1 3164 1551 3431
1122 2 2 2 1 67 2247 3273
1123 2 2 2 1 2209 1477 3131
1124 2 2 2 1 1118 1789 3319
1125 2 2 2 1 1757 3112 5438
1126 2 2 2 1 2228 924 5759
1127 2 2 2 1 466 2562 4555
1128 2 2 2 1 1011 1791 3412
1129 2 2 2 1 4620 1509 4965
1130 2 2 2 1 1052 2847 5591
1131 2 2 2 1 2772 455 4881
1132 2 2 2 1 1278 2178 2479
1133 2 2 2 1 877 2180 2717
1134 2 2 2 1 1874 478 3737
1135 2 2 2 1 1830 1167 3771
1136 2 2 2 1 2180 1286 2717
1137 2 2 2 1 1291 2206 3497
1138 2 2 2 1 2418 362 3692
1139 2 2 2 1 2178 919 2479
1140 2 2 2 1 290 289 2127
1141 2 2 2 1 2621 2255 4606
1142 2 2 2 1 918 3883 5732
1143 2 2 2 1 534 2686 3437
1144 2 2 2 1 209 1956 3457
1145 2 2 2 1 2132 1278 3689
1146 2 2 2 1 2611 946 4430
1147 2 2 2 1 750 1854 3166
1148 2 2 2 1 1944 413 4562
1149 2 2 2 1 263 264 2338
1150 2 2 2 1 1054 1796 3405
1151 2 2 2 1 1198 2620 3640
1152 2 2 2 1 1987 483 3205
1153 2 2 2 1 1803 985 3271
1154 2 2 2 1 4108 1698 5635
1155 2 2 2 1 492 1908 2722
1156 2 2 2 1 760 2138 4924
1157 2 2 2 1 2221 1297 3240
1158 2 2 2 1 3247 438 4589
1159 2 2 2 1 1046 2278 4106
1160 2 2 2 1 2620 1550 3640
1161 2 2 2 1 571 2413 2811
1162 2 2 2 1 774 1938 4670
1163 2 2 2 1 384 2034 2521
1164 2 2 2 1 2413 1161 2811
1165 2 2 2 1 1123 2465 2668
1166 2 2 2 1 2465 999 2668
1167 2 2 2 1 1876 1085 4146
1168 2 2 2 1 967 2534 5824
1169 2 2 2 1 2902 1858 4299
1170 2 2 2 1 551 2254 2687
1171 2 2 2 1 1029 2249 2947
1172 2 2 2 1 2686 1520 3437
1173 2 2 2 1 297 296 5162
1174 2 2 2 1 1648 3042 5116
1175 2 2 2 1 1829 1057 2997
1176 2 2 2 1 2014 1135 2557
1177 2 2 2 1 617 2533 3202
1178 2 2 2 1 2533 1362 3202
1179 2 2 2 1 1131 3336 4807
1180 2 2 2 1 2598 2271 4738
1181 2 2 2 1 1720 2648 5281
1182 2 2 2 1 2501 1154 5257
1183 2 2 2 1 2114 950 5681
1184 2 2 2 1 1018 2068 4731
1185 2 2 2 1 1925 1221 2932
1186 2 2 2 1 2256 803 5025
1187 2 2 2 1 562 2354 3072
1188 2 2 2 1 1887 3473 4620
1189 2 2 2 1 959 2445 2689
1190 2 2 2 1 111 2156 2815
1191 2 2 2 1 2044 560 2586
1192 2 2 2 1 1035 1797 3288
1193 2 2 2 1 1350 2417 3355
1194 2 2 2 1 734 2029 3303
1195 2 2 2 1 2417 565 3355
1196 2 2 2 1 2457 2228 5759
1197 2 2 2 1 1911 736 4725
1198 2 2 2 1 2354 1265 3072
1199 2 2 2 1 2451 1113 2708
1200 2 2 2 1 2640 1764 4315
1201 2 2 2 1 1993 740 2779
1202 2 2 2 1 38 39 2096
1203 2 2 2 1 1874 742 5832
1204 2 2 2 1 1945 2213 5605
1205 2 2 2 1 872 3973 4579
1206 2 2 2 1 523 2056 3053
1207 2 2 2 1 3529 2514 4699
1208 2 2 2 1 2213 844 5605
1209 2 2 2 1 1108 1813 3699
1210 2 2 2 1 370 2279 4830
1211 2 2 2 1 1360 2902 4299
1212 2 2 2 1 2760 1578 3721
1213 2 2 2 1 340 2124 2706
1214 2 2 2 1 2056 1077 3053
1215 2 2 2 1 512 4174 5163
1216 2 2 2 1 2124 1005 2706
1217 2 2 2 1 2898 1071 3622
1218 2 2 2 1 982 1993 2779
1219 2 2 2 1 1203 2012 5886
1220 2 2 2 1 135 136 4515
1221 2 2 2 1 1819 829 5216
1222 2 2 2 1 2215 381 2829
1223 2 2 2 1 2006 1608 3064
1224 2 2 2 1 2591 1646 4224
1225 2 2 2 1 1005 3407 3742
1226 2 2 2 1 2279 1736 4830
1227 2 2 2 1 3401 1778 3950
1228 2 2 2 1 4063 1417 4782
1229 2 2 2 1 1708 2473 4729
1230 2 2 2 1 2082 932 2494
1231 2 2 2 1 2041 948 2537
1232 2 2 2 1 2268 1549 5130
1233 2 2 2 1 2643 3348 5261
1234 2 2 2 1 2057 917 2579
1235 2 2 2 1 918 2240 3883
1236 2 2 2 1 2733 1521 3400
1237 2 2 2 1 3090 1034 3350
1238 2 2 2 1 525 2733 3400
1239 2 2 2 1 2711 516 3111
1240 2 2 2 1 1818 915 3393
1241 2 2 2 1 1968 952 4090
1242 2 2 2 1 508 2067 3068
1243 2 2 2 1 864 2148 2443
1244 2 2 2 1 423 1862 2910
1245 2 2 2 1 879 3451 4991
1246 2 2 2 1 1846 971 3422
1247 2 2 2 1 426 1965 2693
1248 2 2 2 1 2067 1092 3068
1249 2 2 2 1 1232 1935 3864
1250 2 2 2 1 4462 2129 4618
1251 2 2 2 1 1646 2591 3995
1252 2 2 2 1 2591 849 3995
1253 2 2 2 1 2122 793 3091
1254 2 2 2 1 950 2186 5681
1255 2 2 2 1 344 1949 4236
1256 2 2 2 1 444 3150 4625
1257 2 2 2 1 1001 2257 2545
1258 2 2 2 1 1179 3171 4844
1259 2 2 2 1 911 2640 4315
1260 2 2 2 1 729 1808 5603
1261 2 2 2 1 2257 500 2545
1262 2 2 2 1 1213 1873 3252
1263 2 2 2 1 1057 1829 3397
1264 2 2 2 1 2616 1405 3327
1265 2 2 2 1 1935 695 3864
1266 2 2 2 1 2133 1795 4726
1267 2 2 2 1 2318 878 3203
1268 2 2 2 1 1238 2318 3203
1269 2 2 2 1 1474 2549 3818
1270 2 2 2 1 1356 2253 3978
1271 2 2 2 1 3723 2012 3926
1272 2 2 2 1 1037 1814 3563
1273 2 2 2 1 2230 1451 4344
1274 2 2 2 1 795 2017 2794
1275 2 2 2 1 1085 1822 3523
1276 2 2 2 1 868 1851 3816
1277 2 2 2 1 1926 1076 3289
1278 2 2 2 1 1033 3466 3525
1279 2 2 2 1 585 2585 3036
1280 2 2 2 1 2041 933 4745
1281 2 2 2 1 2612 1092 3327
1282 2 2 2 1 1097 2024 2582
1283 2 2 2 1 1309 2888 2927
1284 2 2 2 1 2236 2033 4359
1285 2 2 2 1 3061 651 3447
1286 2 2 2 1 3027 1596 3266
1287 2 2 2 1 2320 2493 4290
1288 2 2 2 1 3764 1633 5105
1289 2 2 2 1 1075 1815 4017
1290 2 2 2 1 1701 3061 3447
1291 2 2 2 1 327 326 3169
1292 2 2 2 1 2805 637 3117
1293 2 2 2 1 674 3027 3266
1294 2 2 2 1 2970 1672 5178
1295 2 2 2 1 2128 544 3393
1296 2 2 2 1 2233 607 3426
1297 2 2 2 1 708 1825 3186
1298 2 2 2 1 964 1899 2839
1299 2 2 2 1 3062 556 3514
1300 2 2 2 1 1450 2805 3117
1301 2 2 2 1 2005 3756 5104
1302 2 2 2 1 2017 365 2858
1303 2 2 2 1 246 247 2763
1304 2 2 2 1 882 2159 2456
1305 2 2 2 1 2262 3463 5187
1306 2 2 2 1 2837 17 3344
1307 2 2 2 1 3883 2134 5732
1308 2 2 2 1 2213 555 2827
1309 2 2 2 1 456 2415 3389
1310 2 2 2 1 2415 1350 3389
1311 2 2 2 1 1945 493 2740
1312 2 2 2 1 2110 852 2490
1313 2 2 2 1 637 2126 4607
1314 2 2 2 1 2230 1773 5106
1315 2 2 2 1 1800 2601 5108
1316 2 2 2 1 1836 1055 5015
1317 2 2 2 1 1866 972 2945
1318 2 2 2 1 1106 3404 4532
1319 2 2 2 1 497 2230 5106
1320 2 2 2 1 2508 1116 2622
1321 2 2 2 1 1419 2162 4210
1322 2 2 2 1 1081 1837 3502
1323 2 2 2 1 779 2050 3193
1324 2 2 2 1 394 2508 2622
1325 2 2 2 1 861 2807 3423
1326 2 2 2 1 891 2405 4828
1327 2 2 2 1 682 2559 3050
1328 2 2 2 1 1522 4730 4788
1329 2 2 2 1 2204 1202 2771
1330 2 2 2 1 1805 2571 4848
1331 2 2 2 1 1089 1986 3417
1332 2 2 2 1 2559 1287 3050
1333 2 2 2 1 513 2196 2473
1334 2 2 2 1 1825 708 3280
1335 2 2 2 1 2 75 3367
1336 2 2 2 1 74 2 3367
1337 2 2 2 1 1167 1830 3972
1338 2 2 2 1 1114 1978 2681
1339 2 2 2 1 1754 3249 5250
1340 2 2 2 1 276 275 2132
1341 2 2 2 1 2225 1408 2719
1342 2 2 2 1 1698 2059 5162
1343 2 2 2 1 1995 1200 2715
1344 2 2 2 1 1706 4358 4380
1345 2 2 2 1 329 328 2147
1346 2 2 2 1 1055 1836 3418
1347 2 2 2 1 2203 551 3188
1348 2 2 2 1 546 2225 2719
1349 2 2 2 1 1181 2203 3188
1350 2 2 2 1 2180 877 2870
1351 2 2 2 1 2619 2268 5130
1352 2 2 2 1 679 1887 2869
1353 2 2 2 1 2126 1559 4607
1354 2 2 2 1 894 4512 5749
1355 2 2 2 1 2590 1210 3902
1356 2 2 2 1 1950 543 3005
1357 2 2 2 1 3169 326 3462
1358 2 2 2 1 2381 562 3947
1359 2 2 2 1 911 2760 3721
1360 2 2 2 1 1846 342 3110
1361 2 2 2 1 1963 877 2717
1362 2 2 2 1 1009 1950 3005
1363 2 2 2 1 879 2389 3427
1364 2 2 2 1 717 1844 4250
1365 2 2 2 1 3806 939 4280
1366 2 2 2 1 932 2082 4662
1367 2 2 2 1 622 2016 2934
1368 2 2 2 1 723 2141 3971
1369 2 2 2 1 1648 4165 4255
1370 2 2 2 1 483 4094 4936
1371 2 2 2 1 1043 2242 5502
1372 2 2 2 1 3790 1196 4214
1373 2 2 2 1 2499 1917 5479
1374 2 2 2 1 2746 575 3871
1375 2 2 2 1 1384 2068 4180
1376 2 2 2 1 574 2106 3671
1377 2 2 2 1 2451 1014 2692
1378 2 2 2 1 1472 2509 2665
1379 2 2 2 1 574 1873 3987
1380 2 2 2 1 1057 1956 4500
1381 2 2 2 1 1113 2451 2692
1382 2 2 2 1 1608 2006 4838
1383 2 2 2 1 2704 2463 3907
1384 2 2 2 1 3192 2395 4103
1385 2 2 2 1 3501 2590 3902
1386 2 2 2 1 1191 1913 2821
1387 2 2 2 1 425 3638 5209
1388 2 2 2 1 3638 1833 5209
1389 2 2 2 1 1819 4675 5593
1390 2 2 2 1 1873 1213 3987
1391 2 2 2 1 2127 289 4268
1392 2 2 2 1 2011 1421 3380
1393 2 2 2 1 3099 1255 3677
1394 2 2 2 1 3042 1010 3189
1395 2 2 2 1 1121 1841 3198
1396 2 2 2 1 757 1879 4256
1397 2 2 2 1 1875 404 5918
1398 2 2 2 1 751 2162 4505
1399 2 2 2 1 99 100 2223
1400 2 2 2 1 2340 3570 4341
1401 2 2 2 1 1238 3203 5088
1402 2 2 2 1 1562 3101 4039
1403 2 2 2 1 927 2231 2919
1404 2 2 2 1 3318 812 3575
1405 2 2 2 1 619 2116 2551
1406 2 2 2 1 916 1840 3564
1407 2 2 2 1 3366 385 4144
1408 2 2 2 1 1899 818 2854
1409 2 2 2 1 2156 871 2815
1410 2 2 2 1 1870 706 3802
1411 2 2 2 1 2469 977 2865
1412 2 2 2 1 1178 1870 3802
1413 2 2 2 1 1169 2340 3124
1414 2 2 2 1 1268 3743 4259
1415 2 2 2 1 3871 575 4178
1416 2 2 2 1 1115 2361 3895
1417 2 2 2 1 673 2664 3078
1418 2 2 2 1 166 3680 5649
1419 2 2 2 1 1837 1081 3424
1420 2 2 2 1 4301 891 4828
1421 2 2 2 1 248 249 3717
1422 2 2 2 1 1730 3118 5308
1423 2 2 2 1 2664 1345 3078
1424 2 2 2 1 1910 1017 5527
1425 2 2 2 1 3034 1268 4259
1426 2 2 2 1 3352 1709 4782
1427 2 2 2 1 956 2496 3410
1428 2 2 2 1 1841 1121 3307
1429 2 2 2 1 1823 4118 5024
1430 2 2 2 1 721 1901 4257
1431 2 2 2 1 959 2227 2445
1432 2 2 2 1 950 2133 5287
1433 2 2 2 1 3886 1714 4193
1434 2 2 2 1 500 1857 4952
1435 2 2 2 1 1686 3156 4528
1436 2 2 2 1 1852 1267 3695
1437 2 2 2 1 83 84 2224
1438 2 2 2 1 2138 1617 4924
1439 2 2 2 1 198 199 2454
1440 2 2 2 1 907 1878 4031
1441 2 2 2 1 166 167 3680
1442 2 2 2 1 1038 2922 5191
1443 2 2 2 1 2934 2016 4967
1444 2 2 2 1 2158 512 2564
1445 2 2 2 1 2073 596 2576
1446 2 2 2 1 4726 1795 4969
1447 2 2 2 1 2279 370 2503
1448 2 2 2 1 1707 4154 4477
1449 2 2 2 1 1857 500 3533
1450 2 2 2 1 2196 1369 2473
1451 2 2 2 1 1658 2415 4612
1452 2 2 2 1 1938 774 4415
1453 2 2 2 1 1273 2797 4107
1454 2 2 2 1 4380 1084 5599
1455 2 2 2 1 2047 1375 4151
1456 2 2 2 1 878 2318 3051
1457 2 2 2 1 2548 1606 4468
1458 2 2 2 1 270 271 2302
1459 2 2 2 1 601 2047 4151
1460 2 2 2 1 857 2499 5479
1461 2 2 2 1 119 120 2765
1462 2 2 2 1 1042 2769 4391
1463 2 2 2 1 1898 691 5211
1464 2 2 2 1 858 2100 4871
1465 2 2 2 1 1019 2934 4967
1466 2 2 2 1 1084 4382 5555
1467 2 2 2 1 736 1911 4514
1468 2 2 2 1 2100 504 2541
1469 2 2 2 1 2443 4223 4874
1470 2 2 2 1 2769 1897 4391
1471 2 2 2 1 822 2959 5145
1472 2 2 2 1 342 1846 3422
1473 2 2 2 1 1850 1069 3241
1474 2 2 2 1 1104 3164 3431
1475 2 2 2 1 493 2043 4766
1476 2 2 2 1 505 2228 2457
1477 2 2 2 1 1988 3725 5422
1478 2 2 2 1 267 268 2252
1479 2 2 2 1 103 2113 3384
1480 2 2 2 1 3911 1101 4177
1481 2 2 2 1 3299 2418 3692
1482 2 2 2 1 959 2689 4884
1483 2 2 2 1 2424 520 3402
1484 2 2 2 1 680 1845 5564
1485 2 2 2 1 948 2170 2700
1486 2 2 2 1 1363 2765 3580
1487 2 2 2 1 2250 542 3522
1488 2 2 2 1 3834 1295 4005
1489 2 2 2 1 1918 457 4054
1490 2 2 2 1 2305 280 3893
1491 2 2 2 1 2432 1143 4864
1492 2 2 2 1 2117 995 3957
1493 2 2 2 1 804 1992 4350
1494 2 2 2 1 3327 1405 4282
1495 2 2 2 1 1839 2432 4864
1496 2 2 2 1 1031 2730 3121
1497 2 2 2 1 1069 1850 3468
1498 2 2 2 1 795 2129 4462
1499 2 2 2 1 2002 1115 3330
1500 2 2 2 1 781 2002 3330
1501 2 2 2 1 972 1866 4220
1502 2 2 2 1 2030 699 4273
1503 2 2 2 1 3870 1726 4488
1504 2 2 2 1 3390 1990 4315
1505 2 2 2 1 1965 426 5447
1506 2 2 2 1 2574 1444 3477
1507 2 2 2 1 2422 692 4113
1508 2 2 2 1 1061 2287 2548
1509 2 2 2 1 2287 452 2548
1510 2 2 2 1 2242 2459 5502
1511 2 2 2 1 2338 879 3427
1512 2 2 2 1 1300 2338 3427
1513 2 2 2 1 464 2405 4686
1514 2 2 2 1 2186 950 5287
1515 2 2 2 1 1398 2030 4273
1516 2 2 2 1 2761 2370 3927
1517 2 2 2 1 3381 2392 3899
1518 2 2 2 1 1854 1236 5379
1519 2 2 2 1 2405 1744 4686
1520 2 2 2 1 1029 2609 3161
1521 2 2 2 1 2043 799 4689
1522 2 2 2 1 700 2574 3477
1523 2 2 2 1 2136 1819 5537
1524 2 2 2 1 2242 382 2459
1525 2 2 2 1 2095 927 2595
1526 2 2 2 1 2516 1336 4044
1527 2 2 2 1 5097 1927 5614
1528 2 2 2 1 648 2450 4125
1529 2 2 2 1 2206 1291 5847
1530 2 2 2 1 864 2443 4874
1531 2 2 2 1 1928 1241 4059
1532 2 2 2 1 553 1937 2849
1533 2 2 2 1 1732 4301 4595
1534 2 2 2 1 4125 2450 5623
1535 2 2 2 1 2126 4451 5478
1536 2 2 2 1 3275 2112 5132
1537 2 2 2 1 1211 1975 3758
1538 2 2 2 1 1674 3983 4652
1539 2 2 2 1 1069 1935 3449
1540 2 2 2 1 2994 2077 3839
1541 2 2 2 1 3163 1046 4106
1542 2 2 2 1 1975 374 3758
1543 2 2 2 1 1922 558 2873
1544 2 2 2 1 124 125 2245
1545 2 2 2 1 1092 2067 2616
1546 2 2 2 1 537 2085 4271
1547 2 2 2 1 1536 2466 3949
1548 2 2 2 1 2001 599 4659
1549 2 2 2 1 2466 827 3949
1550 2 2 2 1 2188 2667 3668
1551 2 2 2 1 1952 418 5019
1552 2 2 2 1 160 161 2848
1553 2 2 2 1 1854 750 3916
1554 2 2 2 1 4451 815 5478
1555 2 2 2 1 1879 1102 3120
1556 2 2 2 1 3875 954 4600
1557 2 2 2 1 2133 950 5507
1558 2 2 2 1 3 141 3429
1559 2 2 2 1 140 3 3429
1560 2 2 2 1 1795 2133 5507
1561 2 2 2 1 1879 757 3551
1562 2 2 2 1 1102 1879 3551
1563 2 2 2 1 341 1964 4519
1564 2 2 2 1 1310 2118 4302
1565 2 2 2 1 2154 535 3178
1566 2 2 2 1 4494 1605 5578
1567 2 2 2 1 1142 2154 3178
1568 2 2 2 1 2182 1212 2513
1569 2 2 2 1 302 1882 3129
1570 2 2 2 1 1954 748 4349
1571 2 2 2 1 1233 1859 3399
1572 2 2 2 1 917 2177 2579
1573 2 2 2 1 1930 731 4345
1574 2 2 2 1 1953 2861 5002
1575 2 2 2 1 4144 1701 5701
1576 2 2 2 1 1437 2127 4268
1577 2 2 2 1 1935 1069 3468
1578 2 2 2 1 2551 2116 5573
1579 2 2 2 1 2262 1254 3463
1580 2 2 2 1 2002 781 4730
1581 2 2 2 1 2571 364 4848
1582 2 2 2 1 661 1958 3968
1583 2 2 2 1 608 2488 3518
1584 2 2 2 1 480 2002 4732
1585 2 2 2 1 1901 721 4111
1586 2 2 2 1 2698 1182 3811
1587 2 2 2 1 911 1990 2760
1588 2 2 2 1 21 2180 2870
1589 2 2 2 1 962 2551 5573
1590 2 2 2 1 2061 1379 3177
1591 2 2 2 1 2205 1168 3204
1592 2 2 2 1 528 2205 3204
1593 2 2 2 1 2105 837 5391
1594 2 2 2 1 2541 504 5405
1595 2 2 2 1 1893 756 3011
1596 2 2 2 1 2169 1151 3474
1597 2 2 2 1 4000 1798 4459
1598 2 2 2 1 2888 1056 2927
1599 2 2 2 1 842 2536 5195
1600 2 2 2 1 3174 1015 4170
1601 2 2 2 1 1260 1888 4339
1602 2 2 2 1 1966 519 4646
1603 2 2 2 1 1084 3274 5599
1604 2 2 2 1 2096 39 2726
1605 2 2 2 1 1803 2349 3880
1606 2 2 2 1 1713 2753 4605
1607 2 2 2 1 706 1870 3713
1608 2 2 2 1 934 3553 3819
1609 2 2 2 1 2462 730 3035
1610 2 2 2 1 556 2520 3430
1611 2 2 2 1 2612 3327 3993
1612 2 2 2 1 1095 1992 3293
1613 2 2 2 1 1992 804 3293
1614 2 2 2 1 3816 738 4727
1615 2 2 2 1 1227 2110 3874
1616 2 2 2 1 3274 1084 5555
1617 2 2 2 1 1438 2448 2591
1618 2 2 2 1 2448 849 2591
1619 2 2 2 1 1132 2112 3275
1620 2 2 2 1 2538 982 4074
1621 2 2 2 1 3052 1781 3735
1622 2 2 2 1 4095 2147 4386
1623 2 2 2 1 2246 669 2889
1624 2 2 2 1 1220 2246 2889
1625 2 2 2 1 119 2765 3288
1626 2 2 2 1 312 311 2191
1627 2 2 2 1 2143 1042 5525
1628 2 2 2 1 2424 1263 4337
1629 2 2 2 1 1957 547 3290
1630 2 2 2 1 638 2685 3862
1631 2 2 2 1 3986 2499 4411
1632 2 2 2 1 868 3052 3735
1633 2 2 2 1 2497 188 3667
1634 2 2 2 1 3862 2685 3913
1635 2 2 2 1 2285 792 2961
1636 2 2 2 1 1841 4208 5554
1637 2 2 2 1 2074 427 3812
1638 2 2 2 1 689 1865 3561
1639 2 2 2 1 1565 2163 3057
1640 2 2 2 1 954 2453 4600
1641 2 2 2 1 1087 1888 3223
1642 2 2 2 1 1865 1348 3324
1643 2 2 2 1 934 2459 4665
1644 2 2 2 1 3444 1226 4599
1645 2 2 2 1 3186 2004 4559
1646 2 2 2 1 1313 2285 2961
1647 2 2 2 1 2172 5386 5894
1648 2 2 2 1 2390 5261 5576
1649 2 2 2 1 1418 1975 4580
1650 2 2 2 1 1697 2094 5278
1651 2 2 2 1 1187 2489 2887
1652 2 2 2 1 2019 4730 5442
1653 2 2 2 1 1958 661 4445
1654 2 2 2 1 766 3324 4423
1655 2 2 2 1 2489 728 2887
1656 2 2 2 1 2094 456 5278
1657 2 2 2 1 3584 1103 3933
1658 2 2 2 1 2280 2910 4427
1659 2 2 2 1 1981 1117 5492
1660 2 2 2 1 293 292 4955
1661 2 2 2 1 4745 933 5037
1662 2 2 2 1 356 2130 2608
1663 2 2 2 1 3826 600 5141
1664 2 2 2 1 615 3275 5132
1665 2 2 2 1 2069 429 2767
1666 2 2 2 1 2129 795 2794
1667 2 2 2 1 1816 3806 4280
1668 2 2 2 1 942 2000 4670
1669 2 2 2 1 967 1941 4257
1670 2 2 2 1 2415 456 4612
1671 2 2 2 1 5056 2341 5888
1672 2 2 2 1 3394 1485 3979
1673 2 2 2 1 970 2593 4203
1674 2 2 2 1 1732 3548 4301
1675 2 2 2 1 4139 1537 5040
1676 2 2 2 1 2181 363 5655
1677 2 2 2 1 2106 1213 2818
1678 2 2 2 1 2374 1340 2911
1679 2 2 2 1 1914 432 3103
1680 2 2 2 1 2581 1341 3526
1681 2 2 2 1 786 2056 5026
1682 2 2 2 1 2594 1480 3830
1683 2 2 2 1 533 2097 5720
1684 2 2 2 1 888 2341 5056
1685 2 2 2 1 2163 767 3057
1686 2 2 2 1 385 1993 2875
1687 2 2 2 1 214 215 2796
1688 2 2 2 1 1565 3057 3226
1689 2 2 2 1 2424 3402 4280
1690 2 2 2 1 3057 1110 3226
1691 2 2 2 1 714 1881 4212
1692 2 2 2 1 2657 1514 2658
1693 2 2 2 1 3079 1505 3781
1694 2 2 2 1 813 1981 5401
1695 2 2 2 1 896 2657 2658
1696 2 2 2 1 3145 1613 4773
1697 2 2 2 1 1993 982 2875
1698 2 2 2 1 1422 2441 3735
1699 2 2 2 1 3973 872 5626
1700 2 2 2 1 2230 4344 5823
1701 2 2 2 1 2869 1887 4965
1702 2 2 2 1 919 2178 3729
1703 2 2 2 1 5181 2208 5197
1704 2 2 2 1 1135 2014 3456
1705 2 2 2 1 2645 1325 3658
1706 2 2 2 1 2127 1437 5441
1707 2 2 2 1 2753 446 4240
1708 2 2 2 1 3118 1730 4855
1709 2 2 2 1 2177 917 2734
1710 2 2 2 1 1305 1997 2812
1711 2 2 2 1 1888 1087 3143
1712 2 2 2 1 2014 521 3456
1713 2 2 2 1 1800 2753 4240
1714 2 2 2 1 2186 884 5681
1715 2 2 2 1 862 2208 5181
1716 2 2 2 1 3387 1647 3907
1717 2 2 2 1 3430 2698 3811
1718 2 2 2 1 23 2240 4010
1719 2 2 2 1 2549 865 3818
1720 2 2 2 1 350 4814 5015
1721 2 2 2 1 282 3020 3481
1722 2 2 2 1 2041 498 3165
1723 2 2 2 1 3286 2342 4319
1724 2 2 2 1 1869 4059 4504
1725 2 2 2 1 1126 1954 3783
1726 2 2 2 1 1876 11 4325
1727 2 2 2 1 2236 602 3592
1728 2 2 2 1 947 2307 3257
1729 2 2 2 1 1888 1260 5083
1730 2 2 2 1 431 2529 2596
1731 2 2 2 1 2529 1366 2596
1732 2 2 2 1 2727 802 4705
1733 2 2 2 1 2078 766 2950
1734 2 2 2 1 1853 2248 4820
1735 2 2 2 1 1277 2236 3592
1736 2 2 2 1 783 2601 3885
1737 2 2 2 1 570 2080 3133
1738 2 2 2 1 1265 2200 3920
1739 2 2 2 1 1473 3020 3761
1740 2 2 2 1 818 1899 3092
1741 2 2 2 1 1434 2467 3395
1742 2 2 2 1 2295 937 2808
1743 2 2 2 1 2291 1166 2646
1744 2 2 2 1 2516 4044 4851
1745 2 2 2 1 3039 2063 3562
1746 2 2 2 1 2080 1080 3133
1747 2 2 2 1 952 1968 3620
1748 2 2 2 1 2169 3474 4414
1749 2 2 2 1 3473 432 4620
1750 2 2 2 1 1122 2156 3316
1751 2 2 2 1 2346 2810 3857
1752 2 2 2 1 3122 221 3424
1753 2 2 2 1 1454 2339 3467
1754 2 2 2 1 1826 3041 3884
1755 2 2 2 1 281 280 2305
1756 2 2 2 1 1997 1236 2812
1757 2 2 2 1 2098 851 4680
1758 2 2 2 1 2454 199 4481
1759 2 2 2 1 2177 1338 2579
1760 2 2 2 1 2523 1298 3199
1761 2 2 2 1 2052 1088 3210
1762 2 2 2 1 554 2278 2771
1763 2 2 2 1 862 2207 2546
1764 2 2 2 1 2278 1046 2771
1765 2 2 2 1 1985 996 2982
1766 2 2 2 1 1655 2597 4142
1767 2 2 2 1 603 2523 3199
1768 2 2 2 1 1933 1033 3625
1769 2 2 2 1 1226 2610 4599
1770 2 2 2 1 2116 619 3185
1771 2 2 2 1 2597 360 4142
1772 2 2 2 1 2091 1119 4371
1773 2 2 2 1 1887 679 5706
1774 2 2 2 1 1373 2653 3227
1775 2 2 2 1 2098 1136 4293
1776 2 2 2 1 3345 970 4203
1777 2 2 2 1 748 1954 3547
1778 2 2 2 1 2653 848 3227
1779 2 2 2 1 3041 1200 3884
1780 2 2 2 1 2183 1393 3246
1781 2 2 2 1 3463 1640 5187
1782 2 2 2 1 2510 1203 5886
1783 2 2 2 1 2740 930 4829
1784 2 2 2 1 1845 3731 5180
1785 2 2 2 1 2418 902 2586
1786 2 2 2 1 1954 1126 3547
1787 2 2 2 1 403 2183 3246
1788 2 2 2 1 982 2779 4074
1789 2 2 2 1 1973 703 4506
1790 2 2 2 1 675 2052 3210
1791 2 2 2 1 563 2633 4189
1792 2 2 2 1 1074 1917 3420
1793 2 2 2 1 4665 2459 5418
1794 2 2 2 1 221 222 3424
1795 2 2 2 1 2380 1677 5103
1796 2 2 2 1 2646 1166 2721
1797 2 2 2 1 2017 795 4764
1798 2 2 2 1 877 1963 4402
1799 2 2 2 1 1881 714 3669
1800 2 2 2 1 2164 1599 4025
1801 2 2 2 1 2423 520 2798
1802 2 2 2 1 1899 964 4260
1803 2 2 2 1 2198 309 3999
1804 2 2 2 1 2540 373 5565
1805 2 2 2 1 2033 2236 5868
1806 2 2 2 1 2441 868 3735
1807 2 2 2 1 2519 569 3918
1808 2 2 2 1 3501 563 4189
1809 2 2 2 1 2147 328 4502
1810 2 2 2 1 5565 373 5866
1811 2 2 2 1 2501 548 3028
1812 2 2 2 1 2172 2793 5386
1813 2 2 2 1 375 2646 2721
1814 2 2 2 1 664 2171 2599
1815 2 2 2 1 1119 2423 2798
1816 2 2 2 1 1100 2279 2503
1817 2 2 2 1 1622 2521 3488
1818 2 2 2 1 2094 1349 3196
1819 2 2 2 1 2140 1750 3873
1820 2 2 2 1 1139 2468 3675
1821 2 2 2 1 960 2362 5127
1822 2 2 2 1 1983 2732 4798
1823 2 2 2 1 439 2800 5514
1824 2 2 2 1 4814 350 5921
1825 2 2 2 1 2250 1229 4114
1826 2 2 2 1 2732 718 4798
1827 2 2 2 1 896 2125 3198
1828 2 2 2 1 2125 1121 3198
1829 2 2 2 1 1078 1881 3669
1830 2 2 2 1 2017 931 2794
1831 2 2 2 1 420 1979 5590
1832 2 2 2 1 2904 1373 3227
1833 2 2 2 1 388 2707 3019
1834 2 2 2 1 2422 4113 5034
1835 2 2 2 1 2891 4622 4842
1836 2 2 2 1 1304 3345 5617
1837 2 2 2 1 756 1893 3796
1838 2 2 2 1 2536 842 5022
1839 2 2 2 1 1945 2740 4829
1840 2 2 2 1 2460 1292 3923
1841 2 2 2 1 1530 4291 4879
1842 2 2 2 1 2099 690 5108
1843 2 2 2 1 568 2160 4070
1844 2 2 2 1 338 2515 3233
1845 2 2 2 1 904 2509 3461
1846 2 2 2 1 2891 598 4622
1847 2 2 2 1 2029 1474 4664
1848 2 2 2 1 2524 1418 5290
1849 2 2 2 1 1633 2099 5108
1850 2 2 2 1 831 2266 2606
1851 2 2 2 1 1391 2305 3893
1852 2 2 2 1 2086 721 4199
1853 2 2 2 1 2266 1128 2606
1854 2 2 2 1 3205 847 4865
1855 2 2 2 1 1381 2086 4199
1856 2 2 2 1 444 2029 4664
1857 2 2 2 1 2132 275 3975
1858 2 2 2 1 3523 1822 4396
1859 2 2 2 1 3121 2730 3936
1860 2 2 2 1 1940 807 5544
1861 2 2 2 1 1148 2712 3018
1862 2 2 2 1 2141 723 3868
1863 2 2 2 1 2339 1454 4687
1864 2 2 2 1 2307 1680 3678
1865 2 2 2 1 560 2046 2784
1866 2 2 2 1 2144 979 5078
1867 2 2 2 1 1949 344 2994
1868 2 2 2 1 1045 3209 3303
1869 2 2 2 1 1272 3753 4062
1870 2 2 2 1 229 230 2879
1871 2 2 2 1 416 2419 3144
1872 2 2 2 1 2046 977 2784
1873 2 2 2 1 2162 1419 5312
1874 2 2 2 1 2402 540 3963
1875 2 2 2 1 2419 1225 3144
1876 2 2 2 1 1908 2506 5280
1877 2 2 2 1 710 2587 4616
1878 2 2 2 1 2587 1804 4616
1879 2 2 2 1 1017 1910 3340
1880 2 2 2 1 2138 760 4378
1881 2 2 2 1 2967 1400 4117
1882 2 2 2 1 2487 1240 3107
1883 2 2 2 1 559 2487 3107
1884 2 2 2 1 1757 3584 3933
1885 2 2 2 1 469 2978 4334
1886 2 2 2 1 2027 3487 5579
1887 2 2 2 1 2034 775 3637
1888 2 2 2 1 1001 2822 4522
1889 2 2 2 1 1897 812 4391
1890 2 2 2 1 2594 3830 4848
1891 2 2 2 1 3142 371 3276
1892 2 2 2 1 4435 1050 5821
1893 2 2 2 1 3997 1001 4522
1894 2 2 2 1 1344 2326 4474
1895 2 2 2 1 2390 1786 5261
1896 2 2 2 1 1192 2615 3831
1897 2 2 2 1 1239 2790 5413
1898 2 2 2 1 642 3471 3932
1899 2 2 2 1 2825 1271 3264
1900 2 2 2 1 702 2851 5820
1901 2 2 2 1 3004 1115 3895
1902 2 2 2 1 1891 799 3658
1903 2 2 2 1 1958 2281 3968
1904 2 2 2 1 952 3620 4603
1905 2 2 2 1 3885 2601 5300
1906 2 2 2 1 4405 2777 5247
1907 2 2 2 1 2189 501 2614
1908 2 2 2 1 2411 955 4300
1909 2 2 2 1 2506 905 5280
1910 2 2 2 1 1953 491 4964
1911 2 2 2 1 1160 2686 3146
1912 2 2 2 1 1221 1925 4043
1913 2 2 2 1 684 1928 3800
1914 2 2 2 1 1308 3986 4411
1915 2 2 2 1 1898 505 4009
1916 2 2 2 1 1152 3180 4604
1917 2 2 2 1 949 2091 2826
1918 2 2 2 1 1928 1175 3800
1919 2 2 2 1 2229 549 2901
1920 2 2 2 1 2203 1181 5629
1921 2 2 2 1 3535 1559 3863
1922 2 2 2 1 2691 1615 4214
1923 2 2 2 1 1913 1191 3901
1924 2 2 2 1 4118 1494 5024
1925 2 2 2 1 2978 1867 4334
1926 2 2 2 1 2913 2424 4337
1927 2 2 2 1 933 2041 4271
1928 2 2 2 1 1240 2487 3591
1929 2 2 2 1 2596 1843 4466
1930 2 2 2 1 3491 1098 3586
1931 2 2 2 1 4059 1241 4504
1932 2 2 2 1 1076 1926 3141
1933 2 2 2 1 824 4393 4416
1934 2 2 2 1 1109 3314 5538
1935 2 2 2 1 2571 2630 4221
1936 2 2 2 1 960 5127 5858
1937 2 2 2 1 484 2293 5694
1938 2 2 2 1 1931 1237 4312
1939 2 2 2 1 2220 1882 5734
1940 2 2 2 1 960 2648 5052
1941 2 2 2 1 2264 876 3250
1942 2 2 2 1 1456 2995 3809
1943 2 2 2 1 2273 993 2703
1944 2 2 2 1 1237 2514 3529
1945 2 2 2 1 2000 2495 5664
1946 2 2 2 1 2941 4265 4887
1947 2 2 2 1 1259 2157 3677
1948 2 2 2 1 2521 1183 3488
1949 2 2 2 1 1205 1922 3156
1950 2 2 2 1 2157 416 3677
1951 2 2 2 1 2848 1346 3577
1952 2 2 2 1 2925 1272 4062
1953 2 2 2 1 2102 752 5924
1954 2 2 2 1 736 3156 4629
1955 2 2 2 1 1170 1934 3128
1956 2 2 2 1 2320 481 5748
1957 2 2 2 1 2093 1352 4668
1958 2 2 2 1 808 3696 5625
1959 2 2 2 1 2178 273 3729
1960 2 2 2 1 2112 1559 3535
1961 2 2 2 1 1922 1205 3994
1962 2 2 2 1 2073 910 2749
1963 2 2 2 1 2458 1004 2483
1964 2 2 2 1 910 2576 5816
1965 2 2 2 1 558 1922 3994
1966 2 2 2 1 2012 1203 4638
1967 2 2 2 1 807 1940 5135
1968 2 2 2 1 817 2181 3565
1969 2 2 2 1 505 1898 3450
1970 2 2 2 1 1996 2219 5733
1971 2 2 2 1 884 2520 5681
1972 2 2 2 1 921 2007 4590
1973 2 2 2 1 775 2034 4657
1974 2 2 2 1 976 2736 3342
1975 2 2 2 1 2520 2114 5681
1976 2 2 2 1 2228 505 5782
1977 2 2 2 1 1268 2656 4135
1978 2 2 2 1 902 2614 4147
1979 2 2 2 1 1972 2320 5748
1980 2 2 2 1 2330 377 3221
1981 2 2 2 1 3209 1589 3303
1982 2 2 2 1 1750 2140 5390
1983 2 2 2 1 2190 878 2635
1984 2 2 2 1 493 1924 3827
1985 2 2 2 1 431 2596 4466
1986 2 2 2 1 2144 874 2677
1987 2 2 2 1 2051 714 4036
1988 2 2 2 1 712 1905 4088
1989 2 2 2 1 812 1897 3575
1990 2 2 2 1 931 2017 2858
1991 2 2 2 1 1444 2563 4084
1992 2 2 2 1 2181 817 3613
1993 2 2 2 1 691 1898 3563
1994 2 2 2 1 1388 3042 3189
1995 2 2 2 1 2659 1402 3598
1996 2 2 2 1 1015 2476 2550
1997 2 2 2 1 1547 3091 4653
1998 2 2 2 1 2476 1034 2550
1999 2 2 2 1 1332 2038 3011
2000 2 2 2 1 79 1970 3301
2001 2 2 2 1 2332 3411 5540
2002 2 2 2 1 5622 2026 5658
2003 2 2 2 1 3405 1796 4980
2004 2 2 2 1 3145 1941 5824
2005 2 2 2 1 2539 544 3388
2006 2 2 2 1 2160 568 3793
2007 2 2 2 1 2645 3658 5865
2008 2 2 2 1 1987 3205 4865
2009 2 2 2 1 2128 2800 5899
2010 2 2 2 1 2458 1003 2464
2011 2 2 2 1 340 3843 4486
2012 2 2 2 1 1905 712 3511
2013 2 2 2 1 1400 1948 4117
2014 2 2 2 1 2559 682 2703
2015 2 2 2 1 495 2458 2464
2016 2 2 2 1 1674 2360 3983
2017 2 2 2 1 1947 726 3659
2018 2 2 2 1 714 2051 3669
2019 2 2 2 1 1038 1982 5673
2020 2 2 2 1 947 3257 5029
2021 2 2 2 1 1509 1914 4171
2022 2 2 2 1 412 2369 2882
2023 2 2 2 1 2518 927 2919
2024 2 2 2 1 973 2034 2989
2025 2 2 2 1 1461 1973 4419
2026 2 2 2 1 1272 2925 3235
2027 2 2 2 1 953 2568 2569
2028 2 2 2 1 2568 1134 2569
2029 2 2 2 1 1695 4546 5350
2030 2 2 2 1 513 1935 3365
2031 2 2 2 1 1292 3715 3923
2032 2 2 2 1 156 157 2295
2033 2 2 2 1 1177 1934 5648
2034 2 2 2 1 1112 2261 4524
2035 2 2 2 1 2954 1985 4461
2036 2 2 2 1 966 2065 4538
2037 2 2 2 1 817 2187 2939
2038 2 2 2 1 1983 1067 4375
2039 2 2 2 1 733 1934 3837
2040 2 2 2 1 2261 1546 4524
2041 2 2 2 1 825 3101 3249
2042 2 2 2 1 3050 1287 4151
2043 2 2 2 1 3101 1562 3249
2044 2 2 2 1 2807 1386 3423
2045 2 2 2 1 2682 1520 4148
2046 2 2 2 1 4254 989 5718
2047 2 2 2 1 1934 1177 3837
2048 2 2 2 1 2851 2169 5820
2049 2 2 2 1 1911 423 3942
2050 2 2 2 1 1548 4405 5247
2051 2 2 2 1 1287 4021 4151
2052 2 2 2 1 2913 4552 5269
2053 2 2 2 1 1618 2288 4697
2054 2 2 2 1 2288 477 4697
2055 2 2 2 1 2436 2915 4608
2056 2 2 2 1 1771 3656 4273
2057 2 2 2 1 743 3523 4396
2058 2 2 2 1 1932 433 3970
2059 2 2 2 1 3171 1612 4844
2060 2 2 2 1 2238 449 5818
2061 2 2 2 1 2008 979 3082
2062 2 2 2 1 2209 626 4649
2063 2 2 2 1 2510 720 4358
2064 2 2 2 1 1973 3512 4419
2065 2 2 2 1 721 2086 4111
2066 2 2 2 1 1512 1977 4097
2067 2 2 2 1 1376 2362 3582
2068 2 2 2 1 693 2386 4858
2069 2 2 2 1 2859 2202 3988
2070 2 2 2 1 2199 855 5631
2071 2 2 2 1 2187 1048 2939
2072 2 2 2 1 712 2090 4807
2073 2 2 2 1 1365 2735 3167
2074 2 2 2 1 2328 533 5720
2075 2 2 2 1 976 2142 5356
2076 2 2 2 1 2930 1039 3807
2077 2 2 2 1 824 2473 4093
2078 2 2 2 1 1044 2390 4916
2079 2 2 2 1 2800 1838 5514
2080 2 2 2 1 1464 2026 4708
2081 2 2 2 1 2796 215 3241
2082 2 2 2 1 1033 1933 4292
2083 2 2 2 1 2074 3812 5396
2084 2 2 2 1 1859 4022 4444
2085 2 2 2 1 742 1932 4503
2086 2 2 2 1 1734 3999 4426
2087 2 2 2 1 52 53 5519
2088 2 2 2 1 2390 1743 4916
2089 2 2 2 1 627 3030 3488
2090 2 2 2 1 1976 758 3017
2091 2 2 2 1 1106 1915 3660
2092 2 2 2 1 850 2197 3441
2093 2 2 2 1 1935 513 3449
2094 2 2 2 1 1216 2025 2874
2095 2 2 2 1 2438 1153 3213
2096 2 2 2 1 1917 1074 4143
2097 2 2 2 1 4287 1894 4733
2098 2 2 2 1 1951 1280 4724
2099 2 2 2 1 2538 1204 2746
2100 2 2 2 1 2212 788 3805
2101 2 2 2 1 522 2449 2900
2102 2 2 2 1 3030 1622 3488
2103 2 2 2 1 2735 1094 3167
2104 2 2 2 1 3056 737 5495
2105 2 2 2 1 3233 2515 5481
2106 2 2 2 1 2366 959 3908
2107 2 2 2 1 2996 3980 4896
2108 2 2 2 1 2329 4118 5711
2109 2 2 2 1 2996 1013 3980
2110 2 2 2 1 2701 5452 5693
2111 2 2 2 1 3918 569 4469
2112 2 2 2 1 979 2144 2719
2113 2 2 2 1 4587 1801 5772
2114 2 2 2 1 1128 2266 5934
2115 2 2 2 1 2100 2541 4871
2116 2 2 2 1 3466 1510 3525
2117 2 2 2 1 2020 828 3194
2118 2 2 2 1 2329 2203 5629
2119 2 2 2 1 1119 1930 3320
2120 2 2 2 1 901 2271 2598
2121 2 2 2 1 1881 2701 5693
2122 2 2 2 1 1049 2020 3194
2123 2 2 2 1 4046 1749 4722
2124 2 2 2 1 1965 747 4201
2125 2 2 2 1 2905 1152 4604
2126 2 2 2 1 1133 3692 4222
2127 2 2 2 1 3231 1330 3267
2128 2 2 2 1 4243 2823 5352
2129 2 2 2 1 4725 736 5291
2130 2 2 2 1 2241 1714 3886
2131 2 2 2 1 3706 217 4918
2132 2 2 2 1 3060 1659 3566
2133 2 2 2 1 2990 1459 3112
2134 2 2 2 1 148 149 2486
2135 2 2 2 1 2297 835 3823
2136 2 2 2 1 652 3060 3566
2137 2 2 2 1 138 139 2460
2138 2 2 2 1 1367 2297 3823
2139 2 2 2 1 1956 1057 5232
2140 2 2 2 1 2254 880 5119
2141 2 2 2 1 2053 1453 5183
2142 2 2 2 1 999 2059 4108
2143 2 2 2 1 2829 381 3295
2144 2 2 2 1 1713 2254 5119
2145 2 2 2 1 1921 77 3867
2146 2 2 2 1 962 2076 4026
2147 2 2 2 1 1587 2211 4911
2148 2 2 2 1 609 2990 3112
2149 2 2 2 1 256 257 2284
2150 2 2 2 1 2024 784 5641
2151 2 2 2 1 2026 2511 5658
2152 2 2 2 1 2170 389 2700
2153 2 2 2 1 1982 1038 3033
2154 2 2 2 1 544 2539 3393
2155 2 2 2 1 2309 1025 3017
2156 2 2 2 1 1003 2458 2483
2157 2 2 2 1 2191 311 3858
2158 2 2 2 1 2472 522 2900
2159 2 2 2 1 2016 1063 4249
2160 2 2 2 1 1175 1928 5357
2161 2 2 2 1 2486 970 3345
2162 2 2 2 1 2615 3527 3831
2163 2 2 2 1 1304 2486 3345
2164 2 2 2 1 329 2147 4095
2165 2 2 2 1 1057 2276 2607
2166 2 2 2 1 1337 2547 4487
2167 2 2 2 1 1853 4820 5459
2168 2 2 2 1 2855 816 5154
2169 2 2 2 1 1286 2180 4010
2170 2 2 2 1 2495 347 5664
2171 2 2 2 1 1935 1232 3365
2172 2 2 2 1 1541 2764 3647
2173 2 2 2 1 3427 2389 4686
2174 2 2 2 1 336 2351 5061
2175 2 2 2 1 2764 1208 3647
2176 2 2 2 1 3620 1711 4603
2177 2 2 2 1 890 2268 2619
2178 2 2 2 1 731 1930 3648
2179 2 2 2 1 547 1957 4109
2180 2 2 2 1 2914 1485 3289
2181 2 2 2 1 1923 509 3945
2182 2 2 2 1 3395 2467 4324
2183 2 2 2 1 1930 1119 3648
2184 2 2 2 1 741 2039 5256
2185 2 2 2 1 2753 951 4605
2186 2 2 2 1 2603 4723 5667
2187 2 2 2 1 1977 1512 5928
2188 2 2 2 1 2904 3227 4759
2189 2 2 2 1 2065 966 3693
2190 2 2 2 1 762 4332 5459
2191 2 2 2 1 2282 1813 4628
2192 2 2 2 1 2571 1805 5873
2193 2 2 2 1 957 3737 5091
2194 2 2 2 1 3825 2709 5819
2195 2 2 2 1 1962 85 3446
2196 2 2 2 1 979 2008 3135
2197 2 2 2 1 540 2621 3963
2198 2 2 2 1 2442 1188 3906
2199 2 2 2 1 1076 2914 3289
2200 2 2 2 1 2581 3526 4703
2201 2 2 2 1 824 2103 4393
2202 2 2 2 1 2386 4683 4858
2203 2 2 2 1 836 2191 3436
2204 2 2 2 1 2124 340 2758
2205 2 2 2 1 803 2255 3173
2206 2 2 2 1 1946 1295 4876
2207 2 2 2 1 1932 957 3509
2208 2 2 2 1 1682 2404 3834
2209 2 2 2 1 2153 371 3142
2210 2 2 2 1 3161 2609 3752
2211 2 2 2 1 2468 3465 3675
2212 2 2 2 1 2924 1409 3086
2213 2 2 2 1 498 2041 4745
2214 2 2 2 1 677 2924 3086
2215 2 2 2 1 1472 2665 4412
2216 2 2 2 1 509 1923 3621
2217 2 2 2 1 500 2257 4912
2218 2 2 2 1 2255 1144 3173
2219 2 2 2 1 2482 1965 5447
2220 2 2 2 1 997 2941 4887
2221 2 2 2 1 380 2345 5202
2222 2 2 2 1 4775 2831 4887
2223 2 2 2 1 229 2879 4644
2224 2 2 2 1 1276 2506 2580
2225 2 2 2 1 2510 4358 5094
2226 2 2 2 1 486 2831 4775
2227 2 2 2 1 3502 1837 3890
2228 2 2 2 1 1842 2792 5440
2229 2 2 2 1 192 193 2712
2230 2 2 2 1 3417 1986 4101
2231 2 2 2 1 695 1935 3468
2232 2 2 2 1 2776 1541 3647
2233 2 2 2 1 4118 1823 5711
2234 2 2 2 1 905 3844 5280
2235 2 2 2 1 3094 1660 3552
2236 2 2 2 1 401 2776 3647
2237 2 2 2 1 1117 1981 3552
2238 2 2 2 1 2964 455 4802
2239 2 2 2 1 1981 381 3552
2240 2 2 2 1 2332 811 3411
2241 2 2 2 1 381 3094 3552
2242 2 2 2 1 3538 1151 3676
2243 2 2 2 1 1990 911 4315
2244 2 2 2 1 309 308 3999
2245 2 2 2 1 358 2709 3825
2246 2 2 2 1 995 2117 3022
2247 2 2 2 1 1943 720 3723
2248 2 2 2 1 2254 551 5845
2249 2 2 2 1 2009 739 3475
2250 2 2 2 1 1209 2477 4369
2251 2 2 2 1 2755 4269 5156
2252 2 2 2 1 1527 2323 2978
2253 2 2 2 1 3737 2082 5091
2254 2 2 2 1 2275 380 2650
2255 2 2 2 1 2103 371 3732
2256 2 2 2 1 658 1986 3439
2257 2 2 2 1 2227 959 3828
2258 2 2 2 1 1583 2078 5112
2259 2 2 2 1 1279 2319 3603
2260 2 2 2 1 2389 879 2547
2261 2 2 2 1 816 2855 4198
2262 2 2 2 1 3128 733 5174
2263 2 2 2 1 988 2482 5447
2264 2 2 2 1 1248 2275 2650
2265 2 2 2 1 711 2070 3333
2266 2 2 2 1 2302 271 4761
2267 2 2 2 1 2795 3949 5743
2268 2 2 2 1 1339 2131 4095
2269 2 2 2 1 1986 1089 3439
2270 2 2 2 1 2367 704 2955
2271 2 2 2 1 2131 330 4095
2272 2 2 2 1 1114 2367 2955
2273 2 2 2 1 2055 739 3841
2274 2 2 2 1 3363 1717 4543
2275 2 2 2 1 2063 986 4846
2276 2 2 2 1 1462 2053 2973
2277 2 2 2 1 1963 2908 4402
2278 2 2 2 1 2762 855 4915
2279 2 2 2 1 830 2560 3510
2280 2 2 2 1 2119 447 2783
2281 2 2 2 1 49 2204 3277
2282 2 2 2 1 524 2208 2930
2283 2 2 2 1 1205 1963 3994
2284 2 2 2 1 2150 1021 2911
2285 2 2 2 1 2009 374 4577
2286 2 2 2 1 2319 572 3603
2287 2 2 2 1 1948 707 5826
2288 2 2 2 1 1963 558 3994
2289 2 2 2 1 2001 2762 4915
2290 2 2 2 1 2208 1039 2930
2291 2 2 2 1 582 2150 2911
2292 2 2 2 1 2247 1121 3273
2293 2 2 2 1 1943 509 3621
2294 2 2 2 1 649 3529 4699
2295 2 2 2 1 557 2251 2844
2296 2 2 2 1 2488 1288 3518
2297 2 2 2 1 922 2580 4141
2298 2 2 2 1 365 2017 5696
2299 2 2 2 1 2421 1950 3631
2300 2 2 2 1 4451 2126 5468
2301 2 2 2 1 2857 545 3687
2302 2 2 2 1 509 1943 4304
2303 2 2 2 1 2196 788 4078
2304 2 2 2 1 405 2006 3064
2305 2 2 2 1 2800 1101 5899
2306 2 2 2 1 1369 2196 4078
2307 2 2 2 1 2045 429 4085
2308 2 2 2 1 3477 1444 4084
2309 2 2 2 1 3002 1382 3780
2310 2 2 2 1 3411 1597 5540
2311 2 2 2 1 817 2296 3613
2312 2 2 2 1 3203 1626 5088
2313 2 2 2 1 5261 473 5576
2314 2 2 2 1 994 2007 3234
2315 2 2 2 1 676 3870 4488
2316 2 2 2 1 2947 2249 4904
2317 2 2 2 1 866 2427 3738
2318 2 2 2 1 695 4243 5352
2319 2 2 2 1 1146 2201 3329
2320 2 2 2 1 4154 1707 5184
2321 2 2 2 1 2427 1401 3738
2322 2 2 2 1 2211 642 4911
2323 2 2 2 1 2462 3035 4793
2324 2 2 2 1 1186 3723 3926
2325 2 2 2 1 2428 882 4220
2326 2 2 2 1 4951 369 5125
2327 2 2 2 1 4300 955 4946
2328 2 2 2 1 1438 4462 4618
2329 2 2 2 1 2167 1495 4949
2330 2 2 2 1 728 4031 5315
2331 2 2 2 1 2329 451 4118
2332 2 2 2 1 2338 264 3451
2333 2 2 2 1 1421 2011 4430
2334 2 2 2 1 1639 3491 3586
2335 2 2 2 1 2469 428 3374
2336 2 2 2 1 2691 989 4254
2337 2 2 2 1 4123 2348 4242
2338 2 2 2 1 1539 3860 4583
2339 2 2 2 1 3201 599 3599
2340 2 2 2 1 2278 1118 4106
2341 2 2 2 1 3296 1172 3954
2342 2 2 2 1 3390 608 5719
2343 2 2 2 1 2725 361 4187
2344 2 2 2 1 2034 973 4657
2345 2 2 2 1 1339 4095 4386
2346 2 2 2 1 3441 2197 5757
2347 2 2 2 1 693 3502 3890
2348 2 2 2 1 1691 2725 4187
2349 2 2 2 1 543 1950 3480
2350 2 2 2 1 1995 578 3884
2351 2 2 2 1 2034 384 2989
2352 2 2 2 1 2945 2277 3650
2353 2 2 2 1 2018 1082 3600
2354 2 2 2 1 3553 1643 3819
2355 2 2 2 1 1997 1305 4305
2356 2 2 2 1 2324 344 4236
2357 2 2 2 1 285 3404 5675
2358 2 2 2 1 3201 3599 5308
2359 2 2 2 1 882 2456 4220
2360 2 2 2 1 2276 1751 5276
2361 2 2 2 1 1034 2476 3350
2362 2 2 2 1 466 2276 5276
2363 2 2 2 1 1923 3554 5635
2364 2 2 2 1 1050 3184 5821
2365 2 2 2 1 3230 1194 3240
2366 2 2 2 1 1320 2555 2628
2367 2 2 2 1 1599 2164 5771
2368 2 2 2 1 2600 235 5218
2369 2 2 2 1 118 119 3288
2370 2 2 2 1 1200 1995 3884
2371 2 2 2 1 2195 582 3070
2372 2 2 2 1 739 2009 3760
2373 2 2 2 1 1401 2138 4378
2374 2 2 2 1 2111 838 4715
2375 2 2 2 1 3780 1382 4287
2376 2 2 2 1 3487 2027 5875
2377 2 2 2 1 168 169 2364
2378 2 2 2 1 2481 904 3461
2379 2 2 2 1 1133 2189 3299
2380 2 2 2 1 1319 2481 3461
2381 2 2 2 1 841 2311 2888
2382 2 2 2 1 346 3405 4980
2383 2 2 2 1 2042 991 3029
2384 2 2 2 1 1026 2909 3733
2385 2 2 2 1 2237 370 5763
2386 2 2 2 1 1160 1979 4161
2387 2 2 2 1 3020 1473 3481
2388 2 2 2 1 2814 672 3453
2389 2 2 2 1 2189 902 3299
2390 2 2 2 1 344 2022 3172
2391 2 2 2 1 234 235 2600
2392 2 2 2 1 2311 1056 2888
2393 2 2 2 1 2053 646 2973
2394 2 2 2 1 3345 1755 5617
2395 2 2 2 1 1699 2035 5081
2396 2 2 2 1 2319 1279 2652
2397 2 2 2 1 3178 2162 5312
2398 2 2 2 1 2022 1030 3172
2399 2 2 2 1 3200 3757 5932
2400 2 2 2 1 2964 1456 3809
2401 2 2 2 1 2052 675 3484
2402 2 2 2 1 991 2042 3087
2403 2 2 2 1 1959 292 3641
2404 2 2 2 1 1956 209 4500
2405 2 2 2 1 3594 2635 5288
2406 2 2 2 1 3692 1806 4222
2407 2 2 2 1 2008 3082 4431
2408 2 2 2 1 3082 360 4431
2409 2 2 2 1 943 4519 5298
2410 2 2 2 1 561 2098 2867
2411 2 2 2 1 85 1962 5175
2412 2 2 2 1 4141 2580 5676
2413 2 2 2 1 369 2696 5125
2414 2 2 2 1 1563 2639 5274
2415 2 2 2 1 1957 907 3696
2416 2 2 2 1 5386 1629 5894
2417 2 2 2 1 2292 399 3311
2418 2 2 2 1 1750 2797 5223
2419 2 2 2 1 799 2043 3013
2420 2 2 2 1 2536 1761 5195
2421 2 2 2 1 2397 1059 2946
2422 2 2 2 1 904 2481 2878
2423 2 2 2 1 1957 808 4687
2424 2 2 2 1 1125 2052 3484
2425 2 2 2 1 1172 2751 3954
2426 2 2 2 1 1960 3450 4990
2427 2 2 2 1 2328 976 5356
2428 2 2 2 1 2737 2426 4053
2429 2 2 2 1 3554 719 5635
2430 2 2 2 1 151 152 2544
2431 2 2 2 1 583 3751 4305
2432 2 2 2 1 440 2855 4023
2433 2 2 2 1 2147 4502 5872
2434 2 2 2 1 3767 1344 4474
2435 2 2 2 1 370 2265 5763
2436 2 2 2 1 759 2042 3029
2437 2 2 2 1 3101 1447 3807
2438 2 2 2 1 2161 1459 3256
2439 2 2 2 1 1975 1211 4036
2440 2 2 2 1 2172 776 2793
2441 2 2 2 1 2644 1552 4205
2442 2 2 2 1 657 2093 2897
2443 2 2 2 1 3450 1065 4990
2444 2 2 2 1 1929 2783 5319
2445 2 2 2 1 1082 2018 3398
2446 2 2 2 1 2847 1052 3543
2447 2 2 2 1 156 2295 2808
2448 2 2 2 1 1149 3060 3776
2449 2 2 2 1 1044 2705 3025
2450 2 2 2 1 3656 1771 5168
2451 2 2 2 1 1037 2992 4372
2452 2 2 2 1 1990 1290 3848
2453 2 2 2 1 2425 1174 3013
2454 2 2 2 1 1978 516 3309
2455 2 2 2 1 1571 3594 5288
2456 2 2 2 1 3751 1997 4305
2457 2 2 2 1 1026 3733 5323
2458 2 2 2 1 1746 3803 4286
2459 2 2 2 1 2110 2490 3874
2460 2 2 2 1 381 1981 3295
2461 2 2 2 1 3308 358 3825
2462 2 2 2 1 2659 3598 5066
2463 2 2 2 1 1195 2418 2586
2464 2 2 2 1 380 5202 5527
2465 2 2 2 1 2537 537 4271
2466 2 2 2 1 1878 3308 3825
2467 2 2 2 1 2913 983 4552
2468 2 2 2 1 2870 877 5371
2469 2 2 2 1 3471 1656 3932
2470 2 2 2 1 2031 2718 5185
2471 2 2 2 1 4013 1766 4932
2472 2 2 2 1 219 2373 4918
2473 2 2 2 1 1235 3238 3599
2474 2 2 2 1 1086 2629 2843
2475 2 2 2 1 3238 1730 3599
2476 2 2 2 1 1399 3886 4193
2477 2 2 2 1 338 3233 3351
2478 2 2 2 1 2718 1083 5185
2479 2 2 2 1 906 2596 3442
2480 2 2 2 1 2596 1366 3442
2481 2 2 2 1 1993 385 3366
2482 2 2 2 1 1382 2068 3044
2483 2 2 2 1 739 2055 3475
2484 2 2 2 1 1046 2204 2771
2485 2 2 2 1 578 1995 4139
2486 2 2 2 1 2261 1112 3459
2487 2 2 2 1 2022 909 4467
2488 2 2 2 1 2068 1384 3044
2489 2 2 2 1 381 2215 3094
2490 2 2 2 1 1798 4000 5291
2491 2 2 2 1 1925 2932 4609
2492 2 2 2 1 634 4000 4459
2493 2 2 2 1 371 2153 5285
2494 2 2 2 1 225 226 2522
2495 2 2 2 1 995 2696 3957
2496 2 2 2 1 278 277 4119
2497 2 2 2 1 2263 291 3469
2498 2 2 2 1 2753 1800 2886
2499 2 2 2 1 3687 545 3876
2500 2 2 2 1 1604 2438 4980
2501 2 2 2 1 923 2303 3317
2502 2 2 2 1 788 2212 5562
2503 2 2 2 1 2310 488 2944
2504 2 2 2 1 2130 356 2859
2505 2 2 2 1 4952 1857 5370
2506 2 2 2 1 534 2668 3146
2507 2 2 2 1 1140 1985 5836
2508 2 2 2 1 2441 378 5895
2509 2 2 2 1 1455 2157 3140
2510 2 2 2 1 481 3576 5376
2511 2 2 2 1 3696 2092 5625
2512 2 2 2 1 1327 2381 3947
2513 2 2 2 1 70 71 2461
2514 2 2 2 1 1559 2112 5053
2515 2 2 2 1 56 57 2399
2516 2 2 2 1 1378 2057 5652
2517 2 2 2 1 599 2001 4364
2518 2 2 2 1 1636 2959 4939
2519 2 2 2 1 735 4287 4733
2520 2 2 2 1 4307 336 5061
2521 2 2 2 1 2551 1482 3898
2522 2 2 2 1 2112 1132 5053
2523 2 2 2 1 2141 1251 3971
2524 2 2 2 1 1970 80 3558
2525 2 2 2 1 2158 2564 5879
2526 2 2 2 1 1463 2108 3083
2527 2 2 2 1 1215 1988 5071
2528 2 2 2 1 758 1976 3984
2529 2 2 2 1 1199 3441 5757
2530 2 2 2 1 2056 523 3045
2531 2 2 2 1 2569 1134 2835
2532 2 2 2 1 2277 972 5857
2533 2 2 2 1 472 2569 2835
2534 2 2 2 1 897 3756 4833
2535 2 2 2 1 2388 1302 3610
2536 2 2 2 1 1067 1983 4035
2537 2 2 2 1 740 1993 3321
2538 2 2 2 1 307 2060 4426
2539 2 2 2 1 2439 2098 4293
2540 2 2 2 1 2415 1658 3632
2541 2 2 2 1 2680 1128 2706
2542 2 2 2 1 4406 1847 5683
2543 2 2 2 1 3812 1274 5396
2544 2 2 2 1 3052 2102 5924
2545 2 2 2 1 1610 2282 4849
2546 2 2 2 1 1520 2682 5778
2547 2 2 2 1 2282 818 4849
2548 2 2 2 1 1005 2680 2706
2549 2 2 2 1 776 2192 5415
2550 2 2 2 1 909 2085 5336
2551 2 2 2 1 838 2176 4715
2552 2 2 2 1 4484 1931 4825
2553 2 2 2 1 623 2754 3720
2554 2 2 2 1 946 2636 4910
2555 2 2 2 1 2603 875 4723
2556 2 2 2 1 3585 1726 5541
2557 2 2 2 1 627 2388 3610
2558 2 2 2 1 1981 813 5225
2559 2 2 2 1 3224 438 3683
2560 2 2 2 1 1068 2306 2960
2561 2 2 2 1 2306 884 2960
2562 2 2 2 1 2044 902 4147
2563 2 2 2 1 1769 3096 5420
2564 2 2 2 1 3425 628 3640
2565 2 2 2 1 1985 1140 4461
2566 2 2 2 1 989 2258 5580
2567 2 2 2 1 619 2551 3898
2568 2 2 2 1 1494 3941 5124
2569 2 2 2 1 501 2189 2926
2570 2 2 2 1 909 2592 4467
2571 2 2 2 1 2732 2288 4507
2572 2 2 2 1 2060 307 3232
2573 2 2 2 1 2187 489 3759
2574 2 2 2 1 2258 989 2842
2575 2 2 2 1 2134 1102 5732
2576 2 2 2 1 1006 2131 2891
2577 2 2 2 1 380 2275 2965
2578 2 2 2 1 1244 2707 2922
2579 2 2 2 1 2455 838 3500
2580 2 2 2 1 875 2072 4971
2581 2 2 2 1 3329 2201 5428
2582 2 2 2 1 1265 2712 3072
2583 2 2 2 1 1301 2455 3500
2584 2 2 2 1 2712 1148 3072
2585 2 2 2 1 2006 1099 3588
2586 2 2 2 1 721 4257 4773
2587 2 2 2 1 3591 2487 4800
2588 2 2 2 1 3461 2509 4781
2589 2 2 2 1 1151 2169 2851
2590 2 2 2 1 1046 2149 3277
2591 2 2 2 1 2081 4725 5291
2592 2 2 2 1 2434 1220 2981
2593 2 2 2 1 518 2039 4749
2594 2 2 2 1 3262 2144 5078
2595 2 2 2 1 2449 522 5673
2596 2 2 2 1 1721 2386 5016
2597 2 2 2 1 558 2717 4961
2598 2 2 2 1 2386 693 5016
2599 2 2 2 1 455 2023 4802
2600 2 2 2 1 1306 2321 3294
2601 2 2 2 1 2058 5140 5798
2602 2 2 2 1 2707 388 2922
2603 2 2 2 1 2755 1784 4269
2604 2 2 2 1 2850 1178 3269
2605 2 2 2 1 1726 3585 5762
2606 2 2 2 1 291 2263 3641
2607 2 2 2 1 815 2132 3689
2608 2 2 2 1 2059 999 4156
2609 2 2 2 1 1078 2051 5927
2610 2 2 2 1 1758 3038 4739
2611 2 2 2 1 1375 2047 3103
2612 2 2 2 1 1982 2449 5673
2613 2 2 2 1 1325 3115 3361
2614 2 2 2 1 3115 1564 3361
2615 2 2 2 1 2564 968 5879
2616 2 2 2 1 2037 774 5901
2617 2 2 2 1 562 2381 4491
2618 2 2 2 1 2539 3388 4311
2619 2 2 2 1 1979 420 4161
2620 2 2 2 1 717 2644 4205
2621 2 2 2 1 2211 1587 5154
2622 2 2 2 1 3908 959 4884
2623 2 2 2 1 2685 1578 2777
2624 2 2 2 1 2506 492 2580
2625 2 2 2 1 1236 1997 4112
2626 2 2 2 1 2845 1240 4121
2627 2 2 2 1 978 2183 3792
2628 2 2 2 1 2627 640 4037
2629 2 2 2 1 1605 3690 5578
2630 2 2 2 1 2554 1013 2996
2631 2 2 2 1 1577 2554 2996
2632 2 2 2 1 823 2101 4937
2633 2 2 2 1 4525 1807 4899
2634 2 2 2 1 2265 936 3455
2635 2 2 2 1 2044 1326 4368
2636 2 2 2 1 54 55 2492
2637 2 2 2 1 560 2044 4368
2638 2 2 2 1 3409 1209 4369
2639 2 2 2 1 1984 249 3838
2640 2 2 2 1 2807 861 4394
2641 2 2 2 1 2290 651 3061
2642 2 2 2 1 478 3925 5690
2643 2 2 2 1 2049 1053 5516
2644 2 2 2 1 1156 4637 5781
2645 2 2 2 1 1102 2134 5210
2646 2 2 2 1 2150 582 5208
2647 2 2 2 1 2040 3248 4326
2648 2 2 2 1 2253 1224 3780
2649 2 2 2 1 659 2032 3653
2650 2 2 2 1 1986 1141 4101
2651 2 2 2 1 1093 2290 3061
2652 2 2 2 1 2012 421 3926
2653 2 2 2 1 913 1982 3671
2654 2 2 2 1 3413 1808 5643
2655 2 2 2 1 162 3320 4999
2656 2 2 2 1 2183 978 5355
2657 2 2 2 1 2840 94 3171
2658 2 2 2 1 4430 946 4910
2659 2 2 2 1 64 65 2471
2660 2 2 2 1 133 134 3482
2661 2 2 2 1 468 3371 4525
2662 2 2 2 1 4005 1946 5837
2663 2 2 2 1 2474 1266 4643
2664 2 2 2 1 2268 890 4311
2665 2 2 2 1 948 2041 3165
2666 2 2 2 1 1495 2167 4720
2667 2 2 2 1 2422 915 2656
2668 2 2 2 1 1449 2268 4311
2669 2 2 2 1 4385 2421 4554
2670 2 2 2 1 2855 1587 4023
2671 2 2 2 1 2078 1583 5887
2672 2 2 2 1 2167 792 4720
2673 2 2 2 1 4377 2881 5493
2674 2 2 2 1 426 2444 5447
2675 2 2 2 1 483 2592 3205
2676 2 2 2 1 1070 2484 3359
2677 2 2 2 1 492 2722 3742
2678 2 2 2 1 2586 560 3119
2679 2 2 2 1 2122 1547 5032
2680 2 2 2 1 930 2215 2829
2681 2 2 2 1 774 4670 5901
2682 2 2 2 1 1290 1990 5719
2683 2 2 2 1 1076 5109 5931
2684 2 2 2 1 258 2850 3747
2685 2 2 2 1 810 2270 2883
2686 2 2 2 1 2853 1206 3453
2687 2 2 2 1 2660 1423 3616
2688 2 2 2 1 750 2660 3616
2689 2 2 2 1 2070 3656 5168
2690 2 2 2 1 1413 2011 3380
2691 2 2 2 1 932 2420 3235
2692 2 2 2 1 2552 1048 3305
2693 2 2 2 1 2451 2708 4570
2694 2 2 2 1 2240 1286 4010
2695 2 2 2 1 715 1994 3660
2696 2 2 2 1 1979 3554 5590
2697 2 2 2 1 4821 3045 4892
2698 2 2 2 1 945 2335 3984
2699 2 2 2 1 2671 1394 3003
2700 2 2 2 1 1030 3045 4821
2701 2 2 2 1 996 2159 5194
2702 2 2 2 1 2057 1378 4551
2703 2 2 2 1 336 2226 3104
2704 2 2 2 1 2322 1554 5765
2705 2 2 2 1 1064 2013 3392
2706 2 2 2 1 1507 3048 3369
2707 2 2 2 1 573 2494 3235
2708 2 2 2 1 2608 2130 5879
2709 2 2 2 1 989 5580 5718
2710 2 2 2 1 2374 1021 4785
2711 2 2 2 1 3019 2707 4760
2712 2 2 2 1 2080 570 3595
2713 2 2 2 1 935 2497 3667
2714 2 2 2 1 4022 606 4444
2715 2 2 2 1 1969 5056 5888
2716 2 2 2 1 1010 3042 4255
2717 2 2 2 1 4594 2466 5838
2718 2 2 2 1 899 2682 4148
2719 2 2 2 1 2315 966 4538
2720 2 2 2 1 110 111 2815
2721 2 2 2 1 2353 823 4937
2722 2 2 2 1 153 154 2500
2723 2 2 2 1 2444 1381 3784
2724 2 2 2 1 3791 396 3844
2725 2 2 2 1 1655 2353 4937
2726 2 2 2 1 2502 407 5777
2727 2 2 2 1 1000 2626 3382
2728 2 2 2 1 917 2057 4551
2729 2 2 2 1 796 2380 4734
2730 2 2 2 1 2218 4406 5683
2731 2 2 2 1 3656 1398 4273
2732 2 2 2 1 576 2348 4123
2733 2 2 2 1 2171 664 5238
2734 2 2 2 1 3033 574 3671
2735 2 2 2 1 4002 2058 5798
2736 2 2 2 1 968 2608 5879
2737 2 2 2 1 3177 1379 3645
2738 2 2 2 1 1797 3229 4599
2739 2 2 2 1 3418 1836 3831
2740 2 2 2 1 924 2228 5532
2741 2 2 2 1 3487 1198 5579
2742 2 2 2 1 1346 3063 4072
2743 2 2 2 1 2231 489 2919
2744 2 2 2 1 2030 1398 4361
2745 2 2 2 1 2245 125 4042
2746 2 2 2 1 4769 2498 4789
2747 2 2 2 1 151 2544 4815
2748 2 2 2 1 1240 3263 4121
2749 2 2 2 1 912 2116 3185
2750 2 2 2 1 98 2018 3600
2751 2 2 2 1 402 3774 5698
2752 2 2 2 1 1014 4703 5048
2753 2 2 2 1 2310 963 5806
2754 2 2 2 1 4072 3063 4913
2755 2 2 2 1 642 2211 5458
2756 2 2 2 1 1710 2902 4082
2757 2 2 2 1 2902 680 4082
2758 2 2 2 1 774 2037 4369
2759 2 2 2 1 4263 1817 4701
2760 2 2 2 1 2916 502 4346
2761 2 2 2 1 893 2010 3530
2762 2 2 2 1 1039 2956 3807
2763 2 2 2 1 2405 891 2892
2764 2 2 2 1 303 2724 4537
2765 2 2 2 1 903 2498 4769
2766 2 2 2 1 1273 2898 3622
2767 2 2 2 1 274 2178 3975
2768 2 2 2 1 1379 2061 4536
2769 2 2 2 1 2061 886 4536
2770 2 2 2 1 1828 2916 4346
2771 2 2 2 1 3636 2322 5765
2772 2 2 2 1 1385 3142 3276
2773 2 2 2 1 775 4657 5537
2774 2 2 2 1 3048 506 3369
2775 2 2 2 1 1374 2850 3269
2776 2 2 2 1 2155 1501 3347
2777 2 2 2 1 3688 1326 4172
2778 2 2 2 1 124 2245 2967
2779 2 2 2 1 3524 969 5882
2780 2 2 2 1 987 2226 4871
2781 2 2 2 1 551 2687 3188
2782 2 2 2 1 1033 2119 3466
2783 2 2 2 1 796 2193 5327
2784 2 2 2 1 2141 421 3889
2785 2 2 2 1 2687 1285 3188
2786 2 2 2 1 753 3941 4939
2787 2 2 2 1 1212 2182 3700
2788 2 2 2 1 616 2025 3340
2789 2 2 2 1 2182 814 3700
2790 2 2 2 1 2007 994 3765
2791 2 2 2 1 3376 1250 3507
2792 2 2 2 1 2102 1474 4765
2793 2 2 2 1 793 2393 4204
2794 2 2 2 1 1723 3376 3507
2795 2 2 2 1 2482 1788 5080
2796 2 2 2 1 747 2482 5080
2797 2 2 2 1 3110 1810 4376
2798 2 2 2 1 3478 1719 4218
2799 2 2 2 1 1856 2587 5354
2800 2 2 2 1 2013 3160 5559
2801 2 2 2 1 3473 1887 5706
2802 2 2 2 1 500 4912 5500
2803 2 2 2 1 215 216 3241
2804 2 2 2 1 2016 622 4015
2805 2 2 2 1 2695 1019 2699
2806 2 2 2 1 2393 1674 4204
2807 2 2 2 1 1118 2695 2699
2808 2 2 2 1 3079 620 5130
2809 2 2 2 1 856 2079 3123
2810 2 2 2 1 374 2009 3758
2811 2 2 2 1 1952 3128 5174
2812 2 2 2 1 1446 2033 5827
2813 2 2 2 1 752 2102 4765
2814 2 2 2 1 2507 1425 3016
2815 2 2 2 1 945 2517 2830
2816 2 2 2 1 176 3215 3282
2817 2 2 2 1 3124 2340 4619
2818 2 2 2 1 626 2209 2920
2819 2 2 2 1 1251 2141 3889
2820 2 2 2 1 1253 2198 3012
2821 2 2 2 1 1362 2533 4590
2822 2 2 2 1 2486 149 2966
2823 2 2 2 1 2496 956 2793
2824 2 2 2 1 2178 1278 3975
2825 2 2 2 1 2469 2865 4048
2826 2 2 2 1 1009 2150 5208
2827 2 2 2 1 2932 1508 4609
2828 2 2 2 1 1169 3124 3204
2829 2 2 2 1 2198 880 3012
2830 2 2 2 1 2804 507 3134
2831 2 2 2 1 1323 2804 3134
2832 2 2 2 1 2648 496 5281
2833 2 2 2 1 2851 702 5758
2834 2 2 2 1 660 2620 3496
2835 2 2 2 1 852 2110 4929
2836 2 2 2 1 2046 560 4368
2837 2 2 2 1 2209 1012 2920
2838 2 2 2 1 133 3482 5364
2839 2 2 2 1 4393 1835 4416
2840 2 2 2 1 3582 2362 5052
2841 2 2 2 1 1301 2040 4330
2842 2 2 2 1 1188 3138 3906
2843 2 2 2 1 2620 660 5115
2844 2 2 2 1 1024 2372 2759
2845 2 2 2 1 521 2014 3544
2846 2 2 2 1 2372 524 2759
2847 2 2 2 1 2867 2098 4680
2848 2 2 2 1 3183 404 3292
2849 2 2 2 1 1531 2372 4486
2850 2 2 2 1 656 4594 5838
2851 2 2 2 1 421 2012 4638
2852 2 2 2 1 4472 2912 5793
2853 2 2 2 1 481 2320 4290
2854 2 2 2 1 2372 1024 4486
2855 2 2 2 1 2014 748 3547
2856 2 2 2 1 2270 1676 5456
2857 2 2 2 1 3822 1749 5489
2858 2 2 2 1 3553 934 4665
2859 2 2 2 1 1213 3252 4556
2860 2 2 2 1 1318 4472 5793
2861 2 2 2 1 927 2095 4783
2862 2 2 2 1 539 2258 2842
2863 2 2 2 1 2100 858 3074
2864 2 2 2 1 3549 624 4872
2865 2 2 2 1 2018 98 5229
2866 2 2 2 1 739 3760 4150
2867 2 2 2 1 2024 1097 4927
2868 2 2 2 1 4467 2592 5129
2869 2 2 2 1 1063 2016 4015
2870 2 2 2 1 2108 1463 4882
2871 2 2 2 1 2372 1669 5197
2872 2 2 2 1 1037 3563 4009
2873 2 2 2 1 2450 648 2702
2874 2 2 2 1 2299 2206 5847
2875 2 2 2 1 2494 932 3235
2876 2 2 2 1 3045 1030 3073
2877 2 2 2 1 2077 344 3172
2878 2 2 2 1 1193 2450 2702
2879 2 2 2 1 539 2397 2946
2880 2 2 2 1 4517 3272 5881
2881 2 2 2 1 1729 2617 3929
2882 2 2 2 1 779 3193 5014
2883 2 2 2 1 3085 1189 3745
2884 2 2 2 1 1095 2060 3232
2885 2 2 2 1 2445 532 2689
2886 2 2 2 1 285 284 3404
2887 2 2 2 1 730 2145 4299
2888 2 2 2 1 1976 3017 3270
2889 2 2 2 1 2145 1360 4299
2890 2 2 2 1 1030 2022 4530
2891 2 2 2 1 2234 1285 4008
2892 2 2 2 1 2956 1732 4595
2893 2 2 2 1 1705 2585 5432
2894 2 2 2 1 2923 1490 4395
2895 2 2 2 1 919 3729 5410
2896 2 2 2 1 2118 515 4302
2897 2 2 2 1 413 2061 4509
2898 2 2 2 1 646 2053 3296
2899 2 2 2 1 2795 1446 3949
2900 2 2 2 1 950 2114 3062
2901 2 2 2 1 2783 1090 5319
2902 2 2 2 1 4031 728 5416
2903 2 2 2 1 1518 3426 3992
2904 2 2 2 1 2153 997 3300
2905 2 2 2 1 3482 134 4515
2906 2 2 2 1 2555 926 2628
2907 2 2 2 1 2560 1279 3510
2908 2 2 2 1 1071 2492 2940
2909 2 2 2 1 2492 1351 2940
2910 2 2 2 1 470 2807 3814
2911 2 2 2 1 974 2824 2974
2912 2 2 2 1 2674 2049 5516
2913 2 2 2 1 977 2046 3318
2914 2 2 2 1 2675 1795 5507
2915 2 2 2 1 2622 1116 2626
2916 2 2 2 1 2807 1566 3814
2917 2 2 2 1 832 3329 5428
2918 2 2 2 1 511 4731 4763
2919 2 2 2 1 1287 2190 4021
2920 2 2 2 1 441 2674 5516
2921 2 2 2 1 2150 1009 3005
2922 2 2 2 1 1652 3085 3745
2923 2 2 2 1 4730 781 5442
2924 2 2 2 1 2360 510 3225
2925 2 2 2 1 676 4013 4932
2926 2 2 2 1 670 3418 3831
2927 2 2 2 1 1671 2291 5205
2928 2 2 2 1 1451 2230 3634
2929 2 2 2 1 2083 3549 4872
2930 2 2 2 1 1000 2622 2626
2931 2 2 2 1 860 2237 3880
2932 2 2 2 1 2263 961 3641
2933 2 2 2 1 2509 904 2665
2934 2 2 2 1 3016 1425 3529
2935 2 2 2 1 2233 914 4313
2936 2 2 2 1 2680 1005 4868
2937 2 2 2 1 4519 943 5661
2938 2 2 2 1 217 218 4918
2939 2 2 2 1 1052 2968 3543
2940 2 2 2 1 1243 3090 3350
2941 2 2 2 1 2248 374 5533
2942 2 2 2 1 1064 2095 3160
2943 2 2 2 1 2291 773 5205
2944 2 2 2 1 2173 875 4971
2945 2 2 2 1 1352 2608 5363
2946 2 2 2 1 3563 1898 4009
2947 2 2 2 1 1735 2248 5533
2948 2 2 2 1 304 303 4537
2949 2 2 2 1 4885 2102 5395
2950 2 2 2 1 517 2167 3007
2951 2 2 2 1 1195 2586 3119
2952 2 2 2 1 2037 536 3409
2953 2 2 2 1 1211 2051 4036
2954 2 2 2 1 2137 4814 5921
2955 2 2 2 1 2638 653 2852
2956 2 2 2 1 2118 770 4891
2957 2 2 2 1 955 3590 4636
2958 2 2 2 1 1499 2149 4900
2959 2 2 2 1 2451 531 2862
2960 2 2 2 1 2736 976 5064
2961 2 2 2 1 976 4395 5064
2962 2 2 2 1 3757 881 5932
2963 2 2 2 1 2431 472 2835
2964 2 2 2 1 770 2120 4891
2965 2 2 2 1 1345 2664 3750
2966 2 2 2 1 2163 1565 5325
2967 2 2 2 1 1143 2638 2852
2968 2 2 2 1 3920 2200 5890
2969 2 2 2 1 5399 820 5567
2970 2 2 2 1 2594 364 5262
2971 2 2 2 1 1432 2209 3131
2972 2 2 2 1 2202 1245 2959
2973 2 2 2 1 939 3806 5098
2974 2 2 2 1 2095 180 3160
2975 2 2 2 1 2043 493 4817
2976 2 2 2 1 2749 1789 3597
2977 2 2 2 1 465 2376 3685
2978 2 2 2 1 1005 2722 4868
2979 2 2 2 1 1559 2126 3863
2980 2 2 2 1 2068 1382 4763
2981 2 2 2 1 2269 1464 4666
2982 2 2 2 1 2705 1171 3025
2983 2 2 2 1 3035 730 4299
2984 2 2 2 1 1858 3035 4299
2985 2 2 2 1 2123 1174 5118
2986 2 2 2 1 1002 2262 3048
2987 2 2 2 1 174 2071 3245
2988 2 2 2 1 2606 1902 5212
2989 2 2 2 1 970 2486 2966
2990 2 2 2 1 831 2606 5212
2991 2 2 2 1 2316 741 5256
2992 2 2 2 1 1326 2044 4754
2993 2 2 2 1 310 2198 3858
2994 2 2 2 1 218 219 4918
2995 2 2 2 1 2039 518 3666
2996 2 2 2 1 2198 1253 3858
2997 2 2 2 1 2060 1095 4420
2998 2 2 2 1 4423 1678 4527
2999 2 2 2 1 2283 988 4456
3000 2 2 2 1 784 2024 4275
3001 2 2 2 1 834 2415 3632
3002 2 2 2 1 3330 2040 4326
3003 2 2 2 1 781 3330 4326
3004 2 2 2 1 1544 3911 4177
3005 2 2 2 1 2025 616 5592
3006 2 2 2 1 2476 1015 2901
3007 2 2 2 1 745 4225 4712
3008 2 2 2 1 322 321 2485
3009 2 2 2 1 2452 1417 5893
3010 2 2 2 1 2304 818 3092
3011 2 2 2 1 1136 2304 3092
3012 2 2 2 1 4025 1599 4859
3013 2 2 2 1 993 2273 2872
3014 2 2 2 1 2074 755 4931
3015 2 2 2 1 515 2118 3431
3016 2 2 2 1 2553 2213 4829
3017 2 2 2 1 536 2037 5476
3018 2 2 2 1 2210 819 3704
3019 2 2 2 1 536 2055 5877
3020 2 2 2 1 1255 2972 3677
3021 2 2 2 1 2025 1216 5076
3022 2 2 2 1 3078 1345 3922
3023 2 2 2 1 2273 1357 5624
3024 2 2 2 1 1221 2723 3355
3025 2 2 2 1 549 2229 3768
3026 2 2 2 1 2723 1350 3355
3027 2 2 2 1 1022 2161 4558
3028 2 2 2 1 2916 1828 3581
3029 2 2 2 1 840 2600 5253
3030 2 2 2 1 1003 3110 4376
3031 2 2 2 1 1579 4885 5395
3032 2 2 2 1 2038 1332 5766
3033 2 2 2 1 2627 4037 5355
3034 2 2 2 1 1855 3879 5500
3035 2 2 2 1 2380 796 5327
3036 2 2 2 1 2641 1981 5492
3037 2 2 2 1 2673 1096 2828
3038 2 2 2 1 2071 175 3282
3039 2 2 2 1 2331 1270 3897
3040 2 2 2 1 2047 601 5330
3041 2 2 2 1 699 2030 3849
3042 2 2 2 1 2558 819 4744
3043 2 2 2 1 2528 1330 3231
3044 2 2 2 1 4301 1435 4595
3045 2 2 2 1 501 2926 5581
3046 2 2 2 1 819 4685 4744
3047 2 2 2 1 1034 2655 3489
3048 2 2 2 1 1141 2673 2828
3049 2 2 2 1 884 2306 5792
3050 2 2 2 1 2286 1524 2906
3051 2 2 2 1 2720 668 4827
3052 2 2 2 1 2655 1364 3489
3053 2 2 2 1 1593 2369 3855
3054 2 2 2 1 2300 987 4318
3055 2 2 2 1 765 2259 3032
3056 2 2 2 1 3374 428 3652
3057 2 2 2 1 88 89 2554
3058 2 2 2 1 3774 1940 5698
3059 2 2 2 1 378 2028 4065
3060 2 2 2 1 2179 511 3724
3061 2 2 2 1 3922 1345 4431
3062 2 2 2 1 1031 2260 2985
3063 2 2 2 1 2227 3524 5882
3064 2 2 2 1 1076 3141 5109
3065 2 2 2 1 1946 2599 5846
3066 2 2 2 1 954 2522 5524
3067 2 2 2 1 216 217 3706
3068 2 2 2 1 3844 905 5412
3069 2 2 2 1 2028 733 3837
3070 2 2 2 1 2335 945 2830
3071 2 2 2 1 3949 827 5743
3072 2 2 2 1 1453 2053 4197
3073 2 2 2 1 1088 2052 3852
3074 2 2 2 1 2234 4008 5222
3075 2 2 2 1 1185 2979 3775
3076 2 2 2 1 2244 396 3791
3077 2 2 2 1 3321 2214 4471
3078 2 2 2 1 3996 3041 5930
3079 2 2 2 1 4731 2068 4763
3080 2 2 2 1 2926 2174 5581
3081 2 2 2 1 940 2777 4405
3082 2 2 2 1 2969 1149 3776
3083 2 2 2 1 2608 2838 5363
3084 2 2 2 1 3803 1334 4286
3085 2 2 2 1 854 2421 4385
3086 2 2 2 1 2762 2001 4659
3087 2 2 2 1 2750 2139 5661
3088 2 2 2 1 2055 1211 3475
3089 2 2 2 1 1789 2749 5470
3090 2 2 2 1 1551 2466 4594
3091 2 2 2 1 582 2195 5208
3092 2 2 2 1 943 2750 5661
3093 2 2 2 1 632 3272 4517
3094 2 2 2 1 2470 4261 4501
3095 2 2 2 1 3983 707 4652
3096 2 2 2 1 1404 2887 3825
3097 2 2 2 1 669 2246 5512
3098 2 2 2 1 3106 1505 3325
3099 2 2 2 1 3175 1534 4589
3100 2 2 2 1 1524 2584 4475
3101 2 2 2 1 2337 338 3351
3102 2 2 2 1 2322 833 4756
3103 2 2 2 1 3440 2310 5806
3104 2 2 2 1 864 2319 5714
3105 2 2 2 1 1347 4227 5549
3106 2 2 2 1 2316 1125 3498
3107 2 2 2 1 1311 2431 2756
3108 2 2 2 1 1099 3106 3325
3109 2 2 2 1 2051 1078 3669
3110 2 2 2 1 2042 759 3634
3111 2 2 2 1 1554 2322 4756
3112 2 2 2 1 4227 2021 5549
3113 2 2 2 1 372 2536 3038
3114 2 2 2 1 2253 446 3396
3115 2 2 2 1 2365 1973 4506
3116 2 2 2 1 76 77 3842
3117 2 2 2 1 992 2083 5240
3118 2 2 2 1 2792 1842 3761
3119 2 2 2 1 826 2347 4234
3120 2 2 2 1 961 2472 2900
3121 2 2 2 1 4458 3095 4987
3122 2 2 2 1 1134 2352 2835
3123 2 2 2 1 1766 4013 5392
3124 2 2 2 1 3527 1156 5781
3125 2 2 2 1 2695 554 3541
3126 2 2 2 1 1981 2641 5401
3127 2 2 2 1 2532 1137 3047
3128 2 2 2 1 1321 2532 3047
3129 2 2 2 1 2306 471 2890
3130 2 2 2 1 3105 1219 3851
3131 2 2 2 1 1040 2371 2896
3132 2 2 2 1 551 2203 4158
3133 2 2 2 1 1349 2489 4238
3134 2 2 2 1 1245 2202 3882
3135 2 2 2 1 619 2152 5005
3136 2 2 2 1 1714 2241 5568
3137 2 2 2 1 3431 2118 4891
3138 2 2 2 1 1075 2214 3321
3139 2 2 2 1 886 2061 4283
3140 2 2 2 1 429 2045 5265
3141 2 2 2 1 2667 1219 3105
3142 2 2 2 1 2202 356 3882
3143 2 2 2 1 682 3672 5556
3144 2 2 2 1 1703 3105 3851
3145 2 2 2 1 595 2743 5314
3146 2 2 2 1 1012 2485 2920
3147 2 2 2 1 1025 2309 4076
3148 2 2 2 1 590 3684 4811
3149 2 2 2 1 2039 741 4004
3150 2 2 2 1 4897 2594 5262
3151 2 2 2 1 2135 172 3799
3152 2 2 2 1 38 2096 3606
3153 2 2 2 1 188 189 3667
3154 2 2 2 1 4234 2347 4516
3155 2 2 2 1 1086 2843 5464
3156 2 2 2 1 2587 710 5354
3157 2 2 2 1 1594 2739 4373
3158 2 2 2 1 2212 418 3024
3159 2 2 2 1 2371 635 2896
3160 2 2 2 1 408 2667 3105
3161 2 2 2 1 794 3157 4495
3162 2 2 2 1 1474 2102 4664
3163 2 2 2 1 4685 2087 4744
3164 2 2 2 1 511 2179 4731
3165 2 2 2 1 2817 1169 3204
3166 2 2 2 1 1813 2282 5668
3167 2 2 2 1 3157 1996 4495
3168 2 2 2 1 812 2046 3688
3169 2 2 2 1 1104 3431 4891
3170 2 2 2 1 2485 1586 2920
3171 2 2 2 1 2012 3723 5886
3172 2 2 2 1 297 2059 4156
3173 2 2 2 1 1017 2650 5527
3174 2 2 2 1 489 2231 5338
3175 2 2 2 1 894 2440 3485
3176 2 2 2 1 2207 1402 4196
3177 2 2 2 1 3870 2689 5541
3178 2 2 2 1 776 2172 4992
3179 2 2 2 1 3576 481 4290
3180 2 2 2 1 1668 3826 5141
3181 2 2 2 1 2692 1014 5048
3182 2 2 2 1 2185 586 3065
3183 2 2 2 1 2440 1247 3485
3184 2 2 2 1 2630 1632 4438
3185 2 2 2 1 1202 2204 5662
3186 2 2 2 1 713 2630 4438
3187 2 2 2 1 2387 462 4124
3188 2 2 2 1 3826 1506 4776
3189 2 2 2 1 2055 536 4052
3190 2 2 2 1 1950 2421 5860
3191 2 2 2 1 2051 1211 4052
3192 2 2 2 1 898 2320 5699
3193 2 2 2 1 2882 1550 3755
3194 2 2 2 1 148 2486 4132
3195 2 2 2 1 1239 3394 3979
3196 2 2 2 1 3662 366 4970
3197 2 2 2 1 1464 2269 4877
3198 2 2 2 1 1266 3970 4643
3199 2 2 2 1 2421 854 5860
3200 2 2 2 1 4210 751 4988
3201 2 2 2 1 456 2094 4612
3202 2 2 2 1 1211 2055 4052
3203 2 2 2 1 2758 340 4486
3204 2 2 2 1 302 301 3944
3205 2 2 2 1 2657 896 3198
3206 2 2 2 1 2377 1635 3710
3207 2 2 2 1 878 3051 5288
3208 2 2 2 1 1050 2127 3184
3209 2 2 2 1 2753 1713 5224
3210 2 2 2 1 412 2882 3755
3211 2 2 2 1 2179 804 3438
3212 2 2 2 1 3565 2181 5277
3213 2 2 2 1 2743 1998 5314
3214 2 2 2 1 993 2559 2703
3215 2 2 2 1 2440 1847 5620
3216 2 2 2 1 2754 623 4896
3217 2 2 2 1 700 4046 4722
3218 2 2 2 1 2256 1007 3335
3219 2 2 2 1 422 2377 3710
3220 2 2 2 1 2465 298 4156
3221 2 2 2 1 2838 968 3223
3222 2 2 2 1 972 2456 4576
3223 2 2 2 1 2613 596 5206
3224 2 2 2 1 440 3535 3863
3225 2 2 2 1 1940 4442 5698
3226 2 2 2 1 3611 1504 3707
3227 2 2 2 1 2199 449 3631
3228 2 2 2 1 1007 2256 5025
3229 2 2 2 1 2704 1647 5101
3230 2 2 2 1 2675 1234 3137
3231 2 2 2 1 883 2401 3624
3232 2 2 2 1 1527 2978 4300
3233 2 2 2 1 3496 1558 4784
3234 2 2 2 1 499 2675 3137
3235 2 2 2 1 2189 1133 4647
3236 2 2 2 1 2052 1125 3666
3237 2 2 2 1 997 2153 3142
3238 2 2 2 1 3031 1062 5596
3239 2 2 2 1 2053 1462 4737
3240 2 2 2 1 2057 563 3902
3241 2 2 2 1 2504 1028 2903
3242 2 2 2 1 2086 1381 4443
3243 2 2 2 1 2818 1213 3228
3244 2 2 2 1 1021 2724 4785
3245 2 2 2 1 3346 1807 3817
3246 2 2 2 1 2185 1051 3181
3247 2 2 2 1 981 2303 3154
3248 2 2 2 1 2072 875 4333
3249 2 2 2 1 2248 1853 5471
3250 2 2 2 1 586 2185 3181
3251 2 2 2 1 2105 544 5828
3252 2 2 2 1 1215 3346 3817
3253 2 2 2 1 592 2547 3356
3254 2 2 2 1 524 2372 5197
3255 2 2 2 1 1669 5181 5197
3256 2 2 2 1 3474 523 4414
3257 2 2 2 1 4070 2160 5193
3258 2 2 2 1 2157 1259 3140
3259 2 2 2 1 340 2266 3843
3260 2 2 2 1 2380 1540 4734
3261 2 2 2 1 3117 1132 3996
3262 2 2 2 1 4723 1638 5667
3263 2 2 2 1 2119 1033 4292
3264 2 2 2 1 1121 2125 3273
3265 2 2 2 1 2125 66 3273
3266 2 2 2 1 1281 3842 4650
3267 2 2 2 1 492 3742 4247
3268 2 2 2 1 2063 1197 3562
3269 2 2 2 1 1726 2438 4488
3270 2 2 2 1 2687 2254 4605
3271 2 2 2 1 4226 2917 4870
3272 2 2 2 1 3341 1794 3905
3273 2 2 2 1 914 2337 4313
3274 2 2 2 1 1175 3717 3800
3275 2 2 2 1 1119 3320 4371
3276 2 2 2 1 3717 1984 3800
3277 2 2 2 1 607 2260 3312
3278 2 2 2 1 2897 2093 4668
3279 2 2 2 1 2630 923 3317
3280 2 2 2 1 3320 1930 4999
3281 2 2 2 1 2041 2537 4271
3282 2 2 2 1 2266 831 5560
3283 2 2 2 1 2274 1007 5025
3284 2 2 2 1 2149 1046 3163
3285 2 2 2 1 2095 1064 4783
3286 2 2 2 1 3520 1185 3775
3287 2 2 2 1 1010 2413 3189
3288 2 2 2 1 1251 2398 3100
3289 2 2 2 1 374 2248 4577
3290 2 2 2 1 569 2499 3986
3291 2 2 2 1 2135 1270 3214
3292 2 2 2 1 2429 1013 4728
3293 2 2 2 1 2985 2260 5678
3294 2 2 2 1 1001 2280 3711
3295 2 2 2 1 258 259 2850
3296 2 2 2 1 1733 2600 5218
3297 2 2 2 1 1501 2155 4953
3298 2 2 2 1 1992 2876 4350
3299 2 2 2 1 398 2327 3914
3300 2 2 2 1 1584 2232 5255
3301 2 2 2 1 393 2699 4967
3302 2 2 2 1 1161 2073 3740
3303 2 2 2 1 4127 1616 4601
3304 2 2 2 1 2473 1369 4093
3305 2 2 2 1 845 2985 5678
3306 2 2 2 1 2222 394 3109
3307 2 2 2 1 2098 561 4572
3308 2 2 2 1 4011 741 4708
3309 2 2 2 1 3765 1362 4590
3310 2 2 2 1 2466 1551 3164
3311 2 2 2 1 1442 2689 3870
3312 2 2 2 1 2810 2452 5893
3313 2 2 2 1 1523 2412 4757
3314 2 2 2 1 1091 3462 3471
3315 2 2 2 1 2349 860 3880
3316 2 2 2 1 1321 2245 4042
3317 2 2 2 1 1795 2675 5687
3318 2 2 2 1 20 21 2870
3319 2 2 2 1 1042 2222 3109
3320 2 2 2 1 543 2871 4658
3321 2 2 2 1 2736 671 4422
3322 2 2 2 1 880 2254 3012
3323 2 2 2 1 678 3341 3905
3324 2 2 2 1 1102 2435 5732
3325 2 2 2 1 2191 836 5333
3326 2 2 2 1 2993 1494 5124
3327 2 2 2 1 3371 1807 4525
3328 2 2 2 1 1683 2736 4422
3329 2 2 2 1 3195 1774 4453
3330 2 2 2 1 1516 2823 4243
3331 2 2 2 1 535 2162 3178
3332 2 2 2 1 3043 1181 3343
3333 2 2 2 1 2208 524 5197
3334 2 2 2 1 2252 268 3102
3335 2 2 2 1 312 2191 3126
3336 2 2 2 1 3679 1515 3748
3337 2 2 2 1 2303 480 3154
3338 2 2 2 1 1550 3425 3640
3339 2 2 2 1 1147 2574 2742
3340 2 2 2 1 2391 1060 3917
3341 2 2 2 1 544 2128 5899
3342 2 2 2 1 126 127 2532
3343 2 2 2 1 1007 2173 4971
3344 2 2 2 1 1667 3953 4975
3345 2 2 2 1 1772 2395 5427
3346 2 2 2 1 2522 3155 5524
3347 2 2 2 1 2908 1487 4402
3348 2 2 2 1 2574 700 2742
3349 2 2 2 1 618 2271 3521
3350 2 2 2 1 4090 952 5366
3351 2 2 2 1 1847 2440 5683
3352 2 2 2 1 3512 1129 4029
3353 2 2 2 1 1815 3447 4318
3354 2 2 2 1 780 2067 3955
3355 2 2 2 1 4121 1628 4954
3356 2 2 2 1 2286 387 2980
3357 2 2 2 1 2395 763 5427
3358 2 2 2 1 2271 1173 3521
3359 2 2 2 1 3153 553 5346
3360 2 2 2 1 2113 104 3375
3361 2 2 2 1 3760 1827 4150
3362 2 2 2 1 1100 2503 3383
3363 2 2 2 1 2297 136 3283
3364 2 2 2 1 3229 697 4599
3365 2 2 2 1 2168 333 4105
3366 2 2 2 1 2083 992 3549
3367 2 2 2 1 2342 764 5898
3368 2 2 2 1 1617 2138 4801
3369 2 2 2 1 761 2071 4645
3370 2 2 2 1 999 2478 3146
3371 2 2 2 1 2792 479 5440
3372 2 2 2 1 1000 3751 4140
3373 2 2 2 1 2045 4085 5193
3374 2 2 2 1 2625 519 3980
3375 2 2 2 1 740 3321 4471
3376 2 2 2 1 2478 999 4108
3377 2 2 2 1 178 179 2595
3378 2 2 2 1 982 2538 2746
3379 2 2 2 1 1004 2526 3974
3380 2 2 2 1 2815 871 5368
3381 2 2 2 1 2600 840 5317
3382 2 2 2 1 2197 850 5123
3383 2 2 2 1 267 2252 4347
3384 2 2 2 1 1197 2063 4264
3385 2 2 2 1 2070 711 3656
3386 2 2 2 1 518 2440 5620
3387 2 2 2 1 2514 1931 4484
3388 2 2 2 1 532 2445 3323
3389 2 2 2 1 2164 503 4934
3390 2 2 2 1 2001 3311 4364
3391 2 2 2 1 2127 1050 3469
3392 2 2 2 1 2268 1449 4661
3393 2 2 2 1 2259 1545 3032
3394 2 2 2 1 3311 1269 4364
3395 2 2 2 1 683 2483 3401
3396 2 2 2 1 1303 3215 3443
3397 2 2 2 1 564 2176 5680
3398 2 2 2 1 2606 1128 3297
3399 2 2 2 1 1940 2957 4442
3400 2 2 2 1 3215 1573 3443
3401 2 2 2 1 519 2625 4646
3402 2 2 2 1 3462 1656 3471
3403 2 2 2 1 3641 961 5094
3404 2 2 2 1 4216 725 4468
3405 2 2 2 1 649 3016 3529
3406 2 2 2 1 1989 2328 5800
3407 2 2 2 1 451 3043 4379
3408 2 2 2 1 2997 1057 4500
3409 2 2 2 1 2145 730 3701
3410 2 2 2 1 2836 4508 5000
3411 2 2 2 1 1197 2343 3849
3412 2 2 2 1 1147 2742 2820
3413 2 2 2 1 3043 1848 4379
3414 2 2 2 1 2719 2144 5867
3415 2 2 2 1 2809 1809 4662
3416 2 2 2 1 1840 2764 4128
3417 2 2 2 1 3005 543 4658
3418 2 2 2 1 478 2809 4662
3419 2 2 2 1 2521 2034 3637
3420 2 2 2 1 383 2452 2810
3421 2 2 2 1 2230 497 5275
3422 2 2 2 1 943 2743 2750
3423 2 2 2 1 99 2223 5229
3424 2 2 2 1 544 2105 3388
3425 2 2 2 1 2071 761 3897
3426 2 2 2 1 2267 4770 5505
3427 2 2 2 1 4770 900 5505
3428 2 2 2 1 546 2719 5867
3429 2 2 2 1 1093 3023 3224
3430 2 2 2 1 1669 2372 3744
3431 2 2 2 1 2742 1078 2820
3432 2 2 2 1 2743 1416 2750
3433 2 2 2 1 2159 882 3219
3434 2 2 2 1 2894 392 4575
3435 2 2 2 1 2076 962 4124
3436 2 2 2 1 2478 1160 3146
3437 2 2 2 1 988 2283 3769
3438 2 2 2 1 3023 1410 3224
3439 2 2 2 1 3000 1396 4294
3440 2 2 2 1 427 2074 4107
3441 2 2 2 1 2713 1082 3220
3442 2 2 2 1 2106 574 3987
3443 2 2 2 1 874 2144 3262
3444 2 2 2 1 1612 2713 3220
3445 2 2 2 1 429 2069 4085
3446 2 2 2 1 2595 927 4413
3447 2 2 2 1 3491 1692 5038
3448 2 2 2 1 2623 1164 3683
3449 2 2 2 1 314 313 2676
3450 2 2 2 1 1783 3000 4294
3451 2 2 2 1 4124 462 4208
3452 2 2 2 1 2262 506 3048
3453 2 2 2 1 2744 1777 3793
3454 2 2 2 1 2458 495 4634
3455 2 2 2 1 4013 2174 5392
3456 2 2 2 1 3540 420 5590
3457 2 2 2 1 2704 5101 5917
3458 2 2 2 1 485 2561 4940
3459 2 2 2 1 1213 2106 3987
3460 2 2 2 1 2152 1481 3244
3461 2 2 2 1 2782 1098 5038
3462 2 2 2 1 2485 1012 3147
3463 2 2 2 1 1174 2113 3375
3464 2 2 2 1 802 2121 4914
3465 2 2 2 1 2238 1471 4832
3466 2 2 2 1 4126 1960 4332
3467 2 2 2 1 616 3363 4543
3468 2 2 2 1 3200 1463 3757
3469 2 2 2 1 2226 987 3104
3470 2 2 2 1 397 2655 3090
3471 2 2 2 1 2223 100 4061
3472 2 2 2 1 2887 1404 3373
3473 2 2 2 1 2483 683 3866
3474 2 2 2 1 2503 370 4907
3475 2 2 2 1 1187 2887 3373
3476 2 2 2 1 819 2210 4685
3477 2 2 2 1 2743 595 3686
3478 2 2 2 1 712 4807 5912
3479 2 2 2 1 2093 657 4153
3480 2 2 2 1 1184 3231 3267
3481 2 2 2 1 1245 2093 4153
3482 2 2 2 1 1077 2433 3242
3483 2 2 2 1 2229 2062 5237
3484 2 2 2 1 542 3909 4864
3485 2 2 2 1 1021 2374 2911
3486 2 2 2 1 907 3290 5054
3487 2 2 2 1 955 2411 3590
3488 2 2 2 1 4257 1941 4773
3489 2 2 2 1 755 2075 3935
3490 2 2 2 1 2333 1282 3861
3491 2 2 2 1 421 2141 3926
3492 2 2 2 1 553 2333 3861
3493 2 2 2 1 1459 2161 4873
3494 2 2 2 1 400 2269 4666
3495 2 2 2 1 1307 2161 3256
3496 2 2 2 1 1235 2663 3976
3497 2 2 2 1 446 2253 4240
3498 2 2 2 1 281 2305 3020
3499 2 2 2 1 3168 3972 5919
3500 2 2 2 1 957 2951 3509
3501 2 2 2 1 4111 2086 5201
3502 2 2 2 1 3606 2096 4116
3503 2 2 2 1 1580 2544 5506
3504 2 2 2 1 2253 1356 4240
3505 2 2 2 1 4753 3007 4842
3506 2 2 2 1 3337 1844 3990
3507 2 2 2 1 4657 2136 5537
3508 2 2 2 1 2339 386 3467
3509 2 2 2 1 2148 864 4758
3510 2 2 2 1 1162 2475 3546
3511 2 2 2 1 3581 1828 5831
3512 2 2 2 1 3221 377 3797
3513 2 2 2 1 2107 894 3485
3514 2 2 2 1 2951 1478 3509
3515 2 2 2 1 1027 2210 3728
3516 2 2 2 1 2965 1885 4747
3517 2 2 2 1 2919 489 3267
3518 2 2 2 1 1767 4355 5535
3519 2 2 2 1 1679 2406 3615
3520 2 2 2 1 1573 2595 4413
3521 2 2 2 1 1218 3337 3990
3522 2 2 2 1 2406 425 3615
3523 2 2 2 1 3233 1362 3351
3524 2 2 2 1 1768 2881 4377
3525 2 2 2 1 596 3239 5206
3526 2 2 2 1 433 3509 4995
3527 2 2 2 1 1673 2720 3037
3528 2 2 2 1 1186 2141 3868
3529 2 2 2 1 2524 5532 5533
3530 2 2 2 1 1294 2350 2970
3531 2 2 2 1 3291 1127 3531
3532 2 2 2 1 1676 2270 5467
3533 2 2 2 1 2444 3784 5196
3534 2 2 2 1 2088 790 4114
3535 2 2 2 1 969 3524 3857
3536 2 2 2 1 857 2454 4411
3537 2 2 2 1 2522 226 3155
3538 2 2 2 1 4226 1762 4282
3539 2 2 2 1 535 2154 5716
3540 2 2 2 1 3567 1317 4613
3541 2 2 2 1 838 2455 4823
3542 2 2 2 1 424 3041 3996
3543 2 2 2 1 2295 157 3725
3544 2 2 2 1 2288 967 5586
3545 2 2 2 1 4594 1784 4792
3546 2 2 2 1 1847 4406 5399
3547 2 2 2 1 869 2585 3571
3548 2 2 2 1 2522 954 3875
3549 2 2 2 1 2196 513 3365
3550 2 2 2 1 3007 2167 4949
3551 2 2 2 1 2524 924 5532
3552 2 2 2 1 4502 1488 5872
3553 2 2 2 1 1397 2522 3875
3554 2 2 2 1 2085 537 4027
3555 2 2 2 1 915 2128 3393
3556 2 2 2 1 525 2322 3636
3557 2 2 2 1 793 2122 3833
3558 2 2 2 1 2110 1227 4054
3559 2 2 2 1 2582 2024 5641
3560 2 2 2 1 1644 2621 4606
3561 2 2 2 1 2084 1206 5305
3562 2 2 2 1 1124 2965 4747
3563 2 2 2 1 2461 71 4615
3564 2 2 2 1 2585 1316 3571
3565 2 2 2 1 4249 393 4967
3566 2 2 2 1 2508 394 3433
3567 2 2 2 1 3303 2029 4625
3568 2 2 2 1 1016 2614 4694
3569 2 2 2 1 3934 1093 4796
3570 2 2 2 1 4734 1937 5496
3571 2 2 2 1 2293 1099 3325
3572 2 2 2 1 570 3767 5536
3573 2 2 2 1 2224 84 5175
3574 2 2 2 1 2581 1014 4145
3575 2 2 2 1 1880 4745 5037
3576 2 2 2 1 3796 980 4717
3577 2 2 2 1 945 3984 5674
3578 2 2 2 1 5140 1651 5798
3579 2 2 2 1 1644 2256 5372
3580 2 2 2 1 208 209 3457
3581 2 2 2 1 1736 2279 5534
3582 2 2 2 1 4823 2455 5810
3583 2 2 2 1 1532 3959 4603
3584 2 2 2 1 2440 894 5683
3585 2 2 2 1 1013 2554 4728
3586 2 2 2 1 4736 1040 4901
3587 2 2 2 1 2488 802 3635
3588 2 2 2 1 2137 791 3824
3589 2 2 2 1 811 2096 4956
3590 2 2 2 1 2739 665 4373
3591 2 2 2 1 83 2224 3741
3592 2 2 2 1 808 2339 4687
3593 2 2 2 1 2492 55 4099
3594 2 2 2 1 976 2328 5720
3595 2 2 2 1 4261 1333 4501
3596 2 2 2 1 3576 1980 5376
3597 2 2 2 1 2097 533 3643
3598 2 2 2 1 790 2088 4192
3599 2 2 2 1 3577 1346 4072
3600 2 2 2 1 2119 789 3466
3601 2 2 2 1 2331 1543 3040
3602 2 2 2 1 1988 3577 4072
3603 2 2 2 1 3825 2887 5315
3604 2 2 2 1 617 2382 3801
3605 2 2 2 1 3075 1806 4846
3606 2 2 2 1 1288 2488 3635
3607 2 2 2 1 2161 1022 4873
3608 2 2 2 1 1014 2451 2862
3609 2 2 2 1 1602 3291 3531
3610 2 2 2 1 1107 2097 3643
3611 2 2 2 1 579 2331 3040
3612 2 2 2 1 947 2408 2915
3613 2 2 2 1 2279 1100 3326
3614 2 2 2 1 663 2207 5077
3615 2 2 2 1 290 2127 3469
3616 2 2 2 1 385 2347 4144
3617 2 2 2 1 2090 712 5842
3618 2 2 2 1 3751 1892 4140
3619 2 2 2 1 2541 987 4871
3620 2 2 2 1 1416 2743 3686
3621 2 2 2 1 3626 1823 5024
3622 2 2 2 1 2347 1370 4144
3623 2 2 2 1 3228 1213 4556
3624 2 2 2 1 957 2651 3737
3625 2 2 2 1 2918 1217 3331
3626 2 2 2 1 4180 2894 4575
3627 2 2 2 1 804 2179 3293
3628 2 2 2 1 3842 1921 4650
3629 2 2 2 1 2651 1874 3737
3630 2 2 2 1 4094 1991 4936
3631 2 2 2 1 2778 916 5398
3632 2 2 2 1 1677 2380 5327
3633 2 2 2 1 2309 3017 4895
3634 2 2 2 1 1447 3101 3264
3635 2 2 2 1 542 2250 3909
3636 2 2 2 1 3101 825 3264
3637 2 2 2 1 301 300 2770
3638 2 2 2 1 1099 2109 3588
3639 2 2 2 1 431 3478 4218
3640 2 2 2 1 2520 1165 3430
3641 2 2 2 1 2237 860 5252
3642 2 2 2 1 2113 844 5582
3643 2 2 2 1 1118 3319 4106
3644 2 2 2 1 2250 1249 3909
3645 2 2 2 1 279 278 2694
3646 2 2 2 1 1992 3232 5940
3647 2 2 2 1 404 2609 3292
3648 2 2 2 1 1566 2807 4394
3649 2 2 2 1 2414 628 3425
3650 2 2 2 1 256 2284 3076
3651 2 2 2 1 2599 899 5846
3652 2 2 2 1 1016 4694 5775
3653 2 2 2 1 3077 1432 3275
3654 2 2 2 1 2138 1401 3938
3655 2 2 2 1 59 60 2819
3656 2 2 2 1 2636 1309 2927
3657 2 2 2 1 3750 2664 5538
3658 2 2 2 1 2212 3805 5332
3659 2 2 2 1 838 2111 5142
3660 2 2 2 1 1357 2273 4245
3661 2 2 2 1 3396 446 5224
3662 2 2 2 1 204 2138 3938
3663 2 2 2 1 636 2188 3668
3664 2 2 2 1 351 4484 4825
3665 2 2 2 1 2273 361 4245
3666 2 2 2 1 2553 1194 3230
3667 2 2 2 1 2106 913 3671
3668 2 2 2 1 1026 2396 3236
3669 2 2 2 1 555 2553 3230
3670 2 2 2 1 632 2729 4534
3671 2 2 2 1 615 3077 3275
3672 2 2 2 1 2729 1679 4534
3673 2 2 2 1 1051 2185 4495
3674 2 2 2 1 2781 468 4525
3675 2 2 2 1 1365 2112 3535
3676 2 2 2 1 1970 4210 4988
3677 2 2 2 1 520 2424 2913
3678 2 2 2 1 1136 2098 4572
3679 2 2 2 1 2763 1343 3991
3680 2 2 2 1 2026 4011 4708
3681 2 2 2 1 836 2329 5711
3682 2 2 2 1 2369 412 4355
3683 2 2 2 1 1214 2163 3953
3684 2 2 2 1 1586 2485 4676
3685 2 2 2 1 2550 541 4170
3686 2 2 2 1 1039 2235 3353
3687 2 2 2 1 647 2654 3923
3688 2 2 2 1 2654 1460 3923
3689 2 2 2 1 4146 698 4175
3690 2 2 2 1 2684 395 3399
3691 2 2 2 1 389 2170 5738
3692 2 2 2 1 1667 3260 3953
3693 2 2 2 1 2553 930 2829
3694 2 2 2 1 1431 2369 4355
3695 2 2 2 1 601 2635 3594
3696 2 2 2 1 1194 2553 2829
3697 2 2 2 1 2096 811 4116
3698 2 2 2 1 3024 1952 4587
3699 2 2 2 1 2819 60 5294
3700 2 2 2 1 2176 838 4823
3701 2 2 2 1 371 2103 4742
3702 2 2 2 1 2836 1476 4508
3703 2 2 2 1 3356 1661 3587
3704 2 2 2 1 1335 3356 3587
3705 2 2 2 1 2991 1588 3812
3706 2 2 2 1 1349 2094 4049
3707 2 2 2 1 427 2991 3812
3708 2 2 2 1 2093 1245 3882
3709 2 2 2 1 1352 2093 4274
3710 2 2 2 1 2094 1697 5416
3711 2 2 2 1 1719 3478 5104
3712 2 2 2 1 416 2157 5058
3713 2 2 2 1 2449 1203 2900
3714 2 2 2 1 2221 453 4168
3715 2 2 2 1 1297 2221 4168
3716 2 2 2 1 1354 2416 4024
3717 2 2 2 1 4008 379 5222
3718 2 2 2 1 1096 3464 4340
3719 2 2 2 1 1717 2799 5557
3720 2 2 2 1 2868 925 4357
3721 2 2 2 1 2485 321 4676
3722 2 2 2 1 913 2106 4237
3723 2 2 2 1 873 2452 5420
3724 2 2 2 1 1290 2376 3848
3725 2 2 2 1 3045 3073 5026
3726 2 2 2 1 2376 465 3848
3727 2 2 2 1 404 3183 5918
3728 2 2 2 1 1283 2101 5090
3729 2 2 2 1 768 4904 5729
3730 2 2 2 1 2193 1936 4940
3731 2 2 2 1 1926 3289 5377
3732 2 2 2 1 2129 1337 4487
3733 2 2 2 1 2358 900 4770
3734 2 2 2 1 2416 384 4024
3735 2 2 2 1 2175 538 4806
3736 2 2 2 1 2319 2652 5714
3737 2 2 2 1 1330 2919 3267
3738 2 2 2 1 4256 3006 4674
3739 2 2 2 1 813 2221 3240
3740 2 2 2 1 2204 1046 3277
3741 2 2 2 1 2494 573 2951
3742 2 2 2 1 2911 1340 4561
3743 2 2 2 1 479 2349 5767
3744 2 2 2 1 323 322 3147
3745 2 2 2 1 1692 3491 5189
3746 2 2 2 1 5127 661 5871
3747 2 2 2 1 2677 1145 3338
3748 2 2 2 1 2341 888 5751
3749 2 2 2 1 1826 2868 4357
3750 2 2 2 1 2358 1022 4558
3751 2 2 2 1 411 3417 4101
3752 2 2 2 1 2269 400 5344
3753 2 2 2 1 3220 4883 5050
3754 2 2 2 1 2572 1595 4997
3755 2 2 2 1 812 2222 4391
3756 2 2 2 1 5498 3243 5594
3757 2 2 2 1 828 2238 3194
3758 2 2 2 1 3712 768 5729
3759 2 2 2 1 3590 1862 4636
3760 2 2 2 1 25 2134 3883
3761 2 2 2 1 1138 2301 3435
3762 2 2 2 1 690 2099 4002
3763 2 2 2 1 134 135 4515
3764 2 2 2 1 2437 1869 4504
3765 2 2 2 1 1093 3061 4796
3766 2 2 2 1 798 2251 3403
3767 2 2 2 1 3081 1085 4325
3768 2 2 2 1 1729 3512 4029
3769 2 2 2 1 2301 648 3435
3770 2 2 2 1 2349 1803 5767
3771 2 2 2 1 197 2217 3754
3772 2 2 2 1 2897 984 5321
3773 2 2 2 1 1793 2731 5098
3774 2 2 2 1 2408 684 5737
3775 2 2 2 1 1215 2295 3725
3776 2 2 2 1 789 2119 4321
3777 2 2 2 1 5562 2212 5608
3778 2 2 2 1 2103 824 4093
3779 2 2 2 1 2112 1365 5132
3780 2 2 2 1 39 40 2726
3781 2 2 2 1 1158 2184 3560
3782 2 2 2 1 2452 1769 5420
3783 2 2 2 1 2591 450 4463
3784 2 2 2 1 2101 823 4656
3785 2 2 2 1 2500 154 4706
3786 2 2 2 1 2804 1323 2806
3787 2 2 2 1 2544 1580 4815
3788 2 2 2 1 2207 862 5181
3789 2 2 2 1 2126 637 5468
3790 2 2 2 1 2020 3118 5682
3791 2 2 2 1 3472 1461 4229
3792 2 2 2 1 4669 593 5793
3793 2 2 2 1 315 2317 4741
3794 2 2 2 1 447 2119 4292
3795 2 2 2 1 549 2476 2901
3796 2 2 2 1 885 2242 4923
3797 2 2 2 1 3352 873 4860
3798 2 2 2 1 600 3055 5141
3799 2 2 2 1 2745 1098 2782
3800 2 2 2 1 936 2714 3455
3801 2 2 2 1 1242 3606 4116
3802 2 2 2 1 1150 2225 3601
3803 2 2 2 1 2225 546 3601
3804 2 2 2 1 2597 1283 3922
3805 2 2 2 1 2323 853 5850
3806 2 2 2 1 1489 4120 4409
3807 2 2 2 1 1117 2745 2782
3808 2 2 2 1 3168 1028 3972
3809 2 2 2 1 990 2804 2806
3810 2 2 2 1 2188 3352 4860
3811 2 2 2 1 3220 1082 4883
3812 2 2 2 1 313 312 3126
3813 2 2 2 1 1202 2403 3935
3814 2 2 2 1 681 3195 4453
3815 2 2 2 1 510 2360 5309
3816 2 2 2 1 2360 1674 5309
3817 2 2 2 1 2209 1432 4972
3818 2 2 2 1 984 4351 5321
3819 2 2 2 1 2930 1447 3550
3820 2 2 2 1 288 2640 4268
3821 2 2 2 1 2883 2270 5456
3822 2 2 2 1 2269 1111 3377
3823 2 2 2 1 875 2173 4723
3824 2 2 2 1 818 2282 4628
3825 2 2 2 1 2221 813 3771
3826 2 2 2 1 2238 828 3691
3827 2 2 2 1 2867 1061 5463
3828 2 2 2 1 2104 5084 5876
3829 2 2 2 1 1165 2520 2890
3830 2 2 2 1 1454 2546 4109
3831 2 2 2 1 806 2269 3377
3832 2 2 2 1 3495 2867 5463
3833 2 2 2 1 1866 3743 4135
3834 2 2 2 1 815 2299 5478
3835 2 2 2 1 3976 2663 4209
3836 2 2 2 1 2700 389 3025
3837 2 2 2 1 755 5039 5511
3838 2 2 2 1 579 2914 3214
3839 2 2 2 1 2316 3498 4666
3840 2 2 2 1 2167 517 3459
3841 2 2 2 1 1964 2432 4930
3842 2 2 2 1 1505 3079 3325
3843 2 2 2 1 3007 1006 4842
3844 2 2 2 1 4097 1977 5774
3845 2 2 2 1 277 4018 4119
3846 2 2 2 1 2544 3520 5506
3847 2 2 2 1 767 5069 5929
3848 2 2 2 1 2546 547 4109
3849 2 2 2 1 2647 5059 5264
3850 2 2 2 1 5580 2165 5718
3851 2 2 2 1 3079 839 3325
3852 2 2 2 1 1145 2677 2980
3853 2 2 2 1 305 304 2876
3854 2 2 2 1 2176 980 4715
3855 2 2 2 1 1173 3206 4181
3856 2 2 2 1 2584 503 4475
3857 2 2 2 1 948 2700 3357
3858 2 2 2 1 1329 2527 3151
3859 2 2 2 1 2128 915 4296
3860 2 2 2 1 762 4126 4332
3861 2 2 2 1 2113 1174 4045
3862 2 2 2 1 1041 2359 5813
3863 2 2 2 1 2703 682 5556
3864 2 2 2 1 2225 1150 5049
3865 2 2 2 1 3287 485 5337
3866 2 2 2 1 2453 954 2938
3867 2 2 2 1 691 2976 5211
3868 2 2 2 1 524 2930 3550
3869 2 2 2 1 844 2113 4045
3870 2 2 2 1 2690 1038 5673
3871 2 2 2 1 1018 2179 3438
3872 2 2 2 1 1405 2917 4226
3873 2 2 2 1 3767 1999 5536
3874 2 2 2 1 737 4263 4701
3875 2 2 2 1 2314 1033 3525
3876 2 2 2 1 2134 25 5210
3877 2 2 2 1 2412 1523 5136
3878 2 2 2 1 1439 4466 5639
3879 2 2 2 1 2179 1018 4731
3880 2 2 2 1 2417 834 4421
3881 2 2 2 1 72 73 2634
3882 2 2 2 1 332 2666 4105
3883 2 2 2 1 2918 612 2943
3884 2 2 2 1 10 11 3508
3885 2 2 2 1 2600 1733 5253
3886 2 2 2 1 2239 630 3419
3887 2 2 2 1 2355 1478 4656
3888 2 2 2 1 2500 1513 3559
3889 2 2 2 1 1217 2918 2943
3890 2 2 2 1 1358 2341 3152
3891 2 2 2 1 1621 2388 5388
3892 2 2 2 1 2078 2950 5112
3893 2 2 2 1 765 2757 4592
3894 2 2 2 1 2757 1699 4592
3895 2 2 2 1 449 2199 3618
3896 2 2 2 1 1338 2177 5023
3897 2 2 2 1 387 2981 3218
3898 2 2 2 1 3022 2117 4630
3899 2 2 2 1 1331 2171 5073
3900 2 2 2 1 2166 779 4420
3901 2 2 2 1 1009 5208 5900
3902 2 2 2 1 3296 2053 5183
3903 2 2 2 1 2188 636 5446
3904 2 2 2 1 3973 1642 4579
3905 2 2 2 1 1257 2604 5383
3906 2 2 2 1 2166 1095 3724
3907 2 2 2 1 2314 566 3625
3908 2 2 2 1 1934 3663 5648
3909 2 2 2 1 2666 1495 4105
3910 2 2 2 1 1680 2307 5510
3911 2 2 2 1 2307 947 5510
3912 2 2 2 1 445 2443 3608
3913 2 2 2 1 3548 386 4043
3914 2 2 2 1 1261 3216 3486
3915 2 2 2 1 940 2685 2777
3916 2 2 2 1 2808 937 5203
3917 2 2 2 1 2833 1539 4583
3918 2 2 2 1 1071 2940 3622
3919 2 2 2 1 1026 2604 4681
3920 2 2 2 1 2783 447 4994
3921 2 2 2 1 1179 2840 3171
3922 2 2 2 1 871 2156 3614
3923 2 2 2 1 2367 1114 3568
3924 2 2 2 1 1925 3548 4043
3925 2 2 2 1 2156 1122 3614
3926 2 2 2 1 350 2504 2903
3927 2 2 2 1 206 4401 4801
3928 2 2 2 1 1127 2613 4255
3929 2 2 2 1 2880 1256 3065
3930 2 2 2 1 2552 406 3080
3931 2 2 2 1 2961 1112 3139
3932 2 2 2 1 1313 2961 3139
3933 2 2 2 1 586 2880 3065
3934 2 2 2 1 2154 767 3952
3935 2 2 2 1 4000 2081 5291
3936 2 2 2 1 2235 862 4746
3937 2 2 2 1 3308 907 5054
3938 2 2 2 1 2284 257 3747
3939 2 2 2 1 2162 535 4582
3940 2 2 2 1 1933 2778 5398
3941 2 2 2 1 452 2287 3244
3942 2 2 2 1 463 2628 4710
3943 2 2 2 1 416 3099 3677
3944 2 2 2 1 2412 572 4757
3945 2 2 2 1 1027 2388 3786
3946 2 2 2 1 2811 1161 2813
3947 2 2 2 1 1063 2811 2813
3948 2 2 2 1 1817 3514 3811
3949 2 2 2 1 3514 556 3811
3950 2 2 2 1 1607 2503 4907
3951 2 2 2 1 2665 610 4412
3952 2 2 2 1 2921 1243 3026
3953 2 2 2 1 646 2972 2973
3954 2 2 2 1 1150 2921 3026
3955 2 2 2 1 3515 1794 5294
3956 2 2 2 1 2027 4254 5718
3957 2 2 2 1 396 2244 5295
3958 2 2 2 1 2386 1721 3778
3959 2 2 2 1 3539 772 4344
3960 2 2 2 1 1040 2885 4901
3961 2 2 2 1 2972 1255 2973
3962 2 2 2 1 2683 533 2828
3963 2 2 2 1 767 2163 3952
3964 2 2 2 1 1754 3711 4626
3965 2 2 2 1 2182 452 4690
3966 2 2 2 1 2608 968 2838
3967 2 2 2 1 1096 2683 2828
3968 2 2 2 1 1875 4125 5623
3969 2 2 2 1 1270 2135 3799
3970 2 2 2 1 4148 2308 5846
3971 2 2 2 1 3131 424 3261
3972 2 2 2 1 333 2168 5710
3973 2 2 2 1 199 200 4481
3974 2 2 2 1 122 123 4117
3975 2 2 2 1 288 6 2640
3976 2 2 2 1 149 150 2966
3977 2 2 2 1 1157 2936 2958
3978 2 2 2 1 1330 2518 2919
3979 2 2 2 1 3828 959 5095
3980 2 2 2 1 1045 2357 3209
3981 2 2 2 1 1036 2145 3701
3982 2 2 2 1 2936 1231 2958
3983 2 2 2 1 2879 1954 4349
3984 2 2 2 1 62 63 2688
3985 2 2 2 1 2372 1531 3744
3986 2 2 2 1 3832 1024 4089
3987 2 2 2 1 283 3481 4532
3988 2 2 2 1 2786 1200 3041
3989 2 2 2 1 1284 2447 3123
3990 2 2 2 1 2320 3619 5699
3991 2 2 2 1 2203 836 3436
3992 2 2 2 1 2281 1087 5920
3993 2 2 2 1 489 2187 4818
3994 2 2 2 1 2447 856 3123
3995 2 2 2 1 276 2132 4018
3996 2 2 2 1 1332 3011 3432
3997 2 2 2 1 2501 1591 3645
3998 2 2 2 1 950 2675 5507
3999 2 2 2 1 898 2345 3127
4000 2 2 2 1 442 3487 5875
4001 2 2 2 1 661 3362 5871
4002 2 2 2 1 1379 2501 3645
4003 2 2 2 1 1011 2382 3059
4004 2 2 2 1 1620 4377 5493
4005 2 2 2 1 3404 1974 5675
4006 2 2 2 1 1746 2523 3803
4007 2 2 2 1 1124 2493 3127
4008 2 2 2 1 1083 3158 4055
4009 2 2 2 1 962 4026 5804
4010 2 2 2 1 424 2786 3041
4011 2 2 2 1 1432 3131 3261
4012 2 2 2 1 1619 3791 3844
4013 2 2 2 1 2921 397 3090
4014 2 2 2 1 791 2137 4329
4015 2 2 2 1 2572 620 3781
4016 2 2 2 1 2493 898 3127
4017 2 2 2 1 1361 2572 3781
4018 2 2 2 1 821 2216 3398
4019 2 2 2 1 1556 2558 4744
4020 2 2 2 1 2460 139 4392
4021 2 2 2 1 2589 3961 4778
4022 2 2 2 1 337 3145 5824
4023 2 2 2 1 5509 1036 5530
4024 2 2 2 1 541 2550 3489
4025 2 2 2 1 2403 51 5519
4026 2 2 2 1 2850 1374 3747
4027 2 2 2 1 477 2288 5855
4028 2 2 2 1 3112 1022 5438
4029 2 2 2 1 1876 4146 4175
4030 2 2 2 1 2262 1002 5220
4031 2 2 2 1 2235 386 3353
4032 2 2 2 1 2731 939 5098
4033 2 2 2 1 1788 3553 4665
4034 2 2 2 1 3516 953 5184
4035 2 2 2 1 2213 2827 4202
4036 2 2 2 1 2301 1138 5424
4037 2 2 2 1 2141 1186 3926
4038 2 2 2 1 506 2262 5187
4039 2 2 2 1 389 2780 3025
4040 2 2 2 1 2187 817 3565
4041 2 2 2 1 2629 1072 2843
4042 2 2 2 1 1489 3279 4120
4043 2 2 2 1 2872 2273 5624
4044 2 2 2 1 767 2154 3718
4045 2 2 2 1 2154 1142 3718
4046 2 2 2 1 1036 2487 5530
4047 2 2 2 1 863 2143 3795
4048 2 2 2 1 2214 1075 4017
4049 2 2 2 1 1383 3006 4256
4050 2 2 2 1 914 2233 3426
4051 2 2 2 1 986 2376 3075
4052 2 2 2 1 2184 58 3560
4053 2 2 2 1 2145 1036 3820
4054 2 2 2 1 332 331 2666
4055 2 2 2 1 1806 3075 4222
4056 2 2 2 1 2137 3824 4814
4057 2 2 2 1 1360 2145 5869
4058 2 2 2 1 3891 559 4836
4059 2 2 2 1 1663 2620 5115
4060 2 2 2 1 1 9 4040
4061 2 2 2 1 272 1 4040
4062 2 2 2 1 96 97 2713
4063 2 2 2 1 172 2135 5109
4064 2 2 2 1 3844 1906 5280
4065 2 2 2 1 1021 2150 4658
4066 2 2 2 1 3868 723 4573
4067 2 2 2 1 2777 1578 5445
4068 2 2 2 1 443 2326 4207
4069 2 2 2 1 1050 2263 3469
4070 2 2 2 1 2132 815 4451
4071 2 2 2 1 823 2355 4656
4072 2 2 2 1 1194 2829 3295
4073 2 2 2 1 3043 3343 5373
4074 2 2 2 1 2439 1560 5004
4075 2 2 2 1 1014 2862 4145
4076 2 2 2 1 4511 1340 5710
4077 2 2 2 1 2326 1344 4207
4078 2 2 2 1 2402 1736 5534
4079 2 2 2 1 4544 1654 5809
4080 2 2 2 1 3544 2298 5796
4081 2 2 2 1 1706 4380 5599
4082 2 2 2 1 2331 3897 5672
4083 2 2 2 1 2101 2597 4937
4084 2 2 2 1 277 276 4018
4085 2 2 2 1 4940 2561 5807
4086 2 2 2 1 2168 4511 5710
4087 2 2 2 1 3412 401 5264
4088 2 2 2 1 3455 985 5763
4089 2 2 2 1 2805 1821 3836
4090 2 2 2 1 4719 2036 4898
4091 2 2 2 1 1106 3660 4102
4092 2 2 2 1 1271 2759 3550
4093 2 2 2 1 2536 372 5246
4094 2 2 2 1 1761 2536 5246
4095 2 2 2 1 2260 1031 3312
4096 2 2 2 1 1733 2992 5204
4097 2 2 2 1 2050 3396 5224
4098 2 2 2 1 609 3112 3933
4099 2 2 2 1 841 2402 5534
4100 2 2 2 1 2505 996 2954
4101 2 2 2 1 1040 2350 3651
4102 2 2 2 1 1095 2166 4420
4103 2 2 2 1 2661 1414 3873
4104 2 2 2 1 2937 324 2987
4105 2 2 2 1 580 2661 3873
4106 2 2 2 1 2272 366 3662
4107 2 2 2 1 2213 1945 4829
4108 2 2 2 1 2882 2369 4552
4109 2 2 2 1 2624 1685 5572
4110 2 2 2 1 114 3093 4752
4111 2 2 2 1 866 2480 5241
4112 2 2 2 1 1101 2773 2774
4113 2 2 2 1 212 213 2801
4114 2 2 2 1 2480 1718 5241
4115 2 2 2 1 2241 1339 4386
4116 2 2 2 1 1866 2428 4220
4117 2 2 2 1 2755 411 5546
4118 2 2 2 1 1324 3318 3575
4119 2 2 2 1 4116 2333 4122
4120 2 2 2 1 2157 1455 4351
4121 2 2 2 1 423 2910 4241
4122 2 2 2 1 3660 1994 4102
4123 2 2 2 1 1942 3539 4344
4124 2 2 2 1 511 2166 3724
4125 2 2 2 1 36 3108 4206
4126 2 2 2 1 1749 2701 4722
4127 2 2 2 1 2773 1103 2774
4128 2 2 2 1 1182 3233 5481
4129 2 2 2 1 541 2768 4170
4130 2 2 2 1 3215 1303 3282
4131 2 2 2 1 3814 1324 5369
4132 2 2 2 1 2754 1306 3720
4133 2 2 2 1 3008 547 4075
4134 2 2 2 1 1000 3382 4112
4135 2 2 2 1 2660 750 3166
4136 2 2 2 1 3097 1096 4340
4137 2 2 2 1 2166 511 4840
4138 2 2 2 1 2531 363 5835
4139 2 2 2 1 2657 3198 5554
4140 2 2 2 1 2158 867 4174
4141 2 2 2 1 2282 1610 5262
4142 2 2 2 1 2149 1499 3928
4143 2 2 2 1 2482 988 3769
4144 2 2 2 1 200 3670 4481
4145 2 2 2 1 1063 5324 5595
4146 2 2 2 1 3314 434 4356
4147 2 2 2 1 1595 2572 5120
4148 2 2 2 1 3824 1192 4814
4149 2 2 2 1 1012 2209 4972
4150 2 2 2 1 2824 419 4958
4151 2 2 2 1 449 2421 3631
4152 2 2 2 1 2332 448 4041
4153 2 2 2 1 972 4576 5857
4154 2 2 2 1 3743 1268 4135
4155 2 2 2 1 1856 2824 4958
4156 2 2 2 1 1282 2332 4041
4157 2 2 2 1 282 281 3020
4158 2 2 2 1 367 3208 5032
4159 2 2 2 1 2294 1722 5331
4160 2 2 2 1 2903 1492 4329
4161 2 2 2 1 2702 1368 4812
4162 2 2 2 1 653 2954 4461
4163 2 2 2 1 4382 1698 5555
4164 2 2 2 1 2385 1614 3385
4165 2 2 2 1 3208 2122 5032
4166 2 2 2 1 468 2781 5558
4167 2 2 2 1 325 324 2937
4168 2 2 2 1 1485 2914 3979
4169 2 2 2 1 2307 392 3257
4170 2 2 2 1 2974 2824 5354
4171 2 2 2 1 2446 548 3372
4172 2 2 2 1 48 49 3277
4173 2 2 2 1 1833 3638 5607
4174 2 2 2 1 615 3167 5381
4175 2 2 2 1 2170 948 4974
4176 2 2 2 1 749 4726 4969
4177 2 2 2 1 3639 1737 5551
4178 2 2 2 1 2357 605 3152
4179 2 2 2 1 560 2784 3119
4180 2 2 2 1 3167 4316 5381
4181 2 2 2 1 2251 557 5788
4182 2 2 2 1 1299 4123 4242
4183 2 2 2 1 1060 2391 5816
4184 2 2 2 1 2223 1223 4071
4185 2 2 2 1 2161 1307 4194
4186 2 2 2 1 876 2264 3347
4187 2 2 2 1 2784 1252 3119
4188 2 2 2 1 4512 1972 5749
4189 2 2 2 1 2515 338 4743
4190 2 2 2 1 3512 527 4419
4191 2 2 2 1 1590 2515 4743
4192 2 2 2 1 377 2330 3584
4193 2 2 2 1 2217 1191 3754
4194 2 2 2 1 2718 1851 5895
4195 2 2 2 1 2371 1040 3651
4196 2 2 2 1 2845 1180 3107
4197 2 2 2 1 291 290 3469
4198 2 2 2 1 1240 2845 3107
4199 2 2 2 1 541 4794 5319
4200 2 2 2 1 155 156 2808
4201 2 2 2 1 1631 2491 2999
4202 2 2 2 1 2287 1061 4680
4203 2 2 2 1 937 2295 3817
4204 2 2 2 1 567 3211 4747
4205 2 2 2 1 313 3126 5389
4206 2 2 2 1 2295 1215 3817
4207 2 2 2 1 4867 754 5284
4208 2 2 2 1 3042 454 5116
4209 2 2 2 1 934 2446 5502
4210 2 2 2 1 2163 1214 3952
4211 2 2 2 1 773 2291 4960
4212 2 2 2 1 2831 1623 3300
4213 2 2 2 1 1324 3575 5369
4214 2 2 2 1 1180 2693 4836
4215 2 2 2 1 3250 876 4073
4216 2 2 2 1 2693 1712 4836
4217 2 2 2 1 386 2235 3467
4218 2 2 2 1 2192 1157 5361
4219 2 2 2 1 2720 958 3037
4220 2 2 2 1 528 3124 4354
4221 2 2 2 1 932 3950 5859
4222 2 2 2 1 811 2333 4116
4223 2 2 2 1 1224 2253 3396
4224 2 2 2 1 3124 1802 4354
4225 2 2 2 1 2647 921 5059
4226 2 2 2 1 1472 4412 5470
4227 2 2 2 1 3570 2088 4476
4228 2 2 2 1 792 2167 4695
4229 2 2 2 1 2227 514 3524
4230 2 2 2 1 1501 3095 4458
4231 2 2 2 1 2844 1054 4767
4232 2 2 2 1 722 2818 3228
4233 2 2 2 1 368 3570 4476
4234 2 2 2 1 1400 2967 5529
4235 2 2 2 1 1059 2289 4100
4236 2 2 2 1 779 2166 4030
4237 2 2 2 1 2459 934 5502
4238 2 2 2 1 1894 2709 4733
4239 2 2 2 1 2457 1860 4529
4240 2 2 2 1 814 2182 5302
4241 2 2 2 1 789 3191 3466
4242 2 2 2 1 880 2198 5744
4243 2 2 2 1 3481 1915 4532
4244 2 2 2 1 298 297 4156
4245 2 2 2 1 3191 1510 3466
4246 2 2 2 1 847 3205 4494
4247 2 2 2 1 2628 4565 4710
4248 2 2 2 1 3541 554 4610
4249 2 2 2 1 4085 1275 5193
4250 2 2 2 1 2801 1389 4673
4251 2 2 2 1 999 2465 4156
4252 2 2 2 1 3483 1678 4423
4253 2 2 2 1 2339 808 5589
4254 2 2 2 1 521 3544 5796
4255 2 2 2 1 3125 1334 3753
4256 2 2 2 1 1368 2301 3306
4257 2 2 2 1 318 317 2909
4258 2 2 2 1 1132 3261 3996
4259 2 2 2 1 2763 1175 3159
4260 2 2 2 1 1343 2763 3159
4261 2 2 2 1 1456 3510 3603
4262 2 2 2 1 1032 3014 4173
4263 2 2 2 1 546 3338 3601
4264 2 2 2 1 2440 518 4749
4265 2 2 2 1 3338 1620 3601
4266 2 2 2 1 485 3287 5234
4267 2 2 2 1 2511 806 5167
4268 2 2 2 1 986 3075 4846
4269 2 2 2 1 2926 978 5392
4270 2 2 2 1 2377 1072 5011
4271 2 2 2 1 418 2212 5332
4272 2 2 2 1 4055 3158 5904
4273 2 2 2 1 1702 2511 5167
4274 2 2 2 1 2848 1930 4345
4275 2 2 2 1 892 2184 3785
4276 2 2 2 1 2345 898 3391
4277 2 2 2 1 4412 1789 5470
4278 2 2 2 1 1486 2461 4615
4279 2 2 2 1 741 2316 4708
4280 2 2 2 1 2174 2926 5392
4281 2 2 2 1 88 2554 4935
4282 2 2 2 1 2400 1785 4224
4283 2 2 2 1 2259 4097 5774
4284 2 2 2 1 3497 567 4747
4285 2 2 2 1 2552 3305 4019
4286 2 2 2 1 2206 815 3689
4287 2 2 2 1 2171 1267 3982
4288 2 2 2 1 1065 2884 4185
4289 2 2 2 1 2173 342 5380
4290 2 2 2 1 2184 1158 3785
4291 2 2 2 1 2303 981 3317
4292 2 2 2 1 2587 1856 5925
4293 2 2 2 1 1433 3435 4125
4294 2 2 2 1 1267 2171 5238
4295 2 2 2 1 983 2414 3425
4296 2 2 2 1 2183 403 3792
4297 2 2 2 1 142 143 3148
4298 2 2 2 1 899 4148 5846
4299 2 2 2 1 2316 1464 4708
4300 2 2 2 1 2216 821 3605
4301 2 2 2 1 1545 2259 5070
4302 2 2 2 1 1359 2277 4471
4303 2 2 2 1 4213 1400 5529
4304 2 2 2 1 2942 877 4402
4305 2 2 2 1 2357 888 3209
4306 2 2 2 1 1809 2809 2928
4307 2 2 2 1 3879 2151 5500
4308 2 2 2 1 514 4102 4933
4309 2 2 2 1 1048 2187 3759
4310 2 2 2 1 2654 835 4627
4311 2 2 2 1 3628 2755 5546
4312 2 2 2 1 2266 340 5934
4313 2 2 2 1 3118 1049 5308
4314 2 2 2 1 1433 3054 3435
4315 2 2 2 1 2210 1027 4685
4316 2 2 2 1 370 2237 4907
4317 2 2 2 1 3027 973 3924
4318 2 2 2 1 2916 1120 4011
4319 2 2 2 1 865 3506 3818
4320 2 2 2 1 2780 1044 3025
4321 2 2 2 1 1247 2834 3281
4322 2 2 2 1 1807 3346 4899
4323 2 2 2 1 2604 1026 3236
4324 2 2 2 1 453 2221 3609
4325 2 2 2 1 2854 1108 3268
4326 2 2 2 1 2737 631 3452
4327 2 2 2 1 1072 5221 5483
4328 2 2 2 1 2251 798 4977
4329 2 2 2 1 1596 3027 3924
4330 2 2 2 1 2311 841 3326
4331 2 2 2 1 86 87 2738
4332 2 2 2 1 1395 2737 3452
4333 2 2 2 1 3506 1776 3818
4334 2 2 2 1 3021 228 4644
4335 2 2 2 1 2265 3455 5763
4336 2 2 2 1 2620 1198 3496
4337 2 2 2 1 2190 459 3798
4338 2 2 2 1 4519 1964 5298
4339 2 2 2 1 567 2206 4137
4340 2 2 2 1 2190 2635 4021
4341 2 2 2 1 1959 3641 5094
4342 2 2 2 1 2477 1468 4415
4343 2 2 2 1 2583 1724 3372
4344 2 2 2 1 1351 2492 4099
4345 2 2 2 1 797 2229 4777
4346 2 2 2 1 774 2477 4415
4347 2 2 2 1 3314 1109 3408
4348 2 2 2 1 264 265 3451
4349 2 2 2 1 2276 1057 3397
4350 2 2 2 1 1393 2183 4037
4351 2 2 2 1 2215 930 4678
4352 2 2 2 1 2402 841 4718
4353 2 2 2 1 162 163 3320
4354 2 2 2 1 3003 1023 4279
4355 2 2 2 1 2085 2324 5542
4356 2 2 2 1 2242 1043 4923
4357 2 2 2 1 292 291 3641
4358 2 2 2 1 1386 2877 4510
4359 2 2 2 1 1285 2234 5609
4360 2 2 2 1 2232 1584 5802
4361 2 2 2 1 398 2636 2927
4362 2 2 2 1 459 2190 4362
4363 2 2 2 1 502 5622 5658
4364 2 2 2 1 2190 1287 4362
4365 2 2 2 1 2585 869 5432
4366 2 2 2 1 2085 4027 5336
4367 2 2 2 1 2749 910 5470
4368 2 2 2 1 788 2196 3805
4369 2 2 2 1 1879 2816 4256
4370 2 2 2 1 1129 2365 3465
4371 2 2 2 1 2906 718 4219
4372 2 2 2 1 1047 2632 3809
4373 2 2 2 1 1627 2906 4219
4374 2 2 2 1 848 3822 5489
4375 2 2 2 1 441 2570 4945
4376 2 2 2 1 1716 2600 5317
4377 2 2 2 1 2258 539 3499
4378 2 2 2 1 5608 2806 5634
4379 2 2 2 1 3416 1159 4852
4380 2 2 2 1 102 103 3384
4381 2 2 2 1 1111 2269 5344
4382 2 2 2 1 1277 3183 3292
4383 2 2 2 1 2304 561 3596
4384 2 2 2 1 3865 1332 4697
4385 2 2 2 1 2570 1657 4945
4386 2 2 2 1 298 2465 3517
4387 2 2 2 1 2570 1053 3254
4388 2 2 2 1 2312 1067 4035
4389 2 2 2 1 5160 3096 5679
4390 2 2 2 1 576 3023 3934
4391 2 2 2 1 1635 2377 5941
4392 2 2 2 1 772 3539 5937
4393 2 2 2 1 4279 1023 5170
4394 2 2 2 1 1964 4930 5433
4395 2 2 2 1 4814 1836 5015
4396 2 2 2 1 2401 883 3158
4397 2 2 2 1 2205 528 4115
4398 2 2 2 1 1723 4123 4397
4399 2 2 2 1 3909 1839 4864
4400 2 2 2 1 2545 500 4952
4401 2 2 2 1 228 229 4644
4402 2 2 2 1 2159 3219 5194
4403 2 2 2 1 2546 2207 4196
4404 2 2 2 1 3359 2484 4188
4405 2 2 2 1 668 2705 4916
4406 2 2 2 1 3418 1770 3940
4407 2 2 2 1 1055 3418 3940
4408 2 2 2 1 2799 1717 4909
4409 2 2 2 1 3342 369 4951
4410 2 2 2 1 2142 3342 4951
4411 2 2 2 1 1315 3555 3574
4412 2 2 2 1 2898 755 5511
4413 2 2 2 1 990 2806 5608
4414 2 2 2 1 1961 4925 5450
4415 2 2 2 1 1482 2551 3114
4416 2 2 2 1 2231 927 4783
4417 2 2 2 1 2559 993 2998
4418 2 2 2 1 382 2242 3567
4419 2 2 2 1 4075 547 4196
4420 2 2 2 1 322 2485 3147
4421 2 2 2 1 2229 2901 4777
4422 2 2 2 1 863 2351 4020
4423 2 2 2 1 2811 1063 5595
4424 2 2 2 1 1634 2378 5747
4425 2 2 2 1 3917 1858 4215
4426 2 2 2 1 28 29 2816
4427 2 2 2 1 1654 3940 5809
4428 2 2 2 1 1219 2188 4860
4429 2 2 2 1 4714 398 5031
4430 2 2 2 1 3120 1102 5210
4431 2 2 2 1 2351 336 4424
4432 2 2 2 1 3333 2070 5799
4433 2 2 2 1 2246 1134 5512
4434 2 2 2 1 2748 1230 4938
4435 2 2 2 1 1086 3208 3659
4436 2 2 2 1 1917 2499 3420
4437 2 2 2 1 4185 399 4524
4438 2 2 2 1 2217 857 3901
4439 2 2 2 1 2271 901 3965
4440 2 2 2 1 1191 2217 3901
4441 2 2 2 1 2672 1504 3611
4442 2 2 2 1 279 2694 3893
4443 2 2 2 1 2771 1202 3956
4444 2 2 2 1 2577 1334 3803
4445 2 2 2 1 2279 3326 5534
4446 2 2 2 1 2604 3236 5383
4447 2 2 2 1 3806 1912 5098
4448 2 2 2 1 603 2577 3803
4449 2 2 2 1 791 2205 3824
4450 2 2 2 1 2384 1073 3334
4451 2 2 2 1 844 2213 4202
4452 2 2 2 1 2593 970 2983
4453 2 2 2 1 2536 1230 3038
4454 2 2 2 1 54 2492 3170
4455 2 2 2 1 2732 1983 4375
4456 2 2 2 1 2768 1545 4170
4457 2 2 2 1 1142 2224 3718
4458 2 2 2 1 2200 1265 4278
4459 2 2 2 1 5021 1158 5619
4460 2 2 2 1 975 2561 3015
4461 2 2 2 1 2242 885 5508
4462 2 2 2 1 1234 2675 3062
4463 2 2 2 1 2675 950 3062
4464 2 2 2 1 2430 1045 3150
4465 2 2 2 1 1168 2243 5907
4466 2 2 2 1 2224 1142 3741
4467 2 2 2 1 828 2383 3691
4468 2 2 2 1 4102 514 5169
4469 2 2 2 1 1316 2543 3571
4470 2 2 2 1 816 2275 4060
4471 2 2 2 1 1293 3332 3556
4472 2 2 2 1 2202 822 3988
4473 2 2 2 1 3980 519 5340
4474 2 2 2 1 2743 943 5298
4475 2 2 2 1 1513 2500 4706
4476 2 2 2 1 1998 2743 5298
4477 2 2 2 1 3332 1581 3556
4478 2 2 2 1 359 3114 4983
4479 2 2 2 1 2252 1335 4347
4480 2 2 2 1 2859 1530 4879
4481 2 2 2 1 3114 2015 4983
4482 2 2 2 1 3003 1394 4920
4483 2 2 2 1 436 2289 3460
4484 2 2 2 1 3786 627 5304
4485 2 2 2 1 1143 2852 2929
4486 2 2 2 1 1053 2570 5516
4487 2 2 2 1 1234 3062 3514
4488 2 2 2 1 1052 2637 3237
4489 2 2 2 1 1259 2972 3310
4490 2 2 2 1 1560 2439 5272
4491 2 2 2 1 1423 2660 3370
4492 2 2 2 1 399 3139 4524
4493 2 2 2 1 2275 816 5008
4494 2 2 2 1 1125 2316 5256
4495 2 2 2 1 1817 2515 4701
4496 2 2 2 1 2275 1248 4060
4497 2 2 2 1 1267 2885 2896
4498 2 2 2 1 2356 448 3820
4499 2 2 2 1 1890 3796 4717
4500 2 2 2 1 2370 1435 3927
4501 2 2 2 1 1524 2286 5096
4502 2 2 2 1 3476 1173 4181
4503 2 2 2 1 576 3934 5137
4504 2 2 2 1 1074 2519 3966
4505 2 2 2 1 3539 2219 5937
4506 2 2 2 1 2413 571 3189
4507 2 2 2 1 3451 1661 4991
4508 2 2 2 1 951 2753 2886
4509 2 2 2 1 1486 2634 3492
4510 2 2 2 1 1063 2813 4249
4511 2 2 2 1 2336 1507 5043
4512 2 2 2 1 2885 1040 2896
4513 2 2 2 1 2252 849 4449
4514 2 2 2 1 2103 3732 4393
4515 2 2 2 1 1335 2252 4449
4516 2 2 2 1 2204 49 5662
4517 2 2 2 1 2291 1671 5636
4518 2 2 2 1 32 33 2741
4519 2 2 2 1 4312 746 4480
4520 2 2 2 1 3732 965 4393
4521 2 2 2 1 1067 2312 5553
4522 2 2 2 1 1269 2884 2976
4523 2 2 2 1 2697 1293 3556
4524 2 2 2 1 4456 988 5196
4525 2 2 2 1 480 2303 5182
4526 2 2 2 1 2370 621 4595
4527 2 2 2 1 1054 3166 4767
4528 2 2 2 1 1435 2370 4595
4529 2 2 2 1 594 2697 3556
4530 2 2 2 1 1080 2294 3583
4531 2 2 2 1 994 2337 3351
4532 2 2 2 1 2470 445 4261
4533 2 2 2 1 1498 4525 4899
4534 2 2 2 1 4241 2910 5813
4535 2 2 2 1 2957 1940 5544
4536 2 2 2 1 1746 2526 4306
4537 2 2 2 1 703 3177 3645
4538 2 2 2 1 1134 2246 3808
4539 2 2 2 1 488 2310 3440
4540 2 2 2 1 2396 508 3236
4541 2 2 2 1 3071 1372 4349
4542 2 2 2 1 2330 2105 5339
4543 2 2 2 1 2291 2646 4960
4544 2 2 2 1 1503 2247 4159
4545 2 2 2 1 2247 68 4159
4546 2 2 2 1 2248 1735 4820
4547 2 2 2 1 728 2489 4049
4548 2 2 2 1 2489 1349 4049
4549 2 2 2 1 495 4050 4634
4550 2 2 2 1 498 3022 4630
4551 2 2 2 1 514 2227 3828
4552 2 2 2 1 336 2378 4424
4553 2 2 2 1 2332 1282 5360
4554 2 2 2 1 1282 2333 5360
4555 2 2 2 1 409 2420 5849
4556 2 2 2 1 2950 766 5081
4557 2 2 2 1 394 2622 4140
4558 2 2 2 1 811 2332 5360
4559 2 2 2 1 2333 811 5360
4560 2 2 2 1 2950 2035 5398
4561 2 2 2 1 446 2753 5224
4562 2 2 2 1 2696 1808 3957
4563 2 2 2 1 916 2950 5398
4564 2 2 2 1 851 2439 5004
4565 2 2 2 1 1387 2383 4388
4566 2 2 2 1 1471 2238 5818
4567 2 2 2 1 2394 396 5295
4568 2 2 2 1 2383 577 4388
4569 2 2 2 1 732 2336 3383
4570 2 2 2 1 1794 2819 5294
4571 2 2 2 1 1298 3611 3707
4572 2 2 2 1 1928 4059 5357
4573 2 2 2 1 827 2466 3164
4574 2 2 2 1 2865 977 3318
4575 2 2 2 1 1310 2994 3839
4576 2 2 2 1 2915 2408 5737
4577 2 2 2 1 114 115 3093
4578 2 2 2 1 835 2297 4627
4579 2 2 2 1 1324 2865 3318
4580 2 2 2 1 3626 1296 4152
4581 2 2 2 1 3478 2005 5104
4582 2 2 2 1 2838 3223 5192
4583 2 2 2 1 1763 5562 5608
4584 2 2 2 1 398 2927 5031
4585 2 2 2 1 2959 1636 5145
4586 2 2 2 1 2832 1183 3637
4587 2 2 2 1 3070 1313 5843
4588 2 2 2 1 1708 2375 5659
4589 2 2 2 1 94 95 3171
4590 2 2 2 1 4552 1593 5269
4591 2 2 2 1 1207 2688 3222
4592 2 2 2 1 2688 1420 3222
4593 2 2 2 1 2750 497 5106
4594 2 2 2 1 2292 3070 5843
4595 2 2 2 1 1445 4719 4898
4596 2 2 2 1 1469 2272 4635
4597 2 2 2 1 393 2749 3597
4598 2 2 2 1 548 2583 3372
4599 2 2 2 1 3401 1004 3974
4600 2 2 2 1 2757 765 3032
4601 2 2 2 1 2943 1260 3349
4602 2 2 2 1 2222 1042 4391
4603 2 2 2 1 2534 1067 3406
4604 2 2 2 1 887 3091 4905
4605 2 2 2 1 522 2472 4435
4606 2 2 2 1 2360 3225 4200
4607 2 2 2 1 418 3315 3604
4608 2 2 2 1 1649 2821 4398
4609 2 2 2 1 2589 871 3961
4610 2 2 2 1 2344 245 3991
4611 2 2 2 1 3089 1853 4959
4612 2 2 2 1 3091 1955 4905
4613 2 2 2 1 1332 3432 4697
4614 2 2 2 1 2984 889 3657
4615 2 2 2 1 2399 892 4541
4616 2 2 2 1 1161 2413 3239
4617 2 2 2 1 3071 4349 4633
4618 2 2 2 1 2843 1072 5483
4619 2 2 2 1 352 2953 5111
4620 2 2 2 1 1151 2851 3676
4621 2 2 2 1 2217 197 5517
4622 2 2 2 1 1747 2984 3657
4623 2 2 2 1 748 2557 4633
4624 2 2 2 1 3315 1574 3604
4625 2 2 2 1 620 2572 4997
4626 2 2 2 1 5109 2135 5931
4627 2 2 2 1 529 2704 5550
4628 2 2 2 1 2704 1902 5550
4629 2 2 2 1 2849 1937 4734
4630 2 2 2 1 394 2222 4172
4631 2 2 2 1 2277 1359 3650
4632 2 2 2 1 1223 2223 4061
4633 2 2 2 1 1066 2345 3391
4634 2 2 2 1 272 4040 4761
4635 2 2 2 1 2675 499 5687
4636 2 2 2 1 2226 336 4307
4637 2 2 2 1 4318 987 5405
4638 2 2 2 1 3009 1378 5652
4639 2 2 2 1 2306 1068 5768
4640 2 2 2 1 581 3085 3874
4641 2 2 2 1 3387 895 5602
4642 2 2 2 1 1742 4435 5821
4643 2 2 2 1 2978 469 4300
4644 2 2 2 1 338 2337 5614
4645 2 2 2 1 3132 1645 5406
4646 2 2 2 1 3011 756 3432
4647 2 2 2 1 2245 1321 4448
4648 2 2 2 1 2420 1272 3235
4649 2 2 2 1 2302 1458 4167
4650 2 2 2 1 1776 4604 4765
4651 2 2 2 1 3753 1334 4080
4652 2 2 2 1 270 2302 4167
4653 2 2 2 1 2121 4102 5169
4654 2 2 2 1 1307 3256 5227
4655 2 2 2 1 1515 2697 3748
4656 2 2 2 1 2247 1503 3746
4657 2 2 2 1 1717 3363 5789
4658 2 2 2 1 1511 2233 4985
4659 2 2 2 1 1977 3583 5774
4660 2 2 2 1 1073 2384 4047
4661 2 2 2 1 3326 841 5534
4662 2 2 2 1 36 37 3108
4663 2 2 2 1 2674 1299 4242
4664 2 2 2 1 2499 569 3420
4665 2 2 2 1 1048 2552 3080
4666 2 2 2 1 2565 2084 3763
4667 2 2 2 1 3533 500 5500
4668 2 2 2 1 2623 3683 4454
4669 2 2 2 1 1057 2607 5232
4670 2 2 2 1 2820 1078 5927
4671 2 2 2 1 1072 2377 4230
4672 2 2 2 1 2269 806 4877
4673 2 2 2 1 1139 4711 4872
4674 2 2 2 1 1418 3010 5454
4675 2 2 2 1 859 2314 3525
4676 2 2 2 1 768 2947 4904
4677 2 2 2 1 3156 1922 4528
4678 2 2 2 1 1773 2230 5823
4679 2 2 2 1 3356 2547 4991
4680 2 2 2 1 2576 1060 5816
4681 2 2 2 1 2955 1280 3111
4682 2 2 2 1 1385 3276 4078
4683 2 2 2 1 1926 2364 5482
4684 2 2 2 1 2250 790 4038
4685 2 2 2 1 2800 2128 4296
4686 2 2 2 1 2265 370 4830
4687 2 2 2 1 563 2579 4169
4688 2 2 2 1 1339 2241 4542
4689 2 2 2 1 847 4494 5578
4690 2 2 2 1 1315 2971 3555
4691 2 2 2 1 2241 598 4542
4692 2 2 2 1 1055 2669 5015
4693 2 2 2 1 3326 1100 3369
4694 2 2 2 1 251 252 2775
4695 2 2 2 1 2662 964 4323
4696 2 2 2 1 1426 3086 4110
4697 2 2 2 1 3185 619 5005
4698 2 2 2 1 2243 1168 4186
4699 2 2 2 1 3380 1421 4738
4700 2 2 2 1 2676 1412 3998
4701 2 2 2 1 314 2676 3998
4702 2 2 2 1 992 2846 5296
4703 2 2 2 1 2351 863 5061
4704 2 2 2 1 2240 24 3883
4705 2 2 2 1 1870 3607 5326
4706 2 2 2 1 3960 2354 4491
4707 2 2 2 1 2364 169 5482
4708 2 2 2 1 2564 1087 3223
4709 2 2 2 1 595 2745 3967
4710 2 2 2 1 3564 696 5297
4711 2 2 2 1 867 2384 3334
4712 2 2 2 1 705 2671 3003
4713 2 2 2 1 205 206 4801
4714 2 2 2 1 2616 780 5404
4715 2 2 2 1 3300 829 5671
4716 2 2 2 1 1387 4385 4554
4717 2 2 2 1 598 2241 3886
4718 2 2 2 1 602 2236 4359
4719 2 2 2 1 2390 1044 3368
4720 2 2 2 1 451 2329 5629
4721 2 2 2 1 2296 1415 3613
4722 2 2 2 1 1404 3825 5819
4723 2 2 2 1 2684 912 3185
4724 2 2 2 1 1060 3035 3917
4725 2 2 2 1 1305 2637 3074
4726 2 2 2 1 3193 1734 5014
4727 2 2 2 1 3840 2048 4179
4728 2 2 2 1 1761 2321 5195
4729 2 2 2 1 3710 1409 3919
4730 2 2 2 1 569 2519 3420
4731 2 2 2 1 785 3840 4179
4732 2 2 2 1 1453 3314 3408
4733 2 2 2 1 1032 4173 4854
4734 2 2 2 1 2903 4329 5921
4735 2 2 2 1 2492 1071 3170
4736 2 2 2 1 5084 343 5876
4737 2 2 2 1 2447 1284 3969
4738 2 2 2 1 4783 1064 5358
4739 2 2 2 1 2037 2952 5476
4740 2 2 2 1 382 2447 3969
4741 2 2 2 1 3057 767 5929
4742 2 2 2 1 4679 1700 4797
4743 2 2 2 1 704 2367 3472
4744 2 2 2 1 2367 1670 3472
4745 2 2 2 1 1754 2822 3711
4746 2 2 2 1 853 2323 4498
4747 2 2 2 1 3843 1531 4486
4748 2 2 2 1 2952 1147 5476
4749 2 2 2 1 2431 941 5235
4750 2 2 2 1 2420 932 5859
4751 2 2 2 1 4912 2257 5172
4752 2 2 2 1 630 2239 5770
4753 2 2 2 1 3003 4279 5891
4754 2 2 2 1 2379 659 3573
4755 2 2 2 1 702 3069 3306
4756 2 2 2 1 1366 2529 4505
4757 2 2 2 1 1090 2757 3032
4758 2 2 2 1 1059 2644 4250
4759 2 2 2 1 1389 4225 4673
4760 2 2 2 1 2236 1277 5283
4761 2 2 2 1 2941 997 3142
4762 2 2 2 1 2139 2750 5106
4763 2 2 2 1 2246 1220 3921
4764 2 2 2 1 3069 1368 3306
4765 2 2 2 1 1284 3123 3891
4766 2 2 2 1 1385 2941 3142
4767 2 2 2 1 2904 530 5185
4768 2 2 2 1 4031 1878 5315
4769 2 2 2 1 3339 1170 3604
4770 2 2 2 1 1291 3497 4198
4771 2 2 2 1 547 3008 3290
4772 2 2 2 1 902 2418 3299
4773 2 2 2 1 2255 803 4606
4774 2 2 2 1 70 2461 3259
4775 2 2 2 1 1574 3339 3604
4776 2 2 2 1 1086 2393 3833
4777 2 2 2 1 1233 3399 3646
4778 2 2 2 1 1632 2630 3317
4779 2 2 2 1 1572 2964 4802
4780 2 2 2 1 2280 709 3711
4781 2 2 2 1 1412 2676 3421
4782 2 2 2 1 639 2791 3835
4783 2 2 2 1 3497 1885 4198
4784 2 2 2 1 3533 2151 4839
4785 2 2 2 1 4102 1994 4933
4786 2 2 2 1 1020 3533 4839
4787 2 2 2 1 1225 2419 3479
4788 2 2 2 1 566 2314 5451
4789 2 2 2 1 1164 2290 3683
4790 2 2 2 1 810 2354 3960
4791 2 2 2 1 2895 1002 3048
4792 2 2 2 1 2698 617 3202
4793 2 2 2 1 885 4923 5419
4794 2 2 2 1 1182 2698 3202
4795 2 2 2 1 941 2352 5423
4796 2 2 2 1 2809 971 2928
4797 2 2 2 1 3252 1873 5415
4798 2 2 2 1 2254 1713 4605
4799 2 2 2 1 2486 1304 4132
4800 2 2 2 1 3781 1505 3881
4801 2 2 2 1 2981 1220 3218
4802 2 2 2 1 1867 3832 4089
4803 2 2 2 1 3423 1386 4510
4804 2 2 2 1 941 2431 5905
4805 2 2 2 1 3091 887 4653
4806 2 2 2 1 2527 1061 4468
4807 2 2 2 1 1549 2268 5885
4808 2 2 2 1 2153 3300 5671
4809 2 2 2 1 2379 903 5585
4810 2 2 2 1 1715 3471 5458
4811 2 2 2 1 1023 2990 5170
4812 2 2 2 1 2733 525 3636
4813 2 2 2 1 3010 3456 5454
4814 2 2 2 1 882 2572 3219
4815 2 2 2 1 2249 1029 4314
4816 2 2 2 1 1792 2531 5835
4817 2 2 2 1 2243 435 4133
4818 2 2 2 1 2399 1351 4099
4819 2 2 2 1 56 2399 4099
4820 2 2 2 1 1033 2314 3625
4821 2 2 2 1 1166 2291 4429
4822 2 2 2 1 2318 1238 3872
4823 2 2 2 1 2554 1577 4935
4824 2 2 2 1 223 224 3265
4825 2 2 2 1 2120 3676 4602
4826 2 2 2 1 2539 1818 3393
4827 2 2 2 1 2572 1361 3219
4828 2 2 2 1 2362 1376 4445
4829 2 2 2 1 661 2362 4445
4830 2 2 2 1 435 2243 4186
4831 2 2 2 1 1171 3284 3357
4832 2 2 2 1 3676 430 4602
4833 2 2 2 1 1197 4569 4902
4834 2 2 2 1 2606 3297 5550
4835 2 2 2 1 2846 5163 5296
4836 2 2 2 1 2426 1462 4053
4837 2 2 2 1 1823 3626 4152
4838 2 2 2 1 855 2292 4915
4839 2 2 2 1 1159 2790 3285
4840 2 2 2 1 3778 1721 4600
4841 2 2 2 1 966 4912 5172
4842 2 2 2 1 588 3096 5160
4843 2 2 2 1 3532 1426 3545
4844 2 2 2 1 2841 981 3154
4845 2 2 2 1 1019 3541 4091
4846 2 2 2 1 3397 1829 4673
4847 2 2 2 1 2790 1239 3285
4848 2 2 2 1 1053 2325 4917
4849 2 2 2 1 1249 2250 4038
4850 2 2 2 1 1167 2392 3609
4851 2 2 2 1 2160 4033 5862
4852 2 2 2 1 195 196 2860
4853 2 2 2 1 2392 453 3609
4854 2 2 2 1 3498 1630 3623
4855 2 2 2 1 1137 2532 3298
4856 2 2 2 1 1171 2700 3025
4857 2 2 2 1 614 3039 3562
4858 2 2 2 1 4268 2640 5126
4859 2 2 2 1 2257 1001 3997
4860 2 2 2 1 2975 1195 3119
4861 2 2 2 1 516 2435 3309
4862 2 2 2 1 2599 1946 4876
4863 2 2 2 1 3264 1271 3550
4864 2 2 2 1 2344 2020 5236
4865 2 2 2 1 2484 1070 4154
4866 2 2 2 1 453 2392 3494
4867 2 2 2 1 2532 127 3298
4868 2 2 2 1 1082 2713 3600
4869 2 2 2 1 4269 1584 5156
4870 2 2 2 1 2435 1102 3309
4871 2 2 2 1 2934 1019 4091
4872 2 2 2 1 848 2653 4277
4873 2 2 2 1 1061 2548 4468
4874 2 2 2 1 2260 607 3962
4875 2 2 2 1 2261 3459 4959
4876 2 2 2 1 2304 1136 4572
4877 2 2 2 1 2529 431 4218
4878 2 2 2 1 1403 2529 4218
4879 2 2 2 1 1741 2866 3985
4880 2 2 2 1 226 227 3155
4881 2 2 2 1 2290 1164 4837
4882 2 2 2 1 3638 2239 5607
4883 2 2 2 1 1252 2975 3119
4884 2 2 2 1 708 3186 4559
4885 2 2 2 1 2653 1483 4277
4886 2 2 2 1 1478 2355 4995
4887 2 2 2 1 1023 2986 2990
4888 2 2 2 1 3654 2702 4812
4889 2 2 2 1 3217 906 4944
4890 2 2 2 1 849 2252 5161
4891 2 2 2 1 400 3498 3623
4892 2 2 2 1 1258 3679 3748
4893 2 2 2 1 2822 1001 3711
4894 2 2 2 1 1150 2881 2921
4895 2 2 2 1 790 2250 4114
4896 2 2 2 1 1017 3340 5076
4897 2 2 2 1 2881 397 2921
4898 2 2 2 1 1171 2705 3847
4899 2 2 2 1 1068 2729 4517
4900 2 2 2 1 963 2310 4978
4901 2 2 2 1 2986 1459 2990
4902 2 2 2 1 3035 1060 4793
4903 2 2 2 1 2852 1140 2929
4904 2 2 2 1 3470 1918 4054
4905 2 2 2 1 1977 3192 3583
4906 2 2 2 1 376 5498 5594
4907 2 2 2 1 1276 2580 5584
4908 2 2 2 1 651 2290 4837
4909 2 2 2 1 1658 3196 4044
4910 2 2 2 1 2276 466 4555
4911 2 2 2 1 3196 694 4044
4912 2 2 2 1 5168 428 5799
4913 2 2 2 1 2419 416 5058
4914 2 2 2 1 2778 1933 3625
4915 2 2 2 1 51 2403 3661
4916 2 2 2 1 2394 1097 5107
4917 2 2 2 1 2322 525 3663
4918 2 2 2 1 1784 3046 4792
4919 2 2 2 1 3447 651 4318
4920 2 2 2 1 3329 1519 3473
4921 2 2 2 1 3413 861 4160
4922 2 2 2 1 2859 4879 5851
4923 2 2 2 1 1785 2400 5654
4924 2 2 2 1 123 124 2967
4925 2 2 2 1 1412 2317 3998
4926 2 2 2 1 1146 3329 3473
4927 2 2 2 1 1568 4823 5810
4928 2 2 2 1 2317 315 3998
4929 2 2 2 1 3289 777 5377
4930 2 2 2 1 1438 2591 4463
4931 2 2 2 1 1087 2564 5920
4932 2 2 2 1 3759 489 5338
4933 2 2 2 1 2285 1340 4511
4934 2 2 2 1 490 4076 5455
4935 2 2 2 1 792 2285 4511
4936 2 2 2 1 1808 3413 4160
4937 2 2 2 1 2293 3325 5618
4938 2 2 2 1 2313 1475 4964
4939 2 2 2 1 3088 1126 3783
4940 2 2 2 1 2259 765 4097
4941 2 2 2 1 2578 827 3164
4942 2 2 2 1 3335 490 5372
4943 2 2 2 1 3331 1217 4442
4944 2 2 2 1 627 3488 5304
4945 2 2 2 1 2194 3778 4617
4946 2 2 2 1 3693 795 4462
4947 2 2 2 1 920 2737 3850
4948 2 2 2 1 2658 1514 4444
4949 2 2 2 1 810 2883 5228
4950 2 2 2 1 2534 967 4375
4951 2 2 2 1 606 2658 4444
4952 2 2 2 1 467 3917 4215
4953 2 2 2 1 2065 3693 4462
4954 2 2 2 1 2483 1004 3401
4955 2 2 2 1 1415 2296 4810
4956 2 2 2 1 1185 2500 3559
4957 2 2 2 1 2737 1395 3850
4958 2 2 2 1 574 3033 3410
4959 2 2 2 1 448 2332 5540
4960 2 2 2 1 93 94 2840
4961 2 2 2 1 3661 1202 5662
4962 2 2 2 1 3252 2192 5361
4963 2 2 2 1 2212 3024 5608
4964 2 2 2 1 722 3228 3973
4965 2 2 2 1 349 3252 5361
4966 2 2 2 1 1158 3341 5619
4967 2 2 2 1 1593 3855 4989
4968 2 2 2 1 3390 1764 4092
4969 2 2 2 1 399 2884 3311
4970 2 2 2 1 3778 475 4617
4971 2 2 2 1 2256 3335 5372
4972 2 2 2 1 2334 678 3905
4973 2 2 2 1 2270 810 3960
4974 2 2 2 1 1207 2334 3905
4975 2 2 2 1 532 3323 4063
4976 2 2 2 1 1390 3390 4092
4977 2 2 2 1 3243 1886 5594
4978 2 2 2 1 905 2506 3929
4979 2 2 2 1 2884 1269 3311
4980 2 2 2 1 724 3611 5157
4981 2 2 2 1 2436 1680 5510
4982 2 2 2 1 402 3143 4343
4983 2 2 2 1 1131 2406 5284
4984 2 2 2 1 947 2436 5510
4985 2 2 2 1 1405 4226 4282
4986 2 2 2 1 2368 1297 3605
4987 2 2 2 1 2300 651 4837
4988 2 2 2 1 821 2368 3605
4989 2 2 2 1 936 2265 5906
4990 2 2 2 1 245 2344 5236
4991 2 2 2 1 3051 132 5364
4992 2 2 2 1 1424 2681 4674
4993 2 2 2 1 3228 1642 3973
4994 2 2 2 1 929 2587 5925
4995 2 2 2 1 2392 1167 3899
4996 2 2 2 1 1254 2262 5220
4997 2 2 2 1 1080 3192 4103
4998 2 2 2 1 2655 1034 3090
4999 2 2 2 1 517 3089 4959
5000 2 2 2 1 2858 1562 4039
5001 2 2 2 1 513 2473 5659
5002 2 2 2 1 3437 1155 4057
5003 2 2 2 1 666 2730 3589
5004 2 2 2 1 1396 3187 4611
5005 2 2 2 1 635 2371 5430
5006 2 2 2 1 1491 2584 3262
5007 2 2 2 1 726 2629 3659
5008 2 2 2 1 4962 1790 5567
5009 2 2 2 1 360 2597 3922
5010 2 2 2 1 126 2532 4042
5011 2 2 2 1 2584 874 3262
5012 2 2 2 1 805 3343 5310
5013 2 2 2 1 3343 2234 5310
5014 2 2 2 1 3336 2748 4938
5015 2 2 2 1 531 2451 4570
5016 2 2 2 1 818 2304 4849
5017 2 2 2 1 2345 1066 5202
5018 2 2 2 1 1070 2605 4477
5019 2 2 2 1 2701 1078 4722
5020 2 2 2 1 2576 596 3537
5021 2 2 2 1 4900 2665 5042
5022 2 2 2 1 1851 2441 5895
5023 2 2 2 1 2556 783 3749
5024 2 2 2 1 2637 407 3237
5025 2 2 2 1 1743 2390 5576
5026 2 2 2 1 2343 1195 4928
5027 2 2 2 1 930 2553 4829
5028 2 2 2 1 132 133 5364
5029 2 2 2 1 3757 2175 5884
5030 2 2 2 1 2765 1035 3288
5031 2 2 2 1 2584 1524 5096
5032 2 2 2 1 3348 473 5261
5033 2 2 2 1 202 2427 3903
5034 2 2 2 1 364 2571 5668
5035 2 2 2 1 232 233 3088
5036 2 2 2 1 2571 1813 5668
5037 2 2 2 1 1104 2578 3164
5038 2 2 2 1 261 262 3084
5039 2 2 2 1 602 3054 3592
5040 2 2 2 1 3732 371 5285
5041 2 2 2 1 2400 698 4146
5042 2 2 2 1 1072 2629 5011
5043 2 2 2 1 2700 1171 3357
5044 2 2 2 1 2425 3013 4817
5045 2 2 2 1 3054 1433 3592
5046 2 2 2 1 361 2273 4187
5047 2 2 2 1 497 3087 5275
5048 2 2 2 1 2151 3533 5500
5049 2 2 2 1 2407 1111 5344
5050 2 2 2 1 1787 4669 5793
5051 2 2 2 1 1065 4185 4990
5052 2 2 2 1 3087 2042 5275
5053 2 2 2 1 520 2423 3402
5054 2 2 2 1 3075 640 4222
5055 2 2 2 1 474 2436 4608
5056 2 2 2 1 718 2732 4507
5057 2 2 2 1 2728 1002 3116
5058 2 2 2 1 674 3266 4672
5059 2 2 2 1 1252 2784 3374
5060 2 2 2 1 672 2528 3231
5061 2 2 2 1 387 2286 4518
5062 2 2 2 1 1576 2754 4896
5063 2 2 2 1 1849 2562 3738
5064 2 2 2 1 1159 3416 3665
5065 2 2 2 1 2374 7 3937
5066 2 2 2 1 1097 2394 5571
5067 2 2 2 1 1574 2823 3339
5068 2 2 2 1 2998 993 4776
5069 2 2 2 1 2972 646 3310
5070 2 2 2 1 1056 2311 3779
5071 2 2 2 1 2077 4821 5001
5072 2 2 2 1 2784 977 3374
5073 2 2 2 1 641 2604 3664
5074 2 2 2 1 2604 1257 3664
5075 2 2 2 1 2764 1541 4128
5076 2 2 2 1 1751 2276 4943
5077 2 2 2 1 2378 1634 5812
5078 2 2 2 1 2823 833 3339
5079 2 2 2 1 3088 233 4890
5080 2 2 2 1 2861 1953 5450
5081 2 2 2 1 845 2861 5450
5082 2 2 2 1 2392 1105 3494
5083 2 2 2 1 2335 5440 5767
5084 2 2 2 1 2684 3399 5439
5085 2 2 2 1 323 3147 5444
5086 2 2 2 1 1488 2747 3840
5087 2 2 2 1 2338 1300 3730
5088 2 2 2 1 3407 1314 3742
5089 2 2 2 1 263 2338 3730
5090 2 2 2 1 1092 2612 3569
5091 2 2 2 1 2992 1733 5218
5092 2 2 2 1 2549 1828 5769
5093 2 2 2 1 2301 1368 4771
5094 2 2 2 1 1094 2937 2987
5095 2 2 2 1 2952 2037 5901
5096 2 2 2 1 2268 4661 5885
5097 2 2 2 1 2602 1074 4403
5098 2 2 2 1 978 3792 5392
5099 2 2 2 1 2450 1193 3657
5100 2 2 2 1 1333 3960 4491
5101 2 2 2 1 889 2450 3657
5102 2 2 2 1 4819 2143 5528
5103 2 2 2 1 4076 2309 5455
5104 2 2 2 1 865 2549 5769
5105 2 2 2 1 2391 467 4993
5106 2 2 2 1 1340 2285 4561
5107 2 2 2 1 3093 1693 4752
5108 2 2 2 1 2445 2227 5882
5109 2 2 2 1 261 3084 5326
5110 2 2 2 1 2821 1649 5717
5111 2 2 2 1 2463 1097 3698
5112 2 2 2 1 459 2998 4789
5113 2 2 2 1 193 194 3018
5114 2 2 2 1 2839 1899 5466
5115 2 2 2 1 3845 1953 4964
5116 2 2 2 1 709 2280 4427
5117 2 2 2 1 1616 3490 4601
5118 2 2 2 1 3498 400 4666
5119 2 2 2 1 4602 1104 4891
5120 2 2 2 1 168 2364 4667
5121 2 2 2 1 2352 1134 3808
5122 2 2 2 1 1043 2446 3372
5123 2 2 2 1 2657 462 4473
5124 2 2 2 1 1514 2657 4473
5125 2 2 2 1 2312 920 3850
5126 2 2 2 1 3099 1261 3486
5127 2 2 2 1 1385 4078 4548
5128 2 2 2 1 2869 1008 5725
5129 2 2 2 1 1299 2674 3157
5130 2 2 2 1 3961 1429 4778
5131 2 2 2 1 1574 3315 3864
5132 2 2 2 1 2673 658 3464
5133 2 2 2 1 1078 2742 4722
5134 2 2 2 1 1111 2407 3458
5135 2 2 2 1 482 2984 5518
5136 2 2 2 1 529 3297 4927
5137 2 2 2 1 2978 2323 5850
5138 2 2 2 1 3297 2024 4927
5139 2 2 2 1 3376 1723 4390
5140 2 2 2 1 997 2831 3300
5141 2 2 2 1 2659 1079 4075
5142 2 2 2 1 2299 440 3863
5143 2 2 2 1 2313 921 4232
5144 2 2 2 1 2116 2387 5573
5145 2 2 2 1 1402 2659 4075
5146 2 2 2 1 914 2787 5097
5147 2 2 2 1 2289 436 4100
5148 2 2 2 1 1127 2670 3531
5149 2 2 2 1 2787 1775 5097
5150 2 2 2 1 2102 3052 5395
5151 2 2 2 1 271 272 4761
5152 2 2 2 1 2363 871 3614
5153 2 2 2 1 530 4546 5185
5154 2 2 2 1 964 2839 4323
5155 2 2 2 1 1170 3128 5019
5156 2 2 2 1 2423 949 5896
5157 2 2 2 1 2987 324 5444
5158 2 2 2 1 2572 882 5120
5159 2 2 2 1 2863 390 5741
5160 2 2 2 1 4015 622 4788
5161 2 2 2 1 1628 3505 4954
5162 2 2 2 1 3340 2025 5076
5163 2 2 2 1 91 92 2893
5164 2 2 2 1 2532 1321 4042
5165 2 2 2 1 2770 1756 3210
5166 2 2 2 1 2766 1120 3581
5167 2 2 2 1 1440 2512 4755
5168 2 2 2 1 2506 1276 3929
5169 2 2 2 1 2511 1464 4877
5170 2 2 2 1 846 2381 4028
5171 2 2 2 1 1120 2766 3281
5172 2 2 2 1 3684 1613 4811
5173 2 2 2 1 2288 1618 4507
5174 2 2 2 1 2348 576 5137
5175 2 2 2 1 1088 2770 3210
5176 2 2 2 1 3383 2503 4786
5177 2 2 2 1 980 3796 5318
5178 2 2 2 1 938 2833 4583
5179 2 2 2 1 2285 1313 4979
5180 2 2 2 1 1978 3551 5627
5181 2 2 2 1 1614 2385 5425
5182 2 2 2 1 1098 2745 3586
5183 2 2 2 1 2476 549 3350
5184 2 2 2 1 3653 2032 5215
5185 2 2 2 1 968 2564 3223
5186 2 2 2 1 2710 1719 5104
5187 2 2 2 1 897 2710 5104
5188 2 2 2 1 2381 1333 4491
5189 2 2 2 1 509 2475 3945
5190 2 2 2 1 3659 3208 5588
5191 2 2 2 1 14 15 3066
5192 2 2 2 1 2471 896 4774
5193 2 2 2 1 2844 2251 4977
5194 2 2 2 1 2325 2049 5916
5195 2 2 2 1 987 2300 5417
5196 2 2 2 1 659 3653 3702
5197 2 2 2 1 293 4955 5599
5198 2 2 2 1 2292 3311 4915
5199 2 2 2 1 3165 498 4630
5200 2 2 2 1 2393 1086 5464
5201 2 2 2 1 946 2535 4942
5202 2 2 2 1 2336 732 4996
5203 2 2 2 1 1163 2429 4526
5204 2 2 2 1 3653 1704 3702
5205 2 2 2 1 1350 2415 5646
5206 2 2 2 1 2452 383 5864
5207 2 2 2 1 977 2469 3374
5208 2 2 2 1 2417 1350 5646
5209 2 2 2 1 2415 834 5646
5210 2 2 2 1 3468 1850 4243
5211 2 2 2 1 2884 1065 2976
5212 2 2 2 1 834 2417 5646
5213 2 2 2 1 648 2301 4771
5214 2 2 2 1 399 2292 5843
5215 2 2 2 1 800 2935 4457
5216 2 2 2 1 1083 2718 5036
5217 2 2 2 1 1109 2577 3408
5218 2 2 2 1 1769 2452 5864
5219 2 2 2 1 2373 219 3736
5220 2 2 2 1 2935 1639 4457
5221 2 2 2 1 2592 1542 3205
5222 2 2 2 1 636 3302 5267
5223 2 2 2 1 2443 445 4223
5224 2 2 2 1 2741 1677 5328
5225 2 2 2 1 1097 2463 4927
5226 2 2 2 1 2297 1367 4515
5227 2 2 2 1 695 3468 4243
5228 2 2 2 1 2429 90 4526
5229 2 2 2 1 2980 387 3218
5230 2 2 2 1 4711 2083 4872
5231 2 2 2 1 1799 5146 5334
5232 2 2 2 1 2531 1792 4410
5233 2 2 2 1 2448 1438 4618
5234 2 2 2 1 592 2448 4618
5235 2 2 2 1 1726 3870 5541
5236 2 2 2 1 1498 2781 4525
5237 2 2 2 1 920 2312 4025
5238 2 2 2 1 2560 1904 3697
5239 2 2 2 1 2668 999 3146
5240 2 2 2 1 3030 1047 4303
5241 2 2 2 1 3108 1540 4206
5242 2 2 2 1 698 2400 5697
5243 2 2 2 1 476 2839 5466
5244 2 2 2 1 2735 642 3932
5245 2 2 2 1 51 52 5519
5246 2 2 2 1 561 2304 4572
5247 2 2 2 1 2239 3419 5607
5248 2 2 2 1 660 3496 4784
5249 2 2 2 1 2438 1726 5762
5250 2 2 2 1 223 3265 5460
5251 2 2 2 1 2321 749 4824
5252 2 2 2 1 503 2312 4035
5253 2 2 2 1 3657 1193 3794
5254 2 2 2 1 392 2307 4575
5255 2 2 2 1 2149 3163 4900
5256 2 2 2 1 1409 2924 3919
5257 2 2 2 1 2388 1027 5388
5258 2 2 2 1 354 2560 3697
5259 2 2 2 1 1747 3657 3794
5260 2 2 2 1 1153 2438 5762
5261 2 2 2 1 324 323 5444
5262 2 2 2 1 3347 1501 4138
5263 2 2 2 1 1132 3117 4607
5264 2 2 2 1 5575 2869 5725
5265 2 2 2 1 2974 710 3830
5266 2 2 2 1 471 2306 4544
5267 2 2 2 1 1480 2974 3830
5268 2 2 2 1 2562 866 3738
5269 2 2 2 1 904 2878 5042
5270 2 2 2 1 2352 941 5905
5271 2 2 2 1 129 130 3049
5272 2 2 2 1 678 2662 4323
5273 2 2 2 1 1851 2718 4195
5274 2 2 2 1 2296 817 4535
5275 2 2 2 1 2317 1412 4790
5276 2 2 2 1 3437 4057 5131
5277 2 2 2 1 2916 4011 5622
5278 2 2 2 1 2768 541 5319
5279 2 2 2 1 2232 3286 5255
5280 2 2 2 1 1054 2660 3166
5281 2 2 2 1 2168 4105 4720
5282 2 2 2 1 607 3312 3992
5283 2 2 2 1 651 2300 4318
5284 2 2 2 1 2473 1708 5659
5285 2 2 2 1 2678 1111 3458
5286 2 2 2 1 428 2923 5799
5287 2 2 2 1 2355 823 3777
5288 2 2 2 1 1031 3121 3312
5289 2 2 2 1 2320 1972 5299
5290 2 2 2 1 3376 4390 5480
5291 2 2 2 1 1176 2355 3777
5292 2 2 2 1 3121 1484 3312
5293 2 2 2 1 636 5267 5446
5294 2 2 2 1 1450 3996 5930
5295 2 2 2 1 828 2344 4490
5296 2 2 2 1 2936 776 4992
5297 2 2 2 1 3403 2251 5788
5298 2 2 2 1 1242 4116 4122
5299 2 2 2 1 2231 4783 5358
5300 2 2 2 1 363 2531 3958
5301 2 2 2 1 2344 1343 4490
5302 2 2 2 1 386 2339 4043
5303 2 2 2 1 3562 1197 4902
5304 2 2 2 1 5311 3059 5809
5305 2 2 2 1 2339 1221 4043
5306 2 2 2 1 2334 1207 5230
5307 2 2 2 1 3894 1767 5535
5308 2 2 2 1 2353 1655 5908
5309 2 2 2 1 4294 1396 4611
5310 2 2 2 1 353 2751 3197
5311 2 2 2 1 1543 2331 5672
5312 2 2 2 1 1763 4548 5562
5313 2 2 2 1 2968 1052 3237
5314 2 2 2 1 2627 1133 4222
5315 2 2 2 1 2751 1172 3197
5316 2 2 2 1 572 2319 4757
5317 2 2 2 1 2401 1177 3624
5318 2 2 2 1 308 307 4426
5319 2 2 2 1 3017 758 4895
5320 2 2 2 1 2785 1745 5235
5321 2 2 2 1 2079 2356 5509
5322 2 2 2 1 1931 4312 4480
5323 2 2 2 1 2456 2159 5840
5324 2 2 2 1 2502 1854 3916
5325 2 2 2 1 4023 1587 4911
5326 2 2 2 1 170 171 3141
5327 2 2 2 1 445 2470 4223
5328 2 2 2 1 2668 534 4574
5329 2 2 2 1 1320 2628 4251
5330 2 2 2 1 3124 528 3204
5331 2 2 2 1 823 2353 3777
5332 2 2 2 1 2834 1120 3281
5333 2 2 2 1 506 3779 5776
5334 2 2 2 1 1462 2426 4737
5335 2 2 2 1 2426 434 4737
5336 2 2 2 1 1155 2407 3623
5337 2 2 2 1 2327 398 4714
5338 2 2 2 1 1107 3333 5799
5339 2 2 2 1 1475 2313 4621
5340 2 2 2 1 1464 2316 4666
5341 2 2 2 1 1557 3474 3538
5342 2 2 2 1 2314 859 4623
5343 2 2 2 1 3113 521 5796
5344 2 2 2 1 3474 1151 3538
5345 2 2 2 1 1763 3649 4548
5346 2 2 2 1 2407 400 3623
5347 2 2 2 1 440 2299 4857
5348 2 2 2 1 2067 2396 3955
5349 2 2 2 1 2345 380 5779
5350 2 2 2 1 170 3141 5482
5351 2 2 2 1 2507 3016 4632
5352 2 2 2 1 5372 2714 5521
5353 2 2 2 1 395 2439 4293
5354 2 2 2 1 3031 1567 5007
5355 2 2 2 1 564 2352 3808
5356 2 2 2 1 2362 661 5127
5357 2 2 2 1 1507 2895 3048
5358 2 2 2 1 294 293 5599
5359 2 2 2 1 1411 2346 3857
5360 2 2 2 1 2512 1440 4819
5361 2 2 2 1 296 295 5555
5362 2 2 2 1 2376 986 3685
5363 2 2 2 1 2416 846 4028
5364 2 2 2 1 2892 891 4609
5365 2 2 2 1 1355 3053 3055
5366 2 2 2 1 3419 1105 5607
5367 2 2 2 1 3053 1077 3055
5368 2 2 2 1 2926 2189 4647
5369 2 2 2 1 589 2941 3649
5370 2 2 2 1 2310 2944 4272
5371 2 2 2 1 378 2718 5895
5372 2 2 2 1 3449 513 5659
5373 2 2 2 1 2383 1387 3691
5374 2 2 2 1 2786 1477 4996
5375 2 2 2 1 1483 2453 4566
5376 2 2 2 1 3325 839 5618
5377 2 2 2 1 1072 4230 5221
5378 2 2 2 1 2883 1811 5228
5379 2 2 2 1 2738 1110 3446
5380 2 2 2 1 2747 1091 4492
5381 2 2 2 1 2375 3449 5659
5382 2 2 2 1 2941 1385 3649
5383 2 2 2 1 1799 3212 5146
5384 2 2 2 1 2491 526 5520
5385 2 2 2 1 668 3690 3847
5386 2 2 2 1 2613 1127 3291
5387 2 2 2 1 82 2977 5322
5388 2 2 2 1 2326 443 4661
5389 2 2 2 1 1195 2343 5063
5390 2 2 2 1 465 3685 5247
5391 2 2 2 1 2830 2517 5149
5392 2 2 2 1 2232 3655 5740
5393 2 2 2 1 2406 1131 4384
5394 2 2 2 1 1266 2474 3595
5395 2 2 2 1 2319 864 4874
5396 2 2 2 1 2468 1129 3465
5397 2 2 2 1 2496 574 3410
5398 2 2 2 1 3633 1787 4003
5399 2 2 2 1 3604 1170 5019
5400 2 2 2 1 392 2437 4504
5401 2 2 2 1 1233 2334 4022
5402 2 2 2 1 4410 1792 4573
5403 2 2 2 1 1175 2763 5942
5404 2 2 2 1 552 2641 5492
5405 2 2 2 1 176 177 3215
5406 2 2 2 1 1409 3710 4948
5407 2 2 2 1 1376 4343 4445
5408 2 2 2 1 505 2457 5805
5409 2 2 2 1 3473 1519 3943
5410 2 2 2 1 359 4458 4987
5411 2 2 2 1 531 2877 5727
5412 2 2 2 1 2621 936 3963
5413 2 2 2 1 2355 1176 4418
5414 2 2 2 1 3214 2914 5931
5415 2 2 2 1 1426 4110 4699
5416 2 2 2 1 1322 4234 4516
5417 2 2 2 1 2688 63 4281
5418 2 2 2 1 2783 1929 4321
5419 2 2 2 1 2500 1185 3602
5420 2 2 2 1 1677 2741 5103
5421 2 2 2 1 761 3633 4003
5422 2 2 2 1 875 2603 3915
5423 2 2 2 1 3510 1279 3603
5424 2 2 2 1 2325 1322 4178
5425 2 2 2 1 2603 1307 3915
5426 2 2 2 1 1163 3511 4646
5427 2 2 2 1 1296 3126 5333
5428 2 2 2 1 2403 1202 3661
5429 2 2 2 1 3059 471 5809
5430 2 2 2 1 3196 1349 4408
5431 2 2 2 1 1221 2339 5589
5432 2 2 2 1 153 2500 3602
5433 2 2 2 1 2343 1197 4264
5434 2 2 2 1 883 3624 4683
5435 2 2 2 1 1241 2408 5029
5436 2 2 2 1 1275 3782 4070
5437 2 2 2 1 1607 2715 4786
5438 2 2 2 1 1560 2684 3185
5439 2 2 2 1 2954 653 3703
5440 2 2 2 1 2687 951 3386
5441 2 2 2 1 4425 929 5497
5442 2 2 2 1 3782 1912 4070
5443 2 2 2 1 1322 2325 4234
5444 2 2 2 1 1263 2424 5597
5445 2 2 2 1 837 2330 5612
5446 2 2 2 1 1659 3060 3912
5447 2 2 2 1 2678 830 5695
5448 2 2 2 1 1381 2444 4443
5449 2 2 2 1 2889 1145 3218
5450 2 2 2 1 3953 2163 5325
5451 2 2 2 1 2444 426 4443
5452 2 2 2 1 1830 3771 5401
5453 2 2 2 1 745 3397 4673
5454 2 2 2 1 833 2322 5411
5455 2 2 2 1 2362 960 5052
5456 2 2 2 1 1220 2889 3218
5457 2 2 2 1 1343 2344 3991
5458 2 2 2 1 2715 732 4786
5459 2 2 2 1 3094 2215 4096
5460 2 2 2 1 2425 1945 5605
5461 2 2 2 1 2537 948 3357
5462 2 2 2 1 2773 1101 3911
5463 2 2 2 1 2321 1306 4428
5464 2 2 2 1 1687 3306 5424
5465 2 2 2 1 3711 709 4626
5466 2 2 2 1 738 3138 4727
5467 2 2 2 1 1674 2393 5309
5468 2 2 2 1 2461 897 4833
5469 2 2 2 1 819 3130 3704
5470 2 2 2 1 959 2366 5095
5471 2 2 2 1 1105 3419 3494
5472 2 2 2 1 951 2687 4605
5473 2 2 2 1 1666 2462 5839
5474 2 2 2 1 3242 2433 5334
5475 2 2 2 1 3419 1570 3494
5476 2 2 2 1 2471 1420 4281
5477 2 2 2 1 64 2471 4281
5478 2 2 2 1 749 3250 4824
5479 2 2 2 1 3069 702 3414
5480 2 2 2 1 3250 1939 4824
5481 2 2 2 1 1143 2432 3644
5482 2 2 2 1 1864 3170 5511
5483 2 2 2 1 3763 2084 5626
5484 2 2 2 1 1020 2837 3344
5485 2 2 2 1 2971 1261 3258
5486 2 2 2 1 1728 2780 5048
5487 2 2 2 1 2378 336 5179
5488 2 2 2 1 1357 3069 3414
5489 2 2 2 1 2333 553 4122
5490 2 2 2 1 4384 1131 4807
5491 2 2 2 1 612 2971 3258
5492 2 2 2 1 2780 389 5048
5493 2 2 2 1 4343 3143 5400
5494 2 2 2 1 1103 2773 3933
5495 2 2 2 1 1571 3482 3594
5496 2 2 2 1 2346 1411 4791
5497 2 2 2 1 1128 2680 4275
5498 2 2 2 1 3482 1367 3594
5499 2 2 2 1 5162 296 5555
5500 2 2 2 1 2396 1026 5323
5501 2 2 2 1 1985 2982 5836
5502 2 2 2 1 2767 429 4317
5503 2 2 2 1 3392 1753 5358
5504 2 2 2 1 3465 2365 5689
5505 2 2 2 1 1203 2449 5715
5506 2 2 2 1 599 2663 3599
5507 2 2 2 1 2663 1235 3599
5508 2 2 2 1 1118 2699 3597
5509 2 2 2 1 1330 2528 4531
5510 2 2 2 1 2432 341 3644
5511 2 2 2 1 2774 544 5899
5512 2 2 2 1 2382 1165 4750
5513 2 2 2 1 1243 2921 3090
5514 2 2 2 1 2361 701 3895
5515 2 2 2 1 1860 2457 5759
5516 2 2 2 1 1016 2508 3433
5517 2 2 2 1 1116 3403 5788
5518 2 2 2 1 3023 576 3642
5519 2 2 2 1 2465 1123 3517
5520 2 2 2 1 96 2713 4976
5521 2 2 2 1 1718 2480 5892
5522 2 2 2 1 1101 2800 4177
5523 2 2 2 1 2740 493 3827
5524 2 2 2 1 2609 1029 3292
5525 2 2 2 1 81 82 5322
5526 2 2 2 1 90 2429 4728
5527 2 2 2 1 2364 1926 5377
5528 2 2 2 1 1260 3162 3190
5529 2 2 2 1 579 3040 3285
5530 2 2 2 1 596 2613 3291
5531 2 2 2 1 2770 300 5158
5532 2 2 2 1 3849 2343 4928
5533 2 2 2 1 3306 2301 5424
5534 2 2 2 1 2370 931 5600
5535 2 2 2 1 3723 720 5886
5536 2 2 2 1 1888 3143 4339
5537 2 2 2 1 2519 1074 3420
5538 2 2 2 1 3177 703 4228
5539 2 2 2 1 1764 2640 5721
5540 2 2 2 1 516 2711 5407
5541 2 2 2 1 3843 2266 5560
5542 2 2 2 1 1670 3177 4228
5543 2 2 2 1 2351 1058 4020
5544 2 2 2 1 565 2417 5691
5545 2 2 2 1 2284 3747 4421
5546 2 2 2 1 566 2778 3625
5547 2 2 2 1 967 2732 4375
5548 2 2 2 1 2589 584 3361
5549 2 2 2 1 544 2774 5828
5550 2 2 2 1 210 211 2997
5551 2 2 2 1 1294 2939 3080
5552 2 2 2 1 2350 1040 4736
5553 2 2 2 1 2358 587 4001
5554 2 2 2 1 2993 1762 4226
5555 2 2 2 1 2404 1682 5286
5556 2 2 2 1 2369 1431 3855
5557 2 2 2 1 1564 2589 3361
5558 2 2 2 1 2516 254 4098
5559 2 2 2 1 555 2368 4768
5560 2 2 2 1 1280 2410 5403
5561 2 2 2 1 2730 1031 3589
5562 2 2 2 1 1348 4233 5822
5563 2 2 2 1 337 2534 3406
5564 2 2 2 1 3874 3085 4799
5565 2 2 2 1 2382 1011 3801
5566 2 2 2 1 2964 830 3510
5567 2 2 2 1 136 137 3283
5568 2 2 2 1 881 3757 5884
5569 2 2 2 1 1756 2770 5158
5570 2 2 2 1 3294 2321 4824
5571 2 2 2 1 1027 3786 5382
5572 2 2 2 1 1146 3473 5706
5573 2 2 2 1 2708 1113 3787
5574 2 2 2 1 403 2366 3908
5575 2 2 2 1 3255 373 4557
5576 2 2 2 1 2360 1363 3983
5577 2 2 2 1 1129 2468 4029
5578 2 2 2 1 3109 394 4140
5579 2 2 2 1 2834 741 4011
5580 2 2 2 1 2939 1048 3080
5581 2 2 2 1 1138 3054 3829
5582 2 2 2 1 4761 1467 5248
5583 2 2 2 1 1456 2964 3510
5584 2 2 2 1 871 2363 3961
5585 2 2 2 1 4646 3511 5912
5586 2 2 2 1 2744 1816 5896
5587 2 2 2 1 2579 1338 4169
5588 2 2 2 1 2854 818 4628
5589 2 2 2 1 677 3532 4083
5590 2 2 2 1 4 207 4401
5591 2 2 2 1 206 4 4401
5592 2 2 2 1 448 2356 4041
5593 2 2 2 1 2388 627 3786
5594 2 2 2 1 2337 994 4313
5595 2 2 2 1 1744 2405 5028
5596 2 2 2 1 2349 479 4211
5597 2 2 2 1 2361 4425 5497
5598 2 2 2 1 2992 1037 5204
5599 2 2 2 1 557 2626 5788
5600 2 2 2 1 900 2358 5402
5601 2 2 2 1 2561 1517 4816
5602 2 2 2 1 3451 265 5790
5603 2 2 2 1 1507 2336 4835
5604 2 2 2 1 4152 1296 5333
5605 2 2 2 1 2107 5045 5594
5606 2 2 2 1 1790 3129 5567
5607 2 2 2 1 2677 3338 5867
5608 2 2 2 1 5208 2195 5900
5609 2 2 2 1 1722 3174 5331
5610 2 2 2 1 3873 1414 5231
5611 2 2 2 1 610 2665 4900
5612 2 2 2 1 679 3176 5706
5613 2 2 2 1 2366 403 5055
5614 2 2 2 1 7 2374 4785
5615 2 2 2 1 2341 1358 5092
5616 2 2 2 1 400 2407 5344
5617 2 2 2 1 2557 1443 4633
5618 2 2 2 1 1380 3207 3328
5619 2 2 2 1 2241 4386 5568
5620 2 2 2 1 3207 1179 3328
5621 2 2 2 1 1060 2576 3537
5622 2 2 2 1 1248 2650 3687
5623 2 2 2 1 4431 1345 5574
5624 2 2 2 1 1174 3375 5118
5625 2 2 2 1 3099 416 3144
5626 2 2 2 1 2530 893 3530
5627 2 2 2 1 1130 5258 5362
5628 2 2 2 1 941 2785 5235
5629 2 2 2 1 1220 2434 3921
5630 2 2 2 1 1261 3099 3144
5631 2 2 2 1 3067 1218 3990
5632 2 2 2 1 2434 564 3921
5633 2 2 2 1 2650 1017 3687
5634 2 2 2 1 2055 3841 5877
5635 2 2 2 1 1022 2358 4770
5636 2 2 2 1 3400 1177 5648
5637 2 2 2 1 629 3756 5329
5638 2 2 2 1 1228 2364 4033
5639 2 2 2 1 2069 4762 5205
5640 2 2 2 1 3893 2694 4348
5641 2 2 2 1 421 2624 5572
5642 2 2 2 1 3370 1863 4513
5643 2 2 2 1 1092 2616 3327
5644 2 2 2 1 1370 2348 5137
5645 2 2 2 1 2474 797 5797
5646 2 2 2 1 3779 2311 5776
5647 2 2 2 1 2669 1055 3272
5648 2 2 2 1 1166 2530 3530
5649 2 2 2 1 1340 2374 3937
5650 2 2 2 1 2764 566 3360
5651 2 2 2 1 2371 1210 5430
5652 2 2 2 1 2676 313 5389
5653 2 2 2 1 2393 793 3833
5654 2 2 2 1 1208 2764 3360
5655 2 2 2 1 705 3370 4513
5656 2 2 2 1 3621 1084 4380
5657 2 2 2 1 1351 2399 4541
5658 2 2 2 1 2692 389 5738
5659 2 2 2 1 434 2426 5913
5660 2 2 2 1 2347 385 4516
5661 2 2 2 1 490 2714 5372
5662 2 2 2 1 1920 2863 5741
5663 2 2 2 1 1260 2943 3162
5664 2 2 2 1 2995 572 4966
5665 2 2 2 1 2644 1059 4100
5666 2 2 2 1 2801 213 4231
5667 2 2 2 1 2401 378 4065
5668 2 2 2 1 2977 82 3741
5669 2 2 2 1 3049 1238 3702
5670 2 2 2 1 2350 1294 5494
5671 2 2 2 1 1704 3049 3702
5672 2 2 2 1 3506 2104 5876
5673 2 2 2 1 1540 2380 4206
5674 2 2 2 1 2912 1787 5793
5675 2 2 2 1 316 315 4741
5676 2 2 2 1 3694 1700 4679
5677 2 2 2 1 2348 826 4242
5678 2 2 2 1 2380 35 4206
5679 2 2 2 1 414 4478 5075
5680 2 2 2 1 841 2888 4718
5681 2 2 2 1 3615 1328 4534
5682 2 2 2 1 1943 3621 4380
5683 2 2 2 1 860 2349 4831
5684 2 2 2 1 1534 3175 3854
5685 2 2 2 1 3194 2238 4832
5686 2 2 2 1 2434 2981 4717
5687 2 2 2 1 2120 4602 4891
5688 2 2 2 1 236 237 2992
5689 2 2 2 1 638 3184 5441
5690 2 2 2 1 3891 3123 5736
5691 2 2 2 1 2450 889 5623
5692 2 2 2 1 3175 746 3854
5693 2 2 2 1 1097 2582 5107
5694 2 2 2 1 1152 2905 3704
5695 2 2 2 1 2354 562 4491
5696 2 2 2 1 2019 4015 4788
5697 2 2 2 1 2760 1990 3848
5698 2 2 2 1 2352 564 4434
5699 2 2 2 1 2781 850 3441
5700 2 2 2 1 2417 4421 5691
5701 2 2 2 1 2409 892 3785
5702 2 2 2 1 1691 2703 5556
5703 2 2 2 1 1731 2781 3441
5704 2 2 2 1 378 2401 5036
5705 2 2 2 1 2517 715 5149
5706 2 2 2 1 621 2370 4039
5707 2 2 2 1 2965 1124 5779
5708 2 2 2 1 4631 1924 5017
5709 2 2 2 1 2354 810 4278
5710 2 2 2 1 1058 2351 4424
5711 2 2 2 1 2364 1228 4667
5712 2 2 2 1 510 5309 5464
5713 2 2 2 1 2489 1187 3910
5714 2 2 2 1 1420 2688 4281
5715 2 2 2 1 2577 603 3408
5716 2 2 2 1 1184 3565 5277
5717 2 2 2 1 4637 1791 5781
5718 2 2 2 1 2302 4761 5248
5719 2 2 2 1 587 2358 4558
5720 2 2 2 1 5367 2809 5690
5721 2 2 2 1 1712 3891 4836
5722 2 2 2 1 2758 1024 3832
5723 2 2 2 1 2711 1752 5407
5724 2 2 2 1 2427 202 5644
5725 2 2 2 1 1265 2354 4278
5726 2 2 2 1 888 2357 5751
5727 2 2 2 1 2468 1139 4872
5728 2 2 2 1 1978 3309 3551
5729 2 2 2 1 467 2391 3917
5730 2 2 2 1 475 2653 4617
5731 2 2 2 1 2368 821 4071
5732 2 2 2 1 4208 462 5554
5733 2 2 2 1 144 145 3001
5734 2 2 2 1 1587 2855 5154
5735 2 2 2 1 4414 1355 5820
5736 2 2 2 1 2664 673 4721
5737 2 2 2 1 964 2662 3646
5738 2 2 2 1 2398 1251 3889
5739 2 2 2 1 2662 1233 3646
5740 2 2 2 1 1511 2861 3962
5741 2 2 2 1 2356 856 4648
5742 2 2 2 1 2404 591 3834
5743 2 2 2 1 1363 2360 4200
5744 2 2 2 1 2882 983 3425
5745 2 2 2 1 1084 3621 4382
5746 2 2 2 1 3749 783 5437
5747 2 2 2 1 2656 352 4135
5748 2 2 2 1 348 3465 5689
5749 2 2 2 1 1914 2654 4171
5750 2 2 2 1 2460 1460 4239
5751 2 2 2 1 1670 2367 5067
5752 2 2 2 1 138 2460 4239
5753 2 2 2 1 3500 1388 3578
5754 2 2 2 1 1278 2479 4137
5755 2 2 2 1 3155 227 4834
5756 2 2 2 1 2756 2431 5235
5757 2 2 2 1 1173 2802 3206
5758 2 2 2 1 2475 1162 3945
5759 2 2 2 1 4440 1514 4473
5760 2 2 2 1 396 2394 5107
5761 2 2 2 1 2688 1207 3515
5762 2 2 2 1 2226 4755 4871
5763 2 2 2 1 62 2688 3515
5764 2 2 2 1 2802 667 3206
5765 2 2 2 1 3621 1923 4382
5766 2 2 2 1 1070 3359 5660
5767 2 2 2 1 3359 2272 5660
5768 2 2 2 1 1597 3411 3773
5769 2 2 2 1 1234 3056 3137
5770 2 2 2 1 2770 1088 3944
5771 2 2 2 1 2462 1666 5653
5772 2 2 2 1 3056 1212 3137
5773 2 2 2 1 3411 1246 3773
5774 2 2 2 1 1468 2477 4986
5775 2 2 2 1 2381 1327 4028
5776 2 2 2 1 730 2462 5653
5777 2 2 2 1 2455 345 5810
5778 2 2 2 1 3546 2475 5686
5779 2 2 2 1 1626 2498 3573
5780 2 2 2 1 2653 475 5065
5781 2 2 2 1 892 2409 3846
5782 2 2 2 1 1807 3371 3817
5783 2 2 2 1 1455 3140 4270
5784 2 2 2 1 2384 526 4047
5785 2 2 2 1 2284 4421 4596
5786 2 2 2 1 1567 4248 5007
5787 2 2 2 1 2035 2950 5081
5788 2 2 2 1 2361 1115 4425
5789 2 2 2 1 102 3384 5707
5790 2 2 2 1 5062 1187 5138
5791 2 2 2 1 5440 479 5767
5792 2 2 2 1 1460 2654 4627
5793 2 2 2 1 3371 937 3817
5794 2 2 2 1 1163 2893 3511
5795 2 2 2 1 2893 1905 3511
5796 2 2 2 1 268 269 3102
5797 2 2 2 1 2799 942 5557
5798 2 2 2 1 1115 3004 4455
5799 2 2 2 1 2782 552 5492
5800 2 2 2 1 4420 779 5014
5801 2 2 2 1 1314 3682 4247
5802 2 2 2 1 2381 846 4501
5803 2 2 2 1 3682 1896 4247
5804 2 2 2 1 605 2430 5421
5805 2 2 2 1 18 19 3727
5806 2 2 2 1 1832 3973 5626
5807 2 2 2 1 3416 1465 3665
5808 2 2 2 1 1137 3653 5215
5809 2 2 2 1 1025 4076 5679
5810 2 2 2 1 2877 4808 5727
5811 2 2 2 1 796 4734 5496
5812 2 2 2 1 3655 1877 5740
5813 2 2 2 1 1132 4607 5053
5814 2 2 2 1 2947 1277 3292
5815 2 2 2 1 4529 1860 5552
5816 2 2 2 1 2550 1034 3489
5817 2 2 2 1 1188 2430 5051
5818 2 2 2 1 2479 567 4137
5819 2 2 2 1 1736 2402 3963
5820 2 2 2 1 2140 3873 5231
5821 2 2 2 1 4421 834 4596
5822 2 2 2 1 2958 1231 5035
5823 2 2 2 1 2626 557 3382
5824 2 2 2 1 1333 2381 4501
5825 2 2 2 1 1029 2947 3292
5826 2 2 2 1 895 2463 3698
5827 2 2 2 1 2430 1188 5421
5828 2 2 2 1 1539 2833 5301
5829 2 2 2 1 1522 2841 3154
5830 2 2 2 1 2858 365 5250
5831 2 2 2 1 2525 929 4425
5832 2 2 2 1 4367 638 5441
5833 2 2 2 1 1433 3183 3592
5834 2 2 2 1 3183 1277 3592
5835 2 2 2 1 2544 1185 3520
5836 2 2 2 1 3084 1870 5326
5837 2 2 2 1 2713 1612 4976
5838 2 2 2 1 2216 4168 5164
5839 2 2 2 1 255 256 3076
5840 2 2 2 1 3216 631 3486
5841 2 2 2 1 2739 1378 4019
5842 2 2 2 1 2384 867 4879
5843 2 2 2 1 2435 516 5407
5844 2 2 2 1 2781 1731 5558
5845 2 2 2 1 354 2652 5341
5846 2 2 2 1 1047 4069 4303
5847 2 2 2 1 413 3568 4562
5848 2 2 2 1 1069 2796 3241
5849 2 2 2 1 1074 2602 4143
5850 2 2 2 1 100 101 4061
5851 2 2 2 1 1961 3900 4925
5852 2 2 2 1 665 2739 4019
5853 2 2 2 1 82 83 3741
5854 2 2 2 1 3280 956 5435
5855 2 2 2 1 2192 3252 5415
5856 2 2 2 1 2369 1593 4552
5857 2 2 2 1 3332 414 5075
5858 2 2 2 1 2375 1389 4190
5859 2 2 2 1 2446 1043 5502
5860 2 2 2 1 2477 1209 4365
5861 2 2 2 1 1188 2442 5421
5862 2 2 2 1 1124 3127 5779
5863 2 2 2 1 1210 2371 4886
5864 2 2 2 1 637 2805 3836
5865 2 2 2 1 2557 1135 3519
5866 2 2 2 1 3237 407 3627
5867 2 2 2 1 2442 605 5421
5868 2 2 2 1 2821 1913 4398
5869 2 2 2 1 2590 1130 5362
5870 2 2 2 1 1574 3864 5352
5871 2 2 2 1 307 306 3232
5872 2 2 2 1 1187 3373 5138
5873 2 2 2 1 240 241 3238
5874 2 2 2 1 3064 1140 5836
5875 2 2 2 1 44 2481 4464
5876 2 2 2 1 2779 740 5752
5877 2 2 2 1 667 2612 3981
5878 2 2 2 1 2862 1634 4145
5879 2 2 2 1 3693 966 5172
5880 2 2 2 1 1909 2779 5752
5881 2 2 2 1 1487 2942 4402
5882 2 2 2 1 1389 2375 4225
5883 2 2 2 1 685 4104 5049
5884 2 2 2 1 2418 1195 5063
5885 2 2 2 1 2612 1293 3981
5886 2 2 2 1 876 3364 4073
5887 2 2 2 1 3364 1667 4073
5888 2 2 2 1 928 2792 3761
5889 2 2 2 1 2504 1312 3835
5890 2 2 2 1 340 2706 5934
5891 2 2 2 1 301 2770 3944
5892 2 2 2 1 1716 3088 4890
5893 2 2 2 1 147 2866 5677
5894 2 2 2 1 3326 3369 5776
5895 2 2 2 1 2377 422 4230
5896 2 2 2 1 3255 4557 5632
5897 2 2 2 1 129 3049 4968
5898 2 2 2 1 1318 2814 4472
5899 2 2 2 1 2395 1344 4103
5900 2 2 2 1 1114 2955 3111
5901 2 2 2 1 3010 714 4212
5902 2 2 2 1 173 174 3245
5903 2 2 2 1 660 3612 5115
5904 2 2 2 1 3461 1710 4082
5905 2 2 2 1 1319 3461 4082
5906 2 2 2 1 587 2948 4001
5907 2 2 2 1 2995 1456 3603
5908 2 2 2 1 3737 478 4662
5909 2 2 2 1 1377 2562 4308
5910 2 2 2 1 2376 1290 4591
5911 2 2 2 1 2454 2217 5517
5912 2 2 2 1 3358 417 4193
5913 2 2 2 1 1714 3358 4193
5914 2 2 2 1 2562 466 4308
5915 2 2 2 1 2404 1415 4810
5916 2 2 2 1 3612 2197 5115
5917 2 2 2 1 1551 4594 4792
5918 2 2 2 1 3037 958 5856
5919 2 2 2 1 4521 2786 4996
5920 2 2 2 1 2433 1799 5334
5921 2 2 2 1 1174 2425 4045
5922 2 2 2 1 2858 4039 5600
5923 2 2 2 1 1541 2776 3415
5924 2 2 2 1 1134 2568 5512
5925 2 2 2 1 3680 1777 5649
5926 2 2 2 1 2645 107 4381
5927 2 2 2 1 2405 464 4828
5928 2 2 2 1 2082 3737 4662
5929 2 2 2 1 591 2404 4810
5930 2 2 2 1 437 3953 5325
5931 2 2 2 1 877 2942 5371
5932 2 2 2 1 1177 2401 4065
5933 2 2 2 1 198 2454 5517
5934 2 2 2 1 3162 1225 3190
5935 2 2 2 1 2386 883 4683
5936 2 2 2 1 1168 2817 3204
5937 2 2 2 1 1256 3532 3545
5938 2 2 2 1 2640 6 5721
5939 2 2 2 1 2670 1127 4165
5940 2 2 2 1 3968 2281 4878
5941 2 2 2 1 2797 427 4107
5942 2 2 2 1 1980 3576 5410
5943 2 2 2 1 577 2383 5219
5944 2 2 2 1 1448 3968 4878
5945 2 2 2 1 1896 4141 5676
5946 2 2 2 1 715 3660 4433
5947 2 2 2 1 1125 3484 3498
5948 2 2 2 1 3484 1630 3498
5949 2 2 2 1 2634 1486 4615
5950 2 2 2 1 72 2634 4615
5951 2 2 2 1 1141 2543 4101
5952 2 2 2 1 805 2999 5147
5953 2 2 2 1 755 2898 4931
5954 2 2 2 1 4266 1422 5199
5955 2 2 2 1 3519 1135 4212
5956 2 2 2 1 175 176 3282
5957 2 2 2 1 541 3489 4016
5958 2 2 2 1 846 2412 5136
5959 2 2 2 1 2449 913 5715
5960 2 2 2 1 2924 1149 3919
5961 2 2 2 1 872 3763 5626
5962 2 2 2 1 3660 1915 4433
5963 2 2 2 1 1350 2723 3389
5964 2 2 2 1 2446 934 3819
5965 2 2 2 1 2508 1016 5775
5966 2 2 2 1 850 2781 4383
5967 2 2 2 1 2846 992 5240
5968 2 2 2 1 2982 405 5836
5969 2 2 2 1 2843 510 5464
5970 2 2 2 1 1575 4399 5153
5971 2 2 2 1 1949 4320 5245
5972 2 2 2 1 3247 1534 4893
5973 2 2 2 1 1858 2902 4215
5974 2 2 2 1 1606 2548 5243
5975 2 2 2 1 2203 3436 4158
5976 2 2 2 1 2781 1498 4383
5977 2 2 2 1 2548 452 5243
5978 2 2 2 1 108 109 3115
5979 2 2 2 1 1130 2590 3501
5980 2 2 2 1 1786 2390 4803
5981 2 2 2 1 1183 2521 3637
5982 2 2 2 1 3092 1899 4260
5983 2 2 2 1 2298 3544 5148
5984 2 2 2 1 1331 3697 4297
5985 2 2 2 1 766 4423 4527
5986 2 2 2 1 2981 387 5307
5987 2 2 2 1 3286 2232 5740
5988 2 2 2 1 3328 1179 4844
5989 2 2 2 1 2578 1104 4602
5990 2 2 2 1 764 3286 5740
5991 2 2 2 1 1890 2981 5307
5992 2 2 2 1 2383 828 4490
5993 2 2 2 1 3697 1904 4297
5994 2 2 2 1 1344 2395 4207
5995 2 2 2 1 2408 947 5029
5996 2 2 2 1 3984 1976 5674
5997 2 2 2 1 720 2510 5886
5998 2 2 2 1 1585 4113 4549
5999 2 2 2 1 1152 3134 4593
6000 2 2 2 1 2736 1683 3342
6001 2 2 2 1 2452 873 4782
6002 2 2 2 1 1298 3197 3199
6003 2 2 2 1 2090 4384 4807
6004 2 2 2 1 2810 969 3857
6005 2 2 2 1 1746 4306 5157
6006 2 2 2 1 1185 2544 3602
6007 2 2 2 1 3158 1083 5036
6008 2 2 2 1 1436 4451 5468
6009 2 2 2 1 3197 1172 3199
6010 2 2 2 1 3141 1926 5482
6011 2 2 2 1 1643 2648 5703
6012 2 2 2 1 2436 474 3910
6013 2 2 2 1 3483 484 4007
6014 2 2 2 1 2544 152 3602
6015 2 2 2 1 5 302 3129
6016 2 2 2 1 1401 2427 5644
6017 2 2 2 1 462 2387 4473
6018 2 2 2 1 2766 376 3281
6019 2 2 2 1 2454 1308 4411
6020 2 2 2 1 1678 3483 4007
6021 2 2 2 1 3300 1623 5216
6022 2 2 2 1 3199 1172 4014
6023 2 2 2 1 2722 1908 4868
6024 2 2 2 1 1534 4567 4893
6025 2 2 2 1 628 2414 5030
6026 2 2 2 1 704 3472 4229
6027 2 2 2 1 80 81 3558
6028 2 2 2 1 3838 1532 5013
6029 2 2 2 1 1579 3816 4727
6030 2 2 2 1 581 3047 5215
6031 2 2 2 1 337 3542 3574
6032 2 2 2 1 2512 858 4755
6033 2 2 2 1 2871 543 3674
6034 2 2 2 1 1285 2687 3386
6035 2 2 2 1 299 298 3517
6036 2 2 2 1 53 54 3170
6037 2 2 2 1 3651 2350 5494
6038 2 2 2 1 2395 1772 5704
6039 2 2 2 1 2335 2830 5440
6040 2 2 2 1 4208 1353 5523
6041 2 2 2 1 576 3507 3642
6042 2 2 2 1 3690 1605 3847
6043 2 2 2 1 4466 1843 5639
6044 2 2 2 1 572 2412 4966
6045 2 2 2 1 2389 1337 5217
6046 2 2 2 1 3629 1756 5878
6047 2 2 2 1 3682 1314 4498
6048 2 2 2 1 2595 1573 4804
6049 2 2 2 1 3700 814 4953
6050 2 2 2 1 2155 3700 4953
6051 2 2 2 1 1673 3037 5604
6052 2 2 2 1 2522 1397 4162
6053 2 2 2 1 2439 395 5272
6054 2 2 2 1 1225 3162 3258
6055 2 2 2 1 3293 2179 3724
6056 2 2 2 1 406 3651 5494
6057 2 2 2 1 3476 1504 3521
6058 2 2 2 1 3897 761 5672
6059 2 2 2 1 1173 3476 3521
6060 2 2 2 1 3841 739 4150
6061 2 2 2 1 3180 1152 4593
6062 2 2 2 1 1149 2969 3919
6063 2 2 2 1 938 2442 3906
6064 2 2 2 1 3686 595 3967
6065 2 2 2 1 225 2522 4162
6066 2 2 2 1 2547 592 4487
6067 2 2 2 1 3438 804 5657
6068 2 2 2 1 362 2418 5063
6069 2 2 2 1 3337 1059 4250
6070 2 2 2 1 187 2497 3977
6071 2 2 2 1 178 2595 4804
6072 2 2 2 1 1178 2931 3269
6073 2 2 2 1 3284 1171 3847
6074 2 2 2 1 1422 3735 5199
6075 2 2 2 1 1068 4517 5768
6076 2 2 2 1 12 13 3081
6077 2 2 2 1 2459 382 5418
6078 2 2 2 1 2943 612 3162
6079 2 2 2 1 2729 1068 3454
6080 2 2 2 1 3433 394 4172
6081 2 2 2 1 2676 1296 3421
6082 2 2 2 1 317 316 3733
6083 2 2 2 1 2481 44 5610
6084 2 2 2 1 4566 654 5515
6085 2 2 2 1 2627 978 4647
6086 2 2 2 1 3198 1841 5554
6087 2 2 2 1 254 2516 5465
6088 2 2 2 1 1615 2691 5030
6089 2 2 2 1 3358 1714 4179
6090 2 2 2 1 4343 1958 4445
6091 2 2 2 1 1581 4068 4270
6092 2 2 2 1 3717 1175 5942
6093 2 2 2 1 1208 2647 3647
6094 2 2 2 1 2647 401 3647
6095 2 2 2 1 2273 2703 4187
6096 2 2 2 1 1373 4055 4617
6097 2 2 2 1 1523 2470 5136
6098 2 2 2 1 2691 628 5030
6099 2 2 2 1 1804 5182 5469
6100 2 2 2 1 4755 858 4871
6101 2 2 2 1 4055 2194 4617
6102 2 2 2 1 4033 777 5862
6103 2 2 2 1 3238 241 4855
6104 2 2 2 1 2731 375 3716
6105 2 2 2 1 827 2578 5743
6106 2 2 2 1 2634 1281 3492
6107 2 2 2 1 1420 2471 4774
6108 2 2 2 1 4821 1557 5001
6109 2 2 2 1 3095 814 3859
6110 2 2 2 1 2615 1156 3527
6111 2 2 2 1 2965 2275 5008
6112 2 2 2 1 1482 3095 3859
6113 2 2 2 1 2578 1737 5743
6114 2 2 2 1 654 3804 5515
6115 2 2 2 1 2413 1010 5206
6116 2 2 2 1 2470 846 5136
6117 2 2 2 1 2863 1920 5702
6118 2 2 2 1 2177 2734 5155
6119 2 2 2 1 1397 3875 5016
6120 2 2 2 1 1235 2575 4922
6121 2 2 2 1 1417 2452 4782
6122 2 2 2 1 1216 2874 3358
6123 2 2 2 1 944 2863 5702
6124 2 2 2 1 2588 1053 4917
6125 2 2 2 1 1263 2731 3716
6126 2 2 2 1 3838 250 3959
6127 2 2 2 1 4574 534 5131
6128 2 2 2 1 1415 2404 4707
6129 2 2 2 1 1164 2623 3593
6130 2 2 2 1 2428 352 5111
6131 2 2 2 1 3634 2230 5275
6132 2 2 2 1 86 2738 3446
6133 2 2 2 1 1460 2460 3923
6134 2 2 2 1 4355 412 5535
6135 2 2 2 1 2874 417 3358
6136 2 2 2 1 2443 2148 5258
6137 2 2 2 1 2749 393 3740
6138 2 2 2 1 3561 1865 4476
6139 2 2 2 1 2463 895 3907
6140 2 2 2 1 3398 2018 5663
6141 2 2 2 1 975 2741 5328
6142 2 2 2 1 726 2507 4632
6143 2 2 2 1 1741 3985 5575
6144 2 2 2 1 1792 4246 4573
6145 2 2 2 1 3225 1884 3229
6146 2 2 2 1 1550 2620 3755
6147 2 2 2 1 2641 552 5919
6148 2 2 2 1 1131 2748 3336
6149 2 2 2 1 420 4005 5837
6150 2 2 2 1 1830 2641 5919
6151 2 2 2 1 2832 3637 5251
6152 2 2 2 1 915 2422 5034
6153 2 2 2 1 1810 3110 5374
6154 2 2 2 1 2620 1663 3755
6155 2 2 2 1 882 2428 5120
6156 2 2 2 1 2642 1136 4260
6157 2 2 2 1 1035 3225 3229
6158 2 2 2 1 537 3284 4058
6159 2 2 2 1 3153 885 5152
6160 2 2 2 1 4233 2109 5822
6161 2 2 2 1 414 3327 4282
6162 2 2 2 1 1429 3182 4778
6163 2 2 2 1 1937 3153 5152
6164 2 2 2 1 3616 1423 4682
6165 2 2 2 1 2901 1722 4777
6166 2 2 2 1 1452 4127 4601
6167 2 2 2 1 2642 395 4293
6168 2 2 2 1 2942 681 4453
6169 2 2 2 1 5059 1598 5264
6170 2 2 2 1 3284 1605 4058
6171 2 2 2 1 1569 2942 4453
6172 2 2 2 1 2484 1311 4188
6173 2 2 2 1 3145 337 3574
6174 2 2 2 1 4168 453 5164
6175 2 2 2 1 2748 1131 5284
6176 2 2 2 1 3702 1238 5088
6177 2 2 2 1 806 2511 4877
6178 2 2 2 1 1276 2716 3788
6179 2 2 2 1 3756 2005 5329
6180 2 2 2 1 1096 2673 3464
6181 2 2 2 1 2716 527 3788
6182 2 2 2 1 3044 1384 3678
6183 2 2 2 1 425 2406 4384
6184 2 2 2 1 1254 2728 4850
6185 2 2 2 1 597 3044 3678
6186 2 2 2 1 2860 1191 3534
6187 2 2 2 1 4123 1299 4397
6188 2 2 2 1 2414 983 4337
6189 2 2 2 1 1740 2860 3534
6190 2 2 2 1 1003 2483 3866
6191 2 2 2 1 1154 2649 3821
6192 2 2 2 1 3261 1132 3275
6193 2 2 2 1 1960 4126 5782
6194 2 2 2 1 2530 1166 4429
6195 2 2 2 1 2854 3268 5466
6196 2 2 2 1 172 173 3799
6197 2 2 2 1 935 2633 4540
6198 2 2 2 1 1359 2847 3543
6199 2 2 2 1 2819 1794 3341
6200 2 2 2 1 2407 1155 5730
6201 2 2 2 1 1505 3106 3881
6202 2 2 2 1 5047 1184 5277
6203 2 2 2 1 594 3140 3179
6204 2 2 2 1 1165 2698 3430
6205 2 2 2 1 2612 667 3569
6206 2 2 2 1 2756 701 4120
6207 2 2 2 1 2424 939 5597
6208 2 2 2 1 2013 3989 4373
6209 2 2 2 1 1720 3582 5052
6210 2 2 2 1 3140 1259 3179
6211 2 2 2 1 3389 2092 5278
6212 2 2 2 1 384 2416 4436
6213 2 2 2 1 1061 2867 4680
6214 2 2 2 1 456 3389 5278
6215 2 2 2 1 643 2605 4601
6216 2 2 2 1 1447 2930 3807
6217 2 2 2 1 1995 2715 4182
6218 2 2 2 1 2605 1452 4601
6219 2 2 2 1 2797 1750 4438
6220 2 2 2 1 2378 4235 5747
6221 2 2 2 1 1457 2671 4513
6222 2 2 2 1 2412 1354 4966
6223 2 2 2 1 980 2434 4717
6224 2 2 2 1 2790 1159 3665
6225 2 2 2 1 2079 5509 5530
6226 2 2 2 1 3524 1411 3857
6227 2 2 2 1 2876 304 4537
6228 2 2 2 1 1432 3261 3275
6229 2 2 2 1 3071 1443 3804
6230 2 2 2 1 2481 1319 4464
6231 2 2 2 1 1676 2633 5456
6232 2 2 2 1 242 243 3118
6233 2 2 2 1 4883 2216 5164
6234 2 2 2 1 3056 1234 4263
6235 2 2 2 1 2648 960 4012
6236 2 2 2 1 654 3071 3804
6237 2 2 2 1 146 147 5677
6238 2 2 2 1 2610 1226 4331
6239 2 2 2 1 2671 705 4513
6240 2 2 2 1 1031 2985 3589
6241 2 2 2 1 345 2455 4330
6242 2 2 2 1 2064 4409 5497
6243 2 2 2 1 26 27 3120
6244 2 2 2 1 2455 1301 4330
6245 2 2 2 1 1219 2542 3851
6246 2 2 2 1 2542 588 3851
6247 2 2 2 1 3086 1426 3532
6248 2 2 2 1 3867 1222 5207
6249 2 2 2 1 487 2505 5712
6250 2 2 2 1 1752 2873 4571
6251 2 2 2 1 1853 3089 5471
6252 2 2 2 1 4923 2115 5419
6253 2 2 2 1 3144 1225 3258
6254 2 2 2 1 893 2530 3734
6255 2 2 2 1 2069 2767 4762
6256 2 2 2 1 2491 1631 5602
6257 2 2 2 1 1796 2844 4977
6258 2 2 2 1 3378 1439 5639
6259 2 2 2 1 3989 1594 4373
6260 2 2 2 1 1680 2436 5062
6261 2 2 2 1 3294 1939 4975
6262 2 2 2 1 960 2649 4012
6263 2 2 2 1 2633 935 5456
6264 2 2 2 1 437 3294 4975
6265 2 2 2 1 1739 2767 4317
6266 2 2 2 1 1462 2973 4136
6267 2 2 2 1 3243 888 5056
6268 2 2 2 1 2999 1779 5147
6269 2 2 2 1 420 3540 4005
6270 2 2 2 1 3331 590 4811
6271 2 2 2 1 3205 1542 4494
6272 2 2 2 1 2169 4414 5820
6273 2 2 2 1 1423 4400 4682
6274 2 2 2 1 1247 2440 4749
6275 2 2 2 1 1788 2482 5791
6276 2 2 2 1 2751 353 3679
6277 2 2 2 1 2490 581 3874
6278 2 2 2 1 953 3630 5834
6279 2 2 2 1 625 4226 4870
6280 2 2 2 1 939 2424 4280
6281 2 2 2 1 3540 1682 4005
6282 2 2 2 1 1149 4663 5085
6283 2 2 2 1 2437 392 5046
6284 2 2 2 1 1258 2751 3679
6285 2 2 2 1 3330 1115 4455
6286 2 2 2 1 432 3473 3943
6287 2 2 2 1 139 140 4392
6288 2 2 2 1 3674 543 5549
6289 2 2 2 1 3552 1660 3967
6290 2 2 2 1 583 2512 4819
6291 2 2 2 1 4264 2063 5853
6292 2 2 2 1 1152 3130 3134
6293 2 2 2 1 3835 2791 5504
6294 2 2 2 1 3195 1857 3533
6295 2 2 2 1 4230 2089 5221
6296 2 2 2 1 1098 3491 5038
6297 2 2 2 1 3068 1092 3569
6298 2 2 2 1 1020 3195 3533
6299 2 2 2 1 1156 2615 4354
6300 2 2 2 1 2487 559 5530
6301 2 2 2 1 4794 1929 5319
6302 2 2 2 1 2623 688 3593
6303 2 2 2 1 1719 2710 3673
6304 2 2 2 1 2448 592 5335
6305 2 2 2 1 2528 672 5794
6306 2 2 2 1 2710 644 3673
6307 2 2 2 1 2468 624 4029
6308 2 2 2 1 2480 569 3986
6309 2 2 2 1 2426 920 4859
6310 2 2 2 1 3371 468 5570
6311 2 2 2 1 1117 3552 3967
6312 2 2 2 1 1150 3026 5049
6313 2 2 2 1 2714 1650 3455
6314 2 2 2 1 493 2425 4817
6315 2 2 2 1 3768 2229 5237
6316 2 2 2 1 1157 2618 5361
6317 2 2 2 1 3130 1323 3134
6318 2 2 2 1 305 2876 5940
6319 2 2 2 1 861 3423 4160
6320 2 2 2 1 1292 2460 4392
6321 2 2 2 1 548 2501 4533
6322 2 2 2 1 1289 4111 5201
6323 2 2 2 1 2501 1379 4533
6324 2 2 2 1 3561 4476 5723
6325 2 2 2 1 2432 1839 4930
6326 2 2 2 1 2876 1992 5940
6327 2 2 2 1 3423 1689 4160
6328 2 2 2 1 1749 4046 5489
6329 2 2 2 1 1406 3237 3627
6330 2 2 2 1 1293 2612 3993
6331 2 2 2 1 4670 2000 5901
6332 2 2 2 1 1140 2852 4461
6333 2 2 2 1 3914 2327 5633
6334 2 2 2 1 1189 2566 3745
6335 2 2 2 1 472 2431 4863
6336 2 2 2 1 2826 165 5649
6337 2 2 2 1 458 3764 5105
6338 2 2 2 1 854 2437 4262
6339 2 2 2 1 3030 627 3610
6340 2 2 2 1 1949 2994 4320
6341 2 2 2 1 2421 449 4554
6342 2 2 2 1 856 2447 4613
6343 2 2 2 1 2638 1143 3644
6344 2 2 2 1 2751 1258 3954
6345 2 2 2 1 393 2813 3740
6346 2 2 2 1 1206 2565 3789
6347 2 2 2 1 2076 4124 4208
6348 2 2 2 1 664 2599 4876
6349 2 2 2 1 1377 4308 5263
6350 2 2 2 1 1155 3437 3448
6351 2 2 2 1 1490 2469 4048
6352 2 2 2 1 1844 3000 4439
6353 2 2 2 1 2787 914 3426
6354 2 2 2 1 3729 1790 5410
6355 2 2 2 1 2427 866 5241
6356 2 2 2 1 3437 1520 3448
6357 2 2 2 1 1261 2971 3216
6358 2 2 2 1 2546 1454 4746
6359 2 2 2 1 2523 603 3803
6360 2 2 2 1 2505 1204 5712
6361 2 2 2 1 2971 1315 3216
6362 2 2 2 1 3972 1830 5919
6363 2 2 2 1 4663 677 5825
6364 2 2 2 1 1044 2780 3368
6365 2 2 2 1 2697 594 3748
6366 2 2 2 1 1637 3278 3391
6367 2 2 2 1 700 3477 4046
6368 2 2 2 1 3477 1664 4046
6369 2 2 2 1 2984 482 5260
6370 2 2 2 1 1452 2605 3662
6371 2 2 2 1 2534 337 5824
6372 2 2 2 1 1302 2632 3610
6373 2 2 2 1 1141 2828 5343
6374 2 2 2 1 3590 709 4427
6375 2 2 2 1 1862 3590 4427
6376 2 2 2 1 2431 1311 4863
6377 2 2 2 1 85 86 3446
6378 2 2 2 1 1329 2788 3495
6379 2 2 2 1 2565 410 3789
6380 2 2 2 1 2788 561 3495
6381 2 2 2 1 1886 3243 5056
6382 2 2 2 1 356 2608 4274
6383 2 2 2 1 2608 1352 4274
6384 2 2 2 1 983 2882 4552
6385 2 2 2 1 1392 4096 4678
6386 2 2 2 1 973 2989 3924
6387 2 2 2 1 4096 2215 4678
6388 2 2 2 1 3278 1066 3391
6389 2 2 2 1 2609 404 4322
6390 2 2 2 1 1592 2709 5010
6391 2 2 2 1 1158 2819 3341
6392 2 2 2 1 2453 1483 5065
6393 2 2 2 1 862 2546 4746
6394 2 2 2 1 4069 2995 4966
6395 2 2 2 1 1145 2980 3218
6396 2 2 2 1 2932 1221 3355
6397 2 2 2 1 1394 2667 4327
6398 2 2 2 1 2709 358 5010
6399 2 2 2 1 1079 2556 3749
6400 2 2 2 1 3072 1148 3904
6401 2 2 2 1 682 3050 3672
6402 2 2 2 1 1371 2609 4322
6403 2 2 2 1 2556 1079 5761
6404 2 2 2 1 565 2932 3355
6405 2 2 2 1 3179 1259 3310
6406 2 2 2 1 2622 1000 4140
6407 2 2 2 1 2574 1147 3722
6408 2 2 2 1 3050 1375 3672
6409 2 2 2 1 1406 2968 3237
6410 2 2 2 1 2979 1185 3559
6411 2 2 2 1 1563 3068 3569
6412 2 2 2 1 949 2744 5896
6413 2 2 2 1 2667 408 4327
6414 2 2 2 1 1493 2502 3916
6415 2 2 2 1 2819 1158 3560
6416 2 2 2 1 3576 919 5410
6417 2 2 2 1 4026 2015 5804
6418 2 2 2 1 2726 1246 4956
6419 2 2 2 1 2739 1594 5566
6420 2 2 2 1 809 2772 3810
6421 2 2 2 1 4386 785 5568
6422 2 2 2 1 2705 668 3847
6423 2 2 2 1 2456 972 4220
6424 2 2 2 1 2566 391 3745
6425 2 2 2 1 180 181 3160
6426 2 2 2 1 2438 1604 4488
6427 2 2 2 1 2937 1094 3932
6428 2 2 2 1 687 4121 4954
6429 2 2 2 1 2931 565 3269
6430 2 2 2 1 2741 33 5103
6431 2 2 2 1 265 266 5790
6432 2 2 2 1 2525 480 3931
6433 2 2 2 1 1149 2924 4663
6434 2 2 2 1 3312 1484 3992
6435 2 2 2 1 101 3503 4061
6436 2 2 2 1 2497 1338 3977
6437 2 2 2 1 2772 1302 3810
6438 2 2 2 1 3716 375 3790
6439 2 2 2 1 2566 1189 5585
6440 2 2 2 1 991 3087 3946
6441 2 2 2 1 2946 1059 3337
6442 2 2 2 1 1247 3281 5045
6443 2 2 2 1 2475 509 5254
6444 2 2 2 1 1656 2937 3932
6445 2 2 2 1 4703 1728 5048
6446 2 2 2 1 874 2584 5096
6447 2 2 2 1 1019 2695 3541
6448 2 2 2 1 553 2849 4122
6449 2 2 2 1 1114 2681 3568
6450 2 2 2 1 719 2478 4108
6451 2 2 2 1 1424 3006 3939
6452 2 2 2 1 1218 2946 3337
6453 2 2 2 1 3006 662 3939
6454 2 2 2 1 3572 944 4689
6455 2 2 2 1 5119 2050 5224
6456 2 2 2 1 4868 1908 5150
6457 2 2 2 1 990 3024 4587
6458 2 2 2 1 3340 1910 3363
6459 2 2 2 1 2820 536 5476
6460 2 2 2 1 1465 2565 3763
6461 2 2 2 1 1246 2726 3731
6462 2 2 2 1 2629 1086 3659
6463 2 2 2 1 2726 40 3731
6464 2 2 2 1 2496 2793 4795
6465 2 2 2 1 897 2461 5079
6466 2 2 2 1 2461 1486 5079
6467 2 2 2 1 2535 540 3853
6468 2 2 2 1 2908 423 4241
6469 2 2 2 1 4505 2529 5188
6470 2 2 2 1 1487 2908 4241
6471 2 2 2 1 958 2720 4827
6472 2 2 2 1 3760 2009 4577
6473 2 2 2 1 998 3760 4577
6474 2 2 2 1 3658 799 5865
6475 2 2 2 1 616 3340 3363
6476 2 2 2 1 2643 1786 3854
6477 2 2 2 1 3060 652 3776
6478 2 2 2 1 1431 3063 3855
6479 2 2 2 1 965 2519 3918
6480 2 2 2 1 2543 1141 5803
6481 2 2 2 1 3519 4212 5693
6482 2 2 2 1 1984 3838 5013
6483 2 2 2 1 1356 3885 5300
6484 2 2 2 1 1723 3507 4123
6485 2 2 2 1 4578 591 4810
6486 2 2 2 1 3063 731 3855
6487 2 2 2 1 4674 2681 5627
6488 2 2 2 1 2642 964 3646
6489 2 2 2 1 3579 535 5716
6490 2 2 2 1 2824 1856 5354
6491 2 2 2 1 1236 2502 5777
6492 2 2 2 1 1496 3576 4290
6493 2 2 2 1 583 4819 5528
6494 2 2 2 1 3453 672 5490
6495 2 2 2 1 3049 1704 4968
6496 2 2 2 1 1828 2549 5831
6497 2 2 2 1 672 5047 5490
6498 2 2 2 1 2697 1515 5638
6499 2 2 2 1 1204 2538 5712
6500 2 2 2 1 1231 3460 3734
6501 2 2 2 1 3182 4624 4778
6502 2 2 2 1 521 3113 5454
6503 2 2 2 1 3019 1062 4560
6504 2 2 2 1 1371 2979 3752
6505 2 2 2 1 2628 463 4251
6506 2 2 2 1 4660 581 5215
6507 2 2 2 1 849 2448 4449
6508 2 2 2 1 2979 645 3752
6509 2 2 2 1 3151 488 3440
6510 2 2 2 1 2733 1081 3502
6511 2 2 2 1 1329 3151 3440
6512 2 2 2 1 1518 2787 3426
6513 2 2 2 1 3083 1642 4556
6514 2 2 2 1 3519 415 4497
6515 2 2 2 1 2442 938 4583
6516 2 2 2 1 1461 3528 4229
6517 2 2 2 1 1516 3706 4918
6518 2 2 2 1 1288 3246 3518
6519 2 2 2 1 3676 2851 4654
6520 2 2 2 1 2470 1523 4223
6521 2 2 2 1 1425 2507 4787
6522 2 2 2 1 349 3083 4556
6523 2 2 2 1 2519 965 3966
6524 2 2 2 1 1499 4900 5042
6525 2 2 2 1 724 2672 3611
6526 2 2 2 1 3225 1035 4200
6527 2 2 2 1 1308 2454 4481
6528 2 2 2 1 1654 4517 5881
6529 2 2 2 1 2850 259 3607
6530 2 2 2 1 554 3956 4610
6531 2 2 2 1 167 168 4667
6532 2 2 2 1 2775 252 4677
6533 2 2 2 1 428 2469 5110
6534 2 2 2 1 2151 3879 4839
6535 2 2 2 1 3879 1466 4839
6536 2 2 2 1 3246 1393 3518
6537 2 2 2 1 2564 512 5920
6538 2 2 2 1 2512 583 4305
6539 2 2 2 1 4820 762 5459
6540 2 2 2 1 4579 2108 5902
6541 2 2 2 1 4450 2678 5695
6542 2 2 2 1 3956 2075 4610
6543 2 2 2 1 2469 1490 5110
6544 2 2 2 1 1468 2874 5592
6545 2 2 2 1 533 2683 3643
6546 2 2 2 1 4675 460 5593
6547 2 2 2 1 4471 2277 5752
6548 2 2 2 1 2466 1536 5838
6549 2 2 2 1 1305 2512 4305
6550 2 2 2 1 1653 5367 5690
6551 2 2 2 1 3039 1548 3685
6552 2 2 2 1 922 2540 4740
6553 2 2 2 1 2540 1430 4740
6554 2 2 2 1 2526 1004 5795
6555 2 2 2 1 971 2809 5367
6556 2 2 2 1 1508 2892 4609
6557 2 2 2 1 472 2484 4154
6558 2 2 2 1 986 3039 3685
6559 2 2 2 1 2464 1003 4376
6560 2 2 2 1 475 3778 4600
6561 2 2 2 1 42 43 3322
6562 2 2 2 1 3571 2543 5803
6563 2 2 2 1 3231 1184 5047
6564 2 2 2 1 318 2909 5709
6565 2 2 2 1 2973 1255 4136
6566 2 2 2 1 3935 2403 5039
6567 2 2 2 1 2674 4242 5289
6568 2 2 2 1 1897 2769 4056
6569 2 2 2 1 3386 1651 4008
6570 2 2 2 1 1193 2702 3654
6571 2 2 2 1 1108 3699 5231
6572 2 2 2 1 515 3046 5239
6573 2 2 2 1 1679 3615 4534
6574 2 2 2 1 612 2918 3555
6575 2 2 2 1 2526 409 3974
6576 2 2 2 1 2463 529 4927
6577 2 2 2 1 1577 2738 4935
6578 2 2 2 1 1167 2791 3899
6579 2 2 2 1 2821 674 3534
6580 2 2 2 1 1231 3734 5035
6581 2 2 2 1 2738 87 4935
6582 2 2 2 1 2096 2726 4956
6583 2 2 2 1 2398 5572 5645
6584 2 2 2 1 4001 2948 5367
6585 2 2 2 1 2540 922 5848
6586 2 2 2 1 3037 1947 5588
6587 2 2 2 1 3058 1317 5346
6588 2 2 2 1 367 3037 5588
6589 2 2 2 1 3551 757 5627
6590 2 2 2 1 3583 335 5774
6591 2 2 2 1 359 3395 4458
6592 2 2 2 1 3395 1760 4458
6593 2 2 2 1 832 3253 3329
6594 2 2 2 1 3253 1519 3329
6595 2 2 2 1 1190 2918 3331
6596 2 2 2 1 526 2491 5282
6597 2 2 2 1 2479 919 4244
6598 2 2 2 1 2699 393 3597
6599 2 2 2 1 2667 1394 3668
6600 2 2 2 1 617 3801 5273
6601 2 2 2 1 2052 3666 3852
6602 2 2 2 1 1414 2661 3846
6603 2 2 2 1 5069 1962 5929
6604 2 2 2 1 1004 2458 4634
6605 2 2 2 1 2661 892 3846
6606 2 2 2 1 2776 401 4637
6607 2 2 2 1 634 4459 5345
6608 2 2 2 1 2073 2749 3740
6609 2 2 2 1 5202 1910 5527
6610 2 2 2 1 2791 1167 3972
6611 2 2 2 1 3666 518 3852
6612 2 2 2 1 1389 2801 4231
6613 2 2 2 1 2467 1434 4944
6614 2 2 2 1 1193 2725 3794
6615 2 2 2 1 4838 689 4888
6616 2 2 2 1 1323 2558 5808
6617 2 2 2 1 528 2615 4115
6618 2 2 2 1 3682 634 5345
6619 2 2 2 1 1891 3572 4689
6620 2 2 2 1 3170 1071 5511
6621 2 2 2 1 1849 2607 4555
6622 2 2 2 1 3335 1007 5165
6623 2 2 2 1 2609 1371 3752
6624 2 2 2 1 2296 4578 4810
6625 2 2 2 1 1427 3572 5200
6626 2 2 2 1 184 2734 4950
6627 2 2 2 1 3159 1175 5357
6628 2 2 2 1 2472 1050 4435
6629 2 2 2 1 624 2468 4872
6630 2 2 2 1 1361 3781 3881
6631 2 2 2 1 3017 1025 3270
6632 2 2 2 1 3818 1776 4765
6633 2 2 2 1 2713 97 3600
6634 2 2 2 1 2715 1607 4182
6635 2 2 2 1 1289 5201 5783
6636 2 2 2 1 69 70 3259
6637 2 2 2 1 2477 774 4369
6638 2 2 2 1 2551 962 5804
6639 2 2 2 1 5532 1735 5533
6640 2 2 2 1 347 2495 5301
6641 2 2 2 1 1813 2571 4221
6642 2 2 2 1 1792 2856 4246
6643 2 2 2 1 2110 4054 5453
6644 2 2 2 1 2902 1360 3878
6645 2 2 2 1 2006 3588 4838
6646 2 2 2 1 1457 3213 3302
6647 2 2 2 1 3699 1813 4221
6648 2 2 2 1 713 3699 4221
6649 2 2 2 1 680 2902 3878
6650 2 2 2 1 1602 4553 4793
6651 2 2 2 1 4553 2462 4793
6652 2 2 2 1 1307 2603 4194
6653 2 2 2 1 93 2840 5903
6654 2 2 2 1 2725 1193 3654
6655 2 2 2 1 2504 350 5394
6656 2 2 2 1 2480 866 4335
6657 2 2 2 1 2575 239 4922
6658 2 2 2 1 1224 3396 4030
6659 2 2 2 1 1866 2945 3743
6660 2 2 2 1 1947 3037 5856
6661 2 2 2 1 2561 975 5807
6662 2 2 2 1 2603 587 4194
6663 2 2 2 1 2515 1817 5481
6664 2 2 2 1 3008 1445 3290
6665 2 2 2 1 3751 583 5528
6666 2 2 2 1 2584 1491 4934
6667 2 2 2 1 2165 3385 5875
6668 2 2 2 1 196 197 3754
6669 2 2 2 1 503 2584 4934
6670 2 2 2 1 2308 4148 5815
6671 2 2 2 1 923 2571 5873
6672 2 2 2 1 2060 4420 5014
6673 2 2 2 1 846 2470 4501
6674 2 2 2 1 374 2524 5533
6675 2 2 2 1 1903 3764 4374
6676 2 2 2 1 2036 3749 5437
6677 2 2 2 1 2488 1390 4705
6678 2 2 2 1 1336 2516 4098
6679 2 2 2 1 3764 458 4374
6680 2 2 2 1 2865 1324 3815
6681 2 2 2 1 1463 2618 3757
6682 2 2 2 1 59 2819 3560
6683 2 2 2 1 970 2966 5513
6684 2 2 2 1 581 2490 5134
6685 2 2 2 1 3699 2140 5231
6686 2 2 2 1 689 3561 4888
6687 2 2 2 1 671 2865 3815
6688 2 2 2 1 1184 3267 4818
6689 2 2 2 1 3162 612 3258
6690 2 2 2 1 2558 1556 4265
6691 2 2 2 1 1446 2795 4359
6692 2 2 2 1 2840 1905 5903
6693 2 2 2 1 802 2488 4705
6694 2 2 2 1 2759 524 3550
6695 2 2 2 1 1530 2859 3988
6696 2 2 2 1 569 2480 4469
6697 2 2 2 1 3232 306 5940
6698 2 2 2 1 2795 602 4359
6699 2 2 2 1 2929 542 4864
6700 2 2 2 1 1217 2943 3349
6701 2 2 2 1 589 2558 4265
6702 2 2 2 1 3040 1159 3285
6703 2 2 2 1 1615 3716 3790
6704 2 2 2 1 1262 2803 5012
6705 2 2 2 1 2076 4208 5523
6706 2 2 2 1 2062 2474 4643
6707 2 2 2 1 426 2693 4183
6708 2 2 2 1 639 3381 3899
6709 2 2 2 1 2520 884 5792
6710 2 2 2 1 1116 2508 4366
6711 2 2 2 1 2752 1692 3813
6712 2 2 2 1 2971 612 3555
6713 2 2 2 1 2542 1219 4860
6714 2 2 2 1 4273 699 4545
6715 2 2 2 1 1230 2536 5022
6716 2 2 2 1 2842 989 4214
6717 2 2 2 1 1053 2588 5939
6718 2 2 2 1 1388 3189 3578
6719 2 2 2 1 876 3347 4138
6720 2 2 2 1 3100 1832 5133
6721 2 2 2 1 2528 1318 4079
6722 2 2 2 1 3209 888 3243
6723 2 2 2 1 1169 2817 4192
6724 2 2 2 1 1148 3266 3904
6725 2 2 2 1 550 3100 5133
6726 2 2 2 1 1591 2501 5257
6727 2 2 2 1 1578 2760 5445
6728 2 2 2 1 3212 787 4130
6729 2 2 2 1 2984 1747 5518
6730 2 2 2 1 2493 1124 5647
6731 2 2 2 1 4224 1785 5434
6732 2 2 2 1 2745 595 3586
6733 2 2 2 1 1730 3238 4855
6734 2 2 2 1 2495 942 4336
6735 2 2 2 1 3349 1260 4339
6736 2 2 2 1 3202 1362 3233
6737 2 2 2 1 3836 1821 4119
6738 2 2 2 1 1311 2484 4863
6739 2 2 2 1 1436 3836 4119
6740 2 2 2 1 3372 1724 5303
6741 2 2 2 1 596 3291 3537
6742 2 2 2 1 2855 1291 4198
6743 2 2 2 1 467 2509 4993
6744 2 2 2 1 2607 2276 4555
6745 2 2 2 1 3443 1573 4413
6746 2 2 2 1 2509 1472 4993
6747 2 2 2 1 4050 1413 4702
6748 2 2 2 1 1079 2659 5761
6749 2 2 2 1 1378 2552 4019
6750 2 2 2 1 2146 4050 4702
6751 2 2 2 1 2082 2494 5091
6752 2 2 2 1 2999 2491 5520
6753 2 2 2 1 2817 1168 5907
6754 2 2 2 1 140 3429 4392
6755 2 2 2 1 1550 2882 3425
6756 2 2 2 1 3409 536 5877
6757 2 2 2 1 2575 1235 3976
6758 2 2 2 1 1724 2583 5889
6759 2 2 2 1 1201 2853 3453
6760 2 2 2 1 936 2621 5521
6761 2 2 2 1 1525 2593 5503
6762 2 2 2 1 1804 2587 3931
6763 2 2 2 1 2890 471 4750
6764 2 2 2 1 295 294 3274
6765 2 2 2 1 3385 442 5875
6766 2 2 2 1 2621 1644 5521
6767 2 2 2 1 239 2575 4984
6768 2 2 2 1 5452 1749 5830
6769 2 2 2 1 2484 472 4863
6770 2 2 2 1 66 67 3273
6771 2 2 2 1 863 4020 5811
6772 2 2 2 1 2490 852 4448
6773 2 2 2 1 2893 1163 4526
6774 2 2 2 1 1210 2590 5430
6775 2 2 2 1 2693 1965 4201
6776 2 2 2 1 925 2805 4357
6777 2 2 2 1 1028 2504 5504
6778 2 2 2 1 1061 2527 5463
6779 2 2 2 1 165 166 5649
6780 2 2 2 1 3265 1837 5460
6781 2 2 2 1 2598 1421 3914
6782 2 2 2 1 3297 1128 4275
6783 2 2 2 1 1724 3287 5337
6784 2 2 2 1 2632 455 3809
6785 2 2 2 1 4082 680 5564
6786 2 2 2 1 1145 2889 3739
6787 2 2 2 1 2562 1377 4335
6788 2 2 2 1 2862 531 5727
6789 2 2 2 1 361 2725 3654
6790 2 2 2 1 567 2479 5688
6791 2 2 2 1 1281 3367 5914
6792 2 2 2 1 1051 4495 5733
6793 2 2 2 1 1081 2733 3636
6794 2 2 2 1 3087 1416 3946
6795 2 2 2 1 2497 935 4540
6796 2 2 2 1 696 3415 4619
6797 2 2 2 1 3415 1802 4619
6798 2 2 2 1 266 3587 5790
6799 2 2 2 1 677 4083 5825
6800 2 2 2 1 1062 3186 4560
6801 2 2 2 1 866 2562 4335
6802 2 2 2 1 2610 116 5880
6803 2 2 2 1 3747 1374 4421
6804 2 2 2 1 989 2691 4214
6805 2 2 2 1 1430 2540 5565
6806 2 2 2 1 1506 4769 4789
6807 2 2 2 1 1301 3500 3578
6808 2 2 2 1 1338 2497 4540
6809 2 2 2 1 2543 411 4101
6810 2 2 2 1 1449 3388 5391
6811 2 2 2 1 3358 4179 5475
6812 2 2 2 1 2487 1036 4800
6813 2 2 2 1 2008 4431 5574
6814 2 2 2 1 2949 604 3479
6815 2 2 2 1 5385 2104 5449
6816 2 2 2 1 2805 1450 4357
6817 2 2 2 1 889 2984 4370
6818 2 2 2 1 1168 2631 4186
6819 2 2 2 1 1355 3055 3709
6820 2 2 2 1 3070 582 4979
6821 2 2 2 1 783 2556 5650
6822 2 2 2 1 1749 3822 5830
6823 2 2 2 1 2984 1525 4370
6824 2 2 2 1 1565 3720 4081
6825 2 2 2 1 1426 2514 4484
6826 2 2 2 1 3015 2561 4816
6827 2 2 2 1 2021 3438 5657
6828 2 2 2 1 821 3398 5663
6829 2 2 2 1 3055 600 3709
6830 2 2 2 1 2600 1716 4890
6831 2 2 2 1 4223 1523 4874
6832 2 2 2 1 913 2624 5715
6833 2 2 2 1 2944 1518 3726
6834 2 2 2 1 974 2944 3726
6835 2 2 2 1 2863 944 3572
6836 2 2 2 1 2944 974 4272
6837 2 2 2 1 559 3107 4836
6838 2 2 2 1 234 2600 4890
6839 2 2 2 1 1252 3374 3652
6840 2 2 2 1 3089 998 5471
6841 2 2 2 1 4017 504 4919
6842 2 2 2 1 685 3026 4452
6843 2 2 2 1 3555 1190 3574
6844 2 2 2 1 2499 857 4411
6845 2 2 2 1 375 2721 3790
6846 2 2 2 1 1822 3081 5640
6847 2 2 2 1 2214 4017 4919
6848 2 2 2 1 127 128 3298
6849 2 2 2 1 1234 3514 4263
6850 2 2 2 1 78 79 3301
6851 2 2 2 1 1191 2821 3534
6852 2 2 2 1 411 2543 5546
6853 2 2 2 1 4624 1427 5200
6854 2 2 2 1 4442 1217 5698
6855 2 2 2 1 650 3708 4899
6856 2 2 2 1 2762 1471 3618
6857 2 2 2 1 2511 1702 5658
6858 2 2 2 1 961 2510 5094
6859 2 2 2 1 1032 2755 3628
6860 2 2 2 1 2515 1590 4701
6861 2 2 2 1 1261 3144 3258
6862 2 2 2 1 2573 1230 5022
6863 2 2 2 1 391 3242 5334
6864 2 2 2 1 1312 2504 5394
6865 2 2 2 1 2649 348 3821
6866 2 2 2 1 339 4439 4684
6867 2 2 2 1 1182 3202 3233
6868 2 2 2 1 1364 3490 4016
6869 2 2 2 1 2563 530 4084
6870 2 2 2 1 3490 1616 4016
6871 2 2 2 1 2997 211 5491
6872 2 2 2 1 2617 905 3929
6873 2 2 2 1 5258 2148 5362
6874 2 2 2 1 1951 5565 5866
6875 2 2 2 1 3896 1575 5153
6876 2 2 2 1 5278 2092 5353
6877 2 2 2 1 1603 3021 3770
6878 2 2 2 1 2796 1069 4190
6879 2 2 2 1 1570 4883 5164
6880 2 2 2 1 3955 2396 5323
6881 2 2 2 1 746 2643 3854
6882 2 2 2 1 1389 2796 4190
6883 2 2 2 1 2624 421 4638
6884 2 2 2 1 3912 3060 5085
6885 2 2 2 1 561 2788 3596
6886 2 2 2 1 1582 3955 5323
6887 2 2 2 1 1873 2496 4795
6888 2 2 2 1 561 2867 3495
6889 2 2 2 1 112 113 3316
6890 2 2 2 1 2864 958 4827
6891 2 2 2 1 921 2647 4232
6892 2 2 2 1 1015 2550 4170
6893 2 2 2 1 2498 459 4789
6894 2 2 2 1 1900 4519 5661
6895 2 2 2 1 2953 1595 5111
6896 2 2 2 1 2503 1607 4786
6897 2 2 2 1 1334 2577 4080
6898 2 2 2 1 1411 2517 4791
6899 2 2 2 1 2529 1403 5188
6900 2 2 2 1 1267 2896 3695
6901 2 2 2 1 2727 286 5675
6902 2 2 2 1 3110 342 5374
6903 2 2 2 1 1589 3209 3243
6904 2 2 2 1 3784 1738 5196
6905 2 2 2 1 542 2929 3869
6906 2 2 2 1 2517 945 4791
6907 2 2 2 1 2518 1330 4531
6908 2 2 2 1 192 2712 3920
6909 2 2 2 1 2889 669 3739
6910 2 2 2 1 593 4079 5793
6911 2 2 2 1 104 105 3375
6912 2 2 2 1 4105 1495 4720
6913 2 2 2 1 579 3285 3979
6914 2 2 2 1 547 2546 4196
6915 2 2 2 1 1088 3852 5734
6916 2 2 2 1 2107 3485 5045
6917 2 2 2 1 3301 1222 3867
6918 2 2 2 1 3035 1858 3917
6919 2 2 2 1 987 2541 5405
6920 2 2 2 1 2523 1746 5157
6921 2 2 2 1 1191 2860 3754
6922 2 2 2 1 1416 3686 3946
6923 2 2 2 1 3655 1536 4894
6924 2 2 2 1 750 3616 3772
6925 2 2 2 1 3240 1194 5225
6926 2 2 2 1 3434 1403 3445
6927 2 2 2 1 1222 3434 3445
6928 2 2 2 1 3686 1660 3946
6929 2 2 2 1 2588 575 4520
6930 2 2 2 1 2896 635 3695
6931 2 2 2 1 3094 991 3946
6932 2 2 2 1 1660 3094 3946
6933 2 2 2 1 4009 505 5805
6934 2 2 2 1 116 2610 4331
6935 2 2 2 1 1244 3862 3913
6936 2 2 2 1 1311 2756 4120
6937 2 2 2 1 3616 1585 3772
6938 2 2 2 1 4710 2363 5722
6939 2 2 2 1 927 2518 4413
6940 2 2 2 1 3565 1184 4818
6941 2 2 2 1 3443 4413 5911
6942 2 2 2 1 2555 586 5139
6943 2 2 2 1 1721 3875 4600
6944 2 2 2 1 2509 467 4781
6945 2 2 2 1 1814 2575 5883
6946 2 2 2 1 1558 3766 4784
6947 2 2 2 1 4769 1668 5100
6948 2 2 2 1 2907 509 4304
6949 2 2 2 1 4337 1263 5477
6950 2 2 2 1 2845 687 4465
6951 2 2 2 1 3251 1266 3304
6952 2 2 2 1 1967 3065 5926
6953 2 2 2 1 3148 1645 3715
6954 2 2 2 1 470 4056 4581
6955 2 2 2 1 1292 3148 3715
6956 2 2 2 1 84 85 5175
6957 2 2 2 1 4056 2066 4581
6958 2 2 2 1 4762 1671 5205
6959 2 2 2 1 1189 3085 4660
6960 2 2 2 1 1318 2528 5794
6961 2 2 2 1 1013 2625 3980
6962 2 2 2 1 1808 4160 5603
6963 2 2 2 1 4925 845 5450
6964 2 2 2 1 3388 1449 4311
6965 2 2 2 1 1712 2693 4201
6966 2 2 2 1 3842 1281 5914
6967 2 2 2 1 3043 451 5629
6968 2 2 2 1 3912 1883 4251
6969 2 2 2 1 2962 1529 4482
6970 2 2 2 1 2453 2938 4566
6971 2 2 2 1 662 3006 3892
6972 2 2 2 1 753 2962 4482
6973 2 2 2 1 978 2926 4647
6974 2 2 2 1 3006 1383 3892
6975 2 2 2 1 3491 435 5189
6976 2 2 2 1 3435 648 4125
6977 2 2 2 1 463 3912 4251
6978 2 2 2 1 3066 15 4485
6979 2 2 2 1 1067 2534 4375
6980 2 2 2 1 3958 2531 5863
6981 2 2 2 1 3147 1012 5387
6982 2 2 2 1 2580 492 5676
6983 2 2 2 1 538 2530 4429
6984 2 2 2 1 97 98 3600
6985 2 2 2 1 98 99 5229
6986 2 2 2 1 1689 2708 5603
6987 2 2 2 1 1316 3014 3628
6988 2 2 2 1 890 2539 4311
6989 2 2 2 1 3691 1387 4554
6990 2 2 2 1 345 2785 5810
6991 2 2 2 1 837 4474 4655
6992 2 2 2 1 631 4053 4136
6993 2 2 2 1 3410 3033 5191
6994 2 2 2 1 1407 3313 3444
6995 2 2 2 1 2722 1005 3742
6996 2 2 2 1 2708 729 5603
6997 2 2 2 1 1201 3958 5863
6998 2 2 2 1 2431 2835 5905
6999 2 2 2 1 1194 3295 5225
7000 2 2 2 1 3014 1032 3628
7001 2 2 2 1 4474 2326 4655
7002 2 2 2 1 585 2836 4173
7003 2 2 2 1 31 32 3964
7004 2 2 2 1 725 2527 4468
7005 2 2 2 1 3715 647 3923
7006 2 2 2 1 688 2581 4145
7007 2 2 2 1 3941 753 5124
7008 2 2 2 1 1905 2893 5903
7009 2 2 2 1 2527 1329 5463
7010 2 2 2 1 2893 92 5903
7011 2 2 2 1 250 251 3959
7012 2 2 2 1 2414 4337 5477
7013 2 2 2 1 2514 1426 4699
7014 2 2 2 1 3796 1893 5318
7015 2 2 2 1 3733 316 4741
7016 2 2 2 1 3383 2336 5043
7017 2 2 2 1 351 5480 5926
7018 2 2 2 1 1829 2997 5491
7019 2 2 2 1 3795 2143 4819
7020 2 2 2 1 4508 778 5000
7021 2 2 2 1 3221 1264 5536
7022 2 2 2 1 1999 3221 5536
7023 2 2 2 1 3132 1509 4171
7024 2 2 2 1 530 2904 4759
7025 2 2 2 1 2636 398 4910
7026 2 2 2 1 729 2708 3787
7027 2 2 2 1 647 3132 4171
7028 2 2 2 1 3531 2670 5102
7029 2 2 2 1 2832 486 4941
7030 2 2 2 1 259 260 3607
7031 2 2 2 1 3863 2126 5478
7032 2 2 2 1 613 2790 3665
7033 2 2 2 1 613 4006 4882
7034 2 2 2 1 2707 1244 3913
7035 2 2 2 1 1119 2798 3648
7036 2 2 2 1 940 2707 3913
7037 2 2 2 1 539 2946 3499
7038 2 2 2 1 201 202 3903
7039 2 2 2 1 357 3263 3591
7040 2 2 2 1 1707 3516 5184
7041 2 2 2 1 245 246 3991
7042 2 2 2 1 587 2603 5667
7043 2 2 2 1 2066 4285 4581
7044 2 2 2 1 1650 2714 5455
7045 2 2 2 1 787 3470 4130
7046 2 2 2 1 2865 671 4048
7047 2 2 2 1 1461 3472 4228
7048 2 2 2 1 3190 1225 3479
7049 2 2 2 1 1427 2863 3572
7050 2 2 2 1 3472 1670 4228
7051 2 2 2 1 2635 601 4021
7052 2 2 2 1 1081 3122 3424
7053 2 2 2 1 926 2555 4309
7054 2 2 2 1 3467 2235 4746
7055 2 2 2 1 2530 538 5035
7056 2 2 2 1 2570 441 5516
7057 2 2 2 1 1647 2704 3907
7058 2 2 2 1 3985 1304 5617
7059 2 2 2 1 1258 3179 3310
7060 2 2 2 1 1860 3113 5796
7061 2 2 2 1 1279 2560 5341
7062 2 2 2 1 73 74 4642
7063 2 2 2 1 930 2740 4678
7064 2 2 2 1 2946 1218 3499
7065 2 2 2 1 924 2524 5290
7066 2 2 2 1 1295 3888 4876
7067 2 2 2 1 2714 490 5455
7068 2 2 2 1 2715 1200 4521
7069 2 2 2 1 3323 1417 4063
7070 2 2 2 1 2543 1316 5546
7071 2 2 2 1 2618 1157 5909
7072 2 2 2 1 3100 2398 4853
7073 2 2 2 1 4683 1521 4858
7074 2 2 2 1 4006 2108 4882
7075 2 2 2 1 3445 644 5207
7076 2 2 2 1 444 2933 5051
7077 2 2 2 1 974 2974 4272
7078 2 2 2 1 3826 1668 4769
7079 2 2 2 1 751 3434 4988
7080 2 2 2 1 2974 1480 4272
7081 2 2 2 1 4899 3708 5349
7082 2 2 2 1 3632 1658 4044
7083 2 2 2 1 4265 1556 4887
7084 2 2 2 1 2527 725 4748
7085 2 2 2 1 2860 1740 5448
7086 2 2 2 1 107 108 4381
7087 2 2 2 1 1336 3632 4044
7088 2 2 2 1 1141 5343 5803
7089 2 2 2 1 77 78 3867
7090 2 2 2 1 5585 1189 5897
7091 2 2 2 1 2244 3791 5296
7092 2 2 2 1 2077 3172 4821
7093 2 2 2 1 4681 641 4688
7094 2 2 2 1 3791 992 5296
7095 2 2 2 1 2982 1361 3881
7096 2 2 2 1 1849 3738 4378
7097 2 2 2 1 1341 2623 4454
7098 2 2 2 1 1633 2601 5650
7099 2 2 2 1 195 2860 5448
7100 2 2 2 1 2721 1196 3790
7101 2 2 2 1 2601 783 5650
7102 2 2 2 1 1035 2765 4200
7103 2 2 2 1 3738 1401 4378
7104 2 2 2 1 1480 2594 4978
7105 2 2 2 1 3067 3990 4903
7106 2 2 2 1 3213 1153 3302
7107 2 2 2 1 2594 963 4978
7108 2 2 2 1 405 2982 3881
7109 2 2 2 1 4604 752 4765
7110 2 2 2 1 2765 1363 4200
7111 2 2 2 1 2580 922 5584
7112 2 2 2 1 575 2588 4917
7113 2 2 2 1 2649 1154 4012
7114 2 2 2 1 631 3216 3452
7115 2 2 2 1 2615 1192 4115
7116 2 2 2 1 1178 2850 3607
7117 2 2 2 1 3352 2188 5446
7118 2 2 2 1 1444 2574 4547
7119 2 2 2 1 283 282 3481
7120 2 2 2 1 1737 2578 5551
7121 2 2 2 1 461 3187 3705
7122 2 2 2 1 3216 1315 3452
7123 2 2 2 1 2039 3666 5256
7124 2 2 2 1 3071 654 3770
7125 2 2 2 1 4655 1449 5391
7126 2 2 2 1 4074 487 5712
7127 2 2 2 1 373 2540 4557
7128 2 2 2 1 723 4410 4573
7129 2 2 2 1 50 51 3661
7130 2 2 2 1 2538 4074 5712
7131 2 2 2 1 3719 2186 5287
7132 2 2 2 1 5572 1685 5645
7133 2 2 2 1 372 3719 5287
7134 2 2 2 1 2533 617 5273
7135 2 2 2 1 3027 1649 5044
7136 2 2 2 1 2593 482 4203
7137 2 2 2 1 1450 3117 3996
7138 2 2 2 1 1372 3071 3770
7139 2 2 2 1 1286 2567 4961
7140 2 2 2 1 991 3094 4096
7141 2 2 2 1 2080 3595 5797
7142 2 2 2 1 2558 589 5808
7143 2 2 2 1 471 3059 4750
7144 2 2 2 1 2560 354 5341
7145 2 2 2 1 1425 3348 3529
7146 2 2 2 1 3187 1396 3705
7147 2 2 2 1 1237 2643 4312
7148 2 2 2 1 2816 1879 5692
7149 2 2 2 1 2918 1190 3555
7150 2 2 2 1 2816 29 4493
7151 2 2 2 1 3465 348 3675
7152 2 2 2 1 2666 1006 4949
7153 2 2 2 1 28 2816 5692
7154 2 2 2 1 1495 2666 4949
7155 2 2 2 1 2986 1023 4920
7156 2 2 2 1 3010 1135 3456
7157 2 2 2 1 871 2589 5368
7158 2 2 2 1 185 5023 5155
7159 2 2 2 1 921 4590 5059
7160 2 2 2 1 1368 3069 4812
7161 2 2 2 1 3175 1410 3354
7162 2 2 2 1 4590 2533 5059
7163 2 2 2 1 2685 940 3913
7164 2 2 2 1 2589 1564 5368
7165 2 2 2 1 2028 3837 4065
7166 2 2 2 1 2021 3674 5549
7167 2 2 2 1 3321 1993 3366
7168 2 2 2 1 746 3175 3354
7169 2 2 2 1 2904 1083 4055
7170 2 2 2 1 563 3501 3902
7171 2 2 2 1 1264 3221 3797
7172 2 2 2 1 2989 1327 3924
7173 2 2 2 1 3837 1177 4065
7174 2 2 2 1 1373 2904 4055
7175 2 2 2 1 3297 529 5550
7176 2 2 2 1 3872 131 5935
7177 2 2 2 1 2614 1016 4147
7178 2 2 2 1 3710 1635 4948
7179 2 2 2 1 42 3322 5180
7180 2 2 2 1 1264 3251 3304
7181 2 2 2 1 3655 2232 5802
7182 2 2 2 1 3313 652 4252
7183 2 2 2 1 423 2908 3942
7184 2 2 2 1 362 4264 5853
7185 2 2 2 1 4241 2359 5033
7186 2 2 2 1 2313 4964 5841
7187 2 2 2 1 1487 4241 5033
7188 2 2 2 1 3054 1138 3435
7189 2 2 2 1 2910 1862 4427
7190 2 2 2 1 2561 485 5234
7191 2 2 2 1 1517 2561 5234
7192 2 2 2 1 1120 2916 3581
7193 2 2 2 1 1825 3280 5435
7194 2 2 2 1 254 255 4098
7195 2 2 2 1 901 2598 5633
7196 2 2 2 1 629 3307 3746
7197 2 2 2 1 334 333 5710
7198 2 2 2 1 4008 1651 5140
7199 2 2 2 1 2860 196 3754
7200 2 2 2 1 1603 3155 4834
7201 2 2 2 1 3680 167 4667
7202 2 2 2 1 568 2744 3793
7203 2 2 2 1 2929 1140 3869
7204 2 2 2 1 532 3585 5541
7205 2 2 2 1 2803 1204 3703
7206 2 2 2 1 1309 3853 4718
7207 2 2 2 1 633 2682 4297
7208 2 2 2 1 1357 3414 3709
7209 2 2 2 1 4670 1938 5557
7210 2 2 2 1 345 4330 4455
7211 2 2 2 1 2547 879 4991
7212 2 2 2 1 1041 2545 4952
7213 2 2 2 1 3953 437 4975
7214 2 2 2 1 2808 1513 4706
7215 2 2 2 1 1639 3586 5314
7216 2 2 2 1 3402 2423 5896
7217 2 2 2 1 2245 4448 5529
7218 2 2 2 1 2626 1116 5788
7219 2 2 2 1 2605 1070 5660
7220 2 2 2 1 3608 2443 5258
7221 2 2 2 1 3856 1289 5783
7222 2 2 2 1 155 2808 4706
7223 2 2 2 1 90 91 4526
7224 2 2 2 1 2682 1331 4297
7225 2 2 2 1 30 31 5472
7226 2 2 2 1 3405 1863 4906
7227 2 2 2 1 1054 3405 4906
7228 2 2 2 1 1359 4471 4919
7229 2 2 2 1 2631 791 5854
7230 2 2 2 1 3046 4854 5239
7231 2 2 2 1 3840 2747 5665
7232 2 2 2 1 1877 3655 4894
7233 2 2 2 1 2712 1265 3920
7234 2 2 2 1 4285 1386 4581
7235 2 2 2 1 2835 2352 5905
7236 2 2 2 1 2980 2677 5684
7237 2 2 2 1 4319 2342 5086
7238 2 2 2 1 3208 1086 3833
7239 2 2 2 1 1644 5372 5521
7240 2 2 2 1 2937 1656 5072
7241 2 2 2 1 2554 89 4728
7242 2 2 2 1 1428 2789 4309
7243 2 2 2 1 1392 2740 3827
7244 2 2 2 1 2814 3789 4472
7245 2 2 2 1 2663 1269 4209
7246 2 2 2 1 3098 30 5472
7247 2 2 2 1 3688 2046 4368
7248 2 2 2 1 678 4323 5619
7249 2 2 2 1 3599 1730 5308
7250 2 2 2 1 2592 483 5129
7251 2 2 2 1 3588 689 4838
7252 2 2 2 1 159 160 3577
7253 2 2 2 1 477 3557 3865
7254 2 2 2 1 3378 1353 3681
7255 2 2 2 1 2633 563 4169
7256 2 2 2 1 1439 3378 3681
7257 2 2 2 1 2789 926 4309
7258 2 2 2 1 3557 1561 3865
7259 2 2 2 1 2535 3853 4942
7260 2 2 2 1 2968 611 3543
7261 2 2 2 1 1548 3039 4550
7262 2 2 2 1 3460 1231 5764
7263 2 2 2 1 2975 1252 4545
7264 2 2 2 1 508 2639 5383
7265 2 2 2 1 2718 2031 4195
7266 2 2 2 1 1257 2639 5171
7267 2 2 2 1 3861 3058 5346
7268 2 2 2 1 1705 4951 5125
7269 2 2 2 1 3065 1256 5926
7270 2 2 2 1 3140 594 4270
7271 2 2 2 1 496 2648 5915
7272 2 2 2 1 3176 1755 4051
7273 2 2 2 1 2935 1249 4133
7274 2 2 2 1 5114 2385 5938
7275 2 2 2 1 2567 918 4571
7276 2 2 2 1 1492 2752 3813
7277 2 2 2 1 325 2937 5072
7278 2 2 2 1 1293 2697 3981
7279 2 2 2 1 2581 688 5351
7280 2 2 2 1 1791 3149 5781
7281 2 2 2 1 953 2569 5184
7282 2 2 2 1 3098 1662 3892
7283 2 2 2 1 3207 712 4088
7284 2 2 2 1 1038 2690 5213
7285 2 2 2 1 37 38 3606
7286 2 2 2 1 2801 1829 5491
7287 2 2 2 1 2602 1819 5593
7288 2 2 2 1 236 2992 5218
7289 2 2 2 1 2613 1010 4255
7290 2 2 2 1 1614 4319 5086
7291 2 2 2 1 3039 614 4550
7292 2 2 2 1 2633 1676 4189
7293 2 2 2 1 2853 1201 4360
7294 2 2 2 1 3486 631 4136
7295 2 2 2 1 212 2801 5491
7296 2 2 2 1 4013 1575 5581
7297 2 2 2 1 5118 106 5473
7298 2 2 2 1 2568 953 5834
7299 2 2 2 1 1325 2645 4381
7300 2 2 2 1 1091 3169 3462
7301 2 2 2 1 422 3710 3919
7302 2 2 2 1 1396 3000 4034
7303 2 2 2 1 640 2627 4222
7304 2 2 2 1 2047 3823 4869
7305 2 2 2 1 1347 3480 4262
7306 2 2 2 1 653 2638 5012
7307 2 2 2 1 3823 835 4869
7308 2 2 2 1 3000 717 4034
7309 2 2 2 1 2842 1196 5121
7310 2 2 2 1 2592 909 5336
7311 2 2 2 1 4126 2228 5782
7312 2 2 2 1 1542 2592 5336
7313 2 2 2 1 2563 1444 5306
7314 2 2 2 1 4087 1861 4370
7315 2 2 2 1 391 2566 5780
7316 2 2 2 1 58 59 3560
7317 2 2 2 1 3786 1916 5382
7318 2 2 2 1 5160 2072 5601
7319 2 2 2 1 611 2945 3650
7320 2 2 2 1 2723 1221 5589
7321 2 2 2 1 1017 2857 3687
7322 2 2 2 1 2630 713 4221
7323 2 2 2 1 3109 1892 5525
7324 2 2 2 1 1042 3109 5525
7325 2 2 2 1 4406 820 5399
7326 2 2 2 1 237 238 4372
7327 2 2 2 1 2902 1710 4215
7328 2 2 2 1 4787 2507 5856
7329 2 2 2 1 645 2979 3559
7330 2 2 2 1 2583 548 4533
7331 2 2 2 1 3394 1239 4317
7332 2 2 2 1 899 2599 4437
7333 2 2 2 1 1657 2570 5443
7334 2 2 2 1 4930 800 5433
7335 2 2 2 1 4054 457 5453
7336 2 2 2 1 1902 2606 5550
7337 2 2 2 1 107 2645 5473
7338 2 2 2 1 1341 2581 5351
7339 2 2 2 1 2730 1489 3936
7340 2 2 2 1 2567 558 4961
7341 2 2 2 1 2866 147 4132
7342 2 2 2 1 4457 1639 5314
7343 2 2 2 1 1342 2871 3674
7344 2 2 2 1 2813 1161 3740
7345 2 2 2 1 5039 1864 5511
7346 2 2 2 1 785 4386 5872
7347 2 2 2 1 11 12 4325
7348 2 2 2 1 3108 37 3606
7349 2 2 2 1 829 2602 4403
7350 2 2 2 1 18 3727 5773
7351 2 2 2 1 982 2746 3871
7352 2 2 2 1 1195 2975 4928
7353 2 2 2 1 2653 1373 4617
7354 2 2 2 1 1257 5171 5526
7355 2 2 2 1 3277 2149 5606
7356 2 2 2 1 1549 3079 5130
7357 2 2 2 1 1661 3356 4991
7358 2 2 2 1 3349 402 5698
7359 2 2 2 1 2874 1468 4986
7360 2 2 2 1 1565 3226 3720
7361 2 2 2 1 956 3280 5386
7362 2 2 2 1 4330 2040 4455
7363 2 2 2 1 3354 1410 3642
7364 2 2 2 1 2367 3568 5067
7365 2 2 2 1 2654 647 4171
7366 2 2 2 1 2615 528 4354
7367 2 2 2 1 604 3190 3479
7368 2 2 2 1 1879 3120 5692
7369 2 2 2 1 1758 2960 3719
7370 2 2 2 1 3666 1125 5256
7371 2 2 2 1 143 144 4460
7372 2 2 2 1 2840 1179 4088
7373 2 2 2 1 3751 1000 4112
7374 2 2 2 1 644 4650 5207
7375 2 2 2 1 1250 3354 3642
7376 2 2 2 1 3852 2220 5734
7377 2 2 2 1 1200 2786 4521
7378 2 2 2 1 1230 2573 4938
7379 2 2 2 1 1189 4660 5897
7380 2 2 2 1 5452 415 5693
7381 2 2 2 1 1907 4665 5418
7382 2 2 2 1 1094 2735 3932
7383 2 2 2 1 465 2760 3848
7384 2 2 2 1 2575 1814 4984
7385 2 2 2 1 1997 3751 4112
7386 2 2 2 1 4014 1172 5183
7387 2 2 2 1 2940 580 3622
7388 2 2 2 1 2577 1109 4721
7389 2 2 2 1 3407 2124 5746
7390 2 2 2 1 853 3407 5746
7391 2 2 2 1 1209 2899 4365
7392 2 2 2 1 2593 1525 5260
7393 2 2 2 1 1772 4588 4862
7394 2 2 2 1 482 2593 5260
7395 2 2 2 1 890 2619 5923
7396 2 2 2 1 1532 3838 3959
7397 2 2 2 1 488 2787 5488
7398 2 2 2 1 1281 2634 4642
7399 2 2 2 1 2963 1553 4698
7400 2 2 2 1 646 3296 3954
7401 2 2 2 1 2647 1208 4232
7402 2 2 2 1 1136 3092 4260
7403 2 2 2 1 3673 1403 4218
7404 2 2 2 1 1719 3673 4218
7405 2 2 2 1 473 2864 5576
7406 2 2 2 1 2951 573 4064
7407 2 2 2 1 2864 1743 5576
7408 2 2 2 1 355 2963 4698
7409 2 2 2 1 1269 2976 4209
7410 2 2 2 1 1553 2963 3612
7411 2 2 2 1 4924 1956 5232
7412 2 2 2 1 2795 1737 3829
7413 2 2 2 1 3608 1130 4189
7414 2 2 2 1 3174 335 5331
7415 2 2 2 1 2605 643 4477
7416 2 2 2 1 1014 2581 4703
7417 2 2 2 1 1312 2669 5656
7418 2 2 2 1 2122 3208 3833
7419 2 2 2 1 782 2670 4165
7420 2 2 2 1 1885 2965 5008
7421 2 2 2 1 3623 1630 4057
7422 2 2 2 1 2644 717 4250
7423 2 2 2 1 602 2795 3829
7424 2 2 2 1 3544 1126 5148
7425 2 2 2 1 964 2642 4260
7426 2 2 2 1 2985 1469 3589
7427 2 2 2 1 3319 1789 4412
7428 2 2 2 1 1253 3012 4158
7429 2 2 2 1 417 2899 4193
7430 2 2 2 1 3640 628 4254
7431 2 2 2 1 2914 579 3979
7432 2 2 2 1 5205 773 5760
7433 2 2 2 1 1155 3623 4057
7434 2 2 2 1 1676 3608 4189
7435 2 2 2 1 4471 2214 4919
7436 2 2 2 1 1112 2961 4695
7437 2 2 2 1 2899 1399 4193
7438 2 2 2 1 32 2741 3964
7439 2 2 2 1 3540 1162 3546
7440 2 2 2 1 2663 599 4364
7441 2 2 2 1 3530 2010 5342
7442 2 2 2 1 1255 3099 3486
7443 2 2 2 1 1358 3152 3860
7444 2 2 2 1 145 146 4692
7445 2 2 2 1 1206 2853 5305
7446 2 2 2 1 3036 1705 5125
7447 2 2 2 1 1968 4090 4408
7448 2 2 2 1 4090 694 4408
7449 2 2 2 1 995 3036 5125
7450 2 2 2 1 1136 2642 4293
7451 2 2 2 1 2601 1800 5300
7452 2 2 2 1 1367 3482 4515
7453 2 2 2 1 4235 2378 5179
7454 2 2 2 1 584 2589 4778
7455 2 2 2 1 1526 4235 5179
7456 2 2 2 1 2745 1117 3967
7457 2 2 2 1 3446 1110 5929
7458 2 2 2 1 2405 2892 5028
7459 2 2 2 1 3014 585 4173
7460 2 2 2 1 2814 1206 3789
7461 2 2 2 1 4912 1855 5500
7462 2 2 2 1 3151 2527 4748
7463 2 2 2 1 3154 480 4732
7464 2 2 2 1 2683 1479 4693
7465 2 2 2 1 61 62 3515
7466 2 2 2 1 2618 1463 5543
7467 2 2 2 1 1666 3591 4800
7468 2 2 2 1 3834 591 5178
7469 2 2 2 1 1682 3540 3546
7470 2 2 2 1 4272 1480 4978
7471 2 2 2 1 2310 4272 4978
7472 2 2 2 1 2643 746 4312
7473 2 2 2 1 655 3775 5003
7474 2 2 2 1 464 2761 3927
7475 2 2 2 1 5045 376 5594
7476 2 2 2 1 2640 911 5126
7477 2 2 2 1 214 2796 4231
7478 2 2 2 1 2652 1279 5341
7479 2 2 2 1 1230 2748 4739
7480 2 2 2 1 2632 1302 4881
7481 2 2 2 1 3029 991 4096
7482 2 2 2 1 244 245 5236
7483 2 2 2 1 3405 346 4328
7484 2 2 2 1 1921 3867 5207
7485 2 2 2 1 2318 3872 5935
7486 2 2 2 1 4851 1690 5465
7487 2 2 2 1 3137 1212 4585
7488 2 2 2 1 3939 662 5561
7489 2 2 2 1 2634 73 4642
7490 2 2 2 1 4372 238 4984
7491 2 2 2 1 2779 1909 4074
7492 2 2 2 1 3406 1395 3542
7493 2 2 2 1 572 2995 3603
7494 2 2 2 1 1626 3203 3798
7495 2 2 2 1 337 3406 3542
7496 2 2 2 1 3549 992 3791
7497 2 2 2 1 1619 3549 3791
7498 2 2 2 1 2684 1560 5272
7499 2 2 2 1 7 334 3937
7500 2 2 2 1 395 2684 5272
7501 2 2 2 1 973 3027 5044
7502 2 2 2 1 4264 362 5063
7503 2 2 2 1 1520 2686 4148
7504 2 2 2 1 1421 2598 4738
7505 2 2 2 1 183 184 4950
7506 2 2 2 1 364 2594 4848
7507 2 2 2 1 3034 1406 4086
7508 2 2 2 1 692 3034 4086
7509 2 2 2 1 1863 3405 4328
7510 2 2 2 1 1531 3843 4805
7511 2 2 2 1 963 2594 4897
7512 2 2 2 1 562 3904 3947
7513 2 2 2 1 1413 2672 4702
7514 2 2 2 1 2343 4264 5063
7515 2 2 2 1 3000 1783 4439
7516 2 2 2 1 609 2773 3911
7517 2 2 2 1 463 4710 5722
7518 2 2 2 1 101 102 5707
7519 2 2 2 1 3304 1266 3595
7520 2 2 2 1 2610 1797 4599
7521 2 2 2 1 2789 1428 4568
7522 2 2 2 1 905 2617 5412
7523 2 2 2 1 1483 2653 5065
7524 2 2 2 1 1309 2636 4942
7525 2 2 2 1 2617 624 5414
7526 2 2 2 1 872 4579 5902
7527 2 2 2 1 2672 724 4702
7528 2 2 2 1 3566 5501 5870
7529 2 2 2 1 2604 641 4681
7530 2 2 2 1 3854 1786 4567
7531 2 2 2 1 390 2789 4568
7532 2 2 2 1 490 3335 4076
7533 2 2 2 1 2312 3850 5553
7534 2 2 2 1 3384 2113 5582
7535 2 2 2 1 3305 1048 3759
7536 2 2 2 1 3322 1845 5180
7537 2 2 2 1 1694 5160 5679
7538 2 2 2 1 2677 874 5684
7539 2 2 2 1 2637 1052 5591
7540 2 2 2 1 4246 1535 4573
7541 2 2 2 1 3827 1924 4631
7542 2 2 2 1 474 3620 4238
7543 2 2 2 1 24 25 3883
7544 2 2 2 1 554 2771 3956
7545 2 2 2 1 1231 4992 5764
7546 2 2 2 1 2826 2091 5122
7547 2 2 2 1 2648 1643 5915
7548 2 2 2 1 1214 3260 4284
7549 2 2 2 1 3620 1968 4238
7550 2 2 2 1 2773 609 3933
7551 2 2 2 1 2841 1522 4788
7552 2 2 2 1 622 2841 4788
7553 2 2 2 1 1075 3321 3366
7554 2 2 2 1 677 3086 3532
7555 2 2 2 1 1521 2733 4858
7556 2 2 2 1 2607 760 5232
7557 2 2 2 1 1089 3286 4319
7558 2 2 2 1 2597 1655 4937
7559 2 2 2 1 2601 1633 5108
7560 2 2 2 1 2516 4851 5465
7561 2 2 2 1 2874 2025 5592
7562 2 2 2 1 1753 3305 3759
7563 2 2 2 1 4831 1537 5833
7564 2 2 2 1 2875 982 3871
7565 2 2 2 1 74 3367 4642
7566 2 2 2 1 1322 2875 3871
7567 2 2 2 1 3944 1088 5734
7568 2 2 2 1 1537 4139 5833
7569 2 2 2 1 3193 2050 5119
7570 2 2 2 1 1497 3165 4630
7571 2 2 2 1 1110 2738 4155
7572 2 2 2 1 3016 649 4948
7573 2 2 2 1 2738 1577 4155
7574 2 2 2 1 209 210 4500
7575 2 2 2 1 3609 2221 3771
7576 2 2 2 1 1780 3019 4760
7577 2 2 2 1 2791 639 3899
7578 2 2 2 1 2623 1341 5351
7579 2 2 2 1 734 3581 5831
7580 2 2 2 1 3664 1641 4639
7581 2 2 2 1 1147 2952 3722
7582 2 2 2 1 3150 444 5051
7583 2 2 2 1 1767 3708 4355
7584 2 2 2 1 2693 1180 4183
7585 2 2 2 1 2174 4013 5581
7586 2 2 2 1 1764 3390 4315
7587 2 2 2 1 1635 3016 4948
7588 2 2 2 1 958 4787 5856
7589 2 2 2 1 662 4816 5561
7590 2 2 2 1 1561 3557 3856
7591 2 2 2 1 3089 1538 4470
7592 2 2 2 1 3708 1431 4355
7593 2 2 2 1 1578 2685 5936
7594 2 2 2 1 16 2837 4485
7595 2 2 2 1 3081 13 5640
7596 2 2 2 1 998 3089 4470
7597 2 2 2 1 2614 501 4694
7598 2 2 2 1 3839 2077 5001
7599 2 2 2 1 631 2737 4053
7600 2 2 2 1 1010 2613 5206
7601 2 2 2 1 3448 633 5730
7602 2 2 2 1 770 3839 5001
7603 2 2 2 1 251 2775 3959
7604 2 2 2 1 2628 926 4565
7605 2 2 2 1 978 2627 5355
7606 2 2 2 1 1838 2800 4296
7607 2 2 2 1 3875 1721 5016
7608 2 2 2 1 25 26 5210
7609 2 2 2 1 3749 2036 4719
7610 2 2 2 1 249 250 3838
7611 2 2 2 1 1269 2663 4364
7612 2 2 2 1 1218 3067 5408
7613 2 2 2 1 688 2623 5351
7614 2 2 2 1 759 4631 5017
7615 2 2 2 1 633 3458 5730
7616 2 2 2 1 3301 1970 4988
7617 2 2 2 1 3843 1971 4805
7618 2 2 2 1 1797 2610 5880
7619 2 2 2 1 1258 3310 3954
7620 2 2 2 1 454 3042 4032
7621 2 2 2 1 3379 1312 3428
7622 2 2 2 1 336 3104 5179
7623 2 2 2 1 3042 1388 4032
7624 2 2 2 1 2728 1254 5220
7625 2 2 2 1 1238 3049 3872
7626 2 2 2 1 1547 3536 5032
7627 2 2 2 1 1982 3033 3671
7628 2 2 2 1 1328 3379 3428
7629 2 2 2 1 3192 1080 3583
7630 2 2 2 1 2909 317 3733
7631 2 2 2 1 1613 3684 4199
7632 2 2 2 1 1871 3804 4497
7633 2 2 2 1 1525 4087 4370
7634 2 2 2 1 2144 2677 5867
7635 2 2 2 1 347 2833 4547
7636 2 2 2 1 2827 555 4768
7637 2 2 2 1 2703 1691 4187
7638 2 2 2 1 1405 2616 5404
7639 2 2 2 1 2680 784 4275
7640 2 2 2 1 2933 444 4885
7641 2 2 2 1 2833 1444 4547
7642 2 2 2 1 1395 3452 3542
7643 2 2 2 1 3452 1315 3542
7644 2 2 2 1 3804 1443 4497
7645 2 2 2 1 3542 1315 3574
7646 2 2 2 1 3513 1254 4850
7647 2 2 2 1 242 3118 4855
7648 2 2 2 1 2766 3581 4716
7649 2 2 2 1 3545 351 5926
7650 2 2 2 1 406 3009 4886
7651 2 2 2 1 2625 1163 4646
7652 2 2 2 1 4418 433 4995
7653 2 2 2 1 1066 3363 5202
7654 2 2 2 1 2355 4418 4995
7655 2 2 2 1 1895 3750 5538
7656 2 2 2 1 3556 1581 4270
7657 2 2 2 1 594 3179 3748
7658 2 2 2 1 388 3019 4560
7659 2 2 2 1 2972 1259 3677
7660 2 2 2 1 89 90 4728
7661 2 2 2 1 5032 3536 5604
7662 2 2 2 1 666 3589 4635
7663 2 2 2 1 3363 1910 5202
7664 2 2 2 1 1410 3023 3642
7665 2 2 2 1 4074 1909 4576
7666 2 2 2 1 1579 2933 4885
7667 2 2 2 1 1226 3093 4331
7668 2 2 2 1 741 2834 4004
7669 2 2 2 1 757 4256 4674
7670 2 2 2 1 341 3617 5384
7671 2 2 2 1 623 3226 5539
7672 2 2 2 1 641 3463 4688
7673 2 2 2 1 1236 3382 5379
7674 2 2 2 1 1133 2627 4647
7675 2 2 2 1 120 121 3580
7676 2 2 2 1 3259 2461 4833
7677 2 2 2 1 1216 2857 5076
7678 2 2 2 1 1392 3029 4096
7679 2 2 2 1 2297 3283 4627
7680 2 2 2 1 1028 2791 3972
7681 2 2 2 1 1296 2676 5389
7682 2 2 2 1 2234 3343 5609
7683 2 2 2 1 628 2691 4254
7684 2 2 2 1 699 2975 4545
7685 2 2 2 1 2857 1216 5143
7686 2 2 2 1 3721 1578 4367
7687 2 2 2 1 3980 1576 4896
7688 2 2 2 1 1064 3392 5358
7689 2 2 2 1 130 131 3872
7690 2 2 2 1 640 3075 4591
7691 2 2 2 1 3644 341 5384
7692 2 2 2 1 2652 1852 5714
7693 2 2 2 1 2258 5408 5580
7694 2 2 2 1 3939 1944 4562
7695 2 2 2 1 2661 580 4880
7696 2 2 2 1 1424 3939 4562
7697 2 2 2 1 1613 4199 4773
7698 2 2 2 1 3118 243 5682
7699 2 2 2 1 1561 3714 3865
7700 2 2 2 1 2239 3638 5770
7701 2 2 2 1 920 4025 4859
7702 2 2 2 1 3638 1380 5770
7703 2 2 2 1 173 3245 3799
7704 2 2 2 1 2650 380 5527
7705 2 2 2 1 1458 3102 4167
7706 2 2 2 1 3102 269 4167
7707 2 2 2 1 2655 397 5613
7708 2 2 2 1 3120 27 5692
7709 2 2 2 1 2639 1257 5383
7710 2 2 2 1 2641 1830 5401
7711 2 2 2 1 494 2799 4909
7712 2 2 2 1 1024 2759 4089
7713 2 2 2 1 4401 1617 4801
7714 2 2 2 1 2669 1312 5394
7715 2 2 2 1 390 2863 4875
7716 2 2 2 1 159 3577 5422
7717 2 2 2 1 1563 2802 3965
7718 2 2 2 1 5558 2249 5570
7719 2 2 2 1 3015 1662 5499
7720 2 2 2 1 1342 3674 4350
7721 2 2 2 1 2759 1271 4089
7722 2 2 2 1 3720 1306 4081
7723 2 2 2 1 550 4360 4499
7724 2 2 2 1 1504 3476 3707
7725 2 2 2 1 3493 608 3518
7726 2 2 2 1 2635 878 5288
7727 2 2 2 1 939 2731 5597
7728 2 2 2 1 2671 1457 4446
7729 2 2 2 1 2839 476 5844
7730 2 2 2 1 1486 3492 5461
7731 2 2 2 1 1782 2839 5844
7732 2 2 2 1 2682 899 4437
7733 2 2 2 1 4174 1625 5163
7734 2 2 2 1 152 153 3602
7735 2 2 2 1 2914 1076 5931
7736 2 2 2 1 3476 353 3707
7737 2 2 2 1 5254 1535 5686
7738 2 2 2 1 4407 1434 4983
7739 2 2 2 1 29 30 4493
7740 2 2 2 1 2945 611 3743
7741 2 2 2 1 2812 1236 5777
7742 2 2 2 1 455 2632 4881
7743 2 2 2 1 2629 726 5011
7744 2 2 2 1 1331 2682 4437
7745 2 2 2 1 691 3976 4209
7746 2 2 2 1 1393 3493 3518
7747 2 2 2 1 922 2716 5584
7748 2 2 2 1 3478 1439 5329
7749 2 2 2 1 2005 3478 5329
7750 2 2 2 1 462 2657 5554
7751 2 2 2 1 5171 2327 5526
7752 2 2 2 1 908 2711 5403
7753 2 2 2 1 5074 2409 5844
7754 2 2 2 1 2649 960 5858
7755 2 2 2 1 892 2661 4541
7756 2 2 2 1 2793 776 4795
7757 2 2 2 1 1111 2678 4450
7758 2 2 2 1 3772 1585 4549
7759 2 2 2 1 3570 368 4341
7760 2 2 2 1 2741 975 5499
7761 2 2 2 1 2912 410 4852
7762 2 2 2 1 3370 2660 4906
7763 2 2 2 1 2639 508 5274
7764 2 2 2 1 3412 1598 3801
7765 2 2 2 1 3313 1226 3444
7766 2 2 2 1 1011 3412 3801
7767 2 2 2 1 643 3516 4477
7768 2 2 2 1 219 220 3736
7769 2 2 2 1 30 3098 4493
7770 2 2 2 1 3399 1859 5439
7771 2 2 2 1 3516 1707 4477
7772 2 2 2 1 1552 2644 5829
7773 2 2 2 1 1364 2655 5700
7774 2 2 2 1 2686 1160 5815
7775 2 2 2 1 2912 1543 4003
7776 2 2 2 1 5028 706 5244
7777 2 2 2 1 3315 418 5332
7778 2 2 2 1 2636 946 4942
7779 2 2 2 1 1787 2912 4003
7780 2 2 2 1 2639 901 5171
7781 2 2 2 1 3338 1145 3739
7782 2 2 2 1 1802 3124 4619
7783 2 2 2 1 458 2659 5066
7784 2 2 2 1 1786 2643 5261
7785 2 2 2 1 4036 714 4580
7786 2 2 2 1 1975 4036 4580
7787 2 2 2 1 746 3354 4480
7788 2 2 2 1 1543 2912 4852
7789 2 2 2 1 3627 1493 4086
7790 2 2 2 1 3421 1296 3626
7791 2 2 2 1 1745 3004 3895
7792 2 2 2 1 570 3133 3767
7793 2 2 2 1 3133 1344 3767
7794 2 2 2 1 2015 4407 4983
7795 2 2 2 1 2480 3986 5892
7796 2 2 2 1 3280 708 4176
7797 2 2 2 1 1123 2668 4574
7798 2 2 2 1 1710 3461 4781
7799 2 2 2 1 401 2647 5264
7800 2 2 2 1 253 254 5465
7801 2 2 2 1 1672 4736 4901
7802 2 2 2 1 1564 3115 4586
7803 2 2 2 1 1629 3280 4176
7804 2 2 2 1 2694 925 4348
7805 2 2 2 1 870 5114 5938
7806 2 2 2 1 348 2649 5347
7807 2 2 2 1 1974 3404 5409
7808 2 2 2 1 1058 2877 4285
7809 2 2 2 1 2648 4012 5703
7810 2 2 2 1 1190 3145 3574
7811 2 2 2 1 673 4080 4721
7812 2 2 2 1 3115 109 4586
7813 2 2 2 1 2877 1386 4285
7814 2 2 2 1 863 3795 5061
7815 2 2 2 1 3805 1232 5332
7816 2 2 2 1 1242 3108 3606
7817 2 2 2 1 3422 971 5817
7818 2 2 2 1 3404 1106 5409
7819 2 2 2 1 475 4600 5065
7820 2 2 2 1 4320 778 5245
7821 2 2 2 1 1142 2977 3741
7822 2 2 2 1 2658 606 5233
7823 2 2 2 1 2799 1358 4336
7824 2 2 2 1 8 318 5709
7825 2 2 2 1 1246 3411 4956
7826 2 2 2 1 4600 2453 5065
7827 2 2 2 1 3259 1503 4159
7828 2 2 2 1 69 3259 4159
7829 2 2 2 1 3257 392 4504
7830 2 2 2 1 3160 181 5559
7831 2 2 2 1 1857 3195 5370
7832 2 2 2 1 3753 673 4062
7833 2 2 2 1 3195 681 5370
7834 2 2 2 1 511 3002 4840
7835 2 2 2 1 942 2799 4336
7836 2 2 2 1 2878 45 5705
7837 2 2 2 1 1243 3350 4751
7838 2 2 2 1 1744 3427 4686
7839 2 2 2 1 4622 1538 4842
7840 2 2 2 1 2899 1209 3841
7841 2 2 2 1 4306 2146 4702
7842 2 2 2 1 519 4938 5340
7843 2 2 2 1 1915 3481 4433
7844 2 2 2 1 2706 1128 5934
7845 2 2 2 1 3152 605 3860
7846 2 2 2 1 2792 928 5040
7847 2 2 2 1 2646 1793 4960
7848 2 2 2 1 4448 852 5529
7849 2 2 2 1 724 4306 4702
7850 2 2 2 1 3481 1473 4433
7851 2 2 2 1 3714 1332 3865
7852 2 2 2 1 388 4560 4841
7853 2 2 2 1 2286 2906 4518
7854 2 2 2 1 1126 3088 5148
7855 2 2 2 1 2931 1178 3802
7856 2 2 2 1 3088 1716 5148
7857 2 2 2 1 202 203 5644
7858 2 2 2 1 985 3455 5922
7859 2 2 2 1 1835 4308 5276
7860 2 2 2 1 2717 1286 4961
7861 2 2 2 1 3252 349 4556
7862 2 2 2 1 896 2658 4774
7863 2 2 2 1 2023 2772 4184
7864 2 2 2 1 697 3444 4599
7865 2 2 2 1 5121 1196 5342
7866 2 2 2 1 4807 1966 5912
7867 2 2 2 1 578 2679 5669
7868 2 2 2 1 1560 3185 5005
7869 2 2 2 1 1537 2792 5040
7870 2 2 2 1 732 3383 4786
7871 2 2 2 1 2834 1247 4004
7872 2 2 2 1 1008 3132 5406
7873 2 2 2 1 2935 800 4131
7874 2 2 2 1 2798 520 5269
7875 2 2 2 1 1593 2798 5269
7876 2 2 2 1 1300 3084 3730
7877 2 2 2 1 3051 1571 5288
7878 2 2 2 1 1375 3103 3943
7879 2 2 2 1 286 285 5675
7880 2 2 2 1 3103 432 3943
7881 2 2 2 1 2119 2783 4321
7882 2 2 2 1 105 106 5118
7883 2 2 2 1 3084 262 3730
7884 2 2 2 1 1199 2963 4267
7885 2 2 2 1 2659 458 5761
7886 2 2 2 1 2660 1054 4906
7887 2 2 2 1 43 44 4464
7888 2 2 2 1 3238 1235 4922
7889 2 2 2 1 1904 2678 5547
7890 2 2 2 1 1447 3264 3550
7891 2 2 2 1 671 2736 5064
7892 2 2 2 1 2681 1978 5627
7893 2 2 2 1 3097 339 4684
7894 2 2 2 1 2907 1186 3868
7895 2 2 2 1 1113 2692 5738
7896 2 2 2 1 3743 611 4259
7897 2 2 2 1 4059 577 5357
7898 2 2 2 1 2906 1524 4798
7899 2 2 2 1 1250 3376 4825
7900 2 2 2 1 1971 3843 5560
7901 2 2 2 1 718 2906 4798
7902 2 2 2 1 575 2803 4520
7903 2 2 2 1 1120 2834 4011
7904 2 2 2 1 266 267 4347
7905 2 2 2 1 4000 1527 4946
7906 2 2 2 1 3189 571 3578
7907 2 2 2 1 2081 4000 4946
7908 2 2 2 1 2868 1391 4348
7909 2 2 2 1 3313 1407 3776
7910 2 2 2 1 1283 2925 4062
7911 2 2 2 1 1407 2969 3776
7912 2 2 2 1 652 3313 3776
7913 2 2 2 1 3022 498 3948
7914 2 2 2 1 1336 3076 4596
7915 2 2 2 1 1476 3022 3948
7916 2 2 2 1 3438 2021 4227
7917 2 2 2 1 147 148 4132
7918 2 2 2 1 1504 2672 4713
7919 2 2 2 1 2968 1406 4259
7920 2 2 2 1 816 4060 5154
7921 2 2 2 1 2710 897 5079
7922 2 2 2 1 4544 2306 5768
7923 2 2 2 1 3622 580 5223
7924 2 2 2 1 2868 578 5669
7925 2 2 2 1 2956 621 3807
7926 2 2 2 1 1378 2739 4551
7927 2 2 2 1 1562 2858 5250
7928 2 2 2 1 925 2868 4348
7929 2 2 2 1 4145 1634 5747
7930 2 2 2 1 3353 386 3548
7931 2 2 2 1 1478 2951 4064
7932 2 2 2 1 611 2968 4259
7933 2 2 2 1 1095 3293 3724
7934 2 2 2 1 3415 696 4128
7935 2 2 2 1 5324 1919 5595
7936 2 2 2 1 1732 3353 3548
7937 2 2 2 1 3225 510 5483
7938 2 2 2 1 1541 3415 4128
7939 2 2 2 1 1884 3225 5483
7940 2 2 2 1 1508 2931 5068
7941 2 2 2 1 3739 669 4377
7942 2 2 2 1 881 2767 5932
7943 2 2 2 1 487 4074 4576
7944 2 2 2 1 522 2690 5673
7945 2 2 2 1 4060 2211 5154
7946 2 2 2 1 2679 1391 5669
7947 2 2 2 1 1614 3439 4319
7948 2 2 2 1 1383 2816 4493
7949 2 2 2 1 3439 1089 4319
7950 2 2 2 1 2665 904 5042
7951 2 2 2 1 562 3072 3904
7952 2 2 2 1 2979 1371 3775
7953 2 2 2 1 1290 3493 3504
7954 2 2 2 1 3771 813 5401
7955 2 2 2 1 2767 1739 5932
7956 2 2 2 1 3084 1300 3713
7957 2 2 2 1 1870 3084 3713
7958 2 2 2 1 3493 1393 3504
7959 2 2 2 1 3487 1558 3496
7960 2 2 2 1 231 232 3783
7961 2 2 2 1 491 3234 5841
7962 2 2 2 1 2866 1304 3985
7963 2 2 2 1 3234 2007 5841
7964 2 2 2 1 2739 917 4551
7965 2 2 2 1 1394 2671 5861
7966 2 2 2 1 1198 3487 3496
7967 2 2 2 1 1685 2818 5645
7968 2 2 2 1 2709 1894 5819
7969 2 2 2 1 1270 3245 3897
7970 2 2 2 1 3544 2014 3547
7971 2 2 2 1 3269 565 5691
7972 2 2 2 1 3904 1596 3947
7973 2 2 2 1 624 3549 5414
7974 2 2 2 1 1597 3773 3878
7975 2 2 2 1 1366 4505 4582
7976 2 2 2 1 3773 680 3878
7977 2 2 2 1 2049 2674 5289
7978 2 2 2 1 4505 2162 4582
7979 2 2 2 1 182 183 3989
7980 2 2 2 1 3245 2071 3897
7981 2 2 2 1 2772 809 4184
7982 2 2 2 1 698 4253 5248
7983 2 2 2 1 3787 1113 4539
7984 2 2 2 1 1126 3544 3547
7985 2 2 2 1 4161 420 5837
7986 2 2 2 1 1771 4273 4545
7987 2 2 2 1 3699 713 5390
7988 2 2 2 1 2140 3699 5390
7989 2 2 2 1 740 4471 5752
7990 2 2 2 1 2685 638 5936
7991 2 2 2 1 2775 4677 5366
7992 2 2 2 1 3291 1602 3537
7993 2 2 2 1 2818 722 5645
7994 2 2 2 1 4452 1243 4751
7995 2 2 2 1 4018 1436 4119
7996 2 2 2 1 1534 3854 4567
7997 2 2 2 1 2672 1413 5359
7998 2 2 2 1 3579 1214 4284
7999 2 2 2 1 1740 3018 5448
8000 2 2 2 1 5058 984 5784
8001 2 2 2 1 3577 1988 5422
8002 2 2 2 1 2727 1390 5009
8003 2 2 2 1 2670 1628 5102
8004 2 2 2 1 3248 1301 3578
8005 2 2 2 1 571 3248 3578
8006 2 2 2 1 5393 2099 5852
8007 2 2 2 1 1205 3156 4514
8008 2 2 2 1 2475 5254 5686
8009 2 2 2 1 3407 853 4498
8010 2 2 2 1 1822 3066 4396
8011 2 2 2 1 2908 1205 3942
8012 2 2 2 1 626 2920 5041
8013 2 2 2 1 3248 571 5595
8014 2 2 2 1 2462 4553 5839
8015 2 2 2 1 1919 3248 5595
8016 2 2 2 1 4438 1750 5390
8017 2 2 2 1 3018 194 5448
8018 2 2 2 1 3935 2075 3956
8019 2 2 2 1 1202 3935 3956
8020 2 2 2 1 2570 3254 5443
8021 2 2 2 1 912 2684 5439
8022 2 2 2 1 2708 1689 4570
8023 2 2 2 1 186 187 3977
8024 2 2 2 1 1224 3002 3780
8025 2 2 2 1 4044 694 4851
8026 2 2 2 1 1466 3066 4485
8027 2 2 2 1 2674 441 5057
8028 2 2 2 1 343 3728 5651
8029 2 2 2 1 2689 532 5541
8030 2 2 2 1 3021 1372 3770
8031 2 2 2 1 1306 2754 4428
8032 2 2 2 1 479 2792 4211
8033 2 2 2 1 4394 1683 4422
8034 2 2 2 1 2825 469 4334
8035 2 2 2 1 1914 3103 4869
8036 2 2 2 1 732 2715 4521
8037 2 2 2 1 4068 1455 4270
8038 2 2 2 1 784 2680 4868
8039 2 2 2 1 3567 2242 5508
8040 2 2 2 1 2920 1586 5041
8041 2 2 2 1 3728 2210 5651
8042 2 2 2 1 2702 648 4771
8043 2 2 2 1 928 2679 5040
8044 2 2 2 1 5023 2177 5155
8045 2 2 2 1 3059 2382 4750
8046 2 2 2 1 2352 4434 5423
8047 2 2 2 1 3445 1403 3673
8048 2 2 2 1 644 3445 3673
8049 2 2 2 1 2999 805 5310
8050 2 2 2 1 3527 670 3831
8051 2 2 2 1 3309 1102 3551
8052 2 2 2 1 2841 622 5486
8053 2 2 2 1 2760 465 5445
8054 2 2 2 1 1897 4056 5369
8055 2 2 2 1 2890 2520 5792
8056 2 2 2 1 2272 3359 4635
8057 2 2 2 1 4563 2300 4837
8058 2 2 2 1 2682 633 5778
8059 2 2 2 1 3977 1338 5023
8060 2 2 2 1 1905 2840 4088
8061 2 2 2 1 3522 542 3869
8062 2 2 2 1 2800 439 4177
8063 2 2 2 1 3348 1237 3529
8064 2 2 2 1 1164 4563 4837
8065 2 2 2 1 191 192 3920
8066 2 2 2 1 2689 1442 4884
8067 2 2 2 1 2740 1392 4678
8068 2 2 2 1 2909 1688 5709
8069 2 2 2 1 3663 525 5648
8070 2 2 2 1 157 158 3725
8071 2 2 2 1 299 3517 5158
8072 2 2 2 1 3316 113 4752
8073 2 2 2 1 3263 1240 3591
8074 2 2 2 1 262 263 3730
8075 2 2 2 1 2879 1372 4644
8076 2 2 2 1 1694 3335 5165
8077 2 2 2 1 40 41 3731
8078 2 2 2 1 1672 2970 4736
8079 2 2 2 1 4386 2147 5872
8080 2 2 2 1 46 47 3928
8081 2 2 2 1 2724 1342 4537
8082 2 2 2 1 2729 632 4517
8083 2 2 2 1 4387 1824 5427
8084 2 2 2 1 675 3629 4735
8085 2 2 2 1 1538 4753 4842
8086 2 2 2 1 2792 1537 4211
8087 2 2 2 1 1643 3028 3819
8088 2 2 2 1 3298 128 4968
8089 2 2 2 1 2922 1038 5213
8090 2 2 2 1 4418 1176 5237
8091 2 2 2 1 3191 789 4127
8092 2 2 2 1 3503 101 5707
8093 2 2 2 1 1452 3191 4127
8094 2 2 2 1 3629 1820 4735
8095 2 2 2 1 2878 1499 5042
8096 2 2 2 1 2734 184 5155
8097 2 2 2 1 2690 1742 5787
8098 2 2 2 1 3065 1967 5027
8099 2 2 2 1 360 3082 4142
8100 2 2 2 1 3130 1152 3704
8101 2 2 2 1 2959 1245 4939
8102 2 2 2 1 712 3207 5842
8103 2 2 2 1 4661 443 5885
8104 2 2 2 1 3082 1408 4142
8105 2 2 2 1 3180 752 4604
8106 2 2 2 1 626 2895 4835
8107 2 2 2 1 2895 1507 4835
8108 2 2 2 1 1245 2962 4939
8109 2 2 2 1 2970 2350 4736
8110 2 2 2 1 5221 1884 5483
8111 2 2 2 1 2593 2983 5503
8112 2 2 2 1 4308 1835 5263
8113 2 2 2 1 1902 2704 5917
8114 2 2 2 1 1368 2702 4771
8115 2 2 2 1 2709 1592 4733
8116 2 2 2 1 3080 406 5494
8117 2 2 2 1 257 258 3747
8118 2 2 2 1 2796 1389 4231
8119 2 2 2 1 2106 2818 4237
8120 2 2 2 1 3962 2861 5678
8121 2 2 2 1 687 2845 4121
8122 2 2 2 1 2707 940 4760
8123 2 2 2 1 1349 4238 4408
8124 2 2 2 1 4238 1968 4408
8125 2 2 2 1 2961 792 4695
8126 2 2 2 1 1867 4089 4334
8127 2 2 2 1 4089 1271 4334
8128 2 2 2 1 2969 422 3919
8129 2 2 2 1 3138 1695 3906
8130 2 2 2 1 2754 842 4428
8131 2 2 2 1 389 2692 5048
8132 2 2 2 1 2957 590 4442
8133 2 2 2 1 1810 3173 4376
8134 2 2 2 1 2701 1749 5452
8135 2 2 2 1 4020 2066 5811
8136 2 2 2 1 3343 805 5373
8137 2 2 2 1 430 3639 5551
8138 2 2 2 1 2894 1018 4227
8139 2 2 2 1 2817 790 4192
8140 2 2 2 1 1989 3571 5803
8141 2 2 2 1 1347 2894 4227
8142 2 2 2 1 570 3304 3595
8143 2 2 2 1 3928 47 5606
8144 2 2 2 1 2379 5585 5897
8145 2 2 2 1 1603 2938 5524
8146 2 2 2 1 2815 1564 4586
8147 2 2 2 1 706 3713 5244
8148 2 2 2 1 2803 3703 5012
8149 2 2 2 1 2734 917 5566
8150 2 2 2 1 1912 3806 4070
8151 2 2 2 1 5158 3517 5878
8152 2 2 2 1 110 2815 4586
8153 2 2 2 1 545 2747 4492
8154 2 2 2 1 3197 1298 3707
8155 2 2 2 1 4087 655 5003
8156 2 2 2 1 3570 1169 4192
8157 2 2 2 1 527 2716 5436
8158 2 2 2 1 2716 922 4740
8159 2 2 2 1 657 2897 5321
8160 2 2 2 1 2836 1528 4173
8161 2 2 2 1 1594 2734 5566
8162 2 2 2 1 2528 4079 4531
8163 2 2 2 1 2696 995 5125
8164 2 2 2 1 3806 568 4070
8165 2 2 2 1 3100 550 4499
8166 2 2 2 1 343 2905 5876
8167 2 2 2 1 2699 1019 4967
8168 2 2 2 1 2705 1044 4916
8169 2 2 2 1 2905 1776 5876
8170 2 2 2 1 645 3161 3752
8171 2 2 2 1 1533 4034 4205
8172 2 2 2 1 981 2841 4584
8173 2 2 2 1 2716 1276 5584
8174 2 2 2 1 3457 1956 4924
8175 2 2 2 1 2880 1320 4083
8176 2 2 2 1 1496 4290 5647
8177 2 2 2 1 1713 5119 5224
8178 2 2 2 1 220 221 5348
8179 2 2 2 1 4059 1869 4388
8180 2 2 2 1 3512 1729 3788
8181 2 2 2 1 763 3192 5928
8182 2 2 2 1 527 3512 3788
8183 2 2 2 1 2998 459 4362
8184 2 2 2 1 577 4059 4388
8185 2 2 2 1 3037 367 5604
8186 2 2 2 1 3135 2008 5574
8187 2 2 2 1 716 3135 5574
8188 2 2 2 1 4997 2619 5130
8189 2 2 2 1 2728 319 4850
8190 2 2 2 1 719 4108 5635
8191 2 2 2 1 1302 2772 4881
8192 2 2 2 1 3192 1977 5928
8193 2 2 2 1 2827 1675 4202
8194 2 2 2 1 620 4997 5130
8195 2 2 2 1 4113 1838 5034
8196 2 2 2 1 3324 1348 4423
8197 2 2 2 1 3471 642 5458
8198 2 2 2 1 2678 3458 5547
8199 2 2 2 1 4290 2493 5647
8200 2 2 2 1 2870 1569 4696
8201 2 2 2 1 3750 1895 4826
8202 2 2 2 1 2711 1280 5403
8203 2 2 2 1 20 2870 4696
8204 2 2 2 1 2104 3506 5449
8205 2 2 2 1 2818 1685 4237
8206 2 2 2 1 716 3750 4826
8207 2 2 2 1 1753 3759 5338
8208 2 2 2 1 2813 393 4249
8209 2 2 2 1 3127 2345 5779
8210 2 2 2 1 3145 1190 4811
8211 2 2 2 1 1304 2866 4132
8212 2 2 2 1 3492 1281 4650
8213 2 2 2 1 2714 936 5521
8214 2 2 2 1 3566 1122 5501
8215 2 2 2 1 1613 3145 4811
8216 2 2 2 1 1024 2758 4486
8217 2 2 2 1 422 2969 4353
8218 2 2 2 1 644 2710 5461
8219 2 2 2 1 1974 2727 5675
8220 2 2 2 1 2430 3150 5051
8221 2 2 2 1 931 2761 4921
8222 2 2 2 1 3054 602 3829
8223 2 2 2 1 2885 1267 5238
8224 2 2 2 1 2129 4487 4618
8225 2 2 2 1 2969 1407 4353
8226 2 2 2 1 2816 1383 4256
8227 2 2 2 1 4487 592 4618
8228 2 2 2 1 1390 2727 4705
8229 2 2 2 1 1337 2761 5217
8230 2 2 2 1 3598 1611 5066
8231 2 2 2 1 2724 303 4785
8232 2 2 2 1 656 3655 5802
8233 2 2 2 1 1272 3125 3753
8234 2 2 2 1 231 3783 5117
8235 2 2 2 1 4964 491 5841
8236 2 2 2 1 2710 5079 5461
8237 2 2 2 1 232 3088 3783
8238 2 2 2 1 3499 1218 5408
8239 2 2 2 1 2963 355 4267
8240 2 2 2 1 17 18 5773
8241 2 2 2 1 116 117 5880
8242 2 2 2 1 3794 2725 5545
8243 2 2 2 1 15 16 4485
8244 2 2 2 1 3525 1510 3930
8245 2 2 2 1 859 3525 3930
8246 2 2 2 1 4721 1109 5538
8247 2 2 2 1 2664 4721 5538
8248 2 2 2 1 3332 1293 3993
8249 2 2 2 1 3338 546 5867
8250 2 2 2 1 1848 4809 5145
8251 2 2 2 1 1412 3421 4870
8252 2 2 2 1 3585 1153 5762
8253 2 2 2 1 3583 2294 5331
8254 2 2 2 1 353 3197 3707
8255 2 2 2 1 1196 2842 4214
8256 2 2 2 1 221 3122 5348
8257 2 2 2 1 3464 658 5113
8258 2 2 2 1 2718 378 5036
8259 2 2 2 1 641 3664 4639
8260 2 2 2 1 3298 4968 5728
8261 2 2 2 1 1346 2848 4345
8262 2 2 2 1 3181 1051 4149
8263 2 2 2 1 3990 1844 4439
8264 2 2 2 1 335 3583 5331
8265 2 2 2 1 3704 2905 5651
8266 2 2 2 1 1133 3299 3692
8267 2 2 2 1 1451 4651 5741
8268 2 2 2 1 3093 1226 4252
8269 2 2 2 1 1448 3362 3968
8270 2 2 2 1 937 2988 5203
8271 2 2 2 1 2725 1691 5545
8272 2 2 2 1 1428 3181 4149
8273 2 2 2 1 3023 1093 3934
8274 2 2 2 1 1693 3093 4252
8275 2 2 2 1 3362 661 3968
8276 2 2 2 1 339 3990 4439
8277 2 2 2 1 1196 2721 5342
8278 2 2 2 1 2731 1263 5597
8279 2 2 2 1 3385 1614 5086
8280 2 2 2 1 1212 3700 4585
8281 2 2 2 1 3049 130 3872
8282 2 2 2 1 3066 1822 5640
8283 2 2 2 1 14 3066 5640
8284 2 2 2 1 4300 469 5484
8285 2 2 2 1 3631 1009 5900
8286 2 2 2 1 1679 2729 4867
8287 2 2 2 1 1892 3751 5528
8288 2 2 2 1 213 214 4231
8289 2 2 2 1 3792 1766 5392
8290 2 2 2 1 2780 1728 5176
8291 2 2 2 1 2411 4300 5484
8292 2 2 2 1 1177 3400 3624
8293 2 2 2 1 2788 1329 5806
8294 2 2 2 1 2199 3631 5900
8295 2 2 2 1 239 240 4922
8296 2 2 2 1 2287 4680 5198
8297 2 2 2 1 1282 3058 3861
8298 2 2 2 1 286 2727 5009
8299 2 2 2 1 2833 347 5301
8300 2 2 2 1 4122 2849 4845
8301 2 2 2 1 2855 440 4857
8302 2 2 2 1 4344 772 5823
8303 2 2 2 1 3031 614 4902
8304 2 2 2 1 2742 700 4722
8305 2 2 2 1 3078 1283 4062
8306 2 2 2 1 1697 4031 5416
8307 2 2 2 1 3930 1510 4970
8308 2 2 2 1 45 46 5705
8309 2 2 2 1 1831 5127 5871
8310 2 2 2 1 3206 1515 4181
8311 2 2 2 1 4506 1591 5689
8312 2 2 2 1 1179 3207 4088
8313 2 2 2 1 842 2754 5462
8314 2 2 2 1 2754 1576 5462
8315 2 2 2 1 1588 2934 4091
8316 2 2 2 1 2948 587 5667
8317 2 2 2 1 469 2825 5484
8318 2 2 2 1 1002 2728 5220
8319 2 2 2 1 2308 4161 5837
8320 2 2 2 1 1340 3937 5710
8321 2 2 2 1 3981 2697 5638
8322 2 2 2 1 1260 3190 5083
8323 2 2 2 1 3305 665 4019
8324 2 2 2 1 2825 1624 5484
8325 2 2 2 1 3179 1258 3748
8326 2 2 2 1 1312 3379 3835
8327 2 2 2 1 1143 2929 4864
8328 2 2 2 1 1844 3337 4250
8329 2 2 2 1 1632 2797 4438
8330 2 2 2 1 1567 3031 4902
8331 2 2 2 1 1170 3339 5411
8332 2 2 2 1 1496 3211 5688
8333 2 2 2 1 2994 1310 4320
8334 2 2 2 1 3459 517 4959
8335 2 2 2 1 255 3076 4098
8336 2 2 2 1 908 5403 5735
8337 2 2 2 1 3507 1250 3642
8338 2 2 2 1 357 3531 5102
8339 2 2 2 1 2734 1594 4950
8340 2 2 2 1 3038 1230 4739
8341 2 2 2 1 2884 399 4185
8342 2 2 2 1 1271 2825 4334
8343 2 2 2 1 589 2806 5808
8344 2 2 2 1 2814 1318 5794
8345 2 2 2 1 311 310 3858
8346 2 2 2 1 2054 4009 5805
8347 2 2 2 1 2763 247 5942
8348 2 2 2 1 185 186 5023
8349 2 2 2 1 2198 3999 5744
8350 2 2 2 1 3226 623 3720
8351 2 2 2 1 642 2735 4911
8352 2 2 2 1 1556 4775 4887
8353 2 2 2 1 3138 738 5173
8354 2 2 2 1 2856 769 4246
8355 2 2 2 1 392 2894 5046
8356 2 2 2 1 4113 692 4549
8357 2 2 2 1 2065 4463 4538
8358 2 2 2 1 4463 450 4538
8359 2 2 2 1 2748 754 4739
8360 2 2 2 1 1852 3695 5531
8361 2 2 2 1 1642 3083 4579
8362 2 2 2 1 303 7 4785
8363 2 2 2 1 3588 2109 4233
8364 2 2 2 1 689 3588 4233
8365 2 2 2 1 3212 1799 4496
8366 2 2 2 1 1759 5449 5769
8367 2 2 2 1 1018 2894 4180
8368 2 2 2 1 1695 3138 5173
8369 2 2 2 1 787 3212 4496
8370 2 2 2 1 786 4679 4797
8371 2 2 2 1 4439 1783 4684
8372 2 2 2 1 2794 931 4921
8373 2 2 2 1 1435 4301 4828
8374 2 2 2 1 2797 1632 5630
8375 2 2 2 1 427 2797 5630
8376 2 2 2 1 747 3887 4201
8377 2 2 2 1 3887 1712 4201
8378 2 2 2 1 3166 1854 4767
8379 2 2 2 1 2223 4071 5663
8380 2 2 2 1 1471 2762 4659
8381 2 2 2 1 2807 470 4581
8382 2 2 2 1 1815 4318 5405
8383 2 2 2 1 4038 790 5907
8384 2 2 2 1 2009 3475 3758
8385 2 2 2 1 3459 1112 4695
8386 2 2 2 1 3504 640 4591
8387 2 2 2 1 476 5074 5844
8388 2 2 2 1 189 190 4067
8389 2 2 2 1 1386 2807 4581
8390 2 2 2 1 1891 5018 5200
8391 2 2 2 1 2839 1782 4323
8392 2 2 2 1 1519 3672 3943
8393 2 2 2 1 1252 3652 4545
8394 2 2 2 1 3083 2108 4579
8395 2 2 2 1 1249 4038 4133
8396 2 2 2 1 3327 414 3993
8397 2 2 2 1 2149 3928 5606
8398 2 2 2 1 5143 1216 5475
8399 2 2 2 1 3110 1003 3866
8400 2 2 2 1 1280 2955 4724
8401 2 2 2 1 1580 2966 4815
8402 2 2 2 1 2747 545 5665
8403 2 2 2 1 4038 2243 4133
8404 2 2 2 1 2894 1347 5046
8405 2 2 2 1 3400 1521 3624
8406 2 2 2 1 4367 1578 5936
8407 2 2 2 1 1249 2935 4131
8408 2 2 2 1 2966 150 4815
8409 2 2 2 1 2798 1593 4989
8410 2 2 2 1 1948 3580 5755
8411 2 2 2 1 3489 1364 4016
8412 2 2 2 1 376 2766 5498
8413 2 2 2 1 2401 3158 5036
8414 2 2 2 1 1094 2987 4316
8415 2 2 2 1 4120 701 4409
8416 2 2 2 1 924 3113 5759
8417 2 2 2 1 280 279 3893
8418 2 2 2 1 1043 3372 5303
8419 2 2 2 1 3113 1860 5759
8420 2 2 2 1 2304 3596 4849
8421 2 2 2 1 3114 2551 5804
8422 2 2 2 1 735 3780 4287
8423 2 2 2 1 3557 477 5093
8424 2 2 2 1 3069 4245 4812
8425 2 2 2 1 3513 8 5709
8426 2 2 2 1 2766 1589 5498
8427 2 2 2 1 3226 4155 5539
8428 2 2 2 1 2837 1020 4839
8429 2 2 2 1 1466 2837 4839
8430 2 2 2 1 4262 3480 5860
8431 2 2 2 1 2925 1283 5090
8432 2 2 2 1 4511 2168 4720
8433 2 2 2 1 4064 573 5090
8434 2 2 2 1 685 4452 5615
8435 2 2 2 1 625 3421 3626
8436 2 2 2 1 817 2939 4535
8437 2 2 2 1 4938 2573 5340
8438 2 2 2 1 1277 2947 5283
8439 2 2 2 1 792 4511 4720
8440 2 2 2 1 917 2739 5566
8441 2 2 2 1 1156 2776 4637
8442 2 2 2 1 1283 3078 3922
8443 2 2 2 1 2101 4064 5090
8444 2 2 2 1 1383 3098 3892
8445 2 2 2 1 1846 3110 3866
8446 2 2 2 1 3526 1728 4703
8447 2 2 2 1 4941 486 5587
8448 2 2 2 1 3464 1601 4340
8449 2 2 2 1 1027 3728 5388
8450 2 2 2 1 3106 405 3881
8451 2 2 2 1 4279 1544 4973
8452 2 2 2 1 2024 3297 4275
8453 2 2 2 1 666 3359 4188
8454 2 2 2 1 4382 1923 5635
8455 2 2 2 1 1358 2799 5092
8456 2 2 2 1 3307 629 4598
8457 2 2 2 1 171 172 5109
8458 2 2 2 1 3783 1954 5117
8459 2 2 2 1 1156 4354 5087
8460 2 2 2 1 2803 1262 4520
8461 2 2 2 1 3541 1274 4091
8462 2 2 2 1 550 2853 4360
8463 2 2 2 1 203 204 3938
8464 2 2 2 1 385 2875 4516
8465 2 2 2 1 1589 2766 4716
8466 2 2 2 1 4191 1819 5216
8467 2 2 2 1 3245 1270 3799
8468 2 2 2 1 2088 4114 5723
8469 2 2 2 1 2767 881 4762
8470 2 2 2 1 1047 2995 4069
8471 2 2 2 1 3640 4254 5579
8472 2 2 2 1 238 239 4984
8473 2 2 2 1 1533 3705 4034
8474 2 2 2 1 3103 2047 4869
8475 2 2 2 1 1962 3446 5929
8476 2 2 2 1 1463 3083 5543
8477 2 2 2 1 1631 2999 5310
8478 2 2 2 1 4341 1583 5297
8479 2 2 2 1 2340 4341 5297
8480 2 2 2 1 1101 2774 5899
8481 2 2 2 1 1692 2752 5038
8482 2 2 2 1 4298 2391 4993
8483 2 2 2 1 4346 1759 5769
8484 2 2 2 1 1781 3180 4593
8485 2 2 2 1 482 4051 4203
8486 2 2 2 1 4400 1423 4957
8487 2 2 2 1 419 3121 3936
8488 2 2 2 1 4051 1755 4203
8489 2 2 2 1 5079 1486 5461
8490 2 2 2 1 629 3746 3756
8491 2 2 2 1 3746 1503 3756
8492 2 2 2 1 4086 1493 4549
8493 2 2 2 1 3398 2216 4883
8494 2 2 2 1 2761 1337 4921
8495 2 2 2 1 197 198 5517
8496 2 2 2 1 754 2748 5284
8497 2 2 2 1 3294 437 4081
8498 2 2 2 1 4663 1883 5085
8499 2 2 2 1 855 2762 5631
8500 2 2 2 1 1699 2757 4994
8501 2 2 2 1 1079 3008 4075
8502 2 2 2 1 1522 3154 4732
8503 2 2 2 1 3223 1888 5192
8504 2 2 2 1 2219 3539 5733
8505 2 2 2 1 2363 4982 5722
8506 2 2 2 1 3539 1051 5733
8507 2 2 2 1 600 2872 5624
8508 2 2 2 1 3543 611 3650
8509 2 2 2 1 2822 365 4522
8510 2 2 2 1 275 274 3975
8511 2 2 2 1 1248 3687 3876
8512 2 2 2 1 2185 3065 5027
8513 2 2 2 1 2365 4506 5689
8514 2 2 2 1 3377 1111 4450
8515 2 2 2 1 2871 1021 4658
8516 2 2 2 1 5309 2393 5464
8517 2 2 2 1 983 2913 4337
8518 2 2 2 1 3304 570 5536
8519 2 2 2 1 2785 941 5423
8520 2 2 2 1 1568 2785 5423
8521 2 2 2 1 49 50 5662
8522 2 2 2 1 4680 851 5198
8523 2 2 2 1 2419 5058 5784
8524 2 2 2 1 1697 5278 5353
8525 2 2 2 1 411 2755 5156
8526 2 2 2 1 2962 1245 4153
8527 2 2 2 1 699 3849 4928
8528 2 2 2 1 1494 4118 4641
8529 2 2 2 1 975 3015 5499
8530 2 2 2 1 1572 3377 4450
8531 2 2 2 1 61 3515 5294
8532 2 2 2 1 2837 1466 4485
8533 2 2 2 1 2124 2758 5746
8534 2 2 2 1 1275 4070 5193
8535 2 2 2 1 1207 3222 5230
8536 2 2 2 1 639 3379 4129
8537 2 2 2 1 2990 609 5170
8538 2 2 2 1 1428 4149 4568
8539 2 2 2 1 3381 639 4129
8540 2 2 2 1 4149 1942 4568
8541 2 2 2 1 1372 2879 4349
8542 2 2 2 1 1745 2756 5235
8543 2 2 2 1 2774 1103 5828
8544 2 2 2 1 3058 1282 4648
8545 2 2 2 1 1359 3543 3650
8546 2 2 2 1 2876 1342 4350
8547 2 2 2 1 1180 2845 4465
8548 2 2 2 1 2970 591 4578
8549 2 2 2 1 1322 3871 4178
8550 2 2 2 1 1497 4630 5670
8551 2 2 2 1 3413 1683 4394
8552 2 2 2 1 969 2810 5893
8553 2 2 2 1 2838 604 5363
8554 2 2 2 1 315 314 3998
8555 2 2 2 1 1477 4649 4996
8556 2 2 2 1 1939 3250 4073
8557 2 2 2 1 926 2789 5429
8558 2 2 2 1 1186 2907 4304
8559 2 2 2 1 1829 2801 4673
8560 2 2 2 1 115 116 4331
8561 2 2 2 1 2852 653 4461
8562 2 2 2 1 3268 476 5466
8563 2 2 2 1 2942 1569 5371
8564 2 2 2 1 3620 474 4608
8565 2 2 2 1 2761 464 5217
8566 2 2 2 1 4649 2336 4996
8567 2 2 2 1 1711 3620 4608
8568 2 2 2 1 3255 1798 4629
8569 2 2 2 1 22 23 4010
8570 2 2 2 1 3135 716 4523
8571 2 2 2 1 287 286 5009
8572 2 2 2 1 803 3173 5598
8573 2 2 2 1 1491 3135 4523
8574 2 2 2 1 3066 1466 4396
8575 2 2 2 1 1620 3739 4377
8576 2 2 2 1 2196 3365 3805
8577 2 2 2 1 3365 1232 3805
8578 2 2 2 1 3558 81 5322
8579 2 2 2 1 3756 1503 4833
8580 2 2 2 1 3173 1810 5598
8581 2 2 2 1 758 3271 4895
8582 2 2 2 1 433 4418 4643
8583 2 2 2 1 1475 3360 5451
8584 2 2 2 1 833 2823 5144
8585 2 2 2 1 4418 2062 4643
8586 2 2 2 1 1759 5385 5449
8587 2 2 2 1 3076 1336 4098
8588 2 2 2 1 2092 3696 5353
8589 2 2 2 1 900 3925 4671
8590 2 2 2 1 1162 3554 3945
8591 2 2 2 1 2216 3605 4168
8592 2 2 2 1 2823 1516 5144
8593 2 2 2 1 2899 417 4365
8594 2 2 2 1 794 4390 4397
8595 2 2 2 1 582 2911 4561
8596 2 2 2 1 2785 1568 5810
8597 2 2 2 1 1303 3443 4669
8598 2 2 2 1 3925 1874 4671
8599 2 2 2 1 3271 1650 4895
8600 2 2 2 1 3493 1290 5719
8601 2 2 2 1 5259 1502 5939
8602 2 2 2 1 655 3520 3775
8603 2 2 2 1 2991 981 4584
8604 2 2 2 1 829 3300 5216
8605 2 2 2 1 3924 1327 3947
8606 2 2 2 1 3442 1366 4582
8607 2 2 2 1 2941 589 4265
8608 2 2 2 1 91 2893 4526
8609 2 2 2 1 1561 3505 3714
8610 2 2 2 1 1545 2768 5548
8611 2 2 2 1 1620 3338 3739
8612 2 2 2 1 1457 3302 4446
8613 2 2 2 1 3278 1637 4866
8614 2 2 2 1 2789 390 4875
8615 2 2 2 1 2769 863 5811
8616 2 2 2 1 1148 3018 4672
8617 2 2 2 1 2847 1359 4919
8618 2 2 2 1 1596 3924 3947
8619 2 2 2 1 994 3351 3765
8620 2 2 2 1 3351 1362 3765
8621 2 2 2 1 3079 1549 4862
8622 2 2 2 1 3251 1264 4288
8623 2 2 2 1 3018 1740 4672
8624 2 2 2 1 1690 4090 5366
8625 2 2 2 1 3820 448 5869
8626 2 2 2 1 3157 794 4397
8627 2 2 2 1 410 2912 4472
8628 2 2 2 1 3414 1355 3709
8629 2 2 2 1 3229 1884 5753
8630 2 2 2 1 839 3079 4862
8631 2 2 2 1 494 3278 4866
8632 2 2 2 1 1738 4456 5196
8633 2 2 2 1 3248 1919 4326
8634 2 2 2 1 697 3229 5753
8635 2 2 2 1 747 5080 5522
8636 2 2 2 1 3830 710 4616
8637 2 2 2 1 4327 2986 4920
8638 2 2 2 1 1805 3830 4616
8639 2 2 2 1 125 126 4042
8640 2 2 2 1 2776 1156 5087
8641 2 2 2 1 1653 4001 5367
8642 2 2 2 1 3684 590 3784
8643 2 2 2 1 1832 3100 4853
8644 2 2 2 1 769 3546 5686
8645 2 2 2 1 1311 3279 4188
8646 2 2 2 1 3651 406 4886
8647 2 2 2 1 5149 715 5726
8648 2 2 2 1 952 2775 5366
8649 2 2 2 1 4576 1909 5857
8650 2 2 2 1 769 2856 4707
8651 2 2 2 1 1763 5608 5634
8652 2 2 2 1 3251 742 4503
8653 2 2 2 1 4904 1731 5729
8654 2 2 2 1 1598 3412 5264
8655 2 2 2 1 3220 630 4844
8656 2 2 2 1 1526 3104 5417
8657 2 2 2 1 2976 691 4209
8658 2 2 2 1 984 2897 4668
8659 2 2 2 1 1612 3220 4844
8660 2 2 2 1 3885 1356 3978
8661 2 2 2 1 3663 1170 5411
8662 2 2 2 1 673 3078 4062
8663 2 2 2 1 1592 3885 3978
8664 2 2 2 1 2257 3997 5172
8665 2 2 2 1 1737 2795 5743
8666 2 2 2 1 4638 1203 5715
8667 2 2 2 1 707 3983 5826
8668 2 2 2 1 610 3163 4106
8669 2 2 2 1 273 5 5933
8670 2 2 2 1 1640 3463 4639
8671 2 2 2 1 2856 1415 4707
8672 2 2 2 1 1029 3161 4314
8673 2 2 2 1 4224 1646 5697
8674 2 2 2 1 3217 686 5639
8675 2 2 2 1 2400 4224 5697
8676 2 2 2 1 1843 3217 5639
8677 2 2 2 1 3779 506 5187
8678 2 2 2 1 4366 2508 5775
8679 2 2 2 1 1684 3732 5285
8680 2 2 2 1 1310 3136 4320
8681 2 2 2 1 1002 2895 5487
8682 2 2 2 1 3463 641 4639
8683 2 2 2 1 2624 4638 5715
8684 2 2 2 1 1117 2782 5492
8685 2 2 2 1 1382 3044 4289
8686 2 2 2 1 3344 17 5773
8687 2 2 2 1 2243 4038 5907
8688 2 2 2 1 1341 3247 4893
8689 2 2 2 1 1441 4467 5129
8690 2 2 2 1 3044 597 4289
8691 2 2 2 1 4565 1429 4710
8692 2 2 2 1 2875 1322 4516
8693 2 2 2 1 3880 2237 5763
8694 2 2 2 1 1327 2989 4436
8695 2 2 2 1 985 3880 5763
8696 2 2 2 1 2877 531 4510
8697 2 2 2 1 3143 402 4339
8698 2 2 2 1 3073 1030 4530
8699 2 2 2 1 2836 585 4981
8700 2 2 2 1 1476 2836 4981
8701 2 2 2 1 5642 2335 5767
8702 2 2 2 1 2787 1518 5488
8703 2 2 2 1 1618 3432 4597
8704 2 2 2 1 3432 756 4597
8705 2 2 2 1 3587 266 4347
8706 2 2 2 1 867 3334 4174
8707 2 2 2 1 2953 890 5923
8708 2 2 2 1 2987 1600 4316
8709 2 2 2 1 2799 494 5092
8710 2 2 2 1 2790 613 5413
8711 2 2 2 1 165 2826 5122
8712 2 2 2 1 625 2993 4226
8713 2 2 2 1 1342 2876 4537
8714 2 2 2 1 3683 438 4454
8715 2 2 2 1 2175 3757 5909
8716 2 2 2 1 1108 2854 4628
8717 2 2 2 1 419 2824 4772
8718 2 2 2 1 2793 956 5386
8719 2 2 2 1 330 329 4095
8720 2 2 2 1 471 4544 5809
8721 2 2 2 1 1748 3516 4432
8722 2 2 2 1 2791 1028 5504
8723 2 2 2 1 3364 876 4138
8724 2 2 2 1 1760 3364 4138
8725 2 2 2 1 3633 761 4645
8726 2 2 2 1 3516 643 4432
8727 2 2 2 1 4350 3674 5657
8728 2 2 2 1 2252 3102 5161
8729 2 2 2 1 3841 1209 5877
8730 2 2 2 1 1223 2827 4768
8731 2 2 2 1 2633 4169 4540
8732 2 2 2 1 2806 1323 5808
8733 2 2 2 1 1605 3284 3847
8734 2 2 2 1 832 3794 5545
8735 2 2 2 1 3013 2043 4817
8736 2 2 2 1 1135 3010 4212
8737 2 2 2 1 3585 532 4063
8738 2 2 2 1 55 56 4099
8739 2 2 2 1 350 5015 5394
8740 2 2 2 1 1375 3050 4151
8741 2 2 2 1 2851 1687 4654
8742 2 2 2 1 5015 2669 5394
8743 2 2 2 1 1837 3265 3890
8744 2 2 2 1 1181 3188 5609
8745 2 2 2 1 507 2804 5772
8746 2 2 2 1 3948 498 4745
8747 2 2 2 1 598 2891 4542
8748 2 2 2 1 333 332 4105
8749 2 2 2 1 3624 1521 4683
8750 2 2 2 1 4252 652 5870
8751 2 2 2 1 2003 4279 4973
8752 2 2 2 1 3147 1600 5444
8753 2 2 2 1 1880 3948 4745
8754 2 2 2 1 1709 3585 4063
8755 2 2 2 1 1499 2878 5705
8756 2 2 2 1 790 2817 5907
8757 2 2 2 1 3324 2078 5292
8758 2 2 2 1 3067 1601 5114
8759 2 2 2 1 1324 3814 3815
8760 2 2 2 1 512 2846 4878
8761 2 2 2 1 3535 440 4023
8762 2 2 2 1 2123 5118 5473
8763 2 2 2 1 2846 1448 4878
8764 2 2 2 1 2062 4418 5237
8765 2 2 2 1 3505 782 3714
8766 2 2 2 1 536 2820 5927
8767 2 2 2 1 870 3067 5114
8768 2 2 2 1 2892 1508 5068
8769 2 2 2 1 711 3333 4217
8770 2 2 2 1 3632 1336 4596
8771 2 2 2 1 3814 1566 3815
8772 2 2 2 1 706 2892 5068
8773 2 2 2 1 3265 1397 3890
8774 2 2 2 1 4480 1250 4825
8775 2 2 2 1 727 4324 5785
8776 2 2 2 1 4324 2467 5785
8777 2 2 2 1 349 5361 5543
8778 2 2 2 1 784 4868 5150
8779 2 2 2 1 3629 1123 4574
8780 2 2 2 1 3086 1409 4110
8781 2 2 2 1 403 3246 5055
8782 2 2 2 1 228 3021 4834
8783 2 2 2 1 2906 1627 4518
8784 2 2 2 1 3333 1479 4217
8785 2 2 2 1 2588 5259 5939
8786 2 2 2 1 3058 856 4613
8787 2 2 2 1 4410 1727 5863
8788 2 2 2 1 3266 1596 3904
8789 2 2 2 1 3187 1398 4611
8790 2 2 2 1 1782 5021 5619
8791 2 2 2 1 3295 1981 5225
8792 2 2 2 1 2531 4410 5863
8793 2 2 2 1 417 2874 4986
8794 2 2 2 1 773 4960 5431
8795 2 2 2 1 3272 632 5656
8796 2 2 2 1 1376 3774 4343
8797 2 2 2 1 3595 2474 5797
8798 2 2 2 1 4982 1659 5722
8799 2 2 2 1 1540 2849 4734
8800 2 2 2 1 4561 2285 4979
8801 2 2 2 1 3963 936 5906
8802 2 2 2 1 407 2812 5777
8803 2 2 2 1 672 2814 5794
8804 2 2 2 1 582 4561 4979
8805 2 2 2 1 78 3301 3867
8806 2 2 2 1 1820 3629 4574
8807 2 2 2 1 5408 870 5580
8808 2 2 2 1 3148 1292 5313
8809 2 2 2 1 3102 1458 5161
8810 2 2 2 1 2863 1427 4875
8811 2 2 2 1 2949 984 4668
8812 2 2 2 1 3004 345 4455
8813 2 2 2 1 1073 4047 5569
8814 2 2 2 1 580 2940 4880
8815 2 2 2 1 557 2844 4767
8816 2 2 2 1 2070 5168 5799
8817 2 2 2 1 2809 478 5690
8818 2 2 2 1 3315 1232 3864
8819 2 2 2 1 2831 997 4887
8820 2 2 2 1 4758 1852 5531
8821 2 2 2 1 1561 3856 4954
8822 2 2 2 1 2864 473 5320
8823 2 2 2 1 408 2986 4327
8824 2 2 2 1 1415 2856 4704
8825 2 2 2 1 2806 589 5634
8826 2 2 2 1 1930 2848 4999
8827 2 2 2 1 1623 2832 5251
8828 2 2 2 1 1606 5243 5495
8829 2 2 2 1 1183 2832 4941
8830 2 2 2 1 3930 4970 5874
8831 2 2 2 1 556 3430 3811
8832 2 2 2 1 2201 4051 5518
8833 2 2 2 1 4051 482 5518
8834 2 2 2 1 1513 2808 5203
8835 2 2 2 1 2848 161 4999
8836 2 2 2 1 3633 1303 4669
8837 2 2 2 1 1460 3283 4239
8838 2 2 2 1 1391 2868 5669
8839 2 2 2 1 1820 4574 5131
8840 2 2 2 1 3283 137 4239
8841 2 2 2 1 3613 1415 4704
8842 2 2 2 1 1891 3658 5018
8843 2 2 2 1 674 2821 5717
8844 2 2 2 1 2886 5798 5814
8845 2 2 2 1 603 3199 4014
8846 2 2 2 1 346 3213 4328
8847 2 2 2 1 571 2811 5595
8848 2 2 2 1 3584 2330 5339
8849 2 2 2 1 2094 3196 4612
8850 2 2 2 1 1344 3133 4103
8851 2 2 2 1 68 69 4159
8852 2 2 2 1 106 107 5473
8853 2 2 2 1 3196 1658 4612
8854 2 2 2 1 1319 3322 4464
8855 2 2 2 1 224 225 4162
8856 2 2 2 1 4360 1727 4499
8857 2 2 2 1 465 5247 5445
8858 2 2 2 1 1573 3215 4804
8859 2 2 2 1 2885 664 4901
8860 2 2 2 1 1444 2833 5306
8861 2 2 2 1 3213 1457 4328
8862 2 2 2 1 3260 1214 3953
8863 2 2 2 1 3303 1589 4716
8864 2 2 2 1 269 270 4167
8865 2 2 2 1 1776 2905 4604
8866 2 2 2 1 1406 3034 4259
8867 2 2 2 1 2330 3221 5612
8868 2 2 2 1 5247 2777 5445
8869 2 2 2 1 1334 3125 4286
8870 2 2 2 1 3731 41 5180
8871 2 2 2 1 426 4183 5166
8872 2 2 2 1 734 3303 4716
8873 2 2 2 1 5012 2638 5384
8874 2 2 2 1 1262 5012 5384
8875 2 2 2 1 1649 3027 5717
8876 2 2 2 1 3108 1242 4845
8877 2 2 2 1 1540 3108 4845
8878 2 2 2 1 3475 1211 3758
8879 2 2 2 1 4109 1957 4687
8880 2 2 2 1 3725 158 5422
8881 2 2 2 1 3215 177 4804
8882 2 2 2 1 3314 1453 4197
8883 2 2 2 1 2849 1540 4845
8884 2 2 2 1 1632 3317 5628
8885 2 2 2 1 820 4962 5567
8886 2 2 2 1 3133 1080 4103
8887 2 2 2 1 1564 2815 5368
8888 2 2 2 1 3047 581 5134
8889 2 2 2 1 4040 1467 4761
8890 2 2 2 1 1842 2830 5149
8891 2 2 2 1 434 3314 4197
8892 2 2 2 1 613 3200 5413
8893 2 2 2 1 3149 670 5781
8894 2 2 2 1 3379 639 3835
8895 2 2 2 1 1291 2855 4857
8896 2 2 2 1 1528 2836 5000
8897 2 2 2 1 1391 3893 4348
8898 2 2 2 1 2939 1294 4535
8899 2 2 2 1 1147 2820 5476
8900 2 2 2 1 2915 1711 4608
8901 2 2 2 1 604 2949 5363
8902 2 2 2 1 3254 1502 4479
8903 2 2 2 1 2992 237 4372
8904 2 2 2 1 1555 3997 4522
8905 2 2 2 1 1892 3109 4140
8906 2 2 2 1 771 3254 4479
8907 2 2 2 1 3200 1739 5413
8908 2 2 2 1 3263 1628 4121
8909 2 2 2 1 3063 1346 4345
8910 2 2 2 1 504 2847 4919
8911 2 2 2 1 2003 4400 4957
8912 2 2 2 1 3063 1431 4913
8913 2 2 2 1 1528 3136 5239
8914 2 2 2 1 468 5558 5570
8915 2 2 2 1 2220 3852 5620
8916 2 2 2 1 1725 4077 4213
8917 2 2 2 1 2200 4278 5228
8918 2 2 2 1 1954 2879 5117
8919 2 2 2 1 3394 429 5265
8920 2 2 2 1 2823 1574 5352
8921 2 2 2 1 5093 477 5855
8922 2 2 2 1 958 2864 4787
8923 2 2 2 1 4077 1400 4213
8924 2 2 2 1 2879 230 5117
8925 2 2 2 1 2831 486 5708
8926 2 2 2 1 5361 2618 5543
8927 2 2 2 1 5403 2410 5735
8928 2 2 2 1 3074 2637 5591
8929 2 2 2 1 3852 518 5620
8930 2 2 2 1 4278 810 5228
8931 2 2 2 1 1743 2864 4827
8932 2 2 2 1 1622 3030 4303
8933 2 2 2 1 3470 787 5577
8934 2 2 2 1 2583 4536 5889
8935 2 2 2 1 2888 1309 4718
8936 2 2 2 1 1918 3470 5577
8937 2 2 2 1 4536 886 5889
8938 2 2 2 1 284 283 4532
8939 2 2 2 1 714 3010 4580
8940 2 2 2 1 3812 1588 4091
8941 2 2 2 1 1274 3812 4091
8942 2 2 2 1 2824 974 5637
8943 2 2 2 1 4622 598 4908
8944 2 2 2 1 1328 3428 4534
8945 2 2 2 1 994 3234 4985
8946 2 2 2 1 2830 1842 5440
8947 2 2 2 1 486 2832 5708
8948 2 2 2 1 993 2872 4776
8949 2 2 2 1 1294 2970 4578
8950 2 2 2 1 1777 2826 5649
8951 2 2 2 1 1623 2831 5708
8952 2 2 2 1 3010 1418 4580
8953 2 2 2 1 3877 1360 5869
8954 2 2 2 1 3115 1325 4381
8955 2 2 2 1 2938 654 4566
8956 2 2 2 1 3261 424 3996
8957 2 2 2 1 3363 1066 5789
8958 2 2 2 1 4110 1409 4948
8959 2 2 2 1 35 36 4206
8960 2 2 2 1 3310 646 3954
8961 2 2 2 1 1582 4741 5666
8962 2 2 2 1 2206 3689 4137
8963 2 2 2 1 2832 1623 5708
8964 2 2 2 1 3285 1239 3979
8965 2 2 2 1 2828 533 5343
8966 2 2 2 1 108 3115 4381
8967 2 2 2 1 979 3135 5078
8968 2 2 2 1 3406 1067 5553
8969 2 2 2 1 737 3056 4263
8970 2 2 2 1 2917 1412 4870
8971 2 2 2 1 3450 1960 5782
8972 2 2 2 1 1165 2890 4750
8973 2 2 2 1 1544 4279 5170
8974 2 2 2 1 2833 938 5306
8975 2 2 2 1 539 2842 5121
8976 2 2 2 1 2877 1058 4808
8977 2 2 2 1 1641 4714 5031
8978 2 2 2 1 629 3681 4598
8979 2 2 2 1 2938 954 5524
8980 2 2 2 1 2989 384 4436
8981 2 2 2 1 1345 3750 5574
8982 2 2 2 1 227 228 4834
8983 2 2 2 1 942 4670 5557
8984 2 2 2 1 3615 425 5209
8985 2 2 2 1 1712 3887 3891
8986 2 2 2 1 2494 2951 5091
8987 2 2 2 1 2951 957 5091
8988 2 2 2 1 1841 3307 4598
8989 2 2 2 1 2042 3634 5275
8990 2 2 2 1 3887 1284 3891
8991 2 2 2 1 604 2838 5192
8992 2 2 2 1 3319 610 4106
8993 2 2 2 1 1077 3242 5141
8994 2 2 2 1 2886 690 5798
8995 2 2 2 1 3311 2001 4915
8996 2 2 2 1 1060 3537 4793
8997 2 2 2 1 3941 1494 4641
8998 2 2 2 1 3242 1668 5141
8999 2 2 2 1 3053 1355 4414
9000 2 2 2 1 3069 1357 4245
9001 2 2 2 1 464 4686 5217
9002 2 2 2 1 1484 3726 3992
9003 2 2 2 1 590 3331 4442
9004 2 2 2 1 3726 1518 3992
9005 2 2 2 1 4686 2389 5217
9006 2 2 2 1 5127 1831 5858
9007 2 2 2 1 1778 3401 3974
9008 2 2 2 1 3580 121 5755
9009 2 2 2 1 1533 4559 4998
9010 2 2 2 1 2924 677 4663
9011 2 2 2 1 3316 4752 5501
9012 2 2 2 1 694 3196 4408
9013 2 2 2 1 1294 3080 5494
9014 2 2 2 1 588 5160 5601
9015 2 2 2 1 3855 731 4989
9016 2 2 2 1 1222 3301 4988
9017 2 2 2 1 3942 1205 4514
9018 2 2 2 1 137 138 4239
9019 2 2 2 1 4126 1735 5532
9020 2 2 2 1 2846 512 5163
9021 2 2 2 1 2051 4052 5927
9022 2 2 2 1 2228 4126 5532
9023 2 2 2 1 3639 430 4654
9024 2 2 2 1 3270 1769 5864
9025 2 2 2 1 1361 2982 5194
9026 2 2 2 1 5798 1651 5814
9027 2 2 2 1 3139 399 5843
9028 2 2 2 1 1412 2917 4790
9029 2 2 2 1 3918 1377 5263
9030 2 2 2 1 1687 3639 4654
9031 2 2 2 1 3580 1948 5826
9032 2 2 2 1 2861 1511 5002
9033 2 2 2 1 2056 3045 5026
9034 2 2 2 1 373 3255 5186
9035 2 2 2 1 4131 800 4930
9036 2 2 2 1 2857 1017 5076
9037 2 2 2 1 3255 1686 5186
9038 2 2 2 1 1689 3423 4510
9039 2 2 2 1 2917 1405 5404
9040 2 2 2 1 5243 2513 5495
9041 2 2 2 1 1006 2891 4842
9042 2 2 2 1 621 2956 4595
9043 2 2 2 1 505 3450 5782
9044 2 2 2 1 3343 1181 5609
9045 2 2 2 1 1448 2846 5240
9046 2 2 2 1 4860 873 5420
9047 2 2 2 1 289 288 4268
9048 2 2 2 1 144 3001 4460
9049 2 2 2 1 2398 3889 5572
9050 2 2 2 1 1008 2869 4965
9051 2 2 2 1 2518 4531 5911
9052 2 2 2 1 1056 3779 4310
9053 2 2 2 1 632 3428 5656
9054 2 2 2 1 2542 4860 5420
9055 2 2 2 1 3830 1805 4848
9056 2 2 2 1 1479 3097 4684
9057 2 2 2 1 2983 655 5503
9058 2 2 2 1 3247 1341 4454
9059 2 2 2 1 3596 1610 4849
9060 2 2 2 1 1687 2851 5758
9061 2 2 2 1 2477 4365 4986
9062 2 2 2 1 1595 2953 5923
9063 2 2 2 1 3153 1317 5508
9064 2 2 2 1 2856 1792 5835
9065 2 2 2 1 63 64 4281
9066 2 2 2 1 3779 1640 4310
9067 2 2 2 1 4021 601 4151
9068 2 2 2 1 510 2843 5483
9069 2 2 2 1 723 3971 4410
9070 2 2 2 1 2258 3499 5408
9071 2 2 2 1 673 3753 4080
9072 2 2 2 1 5301 2495 5316
9073 2 2 2 1 545 2857 5143
9074 2 2 2 1 1192 3831 4814
9075 2 2 2 1 3831 1836 4814
9076 2 2 2 1 2917 780 4790
9077 2 2 2 1 3177 1670 4509
9078 2 2 2 1 2130 2859 5851
9079 2 2 2 1 4261 445 5467
9080 2 2 2 1 2061 3177 4509
9081 2 2 2 1 4523 2164 4934
9082 2 2 2 1 1491 4523 4934
9083 2 2 2 1 2853 550 5305
9084 2 2 2 1 3531 357 4553
9085 2 2 2 1 1602 3531 4553
9086 2 2 2 1 773 3782 5760
9087 2 2 2 1 1893 3011 4489
9088 2 2 2 1 3026 1243 4452
9089 2 2 2 1 1939 3294 4824
9090 2 2 2 1 3011 2038 4489
9091 2 2 2 1 1482 3114 4987
9092 2 2 2 1 5292 2078 5887
9093 2 2 2 1 1352 2949 4668
9094 2 2 2 1 3971 1727 4410
9095 2 2 2 1 210 2997 4500
9096 2 2 2 1 2270 4261 5467
9097 2 2 2 1 414 3332 3993
9098 2 2 2 1 2935 4133 5270
9099 2 2 2 1 1999 3767 4474
9100 2 2 2 1 2898 1273 4931
9101 2 2 2 1 4756 833 5144
9102 2 2 2 1 4531 593 5911
9103 2 2 2 1 731 3063 4345
9104 2 2 2 1 1634 2862 5727
9105 2 2 2 1 2373 4756 5144
9106 2 2 2 1 3558 1419 4210
9107 2 2 2 1 509 2907 5254
9108 2 2 2 1 1970 3558 4210
9109 2 2 2 1 1785 3523 5159
9110 2 2 2 1 3523 743 5159
9111 2 2 2 1 1167 3609 3771
9112 2 2 2 1 2933 1579 4727
9113 2 2 2 1 4495 1996 5733
9114 2 2 2 1 3076 2284 4596
9115 2 2 2 1 1899 2854 5466
9116 2 2 2 1 4306 724 5157
9117 2 2 2 1 1325 3361 5018
9118 2 2 2 1 3033 1038 5191
9119 2 2 2 1 1382 3002 4763
9120 2 2 2 1 3554 1162 5590
9121 2 2 2 1 1755 3176 5617
9122 2 2 2 1 931 2858 5600
9123 2 2 2 1 3176 679 5617
9124 2 2 2 1 12 3081 4325
9125 2 2 2 1 141 142 5313
9126 2 2 2 1 3236 508 5383
9127 2 2 2 1 3008 1079 4719
9128 2 2 2 1 2861 845 5678
9129 2 2 2 1 1445 3008 4719
9130 2 2 2 1 523 3053 4414
9131 2 2 2 1 2907 1535 5254
9132 2 2 2 1 2905 343 5651
9133 2 2 2 1 2927 1056 5031
9134 2 2 2 1 163 164 4371
9135 2 2 2 1 5506 2983 5513
9136 2 2 2 1 1402 4075 4196
9137 2 2 2 1 1567 4569 5020
9138 2 2 2 1 1652 3212 4130
9139 2 2 2 1 402 3349 4339
9140 2 2 2 1 1582 3733 4741
9141 2 2 2 1 3526 1341 4893
9142 2 2 2 1 742 3251 4288
9143 2 2 2 1 4395 1490 5064
9144 2 2 2 1 3379 1328 4129
9145 2 2 2 1 2892 706 5028
9146 2 2 2 1 3249 1754 4163
9147 2 2 2 1 1588 2991 4584
9148 2 2 2 1 3276 1369 4078
9149 2 2 2 1 711 4217 4294
9150 2 2 2 1 2866 1741 5677
9151 2 2 2 1 1689 4510 4570
9152 2 2 2 1 1397 3265 4162
9153 2 2 2 1 3156 736 4514
9154 2 2 2 1 2895 626 5041
9155 2 2 2 1 2878 2481 5610
9156 2 2 2 1 655 2983 5506
9157 2 2 2 1 4217 1783 4294
9158 2 2 2 1 45 2878 5610
9159 2 2 2 1 2955 704 4724
9160 2 2 2 1 3093 115 4331
9161 2 2 2 1 1803 3271 5642
9162 2 2 2 1 3265 224 4162
9163 2 2 2 1 4114 1229 5723
9164 2 2 2 1 4653 1987 4865
9165 2 2 2 1 4157 1772 4862
9166 2 2 2 1 2966 1580 5513
9167 2 2 2 1 1313 3070 4979
9168 2 2 2 1 794 4495 5027
9169 2 2 2 1 1612 3171 4976
9170 2 2 2 1 1814 4372 4984
9171 2 2 2 1 1608 3522 3869
9172 2 2 2 1 3271 758 5642
9173 2 2 2 1 3171 95 4976
9174 2 2 2 1 664 2885 5238
9175 2 2 2 1 339 3097 4340
9176 2 2 2 1 3125 409 4286
9177 2 2 2 1 4495 2185 5027
9178 2 2 2 1 1569 2870 5371
9179 2 2 2 1 1557 4821 4892
9180 2 2 2 1 1681 3371 5570
9181 2 2 2 1 3257 1241 5029
9182 2 2 2 1 3490 1364 4432
9183 2 2 2 1 1306 3294 4081
9184 2 2 2 1 4692 146 5677
9185 2 2 2 1 679 2869 5575
9186 2 2 2 1 1526 3593 4235
9187 2 2 2 1 3346 1215 5071
9188 2 2 2 1 1942 4352 4568
9189 2 2 2 1 3029 1392 4631
9190 2 2 2 1 622 2934 5486
9191 2 2 2 1 1878 3825 5315
9192 2 2 2 1 4352 390 4568
9193 2 2 2 1 1285 3386 4008
9194 2 2 2 1 2934 1588 5486
9195 2 2 2 1 3593 688 4235
9196 2 2 2 1 3557 1289 3856
9197 2 2 2 1 3408 603 4014
9198 2 2 2 1 3226 1110 4155
9199 2 2 2 1 3768 1765 4751
9200 2 2 2 1 549 3768 4751
9201 2 2 2 1 3075 2376 4591
9202 2 2 2 1 1090 3032 5548
9203 2 2 2 1 1453 3408 4014
9204 2 2 2 1 951 2886 5814
9205 2 2 2 1 2669 3272 5656
9206 2 2 2 1 3382 1236 4112
9207 2 2 2 1 1326 3433 4172
9208 2 2 2 1 1775 3151 4748
9209 2 2 2 1 3302 636 4446
9210 2 2 2 1 3126 1296 5389
9211 2 2 2 1 3484 675 4735
9212 2 2 2 1 4588 839 4862
9213 2 2 2 1 3712 1199 4267
9214 2 2 2 1 3637 775 5251
9215 2 2 2 1 2881 1150 5493
9216 2 2 2 1 2942 1487 5033
9217 2 2 2 1 3239 2413 5206
9218 2 2 2 1 3217 1434 4407
9219 2 2 2 1 686 3217 4407
9220 2 2 2 1 2940 1351 4880
9221 2 2 2 1 681 2942 5033
9222 2 2 2 1 935 2883 5456
9223 2 2 2 1 4056 470 5369
9224 2 2 2 1 3159 577 5219
9225 2 2 2 1 1370 3934 4796
9226 2 2 2 1 4308 466 5276
9227 2 2 2 1 2264 5687 5756
9228 2 2 2 1 4349 748 4633
9229 2 2 2 1 1600 3147 5387
9230 2 2 2 1 3279 1311 4120
9231 2 2 2 1 2306 2890 5792
9232 2 2 2 1 2887 728 5315
9233 2 2 2 1 3136 1310 4302
9234 2 2 2 1 1630 3484 4735
9235 2 2 2 1 519 3336 4938
9236 2 2 2 1 1083 2904 5185
9237 2 2 2 1 1539 5301 5316
9238 2 2 2 1 3260 727 4284
9239 2 2 2 1 1381 3684 3784
9240 2 2 2 1 3504 1393 4037
9241 2 2 2 1 995 3022 4843
9242 2 2 2 1 825 3249 4163
9243 2 2 2 1 3701 730 5653
9244 2 2 2 1 350 2903 5921
9245 2 2 2 1 3136 778 4320
9246 2 2 2 1 3022 1476 4843
9247 2 2 2 1 585 3036 4981
9248 2 2 2 1 2923 428 5110
9249 2 2 2 1 1827 3760 4470
9250 2 2 2 1 4958 419 5713
9251 2 2 2 1 840 4529 5552
9252 2 2 2 1 3950 1778 5859
9253 2 2 2 1 1869 4385 4388
9254 2 2 2 1 2482 3769 5791
9255 2 2 2 1 2981 1890 4717
9256 2 2 2 1 4385 1387 4388
9257 2 2 2 1 3335 1694 4076
9258 2 2 2 1 3760 998 4470
9259 2 2 2 1 1566 4394 4422
9260 2 2 2 1 3016 1635 4632
9261 2 2 2 1 1490 2923 5110
9262 2 2 2 1 4298 910 5816
9263 2 2 2 1 4630 2117 5670
9264 2 2 2 1 4053 1462 4136
9265 2 2 2 1 2391 4298 5816
9266 2 2 2 1 3458 633 5547
9267 2 2 2 1 2150 3005 4658
9268 2 2 2 1 2069 5205 5760
9269 2 2 2 1 4352 1451 5741
9270 2 2 2 1 4404 616 4543
9271 2 2 2 1 3961 2363 4710
9272 2 2 2 1 1525 2984 5260
9273 2 2 2 1 750 3772 3916
9274 2 2 2 1 1938 4404 4543
9275 2 2 2 1 1430 5565 5910
9276 2 2 2 1 759 3029 4631
9277 2 2 2 1 1372 3021 4644
9278 2 2 2 1 2977 1419 5322
9279 2 2 2 1 592 3356 5335
9280 2 2 2 1 1231 2936 4992
9281 2 2 2 1 3772 1493 3916
9282 2 2 2 1 1071 2898 5511
9283 2 2 2 1 3165 1497 4974
9284 2 2 2 1 3006 1424 4674
9285 2 2 2 1 4741 2317 5666
9286 2 2 2 1 3470 1227 4130
9287 2 2 2 1 1106 4102 5409
9288 2 2 2 1 1011 3059 5311
9289 2 2 2 1 3001 145 4692
9290 2 2 2 1 3894 850 4383
9291 2 2 2 1 184 185 5155
9292 2 2 2 1 573 2925 5090
9293 2 2 2 1 4508 1880 5245
9294 2 2 2 1 1767 3894 4383
9295 2 2 2 1 1244 2922 5213
9296 2 2 2 1 4619 2340 5297
9297 2 2 2 1 696 4619 5297
9298 2 2 2 1 2910 1041 5813
9299 2 2 2 1 4102 2121 5409
9300 2 2 2 1 3568 413 5067
9301 2 2 2 1 1292 3429 5313
9302 2 2 2 1 3485 1247 5045
9303 2 2 2 1 4465 687 5783
9304 2 2 2 1 520 2913 5269
9305 2 2 2 1 328 327 4502
9306 2 2 2 1 4244 1496 5688
9307 2 2 2 1 31 3964 5472
9308 2 2 2 1 2933 1188 5051
9309 2 2 2 1 3161 1681 4314
9310 2 2 2 1 3769 2283 5281
9311 2 2 2 1 3554 1923 3945
9312 2 2 2 1 3890 1397 5016
9313 2 2 2 1 496 3769 5281
9314 2 2 2 1 2977 1142 5312
9315 2 2 2 1 616 4404 5592
9316 2 2 2 1 2993 625 5024
9317 2 2 2 1 3571 1989 5800
9318 2 2 2 1 869 3571 5800
9319 2 2 2 1 1601 3067 4903
9320 2 2 2 1 2768 5319 5548
9321 2 2 2 1 5319 1090 5548
9322 2 2 2 1 1494 2993 5024
9323 2 2 2 1 3782 773 5431
9324 2 2 2 1 4560 1825 4841
9325 2 2 2 1 1441 3073 4530
9326 2 2 2 1 3045 523 4892
9327 2 2 2 1 780 2917 5404
9328 2 2 2 1 3167 1094 4316
9329 2 2 2 1 4104 1655 4142
9330 2 2 2 1 3073 1441 4679
9331 2 2 2 1 3808 2246 3921
9332 2 2 2 1 502 2916 5622
9333 2 2 2 1 1408 4104 4142
9334 2 2 2 1 564 3808 3921
9335 2 2 2 1 3427 1744 5244
9336 2 2 2 1 5226 2353 5615
9337 2 2 2 1 786 3073 4679
9338 2 2 2 1 3971 1251 4499
9339 2 2 2 1 1300 3427 5244
9340 2 2 2 1 1711 2915 5737
9341 2 2 2 1 2962 753 4939
9342 2 2 2 1 1868 5047 5277
9343 2 2 2 1 948 3165 4974
9344 2 2 2 1 1469 2985 4925
9345 2 2 2 1 3508 1876 4175
9346 2 2 2 1 2985 845 4925
9347 2 2 2 1 1365 3167 5132
9348 2 2 2 1 3727 1569 4453
9349 2 2 2 1 1774 3727 4453
9350 2 2 2 1 5 3129 5933
9351 2 2 2 1 517 3007 4753
9352 2 2 2 1 3002 511 4763
9353 2 2 2 1 3279 666 4188
9354 2 2 2 1 1727 3971 4499
9355 2 2 2 1 3098 1383 4493
9356 2 2 2 1 1251 3100 4499
9357 2 2 2 1 3482 1571 5364
9358 2 2 2 1 4390 1723 4397
9359 2 2 2 1 3381 1833 5607
9360 2 2 2 1 1105 3381 5607
9361 2 2 2 1 1796 4134 4980
9362 2 2 2 1 1160 4161 5815
9363 2 2 2 1 1360 3877 3878
9364 2 2 2 1 3877 1597 3878
9365 2 2 2 1 760 4924 5232
9366 2 2 2 1 2923 1107 5799
9367 2 2 2 1 2264 4969 5687
9368 2 2 2 1 3957 729 5670
9369 2 2 2 1 3254 771 5443
9370 2 2 2 1 4034 717 4205
9371 2 2 2 1 4197 2053 4737
9372 2 2 2 1 2117 3957 5670
9373 2 2 2 1 3665 1465 4006
9374 2 2 2 1 452 3244 4690
9375 2 2 2 1 4161 2308 5815
9376 2 2 2 1 613 3665 4006
9377 2 2 2 1 1051 3539 4149
9378 2 2 2 1 1558 4926 5898
9379 2 2 2 1 3607 260 5326
9380 2 2 2 1 1317 3058 4613
9381 2 2 2 1 442 3385 5086
9382 2 2 2 1 3129 1790 5933
9383 2 2 2 1 1369 3276 4742
9384 2 2 2 1 2950 916 5112
9385 2 2 2 1 1398 3187 4361
9386 2 2 2 1 2573 5022 5462
9387 2 2 2 1 5022 842 5462
9388 2 2 2 1 3539 1942 4149
9389 2 2 2 1 2975 699 4928
9390 2 2 2 1 1628 3263 5102
9391 2 2 2 1 3334 1073 5242
9392 2 2 2 1 1299 3157 4397
9393 2 2 2 1 3263 357 5102
9394 2 2 2 1 1639 2935 5270
9395 2 2 2 1 1755 3345 4203
9396 2 2 2 1 2931 3802 5068
9397 2 2 2 1 1440 4307 5061
9398 2 2 2 1 4009 2054 5204
9399 2 2 2 1 3480 1347 5549
9400 2 2 2 1 1037 4009 5204
9401 2 2 2 1 3002 1224 4840
9402 2 2 2 1 2733 3502 4858
9403 2 2 2 1 109 110 4586
9404 2 2 2 1 3187 461 4361
9405 2 2 2 1 3280 1629 5386
9406 2 2 2 1 538 2958 5035
9407 2 2 2 1 1518 2944 5488
9408 2 2 2 1 2089 4353 5060
9409 2 2 2 1 3121 419 4772
9410 2 2 2 1 1484 3121 4772
9411 2 2 2 1 2988 1513 5203
9412 2 2 2 1 4353 1407 5060
9413 2 2 2 1 4229 1430 5910
9414 2 2 2 1 3027 674 5717
9415 2 2 2 1 662 3015 4816
9416 2 2 2 1 1839 3909 4131
9417 2 2 2 1 1227 3470 4054
9418 2 2 2 1 856 3058 4648
9419 2 2 2 1 3104 987 5417
9420 2 2 2 1 2023 4184 5167
9421 2 2 2 1 3909 1249 4131
9422 2 2 2 1 1833 3381 4129
9423 2 2 2 1 1357 3709 5624
9424 2 2 2 1 1443 3071 4633
9425 2 2 2 1 3334 1625 4174
9426 2 2 2 1 623 2996 4896
9427 2 2 2 1 2072 4333 5601
9428 2 2 2 1 4767 1854 5379
9429 2 2 2 1 2264 3250 4969
9430 2 2 2 1 640 3504 4037
9431 2 2 2 1 1264 3797 4288
9432 2 2 2 1 1365 3535 4023
9433 2 2 2 1 650 3346 5071
9434 2 2 2 1 2947 768 5283
9435 2 2 2 1 1527 4300 4946
9436 2 2 2 1 1631 3387 5602
9437 2 2 2 1 3021 1603 4834
9438 2 2 2 1 4813 1944 5561
9439 2 2 2 1 1787 3633 4669
9440 2 2 2 1 3733 1582 5323
9441 2 2 2 1 3483 1348 5822
9442 2 2 2 1 71 72 4615
9443 2 2 2 1 3845 859 5271
9444 2 2 2 1 1953 3845 5271
9445 2 2 2 1 4559 2004 4998
9446 2 2 2 1 3503 1223 4061
9447 2 2 2 1 715 4433 5726
9448 2 2 2 1 3271 985 5922
9449 2 2 2 1 1546 4185 4524
9450 2 2 2 1 3289 1485 4564
9451 2 2 2 1 1760 3395 4324
9452 2 2 2 1 3573 659 5088
9453 2 2 2 1 3009 1210 4886
9454 2 2 2 1 2357 3152 5751
9455 2 2 2 1 1939 4073 4975
9456 2 2 2 1 4073 1667 4975
9457 2 2 2 1 2944 488 5488
9458 2 2 2 1 777 3289 4564
9459 2 2 2 1 2949 1352 5363
9460 2 2 2 1 618 3380 4738
9461 2 2 2 1 1664 3477 4084
9462 2 2 2 1 3537 1602 4793
9463 2 2 2 1 4883 1570 5050
9464 2 2 2 1 1388 3500 5142
9465 2 2 2 1 3594 1367 5330
9466 2 2 2 1 1646 3995 4253
9467 2 2 2 1 3001 1008 5406
9468 2 2 2 1 3645 1591 4506
9469 2 2 2 1 703 3645 4506
9470 2 2 2 1 3672 1375 3943
9471 2 2 2 1 2948 971 5367
9472 2 2 2 1 2272 3662 5660
9473 2 2 2 1 1410 3175 4589
9474 2 2 2 1 3679 353 4181
9475 2 2 2 1 4049 2094 5416
9476 2 2 2 1 1023 3003 4920
9477 2 2 2 1 1515 3679 4181
9478 2 2 2 1 3104 1526 5179
9479 2 2 2 1 1516 4918 5144
9480 2 2 2 1 4569 1567 4902
9481 2 2 2 1 984 2949 5784
9482 2 2 2 1 1266 3251 4503
9483 2 2 2 1 319 8 4850
9484 2 2 2 1 4918 2373 5144
9485 2 2 2 1 4279 2003 5891
9486 2 2 2 1 1882 3944 5734
9487 2 2 2 1 1006 3007 4949
9488 2 2 2 1 3323 2445 5882
9489 2 2 2 1 1353 3378 5523
9490 2 2 2 1 3036 995 4843
9491 2 2 2 1 4569 2030 5020
9492 2 2 2 1 969 3323 5882
9493 2 2 2 1 3046 515 4792
9494 2 2 2 1 1738 2957 5544
9495 2 2 2 1 971 2948 5817
9496 2 2 2 1 3384 1675 5707
9497 2 2 2 1 3139 1112 4524
9498 2 2 2 1 3658 1325 5018
9499 2 2 2 1 200 201 5375
9500 2 2 2 1 4032 2111 5611
9501 2 2 2 1 454 4032 5611
9502 2 2 2 1 3732 1684 3966
9503 2 2 2 1 3698 1097 5571
9504 2 2 2 1 3938 1401 5644
9505 2 2 2 1 4058 1605 4494
9506 2 2 2 1 5101 843 5917
9507 2 2 2 1 1660 3686 3967
9508 2 2 2 1 4184 1702 5167
9509 2 2 2 1 3085 581 4660
9510 2 2 2 1 321 320 4676
9511 2 2 2 1 3051 2318 5935
9512 2 2 2 1 3887 747 5522
9513 2 2 2 1 965 3732 3966
9514 2 2 2 1 252 253 4677
9515 2 2 2 1 132 3051 5935
9516 2 2 2 1 1538 3089 4753
9517 2 2 2 1 1376 3582 5135
9518 2 2 2 1 3136 1528 5000
9519 2 2 2 1 778 3136 5000
9520 2 2 2 1 3089 517 4753
9521 2 2 2 1 3402 1816 4280
9522 2 2 2 1 1398 3656 4611
9523 2 2 2 1 3117 637 4607
9524 2 2 2 1 4138 1501 4458
9525 2 2 2 1 1760 4138 4458
9526 2 2 2 1 1210 3009 5652
9527 2 2 2 1 4421 1374 5691
9528 2 2 2 1 814 3095 4953
9529 2 2 2 1 1226 3313 4252
9530 2 2 2 1 3095 1501 4953
9531 2 2 2 1 1610 4897 5262
9532 2 2 2 1 3415 2776 5087
9533 2 2 2 1 3149 1011 5311
9534 2 2 2 1 4328 1457 4513
9535 2 2 2 1 1355 3414 5820
9536 2 2 2 1 3046 1032 4854
9537 2 2 2 1 327 3169 4502
9538 2 2 2 1 1332 3714 5766
9539 2 2 2 1 2088 3570 4192
9540 2 2 2 1 19 20 4696
9541 2 2 2 1 1863 4328 4513
9542 2 2 2 1 4071 821 5663
9543 2 2 2 1 2037 3409 4369
9544 2 2 2 1 2089 5060 5753
9545 2 2 2 1 3824 2205 4115
9546 2 2 2 1 154 155 4706
9547 2 2 2 1 926 3182 4565
9548 2 2 2 1 3169 1488 4502
9549 2 2 2 1 326 325 5072
9550 2 2 2 1 1839 4131 4930
9551 2 2 2 1 1192 3824 4115
9552 2 2 2 1 2091 4371 5122
9553 2 2 2 1 3948 1880 4508
9554 2 2 2 1 843 5393 5852
9555 2 2 2 1 3116 1586 4676
9556 2 2 2 1 1154 3028 5703
9557 2 2 2 1 3028 1643 5703
9558 2 2 2 1 3182 1429 4565
9559 2 2 2 1 3796 1890 4691
9560 2 2 2 1 2976 1065 5211
9561 2 2 2 1 2093 3882 4274
9562 2 2 2 1 1377 3918 4469
9563 2 2 2 1 756 3796 4691
9564 2 2 2 1 3403 1116 4366
9565 2 2 2 1 247 248 5942
9566 2 2 2 1 4026 2076 5523
9567 2 2 2 1 686 4026 5523
9568 2 2 2 1 1762 2993 5124
9569 2 2 2 1 3630 1768 5834
9570 2 2 2 1 4371 164 5122
9571 2 2 2 1 2982 996 5194
9572 2 2 2 1 3134 507 4593
9573 2 2 2 1 1482 3859 3898
9574 2 2 2 1 499 3137 4585
9575 2 2 2 1 6 287 5721
9576 2 2 2 1 722 3973 4853
9577 2 2 2 1 1820 4057 4735
9578 2 2 2 1 3436 1253 4158
9579 2 2 2 1 1529 2962 5731
9580 2 2 2 1 222 223 5460
9581 2 2 2 1 2964 1572 5695
9582 2 2 2 1 320 3116 4676
9583 2 2 2 1 4623 1475 5451
9584 2 2 2 1 3973 1832 4853
9585 2 2 2 1 1176 3768 5237
9586 2 2 2 1 4057 1630 4735
9587 2 2 2 1 3061 1701 4796
9588 2 2 2 1 919 3576 4244
9589 2 2 2 1 2967 2245 5529
9590 2 2 2 1 2963 1199 5757
9591 2 2 2 1 1380 3638 5266
9592 2 2 2 1 830 2964 5695
9593 2 2 2 1 113 114 4752
9594 2 2 2 1 1380 5266 5842
9595 2 2 2 1 763 4387 5427
9596 2 2 2 1 1688 4681 4688
9597 2 2 2 1 1008 3001 5725
9598 2 2 2 1 752 3180 5924
9599 2 2 2 1 710 2974 5354
9600 2 2 2 1 859 3930 5271
9601 2 2 2 1 3930 1961 5271
9602 2 2 2 1 3224 1410 4589
9603 2 2 2 1 1619 3844 5412
9604 2 2 2 1 1419 2977 5312
9605 2 2 2 1 3507 576 4123
9606 2 2 2 1 1255 3486 4136
9607 2 2 2 1 508 3068 5274
9608 2 2 2 1 3068 1563 5274
9609 2 2 2 1 1062 3031 5007
9610 2 2 2 1 3026 685 5049
9611 2 2 2 1 1947 3659 5588
9612 2 2 2 1 3514 1817 4263
9613 2 2 2 1 3576 1496 4244
9614 2 2 2 1 3180 1781 5924
9615 2 2 2 1 1509 3132 4965
9616 2 2 2 1 3132 1008 4965
9617 2 2 2 1 1547 4653 4865
9618 2 2 2 1 3347 2264 5756
9619 2 2 2 1 3201 1471 4659
9620 2 2 2 1 2004 4248 4998
9621 2 2 2 1 599 3201 4659
9622 2 2 2 1 380 2965 5779
9623 2 2 2 1 1580 5506 5513
9624 2 2 2 1 5146 391 5334
9625 2 2 2 1 1583 3564 5297
9626 2 2 2 1 2385 3385 5938
9627 2 2 2 1 4248 461 4998
9628 2 2 2 1 1254 3513 4688
9629 2 2 2 1 3985 679 5575
9630 2 2 2 1 3077 1012 4972
9631 2 2 2 1 3449 2375 4190
9632 2 2 2 1 177 178 4804
9633 2 2 2 1 450 4224 5434
9634 2 2 2 1 3513 1688 4688
9635 2 2 2 1 3244 1481 4690
9636 2 2 2 1 3157 2674 5057
9637 2 2 2 1 3846 2409 5074
9638 2 2 2 1 3085 1652 4799
9639 2 2 2 1 3150 1045 4625
9640 2 2 2 1 3433 1326 4754
9641 2 2 2 1 1728 3526 5176
9642 2 2 2 1 3219 1361 5194
9643 2 2 2 1 150 151 4815
9644 2 2 2 1 1600 2987 5444
9645 2 2 2 1 4660 2032 5897
9646 2 2 2 1 3526 744 5176
9647 2 2 2 1 3186 1825 4560
9648 2 2 2 1 438 3247 4454
9649 2 2 2 1 5159 2315 5434
9650 2 2 2 1 3712 2033 5868
9651 2 2 2 1 1164 3593 4563
9652 2 2 2 1 3320 163 4371
9653 2 2 2 1 3859 1481 3898
9654 2 2 2 1 191 3920 5890
9655 2 2 2 1 1900 4483 4519
9656 2 2 2 1 4483 341 4519
9657 2 2 2 1 768 3712 5868
9658 2 2 2 1 3387 379 5099
9659 2 2 2 1 1069 3449 4190
9660 2 2 2 1 3113 924 5290
9661 2 2 2 1 2983 970 5513
9662 2 2 2 1 1647 3387 5099
9663 2 2 2 1 1130 3501 4189
9664 2 2 2 1 383 3270 5864
9665 2 2 2 1 2010 5121 5342
9666 2 2 2 1 1867 2978 5850
9667 2 2 2 1 3960 1333 4261
9668 2 2 2 1 3367 1281 4642
9669 2 2 2 1 2286 2980 5684
9670 2 2 2 1 2270 3960 4261
9671 2 2 2 1 4629 1798 5291
9672 2 2 2 1 3729 273 5933
9673 2 2 2 1 1601 3464 5113
9674 2 2 2 1 241 242 4855
9675 2 2 2 1 5060 697 5753
9676 2 2 2 1 1734 3193 5744
9677 2 2 2 1 3193 880 5744
9678 2 2 2 1 3282 1303 4645
9679 2 2 2 1 353 3476 4181
9680 2 2 2 1 335 3174 5070
9681 2 2 2 1 3174 1545 5070
9682 2 2 2 1 738 4195 5173
9683 2 2 2 1 4332 1960 4990
9684 2 2 2 1 477 3865 4697
9685 2 2 2 1 3403 1665 5153
9686 2 2 2 1 4298 1472 5470
9687 2 2 2 1 798 3403 5153
9688 2 2 2 1 3328 630 5770
9689 2 2 2 1 1363 3580 5826
9690 2 2 2 1 1781 4593 5199
9691 2 2 2 1 1467 3508 4175
9692 2 2 2 1 981 2991 5628
9693 2 2 2 1 2996 623 5539
9694 2 2 2 1 4195 2031 5173
9695 2 2 2 1 1577 2996 5539
9696 2 2 2 1 2991 427 5630
9697 2 2 2 1 5163 1625 5296
9698 2 2 2 1 233 234 4890
9699 2 2 2 1 1940 3774 5135
9700 2 2 2 1 789 4321 4861
9701 2 2 2 1 1406 3627 4086
9702 2 2 2 1 1018 3438 4227
9703 2 2 2 1 354 3697 5073
9704 2 2 2 1 1536 3949 3951
9705 2 2 2 1 1123 3629 5878
9706 2 2 2 1 3182 1427 4624
9707 2 2 2 1 3705 1396 4034
9708 2 2 2 1 3742 1314 4247
9709 2 2 2 1 3949 1446 3951
9710 2 2 2 1 4592 1678 4822
9711 2 2 2 1 1779 2999 5520
9712 2 2 2 1 1407 3444 5060
9713 2 2 2 1 1317 3567 5508
9714 2 2 2 1 3052 868 5395
9715 2 2 2 1 1771 3652 5168
9716 2 2 2 1 806 3377 4342
9717 2 2 2 1 117 118 5151
9718 2 2 2 1 751 4505 5188
9719 2 2 2 1 1641 3664 5526
9720 2 2 2 1 1938 4543 5557
9721 2 2 2 1 3652 428 5168
9722 2 2 2 1 1991 4094 5214
9723 2 2 2 1 4094 887 5214
9724 2 2 2 1 3377 1572 4342
9725 2 2 2 1 4456 807 5583
9726 2 2 2 1 2283 4456 5583
9727 2 2 2 1 1321 3047 5134
9728 2 2 2 1 87 88 4935
9729 2 2 2 1 610 3319 4412
9730 2 2 2 1 3392 2013 4373
9731 2 2 2 1 2200 4067 5890
9732 2 2 2 1 1403 3434 5188
9733 2 2 2 1 1642 3228 4556
9734 2 2 2 1 5501 1693 5870
9735 2 2 2 1 3107 1180 4836
9736 2 2 2 1 1668 3242 5780
9737 2 2 2 1 3373 1404 4780
9738 2 2 2 1 2226 4307 4755
9739 2 2 2 1 1022 3112 4873
9740 2 2 2 1 1432 3077 4972
9741 2 2 2 1 1241 3257 4504
9742 2 2 2 1 1367 3823 5330
9743 2 2 2 1 4067 190 5890
9744 2 2 2 1 1803 5642 5767
9745 2 2 2 1 1691 3253 5545
9746 2 2 2 1 2358 4001 5402
9747 2 2 2 1 3253 832 5545
9748 2 2 2 1 1274 4610 5396
9749 2 2 2 1 4379 1848 5145
9750 2 2 2 1 4258 1604 4399
9751 2 2 2 1 429 3394 4317
9752 2 2 2 1 705 3003 5891
9753 2 2 2 1 2064 5497 5925
9754 2 2 2 1 128 129 4968
9755 2 2 2 1 1664 3227 5489
9756 2 2 2 1 398 3914 4910
9757 2 2 2 1 636 3668 5861
9758 2 2 2 1 95 96 4976
9759 2 2 2 1 4399 798 5153
9760 2 2 2 1 438 3224 4589
9761 2 2 2 1 1228 3680 4667
9762 2 2 2 1 3227 848 5489
9763 2 2 2 1 3060 1149 5085
9764 2 2 2 1 3047 1137 5215
9765 2 2 2 1 1649 4675 5044
9766 2 2 2 1 3774 1376 5135
9767 2 2 2 1 161 162 4999
9768 2 2 2 1 3083 349 5543
9769 2 2 2 1 4052 536 5927
9770 2 2 2 1 3112 1459 4873
9771 2 2 2 1 2249 4314 5570
9772 2 2 2 1 3055 1077 5141
9773 2 2 2 1 3012 2254 5845
9774 2 2 2 1 3073 786 5026
9775 2 2 2 1 650 4072 4913
9776 2 2 2 1 3024 990 5608
9777 2 2 2 1 3234 1511 4985
9778 2 2 2 1 1437 4268 5126
9779 2 2 2 1 1711 4164 4603
9780 2 2 2 1 3581 734 4716
9781 2 2 2 1 4926 2342 5898
9782 2 2 2 1 3032 1545 5548
9783 2 2 2 1 4321 1929 4861
9784 2 2 2 1 9 10 5426
9785 2 2 2 1 3339 833 5411
9786 2 2 2 1 1916 3786 5304
9787 2 2 2 1 3287 886 4813
9788 2 2 2 1 1517 3287 4813
9789 2 2 2 1 3429 141 5313
9790 2 2 2 1 614 3031 5596
9791 2 2 2 1 2299 3863 5478
9792 2 2 2 1 3181 1428 5139
9793 2 2 2 1 3095 1482 4987
9794 2 2 2 1 207 208 5249
9795 2 2 2 1 665 3392 4373
9796 2 2 2 1 4675 2136 5044
9797 2 2 2 1 3792 403 4417
9798 2 2 2 1 3114 359 4987
9799 2 2 2 1 3605 1297 4168
9800 2 2 2 1 3322 43 4464
9801 2 2 2 1 4283 1944 4813
9802 2 2 2 1 1665 3403 4366
9803 2 2 2 1 4358 1959 5094
9804 2 2 2 1 2040 3330 4455
9805 2 2 2 1 357 3591 5839
9806 2 2 2 1 3524 514 4933
9807 2 2 2 1 3268 1414 5074
9808 2 2 2 1 1848 3043 5373
9809 2 2 2 1 4287 1382 4289
9810 2 2 2 1 1274 3541 4610
9811 2 2 2 1 3528 1430 4229
9812 2 2 2 1 2007 3765 4590
9813 2 2 2 1 1894 4287 4289
9814 2 2 2 1 4027 537 4058
9815 2 2 2 1 3643 2683 4693
9816 2 2 2 1 3701 1666 4800
9817 2 2 2 1 1036 3701 4800
9818 2 2 2 1 3182 926 5429
9819 2 2 2 1 3386 951 5814
9820 2 2 2 1 3566 1659 4982
9821 2 2 2 1 1524 4475 4798
9822 2 2 2 1 4475 1983 4798
9823 2 2 2 1 1542 4027 4058
9824 2 2 2 1 4163 1754 4626
9825 2 2 2 1 606 3222 5233
9826 2 2 2 1 3694 483 4936
9827 2 2 2 1 1122 3566 4982
9828 2 2 2 1 5667 1638 5817
9829 2 2 2 1 1700 3694 4936
9830 2 2 2 1 2948 5667 5817
9831 2 2 2 1 33 34 5103
9832 2 2 2 1 3041 1826 5930
9833 2 2 2 1 1414 3268 5231
9834 2 2 2 1 464 3927 4828
9835 2 2 2 1 230 231 5117
9836 2 2 2 1 3593 1526 4563
9837 2 2 2 1 164 165 5122
9838 2 2 2 1 1765 5226 5615
9839 2 2 2 1 1571 3051 5364
9840 2 2 2 1 3689 1278 4137
9841 2 2 2 1 2108 4006 5902
9842 2 2 2 1 2233 4313 4985
9843 2 2 2 1 1497 3787 4539
9844 2 2 2 1 3222 606 5230
9845 2 2 2 1 515 3431 4792
9846 2 2 2 1 3509 1478 4995
9847 2 2 2 1 5100 2566 5585
9848 2 2 2 1 3431 1551 4792
9849 2 2 2 1 1466 3879 4396
9850 2 2 2 1 903 5100 5585
9851 2 2 2 1 3368 2780 5176
9852 2 2 2 1 1686 3255 4629
9853 2 2 2 1 861 3413 4394
9854 2 2 2 1 3545 1426 4484
9855 2 2 2 1 1625 3334 5242
9856 2 2 2 1 1181 3043 5629
9857 2 2 2 1 1894 4289 4780
9858 2 2 2 1 4289 597 4780
9859 2 2 2 1 1142 3178 5312
9860 2 2 2 1 300 299 5158
9861 2 2 2 1 4173 1528 4854
9862 2 2 2 1 48 3277 5606
9863 2 2 2 1 3122 1554 5348
9864 2 2 2 1 4354 1802 5087
9865 2 2 2 1 5378 2411 5484
9866 2 2 2 1 3172 1030 4821
9867 2 2 2 1 1467 4175 5248
9868 2 2 2 1 3429 1292 4392
9869 2 2 2 1 41 42 5180
9870 2 2 2 1 1016 3433 4754
9871 2 2 2 1 4183 1834 5166
9872 2 2 2 1 3619 801 4847
9873 2 2 2 1 1045 3303 4625
9874 2 2 2 1 3589 1469 4635
9875 2 2 2 1 3989 2013 5559
9876 2 2 2 1 3354 1250 4480
9877 2 2 2 1 3522 1608 4888
9878 2 2 2 1 2575 3976 5883
9879 2 2 2 1 403 3908 4417
9880 2 2 2 1 1354 4024 4303
9881 2 2 2 1 1770 5311 5809
9882 2 2 2 1 4024 1622 4303
9883 2 2 2 1 1229 3522 4888
9884 2 2 2 1 4548 788 5562
9885 2 2 2 1 1741 5575 5725
9886 2 2 2 1 235 236 5218
9887 2 2 2 1 3128 1952 5019
9888 2 2 2 1 182 3989 5559
9889 2 2 2 1 1637 3619 4847
9890 2 2 2 1 3727 1774 5773
9891 2 2 2 1 594 3556 4270
9892 2 2 2 1 2276 3397 4943
9893 2 2 2 1 3200 613 4882
9894 2 2 2 1 1996 3157 5057
9895 2 2 2 1 4374 1611 5457
9896 2 2 2 1 3283 1460 4627
9897 2 2 2 1 3287 1517 5234
9898 2 2 2 1 1329 3440 5806
9899 2 2 2 1 1439 3478 4466
9900 2 2 2 1 379 4008 5140
9901 2 2 2 1 4689 944 4766
9902 2 2 2 1 1049 3194 4832
9903 2 2 2 1 1725 4363 4441
9904 2 2 2 1 3380 618 5359
9905 2 2 2 1 3163 610 4900
9906 2 2 2 1 2043 4689 4766
9907 2 2 2 1 1624 4163 4626
9908 2 2 2 1 2729 3454 4867
9909 2 2 2 1 3135 1491 5078
9910 2 2 2 1 4338 1773 5823
9911 2 2 2 1 3201 1049 4832
9912 2 2 2 1 3211 1124 4747
9913 2 2 2 1 3706 1516 4243
9914 2 2 2 1 1850 3706 4243
9915 2 2 2 1 1781 3052 5924
9916 2 2 2 1 4955 1706 5599
9917 2 2 2 1 2071 3282 4645
9918 2 2 2 1 3703 653 5012
9919 2 2 2 1 60 61 5294
9920 2 2 2 1 4092 287 5009
9921 2 2 2 1 5306 938 5350
9922 2 2 2 1 2048 5143 5475
9923 2 2 2 1 3067 870 5408
9924 2 2 2 1 3227 1664 4759
9925 2 2 2 1 1715 3876 4492
9926 2 2 2 1 3266 1148 4672
9927 2 2 2 1 4064 2101 4656
9928 2 2 2 1 2400 4146 5654
9929 2 2 2 1 2563 5306 5350
9930 2 2 2 1 4146 1085 5654
9931 2 2 2 1 260 261 5326
9932 2 2 2 1 3876 545 4492
9933 2 2 2 1 1943 3723 4304
9934 2 2 2 1 3389 2723 5625
9935 2 2 2 1 4969 1795 5687
9936 2 2 2 1 1471 3201 4832
9937 2 2 2 1 1423 3370 4957
9938 2 2 2 1 2371 3651 4886
9939 2 2 2 1 3982 354 5073
9940 2 2 2 1 1282 4041 4648
9941 2 2 2 1 1827 4622 4908
9942 2 2 2 1 3925 1653 5690
9943 2 2 2 1 1812 3579 4284
9944 2 2 2 1 1863 3370 4906
9945 2 2 2 1 1434 3217 4944
9946 2 2 2 1 3308 1445 4898
9947 2 2 2 1 4068 657 5321
9948 2 2 2 1 3077 615 5381
9949 2 2 2 1 3723 1186 4304
9950 2 2 2 1 4809 822 5145
9951 2 2 2 1 1421 4430 4910
9952 2 2 2 1 4199 721 4773
9953 2 2 2 1 3323 969 5893
9954 2 2 2 1 2000 5664 5901
9955 2 2 2 1 1861 3762 4370
9956 2 2 2 1 1552 4066 4205
9957 2 2 2 1 158 159 5422
9958 2 2 2 1 1110 3057 5929
9959 2 2 2 1 1139 3362 4711
9960 2 2 2 1 5664 2952 5901
9961 2 2 2 1 3684 1381 4199
9962 2 2 2 1 1463 3200 4882
9963 2 2 2 1 1785 5159 5434
9964 2 2 2 1 194 195 5448
9965 2 2 2 1 1012 3077 5387
9966 2 2 2 1 3105 1703 5227
9967 2 2 2 1 1314 3407 4498
9968 2 2 2 1 5356 2142 5432
9969 2 2 2 1 3528 1461 4419
9970 2 2 2 1 169 170 5482
9971 2 2 2 1 598 3886 4908
9972 2 2 2 1 3870 676 4932
9973 2 2 2 1 609 3911 5170
9974 2 2 2 1 211 212 5491
9975 2 2 2 1 1678 4007 4822
9976 2 2 2 1 3579 1812 5563
9977 2 2 2 1 535 3579 5563
9978 2 2 2 1 3404 284 4532
9979 2 2 2 1 1348 3483 4423
9980 2 2 2 1 1590 4743 4779
9981 2 2 2 1 1586 3116 5487
9982 2 2 2 1 3116 1002 5487
9983 2 2 2 1 2265 4830 5906
9984 2 2 2 1 3267 489 4818
9985 2 2 2 1 3244 2287 5198
9986 2 2 2 1 414 4282 4478
9987 2 2 2 1 4282 1762 4478
9988 2 2 2 1 405 3064 5836
9989 2 2 2 1 181 182 5559
9990 2 2 2 1 26 3120 5210
9991 2 2 2 1 2100 3074 5591
9992 2 2 2 1 1208 3360 4621
9993 2 2 2 1 3360 1475 4621
9994 2 2 2 1 121 122 5755
9995 2 2 2 1 4068 1581 4166
9996 2 2 2 1 1431 3708 4913
9997 2 2 2 1 820 4406 4962
9998 2 2 2 1 657 4068 4166
9999 2 2 2 1 3964 2741 5499
10000 2 2 2 1 1592 5010 5437
10001 2 2 2 1 3276 371 4742
10002 2 2 2 1 2099 3764 5852
10003 2 2 2 1 3141 171 5109
10004 2 2 2 1 2363 3614 4982
10005 2 2 2 1 47 48 5606
10006 2 2 2 1 643 3490 4432
10007 2 2 2 1 44 45 5610
10008 2 2 2 1 4032 1388 5142
10009 2 2 2 1 4269 1784 4594
10010 2 2 2 1 1959 4358 4955
10011 2 2 2 1 4358 1706 4955
10012 2 2 2 1 4406 1980 4962
10013 2 2 2 1 3391 898 5699
10014 2 2 2 1 755 3935 5039
10015 2 2 2 1 656 4269 4594
10016 2 2 2 1 13 14 5640
10017 2 2 2 1 1581 3332 5075
10018 2 2 2 1 1418 3113 5290
10019 2 2 2 1 1434 3395 4983
10020 2 2 2 1 1610 3596 5801
10021 2 2 2 1 1871 3822 4277
10022 2 2 2 1 1662 3098 5472
10023 2 2 2 1 243 244 5682
10024 2 2 2 1 27 28 5692
10025 2 2 2 1 3823 2047 5330
10026 2 2 2 1 1510 3191 4970
10027 2 2 2 1 2390 3368 4803
10028 2 2 2 1 379 3387 5222
10029 2 2 2 1 3387 1631 5222
10030 2 2 2 1 1611 3598 4856
10031 2 2 2 1 5105 1633 5650
10032 2 2 2 1 1458 3995 5161
10033 2 2 2 1 3598 663 4856
10034 2 2 2 1 4651 759 5017
10035 2 2 2 1 4143 460 5089
10036 2 2 2 1 3634 759 4651
10037 2 2 2 1 2556 5105 5650
10038 2 2 2 1 527 3528 4419
10039 2 2 2 1 3428 632 4534
10040 2 2 2 1 1335 3587 4347
10041 2 2 2 1 1917 4143 5089
10042 2 2 2 1 906 3442 5786
10043 2 2 2 1 3442 1812 5786
10044 2 2 2 1 190 191 5890
10045 2 2 2 1 3478 431 4466
10046 2 2 2 1 1329 3495 5463
10047 2 2 2 1 5362 635 5430
10048 2 2 2 1 75 76 5914
10049 2 2 2 1 131 132 5935
10050 2 2 2 1 92 93 5903
10051 2 2 2 1 3234 491 5002
10052 2 2 2 1 306 305 5940
10053 2 2 2 1 1511 3234 5002
10054 2 2 2 1 2311 3326 5776
10055 2 2 2 1 1611 4947 5457
10056 2 2 2 1 806 4342 5167
10057 2 2 2 1 3359 666 4635
10058 2 2 2 1 4069 1354 4303
10059 2 2 2 1 3306 1687 5758
10060 2 2 2 1 3242 391 5780
10061 2 2 2 1 1626 3573 5088
10062 2 2 2 1 2590 5362 5430
10063 2 2 2 1 1503 3259 4833
10064 2 2 2 1 3333 1107 4693
10065 2 2 2 1 5602 895 5621
10066 2 2 2 1 4342 2023 5167
10067 2 2 2 1 1479 3333 4693
10068 2 2 2 1 1555 3693 5172
10069 2 2 2 1 4346 502 4447
10070 2 2 2 1 1065 3450 5211
10071 2 2 2 1 3167 615 5132
10072 2 2 2 1 3126 2191 5333
10073 2 2 2 1 3450 1898 5211
10074 2 2 2 1 671 3815 4422
10075 2 2 2 1 3096 1025 5679
10076 2 2 2 1 859 3845 4623
10077 2 2 2 1 3815 1566 4422
10078 2 2 2 1 1895 4356 4826
10079 2 2 2 1 3113 1418 5454
10080 2 2 2 1 1759 4346 4447
10081 2 2 2 1 3444 697 5060
10082 2 2 2 1 4356 1599 4826
10083 2 2 2 1 3122 1081 5765
10084 2 2 2 1 4013 676 4258
10085 2 2 2 1 4363 1609 4441
10086 2 2 2 1 3931 480 5182
10087 2 2 2 1 4050 2146 4634
10088 2 2 2 1 240 3238 4922
10089 2 2 2 1 4671 1874 5832
10090 2 2 2 1 3618 2199 5631
10091 2 2 2 1 4011 2026 5622
10092 2 2 2 1 1575 4013 4258
10093 2 2 2 1 1395 3406 5553
10094 2 2 2 1 473 3348 5320
10095 2 2 2 1 1924 4766 5702
10096 2 2 2 1 3736 1554 4756
10097 2 2 2 1 2373 3736 4756
10098 2 2 2 1 1155 3448 5730
10099 2 2 2 1 1500 5095 5397
10100 2 2 2 1 2066 4020 4285
10101 2 2 2 1 3342 1683 5643
10102 2 2 2 1 1103 3584 5339
10103 2 2 2 1 4329 2137 5921
10104 2 2 2 1 3508 1467 5426
10105 2 2 2 1 732 4521 4996
10106 2 2 2 1 2033 3712 4267
10107 2 2 2 1 586 3181 5139
10108 2 2 2 1 3984 2335 5642
10109 2 2 2 1 1172 3296 5183
10110 2 2 2 1 911 3721 5126
10111 2 2 2 1 3190 604 5083
10112 2 2 2 1 4267 355 5827
10113 2 2 2 1 4015 2019 5324
10114 2 2 2 1 1063 4015 5324
10115 2 2 2 1 1343 3159 5219
10116 2 2 2 1 4037 2183 5355
10117 2 2 2 1 4004 1247 4749
10118 2 2 2 1 5340 2573 5462
10119 2 2 2 1 1576 5340 5462
10120 2 2 2 1 1624 5378 5484
10121 2 2 2 1 3709 600 5624
10122 2 2 2 1 3523 1785 5654
10123 2 2 2 1 1085 3523 5654
10124 2 2 2 1 4510 531 4570
10125 2 2 2 1 2048 3840 5665
10126 2 2 2 1 4725 2081 4946
10127 2 2 2 1 1316 3628 5546
10128 2 2 2 1 955 4725 4946
10129 2 2 2 1 1627 4691 5307
10130 2 2 2 1 1604 4134 4399
10131 2 2 2 1 3951 1446 5827
10132 2 2 2 1 483 3694 5129
10133 2 2 2 1 3322 1319 5564
10134 2 2 2 1 1845 3322 5564
10135 2 2 2 1 501 3896 4694
10136 2 2 2 1 880 3193 5119
10137 2 2 2 1 3813 791 4329
10138 2 2 2 1 4185 1546 4990
10139 2 2 2 1 1502 3617 4483
10140 2 2 2 1 2145 3820 5869
10141 2 2 2 1 2015 4026 4407
10142 2 2 2 1 1770 3149 5311
10143 2 2 2 1 3442 4582 5563
10144 2 2 2 1 142 3148 5313
10145 2 2 2 1 637 3836 5468
10146 2 2 2 1 1661 3451 5790
10147 2 2 2 1 3362 1448 4711
10148 2 2 2 1 2574 3722 4547
10149 2 2 2 1 3617 341 4483
10150 2 2 2 1 3143 1087 5400
10151 2 2 2 1 3896 1665 4694
10152 2 2 2 1 4610 2075 5396
10153 2 2 2 1 3250 749 4969
10154 2 2 2 1 351 3545 4484
10155 2 2 2 1 1802 3415 5087
10156 2 2 2 1 630 3220 5050
10157 2 2 2 1 1627 4219 4597
10158 2 2 2 1 672 3231 5047
10159 2 2 2 1 3129 1882 5567
10160 2 2 2 1 4198 1885 5008
10161 2 2 2 1 3350 549 4751
10162 2 2 2 1 3757 2618 5909
10163 2 2 2 1 1317 3153 5346
10164 2 2 2 1 3278 494 4909
10165 2 2 2 1 2015 3114 5804
10166 2 2 2 1 3123 2079 5736
10167 2 2 2 1 1554 3122 5765
10168 2 2 2 1 1153 3585 5267
10169 2 2 2 1 3585 1709 5267
10170 2 2 2 1 360 3922 4431
10171 2 2 2 1 816 4198 5008
10172 2 2 2 1 708 4066 4176
10173 2 2 2 1 1124 3211 5647
10174 2 2 2 1 3184 638 5821
10175 2 2 2 1 1913 3901 5479
10176 2 2 2 1 118 3288 5151
10177 2 2 2 1 5480 1967 5926
10178 2 2 2 1 2193 4940 5807
10179 2 2 2 1 3681 629 5329
10180 2 2 2 1 418 3604 5019
10181 2 2 2 1 1288 3635 5397
10182 2 2 2 1 577 3159 5357
10183 2 2 2 1 3901 857 5479
10184 2 2 2 1 4557 1470 5632
10185 2 2 2 1 4066 1552 4176
10186 2 2 2 1 4563 1526 5417
10187 2 2 2 1 4489 2038 5116
10188 2 2 2 1 1303 3633 4645
10189 2 2 2 1 454 4489 5116
10190 2 2 2 1 1190 3331 4811
10191 2 2 2 1 470 3814 5369
10192 2 2 2 1 1130 3608 5258
10193 2 2 2 1 1326 3688 4368
10194 2 2 2 1 4478 1529 5075
10195 2 2 2 1 5095 2366 5397
10196 2 2 2 1 5589 808 5625
10197 2 2 2 1 358 3308 4898
10198 2 2 2 1 4853 2398 5645
10199 2 2 2 1 3246 1288 5055
10200 2 2 2 1 873 3352 4782
10201 2 2 2 1 2723 5589 5625
10202 2 2 2 1 1248 3876 4889
10203 2 2 2 1 3206 667 5638
10204 2 2 2 1 1629 4176 4295
10205 2 2 2 1 722 4853 5645
10206 2 2 2 1 2092 3389 5625
10207 2 2 2 1 4176 1552 4295
10208 2 2 2 1 709 3590 5378
10209 2 2 2 1 1804 3931 5182
10210 2 2 2 1 3876 1715 4889
10211 2 2 2 1 3212 1652 5146
10212 2 2 2 1 630 3328 4844
10213 2 2 2 1 4390 794 5027
10214 2 2 2 1 5343 1989 5803
10215 2 2 2 1 3443 593 4669
10216 2 2 2 1 1967 4390 5027
10217 2 2 2 1 1290 3504 4591
10218 2 2 2 1 5018 584 5200
10219 2 2 2 1 3490 643 4601
10220 2 2 2 1 1422 4266 4276
10221 2 2 2 1 1154 3821 5257
10222 2 2 2 1 885 3153 5508
10223 2 2 2 1 4133 435 5270
10224 2 2 2 1 4266 1801 4276
10225 2 2 2 1 2064 4958 5713
10226 2 2 2 1 4129 1328 5209
10227 2 2 2 1 1759 4447 5128
10228 2 2 2 1 523 3474 4892
10229 2 2 2 1 3155 1603 5524
10230 2 2 2 1 3670 1308 4481
10231 2 2 2 1 4351 984 5058
10232 2 2 2 1 3432 1618 4697
10233 2 2 2 1 3290 1445 5054
10234 2 2 2 1 597 3373 4780
10235 2 2 2 1 1437 3721 4367
10236 2 2 2 1 3969 1907 5418
10237 2 2 2 1 4158 3012 5845
10238 2 2 2 1 382 3969 5418
10239 2 2 2 1 1262 3617 5259
10240 2 2 2 1 933 4271 5542
10241 2 2 2 1 1570 3419 5050
10242 2 2 2 1 3317 981 5628
10243 2 2 2 1 3419 630 5050
10244 2 2 2 1 4072 650 5071
10245 2 2 2 1 3368 744 4803
10246 2 2 2 1 3989 183 4950
10247 2 2 2 1 4271 2085 5542
10248 2 2 2 1 1502 3254 5939
10249 2 2 2 1 3797 1872 4288
10250 2 2 2 1 963 5801 5806
10251 2 2 2 1 1313 3139 5843
10252 2 2 2 1 3822 848 4277
10253 2 2 2 1 3454 754 4867
10254 2 2 2 1 3487 442 4926
10255 2 2 2 1 1427 3182 5429
10256 2 2 2 1 1384 4180 4575
10257 2 2 2 1 3184 2127 5441
10258 2 2 2 1 4677 1690 5366
10259 2 2 2 1 3970 433 4643
10260 2 2 2 1 3424 222 5460
10261 2 2 2 1 1558 3487 4926
10262 2 2 2 1 1445 3308 5054
10263 2 2 2 1 1491 3262 5078
10264 2 2 2 1 3549 1619 5414
10265 2 2 2 1 4968 1704 5728
10266 2 2 2 1 1575 4258 4399
10267 2 2 2 1 453 3494 5164
10268 2 2 2 1 4416 1835 5276
10269 2 2 2 1 369 3342 5643
10270 2 2 2 1 476 3268 5074
10271 2 2 2 1 3281 376 5045
10272 2 2 2 1 4351 1455 5321
10273 2 2 2 1 4584 2841 5486
10274 2 2 2 1 1640 3779 5187
10275 2 2 2 1 3376 351 4825
10276 2 2 2 1 4567 744 4893
10277 2 2 2 1 1242 4122 4845
10278 2 2 2 1 4141 1470 5848
10279 2 2 2 1 1049 3201 5308
10280 2 2 2 1 1885 3497 4747
10281 2 2 2 1 3222 1420 5233
10282 2 2 2 1 644 3492 4650
10283 2 2 2 1 4743 1927 4779
10284 2 2 2 1 3152 2341 5751
10285 2 2 2 1 2167 3459 4695
10286 2 2 2 1 3463 1254 4688
10287 2 2 2 1 3801 1598 5273
10288 2 2 2 1 702 3306 5758
10289 2 2 2 1 5687 499 5756
10290 2 2 2 1 1682 3546 5286
10291 2 2 2 1 3546 769 5286
10292 2 2 2 1 3346 650 4899
10293 2 2 2 1 3136 4302 5239
10294 2 2 2 1 2152 3244 5198
10295 2 2 2 1 3774 402 4343
10296 2 2 2 1 3908 1442 4417
10297 2 2 2 1 778 4508 5245
10298 2 2 2 1 3462 326 5072
10299 2 2 2 1 3648 2798 4989
10300 2 2 2 1 3882 356 4274
10301 2 2 2 1 813 3240 5225
10302 2 2 2 1 1680 5062 5138
10303 2 2 2 1 5189 2631 5854
10304 2 2 2 1 1692 5189 5854
10305 2 2 2 1 5801 2788 5806
10306 2 2 2 1 1197 3849 4569
10307 2 2 2 1 2491 5602 5621
10308 2 2 2 1 3762 889 4370
10309 2 2 2 1 3768 1176 5226
10310 2 2 2 1 886 3287 5889
10311 2 2 2 1 3287 1724 5889
10312 2 2 2 1 559 3891 5736
10313 2 2 2 1 5201 1834 5783
10314 2 2 2 1 1765 3768 5226
10315 2 2 2 1 3849 2030 4569
10316 2 2 2 1 1492 3813 4329
10317 2 2 2 1 4323 1782 5619
10318 2 2 2 1 1627 4597 4691
10319 2 2 2 1 4446 636 5861
10320 2 2 2 1 2194 4055 5904
10321 2 2 2 1 2103 4093 4742
10322 2 2 2 1 4018 2132 4451
10323 2 2 2 1 1834 4183 4465
10324 2 2 2 1 4183 1180 4465
10325 2 2 2 1 3176 1146 5706
10326 2 2 2 1 1824 4588 5427
10327 2 2 2 1 3260 1667 5739
10328 2 2 2 1 727 3260 5739
10329 2 2 2 1 5033 2359 5370
10330 2 2 2 1 3158 883 5904
10331 2 2 2 1 4028 1327 4436
10332 2 2 2 1 681 5033 5370
10333 2 2 2 1 1827 4470 4622
10334 2 2 2 1 4007 1512 4822
10335 2 2 2 1 1454 3467 4746
10336 2 2 2 1 4470 1538 4622
10337 2 2 2 1 3249 1562 5250
10338 2 2 2 1 4048 671 5064
10339 2 2 2 1 2467 4944 5786
10340 2 2 2 1 4944 906 5786
10341 2 2 2 1 3188 1285 5609
10342 2 2 2 1 4118 451 4641
10343 2 2 2 1 4066 1533 4205
10344 2 2 2 1 552 3168 5919
10345 2 2 2 1 847 3536 4865
10346 2 2 2 1 3685 1548 5247
10347 2 2 2 1 3649 1385 4548
10348 2 2 2 1 3652 1771 4545
10349 2 2 2 1 1553 3612 4784
10350 2 2 2 1 3288 1797 5151
10351 2 2 2 1 3369 1100 5043
10352 2 2 2 1 3536 1547 4865
10353 2 2 2 1 3612 660 4784
10354 2 2 2 1 2368 4071 4768
10355 2 2 2 1 1864 5039 5519
10356 2 2 2 1 5039 2403 5519
10357 2 2 2 1 4071 1223 4768
10358 2 2 2 1 1082 3398 4883
10359 2 2 2 1 3995 1458 4253
10360 2 2 2 1 1227 3874 4799
10361 2 2 2 1 618 3521 4713
10362 2 2 2 1 3762 1875 5623
10363 2 2 2 1 410 3416 4852
10364 2 2 2 1 2444 5196 5447
10365 2 2 2 1 5196 988 5447
10366 2 2 2 1 4093 1369 4742
10367 2 2 2 1 889 3762 5623
10368 2 2 2 1 1066 3278 5789
10369 2 2 2 1 3397 745 4943
10370 2 2 2 1 4225 745 4673
10371 2 2 2 1 3521 1504 4713
10372 2 2 2 1 3268 1108 5231
10373 2 2 2 1 1465 3763 5902
10374 2 2 2 1 3417 411 5156
10375 2 2 2 1 4216 1606 4389
10376 2 2 2 1 597 3678 5138
10377 2 2 2 1 3700 2155 4585
10378 2 2 2 1 3370 705 4957
10379 2 2 2 1 3678 1680 5138
10380 2 2 2 1 1584 3417 5156
10381 2 2 2 1 3491 1639 5270
10382 2 2 2 1 435 3491 5270
10383 2 2 2 1 2416 4028 4436
10384 2 2 2 1 3421 625 4870
10385 2 2 2 1 4360 1201 5863
10386 2 2 2 1 1100 3383 5043
10387 2 2 2 1 3183 1433 5918
10388 2 2 2 1 3915 1703 4333
10389 2 2 2 1 3422 1638 5380
10390 2 2 2 1 342 3422 5380
10391 2 2 2 1 1512 4387 5928
10392 2 2 2 1 4207 2395 5704
10393 2 2 2 1 3208 367 5588
10394 2 2 2 1 3859 814 5302
10395 2 2 2 1 684 3800 5013
10396 2 2 2 1 834 3632 4596
10397 2 2 2 1 875 3915 4333
10398 2 2 2 1 3800 1984 5013
10399 2 2 2 1 3528 527 5436
10400 2 2 2 1 3970 1266 4503
10401 2 2 2 1 1766 3792 4417
10402 2 2 2 1 4178 575 4917
10403 2 2 2 1 1765 4452 4751
10404 2 2 2 1 1569 3727 4696
10405 2 2 2 1 4791 945 5674
10406 2 2 2 1 3727 19 4696
10407 2 2 2 1 3361 584 5018
10408 2 2 2 1 430 3676 4654
10409 2 2 2 1 1485 3394 5265
10410 2 2 2 1 3618 1471 5818
10411 2 2 2 1 2346 4791 5674
10412 2 2 2 1 1805 4616 5469
10413 2 2 2 1 3286 1089 5255
10414 2 2 2 1 1515 3206 5638
10415 2 2 2 1 3211 1496 5647
10416 2 2 2 1 4020 1058 4285
10417 2 2 2 1 1589 3243 5498
10418 2 2 2 1 1512 4097 4822
10419 2 2 2 1 3211 567 5688
10420 2 2 2 1 4895 1650 5455
10421 2 2 2 1 3221 1999 5612
10422 2 2 2 1 2309 4895 5455
10423 2 2 2 1 3457 1617 5249
10424 2 2 2 1 3853 1309 4942
10425 2 2 2 1 3411 811 4956
10426 2 2 2 1 3456 521 5454
10427 2 2 2 1 1641 4310 4639
10428 2 2 2 1 1347 4262 5046
10429 2 2 2 1 503 4035 4475
10430 2 2 2 1 3395 359 4983
10431 2 2 2 1 4714 1641 5526
10432 2 2 2 1 4035 1983 4475
10433 2 2 2 1 4094 1987 4653
10434 2 2 2 1 3656 711 4611
10435 2 2 2 1 1779 4640 4809
10436 2 2 2 1 1759 5128 5385
10437 2 2 2 1 5113 658 5425
10438 2 2 2 1 1507 3369 5043
10439 2 2 2 1 3879 743 4396
10440 2 2 2 1 5485 669 5512
10441 2 2 2 1 2385 5113 5425
10442 2 2 2 1 2568 5485 5512
10443 2 2 2 1 553 3861 5346
10444 2 2 2 1 3635 802 4914
10445 2 2 2 1 798 4134 4977
10446 2 2 2 1 3584 1757 5616
10447 2 2 2 1 1920 4651 5017
10448 2 2 2 1 4309 2555 5139
10449 2 2 2 1 4546 1695 5173
10450 2 2 2 1 3722 347 4547
10451 2 2 2 1 3302 1153 5267
10452 2 2 2 1 4134 1796 4977
10453 2 2 2 1 1739 3200 5932
10454 2 2 2 1 692 4086 4549
10455 2 2 2 1 377 3584 5616
10456 2 2 2 1 2031 4546 5173
10457 2 2 2 1 4076 1694 5679
10458 2 2 2 1 955 4636 4725
10459 2 2 2 1 4636 1911 4725
10460 2 2 2 1 3441 1199 5729
10461 2 2 2 1 1419 3558 5322
10462 2 2 2 1 3681 1353 4598
10463 2 2 2 1 1608 4838 4888
10464 2 2 2 1 3777 2353 5226
10465 2 2 2 1 1731 3441 5729
10466 2 2 2 1 1451 3634 4651
10467 2 2 2 1 3207 1380 5842
10468 2 2 2 1 496 3553 5791
10469 2 2 2 1 3553 1788 5791
10470 2 2 2 1 4130 1227 4799
10471 2 2 2 1 2133 4726 5246
10472 2 2 2 1 4726 1761 5246
10473 2 2 2 1 1735 4126 4820
10474 2 2 2 1 4126 762 4820
10475 2 2 2 1 2054 4529 5253
10476 2 2 2 1 3253 1691 5556
10477 2 2 2 1 4529 840 5253
10478 2 2 2 1 1533 4066 4559
10479 2 2 2 1 1617 3457 4924
10480 2 2 2 1 1585 3616 4682
10481 2 2 2 1 1833 4129 5209
10482 2 2 2 1 3474 1557 4892
10483 2 2 2 1 3789 410 4472
10484 2 2 2 1 4077 1725 4441
10485 2 2 2 1 3272 1055 5881
10486 2 2 2 1 3502 693 4858
10487 2 2 2 1 361 3654 4812
10488 2 2 2 1 4624 584 4778
10489 2 2 2 1 5080 1907 5522
10490 2 2 2 1 1442 3908 4884
10491 2 2 2 1 1470 4557 5848
10492 2 2 2 1 2111 4032 5142
10493 2 2 2 1 1216 3358 5475
10494 2 2 2 1 3434 1222 4988
10495 2 2 2 1 2135 3214 5931
10496 2 2 2 1 3906 1695 5350
10497 2 2 2 1 3775 1371 5003
10498 2 2 2 1 8 3513 4850
10499 2 2 2 1 3375 105 5118
10500 2 2 2 1 3856 687 4954
10501 2 2 2 1 4338 1657 4700
10502 2 2 2 1 3670 200 5375
10503 2 2 2 1 3744 663 5077
10504 2 2 2 1 691 3563 5883
10505 2 2 2 1 1798 3255 5632
10506 2 2 2 1 3958 1201 5490
10507 2 2 2 1 1669 3744 5077
10508 2 2 2 1 1773 4338 4700
10509 2 2 2 1 3563 1814 5883
10510 2 2 2 1 1232 3315 5332
10511 2 2 2 1 3373 597 5138
10512 2 2 2 1 295 3274 5555
10513 2 2 2 1 1107 3643 4693
10514 2 2 2 1 3697 1331 5073
10515 2 2 2 1 3726 1484 5637
10516 2 2 2 1 4316 1600 5381
10517 2 2 2 1 1500 3828 5095
10518 2 2 2 1 1865 3324 5292
10519 2 2 2 1 4030 2166 4840
10520 2 2 2 1 3274 294 5599
10521 2 2 2 1 1493 3772 4549
10522 2 2 2 1 1224 4030 4840
10523 2 2 2 1 744 3368 5176
10524 2 2 2 1 4217 1479 4684
10525 2 2 2 1 713 4438 5390
10526 2 2 2 1 3693 1555 4764
10527 2 2 2 1 2063 4846 5853
10528 2 2 2 1 795 3693 4764
10529 2 2 2 1 1916 4941 5587
10530 2 2 2 1 903 4769 5100
10531 2 2 2 1 3811 1182 5481
10532 2 2 2 1 2187 3565 4818
10533 2 2 2 1 711 4294 4611
10534 2 2 2 1 1817 3811 5481
10535 2 2 2 1 3538 770 5001
10536 2 2 2 1 2033 4267 5827
10537 2 2 2 1 3348 1425 5320
10538 2 2 2 1 1557 3538 5001
10539 2 2 2 1 744 3526 4893
10540 2 2 2 1 1284 3887 5522
10541 2 2 2 1 1868 3958 5490
10542 2 2 2 1 3619 2320 5299
10543 2 2 2 1 5438 2267 5616
10544 2 2 2 1 419 3936 5713
10545 2 2 2 1 1696 3698 5571
10546 2 2 2 1 1089 3417 5255
10547 2 2 2 1 3903 2427 5241
10548 2 2 2 1 4006 1465 5902
10549 2 2 2 1 3417 1584 5255
10550 2 2 2 1 1576 3980 5340
10551 2 2 2 1 2598 3914 5633
10552 2 2 2 1 1530 3988 4640
10553 2 2 2 1 1512 4007 4614
10554 2 2 2 1 3494 1570 5164
10555 2 2 2 1 1374 3269 5691
10556 2 2 2 1 757 4674 5627
10557 2 2 2 1 3840 785 5872
10558 2 2 2 1 4026 686 4407
10559 2 2 2 1 3505 1561 4954
10560 2 2 2 1 3844 396 5745
10561 2 2 2 1 1264 3304 5536
10562 2 2 2 1 1906 3844 5745
10563 2 2 2 1 1392 3827 4631
10564 2 2 2 1 1441 3694 4679
10565 2 2 2 1 4478 1762 4482
10566 2 2 2 1 1529 4478 4482
10567 2 2 2 1 1411 3524 4933
10568 2 2 2 1 4230 422 4353
10569 2 2 2 1 4723 2173 5380
10570 2 2 2 1 2089 4230 4353
10571 2 2 2 1 1122 3316 5501
10572 2 2 2 1 3254 1053 5939
10573 2 2 2 1 367 5032 5604
10574 2 2 2 1 4041 2356 4648
10575 2 2 2 1 807 3582 5583
10576 2 2 2 1 3582 1720 5583
10577 2 2 2 1 3561 1229 4888
10578 2 2 2 1 633 3448 5778
10579 2 2 2 1 1744 5028 5244
10580 2 2 2 1 614 3562 4902
10581 2 2 2 1 534 3437 5131
10582 2 2 2 1 3969 1284 5522
10583 2 2 2 1 3886 1399 4908
10584 2 2 2 1 1656 3462 5072
10585 2 2 2 1 1390 4092 5009
10586 2 2 2 1 1889 3410 5191
10587 2 2 2 1 1675 3384 5582
10588 2 2 2 1 1414 3846 5074
10589 2 2 2 1 397 3630 5613
10590 2 2 2 1 366 3900 5874
10591 2 2 2 1 3900 1961 5874
10592 2 2 2 1 1698 5162 5555
10593 2 2 2 1 3630 1748 5613
10594 2 2 2 1 3356 1335 5335
10595 2 2 2 1 4141 1896 5345
10596 2 2 2 1 1532 4164 5013
10597 2 2 2 1 1470 4141 5345
10598 2 2 2 1 1436 4018 4451
10599 2 2 2 1 248 3717 5942
10600 2 2 2 1 4212 1881 5693
10601 2 2 2 1 1650 3271 5922
10602 2 2 2 1 1962 5069 5175
10603 2 2 2 1 5069 2224 5175
10604 2 2 2 1 589 3649 5634
10605 2 2 2 1 4335 1377 4469
10606 2 2 2 1 1476 3948 4508
10607 2 2 2 1 2480 4335 4469
10608 2 2 2 1 4322 1861 5003
10609 2 2 2 1 1137 3298 5728
10610 2 2 2 1 1371 4322 5003
10611 2 2 2 1 1911 3942 4514
10612 2 2 2 1 3649 1763 5634
10613 2 2 2 1 1932 3970 4503
10614 2 2 2 1 3928 1499 5705
10615 2 2 2 1 1709 3352 5446
10616 2 2 2 1 3787 1497 5670
10617 2 2 2 1 3797 377 5724
10618 2 2 2 1 1872 3797 5724
10619 2 2 2 1 3728 1621 5388
10620 2 2 2 1 3434 751 5188
10621 2 2 2 1 3910 1187 5062
10622 2 2 2 1 514 3828 5169
10623 2 2 2 1 4007 484 4614
10624 2 2 2 1 2436 3910 5062
10625 2 2 2 1 460 4398 5089
10626 2 2 2 1 4147 1016 4754
10627 2 2 2 1 4682 439 5514
10628 2 2 2 1 916 3564 5112
10629 2 2 2 1 3564 1583 5112
10630 2 2 2 1 3590 2411 5378
10631 2 2 2 1 3850 1395 5553
10632 2 2 2 1 4398 1913 5089
10633 2 2 2 1 1756 5158 5878
10634 2 2 2 1 1664 4084 4759
10635 2 2 2 1 3492 644 5461
10636 2 2 2 1 3360 566 5451
10637 2 2 2 1 3766 764 4709
10638 2 2 2 1 4134 798 4399
10639 2 2 2 1 1413 3380 5359
10640 2 2 2 1 3744 1531 4805
10641 2 2 2 1 869 5356 5432
10642 2 2 2 1 1811 4067 5228
10643 2 2 2 1 707 4077 4441
10644 2 2 2 1 4585 2155 5756
10645 2 2 2 1 1553 3766 4709
10646 2 2 2 1 4067 2200 5228
10647 2 2 2 1 1467 4040 5426
10648 2 2 2 1 5010 2036 5437
10649 2 2 2 1 1883 4663 5825
10650 2 2 2 1 3382 557 5379
10651 2 2 2 1 2016 4249 4967
10652 2 2 2 1 1222 3445 5207
10653 2 2 2 1 1779 4291 4640
10654 2 2 2 1 3845 1475 4623
10655 2 2 2 1 4084 530 4759
10656 2 2 2 1 658 3439 5425
10657 2 2 2 1 1636 3941 4641
10658 2 2 2 1 3639 1687 5424
10659 2 2 2 1 5641 1906 5745
10660 2 2 2 1 1138 3639 5424
10661 2 2 2 1 1701 4144 4796
10662 2 2 2 1 3388 2105 5391
10663 2 2 2 1 3439 1614 5425
10664 2 2 2 1 1079 3749 4719
10665 2 2 2 1 4144 1370 4796
10666 2 2 2 1 1637 3391 5699
10667 2 2 2 1 2097 4395 5720
10668 2 2 2 1 3662 2605 5660
10669 2 2 2 1 4395 976 5720
10670 2 2 2 1 4959 1853 5459
10671 2 2 2 1 4148 2686 5815
10672 2 2 2 1 1536 3951 4894
10673 2 2 2 1 2261 4959 5459
10674 2 2 2 1 940 4405 4760
10675 2 2 2 1 3341 678 5619
10676 2 2 2 1 351 3376 5480
10677 2 2 2 1 4078 788 4548
10678 2 2 2 1 3813 1692 5854
10679 2 2 2 1 3500 838 5142
10680 2 2 2 1 694 4090 4851
10681 2 2 2 1 3705 1533 4998
10682 2 2 2 1 1609 4204 4652
10683 2 2 2 1 4204 1674 4652
10684 2 2 2 1 4090 1690 4851
10685 2 2 2 1 1500 3635 4914
10686 2 2 2 1 4405 1780 4760
10687 2 2 2 1 1542 4058 4494
10688 2 2 2 1 3934 1370 5137
10689 2 2 2 1 3864 695 5352
10690 2 2 2 1 1590 4216 4389
10691 2 2 2 1 655 4087 5503
10692 2 2 2 1 3885 1592 5437
10693 2 2 2 1 2298 5148 5317
10694 2 2 2 1 1877 4698 4709
10695 2 2 2 1 1139 3675 5871
10696 2 2 2 1 3675 1831 5871
10697 2 2 2 1 4417 1442 4932
10698 2 2 2 1 4698 1553 4709
10699 2 2 2 1 5148 1716 5317
10700 2 2 2 1 4110 649 4699
10701 2 2 2 1 1380 3328 5770
10702 2 2 2 1 1590 4389 4701
10703 2 2 2 1 1673 3536 5578
10704 2 2 2 1 3536 847 5578
10705 2 2 2 1 208 3457 5249
10706 2 2 2 1 4539 1113 5738
10707 2 2 2 1 3378 686 5523
10708 2 2 2 1 2211 4889 5458
10709 2 2 2 1 4400 439 4682
10710 2 2 2 1 2170 4539 5738
10711 2 2 2 1 1652 4130 4799
10712 2 2 2 1 445 3608 5467
10713 2 2 2 1 1838 4296 5034
10714 2 2 2 1 765 4592 4822
10715 2 2 2 1 1780 4405 4550
10716 2 2 2 1 2123 5473 5865
10717 2 2 2 1 5473 2645 5865
10718 2 2 2 1 1473 3761 5726
10719 2 2 2 1 4296 915 5034
10720 2 2 2 1 3608 1676 5467
10721 2 2 2 1 1217 3349 5698
10722 2 2 2 1 3614 1122 4982
10723 2 2 2 1 3745 391 5146
10724 2 2 2 1 1652 3745 5146
10725 2 2 2 1 1289 3557 5093
10726 2 2 2 1 1417 3323 5893
10727 2 2 2 1 499 4585 5756
10728 2 2 2 1 1942 4344 4352
10729 2 2 2 1 1966 4646 5912
10730 2 2 2 1 3761 1842 5726
10731 2 2 2 1 368 5292 5887
10732 2 2 2 1 4344 1451 4352
10733 2 2 2 1 4889 1715 5458
10734 2 2 2 1 1535 4246 5686
10735 2 2 2 1 2161 4194 4558
10736 2 2 2 1 2155 3347 5756
10737 2 2 2 1 2582 5641 5745
10738 2 2 2 1 1497 4539 4974
10739 2 2 2 1 4194 587 4558
10740 2 2 2 1 1774 3344 5773
10741 2 2 2 1 4363 1725 5453
10742 2 2 2 1 1430 3528 5436
10743 2 2 2 1 1517 4813 5561
10744 2 2 2 1 663 3744 4805
10745 2 2 2 1 664 3888 4901
10746 2 2 2 1 4079 593 4531
10747 2 2 2 1 4404 1938 4415
10748 2 2 2 1 1837 3424 5460
10749 2 2 2 1 686 3378 5639
10750 2 2 2 1 1075 3366 5701
10751 2 2 2 1 1731 4904 5558
10752 2 2 2 1 4066 708 4559
10753 2 2 2 1 4691 1890 5307
10754 2 2 2 1 1651 3386 5814
10755 2 2 2 1 4904 2249 5558
10756 2 2 2 1 1468 4404 4415
10757 2 2 2 1 4100 436 5829
10758 2 2 2 1 1747 3794 5428
10759 2 2 2 1 3794 832 5428
10760 2 2 2 1 4960 1793 5431
10761 2 2 2 1 1229 3561 5723
10762 2 2 2 1 3572 1891 5200
10763 2 2 2 1 3766 1553 4784
10764 2 2 2 1 731 3648 4989
10765 2 2 2 1 1667 3364 5739
10766 2 2 2 1 625 3626 5024
10767 2 2 2 1 1805 5469 5873
10768 2 2 2 1 467 4215 4781
10769 2 2 2 1 4215 1710 4781
10770 2 2 2 1 2023 4342 4802
10771 2 2 2 1 851 5004 5198
10772 2 2 2 1 5004 2152 5198
10773 2 2 2 1 1604 4258 4488
10774 2 2 2 1 2313 4232 4621
10775 2 2 2 1 2002 4730 4732
10776 2 2 2 1 4081 437 5325
10777 2 2 2 1 4730 1522 4732
10778 2 2 2 1 5021 1782 5844
10779 2 2 2 1 2409 5021 5844
10780 2 2 2 1 3988 822 4640
10781 2 2 2 1 1751 4712 4729
10782 2 2 2 1 3716 1615 5477
10783 2 2 2 1 3488 1183 5304
10784 2 2 2 1 3708 650 4913
10785 2 2 2 1 852 4213 5529
10786 2 2 2 1 4546 2031 5185
10787 2 2 2 1 525 3400 5648
10788 2 2 2 1 4291 1530 4640
10789 2 2 2 1 3582 807 5135
10790 2 2 2 1 1399 4150 4908
10791 2 2 2 1 707 4441 4652
10792 2 2 2 1 4958 2064 5925
10793 2 2 2 1 3369 506 5776
10794 2 2 2 1 2022 4467 4530
10795 2 2 2 1 1474 3818 4765
10796 2 2 2 1 1638 3422 5817
10797 2 2 2 1 4640 822 4809
10798 2 2 2 1 363 3958 5655
10799 2 2 2 1 3362 1139 5871
10800 2 2 2 1 4467 1441 4530
10801 2 2 2 1 4248 2004 5007
10802 2 2 2 1 1536 3655 5838
10803 2 2 2 1 4898 2036 5010
10804 2 2 2 1 3728 343 5084
10805 2 2 2 1 3367 75 5914
10806 2 2 2 1 1201 3453 5490
10807 2 2 2 1 358 4898 5010
10808 2 2 2 1 1683 3413 5643
10809 2 2 2 1 3447 1075 5701
10810 2 2 2 1 1594 3989 4950
10811 2 2 2 1 1621 3728 5084
10812 2 2 2 1 1506 3826 4769
10813 2 2 2 1 4879 867 5851
10814 2 2 2 1 1701 3447 5701
10815 2 2 2 1 2762 3618 5631
10816 2 2 2 1 4219 718 4507
10817 2 2 2 1 1618 4219 4507
10818 2 2 2 1 3958 1868 5655
10819 2 2 2 1 4651 1920 5741
10820 2 2 2 1 1666 3701 5653
10821 2 2 2 1 1831 3675 5347
10822 2 2 2 1 1806 3692 5853
10823 2 2 2 1 1812 3442 5563
10824 2 2 2 1 3675 348 5347
10825 2 2 2 1 507 4266 5199
10826 2 2 2 1 1700 4496 4797
10827 2 2 2 1 1440 3795 4819
10828 2 2 2 1 4593 507 5199
10829 2 2 2 1 1354 4069 4966
10830 2 2 2 1 4496 1799 4797
10831 2 2 2 1 1358 3860 5316
10832 2 2 2 1 4387 1512 4614
10833 2 2 2 1 3978 735 4733
10834 2 2 2 1 4169 1338 4540
10835 2 2 2 1 3692 362 5853
10836 2 2 2 1 1592 3978 4733
10837 2 2 2 1 5267 1709 5446
10838 2 2 2 1 4047 1696 5569
10839 2 2 2 1 3617 1502 5259
10840 2 2 2 1 3428 1312 5656
10841 2 2 2 1 4533 1379 4536
10842 2 2 2 1 2583 4533 4536
10843 2 2 2 1 1429 3961 4710
10844 2 2 2 1 606 4022 5230
10845 2 2 2 1 4607 1559 5053
10846 2 2 2 1 1489 4409 5713
10847 2 2 2 1 4409 2064 5713
10848 2 2 2 1 4216 1590 4779
10849 2 2 2 1 4258 676 4488
10850 2 2 2 1 1646 4253 5697
10851 2 2 2 1 767 3718 5069
10852 2 2 2 1 3718 2224 5069
10853 2 2 2 1 461 3705 4998
10854 2 2 2 1 3385 2165 5938
10855 2 2 2 1 2349 4211 4831
10856 2 2 2 1 2065 4462 4463
10857 2 2 2 1 4462 1438 4463
10858 2 2 2 1 10 3508 5426
10859 2 2 2 1 1871 4277 5515
10860 2 2 2 1 1972 4512 5299
10861 2 2 2 1 5266 2090 5842
10862 2 2 2 1 3506 865 5449
10863 2 2 2 1 3722 2952 5664
10864 2 2 2 1 557 4767 5379
10865 2 2 2 1 800 4457 5433
10866 2 2 2 1 4045 2425 5605
10867 2 2 2 1 1816 3402 5896
10868 2 2 2 1 4457 1998 5433
10869 2 2 2 1 844 4045 5605
10870 2 2 2 1 3414 702 5820
10871 2 2 2 1 4512 801 5299
10872 2 2 2 1 4432 1364 5700
10873 2 2 2 1 4057 1820 5131
10874 2 2 2 1 2359 4241 5813
10875 2 2 2 1 3734 2530 5035
10876 2 2 2 1 543 3480 5549
10877 2 2 2 1 2490 4448 5134
10878 2 2 2 1 4479 1502 4483
10879 2 2 2 1 1478 4064 4656
10880 2 2 2 1 4448 1321 5134
10881 2 2 2 1 1900 4479 4483
10882 2 2 2 1 1263 3716 5477
10883 2 2 2 1 1766 4417 4932
10884 2 2 2 1 1209 3409 5877
10885 2 2 2 1 853 3832 5850
10886 2 2 2 1 3832 1867 5850
10887 2 2 2 1 4452 1765 5615
10888 2 2 2 1 541 4016 4794
10889 2 2 2 1 4016 1616 4794
10890 2 2 2 1 5106 1773 5268
10891 2 2 2 1 736 4629 5291
10892 2 2 2 1 1554 3736 5348
10893 2 2 2 1 4897 1610 5801
10894 2 2 2 1 1328 3615 5209
10895 2 2 2 1 1703 3915 5227
10896 2 2 2 1 4164 1532 4603
10897 2 2 2 1 4440 1859 4444
10898 2 2 2 1 436 4295 5829
10899 2 2 2 1 1514 4440 4444
10900 2 2 2 1 3915 1307 5227
10901 2 2 2 1 2032 4660 5215
10902 2 2 2 1 5295 1073 5569
10903 2 2 2 1 3698 1696 5621
10904 2 2 2 1 887 4094 4653
10905 2 2 2 1 2394 5295 5569
10906 2 2 2 1 938 3906 5350
10907 2 2 2 1 2039 4004 4749
10908 2 2 2 1 3520 655 5506
10909 2 2 2 1 895 3698 5621
10910 2 2 2 1 1544 4177 4973
10911 2 2 2 1 1927 5097 5365
10912 2 2 2 1 1273 3622 5223
10913 2 2 2 1 4143 2602 5593
10914 2 2 2 1 3894 1663 5123
10915 2 2 2 1 3964 1662 5472
10916 2 2 2 1 850 3894 5123
10917 2 2 2 1 460 4143 5593
10918 2 2 2 1 4541 2661 4880
10919 2 2 2 1 1351 4541 4880
10920 2 2 2 1 3458 2407 5730
10921 2 2 2 1 659 3702 5088
10922 2 2 2 1 1611 4856 4947
10923 2 2 2 1 1725 4213 4929
10924 2 2 2 1 3586 595 5314
10925 2 2 2 1 4856 1971 4947
10926 2 2 2 1 1757 5438 5616
10927 2 2 2 1 3448 1520 5778
10928 2 2 2 1 4522 365 5696
10929 2 2 2 1 1883 3912 5085
10930 2 2 2 1 4213 852 4929
10931 2 2 2 1 3927 1435 4828
10932 2 2 2 1 1801 4587 5174
10933 2 2 2 1 4766 944 5702
10934 2 2 2 1 3782 1275 5760
10935 2 2 2 1 3635 1500 5397
10936 2 2 2 1 287 4092 5721
10937 2 2 2 1 4166 1581 5075
10938 2 2 2 1 3575 1897 5369
10939 2 2 2 1 3694 1441 5129
10940 2 2 2 1 436 3460 5764
10941 2 2 2 1 4587 1952 5174
10942 2 2 2 1 4416 1751 4729
10943 2 2 2 1 4340 1601 4903
10944 2 2 2 1 4219 1618 4597
10945 2 2 2 1 2409 3785 5021
10946 2 2 2 1 3785 1158 5021
10947 2 2 2 1 593 3443 5911
10948 2 2 2 1 601 3594 5330
10949 2 2 2 1 5047 1868 5490
10950 2 2 2 1 4080 2577 4721
10951 2 2 2 1 4003 1543 5672
10952 2 2 2 1 3888 664 4876
10953 2 2 2 1 447 4292 5474
10954 2 2 2 1 4292 1933 5474
10955 2 2 2 1 1454 4109 4687
10956 2 2 2 1 1725 4929 5453
10957 2 2 2 1 801 3619 5299
10958 2 2 2 1 1995 4182 5833
10959 2 2 2 1 4157 1549 5885
10960 2 2 2 1 4182 860 5833
10961 2 2 2 1 3455 1650 5922
10962 2 2 2 1 3888 1295 5178
10963 2 2 2 1 4520 1262 5259
10964 2 2 2 1 608 3493 5719
10965 2 2 2 1 3638 425 5266
10966 2 2 2 1 3479 2419 5784
10967 2 2 2 1 2949 3479 5784
10968 2 2 2 1 1162 3540 5590
10969 2 2 2 1 3721 1437 5126
10970 2 2 2 1 3888 1672 4901
10971 2 2 2 1 4232 1208 4621
10972 2 2 2 1 2139 5106 5268
10973 2 2 2 1 1449 4655 4661
10974 2 2 2 1 1672 3888 5178
10975 2 2 2 1 1442 3870 4932
10976 2 2 2 1 1675 3503 5707
10977 2 2 2 1 2383 4490 5219
10978 2 2 2 1 4153 657 5731
10979 2 2 2 1 4655 2326 4661
10980 2 2 2 1 4490 1343 5219
10981 2 2 2 1 3536 1673 5604
10982 2 2 2 1 1475 3845 4964
10983 2 2 2 1 657 4166 5731
10984 2 2 2 1 347 3722 5664
10985 2 2 2 1 3914 1421 4910
10986 2 2 2 1 415 3519 5693
10987 2 2 2 1 1842 5149 5726
10988 2 2 2 1 4405 1548 4550
10989 2 2 2 1 3900 1469 4925
10990 2 2 2 1 484 3483 5822
10991 2 2 2 1 744 4567 4803
10992 2 2 2 1 1150 3601 5493
10993 2 2 2 1 4248 1567 5020
10994 2 2 2 1 1688 3513 5709
10995 2 2 2 1 781 4326 5442
10996 2 2 2 1 4326 1919 5442
10997 2 2 2 1 4971 2072 5165
10998 2 2 2 1 3766 1558 5898
10999 2 2 2 1 4567 1786 4803
11000 2 2 2 1 3617 1262 5384
11001 2 2 2 1 4379 1636 4641
11002 2 2 2 1 4242 826 5289
11003 2 2 2 1 1007 4971 5165
11004 2 2 2 1 4523 716 5771
11005 2 2 2 1 3951 355 4894
11006 2 2 2 1 809 3810 5082
11007 2 2 2 1 4527 1678 4592
11008 2 2 2 1 3480 1950 5860
11009 2 2 2 1 1699 4527 4592
11010 2 2 2 1 3810 1621 5082
11011 2 2 2 1 4389 1606 5495
11012 2 2 2 1 3990 339 4903
11013 2 2 2 1 4374 458 5066
11014 2 2 2 1 4626 709 5378
11015 2 2 2 1 1625 5242 5296
11016 2 2 2 1 5242 2244 5296
11017 2 2 2 1 1958 4343 5400
11018 2 2 2 1 3601 1620 5493
11019 2 2 2 1 2638 3644 5384
11020 2 2 2 1 3902 1210 5652
11021 2 2 2 1 868 3816 5395
11022 2 2 2 1 3795 1440 5061
11023 2 2 2 1 4245 361 4812
11024 2 2 2 1 4276 1801 5174
11025 2 2 2 1 3802 706 5068
11026 2 2 2 1 1437 4367 5441
11027 2 2 2 1 3903 1718 5375
11028 2 2 2 1 1783 4217 4684
11029 2 2 2 1 618 4713 5359
11030 2 2 2 1 1643 3553 5915
11031 2 2 2 1 1081 3636 5765
11032 2 2 2 1 733 4276 5174
11033 2 2 2 1 1214 3579 5716
11034 2 2 2 1 201 3903 5375
11035 2 2 2 1 2234 5222 5310
11036 2 2 2 1 5222 1631 5310
11037 2 2 2 1 1004 4634 5795
11038 2 2 2 1 4634 2146 5795
11039 2 2 2 1 4127 789 4861
11040 2 2 2 1 1776 3506 5876
11041 2 2 2 1 670 3527 5781
11042 2 2 2 1 4310 1640 4639
11043 2 2 2 1 1575 3896 5581
11044 2 2 2 1 2044 4147 4754
11045 2 2 2 1 3612 2963 5757
11046 2 2 2 1 3653 1137 5728
11047 2 2 2 1 2038 4963 5116
11048 2 2 2 1 1704 3653 5728
11049 2 2 2 1 3735 1781 5199
11050 2 2 2 1 793 4204 5006
11051 2 2 2 1 4963 1648 5116
11052 2 2 2 1 5497 929 5925
11053 2 2 2 1 854 4262 5860
11054 2 2 2 1 1824 4387 4614
11055 2 2 2 1 3713 1300 5244
11056 2 2 2 1 444 4664 4885
11057 2 2 2 1 2356 3820 5509
11058 2 2 2 1 2327 5171 5633
11059 2 2 2 1 4002 2099 5393
11060 2 2 2 1 4712 1708 4729
11061 2 2 2 1 1736 3963 5906
11062 2 2 2 1 5171 901 5633
11063 2 2 2 1 3511 712 5912
11064 2 2 2 1 4535 1294 4578
11065 2 2 2 1 4664 2102 4885
11066 2 2 2 1 4752 1693 5501
11067 2 2 2 1 693 3890 5016
11068 2 2 2 1 1439 3681 5329
11069 2 2 2 1 1718 3670 5375
11070 2 2 2 1 4097 765 4822
11071 2 2 2 1 2322 3663 5411
11072 2 2 2 1 3517 1123 5878
11073 2 2 2 1 1583 4341 5887
11074 2 2 2 1 1896 3682 5345
11075 2 2 2 1 4277 1483 5515
11076 2 2 2 1 2211 4060 4889
11077 2 2 2 1 4113 1585 5514
11078 2 2 2 1 3828 1500 5169
11079 2 2 2 1 434 4197 4737
11080 2 2 2 1 3591 1666 5839
11081 2 2 2 1 933 4236 5037
11082 2 2 2 1 2152 5004 5005
11083 2 2 2 1 5004 1560 5005
11084 2 2 2 1 4236 1949 5037
11085 2 2 2 1 1838 4113 5514
11086 2 2 2 1 2895 5041 5487
11087 2 2 2 1 4775 2087 5587
11088 2 2 2 1 2260 3962 5678
11089 2 2 2 1 1649 4398 4675
11090 2 2 2 1 373 5186 5866
11091 2 2 2 1 4177 439 4973
11092 2 2 2 1 5186 2410 5866
11093 2 2 2 1 1834 4465 5783
11094 2 2 2 1 451 4379 4641
11095 2 2 2 1 3696 907 5353
11096 2 2 2 1 4597 756 4691
11097 2 2 2 1 2296 4535 4578
11098 2 2 2 1 4060 1248 4889
11099 2 2 2 1 4698 1877 4894
11100 2 2 2 1 1198 3640 5579
11101 2 2 2 1 355 4698 4894
11102 2 2 2 1 1584 4269 5802
11103 2 2 2 1 3955 1582 5666
11104 2 2 2 1 4854 1528 5239
11105 2 2 2 1 3821 1591 5257
11106 2 2 2 1 1788 4665 5080
11107 2 2 2 1 3708 1767 5349
11108 2 2 2 1 4665 1907 5080
11109 2 2 2 1 5055 1288 5397
11110 2 2 2 1 4923 1043 5303
11111 2 2 2 1 4518 1627 5307
11112 2 2 2 1 1591 3821 5689
11113 2 2 2 1 2115 4923 5303
11114 2 2 2 1 4527 1699 5081
11115 2 2 2 1 1256 3545 5926
11116 2 2 2 1 1428 4309 5139
11117 2 2 2 1 1889 4841 5435
11118 2 2 2 1 3664 1257 5526
11119 2 2 2 1 4182 1607 5252
11120 2 2 2 1 3553 496 5915
11121 2 2 2 1 512 4878 5920
11122 2 2 2 1 1616 4127 4861
11123 2 2 2 1 4878 2281 5920
11124 2 2 2 1 1176 3777 5226
11125 2 2 2 1 1901 4111 5093
11126 2 2 2 1 652 3566 5870
11127 2 2 2 1 967 4257 5586
11128 2 2 2 1 4111 1289 5093
11129 2 2 2 1 4257 1901 5586
11130 2 2 2 1 186 3977 5023
11131 2 2 2 1 725 4216 4779
11132 2 2 2 1 4398 460 4675
11133 2 2 2 1 2479 4244 5688
11134 2 2 2 1 3877 448 5540
11135 2 2 2 1 4441 1609 4652
11136 2 2 2 1 1295 3834 5178
11137 2 2 2 1 3587 1661 5790
11138 2 2 2 1 486 4775 5587
11139 2 2 2 1 716 4826 5771
11140 2 2 2 1 633 4297 5547
11141 2 2 2 1 3714 782 5766
11142 2 2 2 1 742 4288 5832
11143 2 2 2 1 1273 4107 4931
11144 2 2 2 1 1549 4157 4862
11145 2 2 2 1 4297 1904 5547
11146 2 2 2 1 4474 837 5612
11147 2 2 2 1 874 5096 5684
11148 2 2 2 1 3596 2788 5801
11149 2 2 2 1 5096 2286 5684
11150 2 2 2 1 3619 1637 5699
11151 2 2 2 1 3736 220 5348
11152 2 2 2 1 1999 4474 5612
11153 2 2 2 1 4389 737 4701
11154 2 2 2 1 4390 1967 5480
11155 2 2 2 1 4033 2364 5377
11156 2 2 2 1 2197 3612 5757
11157 2 2 2 1 4107 2074 4931
11158 2 2 2 1 4307 1440 4755
11159 2 2 2 1 4211 1537 4831
11160 2 2 2 1 1394 4327 4920
11161 2 2 2 1 2171 3982 5073
11162 2 2 2 1 1275 4085 5760
11163 2 2 2 1 4040 9 5426
11164 2 2 2 1 50 3661 5662
11165 2 2 2 1 1665 3896 5153
11166 2 2 2 1 1734 4426 5014
11167 2 2 2 1 4426 2060 5014
11168 2 2 2 1 3695 635 5531
11169 2 2 2 1 2336 4649 4835
11170 2 2 2 1 4336 1358 5316
11171 2 2 2 1 649 4110 4948
11172 2 2 2 1 2504 3835 5504
11173 2 2 2 1 1599 4356 5913
11174 2 2 2 1 4150 1827 4908
11175 2 2 2 1 4234 2325 5916
11176 2 2 2 1 4459 1470 5345
11177 2 2 2 1 5293 1991 5577
11178 2 2 2 1 638 3862 5821
11179 2 2 2 1 3690 1673 5578
11180 2 2 2 1 1800 4240 5300
11181 2 2 2 1 449 3618 5818
11182 2 2 2 1 4240 1356 5300
11183 2 2 2 1 3911 1544 5170
11184 2 2 2 1 2136 4657 5044
11185 2 2 2 1 4657 973 5044
11186 2 2 2 1 4191 1623 5251
11187 2 2 2 1 1058 4424 5812
11188 2 2 2 1 4805 1971 4856
11189 2 2 2 1 663 4805 4856
11190 2 2 2 1 824 4416 4729
11191 2 2 2 1 3674 2021 5657
11192 2 2 2 1 1056 4310 5031
11193 2 2 2 1 886 4283 4813
11194 2 2 2 1 461 4248 5020
11195 2 2 2 1 1484 4772 5637
11196 2 2 2 1 1861 4087 5003
11197 2 2 2 1 2325 4178 4917
11198 2 2 2 1 1308 3670 5892
11199 2 2 2 1 4363 457 5190
11200 2 2 2 1 3670 1718 5892
11201 2 2 2 1 1778 3974 5849
11202 2 2 2 1 1565 4081 5325
11203 2 2 2 1 2341 5092 5888
11204 2 2 2 1 436 5764 5894
11205 2 2 2 1 5100 1668 5780
11206 2 2 2 1 5092 494 5888
11207 2 2 2 1 667 3981 5638
11208 2 2 2 1 4342 1572 4802
11209 2 2 2 1 4039 2370 5600
11210 2 2 2 1 439 4400 4973
11211 2 2 2 1 782 4165 4963
11212 2 2 2 1 1490 4048 5064
11213 2 2 2 1 4165 1648 4963
11214 2 2 2 1 4700 1657 5443
11215 2 2 2 1 4134 1604 4980
11216 2 2 2 1 2210 3704 5651
11217 2 2 2 1 3755 1663 5535
11218 2 2 2 1 412 3755 5535
11219 2 2 2 1 1718 3903 5241
11220 2 2 2 1 1901 5093 5855
11221 2 2 2 1 4790 780 5666
11222 2 2 2 1 2317 4790 5666
11223 2 2 2 1 4650 1921 5207
11224 2 2 2 1 3655 656 5838
11225 2 2 2 1 5099 379 5140
11226 2 2 2 1 3036 4843 4981
11227 2 2 2 1 2058 5099 5140
11228 2 2 2 1 2142 4951 5432
11229 2 2 2 1 1912 3782 5431
11230 2 2 2 1 1481 3859 5302
11231 2 2 2 1 3995 849 5161
11232 2 2 2 1 4047 526 5282
11233 2 2 2 1 1702 4184 5128
11234 2 2 2 1 1988 4072 5071
11235 2 2 2 1 1696 4047 5282
11236 2 2 2 1 1483 4566 5515
11237 2 2 2 1 4997 1595 5923
11238 2 2 2 1 435 4186 5189
11239 2 2 2 1 3997 1555 5172
11240 2 2 2 1 4184 809 5128
11241 2 2 2 1 4186 2631 5189
11242 2 2 2 1 3816 1579 5395
11243 2 2 2 1 1655 4104 5908
11244 2 2 2 1 3764 1903 5852
11245 2 2 2 1 2578 4602 5551
11246 2 2 2 1 4361 461 5020
11247 2 2 2 1 492 4247 5676
11248 2 2 2 1 4602 430 5551
11249 2 2 2 1 4247 1896 5676
11250 2 2 2 1 3860 1539 5316
11251 2 2 2 1 3750 716 5574
11252 2 2 2 1 965 3918 5263
11253 2 2 2 1 726 4632 5941
11254 2 2 2 1 1998 4457 5314
11255 2 2 2 1 974 3726 5637
11256 2 2 2 1 1720 5281 5583
11257 2 2 2 1 5281 2283 5583
11258 2 2 2 1 3668 1394 5861
11259 2 2 2 1 4809 1848 5147
11260 2 2 2 1 2115 5337 5754
11261 2 2 2 1 4164 684 5013
11262 2 2 2 1 339 4340 4903
11263 2 2 2 1 1453 4014 5183
11264 2 2 2 1 3851 588 5601
11265 2 2 2 1 2104 5082 5084
11266 2 2 2 1 1703 3851 5601
11267 2 2 2 1 998 4577 5471
11268 2 2 2 1 5082 1621 5084
11269 2 2 2 1 4577 2248 5471
11270 2 2 2 1 1199 3712 5729
11271 2 2 2 1 2086 4443 5166
11272 2 2 2 1 4476 1865 5292
11273 2 2 2 1 4443 426 5166
11274 2 2 2 1 1617 4401 5249
11275 2 2 2 1 2495 4336 5316
11276 2 2 2 1 4757 2319 4874
11277 2 2 2 1 368 4476 5292
11278 2 2 2 1 4509 1670 5067
11279 2 2 2 1 4780 1404 5819
11280 2 2 2 1 3804 1871 5515
11281 2 2 2 1 2086 5166 5201
11282 2 2 2 1 5166 1834 5201
11283 2 2 2 1 907 4031 5353
11284 2 2 2 1 3836 1436 5468
11285 2 2 2 1 4204 1609 5006
11286 2 2 2 1 2758 3832 5746
11287 2 2 2 1 4031 1697 5353
11288 2 2 2 1 415 5452 5830
11289 2 2 2 1 769 4707 5286
11290 2 2 2 1 4191 775 5537
11291 2 2 2 1 3820 1036 5509
11292 2 2 2 1 4022 2334 5230
11293 2 2 2 1 1819 4191 5537
11294 2 2 2 1 1653 3925 5402
11295 2 2 2 1 4707 2404 5286
11296 2 2 2 1 1931 4480 4825
11297 2 2 2 1 1929 4794 4861
11298 2 2 2 1 4794 1616 4861
11299 2 2 2 1 1529 4166 5075
11300 2 2 2 1 5616 2267 5724
11301 2 2 2 1 787 5293 5577
11302 2 2 2 1 5017 1924 5702
11303 2 2 2 1 783 3885 5437
11304 2 2 2 1 836 4152 5333
11305 2 2 2 1 809 5082 5385
11306 2 2 2 1 5082 2104 5385
11307 2 2 2 1 3925 900 5402
11308 2 2 2 1 5242 1073 5295
11309 2 2 2 1 2244 5242 5295
11310 2 2 2 1 1742 3862 5787
11311 2 2 2 1 5099 2058 5101
11312 2 2 2 1 1647 5099 5101
11313 2 2 2 1 4295 436 5894
11314 2 2 2 1 3974 409 5849
11315 2 2 2 1 4564 2045 5862
11316 2 2 2 1 1472 4298 4993
11317 2 2 2 1 5661 2139 5742
11318 2 2 2 1 4313 994 4985
11319 2 2 2 1 4744 2087 4775
11320 2 2 2 1 425 4384 5266
11321 2 2 2 1 3862 1244 5787
11322 2 2 2 1 4384 2090 5266
11323 2 2 2 1 777 4564 5862
11324 2 2 2 1 4694 1665 5775
11325 2 2 2 1 729 3787 5670
11326 2 2 2 1 4962 1980 5410
11327 2 2 2 1 4779 1927 5365
11328 2 2 2 1 1659 3912 5722
11329 2 2 2 1 1546 4332 4990
11330 2 2 2 1 1671 4762 5884
11331 2 2 2 1 1597 3877 5540
11332 2 2 2 1 2315 4538 5434
11333 2 2 2 1 4001 1653 5402
11334 2 2 2 1 4262 2437 5046
11335 2 2 2 1 1663 3894 5535
11336 2 2 2 1 4808 1058 5812
11337 2 2 2 1 4365 417 4986
11338 2 2 2 1 4434 564 5680
11339 2 2 2 1 4460 3001 5406
11340 2 2 2 1 1055 3940 5881
11341 2 2 2 1 3889 421 5572
11342 2 2 2 1 2789 4875 5429
11343 2 2 2 1 4806 1671 5884
11344 2 2 2 1 4400 2003 4973
11345 2 2 2 1 4875 1427 5429
11346 2 2 2 1 4027 1542 5336
11347 2 2 2 1 2058 4002 5393
11348 2 2 2 1 1790 3729 5933
11349 2 2 2 1 2107 5594 5685
11350 2 2 2 1 3769 496 5791
11351 2 2 2 1 4310 1641 5031
11352 2 2 2 1 3821 348 5689
11353 2 2 2 1 3896 501 5581
11354 2 2 2 1 550 5133 5305
11355 2 2 2 1 2321 4428 5195
11356 2 2 2 1 2030 4361 5020
11357 2 2 2 1 4428 842 5195
11358 2 2 2 1 4774 2658 5233
11359 2 2 2 1 1420 4774 5233
11360 2 2 2 1 791 3813 5854
11361 2 2 2 1 2644 4100 5829
11362 2 2 2 1 1662 3964 5499
11363 2 2 2 1 5133 2084 5305
11364 2 2 2 1 777 4033 5377
11365 2 2 2 1 1609 4363 5190
11366 2 2 2 1 4859 1599 5913
11367 2 2 2 1 4649 626 4835
11368 2 2 2 1 1556 4744 4775
11369 2 2 2 1 5374 2274 5598
11370 2 2 2 1 5011 726 5941
11371 2 2 2 1 4847 801 5279
11372 2 2 2 1 3763 872 5902
11373 2 2 2 1 4152 836 5711
11374 2 2 2 1 1823 4152 5711
11375 2 2 2 1 5147 1848 5373
11376 2 2 2 1 5097 1775 5365
11377 2 2 2 1 1944 3939 5561
11378 2 2 2 1 1455 4068 5321
11379 2 2 2 1 1690 4677 5465
11380 2 2 2 1 1810 5374 5598
11381 2 2 2 1 1907 3969 5522
11382 2 2 2 1 764 3766 5898
11383 2 2 2 1 4284 727 5785
11384 2 2 2 1 1969 4847 5279
11385 2 2 2 1 4288 1872 5832
11386 2 2 2 1 4440 912 5439
11387 2 2 2 1 1859 4440 5439
11388 2 2 2 1 1433 4125 5918
11389 2 2 2 1 2157 4351 5058
11390 2 2 2 1 4125 1875 5918
11391 2 2 2 1 3832 853 5746
11392 2 2 2 1 5732 2435 5750
11393 2 2 2 1 2219 4945 5937
11394 2 2 2 1 4945 1657 5937
11395 2 2 2 1 2057 3902 5652
11396 2 2 2 1 728 4049 5416
11397 2 2 2 1 4847 1969 4866
11398 2 2 2 1 1637 4847 4866
11399 2 2 2 1 4401 207 5249
11400 2 2 2 1 1623 4191 5216
11401 2 2 2 1 4564 1485 5265
11402 2 2 2 1 3952 1214 5716
11403 2 2 2 1 1611 4374 5066
11404 2 2 2 1 4482 1762 5124
11405 2 2 2 1 753 4482 5124
11406 2 2 2 1 4175 698 5248
11407 2 2 2 1 1700 4936 5293
11408 2 2 2 1 4685 1027 5382
11409 2 2 2 1 4936 1991 5293
11410 2 2 2 1 203 3938 5644
11411 2 2 2 1 3822 1871 5830
11412 2 2 2 1 860 4182 5252
11413 2 2 2 1 918 5732 5750
11414 2 2 2 1 4539 2170 4974
11415 2 2 2 1 2087 4685 5382
11416 2 2 2 1 4770 2267 5438
11417 2 2 2 1 5327 2193 5328
11418 2 2 2 1 1677 5327 5328
11419 2 2 2 1 1741 4692 5677
11420 2 2 2 1 687 3856 5783
11421 2 2 2 1 4046 1664 5489
11422 2 2 2 1 775 4191 5251
11423 2 2 2 1 4202 1675 5582
11424 2 2 2 1 4338 772 5937
11425 2 2 2 1 4056 2769 5811
11426 2 2 2 1 679 3985 5617
11427 2 2 2 1 780 3955 5666
11428 2 2 2 1 46 3928 5705
11429 2 2 2 1 1568 4434 5680
11430 2 2 2 1 3912 463 5722
11431 2 2 2 1 2018 5229 5663
11432 2 2 2 1 5229 2223 5663
11433 2 2 2 1 1607 4907 5252
11434 2 2 2 1 1488 3840 5872
11435 2 2 2 1 5025 803 5598
11436 2 2 2 1 2274 5025 5598
11437 2 2 2 1 787 4496 5293
11438 2 2 2 1 745 4712 4943
11439 2 2 2 1 3937 334 5710
11440 2 2 2 1 3862 1742 5821
11441 2 2 2 1 1320 4251 5825
11442 2 2 2 1 758 3984 5642
11443 2 2 2 1 3936 1489 5713
11444 2 2 2 1 4251 1883 5825
11445 2 2 2 1 1523 4757 4874
11446 2 2 2 1 538 4429 5636
11447 2 2 2 1 1780 4550 5596
11448 2 2 2 1 76 3842 5914
11449 2 2 2 1 2154 3952 5716
11450 2 2 2 1 1636 4379 5145
11451 2 2 2 1 1893 4489 5611
11452 2 2 2 1 4489 454 5611
11453 2 2 2 1 4449 2448 5335
11454 2 2 2 1 4087 1525 5503
11455 2 2 2 1 1335 4449 5335
11456 2 2 2 1 448 3877 5869
11457 2 2 2 1 829 4403 5671
11458 2 2 2 1 1686 4528 5735
11459 2 2 2 1 4712 1751 4943
11460 2 2 2 1 413 4509 5067
11461 2 2 2 1 377 5616 5724
11462 2 2 2 1 5204 2054 5253
11463 2 2 2 1 761 4003 5672
11464 2 2 2 1 4447 1702 5128
11465 2 2 2 1 1733 5204 5253
11466 2 2 2 1 2387 4124 5573
11467 2 2 2 1 458 5105 5761
11468 2 2 2 1 5303 1724 5337
11469 2 2 2 1 2115 5303 5337
11470 2 2 2 1 4302 515 5239
11471 2 2 2 1 3940 1770 5809
11472 2 2 2 1 1319 4082 5564
11473 2 2 2 1 766 4527 5081
11474 2 2 2 1 4012 1154 5703
11475 2 2 2 1 5059 2533 5273
11476 2 2 2 1 4512 2107 5685
11477 2 2 2 1 5101 2058 5393
11478 2 2 2 1 4291 1779 5520
11479 2 2 2 1 843 5101 5393
11480 2 2 2 1 526 4291 5520
11481 2 2 2 1 355 3951 5827
11482 2 2 2 1 1961 3930 5874
11483 2 2 2 1 1767 4383 5349
11484 2 2 2 1 4383 1498 5349
11485 2 2 2 1 3999 1734 5744
11486 2 2 2 1 887 4905 5214
11487 2 2 2 1 4905 1918 5214
11488 2 2 2 1 3940 1654 5881
11489 2 2 2 1 2084 5133 5626
11490 2 2 2 1 1980 4406 5376
11491 2 2 2 1 4179 1714 5568
11492 2 2 2 1 5337 485 5754
11493 2 2 2 1 1702 4447 5658
11494 2 2 2 1 122 4117 5755
11495 2 2 2 1 4406 2218 5376
11496 2 2 2 1 4179 2048 5475
11497 2 2 2 1 3983 1363 5826
11498 2 2 2 1 4124 962 5573
11499 2 2 2 1 4166 1529 5731
11500 2 2 2 1 2314 4623 5451
11501 2 2 2 1 690 4002 5798
11502 2 2 2 1 4393 965 5263
11503 2 2 2 1 4157 443 5704
11504 2 2 2 1 4155 1577 5539
11505 2 2 2 1 3976 691 5883
11506 2 2 2 1 4164 1711 5737
11507 2 2 2 1 1835 4393 5263
11508 2 2 2 1 1772 4157 5704
11509 2 2 2 1 2324 4236 5542
11510 2 2 2 1 1747 5428 5518
11511 2 2 2 1 5428 2201 5518
11512 2 2 2 1 1693 4252 5870
11513 2 2 2 1 3986 1308 5892
11514 2 2 2 1 551 4158 5845
11515 2 2 2 1 1498 4899 5349
11516 2 2 2 1 2111 5318 5611
11517 2 2 2 1 5449 865 5769
11518 2 2 2 1 5262 364 5668
11519 2 2 2 1 2282 5262 5668
11520 2 2 2 1 1619 5412 5414
11521 2 2 2 1 5412 2617 5414
11522 2 2 2 1 1615 5030 5477
11523 2 2 2 1 4713 2672 5359
11524 2 2 2 1 2342 4926 5086
11525 2 2 2 1 5362 2148 5531
11526 2 2 2 1 5399 2220 5620
11527 2 2 2 1 1751 4416 5276
11528 2 2 2 1 4843 1476 4981
11529 2 2 2 1 4160 1689 5603
11530 2 2 2 1 785 4179 5568
11531 2 2 2 1 1847 5399 5620
11532 2 2 2 1 5160 1694 5165
11533 2 2 2 1 2072 5160 5165
11534 2 2 2 1 1812 4284 5785
11535 2 2 2 1 4517 1654 5768
11536 2 2 2 1 1903 4374 5457
11537 2 2 2 1 4092 1764 5721
11538 2 2 2 1 801 4512 5685
11539 2 2 2 1 1917 5089 5479
11540 2 2 2 1 771 4479 5742
11541 2 2 2 1 4704 2856 5835
11542 2 2 2 1 4085 2069 5760
11543 2 2 2 1 4479 1900 5742
11544 2 2 2 1 2066 4056 5811
11545 2 2 2 1 635 5362 5531
11546 2 2 2 1 5277 2181 5655
11547 2 2 2 1 1868 5277 5655
11548 2 2 2 1 844 4202 5582
11549 2 2 2 1 688 4145 5747
11550 2 2 2 1 2671 4446 5861
11551 2 2 2 1 4253 698 5697
11552 2 2 2 1 4079 1318 5793
11553 2 2 2 1 3001 4692 5725
11554 2 2 2 1 4236 933 5542
11555 2 2 2 1 910 4298 5470
11556 2 2 2 1 2588 4520 5259
11557 2 2 2 1 4582 535 5563
11558 2 2 2 1 4117 1948 5755
11559 2 2 2 1 5221 2089 5753
11560 2 2 2 1 1768 4377 5485
11561 2 2 2 1 4377 669 5485
11562 2 2 2 1 1880 5037 5245
11563 2 2 2 1 4456 1738 5544
11564 2 2 2 1 5037 1949 5245
11565 2 2 2 1 4083 1320 5825
11566 2 2 2 1 1886 5056 5279
11567 2 2 2 1 4823 1568 5680
11568 2 2 2 1 5565 1951 5910
11569 2 2 2 1 1748 4432 5700
11570 2 2 2 1 922 4141 5848
11571 2 2 2 1 584 4624 5200
11572 2 2 2 1 4496 1700 5293
11573 2 2 2 1 5056 1969 5279
11574 2 2 2 1 1671 4806 5636
11575 2 2 2 1 4254 2027 5579
11576 2 2 2 1 1773 4700 5268
11577 2 2 2 1 457 4363 5453
11578 2 2 2 1 2962 4153 5731
11579 2 2 2 1 2457 4529 5805
11580 2 2 2 1 638 4367 5936
11581 2 2 2 1 2045 4564 5265
11582 2 2 2 1 4806 538 5636
11583 2 2 2 1 4529 2054 5805
11584 2 2 2 1 684 4164 5737
11585 2 2 2 1 387 4518 5307
11586 2 2 2 1 4992 2172 5764
11587 2 2 2 1 5318 1893 5611
11588 2 2 2 1 5569 1696 5571
11589 2 2 2 1 2394 5569 5571
11590 2 2 2 1 2327 4714 5526
11591 2 2 2 1 804 4350 5657
11592 2 2 2 1 4748 725 5365
11593 2 2 2 1 4808 1634 5727
11594 2 2 2 1 4711 1448 5240
11595 2 2 2 1 2083 4711 5240
11596 2 2 2 1 4740 1430 5436
11597 2 2 2 1 4434 1568 5423
11598 2 2 2 1 2111 4715 5318
11599 2 2 2 1 4941 1916 5304
11600 2 2 2 1 4314 1681 5570
11601 2 2 2 1 1183 4941 5304
11602 2 2 2 1 737 4389 5495
11603 2 2 2 1 443 4207 5704
11604 2 2 2 1 5006 1609 5190
11605 2 2 2 1 1645 4460 5406
11606 2 2 2 1 4104 685 5908
11607 2 2 2 1 725 4779 5365
11608 2 2 2 1 5077 2207 5181
11609 2 2 2 1 1500 4914 5169
11610 2 2 2 1 1900 5661 5742
11611 2 2 2 1 5764 2172 5894
11612 2 2 2 1 4139 1995 5833
11613 2 2 2 1 2293 5618 5694
11614 2 2 2 1 1937 5152 5496
11615 2 2 2 1 1601 5113 5114
11616 2 2 2 1 5618 1824 5694
11617 2 2 2 1 4266 507 5772
11618 2 2 2 1 1779 4809 5147
11619 2 2 2 1 5594 1886 5685
11620 2 2 2 1 4926 442 5086
11621 2 2 2 1 5113 2385 5114
11622 2 2 2 1 1801 4266 5772
11623 2 2 2 1 4333 1703 5601
11624 2 2 2 1 4246 769 5686
11625 2 2 2 1 900 4671 5505
11626 2 2 2 1 1752 4571 5750
11627 2 2 2 1 5128 809 5385
11628 2 2 2 1 4671 1872 5505
11629 2 2 2 1 1727 4360 5863
11630 2 2 2 1 5151 1797 5880
11631 2 2 2 1 443 4157 5885
11632 2 2 2 1 5552 1860 5796
11633 2 2 2 1 5376 2218 5748
11634 2 2 2 1 2182 4690 5302
11635 2 2 2 1 2298 5552 5796
11636 2 2 2 1 4690 1481 5302
11637 2 2 2 1 481 5376 5748
11638 2 2 2 1 4816 1517 5561
11639 2 2 2 1 4306 2526 5795
11640 2 2 2 1 860 4831 5833
11641 2 2 2 1 4614 484 5694
11642 2 2 2 1 4235 688 5747
11643 2 2 2 1 4700 771 5268
11644 2 2 2 1 1555 4522 5696
11645 2 2 2 1 4538 450 5434
11646 2 2 2 1 5115 2197 5123
11647 2 2 2 1 1663 5115 5123
11648 2 2 2 1 4550 614 5596
11649 2 2 2 1 4404 1468 5592
11650 2 2 2 1 1894 4780 5819
11651 2 2 2 1 2428 5111 5120
11652 2 2 2 1 2300 4563 5417
11653 2 2 2 1 1572 4450 5695
11654 2 2 2 1 5111 1595 5120
11655 2 2 2 1 3278 4909 5789
11656 2 2 2 1 807 4456 5544
11657 2 2 2 1 831 4947 5560
11658 2 2 2 1 4914 2121 5169
11659 2 2 2 1 4947 1971 5560
11660 2 2 2 1 1778 5849 5859
11661 2 2 2 1 1698 4382 5635
11662 2 2 2 1 5849 2420 5859
11663 2 2 2 1 1425 4787 5320
11664 2 2 2 1 1991 5214 5577
11665 2 2 2 1 1624 4626 5378
11666 2 2 2 1 4588 1772 5427
11667 2 2 2 1 1873 4795 5415
11668 2 2 2 1 5186 1686 5735
11669 2 2 2 1 4795 776 5415
11670 2 2 2 1 1470 4459 5632
11671 2 2 2 1 837 4655 5391
11672 2 2 2 1 4459 1798 5632
11673 2 2 2 1 2045 5193 5862
11674 2 2 2 1 5070 2259 5774
11675 2 2 2 1 5193 2160 5862
11676 2 2 2 1 4715 980 5318
11677 2 2 2 1 5213 2690 5787
11678 2 2 2 1 335 5070 5774
11679 2 2 2 1 4907 2237 5252
11680 2 2 2 1 4269 656 5802
11681 2 2 2 1 5150 1908 5280
11682 2 2 2 1 4403 1684 5671
11683 2 2 2 1 4429 2291 5636
11684 2 2 2 1 1588 4584 5486
11685 2 2 2 1 5328 2193 5807
11686 2 2 2 1 975 5328 5807
11687 2 2 2 1 704 4229 5910
11688 2 2 2 1 4543 1717 5557
11689 2 2 2 1 390 4352 5741
11690 2 2 2 1 4616 1804 5469
11691 2 2 2 1 5628 2991 5630
11692 2 2 2 1 1632 5628 5630
11693 2 2 2 1 2146 4306 5795
11694 2 2 2 1 4447 502 5658
11695 2 2 2 1 4743 338 5614
11696 2 2 2 1 826 4234 5916
11697 2 2 2 1 1955 5006 5190
11698 2 2 2 1 4295 1552 5829
11699 2 2 2 1 1828 4346 5769
11700 2 2 2 1 1696 5282 5621
11701 2 2 2 1 1775 4748 5365
11702 2 2 2 1 4787 2864 5320
11703 2 2 2 1 1638 4723 5380
11704 2 2 2 1 2175 4806 5884
11705 2 2 2 1 1665 4366 5775
11706 2 2 2 1 5083 604 5192
11707 2 2 2 1 1888 5083 5192
11708 2 2 2 1 4497 415 5830
11709 2 2 2 1 2139 5268 5742
11710 2 2 2 1 1871 4497 5830
11711 2 2 2 1 772 4338 5823
11712 2 2 2 1 1629 4295 5894
11713 2 2 2 1 4677 253 5465
11714 2 2 2 1 771 4700 5443
11715 2 2 2 1 4826 1599 5771
11716 2 2 2 1 1669 5077 5181
11717 2 2 2 1 4433 1473 5726
11718 2 2 2 1 545 5143 5665
11719 2 2 2 1 5143 2048 5665
11720 2 2 2 1 2716 4740 5436
11721 2 2 2 1 805 5147 5373
11722 2 2 2 1 5177 1903 5212
11723 2 2 2 1 4341 368 5887
11724 2 2 2 1 4947 831 5457
11725 2 2 2 1 1585 4682 5514
11726 2 2 2 1 839 4588 5618
11727 2 2 2 1 4764 1555 5696
11728 2 2 2 1 4588 1824 5618
11729 2 2 2 1 1022 4770 5438
11730 2 2 2 1 5285 2153 5671
11731 2 2 2 1 4476 2088 5723
11732 2 2 2 1 1684 5285 5671
11733 2 2 2 1 4424 2378 5812
11734 2 2 2 1 1824 4614 5694
11735 2 2 2 1 4356 434 5913
11736 2 2 2 1 2148 4758 5531
11737 2 2 2 1 1657 4338 5937
11738 2 2 2 1 4929 2110 5453
11739 2 2 2 1 1826 4357 5930
11740 2 2 2 1 4357 1450 5930
11741 2 2 2 1 4413 2518 5911
11742 2 2 2 1 1902 5177 5212
11743 2 2 2 1 1634 4808 5812
11744 2 2 2 1 1598 5059 5273
11745 2 2 2 1 4841 1825 5435
11746 2 2 2 1 5485 2568 5834
11747 2 2 2 1 4528 908 5735
11748 2 2 2 1 5382 1916 5587
11749 2 2 2 1 2087 5382 5587
11750 2 2 2 1 4387 763 5928
11751 2 2 2 1 4576 2456 5840
11752 2 2 2 1 487 4576 5840
11753 2 2 2 1 5271 1961 5450
11754 2 2 2 1 2164 4523 5771
11755 2 2 2 1 4970 366 5874
11756 2 2 2 1 1951 4724 5910
11757 2 2 2 1 4724 704 5910
11758 2 2 2 1 2426 4859 5913
11759 2 2 2 1 1654 4544 5768
11760 2 2 2 1 782 4963 5766
11761 2 2 2 1 1919 5324 5442
11762 2 2 2 1 5324 2019 5442
11763 2 2 2 1 1790 4962 5410
11764 2 2 2 1 4571 918 5750
11765 2 2 2 1 5279 801 5685
11766 2 2 2 1 1906 5150 5280
11767 2 2 2 1 4951 1705 5432
11768 2 2 2 1 1927 4743 5614
11769 2 2 2 1 4772 2824 5637
11770 2 2 2 1 1753 5338 5358
11771 2 2 2 1 5212 1903 5457
11772 2 2 2 1 5338 2231 5358
11773 2 2 2 1 5419 2115 5754
11774 2 2 2 1 4553 357 5839
11775 2 2 2 1 1852 4758 5714
11776 2 2 2 1 4557 2540 5848
11777 2 2 2 1 5298 1964 5433
11778 2 2 2 1 1998 5298 5433
11779 2 2 2 1 2366 5055 5397
11780 2 2 2 1 5246 372 5287
11781 2 2 2 1 2133 5246 5287
11782 2 2 2 1 4709 764 5740
11783 2 2 2 1 4866 1969 5888
11784 2 2 2 1 1877 4709 5740
11785 2 2 2 1 494 4866 5888
11786 2 2 2 1 4692 1741 5725
11787 2 2 2 1 5152 885 5419
11788 2 2 2 1 2236 5283 5868
11789 2 2 2 1 1936 5152 5419
11790 2 2 2 1 5283 768 5868
11791 2 2 2 1 5030 2414 5477
11792 2 2 2 1 1793 5098 5431
11793 2 2 2 1 5098 1912 5431
11794 2 2 2 1 2218 5683 5749
11795 2 2 2 1 963 4897 5801
11796 2 2 2 1 4957 705 5891
11797 2 2 2 1 2017 4764 5696
11798 2 2 2 1 5683 894 5749
11799 2 2 2 1 2003 4957 5891
11800 2 2 2 1 5041 1586 5487
11801 2 2 2 1 4758 864 5714
11802 2 2 2 1 2176 4823 5680
11803 2 2 2 1 5089 1913 5479
11804 2 2 2 1 5752 2277 5857
11805 2 2 2 1 1909 5752 5857
11806 2 2 2 1 1872 4671 5832
11807 2 2 2 1 5150 1906 5641
11808 2 2 2 1 1103 5339 5828
11809 2 2 2 1 5339 2105 5828
11810 2 2 2 1 5236 2020 5682
11811 2 2 2 1 244 5236 5682
11812 2 2 2 1 363 4704 5835
11813 2 2 2 1 4632 1635 5941
11814 2 2 2 1 5407 1752 5750
11815 2 2 2 1 5152 1936 5496
11816 2 2 2 1 831 5212 5457
11817 2 2 2 1 485 4940 5754
11818 2 2 2 1 4940 1936 5754
11819 2 2 2 1 1903 5177 5852
11820 2 2 2 1 5398 2035 5474
11821 2 2 2 1 2267 5505 5724
11822 2 2 2 1 3077 5381 5387
11823 2 2 2 1 4857 2299 5847
11824 2 2 2 1 1953 5271 5450
11825 2 2 2 1 1291 4857 5847
11826 2 2 2 1 5381 1600 5387
11827 2 2 2 1 5177 1902 5917
11828 2 2 2 1 5347 2649 5858
11829 2 2 2 1 4762 881 5884
11830 2 2 2 1 2288 5586 5855
11831 2 2 2 1 1920 5017 5702
11832 2 2 2 1 5133 1832 5626
11833 2 2 2 1 5214 1918 5577
11834 2 2 2 1 2298 5317 5552
11835 2 2 2 1 5317 840 5552
11836 2 2 2 1 4846 1806 5853
11837 2 2 2 1 4909 1717 5789
11838 2 2 2 1 1933 5398 5474
11839 2 2 2 1 4963 2038 5766
11840 2 2 2 1 784 5150 5641
11841 2 2 2 1 4830 1736 5906
11842 2 2 2 1 2377 5011 5941
11843 2 2 2 1 5785 2467 5786
11844 2 2 2 1 1812 5785 5786
11845 2 2 2 1 2410 5186 5735
11846 2 2 2 1 5107 2582 5745
11847 2 2 2 1 396 5107 5745
11848 2 2 2 1 5282 2491 5621
11849 2 2 2 1 5525 1892 5528
11850 2 2 2 1 2143 5525 5528
11851 2 2 2 1 2328 5356 5800
11852 2 2 2 1 5356 869 5800
11853 2 2 2 1 5105 2556 5761
11854 2 2 2 1 5580 870 5938
11855 2 2 2 1 5530 559 5736
11856 2 2 2 1 2079 5530 5736
11857 2 2 2 1 2165 5580 5938
11858 2 2 2 1 2566 5100 5780
11859 2 2 2 1 5615 2353 5908
11860 2 2 2 1 1856 4958 5925
11861 2 2 2 1 685 5615 5908
11862 2 2 2 1 2655 5613 5700
11863 2 2 2 1 1886 5279 5685
11864 2 2 2 1 2619 4997 5923
11865 2 2 2 1 1884 5221 5753
11866 2 2 2 1 5289 826 5916
11867 2 2 2 1 2049 5289 5916
11868 2 2 2 1 5268 771 5742
11869 2 2 2 1 1244 5213 5787
11870 2 2 2 1 2435 5407 5750
11871 2 2 2 1 5177 843 5852
11872 2 2 2 1 117 5151 5880
11873 2 2 2 1 5469 923 5873
11874 2 2 2 1 1936 5419 5754
11875 2 2 2 1 843 5177 5917
11876 2 2 2 1 5505 1872 5724
11877 2 2 2 1 5718 2165 5875
11878 2 2 2 1 2308 5837 5846
11879 2 2 2 1 5613 1748 5700
11880 2 2 2 1 5837 1946 5846
11881 2 2 2 1 1831 5347 5858
11882 2 2 2 1 5748 2218 5749
11883 2 2 2 1 1768 5485 5834
11884 2 2 2 1 1972 5748 5749
11885 2 2 2 1 5586 1901 5855
11886 2 2 2 1 2027 5718 5875
$EndElements
