$MeshFormat
2.2 0 8
$EndMeshFormat
$Nodes
1634
1 -1 -1 0
2 1 -1 0
3 1 1 0
4 -1 1 0
5 -0.08944725072955367 -0.5360952636129854 0
6 0.2584759863697824 -0.5360952636129854 0
7 -0.9411764705883986 -1 0
8 -0.8823529411767972 -1 0
9 -0.8235294117651957 -1 0
10 -0.7647058823535943 -1 0
11 -0.7058823529419929 -1 0
12 -0.6470588235303913 -1 0
13 -0.5882352941187899 -1 0
14 -0.5294117647071885 -1 0
15 -0.4705882352955871 -1 0
16 -0.4117647058839857 -1 0
17 -0.3529411764723843 -1 0
18 -0.2941176470607828 -1 0
19 -0.2352941176491813 -1 0
20 -0.1764705882375799 -1 0
21 -0.1176470588259785 -1 0
22 -0.05882352941437707 -1 0
23 -2.753797190280238e-12 -1 0
24 0.05882352940915236 -1 0
25 0.1176470588210805 -1 0
26 0.1764705882330084 -1 0
27 0.2352941176449366 -1 0
28 0.2941176470568645 -1 0
29 0.3529411764687926 -1 0
30 0.4117647058807208 -1 0
31 0.4705882352926489 -1 0
32 0.5294117647045768 -1 0
33 0.588235294116505 -1 0
34 0.6470588235284329 -1 0
35 0.7058823529403608 -1 0
36 0.764705882352289 -1 0
37 0.8235294117642169 -1 0
38 0.882352941176145 -1 0
39 0.941176470588073 -1 0
40 1 -0.9411764705883986 0
41 1 -0.8823529411767972 0
42 1 -0.8235294117651957 0
43 1 -0.7647058823535943 0
44 1 -0.7058823529419929 0
45 1 -0.6470588235303913 0
46 1 -0.5882352941187899 0
47 1 -0.5294117647071885 0
48 1 -0.4705882352955871 0
49 1 -0.4117647058839857 0
50 1 -0.3529411764723843 0
51 1 -0.2941176470607828 0
52 1 -0.2352941176491813 0
53 1 -0.1764705882375799 0
54 1 -0.1176470588259785 0
55 1 -0.05882352941437707 0
56 1 -2.753797190280238e-12 0
57 1 0.05882352940915236 0
58 1 0.1176470588210805 0
59 1 0.1764705882330084 0
60 1 0.2352941176449366 0
61 1 0.2941176470568645 0
62 1 0.3529411764687926 0
63 1 0.4117647058807208 0
64 1 0.4705882352926489 0
65 1 0.5294117647045768 0
66 1 0.588235294116505 0
67 1 0.6470588235284329 0
68 1 0.7058823529403608 0
69 1 0.764705882352289 0
70 1 0.8235294117642169 0
71 1 0.882352941176145 0
72 1 0.941176470588073 0
73 0.9411764705883986 1 0
74 0.8823529411767972 1 0
75 0.8235294117651957 1 0
76 0.7647058823535943 1 0
77 0.7058823529419929 1 0
78 0.6470588235303913 1 0
79 0.5882352941187899 1 0
80 0.5294117647071885 1 0
81 0.4705882352955871 1 0
82 0.4117647058839857 1 0
83 0.3529411764723843 1 0
84 0.2941176470607828 1 0
85 0.2352941176491813 1 0
86 0.1764705882375799 1 0
87 0.1176470588259785 1 0
88 0.05882352941437707 1 0
89 2.753797190280238e-12 1 0
90 -0.05882352940915236 1 0
91 -0.1176470588210805 1 0
92 -0.1764705882330084 1 0
93 -0.2352941176449366 1 0
94 -0.2941176470568645 1 0
95 -0.3529411764687926 1 0
96 -0.4117647058807208 1 0
97 -0.4705882352926489 1 0
98 -0.5294117647045768 1 0
99 -0.588235294116505 1 0
100 -0.6470588235284329 1 0
101 -0.7058823529403608 1 0
102 -0.764705882352289 1 0
103 -0.8235294117642169 1 0
104 -0.882352941176145 1 0
105 -0.941176470588073 1 0
106 -1 0.9411764705883986 0
107 -1 0.8823529411767972 0
108 -1 0.8235294117651957 0
109 -1 0.7647058823535943 0
110 -1 0.7058823529419929 0
111 -1 0.6470588235303913 0
112 -1 0.5882352941187899 0
113 -1 0.5294117647071885 0
114 -1 0.4705882352955871 0
115 -1 0.4117647058839857 0
116 -1 0.3529411764723843 0
117 -1 0.2941176470607828 0
118 -1 0.2352941176491813 0
119 -1 0.1764705882375799 0
120 -1 0.1176470588259785 0
121 -1 0.05882352941437707 0
122 -1 2.753797190280238e-12 0
123 -1 -0.05882352940915236 0
124 -1 -0.1176470588210805 0
125 -1 -0.1764705882330084 0
126 -1 -0.2352941176449366 0
127 -1 -0.2941176470568645 0
128 -1 -0.3529411764687926 0
129 -1 -0.4117647058807208 0
130 -1 -0.4705882352926489 0
131 -1 -0.5294117647045768 0
132 -1 -0.588235294116505 0
133 -1 -0.6470588235284329 0
134 -1 -0.7058823529403608 0
135 -1 -0.764705882352289 0
136 -1 -0.8235294117642169 0
137 -1 -0.882352941176145 0
138 -1 -0.941176470588073 0
139 -0.08093296305450354 -0.589852360213201 0
140 -0.05622353776344249 -0.6383473377258074 0
141 -0.01773770566700981 -0.6768331696511384 0
142 0.03075727189998447 -0.7015425947085765 0
143 0.08451436856554816 -0.7100568821626534 0
144 0.1382714648708038 -0.7015425943412354 0
145 0.1867664420494956 -0.676833169111857 0
146 0.2252522737626035 -0.6383473372317795 0
147 0.2499616987609714 -0.5898523600093379 0
148 0.2499616986984947 -0.4823381670243497 0
149 0.2252522734212462 -0.4338431895243534 0
150 0.1867664412879101 -0.3953573575607896 0
151 0.1382714637174139 -0.3706479325099763 0
152 0.08451436701113706 -0.3621336450633174 0
153 0.03075727069905874 -0.3706479329075987 0
154 -0.01773770647309898 -0.3953573581604906 0
155 -0.05622353814937578 -0.4338431900313551 0
156 -0.08093296313273224 -0.482338167253533 0
157 -0.2849973207262733 0.2897243400439152 0
158 0.3483648284508951 0.2315706423659768 0
159 -0.4937447978311922 -0.1791343898526302 0
160 0.5646935376773805 -0.1533079092833867 0
161 0.06299983431854682 0.5583460706820472 0
162 -0.5780576988881537 0.5780576988880972 0
163 -0.5026140464654002 -0.578215350307704 0
164 0.5857644884473723 0.5864277854758189 0
165 0.01880840226628964 0.02479963461469597 0
166 0.6315285656261872 -0.6218045629929405 0
167 -0.6306544624288118 0.1641211680660865 0
168 -0.2506032838784409 0.6616196201564774 0
169 0.6749036734259877 0.1482828818078512 0
170 -0.1919692299517735 -0.1691676784232806 0
171 0.2757463405508244 -0.1149415091301302 0
172 -0.7048531242596798 -0.380564626733049 0
173 0.317750937474418 0.7091626353689103 0
174 -0.006153364408585119 0.2957041649289288 0
175 0.7297280473285853 -0.3625298106669027 0
176 -0.3307580974926826 -0.3931068461850522 0
177 -0.7336574245729035 -0.72378217046313 0
178 -0.7369448385051338 -0.07720484976154313 0
179 -0.3577850389088416 0.04093501470609318 0
180 -0.2922563633525656 -0.7390396849710779 0
181 0.4825934220798477 -0.3927996147204683 0
182 -0.7522688619966271 0.3894205159671271 0
183 0.7585915387516545 0.3836245897871237 0
184 0.4304848671751755 -0.7614249261619599 0
185 -0.7529477565320635 0.7529477565319984 0
186 0.2928578216210188 0.4711412615663838 0
187 0.7557371662661355 0.7557371662661851 0
188 -0.4998588411223028 0.3578115123725656 0
189 -0.04360256862211286 0.7665699609354205 0
190 0.7706479529753796 -0.05849238216512091 0
191 -0.455197250526673 0.7695517414478399 0
192 -0.1567250175736683 0.4593575574230914 0
193 0.4472398278430736 0.02567034880750397 0
194 0.7794742675081455 -0.7794742675082276 0
195 0.5316231100758295 0.364901800849589 0
196 0.5155203593916677 0.7862392496485426 0
197 -0.1663581638696753 0.1168792073081873 0
198 0.02683585302364823 -0.1719274633507677 0
199 0.1534242319682137 0.1713085706349035 0
200 -0.4875709005712067 -0.7953670714676333 0
201 -0.3566327243651986 0.493091870433692 0
202 0.8125251326871965 -0.5406915404827148 0
203 0.4412767206635444 -0.5671798550577357 0
204 -0.5107107884794428 -0.3712557640320543 0
205 0.1479757214290864 0.8064090909542392 0
206 -0.803785057612371 -0.5516707906657616 0
207 0.3308097603646218 -0.2841404773691922 0
208 -0.8192268369087852 0.09636007592806591 0
209 -0.8087277412508014 0.5749369136647815 0
210 -0.5338626809946269 0.001961345750832115 0
211 0.806988000475464 0.5759830366421438 0
212 -0.2677165242153421 -0.5641998212953692 0
213 -0.1331724915062013 -0.8177704316689856 0
214 0.602460705640418 -0.8191525393843013 0
215 -0.8134319392049705 -0.2348405061262743 0
216 -0.4539063502889522 0.1857734754549236 0
217 0.2668508882018009 -0.8313503105404263 0
218 0.159030984269364 0.3537356403213923 0
219 0.825283888055242 -0.2247788947953068 0
220 0.2753721291054353 0.05469302967431651 0
221 0.8214447586625135 0.2394358032712772 0
222 -0.2037075840250471 0.8299675879908321 0
223 -0.1778639026875889 -0.3260359429895502 0
224 -0.6547985186645031 -0.2271300852863911 0
225 0.4153262038574668 0.5681390298431033 0
226 0.6149365491865353 -0.000982884184591444 0
227 0.5085887458753446 0.1810502982528244 0
228 -0.3412126205948521 -0.2390609370389015 0
229 -0.60957616275854 0.8357942613869748 0
230 -0.09154773675868785 0.617411195220763 0
231 -0.6466501730467084 -0.5320805870819205 0
232 -0.8402836932190128 0.2574619640417068 0
233 0.1677128233555799 -0.2289800737141488 0
234 -0.101152361566257 -0.04836597364430593 0
235 -0.8420353384550018 -0.8420353384548993 0
236 0.6100107294302934 -0.475173830992855 0
237 0.8443470085123296 0.08027535037690339 0
238 0.03171814670796433 -0.8506118457991305 0
239 0.1345024515544968 -0.07010290959224039 0
240 0.4185788946722909 -0.154764492029396 0
241 0.2149636695369328 0.6061038658025871 0
242 -0.4322649898670085 0.6216634031096918 0
243 0.3777231554818999 0.8397480858761301 0
244 -0.6304430679067994 -0.8459321823921437 0
245 0.5929961784336352 -0.3053430834329552 0
246 -0.8547088169766227 -0.3832086311182637 0
247 0.6522111206566957 0.8531290098284355 0
248 -0.03071424305995159 0.1439912517833997 0
249 -0.860123290334624 0.8535277956090898 0
250 -0.1416817211492249 0.2486932472788617 0
251 -0.01687247353821733 0.436982946588205 0
252 -0.3223178576554573 -0.1012556863267582 0
253 0.8449620374119403 0.8562167126838045 0
254 -0.6347792037093026 0.3007113800557519 0
255 0.6583531080426842 0.2883555231958245 0
256 -0.591344207865678 -0.6961672314978274 0
257 -0.3433615956052329 0.8579021048293807 0
258 0.3744503291588009 0.360370405580006 0
259 0.8483698502158281 -0.4282040939963575 0
260 -0.8731614143814419 -0.6836933180349705 0
261 -0.3587245999826408 -0.8493937734252103 0
262 -0.6238841119405393 0.452330585909947 0
263 -0.06152942529491706 -0.2721600318122133 0
264 0.6932423760422883 -0.203461994286899 0
265 -0.8505879679150433 -0.02163626357996565 0
266 0.851596732258036 -0.6702878631770403 0
267 -0.1819086902453648 -0.6718445924455156 0
268 -0.381192819510294 -0.5005157000526143 0
269 0.07140928331229703 0.6940514300826538 0
270 -0.3691320459864338 -0.6535083550660485 0
271 -0.2063271746791076 -0.4522869166326179 0
272 0.6274206038408439 0.7115107639598195 0
273 -0.6755492003566128 0.03998953869917067 0
274 -0.2969342211056095 0.1432558621691225 0
275 0.6434721178158399 0.4523815309942705 0
276 -0.6191409151075159 0.6980973479849795 0
277 0.3804224992457242 -0.4672287780177351 0
278 -0.8675081760652416 0.4491468389757042 0
279 0.8675708087034244 0.4520279688503876 0
280 -0.4834099530878498 0.4876571488556062 0
281 0.3423403512224827 -0.6688433008168132 0
282 -0.8704079255156512 0.6947322598225274 0
283 0.8657967663557045 0.6892235921919063 0
284 0.03169571436047953 0.8765712692221115 0
285 -0.6118446367106831 -0.104674219646204 0
286 0.1487234201331354 0.03880644182989336 0
287 -0.2403735605273601 0.004601866921461941 0
288 -0.3714678720885184 0.3724299869813413 0
289 0.8758266631464499 -0.8611629896776904 0
290 0.474578038377736 -0.8732592138140057 0
291 0.154122654674054 0.4733417357489091 0
292 -0.2360548726170821 -0.8771531054927976 0
293 0.1562969541279244 -0.8772310960031308 0
294 0.490846478719357 -0.2732558827251178 0
295 0.5143084877698501 -0.6700920525269667 0
296 0.7338124107684498 -0.6632537698368495 0
297 -0.4403352856565223 -0.06928180498974981 0
298 -0.7286167846429773 0.8763218015085252 0
299 0.2451163225087919 0.8805335088948718 0
300 0.2704733692304717 0.3204606676574652 0
301 -0.2612309810993134 0.3874803909975768 0
302 -0.09534929464492506 0.8824815483613387 0
303 0.4934554094654185 0.4933447283649429 0
304 0.7077979611162404 -0.8798207325885986 0
305 0.8783175058546588 -0.1152349164329124 0
306 0.4860448088054644 0.6621672009094933 0
307 -0.2475574257057919 0.5507832771492238 0
308 -0.6926690462813643 0.5408329428554901 0
309 -0.08824476384628432 -0.144535294605841 0
310 -0.4997384441720765 0.8837491470685251 0
311 0.6996639886399277 0.6076573438678302 0
312 -0.1067016274265151 0.3477481367930321 0
313 -0.7182375341773108 0.2295617392982265 0
314 -0.5414298659142099 -0.4826560404751766 0
315 0.3723245776800401 -0.8851973436764814 0
316 -0.8837336967661817 -0.1430846023275857 0
317 -0.1476953094006036 0.7131364575606421 0
318 -0.3415579418472018 0.7384025452691459 0
319 0.3637987224069066 0.1197421720413186 0
320 0.7129747725735928 0.04122161269023938 0
321 0.8847083219779222 0.3368932039842666 0
322 0.3740640424828217 -0.06957497725335803 0
323 -0.4133771284875421 -0.322980795623132 0
324 0.4630242839365945 0.2774282831648837 0
325 0.4820848817041463 -0.08337191187255992 0
326 0.6647405821642195 -0.107957251593133 0
327 -0.7387111619624129 -0.8893645138259777 0
328 0.2700473316196504 0.1652602350759202 0
329 0.2057497417415834 0.7014237499504276 0
330 -0.4610165539293111 0.07692282303681083 0
331 0.7005674929766046 -0.5472993448733644 0
332 -0.7156909953104891 -0.610940901682392 0
333 0.8930151290074755 -0.3133373258052501 0
334 0.7475941556385535 0.8914129197189709 0
335 -0.01188838636455985 -0.07507597534125632 0
336 -0.7285561222637261 0.6452569644806297 0
337 -0.5539359617290344 -0.2685249634727203 0
338 0.6517883248367972 -0.72464839718121 0
339 0.09412130371988411 0.2642902809799298 0
340 0.4763544917061994 0.8922111905796273 0
341 -0.5307918943529042 0.256119041605342 0
342 0.5094645972082184 -0.4863573877768322 0
343 -0.5170497789748656 0.6867726438451603 0
344 0.06862959482577553 0.127634790088184 0
345 -0.8870407810569844 -0.4733849499418729 0
346 0.2337421589608843 -0.3042633875330498 0
347 0.7330012047652701 0.4941024079282106 0
348 0.07546571008921732 -0.2610292119121395 0
349 -0.3964222551423067 -0.7449862521750088 0
350 -0.5351678049049707 -0.8926505004768031 0
351 0.4179080293965006 0.7418583806880572 0
352 -0.07582468116324752 0.05819612069533626 0
353 -0.3754820044717546 0.2694491655828737 0
354 -0.8938714951671256 0.1651607169852594 0
355 -0.02955413520441964 -0.7848656927404697 0
356 0.3135663732135977 -0.3865652051993443 0
357 0.3114580480221373 0.5665612690984245 0
358 -0.04993635290058784 -0.8913345951391369 0
359 -0.8948641204294731 0.3474858012065545 0
360 0.8997993847413881 -0.01747460982370663 0
361 0.3912632735975756 0.4709874579607831 0
362 -0.4911829696092876 -0.6927829044848521 0
363 -0.2440698995665394 -0.2533533799415908 0
364 0.5366176244236894 0.08301515433113607 0
365 0.2694471648858074 -0.7297327221966317 0
366 -0.3376869630937464 0.6012390668814354 0
367 0.2617250212338219 -0.2139820793675158 0
368 0.9032636778699112 -0.7670636376702509 0
369 0.2159824171331828 -0.0279908851264361 0
370 -0.6035918067773054 -0.4095665827020288 0
371 -0.7793072261854737 -0.4494021864017939 0
372 0.05887655783146378 0.3693231515269895 0
373 0.9015312898712839 -0.5122762731317547 0
374 -0.4309472917740108 -0.4203879415818228 0
375 0.8897874588630499 0.1680451062426804 0
376 -0.7384163494858049 -0.1803014084245377 0
377 -0.5558025469055795 0.09917932982558954 0
378 0.3493201961371831 -0.5791498047241965 0
379 -0.7290567033028211 -0.2810955203609833 0
380 -0.9071917137062254 -0.5834525332743149 0
381 0.1855447680413971 -0.7773175841626246 0
382 -0.1790333173923889 -0.5802024711797047 0
383 0.7805945161395205 0.1533962846039819 0
384 0.7575255355184153 -0.4644253425545372 0
385 -0.900691429180811 -0.2951806717276262 0
386 -0.4041956575204007 -0.1483977221200412 0
387 0.1372915006528097 0.8998208105979321 0
388 0.7462112899456067 0.2935839599160696 0
389 -0.9092477014764642 0.06448261827510268 0
390 -0.07693629297816923 0.5164673466050437 0
391 -0.905719047709883 0.5391159456937162 0
392 0.909298835553775 0.5410975420988429 0
393 0.5376073451240956 -0.5848005640015063 0
394 -0.7186981284582779 0.1206217212273682 0
395 -0.7620998120742379 0.01566438693021158 0
396 -0.1474264725267059 -0.2399347500687957 0
397 0.1937097869653872 0.2689503897678832 0
398 0.5245422556852573 -0.7662490459145082 0
399 -0.1968076748369456 0.3240566677564088 0
400 -0.7712046156003649 0.4848459518884027 0
401 0.5509385773574158 0.265615997274925 0
402 -0.9031197745847394 -0.7615016589795645 0
403 0.4029303289846879 -0.3478101143409872 0
404 -0.381237785188301 0.1322948672328619 0
405 0.7405951974892422 -0.280116827731281 0
406 -0.2608597443684798 0.9073006466140421 0
407 -0.1998342743820931 -0.7666150648167063 0
408 -0.6340092798959679 -0.3184930294998948 0
409 -0.1080588199256335 -0.7223066610546268 0
410 -0.1516775425951814 -0.9079568310344928 0
411 0.7784567891991928 0.6638822654669828 0
412 -0.9055550571292543 -0.9114523239968055 0
413 -0.9103587161914799 0.7755850335811878 0
414 0.00226380806800158 0.625436405287582 0
415 0.5711250891842128 -0.3923534202143626 0
416 0.9107684697513403 0.776600978607327 0
417 -0.2709055058108186 -0.6547646491305573 0
418 -0.2923734142837119 -0.477274508425369 0
419 0.6235080446213423 -0.9076231344412036 0
420 0.2547386654829873 0.7829243528710259 0
421 0.7695373471146281 -0.1523449245613842 0
422 0.5730408168631583 0.9054140663210306 0
423 -0.09348305490939963 -0.3538488793389644 0
424 -0.5882005509200037 -0.6037437965150396 0
425 -0.1976708529543243 -0.07559115439258976 0
426 -0.212143917009345 0.1926107622984818 0
427 -0.4464543853656322 -0.9108699333640964 0
428 -0.1779962571176394 0.619503741415725 0
429 0.1130465144198889 -0.1552501555565964 0
430 0.06988115068020652 0.4619978467399096 0
431 0.3456219585101542 -0.7796670815278988 0
432 0.04607525757996051 0.7813342033317986 0
433 0.9122707738481119 -0.199282334480168 0
434 0.1016034716822178 -0.7991231742043056 0
435 -0.2549631354780926 0.7556875803795061 0
436 -0.5470864706532624 0.7706702095081173 0
437 -0.5254847487382084 -0.09553246988175498 0
438 0.2424414361218634 -0.9124299916709303 0
439 0.7925196912290681 -0.9159511922809563 0
440 0.122108070724492 0.6274557195239724 0
441 -0.4241263561975349 -0.2343368023818872 0
442 -0.8126544833239088 -0.7516988506319008 0
443 0.2284778507251384 0.4068991500589786 0
444 0.3902240734257083 0.6575061170628744 0
445 0.3563111987280181 0.02387752056620393 0
446 -0.4184954806546648 0.9091990246856649 0
447 -0.2601133103340206 -0.3384422568527853 0
448 0.4291660382588676 -0.6596096437826114 0
449 0.1963071164654352 -0.1428080428095764 0
450 0.9128793638224716 0.2530965171750577 0
451 -0.2845784999196753 -0.1740959320568946 0
452 0.616714626850552 0.3715469013323039 0
453 -0.1696159526292726 0.9082461286737384 0
454 0.9133472074686817 -0.5999438349294822 0
455 -0.5744036056781086 -0.7825799557916046 0
456 -0.5779265738424901 -0.1789310070295611 0
457 0.8083162144489725 -0.3378112532308448 0
458 -0.6497054007618982 0.9130149889814488 0
459 0.4623640802010736 0.1098478270783407 0
460 -0.7950458011749317 0.186014734805282 0
461 0.6258655236854155 0.08318755219500565 0
462 -0.1254421313468177 0.8015115178600909 0
463 -0.7703278806129447 0.3067937476141142 0
464 0.212795201870632 0.115377954872106 0
465 0.4603554123549988 0.4160160041551855 0
466 0.02360283696993847 0.219321996837153 0
467 0.5978267625589058 0.1856824512772829 0
468 -0.917203906426125 0.9172039064259933 0
469 0.6545739759854892 0.5330605368684308 0
470 0.08383340269640756 -0.9197774205375396 0
471 -0.6709768955223293 0.7765719957367239 0
472 0.5716640901971769 -0.07131726094671674 0
473 0.3255413200834802 0.9231634791327735 0
474 -0.4399704189538225 0.4161895208303902 0
475 0.4021567021491517 -0.2457808193233172 0
476 0.9180217993190003 0.9180217993191275 0
477 -0.1155728086096576 0.1714266670687425 0
478 -0.6939307149657985 -0.4632424800697679 0
479 0.5012054624522954 0.573828864424342 0
480 -0.711978978317791 -0.8111994704674488 0
481 0.4285239962235136 0.1904677731080046 0
482 0.6982330207772836 -0.7961280807533454 0
483 -0.5829350297689122 0.3680325874568185 0
484 -0.7973045228954732 0.9210654537072691 0
485 -0.6503655359647793 0.6223887826435754 0
486 -0.05923300201978347 0.2361073003086593 0
487 0.6527795607622269 -0.3989578497490425 0
488 -0.9205525676702295 0.6194424572549084 0
489 -0.418409243129619 0.5396663483869655 0
490 -0.8060292288890138 -0.127063712234509 0
491 0.3408518903157905 -0.1627300067902614 0
492 -0.4606300147954744 0.286294673366589 0
493 0.6154769567682452 -0.221566412401796 0
494 -0.4964502284334543 0.5723979463331141 0
495 -0.2401428586042098 0.08673740108991905 0
496 0.5281341613639257 -0.00268258205848813 0
497 0.9203266685179545 0.6242946853152408 0
498 -0.9226856618496566 0.264705882354982 0
499 -0.1350210698233517 -0.4202481506754615 0
500 0.4890337464005564 -0.187865860195032 0
501 -0.3020692001683128 -0.9197915291062084 0
502 0.06347915234749409 -0.03508773377514163 0
503 -0.1663346090383432 0.03352657511352661 0
504 0.5976252315702716 0.7869637137042204 0
505 -0.4176213393768531 0.7012822433860454 0
506 0.7170310774148434 0.2162064697363539 0
507 -0.617683620805664 -0.02587998033523128 0
508 -0.05582233863435151 0.6862450090205693 0
509 -0.6516708293585125 -0.7580758912267213 0
510 -0.6733570087925607 0.3685544725495752 0
511 -0.5325597261087982 0.1701891585799686 0
512 -0.7807172369787829 -0.3507486346016371 0
513 -0.9232440631377057 -0.2110342749006191 0
514 0.7899415819988147 0.01853823814194784 0
515 0.1440247921419145 -0.2945500235101875 0
516 -0.8147443857915362 -0.9189044769178805 0
517 -0.7987383556839698 -0.6172308763854133 0
518 -0.466945099003741 -0.5136466643321347 0
519 0.6790660061272208 0.7819025674519958 0
520 -0.3305795491448209 -0.298941614732369 0
521 0.924748755753554 0.08823529411511645 0
522 -0.5625469235957539 0.5030443924291614 0
523 0.231275294980075 0.5180617340865089 0
524 0.6762963291468089 -0.312752345355325 0
525 -0.6650326283108184 -0.9216088794672855 0
526 0.01034813974305523 -0.301555346106187 0
527 0.2999424058801956 -0.02993911790349638 0
528 -0.5694945048002996 0.9269162291223074 0
529 0.281700070811445 0.2429019236571688 0
530 0.3229008495922546 0.394830122909415 0
531 -0.727689943832949 -0.5397818907342685 0
532 0.6024616659437794 -0.5347520120650138 0
533 -0.2984841194210222 -0.8211617365051358 0
534 -0.03086044930351536 0.9265521712186513 0
535 -0.3072369618066547 -0.02221430573446677 0
536 -0.2621042637568796 0.467575834702452 0
537 -0.8269456981739549 0.7845325619303415 0
538 0.2791988525516687 0.6348046484854325 0
539 0.7056402818540151 0.699987411873953 0
540 0.6848626294060525 0.921145126059425 0
541 -0.4368413747322137 0.002327717052476089 0
542 -0.7021125689212083 0.4504779381057502 0
543 0.5803617203091891 -0.7252455326039041 0
544 0.4086203334987613 0.9221997576523708 0
545 -0.3404977234674147 -0.5716559767843831 0
546 -0.8253541423915447 0.383292498974889 0
547 -0.1306960859976274 0.5363557287212349 0
548 0.8283815341258252 0.7851422084231108 0
549 -0.4225504925028739 -0.5810901092152433 0
550 0.515059653033019 -0.3264533719529678 0
551 0.9273384573651597 -0.3697500328444435 0
552 -0.1563788250267119 -0.5058903712096372 0
553 0.8014784552021024 0.3400551765186936 0
554 -0.4877342488343103 -0.2806145906600378 0
555 -0.6700676445842572 -0.6767061629359583 0
556 -0.3201179717322638 0.2159496619913848 0
557 -0.9246618883210098 -0.07640178617321763 0
558 0.5707126417547136 0.6590326982709421 0
559 0.3420199771288588 0.7962058332498809 0
560 -0.5300658034492641 0.4276028338390262 0
561 0.5433641002046785 -0.9305669643274002 0
562 0.002463036197577827 0.5135016834971211 0
563 -0.04962648110682115 -0.005739320756669108 0
564 0.4450792643041471 0.8154750225007318 0
565 -0.8049720135949651 0.6464881426388117 0
566 0.9235695664292334 -0.925716732444598 0
567 0.4363396477079693 -0.9266580613241889 0
568 -0.6585177674149267 -0.1430535900278619 0
569 -0.9188705724188282 -0.4208366905701085 0
570 -0.03963187342120357 -0.2188464056816133 0
571 0.8227540011236134 0.9238492493195225 0
572 0.8140158099003976 -0.6258931419345163 0
573 0.3570618022389589 0.3132106569434935 0
574 0.9255908979961037 0.4030222608552702 0
575 -0.03023221443629745 0.3692497447847792 0
576 -0.6105837329848769 0.2372189028211411 0
577 0.7877450945380952 0.4630902340939973 0
578 -0.4078582086480448 0.8431754277857029 0
579 -0.08941551207444168 0.4357872247925708 0
580 0.6892285736341659 -0.4657236186122106 0
581 0.4443315779273486 -0.4582071462675986 0
582 0.8097331285801797 -0.7084836218111137 0
583 0.3118998292522706 -0.9242922147596654 0
584 0.4292865573577745 -0.8268886182430746 0
585 0.1367195456913528 0.5491632908307731 0
586 0.004763615649768456 -0.9273078164715021 0
587 -0.1792137346395681 0.4014222090839444 0
588 0.5641932417052127 0.4357901174527158 0
589 0.12726644403535 0.7367573840426047 0
590 0.02935560484469956 -0.7701096660627507 0
591 0.3224070607006834 -0.5083083879704369 0
592 0.5761671187257804 0.5274469761051134 0
593 0.005440619663322845 0.1079789105187148 0
594 0.6705321702409082 -0.007941922379071596 0
595 -0.9365085815749865 -0.8316846074927963 0
596 -0.2892309381278406 0.8255448341770812 0
597 -0.3294536861075237 0.4220647907742409 0
598 0.1268023337061213 0.4226266410110986 0
599 0.6717512244613284 0.3469373889897765 0
600 -0.03038533631864855 0.8358680606432832 0
601 -0.3268522460622973 0.930382868396583 0
602 0.5438195890998063 -0.2368457881258753 0
603 -0.3704873175696748 -0.05163948431537258 0
604 -0.9175514159158861 0.8446160198123687 0
605 0.05896993360858013 -0.1117374861350155 0
606 0.9201940351789015 0.8457820940353112 0
607 -0.3477549789782926 0.6691102095209067 0
608 -0.2986907867228093 0.3404424576657268 0
609 0.08647507213297526 0.9313852681084326 0
610 -0.4210367197083934 -0.8104173915615942 0
611 0.7294217488068152 -0.7330712502564017 0
612 0.7352844576506389 -0.5848230597588372 0
613 0.08921066696912747 0.1946019241887523 0
614 -0.933819996267898 -0.6764705882343967 0
615 -0.2729842215985541 -0.3919458273907804 0
616 -0.6190356304038368 0.08693652534060731 0
617 0.2471429999616802 -0.3692496442076266 0
618 -0.9282600274486147 0.4109834189984053 0
619 0.9237499517648107 -0.7035717461289011 0
620 -0.1992513997012841 0.2401497983284388 0
621 0.829268722572842 -0.4833948774769056 0
622 -0.5824570494460651 0.6487342694335306 0
623 0.5605024181833406 0.7287771203175493 0
624 -0.1207617246427312 -0.6400710604663453 0
625 -0.2587949296050562 -0.0989669998790286 0
626 0.4455593183512717 0.3519729013813365 0
627 0.6211949173870585 -0.1635775904399778 0
628 0.8056321540174096 -0.8448668037187806 0
629 -0.701203783967608 0.3181632016137128 0
630 0.8423092229097205 -0.05282320779731379 0
631 -0.1484715116909303 -0.1217626945940114 0
632 -0.676782098315402 -0.027158599048796 0
633 -0.7034775093974114 0.6991715203242426 0
634 0.2065777051951346 0.9352987796070843 0
635 -0.3878448081359719 -0.9405731693404027 0
636 -0.5920854977585119 -0.9293138390935726 0
637 0.2109454936115792 0.03229374602262258 0
638 0.9274284883085443 -0.8290278012608416 0
639 -0.9307789692009993 0.002212288536138529 0
640 -0.797769051978748 -0.04383855390750871 0
641 0.01215845047591866 0.7271015393662477 0
642 -0.822834446896527 0.03412650332944022 0
643 0.7317158112673258 0.8135901773733107 0
644 -0.3003099062517378 0.08480086609163351 0
645 -0.3860569503365528 0.1944380347570008 0
646 -0.2260181675845601 -0.5122860459059045 0
647 0.4005926225693607 -0.526268225179811 0
648 -0.3706121469889637 -0.4440883617158666 0
649 0.9326260152276744 -0.4582965463162806 0
650 -0.09285470214685214 0.2846056803536842 0
651 -0.7753972525914882 0.8445203289046398 0
652 -0.6246617944630828 0.5095506984967529 0
653 -0.7777019551115194 -0.8158660165418334 0
654 0.9313077432016386 -0.07240814548411752 0
655 0.1193450306661919 -0.01473883861893906 0
656 -0.03227236747203433 0.5715009043863742 0
657 0.9311971493430603 0.479775537263322 0
658 0.7955665911276354 -0.4049627916046489 0
659 0.6957083187502132 0.4413294447096946 0
660 -0.3448124096537084 -0.7028106831045674 0
661 0.6566146328119604 0.2229450115230868 0
662 -0.8331197028467455 -0.3065890324238714 0
663 -0.6095518066188973 -0.4748586965003363 0
664 0.9424440611870262 -0.2599164438645186 0
665 0.07859369032997778 0.06202842813018431 0
666 -0.5335169015903402 -0.6484851367144719 0
667 0.7558682983632332 0.07926395581631507 0
668 0.287023678415937 -0.6371066949707265 0
669 -0.4931714014236767 -0.434305358229124 0
670 0.5536895173543066 0.8362111042860191 0
671 -0.2109264551837024 -0.9359333574918116 0
672 0.1087483193583914 0.8463835051504291 0
673 0.8430699714323596 -0.9471818970199625 0
674 -0.9307217297564727 0.4780438927729994 0
675 0.6319376407889599 0.6297928945182333 0
676 -0.1809346969589227 -0.3977187859975232 0
677 -0.198190253847347 -0.8287304884137331 0
678 0.0192445470689299 -0.2287673005780247 0
679 -0.9227450303411814 0.7138975429145931 0
680 -0.5524181398651311 -0.5507977631046561 0
681 0.4607513793132296 -0.32865140302023 0
682 -0.8324328982806197 0.5067558469172757 0
683 0.9224415146782544 0.7139808026513249 0
684 0.6765770868614827 -0.6592372674715131 0
685 0.1324097373215557 0.12204922636424 0
686 -0.06334753160186507 -0.09429502645849105 0
687 0.8301850205747946 0.5029781878997952 0
688 0.8626696819796226 0.6259670945920953 0
689 -0.434642921741869 -0.6445090912330533 0
690 -0.1186296740320387 -0.2980074217956273 0
691 0.743096921529431 0.5645098332220793 0
692 0.3034203068984939 -0.4507933989303078 0
693 0.5368679787954886 -0.8300884591065575 0
694 -0.2354646450640614 -0.7084299615774952 0
695 -0.5723130771058398 -0.325675659922858 0
696 -0.6519525740586688 -0.595977992103861 0
697 0.4247927369683173 -0.1017301602613155 0
698 -0.808127608666586 0.7112316199188106 0
699 -0.4353170993810345 0.3466968885770709 0
700 -0.02437847435838877 -0.8404824452881339 0
701 -0.1891551089805058 0.7651019420235691 0
702 -0.7838126536185034 -0.6894161088259168 0
703 0.2245995797995624 0.2152694632775698 0
704 0.3075134803246166 0.1141857049521157 0
705 0.3246119484951145 0.8406293665758902 0
706 0.3778936533556906 -0.7266341858198614 0
707 0.4329658275998057 -0.03925168505089827 0
708 -0.02724984348555091 -0.1357905625995163 0
709 0.6811162967963301 -0.9385929508886911 0
710 -0.5944565471308836 0.03685464260417583 0
711 0.440990748675715 0.5169179209022855 0
712 0.3384967377510092 0.172173731382207 0
713 -0.7450743316843451 0.5799648055275313 0
714 0.2087089363040489 0.8277356952280116 0
715 0.8067475797133952 0.7256982364949395 0
716 -0.03760207193046865 -0.333348346009889 0
717 0.1421298259513347 -0.9386533998914186 0
718 0.3396228029748979 0.5086261293658473 0
719 0.528425093276895 -0.432744091529306 0
720 0.7570660194081256 -0.2170554060513655 0
721 -0.5025747611045558 0.8184845892674195 0
722 -0.415049298112925 0.475722856166609 0
723 -0.7429256068143455 0.9382034672660302 0
724 0.2069721902353543 -0.8404866966295936 0
725 0.4872106882650845 0.7234331541942055 0
726 -0.2183368445336841 -0.6212537281964179 0
727 -0.9347306887434101 -0.3509080908104592 0
728 0.5741157616039922 0.3228480675586733 0
729 0.9386971927582606 -0.1397247675306185 0
730 -0.3539235276083904 -0.7928975655600012 0
731 -0.3097155111048138 0.5402706969465063 0
732 0.5599445142388775 0.1371734208502521 0
733 -0.2163049285045332 0.4945062846881144 0
734 0.09565477371826127 -0.8578834186839951 0
735 0.8329852335478325 -0.1608977595892057 0
736 -0.5398655600384574 -0.7310363220693317 0
737 -0.7268986600341968 0.8060404345918272 0
738 0.7915889196376311 0.8399195397018564 0
739 -0.9345893928333207 -0.5309163267522168 0
740 -0.4891430538943424 0.1404231122956361 0
741 0.7134794673485874 -0.1353016969613947 0
742 -0.692603204597573 0.179250021984838 0
743 0.6836922730996648 -0.6003714782524404 0
744 0.8380403277660575 0.14004111443854 0
745 0.4876538330352275 -0.6130368562502182 0
746 0.8452079942295925 0.3904116964331166 0
747 -0.4551778967038411 -0.1273477173238943 0
748 -0.4723955662282385 -0.02653368697303495 0
749 0.4663292246502881 -0.7066721842039142 0
750 -0.4785890719430564 -0.8584891131861271 0
751 -0.5484516231530081 0.3193517934504719 0
752 0.5681239762750975 -0.6349180271561715 0
753 -0.2788448911143565 0.5991111522023906 0
754 0.2115008275642355 0.322270665866643 0
755 -0.08095137430791242 0.1194838569497365 0
756 -0.3955827144996336 -0.3805119611794378 0
757 -0.9342753529909602 0.117683650059273 0
758 -0.6723051188148501 0.846633351128087 0
759 -0.8333061805796422 0.3200899913864766 0
760 0.3452152075454311 -0.2240983641610374 0
761 0.3287372294338047 -0.8389622131158057 0
762 -0.08326857796135592 0.941844400635462 0
763 0.4056201739126227 -0.4109154411533411 0
764 -0.8405522981764892 -0.441577759968761 0
765 -0.8616077525857613 0.6139069587858882 0
766 -0.9463919195505613 0.2125598049991949 0
767 0.05179220924745218 0.309302362579062 0
768 0.3805220420835334 -0.627258558623525 0
769 0.193856877257738 -0.0822691222066622 0
770 -0.6101785251083458 0.7592686105817179 0
771 0.4507326256947622 -0.5131405441219226 0
772 -0.1300449193438945 -0.1845284444182059 0
773 0.2179599547603919 -0.7287874877903462 0
774 -0.2539928196509448 -0.05102284875288006 0
775 -0.4969978073985365 -0.9439385109381538 0
776 -0.6727240011283998 -0.09093923720991251 0
777 0.948688020397126 0.03434805611041734 0
778 0.3345576329225431 -0.1094727315193609 0
779 -0.8346878557661705 -0.1795145132819233 0
780 0.340394494999104 0.6208191129430942 0
781 0.1748712254149134 0.6527005235238258 0
782 -0.2645039598320175 0.2314550633122043 0
783 0.2160413320770825 0.4612603451297444 0
784 -0.8569517033137147 -0.08789484510215691 0
785 0.4372010756302795 0.6269159755996662 0
786 -0.6746978500070077 0.2624497058148598 0
787 -0.8518197513662333 0.9426352444931021 0
788 0.07790161873057744 -0.1997749563099715 0
789 -0.3945151037522257 0.7789567345187673 0
790 0.06060571571472165 0.6146254611142627 0
791 0.8297348973370636 -0.7619319814128532 0
792 -0.1351467019584357 0.6527504987907737 0
793 0.4074970964333388 0.3055388240595632 0
794 0.5153465972742637 0.9394205546226606 0
795 -0.1421716805275087 -0.7635012560056289 0
796 0.4795269064507237 -0.804107931659646 0
797 0.5125954957018466 -0.1436782040312396 0
798 0.6495824286210423 -0.8573447877168281 0
799 0.624539981711564 0.9503156299083904 0
800 0.2909284847033894 -0.325758133694848 0
801 0.9439096076544793 0.3130147359745187 0
802 -0.2089341989505255 0.7067997744275466 0
803 -0.342109548264666 -0.1518639699508838 0
804 -0.5267523922241342 0.6231840919380213 0
805 -0.4456267308675781 -0.3705634219695565 0
806 -0.4689606158315613 0.9355904480354734 0
807 0.6632224739934679 -0.2505886122025127 0
808 0.5078842049717961 0.3139872765263085 0
809 -0.1483994531257165 0.8554568658330749 0
810 -0.5402946242130708 -0.8299068903494096 0
811 0.1866371398648781 -0.3374024299740497 0
812 0.842018737318241 -0.2895416872456629 0
813 -0.09636673146116949 -0.9400681460611396 0
814 0.2221243309274131 -0.2464880431070283 0
815 -0.9442111249643321 -0.1517354197365411 0
816 0.8685656523634572 -0.5623507633529361 0
817 -0.5153216662644972 0.05553087467849373 0
818 0.6529723253420608 0.03787256349405339 0
819 -0.505983127623628 -0.2361297292756859 0
820 0.7487059066035451 -0.8244283038875443 0
821 -0.4565102360770588 -0.746287248695599 0
822 -0.7125671638311144 -0.2301344638287619 0
823 -0.5741302194732079 -0.05600684440566416 0
824 0.5658695841836918 -0.5035793277260033 0
825 0.3818888738980899 -0.944736668131536 0
826 -0.7195175436905062 0.05705553181530527 0
827 0.1498417436021572 0.2349422364632489 0
828 0.2750373955577737 0.9410015390828501 0
829 -0.5548247527913246 0.8547458725323163 0
830 0.7086021249984652 0.102809336709868 0
831 0.8089220551009807 -0.1062198885002526 0
832 0.7548180981051584 -0.5258837087723832 0
833 0.5052863878868188 0.240210091420321 0
834 -0.865401197916212 -0.5382866098201529 0
835 -0.09556903589849948 -0.2333357100167326 0
836 -0.3308692077217718 0.7993253282905103 0
837 0.1439848921907683 0.2952327899304545 0
838 0.1952332391112796 0.7542763944993391 0
839 0.9415328987363921 0.208422105904552 0
840 -0.3354824874459861 0.2966983331293646 0
841 0.8430140316401491 0.2923994920850773 0
842 0.7433601646491423 -0.9393692212458742 0
843 0.3933666657173123 0.0619135129431489 0
844 0.7271188070521519 0.9560352075939448 0
845 -0.2929970072567312 0.7064273370814951 0
846 -0.2470407581180787 -0.7996918918716927 0
847 -0.1924762160577664 -0.271380616896169 0
848 -0.2956982797538584 0.02711843572793298 0
849 -0.4038784089311735 0.08442333730886821 0
850 0.2737371732480202 -0.2686683151830896 0
851 -0.5678998504238191 0.7165828278495523 0
852 0.856653737625561 -0.8128759706143995 0
853 0.2412948494384412 -0.7797587534554058 0
854 -0.09012971787556959 0.7314332044886692 0
855 -0.3196906950442699 -0.623934583534316 0
856 0.7339765169150021 -0.01480876540840955 0
857 -0.7806456009679614 0.2429029736453166 0
858 -0.8758193678021239 0.1116983401643957 0
859 0.6103818132626257 -0.7639108648580862 0
860 0.3638508103602178 0.4201404246749603 0
861 -0.5480393111911397 -0.4208851596137684 0
862 -0.7356857513233581 -0.9487437781051899 0
863 -0.8071891185270081 0.442177352215318 0
864 -0.9459266588411621 0.3144623593384396 0
865 -0.1650185678457798 -0.02455066263963867 0
866 0.6223168650666426 -0.05266176637027617 0
867 -0.3862397249865895 -0.2740322919273136 0
868 0.9525595295119325 -0.3180125252094759 0
869 0.2564334425983106 0.721827405990954 0
870 0.9425608542490211 -0.5570552853235607 0
871 0.4901800519614323 -0.9426990651511296 0
872 0.6244198595425208 -0.3525269212004615 0
873 -0.4623878443687128 0.6615374635457633 0
874 0.5803891332261345 -0.880367042717032 0
875 0.02408035739083108 0.1626567826805023 0
876 0.1729772451690348 -0.003991522122123946 0
877 -0.6894753193499034 -0.3259698509036664 0
878 0.4377796741623408 0.6876864513475646 0
879 -0.6151377798206799 -0.270171504314025 0
880 0.4148420630691179 0.2458856919353204 0
881 -0.9482565917028457 -0.6197923006358186 0
882 -0.2927747817910169 -0.2615351642191981 0
883 -0.3718367439646091 -0.1119960050129294 0
884 -0.333530521478595 -0.5159674951287007 0
885 0.8600929776755952 -0.3638730229871566 0
886 0.9469937224020186 -0.651147273725871 0
887 0.8400886206059552 0.01573951203186156 0
888 -0.4795685702165079 0.2416674976758957 0
889 0.1285888833290329 -0.75655944478735 0
890 -0.4004016033181803 -0.6897699146414358 0
891 -0.05005694429246549 -0.7241639044729415 0
892 0.3225633259692134 -0.7224610499716868 0
893 -0.8520392592015857 -0.5950856549277825 0
894 0.3455980544989891 -0.3402626307734668 0
895 0.1044265600972966 0.3278420765312894 0
896 0.2445176398790018 -0.1590430076191018 0
897 0.879905097836474 -0.2473243804500935 0
898 0.05601740568724069 -0.3156309450094922 0
899 0.3847327968737113 -0.2973769295758865 0
900 -0.6630742069281195 -0.4297040923042893 0
901 0.7221293875294671 -0.08004549978988004 0
902 -0.9469701094256446 -0.2594608004620604 0
903 -0.3693442642791199 0.5446362449110059 0
904 -0.9488808713254282 -0.7332230045118016 0
905 -0.3776680013503216 0.4325960241839683 0
906 0.6106214412190236 -0.6740874923054179 0
907 -0.7172548307838871 -0.669956328454707 0
908 -0.8866416158553967 0.2306946093669082 0
909 0.4570192627143673 0.9488094318874134 0
910 -0.1418608696341052 0.3164821488514817 0
911 0.4926816522219635 -0.553071179815073 0
912 -0.1090942707187831 -0.8728523626811188 0
913 0.6599718665359404 -0.5037129118773341 0
914 -0.2144543647174372 0.1339616473595676 0
915 -0.686778567021769 -0.8657567711650815 0
916 -0.8652509211106649 -0.9474325471447581 0
917 0.1457088786967261 -0.8208191671401175 0
918 -0.2502550658283729 0.3329490094631264 0
919 -0.5031212671014484 0.7399771615586974 0
920 0.5291959911356889 0.6225500280364736 0
921 -0.209311464762811 0.9437734627310185 0
922 0.1714513039240735 0.4088855927376176 0
923 0.03829285217212843 0.4229942859245015 0
924 -0.8204171462033816 -0.4939905389702429 0
925 -0.2027960153679541 -0.2194901726087884 0
926 -0.7532412342613168 0.6927550718190285 0
927 0.7041336089769821 0.2636447029357106 0
928 0.02849471488229488 0.9411975293460062 0
929 0.1244156162866736 0.6777576689887852 0
930 -0.7611944157552022 -0.5866859851193299 0
931 0.1943113688724044 0.8794280515075658 0
932 -0.4380367004442428 -0.4752625987862292 0
933 -0.6329198757256702 0.568663120934963 0
934 0.9460630663696598 0.1402822406078277 0
935 -0.8761602937145833 -0.2395529084482664 0
936 0.3800874172047559 0.7031918166299761 0
937 0.7790285262280925 0.2066555401082051 0
938 -0.7553275500937705 -0.3912863872968203 0
939 0.3974891918513557 0.7887513963308583 0
940 0.6974805442568375 0.8670307483716917 0
941 -0.09020253491699071 -0.7737516518837493 0
942 -0.419441465267653 0.241239123096252 0
943 -0.7818546165712899 0.1353496327688161 0
944 0.008358052672554654 -0.02455043168956116 0
945 -0.6740727119856749 -0.2752165084228738 0
946 -0.1142030089344134 0.0141907231915096 0
947 0.1994397919045154 -0.9499955863341792 0
948 -0.5372981884945841 -0.1496668939794626 0
949 -0.3383002842143751 0.1750312081433434 0
950 -0.1327501826766373 0.07991773749914362 0
951 0.4957247598274488 0.8431052815412592 0
952 -0.9475907755537811 -0.4630874051394128 0
953 0.7199253863659452 -0.4188567800702663 0
954 -0.04007259962582395 -0.9517421115343556 0
955 0.09712454973183716 0.7840207167184872 0
956 0.2867797230211374 -0.8765622929836449 0
957 0.8720497377071502 0.9512488764279792 0
958 0.4280010978327249 0.8673112013211651 0
959 0.2500327270076395 -0.6816646059413652 0
960 -0.4345899241143633 0.123722934282887 0
961 -0.3801503688559862 0.3176370215236819 0
962 0.4503534743741581 -0.2301149815577139 0
963 -0.9466169019650975 0.5740277789301268 0
964 -0.2655196076368211 -0.9530914192779608 0
965 -0.7912740397178737 -0.8716497212282466 0
966 -0.7088217527216056 -0.1367962594453662 0
967 -0.5764837908007261 0.1519089804213019 0
968 0.3646578180313108 0.5654121045355609 0
969 0.8625156846215539 -0.614904776779995 0
970 0.2543268945675646 0.5663945490370375 0
971 -0.6503865070903205 -0.3708204266797655 0
972 0.1188281857405849 -0.2329838991320697 0
973 -0.6272113078457484 -0.65316535303977 0
974 -0.7610183032809716 -0.229745696170148 0
975 0.6759179003830693 0.4937470068391089 0
976 0.5989298078435985 -0.110383468328006 0
977 -0.02374461898653461 0.05181248535522901 0
978 0.2803110233229278 0.5191670350115448 0
979 0.947391358336753 0.5755393583954856 0
980 0.3508874869959727 -0.427274222587397 0
981 0.6013753076998383 0.2600924322902853 0
982 -0.7757240424874171 -0.2894275973488641 0
983 -0.3830313773695527 0.9502129623636242 0
984 -0.2257422473042613 0.4297921724568364 0
985 0.1502410606233057 -0.1193457468220099 0
986 0.778914290704936 0.5238781390946767 0
987 0.4846743419630098 0.07506763366729263 0
988 0.1023550672130733 0.5018563879099436 0
989 -0.5868073305532965 -0.8763137961276692 0
990 0.8654180139732437 0.7469633949969757 0
991 0.5767597352846139 0.03794803324217957 0
992 0.5033598028890519 0.124128018751338 0
993 -0.8575114852852136 0.7488891931517732 0
994 -0.1647021061438791 0.1608566952469705 0
995 0.8754137725443158 0.2160043535668139 0
996 0.3047607283637679 -0.5637416744258094 0
997 0.7643208372675275 0.6137403259979359 0
998 -0.3805526870887742 -0.2043245008112663 0
999 -0.4388326719105242 -0.1861012563582234 0
1000 0.2623360740499295 -0.002531643036011023 0
1001 -0.9522927754160784 -0.7896442635006146 0
1002 0.9528398658639142 -0.7837251993010785 0
1003 -0.3027863625090156 0.6456704081872592 0
1004 -0.3791916922811051 0.6238655395484821 0
1005 0.2923791197137983 -0.7758741605282083 0
1006 0.2547687028052756 -0.06347139836998034 0
1007 -0.6139028689969841 0.9529264356781905 0
1008 0.6196515517472569 0.1329254942414705 0
1009 0.3921341296443978 -0.7894568213606428 0
1010 -0.946851881021112 -0.9468518810210796 0
1011 -0.8630605495914937 -0.734789494756295 0
1012 0.6572085760639568 0.4033758263191354 0
1013 -0.5201540861456637 0.943465689789003 0
1014 0.3341901784223767 0.06585771815349642 0
1015 -0.6932288757723731 0.5936648748792176 0
1016 -0.8339204572021208 0.150509484240204 0
1017 0.2331261058703784 0.6649672416206068 0
1018 -0.8531806854288829 -0.7889411873159091 0
1019 -0.7743894375760345 -0.5004982468348368 0
1020 -0.8782572062400141 0.3975281717861623 0
1021 -0.1863051531768659 0.5568438206844202 0
1022 -0.9571794454928488 0.7915849194652351 0
1023 -0.1418974889684249 -0.3644562203629401 0
1024 -0.7438353568575586 0.5288056070658225 0
1025 0.2674645083345974 -0.9581201187456008 0
1026 -0.08249840518225361 0.8279202569722444 0
1027 -0.4101587789247543 -0.8747674957193792 0
1028 -0.8926417020243542 -0.6330761619744641 0
1029 -0.1709769001819368 -0.7212506063365672 0
1030 -0.1371739288660674 -0.5652725441985302 0
1031 0.01364861939372796 0.3439366004326785 0
1032 0.3878822452569717 0.1641392975084882 0
1033 0.9561507230035406 0.7941176470582526 0
1034 0.9553436318695958 -0.5055256209548743 0
1035 0.5208889215117039 0.4172444947424848 0
1036 0.2096353224170066 -0.1952331877663 0
1037 -0.5839753971807768 0.279891781898248 0
1038 -0.2133108771342148 0.8820295764066665 0
1039 -0.2130619998566771 0.04549615781266022 0
1040 0.1984858357770836 0.5564779674246565 0
1041 -0.8572572565502758 -0.8913952072672272 0
1042 0.06395320525514962 0.01390916153165079 0
1043 0.7598014124885848 -0.3236720966367808 0
1044 0.2688675933166058 -0.4171851283896811 0
1045 -0.1303898014585396 0.4027380005373625 0
1046 0.9551304092723792 -0.02293220304688984 0
1047 -0.5938849137739717 -0.5225829093180381 0
1048 -0.004282458995093101 -0.7354215348280431 0
1049 -0.08339598530335365 0.561085720916644 0
1050 -0.6819609373800311 0.9523096385716781 0
1051 -0.1397300716480162 0.9525998381357971 0
1052 0.3794101036584773 -0.1332866960025868 0
1053 -0.07620474782044094 -0.8300019038463923 0
1054 0.8699686663375182 -0.7230636288970052 0
1055 -0.6189722790920897 -0.79578208284276 0
1056 -0.7447757622705165 0.1850824939086557 0
1057 0.5539933826028667 0.2116374485609818 0
1058 0.160094808377736 -0.1725270612565738 0
1059 0.4616010832626824 -0.1415533392588433 0
1060 0.2058780176574629 0.1573965751067788 0
1061 -0.4752665807607059 0.02609697775928357 0
1062 0.5265459954360489 0.5305626685030592 0
1063 -0.9520201654422173 0.6622670370897694 0
1064 0.8913441745531632 0.05080363840719591 0
1065 -0.6805306162970031 0.087956000219182 0
1066 0.5498327640563649 -0.28969821781839 0
1067 0.9525523608714996 0.6625990657703033 0
1068 0.2461192014846391 0.2792412311308085 0
1069 0.7268342806926852 0.163039082981973 0
1070 0.7987532602106833 0.4023383841601455 0
1071 0.1354495365274426 0.9561398388222246 0
1072 0.4327035455696502 -0.2871396520081412 0
1073 0.3327933992445808 -0.6152200067122141 0
1074 -0.2959732843222982 -0.8737883601162693 0
1075 0.8814104570691401 0.1159458046494324 0
1076 0.8640141717955635 0.5604865716305454 0
1077 -0.8840981484238575 0.2952712271044808 0
1078 -0.1898687588888657 -0.8807993178037197 0
1079 0.6560135235002067 -0.7933389769159739 0
1080 0.0176442329813286 0.5814397141139914 0
1081 0.7947536304251785 0.2769689935879266 0
1082 0.3917533563986138 -0.003840248268993445 0
1083 -0.5483796337775995 -0.9531805701017059 0
1084 -0.8069716886303336 -0.3980031492199245 0
1085 -0.2044779699517343 0.6560633679136028 0
1086 -0.1678759668533138 -0.6203931088532364 0
1087 -0.05363027210090505 0.4853573466142452 0
1088 -0.1084050422066927 0.4818006711411703 0
1089 -0.9581774387361222 0.04372569058152841 0
1090 -0.4544914367270148 0.8706135114513887 0
1091 0.8760936285767829 -0.4689137110007388 0
1092 -0.5122691965743764 0.5217170730228696 0
1093 -0.7614919941003629 -0.7647569486677399 0
1094 -0.6164482666303476 -0.1552924051320558 0
1095 -0.287775978078942 -0.2186591786898281 0
1096 -0.0009087455976146204 0.789444033621006 0
1097 -0.7364292331114514 -0.02459982741238115 0
1098 -0.770705230766604 0.07652964199986786 0
1099 -0.667980811404123 0.6701056144199388 0
1100 -0.1490590910964098 -0.0730901871756218 0
1101 -0.6014279213500378 0.8890309418928939 0
1102 0.6686897387623825 0.6715060557054949 0
1103 0.9463472878062215 -0.891245664099323 0
1104 -0.22296026024985 -0.3088116366879229 0
1105 0.6111536802671136 -0.4202187818316521 0
1106 0.190848249050134 -0.2823367915676928 0
1107 0.7351161081262394 0.3432566939044817 0
1108 0.2587449324896378 0.1008721868867727 0
1109 0.5897062330025188 -0.9497114108262317 0
1110 -0.8774391677564941 -0.3442708638054435 0
1111 0.5878433589839427 -0.5824771712167714 0
1112 -0.783978328301056 0.3550146799697854 0
1113 0.4818011845478699 -0.01446418917124207 0
1114 -0.2652870439790778 0.9562913955483288 0
1115 -0.3391909457687913 -0.7507592047995962 0
1116 -0.04782807512779195 0.640178185188028 0
1117 -0.09654256904745831 -0.3985741021590233 0
1118 0.3650141220070023 0.9511901254413683 0
1119 -0.04965366649666063 0.3273841613067351 0
1120 -0.5614071266680249 0.2118342477615248 0
1121 0.3982090278357144 -0.190702443204595 0
1122 0.6470888257527895 -0.5641490257553956 0
1123 -0.749904960050871 0.4377106330971546 0
1124 0.5312822049983811 -0.7181045292300224 0
1125 -0.5190393709334741 -0.3174195775666158 0
1126 0.3937427100451528 -0.5755888669495807 0
1127 -0.2200495365073398 -0.5635795670725112 0
1128 -0.1252439925438729 -0.4690998709001335 0
1129 0.5240427834803907 0.8829299393385616 0
1130 0.9539080831742144 0.5226199863015979 0
1131 0.7911731733721561 -0.2708410239647152 0
1132 -0.1506176752607223 -0.9567916669174888 0
1133 0.1526912645583965 0.8559707519365919 0
1134 0.5623617554793982 0.9573191574081205 0
1135 0.4430011570506071 0.4621254573351695 0
1136 -0.8795766771462852 0.01842912562508193 0
1137 -0.6540106170092792 0.2101612981748716 0
1138 -0.2953851580565017 0.8736235854731305 0
1139 0.6094300217178822 0.8480938450962064 0
1140 0.7289404664115231 0.6580026898443156 0
1141 -0.1341813200521017 0.5906584509582601 0
1142 0.03034953210929143 0.6699434261925188 0
1143 0.563289010931423 -0.340520988727113 0
1144 -0.9503106444209336 -0.881340785534893 0
1145 -0.02112888114688696 0.1999546095262195 0
1146 0.7060844792159866 -0.2527950371254767 0
1147 -0.95381016134385 0.3675274923799539 0
1148 -0.8625590988885021 0.5552922636379816 0
1149 -0.2936765693375532 -0.6940353494242191 0
1150 -0.6713764591782199 0.4776186885171699 0
1151 -0.866710629565564 0.8053303767765293 0
1152 0.956979507071089 0.4358598970655971 0
1153 -0.4871932157909241 0.404726151054891 0
1154 -0.6687467427624381 0.129891257837857 0
1155 0.06078080906932136 0.8335300661907163 0
1156 0.7505990115707439 0.7077171262095754 0
1157 -0.5473387024352342 -0.212845652771642 0
1158 0.6842397451182232 -0.3616906491934821 0
1159 -0.4411764705897865 -0.9603112041628482 0
1160 0.8853264878326905 0.4964381129380907 0
1161 0.1603731644908214 0.5931895853542788 0
1162 0.03558098941514643 0.2615222440377813 0
1163 0.4822676531207213 -0.7534825291397977 0
1164 -0.9508303917331782 0.5248247552771177 0
1165 -0.003958312531499386 -0.8803580077724206 0
1166 -0.8377046255884691 0.208473404789405 0
1167 0.09965874772938471 -0.3207983516010226 0
1168 -0.8803458288584087 0.4989352359099005 0
1169 -0.5787527348305623 0.4166857177083702 0
1170 0.5254283802828048 -0.3729177228030769 0
1171 0.02896806946448165 0.4693702004814035 0
1172 0.05333343157477723 0.5010144378620851 0
1173 0.4641289171893388 0.1602528211517035 0
1174 0.3114040310013499 0.01619568843014856 0
1175 -0.951998185482986 0.9519981854830467 0
1176 0.9606308504757353 0.2647058823509005 0
1177 0.8705189840614709 0.8103592611034981 0
1178 -0.3050197073379096 -0.3421044326092491 0
1179 -0.2153542328726786 0.370010609296944 0
1180 0.7642816777142613 -0.8804708877383989 0
1181 0.5709228947385958 -0.7809292883734715 0
1182 0.9586824055586798 -0.2021376503524133 0
1183 0.2604478354589683 0.3676970813136085 0
1184 -0.1048451822485515 0.2188418069793934 0
1185 0.6522592839832615 0.5806167790437742 0
1186 -0.2554202242743427 -0.455309040519159 0
1187 -0.2223112112844578 -0.362853636944963 0
1188 0.2733294236826316 0.430205537333054 0
1189 0.07576315640520301 -0.7552590262557459 0
1190 -0.08180359086784494 -0.6810879643201707 0
1191 0.6720038388465276 0.7298698036000759 0
1192 0.571598180810766 0.3903601290465308 0
1193 0.00933905923383542 -0.8122956974603228 0
1194 -0.2414556660617924 -0.197252208388906 0
1195 -0.3104887320351834 -0.43962266045708 0
1196 -0.3553519950851448 0.09095470197470555 0
1197 -0.6274507692450558 0.3494589272373689 0
1198 0.8248405364107138 0.666283011270775 0
1199 0.4110596827586455 0.4105930013937176 0
1200 -0.7140755775096421 0.01219020619670208 0
1201 0.9525331945367159 0.9525331945366522 0
1202 0.4455115786415804 -0.3754356707448325 0
1203 -0.2729817167550988 -0.5156642475493931 0
1204 0.4200883889154545 -0.8823817266735087 0
1205 -0.161277395607936 0.2069943680643046 0
1206 0.3872847485580604 0.6086168115081161 0
1207 0.3150948760375906 0.3401494095799873 0
1208 0.1038603187015051 -0.1111782795476323 0
1209 -0.06874091523212392 0.1816342487693584 0
1210 -0.6032246554784173 -0.7434690230264737 0
1211 -0.4900427452620527 -0.6337340518212066 0
1212 -0.7858054234414755 -0.1809980805600982 0
1213 0.3050389849533108 0.7581276621254793 0
1214 0.3138365850218096 0.2855754559180837 0
1215 0.7464465087297765 0.4292980258980824 0
1216 -0.5011271103747637 0.2967607755067779 0
1217 -0.135288492638703 -0.6860844915167366 0
1218 0.3321683736963453 0.4521189611660583 0
1219 0.5278415221398077 -0.05209132178722588 0
1220 -0.4624763975211624 0.5290741798375774 0
1221 -0.3720215801801982 0.8988269725515232 0
1222 -0.684782829718576 -0.5610517220260034 0
1223 -0.4734251841364121 0.6112133222373782 0
1224 0.4181709034218244 -0.4902249726075434 0
1225 -0.7841816317605704 0.7944503631939003 0
1226 0.04945342308077322 -0.9530690336072987 0
1227 0.866292705457498 -0.197720925394979 0
1228 0.5667111090659379 -0.4569897215642557 0
1229 0.5736088205397837 -0.02363129701751979 0
1230 -0.5901841814886729 -0.8261029815007174 0
1231 -0.04146988178322869 0.0954489502830079 0
1232 -0.3920951200797363 0.0003677693361057362 0
1233 -0.1776744060469951 0.2829274963329177 0
1234 0.2321147195807433 -0.1121142356858419 0
1235 -0.7822810177777086 -0.9564095609946147 0
1236 -0.01293061735435728 0.2483877263705827 0
1237 0.05676876622921347 -0.8093770781064802 0
1238 -0.4476751939474634 0.5762885538487121 0
1239 0.7824189267155611 0.9522403456725199 0
1240 0.7936314879347974 -0.9609100133980686 0
1241 0.6620367188849956 0.1062549433271504 0
1242 -0.6054409431976709 -0.3598949223931972 0
1243 -0.2082048550801807 -0.1214591438243845 0
1244 0.3903721694273932 0.526016528521516 0
1245 -0.07781105654170603 -0.3143411697391735 0
1246 0.4187553004164604 -0.7045990519690604 0
1247 -0.6970593739250768 -0.7645539900762215 0
1248 0.6930855458810747 0.5456156512949055 0
1249 0.7817686303345187 0.795862634714269 0
1250 -0.6589246068796309 -0.4838483620377982 0
1251 -0.9549509191364034 -0.04303119422146068 0
1252 0.01436514840689492 -0.1111101573842719 0
1253 0.7949885866610518 0.1057757297704753 0
1254 -0.2455201871812436 -0.753467456854958 0
1255 -0.7306063075425736 0.2811095551111145 0
1256 -0.8809769564400349 -0.1902505602154905 0
1257 0.804529839846693 -0.02552344297506368 0
1258 -0.2635355207176169 -0.6079144149724562 0
1259 -0.4856368281109322 -0.08213085271402773 0
1260 -0.737000369310212 -0.3335461944102711 0
1261 0.8307182267005915 0.1872630337052497 0
1262 -0.4388866924110461 -0.2759796571560291 0
1263 -0.1617213234780587 0.3604096287198622 0
1264 -0.2964841077601088 0.7665360032532289 0
1265 -0.09703666015254005 0.6773864097580546 0
1266 0.0709092050006562 0.7424846769733002 0
1267 0.7621556446867885 -0.1047968497210346 0
1268 0.6398829527081694 0.8977630935660071 0
1269 0.06826450778657267 -0.1549215027693911 0
1270 0.3349545343632966 0.6684354000598327 0
1271 0.2694211246474901 0.8341185945784966 0
1272 -0.4623677380848887 0.7169941127461864 0
1273 -0.3974287244330102 0.5845598594477155 0
1274 -0.9529110798896961 0.8862585090205737 0
1275 0.5856447759427146 -0.2574024882779089 0
1276 0.3802713886605936 -0.83541971954681 0
1277 -0.2536643450580547 0.1727921734869061 0
1278 -0.9044085212302001 -0.7179356129034056 0
1279 0.625019339785594 0.5040193047480381 0
1280 0.1085612661879869 0.5885560255010669 0
1281 0.7588956093020001 0.2487757191670202 0
1282 0.2996979747797279 0.2005054481386528 0
1283 0.6327721218896827 0.7573230923115943 0
1284 0.796218122031457 -0.1887692462493155 0
1285 0.6422630333060138 0.8086702347977317 0
1286 -0.5412279957088499 -0.606237964739484 0
1287 -0.5693906539526112 -0.1167249012479443 0
1288 -0.7878715753356649 0.5294652699413616 0
1289 -0.6842262142569669 -0.7185107476108769 0
1290 -0.6015354706928869 -0.2141029003493976 0
1291 0.3609627014114424 0.8897915370927396 0
1292 0.9532256002505766 0.8868909413559897 0
1293 0.293237496563331 -0.1755466253453021 0
1294 0.4622947016000368 0.2196579504693729 0
1295 0.5716191122340928 -0.200839442235249 0
1296 -0.6066212703328967 -0.561036609624703 0
1297 0.6350830322681281 -0.951499179637797 0
1298 0.01274266828456108 0.3884973458514308 0
1299 0.04446019474493698 -0.8964234434756235 0
1300 -0.2411852786835728 0.7997470539205389 0
1301 0.4558760103053483 0.7689065051095997 0
1302 -0.06031778810196027 -0.3829943751399444 0
1303 -0.9563009805231302 0.1598949449132938 0
1304 -0.4264030370152623 -0.5307341007090488 0
1305 -0.9631410649251761 0.4429965125282141 0
1306 0.538531739449311 -0.5382451937859107 0
1307 0.1944498236849687 -0.9028832976144157 0
1308 -0.4272782981428903 0.9559785641246522 0
1309 0.8879334641768515 -0.06448521988451258 0
1310 -0.3247458278493309 -0.9557130710565416 0
1311 -0.07203442975442251 0.3894454625629283 0
1312 -0.01582881707763865 -0.2637250254666846 0
1313 0.4199376952470403 0.1255901965671045 0
1314 -0.5039584137698695 -0.5272215955099278 0
1315 -0.1300146099704604 0.1294632494966326 0
1316 -0.5704577449552845 0.8107873101130491 0
1317 -0.2242200983611161 0.604124526733942 0
1318 0.5267333096288586 0.6791920403457328 0
1319 -0.6203268903920965 0.3984844724087722 0
1320 0.2958062544620393 -0.6865137448278478 0
1321 -0.7088054452123802 0.4041360723469528 0
1322 -0.7393081667863904 0.34396285581484 0
1323 -0.2266539214134822 -0.6640732328374965 0
1324 -0.3698353147725267 0.8202487454407411 0
1325 -0.01088697265847661 0.8803494942827181 0
1326 -0.6335549330026955 -0.9556476679141249 0
1327 -0.4920002508188384 -0.48268659752556 0
1328 -0.6666437474061675 0.4252670383063611 0
1329 0.5429682225439927 -0.1023583460415225 0
1330 -0.3272458667893819 -0.1976009037095549 0
1331 -0.7222108610338489 -0.4292080185394791 0
1332 -0.6347145388694391 -0.0656600691060379 0
1333 0.3465725760206517 -0.02567620962656118 0
1334 0.7124223133540569 -0.5014089853379657 0
1335 0.949574680982942 0.3722467270649558 0
1336 0.8277071218853407 -0.8892928735010217 0
1337 -0.5378762080191622 0.3823684326470239 0
1338 0.6230960595200405 0.3202460505374617 0
1339 -0.8743183010540524 0.8942489864538571 0
1340 -0.7410587430729022 -0.846115614143511 0
1341 0.9597588406899171 -0.7411141668872914 0
1342 -0.9560832480744441 -0.574425684375189 0
1343 0.8755963221481212 0.899023746357149 0
1344 -0.6921210137482766 -0.5079418115586458 0
1345 0.6071392328356465 0.4202470093243916 0
1346 0.9585313251623565 -0.6078382247616119 0
1347 0.8889676586160637 -0.1601899600226864 0
1348 -0.1272554746732367 0.9084417436365748 0
1349 0.6824736978743299 0.8246091803939383 0
1350 -0.6951027696828205 0.905296649491154 0
1351 -0.529919377052584 -0.7761461891078703 0
1352 -0.5242798877062075 0.4740680894363986 0
1353 -0.7941176470582525 0.9646902683949439 0
1354 -0.9573345621385797 -0.3109844813309591 0
1355 -0.7840724614113574 -0.08814137793705482 0
1356 -0.7671649169141959 0.6209929435187016 0
1357 -0.15490857688158 -0.8605346866096616 0
1358 0.8552568464892211 -0.5188209397159832 0
1359 0.4301919346526574 -0.615803443156286 0
1360 -0.6379574765649301 -0.7076824015562712 0
1361 0.7893256967460265 -0.6654397427656632 0
1362 0.6166387058825862 0.5466251541309364 0
1363 -0.6291522603448856 -0.893379139505753 0
1364 0.1745646570077233 0.08516427327631813 0
1365 0.3118290952345405 -0.07074548655398324 0
1366 -0.9552137756718948 -0.3928036526727572 0
1367 -0.6860086802026362 -0.1869826749229352 0
1368 -0.7234500413808573 0.4874848337698754 0
1369 0.7031130679105682 0.3071556537883726 0
1370 0.4840064019220716 0.5400831445255753 0
1371 -0.9089102510079125 0.9623674672804283 0
1372 0.3249353398468132 -0.8812535161338994 0
1373 -0.4499242275065196 0.8166766714058533 0
1374 -0.3804978605329556 -0.5496372792950397 0
1375 -0.1681515703751575 0.5061163023129914 0
1376 -0.9651763241175743 -0.2058823529389725 0
1377 0.8886836426497665 0.2915959806817 0
1378 0.6510903673044812 -0.4444032193282459 0
1379 -0.2759195847373596 -0.3005314141738525 0
1380 0.9528346199468199 -0.9539802395820148 0
1381 0.3755113680107443 0.2727594332468301 0
1382 -0.9638379270155089 0.6182062781847972 0
1383 -0.8613410060460371 0.0650193326644173 0
1384 0.08560067630156973 0.4157613469617784 0
1385 -0.5888195846628839 0.5396814953128607 0
1386 0.2035385599036562 0.3711175623406892 0
1387 0.9652813708724647 0.6177638853369321 0
1388 -0.2928391723424197 -0.1324901144284588 0
1389 0.06481927374887467 0.2313965718352347 0
1390 0.3213877239259314 0.9637162622957416 0
1391 0.4887414241199273 0.3780432649800023 0
1392 0.2979787554115512 0.8844482283893775 0
1393 -0.3150017672473232 0.3817192227517812 0
1394 -0.7730757700363805 0.8854161243096479 0
1395 -0.211845104438825 -0.02907229874950646 0
1396 0.3897354770674069 -0.6773889482023743 0
1397 0.1063546504140126 0.1527481616358023 0
1398 -0.8976885933630393 -0.8612178133038437 0
1399 0.278646043739128 0.6829228638462576 0
1400 0.7291634341350444 -0.1776501479937967 0
1401 -0.366048137565847 -0.3360621352445358 0
1402 -0.8381521762852101 -0.654284859604223 0
1403 -0.4631492664428782 -0.5557759832898161 0
1404 -0.6823701877538625 -0.9572033222371991 0
1405 0.4714816336110611 -0.6562046335384876 0
1406 0.645726705486692 0.1772883495363479 0
1407 0.4854382440229795 -0.4337394723327751 0
1408 -0.3778352898793028 -0.6040558991880139 0
1409 -0.04416507048524773 0.278437806653718 0
1410 -0.4224309328532772 -0.0289518979779151 0
1411 -0.5198483724866053 -0.04744338419979494 0
1412 -0.5955184046114111 0.3234892940197319 0
1413 -0.6633489800957049 0.7259006010463943 0
1414 -0.3344268383690336 0.1252675011223334 0
1415 0.5269622007877905 -0.8890225617930376 0
1416 -0.7118151726405038 0.7422312300083691 0
1417 0.6507091945019878 -0.1975089912152751 0
1418 -0.7612488640219227 -0.1345226471231969 0
1419 0.09103042405254912 -0.9625837803048392 0
1420 0.8027561993801817 -0.4533648179867391 0
1421 -0.4152305690050432 0.1611674212991417 0
1422 -0.82901380962723 -0.3547482083561247 0
1423 0.03603128093740842 -0.07120956305496871 0
1424 -0.407193649972755 0.6580796197758485 0
1425 0.6940452048159363 -0.7539494238326137 0
1426 -0.1100550519603493 -0.09640983529565422 0
1427 -0.9580566384051021 0.7503311462513207 0
1428 0.7363136866000614 -0.7715933361907408 0
1429 -0.879704124701034 -0.4198902170967083 0
1430 -0.8994110737638947 0.5803570808605242 0
1431 -0.89570899529879 0.6594309376557663 0
1432 0.6982726633500946 -0.7038081025159635 0
1433 -0.3006297767369505 -0.06458709440381448 0
1434 0.03618649106425791 0.06720792664850296 0
1435 -0.1853004949930078 -0.5364622859572736 0
1436 -0.8228302942529252 0.8808922271502887 0
1437 -0.2851837637370632 0.4272616525244897 0
1438 -0.137626633684277 0.7629116736402425 0
1439 0.7955414789756056 0.8862895572953717 0
1440 -0.1661529918217518 0.8036706810674075 0
1441 -0.163940879322258 -0.4522361548952473 0
1442 0.50135685841067 -0.2268475343554175 0
1443 -0.6651871399063897 -0.8133649697907275 0
1444 -0.5481690496281105 -0.6881327681097482 0
1445 -0.4721101439220495 0.445589864299311 0
1446 0.800598982401185 0.05921788204133906 0
1447 0.8984648913375052 -0.6439005665572473 0
1448 0.9049280942414414 -0.9560815410396699 0
1449 0.9132268286656124 0.9643607740567518 0
1450 -0.168997317213018 -0.7934236752851773 0
1451 0.7196855077066996 -0.624313794923684 0
1452 -0.6136987690011102 0.6151788666931903 0
1453 0.9072646111603244 0.6666138448495279 0
1454 0.005132619785487466 -0.3403008847203652 0
1455 0.7119056312080837 0.7504476291860588 0
1456 -0.9669372130524181 0.2647058823549821 0
1457 0.4599650761509663 0.5772755480191181 0
1458 -0.3801188661819115 0.711057392903384 0
1459 -0.3465860832305514 -0.9023378997940018 0
1460 -0.411739939862963 -0.1031870083521671 0
1461 0.8290531006926515 -0.5862178923021687 0
1462 -0.9569036582977587 -0.09413897893180707 0
1463 -0.4994684919757517 -0.126762464750354 0
1464 -0.04527681672693906 -0.0508359556935007 0
1465 0.9012422419177062 -0.4179401158265789 0
1466 0.668987826008818 -0.8966210505214481 0
1467 0.9578721414866269 0.7510575327219109 0
1468 0.363720483521174 -0.3825655228109073 0
1469 -0.2621086839856434 -0.9119515542970096 0
1470 0.5138923214838373 0.03671891309212857 0
1471 -0.5740734891231325 -0.4497426463991349 0
1472 0.6132641744554429 0.6694118456809022 0
1473 -0.9070273245014777 -0.9619094377271216 0
1474 0.6850873566482106 0.1873489211013924 0
1475 0.1183688127527386 0.3780329718231052 0
1476 -0.4124354524557128 0.3831311866266325 0
1477 0.6910565515907254 -0.8366274264192974 0
1478 -0.3041835019287588 -0.5507908933315623 0
1479 0.3009449317910452 -0.2332871722852274 0
1480 -0.6318247121950846 0.8009879557943896 0
1481 0.6351017180526355 -0.2876589116099317 0
1482 -0.3135488220738659 0.4712175873306795 0
1483 -0.5680191853502797 -0.3774556177327814 0
1484 0.1714263026102243 -0.7282080560386828 0
1485 -0.5131000598444851 0.09818707511326787 0
1486 -0.09305605125203759 0.7774454564705015 0
1487 0.5795611988246601 0.09351986546175844 0
1488 0.7689072621096464 -0.7377633391576527 0
1489 0.9565757635464955 -0.4154392898596712 0
1490 -0.01585718938108156 0.6788777042869107 0
1491 -0.801973559748106 -0.0008756535505500604 0
1492 0.7181321463142889 -0.3281523459167544 0
1493 0.5568343816248965 0.7845477969890828 0
1494 -0.8076706411671202 0.2847161514320551 0
1495 -0.6261472072693371 0.6529436863295408 0
1496 -0.09879282653935817 -0.4408206962039012 0
1497 0.3600490896681999 0.7495496207321937 0
1498 -0.02941176470319929 0.9677728488664642 0
1499 0.5364346242741763 0.4748870762478939 0
1500 0.7091111190183039 0.3913034996322226 0
1501 -0.6312414146496065 0.01533167021234971 0
1502 -0.4893022674030489 -0.9014870144912951 0
1503 -0.2596294959682125 0.124443937501245 0
1504 -0.5642397037528059 0.9646616709179 0
1505 -0.4625998944830148 -0.5986649171734046 0
1506 0.08719547901532347 0.6553327653287924 0
1507 -0.3164324596477213 0.2591020827664084 0
1508 -0.9651888545811736 0.08521073622565081 0
1509 0.1185659326309891 -0.8964002191083669 0
1510 -0.6769949204948605 -0.6378866233452205 0
1511 0.1689579911433021 -0.04522697443187123 0
1512 -0.8995846875055761 -0.0347204458192634 0
1513 -0.5383190665519584 0.562115704260695 0
1514 0.9681221360154061 0.08823529411511644 0
1515 0.531893327597096 -0.1874480895857986 0
1516 0.6764705882361922 0.9681368159589365 0
1517 0.440528465479133 0.07626283523768165 0
1518 0.787091963849693 -0.4964368239969194 0
1519 0.9093441588134683 0.4409664318880533 0
1520 0.7691973029659707 -0.368697122326466 0
1521 0.1617365808504685 0.7007528282029791 0
1522 0.8682871138638433 0.2585064293559852 0
1523 0.2404692966236739 -0.871747649948124 0
1524 0.5609395661143083 -0.6844895267644966 0
1525 -0.6025735033706725 0.1941998970688892 0
1526 0.3550580590591425 -0.5291351093248535 0
1527 0.4858829490346798 0.4520352287119216 0
1528 -0.03748194156015033 0.721139121356848 0
1529 0.0915237978666314 -0.06763872467070303 0
1530 -0.5574522939505162 0.05705348885091304 0
1531 -0.2506132633992761 0.8530355474303819 0
1532 0.3235294117628286 -0.9686513751644963 0
1533 -0.8966120221115963 -0.8116168511941768 0
1534 0.1130996705921312 0.4587474799521712 0
1535 -0.5016808631262873 0.1974734355728369 0
1536 -0.7316081995570635 -0.4816791056897985 0
1537 0.8258924356513181 0.4421692942874884 0
1538 0.5920709458570416 0.4691286691454039 0
1539 -0.5716116689264552 -0.6493220417693901 0
1540 -0.4154921892038811 0.2898528412017678 0
1541 0.3657286167332289 -0.2628491476073583 0
1542 -0.2960693169083486 -0.7761695900937435 0
1543 0.3382077393318708 -0.4721476545194804 0
1544 -0.4692291600022322 -0.3231356345012376 0
1545 -0.7876721302834877 0.4032377157745241 0
1546 -0.5809579740363097 0.4621851099722094 0
1547 0.1142346394035596 0.08294391936743024 0
1548 -0.8341682554401117 -0.7027765263706613 0
1549 0.8144909341358623 -0.8033951537195051 0
1550 0.7552776589969532 0.04266296276413595 0
1551 0.4844131210559527 0.6149252120319455 0
1552 -0.4720111286374212 0.3265692693906291 0
1553 -0.2518744063909475 0.7076335780112561 0
1554 -0.3196434451665568 -0.6658107240519417 0
1555 0.9638261744059857 -0.09987970322032683 0
1556 0.2828282332237352 -0.5046854329784866 0
1557 -0.2907270719469969 0.19040987883489 0
1558 -0.1585817247638266 -0.2859580599269901 0
1559 0.1049699971576029 0.03658982244804393 0
1560 -0.1888503631271633 0.08275312103050073 0
1561 -0.9676706075264008 -0.5017240233457851 0
1562 -0.06553879285834234 -0.1815915450883059 0
1563 0.763294517777144 -0.6251621246967052 0
1564 -0.3904041395565149 0.5107303769432695 0
1565 -0.5003085676356031 -0.7482833403927239 0
1566 0.9020422722526439 0.5858255099563775 0
1567 0.1737081189930123 0.1321094460639174 0
1568 -0.5334762042288075 0.13266038600699 0
1569 0.2991661401415524 0.8024011618801545 0
1570 -0.4417043162394207 -0.7044313082077527 0
1571 0.8083342249919755 0.6284490670265479 0
1572 -0.8473740028669454 0.6570108765164195 0
1573 -0.8226981327798544 0.8272089422607982 0
1574 -0.271056937048058 0.5079540234736845 0
1575 0.5418100746733707 0.573859312027193 0
1576 0.391105781300254 0.2057332875605361 0
1577 -0.1993267683413971 0.006000327691700729 0
1578 0.5269234105510676 -0.6257118749837156 0
1579 -0.8006454070171389 0.756166613239968 0
1580 0.07558102174271203 0.8881480747692712 0
1581 0.4403892549373428 -0.9678903231313023 0
1582 0.01247330699613264 0.8354361365924905 0
1583 -0.7557512022552191 -0.6360585887966597 0
1584 -0.5811617907850142 -0.00228056938659665 0
1585 -0.2579173209987687 0.04975094552872154 0
1586 -0.7725392713145779 -0.917014410214382 0
1587 0.7533775613709911 0.1208568779765226 0
1588 -0.7070066374139192 -0.9172196079365946 0
1589 0.7848318528021978 -0.5814452446578875 0
1590 0.2264844828170015 0.07768023814642719 0
1591 -0.6615217050194144 0.334241437719861 0
1592 -0.2568034699479192 -0.8395740892888767 0
1593 0.8921695535316724 0.3861772076344507 0
1594 -0.4661329612754727 -0.2243314105387486 0
1595 -0.1677596695907017 -0.203969574807233 0
1596 0.03129341163759237 -0.272710047997401 0
1597 0.3094661258758665 -0.1385251379446104 0
1598 -0.3422559172634063 0.339305000652718 0
1599 0.1236260129852002 -0.1935451608708116 0
1600 -0.1890090454035229 -0.4910651195135447 0
1601 -0.01155116128862787 0.01158059188092368 0
1602 -0.2320574192796473 0.2850923018231972 0
1603 -0.3617341809366965 0.2272245067035273 0
1604 -0.1178353920597876 -0.5117392434349638 0
1605 -0.8453506211837701 -0.1343894182365437 0
1606 -0.3376395268593496 -0.4754937451559261 0
1607 -0.1709538933857531 0.6744936919128177 0
1608 0.4456528672592579 -0.1818978001973264 0
1609 0.6757412984878994 -0.1630181351409782 0
1610 -0.2463070588268163 -0.1489053461668255 0
1611 -0.0534040281915255 0.8869557053497585 0
1612 0.6790746665641204 0.06954765463414661 0
1613 -0.3446605436237531 -0.001086514055941487 0
1614 -0.8981323127599821 -0.3825426131874855 0
1615 0.4518181527083106 -0.4144756254645348 0
1616 0.682739104383248 -0.05268304110815408 0
1617 -0.299230439807517 -0.5852218416470226 0
1618 -0.6451624917279197 -0.1858246844393876 0
1619 -0.4210683134634445 0.7376470100556353 0
1620 -0.04464558982964383 0.5298357042829764 0
1621 0.08823529412017776 0.9703341746198997 0
1622 0.8865649958760168 -0.909610377191445 0
1623 -0.227595505759077 -0.4120228414970087 0
1624 0.2569236358896403 0.4811814924224814 0
1625 -0.4686601515244076 -0.4029067933579106 0
1626 0.1873289326399296 0.5116610146441184 0
1627 -0.0159035359973945 -0.1831355691020115 0
1628 -0.5434451322630711 0.8955164025477833 0
1629 0.4889100894560566 -0.3560107205793822 0
1630 0.7576194791099315 -0.699917716384524 0
1631 0.2398656246604313 0.1365465111187162 0
1632 -0.6850328363512503 0.6328540591058404 0
1633 -0.421147179556997 0.0385122731999396 0
1634 -0.9175980173648072 -0.1171948852293902 0
$EndNodes
$Elements
3268
1 1 2 10 1 1 7
2 1 2 10 1 7 8
3 1 2 10 1 8 9
4 1 2 10 1 9 10
5 1 2 10 1 10 11
6 1 2 10 1 11 12
7 1 2 10 1 12 13
8 1 2 10 1 13 14
9 1 2 10 1 14 15
10 1 2 10 1 15 16
11 1 2 10 1 16 17
12 1 2 10 1 17 18
13 1 2 10 1 18 19
14 1 2 10 1 19 20
15 1 2 10 1 20 21
16 1 2 10 1 21 22
17 1 2 10 1 22 23
18 1 2 10 1 23 24
19 1 2 10 1 24 25
20 1 2 10 1 25 26
21 1 2 10 1 26 27
22 1 2 10 1 27 28
23 1 2 10 1 28 29
24 1 2 10 1 29 30
25 1 2 10 1 30 31
26 1 2 10 1 31 32
27 1 2 10 1 32 33
28 1 2 10 1 33 34
29 1 2 10 1 34 35
30 1 2 10 1 35 36
31 1 2 10 1 36 37
32 1 2 10 1 37 38
33 1 2 10 1 38 39
34 1 2 10 1 39 2
35 1 2 11 2 2 40
36 1 2 11 2 40 41
37 1 2 11 2 41 42
38 1 2 11 2 42 43
39 1 2 11 2 43 44
40 1 2 11 2 44 45
41 1 2 11 2 45 46
42 1 2 11 2 46 47
43 1 2 11 2 47 48
44 1 2 11 2 48 49
45 1 2 11 2 49 50
46 1 2 11 2 50 51
47 1 2 11 2 51 52
48 1 2 11 2 52 53
49 1 2 11 2 53 54
50 1 2 11 2 54 55
51 1 2 11 2 55 56
52 1 2 11 2 56 57
53 1 2 11 2 57 58
54 1 2 11 2 58 59
55 1 2 11 2 59 60
56 1 2 11 2 60 61
57 1 2 11 2 61 62
58 1 2 11 2 62 63
59 1 2 11 2 63 64
60 1 2 11 2 64 65
61 1 2 11 2 65 66
62 1 2 11 2 66 67
63 1 2 11 2 67 68
64 1 2 11 2 68 69
65 1 2 11 2 69 70
66 1 2 11 2 70 71
67 1 2 11 2 71 72
68 1 2 11 2 72 3
69 1 2 12 3 3 73
70 1 2 12 3 73 74
71 1 2 12 3 74 75
72 1 2 12 3 75 76
73 1 2 12 3 76 77
74 1 2 12 3 77 78
75 1 2 12 3 78 79
76 1 2 12 3 79 80
77 1 2 12 3 80 81
78 1 2 12 3 81 82
79 1 2 12 3 82 83
80 1 2 12 3 83 84
81 1 2 12 3 84 85
82 1 2 12 3 85 86
83 1 2 12 3 86 87
84 1 2 12 3 87 88
85 1 2 12 3 88 89
86 1 2 12 3 89 90
87 1 2 12 3 90 91
88 1 2 12 3 91 92
89 1 2 12 3 92 93
90 1 2 12 3 93 94
91 1 2 12 3 94 95
92 1 2 12 3 95 96
93 1 2 12 3 96 97
94 1 2 12 3 97 98
95 1 2 12 3 98 99
96 1 2 12 3 99 100
97 1 2 12 3 100 101
98 1 2 12 3 101 102
99 1 2 12 3 102 103
100 1 2 12 3 103 104
101 1 2 12 3 104 105
102 1 2 12 3 105 4
103 1 2 13 4 4 106
104 1 2 13 4 106 107
105 1 2 13 4 107 108
106 1 2 13 4 108 109
107 1 2 13 4 109 110
108 1 2 13 4 110 111
109 1 2 13 4 111 112
110 1 2 13 4 112 113
111 1 2 13 4 113 114
112 1 2 13 4 114 115
113 1 2 13 4 115 116
114 1 2 13 4 116 117
115 1 2 13 4 117 118
116 1 2 13 4 118 119
117 1 2 13 4 119 120
118 1 2 13 4 120 121
119 1 2 13 4 121 122
120 1 2 13 4 122 123
121 1 2 13 4 123 124
122 1 2 13 4 124 125
123 1 2 13 4 125 126
124 1 2 13 4 126 127
125 1 2 13 4 127 128
126 1 2 13 4 128 129
127 1 2 13 4 129 130
128 1 2 13 4 130 131
129 1 2 13 4 131 132
130 1 2 13 4 132 133
131 1 2 13 4 133 134
132 1 2 13 4 134 135
133 1 2 13 4 135 136
134 1 2 13 4 136 137
135 1 2 13 4 137 138
136 1 2 13 4 138 1
137 1 2 14 5 5 139
138 1 2 14 5 139 140
139 1 2 14 5 140 141
140 1 2 14 5 141 142
141 1 2 14 5 142 143
142 1 2 14 5 143 144
143 1 2 14 5 144 145
144 1 2 14 5 145 146
145 1 2 14 5 146 147
146 1 2 14 5 147 6
147 1 2 14 6 6 148
148 1 2 14 6 148 149
149 1 2 14 6 149 150
150 1 2 14 6 150 151
151 1 2 14 6 151 152
152 1 2 14 6 152 153
153 1 2 14 6 153 154
154 1 2 14 6 154 155
155 1 2 14 6 155 156
156 1 2 14 6 156 5
157 2 2 2 1 524 405 1146
158 2 2 2 1 550 294 681
159 2 2 2 1 529 703 1282
160 2 2 2 1 610 200 750
161 2 2 2 1 193 843 1082
162 2 2 2 1 515 151 811
163 2 2 2 1 199 703 827
164 2 2 2 1 348 515 972
165 2 2 2 1 619 44 886
166 2 2 2 1 538 241 970
167 2 2 2 1 515 348 1167
168 2 2 2 1 690 263 835
169 2 2 2 1 558 164 675
170 2 2 2 1 357 538 970
171 2 2 2 1 529 158 1214
172 2 2 2 1 812 457 885
173 2 2 2 1 991 496 1229
174 2 2 2 1 623 272 1283
175 2 2 2 1 261 1027 1459
176 2 2 2 1 610 349 821
177 2 2 2 1 653 442 1018
178 2 2 2 1 1027 635 1459
179 2 2 2 1 703 397 827
180 2 2 2 1 235 653 1018
181 2 2 2 1 396 690 835
182 2 2 2 1 258 530 1207
183 2 2 2 1 515 233 972
184 2 2 2 1 94 95 601
185 2 2 2 1 333 812 885
186 2 2 2 1 9 516 916
187 2 2 2 1 533 261 1074
188 2 2 2 1 261 533 730
189 2 2 2 1 728 981 1338
190 2 2 2 1 420 838 869
191 2 2 2 1 200 610 821
192 2 2 2 1 504 623 1283
193 2 2 2 1 263 716 1312
194 2 2 2 1 703 328 1282
195 2 2 2 1 561 32 1109
196 2 2 2 1 578 257 1221
197 2 2 2 1 129 952 1366
198 2 2 2 1 272 623 1472
199 2 2 2 1 394 943 1098
200 2 2 2 1 446 578 1221
201 2 2 2 1 191 721 919
202 2 2 2 1 82 544 909
203 2 2 2 1 641 432 1096
204 2 2 2 1 721 436 919
205 2 2 2 1 151 515 1167
206 2 2 2 1 613 466 875
207 2 2 2 1 952 569 1366
208 2 2 2 1 695 337 879
209 2 2 2 1 284 928 1325
210 2 2 2 1 623 558 1472
211 2 2 2 1 516 9 1235
212 2 2 2 1 266 582 1054
213 2 2 2 1 520 228 867
214 2 2 2 1 92 921 1051
215 2 2 2 1 408 695 879
216 2 2 2 1 623 196 725
217 2 2 2 1 630 360 887
218 2 2 2 1 266 572 1361
219 2 2 2 1 145 773 959
220 2 2 2 1 703 529 1068
221 2 2 2 1 390 547 1088
222 2 2 2 1 1043 457 1131
223 2 2 2 1 373 816 870
224 2 2 2 1 559 243 705
225 2 2 2 1 603 252 1433
226 2 2 2 1 816 454 870
227 2 2 2 1 457 658 885
228 2 2 2 1 510 1321 1322
229 2 2 2 1 40 1103 1380
230 2 2 2 1 535 603 1433
231 2 2 2 1 503 950 1560
232 2 2 2 1 658 259 885
233 2 2 2 1 585 161 988
234 2 2 2 1 582 266 1361
235 2 2 2 1 629 510 1322
236 2 2 2 1 398 543 1124
237 2 2 2 1 716 526 1312
238 2 2 2 1 548 253 738
239 2 2 2 1 1139 504 1285
240 2 2 2 1 427 635 1027
241 2 2 2 1 1111 532 1306
242 2 2 2 1 928 284 1580
243 2 2 2 1 618 278 674
244 2 2 2 1 543 398 1181
245 2 2 2 1 551 333 885
246 2 2 2 1 287 535 774
247 2 2 2 1 253 548 1177
248 2 2 2 1 728 401 981
249 2 2 2 1 241 538 1017
250 2 2 2 1 294 550 1066
251 2 2 2 1 344 613 875
252 2 2 2 1 289 638 852
253 2 2 2 1 233 515 1106
254 2 2 2 1 663 370 900
255 2 2 2 1 953 487 1378
256 2 2 2 1 150 617 811
257 2 2 2 1 206 517 930
258 2 2 2 1 638 368 852
259 2 2 2 1 487 953 1158
260 2 2 2 1 517 206 893
261 2 2 2 1 184 584 796
262 2 2 2 1 228 520 882
263 2 2 2 1 538 357 780
264 2 2 2 1 230 1116 1265
265 2 2 2 1 843 445 1082
266 2 2 2 1 686 309 708
267 2 2 2 1 335 686 708
268 2 2 2 1 546 359 759
269 2 2 2 1 617 346 811
270 2 2 2 1 374 669 932
271 2 2 2 1 798 214 874
272 2 2 2 1 393 1111 1306
273 2 2 2 1 553 321 746
274 2 2 2 1 290 567 871
275 2 2 2 1 950 197 1560
276 2 2 2 1 580 953 1378
277 2 2 2 1 187 715 1249
278 2 2 2 1 715 548 1249
279 2 2 2 1 670 504 1139
280 2 2 2 1 520 1178 1379
281 2 2 2 1 405 524 1492
282 2 2 2 1 624 1030 1086
283 2 2 2 1 257 578 1324
284 2 2 2 1 1103 566 1380
285 2 2 2 1 573 258 1207
286 2 2 2 1 838 329 869
287 2 2 2 1 609 928 1580
288 2 2 2 1 401 808 833
289 2 2 2 1 189 641 1096
290 2 2 2 1 532 236 824
291 2 2 2 1 815 513 1256
292 2 2 2 1 699 474 1153
293 2 2 2 1 891 409 941
294 2 2 2 1 50 551 1489
295 2 2 2 1 731 307 753
296 2 2 2 1 575 251 1311
297 2 2 2 1 366 731 753
298 2 2 2 1 638 289 1103
299 2 2 2 1 251 579 1311
300 2 2 2 1 251 562 1087
301 2 2 2 1 616 273 1501
302 2 2 2 1 597 288 1393
303 2 2 2 1 44 45 886
304 2 2 2 1 826 394 1098
305 2 2 2 1 158 529 1282
306 2 2 2 1 530 258 860
307 2 2 2 1 535 287 848
308 2 2 2 1 606 70 1292
309 2 2 2 1 1232 179 1633
310 2 2 2 1 1173 227 1294
311 2 2 2 1 531 332 1222
312 2 2 2 1 377 616 1530
313 2 2 2 1 258 626 1199
314 2 2 2 1 690 223 1023
315 2 2 2 1 206 531 1019
316 2 2 2 1 108 604 1274
317 2 2 2 1 397 703 1068
318 2 2 2 1 615 447 1178
319 2 2 2 1 626 465 1199
320 2 2 2 1 150 149 617
321 2 2 2 1 205 672 955
322 2 2 2 1 315 583 825
323 2 2 2 1 1214 158 1381
324 2 2 2 1 624 139 1030
325 2 2 2 1 617 356 800
326 2 2 2 1 710 616 1501
327 2 2 2 1 85 86 634
328 2 2 2 1 332 531 930
329 2 2 2 1 254 629 786
330 2 2 2 1 540 334 844
331 2 2 2 1 531 206 930
332 2 2 2 1 176 615 1178
333 2 2 2 1 466 613 1389
334 2 2 2 1 744 375 1261
335 2 2 2 1 248 593 875
336 2 2 2 1 236 532 913
337 2 2 2 1 388 553 1107
338 2 2 2 1 397 754 837
339 2 2 2 1 419 798 874
340 2 2 2 1 627 160 1295
341 2 2 2 1 593 344 875
342 2 2 2 1 75 571 957
343 2 2 2 1 375 995 1261
344 2 2 2 1 496 991 1470
345 2 2 2 1 32 561 871
346 2 2 2 1 553 183 1107
347 2 2 2 1 493 627 1295
348 2 2 2 1 188 699 1153
349 2 2 2 1 648 176 756
350 2 2 2 1 760 1293 1479
351 2 2 2 1 1052 491 1121
352 2 2 2 1 921 453 1051
353 2 2 2 1 209 565 765
354 2 2 2 1 640 265 784
355 2 2 2 1 563 234 1464
356 2 2 2 1 583 315 1372
357 2 2 2 1 334 540 940
358 2 2 2 1 584 290 796
359 2 2 2 1 347 577 986
360 2 2 2 1 616 710 1530
361 2 2 2 1 164 558 920
362 2 2 2 1 595 136 1144
363 2 2 2 1 94 601 1114
364 2 2 2 1 343 804 873
365 2 2 2 1 544 82 1118
366 2 2 2 1 374 648 756
367 2 2 2 1 486 650 1184
368 2 2 2 1 650 250 1184
369 2 2 2 1 808 324 833
370 2 2 2 1 705 1291 1392
371 2 2 2 1 754 218 837
372 2 2 2 1 760 491 1293
373 2 2 2 1 234 563 946
374 2 2 2 1 333 551 868
375 2 2 2 1 352 563 977
376 2 2 2 1 318 607 845
377 2 2 2 1 179 849 1633
378 2 2 2 1 865 234 946
379 2 2 2 1 562 161 1080
380 2 2 2 1 630 887 1257
381 2 2 2 1 563 352 946
382 2 2 2 1 551 50 868
383 2 2 2 1 277 581 763
384 2 2 2 1 1393 288 1598
385 2 2 2 1 338 543 859
386 2 2 2 1 503 865 946
387 2 2 2 1 568 285 776
388 2 2 2 1 604 249 1339
389 2 2 2 1 663 900 1250
390 2 2 2 1 341 1120 1535
391 2 2 2 1 280 722 1220
392 2 2 2 1 253 606 1343
393 2 2 2 1 562 251 1171
394 2 2 2 1 543 338 906
395 2 2 2 1 159 948 1157
396 2 2 2 1 613 199 827
397 2 2 2 1 142 590 1189
398 2 2 2 1 205 589 838
399 2 2 2 1 953 658 1520
400 2 2 2 1 339 613 827
401 2 2 2 1 602 294 1066
402 2 2 2 1 133 134 614
403 2 2 2 1 547 390 1049
404 2 2 2 1 582 791 1054
405 2 2 2 1 16 17 635
406 2 2 2 1 606 476 1343
407 2 2 2 1 1125 204 1544
408 2 2 2 1 1103 289 1622
409 2 2 2 1 423 690 1023
410 2 2 2 1 258 573 793
411 2 2 2 1 278 546 863
412 2 2 2 1 554 1262 1594
413 2 2 2 1 40 41 1103
414 2 2 2 1 928 534 1325
415 2 2 2 1 705 243 1291
416 2 2 2 1 337 554 819
417 2 2 2 1 458 758 1101
418 2 2 2 1 603 297 1460
419 2 2 2 1 902 385 935
420 2 2 2 1 294 602 1442
421 2 2 2 1 873 804 1223
422 2 2 2 1 403 681 1072
423 2 2 2 1 513 902 935
424 2 2 2 1 932 669 1327
425 2 2 2 1 70 71 1292
426 2 2 2 1 301 608 918
427 2 2 2 1 345 834 924
428 2 2 2 1 587 192 984
429 2 2 2 1 678 348 788
430 2 2 2 1 340 544 958
431 2 2 2 1 544 340 909
432 2 2 2 1 686 234 1426
433 2 2 2 1 384 658 953
434 2 2 2 1 201 905 1482
435 2 2 2 1 549 689 1408
436 2 2 2 1 546 278 1020
437 2 2 2 1 321 553 841
438 2 2 2 1 654 305 729
439 2 2 2 1 359 546 1020
440 2 2 2 1 161 562 1172
441 2 2 2 1 610 261 730
442 2 2 2 1 215 779 935
443 2 2 2 1 468 604 1339
444 2 2 2 1 689 270 1408
445 2 2 2 1 576 254 786
446 2 2 2 1 208 943 1016
447 2 2 2 1 564 951 958
448 2 2 2 1 198 678 788
449 2 2 2 1 217 761 1005
450 2 2 2 1 218 922 1475
451 2 2 2 1 882 520 1379
452 2 2 2 1 234 1100 1426
453 2 2 2 1 702 1402 1548
454 2 2 2 1 553 388 1081
455 2 2 2 1 702 517 1402
456 2 2 2 1 349 610 730
457 2 2 2 1 342 581 771
458 2 2 2 1 227 732 1057
459 2 2 2 1 955 672 1155
460 2 2 2 1 331 612 832
461 2 2 2 1 298 651 737
462 2 2 2 1 148 692 1044
463 2 2 2 1 138 1010 1144
464 2 2 2 1 644 179 848
465 2 2 2 1 226 991 1229
466 2 2 2 1 1186 615 1195
467 2 2 2 1 147 668 996
468 2 2 2 1 316 815 1256
469 2 2 2 1 732 467 1057
470 2 2 2 1 107 108 1274
471 2 2 2 1 1188 530 1218
472 2 2 2 1 609 387 1071
473 2 2 2 1 32 33 1109
474 2 2 2 1 616 377 967
475 2 2 2 1 42 638 1103
476 2 2 2 1 189 600 1026
477 2 2 2 1 1076 687 1160
478 2 2 2 1 321 1335 1593
479 2 2 2 1 631 170 772
480 2 2 2 1 905 597 1482
481 2 2 2 1 227 833 1294
482 2 2 2 1 607 318 1458
483 2 2 2 1 321 801 1335
484 2 2 2 1 167 616 967
485 2 2 2 1 926 565 1356
486 2 2 2 1 311 1185 1248
487 2 2 2 1 622 162 804
488 2 2 2 1 304 709 842
489 2 2 2 1 140 139 624
490 2 2 2 1 612 331 743
491 2 2 2 1 634 299 828
492 2 2 2 1 935 779 1256
493 2 2 2 1 313 742 1137
494 2 2 2 1 573 1214 1381
495 2 2 2 1 722 489 1220
496 2 2 2 1 581 277 1224
497 2 2 2 1 262 1150 1328
498 2 2 2 1 161 585 1280
499 2 2 2 1 1088 547 1375
500 2 2 2 1 567 290 1204
501 2 2 2 1 19 20 671
502 2 2 2 1 922 598 1475
503 2 2 2 1 305 630 831
504 2 2 2 1 204 805 1544
505 2 2 2 1 951 340 958
506 2 2 2 1 626 324 808
507 2 2 2 1 223 690 1558
508 2 2 2 1 629 254 1591
509 2 2 2 1 615 176 1195
510 2 2 2 1 883 603 1460
511 2 2 2 1 183 553 1070
512 2 2 2 1 521 934 1075
513 2 2 2 1 786 313 1137
514 2 2 2 1 570 263 1312
515 2 2 2 1 1526 277 1543
516 2 2 2 1 634 86 1071
517 2 2 2 1 381 724 853
518 2 2 2 1 764 345 924
519 2 2 2 1 263 570 835
520 2 2 2 1 129 130 952
521 2 2 2 1 283 683 990
522 2 2 2 1 647 277 1526
523 2 2 2 1 679 282 993
524 2 2 2 1 683 416 990
525 2 2 2 1 240 1052 1121
526 2 2 2 1 899 403 1072
527 2 2 2 1 413 679 993
528 2 2 2 1 953 175 1158
529 2 2 2 1 1116 508 1265
530 2 2 2 1 691 311 1248
531 2 2 2 1 564 196 951
532 2 2 2 1 457 812 1131
533 2 2 2 1 996 668 1073
534 2 2 2 1 761 431 1005
535 2 2 2 1 554 337 1125
536 2 2 2 1 610 750 1027
537 2 2 2 1 243 559 939
538 2 2 2 1 592 164 1575
539 2 2 2 1 450 801 1377
540 2 2 2 1 637 286 876
541 2 2 2 1 262 652 1150
542 2 2 2 1 387 609 1580
543 2 2 2 1 622 343 851
544 2 2 2 1 175 953 1520
545 2 2 2 1 137 138 1144
546 2 2 2 1 276 622 851
547 2 2 2 1 626 808 1391
548 2 2 2 1 708 1562 1627
549 2 2 2 1 632 178 776
550 2 2 2 1 640 784 1355
551 2 2 2 1 758 229 1101
552 2 2 2 1 662 215 935
553 2 2 2 1 988 161 1172
554 2 2 2 1 493 1275 1481
555 2 2 2 1 343 873 1272
556 2 2 2 1 249 604 1151
557 2 2 2 1 80 81 794
558 2 2 2 1 801 450 1176
559 2 2 2 1 579 192 1045
560 2 2 2 1 149 148 1044
561 2 2 2 1 724 217 853
562 2 2 2 1 919 343 1272
563 2 2 2 1 310 721 1090
564 2 2 2 1 385 662 935
565 2 2 2 1 706 431 1009
566 2 2 2 1 1030 552 1435
567 2 2 2 1 322 697 707
568 2 2 2 1 756 323 805
569 2 2 2 1 160 627 976
570 2 2 2 1 564 243 939
571 2 2 2 1 250 620 1205
572 2 2 2 1 934 375 1075
573 2 2 2 1 184 706 1009
574 2 2 2 1 226 594 818
575 2 2 2 1 1111 166 1122
576 2 2 2 1 1213 173 1497
577 2 2 2 1 754 1183 1386
578 2 2 2 1 807 524 1146
579 2 2 2 1 374 756 805
580 2 2 2 1 708 309 1562
581 2 2 2 1 215 974 1212
582 2 2 2 1 697 325 707
583 2 2 2 1 671 20 1132
584 2 2 2 1 1219 325 1329
585 2 2 2 1 23 586 954
586 2 2 2 1 290 584 1204
587 2 2 2 1 286 655 876
588 2 2 2 1 285 568 1094
589 2 2 2 1 648 374 932
590 2 2 2 1 176 1178 1401
591 2 2 2 1 268 648 932
592 2 2 2 1 792 230 1265
593 2 2 2 1 1062 592 1575
594 2 2 2 1 297 603 1410
595 2 2 2 1 1085 168 1317
596 2 2 2 1 565 209 1356
597 2 2 2 1 432 641 1266
598 2 2 2 1 290 871 1415
599 2 2 2 1 594 320 818
600 2 2 2 1 144 143 889
601 2 2 2 1 192 587 1045
602 2 2 2 1 819 554 1594
603 2 2 2 1 255 599 1338
604 2 2 2 1 599 452 1338
605 2 2 2 1 336 926 1356
606 2 2 2 1 315 825 1204
607 2 2 2 1 657 64 1130
608 2 2 2 1 779 215 1212
609 2 2 2 1 1183 443 1386
610 2 2 2 1 253 571 1439
611 2 2 2 1 807 493 1481
612 2 2 2 1 1178 447 1379
613 2 2 2 1 328 704 712
614 2 2 2 1 1090 721 1373
615 2 2 2 1 334 643 738
616 2 2 2 1 889 143 1189
617 2 2 2 1 604 413 1151
618 2 2 2 1 704 319 712
619 2 2 2 1 196 564 1301
620 2 2 2 1 243 564 958
621 2 2 2 1 285 823 1332
622 2 2 2 1 1519 279 1593
623 2 2 2 1 908 232 1077
624 2 2 2 1 737 471 758
625 2 2 2 1 400 682 863
626 2 2 2 1 307 733 1021
627 2 2 2 1 825 567 1204
628 2 2 2 1 569 345 1429
629 2 2 2 1 541 1232 1633
630 2 2 2 1 355 891 941
631 2 2 2 1 625 425 774
632 2 2 2 1 168 753 1317
633 2 2 2 1 419 874 1109
634 2 2 2 1 682 278 863
635 2 2 2 1 531 1344 1536
636 2 2 2 1 288 597 905
637 2 2 2 1 874 561 1109
638 2 2 2 1 687 577 1537
639 2 2 2 1 586 23 1226
640 2 2 2 1 311 691 997
641 2 2 2 1 808 195 1391
642 2 2 2 1 279 687 1537
643 2 2 2 1 279 746 1593
644 2 2 2 1 888 341 1535
645 2 2 2 1 85 634 828
646 2 2 2 1 981 255 1338
647 2 2 2 1 594 226 866
648 2 2 2 1 646 271 1186
649 2 2 2 1 250 650 910
650 2 2 2 1 51 52 664
651 2 2 2 1 943 460 1016
652 2 2 2 1 344 593 1434
653 2 2 2 1 620 250 1233
654 2 2 2 1 405 1043 1131
655 2 2 2 1 304 842 1180
656 2 2 2 1 314 669 861
657 2 2 2 1 646 1186 1203
658 2 2 2 1 345 569 952
659 2 2 2 1 623 725 1318
660 2 2 2 1 201 722 905
661 2 2 2 1 426 620 782
662 2 2 2 1 37 38 673
663 2 2 2 1 675 164 1185
664 2 2 2 1 532 824 1306
665 2 2 2 1 794 81 909
666 2 2 2 1 1121 962 1608
667 2 2 2 1 392 1076 1160
668 2 2 2 1 16 635 1159
669 2 2 2 1 325 797 1329
670 2 2 2 1 643 519 1455
671 2 2 2 1 187 643 1455
672 2 2 2 1 1262 441 1594
673 2 2 2 1 672 387 1580
674 2 2 2 1 626 258 793
675 2 2 2 1 49 50 1489
676 2 2 2 1 767 339 895
677 2 2 2 1 226 818 991
678 2 2 2 1 1094 456 1287
679 2 2 2 1 606 253 1177
680 2 2 2 1 309 631 772
681 2 2 2 1 571 253 1343
682 2 2 2 1 251 575 1298
683 2 2 2 1 41 42 1103
684 2 2 2 1 495 644 1585
685 2 2 2 1 571 75 1239
686 2 2 2 1 568 966 1367
687 2 2 2 1 698 565 926
688 2 2 2 1 608 301 1393
689 2 2 2 1 818 461 991
690 2 2 2 1 578 446 1090
691 2 2 2 1 596 257 836
692 2 2 2 1 619 368 1341
693 2 2 2 1 177 702 1093
694 2 2 2 1 966 376 1367
695 2 2 2 1 234 686 1464
696 2 2 2 1 484 787 1436
697 2 2 2 1 787 1339 1436
698 2 2 2 1 346 617 800
699 2 2 2 1 136 137 1144
700 2 2 2 1 416 606 1177
701 2 2 2 1 585 291 1626
702 2 2 2 1 702 442 1093
703 2 2 2 1 608 1393 1598
704 2 2 2 1 581 342 1407
705 2 2 2 1 601 406 1114
706 2 2 2 1 1102 311 1140
707 2 2 2 1 557 784 1512
708 2 2 2 1 579 251 1087
709 2 2 2 1 800 356 894
710 2 2 2 1 291 598 922
711 2 2 2 1 1074 261 1459
712 2 2 2 1 192 579 1088
713 2 2 2 1 577 347 1215
714 2 2 2 1 498 908 1077
715 2 2 2 1 254 576 1037
716 2 2 2 1 731 1482 1574
717 2 2 2 1 572 266 969
718 2 2 2 1 514 856 1257
719 2 2 2 1 166 684 743
720 2 2 2 1 147 146 668
721 2 2 2 1 53 54 729
722 2 2 2 1 601 257 1138
723 2 2 2 1 339 837 895
724 2 2 2 1 803 998 1330
725 2 2 2 1 271 646 1600
726 2 2 2 1 438 583 956
727 2 2 2 1 406 601 1138
728 2 2 2 1 320 594 856
729 2 2 2 1 358 586 1165
730 2 2 2 1 653 480 1093
731 2 2 2 1 345 739 834
732 2 2 2 1 735 305 831
733 2 2 2 1 584 184 1009
734 2 2 2 1 324 626 793
735 2 2 2 1 739 380 834
736 2 2 2 1 613 344 1397
737 2 2 2 1 467 981 1057
738 2 2 2 1 290 693 796
739 2 2 2 1 577 687 986
740 2 2 2 1 809 453 1038
741 2 2 2 1 701 435 802
742 2 2 2 1 343 622 804
743 2 2 2 1 369 769 1006
744 2 2 2 1 786 629 1255
745 2 2 2 1 656 562 1080
746 2 2 2 1 420 714 838
747 2 2 2 1 157 608 840
748 2 2 2 1 756 176 1401
749 2 2 2 1 384 580 1334
750 2 2 2 1 34 35 709
751 2 2 2 1 780 357 968
752 2 2 2 1 838 589 1521
753 2 2 2 1 580 384 953
754 2 2 2 1 114 674 1164
755 2 2 2 1 586 358 954
756 2 2 2 1 647 203 771
757 2 2 2 1 225 711 1457
758 2 2 2 1 186 1188 1218
759 2 2 2 1 532 1111 1122
760 2 2 2 1 832 612 1589
761 2 2 2 1 731 201 1482
762 2 2 2 1 620 426 1205
763 2 2 2 1 596 1264 1300
764 2 2 2 1 1239 334 1439
765 2 2 2 1 716 263 1245
766 2 2 2 1 806 97 1013
767 2 2 2 1 312 1119 1311
768 2 2 2 1 552 1030 1604
769 2 2 2 1 538 1270 1399
770 2 2 2 1 845 607 1003
771 2 2 2 1 415 719 1228
772 2 2 2 1 164 592 1362
773 2 2 2 1 166 752 906
774 2 2 2 1 680 163 1314
775 2 2 2 1 846 1254 1542
776 2 2 2 1 803 386 998
777 2 2 2 1 591 996 1526
778 2 2 2 1 773 365 959
779 2 2 2 1 1 7 1010
780 2 2 2 1 138 1 1010
781 2 2 2 1 593 248 1231
782 2 2 2 1 196 623 1493
783 2 2 2 1 623 504 1493
784 2 2 2 1 562 656 1620
785 2 2 2 1 291 585 988
786 2 2 2 1 286 637 1364
787 2 2 2 1 583 438 1025
788 2 2 2 1 662 512 982
789 2 2 2 1 53 729 1182
790 2 2 2 1 1264 435 1300
791 2 2 2 1 387 634 1071
792 2 2 2 1 1021 733 1375
793 2 2 2 1 559 1213 1497
794 2 2 2 1 143 142 1189
795 2 2 2 1 333 664 897
796 2 2 2 1 269 589 1266
797 2 2 2 1 711 1370 1457
798 2 2 2 1 140 624 1190
799 2 2 2 1 146 145 959
800 2 2 2 1 859 543 1181
801 2 2 2 1 704 220 1014
802 2 2 2 1 589 269 929
803 2 2 2 1 632 507 1501
804 2 2 2 1 211 687 1076
805 2 2 2 1 977 563 1601
806 2 2 2 1 613 339 1389
807 2 2 2 1 222 809 1038
808 2 2 2 1 1019 531 1536
809 2 2 2 1 162 622 1452
810 2 2 2 1 948 456 1157
811 2 2 2 1 273 632 1501
812 2 2 2 1 644 848 1585
813 2 2 2 1 314 663 1047
814 2 2 2 1 630 190 831
815 2 2 2 1 157 782 1602
816 2 2 2 1 337 1157 1290
817 2 2 2 1 252 603 883
818 2 2 2 1 872 524 1481
819 2 2 2 1 551 885 1465
820 2 2 2 1 524 872 1158
821 2 2 2 1 97 98 1013
822 2 2 2 1 590 142 1048
823 2 2 2 1 266 619 1447
824 2 2 2 1 191 789 1373
825 2 2 2 1 782 620 1602
826 2 2 2 1 1190 624 1217
827 2 2 2 1 789 578 1373
828 2 2 2 1 358 700 1053
829 2 2 2 1 871 561 1415
830 2 2 2 1 570 678 1627
831 2 2 2 1 604 468 1274
832 2 2 2 1 589 205 955
833 2 2 2 1 1120 511 1535
834 2 2 2 1 476 606 1292
835 2 2 2 1 410 671 1132
836 2 2 2 1 724 381 917
837 2 2 2 1 308 652 933
838 2 2 2 1 474 699 1476
839 2 2 2 1 605 198 1269
840 2 2 2 1 210 748 1061
841 2 2 2 1 982 512 1260
842 2 2 2 1 700 355 1053
843 2 2 2 1 401 728 808
844 2 2 2 1 656 230 1049
845 2 2 2 1 394 742 1056
846 2 2 2 1 247 1139 1285
847 2 2 2 1 64 65 1130
848 2 2 2 1 538 780 1270
849 2 2 2 1 198 605 1252
850 2 2 2 1 1030 382 1086
851 2 2 2 1 680 314 1047
852 2 2 2 1 622 276 1495
853 2 2 2 1 879 337 1290
854 2 2 2 1 447 615 1187
855 2 2 2 1 590 355 1193
856 2 2 2 1 1039 503 1560
857 2 2 2 1 1185 164 1362
858 2 2 2 1 192 733 984
859 2 2 2 1 851 343 919
860 2 2 2 1 122 639 1089
861 2 2 2 1 784 490 1355
862 2 2 2 1 467 661 981
863 2 2 2 1 660 270 890
864 2 2 2 1 996 591 1556
865 2 2 2 1 136 595 1001
866 2 2 2 1 436 851 919
867 2 2 2 1 635 427 1159
868 2 2 2 1 312 650 1119
869 2 2 2 1 678 198 1627
870 2 2 2 1 230 656 1116
871 2 2 2 1 329 838 1521
872 2 2 2 1 1093 480 1247
873 2 2 2 1 1006 769 1234
874 2 2 2 1 1105 415 1228
875 2 2 2 1 1314 163 1403
876 2 2 2 1 81 82 909
877 2 2 2 1 757 389 858
878 2 2 2 1 354 757 858
879 2 2 2 1 349 660 890
880 2 2 2 1 133 614 881
881 2 2 2 1 325 697 1059
882 2 2 2 1 379 974 982
883 2 2 2 1 906 752 1524
884 2 2 2 1 379 822 974
885 2 2 2 1 813 358 912
886 2 2 2 1 257 601 1221
887 2 2 2 1 510 629 1591
888 2 2 2 1 355 590 1048
889 2 2 2 1 637 369 1000
890 2 2 2 1 326 627 1609
891 2 2 2 1 608 157 918
892 2 2 2 1 633 336 1099
893 2 2 2 1 193 1113 1470
894 2 2 2 1 1175 106 1274
895 2 2 2 1 202 832 1589
896 2 2 2 1 194 820 1549
897 2 2 2 1 565 698 1572
898 2 2 2 1 410 813 912
899 2 2 2 1 190 856 901
900 2 2 2 1 240 1121 1608
901 2 2 2 1 641 269 1266
902 2 2 2 1 293 724 917
903 2 2 2 1 1035 1499 1527
904 2 2 2 1 617 149 1044
905 2 2 2 1 698 282 1572
906 2 2 2 1 628 289 852
907 2 2 2 1 856 190 1257
908 2 2 2 1 733 536 984
909 2 2 2 1 475 962 1121
910 2 2 2 1 21 22 813
911 2 2 2 1 659 275 1012
912 2 2 2 1 598 291 1534
913 2 2 2 1 409 795 941
914 2 2 2 1 322 1333 1365
915 2 2 2 1 257 596 1138
916 2 2 2 1 220 637 1000
917 2 2 2 1 348 898 1167
918 2 2 2 1 298 737 758
919 2 2 2 1 1087 562 1620
920 2 2 2 1 522 652 1546
921 2 2 2 1 513 815 1376
922 2 2 2 1 693 398 796
923 2 2 2 1 820 628 1549
924 2 2 2 1 652 262 1546
925 2 2 2 1 609 1071 1621
926 2 2 2 1 780 968 1206
927 2 2 2 1 784 265 1512
928 2 2 2 1 665 344 1434
929 2 2 2 1 614 134 904
930 2 2 2 1 51 664 868
931 2 2 2 1 678 570 1312
932 2 2 2 1 530 860 1218
933 2 2 2 1 938 172 1260
934 2 2 2 1 817 210 1061
935 2 2 2 1 656 414 1116
936 2 2 2 1 697 322 1052
937 2 2 2 1 311 997 1140
938 2 2 2 1 318 789 1458
939 2 2 2 1 555 907 1289
940 2 2 2 1 219 720 1131
941 2 2 2 1 789 318 836
942 2 2 2 1 641 189 1528
943 2 2 2 1 781 241 1017
944 2 2 2 1 408 879 945
945 2 2 2 1 1254 180 1542
946 2 2 2 1 638 42 1002
947 2 2 2 1 675 311 1102
948 2 2 2 1 189 1026 1486
949 2 2 2 1 192 1088 1375
950 2 2 2 1 1119 575 1311
951 2 2 2 1 709 35 842
952 2 2 2 1 413 604 1022
953 2 2 2 1 25 26 717
954 2 2 2 1 655 239 1511
955 2 2 2 1 72 1201 1292
956 2 2 2 1 604 108 1022
957 2 2 2 1 1014 220 1174
958 2 2 2 1 606 416 1033
959 2 2 2 1 338 859 1079
960 2 2 2 1 754 300 1183
961 2 2 2 1 618 115 1147
962 2 2 2 1 70 606 1033
963 2 2 2 1 823 507 1332
964 2 2 2 1 1458 789 1619
965 2 2 2 1 848 179 1613
966 2 2 2 1 267 694 1029
967 2 2 2 1 317 701 802
968 2 2 2 1 649 48 1489
969 2 2 2 1 720 219 1284
970 2 2 2 1 452 599 1012
971 2 2 2 1 795 409 1029
972 2 2 2 1 599 255 1369
973 2 2 2 1 1364 637 1590
974 2 2 2 1 965 235 1041
975 2 2 2 1 601 95 983
976 2 2 2 1 987 193 1470
977 2 2 2 1 431 761 1276
978 2 2 2 1 320 667 830
979 2 2 2 1 907 555 1510
980 2 2 2 1 664 333 868
981 2 2 2 1 600 189 1096
982 2 2 2 1 784 557 1634
983 2 2 2 1 656 1049 1620
984 2 2 2 1 844 334 1239
985 2 2 2 1 943 394 1056
986 2 2 2 1 456 948 1287
987 2 2 2 1 640 178 1097
988 2 2 2 1 499 676 1441
989 2 2 2 1 103 104 787
990 2 2 2 1 153 898 1454
991 2 2 2 1 903 366 1273
992 2 2 2 1 375 839 995
993 2 2 2 1 607 366 1003
994 2 2 2 1 444 878 936
995 2 2 2 1 631 309 1426
996 2 2 2 1 1150 542 1328
997 2 2 2 1 839 450 995
998 2 2 2 1 395 640 1097
999 2 2 2 1 642 395 1098
1000 2 2 2 1 750 200 810
1001 2 2 2 1 1124 749 1163
1002 2 2 2 1 237 1064 1075
1003 2 2 2 1 878 351 936
1004 2 2 2 1 113 114 1164
1005 2 2 2 1 713 209 1288
1006 2 2 2 1 369 637 876
1007 2 2 2 1 1113 325 1219
1008 2 2 2 1 591 1526 1543
1009 2 2 2 1 366 607 1004
1010 2 2 2 1 1023 499 1117
1011 2 2 2 1 669 374 1625
1012 2 2 2 1 723 484 1394
1013 2 2 2 1 707 193 1082
1014 2 2 2 1 644 495 1503
1015 2 2 2 1 208 642 1098
1016 2 2 2 1 640 395 1491
1017 2 2 2 1 350 750 810
1018 2 2 2 1 627 493 1417
1019 2 2 2 1 1007 100 1050
1020 2 2 2 1 303 711 1135
1021 2 2 2 1 352 755 950
1022 2 2 2 1 160 976 1329
1023 2 2 2 1 1562 570 1627
1024 2 2 2 1 274 644 1503
1025 2 2 2 1 418 1186 1195
1026 2 2 2 1 395 642 1491
1027 2 2 2 1 603 535 1613
1028 2 2 2 1 153 152 898
1029 2 2 2 1 676 271 1441
1030 2 2 2 1 694 407 1029
1031 2 2 2 1 381 889 917
1032 2 2 2 1 889 434 917
1033 2 2 2 1 539 1102 1140
1034 2 2 2 1 265 640 1491
1035 2 2 2 1 199 613 1397
1036 2 2 2 1 101 102 723
1037 2 2 2 1 424 680 1296
1038 2 2 2 1 755 248 1209
1039 2 2 2 1 707 325 1113
1040 2 2 2 1 654 729 1555
1041 2 2 2 1 37 673 1240
1042 2 2 2 1 366 1004 1273
1043 2 2 2 1 477 755 1209
1044 2 2 2 1 783 1188 1624
1045 2 2 2 1 642 265 1491
1046 2 2 2 1 778 322 1365
1047 2 2 2 1 431 706 892
1048 2 2 2 1 1049 390 1620
1049 2 2 2 1 772 396 835
1050 2 2 2 1 214 693 874
1051 2 2 2 1 338 1079 1425
1052 2 2 2 1 488 765 1431
1053 2 2 2 1 621 259 1420
1054 2 2 2 1 748 297 1410
1055 2 2 2 1 516 965 1041
1056 2 2 2 1 173 936 1497
1057 2 2 2 1 74 75 957
1058 2 2 2 1 541 748 1410
1059 2 2 2 1 1321 182 1322
1060 2 2 2 1 823 285 1287
1061 2 2 2 1 481 1173 1294
1062 2 2 2 1 984 536 1437
1063 2 2 2 1 616 167 1154
1064 2 2 2 1 359 618 1147
1065 2 2 2 1 103 787 1353
1066 2 2 2 1 996 378 1526
1067 2 2 2 1 216 645 942
1068 2 2 2 1 655 286 1559
1069 2 2 2 1 252 625 1433
1070 2 2 2 1 625 252 1388
1071 2 2 2 1 739 345 952
1072 2 2 2 1 981 401 1057
1073 2 2 2 1 341 1037 1120
1074 2 2 2 1 655 502 1529
1075 2 2 2 1 813 22 954
1076 2 2 2 1 239 655 1529
1077 2 2 2 1 729 433 1182
1078 2 2 2 1 203 745 911
1079 2 2 2 1 677 407 846
1080 2 2 2 1 728 195 808
1081 2 2 2 1 797 325 1059
1082 2 2 2 1 261 610 1027
1083 2 2 2 1 912 358 1053
1084 2 2 2 1 922 218 1386
1085 2 2 2 1 382 1030 1435
1086 2 2 2 1 745 393 911
1087 2 2 2 1 65 66 979
1088 2 2 2 1 368 1002 1341
1089 2 2 2 1 170 631 1243
1090 2 2 2 1 676 499 1023
1091 2 2 2 1 614 260 1028
1092 2 2 2 1 901 856 1616
1093 2 2 2 1 719 342 1228
1094 2 2 2 1 255 661 927
1095 2 2 2 1 631 425 1243
1096 2 2 2 1 669 204 861
1097 2 2 2 1 1009 431 1276
1098 2 2 2 1 661 506 927
1099 2 2 2 1 1431 765 1572
1100 2 2 2 1 636 13 1083
1101 2 2 2 1 195 728 1192
1102 2 2 2 1 260 614 1278
1103 2 2 2 1 465 626 1391
1104 2 2 2 1 670 196 1493
1105 2 2 2 1 106 107 1274
1106 2 2 2 1 504 670 1493
1107 2 2 2 1 1037 576 1120
1108 2 2 2 1 728 452 1192
1109 2 2 2 1 216 740 960
1110 2 2 2 1 301 918 1179
1111 2 2 2 1 336 633 926
1112 2 2 2 1 350 636 1083
1113 2 2 2 1 828 299 1392
1114 2 2 2 1 558 623 1318
1115 2 2 2 1 295 749 1124
1116 2 2 2 1 758 458 1350
1117 2 2 2 1 1188 186 1624
1118 2 2 2 1 791 582 1488
1119 2 2 2 1 158 712 1576
1120 2 2 2 1 292 677 1592
1121 2 2 2 1 299 634 931
1122 2 2 2 1 194 791 1488
1123 2 2 2 1 634 387 931
1124 2 2 2 1 722 280 1445
1125 2 2 2 1 314 861 1471
1126 2 2 2 1 819 159 1157
1127 2 2 2 1 812 333 897
1128 2 2 2 1 322 778 1052
1129 2 2 2 1 308 933 1015
1130 2 2 2 1 1499 303 1527
1131 2 2 2 1 926 633 1416
1132 2 2 2 1 645 216 1421
1133 2 2 2 1 328 703 1060
1134 2 2 2 1 512 938 1260
1135 2 2 2 1 185 926 1416
1136 2 2 2 1 115 618 1305
1137 2 2 2 1 278 618 1020
1138 2 2 2 1 619 266 1054
1139 2 2 2 1 667 320 1550
1140 2 2 2 1 356 617 1044
1141 2 2 2 1 704 328 1108
1142 2 2 2 1 809 462 1026
1143 2 2 2 1 618 359 1020
1144 2 2 2 1 550 681 1629
1145 2 2 2 1 1344 478 1536
1146 2 2 2 1 166 743 1122
1147 2 2 2 1 302 809 1026
1148 2 2 2 1 650 312 910
1149 2 2 2 1 368 619 1054
1150 2 2 2 1 356 692 980
1151 2 2 2 1 741 326 1609
1152 2 2 2 1 1026 600 1611
1153 2 2 2 1 283 688 1453
1154 2 2 2 1 673 439 1240
1155 2 2 2 1 688 497 1453
1156 2 2 2 1 679 110 1063
1157 2 2 2 1 1035 588 1499
1158 2 2 2 1 431 892 1005
1159 2 2 2 1 507 632 1332
1160 2 2 2 1 662 385 1110
1161 2 2 2 1 273 616 1065
1162 2 2 2 1 664 433 897
1163 2 2 2 1 289 628 1336
1164 2 2 2 1 84 85 828
1165 2 2 2 1 1000 369 1006
1166 2 2 2 1 303 1135 1527
1167 2 2 2 1 13 636 1326
1168 2 2 2 1 92 93 921
1169 2 2 2 1 653 235 965
1170 2 2 2 1 747 297 1259
1171 2 2 2 1 259 658 1420
1172 2 2 2 1 721 310 829
1173 2 2 2 1 943 208 1098
1174 2 2 2 1 424 696 973
1175 2 2 2 1 298 723 1394
1176 2 2 2 1 523 970 1040
1177 2 2 2 1 282 698 993
1178 2 2 2 1 112 113 963
1179 2 2 2 1 627 326 976
1180 2 2 2 1 527 1000 1006
1181 2 2 2 1 759 463 1112
1182 2 2 2 1 118 119 766
1183 2 2 2 1 714 205 838
1184 2 2 2 1 970 241 1040
1185 2 2 2 1 71 72 1292
1186 2 2 2 1 761 217 956
1187 2 2 2 1 885 259 1465
1188 2 2 2 1 1064 521 1075
1189 2 2 2 1 14 15 775
1190 2 2 2 1 44 619 1341
1191 2 2 2 1 947 27 1025
1192 2 2 2 1 736 256 1210
1193 2 2 2 1 355 941 1053
1194 2 2 2 1 712 158 1282
1195 2 2 2 1 8 9 916
1196 2 2 2 1 799 422 1268
1197 2 2 2 1 332 696 1222
1198 2 2 2 1 78 79 799
1199 2 2 2 1 908 354 1166
1200 2 2 2 1 90 91 762
1201 2 2 2 1 455 736 1210
1202 2 2 2 1 421 735 831
1203 2 2 2 1 348 678 1596
1204 2 2 2 1 1029 409 1217
1205 2 2 2 1 342 771 911
1206 2 2 2 1 879 224 945
1207 2 2 2 1 621 202 1358
1208 2 2 2 1 436 721 1316
1209 2 2 2 1 674 278 1168
1210 2 2 2 1 338 684 906
1211 2 2 2 1 643 334 940
1212 2 2 2 1 373 649 1091
1213 2 2 2 1 425 625 1243
1214 2 2 2 1 31 32 871
1215 2 2 2 1 302 1026 1611
1216 2 2 2 1 782 157 1507
1217 2 2 2 1 635 17 1310
1218 2 2 2 1 63 1152 1335
1219 2 2 2 1 313 786 1255
1220 2 2 2 1 292 671 1078
1221 2 2 2 1 180 694 1149
1222 2 2 2 1 271 676 1623
1223 2 2 2 1 202 621 1518
1224 2 2 2 1 1291 473 1392
1225 2 2 2 1 671 410 1078
1226 2 2 2 1 630 305 1309
1227 2 2 2 1 463 857 1255
1228 2 2 2 1 747 1259 1463
1229 2 2 2 1 636 350 989
1230 2 2 2 1 645 404 949
1231 2 2 2 1 205 714 1133
1232 2 2 2 1 354 1016 1166
1233 2 2 2 1 270 689 890
1234 2 2 2 1 56 57 777
1235 2 2 2 1 649 373 1034
1236 2 2 2 1 184 796 1163
1237 2 2 2 1 190 630 1257
1238 2 2 2 1 6 996 1556
1239 2 2 2 1 178 640 1355
1240 2 2 2 1 360 654 1046
1241 2 2 2 1 68 683 1067
1242 2 2 2 1 344 665 1547
1243 2 2 2 1 1144 412 1398
1244 2 2 2 1 628 1180 1336
1245 2 2 2 1 654 55 1046
1246 2 2 2 1 684 166 906
1247 2 2 2 1 201 731 903
1248 2 2 2 1 1313 843 1517
1249 2 2 2 1 433 664 1182
1250 2 2 2 1 296 1432 1630
1251 2 2 2 1 783 443 1188
1252 2 2 2 1 637 220 1590
1253 2 2 2 1 379 982 1260
1254 2 2 2 1 310 806 1013
1255 2 2 2 1 1024 713 1288
1256 2 2 2 1 893 380 1028
1257 2 2 2 1 517 702 1583
1258 2 2 2 1 368 638 1002
1259 2 2 2 1 712 1032 1576
1260 2 2 2 1 360 630 1309
1261 2 2 2 1 259 621 1091
1262 2 2 2 1 434 734 917
1263 2 2 2 1 313 857 1056
1264 2 2 2 1 725 306 1318
1265 2 2 2 1 872 415 1105
1266 2 2 2 1 694 417 1149
1267 2 2 2 1 506 661 1474
1268 2 2 2 1 682 1148 1168
1269 2 2 2 1 800 207 850
1270 2 2 2 1 306 725 878
1271 2 2 2 1 658 384 1420
1272 2 2 2 1 663 314 1471
1273 2 2 2 1 664 52 1182
1274 2 2 2 1 639 122 1251
1275 2 2 2 1 725 351 878
1276 2 2 2 1 857 460 1056
1277 2 2 2 1 706 281 892
1278 2 2 2 1 806 310 1090
1279 2 2 2 1 571 1239 1439
1280 2 2 2 1 342 824 1228
1281 2 2 2 1 867 228 998
1282 2 2 2 1 659 347 975
1283 2 2 2 1 446 806 1090
1284 2 2 2 1 46 47 870
1285 2 2 2 1 29 30 825
1286 2 2 2 1 207 800 894
1287 2 2 2 1 1180 439 1336
1288 2 2 2 1 556 782 1507
1289 2 2 2 1 336 713 1015
1290 2 2 2 1 65 979 1130
1291 2 2 2 1 409 1190 1217
1292 2 2 2 1 296 684 1432
1293 2 2 2 1 484 723 1353
1294 2 2 2 1 708 198 1252
1295 2 2 2 1 389 639 1136
1296 2 2 2 1 758 471 1480
1297 2 2 2 1 487 872 1105
1298 2 2 2 1 441 867 998
1299 2 2 2 1 477 1184 1205
1300 2 2 2 1 803 252 883
1301 2 2 2 1 587 984 1179
1302 2 2 2 1 651 298 1394
1303 2 2 2 1 984 301 1179
1304 2 2 2 1 776 178 966
1305 2 2 2 1 34 709 1297
1306 2 2 2 1 463 759 1494
1307 2 2 2 1 386 803 883
1308 2 2 2 1 787 484 1353
1309 2 2 2 1 423 1023 1117
1310 2 2 2 1 944 502 1042
1311 2 2 2 1 738 253 1439
1312 2 2 2 1 324 793 880
1313 2 2 2 1 35 36 842
1314 2 2 2 1 347 659 1215
1315 2 2 2 1 967 511 1120
1316 2 2 2 1 362 666 1444
1317 2 2 2 1 165 944 1042
1318 2 2 2 1 1021 547 1141
1319 2 2 2 1 770 276 851
1320 2 2 2 1 652 522 1385
1321 2 2 2 1 937 506 1069
1322 2 2 2 1 165 1042 1434
1323 2 2 2 1 734 238 1299
1324 2 2 2 1 470 734 1299
1325 2 2 2 1 275 659 975
1326 2 2 2 1 825 30 1581
1327 2 2 2 1 383 937 1069
1328 2 2 2 1 458 1007 1050
1329 2 2 2 1 436 770 851
1330 2 2 2 1 650 486 1409
1331 2 2 2 1 209 713 1356
1332 2 2 2 1 876 655 1511
1333 2 2 2 1 685 344 1547
1334 2 2 2 1 520 867 1401
1335 2 2 2 1 632 273 1200
1336 2 2 2 1 389 757 1508
1337 2 2 2 1 178 632 1097
1338 2 2 2 1 425 631 1100
1339 2 2 2 1 993 698 1579
1340 2 2 2 1 337 695 1125
1341 2 2 2 1 1042 665 1434
1342 2 2 2 1 940 540 1268
1343 2 2 2 1 734 293 917
1344 2 2 2 1 619 886 1447
1345 2 2 2 1 847 396 925
1346 2 2 2 1 365 773 853
1347 2 2 2 1 783 291 922
1348 2 2 2 1 967 1120 1525
1349 2 2 2 1 660 349 1115
1350 2 2 2 1 702 177 907
1351 2 2 2 1 267 624 1086
1352 2 2 2 1 319 843 1313
1353 2 2 2 1 661 255 981
1354 2 2 2 1 467 732 1008
1355 2 2 2 1 1108 328 1631
1356 2 2 2 1 773 381 853
1357 2 2 2 1 624 267 1217
1358 2 2 2 1 699 492 1540
1359 2 2 2 1 350 810 989
1360 2 2 2 1 215 662 982
1361 2 2 2 1 668 146 959
1362 2 2 2 1 422 1139 1268
1363 2 2 2 1 1099 336 1632
1364 2 2 2 1 1482 536 1574
1365 2 2 2 1 168 845 1003
1366 2 2 2 1 339 767 1162
1367 2 2 2 1 648 268 1606
1368 2 2 2 1 512 662 1422
1369 2 2 2 1 804 162 1513
1370 2 2 2 1 639 389 1089
1371 2 2 2 1 661 467 1406
1372 2 2 2 1 1402 260 1548
1373 2 2 2 1 196 670 951
1374 2 2 2 1 595 1144 1398
1375 2 2 2 1 1179 399 1263
1376 2 2 2 1 654 360 1309
1377 2 2 2 1 185 698 926
1378 2 2 2 1 48 49 1489
1379 2 2 2 1 61 62 801
1380 2 2 2 1 677 846 1592
1381 2 2 2 1 937 221 1281
1382 2 2 2 1 858 208 1016
1383 2 2 2 1 174 1031 1119
1384 2 2 2 1 533 846 1542
1385 2 2 2 1 440 781 929
1386 2 2 2 1 480 653 1340
1387 2 2 2 1 751 188 1337
1388 2 2 2 1 342 719 1407
1389 2 2 2 1 121 122 1089
1390 2 2 2 1 355 700 1193
1391 2 2 2 1 316 784 1634
1392 2 2 2 1 913 580 1378
1393 2 2 2 1 814 346 850
1394 2 2 2 1 687 211 986
1395 2 2 2 1 834 206 924
1396 2 2 2 1 682 209 1148
1397 2 2 2 1 48 649 1034
1398 2 2 2 1 643 187 1249
1399 2 2 2 1 483 751 1337
1400 2 2 2 1 942 645 1603
1401 2 2 2 1 305 654 1309
1402 2 2 2 1 658 457 1520
1403 2 2 2 1 19 671 964
1404 2 2 2 1 151 150 811
1405 2 2 2 1 737 651 1225
1406 2 2 2 1 580 913 1334
1407 2 2 2 1 766 354 908
1408 2 2 2 1 1031 575 1119
1409 2 2 2 1 444 785 878
1410 2 2 2 1 842 439 1180
1411 2 2 2 1 750 427 1027
1412 2 2 2 1 785 306 878
1413 2 2 2 1 176 648 1195
1414 2 2 2 1 221 1081 1281
1415 2 2 2 1 498 766 908
1416 2 2 2 1 269 641 1142
1417 2 2 2 1 596 836 1264
1418 2 2 2 1 741 421 1267
1419 2 2 2 1 188 751 1216
1420 2 2 2 1 211 691 986
1421 2 2 2 1 642 208 1383
1422 2 2 2 1 1008 732 1487
1423 2 2 2 1 428 1021 1141
1424 2 2 2 1 685 199 1397
1425 2 2 2 1 519 643 1349
1426 2 2 2 1 502 655 1042
1427 2 2 2 1 892 365 1005
1428 2 2 2 1 722 474 905
1429 2 2 2 1 657 392 1160
1430 2 2 2 1 827 397 837
1431 2 2 2 1 1152 574 1335
1432 2 2 2 1 277 647 1224
1433 2 2 2 1 367 814 850
1434 2 2 2 1 644 274 1414
1435 2 2 2 1 720 405 1131
1436 2 2 2 1 332 907 1510
1437 2 2 2 1 721 829 1316
1438 2 2 2 1 509 1247 1443
1439 2 2 2 1 1095 363 1194
1440 2 2 2 1 236 913 1378
1441 2 2 2 1 179 644 1196
1442 2 2 2 1 59 60 839
1443 2 2 2 1 142 141 1048
1444 2 2 2 1 116 117 864
1445 2 2 2 1 404 645 1421
1446 2 2 2 1 778 491 1052
1447 2 2 2 1 250 910 1233
1448 2 2 2 1 802 435 1553
1449 2 2 2 1 265 642 1136
1450 2 2 2 1 219 812 897
1451 2 2 2 1 869 329 1017
1452 2 2 2 1 386 747 999
1453 2 2 2 1 248 755 1231
1454 2 2 2 1 442 653 1093
1455 2 2 2 1 950 755 1315
1456 2 2 2 1 55 654 1555
1457 2 2 2 1 438 947 1025
1458 2 2 2 1 346 800 850
1459 2 2 2 1 745 1359 1405
1460 2 2 2 1 731 366 903
1461 2 2 2 1 747 159 999
1462 2 2 2 1 353 942 1603
1463 2 2 2 1 680 1047 1296
1464 2 2 2 1 124 125 815
1465 2 2 2 1 1186 418 1203
1466 2 2 2 1 368 791 852
1467 2 2 2 1 474 722 1445
1468 2 2 2 1 734 434 1237
1469 2 2 2 1 245 872 1481
1470 2 2 2 1 893 1028 1402
1471 2 2 2 1 407 677 1450
1472 2 2 2 1 692 148 1556
1473 2 2 2 1 856 514 1550
1474 2 2 2 1 944 563 1464
1475 2 2 2 1 554 1125 1544
1476 2 2 2 1 22 23 954
1477 2 2 2 1 566 1103 1622
1478 2 2 2 1 359 864 1077
1479 2 2 2 1 913 331 1334
1480 2 2 2 1 141 891 1048
1481 2 2 2 1 962 475 1072
1482 2 2 2 1 23 24 1226
1483 2 2 2 1 414 656 1080
1484 2 2 2 1 864 498 1077
1485 2 2 2 1 339 827 837
1486 2 2 2 1 326 741 901
1487 2 2 2 1 198 708 1627
1488 2 2 2 1 567 825 1581
1489 2 2 2 1 203 647 1126
1490 2 2 2 1 907 177 1289
1491 2 2 2 1 724 293 1307
1492 2 2 2 1 666 362 1211
1493 2 2 2 1 739 952 1561
1494 2 2 2 1 370 663 1471
1495 2 2 2 1 64 657 1152
1496 2 2 2 1 717 26 947
1497 2 2 2 1 660 180 1149
1498 2 2 2 1 646 212 1127
1499 2 2 2 1 543 906 1524
1500 2 2 2 1 558 675 1472
1501 2 2 2 1 1432 611 1630
1502 2 2 2 1 635 1310 1459
1503 2 2 2 1 652 308 1150
1504 2 2 2 1 963 113 1164
1505 2 2 2 1 82 83 1118
1506 2 2 2 1 270 660 1554
1507 2 2 2 1 414 790 1142
1508 2 2 2 1 591 692 1556
1509 2 2 2 1 825 583 1532
1510 2 2 2 1 1142 790 1506
1511 2 2 2 1 536 733 1574
1512 2 2 2 1 663 231 1047
1513 2 2 2 1 4 106 1175
1514 2 2 2 1 105 4 1175
1515 2 2 2 1 288 699 961
1516 2 2 2 1 439 673 1336
1517 2 2 2 1 1233 399 1602
1518 2 2 2 1 716 154 1454
1519 2 2 2 1 814 233 1106
1520 2 2 2 1 180 660 1115
1521 2 2 2 1 247 940 1268
1522 2 2 2 1 392 657 1130
1523 2 2 2 1 671 292 1469
1524 2 2 2 1 238 734 1237
1525 2 2 2 1 714 299 931
1526 2 2 2 1 733 307 1574
1527 2 2 2 1 546 759 1112
1528 2 2 2 1 706 184 1246
1529 2 2 2 1 841 553 1081
1530 2 2 2 1 212 646 1203
1531 2 2 2 1 548 715 990
1532 2 2 2 1 772 170 1595
1533 2 2 2 1 428 792 1607
1534 2 2 2 1 673 38 1448
1535 2 2 2 1 110 679 1427
1536 2 2 2 1 553 746 1070
1537 2 2 2 1 345 764 1429
1538 2 2 2 1 1148 391 1168
1539 2 2 2 1 698 185 1579
1540 2 2 2 1 691 347 986
1541 2 2 2 1 537 993 1579
1542 2 2 2 1 169 830 1069
1543 2 2 2 1 206 834 893
1544 2 2 2 1 298 758 1350
1545 2 2 2 1 204 669 1625
1546 2 2 2 1 625 774 1433
1547 2 2 2 1 363 925 1194
1548 2 2 2 1 497 688 1566
1549 2 2 2 1 223 676 1023
1550 2 2 2 1 1089 389 1508
1551 2 2 2 1 328 1060 1631
1552 2 2 2 1 834 380 893
1553 2 2 2 1 745 203 1359
1554 2 2 2 1 840 353 1507
1555 2 2 2 1 372 767 895
1556 2 2 2 1 1335 574 1593
1557 2 2 2 1 1185 469 1248
1558 2 2 2 1 726 382 1127
1559 2 2 2 1 691 211 997
1560 2 2 2 1 587 1179 1263
1561 2 2 2 1 1101 829 1628
1562 2 2 2 1 418 884 1203
1563 2 2 2 1 683 68 1467
1564 2 2 2 1 207 894 899
1565 2 2 2 1 1040 585 1626
1566 2 2 2 1 435 701 1300
1567 2 2 2 1 894 403 899
1568 2 2 2 1 898 526 1454
1569 2 2 2 1 391 674 1168
1570 2 2 2 1 701 222 1300
1571 2 2 2 1 689 362 1570
1572 2 2 2 1 949 556 1603
1573 2 2 2 1 715 283 990
1574 2 2 2 1 3 73 1201
1575 2 2 2 1 72 3 1201
1576 2 2 2 1 723 102 1353
1577 2 2 2 1 378 996 1073
1578 2 2 2 1 293 717 1307
1579 2 2 2 1 762 534 1498
1580 2 2 2 1 231 663 1250
1581 2 2 2 1 76 77 844
1582 2 2 2 1 449 769 985
1583 2 2 2 1 772 835 1562
1584 2 2 2 1 294 962 1072
1585 2 2 2 1 689 549 1505
1586 2 2 2 1 668 281 1073
1587 2 2 2 1 769 239 985
1588 2 2 2 1 679 413 1427
1589 2 2 2 1 681 403 1202
1590 2 2 2 1 411 715 1156
1591 2 2 2 1 715 187 1156
1592 2 2 2 1 186 718 978
1593 2 2 2 1 620 1233 1602
1594 2 2 2 1 771 203 911
1595 2 2 2 1 725 196 1301
1596 2 2 2 1 736 362 1444
1597 2 2 2 1 42 43 1002
1598 2 2 2 1 702 907 1583
1599 2 2 2 1 672 205 1133
1600 2 2 2 1 692 356 1044
1601 2 2 2 1 492 699 1552
1602 2 2 2 1 692 591 1543
1603 2 2 2 1 857 313 1255
1604 2 2 2 1 1385 522 1513
1605 2 2 2 1 241 781 1161
1606 2 2 2 1 568 776 966
1607 2 2 2 1 500 797 1059
1608 2 2 2 1 998 228 1330
1609 2 2 2 1 686 335 1464
1610 2 2 2 1 398 693 1181
1611 2 2 2 1 781 440 1161
1612 2 2 2 1 534 762 1611
1613 2 2 2 1 387 672 1133
1614 2 2 2 1 699 188 1552
1615 2 2 2 1 684 296 1451
1616 2 2 2 1 357 718 968
1617 2 2 2 1 574 1519 1593
1618 2 2 2 1 933 485 1015
1619 2 2 2 1 1135 361 1199
1620 2 2 2 1 559 705 1569
1621 2 2 2 1 594 866 1616
1622 2 2 2 1 700 358 1165
1623 2 2 2 1 118 766 1456
1624 2 2 2 1 464 1364 1590
1625 2 2 2 1 416 683 1467
1626 2 2 2 1 718 361 1244
1627 2 2 2 1 645 949 1603
1628 2 2 2 1 340 794 909
1629 2 2 2 1 371 764 924
1630 2 2 2 1 515 811 1106
1631 2 2 2 1 872 487 1158
1632 2 2 2 1 877 408 945
1633 2 2 2 1 1293 367 1479
1634 2 2 2 1 867 323 1401
1635 2 2 2 1 670 422 1129
1636 2 2 2 1 849 404 960
1637 2 2 2 1 958 544 1291
1638 2 2 2 1 991 364 1470
1639 2 2 2 1 676 223 1187
1640 2 2 2 1 33 34 1297
1641 2 2 2 1 461 818 1612
1642 2 2 2 1 309 686 1426
1643 2 2 2 1 726 1127 1258
1644 2 2 2 1 739 131 1342
1645 2 2 2 1 693 214 1181
1646 2 2 2 1 132 133 881
1647 2 2 2 1 915 525 1363
1648 2 2 2 1 330 849 960
1649 2 2 2 1 718 357 978
1650 2 2 2 1 839 60 1176
1651 2 2 2 1 1035 195 1192
1652 2 2 2 1 799 79 1134
1653 2 2 2 1 1507 353 1603
1654 2 2 2 1 422 670 1139
1655 2 2 2 1 1178 520 1401
1656 2 2 2 1 669 314 1327
1657 2 2 2 1 285 1094 1287
1658 2 2 2 1 1310 501 1459
1659 2 2 2 1 674 391 1164
1660 2 2 2 1 837 218 895
1661 2 2 2 1 681 294 1072
1662 2 2 2 1 461 1008 1487
1663 2 2 2 1 588 1035 1192
1664 2 2 2 1 383 744 1261
1665 2 2 2 1 754 397 1068
1666 2 2 2 1 618 674 1305
1667 2 2 2 1 1187 615 1623
1668 2 2 2 1 677 213 1450
1669 2 2 2 1 362 689 1211
1670 2 2 2 1 677 292 1078
1671 2 2 2 1 225 785 1206
1672 2 2 2 1 229 829 1101
1673 2 2 2 1 240 697 1052
1674 2 2 2 1 491 760 1121
1675 2 2 2 1 282 679 1431
1676 2 2 2 1 314 680 1314
1677 2 2 2 1 684 338 1432
1678 2 2 2 1 696 332 1510
1679 2 2 2 1 775 350 1083
1680 2 2 2 1 674 114 1305
1681 2 2 2 1 785 444 1206
1682 2 2 2 1 358 813 954
1683 2 2 2 1 688 211 1076
1684 2 2 2 1 434 889 1189
1685 2 2 2 1 181 719 1170
1686 2 2 2 1 306 920 1318
1687 2 2 2 1 319 704 1014
1688 2 2 2 1 801 321 1377
1689 2 2 2 1 349 730 1115
1690 2 2 2 1 920 558 1318
1691 2 2 2 1 300 754 1068
1692 2 2 2 1 214 798 1079
1693 2 2 2 1 344 685 1397
1694 2 2 2 1 697 240 1059
1695 2 2 2 1 740 330 960
1696 2 2 2 1 789 836 1324
1697 2 2 2 1 496 1113 1219
1698 2 2 2 1 213 677 1357
1699 2 2 2 1 10 11 862
1700 2 2 2 1 443 783 922
1701 2 2 2 1 766 498 1456
1702 2 2 2 1 311 675 1185
1703 2 2 2 1 757 354 1303
1704 2 2 2 1 711 225 1244
1705 2 2 2 1 134 135 904
1706 2 2 2 1 184 749 1246
1707 2 2 2 1 163 680 1286
1708 2 2 2 1 110 111 1063
1709 2 2 2 1 814 367 1036
1710 2 2 2 1 777 57 1514
1711 2 2 2 1 713 308 1015
1712 2 2 2 1 855 545 1408
1713 2 2 2 1 1270 173 1399
1714 2 2 2 1 364 732 992
1715 2 2 2 1 714 931 1133
1716 2 2 2 1 900 478 1250
1717 2 2 2 1 1085 428 1607
1718 2 2 2 1 680 424 1286
1719 2 2 2 1 471 737 1416
1720 2 2 2 1 737 185 1416
1721 2 2 2 1 492 888 942
1722 2 2 2 1 1007 458 1101
1723 2 2 2 1 528 1007 1101
1724 2 2 2 1 719 415 1170
1725 2 2 2 1 740 216 1535
1726 2 2 2 1 548 990 1177
1727 2 2 2 1 732 227 992
1728 2 2 2 1 990 416 1177
1729 2 2 2 1 1423 605 1529
1730 2 2 2 1 177 1093 1247
1731 2 2 2 1 354 766 1303
1732 2 2 2 1 724 1307 1523
1733 2 2 2 1 456 1094 1290
1734 2 2 2 1 308 713 1024
1735 2 2 2 1 270 855 1408
1736 2 2 2 1 511 740 1535
1737 2 2 2 1 939 351 1301
1738 2 2 2 1 50 51 868
1739 2 2 2 1 683 283 1453
1740 2 2 2 1 281 668 1320
1741 2 2 2 1 994 477 1205
1742 2 2 2 1 161 790 1080
1743 2 2 2 1 301 984 1437
1744 2 2 2 1 341 751 1037
1745 2 2 2 1 361 718 1218
1746 2 2 2 1 564 939 1301
1747 2 2 2 1 712 319 1032
1748 2 2 2 1 459 987 992
1749 2 2 2 1 1173 481 1313
1750 2 2 2 1 703 199 1060
1751 2 2 2 1 790 414 1080
1752 2 2 2 1 887 514 1257
1753 2 2 2 1 987 364 992
1754 2 2 2 1 26 27 947
1755 2 2 2 1 921 406 1038
1756 2 2 2 1 453 921 1038
1757 2 2 2 1 1290 1094 1618
1758 2 2 2 1 682 400 1288
1759 2 2 2 1 209 682 1288
1760 2 2 2 1 715 411 1198
1761 2 2 2 1 521 777 1514
1762 2 2 2 1 888 492 1216
1763 2 2 2 1 699 288 1476
1764 2 2 2 1 232 759 1077
1765 2 2 2 1 432 955 1155
1766 2 2 2 1 278 682 1168
1767 2 2 2 1 281 706 1396
1768 2 2 2 1 283 715 1198
1769 2 2 2 1 353 840 961
1770 2 2 2 1 901 741 1267
1771 2 2 2 1 46 870 1346
1772 2 2 2 1 199 685 1567
1773 2 2 2 1 866 326 1616
1774 2 2 2 1 341 888 1216
1775 2 2 2 1 310 1013 1628
1776 2 2 2 1 694 180 1254
1777 2 2 2 1 90 762 1498
1778 2 2 2 1 690 423 1245
1779 2 2 2 1 88 89 928
1780 2 2 2 1 687 279 1160
1781 2 2 2 1 400 863 1123
1782 2 2 2 1 1012 275 1345
1783 2 2 2 1 243 958 1291
1784 2 2 2 1 128 727 1354
1785 2 2 2 1 925 396 1595
1786 2 2 2 1 211 688 1571
1787 2 2 2 1 777 360 1046
1788 2 2 2 1 322 707 1082
1789 2 2 2 1 770 436 1316
1790 2 2 2 1 770 1316 1480
1791 2 2 2 1 1241 461 1612
1792 2 2 2 1 460 857 1166
1793 2 2 2 1 545 884 1374
1794 2 2 2 1 762 302 1611
1795 2 2 2 1 115 116 1147
1796 2 2 2 1 361 860 1199
1797 2 2 2 1 688 283 1198
1798 2 2 2 1 695 204 1125
1799 2 2 2 1 88 928 1621
1800 2 2 2 1 335 944 1464
1801 2 2 2 1 398 1124 1163
1802 2 2 2 1 701 317 1438
1803 2 2 2 1 1036 449 1058
1804 2 2 2 1 857 232 1166
1805 2 2 2 1 884 268 1374
1806 2 2 2 1 632 776 1332
1807 2 2 2 1 263 690 1245
1808 2 2 2 1 690 396 1558
1809 2 2 2 1 993 537 1151
1810 2 2 2 1 473 828 1392
1811 2 2 2 1 727 385 1354
1812 2 2 2 1 694 267 1323
1813 2 2 2 1 709 304 1466
1814 2 2 2 1 413 993 1151
1815 2 2 2 1 1055 509 1443
1816 2 2 2 1 222 701 1440
1817 2 2 2 1 847 363 1104
1818 2 2 2 1 450 839 1176
1819 2 2 2 1 720 264 1146
1820 2 2 2 1 347 691 1248
1821 2 2 2 1 1300 222 1531
1822 2 2 2 1 220 704 1108
1823 2 2 2 1 522 1092 1513
1824 2 2 2 1 924 206 1019
1825 2 2 2 1 248 875 1145
1826 2 2 2 1 67 68 1067
1827 2 2 2 1 405 720 1146
1828 2 2 2 1 277 763 980
1829 2 2 2 1 695 408 1242
1830 2 2 2 1 1203 884 1478
1831 2 2 2 1 934 521 1514
1832 2 2 2 1 309 772 1562
1833 2 2 2 1 120 757 1303
1834 2 2 2 1 164 920 1575
1835 2 2 2 1 366 753 1003
1836 2 2 2 1 696 424 1296
1837 2 2 2 1 231 696 1296
1838 2 2 2 1 228 882 1095
1839 2 2 2 1 126 127 902
1840 2 2 2 1 185 737 1225
1841 2 2 2 1 1286 424 1539
1842 2 2 2 1 900 370 971
1843 2 2 2 1 216 960 1421
1844 2 2 2 1 875 466 1145
1845 2 2 2 1 696 231 1222
1846 2 2 2 1 204 695 1483
1847 2 2 2 1 535 848 1613
1848 2 2 2 1 382 726 1086
1849 2 2 2 1 1109 33 1297
1850 2 2 2 1 700 238 1193
1851 2 2 2 1 339 1162 1389
1852 2 2 2 1 693 290 1415
1853 2 2 2 1 207 760 1479
1854 2 2 2 1 39 1380 1448
1855 2 2 2 1 472 1219 1329
1856 2 2 2 1 795 213 941
1857 2 2 2 1 938 371 1331
1858 2 2 2 1 811 346 1106
1859 2 2 2 1 427 775 1159
1860 2 2 2 1 224 822 945
1861 2 2 2 1 726 267 1086
1862 2 2 2 1 717 470 1419
1863 2 2 2 1 101 723 1050
1864 2 2 2 1 210 1530 1584
1865 2 2 2 1 360 777 1064
1866 2 2 2 1 857 463 1494
1867 2 2 2 1 193 707 1113
1868 2 2 2 1 238 700 1165
1869 2 2 2 1 61 801 1176
1870 2 2 2 1 422 799 1134
1871 2 2 2 1 244 915 1363
1872 2 2 2 1 788 348 972
1873 2 2 2 1 417 694 1323
1874 2 2 2 1 775 15 1159
1875 2 2 2 1 711 361 1135
1876 2 2 2 1 822 379 945
1877 2 2 2 1 961 699 1540
1878 2 2 2 1 229 758 1480
1879 2 2 2 1 753 168 1003
1880 2 2 2 1 1359 448 1405
1881 2 2 2 1 1333 527 1365
1882 2 2 2 1 662 1110 1422
1883 2 2 2 1 472 866 1229
1884 2 2 2 1 938 512 1084
1885 2 2 2 1 381 773 1484
1886 2 2 2 1 850 207 1479
1887 2 2 2 1 869 1017 1399
1888 2 2 2 1 330 740 1485
1889 2 2 2 1 1010 412 1144
1890 2 2 2 1 666 1286 1539
1891 2 2 2 1 380 739 1342
1892 2 2 2 1 13 14 1083
1893 2 2 2 1 367 896 1036
1894 2 2 2 1 407 694 1254
1895 2 2 2 1 453 809 1348
1896 2 2 2 1 866 226 1229
1897 2 2 2 1 717 293 1509
1898 2 2 2 1 493 807 1417
1899 2 2 2 1 442 702 1548
1900 2 2 2 1 230 792 1141
1901 2 2 2 1 237 887 1064
1902 2 2 2 1 97 806 1308
1903 2 2 2 1 792 428 1141
1904 2 2 2 1 722 201 1564
1905 2 2 2 1 528 1101 1628
1906 2 2 2 1 454 816 969
1907 2 2 2 1 1275 245 1481
1908 2 2 2 1 154 153 1454
1909 2 2 2 1 489 722 1564
1910 2 2 2 1 928 609 1621
1911 2 2 2 1 305 735 1347
1912 2 2 2 1 839 375 934
1913 2 2 2 1 25 717 1419
1914 2 2 2 1 743 684 1451
1915 2 2 2 1 494 804 1513
1916 2 2 2 1 821 349 1570
1917 2 2 2 1 363 847 925
1918 2 2 2 1 714 420 1271
1919 2 2 2 1 518 932 1327
1920 2 2 2 1 807 264 1417
1921 2 2 2 1 361 711 1244
1922 2 2 2 1 711 303 1370
1923 2 2 2 1 299 714 1271
1924 2 2 2 1 59 839 934
1925 2 2 2 1 904 135 1001
1926 2 2 2 1 470 717 1509
1927 2 2 2 1 419 1297 1466
1928 2 2 2 1 973 696 1510
1929 2 2 2 1 335 708 1252
1930 2 2 2 1 375 744 1075
1931 2 2 2 1 946 352 950
1932 2 2 2 1 503 946 950
1933 2 2 2 1 328 712 1282
1934 2 2 2 1 437 823 1287
1935 2 2 2 1 1297 709 1466
1936 2 2 2 1 742 313 1056
1937 2 2 2 1 794 340 1129
1938 2 2 2 1 385 727 1110
1939 2 2 2 1 422 794 1129
1940 2 2 2 1 174 767 1031
1941 2 2 2 1 853 217 1005
1942 2 2 2 1 1530 710 1584
1943 2 2 2 1 307 731 1574
1944 2 2 2 1 738 643 1249
1945 2 2 2 1 713 336 1356
1946 2 2 2 1 1084 512 1422
1947 2 2 2 1 1331 371 1536
1948 2 2 2 1 362 736 1565
1949 2 2 2 1 393 752 1111
1950 2 2 2 1 1352 560 1445
1951 2 2 2 1 914 197 994
1952 2 2 2 1 748 541 1061
1953 2 2 2 1 752 166 1111
1954 2 2 2 1 276 770 1413
1955 2 2 2 1 815 125 1376
1956 2 2 2 1 100 101 1050
1957 2 2 2 1 183 1070 1215
1958 2 2 2 1 1030 5 1604
1959 2 2 2 1 526 716 1454
1960 2 2 2 1 124 815 1462
1961 2 2 2 1 12 13 1326
1962 2 2 2 1 744 237 1075
1963 2 2 2 1 1070 577 1215
1964 2 2 2 1 764 371 1084
1965 2 2 2 1 770 471 1413
1966 2 2 2 1 1211 163 1286
1967 2 2 2 1 864 359 1147
1968 2 2 2 1 1136 639 1512
1969 2 2 2 1 426 914 994
1970 2 2 2 1 445 1014 1174
1971 2 2 2 1 14 775 1083
1972 2 2 2 1 989 810 1230
1973 2 2 2 1 152 151 1167
1974 2 2 2 1 980 692 1543
1975 2 2 2 1 171 896 1293
1976 2 2 2 1 719 181 1407
1977 2 2 2 1 769 369 1511
1978 2 2 2 1 666 1211 1286
1979 2 2 2 1 729 54 1555
1980 2 2 2 1 445 843 1014
1981 2 2 2 1 423 716 1245
1982 2 2 2 1 91 92 1051
1983 2 2 2 1 628 820 1180
1984 2 2 2 1 718 186 1218
1985 2 2 2 1 342 911 1306
1986 2 2 2 1 1336 673 1622
1987 2 2 2 1 154 716 1302
1988 2 2 2 1 430 988 1172
1989 2 2 2 1 767 372 1031
1990 2 2 2 1 729 305 1347
1991 2 2 2 1 843 319 1014
1992 2 2 2 1 723 298 1350
1993 2 2 2 1 974 215 982
1994 2 2 2 1 856 594 1616
1995 2 2 2 1 433 729 1347
1996 2 2 2 1 135 136 1001
1997 2 2 2 1 548 738 1249
1998 2 2 2 1 58 59 934
1999 2 2 2 1 1079 798 1477
2000 2 2 2 1 762 91 1051
2001 2 2 2 1 329 781 1017
2002 2 2 2 1 188 1216 1552
2003 2 2 2 1 657 1160 1519
2004 2 2 2 1 773 145 1484
2005 2 2 2 1 822 376 974
2006 2 2 2 1 896 449 1036
2007 2 2 2 1 727 128 1366
2008 2 2 2 1 468 1175 1274
2009 2 2 2 1 131 132 1342
2010 2 2 2 1 1127 212 1258
2011 2 2 2 1 432 1155 1582
2012 2 2 2 1 734 470 1509
2013 2 2 2 1 264 720 1400
2014 2 2 2 1 589 955 1266
2015 2 2 2 1 744 383 1253
2016 2 2 2 1 761 956 1372
2017 2 2 2 1 281 768 1073
2018 2 2 2 1 390 1087 1620
2019 2 2 2 1 820 194 1428
2020 2 2 2 1 797 500 1515
2021 2 2 2 1 716 423 1302
2022 2 2 2 1 844 77 1516
2023 2 2 2 1 753 307 1317
2024 2 2 2 1 155 154 1302
2025 2 2 2 1 349 890 1570
2026 2 2 2 1 799 540 1516
2027 2 2 2 1 55 56 1046
2028 2 2 2 1 1201 476 1292
2029 2 2 2 1 78 799 1516
2030 2 2 2 1 721 191 1373
2031 2 2 2 1 759 359 1077
2032 2 2 2 1 448 749 1405
2033 2 2 2 1 160 797 1515
2034 2 2 2 1 855 417 1258
2035 2 2 2 1 540 844 1516
2036 2 2 2 1 976 472 1329
2037 2 2 2 1 720 421 1400
2038 2 2 2 1 167 742 1154
2039 2 2 2 1 768 378 1073
2040 2 2 2 1 269 1142 1506
2041 2 2 2 1 1438 854 1486
2042 2 2 2 1 730 533 1542
2043 2 2 2 1 742 167 1137
2044 2 2 2 1 429 1208 1269
2045 2 2 2 1 747 386 1460
2046 2 2 2 1 742 394 1154
2047 2 2 2 1 421 720 1284
2048 2 2 2 1 99 100 1007
2049 2 2 2 1 95 96 983
2050 2 2 2 1 743 331 1122
2051 2 2 2 1 1096 432 1582
2052 2 2 2 1 977 165 1434
2053 2 2 2 1 749 295 1405
2054 2 2 2 1 351 725 1301
2055 2 2 2 1 131 739 1561
2056 2 2 2 1 56 777 1046
2057 2 2 2 1 888 216 942
2058 2 2 2 1 393 745 1578
2059 2 2 2 1 746 321 1593
2060 2 2 2 1 373 870 1034
2061 2 2 2 1 246 764 1084
2062 2 2 2 1 502 1423 1529
2063 2 2 2 1 96 97 1308
2064 2 2 2 1 18 19 964
2065 2 2 2 1 38 39 1448
2066 2 2 2 1 732 364 1487
2067 2 2 2 1 593 977 1434
2068 2 2 2 1 379 877 945
2069 2 2 2 1 267 726 1323
2070 2 2 2 1 735 421 1284
2071 2 2 2 1 777 521 1064
2072 2 2 2 1 407 795 1029
2073 2 2 2 1 265 1136 1512
2074 2 2 2 1 452 728 1338
2075 2 2 2 1 735 219 1227
2076 2 2 2 1 219 735 1284
2077 2 2 2 1 745 295 1578
2078 2 2 2 1 1069 830 1587
2079 2 2 2 1 877 172 971
2080 2 2 2 1 256 736 1444
2081 2 2 2 1 326 866 976
2082 2 2 2 1 217 724 1523
2083 2 2 2 1 612 743 1451
2084 2 2 2 1 202 816 1358
2085 2 2 2 1 1160 279 1519
2086 2 2 2 1 501 1074 1459
2087 2 2 2 1 402 904 1001
2088 2 2 2 1 809 302 1348
2089 2 2 2 1 62 63 1335
2090 2 2 2 1 733 192 1375
2091 2 2 2 1 482 820 1428
2092 2 2 2 1 805 204 1625
2093 2 2 2 1 417 726 1258
2094 2 2 2 1 755 352 1231
2095 2 2 2 1 233 1036 1058
2096 2 2 2 1 726 417 1323
2097 2 2 2 1 126 902 1376
2098 2 2 2 1 796 398 1163
2099 2 2 2 1 9 10 1235
2100 2 2 2 1 408 877 971
2101 2 2 2 1 576 786 1137
2102 2 2 2 1 288 905 1476
2103 2 2 2 1 1123 863 1545
2104 2 2 2 1 320 856 1550
2105 2 2 2 1 372 895 1475
2106 2 2 2 1 1208 605 1269
2107 2 2 2 1 1184 250 1205
2108 2 2 2 1 866 472 976
2109 2 2 2 1 763 403 1468
2110 2 2 2 1 760 475 1121
2111 2 2 2 1 119 120 1303
2112 2 2 2 1 791 368 1054
2113 2 2 2 1 291 783 1626
2114 2 2 2 1 75 76 1239
2115 2 2 2 1 518 1314 1403
2116 2 2 2 1 295 752 1578
2117 2 2 2 1 334 738 1439
2118 2 2 2 1 560 1352 1546
2119 2 2 2 1 736 455 1351
2120 2 2 2 1 237 744 1253
2121 2 2 2 1 927 506 1281
2122 2 2 2 1 790 161 1280
2123 2 2 2 1 80 794 1134
2124 2 2 2 1 833 227 1057
2125 2 2 2 1 783 523 1626
2126 2 2 2 1 752 393 1578
2127 2 2 2 1 890 689 1570
2128 2 2 2 1 388 927 1281
2129 2 2 2 1 749 184 1163
2130 2 2 2 1 889 381 1484
2131 2 2 2 1 172 900 971
2132 2 2 2 1 817 330 1485
2133 2 2 2 1 440 790 1280
2134 2 2 2 1 401 833 1057
2135 2 2 2 1 1259 437 1463
2136 2 2 2 1 887 360 1064
2137 2 2 2 1 902 513 1376
2138 2 2 2 1 233 814 1036
2139 2 2 2 1 751 341 1216
2140 2 2 2 1 210 817 1530
2141 2 2 2 1 998 386 999
2142 2 2 2 1 749 448 1246
2143 2 2 2 1 937 383 1261
2144 2 2 2 1 376 822 1367
2145 2 2 2 1 441 998 999
2146 2 2 2 1 380 881 1028
2147 2 2 2 1 378 768 1126
2148 2 2 2 1 539 1156 1455
2149 2 2 2 1 122 123 1251
2150 2 2 2 1 966 178 1418
2151 2 2 2 1 293 734 1509
2152 2 2 2 1 881 614 1028
2153 2 2 2 1 430 1384 1534
2154 2 2 2 1 481 1032 1313
2155 2 2 2 1 421 741 1400
2156 2 2 2 1 297 748 1259
2157 2 2 2 1 1099 276 1413
2158 2 2 2 1 302 762 1348
2159 2 2 2 1 596 1300 1531
2160 2 2 2 1 633 1099 1413
2161 2 2 2 1 268 932 1304
2162 2 2 2 1 740 511 1568
2163 2 2 2 1 330 817 1061
2164 2 2 2 1 116 864 1147
2165 2 2 2 1 295 745 1405
2166 2 2 2 1 365 853 1005
2167 2 2 2 1 256 973 1360
2168 2 2 2 1 428 1085 1317
2169 2 2 2 1 209 765 1148
2170 2 2 2 1 973 555 1360
2171 2 2 2 1 810 200 1351
2172 2 2 2 1 826 273 1065
2173 2 2 2 1 463 1255 1322
2174 2 2 2 1 455 810 1351
2175 2 2 2 1 802 168 1085
2176 2 2 2 1 746 279 1537
2177 2 2 2 1 297 747 1460
2178 2 2 2 1 932 518 1304
2179 2 2 2 1 159 747 1463
2180 2 2 2 1 427 750 1502
2181 2 2 2 1 767 174 1162
2182 2 2 2 1 459 1313 1517
2183 2 2 2 1 6 147 996
2184 2 2 2 1 394 826 1065
2185 2 2 2 1 1316 229 1480
2186 2 2 2 1 748 210 1411
2187 2 2 2 1 860 361 1218
2188 2 2 2 1 768 281 1396
2189 2 2 2 1 1271 705 1392
2190 2 2 2 1 289 1336 1622
2191 2 2 2 1 39 2 1380
2192 2 2 2 1 2 40 1380
2193 2 2 2 1 299 1271 1392
2194 2 2 2 1 178 1355 1418
2195 2 2 2 1 219 897 1227
2196 2 2 2 1 1215 659 1500
2197 2 2 2 1 760 207 1541
2198 2 2 2 1 109 110 1427
2199 2 2 2 1 1462 815 1634
2200 2 2 2 1 862 11 1404
2201 2 2 2 1 1255 629 1322
2202 2 2 2 1 1045 312 1311
2203 2 2 2 1 127 128 1354
2204 2 2 2 1 750 350 1502
2205 2 2 2 1 234 865 1100
2206 2 2 2 1 752 295 1524
2207 2 2 2 1 865 425 1100
2208 2 2 2 1 403 763 1202
2209 2 2 2 1 774 425 1395
2210 2 2 2 1 68 69 1467
2211 2 2 2 1 172 877 1260
2212 2 2 2 1 448 768 1396
2213 2 2 2 1 268 884 1606
2214 2 2 2 1 579 1045 1311
2215 2 2 2 1 171 1293 1597
2216 2 2 2 1 141 140 1190
2217 2 2 2 1 751 483 1412
2218 2 2 2 1 681 1202 1629
2219 2 2 2 1 27 28 1025
2220 2 2 2 1 242 873 1223
2221 2 2 2 1 1424 607 1458
2222 2 2 2 1 354 858 1016
2223 2 2 2 1 475 760 1541
2224 2 2 2 1 1388 451 1610
2225 2 2 2 1 317 854 1438
2226 2 2 2 1 759 232 1494
2227 2 2 2 1 769 449 1234
2228 2 2 2 1 891 141 1190
2229 2 2 2 1 717 947 1307
2230 2 2 2 1 365 892 1320
2231 2 2 2 1 563 944 1601
2232 2 2 2 1 647 771 1224
2233 2 2 2 1 439 842 1240
2234 2 2 2 1 1174 527 1333
2235 2 2 2 1 813 410 1132
2236 2 2 2 1 765 565 1572
2237 2 2 2 1 771 581 1224
2238 2 2 2 1 755 477 1315
2239 2 2 2 1 29 825 1532
2240 2 2 2 1 369 876 1511
2241 2 2 2 1 323 756 1401
2242 2 2 2 1 445 1174 1333
2243 2 2 2 1 317 792 1265
2244 2 2 2 1 820 482 1477
2245 2 2 2 1 929 781 1521
2246 2 2 2 1 985 429 1058
2247 2 2 2 1 228 1095 1330
2248 2 2 2 1 183 1215 1500
2249 2 2 2 1 832 384 1334
2250 2 2 2 1 842 36 1240
2251 2 2 2 1 794 422 1134
2252 2 2 2 1 870 454 1346
2253 2 2 2 1 525 915 1588
2254 2 2 2 1 218 754 1386
2255 2 2 2 1 171 778 1365
2256 2 2 2 1 873 242 1424
2257 2 2 2 1 781 329 1521
2258 2 2 2 1 1150 308 1368
2259 2 2 2 1 490 779 1212
2260 2 2 2 1 449 985 1058
2261 2 2 2 1 970 523 978
2262 2 2 2 1 399 910 1263
2263 2 2 2 1 468 787 1371
2264 2 2 2 1 821 362 1565
2265 2 2 2 1 968 718 1244
2266 2 2 2 1 304 820 1477
2267 2 2 2 1 198 788 1269
2268 2 2 2 1 505 873 1424
2269 2 2 2 1 757 120 1508
2270 2 2 2 1 787 104 1371
2271 2 2 2 1 803 451 1388
2272 2 2 2 1 357 970 978
2273 2 2 2 1 108 109 1022
2274 2 2 2 1 1065 616 1154
2275 2 2 2 1 444 780 1206
2276 2 2 2 1 1384 372 1475
2277 2 2 2 1 336 1015 1632
2278 2 2 2 1 346 814 1106
2279 2 2 2 1 870 47 1034
2280 2 2 2 1 47 48 1034
2281 2 2 2 1 430 923 1384
2282 2 2 2 1 252 803 1388
2283 2 2 2 1 788 429 1269
2284 2 2 2 1 761 315 1276
2285 2 2 2 1 396 772 1595
2286 2 2 2 1 308 1024 1368
2287 2 2 2 1 861 370 1471
2288 2 2 2 1 832 202 1518
2289 2 2 2 1 21 813 1132
2290 2 2 2 1 766 119 1303
2291 2 2 2 1 139 5 1030
2292 2 2 2 1 957 571 1343
2293 2 2 2 1 1043 405 1492
2294 2 2 2 1 514 887 1446
2295 2 2 2 1 145 144 1484
2296 2 2 2 1 763 581 1615
2297 2 2 2 1 1189 590 1237
2298 2 2 2 1 556 949 1557
2299 2 2 2 1 891 355 1048
2300 2 2 2 1 491 778 1597
2301 2 2 2 1 460 943 1056
2302 2 2 2 1 765 488 1430
2303 2 2 2 1 69 70 1033
2304 2 2 2 1 764 246 1429
2305 2 2 2 1 239 769 1511
2306 2 2 2 1 778 171 1597
2307 2 2 2 1 812 219 1131
2308 2 2 2 1 442 1011 1018
2309 2 2 2 1 887 237 1446
2310 2 2 2 1 221 841 1081
2311 2 2 2 1 434 1189 1237
2312 2 2 2 1 880 793 1381
2313 2 2 2 1 385 902 1354
2314 2 2 2 1 578 789 1324
2315 2 2 2 1 1011 402 1018
2316 2 2 2 1 881 380 1342
2317 2 2 2 1 727 1366 1614
2318 2 2 2 1 462 809 1440
2319 2 2 2 1 779 490 1605
2320 2 2 2 1 475 899 1072
2321 2 2 2 1 809 222 1440
2322 2 2 2 1 779 316 1256
2323 2 2 2 1 395 826 1098
2324 2 2 2 1 1202 181 1629
2325 2 2 2 1 54 55 1555
2326 2 2 2 1 213 912 1053
2327 2 2 2 1 58 934 1514
2328 2 2 2 1 264 807 1146
2329 2 2 2 1 255 927 1369
2330 2 2 2 1 968 225 1206
2331 2 2 2 1 1326 636 1363
2332 2 2 2 1 490 784 1605
2333 2 2 2 1 426 782 1277
2334 2 2 2 1 315 761 1372
2335 2 2 2 1 555 973 1510
2336 2 2 2 1 974 376 1212
2337 2 2 2 1 471 770 1480
2338 2 2 2 1 350 775 1502
2339 2 2 2 1 1204 584 1276
2340 2 2 2 1 316 779 1605
2341 2 2 2 1 780 444 1270
2342 2 2 2 1 810 455 1230
2343 2 2 2 1 1117 155 1302
2344 2 2 2 1 1091 649 1465
2345 2 2 2 1 523 783 1624
2346 2 2 2 1 776 285 1332
2347 2 2 2 1 449 896 1234
2348 2 2 2 1 916 516 1041
2349 2 2 2 1 784 316 1605
2350 2 2 2 1 498 864 1456
2351 2 2 2 1 775 427 1502
2352 2 2 2 1 412 916 1041
2353 2 2 2 1 768 448 1359
2354 2 2 2 1 823 437 1411
2355 2 2 2 1 45 46 1346
2356 2 2 2 1 208 858 1383
2357 2 2 2 1 864 117 1456
2358 2 2 2 1 287 774 1395
2359 2 2 2 1 826 395 1200
2360 2 2 2 1 1366 569 1614
2361 2 2 2 1 93 94 1114
2362 2 2 2 1 824 342 1306
2363 2 2 2 1 213 795 1450
2364 2 2 2 1 896 171 1234
2365 2 2 2 1 688 1076 1566
2366 2 2 2 1 782 556 1557
2367 2 2 2 1 791 194 1549
2368 2 2 2 1 804 494 1223
2369 2 2 2 1 873 505 1272
2370 2 2 2 1 774 535 1433
2371 2 2 2 1 1104 363 1379
2372 2 2 2 1 859 214 1079
2373 2 2 2 1 79 80 1134
2374 2 2 2 1 1068 529 1214
2375 2 2 2 1 306 785 1551
2376 2 2 2 1 235 1018 1533
2377 2 2 2 1 914 426 1277
2378 2 2 2 1 492 942 1540
2379 2 2 2 1 959 365 1320
2380 2 2 2 1 465 1135 1199
2381 2 2 2 1 793 573 1381
2382 2 2 2 1 787 468 1339
2383 2 2 2 1 300 1068 1214
2384 2 2 2 1 886 45 1346
2385 2 2 2 1 964 501 1310
2386 2 2 2 1 86 87 1071
2387 2 2 2 1 371 924 1019
2388 2 2 2 1 900 172 1331
2389 2 2 2 1 462 1438 1486
2390 2 2 2 1 785 225 1457
2391 2 2 2 1 540 799 1268
2392 2 2 2 1 478 900 1331
2393 2 2 2 1 854 508 1528
2394 2 2 2 1 197 950 1315
2395 2 2 2 1 223 847 1104
2396 2 2 2 1 337 819 1157
2397 2 2 2 1 997 411 1140
2398 2 2 2 1 171 1006 1234
2399 2 2 2 1 1370 479 1457
2400 2 2 2 1 18 964 1310
2401 2 2 2 1 798 419 1466
2402 2 2 2 1 828 473 1390
2403 2 2 2 1 417 855 1554
2404 2 2 2 1 189 854 1528
2405 2 2 2 1 964 671 1469
2406 2 2 2 1 1169 560 1546
2407 2 2 2 1 525 1326 1363
2408 2 2 2 1 84 828 1390
2409 2 2 2 1 831 190 1267
2410 2 2 2 1 867 441 1262
2411 2 2 2 1 1253 383 1587
2412 2 2 2 1 429 788 1599
2413 2 2 2 1 402 1001 1533
2414 2 2 2 1 500 1059 1608
2415 2 2 2 1 1143 550 1170
2416 2 2 2 1 1001 595 1533
2417 2 2 2 1 790 440 1506
2418 2 2 2 1 323 867 1262
2419 2 2 2 1 789 191 1619
2420 2 2 2 1 415 1143 1170
2421 2 2 2 1 792 317 1607
2422 2 2 2 1 482 1079 1477
2423 2 2 2 1 272 1102 1191
2424 2 2 2 1 315 1204 1276
2425 2 2 2 1 1102 539 1191
2426 2 2 2 1 1113 496 1470
2427 2 2 2 1 63 64 1152
2428 2 2 2 1 915 480 1340
2429 2 2 2 1 820 304 1180
2430 2 2 2 1 971 370 1242
2431 2 2 2 1 1066 550 1143
2432 2 2 2 1 327 915 1340
2433 2 2 2 1 318 845 1264
2434 2 2 2 1 855 270 1554
2435 2 2 2 1 845 435 1264
2436 2 2 2 1 1307 438 1523
2437 2 2 2 1 823 210 1584
2438 2 2 2 1 1380 566 1448
2439 2 2 2 1 849 179 1196
2440 2 2 2 1 975 347 1248
2441 2 2 2 1 797 160 1329
2442 2 2 2 1 317 802 1607
2443 2 2 2 1 882 363 1095
2444 2 2 2 1 396 847 1558
2445 2 2 2 1 862 1404 1588
2446 2 2 2 1 225 968 1244
2447 2 2 2 1 507 823 1584
2448 2 2 2 1 245 1066 1143
2449 2 2 2 1 371 938 1084
2450 2 2 2 1 451 803 1330
2451 2 2 2 1 801 62 1335
2452 2 2 2 1 806 446 1308
2453 2 2 2 1 560 1153 1445
2454 2 2 2 1 1247 480 1443
2455 2 2 2 1 168 802 1553
2456 2 2 2 1 513 935 1256
2457 2 2 2 1 273 826 1200
2458 2 2 2 1 913 532 1122
2459 2 2 2 1 995 221 1261
2460 2 2 2 1 459 1173 1313
2461 2 2 2 1 854 317 1265
2462 2 2 2 1 949 274 1557
2463 2 2 2 1 201 903 1564
2464 2 2 2 1 798 304 1477
2465 2 2 2 1 921 93 1114
2466 2 2 2 1 676 1187 1623
2467 2 2 2 1 897 433 1227
2468 2 2 2 1 374 805 1625
2469 2 2 2 1 469 1185 1362
2470 2 2 2 1 304 798 1466
2471 2 2 2 1 331 913 1122
2472 2 2 2 1 795 407 1450
2473 2 2 2 1 805 323 1544
2474 2 2 2 1 547 1021 1375
2475 2 2 2 1 539 1140 1156
2476 2 2 2 1 824 236 1228
2477 2 2 2 1 1079 482 1425
2478 2 2 2 1 1398 235 1533
2479 2 2 2 1 1140 411 1156
2480 2 2 2 1 415 872 1143
2481 2 2 2 1 1157 456 1290
2482 2 2 2 1 585 1161 1280
2483 2 2 2 1 386 883 1460
2484 2 2 2 1 1110 246 1422
2485 2 2 2 1 1161 440 1280
2486 2 2 2 1 1207 300 1214
2487 2 2 2 1 524 807 1481
2488 2 2 2 1 872 245 1143
2489 2 2 2 1 830 169 1241
2490 2 2 2 1 923 251 1298
2491 2 2 2 1 871 567 1581
2492 2 2 2 1 534 928 1498
2493 2 2 2 1 573 1207 1214
2494 2 2 2 1 1055 455 1210
2495 2 2 2 1 509 1055 1210
2496 2 2 2 1 1490 641 1528
2497 2 2 2 1 894 356 1468
2498 2 2 2 1 370 861 1483
2499 2 2 2 1 928 89 1498
2500 2 2 2 1 469 975 1248
2501 2 2 2 1 277 980 1543
2502 2 2 2 1 667 1253 1587
2503 2 2 2 1 833 324 1294
2504 2 2 2 1 815 316 1634
2505 2 2 2 1 20 21 1132
2506 2 2 2 1 625 1388 1610
2507 2 2 2 1 159 819 1594
2508 2 2 2 1 210 823 1411
2509 2 2 2 1 378 1126 1526
2510 2 2 2 1 412 1041 1398
2511 2 2 2 1 961 840 1598
2512 2 2 2 1 31 871 1581
2513 2 2 2 1 874 693 1415
2514 2 2 2 1 941 213 1053
2515 2 2 2 1 404 849 1196
2516 2 2 2 1 421 831 1267
2517 2 2 2 1 816 373 1358
2518 2 2 2 1 399 918 1602
2519 2 2 2 1 236 1105 1228
2520 2 2 2 1 1126 647 1526
2521 2 2 2 1 846 407 1254
2522 2 2 2 1 280 1352 1445
2523 2 2 2 1 451 1095 1194
2524 2 2 2 1 128 129 1366
2525 2 2 2 1 372 923 1298
2526 2 2 2 1 214 859 1181
2527 2 2 2 1 1156 187 1455
2528 2 2 2 1 76 844 1239
2529 2 2 2 1 816 202 1461
2530 2 2 2 1 836 318 1264
2531 2 2 2 1 15 16 1159
2532 2 2 2 1 232 857 1494
2533 2 2 2 1 1339 249 1436
2534 2 2 2 1 904 402 1278
2535 2 2 2 1 222 1038 1531
2536 2 2 2 1 860 258 1199
2537 2 2 2 1 861 204 1483
2538 2 2 2 1 459 992 1173
2539 2 2 2 1 1155 672 1580
2540 2 2 2 1 284 1155 1580
2541 2 2 2 1 915 327 1588
2542 2 2 2 1 1442 602 1515
2543 2 2 2 1 918 399 1179
2544 2 2 2 1 822 224 1367
2545 2 2 2 1 829 229 1316
2546 2 2 2 1 60 61 1176
2547 2 2 2 1 1071 87 1621
2548 2 2 2 1 992 227 1173
2549 2 2 2 1 52 53 1182
2550 2 2 2 1 246 1084 1422
2551 2 2 2 1 420 869 1213
2552 2 2 2 1 331 832 1334
2553 2 2 2 1 132 881 1342
2554 2 2 2 1 10 862 1235
2555 2 2 2 1 200 821 1565
2556 2 2 2 1 1004 607 1424
2557 2 2 2 1 869 173 1213
2558 2 2 2 1 505 1424 1458
2559 2 2 2 1 413 1022 1427
2560 2 2 2 1 377 817 1485
2561 2 2 2 1 583 1025 1532
2562 2 2 2 1 852 791 1549
2563 2 2 2 1 653 965 1340
2564 2 2 2 1 818 320 1612
2565 2 2 2 1 965 327 1340
2566 2 2 2 1 817 377 1530
2567 2 2 2 1 508 854 1265
2568 2 2 2 1 406 921 1114
2569 2 2 2 1 162 933 1385
2570 2 2 2 1 933 652 1385
2571 2 2 2 1 410 912 1357
2572 2 2 2 1 836 257 1324
2573 2 2 2 1 1033 416 1467
2574 2 2 2 1 898 152 1167
2575 2 2 2 1 443 922 1386
2576 2 2 2 1 983 446 1221
2577 2 2 2 1 930 517 1583
2578 2 2 2 1 855 1258 1617
2579 2 2 2 1 601 983 1221
2580 2 2 2 1 104 105 1371
2581 2 2 2 1 1000 527 1174
2582 2 2 2 1 362 821 1570
2583 2 2 2 1 282 1431 1572
2584 2 2 2 1 892 281 1320
2585 2 2 2 1 43 44 1341
2586 2 2 2 1 1025 28 1532
2587 2 2 2 1 36 37 1240
2588 2 2 2 1 905 474 1476
2589 2 2 2 1 409 891 1190
2590 2 2 2 1 1100 631 1426
2591 2 2 2 1 588 1345 1538
2592 2 2 2 1 1384 598 1534
2593 2 2 2 1 232 908 1166
2594 2 2 2 1 972 233 1599
2595 2 2 2 1 489 903 1273
2596 2 2 2 1 114 115 1305
2597 2 2 2 1 7 8 1473
2598 2 2 2 1 324 880 1294
2599 2 2 2 1 602 1275 1295
2600 2 2 2 1 526 898 1596
2601 2 2 2 1 321 841 1377
2602 2 2 2 1 829 310 1628
2603 2 2 2 1 320 830 1612
2604 2 2 2 1 898 348 1596
2605 2 2 2 1 1275 493 1295
2606 2 2 2 1 24 25 1419
2607 2 2 2 1 862 327 1586
2608 2 2 2 1 916 412 1473
2609 2 2 2 1 845 168 1553
2610 2 2 2 1 931 387 1133
2611 2 2 2 1 830 667 1587
2612 2 2 2 1 1011 260 1278
2613 2 2 2 1 910 399 1233
2614 2 2 2 1 877 379 1260
2615 2 2 2 1 170 925 1595
2616 2 2 2 1 356 980 1468
2617 2 2 2 1 923 430 1171
2618 2 2 2 1 384 832 1518
2619 2 2 2 1 547 1049 1141
2620 2 2 2 1 545 855 1617
2621 2 2 2 1 251 923 1171
2622 2 2 2 1 425 865 1395
2623 2 2 2 1 264 1400 1609
2624 2 2 2 1 843 193 1517
2625 2 2 2 1 980 763 1468
2626 2 2 2 1 157 840 1507
2627 2 2 2 1 480 915 1443
2628 2 2 2 1 915 244 1443
2629 2 2 2 1 944 335 1423
2630 2 2 2 1 275 975 1279
2631 2 2 2 1 951 670 1129
2632 2 2 2 1 579 1087 1088
2633 2 2 2 1 307 1021 1317
2634 2 2 2 1 835 570 1562
2635 2 2 2 1 975 469 1279
2636 2 2 2 1 841 221 1522
2637 2 2 2 1 502 944 1423
2638 2 2 2 1 340 951 1129
2639 2 2 2 1 83 84 1390
2640 2 2 2 1 1087 390 1088
2641 2 2 2 1 17 18 1310
2642 2 2 2 1 224 879 1290
2643 2 2 2 1 858 389 1383
2644 2 2 2 1 914 1277 1503
2645 2 2 2 1 880 481 1294
2646 2 2 2 1 391 963 1164
2647 2 2 2 1 599 1107 1500
2648 2 2 2 1 840 608 1598
2649 2 2 2 1 1400 741 1609
2650 2 2 2 1 578 1090 1373
2651 2 2 2 1 1226 470 1299
2652 2 2 2 1 925 170 1194
2653 2 2 2 1 1107 183 1500
2654 2 2 2 1 429 985 1208
2655 2 2 2 1 586 1226 1299
2656 2 2 2 1 1232 603 1613
2657 2 2 2 1 452 1012 1345
2658 2 2 2 1 1118 473 1291
2659 2 2 2 1 544 1118 1291
2660 2 2 2 1 352 977 1231
2661 2 2 2 1 979 392 1130
2662 2 2 2 1 259 1091 1465
2663 2 2 2 1 162 1385 1513
2664 2 2 2 1 408 971 1242
2665 2 2 2 1 1031 372 1298
2666 2 2 2 1 98 99 1504
2667 2 2 2 1 884 418 1606
2668 2 2 2 1 847 223 1558
2669 2 2 2 1 102 103 1353
2670 2 2 2 1 435 845 1553
2671 2 2 2 1 190 901 1267
2672 2 2 2 1 1008 461 1241
2673 2 2 2 1 11 12 1404
2674 2 2 2 1 233 1058 1599
2675 2 2 2 1 848 287 1585
2676 2 2 2 1 552 1128 1441
2677 2 2 2 1 508 1490 1528
2678 2 2 2 1 125 126 1376
2679 2 2 2 1 169 1008 1241
2680 2 2 2 1 628 852 1549
2681 2 2 2 1 910 312 1263
2682 2 2 2 1 854 189 1486
2683 2 2 2 1 173 869 1399
2684 2 2 2 1 735 1227 1347
2685 2 2 2 1 111 112 1382
2686 2 2 2 1 896 367 1293
2687 2 2 2 1 66 67 1387
2688 2 2 2 1 363 882 1379
2689 2 2 2 1 849 330 1633
2690 2 2 2 1 73 74 1449
2691 2 2 2 1 994 197 1315
2692 2 2 2 1 454 886 1346
2693 2 2 2 1 367 850 1479
2694 2 2 2 1 424 973 1539
2695 2 2 2 1 1013 528 1628
2696 2 2 2 1 1183 300 1207
2697 2 2 2 1 614 904 1278
2698 2 2 2 1 402 1011 1278
2699 2 2 2 1 477 994 1315
2700 2 2 2 1 158 880 1381
2701 2 2 2 1 530 1183 1207
2702 2 2 2 1 130 131 1561
2703 2 2 2 1 960 404 1421
2704 2 2 2 1 846 533 1592
2705 2 2 2 1 5 156 1604
2706 2 2 2 1 962 294 1442
2707 2 2 2 1 505 1458 1619
2708 2 2 2 1 605 1208 1529
2709 2 2 2 1 444 936 1270
2710 2 2 2 1 643 940 1349
2711 2 2 2 1 936 173 1270
2712 2 2 2 1 886 454 1447
2713 2 2 2 1 327 862 1588
2714 2 2 2 1 903 489 1564
2715 2 2 2 1 500 962 1442
2716 2 2 2 1 933 162 1452
2717 2 2 2 1 561 874 1415
2718 2 2 2 1 332 930 1583
2719 2 2 2 1 485 933 1452
2720 2 2 2 1 576 1137 1525
2721 2 2 2 1 863 546 1545
2722 2 2 2 1 191 919 1272
2723 2 2 2 1 1028 260 1402
2724 2 2 2 1 120 121 1508
2725 2 2 2 1 1016 460 1166
2726 2 2 2 1 117 118 1456
2727 2 2 2 1 156 155 1496
2728 2 2 2 1 123 124 1462
2729 2 2 2 1 223 1104 1187
2730 2 2 2 1 267 1029 1217
2731 2 2 2 1 911 393 1306
2732 2 2 2 1 291 988 1534
2733 2 2 2 1 665 1042 1559
2734 2 2 2 1 949 404 1414
2735 2 2 2 1 1062 303 1499
2736 2 2 2 1 592 1062 1499
2737 2 2 2 1 144 889 1484
2738 2 2 2 1 89 90 1498
2739 2 2 2 1 188 1153 1337
2740 2 2 2 1 983 96 1308
2741 2 2 2 1 28 29 1532
2742 2 2 2 1 57 58 1514
2743 2 2 2 1 274 949 1414
2744 2 2 2 1 865 503 1577
2745 2 2 2 1 942 353 1540
2746 2 2 2 1 77 78 1516
2747 2 2 2 1 588 1192 1345
2748 2 2 2 1 552 1441 1600
2749 2 2 2 1 912 213 1357
2750 2 2 2 1 1153 560 1337
2751 2 2 2 1 1091 621 1358
2752 2 2 2 1 537 1225 1573
2753 2 2 2 1 1225 651 1573
2754 2 2 2 1 902 127 1354
2755 2 2 2 1 30 31 1581
2756 2 2 2 1 997 211 1571
2757 2 2 2 1 197 914 1560
2758 2 2 2 1 221 937 1261
2759 2 2 2 1 914 495 1560
2760 2 2 2 1 679 1063 1431
2761 2 2 2 1 880 158 1576
2762 2 2 2 1 481 880 1576
2763 2 2 2 1 1169 483 1337
2764 2 2 2 1 560 1169 1337
2765 2 2 2 1 884 545 1478
2766 2 2 2 1 373 1091 1358
2767 2 2 2 1 963 391 1430
2768 2 2 2 1 220 1000 1174
2769 2 2 2 1 920 306 1551
2770 2 2 2 1 148 6 1556
2771 2 2 2 1 488 963 1430
2772 2 2 2 1 87 88 1621
2773 2 2 2 1 517 893 1402
2774 2 2 2 1 1097 632 1200
2775 2 2 2 1 412 1010 1473
2776 2 2 2 1 920 479 1575
2777 2 2 2 1 1149 417 1554
2778 2 2 2 1 288 961 1598
2779 2 2 2 1 1092 280 1220
2780 2 2 2 1 956 217 1523
2781 2 2 2 1 506 937 1281
2782 2 2 2 1 494 1092 1220
2783 2 2 2 1 985 239 1208
2784 2 2 2 1 977 593 1231
2785 2 2 2 1 1191 539 1455
2786 2 2 2 1 706 1246 1396
2787 2 2 2 1 426 994 1205
2788 2 2 2 1 395 1097 1200
2789 2 2 2 1 216 888 1535
2790 2 2 2 1 1006 171 1365
2791 2 2 2 1 955 432 1266
2792 2 2 2 1 440 929 1506
2793 2 2 2 1 244 989 1230
2794 2 2 2 1 1049 230 1141
2795 2 2 2 1 948 159 1463
2796 2 2 2 1 1078 410 1357
2797 2 2 2 1 167 967 1525
2798 2 2 2 1 585 1040 1161
2799 2 2 2 1 1040 241 1161
2800 2 2 2 1 1067 683 1453
2801 2 2 2 1 403 894 1468
2802 2 2 2 1 762 1051 1348
2803 2 2 2 1 895 218 1475
2804 2 2 2 1 500 1442 1515
2805 2 2 2 1 466 1162 1236
2806 2 2 2 1 923 372 1384
2807 2 2 2 1 947 438 1307
2808 2 2 2 1 1007 528 1504
2809 2 2 2 1 948 437 1287
2810 2 2 2 1 636 989 1363
2811 2 2 2 1 1050 723 1350
2812 2 2 2 1 280 1092 1352
2813 2 2 2 1 99 1007 1504
2814 2 2 2 1 1092 522 1352
2815 2 2 2 1 394 1065 1154
2816 2 2 2 1 584 1009 1276
2817 2 2 2 1 182 1123 1545
2818 2 2 2 1 172 938 1331
2819 2 2 2 1 927 388 1369
2820 2 2 2 1 1171 430 1172
2821 2 2 2 1 542 1123 1321
2822 2 2 2 1 479 920 1551
2823 2 2 2 1 1123 542 1368
2824 2 2 2 1 969 816 1461
2825 2 2 2 1 1123 182 1321
2826 2 2 2 1 956 583 1372
2827 2 2 2 1 1137 167 1525
2828 2 2 2 1 677 1078 1357
2829 2 2 2 1 400 1123 1368
2830 2 2 2 1 940 247 1349
2831 2 2 2 1 207 899 1541
2832 2 2 2 1 1139 247 1268
2833 2 2 2 1 203 1126 1359
2834 2 2 2 1 1026 462 1486
2835 2 2 2 1 562 1171 1172
2836 2 2 2 1 286 1364 1547
2837 2 2 2 1 899 475 1541
2838 2 2 2 1 1004 242 1273
2839 2 2 2 1 668 959 1320
2840 2 2 2 1 400 1024 1288
2841 2 2 2 1 1082 445 1333
2842 2 2 2 1 557 1462 1634
2843 2 2 2 1 963 488 1382
2844 2 2 2 1 376 966 1418
2845 2 2 2 1 1145 466 1236
2846 2 2 2 1 1364 685 1547
2847 2 2 2 1 112 963 1382
2848 2 2 2 1 936 351 1497
2849 2 2 2 1 8 916 1473
2850 2 2 2 1 1017 538 1399
2851 2 2 2 1 600 1325 1611
2852 2 2 2 1 1010 7 1473
2853 2 2 2 1 326 901 1616
2854 2 2 2 1 1126 768 1359
2855 2 2 2 1 495 914 1503
2856 2 2 2 1 351 939 1497
2857 2 2 2 1 957 476 1449
2858 2 2 2 1 907 332 1583
2859 2 2 2 1 446 983 1308
2860 2 2 2 1 1352 522 1546
2861 2 2 2 1 1162 466 1389
2862 2 2 2 1 1312 526 1596
2863 2 2 2 1 451 1194 1610
2864 2 2 2 1 1011 442 1548
2865 2 2 2 1 678 1312 1596
2866 2 2 2 1 476 957 1343
2867 2 2 2 1 437 1259 1411
2868 2 2 2 1 248 1145 1209
2869 2 2 2 1 455 1055 1230
2870 2 2 2 1 238 1165 1299
2871 2 2 2 1 788 972 1599
2872 2 2 2 1 1142 641 1490
2873 2 2 2 1 186 978 1624
2874 2 2 2 1 1145 486 1209
2875 2 2 2 1 1055 244 1230
2876 2 2 2 1 510 1319 1328
2877 2 2 2 1 556 1507 1603
2878 2 2 2 1 967 377 1568
2879 2 2 2 1 511 967 1568
2880 2 2 2 1 312 1045 1263
2881 2 2 2 1 1045 587 1263
2882 2 2 2 1 510 1197 1319
2883 2 2 2 1 918 157 1602
2884 2 2 2 1 999 159 1594
2885 2 2 2 1 944 165 1601
2886 2 2 2 1 572 969 1461
2887 2 2 2 1 1345 275 1538
2888 2 2 2 1 1104 447 1187
2889 2 2 2 1 327 965 1586
2890 2 2 2 1 965 516 1586
2891 2 2 2 1 952 130 1561
2892 2 2 2 1 1165 586 1299
2893 2 2 2 1 454 969 1447
2894 2 2 2 1 929 269 1506
2895 2 2 2 1 1242 370 1483
2896 2 2 2 1 1136 642 1383
2897 2 2 2 1 443 1183 1188
2898 2 2 2 1 589 929 1521
2899 2 2 2 1 389 1136 1383
2900 2 2 2 1 1183 530 1188
2901 2 2 2 1 1067 497 1387
2902 2 2 2 1 995 450 1522
2903 2 2 2 1 1095 451 1330
2904 2 2 2 1 67 1067 1387
2905 2 2 2 1 411 997 1571
2906 2 2 2 1 1404 525 1588
2907 2 2 2 1 978 523 1624
2908 2 2 2 1 979 66 1387
2909 2 2 2 1 989 244 1363
2910 2 2 2 1 497 979 1387
2911 2 2 2 1 1184 477 1209
2912 2 2 2 1 939 559 1497
2913 2 2 2 1 602 1295 1515
2914 2 2 2 1 486 1184 1209
2915 2 2 2 1 575 1031 1298
2916 2 2 2 1 1162 174 1236
2917 2 2 2 1 74 957 1449
2918 2 2 2 1 437 948 1463
2919 2 2 2 1 1002 43 1341
2920 2 2 2 1 1021 428 1317
2921 2 2 2 1 488 1063 1382
2922 2 2 2 1 1032 319 1313
2923 2 2 2 1 501 964 1469
2924 2 2 2 1 1063 111 1382
2925 2 2 2 1 969 266 1447
2926 2 2 2 1 1219 472 1229
2927 2 2 2 1 602 1066 1275
2928 2 2 2 1 1013 98 1504
2929 2 2 2 1 496 1219 1229
2930 2 2 2 1 1047 231 1296
2931 2 2 2 1 651 1436 1573
2932 2 2 2 1 1081 388 1281
2933 2 2 2 1 1066 245 1275
2934 2 2 2 1 590 1193 1237
2935 2 2 2 1 1042 655 1559
2936 2 2 2 1 193 987 1517
2937 2 2 2 1 1283 519 1285
2938 2 2 2 1 527 1006 1365
2939 2 2 2 1 364 991 1487
2940 2 2 2 1 659 1012 1500
2941 2 2 2 1 1186 271 1623
2942 2 2 2 1 303 1062 1370
2943 2 2 2 1 438 956 1523
2944 2 2 2 1 615 1186 1623
2945 2 2 2 1 105 1175 1371
2946 2 2 2 1 486 1145 1236
2947 2 2 2 1 1062 479 1370
2948 2 2 2 1 392 979 1566
2949 2 2 2 1 979 497 1566
2950 2 2 2 1 1112 463 1322
2951 2 2 2 1 353 961 1540
2952 2 2 2 1 212 1203 1478
2953 2 2 2 1 404 1196 1414
2954 2 2 2 1 1193 238 1237
2955 2 2 2 1 1115 730 1542
2956 2 2 2 1 419 1109 1297
2957 2 2 2 1 542 1150 1368
2958 2 2 2 1 1024 400 1368
2959 2 2 2 1 467 1008 1406
2960 2 2 2 1 457 1043 1520
2961 2 2 2 1 1223 494 1238
2962 2 2 2 1 1008 169 1406
2963 2 2 2 1 1191 519 1283
2964 2 2 2 1 242 1223 1238
2965 2 2 2 1 1220 489 1238
2966 2 2 2 1 1355 490 1418
2967 2 2 2 1 494 1220 1238
2968 2 2 2 1 1250 478 1344
2969 2 2 2 1 1035 465 1391
2970 2 2 2 1 364 987 1470
2971 2 2 2 1 242 1004 1424
2972 2 2 2 1 973 256 1539
2973 2 2 2 1 1051 453 1348
2974 2 2 2 1 458 1050 1350
2975 2 2 2 1 802 1085 1607
2976 2 2 2 1 1060 199 1567
2977 2 2 2 1 991 461 1487
2978 2 2 2 1 195 1035 1391
2979 2 2 2 1 962 500 1608
2980 2 2 2 1 383 1069 1587
2981 2 2 2 1 1436 249 1573
2982 2 2 2 1 322 1082 1333
2983 2 2 2 1 254 1037 1412
2984 2 2 2 1 987 459 1517
2985 2 2 2 1 330 1061 1633
2986 2 2 2 1 1041 235 1398
2987 2 2 2 1 988 430 1534
2988 2 2 2 1 169 1069 1474
2989 2 2 2 1 504 1283 1285
2990 2 2 2 1 1022 109 1427
2991 2 2 2 1 1069 506 1474
2992 2 2 2 1 221 995 1522
2993 2 2 2 1 423 1117 1302
2994 2 2 2 1 592 1279 1362
2995 2 2 2 1 1037 751 1412
2996 2 2 2 1 165 977 1601
2997 2 2 2 1 1118 83 1390
2998 2 2 2 1 710 1501 1584
2999 2 2 2 1 1501 507 1584
3000 2 2 2 1 242 1238 1273
3001 2 2 2 1 555 1289 1360
3002 2 2 2 1 182 1112 1322
3003 2 2 2 1 1289 509 1360
3004 2 2 2 1 1277 274 1503
3005 2 2 2 1 1107 599 1369
3006 2 2 2 1 220 1108 1590
3007 2 2 2 1 1038 406 1531
3008 2 2 2 1 388 1107 1369
3009 2 2 2 1 1252 605 1423
3010 2 2 2 1 464 1060 1567
3011 2 2 2 1 1105 236 1378
3012 2 2 2 1 1226 24 1419
3013 2 2 2 1 1059 240 1608
3014 2 2 2 1 1012 599 1500
3015 2 2 2 1 487 1105 1378
3016 2 2 2 1 551 1465 1489
3017 2 2 2 1 1465 649 1489
3018 2 2 2 1 272 1191 1283
3019 2 2 2 1 483 1169 1319
3020 2 2 2 1 1247 509 1289
3021 2 2 2 1 514 1446 1550
3022 2 2 2 1 1112 182 1545
3023 2 2 2 1 1061 541 1633
3024 2 2 2 1 1446 667 1550
3025 2 2 2 1 177 1247 1289
3026 2 2 2 1 528 1013 1504
3027 2 2 2 1 292 1074 1469
3028 2 2 2 1 546 1112 1545
3029 2 2 2 1 675 1102 1472
3030 2 2 2 1 69 1033 1467
3031 2 2 2 1 1070 746 1537
3032 2 2 2 1 611 1425 1428
3033 2 2 2 1 598 1384 1475
3034 2 2 2 1 1102 272 1472
3035 2 2 2 1 1238 489 1273
3036 2 2 2 1 174 1119 1409
3037 2 2 2 1 1063 488 1431
3038 2 2 2 1 1425 482 1428
3039 2 2 2 1 1197 483 1319
3040 2 2 2 1 1074 501 1469
3041 2 2 2 1 1319 262 1328
3042 2 2 2 1 441 999 1594
3043 2 2 2 1 244 1055 1443
3044 2 2 2 1 447 1104 1379
3045 2 2 2 1 701 1438 1440
3046 2 2 2 1 1169 262 1319
3047 2 2 2 1 1438 462 1440
3048 2 2 2 1 260 1011 1548
3049 2 2 2 1 1235 862 1586
3050 2 2 2 1 1018 402 1533
3051 2 2 2 1 371 1019 1536
3052 2 2 2 1 418 1195 1606
3053 2 2 2 1 338 1425 1432
3054 2 2 2 1 633 1413 1416
3055 2 2 2 1 549 1304 1403
3056 2 2 2 1 1413 471 1416
3057 2 2 2 1 295 1124 1524
3058 2 2 2 1 1110 727 1614
3059 2 2 2 1 497 1067 1453
3060 2 2 2 1 574 1152 1519
3061 2 2 2 1 1279 592 1538
3062 2 2 2 1 1152 657 1519
3063 2 2 2 1 275 1279 1538
3064 2 2 2 1 1148 765 1430
3065 2 2 2 1 1425 611 1432
3066 2 2 2 1 175 1043 1492
3067 2 2 2 1 1127 382 1435
3068 2 2 2 1 1212 376 1418
3069 2 2 2 1 533 1074 1592
3070 2 2 2 1 557 1251 1462
3071 2 2 2 1 1074 292 1592
3072 2 2 2 1 1124 543 1524
3073 2 2 2 1 224 1290 1618
3074 2 2 2 1 465 1035 1527
3075 2 2 2 1 473 1118 1390
3076 2 2 2 1 1251 123 1462
3077 2 2 2 1 1216 492 1552
3078 2 2 2 1 646 1127 1435
3079 2 2 2 1 1155 284 1582
3080 2 2 2 1 1043 175 1520
3081 2 2 2 1 476 1201 1449
3082 2 2 2 1 483 1197 1412
3083 2 2 2 1 1198 411 1571
3084 2 2 2 1 156 1128 1604
3085 2 2 2 1 1321 510 1328
3086 2 2 2 1 1015 485 1632
3087 2 2 2 1 542 1321 1328
3088 2 2 2 1 268 1304 1374
3089 2 2 2 1 1192 452 1345
3090 2 2 2 1 1119 650 1409
3091 2 2 2 1 1210 256 1360
3092 2 2 2 1 287 1039 1585
3093 2 2 2 1 276 1099 1495
3094 2 2 2 1 1251 557 1512
3095 2 2 2 1 639 1251 1512
3096 2 2 2 1 1304 549 1374
3097 2 2 2 1 509 1210 1360
3098 2 2 2 1 1175 468 1371
3099 2 2 2 1 495 1039 1560
3100 2 2 2 1 1420 384 1518
3101 2 2 2 1 1060 464 1631
3102 2 2 2 1 1222 231 1344
3103 2 2 2 1 1253 667 1446
3104 2 2 2 1 1032 481 1576
3105 2 2 2 1 503 1039 1577
3106 2 2 2 1 531 1222 1344
3107 2 2 2 1 237 1253 1446
3108 2 2 2 1 1039 287 1577
3109 2 2 2 1 621 1420 1518
3110 2 2 2 1 1236 174 1409
3111 2 2 2 1 1227 433 1347
3112 2 2 2 1 1039 495 1585
3113 2 2 2 1 577 1070 1537
3114 2 2 2 1 549 1403 1505
3115 2 2 2 1 314 1314 1327
3116 2 2 2 1 486 1236 1409
3117 2 2 2 1 603 1232 1410
3118 2 2 2 1 231 1250 1344
3119 2 2 2 1 1232 541 1410
3120 2 2 2 1 1128 156 1496
3121 2 2 2 1 1201 73 1449
3122 2 2 2 1 1099 485 1495
3123 2 2 2 1 121 1089 1508
3124 2 2 2 1 406 1138 1531
3125 2 2 2 1 420 1213 1569
3126 2 2 2 1 1117 499 1496
3127 2 2 2 1 1128 499 1441
3128 2 2 2 1 1197 254 1412
3129 2 2 2 1 523 1040 1626
3130 2 2 2 1 1092 494 1513
3131 2 2 2 1 479 1062 1575
3132 2 2 2 1 524 1158 1492
3133 2 2 2 1 1314 518 1327
3134 2 2 2 1 247 1285 1349
3135 2 2 2 1 1452 622 1495
3136 2 2 2 1 391 1148 1430
3137 2 2 2 1 485 1452 1495
3138 2 2 2 1 1135 465 1527
3139 2 2 2 1 1211 689 1505
3140 2 2 2 1 1158 175 1492
3141 2 2 2 1 499 1128 1496
3142 2 2 2 1 1058 429 1599
3143 2 2 2 1 1076 392 1566
3144 2 2 2 1 163 1211 1505
3145 2 2 2 1 597 1437 1482
3146 2 2 2 1 1196 644 1414
3147 2 2 2 1 1213 559 1569
3148 2 2 2 1 155 1117 1496
3149 2 2 2 1 1285 519 1349
3150 2 2 2 1 1116 414 1490
3151 2 2 2 1 1325 600 1582
3152 2 2 2 1 1435 552 1600
3153 2 2 2 1 284 1325 1582
3154 2 2 2 1 1153 474 1445
3155 2 2 2 1 508 1116 1490
3156 2 2 2 1 1246 448 1396
3157 2 2 2 1 1279 469 1362
3158 2 2 2 1 611 1428 1488
3159 2 2 2 1 470 1226 1419
3160 2 2 2 1 490 1212 1418
3161 2 2 2 1 1428 194 1488
3162 2 2 2 1 646 1435 1600
3163 2 2 2 1 464 1108 1631
3164 2 2 2 1 1271 420 1569
3165 2 2 2 1 1437 536 1482
3166 2 2 2 1 1547 665 1559
3167 2 2 2 1 705 1271 1569
3168 2 2 2 1 414 1142 1490
3169 2 2 2 1 286 1547 1559
3170 2 2 2 1 12 1326 1404
3171 2 2 2 1 450 1377 1522
3172 2 2 2 1 519 1191 1455
3173 2 2 2 1 600 1096 1582
3174 2 2 2 1 191 1272 1619
3175 2 2 2 1 180 1115 1542
3176 2 2 2 1 1120 576 1525
3177 2 2 2 1 246 1110 1614
3178 2 2 2 1 1259 748 1411
3179 2 2 2 1 1202 763 1615
3180 2 2 2 1 1351 200 1565
3181 2 2 2 1 651 1394 1436
3182 2 2 2 1 335 1252 1423
3183 2 2 2 1 1197 510 1591
3184 2 2 2 1 1151 537 1573
3185 2 2 2 1 1138 596 1531
3186 2 2 2 1 249 1151 1573
3187 2 2 2 1 485 1099 1632
3188 2 2 2 1 1395 865 1577
3189 2 2 2 1 1374 549 1408
3190 2 2 2 1 1094 568 1618
3191 2 2 2 1 287 1395 1577
3192 2 2 2 1 1304 518 1403
3193 2 2 2 1 1108 464 1590
3194 2 2 2 1 661 1406 1474
3195 2 2 2 1 1441 271 1600
3196 2 2 2 1 1406 169 1474
3197 2 2 2 1 1326 525 1404
3198 2 2 2 1 323 1262 1544
3199 2 2 2 1 695 1242 1483
3200 2 2 2 1 1262 554 1544
3201 2 2 2 1 660 1149 1554
3202 2 2 2 1 1478 545 1617
3203 2 2 2 1 262 1169 1546
3204 2 2 2 1 181 1170 1629
3205 2 2 2 1 478 1331 1536
3206 2 2 2 1 1364 464 1567
3207 2 2 2 1 545 1374 1408
3208 2 2 2 1 673 1448 1622
3209 2 2 2 1 1448 566 1622
3210 2 2 2 1 1128 552 1604
3211 2 2 2 1 1208 239 1529
3212 2 2 2 1 1170 550 1629
3213 2 2 2 1 612 1451 1563
3214 2 2 2 1 1451 296 1563
3215 2 2 2 1 597 1393 1437
3216 2 2 2 1 688 1198 1571
3217 2 2 2 1 1194 170 1610
3218 2 2 2 1 830 1241 1612
3219 2 2 2 1 1403 163 1505
3220 2 2 2 1 595 1398 1533
3221 2 2 2 1 1225 537 1579
3222 2 2 2 1 1393 301 1437
3223 2 2 2 1 1457 479 1551
3224 2 2 2 1 611 1488 1630
3225 2 2 2 1 254 1197 1591
3226 2 2 2 1 1394 484 1436
3227 2 2 2 1 185 1225 1579
3228 2 2 2 1 1485 740 1568
3229 2 2 2 1 1258 212 1617
3230 2 2 2 1 1195 648 1606
3231 2 2 2 1 1295 160 1515
3232 2 2 2 1 516 1235 1586
3233 2 2 2 1 170 1243 1610
3234 2 2 2 1 181 1202 1615
3235 2 2 2 1 274 1277 1557
3236 2 2 2 1 1277 782 1557
3237 2 2 2 1 179 1232 1613
3238 2 2 2 1 1243 625 1610
3239 2 2 2 1 296 1361 1563
3240 2 2 2 1 1361 572 1563
3241 2 2 2 1 1563 572 1589
3242 2 2 2 1 1377 841 1522
3243 2 2 2 1 1272 505 1619
3244 2 2 2 1 1293 491 1597
3245 2 2 2 1 736 1351 1565
3246 2 2 2 1 1417 264 1609
3247 2 2 2 1 612 1563 1589
3248 2 2 2 1 685 1364 1567
3249 2 2 2 1 1499 588 1538
3250 2 2 2 1 592 1499 1538
3251 2 2 2 1 1361 296 1630
3252 2 2 2 1 1325 534 1611
3253 2 2 2 1 582 1361 1630
3254 2 2 2 1 1444 666 1539
3255 2 2 2 1 256 1444 1539
3256 2 2 2 1 1429 246 1614
3257 2 2 2 1 572 1461 1589
3258 2 2 2 1 785 1457 1551
3259 2 2 2 1 1367 224 1618
3260 2 2 2 1 568 1367 1618
3261 2 2 2 1 581 1407 1615
3262 2 2 2 1 1407 181 1615
3263 2 2 2 1 627 1417 1609
3264 2 2 2 1 377 1485 1568
3265 2 2 2 1 1461 202 1589
3266 2 2 2 1 569 1429 1614
3267 2 2 2 1 212 1478 1617
3268 2 2 2 1 1488 582 1630
$EndElements
