$MeshFormat
2.2 0 8
$EndMeshFormat
$Nodes
6146
1 -1 -1 0
2 1 -1 0
3 1 1 0
4 -1 1 0
5 -0.5723535816893174 -0.394894090043437 0
6 -0.3199314892032143 -0.394894090043437 0
7 -0.9701492537314261 -1 0
8 -0.9402985074628523 -1 0
9 -0.9104477611942784 -1 0
10 -0.8805970149257045 -1 0
11 -0.8507462686571307 -1 0
12 -0.8208955223885568 -1 0
13 -0.791044776119983 -1 0
14 -0.7611940298514092 -1 0
15 -0.7313432835828353 -1 0
16 -0.7014925373142613 -1 0
17 -0.6716417910456876 -1 0
18 -0.6417910447771137 -1 0
19 -0.6119402985085398 -1 0
20 -0.5820895522399659 -1 0
21 -0.5522388059713921 -1 0
22 -0.5223880597028182 -1 0
23 -0.4925373134342443 -1 0
24 -0.4626865671656705 -1 0
25 -0.4328358208970966 -1 0
26 -0.4029850746285227 -1 0
27 -0.373134328359949 -1 0
28 -0.3432835820913751 -1 0
29 -0.3134328358228012 -1 0
30 -0.2835820895542274 -1 0
31 -0.2537313432856535 -1 0
32 -0.2238805970170796 -1 0
33 -0.1940298507485058 -1 0
34 -0.1641791044799319 -1 0
35 -0.134328358211358 -1 0
36 -0.1044776119427843 -1 0
37 -0.0746268656742104 -1 0
38 -0.04477611940563653 -1 0
39 -0.01492537313706166 -1 0
40 0.01492537313159503 -1 0
41 0.04477611940033377 -1 0
42 0.07462686566907339 -1 0
43 0.104477611937813 -1 0
44 0.1343283582065526 -1 0
45 0.1641791044752923 -1 0
46 0.1940298507440319 -1 0
47 0.2238805970127715 -1 0
48 0.2537313432815109 -1 0
49 0.2835820895502505 -1 0
50 0.3134328358189902 -1 0
51 0.3432835820877298 -1 0
52 0.3731343283564694 -1 0
53 0.402985074625209 -1 0
54 0.4328358208939487 -1 0
55 0.4626865671626883 -1 0
56 0.4925373134314279 -1 0
57 0.5223880597001673 -1 0
58 0.552238805968907 -1 0
59 0.5820895522376466 -1 0
60 0.6119402985063862 -1 0
61 0.6417910447751258 -1 0
62 0.6716417910438655 -1 0
63 0.7014925373126051 -1 0
64 0.7313432835813447 -1 0
65 0.7611940298500843 -1 0
66 0.7910447761188237 -1 0
67 0.8208955223875634 -1 0
68 0.850746268656303 -1 0
69 0.8805970149250426 -1 0
70 0.9104477611937822 -1 0
71 0.9402985074625216 -1 0
72 0.9701492537312606 -1 0
73 1 -0.9701492537314261 0
74 1 -0.9402985074628523 0
75 1 -0.9104477611942784 0
76 1 -0.8805970149257045 0
77 1 -0.8507462686571307 0
78 1 -0.8208955223885568 0
79 1 -0.791044776119983 0
80 1 -0.7611940298514092 0
81 1 -0.7313432835828353 0
82 1 -0.7014925373142613 0
83 1 -0.6716417910456876 0
84 1 -0.6417910447771137 0
85 1 -0.6119402985085398 0
86 1 -0.5820895522399659 0
87 1 -0.5522388059713921 0
88 1 -0.5223880597028182 0
89 1 -0.4925373134342443 0
90 1 -0.4626865671656705 0
91 1 -0.4328358208970966 0
92 1 -0.4029850746285227 0
93 1 -0.373134328359949 0
94 1 -0.3432835820913751 0
95 1 -0.3134328358228012 0
96 1 -0.2835820895542274 0
97 1 -0.2537313432856535 0
98 1 -0.2238805970170796 0
99 1 -0.1940298507485058 0
100 1 -0.1641791044799319 0
101 1 -0.134328358211358 0
102 1 -0.1044776119427843 0
103 1 -0.0746268656742104 0
104 1 -0.04477611940563653 0
105 1 -0.01492537313706166 0
106 1 0.01492537313159503 0
107 1 0.04477611940033377 0
108 1 0.07462686566907339 0
109 1 0.104477611937813 0
110 1 0.1343283582065526 0
111 1 0.1641791044752923 0
112 1 0.1940298507440319 0
113 1 0.2238805970127715 0
114 1 0.2537313432815109 0
115 1 0.2835820895502505 0
116 1 0.3134328358189902 0
117 1 0.3432835820877298 0
118 1 0.3731343283564694 0
119 1 0.402985074625209 0
120 1 0.4328358208939487 0
121 1 0.4626865671626883 0
122 1 0.4925373134314279 0
123 1 0.5223880597001673 0
124 1 0.552238805968907 0
125 1 0.5820895522376466 0
126 1 0.6119402985063862 0
127 1 0.6417910447751258 0
128 1 0.6716417910438655 0
129 1 0.7014925373126051 0
130 1 0.7313432835813447 0
131 1 0.7611940298500843 0
132 1 0.7910447761188237 0
133 1 0.8208955223875634 0
134 1 0.850746268656303 0
135 1 0.8805970149250426 0
136 1 0.9104477611937822 0
137 1 0.9402985074625216 0
138 1 0.9701492537312606 0
139 0.9701492537314261 1 0
140 0.9402985074628523 1 0
141 0.9104477611942784 1 0
142 0.8805970149257045 1 0
143 0.8507462686571307 1 0
144 0.8208955223885568 1 0
145 0.791044776119983 1 0
146 0.7611940298514092 1 0
147 0.7313432835828353 1 0
148 0.7014925373142613 1 0
149 0.6716417910456876 1 0
150 0.6417910447771137 1 0
151 0.6119402985085398 1 0
152 0.5820895522399659 1 0
153 0.5522388059713921 1 0
154 0.5223880597028182 1 0
155 0.4925373134342443 1 0
156 0.4626865671656705 1 0
157 0.4328358208970966 1 0
158 0.4029850746285227 1 0
159 0.373134328359949 1 0
160 0.3432835820913751 1 0
161 0.3134328358228012 1 0
162 0.2835820895542274 1 0
163 0.2537313432856535 1 0
164 0.2238805970170796 1 0
165 0.1940298507485058 1 0
166 0.1641791044799319 1 0
167 0.134328358211358 1 0
168 0.1044776119427843 1 0
169 0.0746268656742104 1 0
170 0.04477611940563653 1 0
171 0.01492537313706166 1 0
172 -0.01492537313159503 1 0
173 -0.04477611940033377 1 0
174 -0.07462686566907339 1 0
175 -0.104477611937813 1 0
176 -0.1343283582065526 1 0
177 -0.1641791044752923 1 0
178 -0.1940298507440319 1 0
179 -0.2238805970127715 1 0
180 -0.2537313432815109 1 0
181 -0.2835820895502505 1 0
182 -0.3134328358189902 1 0
183 -0.3432835820877298 1 0
184 -0.3731343283564694 1 0
185 -0.402985074625209 1 0
186 -0.4328358208939487 1 0
187 -0.4626865671626883 1 0
188 -0.4925373134314279 1 0
189 -0.5223880597001673 1 0
190 -0.552238805968907 1 0
191 -0.5820895522376466 1 0
192 -0.6119402985063862 1 0
193 -0.6417910447751258 1 0
194 -0.6716417910438655 1 0
195 -0.7014925373126051 1 0
196 -0.7313432835813447 1 0
197 -0.7611940298500843 1 0
198 -0.7910447761188237 1 0
199 -0.8208955223875634 1 0
200 -0.850746268656303 1 0
201 -0.8805970149250426 1 0
202 -0.9104477611937822 1 0
203 -0.9402985074625216 1 0
204 -0.9701492537312606 1 0
205 -1 0.9701492537314261 0
206 -1 0.9402985074628523 0
207 -1 0.9104477611942784 0
208 -1 0.8805970149257045 0
209 -1 0.8507462686571307 0
210 -1 0.8208955223885568 0
211 -1 0.791044776119983 0
212 -1 0.7611940298514092 0
213 -1 0.7313432835828353 0
214 -1 0.7014925373142613 0
215 -1 0.6716417910456876 0
216 -1 0.6417910447771137 0
217 -1 0.6119402985085398 0
218 -1 0.5820895522399659 0
219 -1 0.5522388059713921 0
220 -1 0.5223880597028182 0
221 -1 0.4925373134342443 0
222 -1 0.4626865671656705 0
223 -1 0.4328358208970966 0
224 -1 0.4029850746285227 0
225 -1 0.373134328359949 0
226 -1 0.3432835820913751 0
227 -1 0.3134328358228012 0
228 -1 0.2835820895542274 0
229 -1 0.2537313432856535 0
230 -1 0.2238805970170796 0
231 -1 0.1940298507485058 0
232 -1 0.1641791044799319 0
233 -1 0.134328358211358 0
234 -1 0.1044776119427843 0
235 -1 0.0746268656742104 0
236 -1 0.04477611940563653 0
237 -1 0.01492537313706166 0
238 -1 -0.01492537313159503 0
239 -1 -0.04477611940033377 0
240 -1 -0.07462686566907339 0
241 -1 -0.104477611937813 0
242 -1 -0.1343283582065526 0
243 -1 -0.1641791044752923 0
244 -1 -0.1940298507440319 0
245 -1 -0.2238805970127715 0
246 -1 -0.2537313432815109 0
247 -1 -0.2835820895502505 0
248 -1 -0.3134328358189902 0
249 -1 -0.3432835820877298 0
250 -1 -0.3731343283564694 0
251 -1 -0.402985074625209 0
252 -1 -0.4328358208939487 0
253 -1 -0.4626865671626883 0
254 -1 -0.4925373134314279 0
255 -1 -0.5223880597001673 0
256 -1 -0.552238805968907 0
257 -1 -0.5820895522376466 0
258 -1 -0.6119402985063862 0
259 -1 -0.6417910447751258 0
260 -1 -0.6716417910438655 0
261 -1 -0.7014925373126051 0
262 -1 -0.7313432835813447 0
263 -1 -0.7611940298500843 0
264 -1 -0.7910447761188237 0
265 -1 -0.8208955223875634 0
266 -1 -0.850746268656303 0
267 -1 -0.8805970149250426 0
268 -1 -0.9104477611937822 0
269 -1 -0.9402985074625216 0
270 -1 -0.9701492537312606 0
271 -0.5691892072362746 -0.4229786900079648 0
272 -0.5598547588276162 -0.449655010848657 0
273 -0.5448183046652906 -0.4735853904698467 0
274 -0.5248338353799463 -0.4935698596554001 0
275 -0.5009034557097467 -0.5086063136856751 0
276 -0.4742271348692035 -0.5179407619570601 0
277 -0.4461425349014396 -0.5211051362864885 0
278 -0.418057935067241 -0.5179407617388394 0
279 -0.3913816144020124 -0.5086063133096748 0
280 -0.3674512349635192 -0.4935698592175344 0
281 -0.3474667659022714 -0.4735853900623474 0
282 -0.3324303119225819 -0.449655010553098 0
283 -0.323095863616242 -0.422978689832647 0
284 -0.3230958636542822 -0.3668094900875616 0
285 -0.3324303120567696 -0.3401331692551323 0
286 -0.3474667662239698 -0.3162027896211294 0
287 -0.367451235510761 -0.2962183204329287 0
288 -0.3913816152089134 -0.2811818663886161 0
289 -0.4180579360519288 -0.2718474181232859 0
290 -0.4461425360009389 -0.2686830438003854 0
291 -0.4742271358155231 -0.2718474183458051 0
292 -0.5009034564829072 -0.2811818667735333 0
293 -0.5248338358965325 -0.2962183208434375 0
294 -0.5448183049581818 -0.3162027899843013 0
295 -0.5598547589711999 -0.3401331695363714 0
296 -0.5691892072805221 -0.3668094902727702 0
297 0.2197041394287381 0.2197041394287612 0
298 -0.3802864672408841 0.3423507591370457 0
299 0.2921635750793678 -0.3910513016581354 0
300 0.5429523416249241 0.5429523416249757 0
301 0.5643577756664071 -0.04670751983848868 0
302 -0.02211858722567974 0.5734633016129115 0
303 -0.001101530474955274 -0.1152562917250457 0
304 0.6080525201505881 -0.6109177274676336 0
305 0.0002217645284434953 -0.6244648695374235 0
306 -0.6309379576347879 0.06754954790848969 0
307 -0.627556596688736 0.6284591028708277 0
308 -0.293935648223161 0.02687810741433333 0
309 0.6769620856597389 0.2518385223224509 0
310 -0.3175364643563751 0.6837880833013259 0
311 -0.07815766757366825 0.2545128497264533 0
312 0.268664575587813 0.6903393817667887 0
313 0.2999979441022975 -0.6940789337599177 0
314 0.6977127045117164 -0.3187077443861075 0
315 -0.7084860974941821 0.3472011734289748 0
316 -0.7112746970290179 -0.7121217702038463 0
317 0.2788945998592083 -0.0595718517538659 0
318 -0.2459899449170309 -0.7283402219189234 0
319 -0.06214505738481635 -0.3685623703474182 0
320 0.7354788134383112 0.7316943323207086 0
321 -0.7417087164241313 -0.153736186510195 0
322 0.3165270444691497 0.4441293933516449 0
323 -0.479914635955782 -0.7548733439237347 0
324 0.4513355207953896 0.1681369817984984 0
325 0.7657158442569032 0.4700191259682852 0
326 0.4874790890804687 0.7696598866433209 0
327 0.4765985633395341 -0.2594272710404592 0
328 0.7736621984286634 0.04320530415411422 0
329 0.7737251695835234 -0.7720223977324594 0
330 -0.7770754035525566 -0.5023838317024449 0
331 -0.1084681602458291 0.7818783949907473 0
332 -0.2103709058834188 -0.1630294730308365 0
333 -0.7824556416360454 0.7777914254713445 0
334 -0.2253304912175337 0.487667697524116 0
335 0.0475208743378303 0.09271253336366102 0
336 0.08339516297608771 0.3845320689990066 0
337 0.4903185061470279 -0.7825916146619469 0
338 -0.4749592100545997 -0.06368336707708805 0
339 -0.4969315746471469 0.7935609281139027 0
340 0.7865948131507512 -0.508479315256023 0
341 0.1238360657796588 -0.2791578716162851 0
342 0.1172612910931419 -0.7904141141481391 0
343 0.09147374225774581 0.794922865516055 0
344 -0.4454761940258341 0.1540845087086482 0
345 0.4731241523312788 -0.459843430720127 0
346 -0.4526384628064686 0.5362121603740809 0
347 -0.8013008916137409 0.1674936701270526 0
348 -0.7948618283731167 0.5293130128053607 0
349 0.8005920005230076 -0.1462389098111858 0
350 0.1150408260460334 -0.4666066598325109 0
351 0.4873469256110429 0.3554495088061722 0
352 -0.1762354040467656 -0.5562655757070205 0
353 -0.07071408791921698 -0.8118273887851832 0
354 -0.1174228487689346 0.02218782249181244 0
355 -0.263999287709241 0.2103893414577621 0
356 -0.8216505379059218 -0.32468794409587 0
357 0.1549295768217102 0.549974588009104 0
358 -0.8245593668720635 -0.0036344633262715 0
359 -0.5446614200019796 0.2962125619383504 0
360 -0.8319125958292222 -0.8295169524384632 0
361 0.3080497557128509 -0.2191352253352647 0
362 0.8327711841455563 0.3119912020862019 0
363 0.446029140946874 -0.6202999314912991 0
364 -0.07701691234556021 0.4150577067395902 0
365 0.3377384958159585 0.837170860522008 0
366 -0.5979894196872483 0.4669026184082945 0
367 0.6050456778756755 0.1087225942541439 0
368 -0.2631495561850771 0.8398802567552639 0
369 -0.6152174286036874 -0.839606394502304 0
370 0.8380825295716869 0.6109072105510334 0
371 0.3901890703144053 0.5874803767777246 0
372 0.3176794360480195 0.09355474142661614 0
373 0.1593035932597348 -0.6247704124029565 0
374 -0.3505085430795098 -0.8413535779473713 0
375 -0.590003485898294 -0.1635794145597926 0
376 0.8436641632559312 0.8454432477830978 0
377 0.4235008883698114 -0.1133541828717521 0
378 -0.576943368935194 -0.6474084049453501 0
379 0.6208081359228408 0.8431425492337974 0
380 0.3433695060065531 -0.8441206282212674 0
381 -0.8424172637271943 -0.633312333711519 0
382 0.1309577702712244 -0.03931894996165047 0
383 0.6346471733921564 -0.8446820087105228 0
384 0.314434223696036 -0.5417639081092864 0
385 0.8467491899090301 -0.3612699953888757 0
386 -0.1639658217689575 0.6314958947482949 0
387 -0.6442893372193653 0.8438984338561205 0
388 0.6503265774132279 -0.1741307230727889 0
389 0.6334188513824197 -0.4577337959930419 0
390 0.3453727523125383 0.2988744883301949 0
391 -0.1883161427242355 -0.3057436839980523 0
392 0.6297130378800568 0.3945687413081512 0
393 -0.3522624263325872 -0.1354212556041486 0
394 -0.3682549721375475 -0.6588910273904014 0
395 0.07507971221347261 0.2393897580952459 0
396 0.8501421450531658 -0.6441847504008288 0
397 -0.8519189990632022 0.3862923313695784 0
398 0.6821073189380906 0.5942712005262548 0
399 0.8525949182683374 0.1746554388184605 0
400 -0.2020250441306919 0.3443958284378929 0
401 -0.6618960957274008 0.2080320164365335 0
402 -0.8553250111420967 0.6583252489126301 0
403 -0.6898105574262107 -0.2838751467946163 0
404 -0.07099441816323887 -0.2333533480343618 0
405 0.4426969836395702 0.02658741521167778 0
406 -0.1970577484876889 -0.8616677142389508 0
407 0.1833529839323769 -0.1575936418495881 0
408 0.2119601380978128 0.3593056505755279 0
409 -0.1222561660689458 -0.6787122989351931 0
410 -0.05221013809982077 -0.5018010523119992 0
411 0.1858435859202623 0.08953423579578876 0
412 0.08149361901804851 0.6612883359259125 0
413 0.6041130276652618 0.7015721715727664 0
414 0.2057123055181205 0.8659757929307325 0
415 0.865884679478865 -0.8666839448028709 0
416 -0.44752873290258 0.6699019393005301 0
417 -0.8604957541993712 -0.196744703189744 0
418 -0.6540178750681995 -0.5420339321648481 0
419 -0.6674502405460579 -0.05685241610726131 0
420 -0.02232011106838419 0.8669341686742137 0
421 -0.1970555129966372 -0.4316543404163049 0
422 -0.3913014810492507 0.8690468080046448 0
423 -0.1507923985501765 0.145965986961422 0
424 0.8679822315845155 -0.04314761079393497 0
425 0.5704628616243008 -0.3470501701071986 0
426 0.2195928063360079 -0.8719030270402764 0
427 0.5523606982711642 0.2495758393206498 0
428 0.6914895904224339 -0.05008285197933768 0
429 -0.6976849775764676 -0.4076204799935533 0
430 -0.8749218881945098 0.8694428851287994 0
431 -0.3506807393534213 0.4689834220340182 0
432 0.4402274336315251 0.4730567469870423 0
433 -0.4184819090164969 0.03987983850115463 0
434 -0.4853377262655596 0.4153348615362346 0
435 -0.4979662082102203 -0.8768321143688399 0
436 0.7250831567115671 -0.6463198707016923 0
437 -0.8774578009671841 0.2658316431817584 0
438 -0.8771823663505594 -0.430455028962639 0
439 0.03125969811059819 -0.8774561742914888 0
440 0.4143307645197399 -0.3551385461470624 0
441 0.8783644510668631 0.72818733812797 0
442 0.8787986535879428 -0.2451225488540834 0
443 0.8827459902331408 0.4270119292617267 0
444 0.2730436468204259 0.5576339356799673 0
445 0.596712124319846 -0.7304549222601709 0
446 0.4516466907578397 0.8787106918738901 0
447 0.4908936760434083 0.6454716895863892 0
448 -0.7379813083302175 0.6704328010227076 0
449 -0.2877946610550531 -0.5740304658264148 0
450 0.3842720081109564 0.7015335267139888 0
451 -0.115284364977724 -0.09234568170682157 0
452 -0.7257453420061063 -0.8790262399664807 0
453 0.04858512644109732 -0.3771752684768206 0
454 -0.03343924940787861 0.6892358821420058 0
455 0.7302448332629938 0.8806272667567692 0
456 -0.1597898839642243 0.8842153055458601 0
457 -0.2166120951115853 -0.04766136784008124 0
458 0.01770211400242801 -0.7379323823767809 0
459 0.7364353398374984 -0.8862961062644852 0
460 0.5353496793307392 -0.1603929180255443 0
461 -0.3030893132102675 0.5688511823183667 0
462 0.1778349532960761 -0.3689742166941242 0
463 -0.8858942410062342 0.09354423019816725 0
464 0.7060893789271188 0.1431364847228327 0
465 -0.5993954167307923 0.7386810388458596 0
466 -0.008525957400698595 -0.003302848057524026 0
467 0.8842020121618073 -0.7522035529936153 0
468 -0.7397012257135493 0.07105222757947148 0
469 -0.3429801094308222 0.13204929555164 0
470 -0.5684934322558027 0.1519470242429509 0
471 0.05729264273594344 0.4953106722906239 0
472 -0.04571946394781149 0.1618501139095397 0
473 -0.7406888144145751 0.8855337818057842 0
474 -0.7096340285128097 0.4591114217511855 0
475 -0.2177398319128259 0.726483272042461 0
476 -0.7383904783637545 -0.6098873289622424 0
477 -0.5272706160834206 0.01971621126906717 0
478 -0.8911487195716716 -0.0904144495742428 0
479 0.4412601612796855 -0.890388013704854 0
480 -0.4722527467172922 -0.6195098699445809 0
481 -0.2846959990170734 -0.2335331207365202 0
482 -0.8901322189772309 -0.738346347384873 0
483 -0.3803322279150895 0.232794149780483 0
484 0.03236598934371733 -0.217786390380806 0
485 0.2257745607108559 -0.4751607285926199 0
486 -0.1174310887606033 0.5193332633562007 0
487 0.891313435154155 0.0664462833595391 0
488 -0.8886001784107979 0.7581285830329787 0
489 -0.01158247378070641 0.3337702917484046 0
490 -0.5418806303860921 0.893466923439511 0
491 -0.8921993978167289 -0.5388083306110962 0
492 0.4080714275014317 -0.7187532531234437 0
493 0.8908736821935331 -0.4608282634566671 0
494 -0.3966537775508733 0.7574554284139692 0
495 0.7318181399067751 0.3487056483967318 0
496 0.3522788098082281 0.1929312046868987 0
497 0.2287202065177436 -0.2773403603535455 0
498 -0.4894185151848638 -0.1696682358457999 0
499 0.1932791175709384 -0.7193524877539139 0
500 0.2110241518447334 0.4576337178900781 0
501 0.166516327218398 0.7204763851460947 0
502 0.7269108549307253 -0.4140544204031568 0
503 0.6938178259312361 -0.5457075638201092 0
504 -0.6120932021300111 -0.7368540623756272 0
505 -0.8933974052508266 0.4830100493838078 0
506 0.3771589487771704 -0.4555143768778491 0
507 0.5181259897979695 -0.5468914990904122 0
508 0.7756338119259669 -0.2495166043609483 0
509 0.6358921010632961 0.4997369435549512 0
510 -0.552783558769516 0.5607902618724535 0
511 0.1072804961674257 0.8968714174211314 0
512 -0.77001484549013 0.2654232564954115 0
513 -0.3639468952793778 -0.04311574164261908 0
514 0.8951050053877965 0.5303839594624038 0
515 -0.7071402361418905 0.5594658512165804 0
516 0.4376391733478712 0.2646610599864088 0
517 0.5375363625755555 0.4364468918231005 0
518 0.5478799475665658 -0.89816623951137 0
519 0.03535414592250311 -0.5347398045334661 0
520 0.5824656480783448 -0.2428936629483829 0
521 -0.2469700234199023 0.1129464577703089 0
522 -0.2923398626151459 0.3061428843449651 0
523 0.9039679423104607 -0.135410546050709 0
524 0.776033611021977 0.2347841631442685 0
525 0.09621199936224809 -0.1263381122884721 0
526 -0.110693920982173 -0.902458258831369 0
527 -0.6128325388383701 0.3697537450946027 0
528 -0.5713113623875656 -0.06991888570453347 0
529 -0.9016228348095581 -0.8986352985097262 0
530 0.9012134936828566 -0.5593275662512426 0
531 -0.340349963460906 -0.7498413560625591 0
532 0.1251137266462125 -0.9007567820777257 0
533 0.3922446233167073 0.3861648968089097 0
534 0.5436515293375543 0.9022795986699716 0
535 -0.2192858303774699 -0.6407974446449272 0
536 0.5331743680327673 0.04409871935970582 0
537 0.6754269004343174 0.04205283089869243 0
538 -0.1533765044936426 -0.7649704256921097 0
539 -0.09466264476627592 -0.5896776800648658 0
540 0.1387506541009814 0.1704521601322192 0
541 0.904235379764028 0.2540460594860902 0
542 0.2662403379359036 -0.7877831535665397 0
543 0.2546360908825119 0.7829256168708776 0
544 0.5051811165585883 -0.6935679914261925 0
545 0.3431985330063432 0.007211674188683717 0
546 0.2515877380766513 -0.6118891431294872 0
547 0.1535787172912582 0.2839560793714657 0
548 0.1052864513452057 -0.700275407375068 0
549 -0.9045025366237613 0.5810629549054751 0
550 -0.1803920032938537 0.2538995691195071 0
551 -0.2834053167816626 -0.9067378561626424 0
552 -0.9124482855010125 -0.2915575117334004 0
553 -0.7566875323102726 -0.07255298459537016 0
554 -0.2822127635784497 0.394727936058035 0
555 -0.6890100720759355 0.7504890983840462 0
556 -0.002473996447905394 0.7765915125769507 0
557 -0.4653616197898811 0.2480131642752649 0
558 -0.7709435425253567 -0.2452036847989387 0
559 -0.7833376233881237 -0.4128799013776914 0
560 -0.5463574323296803 0.6621142370355149 0
561 0.3343473814016497 -0.1328047752433143 0
562 -0.7946419690474699 -0.7477771421680929 0
563 0.0005965898711259171 -0.3020661839829388 0
564 0.2505766413223103 0.02315956980534004 0
565 0.4047754332206674 -0.2027599630338367 0
566 -0.6020253184796311 -0.2470940718440726 0
567 0.1928294989174547 0.6352139526889996 0
568 0.3520952257322398 -0.6190739786473125 0
569 0.9087790240970428 0.909592766437459 0
570 0.6787948533724744 -0.7655359550850385 0
571 -0.2575170892854168 -0.4949967834088592 0
572 0.7794110435430766 -0.06191730097538457 0
573 -0.9093276735121081 0.1814144689861856 0
574 0.4271449355861443 -0.5265900794468813 0
575 -0.4182342950730649 -0.9053345680968328 0
576 -0.3859439573968391 0.6006714405694311 0
577 0.3312423702332189 -0.3076775842600601 0
578 0.7658086750673214 0.5619315158177949 0
579 0.2843257557830381 0.908498512389278 0
580 -0.1596984397957593 0.4217953917528898 0
581 -0.1124767673717459 0.3396251225973418 0
582 -0.6915863368612785 -0.8024653965891585 0
583 0.01294476738681916 -0.4467552278642637 0
584 -0.1077050024255428 -0.4335852820021439 0
585 0.5733735631524927 0.3374388033255547 0
586 -0.3135603701227123 0.912674315749518 0
587 0.7558915506269539 0.6456341093684415 0
588 -0.9128922877959682 0.008838455013605331 0
589 -0.2048331595096053 0.03995054265042861 0
590 0.5968851418262654 0.6123616132926223 0
591 -0.2723948923091189 -0.8148433522923225 0
592 -0.1564935648913843 -0.2295335737337779 0
593 -0.0442502172157945 0.07283684515969832 0
594 -0.6630158065832721 -0.6392056446905428 0
595 -0.8062155158270397 -0.9142475929923534 0
596 -0.669521981537937 -0.1961820425048101 0
597 -0.2741044052613769 -0.1111063231702905 0
598 0.9101685808923137 0.3482978020406148 0
599 0.2969232517538671 -0.9124481154951465 0
600 0.1683075348246976 -0.5423772721916545 0
601 0.5398401067769927 0.1616716424773518 0
602 0.4797303951842172 -0.04282874070850048 0
603 0.3930685377865553 0.1035424984849927 0
604 -0.5748624329549907 -0.9141448451020571 0
605 0.7822365646882659 -0.5923692054691014 0
606 -0.6399033280341362 0.2937978145313593 0
607 -0.4691468041767275 0.3295880479273721 0
608 0.01137967350273352 0.4243152058383115 0
609 0.6192278259646956 0.1918392489335522 0
610 -0.5762217289062609 -0.5573800547735536 0
611 0.2449686491764852 0.1401195867436327 0
612 0.3687030898162202 0.9145699468031331 0
613 -0.2468899278749584 0.6333118822579332 0
614 0.9133707853323781 0.6500597750241268 0
615 0.07716918449362935 0.5783885423718115 0
616 0.5688341553963486 0.775989970184663 0
617 0.6547607894397185 0.7657944426659061 0
618 0.2604130154768113 0.2910519746791562 0
619 -0.4335677249223435 -0.8229045473480163 0
620 0.4927086858832338 -0.3779837411653799 0
621 -0.9158321965479654 -0.8185294417888896 0
622 0.2984969972841215 0.3656301357193931 0
623 -0.1060538050104888 -0.3041775878076082 0
624 -0.4611840710303676 0.9158857564067818 0
625 0.9145374673683117 0.8018684133413203 0
626 -0.3082660916441933 0.7641682358489694 0
627 0.7992222579969995 0.3935036117521934 0
628 0.404197586062549 0.7869996025601216 0
629 -0.2425623343813871 -0.3691682924892189 0
630 0.2010017386957381 -0.07971617006442067 0
631 -0.01238922404229038 0.2322547977567858 0
632 -0.416131349246906 -0.1915147188347793 0
633 -0.7692515637133889 0.4034214978197647 0
634 0.7216293905895839 -0.1323106694741473 0
635 0.768834385971781 0.8089649663296602 0
636 -0.6823759439109619 0.1290279120202212 0
637 0.9184069037428095 -0.3187874193885816 0
638 0.1126886524209561 0.04296980189382024 0
639 0.5567556144520959 -0.4281578109670997 0
640 0.1319418165880771 0.4619372839217452 0
641 0.8124173422079842 0.9139093012082906 0
642 -0.03892811650733854 0.4899164772786424 0
643 0.6524782684354009 0.917151708214473 0
644 -0.7887391603648846 0.6121966827521172 0
645 0.07871500091570312 -0.6049935430333255 0
646 -0.9212542772284977 0.3337991475236752 0
647 -0.5440947947440238 -0.8069507049624772 0
648 -0.231599761479905 0.9183289456831201 0
649 -0.7410377215014794 -0.3465996815975233 0
650 -0.08853622894781807 0.9176372634756207 0
651 0.4603630109961835 0.5530324781553532 0
652 0.3663328707176732 0.5196120207841183 0
653 0.05157000292025438 -0.05565320299922245 0
654 -0.6356387308803477 -0.4611236208469915 0
655 0.3194848090867032 0.6286489728500479 0
656 0.6693690850959282 -0.9184765262285728 0
657 -0.186267755234561 0.8161328889972612 0
658 -0.2889733498707756 -0.6687225869679265 0
659 -0.08353175099569868 0.6247295309588646 0
660 -0.8225982220238148 -0.1378269490163071 0
661 -0.06442430896639263 -0.7336527233226477 0
662 0.6752937279022354 0.6733811069093103 0
663 -0.6584000210602799 -0.9244585188451988 0
664 0.6917710972644378 -0.2410545321002186 0
665 -0.643475665611552 -0.3499724429486081 0
666 0.6439487299161828 -0.3829896849356127 0
667 -0.06772985207057941 -0.1552607831219015 0
668 -0.1202731354395919 0.7013421549526435 0
669 0.6247208988895816 -0.09863142454264129 0
670 -0.6816166077814048 0.9126631020040012 0
671 0.4128148134556033 -0.8025760654414738 0
672 -0.5191342614803626 -0.6811453017314015 0
673 -0.9188876513629234 -0.6619855587839751 0
674 0.9207136387572507 -0.6816957200480473 0
675 -0.1501266471032321 -0.3707992320784859 0
676 -0.6273872078149615 0.5407063076372773 0
677 -0.3633622356788171 -0.5797558024002243 0
678 0.6047097218663362 -0.5248547231173101 0
679 0.03847196245267594 0.1693377980270335 0
680 -0.2134272038245575 0.5581701355736853 0
681 0.1166103122434748 -0.2007781098906257 0
682 0.3749472218461439 -0.9225152190561723 0
683 -0.5216618593446221 0.4885150550871241 0
684 0.7898216570596908 0.1213270359586844 0
685 -0.9208984947846732 -0.3646981250464967 0
686 0.5687806945085905 -0.805357424655315 0
687 -0.5851978710413226 0.2291824424338045 0
688 0.2659146494539361 -0.1625244823084281 0
689 -0.727034116687392 -0.002569111971088218 0
690 -0.8105928556143416 -0.5663953155941222 0
691 0.9174384528152535 -0.922285472915619 0
692 -0.5049544437415073 0.1036376039693166 0
693 0.768784513168691 -0.3499967488597783 0
694 0.8141808390873966 -0.4295538241854835 0
695 -0.4099576111087 -0.7192524138408531 0
696 -0.406069062120249 0.4107854619336812 0
697 0.8119394011545751 -0.922403749956636 0
698 0.7945799032722706 -0.697671998179901 0
699 0.3399521488490844 -0.7664477900032991 0
700 -0.03393413399590671 -0.9231803361412284 0
701 0.921992514531744 0.1377202326869982 0
702 0.1644451772181548 0.7994926871938973 0
703 -0.5701617043395864 0.8093598693046746 0
704 0.6964483226197342 0.4439572818300781 0
705 -0.4217402810239523 -0.1182911920566525 0
706 0.6546781329801284 -0.6824446873490283 0
707 0.3248567930050124 0.7587836905303698 0
708 -0.7788742582640183 -0.6721263128984093 0
709 -0.8135771900159972 0.9208440977251874 0
710 0.03696849874362639 0.9250524045923323 0
711 0.4754682055240576 0.09198577022772912 0
712 0.4051044613046787 -0.2789301077240284 0
713 0.06459953914075856 0.3128694017616927 0
714 0.6483678059909592 0.3222562830745509 0
715 -0.4839373165326745 0.6010307525590759 0
716 -0.9236552027970105 0.6934054136729628 0
717 0.8078610383655001 0.7038969402409352 0
718 0.6041266715872057 0.01909933220180176 0
719 -0.6129885153803512 -0.006675682900915858 0
720 0.3006468631953468 -0.462079241771534 0
721 -0.7065485903792275 -0.4839672642785415 0
722 -0.9234411066337618 0.9242108770508145 0
723 -0.9241620711962409 0.4152055306799836 0
724 0.4038743835407453 -0.04054641775988733 0
725 0.9269706801245094 -0.8214145452565585 0
726 0.1910317784051035 -0.8034096024825716 0
727 0.9304910435694304 -0.3969104268728824 0
728 -0.7345269022585882 0.2041721857305296 0
729 -0.5365877390678455 -0.2145601699290332 0
730 -0.8017588553802391 0.7076689256662654 0
731 -0.8123945000983477 0.06735445332481357 0
732 -0.8217040904396304 0.4558148155746569 0
733 0.006860993897883809 -0.8020393792267663 0
734 0.8252098291364038 0.5145530560663022 0
735 0.542319369608684 -0.6330848339823499 0
736 -0.2787242541013725 -0.3001845531141927 0
737 -0.9272321693045785 -0.1535708407527984 0
738 0.1855197075626648 0.01145874173419385 0
739 0.5064314231736557 0.8380775708619272 0
740 -0.04624988531630615 -0.05642961589575352 0
741 -0.298226681926692 -0.04705814422621168 0
742 -0.08793500550120942 0.8454088681195514 0
743 0.05569962577604937 0.7249314054200859 0
744 -0.6541722730431033 -0.1267300667742768 0
745 -0.7103057013275745 0.8261531532306166 0
746 0.9276570224511639 0.004069272603057709 0
747 0.7022681633184923 0.5182953593392382 0
748 -0.1262175789643006 -0.5072287984845706 0
749 -0.5406995200530417 0.3690889301845856 0
750 0.5297985640613687 0.7108790624098403 0
751 -0.377422443374948 0.5286620584927986 0
752 -0.9293338689430455 0.8279211553434184 0
753 -0.8278783855735362 0.3182579170760825 0
754 0.7999304769431457 -0.8391240039428484 0
755 -0.1352297880453621 -0.1599594022620722 0
756 -0.3495862731565489 -0.2288382172575365 0
757 0.009732732324134637 0.6370377887519415 0
758 0.6326614478189936 -0.3044666126122799 0
759 -0.1717737254358662 -0.9230390690037149 0
760 -0.7647585756442696 -0.8080368551261986 0
761 0.1713598399309031 0.9287777281868815 0
762 -0.6670237857760589 0.6871600013989186 0
763 -0.9287692167331474 -0.4782822710693879 0
764 -0.4992872348783791 0.7218906708537001 0
765 0.1544818637723606 0.3867338893225419 0
766 0.4667291043270371 -0.1690484991113721 0
767 -0.8054554664370136 0.8516403144201514 0
768 -0.5993157896498922 0.9244920239086143 0
769 0.0463732398629679 0.8528233465128351 0
770 0.2875017487955515 0.2290769512198746 0
771 0.6988269473367577 0.8209749188975319 0
772 0.2442995707236646 -0.5426359797955866 0
773 -0.3473801068181366 -0.9303201193988946 0
774 0.1871451923923622 -0.2268023585845367 0
775 -0.9284357031637533 -0.5931744738449771 0
776 0.8366948035746102 0.02262804993200712 0
777 -0.1310439763121267 -0.8337494722123375 0
778 -0.3559490805401264 0.06360035077700925 0
779 0.9307980016820605 -0.2017322301998691 0
780 0.119567268222032 -0.3479435764506806 0
781 -0.06122044254072381 -0.6622739430667219 0
782 -0.1516600086789057 -0.03263696343137375 0
783 -0.1133483677755532 0.08967342512753844 0
784 0.4223321376555333 0.648342555418674 0
785 0.830271228694637 -0.2952712575590775 0
786 -0.1551177312592873 -0.6200775176688993 0
787 0.9308669920824852 -0.07401619879867617 0
788 -0.09655524958065677 0.1927863908671621 0
789 -0.3361816909117763 0.8299807933974988 0
790 -0.4582199746254274 0.8455165659924332 0
791 0.8294192774577622 0.7755839394769667 0
792 -0.2917647845897223 0.5004378055499596 0
793 -0.3851425735728981 0.6928133839621831 0
794 -0.1869226799219365 -0.6997713748379429 0
795 -0.844658642650048 -0.4891839156463116 0
796 0.1869082721291236 -0.9319796714428371 0
797 -0.5450898612058532 -0.1240203857822888 0
798 -0.5126334275500085 -0.5730339904388693 0
799 -0.02576796283811485 -0.5615587687289423 0
800 -0.4082884075914595 0.1035668893179991 0
801 0.7232197703641955 -0.8229694059596551 0
802 -0.8194953244623384 -0.07241307711869832 0
803 -0.5064873814376362 0.1992055255201219 0
804 -0.2208227582138987 -0.2435114225239723 0
805 -0.6662151833377682 0.3995410002033643 0
806 0.4557262355139735 0.7071695751386892 0
807 0.1135269384702007 0.1098365858188223 0
808 -0.932805528309043 -0.2276943665632694 0
809 0.9312536442789137 0.4696538136118585 0
810 -0.7120044140598134 0.270946830540703 0
811 0.2408741415377181 -0.3463466155498906 0
812 -0.1822544442292594 -0.1000571647255741 0
813 0.05806352646217262 0.01063003806830266 0
814 -0.4598846605420311 -0.00062000566775662 0
815 0.6937877773670605 -0.4750171942245259 0
816 0.0381730846503062 -0.6748630386298072 0
817 0.1292537236059703 0.6165985833994174 0
818 -0.8342782877836623 -0.2634004407749548 0
819 -0.1976160545188839 0.1910028058939434 0
820 0.3420686675146023 -0.06991327967195486 0
821 0.6779159399153667 -0.605459718417803 0
822 0.9331776650232143 0.5860913975353951 0
823 0.4870591531393436 0.2178613370941813 0
824 0.5041206683118309 0.293289134922724 0
825 0.7440360728537272 -0.1936092277513771 0
826 0.2707871942925519 0.493806517865227 0
827 0.0669083279490066 -0.9334913116736813 0
828 0.6062296184114251 -0.9338513601668005 0
829 0.4307100538914429 0.3310338419120095 0
830 0.5110591076258797 -0.3102979685897445 0
831 0.06225281973438615 -0.3072285782479001 0
832 0.4999185429792556 0.4934893298990162 0
833 -0.3768073730593018 0.929064955623328 0
834 -0.0471052396054535 -0.433297984899621 0
835 -0.2938206031345676 -0.1694253793001603 0
836 -0.4125310321697647 0.2877332417356355 0
837 -0.2593246808397695 -0.430864081308785 0
838 -0.3276991785351276 0.1968638074675386 0
839 0.1044256252685891 -0.545169502279564 0
840 0.9323349032805084 -0.6159073153176243 0
841 -0.1964955117189182 -0.4947485861096335 0
842 0.4821317470606026 0.4156598807283317 0
843 0.5001288472637561 -0.8505514507051144 0
844 -0.5479972345228524 -0.744027461316484 0
845 0.8432310258520392 -0.1018143164151004 0
846 0.6141057760724743 0.2661542912783381 0
847 0.4842895444964926 0.9330180290588359 0
848 -0.5664162712199339 0.07986046832560892 0
849 0.2510226801393288 0.4117561553359174 0
850 0.7290597297963011 -0.7212090414041801 0
851 -0.4445116056360136 0.468096545480077 0
852 -0.7294013730258372 -0.5490295470479997 0
853 0.3558790185081249 -0.3960002787409325 0
854 0.8372554208094005 -0.552171316538501 0
855 0.496913283176345 -0.9389711399730817 0
856 -0.6935533657675411 0.6228736351792191 0
857 0.5527594605287893 -0.4913886027963847 0
858 -0.4278485657886754 -0.5827014151162229 0
859 0.1732945502107333 -0.439355430501168 0
860 0.5189921155405022 -0.09489950712183362 0
861 0.7412935075062204 -0.01233235550405151 0
862 0.2162228542498922 0.5360893835738352 0
863 0.2314636152181167 -0.4115488129103435 0
864 -0.9324684223173316 0.2414730200811068 0
865 -0.475072299836956 -0.9362445616349526 0
866 0.8381241924322398 0.2560590411630999 0
867 0.2795417141860451 -0.8480628275489557 0
868 0.1031285875885072 -0.4030582198725484 0
869 -0.344307849127731 0.3913462075468784 0
870 0.4301799109422112 -0.4216321729208927 0
871 -0.2273347818604907 0.4261497279170632 0
872 0.2704156820565257 0.8434885989853418 0
873 -0.7467728463793076 0.1352434525107364 0
874 0.8567739873731948 -0.1835204506567655 0
875 -0.3905209851964839 0.1739388053063208 0
876 -0.8249686309237987 0.2290226493170679 0
877 0.09015133045737017 -0.8494586433747642 0
878 0.936981866570167 -0.5057804825702482 0
879 0.7394120154025338 0.2841507862829915 0
880 0.2097054113705216 -0.6599552234849921 0
881 -0.9361362121667951 -0.0498738956624861 0
882 0.5971051740462979 0.9376461420283 0
883 -0.6292535005094598 -0.5902549381927272 0
884 0.3767977645339236 0.4443305724572458 0
885 -0.2137355292714991 -0.8011445587092219 0
886 -0.2416781271896373 0.2683034950548953 0
887 -0.6219916015461586 0.1317547743854607 0
888 0.3837639630273191 0.2472893069866318 0
889 0.1730482754464106 -0.3130390746551177 0
890 0.2532981620128431 0.6119896218561373 0
891 -0.9375704742966458 0.6294249941752331 0
892 0.5853186443131082 -0.6667998984839532 0
893 -0.05344915686680726 0.753110450466113 0
894 -0.8408321730912954 -0.6997058637067187 0
895 0.7190645139336633 0.2047590964101107 0
896 -0.8073974145132736 -0.1980098353570791 0
897 -0.03602811848860507 -0.8531368694712314 0
898 -0.8470661429006039 0.5696145917347075 0
899 -0.8600087430965115 -0.3716820243335363 0
900 0.532706365544125 0.6099475670504663 0
901 0.3736838910530592 -0.5607346250712987 0
902 -0.006401980678106101 -0.3956633792941894 0
903 -0.1208692282735927 0.580535189080813 0
904 0.2534406620191686 -0.2254432020886369 0
905 0.9325203017474337 0.1961107479910648 0
906 -0.7070293458434183 -0.1020402114374904 0
907 -0.3112966376584547 -0.5212798436184393 0
908 0.9376730997251221 0.4066778526936843 0
909 -0.02478966850863783 -0.1945485657703322 0
910 -0.1833308811660425 0.09595966068705455 0
911 0.9389252030324896 0.744083708648442 0
912 0.6684387652346342 0.09888589686349986 0
913 0.04184660746651333 -0.1562990083216799 0
914 -0.7632986681282931 0.3457753768388439 0
915 0.5272249985284915 -0.2200447483706936 0
916 0.3025607037451774 0.1538414882893732 0
917 0.854362680302422 -0.8071155402331268 0
918 -0.5243010409059756 -0.03120632994783397 0
919 -0.9386185935180722 0.1221461617591154 0
920 0.1189365196649547 0.3384013638574934 0
921 -0.4603468275758977 -0.6742514913151081 0
922 -0.748237453178522 -0.9356076537797141 0
923 -0.3927961327007941 -0.7763760559252697 0
924 -0.5428948812372772 0.428220031529981 0
925 -0.2354880819579781 -0.5503224013229584 0
926 -0.8566240890744408 0.1488790123685905 0
927 -0.3325442527213193 0.6205873453662877 0
928 0.5997441798560147 0.5497786040259756 0
929 0.6369159912586633 -0.03508426859349205 0
930 -0.3041340160615034 0.08789200789571582 0
931 0.5320537036998521 -0.7486413173053925 0
932 0.936832841511713 -0.25721294379444 0
933 -0.02460753210216986 0.9390843656191875 0
934 0.05696723224405329 -0.7862347600865598 0
935 0.7228693523702237 0.08459971022852969 0
936 0.5849505014664701 -0.1881095888171174 0
937 0.3328481901205592 0.5580651372884458 0
938 -0.8482971830735908 0.8155172591952085 0
939 -0.9396563828110185 0.06423647638445094 0
940 0.7370769173351175 0.4025436989725972 0
941 0.1523449516862819 -0.8423281102514775 0
942 -0.6819969020711832 0.04353658833291658 0
943 0.4480395901694219 -0.3139202710363185 0
944 -0.4232590344361872 -0.03973190601146361 0
945 -0.9409177202969172 0.5243112554793952 0
946 -0.640521704413013 0.7844728535531165 0
947 0.5750515371462002 0.4904375971170969 0
948 0.3971796286864158 0.8463492502317085 0
949 -0.6567965279665335 0.4867145434750573 0
950 -0.7403996543377751 0.5116921085535516 0
951 -0.3475833194071027 0.2870211841157072 0
952 0.1602421761318887 0.2262833886745816 0
953 0.8532114447430238 0.6732827519064256 0
954 0.4309547499710114 0.9416164002340188 0
955 0.2325502239465704 0.9416133924877848 0
956 0.5456437896341441 0.106218464381802 0
957 -0.5953513003349412 -0.502429128061222 0
958 0.8219507125662999 0.4558695534819397 0
959 0.4469022876517471 -0.6790479430689406 0
960 0.2854237903678675 -0.2742850189955263 0
961 0.7133642376745472 0.9432222644754794 0
962 0.3266345278935112 0.6848165659206104 0
963 0.2249880642473636 0.7328228941950496 0
964 0.8562109707315468 0.3723743551117693 0
965 0.3558600609321659 -0.6722562543880255 0
966 0.2293908526450106 -0.02718541270717077 0
967 -0.6856529514289166 -0.5874188495917932 0
968 -0.2508617085698448 0.7779309189079975 0
969 -0.2328641147271019 -0.9389641598373144 0
970 -0.1760127069590318 0.941104913630301 0
971 -0.3287607733379007 -0.08817139107616852 0
972 0.8437563083318009 0.1118381887467421 0
973 -0.06935961013957542 -0.005730696546017645 0
974 -0.06591750788289841 0.312096245990281 0
975 -0.117996459721732 0.458963211537707 0
976 0.1427070998705365 -0.09336299706590609 0
977 0.939641892833907 0.8592835039530883 0
978 0.6238699307988719 -0.7838201763708041 0
979 -0.6315084235087146 -0.4065185598892235 0
980 -0.8745914334896182 -0.03639278285844883 0
981 -0.6689441819577301 -0.8524637729104749 0
982 -0.324935656621428 -0.6217059549215775 0
983 -0.707276704747328 -0.235930350242226 0
984 -0.2875697055842933 0.1506496544420883 0
985 0.8261690380291469 -0.7467596955014417 0
986 -0.5985657292465645 -0.3107308701802228 0
987 -0.2469237671534634 -0.001011584625341662 0
988 0.558384666862355 0.6605656921720724 0
989 0.004828326267577955 0.05749062321538617 0
990 0.9439245738108216 0.3010137288289801 0
991 0.1285520249766701 0.8371289940445052 0
992 0.5406640967716611 0.3829845397045402 0
993 0.7244333249108479 -0.9409348049843353 0
994 -0.5966210298905885 0.6755367610413068 0
995 -0.6189979395701617 -0.6840480395367742 0
996 -0.9423124639769768 -0.4285180367253602 0
997 -0.7737258046392772 0.0225418312741859 0
998 0.2518815843237824 -0.1097894501854554 0
999 -0.4737343397061571 0.04995952067432825 0
1000 -0.7463291431711334 0.7293591809183911 0
1001 -0.05521699455973129 -0.2862452842631159 0
1002 -0.8572357177037174 -0.9427442016346372 0
1003 -0.003288073872503466 0.1053405839510338 0
1004 -0.5700570315166562 0.6135968679505124 0
1005 0.442531957700161 0.823643627601917 0
1006 0.8671652617564256 -0.9463994705912744 0
1007 -0.2052338667561207 0.6721381702770849 0
1008 -0.9408837014646863 -0.7609186006448382 0
1009 0.6397536222255464 -0.231868642270003 0
1010 0.7879105654268574 0.8625448968458613 0
1011 -0.5464077156189103 0.7529829071292484 0
1012 0.7708749132026337 0.184903754498197 0
1013 0.9454853525728882 -0.7328065135058924 0
1014 -0.2752172863009614 0.7256084750131996 0
1015 -0.8769007232432655 0.9451480239010729 0
1016 0.2541762729663758 -0.7303115939011164 0
1017 -0.5133840143466867 0.9422275775803193 0
1018 -0.4311506361929373 0.7182668072513609 0
1019 0.2119235425545903 0.273481807669284 0
1020 0.2386320833107197 0.08326748718643914 0
1021 -0.1570689816826846 0.7368023437441229 0
1022 0.8572662374697048 0.9487872935448077 0
1023 0.1168723936349115 0.5069511499965191 0
1024 -0.6657119212936405 -0.7461134169523929 0
1025 0.02854418640063867 0.5432849205737738 0
1026 -0.2115085054777305 0.8637759142728314 0
1027 0.2429397238552854 -0.9433052471662406 0
1028 0.4551913825980627 -0.7317924872801511 0
1029 0.5597826666694163 0.8479762678133129 0
1030 0.1881613960241646 0.1423353963510055 0
1031 -0.8468622817808161 -0.7761692164981094 0
1032 0.397710736545683 0.1580605783099236 0
1033 -0.7250635101616271 0.9424586901303054 0
1034 -0.7864466456296766 -0.8597687555150392 0
1035 0.8614675958385567 -0.7013563553587715 0
1036 0.1110563215900803 0.7031494486712616 0
1037 -0.1766289586082093 0.5222494378471513 0
1038 -0.9458517617178481 -0.9438507469120914 0
1039 0.3600610403479617 0.06104006206092966 0
1040 0.1997534329890982 -0.5839131685029063 0
1041 0.06297242779190225 -0.4802182806876304 0
1042 0.1439639677509649 -0.7395192448596155 0
1043 -0.134948461995545 0.2868317950315649 0
1044 0.4784585854133087 -0.5170654753969051 0
1045 -0.7389195774918973 -0.4407236124496167 0
1046 0.4252187219572018 -0.945592743000679 0
1047 -0.8632704361525 0.03835773385834545 0
1048 0.01331156058906972 0.2792726494271273 0
1049 -0.7645264273354715 0.45738276390829 0
1050 -0.3021336157180569 0.2409286850398905 0
1051 0.1592400709227477 -0.678888699486876 0
1052 -0.3471478696429607 0.01194756823483751 0
1053 0.02794862288583811 0.376204453236883 0
1054 -0.4585653910867101 -0.216358998684882 0
1055 -0.8550508812724937 0.7146030204965547 0
1056 0.6879748326113744 -0.8623996428184575 0
1057 0.8480760499736487 -0.4984634044323066 0
1058 -0.7176126764725753 -0.6567805830987319 0
1059 -0.02791810830252702 0.3866722922239366 0
1060 0.3999951392469919 -0.8536925624779804 0
1061 0.06431848240446143 0.4387152061188164 0
1062 -0.9474083841802555 0.7433458957793353 0
1063 0.4933945489116792 0.003838624607698934 0
1064 0.6069465873844947 0.4512289176946134 0
1065 -0.4403168242245619 0.7926642395236991 0
1066 0.944319706415398 0.08594740169948661 0
1067 -0.5695472690039879 -0.8596140853529596 0
1068 -0.07585688970875532 0.555621614982821 0
1069 0.7499180624293552 -0.5448711240839119 0
1070 -0.04921002785214727 0.8080079174640364 0
1071 0.1715306832168501 0.4996741147988433 0
1072 -0.5956235950571267 -0.7900032892139301 0
1073 -0.9454678675350684 -0.8648136278699357 0
1074 0.3071320063695032 -0.5976866552445159 0
1075 -0.5247962618223467 -0.6259770991981353 0
1076 0.9461529925010727 -0.4470003000015891 0
1077 -0.5302430090338096 0.2469418401679284 0
1078 0.9467828967968849 -0.8697334688543648 0
1079 0.4702755192563798 -0.5662962169566357 0
1080 0.6882686293486761 0.3866528657570079 0
1081 -0.3183649788023581 -0.2674315720106519 0
1082 0.4600741995244395 0.6062356424532293 0
1083 0.5721073902741776 -0.1198240746161954 0
1084 0.0807605203652294 -0.2411259264175962 0
1085 -0.2772938695012626 0.4495174432561166 0
1086 -0.7472041773205583 -0.7575360143204062 0
1087 -0.4232575050434537 -0.6335482513924137 0
1088 0.7787053184723273 0.3180032786270742 0
1089 0.4265814139367442 -0.4734907316203478 0
1090 0.1476829312996256 0.6607468628963475 0
1091 -0.8632328813491935 -0.5848087632689666 0
1092 -0.4833844500511471 -0.8058585972794169 0
1093 -0.9471822690899909 -0.102550854911132 0
1094 -0.3289754932441347 0.3442500025200256 0
1095 -0.2592811522287599 0.3444677040995024 0
1096 0.4275301878957329 0.2143339274028581 0
1097 -0.25271094292426 0.05760869186464741 0
1098 0.2936458460148219 -0.00716819638145357 0
1099 -0.5264312551873204 -0.9505588552967865 0
1100 0.806803493690847 -0.2028007071552515 0
1101 0.6745647376863722 0.1811557304208121 0
1102 -0.5100016296389969 0.8415873521275303 0
1103 0.3530872423138248 -0.1840100007963791 0
1104 0.6963382124215545 -0.3734843930074155 0
1105 -0.01517623128776931 -0.2488849092619785 0
1106 0.01755579023760235 0.6904099735341476 0
1107 0.7507345189213819 -0.3030759632485549 0
1108 -0.2463875584101712 -0.2014096992541872 0
1109 0.3589145375514307 -0.5093020117536468 0
1110 -0.5947034497455518 0.874894448680597 0
1111 -0.6696745945594641 -0.008022762029612949 0
1112 0.8640016332887254 -0.4144523715286371 0
1113 0.6777543757496971 -0.4226128062106748 0
1114 -0.9436345535894579 -0.532956569956757 0
1115 -0.6083605137080679 0.1839813792664929 0
1116 -0.009705650122518642 -0.6911913684469898 0
1117 -0.6019553292051032 0.3160378213734369 0
1118 0.3654224439728278 -0.2347485519218905 0
1119 -0.2873012267954596 -0.7648149304529119 0
1120 -0.7589819581164798 0.5632183886648058 0
1121 -0.8513928287085373 0.5190721396167832 0
1122 0.08755922798100278 0.1868055892231187 0
1123 -0.1120710990510284 -0.7334865626546729 0
1124 0.6526654801700034 -0.5116494644837331 0
1125 0.6412574044336025 -0.5656394412491115 0
1126 -0.432531724407064 0.2033930349707387 0
1127 -0.3861291805705148 0.8146808761895334 0
1128 -0.8494303217055086 -0.8836595466754962 0
1129 0.3262946033519681 0.9458392121898599 0
1130 0.3701428857531235 0.6508978052857357 0
1131 -0.8298716436116553 0.7614988391089474 0
1132 -0.6022514214086967 -0.1134315614202349 0
1133 -0.09065099151156181 0.138234829694335 0
1134 0.08546101054167238 0.9454572170651424 0
1135 0.8853838455831309 0.3025664299608802 0
1136 0.4005632404298797 -0.6487522776803947 0
1137 -0.4759743174661694 -0.120441549292175 0
1138 -0.1484451553907068 0.2117536206047121 0
1139 0.8704156758746359 0.4833946307681043 0
1140 0.001527570285352164 -0.4985502245363433 0
1141 -0.741624888483631 -0.2942422950896976 0
1142 0.3511045198232119 0.3515593720373046 0
1143 0.7516118755343517 -0.4699037535587144 0
1144 -0.793330610599173 -0.6215382495190662 0
1145 0.8543076365067537 0.5610679089900987 0
1146 0.5816596602890413 -0.8558437602514979 0
1147 -0.1404659139404445 0.8326537233566538 0
1148 -0.5697420346899839 -0.6959101117157582 0
1149 0.3428254251995404 0.1338334509297324 0
1150 -0.9518245495442744 -0.703233028648565 0
1151 -0.9458931674631456 0.4624926344650879 0
1152 0.2159631028012787 0.5839985075851664 0
1153 0.1104359636050192 -0.6477794126492487 0
1154 -0.9474072841848449 0.875205588782922 0
1155 0.9494573003827422 0.9499048762590385 0
1156 0.01914358757172741 -0.947861266317308 0
1157 0.7779467201845131 -0.6440814496097755 0
1158 0.7910214193434058 -0.00988501772305978 0
1159 0.7268931828022211 -0.589882495820561 0
1160 -0.8736861254198731 -0.1484523032771499 0
1161 -0.3366894069142569 -0.6958141736836176 0
1162 -0.9473109920996901 0.2889632596125218 0
1163 -0.2731648634861528 -0.6224863009138567 0
1164 -0.396794818503201 0.4769737357452125 0
1165 -0.3457569878386945 0.7275993764742594 0
1166 0.6711560061055224 0.8667028996792869 0
1167 -0.4333425210150647 0.3696500251934352 0
1168 -0.5047130362914473 0.5321300430164824 0
1169 -0.08080646088269609 -0.9475419164295067 0
1170 0.7800164185711367 0.7555928537748841 0
1171 -0.3269748636741719 -0.7992269792855518 0
1172 0.13561321205117 0.7553188121676019 0
1173 -0.2593654481264891 0.5422933425615899 0
1174 0.4222031123369258 0.5235559482796787 0
1175 -0.304091839942073 -0.8562430967249341 0
1176 -0.1568664068565914 0.3695725411795033 0
1177 0.4512933333344784 -0.8355226749620737 0
1178 -0.7944476854531823 0.1203327555865031 0
1179 -0.8301258645669721 -0.4440636138470804 0
1180 0.6438014945358788 0.6289551217701619 0
1181 0.3097525764540464 0.04218593443126049 0
1182 -0.6531169156570974 -0.2474440546929187 0
1183 -0.2752644356274823 0.9463671261057717 0
1184 0.5752772437328177 -0.5813774590663415 0
1185 -0.6611331110262911 0.5782723328895453 0
1186 -0.8747112237096123 0.4315292996757369 0
1187 0.9502293656749379 0.6921502669418287 0
1188 0.2904273236974236 -0.3359628072634766 0
1189 0.2145359238326236 0.682972123457401 0
1190 0.0579305253239261 -0.4240748569727953 0
1191 0.7342581414281574 0.6014442314100976 0
1192 -0.770971346971131 -0.1174674073122865 0
1193 -0.5810701115276168 0.5163987549837395 0
1194 -0.95029726272684 -0.3209282077875639 0
1195 -0.3806549147881663 -0.09166268274046659 0
1196 0.4439213286777817 0.3821188617369726 0
1197 -0.6541924491702127 0.3374463478332701 0
1198 -0.6222574868668101 0.4209021150469901 0
1199 0.2816564603869691 0.7330721411119964 0
1200 0.6680421456788914 -0.1268496876621447 0
1201 -0.1573997534709207 -0.4637886888608237 0
1202 0.001923888741048671 -0.06566896178508225 0
1203 -0.2520881278222005 -0.858272793176981 0
1204 0.04595263238961916 -0.1050666312698139 0
1205 0.5633890896173239 -0.2972914720017778 0
1206 0.03155496753872382 -0.582700393072639 0
1207 0.6580860338482883 0.5463373845484579 0
1208 0.1025354093956531 0.2801870994226787 0
1209 0.9495496965996361 0.5339691281357345 0
1210 0.332565061670351 0.2503348752839538 0
1211 -0.6870018480057271 0.8712118562415003 0
1212 0.3404231707665827 0.4025165213626424 0
1213 0.4752388507000395 -0.1182654241000263 0
1214 -0.01999161333576874 -0.7630707824456389 0
1215 -0.7874581358785644 0.6582546773935887 0
1216 0.6284591008079814 0.06270452702229214 0
1217 0.3143250043087975 0.5152992313737029 0
1218 -0.440666915031442 0.5841957962204957 0
1219 -0.5777036971753853 0.03038480156852712 0
1220 -0.7017384043429341 -0.9489713178845576 0
1221 -0.1224193808631399 0.9476653473634524 0
1222 -0.0984094248099672 -0.04763020955868278 0
1223 0.9500776817949765 -0.1504316576586489 0
1224 0.8177525214881801 0.06870862138663 0
1225 -0.6439172235103146 -0.7933296535949494 0
1226 0.762748329542108 0.9516000666950015 0
1227 0.5925648826538077 -0.3907362554913383 0
1228 -0.1476278104808377 -0.279752016210193 0
1229 -0.6954971066120246 -0.3625452611410704 0
1230 0.03759208263637724 -0.2667065179366683 0
1231 0.2029081793949304 0.4117124288307509 0
1232 -0.1270316884335718 -0.5536369263582925 0
1233 -0.4965113419848081 0.2897495768744734 0
1234 0.01047809711185332 0.4766366346102465 0
1235 -0.6223140170837803 -0.2040872059809468 0
1236 -0.1548130308953085 0.05730891658323185 0
1237 0.5398925781546622 -0.9533194793874766 0
1238 0.7866327124037489 0.6069140995250268 0
1239 0.4921826698612538 -0.644188387757312 0
1240 -0.04782202169910744 0.2040041517531942 0
1241 0.7341213047326353 -0.08151577741462035 0
1242 0.3319994382297523 -0.9535269013110608 0
1243 0.3837437847819179 -0.1434019465108383 0
1244 0.2175878040707822 0.8176272796052433 0
1245 -0.1170328357635709 -0.2093345516968657 0
1246 -0.2046477666293401 -0.5910844220324044 0
1247 0.6461663133610671 -0.728080734780162 0
1248 -0.6112187861811789 -0.9490546956655316 0
1249 -0.4008252247436049 -0.8608170927280222 0
1250 0.170025053684368 0.3298629785944497 0
1251 0.8599538274907654 0.8914711279550178 0
1252 -0.106095915811143 -0.3902525720140664 0
1253 0.8623362884323541 -0.5945101313538201 0
1254 0.1616707725054637 -0.4898291476708448 0
1255 0.1374842183416731 -0.1532400568403356 0
1256 0.2889573608819004 -0.6472944142729289 0
1257 -0.2450614381982655 -0.6830839925228086 0
1258 0.09645198515713263 -0.08028402182684023 0
1259 0.9489497085986033 -0.5651103004784158 0
1260 -0.1984385227256571 -0.3517377823227966 0
1261 0.6476206667744653 0.7130748634166306 0
1262 0.06699469810447649 -0.73528307559416 0
1263 -0.4243413482200574 0.9512114819285237 0
1264 -0.6913904887120397 -0.1524068172683379 0
1265 -0.2252948716784309 -0.1144035266531538 0
1266 -0.7391907214322844 0.610947839622962 0
1267 -0.8670408481984248 -0.3200565070536829 0
1268 0.4975778040166146 0.1372265334515961 0
1269 0.5810353300393061 0.4058972085307633 0
1270 0.04185492873016835 0.8038285408421715 0
1271 -0.874041042576654 0.2171192101629257 0
1272 -0.2012982354828563 0.1429610824246331 0
1273 0.5924371310968291 0.8863207929829058 0
1274 -0.1697508722484047 0.4694649072224452 0
1275 0.5781282913777763 0.06403191290230116 0
1276 0.1121451839467384 -0.9504560850987953 0
1277 -0.722847222699103 0.3944860555281526 0
1278 -0.6654253685953723 -0.6941700095267036 0
1279 -0.5466625148169507 -0.1676521879598361 0
1280 0.3266002395673631 0.8865366680814355 0
1281 0.8183625404746012 0.2072024858927799 0
1282 -0.4593107396947211 0.1031879507537347 0
1283 0.5348032045478889 0.9474399200987189 0
1284 -0.1160964307315386 0.3934892179748511 0
1285 0.6720114343133146 -0.007647397287640494 0
1286 -0.448333898446284 -0.8743022659011974 0
1287 -0.08534809186249964 -0.8566988494439604 0
1288 -0.7406322152171255 -0.3920340625871892 0
1289 -0.6176066716177144 -0.05628860769038364 0
1290 0.538652325964846 -0.005061236086494933 0
1291 0.5699244188103936 0.2009539319516994 0
1292 -0.3023707102755515 -0.9515013454545036 0
1293 -0.03204571266600942 0.2757930391884741 0
1294 -0.7860231489755458 -0.3625791218474814 0
1295 -0.06761483741146368 -0.1070152129073178 0
1296 0.8851557983621584 0.205826027903272 0
1297 -0.1530853751159462 -0.879112941211172 0
1298 0.07041645937920973 0.1388665517779616 0
1299 0.2781394515580641 -0.5067268160660168 0
1300 0.8073002349823696 0.6523405414670042 0
1301 0.4519165029914031 -0.2151527391800226 0
1302 -0.4949249811029224 0.6511732031211406 0
1303 0.8893182572592317 0.6037653784227603 0
1304 0.1742523953031505 -0.03572584811107776 0
1305 -0.6166597242500876 -0.8892319012404492 0
1306 -0.5222798007603682 -0.07681733882627358 0
1307 0.1584180936194698 0.8809023185445196 0
1308 -0.781003522226163 -0.02533028849325854 0
1309 -0.760701219088979 0.8286167081587035 0
1310 -0.7763103964759352 0.9506277628240352 0
1311 -0.5587987938168709 -0.2635139587709457 0
1312 -0.2700841953927833 0.8870606716205567 0
1313 -0.07016777735824364 0.3604902031134382 0
1314 -0.03452225218651009 0.6200596960209117 0
1315 0.3102283522809089 -0.8032069932105013 0
1316 0.2575979417923576 0.187663766356657 0
1317 -0.403802528564623 0.6483480482903917 0
1318 0.7706639874251409 -0.1102947568276177 0
1319 0.3019296507524722 0.8020980805198065 0
1320 0.6338198920576477 0.1450951303411041 0
1321 0.5877999065727328 0.1533986400576052 0
1322 0.7251278325643931 0.03969974147808058 0
1323 -0.648118216320301 0.7309082178967721 0
1324 0.6739399585358714 -0.8147592124281665 0
1325 -0.08237653912583369 -0.5408813544810677 0
1326 -0.0180441736130802 -0.3461396948654436 0
1327 0.4968749742811333 0.886368588110906 0
1328 -0.6986424553646515 0.1751940907158046 0
1329 0.8925390912091148 0.8454054916424806 0
1330 0.4195989370256245 0.7400448071709678 0
1331 -0.9533570382547021 -0.2704128508071829 0
1332 0.6105005604484857 0.7479887987674516 0
1333 0.7742657341616446 -0.9530936152115974 0
1334 -0.1168801287586526 -0.7833259759635368 0
1335 -0.04727815029799113 -0.6156345850448081 0
1336 0.1418737650342648 -0.5772316365731245 0
1337 0.7006405076921808 0.7690327713636096 0
1338 0.4159884181688812 -0.5802877901297583 0
1339 -0.1303521361533868 -0.9535097124083615 0
1340 -0.7150021727682311 -0.04905930831877591 0
1341 0.2339866288153325 -0.8230306285949803 0
1342 -0.1903717487972363 -0.01067226198225841 0
1343 0.6928873167513402 0.3096856953382652 0
1344 0.7235122687739006 0.6838623978449881 0
1345 -0.1822834141143492 0.3017409581836976 0
1346 0.6991327491582886 -0.1744818337773437 0
1347 -0.1011770090369135 -0.6372549996187129 0
1348 -0.3956904592391717 -0.002283183806466008 0
1349 -0.8714246607107725 0.6119780821310509 0
1350 0.3961565767840471 0.2939063357939506 0
1351 -0.7327451110467271 0.7808808863977714 0
1352 0.9546919153063521 -0.3527487294291519 0
1353 0.3946834758077298 0.0061025465104749 0
1354 -0.3848737545277348 -0.954157084689244 0
1355 0.2615650029039128 0.3382845058941182 0
1356 0.9519596189020771 0.245172165630844 0
1357 -0.1981354295387308 -0.7485623593669872 0
1358 0.2964528556822814 -0.1029486883839381 0
1359 -0.893230111422223 -0.6254144326111831 0
1360 0.07243776989337196 -0.1938544980400967 0
1361 -0.7368803658962411 0.3083817533976869 0
1362 -0.29431102990149 -0.7169419730340365 0
1363 -0.8453192185619847 -0.5380359343476679 0
1364 0.3039610856951196 0.3175594222425229 0
1365 -0.5584158940301209 0.7072260026622417 0
1366 -0.3553807353803071 0.5699592685562266 0
1367 0.6668801819158525 -0.2779231521898994 0
1368 -0.9461660081064547 0.3746775251963859 0
1369 -0.03414208478867199 0.4444993415152915 0
1370 -0.8758675980571106 0.3139845023198921 0
1371 -0.6303135183714835 0.2444328563532101 0
1372 0.5099734933982651 -0.4212985267613434 0
1373 0.53980413678626 -0.3832498078999148 0
1374 -0.007739805974924164 0.7316350606305796 0
1375 -0.4457207359983583 -0.1591442473180868 0
1376 0.2508243346909319 -0.6842540309003418 0
1377 0.224258134850417 -0.1908555309436453 0
1378 0.6144899205466867 -0.1430538573235768 0
1379 -0.952949610977454 0.5721293314470205 0
1380 0.6136973021076708 0.7965451654582014 0
1381 0.381882495857785 -0.3205639248088055 0
1382 0.6298552274533686 -0.8892074038103017 0
1383 -0.2426007341582264 0.1661777232206826 0
1384 0.4219200389154707 0.4275517904973777 0
1385 -0.8033513733102358 0.3681691838171656 0
1386 -0.7256804534495267 -0.8349639293704869 0
1387 -0.8813547967946241 -0.2487265697738816 0
1388 0.3365740585943497 -0.8907597451873881 0
1389 0.8772962716627352 0.7751930939112264 0
1390 0.02643282621877316 0.594269245529508 0
1391 -0.78632941969877 -0.2916093677349472 0
1392 0.2979313705532887 -0.7472270281566511 0
1393 -0.6065082737190919 0.5827059476838077 0
1394 0.001435345131692389 0.8251173584629163 0
1395 -0.1982925402467155 -0.2058336890209434 0
1396 0.5246620061561005 -0.266833509176241 0
1397 -0.558827732140419 0.9505386042551816 0
1398 -0.5697639758157842 -0.01965355677802563 0
1399 -0.2533798527334183 -0.1528273594584209 0
1400 -0.3290582379779721 0.5292060916825559 0
1401 -0.3538392301124992 -0.5367389331789582 0
1402 -0.4393135105541275 -0.7777989406956461 0
1403 0.524815470690925 0.7941974893251108 0
1404 0.8698152152661552 -0.3216319812770742 0
1405 0.7731265476683449 -0.3984435800567629 0
1406 0.1755717221642796 -0.8880308255285398 0
1407 0.0431688051660694 -0.8336095585529363 0
1408 -0.7527909778698711 -0.2058198151206945 0
1409 -0.6962700344357762 0.5091634148495799 0
1410 0.8320070824263669 -0.2468362256520924 0
1411 0.7985383057379317 0.2770326820995682 0
1412 -0.07841600172703748 0.6714469686106879 0
1413 0.2226039132325023 -0.766420641391508 0
1414 -0.2812400426673958 -0.3456092086122611 0
1415 -0.1554924720407782 -0.4150847366775928 0
1416 -0.4984628168640709 0.1482696000374529 0
1417 -0.2322055659105035 -0.3256119925379563 0
1418 0.3827972167023228 -0.09597105398005679 0
1419 -0.4688532433403791 -0.5626203875615015 0
1420 -0.3323506487360257 0.954458224556654 0
1421 0.5007788619583688 0.5740794399415298 0
1422 -0.2735820361468663 0.6793586173599362 0
1423 -0.1519532860332404 -0.3270529763503319 0
1424 -0.8797974291930911 -0.8469373231494434 0
1425 -0.3683036850732854 -0.1823886528094064 0
1426 0.6146822711856864 0.3546706263790327 0
1427 -0.7810029243294805 0.2159762512195468 0
1428 0.1311363580024118 0.9531020882564082 0
1429 -0.2078217962978768 0.6142336336202029 0
1430 0.1844421712870255 0.1888493977730296 0
1431 -0.006739150257284289 0.1884152140690736 0
1432 0.5859236619299378 -0.4649415571826532 0
1433 0.1013830536128342 0.0007045691965922849 0
1434 0.9555376183466617 -0.782423851302503 0
1435 0.7766422867494595 0.5154980593855865 0
1436 -0.2914157509019388 -0.4678891267301298 0
1437 0.9555047797970261 -0.9555047797969448 0
1438 -0.3948111599750255 -0.2326024078176209 0
1439 0.3303141772607052 -0.3572639747572999 0
1440 -0.7572396764614703 -0.7120245011387085 0
1441 0.03392611402483303 0.2209886617192927 0
1442 0.5542246841780849 -0.7040139169386668 0
1443 0.3079443794397885 -0.168116053379026 0
1444 0.9557182150304215 0.6269825971554679 0
1445 0.1720418931207753 0.5932325374704983 0
1446 -0.7836505807061365 -0.4546365253860281 0
1447 0.02534458308012423 -0.3409840491869019 0
1448 0.9558998254777265 -0.03447515274960936 0
1449 -0.4903812444664999 0.3702945689954421 0
1450 -0.346249253791006 0.8754584631509664 0
1451 -0.1220943466869489 0.6518657808204353 0
1452 0.4363901495452967 0.1230949341053504 0
1453 0.4362155885404242 0.07467896431820875 0
1454 0.8811204266397976 0.003734122150140663 0
1455 -0.2545727938862475 -0.06474808506548026 0
1456 -0.5372740578084573 -0.5361485019932508 0
1457 0.3587258136677555 0.7956681973582145 0
1458 0.8924737983496673 -0.3610057021913706 0
1459 -0.9560186897748878 0.1961648644146 0
1460 -0.1076948127842382 -0.2589297025338473 0
1461 -0.2585826700674718 0.5895231759108764 0
1462 0.5749745736906288 0.287507788322382 0
1463 0.6956750113205339 -0.6910523475519051 0
1464 0.3746462452617584 0.7508570280813446 0
1465 0.2080994732266752 0.04940510546532256 0
1466 0.5265663585869843 0.3331805869483753 0
1467 0.8915393903669405 -0.514145642170374 0
1468 0.4453935411833634 -0.01752580792113322 0
1469 0.1151540037416258 0.2226481175436792 0
1470 0.7088322861645533 0.6402397231610475 0
1471 -0.639557706490574 0.9531990105805441 0
1472 0.8255978416425035 -0.05459107626379214 0
1473 0.165590780693203 -0.2685415001095203 0
1474 -0.9546371098189119 -0.00785627079517485 0
1475 0.2752445621810574 0.9542620247611309 0
1476 0.4402704542809885 -0.06892023327354473 0
1477 0.7265854517528436 -0.7736046145757832 0
1478 -0.1636174989633901 0.6938693547741055 0
1479 0.8960941031489456 -0.6428732930282453 0
1480 0.9543360711740323 0.9017993881793094 0
1481 -0.2349348476182334 0.3784397319628743 0
1482 -0.0913726001841965 -0.4785370637767271 0
1483 -0.5523736735094178 0.1995555689235823 0
1484 -0.0858001667448455 0.487609854848173 0
1485 0.06905027181582417 0.05271658174980877 0
1486 0.2431903256128286 0.886508900053722 0
1487 -0.03876186329437527 0.02824500981220894 0
1488 -0.6802889532934984 -0.4506732568179808 0
1489 -0.4114484376661023 -0.6751353935205711 0
1490 -0.2286781711458528 -0.461996995306922 0
1491 -0.5576833191542921 -0.5983023852318856 0
1492 0.8863138460600382 -0.08366738277223952 0
1493 -0.876722523384367 -0.6706828353677559 0
1494 -0.6534161296408573 0.1635353818428886 0
1495 -0.02362516256003083 -0.153230389886908 0
1496 0.3854926530149225 -0.761903020174749 0
1497 0.9547088448625665 0.04152099730340197 0
1498 -0.9550544858956836 -0.6352069746026309 0
1499 0.3662881710422106 -0.8036327905409947 0
1500 -0.5164029791403328 0.330680718878563 0
1501 -0.6885352286274522 0.3056906743429139 0
1502 -0.4965673928362997 0.8911914488673629 0
1503 -0.8954496647039749 0.3744300812295162 0
1504 -0.3355424427737392 -0.8881495067536818 0
1505 -0.3529096890393347 0.7818077239037974 0
1506 0.3208457969267767 -0.4226124543681005 0
1507 0.7889281263060117 -0.8852690050830967 0
1508 -0.6368316454209196 0.8908688899243533 0
1509 -0.8251498363589692 0.2747397316689405 0
1510 -0.8425939615759477 0.1060269610917813 0
1511 0.2080658543047284 -0.51622032011152 0
1512 -0.07143286645280927 -0.3277858574210546 0
1513 -0.1089741022987883 0.8834601536362957 0
1514 -0.4995555956219794 -0.2369116166106537 0
1515 0.6087942228469572 0.6557288284468814 0
1516 -0.5837383305110388 0.2739833000409311 0
1517 0.8102918957067687 -0.3354376649040223 0
1518 -0.2236960647531945 0.2280627152070496 0
1519 0.953719649587309 0.3616112706145897 0
1520 0.2058789612858765 0.7724826320887108 0
1521 -0.2777033167022694 -0.3922097780878282 0
1522 0.6333418006937741 0.5865377550294519 0
1523 0.1603052460806614 0.0496580454632257 0
1524 -0.7096849969813132 0.7068479504220762 0
1525 -0.4174191242823745 0.9056309594441301 0
1526 -0.6496776874886987 -0.3069683586429613 0
1527 0.04183130110390497 -0.6294250819157927 0
1528 0.9571477535017736 -0.6553673085656845 0
1529 -0.3152925961426828 0.4272880291349845 0
1530 0.2718685650619603 0.4501975482532355 0
1531 0.4790881431494644 0.05066847655927564 0
1532 0.2608058372513024 -0.4460677712786278 0
1533 0.6436963206760312 -0.9552181893467068 0
1534 0.7148979624702024 0.5588152203533373 0
1535 -0.5765270788783058 0.3953476902338726 0
1536 -0.6643726554005112 -0.4948937748041078 0
1537 -0.8863761759615365 -0.4745812624460262 0
1538 -0.1739907557101082 -0.6616742839221106 0
1539 -0.08792486573533441 0.05427266612446766 0
1540 0.3300555200024208 -0.2648083319278953 0
1541 0.6155210495140784 -0.3458816872965984 0
1542 -0.05088548159477496 0.117213229166144 0
1543 -0.01658626979059726 0.5292618619683465 0
1544 -0.4699730468025647 0.7555616209104017 0
1545 0.6568081924069853 0.8144641202610596 0
1546 -0.2419943502189817 -0.775591517652965 0
1547 -0.8044028438138449 -0.7884042249421215 0
1548 -0.774656645134611 -0.5432631429738732 0
1549 -0.9560672166066377 0.9574526850425666 0
1550 0.3826354266480654 0.9559064801823087 0
1551 0.4473012625267488 -0.376659267899637 0
1552 -0.9008549805294178 -0.9560920631485327 0
1553 0.06823007681589512 0.6195625895358516 0
1554 0.4231957559565497 -0.1628283401200407 0
1555 -0.9563007289790125 0.7912919203946729 0
1556 -0.6668135344120595 0.08933641209063362 0
1557 0.8093197424925932 0.5662763371040964 0
1558 0.8232048610998507 -0.6089247481110601 0
1559 -0.6207932887551674 -0.6337677111780835 0
1560 -0.8905064060988616 -0.7824365906376901 0
1561 0.808383055738868 -0.7962272974844935 0
1562 0.9031172689203866 0.9562524983674441 0
1563 -0.1147994972462308 -0.3478221593924573 0
1564 -0.06073816646133284 0.8802312133969189 0
1565 0.5230560911021517 -0.8123527099537612 0
1566 -0.7892623707467223 -0.9569367183317232 0
1567 -0.5775125862697057 -0.2031430392516156 0
1568 0.1765393627982838 -0.1161156615203859 0
1569 0.3602118744482608 -0.7264616558430624 0
1570 -0.9004970572397365 0.6567368486787387 0
1571 0.9580796406626426 -0.301521896845124 0
1572 -0.8953727412897309 0.5335040504702894 0
1573 0.5674364890144281 0.7334865156633281 0
1574 0.253072154670095 0.2472946327561284 0
1575 -0.9569533684447965 -0.8089107712542982 0
1576 0.2945063403998036 0.4089201478249898 0
1577 -0.5264582896910691 0.6186968755800889 0
1578 0.6408850881899532 0.2297960223807208 0
1579 -0.1708287768607838 0.5868014751135361 0
1580 -0.9550068072412911 -0.1899510604242963 0
1581 -0.3102476946276952 -0.1304456148812332 0
1582 -0.1045469922181108 -0.1340585635232954 0
1583 0.1189018037417555 0.5716953464874204 0
1584 0.1704150000616559 0.4423788834777168 0
1585 0.2738293810099713 0.1081236782744436 0
1586 0.2530879420669679 -0.9009828708493259 0
1587 -0.4360068083241949 -0.9586598253125602 0
1588 0.5704460314635208 0.5784844159199921 0
1589 -0.2338899902187911 0.3105149942678078 0
1590 0.07714059851995139 0.5335911268512157 0
1591 0.1164923739811182 0.4146539660467107 0
1592 0.8444950851157468 -0.4547989347230617 0
1593 0.9566527883663878 0.7842239304925692 0
1594 -0.2220022023783051 -0.9001967446922728 0
1595 0.6366520982008317 0.9564938384038092 0
1596 -0.8399085710434744 0.1879663135926541 0
1597 0.738432086371158 0.8394562602664396 0
1598 -0.3981117168395907 -0.1529205690362982 0
1599 -0.5704897243525501 -0.9566045102306076 0
1600 0.4626743199441318 0.3054688415881098 0
1601 0.8383233481546195 0.4131714093421071 0
1602 -0.1076073975563998 0.7375235217896542 0
1603 -0.3542430598840618 0.662318889425434 0
1604 0.5065042386939256 -0.594593210369029 0
1605 -0.3165536029353737 -0.2063667131107716 0
1606 -0.06776268572362834 0.9562648264122281 0
1607 -0.5356297433736793 -0.8977847454957625 0
1608 -0.2961639160359928 0.8092320612162182 0
1609 0.7225319507072758 0.47833530857226 0
1610 0.6917918002967071 0.7172471614193346 0
1611 0.07125090044141952 -0.8906855916872795 0
1612 0.4062265591649806 0.8913135250669044 0
1613 -0.4728050838122732 0.9577487163260802 0
1614 0.2851931601003218 -0.9566189311722464 0
1615 -0.3964800628312612 -0.553298519714538 0
1616 -0.6148562437304556 -0.5447322534495298 0
1617 0.7582883279226492 -0.1524943376026572 0
1618 0.8978438649724713 0.3895295542691585 0
1619 0.6582002678594125 -0.3393826193846224 0
1620 0.5228106704408979 -0.05140674486776946 0
1621 0.904755168706062 0.6926291776085941 0
1622 -0.4803619226993501 0.4977767752296196 0
1623 -0.6360985851052421 -0.1673272081135465 0
1624 0.8107807196290595 0.8146318104769805 0
1625 -0.2093378015770123 -0.3932141418117562 0
1626 0.770212916168747 0.3616705021693565 0
1627 -0.8277511745355105 -0.3993465876425061 0
1628 -0.2912858725675228 0.6381839159430701 0
1629 0.7932338470907342 -0.5492648988983592 0
1630 0.6777378262183051 0.4865896001572008 0
1631 0.1539461744579924 0.1188889031450349 0
1632 0.7296605776185926 -0.5072612291263107 0
1633 -0.4361067413116012 -0.07927460901920254 0
1634 -0.3882122339630225 -0.8213104967715212 0
1635 0.2276525455421602 -0.1451743985785843 0
1636 -0.2564245938904341 -0.2651095383843017 0
1637 -0.7891871204031011 0.8849791449345628 0
1638 -0.6646855797339328 0.4460400131374735 0
1639 0.9569232882090382 -0.109384923219582 0
1640 -0.8116890650863533 0.4137738536003286 0
1641 -0.5453201571893901 0.118738548890412 0
1642 -0.2143328935524315 0.9596716613439001 0
1643 -0.08493076227406071 -0.6953313388832627 0
1644 -0.5562356367719165 0.8504466682821609 0
1645 0.8107937898402838 0.1560530911387537 0
1646 -0.5177347994536597 -0.7731713762523132 0
1647 -0.7862665801964658 -0.1625811830119419 0
1648 -0.8310047614897328 0.8860371057549068 0
1649 -0.4492771878024986 0.6241652614903567 0
1650 0.733702960381152 -0.2600882590033114 0
1651 -0.127622828529392 0.2460833392123278 0
1652 0.1725222039283069 0.8401377082333634 0
1653 -0.488499862316873 -0.7152649186015355 0
1654 -0.8301812299857968 0.6245361881663289 0
1655 0.6861456931971979 -0.959838642490328 0
1656 0.4594895714908034 0.5097813068439141 0
1657 0.4009255578800518 0.05083528949004856 0
1658 0.4500569838996598 -0.7855659529016857 0
1659 0.7626795690082312 -0.8167888801652954 0
1660 0.843705867730341 -0.1440572796257391 0
1661 -0.6868003297080623 0.9599132572434335 0
1662 0.1252925291206159 -0.5099096110539009 0
1663 0.2557640183782868 -0.3093581543995957 0
1664 -0.6946552030542289 -0.5239879219946953 0
1665 0.5223452079861776 -0.4618059084922719 0
1666 0.9088946731684621 -0.03783164415688983 0
1667 0.02241734685756291 0.8837136840135967 0
1668 0.0653120813191044 0.8947388953750784 0
1669 -0.6992897235591523 0.2261188347298356 0
1670 0.7802144051647455 0.4323488077585565 0
1671 0.02872080410108198 -0.02124372075873824 0
1672 0.1358326720094309 -0.2375475636489362 0
1673 0.1591499187886096 -0.1944529830308261 0
1674 -0.2722916683399059 -0.5329280342484629 0
1675 -0.06656029525981935 -0.8964643381333185 0
1676 0.9576798000330432 0.1612830325725161 0
1677 0.8806316574917192 0.1364465801300614 0
1678 0.1395158699513895 0.01146596524914795 0
1679 0.7677330684680898 0.6900266072795547 0
1680 -0.1682119599650476 -0.8072712688860776 0
1681 -0.8490350755012136 -0.1066185617172521 0
1682 0.4885753738053748 -0.8925194646870709 0
1683 0.498274682658559 0.1804770887179984 0
1684 -0.1908648312916606 0.7653357557115847 0
1685 0.6571585179815262 0.4344369391763273 0
1686 -0.6902919190889747 0.7919749657414392 0
1687 -0.9577134769267379 0.6687893271279768 0
1688 -0.426949413671129 0.3263103264962908 0
1689 -0.4168563407499127 0.2458897504114746 0
1690 0.7496485046451721 0.1226511393817485 0
1691 0.2846261695911835 0.6502918901080624 0
1692 -0.02850143060311248 -0.4706482259315515 0
1693 -0.4903587599043436 0.4570090221718352 0
1694 -0.143637548219269 -0.1180734479329829 0
1695 -0.3826063616631586 -0.6161139414735717 0
1696 -0.6094038456468731 -0.3695420634860431 0
1697 0.147645852736268 -0.3984675062169851 0
1698 0.8121888240256351 0.3536045876917173 0
1699 0.8063739814516211 0.9603600731672212 0
1700 0.2784900022849273 0.0678171014139044 0
1701 0.3854122591803891 -0.9593526143272013 0
1702 -0.8957291772365076 0.1340962597746204 0
1703 -0.7141359334781738 0.1049295532371694 0
1704 0.2251435913365069 0.3146853910753362 0
1705 -0.3703278304268112 -0.7208514776136669 0
1706 0.8922062222229837 -0.2849592937181981 0
1707 0.5273133281700084 0.7539686449631479 0
1708 -0.71285106812207 -0.1905486084963962 0
1709 0.4475738389831569 0.7833471361809075 0
1710 -0.7075749249529589 -0.3203715391375726 0
1711 0.06791031438115346 -0.5643154394974267 0
1712 0.8131109803161312 -0.3861908422814758 0
1713 0.7690841433674754 0.9054993319285758 0
1714 0.3645548002928647 -0.03157108064695217 0
1715 -0.6376118799328084 0.02801842467303312 0
1716 0.9049633473044545 -0.8842705293991134 0
1717 0.8376263114515274 0.7345689244386057 0
1718 -0.2503570813120871 -0.5874819322047193 0
1719 0.6270757436906869 -0.4182153698677458 0
1720 0.2369042132223359 -0.0646391871670753 0
1721 0.09119637762081639 0.4700660638641664 0
1722 -0.961034640663835 -0.3829747895758527 0
1723 -0.3050997706732229 0.8602007055136096 0
1724 -0.8009990714862069 0.5671653626256983 0
1725 -0.3276339640689965 -0.5669704175239595 0
1726 0.7902525689648076 -0.2908512199857758 0
1727 0.03183578668917125 0.1300822737971771 0
1728 0.504184145489204 -0.1849460990777008 0
1729 0.6438963093449983 -0.6354395466387499 0
1730 -0.6425204633865006 -0.0902688430560126 0
1731 -0.4052821694435436 0.5533043593148894 0
1732 0.3988281247068732 0.4841976034978649 0
1733 0.4217247780034285 0.5646027996483727 0
1734 0.3463026627111945 0.4786363525938885 0
1735 0.8511926149389369 -0.9072078352737982 0
1736 0.0122578797826451 0.9584453347969013 0
1737 -0.2285105304774563 0.8145547000718124 0
1738 -0.1944608430439118 0.3905663981566876 0
1739 -0.1539418551425736 0.7818550060342302 0
1740 -0.6052404419395102 -0.4508107396032106 0
1741 0.3021119758409966 0.5909255423937042 0
1742 -0.8135934593089555 0.8083510516616018 0
1743 0.3508767281569229 0.5999848598318088 0
1744 0.4922202251206061 0.6900133289952207 0
1745 0.2731430184004537 -0.5707346883098104 0
1746 0.09967950843034151 -0.7567466583705312 0
1747 0.6638693899235439 -0.08363937109758035 0
1748 -0.5174151674537808 -0.8423091990976735 0
1749 0.5986888570358651 -0.06595726953117956 0
1750 0.3849412811559775 0.3337058407394786 0
1751 0.3179590581696231 -0.4995718496996482 0
1752 0.695674286755224 0.9047040580239187 0
1753 0.9580927483452116 -0.7007017133861075 0
1754 -0.6857766548322302 -0.8936678314497527 0
1755 -0.1578668620994262 -0.7250152093828197 0
1756 0.156836641582111 -0.7813645375189269 0
1757 0.08788737553071549 0.7538448660778215 0
1758 0.3829672090379632 0.5455874690202361 0
1759 0.6127720160366468 0.3085920591202814 0
1760 -0.5933069818258162 0.7792030199904615 0
1761 -0.9613898306165354 0.3309938912903903 0
1762 0.6845850052983862 -0.6513550103743392 0
1763 -0.6630374504643473 -0.384976986793335 0
1764 -0.8310973594373195 0.9591856219369994 0
1765 0.4196562415091544 -0.2407814661928773 0
1766 -0.3756755976179164 -0.8957180939286953 0
1767 0.5293704502398719 0.2065282437574357 0
1768 -0.1582762692426383 0.01535858826063811 0
1769 -0.840869766855578 -0.1756335205058035 0
1770 0.6794571553255098 0.9587585039149201 0
1771 0.8276525909446998 -0.9581258005794251 0
1772 0.5605818465151824 -0.5323201418985593 0
1773 0.7564304747428118 -0.6863637059447768 0
1774 0.770970434057932 -0.7312844777634986 0
1775 -0.191577299836842 0.9041111951575092 0
1776 -0.6566300613411695 -0.9623589925016174 0
1777 -0.7623399288282334 -0.9029194697089512 0
1778 0.6551540395255099 0.3616995215003394 0
1779 0.1909087322895058 -0.842739670916705 0
1780 -0.9541709036159965 -0.9080748895260782 0
1781 -0.325789333579541 -0.02189866710813313 0
1782 0.9098852070126316 -0.9671806694467041 0
1783 -0.3703168293525603 0.4321978287633591 0
1784 -0.5277754951570469 0.06916313725092962 0
1785 0.08462526043145496 -0.03332052835507559 0
1786 0.08373925709239632 0.8428730431157782 0
1787 0.7298616957533441 -0.3431210337605314 0
1788 0.4689598660361388 -0.4160977724621516 0
1789 -0.1531109726886122 -0.5200793281181475 0
1790 -0.9081827159119996 -0.1945154043007172 0
1791 0.3414369701754488 0.7221136246932922 0
1792 0.8967785349827297 -0.7921977459636578 0
1793 0.7073607559426962 -0.9055216538474748 0
1794 -0.4460817396399444 0.4281421602942717 0
1795 0.3244818060713795 -0.03278994625609612 0
1796 -0.06373055264010413 -0.1945122173017135 0
1797 0.5039217626848281 -0.7375755762812846 0
1798 -0.8996049459817698 0.05476446538223369 0
1799 0.5386944022945568 -0.6604084064124468 0
1800 -0.4559210030120311 0.2923824257012075 0
1801 -0.7602255692012309 0.174434423416332 0
1802 0.5101286271477075 0.08268281866222459 0
1803 0.406696048034791 -0.8969065308173354 0
1804 -0.745925119012405 0.2470117674529602 0
1805 0.7191092527185677 0.2462071418134139 0
1806 0.7444001350183791 0.7741138079694581 0
1807 0.01303628771300873 -0.184184271817025 0
1808 -0.07259377051031037 -0.7644123377808023 0
1809 0.5410135444887019 -0.8580439268713671 0
1810 -0.798930357222559 -0.7039098517560559 0
1811 -0.8194774247845984 -0.6617335413111171 0
1812 0.7716456813403826 0.08510456133483955 0
1813 0.5884829479231525 -0.895931660273682 0
1814 0.9631123414219873 0.4408052998567787 0
1815 0.6149515182638667 -0.696322615328463 0
1816 -0.01009338213973786 -0.8951867545612421 0
1817 -0.4901275036679505 -0.6606658320435662 0
1818 0.05972806769871915 0.274392004454982 0
1819 -0.388712196658143 0.3910136393777954 0
1820 -0.4193304262187337 0.8382454761257494 0
1821 -0.8988519163431417 -0.3951127216715153 0
1822 -0.7395169208376211 0.4323488856164633 0
1823 -0.3713179459299304 0.1036497013667132 0
1824 0.6511272290409047 0.284649048497945 0
1825 -0.6173545434183638 0.8252795436896367 0
1826 0.9606329535800118 -0.8375868427235009 0
1827 -0.1497227109193807 -0.07821385395156347 0
1828 -0.5608658427544444 0.3345436091139913 0
1829 0.6715086743126794 -0.2082594291941958 0
1830 0.3214601155477304 -0.651625543299534 0
1831 0.575291246251373 -0.7628669807455144 0
1832 -0.6698509543507269 0.258501889299722 0
1833 0.5951164050305638 -0.02208648221543433 0
1834 0.8911957939298685 -0.2064657789548436 0
1835 0.8389278993106934 -0.0171181159390158 0
1836 0.3910542935915899 0.1985200053469485 0
1837 0.9599078325671944 -0.2257072971032754 0
1838 -0.5433487870060917 -0.6559578459964203 0
1839 0.39651800445713 -0.3964114351190846 0
1840 0.3663887292825693 -0.2819073264123109 0
1841 0.367611663335279 0.8743089986564948 0
1842 -0.6123541923015334 0.5003243773963706 0
1843 -0.9040745223251234 0.8009868804864406 0
1844 -0.2376091827793662 0.6974426298628131 0
1845 -0.3815867678895001 0.03327165283553224 0
1846 0.2124367263593655 -0.325186852426126 0
1847 -0.5662648696548895 0.4727262093977592 0
1848 0.3102615440762116 0.2694361255000475 0
1849 -0.6670861686629023 0.5422965435834131 0
1850 0.899969118661514 -0.7209617388187073 0
1851 0.8291204090996329 -0.8662790977293353 0
1852 0.417082134656549 0.689844657498672 0
1853 0.8148677291147387 -0.663421872335847 0
1854 0.3920024370504656 -0.5084799555599663 0
1855 0.9588065227255457 0.1155931147601315 0
1856 -0.9597245690242429 0.714402160649918 0
1857 0.8971139471893886 0.5683191407083676 0
1858 0.3964594803332702 -0.6102034450878258 0
1859 -0.4495107029098466 -0.7261747431287614 0
1860 0.9598743572791982 -0.9078523882323027 0
1861 0.598377218093923 0.229888997863658 0
1862 0.4826961779430448 0.259869157673631 0
1863 0.7941488083076109 -0.4672114014158053 0
1864 0.1976721651229105 0.9595719370796416 0
1865 -0.9084798844082436 0.8894863094776942 0
1866 0.6089883732107035 -0.4981192902938585 0
1867 -0.7121309343416646 0.9074421309850329 0
1868 0.1576895428429158 -0.9584552725803489 0
1869 -0.9015287635786533 -0.7010591620259914 0
1870 -0.7921461492988889 0.3072091084334321 0
1871 -0.1862552093192629 -0.264607333567582 0
1872 -0.7351384524192746 -0.5081226712309161 0
1873 -0.2209354218673412 0.5297319511379399 0
1874 -0.9590280723339069 0.03430070047563562 0
1875 -0.5392208711991674 0.5118817735420635 0
1876 -0.9068595632125316 0.9636084495145691 0
1877 -0.3107036684162107 -0.3064634817783091 0
1878 -0.7076707337441107 -0.7602545233136266 0
1879 0.5989203504584827 -0.8161247940038661 0
1880 -0.03016510297242319 -0.9615461622644643 0
1881 -0.797922827958326 0.4856921833267823 0
1882 -0.9089559322952596 -0.3283738169094762 0
1883 -0.8579953121244941 0.477634342445708 0
1884 0.02988197972253494 0.3317334372622897 0
1885 0.4626845715831127 -0.9618360815573674 0
1886 -0.7718258931703095 -0.5822086012281689 0
1887 -0.9556936109661912 -0.6789435180212473 0
1888 0.07571562877752883 -0.513619996407382 0
1889 -0.7319730705881586 0.04236856919160042 0
1890 -0.523986822760539 0.8140059316217406 0
1891 0.5437532189929941 0.4859151094332091 0
1892 -0.152880994694019 0.3282076154978592 0
1893 -0.2206299164341498 -0.2847443766196998 0
1894 0.06821529978792043 0.3562690628193663 0
1895 0.4749702074468669 0.4609366547403787 0
1896 -0.198597118544464 -0.9605851974914609 0
1897 0.2106155683764591 0.110027351347257 0
1898 -0.06838017132583588 0.7071145545598442 0
1899 0.2209070177711669 0.1707429818964064 0
1900 -0.1478776341407766 0.1073052229085775 0
1901 -0.8982243886637757 0.7243265225658522 0
1902 0.006155053549140581 -0.8517243176463869 0
1903 0.6379576870596675 0.01618220286574156 0
1904 -0.4652851304088281 0.1936137884717103 0
1905 0.4471800040999327 -0.2711336665486002 0
1906 0.6191869812121258 -0.2652055847307547 0
1907 0.3127291177464401 0.1922920175368323 0
1908 0.1175347430083444 -0.6093647400549878 0
1909 0.9608070916937765 0.4985104790307266 0
1910 0.8896735107384046 -0.8358381697173629 0
1911 -0.8095781157951115 -0.5215487691731023 0
1912 0.2851326555514117 -0.2003315485364309 0
1913 0.6379495283667393 0.8859574857847198 0
1914 -0.3423424637216792 0.2546528734237591 0
1915 0.2031721518457576 0.9053826508596984 0
1916 0.4571873862656335 0.6671604217365413 0
1917 -0.9150299465465979 0.2901383932953666 0
1918 -0.0232901215737528 -0.7327522232203002 0
1919 -0.7512993861737599 -0.6380961961845781 0
1920 -0.4139962757801778 0.5069855145051398 0
1921 0.9641606013269586 0.8223751494462858 0
1922 0.9536582074260408 -0.4066796544686506 0
1923 -0.3939370079159966 0.07066596532846571 0
1924 0.04218069829416651 0.7634604486303962 0
1925 0.3724394977426637 -0.360913479922552 0
1926 -0.4150360563379606 0.1439947644751384 0
1927 -0.8559363890819748 0.3464980070575227 0
1928 -0.7048085198585781 -0.6283880401424953 0
1929 -0.8378967650536985 -0.7432824939230798 0
1930 0.4932555927799069 0.5302356528942128 0
1931 0.9006555482900189 0.1049422175673504 0
1932 0.5020733460123579 0.6184603098289893 0
1933 0.8621004350199855 0.8111643271188889 0
1934 -0.1723816274714451 -0.1751673717415403 0
1935 -0.4690318249658056 0.5552897029677634 0
1936 -0.9581956562855763 0.1585337387852482 0
1937 0.1083782845253139 0.1456881491539022 0
1938 -0.2146226178807543 0.07062768150345498 0
1939 -0.9574569401384431 -0.4557024637244061 0
1940 -0.6022816283183565 0.09415166488698513 0
1941 -0.3354612543041143 -0.6606026204313621 0
1942 -0.864095010881189 -0.2894886004770916 0
1943 0.1292922685497709 0.8028363743792746 0
1944 -0.5133188131568313 0.5718190422903524 0
1945 0.2168023028106 -0.239698280879624 0
1946 0.2090480585268925 -0.958319050098743 0
1947 0.8168247336349987 0.8801541322486446 0
1948 -0.6543747618842702 0.6476673153968896 0
1949 0.5738452110905936 0.02002200969503864 0
1950 -0.2323677316041851 -0.8299910050856415 0
1951 -0.7022297980677438 0.6639792053946771 0
1952 -0.04800497583988569 0.8420070238786814 0
1953 -0.04035011496090303 -0.8196960813699223 0
1954 0.226473409037221 0.4943324694304135 0
1955 -0.9638411924411119 0.4179104477628098 0
1956 -0.820403453511192 -0.6116934476816769 0
1957 0.5770561114222325 -0.6301690625359256 0
1958 -0.1495437634682391 0.5446548160659833 0
1959 -0.08490554516289717 0.8067809698246049 0
1960 0.09796800935991198 -0.1645194922392721 0
1961 0.4962014813953898 0.7296313704704324 0
1962 -0.1749638116465619 0.8447618080516741 0
1963 -0.5710282625509152 -0.8253171167155651 0
1964 0.08193272346471735 -0.3418786346497245 0
1965 -0.9577913981728423 -0.1394424923810897 0
1966 0.1024405104457446 -0.3106579800731042 0
1967 0.4583242458329522 0.9622137066677494 0
1968 -0.4763585547439384 -0.8451647627541844 0
1969 -0.2671537906640076 -0.9621705030124128 0
1970 -0.9619465513680936 -0.5056706167002432 0
1971 -0.1416272961351284 0.4935246578138389 0
1972 0.8992815220584777 -0.422805315876201 0
1973 -0.7837007843319489 0.08192041347178695 0
1974 -0.06764391190139259 0.526599152422454 0
1975 0.6756382280624625 0.1410425140339695 0
1976 -0.1260662915500669 -0.5958497423929625 0
1977 0.2398830979496596 0.6619040232003284 0
1978 -0.5233260744888176 0.4052210034503061 0
1979 0.1953151681396689 -0.6236603465198222 0
1980 -0.1780266504803727 -0.1353206823304332 0
1981 -0.001630507933600859 0.1489672692988333 0
1982 0.2185391504314748 0.009189500704039693 0
1983 0.8129262690997401 -0.09592631875902666 0
1984 -0.9611054906405188 -0.5704197564326391 0
1985 -0.9620277023643526 0.09596565864126888 0
1986 0.02261412017546769 -0.7748033932208469 0
1987 -0.4304976031906583 0.005110627926800559 0
1988 0.4824818022123167 -0.340620895106186 0
1989 0.08113570496381318 -0.8109157843856452 0
1990 -0.7787143846322752 0.7461028663968698 0
1991 0.3392632656316022 -0.4682148406025515 0
1992 -0.2255778212475494 -0.5084126152816515 0
1993 0.08015955504233452 -0.6710240729430397 0
1994 -0.3575459059650823 -0.2594260457801182 0
1995 -0.8099190117691544 0.03054700384708188 0
1996 0.4966987256135835 -0.1424123242534007 0
1997 0.1699604005063945 0.7587691992104071 0
1998 0.8755496310360052 0.3414871200518822 0
1999 0.4830319682136895 0.8052599527677153 0
2000 -0.8652414434490576 0.002500497336866833 0
2001 0.6993400704422778 -0.0993797274028454 0
2002 -0.8239426446007498 0.6790173554812058 0
2003 -0.06054615192424503 0.593577265637823 0
2004 0.3270989113634917 -0.5703769768261246 0
2005 -0.3531747642686575 0.1680714307141237 0
2006 -0.96270203907457 0.8408930883505383 0
2007 -0.7968816491892097 -0.241686911775247 0
2008 -0.961448300242556 0.911192210652686 0
2009 -0.5086027995401984 -0.2105670736711817 0
2010 -0.8973317348736423 -0.5789961999909595 0
2011 0.6445056984799714 0.6807245398696942 0
2012 0.5067032824658207 0.3899909117620745 0
2013 0.08361914621348504 -0.2750105794322368 0
2014 0.09338436529508518 -0.4456683833266335 0
2015 0.9669211785148144 0.3286650424333555 0
2016 0.6918409952872044 -0.7301660600067577 0
2017 -0.2923660399566478 -0.0005213316136682821 0
2018 -0.05147286197364545 0.2441504294329507 0
2019 -0.09668283584249567 0.2909908715790741 0
2020 0.1161198583504946 0.652284503030038 0
2021 -0.6825515986575449 -0.09655996475310563 0
2022 0.2158734857487398 -0.3771972388672076 0
2023 -0.6351630450333938 -0.2756429074977372 0
2024 -0.4329528721347931 0.07495514859013597 0
2025 0.05916873933565993 0.6968861127449394 0
2026 0.8515347172430191 0.05353996995825751 0
2027 -0.3300516072769037 -0.1685863576196427 0
2028 -0.05466148336410419 -0.5714595183106513 0
2029 -0.5547737621569356 -0.5147745130960001 0
2030 -0.2929097357615416 -0.0749014134777128 0
2031 -0.7660752564259351 0.6967014888018955 0
2032 -0.03119425813726443 -0.1017590701079247 0
2033 0.7729112583298589 -0.844164999369538 0
2034 0.8018947356143904 0.4836299029808981 0
2035 0.2549438949065265 -0.3812411266975212 0
2036 0.1357382143142358 0.08609271891825809 0
2037 0.1583210517993686 -0.3506486485567883 0
2038 -0.1796779819987385 -0.05270989416316935 0
2039 0.7472389616691515 0.5231477625490562 0
2040 -0.08076424285151372 -0.4180666414985782 0
2041 0.5211129658118074 -0.5163471597787075 0
2042 0.5788288798433258 -0.9619998130211044 0
2043 0.4895097941013837 -0.2218097406291509 0
2044 0.5206692290357857 -0.3506217111305402 0
2045 0.4187509879653749 0.6088158664055883 0
2046 0.5589727612445017 -0.1949015301907789 0
2047 -0.9157728456723162 -0.4445507985543738 0
2048 0.05363513090789017 0.4027678466221998 0
2049 0.7702946181414509 -0.430180572024391 0
2050 0.2467163095580618 0.3674754727161642 0
2051 0.9705720162755871 -0.4750556641104652 0
2052 0.05045050300875743 0.963045789158209 0
2053 -0.3087768024104289 0.4736112849334908 0
2054 0.7656849219181018 -0.9052115070522561 0
2055 -0.8150874315090597 -0.3546031731714107 0
2056 0.7432942565640688 -0.3888040051100026 0
2057 -0.0365488621863745 -0.02783402948160322 0
2058 -0.1010324491026668 -0.1705227899333561 0
2059 0.1198705847649439 0.3727284356231356 0
2060 -0.4800047617948531 0.6778788734427273 0
2061 0.2487276523689103 0.5320045017564605 0
2062 -0.7292920659888431 -0.7929866669386264 0
2063 -0.02092397770390002 0.6547571325941076 0
2064 0.04124174544451475 0.6590623405495437 0
2065 0.1309078713566901 0.2562561738758414 0
2066 0.1981326846380854 -0.4075598964900675 0
2067 0.5760731892015839 0.3706573789184416 0
2068 0.6849442958929555 0.2151445404797561 0
2069 -0.9108485578640819 0.4475123864099064 0
2070 0.4738876601543666 0.8535351401988156 0
2071 -0.890319315023938 0.8448488449430666 0
2072 0.2219371272688638 -0.9035307249970472 0
2073 0.920860086436033 0.03924099759923706 0
2074 0.909629922019222 0.1731694120257495 0
2075 -0.437385973491419 -0.2359821695701411 0
2076 0.5785697466631193 0.8151648036028294 0
2077 -0.3132859242714411 0.05274948740665284 0
2078 -0.7753196150529378 -0.3196498233728824 0
2079 -0.5883786282013428 0.4297544174211256 0
2080 -0.8236163585150458 -0.9620140929985663 0
2081 -0.739301845062118 0.3651335678410008 0
2082 -0.6520359938524278 -0.717000392928639 0
2083 -0.0147315750434142 -0.6485207605543071 0
2084 -0.8196916752864469 -0.8700646731125824 0
2085 -0.5732059052267285 -0.1265765409729179 0
2086 -0.2579370803778126 0.4795539862060071 0
2087 -0.9107293642666693 -0.8647861940102525 0
2088 0.5641218267669669 0.6892044215264238 0
2089 -0.9618158448433711 0.4949980333203395 0
2090 -0.1175093972163261 -0.0170441474257707 0
2091 0.5300349109110378 0.8744872688315983 0
2092 -0.008140115642167703 0.9054674200408646 0
2093 -0.810272209609998 -0.4797101270029059 0
2094 0.08599695398184076 0.08386402015446956 0
2095 0.9143417727034688 0.4365337028811477 0
2096 -0.2970632657963699 0.3592673330117904 0
2097 0.1388270910897197 -0.4409925603415591 0
2098 -0.4825930075717957 -0.03656904493104208 0
2099 -0.797482637571979 -0.08319099914354561 0
2100 0.01918571624390283 0.01771043325304194 0
2101 0.554283058198954 -0.07940641266909045 0
2102 0.4508659729842799 0.7365764849259195 0
2103 -0.6358596678636119 0.6939485324279342 0
2104 -0.8644270462557148 -0.8089494549380143 0
2105 0.5733546101948105 -0.1542572931508412 0
2106 -0.623842880211209 -0.5048433200298805 0
2107 0.1935670570551493 0.2451324810492463 0
2108 -0.5762132973141701 0.6503537144158156 0
2109 0.958887544461954 -0.5368149860903695 0
2110 -0.9026555361752721 -0.1297704314637802 0
2111 -0.5022172540637074 0.004170344269343592 0
2112 0.8644428759585813 0.518577582015563 0
2113 0.9649346382230546 -0.001404176590708775 0
2114 -0.3679514042717964 0.1318017109149577 0
2115 0.8802503898266127 0.6446422002058323 0
2116 -0.07317996553139799 0.4564103156033507 0
2117 0.855307140878125 0.2181415158536407 0
2118 -0.586227853689915 0.552680242377202 0
2119 -0.7868442046648536 -0.8284999959889291 0
2120 0.3723933085235031 -0.8806814087738469 0
2121 0.5305822821403459 0.6635971547062898 0
2122 0.9066963838154822 -0.5912703325712115 0
2123 -0.3054023369540152 0.7216931656166645 0
2124 0.422674599443533 -0.7545402674629424 0
2125 -0.7342238089734416 0.8509047135476075 0
2126 -0.8421604596058716 0.8454108035609039 0
2127 -0.04645279529441433 -0.6988594410444335 0
2128 -0.6331246064269566 0.4513283717269545 0
2129 -0.5804724591963363 0.1282502176405958 0
2130 0.2131007100996609 -0.4493520605191674 0
2131 -0.3520832539993131 0.4936053738780701 0
2132 0.9191963930603329 -0.7689239300856958 0
2133 0.4860846652586086 -0.09084324164078249 0
2134 0.1847083130149239 0.5502809280810804 0
2135 0.03125569614508046 -0.9183392757470459 0
2136 0.7512111287376295 -0.6300557894667516 0
2137 0.5913662482358735 -0.3084692488471908 0
2138 -0.132912726794678 0.9178428768337961 0
2139 -0.03677879976253937 -0.397566656798909 0
2140 0.03254872833468847 -0.4004020679902642 0
2141 0.5402667110601884 0.2992113459760466 0
2142 -0.5047464308371912 -0.1375940580366167 0
2143 -0.2026489850222676 -0.08497693487962384 0
2144 0.2890480034881492 -0.1411574516282341 0
2145 0.4875380112008064 -0.2918434834951306 0
2146 -0.008660181616475963 -0.4257310031590762 0
2147 -0.1274451024563628 0.424588765211503 0
2148 -0.6747551066806345 0.8301729531692074 0
2149 0.69182057564309 0.3430853764901332 0
2150 -0.4453986608431879 0.8839112705142295 0
2151 0.7067559456413797 -0.2884919012245447 0
2152 -0.1379750225301687 0.1697916714939957 0
2153 -0.8606609172338953 0.9029703114035874 0
2154 -0.7455982980361935 -0.02496595343471649 0
2155 -0.5972290743397315 0.9748664799852859 0
2156 -0.9196633740605993 -0.5147465669844044 0
2157 0.5710897641579843 0.9661332027916125 0
2158 -0.08127378004522587 -0.08072938094283778 0
2159 0.7402949851458113 0.4438058029508797 0
2160 -0.512576868765126 -0.7375315892884762 0
2161 -0.2891039662101013 0.1873316469707884 0
2162 0.4132131465228733 -0.6903839039616348 0
2163 -0.7225641908513922 -0.5786411425456225 0
2164 -0.4647230682551434 0.3881540270388854 0
2165 0.3650975957026479 0.09105965325254378 0
2166 0.706394124357946 0.857415721941007 0
2167 -0.5955582445538135 -0.6072313913179708 0
2168 -0.4259943094804798 0.6888607690401716 0
2169 0.5812162888381078 0.4508907014693068 0
2170 -0.4016864418983564 0.7269024148027156 0
2171 0.9639908314037477 -0.1823202100602252 0
2172 0.2454273253956853 -0.6441049686781742 0
2173 -0.5730105597257871 -0.2935344415537788 0
2174 -0.5278942735768374 0.7062592969098458 0
2175 -0.3892372372440039 0.2705734756230893 0
2176 -0.960026136032222 0.6074546896354193 0
2177 -0.504408068976849 0.226226546229623 0
2178 -0.5106680238210881 0.7507593764407808 0
2179 0.9049784363799831 -0.1675462891171169 0
2180 0.7039542730182015 -0.001648116816627536 0
2181 0.7819007692134603 -0.1896137099299939 0
2182 -0.7188033900608555 -0.9208729447098589 0
2183 -0.3887415801349423 0.3121537797124869 0
2184 -0.3562276634386374 -0.9658006318631869 0
2185 0.2366967593837401 0.8465814276944782 0
2186 0.3024499071719141 0.4790859993946436 0
2187 0.1819842301534851 -0.7586120970362739 0
2188 -0.02567164300402773 -0.5291901682334984 0
2189 0.7268801555568405 -0.04580161205666627 0
2190 -0.8224376939714763 0.1410189294915729 0
2191 0.7298764384081103 0.1712536570857427 0
2192 0.4586229266730434 -0.9237188117019947 0
2193 -0.8445418857469963 -0.2208299503518523 0
2194 -0.9622712504276961 -0.07258259140578216 0
2195 0.4172885653272824 -0.3130191282396587 0
2196 -0.1193175559486928 -0.867037099824965 0
2197 -0.655099968154923 -0.4196299213894292 0
2198 0.9651388798988191 0.5699482216009493 0
2199 -0.5669774396084626 0.9171784858069367 0
2200 -0.8810198173416147 0.7006345169424599 0
2201 -0.2657138962105692 0.2442401589438215 0
2202 -0.3575973661541419 0.2046153652124316 0
2203 0.8573132947659865 0.2872828100965927 0
2204 0.1148760722085014 -0.833427264457858 0
2205 -0.3946830526610949 -0.06035568845480472 0
2206 0.08854774508937042 -0.9716736737349725 0
2207 0.4539971733297294 0.9157957506376427 0
2208 -0.8634369035615146 -0.07253213167972883 0
2209 -0.3306844983789678 0.09600438586212928 0
2210 -0.258606886216138 -0.03219923879065537 0
2211 -0.4970786363203489 -0.9639480275932509 0
2212 0.4587796035081591 0.2084717863027357 0
2213 -0.8380239241875842 -0.03555876029920497 0
2214 -0.3563256793438148 -0.7800588143274791 0
2215 0.04556722051158363 -0.9645907573001715 0
2216 0.09492045195228016 -0.3798329190227547 0
2217 -0.2065685706523693 0.2766456727601843 0
2218 -0.02809306109709495 -0.3146005107963096 0
2219 -0.1946756215821747 0.4403572584271746 0
2220 0.6070724210329744 -0.5685277128437684 0
2221 -0.5817191766628755 -0.7553979641699512 0
2222 0.9164536640268371 -0.2291807122337804 0
2223 0.5767816297146917 0.5306026244534193 0
2224 -0.9662338541081859 -0.239827789583283 0
2225 0.181138646466778 0.3679157219660899 0
2226 -0.7442583360668807 -0.6803624631029838 0
2227 0.5252331697621636 0.2466859931200872 0
2228 0.1360608307317955 -0.3150421035812211 0
2229 0.6928270959824279 0.07428195157450289 0
2230 -0.6381274737427862 -0.02802254727115755 0
2231 -0.9016601693746683 -0.06004147847778576 0
2232 0.1324175116194837 0.919192285303672 0
2233 0.1146596084860177 -0.867060801069505 0
2234 0.8263754896019938 -0.7084858183527707 0
2235 -0.7543690193228741 -0.4692307836340855 0
2236 0.8014707236774175 0.02226061573076588 0
2237 0.9065815007591309 0.495606709898574 0
2238 -0.1737509745719773 -0.5905283285093946 0
2239 0.299026531664374 0.7051363543713504 0
2240 0.849948847168515 -0.7713447250359076 0
2241 -0.5270014828666674 0.1629206426938032 0
2242 -0.08628802123676912 0.2209927681638065 0
2243 0.3013642659743815 -0.8808466702299784 0
2244 -0.647919463474372 0.376510343921229 0
2245 0.9659354763388148 -0.6001582521621266 0
2246 -0.1878902252506559 -0.8917237630196762 0
2247 -0.0787586809581356 0.0939109753395153 0
2248 0.4807431075285007 -0.7026539183700976 0
2249 0.2654091941905712 -0.02606039883496854 0
2250 -0.1121082316614981 0.6112516442214253 0
2251 0.2404234442874327 -0.5048205098467292 0
2252 0.5955222070544014 -0.4234312090106152 0
2253 0.3151208386798517 0.8609285945600825 0
2254 0.505824447883314 0.9688026329982583 0
2255 -0.8984049677178501 0.2368150291209375 0
2256 -0.1421625886587746 -0.9137652640346007 0
2257 -0.3155980858397333 -0.4894561495372609 0
2258 -0.9038184876099238 0.6118058608711158 0
2259 -0.2117689606042065 -0.6750473688680005 0
2260 -0.3657987485194181 0.6219261897010491 0
2261 0.1862200515097877 0.6881361368135718 0
2262 -0.7010156997571689 0.43055101835022 0
2263 -0.6466185209508278 -0.8800826121811296 0
2264 0.3256907405656742 -0.7171362299398119 0
2265 0.5150107988279196 0.4524679820868081 0
2266 0.04047721108437159 -0.7104752860021664 0
2267 -0.3894444938967457 0.9632361791427078 0
2268 0.213895040451194 -0.5480185083091857 0
2269 0.5109847118595724 -0.9659595790255766 0
2270 0.02409243700467737 0.2527179150368422 0
2271 -0.2401779856790898 -0.4008951985365061 0
2272 -0.4272812221776281 0.7655775653468226 0
2273 0.7206939508340185 -0.8542744694492185 0
2274 -0.6491106638547428 -0.8283879516519806 0
2275 0.02579456767812188 0.5076762931815828 0
2276 0.6020099177865796 -0.2180802490815331 0
2277 -0.856613728387993 0.07331724655715924 0
2278 -0.5939721150923201 -0.3390965335182282 0
2279 -0.4693494284708022 0.813525687755161 0
2280 -0.4741414882270682 -0.8985617845830123 0
2281 -0.005744357718110626 0.601000101836887 0
2282 -0.876450982409533 0.1758977557044817 0
2283 0.710332113477296 -0.6265335709674413 0
2284 0.2158083850459263 -0.6918502345121234 0
2285 -0.4954801800739965 -0.5405619163922103 0
2286 -0.9214804188313258 0.094859000898309 0
2287 -0.9584543621225887 0.259170188791607 0
2288 -0.1902495853681283 -0.6221088187459152 0
2289 0.8697598657767734 -0.5424355980845408 0
2290 -0.2778892838644069 -0.1891621523929502 0
2291 0.7016653337929907 0.1100563002355787 0
2292 -0.5255574971866237 -0.259511521217415 0
2293 -0.7573128650596588 0.6435187813069227 0
2294 0.7114659330998144 -0.207799592051735 0
2295 -0.9141258844574579 0.7779545870347465 0
2296 0.9672853315329749 0.6569124341665414 0
2297 -0.769005714226215 0.9234410867678122 0
2298 0.4824042118867164 -0.8214725694340663 0
2299 0.2135024088088286 -0.1098625980803007 0
2300 -0.1632268144833569 -0.9644336894835732 0
2301 0.004070950637471295 -0.5402759422174861 0
2302 -0.1044409172773057 -0.8132098388550997 0
2303 -0.877646783968671 -0.5050907765444083 0
2304 -0.6562665936962382 -0.573276159103924 0
2305 -0.1309433540920225 -0.6450550500755309 0
2306 -0.6580050783983654 -0.6081212939697076 0
2307 0.1534554467237279 -0.06033552081824863 0
2308 -0.4872748462925832 -0.5885842179071394 0
2309 0.1572433917570087 -0.9306352913887477 0
2310 0.9026793111589284 0.749515126804333 0
2311 0.2307109741775084 -0.5725247056747131 0
2312 -0.9124252451845499 -0.02602988757572118 0
2313 -0.3978375560116224 0.2081084531299359 0
2314 0.1803150947901012 0.3037153518950871 0
2315 -0.2195643241105834 -0.7087421207710397 0
2316 0.5696884213990936 -0.9261765645153004 0
2317 0.2550233828991478 -0.260317155281716 0
2318 -0.04372452118524664 0.3397827997101739 0
2319 0.8556532328735708 -0.228663251026186 0
2320 -0.1764794857545543 -0.8367749805792133 0
2321 0.2840019512825086 -0.2406421722107565 0
2322 0.2857606692178054 -0.4225469062181206 0
2323 0.09598797993201234 0.6066644294221527 0
2324 -0.2827709225013024 0.1204561077924102 0
2325 0.749405330854984 -0.2284863688279037 0
2326 -0.01864023912539062 -0.5958396467282179 0
2327 0.5389424823987659 -0.7851313555057486 0
2328 -0.6748331848944893 -0.3300549588698106 0
2329 0.6196177822819308 -0.657355019250718 0
2330 -0.4451140630634531 -0.651126271494594 0
2331 -0.5951488651229446 0.05229242545773803 0
2332 0.12288953779325 -0.3788297270563982 0
2333 -0.3199979455290605 -0.9138259287082304 0
2334 -0.3636316100617735 0.8458288382377075 0
2335 0.9253779357181253 -0.1051412165232866 0
2336 -0.07643965444782624 0.1673028547598956 0
2337 -0.4207960167565335 0.4583177065184961 0
2338 0.2482030872216608 0.583141714036633 0
2339 0.5639781734952154 0.6243688686081759 0
2340 0.695203537138757 -0.5791775564329854 0
2341 0.9654940635145195 -0.06746474701136644 0
2342 -0.6823295050653444 0.3703835270562685 0
2343 0.663602912107246 -0.4632319408649814 0
2344 -0.5439081192285178 -0.002212416014439196 0
2345 0.706301739362448 -0.4424816498993399 0
2346 -0.1680589405657034 0.1758102917414933 0
2347 -0.1757625758354009 -0.3904820195802611 0
2348 -0.04809443784156529 0.9129861657547609 0
2349 -0.8503929735489324 0.2921337323904065 0
2350 0.009347463430281915 -0.1460922692852598 0
2351 0.859037479018518 -0.2736414272498708 0
2352 0.02697943718428756 -0.4817722103657022 0
2353 -0.1572439618718698 -0.683231368814286 0
2354 0.2777588984471846 -0.5417546491735037 0
2355 0.465637260737352 -0.4923993936585532 0
2356 -0.3032674388191176 0.6054692851241587 0
2357 0.1611225129557978 -0.7123920791017559 0
2358 0.4783492752462533 -0.6149224264556424 0
2359 -0.9722714296091335 -0.7463950846105597 0
2360 -0.131555335408301 -0.4756583790061009 0
2361 0.9670214176976297 0.7201777928963828 0
2362 0.3085439890536349 -0.07164060584231548 0
2363 0.5592780406213538 0.1348494291202294 0
2364 0.1640150441885688 0.636831187741663 0
2365 0.01456647728929669 -0.6557608588432838 0
2366 0.6857553975986721 -0.5132894998924367 0
2367 -0.7469883781150056 -0.1256965409747726 0
2368 -0.2890762449178354 0.54183063640691 0
2369 0.9227156449583378 -0.4728474140531295 0
2370 0.8849471568376398 -0.6769181545376932 0
2371 0.3543317683958693 -0.4279860826794162 0
2372 -0.2510818147108899 -0.237436358514104 0
2373 0.8882859860724031 -0.9149287241670786 0
2374 -0.3733117527467894 0.8988915490048051 0
2375 -0.1954050864105074 -0.5287099813525233 0
2376 0.8250214657783879 -0.5234322890468346 0
2377 -0.5598875861998321 -0.09958238837644817 0
2378 0.4461962778973748 -0.1394670108032839 0
2379 -0.1464047735685724 -0.1963308870011654 0
2380 -0.49775091741828 -0.9189390907198295 0
2381 0.758024677306508 0.2133954960535991 0
2382 -0.7669174323489307 0.8625924009900883 0
2383 0.7653251505745553 0.01031861345954671 0
2384 0.3784505608382058 -0.06286251670750782 0
2385 0.09572777010247741 -0.5840543261782593 0
2386 -0.5561727621501517 -0.7759510300988426 0
2387 0.3436751378609229 0.1653015389968532 0
2388 0.9299747484427227 -0.5398196868653574 0
2389 -0.01342451817076258 0.07921112134187028 0
2390 -0.7770325039684903 -0.7741536212707859 0
2391 0.7659017843228656 0.7239519262103332 0
2392 -0.3208064072181135 0.157827793218791 0
2393 0.4184131514217263 0.3648930974484481 0
2394 -0.04173663344879019 -0.2318145694322283 0
2395 0.4535895919530761 0.3554413774424203 0
2396 -0.1197032878148398 0.06169747585097062 0
2397 -0.3800808603355781 -0.1274282220276286 0
2398 -0.7085639907283502 0.5953399295840617 0
2399 -0.7131669921034123 -0.2654930881534308 0
2400 -0.6273499693390936 0.6642111868710812 0
2401 0.461461609698527 0.2360673530317127 0
2402 -0.7132547321083308 0.1461154257214421 0
2403 -0.2466195537545235 0.7450270254442704 0
2404 -0.8202789071280226 -0.2903084689690461 0
2405 0.18546538186807 -0.3385311370910944 0
2406 0.7674459765641284 0.2670675576267348 0
2407 0.7061287441398035 0.41479642809926 0
2408 0.4165048403251514 0.8191876927038781 0
2409 -0.1811248444395111 0.2223186221345801 0
2410 0.8332137073867489 -0.8356481285307543 0
2411 0.7269749588357237 0.8110423722868521 0
2412 0.428394738923165 0.8518601425605545 0
2413 -0.8599093032182851 -0.4591791601903715 0
2414 0.3868709801966467 0.6222405551275908 0
2415 -0.9282724798386043 0.4924858679687834 0
2416 0.003416303358199063 -0.2214186285386151 0
2417 -0.5756305135842372 -0.2355316920357503 0
2418 0.09561010681020712 0.3102991801570949 0
2419 0.7011684029430145 0.2822375528686978 0
2420 -0.6363905444585208 -0.7603667197870224 0
2421 -0.546134320345237 -0.5686951060299886 0
2422 -0.6892393284106531 -0.02938910802395155 0
2423 0.3515312280574465 0.2224582935212492 0
2424 -0.3193533879082896 0.1149783547416271 0
2425 -0.9120304559835282 -0.2554342138931548 0
2426 0.1761636848452101 -0.6517299670372847 0
2427 0.4985193186202775 -0.4888951853708478 0
2428 -0.3196345086560931 0.2820212074230619 0
2429 -0.9662646498652477 -0.3497370443594381 0
2430 0.5399090218843352 -0.1249683489965318 0
2431 0.5040063705524994 -0.03046428026345649 0
2432 0.3306470721418037 -0.1011562187015461 0
2433 -0.9709249854892092 -0.8367263055799536 0
2434 0.03114483808429684 0.4511880961640189 0
2435 0.4106200053921326 -0.4452059391692067 0
2436 -0.09420075414533531 -0.5083263426230623 0
2437 0.4447151884329756 -0.4483463546636997 0
2438 -0.1506965798868881 0.9672853513490811 0
2439 0.6442214923845472 -0.606359229736402 0
2440 -0.7278352405251727 -0.9659235960905246 0
2441 -0.06707179240928644 -0.4633309611055063 0
2442 0.5375005108008072 0.8246591201718166 0
2443 -0.4420228208665917 -0.6101278175160869 0
2444 0.5642320058763937 0.9305586337350202 0
2445 -0.3179759151758624 -0.2349131760792494 0
2446 -0.05334337636078645 0.6484232719111872 0
2447 -0.3046199488432662 -0.8247435139496049 0
2448 -0.2615272228977167 0.4204628016581892 0
2449 -0.2886748232228156 -0.2734555803774338 0
2450 0.4217441794297077 0.1753113143379939 0
2451 0.2409375784377688 0.44266638831538 0
2452 0.1629584345173929 0.965770665205404 0
2453 0.1975441183972058 -0.2827325036244942 0
2454 -0.5426427068513947 -0.7108219396616415 0
2455 0.6081277451103326 0.5177287545826297 0
2456 0.6514055417548834 0.469375997363546 0
2457 -0.03119891513240412 0.7746034053143928 0
2458 -0.3560132426440334 0.3629416522447871 0
2459 -0.880026237830013 0.5569861012471936 0
2460 -0.6334070916437382 0.09897774503420746 0
2461 0.5106271265793033 0.4238498825775348 0
2462 -0.3766409865178653 -0.6910209079160577 0
2463 0.7436005903934358 0.3164009045067144 0
2464 0.1035384103925706 -0.9214199340669742 0
2465 -0.8357155856837708 0.4270552330182246 0
2466 -0.08563658518601425 0.02448879743038166 0
2467 -0.4157571767741615 0.6185525688171295 0
2468 0.8266846018940557 -0.1799040028157824 0
2469 -0.41727197921728 -0.7566827016004608 0
2470 -0.3153778422406742 0.3858246945552636 0
2471 0.4356827797507366 -0.7093652075652425 0
2472 -0.07936120335808648 0.7736786338549309 0
2473 -0.1078155780584025 0.5503911735447057 0
2474 0.6780005994223942 0.7472885788908814 0
2475 0.4423432633832964 -0.3493288154124269 0
2476 0.9108727360372549 0.8758042709686067 0
2477 -0.3573421187183411 0.3218045476155664 0
2478 0.3563086876591231 0.9712868659349452 0
2479 0.5276356422644325 0.5128920618655897 0
2480 -0.9186900828214766 -0.7384717896970892 0
2481 -0.2834820454613114 0.05895484769787626 0
2482 0.7349198231610106 0.9641495834275779 0
2483 -0.3228552470812867 -0.05778019875499026 0
2484 0.2978267291429759 -0.7755808043826489 0
2485 -0.4561147759691705 -0.04099838512541013 0
2486 -0.7121303124165111 0.0828364485479415 0
2487 0.1971869618099429 -0.4707790484646144 0
2488 -0.09699888435419141 0.5886290588072162 0
2489 -0.7546213761064701 0.1031747479161018 0
2490 0.2547871618551804 0.8179565213485244 0
2491 -0.4535947477235203 0.02549595222074619 0
2492 0.4295089367621316 0.297115291436492 0
2493 -0.8949823298829617 -0.3540526584750965 0
2494 0.6213859529592395 0.9174155395775516 0
2495 -0.4277384744389345 -0.5481773336763234 0
2496 0.9658384492539832 0.2111861034983534 0
2497 0.9168187873359976 -0.8494856578685333 0
2498 -0.2340842120137199 0.4582190318024188 0
2499 0.4167960306728639 0.2440722458188431 0
2500 -0.5828987381101239 0.8397344405354719 0
2501 0.3677972243921251 0.8263453134545056 0
2502 -0.9660922716901914 -0.9632159649268515 0
2503 -0.528975651506242 -0.8691566625440609 0
2504 0.4676542138828276 -0.8660035129973555 0
2505 -0.290894351246537 -0.4213173589237416 0
2506 0.4902528945281658 0.3221158717265024 0
2507 0.3015439619162209 -0.3052533508161526 0
2508 0.5403758806373354 -0.3266524353234214 0
2509 0.6761353066501246 0.5167007586973085 0
2510 -0.7380405848210274 0.4784693999169435 0
2511 -0.5826801658909073 0.3613874963546483 0
2512 -0.003173443635826676 0.3652530633071498 0
2513 -0.121871565243814 0.1302750764127774 0
2514 0.3066367102708653 0.543129336229035 0
2515 0.5791567888225269 -0.5063323032387284 0
2516 -0.6783602003309748 -0.5499617855391575 0
2517 0.369882606971879 0.02813372479186896 0
2518 -0.302253856556763 0.9686149702116124 0
2519 -0.3487613014725064 0.695535982584556 0
2520 -0.7212345787029393 0.6395735273494936 0
2521 0.6770938806978084 0.6264884488857874 0
2522 -0.1785441018551996 0.5564040724526234 0
2523 0.7725501463474407 -0.03614033741605807 0
2524 0.0341005590437289 -0.2974114642749748 0
2525 -0.2773856620254447 0.7586747193278784 0
2526 -0.2597888599448877 0.2921407242330029 0
2527 -0.1385735371683863 -0.8043727460526409 0
2528 -0.6303149775950943 0.3214002654692834 0
2529 0.3445663770898978 0.4356794520402343 0
2530 0.3730422460745029 0.4122053668614676 0
2531 0.8575746822267653 -0.734422281947799 0
2532 -0.6143273472272502 0.2171734073827356 0
2533 -0.09092487282683163 0.9721706737148136 0
2534 -0.1871829585553832 -0.4619406781847211 0
2535 0.6062635030330461 0.4847859511393873 0
2536 0.8323116158035451 0.9734997933029277 0
2537 -0.26287090792937 0.03001226170039853 0
2538 0.07871221685668468 -0.6378432256580981 0
2539 -0.3994998996930673 -0.5909696983605697 0
2540 -0.5220365243987344 0.4573683219737142 0
2541 0.5476803951020307 -0.5865917172140952 0
2542 0.09629389844146924 0.8709054750406491 0
2543 0.1835425852090002 0.5246209956726049 0
2544 -0.6769543531904438 -0.2262377612339282 0
2545 0.9213476924242157 0.6175537300536665 0
2546 0.6551615850193846 -0.8713094086404142 0
2547 0.3590902281532181 0.6772195606192084 0
2548 -0.5031359516794474 -0.1052390023883918 0
2549 0.3946348168102163 -0.5393531894431405 0
2550 0.9692580030612944 0.2705166370521401 0
2551 0.3472560330195072 -0.5444427947032721 0
2552 -0.7987643604716387 -0.05233979547663647 0
2553 0.1615125852152108 -0.8144423953680181 0
2554 -0.8303395834816413 0.7280370616191242 0
2555 0.5197559714447978 0.9236251636354261 0
2556 0.7201366108452448 0.381331315705719 0
2557 -0.5854841348167088 -0.4677966253220037 0
2558 -0.9691136951276373 0.5420440428545311 0
2559 -0.7292075058121515 -0.07917171510341484 0
2560 -0.7465610708171077 0.9691336709636718 0
2561 0.151170697811032 0.3550044537343434 0
2562 0.7460752391379711 -0.9687113331798287 0
2563 -0.2472291823108414 0.965902480758221 0
2564 -0.5994988606099421 -0.7064320051709037 0
2565 0.6093167469286405 -0.9651965305962691 0
2566 -0.831975243708762 0.5420642113903317 0
2567 0.124805317535673 -0.1177689227653687 0
2568 0.5494481447930981 -0.2447873080691982 0
2569 0.2999546761407244 0.7748540228649199 0
2570 -0.3460720051722947 0.9183757875520694 0
2571 -0.4210486284697103 0.1733686825259492 0
2572 -0.7851289742639249 0.4307058049069422 0
2573 0.6235250240432108 -0.7504027117991614 0
2574 0.220861205839579 0.6169901327644064 0
2575 0.5165954749734758 -0.9080116551584555 0
2576 0.2691263810235944 0.1561587639771393 0
2577 -0.03227959747848345 0.3087142197545837 0
2578 -0.231038451347659 0.1991295718598452 0
2579 0.4022335144201303 -0.08168395754917082 0
2580 0.108959846190409 0.5426788621820117 0
2581 -0.83933857187121 -0.9142060400592589 0
2582 0.8379013195178853 0.7027313706702556 0
2583 -0.8605880315412427 0.7821679320961457 0
2584 0.03791739700425702 0.06219837897325158 0
2585 0.5171277603420315 0.640855544534205 0
2586 0.4590808933657425 -0.5401433276775043 0
2587 -0.2615614511762752 -0.6621826504826045 0
2588 -0.5981290291994918 0.1502416484257707 0
2589 -0.04181974253808581 -0.1265055461922223 0
2590 0.7996423531707438 0.776900060987709 0
2591 0.01847884988562935 -0.09093225073106619 0
2592 -0.5454874846251779 0.5928521942640254 0
2593 -0.7768673364850252 0.1471677213952322 0
2594 0.260005154408568 -0.4791423805556702 0
2595 -0.6894464074446081 0.02082994714836579 0
2596 -0.2471770653924098 0.8687688920090131 0
2597 -0.789220162947968 0.2453791144948984 0
2598 -0.58983803785681 -0.6751271100965284 0
2599 0.8668710659495137 -0.124118775767909 0
2600 -0.2982913155354381 -0.603497012075238 0
2601 0.2714917847109924 0.8835312066741547 0
2602 -0.1908990215603752 -0.2360995330556825 0
2603 0.09652621794933007 0.4346950480956134 0
2604 0.6992865633015692 -0.7923994998941821 0
2605 0.8165684188980376 0.1016671548586094 0
2606 -0.1538380486370044 0.6601790667419816 0
2607 -0.5003698662675449 0.03329800919897438 0
2608 -0.6799578833340439 0.7208508648127548 0
2609 -0.1838771943967866 -0.7801514235375997 0
2610 -0.4081417406645467 0.7881588743482065 0
2611 0.02268532261850436 0.7213593117908003 0
2612 0.4335633596021167 -0.6502075040798598 0
2613 0.3854687298485069 -0.1761957266370152 0
2614 -0.9654745806567921 -0.03933119509223958 0
2615 -0.8443607827869868 0.2525003790853241 0
2616 0.2809105361981078 -0.8175223707669977 0
2617 -0.1261530193448477 -0.2344400077853951 0
2618 0.0165347037144071 0.08669795077255571 0
2619 0.31071237063783 -0.8365214456098921 0
2620 -0.893194820166034 0.9173567637035034 0
2621 0.81160732211956 -0.5767117725486485 0
2622 -0.3533667960364892 -0.1061084256084469 0
2623 0.6332301303315487 0.09472956123173629 0
2624 0.02000662063285438 0.8553285376254163 0
2625 0.1387052168586735 -0.5460684449312679 0
2626 -0.8770504280627052 -0.7148318894986279 0
2627 -0.7658500158140927 0.5284410759132485 0
2628 0.1397874099396623 0.7035421899317521 0
2629 -0.19380332595644 0.7038476250166362 0
2630 -0.2280851120190678 -0.4310028624265589 0
2631 -0.8577251606635075 -0.4031665125385324 0
2632 0.8714333750469396 0.2592355233917084 0
2633 0.6409380202017755 -0.8121829250816377 0
2634 0.2394760397013548 -0.7926802915798772 0
2635 0.3168972545137031 0.1257942002012966 0
2636 0.02125848609916236 -0.3693326312538874 0
2637 -0.1471786036233346 0.4480836847602693 0
2638 -0.7368294572161074 0.5432983898492481 0
2639 0.6197383560334935 -0.1951158326956983 0
2640 0.8216773886701372 -0.4786493098265759 0
2641 0.4558998944468187 0.4386294975191914 0
2642 -0.9639564210565691 0.2269414749951274 0
2643 -0.2202782629142194 -0.01733058170918047 0
2644 0.8370941788714763 0.4829175249516925 0
2645 0.3247179636381273 -0.3899861308498616 0
2646 0.1376806346192667 0.4883522940899896 0
2647 -0.2181559153414289 0.7836980438623115 0
2648 -0.444287202753633 -0.1900665330124909 0
2649 -0.5659275191606261 0.7787626344899018 0
2650 -0.2456175391435964 0.5139689486268779 0
2651 0.3576978973853705 0.2712151671547234 0
2652 0.1448675411833749 0.5172369801487759 0
2653 0.3898537869588337 0.6721073111969768 0
2654 -0.6837158734676508 -0.6678690408904905 0
2655 -0.8176047423325179 -0.105786383097781 0
2656 -0.7086397480720872 -0.4371789100284091 0
2657 0.9120610478445306 0.284471004415366 0
2658 0.915355713214663 0.316217146488801 0
2659 0.8182901394702686 -0.1232146600405487 0
2660 -0.3186314099959788 0.002199575187200403 0
2661 0.5847275100588325 0.2562609445001952 0
2662 -0.8310578110661422 0.496643863230798 0
2663 0.06077028429396222 -0.02159700963035877 0
2664 -0.357962221656736 -0.8137701034738549 0
2665 0.7338070266323117 0.9186680106671917 0
2666 -0.3411182321457252 -0.5102612601162682 0
2667 0.7700398779319041 0.1372431350527629 0
2668 0.5134689552927943 0.110120712697539 0
2669 0.2469779856256148 -0.854222023668 0
2670 -0.2682491023735183 0.08727841794668659 0
2671 0.8717892093945587 -0.1577596325748972 0
2672 -0.3675973221912689 -0.749473371232684 0
2673 0.3390310161169612 0.6534297334240839 0
2674 0.2360664054728505 0.5589022731377581 0
2675 -0.5997629219328129 -0.4163926248211604 0
2676 -0.5772962410251543 0.1827620030191111 0
2677 0.8094179611327557 0.2387094640296421 0
2678 0.2546663822713213 0.7186508188707188 0
2679 0.9692081246103172 -0.2711684170309075 0
2680 0.1716379847281645 -0.5704086157262949 0
2681 0.2525685428039915 0.7484472031882438 0
2682 -0.06734617265673924 0.2828762730789932 0
2683 -0.6625093287330742 -0.1668749139060231 0
2684 -0.9714165980190923 -0.6004156565867743 0
2685 0.2860253487529359 0.02386967921692016 0
2686 -0.8038895973638898 0.3377178731273297 0
2687 -0.4484109426374854 0.5027827563432434 0
2688 0.8495993796219672 0.4559583237844267 0
2689 -0.5964064227398647 -0.8649167685244695 0
2690 -0.03942598985654678 0.5469549718732197 0
2691 0.1287847006182961 0.3063438498367601 0
2692 0.3711333721173503 -0.6524700292139403 0
2693 0.3445230081040811 -0.213738784643449 0
2694 -0.6048280108181312 -0.5681065502241724 0
2695 -0.3836822006117372 0.5699186268769425 0
2696 0.7497186744507298 0.4947911352474594 0
2697 -0.7548588496658206 -0.8390130238350154 0
2698 0.4889426273628639 -0.5449188196605081 0
2699 -0.9189276258743987 0.2100537213800076 0
2700 -0.4453683015699597 -0.919391113079156 0
2701 -0.02079938398174296 -0.2809562205198436 0
2702 -0.2328620351569839 0.0293920250860598 0
2703 -0.7836083787798122 -0.2132795342959342 0
2704 -0.471460401465624 0.1334341254784652 0
2705 -0.06889122164658153 -0.03558428827766547 0
2706 0.06461232035139126 -0.1337093370980994 0
2707 0.04373208915154743 -0.4511421663655801 0
2708 0.9669593621041939 0.3985718745474469 0
2709 0.3591417866788979 -0.9738266150822577 0
2710 0.1984128056537852 0.7146066203508944 0
2711 0.7230175864443478 -0.5614678253561659 0
2712 0.8860925155678684 -0.3922379999977867 0
2713 -0.6841575517564222 0.4827842621088403 0
2714 0.0742705345807695 -0.7039565126736869 0
2715 -0.2357634814447784 0.6647715085449493 0
2716 0.8389825706923707 0.1462256099925708 0
2717 -0.0866575080422647 -0.2838980454946241 0
2718 -0.6162582231218832 0.2747289070965908 0
2719 -0.05102313393328834 -0.785145577429925 0
2720 0.4134231355664869 0.9712997540027055 0
2721 0.552743620830493 -0.4620023328848163 0
2722 0.8085249903066598 0.4249488788612725 0
2723 -0.1763114281810552 0.1258244747693703 0
2724 -0.2924298067740593 -0.4990247927361624 0
2725 0.2895362201426898 0.6191314933968275 0
2726 -0.6829397001319051 -0.1227755283525685 0
2727 -0.4645393359145321 -0.9676254472102489 0
2728 0.8457607110173028 0.9181827035261497 0
2729 0.3887669794699387 -0.8222138646210287 0
2730 -0.929364479395404 -0.5661037841984554 0
2731 -0.8566980842749123 0.745753568076403 0
2732 -0.02903696045831362 0.9718421121159377 0
2733 0.2388059701513666 0.9711501454192525 0
2734 0.2209628189738359 0.3875550399257055 0
2735 -0.3259226946725434 0.3121493759121902 0
2736 0.1416915156431315 0.2037981088579233 0
2737 0.09229060166859826 -0.4900638107150839 0
2738 -0.1940604397530644 0.6429950070849818 0
2739 -0.8895802388590459 0.346061939999162 0
2740 -0.5228141668538545 0.2780866463013802 0
2741 0.8850868602485906 0.03369406034706757 0
2742 -0.5468408646780324 0.04541628376639655 0
2743 -0.6812208272825737 -0.7184802923951149 0
2744 -0.8061520539080245 0.9740293762391321 0
2745 0.1440161814152369 -0.6514832595689091 0
2746 -0.186180403335748 0.06713306657053317 0
2747 -0.536490705292334 0.9674121742887386 0
2748 -0.2810618695846029 -0.1410972304680228 0
2749 -0.9703552682746857 -0.2965806266209226 0
2750 -0.2597827260786364 -0.4633281538686255 0
2751 -0.05530748123876103 -0.2547612273720892 0
2752 0.386849591959405 0.1302870878269728 0
2753 -0.2891999958531321 0.2701656910537814 0
2754 0.1483122529276135 0.4192320962370625 0
2755 -0.2281498214884618 0.591613475523363 0
2756 0.9001770406118791 0.4670880894244762 0
2757 0.6376718360890943 -0.9244840351404918 0
2758 0.05675419104666736 0.1938355878351195 0
2759 -0.2041811348619612 -0.83192018761891 0
2760 -0.015970770173387 0.4203077195316007 0
2761 0.3301660931848392 0.3719714953041227 0
2762 -0.32718465946761 0.8027764360569714 0
2763 -0.2991002602403744 -0.6391513009022105 0
2764 -0.7655106354509337 0.4946402331040245 0
2765 -0.5661458911019195 0.2504783808762437 0
2766 0.6752085296967534 0.7886989451038693 0
2767 -0.2493739544842009 -0.9142061986159896 0
2768 0.3367774176346235 0.5306611270212716 0
2769 -0.6149461833330567 -0.1355214442565961 0
2770 -0.265644776091481 -0.7073489294552829 0
2771 -0.4387528432727817 0.2698966877690574 0
2772 0.3129091053289091 0.9121899237721967 0
2773 -0.6277824576675123 0.7558839109957513 0
2774 -0.6589057195199836 0.7613102062826081 0
2775 -0.05986950687056305 0.3905005905644597 0
2776 -0.5434858773464158 -0.05533602933634266 0
2777 0.7747032956611484 -0.3161925517210744 0
2778 0.1837988266696861 -0.6944304403830556 0
2779 0.5859951363014185 -0.2847000386235425 0
2780 0.9737611320360078 0.8670848724502233 0
2781 -0.3287414612545806 0.2339726536095072 0
2782 0.6651896712148234 -0.249641735375027 0
2783 -0.03909059850249969 0.7228950254392202 0
2784 -0.1223536622134239 0.8087067366633693 0
2785 0.634268334397883 -0.5337668413688879 0
2786 -0.8704540078763646 -0.9078284878012247 0
2787 -0.2117924854929996 0.1129966765126713 0
2788 -0.630961994971193 0.9247415746826164 0
2789 0.6076326985818589 0.965588296851289 0
2790 0.7998447983063617 0.5341563922803738 0
2791 0.2014524131965428 0.4868029625589925 0
2792 -0.6476220680100423 0.5243447414392567 0
2793 -0.2066242636848968 -0.5587521000734343 0
2794 0.7029191566893254 0.1755443344680602 0
2795 -0.235674240030763 -0.6181570243756522 0
2796 0.9149395044004629 0.2213608145344667 0
2797 -0.1185853214071751 0.2159489427397896 0
2798 -0.6942401010414853 -0.8309050212739961 0
2799 0.762273632342837 -0.5157322374933017 0
2800 0.9689281366234872 -0.753255951098232 0
2801 -0.6515130590146231 0.1354111573642246 0
2802 0.6732700417736167 -0.3937925728777092 0
2803 -0.7319577309717141 0.1791494844020974 0
2804 0.8046868904377582 -0.264267436240669 0
2805 0.1988367500348337 -0.1979446276645249 0
2806 0.0001603203572194259 -0.03180294359552888 0
2807 0.0943555264581038 0.3571321483283532 0
2808 -0.3538319113571323 -0.07224308970540731 0
2809 -0.6616043483458349 0.6155971893613863 0
2810 0.0576271886536823 -0.8623583527251887 0
2811 0.4514030860432657 0.6396708081554708 0
2812 0.8559966172806763 -0.07104217810219554 0
2813 0.6405480838250814 -0.06827320303774741 0
2814 -0.8207115789555876 0.5929583323309749 0
2815 0.2990069225153396 0.970754672743765 0
2816 0.3267089790820397 -0.622699860902571 0
2817 -0.3541538709109989 0.5998530420138219 0
2818 -0.8114771568102519 0.1994396055164028 0
2819 -0.9682065736284254 0.6386091825029873 0
2820 0.2051825221836434 -0.04754219927188066 0
2821 0.3291947605121677 0.06456222028177035 0
2822 -0.261913328805027 0.9181680461785328 0
2823 0.6212291574040487 -0.009364959402519498 0
2824 0.2807619560510712 0.5213683666563388 0
2825 -0.05624502634314513 -0.9742086856712624 0
2826 0.5732841567728915 -0.2173248497436219 0
2827 0.6997011288659635 -0.4061805074310952 0
2828 -0.2053381880522031 -0.9286621704896305 0
2829 0.5534151961000283 0.411886520762586 0
2830 -0.9198984358082138 0.85541716359623 0
2831 0.7297305386602456 -0.16299180190653 0
2832 0.3861123341073329 -0.4262472447061971 0
2833 0.08410301220164207 0.02551533278908864 0
2834 -0.3540477952229668 -0.6084191067160397 0
2835 0.0438092368933953 -0.7555025705254899 0
2836 -0.9714841183543048 -0.7790872911252079 0
2837 -0.599087470862357 -0.07928101721901673 0
2838 0.04138779879490785 -0.1871569580488132 0
2839 0.6629215033707593 -0.03813082710267993 0
2840 0.2835792633776293 0.2539364621382799 0
2841 0.8047458839439512 -0.973985285992493 0
2842 -0.2883714339509448 0.218583275549775 0
2843 0.9688414078852354 0.7548562019599866 0
2844 -0.1287377302005041 0.7265552838074949 0
2845 0.4789613829118748 -0.6756389414216613 0
2846 0.2686189678618143 -0.7552071279384277 0
2847 0.8591720448375173 0.5920370130731095 0
2848 -0.9029111213566382 -0.2235318737698814 0
2849 0.6578557214922288 0.07067394343113301 0
2850 0.9182360615006573 0.7192260299533677 0
2851 -0.3538198014880179 0.9740355728357619 0
2852 0.6642884431692326 0.406024743554838 0
2853 0.932521521729325 0.5103509653014759 0
2854 0.5754904545850117 0.09587650208039089 0
2855 0.4718467080825087 0.5775379217174718 0
2856 0.1270763824325936 -0.6737407529711039 0
2857 0.07173357671955291 0.7758762111908704 0
2858 0.317046740721925 0.344272863314959 0
2859 -0.9221819343563352 -0.6357655655767286 0
2860 0.5654625385798316 0.8793698004603506 0
2861 0.5481758389471141 0.07154466582090006 0
2862 0.5355895488410648 0.5734933347579286 0
2863 -0.575617357447435 0.584390083560931 0
2864 0.743656095202663 0.05941253650449486 0
2865 0.7677066629115108 0.3930890208143961 0
2866 -0.971240556527788 0.06336644156315728 0
2867 -0.5171380973581956 0.9087735168695903 0
2868 0.3683595682475335 -0.5951335203575321 0
2869 0.5139987864652219 -0.871304997737225 0
2870 0.7530012277703183 -0.5764243173436933 0
2871 0.1265590327272477 0.8696988903186444 0
2872 -0.9296665959435197 0.1563324768874963 0
2873 0.1508614024234066 -0.01698854968986015 0
2874 0.3381638675288879 0.03594729404896868 0
2875 -0.7369915113439869 0.276521616805931 0
2876 0.8370530426500045 0.643933849464449 0
2877 0.6114974282960373 -0.8661377093381624 0
2878 -0.9243827044365405 -0.9710917174029433 0
2879 -0.7519284572226208 0.001718946472228497 0
2880 0.9681584093589208 -0.3772359934294689 0
2881 -0.760327434782142 -0.9666135688213208 0
2882 -0.7828061628581524 0.05228466172151704 0
2883 -0.2957092398936663 -0.7940999954947737 0
2884 -0.150206785101176 -0.4913315087141852 0
2885 0.05069276109906984 -0.2407419197604972 0
2886 0.4321584292544541 -0.8588660817630249 0
2887 -0.7735690119371483 0.3730095661212273 0
2888 0.6549973554947927 -0.784394449265182 0
2889 0.8731725800421504 0.6998413798066631 0
2890 -0.9327650854312179 0.5963663859807892 0
2891 -0.8676358484911715 -0.9758251118584621 0
2892 0.794892967424615 -0.7503756779342289 0
2893 0.5101336835316965 -0.7673261504526621 0
2894 0.009195950838470652 -0.27319226820891 0
2895 -0.3186539741712288 0.6519223177839786 0
2896 -0.6200057336010477 -0.8079888257175647 0
2897 0.3261047799923331 0.2254971284073148 0
2898 0.7875820673316367 0.2060049402288723 0
2899 0.003452776969171348 0.3959724372764543 0
2900 0.562786509796495 -0.7328083970075581 0
2901 -0.6134050620196547 -0.4781370355431819 0
2902 0.63840119706054 -0.1268406513540154 0
2903 -0.1438849885447875 0.3955225308144163 0
2904 -0.605582468036408 -0.9184864547138972 0
2905 0.01088836007683634 0.571885885529664 0
2906 0.1611113810473069 0.2542022734516617 0
2907 -0.6562282658086923 0.05149236663584478 0
2908 0.9685924956388667 0.9685924956388752 0
2909 -0.1042594440522606 -0.967181009304911 0
2910 -0.7135237727748436 -0.3835601938398606 0
2911 -0.3033812079364614 -0.5501873208621744 0
2912 0.9732578056445635 -0.3277251869871113 0
2913 -0.6423018573172616 0.8124407430104634 0
2914 0.9214327828647477 0.5499914918412681 0
2915 0.0340460577269637 -0.805272416946425 0
2916 0.6055685981428494 0.3817511565756875 0
2917 0.6505080100381554 0.2053682085699506 0
2918 -0.4320915976335979 -0.7011335001671183 0
2919 0.843988052746744 -0.6748594859627841 0
2920 -0.9312858223117824 0.03417685407775405 0
2921 -0.9749859968814907 0.1220367856419881 0
2922 0.1348304653915053 0.7282156298491523 0
2923 0.5828362756809757 -0.6978903495023331 0
2924 0.1240241662632844 -0.06663322487875212 0
2925 -0.6076579719835601 0.02409622077207681 0
2926 -0.7018926785112687 -0.8640873074339287 0
2927 -0.4959226722422072 0.2560841859715988 0
2928 0.3998909266672309 0.9184476429927757 0
2929 0.9266518534134687 0.3774476503204466 0
2930 0.9184705917300798 -0.2884632817632615 0
2931 -0.6711618608591348 -0.7792937073844062 0
2932 0.8108105836844073 0.750531757630822 0
2933 0.4516266357600809 -0.0986698156269549 0
2934 -0.4141541079544182 -0.7997476499515053 0
2935 -0.9269051168292608 0.5542372779512373 0
2936 -0.7229103016672741 0.7498150240667563 0
2937 -0.9198017421985694 -0.08715276776704101 0
2938 0.9712389947999709 0.9263215163240484 0
2939 0.9270376984766112 -0.6489767932738821 0
2940 -0.4639013551880897 -0.7839337560689021 0
2941 0.9274047094316791 0.7730765307807301 0
2942 -0.266620091492126 0.8039291901963496 0
2943 -0.5726358430873936 -0.7240137772171669 0
2944 0.3750642339681956 0.1783057771175556 0
2945 -0.7388047710171992 -0.2477279984095634 0
2946 -0.6463583652782354 -0.6689139456114482 0
2947 0.2000356687832103 -0.01613458278979286 0
2948 -0.4085839788815681 -0.09129359573184807 0
2949 0.7800360367664909 -0.2202115103119212 0
2950 -0.08608666198186068 0.335775257052667 0
2951 -0.6286453478418599 -0.2319706375125672 0
2952 -0.4355606065819869 0.403787746005017 0
2953 -0.7540209171099936 0.7622503004205751 0
2954 0.9230363253741454 -0.3488205273754487 0
2955 0.6856644921015934 0.5665634852253196 0
2956 -0.526165454590436 0.7298989657254519 0
2957 0.5947042023779294 -0.09507439577265216 0
2958 0.502874740168087 0.03346578157255717 0
2959 -0.009093865971670615 0.02725601100362861 0
2960 -0.3076373077944853 -0.7439336279346374 0
2961 0.1004535248223189 0.2488267384970056 0
2962 -0.5903327244549584 -0.044047170714231 0
2963 0.8772463775454751 0.919467116614766 0
2964 -0.44018221537945 0.1267963417636777 0
2965 -0.06027363747367501 -0.8387842108236437 0
2966 -0.5327975722434762 -0.5970414356361837 0
2967 0.9748727472823193 0.6037337524841255 0
2968 0.9199716451410699 0.8313765690487575 0
2969 0.3647632985544073 0.57315061041146 0
2970 0.6038127299642492 0.5822688226671215 0
2971 0.4304820715764142 -0.1912862712888462 0
2972 0.3152419714301865 0.01444996560744366 0
2973 0.2470033304231912 -0.003704324533796483 0
2974 0.317792812738838 0.7317293622056545 0
2975 -0.4551348298245473 0.6979818638192677 0
2976 0.258033070089278 -0.1941441105536139 0
2977 0.6679291119643301 -0.7064971785221933 0
2978 -0.5802569917487735 -0.5279796483987397 0
2979 0.3277945723867168 -0.9215337924485386 0
2980 -0.7789604083622224 -0.9277517870027515 0
2981 0.4517483172128782 -0.5909433462937956 0
2982 -0.4840692225359582 0.0828751259300249 0
2983 0.4179104477595785 -0.9728214526925154 0
2984 -0.3235281257741337 -0.9735595218539556 0
2985 -0.9728081669340447 -0.4127889520046878 0
2986 0.6571215649561128 -0.307924275333504 0
2987 0.7935470875265004 -0.3608834702847767 0
2988 0.4042430719542675 0.4549325239196949 0
2989 0.4268332362496398 0.1504260502540274 0
2990 -0.6066093877779876 -0.2768607026527719 0
2991 0.4463332642695282 -0.2439416133860672 0
2992 0.5600774191997524 -0.8336815573070259 0
2993 -0.9239530549626042 -0.396468798335427 0
2994 -0.9264203742566967 -0.9157500302867884 0
2995 0.9654585966297298 0.0677756109434685 0
2996 -0.1366261938825866 -0.7101092649055953 0
2997 -0.3696282767879722 -0.01078821124192994 0
2998 -0.1164134577783866 0.857535094659896 0
2999 -0.6279244231212173 -0.4337048696201453 0
3000 0.5178534049111364 0.3625441780859739 0
3001 -0.2633993616834862 -0.561330054855825 0
3002 0.2499164984642678 0.2171381622881056 0
3003 0.8390288054964165 -0.3268342106194707 0
3004 0.2525466136626246 0.4758791657058808 0
3005 -0.8711412357446194 0.1203268279648165 0
3006 0.5479172558607526 0.352882011163481 0
3007 -0.1255163407937135 -0.4141686409035635 0
3008 -0.7952460346773463 0.0015100325126642 0
3009 0.5268340042965188 -0.7167629323232938 0
3010 0.7445497658274686 -0.7438852394205648 0
3011 0.5942802089898321 0.8564281292243044 0
3012 -0.8076699674355607 -0.2654467193479522 0
3013 -0.2781349647724392 -0.8436528554424265 0
3014 -0.2413060721019318 -0.9708342832203157 0
3015 -0.3241804271020504 0.4988545707252751 0
3016 0.06536207917558692 0.1665117791054287 0
3017 0.1338594639709604 -0.7164529202189557 0
3018 0.08846721626729127 -0.78502287425227 0
3019 -0.1869474796267378 0.9699631948161476 0
3020 0.3791750290541149 -0.7030031826821254 0
3021 -0.9732130013260679 0.4431891366484382 0
3022 -0.8788322309204748 -0.8773487776588429 0
3023 -0.8809179191573303 0.3967587330545728 0
3024 0.1584480246416832 0.1475930137484699 0
3025 -0.3393043679757871 0.04196708927625557 0
3026 0.3622933045321838 -0.1195614037542442 0
3027 0.6637614173518167 -0.538404463500648 0
3028 0.7657349742433321 0.8378787586930037 0
3029 0.8356522512570945 0.8017477070890582 0
3030 -0.09204246365464928 -0.3642707944166803 0
3031 0.7917484919330631 0.4533919386770386 0
3032 -0.5691393975476415 0.6815213195415308 0
3033 -0.865014307651529 0.9750168960820289 0
3034 -0.6836136563860521 -0.255327251395385 0
3035 -0.1923661569519261 0.4919699812876339 0
3036 0.7980254277312985 -0.04208389186062003 0
3037 -0.589273659085192 0.7089908538603447 0
3038 0.06603825583062851 -0.08184182974780817 0
3039 -0.0880452972685537 -0.7419790384637182 0
3040 -0.5008849372133594 0.9703555712832694 0
3041 -0.003872642969701806 -0.9737717427680728 0
3042 -0.9201819536202948 -0.7884388640676705 0
3043 -0.4483485821346263 0.9726585009711892 0
3044 0.8775856252052316 0.9691299245985545 0
3045 -0.7144694373041273 0.9720938075505161 0
3046 0.3541636229104612 -0.3345756986439163 0
3047 0.6762946632170448 -0.1560041376767665 0
3048 -0.2598684245254178 0.1428058532006739 0
3049 -0.2151294074695053 -0.7734916794895783 0
3050 0.2613733475352832 0.9305069296681363 0
3051 0.8649368696455617 0.0841083184564662 0
3052 0.1047402044055192 0.9678204966486887 0
3053 0.5934836281878123 -0.7876356276233015 0
3054 0.2685475816994214 -0.08920137488457834 0
3055 0.6958129109198065 -0.835464225973873 0
3056 0.1093088222136481 0.077757849204886 0
3057 -0.5264049472940419 0.7796352430388263 0
3058 0.1036078852387723 0.6766436133798428 0
3059 -0.7525704503791326 -0.09766845915350342 0
3060 0.00031824712143973 -0.9217067244370396 0
3061 -0.3938171647676004 -0.02867254669655022 0
3062 0.6126024163358237 0.4163942907827299 0
3063 0.4607955018515357 0.1370636043367791 0
3064 0.7618053085650367 0.589860522465208 0
3065 0.8640224551715749 -0.9753004155387941 0
3066 0.326939354195471 -0.6839200429845584 0
3067 0.2824330057578346 -0.6168359890216928 0
3068 -0.4854645296617445 0.8621246174356468 0
3069 -0.7581177704803033 -0.3679393262787701 0
3070 0.975325201442294 -0.8077836893664767 0
3071 0.238306798605372 -0.9737868800425766 0
3072 0.4714916962300638 0.3849751889044666 0
3073 0.3847810413286175 0.07257264973053255 0
3074 0.2251547314335156 -0.6027016528048863 0
3075 0.9643884540918521 0.4687711042790759 0
3076 0.3615041762199361 0.3808573245592073 0
3077 0.6033832385533153 0.05038668115830897 0
3078 0.8256157817358531 0.3788116583952424 0
3079 -0.2477211753010914 -0.09469934190505325 0
3080 0.8393775414139357 0.3434139627641631 0
3081 0.5647307053142377 -0.006889109573765498 0
3082 -0.3760297152453714 -0.9255075555664158 0
3083 0.223251478873478 0.2493869071568315 0
3084 -0.5973220860613577 0.6266091807514891 0
3085 0.8179177765012949 0.8466995222348881 0
3086 -0.004682563977783724 0.259086123348851 0
3087 -0.8449605585674728 -0.3434110509999884 0
3088 0.4607523775829921 0.003792773387773312 0
3089 0.3744847714601454 -0.2063358193287549 0
3090 0.356983074406658 -0.1531109622055748 0
3091 -0.3746234386916616 -0.2092315657559492 0
3092 0.8730523747670339 -0.4881726221112648 0
3093 -0.1457560061402241 -0.5734878583123698 0
3094 0.1082462287548687 0.9272779152431782 0
3095 -0.5703458731308222 0.7345995759481414 0
3096 -0.09357545775155232 0.4384547632471433 0
3097 0.2404368863467878 0.2701241307064824 0
3098 0.01968114266467746 -0.2447884390145792 0
3099 -0.7527459595872724 -0.4150846472651889 0
3100 0.7070085315572823 0.972310387214061 0
3101 -0.2067615376862099 0.8317293791012423 0
3102 0.9270037134379241 0.9720867794438173 0
3103 0.4206682679760007 -0.8309436668714657 0
3104 -0.009065863318134568 0.5033215340923717 0
3105 0.0721339298473808 -0.1675762412452762 0
3106 -0.05352730737468823 -0.5440586334441484 0
3107 -0.4705809265550922 -0.2440342080506765 0
3108 -0.4486823015664349 -0.1053023837213463 0
3109 -0.1083309879605163 0.1621667766540695 0
3110 0.7961764203673976 -0.6201658387043079 0
3111 -0.1483965215517519 0.603471002827589 0
3112 0.8671146910323166 0.8619788076044073 0
3113 -0.3649739840423182 0.7531792467857341 0
3114 -0.2800801504134781 -0.8735758103045186 0
3115 0.8699706912809718 0.4005862593730253 0
3116 -0.1490808712107868 0.2621209954395599 0
3117 0.2721163879780253 -0.7051157862508163 0
3118 0.7950309527577352 0.6814322441806522 0
3119 -0.1071714724531758 -0.9316590664637875 0
3120 0.2981942350147645 -0.5676163826302179 0
3121 -0.7737961557047294 -0.1872533775740993 0
3122 -0.2760833657168431 -0.735890449075539 0
3123 0.1909600602297017 -0.2542820665735234 0
3124 0.7436649836311298 -0.1129831743377329 0
3125 -0.6256236940553236 -0.3281072547521641 0
3126 0.2730957006626004 0.3895636218926565 0
3127 -0.5385657002748898 -0.977635328041307 0
3128 -0.09354572452538729 -0.6675571250508466 0
3129 0.2368646760035359 0.05384865315223305 0
3130 0.5879233093286164 0.6770803987508184 0
3131 0.2945069087377899 0.6750440368968568 0
3132 0.8051914934900375 0.3040554335576762 0
3133 -0.8670972821607414 -0.6143625498809444 0
3134 -0.1270161417282382 -0.06928073412411478 0
3135 -0.9699278973240197 0.7639426370456306 0
3136 -0.930470324904247 0.268862107124288 0
3137 0.04438907397570011 0.5728977578590331 0
3138 -0.160757595447536 0.9127738680865605 0
3139 0.7530688156791477 0.8661240461030665 0
3140 -0.5176959681050072 -0.1634821216405417 0
3141 -0.02580028066987588 0.1336900966672835 0
3142 -0.01592555201168281 0.8016680800310704 0
3143 -0.2613988436735 -0.3227123821590735 0
3144 -0.7649640141647831 0.5926720394689198 0
3145 -0.2612826244616062 0.3745266004649678 0
3146 -0.3199886152639362 -0.7708950256489986 0
3147 -0.7546841864426019 0.04594043550689345 0
3148 0.2560614182428235 -0.1368833083688262 0
3149 0.4382108758331169 -0.8066982463049578 0
3150 -0.9720884563917198 -0.9321703821932392 0
3151 0.2235522244230595 -0.7335402412220796 0
3152 -0.8433758984549791 -0.3083591134916485 0
3153 0.1715503502917459 -0.08859855218825012 0
3154 0.7134929155951288 -0.9724013794797143 0
3155 0.9755503652497173 -0.632833294329175 0
3156 0.06399191971146698 0.9215107568354727 0
3157 0.5683961736174595 -0.3742723265714381 0
3158 -0.003827660388272434 0.4498270128293398 0
3159 -0.5196589206736839 0.1295034453547112 0
3160 -0.8724142667717241 -0.1169631855944628 0
3161 -0.04735247227747223 -0.343290676033409 0
3162 0.08288028150471399 0.713848785345025 0
3163 -0.2846344322822872 0.331401225552551 0
3164 -0.7690328038089465 -0.7406317715657075 0
3165 0.1103943312719469 -0.2274785427485369 0
3166 -0.8334616925781025 -0.8016625011853643 0
3167 -0.8633988105515185 -0.7514250892794055 0
3168 -0.7345545358505106 0.5764895391021932 0
3169 -0.8401172408766436 -0.5680483349321792 0
3170 -0.3439292500294634 -0.1971138066184125 0
3171 0.1958205492831608 0.7479332991355937 0
3172 -0.813507602598861 -0.6352619293024206 0
3173 -0.3100416471251675 -0.8835436527611399 0
3174 0.7372908444971651 -0.913900248055235 0
3175 0.7470922681083494 0.2360215645136839 0
3176 -0.5041594726695092 -0.05341636958313613 0
3177 0.7063906177653365 0.6115766253435662 0
3178 -0.2939501247074287 0.697621172323022 0
3179 0.7928776010944516 0.8924253782629999 0
3180 -0.8729388361974951 -0.5565574842943284 0
3181 -0.2761009063572256 -0.9343790385865667 0
3182 0.6666974423984249 -0.8437471459519236 0
3183 -0.110371595860489 -0.5340135885425714 0
3184 0.6734936281732652 0.8367346429400102 0
3185 0.9769223665277897 -0.8621791055668665 0
3186 -0.5437333652390884 -0.8375321626492244 0
3187 -0.1791067065188109 -0.3291262152768579 0
3188 0.003328136942712729 -0.5709439884013106 0
3189 -0.4593874940691738 0.2198545790773129 0
3190 0.6835560899215848 -0.3436916857354906 0
3191 -0.4895622812623625 0.9218912130496594 0
3192 0.2097903985990317 0.07867530036512606 0
3193 -0.08039955490879488 -0.6155680266010086 0
3194 0.2794692334508088 -0.6767620981105776 0
3195 0.2678068995937969 -0.3547786504200474 0
3196 -0.04496896354612259 -0.1743400193310804 0
3197 -0.1127473995387928 0.4860860126614558 0
3198 0.6953594939030756 -0.9330458844244265 0
3199 -0.221327673674252 -0.2186192790823396 0
3200 0.8746153838942607 -0.6259904907751928 0
3201 0.03298692215791654 0.3057629436270177 0
3202 0.4790220813195854 -0.7544032130884725 0
3203 -0.7124785705054006 0.8760736199776963 0
3204 -0.5598472319449642 -0.8892156511523636 0
3205 -0.5942687303236239 -0.9712541604503094 0
3206 -0.6088051697477211 0.9008467007710159 0
3207 0.09133483258426708 0.6350906380959696 0
3208 0.1655895032931122 -0.1409936315190424 0
3209 0.2025127903899036 0.3272980031689206 0
3210 -0.5174272030046997 -0.6529443088350847 0
3211 -0.4272970946126582 -0.8528665997909126 0
3212 0.3303945408753952 0.7903471983131538 0
3213 0.4747099738183619 -0.01874520507670414 0
3214 -0.5493547425151284 0.6356905981279805 0
3215 -0.4709922101184315 -0.1479237474969678 0
3216 -0.5872405359079578 0.002019682211904786 0
3217 -0.0034647459567124 0.3039609429559145 0
3218 0.1457294556527227 -0.8726589959802553 0
3219 -0.234092672959085 -0.1720629464098541 0
3220 0.1749359860380072 0.6622523954860199 0
3221 -0.2269441775086839 0.8890673385601846 0
3222 -0.1279088589350665 -0.7588074083593083 0
3223 0.9024764806807363 -0.2572119724050752 0
3224 -0.3560789611064873 0.8116923288780586 0
3225 0.6843893267112464 0.9288431679043623 0
3226 -0.7555959226300915 -0.5618220852864919 0
3227 0.8325599669208378 -0.4053534743447498 0
3228 -0.6397588528763682 -0.8541197125782022 0
3229 0.5308243741724286 0.2714509419544257 0
3230 -0.840352285764617 0.01873618931820601 0
3231 -0.8869933828329134 -0.1777405472949844 0
3232 0.5287886633770216 0.1349152647191871 0
3233 0.03641958918583598 -0.130759238635175 0
3234 -0.6301283392746616 -0.9726391947412886 0
3235 -0.2915469849504718 0.8377995214381537 0
3236 -0.5398172228329654 0.9302043506260567 0
3237 -0.09317247431019253 0.532016289408681 0
3238 0.04579276589282748 -0.5066362724485413 0
3239 -0.1279875514496519 0.3681191103603335 0
3240 0.07090245853674447 -0.3975814172356584 0
3241 -0.0379591359086978 -0.8898020899862196 0
3242 -0.9187523464881371 0.7489189444170815 0
3243 0.6212170504064749 0.7221254431517701 0
3244 0.003662583096846545 0.9318910680291164 0
3245 0.6039561489218848 0.07940862977486222 0
3246 -0.529572091208327 0.214714873209191 0
3247 -0.1379010597625372 0.08373499264416846 0
3248 -0.6576096011347712 0.8698661623252517 0
3249 -0.4675434205098228 0.7264067989439362 0
3250 0.92748595044043 -0.7093983534628584 0
3251 -0.7585121722724282 0.795833515514187 0
3252 -0.9341075382213118 -0.834282813744505 0
3253 0.3018145229727542 -0.03765592763527808 0
3254 0.1703019741999101 -0.597945880342152 0
3255 -0.8037036614110723 -0.387450042186037 0
3256 0.4305414364906877 -0.9209007299787377 0
3257 -0.4157678532199421 0.8681882392369319 0
3258 0.402883023184216 -0.9255382800683928 0
3259 -0.3456664193313007 -0.6379556087731901 0
3260 -0.6642221247793565 -0.279170973966198 0
3261 0.3955376604739506 -0.2271305224228419 0
3262 0.2912536083713138 0.1828307258622356 0
3263 -0.1005413356692125 0.365082751068073 0
3264 -0.008325835159131441 0.7036811309567592 0
3265 0.2172111758964002 0.6505232912232062 0
3266 0.3251383050527066 -0.1932212597647689 0
3267 -0.2965593286852269 -0.3744058407235054 0
3268 0.4167312174917112 -0.01867205360732445 0
3269 -0.3292312541178257 0.5866441984524505 0
3270 -0.6874917694363204 -0.9188954753937494 0
3271 -0.1248921928186766 0.3148104470165377 0
3272 0.4381193715353395 -0.5012086087524615 0
3273 -0.7524569142849818 -0.8731791342752195 0
3274 -0.8538737475982365 0.6870673564360097 0
3275 0.2449909725655696 0.1119072750782445 0
3276 -0.3732271191526252 0.4586510809243557 0
3277 0.08738564265132195 0.497498206801997 0
3278 -0.8189736673683976 -0.7645846146082543 0
3279 0.932626376205986 -0.9750727402694311 0
3280 -0.4992997722296665 -0.6170464753493025 0
3281 0.9790310057030874 -0.4485523522825426 0
3282 -0.1323892436621613 0.7574432996987049 0
3283 -0.8408476731965678 0.9332386358385341 0
3284 -0.9294760346189334 0.6621379780876659 0
3285 0.477707863730546 -0.1982646241897112 0
3286 -0.2049600817253634 0.9305903816796082 0
3287 0.8824984887029719 0.1773466185541119 0
3288 -0.7136888195744686 -0.6864629067599968 0
3289 0.2696352810004651 -0.9275513889024152 0
3290 -0.735569727056639 0.3358794291387964 0
3291 0.4200231945086799 0.3976428432949218 0
3292 0.05299806635276481 0.524566928022364 0
3293 0.3108767203648849 -0.9707818555099179 0
3294 0.7535199706746917 -0.05757137166231577 0
3295 -0.8477189503337064 -0.6703827299923577 0
3296 -0.8806168732553458 0.5123346589056157 0
3297 0.9232340400768164 0.06881566164057389 0
3298 -0.3715599373304146 -0.8666964666480553 0
3299 -0.6932689811256447 -0.07351256941762745 0
3300 0.1458360750887384 -0.4665153833686977 0
3301 -0.186049170510788 0.7338069322473388 0
3302 0.0137305799064499 -0.6863792996901488 0
3303 0.01488959428559601 0.7529520335179336 0
3304 -0.3030758275419339 0.9387051162122761 0
3305 0.2998319809322926 -0.3622191579562948 0
3306 -0.4795033632179264 -0.194440494004266 0
3307 0.9320253744312025 -0.5876484371358278 0
3308 0.5074617071860924 -0.2417627801881247 0
3309 0.5112916770793594 -0.6227438994476557 0
3310 -0.799257525097673 -0.8876911977344589 0
3311 0.8291735153656272 0.5497349889068422 0
3312 0.8337732255432351 0.5796027836606374 0
3313 -0.9404967577021615 -0.2945465691156084 0
3314 0.2983981645278121 0.8312181624375625 0
3315 -0.7348566235936286 -0.7298556091433767 0
3316 0.08483856383973654 0.4123496904776008 0
3317 0.8116278754279485 0.6238467028252281 0
3318 -0.6819611586834362 -0.973731599449662 0
3319 0.8391665350808323 -0.9335284611856055 0
3320 -0.02691405165556341 0.05198311762502945 0
3321 -0.3200771708827171 -0.5940321671245766 0
3322 -0.6272215467003133 0.1578998393080278 0
3323 0.7587990428598034 0.6180796121993143 0
3324 -0.1848563688492476 0.8743025291230182 0
3325 -0.8023663089046745 0.7613353670188567 0
3326 0.1822589552404212 0.1144099869755117 0
3327 0.4198427232753117 -0.626638075560197 0
3328 -0.9779837183030307 -0.1195973925931579 0
3329 -0.5162629538798749 0.6743701651550933 0
3330 -0.4400944979552668 0.8256398166089937 0
3331 0.7092082935045521 -0.02734527397385569 0
3332 -0.3089506432605028 -0.6934398729531702 0
3333 -0.6360003650149626 -0.3779557789118295 0
3334 -0.919822751948966 0.3624766116751097 0
3335 -0.9321719694072426 0.9752327179627902 0
3336 -0.09109032368500236 -0.02014499568120274 0
3337 -0.8854099554261728 0.01914301872142252 0
3338 0.9250096690774848 -0.4204454054110813 0
3339 -0.3406745000209213 -0.2894260540977808 0
3340 -0.4219926099338811 -0.8791943289627336 0
3341 -0.3018796193931985 -0.1009034495095077 0
3342 0.2994966863186322 0.8859510493805797 0
3343 0.09621898632925771 -0.8942539645583125 0
3344 0.218512985033847 0.1405377561202379 0
3345 0.06920363026376541 0.8135236244833147 0
3346 -0.03296238826837568 -0.3725936702017242 0
3347 0.5065430506905487 -0.118624682444691 0
3348 -0.3741676244730868 0.7194957125726005 0
3349 -0.08508976198748107 -0.4468028202497363 0
3350 -0.468452030175206 0.7839384966909529 0
3351 -0.8055276826167168 0.63670456479068 0
3352 -0.7363131963929378 0.7001806560549648 0
3353 -0.6052804307810359 0.3975878857394233 0
3354 0.7834716132948651 0.6344431755605571 0
3355 -0.6322564170805796 0.5692412515575872 0
3356 -0.6337678070645261 0.5973929633308442 0
3357 0.0131971915356691 0.6629188916170983 0
3358 -0.7409643458573432 0.9158250210097015 0
3359 0.2727778278122803 -0.877274657123675 0
3360 0.3758376330774527 -0.4859594603407396 0
3361 0.3389289184719697 -0.7936955767962897 0
3362 0.8544259478037802 0.7593402024055967 0
3363 -0.7598616969247289 -0.2732994103022576 0
3364 -0.06221519619304234 -0.9243841818067093 0
3365 -0.6971841077646137 0.9341138388203264 0
3366 0.3584846518662331 0.3240400291877568 0
3367 0.7282661503493816 -0.6870683849914433 0
3368 0.4626646860366866 -0.6473841890457859 0
3369 0.7167288121996894 -0.7429192184292016 0
3370 -0.9773491721124914 0.8640263802750783 0
3371 0.44331668060811 0.5810671029638257 0
3372 -0.7853671679716469 0.8051192904638365 0
3373 -0.5517333049730455 -0.6235837674798048 0
3374 -0.2021388745456421 -0.1342192361176141 0
3375 -0.6008575824958494 -0.2195163935251204 0
3376 -0.7229195507819213 -0.4630602174287841 0
3377 0.9703006356469577 -0.7245104719885891 0
3378 0.6666804870903553 -0.5834019832051821 0
3379 -0.6496479560160916 0.4234184645473274 0
3380 -0.03970557629255123 0.0001160040725436696 0
3381 0.09302039907669016 -0.7264621399947637 0
3382 -0.7143380857816753 0.4940343585120778 0
3383 0.8815483918938393 0.2332431567697748 0
3384 -0.6039612192121679 -0.7672995888569907 0
3385 -0.8467798633269999 -0.8545974713306709 0
3386 0.5838611272616799 -0.6032928263128137 0
3387 -0.4657531802846648 0.3568167634221847 0
3388 0.3502742352116112 0.6248525101135102 0
3389 -0.9738077944159476 0.3914967867645742 0
3390 0.6295346227708776 0.5331332569291245 0
3391 0.7245062922679303 -0.3153426702997751 0
3392 0.5657568697952702 0.1705261928893556 0
3393 0.9721153898812529 0.1863468314272543 0
3394 -0.1006471780533843 -0.5613065230838493 0
3395 -0.151873852235046 -0.5447184599242392 0
3396 -0.2895437075704372 0.4229025845048405 0
3397 0.05637731305131736 0.4661253293465324 0
3398 0.6678385715009278 -0.4894108497755987 0
3399 0.9165042555611373 -0.7453256331703493 0
3400 -0.2118235258327174 0.009669196527047926 0
3401 -0.7276612912644423 -0.6326090911764266 0
3402 -0.0599943725747692 0.04605048441830655 0
3403 0.6541357985818964 -0.75536648635881 0
3404 -0.2148505716300524 0.1670783136601885 0
3405 -0.9283302973208163 0.7167382390808633 0
3406 -0.1371679993670254 -0.4420486624100378 0
3407 -0.8362934107561772 0.05196926258003196 0
3408 -0.5020865748851774 0.05757151348931275 0
3409 -0.2046575977210172 0.4666454903271897 0
3410 0.3597704865023305 0.9385818965823078 0
3411 -0.513048196822901 -0.8011711721772046 0
3412 -0.2323704937670976 0.3553117965666415 0
3413 0.4402328088665357 -0.5617557420358763 0
3414 0.1135374749574002 0.188315547375814 0
3415 -0.03383186991006855 0.1846143385135807 0
3416 -0.6137619918315305 0.8538483503170464 0
3417 -0.3977607170441502 -0.651779544977239 0
3418 0.2587194033104847 -0.4068057303437005 0
3419 0.6514584699083233 -0.4363900852773488 0
3420 0.4267014525512379 0.9094434910062534 0
3421 0.9271113908670991 0.1146826636269673 0
3422 0.8230596721694197 0.6762696163216202 0
3423 -0.4569643322211216 -0.8132619912600344 0
3424 0.1960356321312164 0.6044512746358317 0
3425 0.8040900610022221 -0.2346811259293537 0
3426 -0.4245014067595426 0.4838709713745392 0
3427 0.1321658241230773 -0.7658015567142327 0
3428 -0.562869727797472 0.5017520504255301 0
3429 0.1575683784723652 0.4669798504620336 0
3430 0.7790277379527779 0.9742923349852347 0
3431 -0.9745075820541944 0.3033370159875772 0
3432 -0.1623265929066537 -0.3038942253357595 0
3433 0.1784327788526866 -0.5153424066193618 0
3434 0.1917881257427151 0.2158802119326565 0
3435 -0.9747212865966517 -0.8680535136834175 0
3436 0.7433375457104558 0.704032447405071 0
3437 -0.1463184291934131 0.5191331203749174 0
3438 -0.1881617759947796 0.3664088635028434 0
3439 0.7519315458509824 -0.7905678543464333 0
3440 0.2132598245491276 -0.2137232824522912 0
3441 -0.7239071240541969 -0.412856487746614 0
3442 -0.6623840267077865 0.02257674283423218 0
3443 -0.4973625875457291 0.8195496679159578 0
3444 0.2965529766313592 0.9375049072038875 0
3445 0.08663841091761464 0.2140613249967226 0
3446 0.616567235034351 -0.3726508509116058 0
3447 -0.8102173157028971 0.09730302037292886 0
3448 -0.9758742250196036 0.8123913892195243 0
3449 0.6269137411432609 0.7693023541184282 0
3450 -0.5188774115187129 0.8720791235987881 0
3451 0.02485515389603331 -0.04661317062300974 0
3452 -0.8824698175254184 0.6388183232736112 0
3453 -0.2225671494827459 -0.3477415617648902 0
3454 0.1590311553463743 -0.2209369880523525 0
3455 0.2273187221670908 0.7902181228993923 0
3456 0.2862685988820081 0.1322920367746878 0
3457 -0.2724236631860312 0.6163823671634767 0
3458 0.6082036355012603 0.1363940395564484 0
3459 -0.02090216144544498 -0.05129591792104218 0
3460 0.6804995830132318 -0.8892320679103395 0
3461 -0.8482721707693065 -0.1303133471944665 0
3462 -0.0037755274669039 -0.4738540528081578 0
3463 -0.3379335761689375 0.7569081372019105 0
3464 0.3716768936182574 -0.8479861521276346 0
3465 -0.6395490471681092 0.189960695655008 0
3466 -0.4153139558099664 0.5843900154036483 0
3467 -0.1554272857412555 0.80836915770177 0
3468 0.9367127415284731 0.9204786512564679 0
3469 -0.6499432207077832 -0.2163826371033039 0
3470 0.8694118832920539 -0.4415907348500205 0
3471 -0.457891168327211 -0.5877197261541613 0
3472 -0.9761126784546068 -0.5370181924861726 0
3473 0.03760676530954064 0.6200722414958346 0
3474 0.2004247527035641 -0.1323146476155946 0
3475 0.243011573749557 0.6902203003616474 0
3476 0.1810701573193069 -0.9763624774178876 0
3477 -0.2084471665025008 0.311683868113861 0
3478 0.1486935309510207 -0.2943042678652703 0
3479 -0.9094069993539122 -0.7617785631486096 0
3480 -0.7675590543548696 0.2983017250437908 0
3481 -0.4142138005019527 -0.9724694171164102 0
3482 -0.566954423711895 0.877491332384333 0
3483 0.147186742723118 0.5774409698958568 0
3484 0.5333096176478197 -0.2944043413291175 0
3485 0.7390526770836798 0.5740564558052335 0
3486 0.02538783286948305 -0.6112422969343179 0
3487 -0.5728438188290236 0.3025702008696988 0
3488 -0.2514467075693004 -0.1262061127389904 0
3489 -0.1136890348467004 0.2662157576629814 0
3490 0.1113160338784308 -0.2589318010719122 0
3491 -0.3303403066270155 0.5561738212692138 0
3492 -0.6604545103804151 0.9735782118677248 0
3493 0.8401959471391306 -0.5832322830045135 0
3494 0.6526316806171529 0.6031577387980365 0
3495 0.7530185853579831 -0.6611523291461224 0
3496 -0.8931311093154167 -0.9303830609251018 0
3497 0.03187416142322499 -0.4276780561765862 0
3498 -0.9703010899269515 -0.1655614830727057 0
3499 0.3174158509676657 0.4193553975784562 0
3500 -0.8006982418340748 -0.4326937937672869 0
3501 0.6144338109889225 0.1640712440729776 0
3502 0.151180501972595 0.8233758589617277 0
3503 -0.2570590842407348 -0.1753963446096941 0
3504 0.9705373368110788 -0.5077537258065672 0
3505 0.4710569027662441 -0.3603674156376772 0
3506 0.1323000016297538 0.1377035919425795 0
3507 0.9352655419820584 0.267126372675046 0
3508 0.340254328867189 0.5022869222683947 0
3509 -0.1688901184260184 -0.4383093400867049 0
3510 0.04275293716754849 0.03444697255453485 0
3511 -0.08385954077601236 -0.2080604003523856 0
3512 0.1032371807784415 -0.1038793047711744 0
3513 -0.5544364336761819 -0.9348311645480921 0
3514 0.591640881337717 0.1812414393638681 0
3515 0.05352256538638038 -0.3322763097244913 0
3516 -0.8096943904972412 -0.0274832160283231 0
3517 -0.6690906344093541 -0.8094006245556934 0
3518 0.3180035919816574 -0.332789761429262 0
3519 -0.9747850336828938 -0.2111223705252197 0
3520 0.4113058231966182 -0.1383579760602665 0
3521 0.7257358809126039 -0.4761554394069487 0
3522 0.4119069822359016 0.1268853804658906 0
3523 0.966809177416785 -0.1322390092216831 0
3524 -0.2721469829705409 0.5657982987182402 0
3525 -0.2200210325952144 -0.4866798445866651 0
3526 -0.1356479281709906 -0.3022246561280117 0
3527 -0.4949980015238955 0.3165288945321019 0
3528 0.5113113273485249 -0.666267390911905 0
3529 0.07806671070389978 -0.1057946307874488 0
3530 0.7616196085887548 -0.08548584109770552 0
3531 -0.6077342425159415 0.34355229971518 0
3532 -0.705346108528033 0.7740877787946685 0
3533 0.9295587798200995 -0.8990100506568305 0
3534 -0.07969072504517698 -0.3936690490851473 0
3535 0.2879869095444936 0.3398904279293328 0
3536 -0.7176482188325464 -0.1329401068554167 0
3537 -0.4341788769216787 0.6464703654238397 0
3538 0.9740228822920756 -0.9330729054046412 0
3539 0.7190208620105505 -0.5320289098753812 0
3540 -0.9729115389432326 0.3557723285866945 0
3541 -0.3249771069394156 -0.7220683219876011 0
3542 -0.3256844714162299 -0.8416696616879034 0
3543 -0.06252137281630143 0.1406273158539538 0
3544 0.7623896480134518 0.295539907714278 0
3545 0.1835287491103216 0.0386773745341021 0
3546 -0.2460143124242437 -0.2954038257696986 0
3547 0.4492313166399029 0.4077630104468769 0
3548 -0.1002919691086945 0.1080105220266376 0
3549 -0.6867109049069635 0.5803199849667854 0
3550 -0.1732321752410415 0.03693581180307162 0
3551 0.6640716821831878 0.30396546424685 0
3552 0.5570679706071968 0.8010936669504187 0
3553 0.1851566987872241 0.8186750311494511 0
3554 -0.3072604930857079 -0.3313469196770228 0
3555 -0.1553709061667383 0.236917403532858 0
3556 -0.9747092518715981 -0.7178881536679222 0
3557 0.9087282861640607 -0.0653362238648006 0
3558 -0.4048279430399568 0.930421649647742 0
3559 0.4306563334293755 -0.04140587528056222 0
3560 -0.4797684205321779 0.5269182649694544 0
3561 0.01397994660254377 0.800954498990499 0
3562 -0.3820571096270289 0.666872668621061 0
3563 -0.7475048251508203 -0.3218521706299948 0
3564 -0.9047965430156526 -0.4212216613606172 0
3565 0.5852430417110938 0.6442720086201523 0
3566 0.858699107671044 -0.3863691758768537 0
3567 0.5739119560604033 0.2286960473763036 0
3568 -0.8271777661688389 0.3524112125548184 0
3569 -0.972257738733609 0.7359217938185391 0
3570 -0.9308717160050761 -0.8883917068973234 0
3571 0.6396663789328132 -0.2817518590124602 0
3572 0.5412919374594427 -0.02910992414892115 0
3573 -0.5479364755066964 0.3958687728635603 0
3574 0.6266036474476114 0.28586313045767 0
3575 0.8625178330384482 0.3174677728027038 0
3576 0.2754807020980046 0.3151697306561514 0
3577 0.8247741789737184 0.2829842921582105 0
3578 -0.2451627619848292 -0.804550561357056 0
3579 -0.1622240483816308 -0.00908645849961741 0
3580 0.6563987853923541 0.5766682084390904 0
3581 0.9442428230944053 -0.3260322394844801 0
3582 0.9754067218471654 0.09463726501369263 0
3583 -0.9315891364567914 -0.1290735759571121 0
3584 0.8857564971539447 0.6693068150046222 0
3585 0.4007454907661298 0.2231788534739084 0
3586 0.598245134631132 0.7725634013228608 0
3587 0.8146789537384288 -0.8907673822520131 0
3588 -0.8350483856943588 0.7910001920470087 0
3589 0.9374952771588309 0.335362964975102 0
3590 0.9769072229811084 0.6884749644722447 0
3591 0.75795286601481 -0.2739321813147693 0
3592 0.05095238485578905 -0.6061459648978419 0
3593 -0.2407123627065132 0.5645939064536469 0
3594 0.8260533154389664 0.9423995124069722 0
3595 -0.488451138472478 -0.6918006035091683 0
3596 0.4079766107722737 0.2698713109483608 0
3597 0.2473310994713692 -0.7699325989739072 0
3598 -0.8148699579967563 -0.167778438535729 0
3599 0.5571564942449383 0.5111698953793449 0
3600 -0.6612731900361363 0.3132099153340951 0
3601 -0.6434384483164494 -0.1890789002449301 0
3602 0.5135225710174106 -0.3943252571890866 0
3603 0.3226640689114206 -0.8680907695540859 0
3604 -0.6815315691583846 0.3367066058093823 0
3605 -0.3057437875923103 -0.4449111108012983 0
3606 -0.02207423211586008 0.2081732594346957 0
3607 0.7018528731471657 0.05054323462698283 0
3608 0.6416724577863686 0.1735186589976241 0
3609 0.8222698403800348 -0.6332962761913152 0
3610 -0.8776789365630617 0.4594734488056101 0
3611 -0.9417397779812622 0.434916673863216 0
3612 0.4232709551170826 0.1014670390872713 0
3613 -0.1638889014270808 -0.2555824018779276 0
3614 0.3892953972127032 -0.2587387670318622 0
3615 0.6156145065585662 0.6320826607435299 0
3616 0.974955406900193 0.3012973126636889 0
3617 -0.6326052302643808 -0.1149127794195411 0
3618 0.6444245179264307 0.7413947576878528 0
3619 -0.7966104272168343 -0.6516431221243881 0
3620 0.05977672408140981 -0.2148382507106534 0
3621 0.7838720067960927 -0.6731924557493598 0
3622 -0.2296292225496316 0.1395173893397784 0
3623 -0.3800053685392312 -0.5325410221495085 0
3624 -0.7669853256498285 0.2396201211340587 0
3625 -0.6866792613554554 0.2017503094924726 0
3626 -0.6317230955002023 -0.5589161754693673 0
3627 0.332916631767616 0.2776000754409105 0
3628 0.7287943785889098 0.6566165931801964 0
3629 0.5929540281368348 0.9117149965897362 0
3630 -0.4514135519374399 0.9419016042353386 0
3631 0.8784679997905165 -0.5746329257302638 0
3632 0.2025765982311298 0.9331535073188062 0
3633 0.803062132623458 -0.7234149888472758 0
3634 0.9156804866727762 -0.446240119984272 0
3635 -0.03126306419876652 0.1004139571767137 0
3636 -0.5065409378774722 0.4277567325635472 0
3637 0.5368977327824009 -0.4112872559685884 0
3638 0.3395918499769017 -0.596777684425023 0
3639 -0.795553819857074 0.4556649065365211 0
3640 -0.6040312834291057 0.2505302168493918 0
3641 0.383494486969448 0.3604563666419975 0
3642 -0.8709310432375679 -0.6442343406107978 0
3643 -0.08797659781055645 0.3922142417138812 0
3644 0.4211722635619183 -0.3841466159832623 0
3645 -0.4767227685827342 0.6254968426678641 0
3646 -0.1095260966808346 0.9258244636830613 0
3647 0.9385526951815281 0.666055311886128 0
3648 0.5686209999734468 -0.2680885840233794 0
3649 -0.3833530559374534 -0.2556295757726982 0
3650 -0.2045505920803823 -0.32815268216219 0
3651 -0.401926782949647 0.3619067107410337 0
3652 0.5373149861922601 -0.9773349307968496 0
3653 -0.221571113545144 0.6411306614689295 0
3654 -0.1793938499502224 0.3250985707150835 0
3655 0.4093783986099939 0.7166059652172261 0
3656 -0.9276731239948688 -0.6846540898651526 0
3657 -0.232609271336258 0.08364039122353331 0
3658 -0.2239157406074802 -0.8560197388052511 0
3659 0.8854494579773734 0.8876107083842366 0
3660 -0.9266496327195409 0.3088446224945593 0
3661 -0.7147286394530818 -0.2930382809413816 0
3662 0.555318820346848 0.7547472312237017 0
3663 -0.6231801254971984 0.7200997533027736 0
3664 0.7872967197429444 0.06610907001635465 0
3665 -0.4122363919294509 -0.6107176804659964 0
3666 -0.5525549817899242 -0.147050222245257 0
3667 0.4361629689771571 0.4990667642314514 0
3668 0.4471746109690206 0.5277465461341654 0
3669 0.6567307853613846 0.975221724223574 0
3670 0.481859165609178 0.1607429726144395 0
3671 -0.8894454548940121 -0.007892958829821089 0
3672 -0.7680582262351334 -0.6101384033146996 0
3673 0.001541336276491048 -0.7160025377159804 0
3674 -0.4484524359961166 -0.1323564575132947 0
3675 -0.0261492903597095 -0.499972152714778 0
3676 -0.6899551851583436 0.1020991482679774 0
3677 -0.7679935075248374 -0.1435439516706233 0
3678 0.6374289668444941 -0.4864828600298733 0
3679 -0.3802281437351508 0.7853310068711127 0
3680 0.653411824348504 0.1247201774241716 0
3681 -0.587150924821717 -0.8892682843476992 0
3682 -0.3526944828034073 0.5423518023940638 0
3683 -0.4135477960103475 -0.9380179479645077 0
3684 -0.5191680144735287 0.3054206894933998 0
3685 0.0231289977662586 0.1919011305339245 0
3686 -0.1060174615321443 -0.6118753667339938 0
3687 0.8268730178217242 0.1776886287164827 0
3688 -0.7133116936352787 0.2942858854691179 0
3689 -0.6537178923645494 0.2366622822816039 0
3690 -0.7964283862051518 -0.1345500823066274 0
3691 0.695874671702632 -0.1259196309064717 0
3692 -0.04614954060637029 0.4154725875273469 0
3693 0.8939656991316358 -0.3336879818787714 0
3694 -0.7965441419541942 -0.5912725676735547 0
3695 0.6717009287642524 0.8955048966388848 0
3696 0.07598888410242852 0.2895263184530558 0
3697 -0.02826915894852139 0.7469625086960853 0
3698 0.07620220252110295 0.9722996631156808 0
3699 -0.4793025373440014 -0.09357135544545619 0
3700 0.4004988086714871 -0.4742054187399551 0
3701 0.6587195187574982 0.653040337670667 0
3702 -0.6390149897045265 0.001095507796030238 0
3703 0.8728422477881872 0.5480027547150875 0
3704 0.001821725910336081 -0.328244012838281 0
3705 0.8827353182157919 0.366610500819098 0
3706 -0.5007462087839342 0.5081265416319232 0
3707 -0.5227529833873727 0.6447190371706107 0
3708 0.07079090906645497 0.1077676545978738 0
3709 -0.2043244025139102 0.2406369664527079 0
3710 -0.09792840001845127 -0.2336631809136936 0
3711 -0.9766350995566688 -0.4781782978716048 0
3712 -0.1455289821777557 0.8603991045986019 0
3713 0.6453918294537864 0.847944545612672 0
3714 -0.6985524092424502 0.8512202757793804 0
3715 0.3989849353969051 0.7586060743825478 0
3716 -0.2839301075442384 0.7844759964367096 0
3717 0.6848145282234848 0.01644022877548597 0
3718 0.3407954133377603 0.914442113780096 0
3719 -0.4191108878985348 0.9772855613419053 0
3720 -0.4745618007567756 0.1663627814146217 0
3721 0.5948656669493145 0.727680886248145 0
3722 0.8204786786963145 -0.7730663160599087 0
3723 -0.08183577327879958 -0.2578610750793061 0
3724 0.8642434866133953 -0.8395683617848934 0
3725 -0.1485597979902548 0.9373344714526383 0
3726 0.5691745725313117 -0.403899136576505 0
3727 -0.09464453597125257 0.6495852425655572 0
3728 -0.554049606248379 0.2262186226706779 0
3729 -0.627814134421256 0.9752590849473642 0
3730 0.1865248945297766 0.8878890315610765 0
3731 -0.7166431717720494 -0.166068185214384 0
3732 0.05876675309564483 -0.2830245344484399 0
3733 -0.8246833599523435 -0.9344692621973487 0
3734 0.925938100127712 -0.1509988551264907 0
3735 0.1750861258568145 0.4088638296428766 0
3736 0.3064527119696356 -0.9393941887611947 0
3737 0.473368875687536 0.8964233570216803 0
3738 -0.5812520851670236 -0.5848909761858782 0
3739 0.7218017793314836 -0.2345830871985052 0
3740 0.5174085668989044 0.01169164014608585 0
3741 0.3033648016356416 -0.6707362064855034 0
3742 0.977479471244592 0.5376255041849337 0
3743 -0.0887936100597034 0.8700364305389711 0
3744 -0.7112597606090445 -0.6064683642957323 0
3745 -0.3812538549774331 0.5032797359300349 0
3746 -0.06127377062390601 -0.869980066033665 0
3747 -0.7536454936827495 -0.5262782830064824 0
3748 -0.266467410878667 0.1668572486790138 0
3749 0.3583710297294259 -0.9424279288316108 0
3750 -0.3740302172241519 -0.1571524094803147 0
3751 -0.01954489821644149 -0.7966270105130517 0
3752 -0.4409031512021807 0.05053406601584846 0
3753 0.1386144261938275 -0.179868376395608 0
3754 -0.09574332047785361 -0.1050578128572899 0
3755 -0.04575534000223883 -0.749787417268244 0
3756 0.1025040164395437 -0.5174320431579328 0
3757 0.5639016995262326 -0.8780389348792332 0
3758 0.5496992865271961 -0.5585763662717437 0
3759 -0.979172624648553 0.1779272137815556 0
3760 0.2158261572559406 -0.9278789496645592 0
3761 0.5848268309448232 -0.5486302241021258 0
3762 -0.3433412857127004 0.4227501094966232 0
3763 0.7536013663725073 0.7491323590585921 0
3764 0.03689334840015344 0.8267677591617162 0
3765 -0.1059294217714879 -0.8422114209504438 0
3766 -0.8227867219575757 -0.8939738101148301 0
3767 0.7037477599819325 0.6666184074535273 0
3768 -0.8482992696800291 0.5999662869144371 0
3769 0.3907403601934125 0.8105919413519752 0
3770 0.6033318337608893 -0.6369988104448291 0
3771 -0.06870544464723428 0.8273951769627517 0
3772 0.7732308795745375 -0.4856459317697506 0
3773 -0.4741135877847364 0.2741368940032831 0
3774 -0.2670369945383512 -0.3679331293204665 0
3775 -0.07331328461337931 -0.1325420906652379 0
3776 -0.8514146959648784 -0.4313678491287651 0
3777 0.8217172683558048 -9.653780986287289e-06 0
3778 0.3025336007195059 0.06810568545008756 0
3779 -0.5538024239789701 -0.1950921547959017 0
3780 -0.2783799251781447 0.8625580087081102 0
3781 -0.6790859539246026 0.1556725968907768 0
3782 -0.4199470719744585 -0.1671250003061202 0
3783 0.4663990406385817 -0.7995554387738584 0
3784 -0.5993899586378779 -0.1870035653047045 0
3785 0.01999157450492659 -0.5152092968312468 0
3786 -0.328913026609356 -0.5409000316696543 0
3787 0.8941269510772336 -0.1075725987922585 0
3788 0.3964745249426384 0.5219310246328293 0
3789 0.7437353360670839 -0.4437417910015246 0
3790 -0.006797535471473988 -0.08955097372269777 0
3791 0.3451338743405074 0.8665624410226169 0
3792 0.373834558291343 0.4743389617835281 0
3793 0.1849960834987076 0.4661140846978648 0
3794 -0.2209899512761106 0.7576045263347441 0
3795 0.2326668375449838 0.1937792727463594 0
3796 0.5831519774094323 0.1238874919400375 0
3797 0.3424539730145212 0.1075570096261971 0
3798 0.3801693519807917 0.7787663686253374 0
3799 -0.2344387697299907 0.8400543110653166 0
3800 -0.2294539808948826 -0.1437914424014783 0
3801 0.3353300621830303 -0.2405015817173132 0
3802 0.6614249806523452 -0.9741040343407926 0
3803 0.6448636708926133 0.2580684662217656 0
3804 0.6662223035764019 -0.3654695651856251 0
3805 0.1965335574669193 0.4375330386380694 0
3806 -0.5727290250187494 -0.1777603207429011 0
3807 -0.9347083271420786 0.9016170430375087 0
3808 -0.1240313742027811 -0.3701349721157913 0
3809 -0.6661589706022139 0.2867709633934456 0
3810 0.3687497662130573 -0.005012857024751531 0
3811 -0.03481209653211123 0.8910578586212471 0
3812 -0.5490800259440256 -0.2874599123398843 0
3813 -0.83305742227607 -0.5157190347022196 0
3814 0.4529728236896502 0.04992662926930172 0
3815 0.1244393010462918 -0.009191444645983622 0
3816 -0.6600799132154482 -0.4690237845305378 0
3817 -0.8867246040332164 -0.8245367749292024 0
3818 0.2769319884389007 0.588271186323354 0
3819 -0.6693543190978684 0.8912836348247266 0
3820 -0.1214523078279941 0.9764761829338217 0
3821 -0.9749905995097309 0.9347525184828909 0
3822 -0.1949837893964137 -0.03544745272651493 0
3823 0.2689619139750791 -0.9771848313220548 0
3824 -0.09114876987129319 0.6951133578483401 0
3825 0.3908686860105199 -0.5815689134610003 0
3826 0.8660384415323275 0.6253914165595192 0
3827 0.1030821322415506 0.8218876615950003 0
3828 -0.2735848023117836 0.974875310579801 0
3829 -0.1707141329919416 -0.2055309848480665 0
3830 -0.4423526160204488 -0.01924759052454067 0
3831 0.648287321261406 0.04166880551796658 0
3832 -0.8281460023603645 0.3895900912039815 0
3833 0.8689593752685345 -0.3470072485953846 0
3834 0.6024226014872527 0.8223051562793575 0
3835 0.1103253624693292 0.7714140521555108 0
3836 0.8861978189043278 -0.02817977938090348 0
3837 -0.9752941343224423 0.6888655216079651 0
3838 -0.6381280515334619 -0.9404845097048962 0
3839 0.001087633749074612 -0.758285224293383 0
3840 -0.5526245823343449 0.02228806429664023 0
3841 -0.5281091087465142 0.5438661947815139 0
3842 -0.5473270355874646 -0.6840045075514787 0
3843 0.3305648387997644 0.3190263266570782 0
3844 0.840100264978241 -0.2037259294650008 0
3845 0.5609016487733429 -0.6538770503457902 0
3846 -0.9759064754984594 -0.3244928407485237 0
3847 -0.02528674401308047 0.827833413989844 0
3848 0.2205757996302062 -0.6346467329175161 0
3849 -0.2484032154891084 0.9375912649288609 0
3850 0.7090476154185935 0.7403696284921637 0
3851 -0.9015620207448163 0.1548360797717465 0
3852 0.3078441869892271 0.2401253007736954 0
3853 -0.46270549916241 0.4462522710888714 0
3854 0.1554380100233402 0.3114429670089133 0
3855 -0.3535881104489732 -0.6778070725978527 0
3856 0.605914662413391 -0.1208194679394895 0
3857 -0.587527177846047 -0.9382874419780355 0
3858 -0.8299474305325363 0.6480839177408875 0
3859 -0.9001772686079264 -0.1563370689602072 0
3860 0.7702445242399464 0.7806107330236691 0
3861 0.5422566742321369 -0.3588744015253567 0
3862 -0.4583951119872254 0.6019215224208488 0
3863 -0.01852348102195049 0.4738341317451016 0
3864 -0.1789449084629575 0.1518626680435297 0
3865 0.1528152677605233 -0.3740492517178532 0
3866 0.1479501040200001 0.7777331860879376 0
3867 0.2282733424856928 0.4149166477875874 0
3868 0.5895734921342056 0.4314519839212359 0
3869 -0.9361790207534831 -0.3411083967811313 0
3870 0.6244541563678631 -0.7214072474588 0
3871 0.8521247718122673 0.001501695810498113 0
3872 -0.8468678448315853 0.2137451214658824 0
3873 -0.7364498724128015 0.8149603919388275 0
3874 -0.9731409068731895 -0.6575328026687032 0
3875 -0.4501261313865041 -0.7526414838327963 0
3876 -0.1799557908266853 0.6707881944877061 0
3877 -0.7170903352024698 -0.3563313755688405 0
3878 0.849641348201116 -0.5255113757721676 0
3879 0.04616802966450998 -0.5600118677211187 0
3880 -0.2962712524370618 0.6676506924490616 0
3881 -0.8319038148889044 0.7032685590083472 0
3882 -0.8306847171891678 -0.4688793088058631 0
3883 0.7091513645372659 -0.07547864914658368 0
3884 -0.1065281960791696 -0.707506792072796 0
3885 -0.1547882579447972 0.3048923325881522 0
3886 0.07118357838791156 -0.7637579877658022 0
3887 0.160681433090462 0.1838108416053973 0
3888 0.8917958181177756 0.8202106549757546 0
3889 0.6710768540931413 0.6996836806974583 0
3890 -0.1807535271040788 -0.7253564689219388 0
3891 -0.5359650115232127 0.09432528621251038 0
3892 0.7490940678549373 -0.330441893753138 0
3893 -0.2966131617946687 0.8904417090618852 0
3894 0.9742787409137238 -0.680755126514152 0
3895 -0.6413664643945337 -0.6946656272316967 0
3896 -0.8650801349911965 0.8406447817127083 0
3897 0.4854988189803035 -0.9741668795290104 0
3898 -0.9082638938237191 -0.6051011613168139 0
3899 0.2054044830052946 -0.823215655332835 0
3900 0.05532361733665075 0.3765286572916913 0
3901 -0.9084413366081177 0.5108448078387605 0
3902 -0.8705107755694099 0.3687302636455619 0
3903 0.152966555592754 -0.1173443368686232 0
3904 0.1844870075643283 0.2759618594280768 0
3905 -0.5848596480733678 0.4905288052127533 0
3906 0.8216050468501358 0.04260594085863109 0
3907 -0.8991509609133861 0.4187381521126617 0
3908 0.3088910723908276 -0.253463126480543 0
3909 -0.2301223686752353 -0.06946112021120046 0
3910 0.2432955210208637 -0.7090143773572954 0
3911 0.7902390967628318 0.9410334439716486 0
3912 0.1348820500606222 -0.9684147350106926 0
3913 -0.7107191136446962 0.3213575869311453 0
3914 -0.04227867725091589 -0.6447818985057017 0
3915 0.3262912277321354 -0.7437156478322745 0
3916 -0.09578741407037078 -0.3297229302759778 0
3917 -0.2931207114184436 -0.9785726832022816 0
3918 0.8735061189129109 -0.8927018705612976 0
3919 0.276232367204158 0.7992793641684972 0
3920 0.7469828832842025 0.3712547521672416 0
3921 -0.5942964746090125 -0.3853363133528099 0
3922 0.5920869888837506 -0.3629015894768503 0
3923 -0.7491470708121959 0.3898517885981174 0
3924 0.7913891242470522 0.7315509802226409 0
3925 -0.4382585331731479 0.5605521631112061 0
3926 0.479625216384664 0.9771877638477318 0
3927 0.7450436589393739 -0.8345488863013669 0
3928 0.1807501183748776 -0.06188994464520409 0
3929 0.8384208055535596 0.08557617940370789 0
3930 -0.689922838820536 -0.179620677110798 0
3931 0.8763875444131752 0.1120306673284773 0
3932 -0.3005258594842072 -0.2510168987069675 0
3933 0.203983959076734 0.8394931602855219 0
3934 -0.6077538452129828 0.5313363224846996 0
3935 -0.8792999043011962 0.587207780739354 0
3936 -0.4659844054546425 -0.1722486515355223 0
3937 -0.3970778253188354 0.4410969156401945 0
3938 0.2486590625663073 0.313635211992634 0
3939 0.7483622120744327 0.03184683896732997 0
3940 0.5017941567681773 -0.2702357061967791 0
3941 -0.5155576595199535 0.3565875965909192 0
3942 -0.6684358316148505 -0.356761840605901 0
3943 0.977416378464607 -0.5653869837184885 0
3944 -0.8984001283971751 -0.6512511621010271 0
3945 0.933664160813896 0.890829373825782 0
3946 0.7533176058664939 -0.9361216671581034 0
3947 0.0795302018794863 0.2642969863554301 0
3948 -0.5615263647536113 0.5342336666029636 0
3949 0.7395083294551064 0.143985659706552 0
3950 -0.1077781449957505 0.6756503144052646 0
3951 0.9045814170687017 0.01601999286319074 0
3952 -0.7643961205723149 0.6702829399925421 0
3953 0.9778058434356328 0.239202712772738 0
3954 0.7773640589546772 -0.1353701936659555 0
3955 -0.5763494016141478 -0.3210515401327436 0
3956 -0.8502096913275975 0.454410573426662 0
3957 -0.7917234094624002 0.6806748844698245 0
3958 0.1468116616044865 -0.5174834762913898 0
3959 0.08309376116691572 -0.4664050886060385 0
3960 -0.8014191434408519 -0.9795147842840239 0
3961 -0.6046997264584802 0.6502952655450122 0
3962 -0.247373224078293 -0.5249167152350723 0
3963 -0.4406780398564284 0.2378355794964921 0
3964 0.7574526756702338 0.3416970547581218 0
3965 0.9050080535044109 -0.4925218764942935 0
3966 0.6054175762143932 -0.4499772219661208 0
3967 -0.2663630633338613 -0.784643894817912 0
3968 -0.1698787788587658 -0.3562901259554782 0
3969 -0.4288691536971003 -0.2114668392495033 0
3970 0.7874812915958107 0.5796277127683276 0
3971 -0.4920399781853456 0.3434160983910971 0
3972 0.03624764695356389 0.424448027690903 0
3973 -0.3705352558793354 -0.5556886559135286 0
3974 0.6397024794165073 -0.7021438975634122 0
3975 -0.4340602513619798 -0.6713192826382408 0
3976 -0.7707600631765739 -0.3896611835903929 0
3977 -0.9183859750629166 -0.5400947814050843 0
3978 -0.7970287649640473 -0.3364584560412269 0
3979 0.6483701843178473 -0.4085896721376726 0
3980 0.5128680283894227 0.1584362486229158 0
3981 -0.2704947575706031 -0.6831879046038531 0
3982 0.3276653262881214 0.977576150173714 0
3983 0.05656540859442079 0.5956994462793236 0
3984 -0.1377312431038265 0.03435563815311718 0
3985 0.5590762036758885 0.04337169076455877 0
3986 0.9738481848563595 0.8001294131663625 0
3987 0.2355767961096423 -0.4359820683259374 0
3988 0.1607271410249853 -0.16662356025648 0
3989 0.3533070623805775 0.7700563017210241 0
3990 0.01191895606531033 -0.4176582027013188 0
3991 -0.7762144475912693 0.9786103965189354 0
3992 0.3636079814747771 -0.7776959669754354 0
3993 -0.2375501525787745 -0.6588796407407391 0
3994 -0.9079685381740711 -0.4940090103731399 0
3995 0.9755674415354668 -0.09232634109484378 0
3996 0.1524846744243016 0.8531501402158057 0
3997 0.20755988288421 -0.1673733322964242 0
3998 0.9775939566125142 0.4227603640070739 0
3999 -0.5680120382867383 0.9746154538922549 0
4000 0.4142783773117052 -0.5537393451395757 0
4001 0.7522894911315842 -0.6043806915871791 0
4002 -0.04754473608450236 0.4651446874866592 0
4003 0.5465315191366336 -0.9251237440981505 0
4004 0.3971409675320912 0.6470971569959182 0
4005 -0.9761844027265169 0.4711807370067561 0
4006 -0.7016914790748482 -0.7357930314701793 0
4007 0.6463259583636236 -0.2056889480978278 0
4008 0.2399132835104708 -0.166159193841587 0
4009 -0.07098325976012107 -0.6405117629813 0
4010 -0.821410668390704 -0.5444913410227098 0
4011 0.4752761144647444 0.6265728543168485 0
4012 -0.5139082728226492 -0.7112023410091857 0
4013 0.7324781002126659 0.628283567558791 0
4014 -0.6360114706187489 0.3517667122249757 0
4015 -0.831163304083161 -0.1960541226563582 0
4016 0.2161712717187128 -0.3500994540599193 0
4017 -0.2284914812062876 -0.5746724623460507 0
4018 -0.0883386877990085 -0.884724926808492 0
4019 0.5372688564526795 0.976475151177718 0
4020 0.8924977419395367 -0.8611426196072995 0
4021 0.4594281574773503 0.2797629835199231 0
4022 -0.04603217150402877 0.365852477507882 0
4023 -0.7514359598014509 0.9398814918941247 0
4024 -0.9451898705555417 0.4022283571481563 0
4025 0.9753884617922949 0.02642273434092634 0
4026 -0.792722113417044 0.9303768188994468 0
4027 0.3881268508741484 -0.7886026399861461 0
4028 0.474285863092604 -0.1442102602947654 0
4029 0.5306491382423625 -0.4386347005300103 0
4030 -0.6312716610562282 0.3964998071667681 0
4031 0.6346574027640612 -0.3281634261525769 0
4032 0.5132788680181736 0.5427810753908456 0
4033 -0.6095483374572322 0.4431183814001143 0
4034 -0.9781270157935319 -0.2687783046678445 0
4035 0.9740564925656588 -0.9740564925656804 0
4036 0.6025763907202228 -0.7630360837597906 0
4037 0.05666835783524467 -0.6535674801523048 0
4038 0.9772291430622533 -0.2072717026020948 0
4039 -0.07188614951880518 0.1971840336940013 0
4040 0.1715922808431946 -0.8585071710369183 0
4041 0.4687984927079104 -0.06709238249296262 0
4042 -0.4716742687604072 0.8911316711257589 0
4043 -0.3940707411409273 0.8405414716522681 0
4044 0.007851524653807155 -0.5959552142926535 0
4045 0.4146186395844713 0.02721168922156584 0
4046 -0.139268608657067 -0.3496066756993216 0
4047 0.2372481140527924 -0.3227976880376731 0
4048 0.08186763323988519 0.3342209953366346 0
4049 -0.7085245161657874 0.3734879906718319 0
4050 0.8163920474447792 0.1296048716218293 0
4051 0.9272088432880693 -0.7929150996576423 0
4052 -0.1248220684981516 -0.3255405883033848 0
4053 0.08985136059280048 -0.211269404213982 0
4054 0.2729939274690046 0.4230846556169013 0
4055 -0.6361235484228972 -0.909592337751748 0
4056 -0.00729158829098135 -0.1736946556454948 0
4057 0.2011071835576175 -0.8885464986373379 0
4058 -0.8688178745289581 0.2401936767832485 0
4059 0.02940082752799007 0.9771748900832908 0
4060 -0.5712996093450415 -0.798227675802488 0
4061 0.005132678220562186 0.2122117407125855 0
4062 -0.1966511858859026 0.5865502504500759 0
4063 -0.7060058874865385 0.7308782994107541 0
4064 -0.1809146758948909 0.6117782714221132 0
4065 -0.8559694912161935 -0.2444802900373621 0
4066 0.9340683936432225 -0.1787654869621852 0
4067 0.03575871048751877 0.4815851252504855 0
4068 -0.03596370302708433 0.5942352380524103 0
4069 0.8630661334785787 0.1950933298477418 0
4070 -0.2001760099707705 0.5350594089069453 0
4071 0.7836017647686835 -0.7956358296207112 0
4072 0.8963764492664409 0.4107146897372758 0
4073 0.2726498748155439 0.3601033438501064 0
4074 -0.1523820549629505 -0.6558754944519087 0
4075 0.3934569878764205 -0.1191964387679355 0
4076 0.666494731085966 0.33671701320936 0
4077 0.7156376854183903 0.327871748333183 0
4078 -0.6427582298628134 -0.06276294805314067 0
4079 0.9751670890648592 -0.1592629694779786 0
4080 -0.03777600182176827 0.5167525669090538 0
4081 -0.9742007840707996 0.007698950743957136 0
4082 -0.4101227142815537 -0.834672074907895 0
4083 0.1062515926202176 0.737137054854798 0
4084 -0.978679400313379 0.5671641791056785 0
4085 0.0473125058856529 0.1463655532028911 0
4086 0.3910963355799373 0.7308827672166589 0
4087 -0.1669558778346125 0.496398858162979 0
4088 -0.7055142140294227 -0.5535509158704555 0
4089 -0.2986790835193793 0.7428040758486608 0
4090 -0.6555727432121998 -0.4440137649519544 0
4091 0.05661500566068543 -0.8142512430936599 0
4092 -0.273566972012117 -0.5966083175587802 0
4093 -0.1367734268697709 -0.2568805443536948 0
4094 -0.9016583901620709 0.316396672262398 0
4095 -0.6639847905705364 0.9381669507624992 0
4096 0.8074020633186363 -0.3104742738363495 0
4097 0.8468795964634561 -0.6175033861109712 0
4098 0.2936462729401426 -0.487306352892258 0
4099 0.8003479564929861 0.1818827376772078 0
4100 -0.0865199231706624 -0.9152837739585005 0
4101 -0.4573077326046174 0.07647996360104947 0
4102 -0.4664857376474575 0.6501932419096621 0
4103 0.64340270313698 0.7911104261084377 0
4104 0.3010509971931637 -0.5184302825086698 0
4105 0.2592882894433546 -0.8310540246737282 0
4106 0.6741029563877494 -0.1835415709250809 0
4107 -0.3930481182852021 -0.1816266827933523 0
4108 0.5221835134601378 -0.9382771195285482 0
4109 0.7845128169029234 -0.9284445173536101 0
4110 -0.8556143937906453 0.5437653289817691 0
4111 0.7754651326424951 -0.9791580468767838 0
4112 -0.8941910928481251 0.2027036405186551 0
4113 -0.7112195522987854 -0.505469215575606 0
4114 0.6101328582381614 -0.1640715634374625 0
4115 -0.4171233755308132 -0.01696491982244399 0
4116 -0.1290922805212784 -0.03946172418732304 0
4117 -0.1495764791540364 0.571951460973483 0
4118 0.3279339188303589 0.5845393762863744 0
4119 -0.2178421187925398 0.3988671961913403 0
4120 0.1313347209551821 -0.8188554464682645 0
4121 0.9439589021032624 -0.9274728077828583 0
4122 0.9026250944676171 0.78063590520672 0
4123 -0.4131222338650181 0.3874287166501925 0
4124 -0.1044945653224965 0.2399058805862911 0
4125 -0.8880396283313301 -0.3060905346181697 0
4126 0.1360459873215557 0.06085962090366702 0
4127 -0.5927165034987075 0.2052969597817739 0
4128 0.4873866059341651 -0.4340280763262629 0
4129 -0.6167139478437984 0.2999592750341704 0
4130 0.7875015153860674 0.3448560946078402 0
4131 -0.8284457497579257 0.1678817304480131 0
4132 -0.7948553584172218 0.3942716228872676 0
4133 0.7083632209635888 -0.8788071797768817 0
4134 -0.172721846984991 0.2780180126556498 0
4135 0.6487129193841661 -0.01383760189787931 0
4136 -0.1340188535953595 0.6314805660440955 0
4137 -0.1620206018600826 0.08228837187871312 0
4138 -0.4233293451344965 -0.1437945239531174 0
4139 0.3834791187809977 -0.7347780707050225 0
4140 0.3093532647566868 0.6514609514365097 0
4141 0.2350262455991065 -0.08900173173451524 0
4142 -0.25731244135455 0.3194405842954702 0
4143 0.7407353065447051 0.9409610999809446 0
4144 0.3964279044565575 0.4292355625041545 0
4145 0.2350543627962196 0.3380849991288168 0
4146 0.6265613861552251 0.5631416865070228 0
4147 0.3384578832488082 -0.8179870062883452 0
4148 0.3273513153675368 -0.4494128662029215 0
4149 0.3884274085962932 -0.6716418487011691 0
4150 0.2181566789482171 -0.8464374906134141 0
4151 -0.4933482550568072 -0.7793747230915777 0
4152 -0.09262034714079137 0.4659348454153005 0
4153 0.9409038755613999 0.7169322822337584 0
4154 0.482207735113688 0.1138129619085107 0
4155 -0.005611251477146273 -0.3664498743934233 0
4156 0.5464404257681805 0.1905695498581905 0
4157 -0.6698781571968461 0.1823575151722473 0
4158 0.3592513643458237 -0.08989289456306197 0
4159 -0.903917323504927 0.2646665515885874 0
4160 0.4889309300443845 0.0741286160838442 0
4161 0.5675457258813048 0.5540753977965287 0
4162 0.9385797203953812 -0.1295394435793914 0
4163 -0.1421962186185636 -0.3943691509045962 0
4164 0.5403460793810498 0.6872620409860465 0
4165 -0.3044670488235885 -0.02157726585443906 0
4166 0.2269031868631561 0.7595071734779961 0
4167 0.4300459782226994 0.7669274526192925 0
4168 0.5597569760565472 -0.6788473298347801 0
4169 -0.02994324651026076 0.2505866288400614 0
4170 -0.2666191163326967 0.6543062465194289 0
4171 -0.931804933515338 -0.1823781049743106 0
4172 -0.0526731840774427 -0.9461722564626343 0
4173 -0.2465217152763724 0.2287296526588614 0
4174 -0.3663316311268452 0.4068889004262668 0
4175 0.4263777109889001 -0.2162280582506445 0
4176 0.1778559137135902 0.164928950939997 0
4177 0.5286164596699331 -0.4878626759913838 0
4178 0.1406274698537845 -0.604224419130015 0
4179 0.08497778149072041 -0.4227515902361995 0
4180 -0.1237371932519285 -0.1800794429312537 0
4181 0.4043918886880816 -0.3333075513587251 0
4182 0.9757719109124859 0.1429887975625957 0
4183 0.112208331558432 -0.1458739025566235 0
4184 0.6219548402551839 -0.5881940454984207 0
4185 0.634899720592609 -0.1509012170610061 0
4186 0.8584813986062325 -0.2979320248338102 0
4187 -0.8972647127230068 0.866340508039071 0
4188 -0.08692528567645283 -0.7200485901625746 0
4189 0.9427492525821087 0.8069941467397568 0
4190 0.4903649519400476 -0.4038953101930101 0
4191 0.3738230844740934 0.3035300324924078 0
4192 0.6880272261739622 -0.2686749674684433 0
4193 -0.1416618767316827 -0.9787888932845625 0
4194 -0.1711943252333901 -0.748204425210714 0
4195 0.8115617499761407 0.5954045988627498 0
4196 0.4051899755564832 0.3171651819649143 0
4197 -0.06586236511307982 -0.5910315890272652 0
4198 0.3315368520848678 -0.1629898015854785 0
4199 0.6167320855901132 0.868797053142754 0
4200 0.697726220623146 0.4698295775436441 0
4201 0.2307988809513991 0.8709499482509087 0
4202 -0.2181351592203724 -0.1917613765132826 0
4203 0.5997961763281767 0.2852967184726894 0
4204 0.4612152398296877 0.3306994854240465 0
4205 0.359839167383363 -0.7518336919223071 0
4206 -0.4652678285686837 -0.7069152967495987 0
4207 -0.6970918631155353 0.4016930500264543 0
4208 -0.3290281449375053 0.9794217535208056 0
4209 0.5416412561704765 0.733446901467535 0
4210 0.2664244677494607 -0.6355160861533476 0
4211 0.1276750464140284 0.2812079749981318 0
4212 -0.8847383894282517 0.8930229971664989 0
4213 -0.09030556715478628 0.9421001096208241 0
4214 -0.3273465003279229 -0.9461617197668878 0
4215 -0.2604950419606244 -0.8867963832400388 0
4216 -0.2839358538787071 0.4750068676578217 0
4217 0.6809336642027002 0.4246726900785086 0
4218 -0.5426823657552542 0.1424991816946554 0
4219 -0.5326131355562669 -0.1009788714466259 0
4220 -0.7143870271283062 0.5262045744440889 0
4221 0.7177255863133745 0.7090979880013596 0
4222 0.09948487474632034 -0.624540062273951 0
4223 0.8189794541051697 -0.4532281379945502 0
4224 0.1279020149594802 -0.9267308851467164 0
4225 0.6929410297850254 0.5407763748374055 0
4226 -0.6413727075171457 -0.4866037265491554 0
4227 0.55920178856335 -0.6089003549959955 0
4228 -0.1747165101338583 -0.4848599960885221 0
4229 -0.4623997880495849 -0.539181202883708 0
4230 -0.7671279813406835 -0.04895109881488435 0
4231 -0.5141256971959121 0.5946430144573239 0
4232 0.3124432085216928 -0.1249485784161682 0
4233 0.4432267770838147 -0.9766062185135901 0
4234 0.3244116864550434 0.8143538867018557 0
4235 0.9100869237778083 0.5906552592246302 0
4236 -0.353205983802219 -0.9056294392834193 0
4237 -0.7415618227212624 -0.1832350985591086 0
4238 0.4682912009780394 0.4847381154709851 0
4239 0.9787409612763341 -0.3550127133657728 0
4240 -0.7123341128573013 0.2006229090675973 0
4241 -0.6133852633536663 -0.6551022069906619 0
4242 -0.08652397886117358 -0.7888339141335968 0
4243 -0.3270752979289965 0.8876170559048779 0
4244 -0.009702009048972914 -0.9456132463856227 0
4245 0.1978139044473949 -0.7770681799243438 0
4246 0.9317249623106809 0.1624173042527607 0
4247 -0.3861032415504471 -0.9780669077703863 0
4248 -0.3284734334773294 -0.1150133629771451 0
4249 -0.7269083041517079 0.2253810966413413 0
4250 -0.2629499984097894 0.7000813278115527 0
4251 -0.7671539923822954 0.6184385363028647 0
4252 -0.7774874679582869 -0.6971593533349065 0
4253 0.563173249301844 0.3098262795922632 0
4254 -0.728390660451859 -0.2139473584113545 0
4255 0.5123592064905612 0.7734495610770372 0
4256 -0.02134338577662375 -0.44616352890897 0
4257 0.5318505130556523 -0.1898689915499812 0
4258 -0.4735280238871457 -0.8696832216015843 0
4259 -0.7564144967855713 0.1975399955867662 0
4260 0.9339556556520001 -0.04874385177387793 0
4261 0.6244428038539152 0.0380083097532222 0
4262 -0.7820102774832567 0.1871974127446148 0
4263 -0.1295597312196518 -0.6193704986029621 0
4264 0.04084105444999109 -0.08066145549855304 0
4265 0.02410793152910761 -0.9772447532771106 0
4266 0.1642918610491986 -0.2444204511845186 0
4267 -0.5873512544927045 0.8989805983102994 0
4268 -0.1400920802783791 0.6845483816339237 0
4269 -0.9315141912228673 -0.008365732139195732 0
4270 -0.4326478465700719 0.09968029172752478 0
4271 0.7093938816737237 0.5848004868366019 0
4272 -0.6112933743487461 -0.03077873690270075 0
4273 -0.1187824522902366 -0.2830455639810281 0
4274 0.666209529830776 -0.9438701840142786 0
4275 0.9799581912824886 -0.7791404595477209 0
4276 0.1156668047534058 0.01833152909635246 0
4277 0.2451714407633521 0.1650435610740988 0
4278 0.797749897843652 -0.4110511618312087 0
4279 0.874360579333251 -0.6583508115283401 0
4280 0.3563578414644613 -0.9105019746609753 0
4281 0.9336248279717926 -0.02173092609076101 0
4282 0.1111412374760459 -0.9761295580577801 0
4283 -0.1089538180180307 0.83014216159048 0
4284 -0.580189673141991 0.7572713458617996 0
4285 0.09193858997337584 0.1279514141683641 0
4286 -0.714429417966127 -0.02264210396671958 0
4287 -0.0336254035392224 -0.6757636873992645 0
4288 -0.7427246980535064 -0.05494021205343235 0
4289 0.01671494595741301 -0.8984877780701321 0
4290 0.5272127641669571 -0.8381344735635061 0
4291 -0.3131722027556049 -0.1546293640952526 0
4292 0.1597754807005551 0.9062223079255466 0
4293 -0.2257813533784038 -0.7447179309416322 0
4294 0.2973094314524817 0.1107611111050208 0
4295 0.389401455889244 -0.02136156681599899 0
4296 -0.3751233362666934 0.01295088591188309 0
4297 0.26780244051069 0.9769864223753264 0
4298 0.4149532648833894 0.5836540613988881 0
4299 0.6510418331014973 0.5202265857170099 0
4300 0.5152720296152714 -0.7911914509427541 0
4301 -0.4047678922743848 0.02323856173940935 0
4302 -0.2888266461287312 0.9177518609087502 0
4303 0.4523053838298829 0.1014464692828618 0
4304 0.4616904425370965 0.07398344306175508 0
4305 0.4069038669955183 -0.7725588444715369 0
4306 -0.7008111252441592 -0.4615013352856047 0
4307 -0.1517944157980134 -0.8514811711177988 0
4308 0.4989821949671963 -0.5697069006643738 0
4309 -0.7153266848714097 -0.8104349612385154 0
4310 -0.8180116498844078 -0.724203686297924 0
4311 -0.2028455956112241 -0.1065007455884867 0
4312 0.01838532478216735 -0.8294741909213698 0
4313 0.6005470528584869 0.3326231493928061 0
4314 -0.1732614500813717 -0.8641521140333621 0
4315 0.9061736026587797 -0.6215118521078996 0
4316 -0.5420338700866612 0.3191079945463866 0
4317 0.626084148702306 0.3281383647767681 0
4318 -0.9449367164685947 0.3452899687015175 0
4319 0.06022231696069004 0.2223902335262648 0
4320 0.6391861647774145 -0.3557563056444402 0
4321 0.02778610637414574 -0.8542578525932168 0
4322 0.1117084749378064 0.482564636749628 0
4323 -0.9751870553670017 0.9751870553670297 0
4324 -0.137645602612658 -0.09714797981057464 0
4325 -0.4829878358147519 0.1096140005604552 0
4326 0.4996581848569593 0.861561219172277 0
4327 -0.6859176195573689 -0.3828564640441849 0
4328 0.7493693121752352 0.09227999588211595 0
4329 0.0944030635080504 -0.1861275112157526 0
4330 0.1284884440100741 0.678478621451178 0
4331 0.1414608215330713 -0.2630991797479194 0
4332 0.3839154429317031 0.2757399149588217 0
4333 0.2723982886872915 -0.1159960546902064 0
4334 -0.3953019079783932 -0.740091536921384 0
4335 -0.1842836021846816 -0.4143351384657105 0
4336 0.9784387635486393 0.8951377343940856 0
4337 0.06077627668560188 -0.5371189966686717 0
4338 0.9796043857415622 -0.02985074627134909 0
4339 -0.546748053553952 -0.2377907315646891 0
4340 0.6100406465235244 -0.9081872467945483 0
4341 0.000520384183631399 0.9770929367447652 0
4342 0.9422494826126264 -0.3763389791174749 0
4343 0.5186244915134791 0.8991418616220211 0
4344 -0.7408195984969755 -0.8151149804696385 0
4345 -0.4209048531634007 0.6663653628050562 0
4346 -0.2312789252403449 0.6179552787402192 0
4347 -0.247522393201506 0.3988623323754116 0
4348 -0.9799223981575932 -0.6293773554279239 0
4349 -0.7331509517185084 -0.7039633688959418 0
4350 0.36041785889202 -0.3045916447566212 0
4351 -0.2143882352643259 -0.6156130266088703 0
4352 -0.6718002436445966 -0.3056426937016396 0
4353 -0.9343392441340864 -0.4586542916822324 0
4354 0.3870576293265918 -0.2961573125237036 0
4355 -0.3562109333611754 0.2295627506144428 0
4356 0.4966327454172507 0.9122167265417591 0
4357 -0.3806966692792728 -0.7984233857243394 0
4358 0.3303362066290254 -0.5187921305165877 0
4359 0.9273541606159217 -0.9471112496908126 0
4360 0.6325067861253902 0.37117291193145 0
4361 -0.05373181325616851 -0.08173723595637016 0
4362 -0.6447618422775155 0.2663283804789747 0
4363 -0.5534077727219375 0.2747121550324221 0
4364 -0.6715920784109026 -0.5212999802766967 0
4365 -0.06025055091066691 0.6184264014237497 0
4366 -0.8212977714262197 0.8338170268620985 0
4367 -0.3310944672073289 0.8552799164479959 0
4368 0.5478145634962062 0.01787228571752144 0
4369 0.7021516542683806 0.7972951165146455 0
4370 -0.2472237798524556 0.7199723303927703 0
4371 0.8987506217888659 0.9332126599107123 0
4372 0.5753078114064747 -0.06899719701153462 0
4373 -0.6887025838279289 -0.5011672439671763 0
4374 0.9768044640539691 0.3518678027777867 0
4375 0.776188478499952 0.6632086058157012 0
4376 0.658180018358263 0.9435094198291277 0
4377 0.9475577417788401 -0.8124914197090637 0
4378 0.08779838852779664 0.912708768491757 0
4379 -0.917731237081813 -0.9403039789230441 0
4380 -0.3918723047868445 0.6252918025912082 0
4381 0.6990575732324738 0.8842577079092928 0
4382 0.4262434361106363 -0.6050490620776758 0
4383 0.5829452244958113 0.7522699999524977 0
4384 0.1727273477046841 -0.9113217076445504 0
4385 0.7038546816106486 -0.6673694996356427 0
4386 -0.572661684879526 0.1053932091665608 0
4387 0.1609742142272501 0.02510409406976286 0
4388 0.4263764464438613 0.0515514377387347 0
4389 -0.7511812481523465 -0.7857844189836312 0
4390 0.7675284211279607 -0.374216406127555 0
4391 -0.885596352680148 -0.2761418586880632 0
4392 0.6759756760098021 0.2782315352607335 0
4393 -0.7846634124497331 0.5514918815341077 0
4394 0.229878248037522 0.913317985356167 0
4395 -0.7964714347327025 0.2784793985855022 0
4396 -0.01220062476069291 0.631020610964791 0
4397 0.1755036533826316 -0.01044057913608526 0
4398 0.6304217940859191 0.8192519938255876 0
4399 0.5108078220476528 0.59442188392989 0
4400 0.3147730800194215 -0.2818489122907992 0
4401 -0.7734792678125879 0.7218600353195869 0
4402 0.04561587016608086 0.8777188170634824 0
4403 0.4332173200280176 0.7153580494241047 0
4404 -0.1315123237732614 -0.8894382168240955 0
4405 -0.1482696809868538 0.7111851069124758 0
4406 0.04628697259198097 -0.9390213182542015 0
4407 0.8998314930075262 0.6311517127966273 0
4408 -0.4335519643088256 0.3025065843993372 0
4409 -0.9772409513079785 0.8882937911661339 0
4410 0.6545114633342015 -0.8985418883460241 0
4411 -0.854462186288668 0.6303728719029901 0
4412 0.9453533000070612 -0.6774193230829469 0
4413 0.091641763076103 0.5609871007364439 0
4414 -0.8080605189010724 -0.4564804478744315 0
4415 0.2078676630289858 -0.4915480688210792 0
4416 -0.613018320275724 0.9497745874731047 0
4417 -0.5832149146769029 -0.2633069733714639 0
4418 -0.4539913128486407 -0.8429829264866995 0
4419 0.1179959357828733 -0.734209654588861 0
4420 -0.8873873387978036 0.2905252491730681 0
4421 0.2697902311868834 0.002193560961037963 0
4422 -0.8524226866485152 0.3222941237857133 0
4423 -0.9389534693072615 -0.251879619650954 0
4424 0.7210511960781507 0.4547613185758979 0
4425 0.6758752952973386 0.4569125003664051 0
4426 -0.07826935111852237 -0.3077595699024657 0
4427 0.821464574879133 -0.3562371694672112 0
4428 -0.5227674399265858 -0.5190018817987428 0
4429 0.4727271166123022 0.7864921405129693 0
4430 0.1964352805835465 0.3867147037425187 0
4431 -0.7860021194945118 0.8356561118652485 0
4432 0.8574560292649396 0.7866851044440694 0
4433 -0.975493419252553 0.5175804315844516 0
4434 0.1322330500226465 -0.6278305707180898 0
4435 0.6501133927778457 -0.1037794066297049 0
4436 -0.1574128401274812 -0.1475594187732714 0
4437 0.9295355335122034 0.2421297255756289 0
4438 0.3493355671308168 -0.8663277407728446 0
4439 0.295130885490916 0.4340147955989764 0
4440 -0.1663844508840736 0.7601559747537059 0
4441 0.2587707527956455 -0.5240688353368024 0
4442 -0.5514543029665272 0.8254390418167172 0
4443 0.9055542877842161 -0.5347714947140488 0
4444 0.6769179558968104 -0.6750891041818516 0
4445 0.2495326852437476 -0.04912817450653321 0
4446 0.5338385179351557 -0.07458865826324519 0
4447 -0.2878654603888374 -0.3212633090681719 0
4448 -0.4011264695475123 -0.6975381718027451 0
4449 -0.02454137543785367 -0.6258483520740917 0
4450 -0.4706471533327555 0.4753825785236523 0
4451 -0.6535979891068598 0.7083489925242654 0
4452 0.8834611299245674 -0.1847459526886684 0
4453 0.8413405908325751 0.8696476641037835 0
4454 -0.9054382264524508 -0.8378145095244586 0
4455 -0.7661911374546773 -0.438837703313507 0
4456 0.6660506485637741 0.2311497657300079 0
4457 0.7529774083749233 -0.712987245382115 0
4458 -0.6897622398223264 0.5337740818387127 0
4459 -0.08534123126083704 -0.8325463417716663 0
4460 -0.9351571716941997 0.1821753440393465 0
4461 0.2258414590265858 0.03243203491117732 0
4462 -0.0537447800508602 0.673149941104322 0
4463 0.2751863600368828 0.764847871067134 0
4464 0.3489615958780881 -0.7018911912718198 0
4465 0.5326670851221368 -0.6866446613078808 0
4466 -0.1525587182575917 -0.9391817443368846 0
4467 -0.4984407558873567 0.39443502435838 0
4468 -0.8083142952109204 0.8739912945280957 0
4469 0.8570642184312495 0.7199410249766954 0
4470 0.1172447869014022 -0.5623722632317226 0
4471 0.09292958065993835 0.05706677523460028 0
4472 0.5744560073196556 0.6019884311496796 0
4473 0.9769893375623337 -0.2382384846034286 0
4474 -0.0679123024356503 -0.519419869376629 0
4475 -0.2813787543173281 -0.444887103702205 0
4476 0.2542525537910888 -0.2862071093299971 0
4477 -0.2727557023715919 0.5216581570662565 0
4478 0.7309501547531188 0.01433531503838133 0
4479 0.8877565018218065 0.2778914046325491 0
4480 0.2789147894267835 -0.7311490887679497 0
4481 0.2743104990814673 0.2080970050765741 0
4482 0.06977181176315674 -0.8340009693999433 0
4483 -0.05925181393429604 0.01796995519080055 0
4484 0.8841362644950361 0.5069907205361613 0
4485 0.175662728540115 -0.4681947303445467 0
4486 0.5061370745631038 0.8138752447579202 0
4487 0.2559803664188107 -0.8104140938364245 0
4488 0.07663225222909301 -0.05616523602021713 0
4489 0.4108086537888272 0.07850377286962273 0
4490 -0.06132023750290245 0.9317794134996532 0
4491 0.3079881733850927 0.3895220619347103 0
4492 -0.6317735139933306 0.4800893722271923 0
4493 0.8148833332640624 -0.6864732733917768 0
4494 0.107248274635445 0.8495897864498827 0
4495 0.1964085944757183 0.7961772907262713 0
4496 0.2107096352214731 0.9774321764056566 0
4497 0.6847374347008056 0.651953604816068 0
4498 0.4747862331169 0.8286150688933446 0
4499 0.05890892209059331 0.6436849890851208 0
4500 -0.6370214042424448 -0.6201250024435485 0
4501 -0.8716673894787692 -0.5290736904997968 0
4502 0.2853198099089955 -0.1761082313583682 0
4503 -0.7542395291683779 -0.2285334132739207 0
4504 0.07847137885118494 -0.004555380272305761 0
4505 -0.1207823379016044 -0.1143302527089682 0
4506 0.3428992529094003 -0.4902024354858995 0
4507 0.2034871400261045 0.02768884900845596 0
4508 0.2661955668617343 0.04761174157765597 0
4509 -0.5926105688542327 0.6034768071137303 0
4510 -0.4146805684624253 0.8166551257414084 0
4511 -0.4192118475559183 -0.06402586748135863 0
4512 -0.8114648763342075 0.8972538722703789 0
4513 0.1736132336722231 -0.7388406291837765 0
4514 -0.1297376289575635 -0.1384893645332809 0
4515 -0.6648811132928822 0.1120561188797244 0
4516 -0.4847413846680797 0.2083537402984785 0
4517 0.1426507713743546 0.9805235740658539 0
4518 -0.5480025155100386 -0.07946167908356848 0
4519 0.354710743065841 -0.2612287634837005 0
4520 0.3723517258510179 -0.5321083048141142 0
4521 -0.1955455399883174 -0.1804592099731137 0
4522 -0.7109663559567003 0.8003814000477356 0
4523 -0.4052106394720568 0.3335905237859413 0
4524 -0.7705637638452787 0.1222210398713484 0
4525 0.9767159241207747 -0.8861619477547035 0
4526 0.2626145669160797 0.08665583357640309 0
4527 0.5020373182313986 -0.06458907933693575 0
4528 -0.6231279087203937 -0.2996620187451715 0
4529 0.2607507410161385 -0.3315481320997321 0
4530 0.5660668380732965 0.4328488011287663 0
4531 -0.4479355133512966 -0.5643873263925098 0
4532 0.6163779918864163 0.6784899725260012 0
4533 -0.1697470054069098 0.3930566783863327 0
4534 0.2887427364051641 0.08916969187441259 0
4535 0.4296239904827947 0.796862407012346 0
4536 0.7385741985835733 0.2602604538122955 0
4537 -0.4369800518213643 0.9206661435415073 0
4538 0.009983822903886767 0.1691682460516749 0
4539 0.3438593892192686 -0.01924484876822807 0
4540 -0.7997448681524687 -0.3124832399971447 0
4541 -0.4477806956136424 0.1781645592183336 0
4542 0.938958681563232 0.2231919114460715 0
4543 -0.3770523340521638 -0.8429637667435987 0
4544 -0.1500023152721158 -0.5966797679207413 0
4545 0.5298897848060884 0.4070352483541181 0
4546 0.4291460392149729 0.004582760467172358 0
4547 -0.5286840279803937 -0.1891963373768047 0
4548 0.5046052014881739 0.2686345705961338 0
4549 -0.05719379448764291 -0.4122517718644315 0
4550 0.7525036327273026 -0.4150693861258415 0
4551 -0.342520453092384 -0.5826726512471526 0
4552 0.9795752587691432 0.6282720254175294 0
4553 0.1394689231460109 0.2327639086958975 0
4554 0.8124737325226798 -0.8171494707979637 0
4555 -0.01091209923541737 -0.8315285369325864 0
4556 0.7962163272424008 -0.7774655037663603 0
4557 -0.5461480320785409 -0.02889756231834132 0
4558 -0.4976354047439565 0.4806963824363114 0
4559 0.7175512848981704 0.2987346182582083 0
4560 -0.02597730175005205 0.357280916791326 0
4561 -0.615407532145526 0.04692915401114563 0
4562 -0.5031536727487808 0.6226266209260173 0
4563 0.1700237294193663 0.5694916489410438 0
4564 0.6057438439087948 -0.8397291714448043 0
4565 0.8452348296074529 -0.03984271655678664 0
4566 0.4854182766165589 0.5516538313477556 0
4567 -0.5831145607756805 -0.09715754095833451 0
4568 -0.6939365255671088 0.2514867531933354 0
4569 -0.6925658681849682 0.6864269897377635 0
4570 0.2805486354393729 0.4739421161266314 0
4571 -0.1004221002191141 0.4127609389773937 0
4572 0.7933353060173676 0.3697337759704261 0
4573 0.9745405698982215 0.842091866432733 0
4574 -0.1347781544857376 0.005811069928411065 0
4575 -0.2556159088011122 -0.7539630116574424 0
4576 -0.9461502647148108 0.9297461868601508 0
4577 0.4096283845422195 0.8692078233642905 0
4578 -0.1854412714795042 0.01449389136828719 0
4579 0.980043986104683 0.7767188708859811 0
4580 -0.7635736170552818 -0.2991377756950056 0
4581 -0.01868176565806661 0.1658905401280433 0
4582 0.06228625268196127 -0.2613218955990876 0
4583 0.7202722955812995 -0.1869590215923488 0
4584 0.1371296772076906 0.03531860273920363 0
4585 0.1308503949979591 0.5532219177460208 0
4586 0.7248025442484329 0.1195338458173856 0
4587 0.7902619917339294 0.8293645487908773 0
4588 0.4565060651730706 -0.04175085488604949 0
4589 0.9248984589463441 -0.5651147808353614 0
4590 -0.5654398528151088 -0.6716815960611071 0
4591 -0.6120267195035063 0.5553340143481148 0
4592 0.1743296509423722 -0.404093918488603 0
4593 0.9396924730827743 0.5627236263288042 0
4594 0.3505516196868944 -0.3717166777509511 0
4595 -0.9289021035468557 0.8017510471926019 0
4596 0.8079067674518803 -0.945797050444624 0
4597 -0.5668625452231266 0.446278321574142 0
4598 0.7921344528734462 0.091942983081788 0
4599 -0.2285033087288321 0.05279379921586765 0
4600 0.1614289423748506 0.07432050301857138 0
4601 0.01636785721967417 0.9062963523923089 0
4602 -0.2369511411033968 -0.04178786111221654 0
4603 -0.8161988754771379 0.2963917344571744 0
4604 0.1344840191146441 -0.4877315833552078 0
4605 0.5460693889279935 0.22185126028851 0
4606 -0.2819020136506857 0.5892048618470237 0
4607 0.8915192689699308 -0.3093802073058146 0
4608 -0.94257509534755 -0.6583806132543614 0
4609 -0.5603155040484267 -0.5402197675207939 0
4610 -0.8337646489485621 0.9080416226472862 0
4611 0.7214222059049318 0.5321733503812502 0
4612 -0.6693166909461787 0.5096970774298732 0
4613 0.6818393358448409 -0.2975828760595525 0
4614 -0.2193550607967173 -0.3718192598739029 0
4615 -0.5832312217816981 0.9460893507342042 0
4616 0.01285621857537056 0.2329639357738146 0
4617 0.8350196436600976 0.2270677808001955 0
4618 0.3185314159328685 0.2961201260857953 0
4619 0.6302404094577454 0.9794768754282834 0
4620 -0.6208107537105342 -0.7847241205864549 0
4621 0.5191598892384758 -0.6453385837023339 0
4622 -0.2146734820112865 -0.3070732620375214 0
4623 -0.4124857085469155 -0.2493213327705765 0
4624 -0.8948305879215996 -0.9789730516753422 0
4625 0.7749046420875472 -0.5357021457984616 0
4626 0.9004016083768716 0.1516904718199688 0
4627 -0.2531417715046567 0.4444072018242345 0
4628 -0.7824335726890336 -0.7206796437239366 0
4629 0.9377387902460897 -0.8385974760166752 0
4630 -0.3719839667451543 -0.2371455624767846 0
4631 -0.3056562985857613 0.5208053826063513 0
4632 0.4481501629029357 -0.4019643718353965 0
4633 -0.6836436887995361 -0.4771229615029586 0
4634 -0.2517081272938549 -0.6359970770611555 0
4635 -0.9791407616759127 0.204578935403143 0
4636 0.4923860213360682 0.4435780692231186 0
4637 -0.2116325205578757 0.3723316358030466 0
4638 0.2329371961846962 -0.6657670389664605 0
4639 -0.8806711148787132 0.06193340420789809 0
4640 0.8030303185689909 -0.8632988308674887 0
4641 -0.5847024660749398 0.3382854933253497 0
4642 0.6992309876988255 0.2332361198747745 0
4643 -0.1907568604075564 0.4164832101066874 0
4644 0.5426941769087336 0.6395934510395839 0
4645 -0.901109229983026 -0.6768855885264473 0
4646 0.005804023379878007 0.5272670486181674 0
4647 -0.4936070257147553 -0.2592483716574499 0
4648 0.8642998440227274 -0.4644473083966656 0
4649 0.6276439753855173 -0.5116159522425802 0
4650 0.3753714479304783 -0.3838086378845742 0
4651 -0.3975017766814753 0.8910485881344967 0
4652 0.8939899033219787 -0.9413436225030727 0
4653 0.422118637647501 -0.2640859461529248 0
4654 0.4849452520842687 0.1980469437997183 0
4655 0.6665141282961651 -0.6305407014123529 0
4656 -0.4967673945015852 -0.07854548666406916 0
4657 -0.3006127974586469 0.4489839885227892 0
4658 -0.4833616152043813 -0.220462478204332 0
4659 -0.811344374417561 0.9466580973840963 0
4660 -0.05182184427192217 0.573770340818344 0
4661 -0.9122099474670388 0.6373338259354761 0
4662 0.1139541532979339 -0.431317538353219 0
4663 -0.9158370352259848 0.3920735701566265 0
4664 -0.5497843461454257 0.1715756590934892 0
4665 -0.7360054956753403 -0.9016253488147288 0
4666 0.1923694668470285 -0.5351169453279759 0
4667 0.4105041518436501 0.545195611827026 0
4668 0.9080701496142387 0.1960403603929398 0
4669 -0.6744332331648861 -0.9451953916205272 0
4670 0.7775762329871191 -0.5677676937027526 0
4671 -0.715755033591436 0.6855735205264378 0
4672 0.5698964856583348 -0.3227555816004941 0
4673 0.6313022388442147 0.6548369101711559 0
4674 -0.51937192758471 -0.5508624236435206 0
4675 0.7930670468157729 -0.9071365850643512 0
4676 -0.3250889159895345 0.4068646220789777 0
4677 0.7962923978143712 0.5077335847713099 0
4678 0.8049831601107462 -0.07051262215725573 0
4679 -0.6172682492677898 0.7885107158121233 0
4680 0.641256618291836 -0.2562781531181543 0
4681 0.8286901100263002 -0.07994324258436293 0
4682 -0.07833730247110328 -0.1766061111153344 0
4683 0.9090828022203887 -0.08714672415025226 0
4684 -0.6980616739220137 -0.005471917958542925 0
4685 -0.9442764667868893 0.01229736885588778 0
4686 -0.90520168000299 0.111503148611259 0
4687 -0.7250821673931072 -0.9421324599928315 0
4688 0.3426002184851283 -0.284531644722574 0
4689 -0.5388858168466313 0.3443158877309077 0
4690 -0.8858311807259039 -0.6017366214137735 0
4691 0.6152772875918144 -0.2417278447052821 0
4692 0.6971913328935485 0.6916484570543295 0
4693 -0.6974862678116955 -0.2070777996665855 0
4694 -0.7569546102422905 0.3226989773296547 0
4695 0.5874122895188334 -0.04539634167490599 0
4696 0.351049629492752 0.7459153274177253 0
4697 -0.872660769564944 -0.2232712752070622 0
4698 0.8652605519574371 0.8356814550349905 0
4699 0.06978141063628537 -0.4465221886072149 0
4700 -0.006657868891105819 0.848431146575781 0
4701 0.941970904293732 -0.7606969251230444 0
4702 0.5721133820049875 -0.4829958690856254 0
4703 -0.2486347091865918 0.8982244174088138 0
4704 0.3856973305724294 0.979698620023992 0
4705 0.1921684599770826 0.5770000821513512 0
4706 -0.8040220994779474 0.7351433379124744 0
4707 0.7779634252407153 0.4926181909634497 0
4708 0.1508013872230797 0.6105536158102746 0
4709 0.9132971155784333 -0.379586014640845 0
4710 -0.3369636497090888 -0.863556453471963 0
4711 -0.9204657668038208 0.4706949460007555 0
4712 0.1848327325519671 0.06337842744035607 0
4713 0.9455145168967665 0.1391141909103282 0
4714 0.3759115902096223 -0.6291169895588733 0
4715 0.7708068545871414 0.5401890904921904 0
4716 -0.9784042767249468 -0.6906697410622935 0
4717 -0.1830019553050681 0.7885148547743265 0
4718 0.09143357376757019 0.1621021692315832 0
4719 0.5576465330781629 0.2709993429410201 0
4720 0.4795049387922115 0.6681095433936515 0
4721 0.9220820540089933 0.9414910357152527 0
4722 0.3328744387166968 -0.978664368359299 0
4723 -0.1826749197215373 -0.9787122031988728 0
4724 0.633224149346319 -0.9762619469790286 0
4725 0.7308364324822129 -0.2829376116695378 0
4726 0.04756009621627517 -0.8947298620808546 0
4727 -0.7995203217198266 -0.6808633161876351 0
4728 -0.7321268475835407 -0.8580539269762263 0
4729 -0.9189332938117674 -0.1088443333772688 0
4730 -0.2710816582667798 -0.085892683732525 0
4731 0.6203966276787076 0.2416659124600267 0
4732 0.3692216242063285 0.853239588831107 0
4733 -0.6641247239791035 -0.03349121572983657 0
4734 0.6203495376432872 0.2175362947476545 0
4735 -0.3318749746863576 0.3687550143220546 0
4736 0.8973752399330577 0.9797025668028656 0
4737 0.3567377972130453 0.5454152729051064 0
4738 0.2859355962725034 -0.4469653813083426 0
4739 0.8792036836437664 -0.8129991420530678 0
4740 -0.234091996645143 -0.2655556037075339 0
4741 -0.00803870812201582 0.5514957825917983 0
4742 -0.2756548307971546 -0.05493306513533645 0
4743 -0.06550996559803024 0.5009606635892392 0
4744 -0.01882838151808016 -0.1304087251911522 0
4745 0.2402536286401019 -0.9202024893924073 0
4746 0.4547930756839366 -0.5157007088274975 0
4747 0.6738347003585303 -0.5611364452085588 0
4748 -0.1704590650971689 0.1993134414048416 0
4749 0.1365032020593204 0.637707401482127 0
4750 -0.5105227277391964 -0.5990364889436836 0
4751 0.5451936824078709 -0.5137272607599499 0
4752 0.3009279523417369 -0.7205301039491143 0
4753 -0.3639640609536796 -0.5162008839810087 0
4754 -0.4402813631661502 -0.8962857425220969 0
4755 -0.1022468612561593 0.002643133614608226 0
4756 0.3255570674224758 0.7093805162822666 0
4757 0.3257277359926178 0.4651728984152367 0
4758 0.7093770957467722 -0.7122420462416136 0
4759 0.8112124948230428 0.3292897440635131 0
4760 0.8762703590297731 0.7505258256373339 0
4761 -0.7886888656111861 -0.8045421331331178 0
4762 0.7484888748025278 0.6746207919585732 0
4763 0.3810620988914746 0.8937836388597544 0
4764 0.1049403591623958 -0.02442654927262227 0
4765 0.483103835270631 0.5098818703526151 0
4766 0.7854855824325904 0.1593184587746689 0
4767 -0.0130303108221004 -0.8668986455122556 0
4768 -0.7863318952170093 -0.5636873647039378 0
4769 -0.2197794597587318 -0.5350693446655015 0
4770 -0.2099060383085023 0.9818372561662803 0
4771 -0.1749227599912856 -0.07647002730429006 0
4772 -0.5901301982029451 -0.8405447551588835 0
4773 -0.2531942239152963 0.1873213655608359 0
4774 0.6677734145133944 -0.7371292829505923 0
4775 -0.7434182075563447 0.02329006346081478 0
4776 -0.3994127728007535 -0.1123210740089696 0
4777 0.7912496636001282 0.2542575621830839 0
4778 0.835464519044224 -0.2715761768220627 0
4779 -0.5284829080665165 0.1863829140381306 0
4780 0.6689297505875631 -0.06337909178755578 0
4781 0.2081866346458061 0.1918616021458144 0
4782 0.856138399259741 -0.2519345193919876 0
4783 0.9417162548841088 0.0606601338372336 0
4784 -0.5042733126879497 -0.9398172230254979 0
4785 0.8151447436148728 0.2616026686329309 0
4786 0.9475538150016111 0.01906501303723612 0
4787 -0.6262976555180431 -0.712956692460701 0
4788 0.4737347811708034 0.02675544201399993 0
4789 0.7238641013163896 0.5069379666230966 0
4790 -0.7854976703361669 -0.5232459396219722 0
4791 0.868213494072169 -0.09932550897802661 0
4792 -0.4431441075753259 -0.9783841540781735 0
4793 -0.3273801260933449 0.4517780646710601 0
4794 -0.05680978206070134 0.7815301342454569 0
4795 0.4778453730938495 0.715454799640849 0
4796 -0.6808915336464765 0.07067684111115936 0
4797 0.1955338233214755 -0.866152255517566 0
4798 -0.08909137435868278 0.8939254992810585 0
4799 0.7685061226494359 -0.8744193926223387 0
4800 -0.4765101833857404 0.9806837803160353 0
4801 -0.7844893964858479 -0.4798060411592229 0
4802 -0.9059930711930537 0.03503613164339557 0
4803 0.8451757426529996 -0.8834224906335124 0
4804 -0.7619108292671604 0.4247755258080914 0
4805 0.771498729111713 -0.6203026134300199 0
4806 -0.8714173918639136 -0.3488691040314282 0
4807 -0.7330458771034585 0.4546975666624383 0
4808 -0.4817551498761856 0.8358638115682746 0
4809 0.5607015158742341 0.4616188976797143 0
4810 0.3991142875735431 0.5654948583485306 0
4811 -0.8553247896179752 -0.8309044606302031 0
4812 0.8886497926526744 -0.9754922242361241 0
4813 -0.2288451939927149 0.2888289055562185 0
4814 -0.316201292702091 -0.464786596680391 0
4815 -0.07842321627540949 0.7381786455070509 0
4816 -0.947438798661562 0.6903902126510557 0
4817 -0.9766700450479036 -0.8971108908459746 0
4818 -0.8798295629468007 0.6701735194803446 0
4819 -0.5234103369941198 -0.2318682225985945 0
4820 -0.8358076489446028 0.08291737909435633 0
4821 -0.8433202534704858 0.1287409456038895 0
4822 -0.07004546728946753 -0.4922784235977547 0
4823 -0.4573413130242809 -0.08126912734712971 0
4824 0.626766887042518 0.6991973981073726 0
4825 -0.05895138939073556 0.9783467041742011 0
4826 0.7000189653649578 0.4953330899805143 0
4827 -0.3552045935395207 0.9462168382871456 0
4828 -0.1621905780725318 -0.9016538062060764 0
4829 0.1447611356096209 0.3296755376750812 0
4830 0.9813410557842929 -0.2985074626885145 0
4831 -0.3986210348311678 0.5298185754591856 0
4832 -0.8879638740452303 0.9767546738995341 0
4833 0.7487997685670343 -0.4945556601188003 0
4834 -0.4929075677010086 -0.5640500910347575 0
4835 -0.3224610440218657 0.02714836550385593 0
4836 -0.06668370980046492 0.8562673334834424 0
4837 0.7577219064941404 -0.1304161741849492 0
4838 -0.2056312745834767 0.2144353974996939 0
4839 -0.98095319923164 -0.09018271510579579 0
4840 -0.8903288245926507 -0.4513363459542351 0
4841 0.2424820596887071 -0.8795084761797617 0
4842 -0.6399607801717586 0.2192522516218182 0
4843 0.1029386322524309 -0.05002475171919296 0
4844 0.6681186963162244 0.7238666696742803 0
4845 0.2565209710928541 0.8658469120774892 0
4846 0.175144691116219 0.6160565136694535 0
4847 -0.5056784732316262 0.1703252147885963 0
4848 -0.9381528056203117 -0.07360390462251709 0
4849 0.7699095386196906 0.1086590292569986 0
4850 0.5628782292743406 0.3921426234623878 0
4851 -0.1337211376364039 -0.5319354202855642 0
4852 -0.6586836457724743 -0.1041993542378853 0
4853 -0.4026413250554943 -0.2093397531253716 0
4854 0.151038474090201 0.9376103971595364 0
4855 0.5625520618280515 -0.9760046545784735 0
4856 -0.3675403062889027 0.868661795894644 0
4857 0.3464066520356144 -0.04532585592213596 0
4858 -0.1715392123711089 0.4445898199153239 0
4859 0.9423035322356323 0.4423290128897356 0
4860 0.3180397810656319 -0.01142327323508588 0
4861 -0.3076844798473274 0.3311389472163096 0
4862 -0.8076342955298931 0.4371110624365244 0
4863 0.1826484738573418 0.979114270284091 0
4864 -0.450780790139696 0.7686989634336114 0
4865 0.06551519447771194 -0.9780483700561886 0
4866 -0.3271657744074113 0.9320367859452352 0
4867 -0.8435276085674115 -0.2834220690690845 0
4868 -0.3344949078935329 -0.8222113484317062 0
4869 -0.9779602863933924 0.6595921751975083 0
4870 -0.5650882575559741 -0.04413532472016841 0
4871 -0.3692994544076265 0.2593489217722263 0
4872 0.05285491814495469 0.2502592606397448 0
4873 -0.7152709816863159 0.617561465465311 0
4874 0.5769838073260505 -0.4446856560554703 0
4875 0.2105150448951283 0.5610517667025949 0
4876 -0.2084546071905865 -0.4514240326325302 0
4877 0.5169330628075272 0.731552128612373 0
4878 0.08170956580970361 0.6883302829387941 0
4879 0.08041911743716339 -0.9161979273873719 0
4880 0.4687320339268657 -0.2328066359474085 0
4881 0.4320742473611828 0.4522061000154779 0
4882 0.4407319124846211 0.977610494970631 0
4883 -0.6902048279445985 -0.6975698890468209 0
4884 -0.04331912985658914 0.8641748776333644 0
4885 -0.3401311203942961 -0.04288836277308017 0
4886 0.6208682817289886 0.6065489822166903 0
4887 0.8588647780837527 0.4302283534471252 0
4888 -0.907690730644244 0.07628374548354887 0
4889 0.9376799374673256 0.6423649335671308 0
4890 0.3612199810533769 -0.8267446033511273 0
4891 0.6980336897318429 0.1957407691384551 0
4892 0.8769526359994161 -0.7846915207470012 0
4893 0.5196878128985859 0.3130682441179125 0
4894 0.06395055772910395 0.07526800087958087 0
4895 0.1517301012918669 0.740695006593314 0
4896 -0.1946185578001 -0.373832978224248 0
4897 -0.4625559776550286 0.4139246707406758 0
4898 0.04218234248238589 0.9013504312827872 0
4899 0.9500510399317981 0.6008619397659208 0
4900 -0.8095068354015129 0.7843247680780525 0
4901 -0.7068699599841525 -0.9769367151949141 0
4902 -0.3735945868412067 0.07977021220426569 0
4903 -0.5013334437869297 0.6971779660472356 0
4904 0.01577963253588975 0.3470047225167988 0
4905 -0.620774873346666 -0.8657100586824584 0
4906 -0.473527843768916 -0.7325435843940558 0
4907 0.4670412783320296 -0.9003901078396954 0
4908 0.06460841020934582 0.5535635170027335 0
4909 -0.1636263439458058 -0.7059455266277759 0
4910 0.320794499069298 -0.7792355700715913 0
4911 -0.6335187935051878 0.8677635124916716 0
4912 0.5830363936729324 -0.8301473415325019 0
4913 -0.3952870496166667 0.121936100911458 0
4914 -0.8100585533612153 -0.8152039818149999 0
4915 0.8664138058171025 -0.5137457285141308 0
4916 0.4697569720092248 -0.3894946465322087 0
4917 0.5067739890838885 0.2021317283629833 0
4918 0.5409514919503147 0.7755744272873466 0
4919 -0.1083964466157187 -0.4611851515391711 0
4920 0.7948640128710154 -0.1154325949455801 0
4921 0.7081660350183001 -0.500227698374734 0
4922 0.1374148653322713 0.8943826654961125 0
4923 -0.4445355506270449 0.7454020209641024 0
4924 -0.5657148492016023 -0.9791893511019165 0
4925 -0.6890310675389346 -0.05152418026977697 0
4926 -0.9781814394174979 -0.01896416666932414 0
4927 -0.6514124874228578 0.6700460970759641 0
4928 -0.9379694844478652 -0.5009154114513203 0
4929 -0.5109701495685804 0.08151453337041885 0
4930 0.430973771563774 -0.2897186324847116 0
4931 -0.2990156438396732 -0.400348052944587 0
4932 0.2386434834622023 0.6359734576254509 0
4933 0.524579396267126 -0.5771727575703436 0
4934 -0.7877918225087543 0.5088393829113295 0
4935 0.9086752879820015 -0.01131283880450881 0
4936 0.2361839304007002 -0.2115676883375469 0
4937 0.1050785750551133 -0.6722860553314551 0
4938 0.5166429108081627 0.6883941485993004 0
4939 -0.6228049145670771 -0.08615762614305492 0
4940 -0.04140437614921934 -0.5884795946084054 0
4941 -0.6820590232213594 -0.4270457018911583 0
4942 -0.397452799427199 -0.8852328007404692 0
4943 -0.2762863815552213 -0.2554860138908087 0
4944 0.522334925146224 -0.1403592485555711 0
4945 -0.2100201185368394 -0.9779142048106642 0
4946 0.5463942319212747 0.3255379504374887 0
4947 0.1827125131667629 0.8611267984713623 0
4948 0.7636438015832858 -0.2027810905852164 0
4949 -0.547587059304264 0.8014405440543722 0
4950 -0.6376075418423534 -0.6442229398038984 0
4951 0.8418652316700185 -0.4326310701671312 0
4952 0.02772159442815288 0.1086530449404285 0
4953 0.3647268113841038 0.7251528019588283 0
4954 -0.3251278845793865 0.7079667799579905 0
4955 -0.9804233073333153 -0.8069435664246045 0
4956 -0.5938556678475826 0.8028960406782489 0
4957 0.01453197734275813 -0.005113658941072581 0
4958 -0.9513904045117156 -0.212618970912123 0
4959 -0.1695777902163974 0.3472520582582713 0
4960 -0.2753767791648579 -0.4833032956032419 0
4961 -0.939236224162623 0.7712008386440115 0
4962 -0.0976601374255583 0.759080893298168 0
4963 0.7277299218958545 0.7577870123307617 0
4964 0.7895522796786528 -0.8183093267019289 0
4965 0.8847418925753854 0.7962800898795727 0
4966 -0.9270679512874058 0.948783715406724 0
4967 -0.8622421716613567 -0.691622224041772 0
4968 0.2062856668445813 0.2983782183547954 0
4969 0.8783532141680206 -0.7199532553963053 0
4970 -0.1293451809460021 0.1517200774086652 0
4971 -0.04815304155265944 -0.1486113798516845 0
4972 0.3697561254180984 0.2061727364496509 0
4973 -0.007970714047425637 0.679171270912396 0
4974 0.06258762657080158 0.7490255042805726 0
4975 -0.9240557777941238 -0.7138628397272111 0
4976 -0.3595752477584704 -0.7007190211255681 0
4977 -0.7986076515543288 -0.5002594837946069 0
4978 -0.4129693041812355 0.2263565909842875 0
4979 -0.2085115382733072 -0.2633282159261208 0
4980 -0.07189220464179336 -0.3495161939635247 0
4981 0.2541175423719136 0.9539149526333832 0
4982 0.1677690843790446 0.2037243897687177 0
4983 0.4253885271627159 -0.08850364058671226 0
4984 -0.3963244262796191 0.2502650961057522 0
4985 -0.2511684884423139 -0.3464627611473111 0
4986 0.5063001633581583 0.3403027699921502 0
4987 -0.8462518712578032 -0.01379901115284664 0
4988 -0.8152689999607936 0.2505260593860721 0
4989 -0.9808860843240688 -0.05955080867236831 0
4990 -0.3514271162043187 -0.1660663935706241 0
4991 0.8015991162899542 -0.1743343655529642 0
4992 0.5490996282641412 -0.214553432632235 0
4993 -0.6694799946751104 -0.1421773134431646 0
4994 0.7035871196352061 -0.6066413401459827 0
4995 -0.0936808544928126 0.5084583328616167 0
4996 0.6857394728228327 0.981273449385085 0
4997 0.1996115161002077 0.1622136090976732 0
4998 -0.5655091998367059 0.4184822401184681 0
4999 -0.1341281848464885 0.888752705279627 0
5000 0.8612676430890851 0.02238333993772525 0
5001 -0.9426050778535567 0.2173982899338686 0
5002 -0.2947062600368094 -0.2119216351806708 0
5003 0.8259867992634943 -0.2241645946348985 0
5004 0.2271229499509302 0.7078545514471423 0
5005 0.893505129768108 0.3244639911857615 0
5006 -0.4444988203919596 -0.06149721034360878 0
5007 0.03259782736796742 0.9485228142932716 0
5008 0.04422457602114158 -0.3559571513394584 0
5009 -0.9483916621865757 -0.1660448144777656 0
5010 -0.4975175524305618 -0.8276590721098815 0
5011 0.4332016128426978 0.6688729311251232 0
5012 0.2776843192553209 -0.2981354103331471 0
5013 0.953218995156045 0.8797703270288337 0
5014 -0.5653411607136295 0.3763811177104057 0
5015 0.9141184387156236 -0.5162504074317825 0
5016 -0.08291612337988297 -0.9781678871172217 0
5017 0.40551637455997 0.3418172292785316 0
5018 0.6537492796657438 -0.6586192844498381 0
5019 -0.5754211473888494 -0.6164141915779603 0
5020 0.2621694257998733 0.6407767197115795 0
5021 0.3153588927301303 -0.8978726341849628 0
5022 -0.9029310110624711 0.6809111334486684 0
5023 0.479665001622685 -0.3173824957520179 0
5024 0.7069075022272406 0.3593216342748233 0
5025 0.5923043904699573 -0.3345691767352479 0
5026 -0.3480722152066726 -0.5588579752708757 0
5027 0.2670294216406618 0.6653698320826704 0
5028 -0.5165630112472629 0.3800798617905933 0
5029 0.2014742587485626 -0.7459636540195569 0
5030 -0.5459933609493686 0.6874963245854032 0
5031 0.1070241271816739 0.3950352848522311 0
5032 0.1307132373422515 0.3960445458119138 0
5033 0.4714674830205174 0.5303886142880027 0
5034 -0.5994265107382519 -0.6302272037099481 0
5035 -0.6309474536058 -0.5307884251493731 0
5036 0.977567251907601 0.517006096896598 0
5037 0.2881629195241457 0.287080383944218 0
5038 -0.6394174734534979 -0.1438417780054532 0
5039 0.4635227429153406 0.9382938645890873 0
5040 0.1590171683045246 0.09812936866099871 0
5041 -0.1925185009447815 -0.6520620681645833 0
5042 -0.07388701569415913 0.1168780470037792 0
5043 0.6600521861936757 0.5015254195778055 0
5044 0.6773935981878838 -0.1040159148514912 0
5045 -0.09015792154185825 -0.1533858585969968 0
5046 -0.5097796977371032 -0.8973269814903329 0
5047 0.8360784328599232 -0.9804161396913316 0
5048 -0.0250015538524667 -0.07457206115212506 0
5049 -0.9495194227297172 -0.4795672254165324 0
5050 0.3472128539286106 0.8153321090616467 0
5051 -0.2117429435746018 -0.4148571430095498 0
5052 -0.5709905403377645 0.05901853415816194 0
5053 -0.496876732773529 -0.6378201422917589 0
5054 -0.6836643943154959 0.6462331785662343 0
5055 -0.3112667628512247 -0.1832643953393743 0
5056 -0.4262012364453318 0.5316092548512908 0
5057 0.6167137448685778 -0.3975375136569445 0
5058 0.5135304820091335 0.06330397145857347 0
5059 -0.8677090082297183 -0.7860948505677536 0
5060 -0.7092858884203534 -0.8963625246280831 0
5061 -0.1884222801367292 -0.6771983425110195 0
5062 -0.07041813024426082 0.07260325186511413 0
5063 0.2935948935347106 0.4972526526812637 0
5064 0.9509416577808725 -0.08709742978722568 0
5065 -0.09541233299009799 0.07720463193443639 0
5066 0.4469101585550238 -0.7585060186304915 0
5067 0.4024571597460065 -0.1602161463809413 0
5068 0.4895311966858494 -0.1677610506747772 0
5069 0.3428973611250636 0.0835547373296114 0
5070 0.02346380926234284 -0.6344555427614976 0
5071 -0.8499053330508303 -0.7208452077912546 0
5072 0.981395371933043 -0.6564777130463626 0
5073 0.9421737898277779 -0.2276464734992392 0
5074 -0.7980113084146574 -0.5437719788482862 0
5075 0.981885691522342 0.4471912849309619 0
5076 -0.2172086885924259 -0.8762490260077238 0
5077 0.8138143206402458 -0.501711951555085 0
5078 0.3247664306003879 -0.05263893461313342 0
5079 0.6201637215238249 0.9401771041796454 0
5080 -0.1101345315899518 -0.4897521227806559 0
5081 -0.9408593054954737 -0.02671565298296975 0
5082 0.9021821634104226 -0.6661149177003781 0
5083 0.8829702502375101 -0.05934026653181701 0
5084 -0.4910127820031306 0.768400529398809 0
5085 0.7254265566255158 -0.7997341757351009 0
5086 -0.684797367090046 -0.6187364508056931 0
5087 0.1237441573298871 0.5946045788350848 0
5088 0.5031478752726224 0.7508478386285267 0
5089 -0.6821230453950986 0.6000870324059981 0
5090 0.3723096323076205 0.6029372435703452 0
5091 -0.6539874578520292 0.9102786245780279 0
5092 -0.6525832618125962 -0.329050601481104 0
5093 -0.3838044847007293 0.7399514629810837 0
5094 0.6540926776775273 0.3849668021770746 0
5095 0.6259944461920631 0.4677846348435752 0
5096 0.2300360556358033 -0.5260169669653453 0
5097 -0.9826602331707278 -0.3877232272073153 0
5098 0.05017178113570449 0.1213573039399815 0
5099 0.5562929615646282 -0.1718284969301285 0
5100 -0.8629815189609458 0.09540593159830378 0
5101 -0.4967836008781095 -0.8539784675796763 0
5102 -0.1023736989177364 -0.4122190020337556 0
5103 0.7026473351827562 -0.7609250695981925 0
5104 -0.9395879065362305 -0.6101361306411826 0
5105 0.1363516280135386 0.1072063836406377 0
5106 0.04120462444154599 0.3532262615189948 0
5107 0.7845006091539204 0.7064693832820933 0
5108 -0.558056263290942 -0.217223557515398 0
5109 0.1514681373138954 -0.9023582359832992 0
5110 -0.2440651208293402 -0.7068788161670138 0
5111 -0.8147132550016185 0.5182463856703201 0
5112 -0.9348894156943308 -0.8075299207588259 0
5113 -0.5943238251815595 -0.01982709301679369 0
5114 0.9032717476333625 -0.8156876068636357 0
5115 0.7882585905132307 -0.3372668727480196 0
5116 -0.9488765649639745 0.8197177690257662 0
5117 -0.487913682979249 0.742467465687801 0
5118 0.780173522852162 -0.1609930801438437 0
5119 -0.1661744387790182 -0.118893708227908 0
5120 0.1730507909136003 -0.2914712518730455 0
5121 -0.4693781979458752 -0.6453881305649642 0
5122 -0.7822766894339511 -0.9786231100898299 0
5123 -0.5723267790645962 0.20860311936579 0
5124 -0.1724351164556214 -0.6404129262206391 0
5125 -0.8095242972387701 -0.4104690510157447 0
5126 -0.3769961063772292 0.05397741413387844 0
5127 -0.9099195114311353 -0.4671698796499031 0
5128 0.3038554064956736 -0.4091007176441114 0
5129 -0.8359070144646816 -0.3772814313414176 0
5130 0.2580518923359328 0.9044727068282916 0
5131 0.8345167639392352 -0.3790841314718333 0
5132 -0.8006830418789291 0.1397110784263318 0
5133 0.5073885311245266 -0.2083934142673641 0
5134 0.7235081622925792 -0.365812269798938 0
5135 -0.7632847324482283 0.06942695517015737 0
5136 -0.9823981249675344 0.149253731345645 0
5137 -0.8614291828064307 -0.1700202714791023 0
5138 0.408930952458271 -0.1794602869212348 0
5139 0.6852550248870667 -0.07859782142790887 0
5140 -0.3289496644530494 0.7787811729419847 0
5141 0.7567103933269546 0.4219131612041925 0
5142 0.7623490803098797 0.4473082822808452 0
5143 0.5231424795108193 0.1817387379285185 0
5144 0.9759426263100328 0.3758595530153838 0
5145 0.2035354563144204 0.5112086126200024 0
5146 -0.3360920886227015 -0.2538475868131583 0
5147 0.9529133104634131 -0.2042525760334603 0
5148 -0.2644591801021746 -0.4085244287171163 0
5149 -0.3705551912982826 0.4808937957679784 0
5150 -0.7802308984157388 0.5739328935145344 0
5151 -0.7654637385977825 -0.3442739958398882 0
5152 0.5911070699478194 -0.980274245863489 0
5153 0.02653277024383941 0.4047415941329502 0
5154 0.05241240008261835 0.3331840406605038 0
5155 0.7874113469397456 -0.08992823912709502 0
5156 0.03853348185259437 0.7033328049619622 0
5157 -0.2383153680705339 -0.4830828784905447 0
5158 0.03685635330031643 0.7418723046470487 0
5159 0.9516012393694852 -0.6306485927296985 0
5160 0.008186606619753359 0.1287347948779909 0
5161 0.5473256337897054 -0.09949737503118433 0
5162 0.4442001996151751 -0.1705342011977883 0
5163 0.8608418762329426 0.1322032945885532 0
5164 0.5520449108388744 -0.1441079594818194 0
5165 0.0120568979775468 0.3237019991663667 0
5166 -0.06422119643222007 -0.68468677017048 0
5167 0.1299513233094549 -0.4153941621347241 0
5168 0.3884883264711163 0.8713671375017099 0
5169 -0.8842722188639279 -0.7629950368925758 0
5170 -0.6064317869698708 -0.5259207749142913 0
5171 -0.4273331699788139 -0.7348857246766423 0
5172 0.5837119232569558 0.03938232534440186 0
5173 -0.4644285402622962 0.8686068308077436 0
5174 0.3389436368672246 -0.4091462366595777 0
5175 0.4601065246132637 -0.2941712586881749 0
5176 0.7900995921682403 -0.3852907923686136 0
5177 -0.05656516251441999 0.09366043572429834 0
5178 -0.8967912841242978 -0.5174488678220591 0
5179 0.794260682202261 -0.4415851886711724 0
5180 -0.8036697692243255 0.2232490294241839 0
5181 -0.3984053479080336 0.04704200103218383 0
5182 0.8015077763186254 -0.5271623896664092 0
5183 0.3502862688566189 0.7033694326980322 0
5184 -0.670691051247486 -0.8307341772081547 0
5185 -0.8494370954552037 0.8692799923702687 0
5186 0.50653099236959 -0.8256450480875396 0
5187 -0.2439676725208316 -0.4467980232277228 0
5188 0.7187293351719917 0.8374477615117862 0
5189 0.5133248642202086 -0.1642901053561626 0
5190 0.7261450101796567 0.4275117706896219 0
5191 0.5424254400911571 0.9240603885568524 0
5192 0.3194169254029707 -0.4766264430623961 0
5193 -0.8673208315313934 -0.4867831274940126 0
5194 0.3010075765416189 0.5693923880458729 0
5195 -0.5135889837849433 -0.9784630637136289 0
5196 -0.8563840371781145 0.4087016310943306 0
5197 -0.655967751016714 0.4650069134679686 0
5198 -0.3699553211529493 0.5854187586966535 0
5199 -0.5306721424561649 -0.1434252349812208 0
5200 -0.6844653799488059 0.4557336786201188 0
5201 0.7470118527935967 -0.3587320595683239 0
5202 -0.7519605120312634 0.2216169029608671 0
5203 -0.4448362395068047 0.3413624341775982 0
5204 -0.6229389685840016 -0.1816639884978864 0
5205 0.7866522724098457 0.5564362096925567 0
5206 0.1474890856923629 0.4445551517316413 0
5207 0.8475276050463285 -0.8583204046962731 0
5208 -0.3661278100074701 -0.9439463478794352 0
5209 0.4596488210682939 -0.334792996458234 0
5210 0.7711307536648512 0.8845164704389731 0
5211 -0.977802942659061 0.7854394450056359 0
5212 0.4323762573896113 -0.7354522513191215 0
5213 -0.4964729414653164 0.125474930796133 0
5214 0.9763205372781015 -0.4227604225800781 0
5215 0.7292203207966728 0.8582125436155758 0
5216 0.6790302487295681 0.8120468325759043 0
5217 -0.3721434517107719 0.1595924237480209 0
5218 -0.3707693315435763 0.1882290252132917 0
5219 0.5454720589450991 -0.8148174944253346 0
5220 -0.1730127385441778 -0.03280250309391384 0
5221 0.08063148740276424 -0.3208325647377559 0
5222 0.6767571414724541 -0.7913768995994391 0
5223 0.06576202967251868 -0.5866600461297198 0
5224 -0.1058929352782849 0.04118978215368457 0
5225 0.6865671641782356 -0.9826905065239321 0
5226 -0.4017128465799806 -0.5322288729627893 0
5227 -0.9547748005149329 0.9815744916744773 0
5228 -0.7272845577792819 -0.7708848780873285 0
5229 0.7998329525961161 -0.6462237611509921 0
5230 0.2678798726500521 0.230501768807954 0
5231 -0.8124700007362804 -0.8437505656496658 0
5232 -0.06528429003008923 -0.7085271952317048 0
5233 -0.6645388598918391 -0.08069268260417216 0
5234 0.3818358361623499 0.9343464059083609 0
5235 -0.8150547068252154 -0.2183940412467786 0
5236 0.4024566388507622 0.944004113964787 0
5237 0.8745508267162159 0.5746384391818847 0
5238 0.8418705657635772 0.1999748633215502 0
5239 0.7432410099730615 0.4667247932916071 0
5240 0.8150214043523551 -0.5447390050134695 0
5241 -0.7812383672604241 0.6338226485092346 0
5242 0.7489187073164182 0.8189634012794205 0
5243 0.3832194224353772 -0.9038855594249016 0
5244 0.2651328478790939 0.2698975168448529 0
5245 0.09897308606063329 -0.3577803734089438 0
5246 0.5934494147371613 0.2071018888017858 0
5247 -0.9783901326766051 -0.4400033067874293 0
5248 0.9161441284105464 0.6739326727441128 0
5249 0.140074230113031 -0.9460251058568556 0
5250 0.2874843107678902 -0.7957915884707507 0
5251 -0.2162835524413652 0.4460144674427109 0
5252 -0.6865671641782356 0.9827495583712826 0
5253 -0.2298494096439195 0.3310403957940596 0
5254 0.5015626713646624 -0.4516764579757733 0
5255 -0.001749562073400419 0.8807071857809203 0
5256 -0.6860420856621006 -0.6428165121438877 0
5257 0.4738216540563648 -0.8436641482335965 0
5258 0.03655979388579388 0.0006768802940035513 0
5259 -0.2144550612700885 0.6938410943789094 0
5260 0.6331745325364673 0.4422633855874985 0
5261 0.276186784466794 -0.901403032948121 0
5262 0.4940408906245264 0.09454617591596953 0
5263 0.2497924084366471 0.5051822287964907 0
5264 0.6139751141136893 -0.04637418238183223 0
5265 -0.6507202407566408 0.07316939869283193 0
5266 -0.5014874943685392 -0.759279717996431 0
5267 0.1219824599434338 -0.3006474959534898 0
5268 -0.9401464242207601 0.844058013653842 0
5269 0.7832014395918403 0.293180470081536 0
5270 -0.9314572013497332 -0.2727661530400601 0
5271 0.5053210229423036 0.7102652986979584 0
5272 -0.6724416604565896 0.853273936274292 0
5273 -0.497576198986757 0.5540210420027517 0
5274 0.9281368825058551 0.6934876235612981 0
5275 0.5874394385613793 0.3102141330376628 0
5276 0.829810116969258 -0.8000919130236924 0
5277 0.7577502364116647 -0.1755716951782947 0
5278 -0.8363462353416687 0.9813895004690518 0
5279 0.2313366233469454 -0.1232009320731873 0
5280 0.9545270819524906 -0.9809268025264113 0
5281 -0.002668979739247482 -0.6699827085026651 0
5282 -0.9828305471354276 0.3283582089570879 0
5283 -0.5886618147326746 -0.3602917589768927 0
5284 -0.6771869436515503 0.4261628708141597 0
5285 0.2636265924692697 0.1279349631126287 0
5286 -0.2549980888807603 -0.9427150436056037 0
5287 -0.6768119140655353 0.2274691343249252 0
5288 -0.192428389143103 0.1675058354473581 0
5289 0.7206257068148467 -0.1084525013492669 0
5290 -0.9061032659796309 0.9381438783863459 0
5291 -0.2296395569775441 0.2494889153495508 0
5292 0.4053684639084099 -0.1002044755228928 0
5293 0.4821356697928345 -0.5879391269619054 0
5294 0.1934955188637724 -0.1010926436521354 0
5295 -0.3140018010793146 0.1821133857563874 0
5296 -0.5486670853464037 0.7290771444484354 0
5297 -0.7246857862582708 0.7223808685537966 0
5298 0.67495661371722 -0.3229306911283727 0
5299 -0.5258391830364871 -0.9216829289614092 0
5300 0.7117656180675493 -0.2597271939999903 0
5301 0.8171176754532745 0.7246559946406519 0
5302 0.8572331303964883 0.2397777770750897 0
5303 -0.05924920168920291 -0.2159850027573391 0
5304 0.8999539725741095 0.1275875319887823 0
5305 -0.2735460532365923 -0.161519565533058 0
5306 0.1528096936577096 -0.4196607155366079 0
5307 -0.4894082148153878 0.5756347335753812 0
5308 -0.190314602233245 -0.5741576065805634 0
5309 -0.7984428771951918 -0.7685195731250236 0
5310 -0.8803320516553254 -0.9550002319341562 0
5311 0.3762227839135288 -0.4060656521122376 0
5312 -0.4794654220262508 0.01666323895119599 0
5313 0.5271992141659456 -0.2433570864510644 0
5314 -0.5941681539603312 -0.8153486615993064 0
5315 -0.1734507562350403 0.7141638726000383 0
5316 -0.8434924530911819 -0.08461078241927192 0
5317 0.1597394563165681 -0.7603180170660352 0
5318 0.06187794483545383 0.8395982056197088 0
5319 -0.772580487863034 -0.003770361727197484 0
5320 -0.3146540208247387 -0.6697042448876472 0
5321 -0.3055031651043557 0.4075215732664202 0
5322 -0.5336718457801224 -0.7579959608360293 0
5323 -0.4502315822844638 -0.9422031916892675 0
5324 0.4063973219320922 -0.4165894589042682 0
5325 -0.8439863823354141 -0.9767745863601704 0
5326 0.6092542567120657 -0.4730668038249137 0
5327 0.1519166137765915 -0.03824366804075466 0
5328 -0.05555133127321459 0.1821756449860126 0
5329 0.2760034874776193 0.7117996740302135 0
5330 0.5806048903832108 0.8343820437259789 0
5331 -0.8639054836994613 -0.09422782219699169 0
5332 -0.8528225365496626 0.1740005926992648 0
5333 -0.1404949168435807 -0.2161265330013314 0
5334 -0.06767497259337246 0.9017266646867527 0
5335 0.8059701492542699 0.9829878581481302 0
5336 -0.3482763704712007 0.6406312667134157 0
5337 -0.7912858376852325 -0.1074130476354487 0
5338 0.08290579212501864 -0.2980580109048995 0
5339 0.6913686216965031 -0.197716712158377 0
5340 -0.5339378034444766 0.8438590719351142 0
5341 0.7514489583166446 -0.03256764229934059 0
5342 0.124786157933282 0.4385876729131849 0
5343 -0.5347642184680651 -0.785708399175606 0
5344 -0.4223281948358278 -0.6565817488046117 0
5345 -0.7845141342708144 -0.9033880226168964 0
5346 -0.8757381873316435 0.7300859721046681 0
5347 -0.1006705222307975 -0.7618075395592725 0
5348 0.1893251069542588 -0.6717467666292154 0
5349 -0.8727417192202237 0.5322547491547016 0
5350 0.2413795924670424 -0.4587401065605027 0
5351 -0.7051730474120617 0.1217549262452953 0
5352 -0.002551271405662101 -0.1990133972821113 0
5353 -0.9787208926551305 0.5907426119884995 0
5354 0.9334160859789393 0.3560192905378512 0
5355 0.412755525549941 -0.874645076337394 0
5356 0.9487723003088745 0.3857822409955814 0
5357 -0.420261525689368 0.7427208473557942 0
5358 0.2525859115419518 -0.5856330650631865 0
5359 0.8688844033472478 -0.9226849973803546 0
5360 0.02236002943625656 0.1487759892092668 0
5361 -0.4120662402911831 0.0840759597010774 0
5362 0.3880597014908392 -0.9830705660604265 0
5363 -0.9826010541364371 0.7158645374716518 0
5364 -0.9288818908890282 -0.2046779180153634 0
5365 -0.6263775842743554 -0.2535306463333346 0
5366 -0.2113443636985443 0.5087414475233265 0
5367 -0.6902423179052111 0.8128507619795562 0
5368 0.6236732545436181 -0.9477722528519008 0
5369 -0.5654170079584042 0.005572677261068187 0
5370 -0.8334529994450158 0.4749563010400359 0
5371 0.04147265625275435 -0.7344746393100789 0
5372 -0.5623845070874758 -0.4858624202860816 0
5373 0.1381294655771516 -0.3575978781209724 0
5374 -0.8189499920088197 0.1221889484288346 0
5375 0.684918445267415 0.1605608200459443 0
5376 -0.1859794064161129 -0.1559592319944682 0
5377 0.8964455483019763 -0.6966283564746801 0
5378 -0.3064215776710027 -0.2854665009289421 0
5379 0.8882366365552197 -0.2283927286108213 0
5380 -0.2671131343898451 -0.2182413262857346 0
5381 0.4612155132624477 0.7649714234812097 0
5382 -0.09909507011150571 0.7176379197441713 0
5383 -0.3309390801124065 -0.1450270581246744 0
5384 -0.3476804198992599 0.1107523389457588 0
5385 0.2791375628536454 -0.5920643595863844 0
5386 -0.905497562247956 0.5545620840028973 0
5387 0.1837939068904051 -0.8245620967124956 0
5388 -0.8201822549352046 -0.6916644800810021 0
5389 -0.9178610703059251 0.5336472157675843 0
5390 0.7179505230149782 -0.3896671191501215 0
5391 -0.2022314628107467 -0.7254300509679082 0
5392 -0.1326589250202856 0.7884870443873624 0
5393 -0.1561989197567348 -0.05501114959033532 0
5394 0.8224479673385466 -0.1557073633788508 0
5395 0.08717862365418302 -0.9423577710692579 0
5396 0.8438160781236534 -0.1664949624268848 0
5397 0.7194923603070978 0.9010208176024057 0
5398 -0.721311451028532 0.4181201396418964 0
5399 -0.7794550200103879 -0.06919429928084916 0
5400 0.4390552741660078 0.2356923652072455 0
5401 0.591294443121502 -2.841556881881492e-06 0
5402 -0.300317460679894 -0.9299889197566324 0
5403 -0.9796250554465309 -0.1855917252234284 0
5404 0.08755649736419925 -0.1479532974925886 0
5405 0.4402639748687106 0.1924743923997703 0
5406 -0.04760305290429726 -0.4815580548002203 0
5407 0.136605469308944 -0.2101770939611475 0
5408 0.9791958488243312 0.9487838464074307 0
5409 -0.6233610177958691 -0.3532263794503536 0
5410 0.5050968295669651 0.9417927029635216 0
5411 -0.3675510111391238 0.6793852311483084 0
5412 -0.4083433483350439 -0.571178453160643 0
5413 0.8619313296431756 -0.02050873411833368 0
5414 0.72055440204386 0.06098080745370575 0
5415 -0.1559353683435428 -0.788592734821252 0
5416 0.4427516230203608 0.6890283632449835 0
5417 0.2757042449663553 -0.2194725972529044 0
5418 -0.4158839326066549 -0.7776513370432203 0
5419 0.5621111459890555 0.82531785503379 0
5420 0.5150275535457413 0.2239182856690527 0
5421 -0.726728325594762 -0.3110255707501787 0
5422 0.2799255126227212 -0.465380631263618 0
5423 -0.01161082306827232 0.2844069090168416 0
5424 0.7607710575722735 0.9254381984719751 0
5425 0.7336530680488532 -0.2120265933743884 0
5426 -0.4747845422053148 0.3025693814817414 0
5427 -0.3911876294807058 0.09415217966454031 0
5428 -0.3129679867302435 0.8291742493768529 0
5429 -0.3088988878290168 0.7878867805001706 0
5430 0.771213699971216 -0.456378106406893 0
5431 -0.07713315011049042 -0.5648863270843769 0
5432 -0.4092519931798464 0.2666276880629528 0
5433 -0.4219801448994447 0.3475165702021126 0
5434 0.1804727495710781 -0.1809554065165916 0
5435 -0.4369747292096405 0.6044935083845404 0
5436 -0.4508649944801387 0.3157865333639245 0
5437 0.9449408603069317 -0.2825619060873193 0
5438 -0.1982151541230378 -0.2844531260455073 0
5439 0.7927889601975695 0.8006809772439896 0
5440 -0.7622653565142854 -0.1660699594651936 0
5441 -0.1413759597033667 -0.7394521409491328 0
5442 0.2898667165828764 -0.9785129461275281 0
5443 -0.03766369908078131 0.2273634783897215 0
5444 0.08402958812768871 -0.8724562228981242 0
5445 0.7464300848044616 -0.860472266129934 0
5446 0.6405482971026364 0.3457757868119168 0
5447 0.3150639649872296 -0.1460033320504442 0
5448 0.4825745699273818 0.2931652553798424 0
5449 -0.4045349952268742 -0.1309511162165332 0
5450 0.5518551877133147 -0.7642195484620601 0
5451 -0.8795829336903169 0.8128615627210074 0
5452 -0.766617444864516 0.8970002339233638 0
5453 -0.7281790039948324 0.1174899154829558 0
5454 -0.731257298591539 -0.4873118851273763 0
5455 0.8037224099380987 -0.5980510337278827 0
5456 0.3032451795524694 -0.4360813417539837 0
5457 0.8367684532606288 0.8255948937327028 0
5458 -0.9420711001947077 0.08637515254019125 0
5459 -0.7234838070829023 -0.7501117904638759 0
5460 -0.5826286110434075 -0.4415290795207021 0
5461 0.4706977625504956 0.1812314738524311 0
5462 -0.672261266958381 -0.4039488882386311 0
5463 -0.9053782953239886 0.8221050214073671 0
5464 -0.2290055122362039 -0.7886945793022055 0
5465 0.4334475528977069 -0.3287293843012268 0
5466 0.7252155779387859 0.7841965393665432 0
5467 -0.6648407368997136 -0.9009556727982025 0
5468 -0.1906296621941434 -0.8105838706973754 0
5469 -0.9431049986423968 -0.3701507331516511 0
5470 -0.8045476026806748 -0.9390838907045489 0
5471 -0.6681619870768442 0.7949786010179087 0
5472 0.6817456980370501 0.1197485903344736 0
5473 0.6771526065627617 0.7677036845060665 0
5474 -0.2639150109450684 0.2678577503061947 0
5475 0.8827669577699075 0.9465114499037095 0
5476 -0.4795620086271182 0.7054879779858343 0
5477 -0.1721924150773699 -0.2816289226499797 0
5478 0.4792140364225392 0.7451812928335591 0
5479 0.02109426851173546 -0.1151760845113535 0
5480 0.3036909405066739 -0.1925355830032436 0
5481 -0.8205691345486523 -0.04954602108723135 0
5482 0.8905504147210797 0.8663961990058066 0
5483 0.1951393213909384 -0.9104023365894631 0
5484 -0.06647411710206234 0.3370361264666401 0
5485 0.5119691273307841 -0.2880339975649847 0
5486 -0.04659989735595763 0.9546614885253725 0
5487 -0.9068321434371378 0.7032031651421614 0
5488 -0.3949634847959586 0.1525686449773878 0
5489 0.4444061655791348 0.3153976210798298 0
5490 -0.8955344413112105 -0.8045782252722934 0
5491 0.1139223984778871 -0.4943487416229273 0
5492 -0.6812519563705469 0.7731279308660949 0
5493 -0.3114378845697971 0.6290407160543737 0
5494 -0.7401624520683108 -0.654143394139678 0
5495 -0.9296754517957514 -0.315302900465436 0
5496 -0.1242581192062751 0.1037998478239399 0
5497 -0.4161244214114473 0.06119216319481099 0
5498 -0.6371594660507154 -0.7358244770779306 0
5499 0.1964750757905384 -0.3873132219745899 0
5500 -0.4632829860842805 0.5797707784757951 0
5501 -0.8082762640979146 0.5451451448496022 0
5502 -0.9473720216372853 -0.7874877129387665 0
5503 -0.3502772663135322 -0.7272547209013838 0
5504 -0.5616716596353925 0.1315896082831855 0
5505 -0.4384042336756779 -0.7996494250565003 0
5506 0.2623319004302751 -0.9547365954336844 0
5507 -0.3739774023625939 -0.06786415255511707 0
5508 0.3987860948756142 0.4081741723921536 0
5509 0.6122917452299511 0.8940411736155334 0
5510 0.8979887866228833 -0.7704415092176484 0
5511 -0.5478650173622154 0.6146745318623907 0
5512 -0.3334306211738959 0.6697942983720313 0
5513 0.6769074246476553 0.3643042116558521 0
5514 0.6583109731284282 0.1537819040631618 0
5515 0.8495260472357601 0.5343910615772962 0
5516 -0.33192231608127 -0.2172758899580942 0
5517 -0.2051327017990181 0.8850231506948657 0
5518 -0.4664664896462405 -0.02239000910457169 0
5519 -0.5728252089973346 -0.1527015387237502 0
5520 0.981066086164597 -0.9542307089449711 0
5521 0.2374993064173333 -0.3678710131117131 0
5522 0.1400535848801762 -0.6940288237979666 0
5523 -0.9835613207115493 -0.5074626865657972 0
5524 -0.3856715001639064 -0.5736955545584649 0
5525 0.8956549741541848 0.7128714457382975 0
5526 0.188867374022837 -0.5561315904121867 0
5527 -0.2862699219679218 -0.6946237418417736 0
5528 0.2321436275209308 0.2935594557462813 0
5529 0.7534929335693182 -0.2502194676690218 0
5530 0.8692368409391102 -0.2059190152337143 0
5531 -0.5508229810480137 -0.9118148885095445 0
5532 -0.1662847616594474 0.8659196868297886 0
5533 -0.1380593795240359 0.3454224985278158 0
5534 0.5276081194535382 0.8470983714275457 0
5535 0.5554352253327163 0.5976565234972485 0
5536 -0.7435986044733069 -0.9815195866972868 0
5537 0.2374813688710796 -0.2449896656570044 0
5538 -0.4915033933630555 0.9458281817377691 0
5539 -0.91562234232693 0.1360789067575647 0
5540 0.3515172827136415 -0.4547125335452082 0
5541 -0.6462499395927518 0.5521704802766239 0
5542 -0.5949598829261336 -0.5447885998842756 0
5543 0.5471603568733409 -0.05736263987042786 0
5544 0.4524552161866162 0.8447913851747855 0
5545 -0.5427411370632359 0.8684939195275873 0
5546 -0.3454052373761885 -0.01335540479375765 0
5547 0.09760117562189868 0.5203096247004733 0
5548 -0.5932483297302911 -0.1410166254575504 0
5549 0.1624749695094685 0.004119934445431849 0
5550 -0.2918233972167184 -0.1208881545072635 0
5551 0.8200874476651929 -0.02725507868737678 0
5552 0.5055540300395389 -0.3333942451055413 0
5553 0.286532393841639 0.8640213908063306 0
5554 0.4981045232710183 -0.3554623668595431 0
5555 0.1545821241509778 -0.5592977853230194 0
5556 -0.6506935281046187 -0.4000547200774545 0
5557 0.9461388363066786 -0.4830092926189237 0
5558 -0.7297535703419075 0.095896578552728 0
5559 0.08936630301385129 -0.5632609377583649 0
5560 0.8450572646397297 0.5048304474443023 0
5561 0.6638966294727049 -0.2265469687894532 0
5562 0.5668604455197667 0.9057173684991394 0
5563 -0.8321307850250688 -0.4199749301052021 0
5564 -0.7691969167674022 -0.9467274319838774 0
5565 0.483747566014799 -0.9164862417106411 0
5566 -0.2574243627618601 -0.3865199333285879 0
5567 0.4708530403218526 0.6493970634377803 0
5568 0.07165101111374496 0.5133907650186225 0
5569 0.1990510644942779 0.6650512839919105 0
5570 -0.0979294594521806 0.3164710760541201 0
5571 0.2165461344159007 0.888337384835384 0
5572 0.5881159530250445 0.5668736849461015 0
5573 -0.8485144860977085 -0.05836864624128266 0
5574 0.3178677890287514 0.1723505816977343 0
5575 0.0230772046583391 -0.3201964040015176 0
5576 0.4675392969677725 0.6894893386916557 0
5577 -0.8411966571807464 -0.153820030184484 0
5578 -0.9836619010349009 0.0895522388084973 0
5579 -0.7075772465341044 0.05068579750202965 0
5580 -0.1385348795398581 -0.7800138581777695 0
5581 -0.3268120307177468 -0.3199137640919966 0
5582 -0.6014905824639345 0.1181282099232634 0
5583 0.7712034297455942 -0.7005176173859891 0
5584 0.4517721910570163 -0.4255924464522156 0
5585 0.2143016113652662 -0.2598085754176382 0
5586 0.06938445097983133 0.8670681405123948 0
5587 -0.05488542531371814 -0.3150423397070934 0
5588 0.811925131779149 -0.2860455079636146 0
5589 0.7081404535383236 -0.3415429367933025 0
5590 0.279066092793114 0.8204213853430964 0
5591 0.843666194745269 -0.4768459868423145 0
5592 0.4790872771475669 0.8753197992755137 0
5593 -0.1541815310946084 -0.8263024252234006 0
5594 0.5544220979981371 0.7119816995289162 0
5595 0.6327903535402367 -0.8678341326248502 0
5596 0.4152711460836266 -0.06147599996300362 0
5597 0.2184921935494172 -0.0658516262142676 0
5598 0.5319294775524126 -0.6038477955965781 0
5599 0.1186577309133389 -0.5895344372176208 0
5600 -0.2410938145770822 -0.02124286668050097 0
5601 -0.2886011882923289 -0.527821903168695 0
5602 -0.7348773991515068 -0.3697554659250101 0
5603 -0.02579028765788954 -0.7057100195395198 0
5604 -0.0446070194750221 -0.721017509787049 0
5605 0.8354526417466599 0.4360353037833742 0
5606 -0.2572258482985529 -0.8314776932604431 0
5607 0.3033202907062237 -0.626265512219941 0
5608 0.3814350323184408 0.04821789597404718 0
5609 0.9837243794644741 -0.8358208955228432 0
5610 0.2987087956043218 0.4577571251900614 0
5611 -0.9486901088593862 -0.9795937553234341 0
5612 -0.6567164179114 -0.9837625881404872 0
5613 0.3690272182747797 0.1471466445232885 0
5614 -0.2006460207809841 -0.06188824415890466 0
5615 -0.9832505242504013 -0.5674953467519527 0
5616 -0.482462638118577 -0.9804189210619897 0
5617 0.9497532396393669 0.9800691433186777 0
5618 -0.04789129335657574 0.2904535198444054 0
5619 -0.9797251184642993 0.2451013718122273 0
5620 -0.4721732228474022 0.9360779610768399 0
5621 0.5178443033709741 -0.3700862142949702 0
5622 0.2881097565736365 -0.08084063021617448 0
5623 -0.6115418114494799 0.6969260401594435 0
5624 -0.2692180404395541 -0.2813877303351929 0
5625 0.8190601672428118 0.404220634442125 0
5626 -0.6947990273133573 -0.3373686295152762 0
5627 -0.008028932715622855 0.9555066263215475 0
5628 0.3549843965481008 0.8917006345339217 0
5629 -0.8601330348391599 0.1963352666412352 0
5630 -0.2060915544349388 0.8061063113608282 0
5631 -0.3178145033200271 0.2573816856852813 0
5632 -0.946427301354456 -0.7321202481733893 0
5633 0.5992436304866489 -0.5904619542377957 0
5634 -0.8789192683570141 -0.05909478620325394 0
5635 0.7493962899221971 0.795908155733933 0
5636 0.1846817930476244 0.9122850451704019 0
5637 -0.6725204853505526 -0.8763246181848453 0
5638 0.8447372469597929 0.3917627839555236 0
5639 0.5940183103328699 -0.1407158663604682 0
5640 -0.7454020446785765 0.1585022580679042 0
5641 0.6879170189258522 -0.02497089343202827 0
5642 0.1003330220833394 -0.3339093696901211 0
5643 0.1255491867961347 0.530732999477884 0
5644 -0.7037741696672852 -0.7826642286617531 0
5645 -0.5932910117786073 0.3793932428695019 0
5646 0.6236359449110215 -0.6287831798863189 0
5647 0.3534458197237954 0.4596316474580266 0
5648 0.4488047717166271 -0.9448654976799582 0
5649 -0.5967521917930785 0.293639900466908 0
5650 -0.8224447735680513 0.562590015071795 0
5651 0.9101592365977564 -0.1947394083594106 0
5652 0.9829073041820745 0.1188938240640064 0
5653 -0.4242086773912526 0.431846282717781 0
5654 0.2565593790753994 0.06784016338132713 0
5655 -0.4396607077172308 0.4465309932198994 0
5656 -0.392755044861134 0.9117183531169206 0
5657 -0.4389882911234896 0.8537679667281954 0
5658 0.7054651810433694 -0.1515082327997913 0
5659 -0.3545895222466756 -0.8839499920171628 0
5660 -0.2311517052986876 -0.597803900743717 0
5661 0.9487483799747473 0.7637301157186794 0
5662 0.02491676314025471 0.7800316676557585 0
5663 0.2138510090303382 -0.4221254707751213 0
5664 0.009243093929545299 -0.8749629349454979 0
5665 0.07906130040049959 0.7357575231956606 0
5666 -0.3961880406747799 -0.9099621932593842 0
5667 -0.2776508947901035 -0.02129273535440521 0
5668 -0.1119805634308173 -0.6571448684200709 0
5669 0.6312399875459122 -0.6787991916874506 0
5670 0.1040524809915042 -0.2876560481419556 0
5671 -0.270334560675785 -0.5119904804455007 0
5672 0.5855504407834192 0.7927994543289084 0
5673 -0.6130287730961165 0.6094694099972313 0
5674 0.8152794425126557 0.7937643332427453 0
5675 -0.880756605566245 -0.3796684959587511 0
5676 0.04147906130283296 -0.0362767760028323 0
5677 -0.981248974296674 0.9555680040173531 0
5678 0.8777314469539844 -0.262573952323843 0
5679 0.2537500389854112 -0.5628515363237174 0
5680 0.0382333757044678 0.6805862999018926 0
5681 -0.8566117147444892 -0.5106477465390694 0
5682 0.6560658551621636 -0.144418459893059 0
5683 0.05970330582076632 0.670907676003664 0
5684 -0.886087226114378 -0.3314885242175707 0
5685 -0.2273946149104528 -0.9205073184088017 0
5686 -0.1188327617887046 -0.574791746042468 0
5687 0.9784732972790877 0.04848202957364296 0
5688 0.2555447167086221 -0.07012613056356874 0
5689 -0.7216518764187524 -0.3345820054372713 0
5690 -0.8876653796473168 0.7856599976833643 0
5691 -0.4019754166322834 0.6774765828214074 0
5692 -0.3075337424571682 -0.3526696960127012 0
5693 0.05728018513015435 -0.9154108811384056 0
5694 0.1214114206534557 -0.5318353028409626 0
5695 0.5742195672972744 -0.02824980765041446 0
5696 -0.6906329644737657 0.2779471660398729 0
5697 -0.09544369794792737 0.5693151938188925 0
5698 0.4990039266113594 -0.7155673653414196 0
5699 -0.5473127158636878 0.4559419512638613 0
5700 0.4784892635359855 -0.7260272529509277 0
5701 0.7828628144705341 0.410819800881567 0
5702 0.5936182179945075 0.3557367396705946 0
5703 -0.7206103907536439 0.2500506668596488 0
5704 -0.4133969259513437 0.3124588912259384 0
5705 -0.06221507018046279 0.2247012851933546 0
5706 0.1050984331907105 -0.8117921528314546 0
5707 0.10795520046119 0.4564524914463366 0
5708 0.7027024232766171 0.0288109851506278 0
5709 0.8882939333921903 0.09012558446374133 0
5710 -0.9839924457470224 0.8358208955228431 0
5711 0.3499644678927408 -0.6417891125390176 0
5712 -0.3978063143111399 -0.6302217897280042 0
5713 -0.3713388770968706 -0.2758447488998065 0
5714 0.2345813894688404 0.5990299940605858 0
5715 0.9139389390790909 0.08924551056361586 0
5716 0.425529865931903 0.8823444348652945 0
5717 -0.3217226289105043 0.7366533047528688 0
5718 0.7639487435834753 -0.01465597274259798 0
5719 0.2354757208698594 -0.3908008897819527 0
5720 -0.06684468595063958 0.4774019159329876 0
5721 -0.7559958440091402 -0.495522249310088 0
5722 -0.9819754433237106 -0.146602323016564 0
5723 0.02147343189220755 -0.1662874066406112 0
5724 -0.7747421374880227 -0.09124786618683393 0
5725 0.4123737017338027 0.6292729752328536 0
5726 0.472624907317414 -0.9419681839964085 0
5727 -0.009437847719788305 0.7562676859135986 0
5728 0.9366706701817221 -0.3041164885220853 0
5729 0.005850995449818958 -0.3497414650345259 0
5730 0.469299767766416 -0.7776162400585998 0
5731 0.7441658198558954 0.5491926198030466 0
5732 0.9100616415030527 -0.9051236942846603 0
5733 0.3574354363084626 0.2457296255382695 0
5734 -0.947712889594456 -0.3986446859191348 0
5735 0.8712519737248552 -0.3693331525552725 0
5736 0.6258243333688815 0.121367973977392 0
5737 -0.8430890301595274 -0.599245336858083 0
5738 0.02216553122382402 -0.06981336274485453 0
5739 -0.9808938825864989 0.03301351706508964 0
5740 -0.04654194495653811 -0.45480664996541 0
5741 -0.8459773714563068 0.3679447469159628 0
5742 -0.4326696373176569 0.02696625472015998 0
5743 -0.2821909204570159 -0.5509322883891454 0
5744 0.3833236527347822 -0.04196739438785457 0
5745 0.9152638420521821 0.4029610651006221 0
5746 -0.5232515043469848 -0.1222515105270288 0
5747 0.7544478071254472 0.9788913592376842 0
5748 -0.7215957147517164 -0.5277397591210258 0
5749 -0.001161581744001803 -0.7796725442720334 0
5750 0.1983640336844274 -0.3644230537373871 0
5751 0.5871866169549116 0.4709828133327656 0
5752 0.1787391286242019 -0.9521503793905638 0
5753 -0.3228131690566317 -0.6447761400030513 0
5754 -0.4038188644610239 0.7038444056786566 0
5755 -0.0295805636544736 -0.4184457208208661 0
5756 0.2602497993191082 -0.6600812671194173 0
5757 0.7197115052179089 0.2687938571271336 0
5758 0.4960138109294989 0.2421727828641331 0
5759 -0.5621958287222657 0.3540004224033147 0
5760 0.7422070294595499 -0.1382392315012033 0
5761 -0.5039200727638011 -0.02332546708878476 0
5762 -0.361722032680189 0.03411881374835569 0
5763 -0.6483802150790008 -0.5142530097316265 0
5764 0.1165582332229333 -0.1737439310874818 0
5765 0.1780122453480282 -0.7857684776414608 0
5766 -0.004590130176305574 -0.7416086300104165 0
5767 0.0380426842802572 0.2747652335157881 0
5768 0.4009042383412148 0.1810647184826929 0
5769 -0.6135898504170119 -0.1603997818160329 0
5770 0.5006177889418191 -0.5257146757517603 0
5771 0.1777263650338921 0.9500095822983234 0
5772 0.9043510082643029 0.3699934789714568 0
5773 0.2150527912678304 -0.7976374998843526 0
5774 -0.8834431891801683 -0.6916807230147823 0
5775 -0.1199237821055277 -0.9837155172725567 0
5776 -0.9468401573729526 0.5455389313902429 0
5777 0.4124791314978115 0.1990761845829956 0
5778 -0.8862487487731733 -0.2031607607524778 0
5779 0.5892357405034112 -0.9178321485432601 0
5780 0.6141231056417948 -0.3194738206821938 0
5781 0.2264218260644048 -0.3021080896001121 0
5782 0.482780504513288 0.9535514500208639 0
5783 0.4897168889045085 -0.8692706164708246 0
5784 0.3200578624323918 0.4923988056658816 0
5785 -0.4509664939027434 -0.630478080321785 0
5786 0.9466289578500364 0.8334198967750235 0
5787 -0.7942478431078712 -0.1812263513881121 0
5788 -0.2682088005959161 -0.9832408334816876 0
5789 0.7277367725252649 0.2263777750385224 0
5790 0.4402848501905217 0.6182059523336541 0
5791 0.8369176840146209 0.8951844469938983 0
5792 0.4115621450356136 0.5001540598404044 0
5793 0.8004627610072563 0.0472625815425379 0
5794 -0.1251507121175989 0.1915502292935677 0
5795 0.7027628686592148 -0.6444233730788969 0
5796 -0.4092502633830573 0.1893465675864722 0
5797 0.7556872266678208 0.1641082769522676 0
5798 0.7647870531781373 0.06701449913793961 0
5799 0.9204646570385873 -0.8723727560244092 0
5800 0.02409524614118419 -0.5577343991892041 0
5801 0.6624014325909205 0.01406267208851283 0
5802 0.3201530196499914 0.6064386159615962 0
5803 -0.272624182195261 0.007223954721564116 0
5804 -0.3129605969860992 0.2098967164089631 0
5805 0.9404814313585167 0.4908790028411372 0
5806 -0.6046494422532452 0.7617004842437229 0
5807 0.4295952163637425 -0.7800742325355146 0
5808 0.3858043307836457 -0.9389302990487657 0
5809 0.4373131377518327 0.549592647632285 0
5810 -0.8089570694066002 0.6600573806525853 0
5811 -0.1790282474158365 -0.9491023456673561 0
5812 0.2890441467731817 0.05007852762790838 0
5813 0.8410589731402425 -0.122945703077123 0
5814 0.7404009195783041 0.1938676699175259 0
5815 0.08521386308712547 0.8884585393682021 0
5816 -0.4876678540551325 0.1865872351157916 0
5817 -0.09943900849281717 -0.1900576028161184 0
5818 0.7416602201576598 -0.8129218405015703 0
5819 -0.9580705056353439 -0.8840386721148777 0
5820 -0.3713615516645154 -0.6359583181270745 0
5821 0.9575284584198901 0.4222288807989439 0
5822 -0.9267444424141372 0.5759136279867482 0
5823 0.8692721699083714 0.156135429980503 0
5824 -0.3328588434505965 0.07137398440920803 0
5825 0.6919687891962705 -0.2193267202487475 0
5826 -0.1590595841251451 -0.09814269699214885 0
5827 -0.668997972812566 0.7408895968440453 0
5828 -0.7162517871221035 0.02152222456219658 0
5829 0.1194208033204706 -0.09104424103544595 0
5830 0.5682386732581068 -0.9053883579455111 0
5831 0.458379184184834 0.8040367221615332 0
5832 0.1853846202196699 -0.4916599758758381 0
5833 0.06246317703440081 -0.6218544283012571 0
5834 0.5931880783720872 0.9829303749107254 0
5835 0.7856352393022996 0.9165653498367714 0
5836 0.06132083351034603 -0.682980145532504 0
5837 -0.3772751890173357 -0.5960866669466331 0
5838 -0.02781439459782378 0.848896435135493 0
5839 0.2775497082236702 -0.3173398583272029 0
5840 -0.9796504741935987 -0.9794570542849703 0
5841 -0.1504584006130634 0.1895033281996269 0
5842 0.8480415384762549 -0.9583240139193105 0
5843 0.612234697685393 -0.2886352107097097 0
5844 -0.2255657376573949 -0.09369925731142281 0
5845 0.7418791137421092 -0.5234597392377889 0
5846 0.504495298874461 0.6660735683025094 0
5847 -0.02127810962401786 -0.2181077395914065 0
5848 -0.1765606241106864 -0.5101340961330455 0
5849 -0.0246427673521681 0.9168346130323852 0
5850 -0.5914867706225555 -0.7306744522334122 0
5851 -0.980474302443884 0.6199245405981196 0
5852 -0.4828993234924807 0.4354975573995599 0
5853 0.06303632430571389 0.9450498174933454 0
5854 0.1946611865081761 -0.308844818211665 0
5855 0.4492289157919158 -0.4736735930728063 0
5856 0.01469201965380007 0.6139600060971798 0
5857 0.2750812964101841 -0.3763979723046781 0
5858 0.5190507578346112 0.4794863959145366 0
5859 -0.1706371878983235 -0.5319814882469952 0
5860 -0.3526713637542421 0.445903896045226 0
5861 0.6250892949596217 -0.2163725912971086 0
5862 0.6054885857831354 -0.6771938184381054 0
5863 -0.2260093692222863 0.9391897259186588 0
5864 -0.351775819983249 0.5182433054085707 0
5865 0.879357439521474 0.4500358382611678 0
5866 -0.7514294027826681 -0.5881435601508048 0
5867 0.1938853327212219 -0.4289193621600407 0
5868 -0.7209047954479181 0.4389658064044407 0
5869 0.4949800219789026 0.4698448812754666 0
5870 -0.1862880007291033 -0.1189983073980032 0
5871 -0.2055223636169291 0.08935072277017547 0
5872 -0.1492811844938141 -0.1739705587496325 0
5873 -0.4281092560714431 -0.09848308024115095 0
5874 0.539126477391189 -0.5345030572622915 0
5875 -0.735291343843955 -0.2717370071161666 0
5876 -0.5503164066131391 -0.9584591783685327 0
5877 -0.1158167755982382 -0.1566371239734445 0
5878 0.06640273764268531 -0.9553253986501595 0
5879 0.5645054449546301 -0.7817404017417464 0
5880 0.9519757806452788 0.1834688039483899 0
5881 -0.2447798747792939 0.7999083549159304 0
5882 0.5867212973762228 0.5093549635281051 0
5883 0.40552358405548 -0.9476650140946329 0
5884 -0.7866645468577042 0.3524168856285539 0
5885 0.5345506851392519 0.462415621218095 0
5886 -0.5432277613764288 0.481364226948342 0
5887 -0.2503883920047236 0.8212249754576179 0
5888 -0.005644288600227927 -0.5188098118967119 0
5889 0.8607502575566386 0.7385126631172403 0
5890 0.6813989351726398 -0.4466273352305926 0
5891 0.03531167052058599 -0.6513846065766697 0
5892 0.6909495292136058 -0.6274922857328026 0
5893 0.1642575586011218 0.529739893596179 0
5894 0.0704372839804278 -0.3632117248368359 0
5895 0.1135004565425947 0.6310605996964372 0
5896 0.09431244274110408 0.1014355047888832 0
5897 -0.5232307267062364 -0.8222403143390046 0
5898 0.8559581941900783 -0.5675695295672071 0
5899 -0.8335271900171553 -0.1196157071162429 0
5900 -0.6862489466051551 -0.7617807478662739 0
5901 -0.948075891967882 0.31402030793685 0
5902 -0.02988877904265391 -0.9838028299708436 0
5903 -0.9803816623680783 -0.3669653540264725 0
5904 -0.6828264595207197 0.5599241180896548 0
5905 0.1175083079495994 0.1633425165074128 0
5906 0.1187446000247225 -0.324299754951325 0
5907 -0.5817552724854725 -0.7773759096284405 0
5908 -0.6752118492752324 0.6669187979284078 0
5909 0.2415224921792269 -0.7493629336035019 0
5910 -0.3880988671381946 -0.671005985220545 0
5911 0.9195956456927482 0.5285597055634399 0
5912 -0.2759228686186866 -0.6446730991060492 0
5913 0.864949354447679 -0.6796860358268666 0
5914 0.910834373170339 -0.4023970325597593 0
5915 0.4660067319644401 -0.4383195480044243 0
5916 0.9563212619105793 -0.2457956182472228 0
5917 -0.137506052873503 0.2276758265224218 0
5918 -0.918126230705312 0.05296980833949021 0
5919 -0.8267356086388411 -0.2405038930442008 0
5920 -0.9032243524049717 -0.3764009757768009 0
5921 0.6997001815587818 0.2586631355342827 0
5922 0.9799567158417357 -0.1129449467445777 0
5923 -0.1732549304758308 0.6510755744688305 0
5924 0.3786648433710912 0.2267470268607242 0
5925 0.6377720118955121 0.9349495220409214 0
5926 0.6166804726402844 -0.07714674596232216 0
5927 -0.3406745101362143 0.1867434811502026 0
5928 -0.1366415351466402 0.4691000129217474 0
5929 -0.6929289696702172 0.891388183224367 0
5930 -0.8108560485100156 0.6131776389818271 0
5931 0.5969118668017838 -0.26419141398995 0
5932 0.09220667051671039 -0.8279189628899331 0
5933 0.2091779871378826 -0.9825045152536155 0
5934 0.1795021279487786 0.7763275564110783 0
5935 0.3923090625125146 0.03210022919760108 0
5936 -0.7314932637443212 -0.1072161174041444 0
5937 0.5918363827049702 -0.8747362386933153 0
5938 -0.6168319762985164 0.8784133363222654 0
5939 0.215211931882613 -0.3994242551332137 0
5940 -0.7588148861424568 -0.659582113858209 0
5941 0.3006832852440141 -0.8578057717144295 0
5942 0.3135425864187841 -0.7605264147360589 0
5943 -0.6062877565431343 -0.591256116056582 0
5944 0.2998894204616853 0.7526574175560149 0
5945 -0.3659866158930081 0.3836566657107362 0
5946 0.9822829732414511 -0.5370299181376924 0
5947 0.4868095086816787 0.5995513420313264 0
5948 -0.3785850610771432 0.3683738854422796 0
5949 -0.1390527778567757 -0.01848364472313476 0
5950 0.9121458371179749 0.8535894396782158 0
5951 -0.07403724319308841 0.6425222830940093 0
5952 -0.5209933600205302 0.04623544210701588 0
5953 -0.1953992667300443 0.9502599009818196 0
5954 0.9786223508641347 0.165910106869891 0
5955 0.7048578569015624 -0.951555177844701 0
5956 0.1586589530731636 0.6867120570490537 0
5957 -0.2300723503446371 0.9805365547643772 0
5958 0.4991161700733218 0.7912886800090063 0
5959 0.9801996549467618 -0.05023872622243436 0
5960 -0.1034955965674066 -0.07448581421133844 0
5961 -0.4729509881219347 -0.8260626411852374 0
5962 -0.9816260540721218 -0.9513240962464756 0
5963 0.2289503560814182 0.5157634392354405 0
5964 -0.3760996192863933 0.5492571599427194 0
5965 0.6175961134822316 -0.8051058746582761 0
5966 0.4169181633606006 -0.6661877642521306 0
5967 -0.7897996651738077 0.8631931036532713 0
5968 0.04778677349707269 0.7833449911344711 0
5969 0.08125994664423145 0.4537173737171644 0
5970 -0.3093996244502243 -0.5764645772792498 0
5971 0.3583862996949189 -0.471662168713888 0
5972 -0.1130655795470795 0.9048717221660578 0
5973 -0.1018152122368909 -0.6872768887355245 0
5974 0.06349243691179683 0.03082723129043373 0
5975 -0.5047809348056779 -0.1854708525077188 0
5976 -0.2527641022793323 0.6798252133982697 0
5977 0.3848749123866929 -0.3434871333402064 0
5978 -0.5200349690774482 0.5214434760269051 0
5979 0.107395950426118 0.9484144293033543 0
5980 0.5823187970372171 -0.5280343480891809 0
5981 -0.8796192299745278 0.145655784624518 0
5982 0.9796274308126126 -0.3965590946933339 0
5983 0.1764943300186977 -0.2054576185560738 0
5984 -0.3751898729344113 0.2903760186000547 0
5985 0.9203007583875866 0.5715561831276931 0
5986 -0.9780532824479193 0.274869504471826 0
5987 -0.8608035913205381 -0.2676099714700729 0
5988 0.2364860678591447 0.2333809604074567 0
5989 0.7479826823280958 0.8979615380921254 0
5990 0.5797104591346948 0.7072124558452496 0
5991 0.3680381841149316 0.1170914339586936 0
5992 0.1370542023105841 -0.3365181868231414 0
5993 0.3941178150997705 -0.3706509747327903 0
5994 -0.3906709611158564 -0.7137509016189414 0
5995 0.885160461207807 -0.6029939494997522 0
5996 0.1767854791698749 0.3875570361685068 0
5997 0.6209398765931213 -0.8242620741013578 0
5998 0.3045384788759807 0.2111192952959423 0
5999 -0.8623520611217999 0.4983507101835997 0
6000 -0.9495879519622886 0.649050024000224 0
6001 -0.2196321530875178 -0.9573535449533352 0
6002 -0.2684248065881927 0.5009398581978546 0
6003 -0.7740443483764832 -0.6386512967980127 0
6004 0.1011587860114515 0.5830984362633839 0
6005 0.08392900771226058 -0.539250313563064 0
6006 0.7023515107749538 -0.8146354792358176 0
6007 0.5910872925360443 -0.4850911647251558 0
6008 -0.7904290765435134 0.9089825424201252 0
6009 -0.6933624188931946 -0.3081545370037065 0
6010 -0.4186468378791952 0.1204540856680666 0
6011 -0.3145685857427579 -0.03760858988704367 0
6012 -0.88269555445062 -0.4071067148350648 0
6013 -0.05016719033936655 -0.9084577365168689 0
6014 0.1561263323639941 -0.3253223953574923 0
6015 0.3845159275017163 0.4983869417414805 0
6016 -0.586788463868567 0.07855209920111594 0
6017 0.5658910655624854 0.1152079718806149 0
6018 0.02009319123599686 0.03962078498623956 0
6019 0.6427243893986507 0.4134664027834165 0
6020 0.5862077124787516 -0.9419760321237354 0
6021 0.7101877596314886 0.9199063241651367 0
6022 -0.4837293928410396 -0.01091065146951418 0
6023 -0.8255467384959196 0.8597354426926735 0
6024 0.7978932420686565 -0.4883395819646479 0
6025 0.2170296669280972 0.9562325650769186 0
6026 -0.5235565479205673 -0.05419401692339659 0
6027 -0.7825441111033813 -0.2645436773033666 0
6028 -0.3520142291733479 0.08752516226084736 0
6029 -0.7761111563124594 -0.8846057971964009 0
6030 -0.2546380840149158 -0.5423743014155796 0
6031 -0.05674865636830879 -0.3904847564550784 0
6032 0.8600973158746998 0.6513048564906371 0
6033 0.2278383257660863 0.4734117121288399 0
6034 0.6153908130987471 -0.5482399472618628 0
6035 -0.8230398343971856 -0.58616402658372 0
6036 0.50496016931984 0.5152724802331063 0
6037 0.05691083939673688 0.9825103938676475 0
6038 -0.06935486768331259 -0.0591184064250036 0
6039 -0.05114282578948313 0.266395456685223 0
6040 -0.5346758409516356 0.5730900218165697 0
6041 -0.208166456241191 -0.4713580273640943 0
6042 0.5639468677866136 -0.9467997758996791 0
6043 -0.7827101850879554 0.1049903954437338 0
6044 0.4619643414590842 0.2565474638184262 0
6045 -0.3520676469982658 0.893817187263784 0
6046 -0.6103508700579492 0.0741989156310872 0
6047 -0.2039109462478463 0.7458076215840321 0
6048 0.4168693933560361 -0.4967949588239224 0
6049 -0.548574723732278 0.06916995201387573 0
6050 -0.9020440846692375 -0.5561121160999848 0
6051 -0.4819642479492382 0.2317064431704556 0
6052 -0.06197986115751249 0.4357978745892028 0
6053 -0.04399272671249993 -0.2025270646596358 0
6054 -0.2136825675127873 0.905914200772324 0
6055 0.3240882260046526 0.1474257273128188 0
6056 0.4543977883184994 -0.1900408846653985 0
6057 -0.6284501064909743 0.5195730999377627 0
6058 0.5384984436851585 -0.8791230564542485 0
6059 -0.1282569276436163 -0.930073904534747 0
6060 -0.8523250389784551 0.956642449513123 0
6061 0.1206516016606787 0.9837451168674574 0
6062 0.1714823382854886 -0.837226537601473 0
6063 0.7661820912154519 -0.7523244533739564 0
6064 -0.7977670553180087 0.5896607088022061 0
6065 0.01764891936569737 -0.2030610971162941 0
6066 0.4552904059732074 0.4597893432552888 0
6067 0.4312868884979258 -0.3663183113605972 0
6068 -0.5307266466916383 -0.7318398112339428 0
6069 0.4752871618059029 0.9170498833296572 0
6070 -0.2773687771494926 0.8223691432010096 0
6071 0.4998530474283688 -0.8057140367812502 0
6072 -0.3373140077378898 0.2102757957438476 0
6073 -0.5232579975172744 -0.0106070153515802 0
6074 0.830002378367812 -0.9093287376064308 0
6075 -0.6165847132523498 -0.388913445177465 0
6076 -0.3741414023156499 0.2133072408338726 0
6077 0.07307013997543921 0.478733055022886 0
6078 0.4189897525739403 0.4758699880275322 0
6079 -0.3095540429662997 0.137312435246561 0
6080 -0.661162108817724 0.3566697256396722 0
6081 -0.04699893953784597 -0.5224077513260642 0
6082 -0.2496675968810845 0.6096247485288847 0
6083 -0.3743416869755294 0.6442314775570932 0
6084 -0.1300770684790619 0.5386709167284321 0
6085 0.9795572483783239 -0.7056532541232713 0
6086 -0.7058793462346076 0.9521448984361451 0
6087 0.9835913876563569 0.9835913876562824 0
6088 -0.1304499219820061 0.5585149148811341 0
6089 0.1906260566763348 -0.4513201263979075 0
6090 0.5189507499574744 -0.009821035149017558 0
6091 -0.03407238318362174 -0.261877830854049 0
6092 0.5300990399970665 0.08662451094622299 0
6093 0.5468964168705326 -0.2745655167793321 0
6094 -0.1092795437821515 0.6337825529220756 0
6095 0.5701722639018134 -0.09358715631974214 0
6096 0.1020240239372368 -0.6024974217516288 0
6097 0.7688508930629636 -0.2921314189169571 0
6098 -0.330033238280484 0.476813270595475 0
6099 -0.06575654443154234 -0.436010358832283 0
6100 0.7790280657382092 -0.2730243101165535 0
6101 -0.9121959420025011 -0.1729792497419202 0
6102 0.412278529374714 0.6668077973565969 0
6103 0.3622480696178232 0.494652239834282 0
6104 0.607796872125274 -0.8876993908602654 0
6105 0.1870205177052853 0.3462674820492034 0
6106 -0.07681217305335809 0.5802475620112589 0
6107 -0.4149560381377052 -0.2270967688785968 0
6108 -0.985000990434813 0.4179104477628098 0
6109 -0.3114440802637704 0.5433734228566796 0
6110 -0.3869663165703062 0.4197119493697507 0
6111 0.39503082357869 -0.5615943444697484 0
6112 -0.7439975097263335 0.4105006488354143 0
6113 -0.3129703320578661 -0.07460074161642974 0
6114 -0.3561808354169388 0.1480116564651252 0
6115 0.6225785696500449 -0.4371495364229745 0
6116 -0.2552966852505643 -0.6080062625239236 0
6117 -0.6147234508903785 -0.6121437271498099 0
6118 -0.8237986104658465 -0.4951280327549573 0
6119 -0.08170795714994303 0.6028102438433895 0
6120 -0.9490152380364528 -0.5895697929506174 0
6121 0.05426921947601598 0.2914631803625072 0
6122 -0.6401406538853684 0.5019117003139946 0
6123 -0.9029070385513632 -0.7216846846250352 0
6124 0.4567125516418885 -0.7018775522148133 0
6125 -0.2375139593075394 -0.8819568140897094 0
6126 0.4042814694905253 -0.7417053948847219 0
6127 0.7293891719191129 -0.6150705420944098 0
6128 0.6391320272296929 -0.7684959559484894 0
6129 0.3304486216944483 0.1981341517437774 0
6130 0.03259211424851605 0.6410460427197131 0
6131 0.7964280353033071 0.1406156844813933 0
6132 0.352614724541957 -0.5741222615039162 0
6133 -0.8860042523131457 0.04076747145548142 0
6134 0.1398222125937446 -0.7941756100435162 0
6135 0.1317889617977412 -0.846866123645472 0
6136 0.8366413446560532 -0.7272681413915352 0
6137 0.8579140989727649 0.9792442610091618 0
6138 0.6381710882336026 0.3055773916956775 0
6139 -0.7805044057245224 0.3271390486018206 0
6140 0.2279004933688309 -0.05086931997338551 0
6141 0.2166115737886329 0.4341540415432719 0
6142 0.154429842580938 -0.9806464970017859 0
6143 0.9850754397212552 -0.1791044776142189 0
6144 -0.2362271000217849 0.5431483849908983 0
6145 0.2419934537631031 0.392051028342612 0
6146 0.7518106364851411 -0.7681606081815834 0
$EndNodes
$Elements
12292
1 1 2 10 1 1 7
2 1 2 10 1 7 8
3 1 2 10 1 8 9
4 1 2 10 1 9 10
5 1 2 10 1 10 11
6 1 2 10 1 11 12
7 1 2 10 1 12 13
8 1 2 10 1 13 14
9 1 2 10 1 14 15
10 1 2 10 1 15 16
11 1 2 10 1 16 17
12 1 2 10 1 17 18
13 1 2 10 1 18 19
14 1 2 10 1 19 20
15 1 2 10 1 20 21
16 1 2 10 1 21 22
17 1 2 10 1 22 23
18 1 2 10 1 23 24
19 1 2 10 1 24 25
20 1 2 10 1 25 26
21 1 2 10 1 26 27
22 1 2 10 1 27 28
23 1 2 10 1 28 29
24 1 2 10 1 29 30
25 1 2 10 1 30 31
26 1 2 10 1 31 32
27 1 2 10 1 32 33
28 1 2 10 1 33 34
29 1 2 10 1 34 35
30 1 2 10 1 35 36
31 1 2 10 1 36 37
32 1 2 10 1 37 38
33 1 2 10 1 38 39
34 1 2 10 1 39 40
35 1 2 10 1 40 41
36 1 2 10 1 41 42
37 1 2 10 1 42 43
38 1 2 10 1 43 44
39 1 2 10 1 44 45
40 1 2 10 1 45 46
41 1 2 10 1 46 47
42 1 2 10 1 47 48
43 1 2 10 1 48 49
44 1 2 10 1 49 50
45 1 2 10 1 50 51
46 1 2 10 1 51 52
47 1 2 10 1 52 53
48 1 2 10 1 53 54
49 1 2 10 1 54 55
50 1 2 10 1 55 56
51 1 2 10 1 56 57
52 1 2 10 1 57 58
53 1 2 10 1 58 59
54 1 2 10 1 59 60
55 1 2 10 1 60 61
56 1 2 10 1 61 62
57 1 2 10 1 62 63
58 1 2 10 1 63 64
59 1 2 10 1 64 65
60 1 2 10 1 65 66
61 1 2 10 1 66 67
62 1 2 10 1 67 68
63 1 2 10 1 68 69
64 1 2 10 1 69 70
65 1 2 10 1 70 71
66 1 2 10 1 71 72
67 1 2 10 1 72 2
68 1 2 11 2 2 73
69 1 2 11 2 73 74
70 1 2 11 2 74 75
71 1 2 11 2 75 76
72 1 2 11 2 76 77
73 1 2 11 2 77 78
74 1 2 11 2 78 79
75 1 2 11 2 79 80
76 1 2 11 2 80 81
77 1 2 11 2 81 82
78 1 2 11 2 82 83
79 1 2 11 2 83 84
80 1 2 11 2 84 85
81 1 2 11 2 85 86
82 1 2 11 2 86 87
83 1 2 11 2 87 88
84 1 2 11 2 88 89
85 1 2 11 2 89 90
86 1 2 11 2 90 91
87 1 2 11 2 91 92
88 1 2 11 2 92 93
89 1 2 11 2 93 94
90 1 2 11 2 94 95
91 1 2 11 2 95 96
92 1 2 11 2 96 97
93 1 2 11 2 97 98
94 1 2 11 2 98 99
95 1 2 11 2 99 100
96 1 2 11 2 100 101
97 1 2 11 2 101 102
98 1 2 11 2 102 103
99 1 2 11 2 103 104
100 1 2 11 2 104 105
101 1 2 11 2 105 106
102 1 2 11 2 106 107
103 1 2 11 2 107 108
104 1 2 11 2 108 109
105 1 2 11 2 109 110
106 1 2 11 2 110 111
107 1 2 11 2 111 112
108 1 2 11 2 112 113
109 1 2 11 2 113 114
110 1 2 11 2 114 115
111 1 2 11 2 115 116
112 1 2 11 2 116 117
113 1 2 11 2 117 118
114 1 2 11 2 118 119
115 1 2 11 2 119 120
116 1 2 11 2 120 121
117 1 2 11 2 121 122
118 1 2 11 2 122 123
119 1 2 11 2 123 124
120 1 2 11 2 124 125
121 1 2 11 2 125 126
122 1 2 11 2 126 127
123 1 2 11 2 127 128
124 1 2 11 2 128 129
125 1 2 11 2 129 130
126 1 2 11 2 130 131
127 1 2 11 2 131 132
128 1 2 11 2 132 133
129 1 2 11 2 133 134
130 1 2 11 2 134 135
131 1 2 11 2 135 136
132 1 2 11 2 136 137
133 1 2 11 2 137 138
134 1 2 11 2 138 3
135 1 2 12 3 3 139
136 1 2 12 3 139 140
137 1 2 12 3 140 141
138 1 2 12 3 141 142
139 1 2 12 3 142 143
140 1 2 12 3 143 144
141 1 2 12 3 144 145
142 1 2 12 3 145 146
143 1 2 12 3 146 147
144 1 2 12 3 147 148
145 1 2 12 3 148 149
146 1 2 12 3 149 150
147 1 2 12 3 150 151
148 1 2 12 3 151 152
149 1 2 12 3 152 153
150 1 2 12 3 153 154
151 1 2 12 3 154 155
152 1 2 12 3 155 156
153 1 2 12 3 156 157
154 1 2 12 3 157 158
155 1 2 12 3 158 159
156 1 2 12 3 159 160
157 1 2 12 3 160 161
158 1 2 12 3 161 162
159 1 2 12 3 162 163
160 1 2 12 3 163 164
161 1 2 12 3 164 165
162 1 2 12 3 165 166
163 1 2 12 3 166 167
164 1 2 12 3 167 168
165 1 2 12 3 168 169
166 1 2 12 3 169 170
167 1 2 12 3 170 171
168 1 2 12 3 171 172
169 1 2 12 3 172 173
170 1 2 12 3 173 174
171 1 2 12 3 174 175
172 1 2 12 3 175 176
173 1 2 12 3 176 177
174 1 2 12 3 177 178
175 1 2 12 3 178 179
176 1 2 12 3 179 180
177 1 2 12 3 180 181
178 1 2 12 3 181 182
179 1 2 12 3 182 183
180 1 2 12 3 183 184
181 1 2 12 3 184 185
182 1 2 12 3 185 186
183 1 2 12 3 186 187
184 1 2 12 3 187 188
185 1 2 12 3 188 189
186 1 2 12 3 189 190
187 1 2 12 3 190 191
188 1 2 12 3 191 192
189 1 2 12 3 192 193
190 1 2 12 3 193 194
191 1 2 12 3 194 195
192 1 2 12 3 195 196
193 1 2 12 3 196 197
194 1 2 12 3 197 198
195 1 2 12 3 198 199
196 1 2 12 3 199 200
197 1 2 12 3 200 201
198 1 2 12 3 201 202
199 1 2 12 3 202 203
200 1 2 12 3 203 204
201 1 2 12 3 204 4
202 1 2 13 4 4 205
203 1 2 13 4 205 206
204 1 2 13 4 206 207
205 1 2 13 4 207 208
206 1 2 13 4 208 209
207 1 2 13 4 209 210
208 1 2 13 4 210 211
209 1 2 13 4 211 212
210 1 2 13 4 212 213
211 1 2 13 4 213 214
212 1 2 13 4 214 215
213 1 2 13 4 215 216
214 1 2 13 4 216 217
215 1 2 13 4 217 218
216 1 2 13 4 218 219
217 1 2 13 4 219 220
218 1 2 13 4 220 221
219 1 2 13 4 221 222
220 1 2 13 4 222 223
221 1 2 13 4 223 224
222 1 2 13 4 224 225
223 1 2 13 4 225 226
224 1 2 13 4 226 227
225 1 2 13 4 227 228
226 1 2 13 4 228 229
227 1 2 13 4 229 230
228 1 2 13 4 230 231
229 1 2 13 4 231 232
230 1 2 13 4 232 233
231 1 2 13 4 233 234
232 1 2 13 4 234 235
233 1 2 13 4 235 236
234 1 2 13 4 236 237
235 1 2 13 4 237 238
236 1 2 13 4 238 239
237 1 2 13 4 239 240
238 1 2 13 4 240 241
239 1 2 13 4 241 242
240 1 2 13 4 242 243
241 1 2 13 4 243 244
242 1 2 13 4 244 245
243 1 2 13 4 245 246
244 1 2 13 4 246 247
245 1 2 13 4 247 248
246 1 2 13 4 248 249
247 1 2 13 4 249 250
248 1 2 13 4 250 251
249 1 2 13 4 251 252
250 1 2 13 4 252 253
251 1 2 13 4 253 254
252 1 2 13 4 254 255
253 1 2 13 4 255 256
254 1 2 13 4 256 257
255 1 2 13 4 257 258
256 1 2 13 4 258 259
257 1 2 13 4 259 260
258 1 2 13 4 260 261
259 1 2 13 4 261 262
260 1 2 13 4 262 263
261 1 2 13 4 263 264
262 1 2 13 4 264 265
263 1 2 13 4 265 266
264 1 2 13 4 266 267
265 1 2 13 4 267 268
266 1 2 13 4 268 269
267 1 2 13 4 269 270
268 1 2 13 4 270 1
269 1 2 14 5 5 271
270 1 2 14 5 271 272
271 1 2 14 5 272 273
272 1 2 14 5 273 274
273 1 2 14 5 274 275
274 1 2 14 5 275 276
275 1 2 14 5 276 277
276 1 2 14 5 277 278
277 1 2 14 5 278 279
278 1 2 14 5 279 280
279 1 2 14 5 280 281
280 1 2 14 5 281 282
281 1 2 14 5 282 283
282 1 2 14 5 283 6
283 1 2 14 6 6 284
284 1 2 14 6 284 285
285 1 2 14 6 285 286
286 1 2 14 6 286 287
287 1 2 14 6 287 288
288 1 2 14 6 288 289
289 1 2 14 6 289 290
290 1 2 14 6 290 291
291 1 2 14 6 291 292
292 1 2 14 6 292 293
293 1 2 14 6 293 294
294 1 2 14 6 294 295
295 1 2 14 6 295 296
296 1 2 14 6 296 5
297 2 2 2 1 753 1870 2686
298 2 2 2 1 1825 387 2913
299 2 2 2 1 1073 2087 3252
300 2 2 2 1 1659 2033 4964
301 2 2 2 1 2033 754 4964
302 2 2 2 1 1666 3836 5083
303 2 2 2 1 731 1973 3447
304 2 2 2 1 2944 1836 4972
305 2 2 2 1 3803 309 4392
306 2 2 2 1 4652 1006 4812
307 2 2 2 1 152 153 2157
308 2 2 2 1 1025 3292 4908
309 2 2 2 1 2270 1441 4872
310 2 2 2 1 2907 1715 4561
311 2 2 2 1 293 2292 3812
312 2 2 2 1 122 1909 3075
313 2 2 2 1 2185 1244 2490
314 2 2 2 1 2765 1516 3640
315 2 2 2 1 1289 4078 4939
316 2 2 2 1 1189 1977 3475
317 2 2 2 1 2231 980 2312
318 2 2 2 1 1685 4217 4425
319 2 2 2 1 327 1905 5175
320 2 2 2 1 2012 842 3072
321 2 2 2 1 1441 4319 4872
322 2 2 2 1 3475 1977 5027
323 2 2 2 1 345 2355 2427
324 2 2 2 1 1717 791 2932
325 2 2 2 1 1852 450 2653
326 2 2 2 1 306 2907 4561
327 2 2 2 1 2355 1044 2427
328 2 2 2 1 760 2119 2697
329 2 2 2 1 1854 1109 4520
330 2 2 2 1 860 4446 4527
331 2 2 2 1 312 3475 5027
332 2 2 2 1 1101 2068 2917
333 2 2 2 1 1824 3803 4392
334 2 2 2 1 937 4118 5194
335 2 2 2 1 2663 653 4488
336 2 2 2 1 490 2199 3482
337 2 2 2 1 951 1914 2428
338 2 2 2 1 954 1967 4882
339 2 2 2 1 615 2323 3983
340 2 2 2 1 734 2034 2644
341 2 2 2 1 2238 1246 2288
342 2 2 2 1 1817 921 5121
343 2 2 2 1 883 2304 2306
344 2 2 2 1 2119 1034 2697
345 2 2 2 1 2514 1217 2768
346 2 2 2 1 2323 1553 3983
347 2 2 2 1 444 2061 2824
348 2 2 2 1 1876 1015 4832
349 2 2 2 1 678 1866 2515
350 2 2 2 1 1849 4458 4612
351 2 2 2 1 2106 957 2901
352 2 2 2 1 2102 806 4795
353 2 2 2 1 937 2514 2768
354 2 2 2 1 912 2229 2291
355 2 2 2 1 931 2900 3009
356 2 2 2 1 2680 1336 3254
357 2 2 2 1 2272 494 2610
358 2 2 2 1 257 2684 5615
359 2 2 2 1 2229 935 2291
360 2 2 2 1 1948 307 2400
361 2 2 2 1 1065 2272 2610
362 2 2 2 1 1645 2716 3687
363 2 2 2 1 466 2057 2806
364 2 2 2 1 2045 3371 5790
365 2 2 2 1 2313 483 4978
366 2 2 2 1 2626 482 3167
367 2 2 2 1 938 1742 4366
368 2 2 2 1 1830 965 5711
369 2 2 2 1 1857 1303 5237
370 2 2 2 1 2716 399 3687
371 2 2 2 1 1882 685 2493
372 2 2 2 1 2304 967 2306
373 2 2 2 1 1096 2212 5400
374 2 2 2 1 652 1758 4737
375 2 2 2 1 1865 1154 2830
376 2 2 2 1 1939 996 5247
377 2 2 2 1 4978 483 4984
378 2 2 2 1 1947 1010 3085
379 2 2 2 1 4366 1742 4431
380 2 2 2 1 1213 2133 2933
381 2 2 2 1 89 90 2051
382 2 2 2 1 3521 1632 4833
383 2 2 2 1 1758 652 3788
384 2 2 2 1 574 1854 2549
385 2 2 2 1 864 2255 4159
386 2 2 2 1 2133 860 4527
387 2 2 2 1 2900 1442 3009
388 2 2 2 1 2677 524 2898
389 2 2 2 1 2209 930 2424
390 2 2 2 1 2212 2401 5400
391 2 2 2 1 3134 4116 5393
392 2 2 2 1 342 1746 3018
393 2 2 2 1 1993 1153 2538
394 2 2 2 1 1256 1830 5607
395 2 2 2 1 1548 3226 3747
396 2 2 2 1 3515 2524 5575
397 2 2 2 1 2593 1801 4262
398 2 2 2 1 791 1717 3362
399 2 2 2 1 361 1912 5417
400 2 2 2 1 841 1992 2375
401 2 2 2 1 2204 877 2233
402 2 2 2 1 1777 922 4665
403 2 2 2 1 347 2593 4262
404 2 2 2 1 2061 444 2674
405 2 2 2 1 2234 1035 2919
406 2 2 2 1 2210 987 5667
407 2 2 2 1 1405 2049 4278
408 2 2 2 1 1898 1412 4462
409 2 2 2 1 454 1898 4462
410 2 2 2 1 4217 704 4425
411 2 2 2 1 2077 930 5824
412 2 2 2 1 1094 2458 2477
413 2 2 2 1 1067 2689 3681
414 2 2 2 1 4458 1409 4612
415 2 2 2 1 2019 311 2682
416 2 2 2 1 1932 900 2585
417 2 2 2 1 2018 311 5705
418 2 2 2 1 3163 522 4142
419 2 2 2 1 2410 754 4640
420 2 2 2 1 447 1932 2585
421 2 2 2 1 1785 2663 4488
422 2 2 2 1 1851 2410 4640
423 2 2 2 1 974 2019 2682
424 2 2 2 1 1769 417 4015
425 2 2 2 1 2458 298 2477
426 2 2 2 1 885 1950 2759
427 2 2 2 1 3148 1635 4008
428 2 2 2 1 5667 987 5803
429 2 2 2 1 687 2765 3640
430 2 2 2 1 2259 1257 2315
431 2 2 2 1 3136 864 4159
432 2 2 2 1 307 1948 2809
433 2 2 2 1 436 2136 6127
434 2 2 2 1 3406 2360 4919
435 2 2 2 1 861 2180 3331
436 2 2 2 1 2219 871 4643
437 2 2 2 1 116 117 2015
438 2 2 2 1 3204 1067 3681
439 2 2 2 1 880 1979 2426
440 2 2 2 1 1913 643 2494
441 2 2 2 1 979 2197 2999
442 2 2 2 1 2189 861 3331
443 2 2 2 1 2474 617 3618
444 2 2 2 1 4640 2033 4799
445 2 2 2 1 2803 728 4259
446 2 2 2 1 1632 3521 4921
447 2 2 2 1 3254 1336 4178
448 2 2 2 1 2633 383 3182
449 2 2 2 1 3289 1614 3736
450 2 2 2 1 1077 2177 2927
451 2 2 2 1 3137 1025 4908
452 2 2 2 1 1740 654 2901
453 2 2 2 1 423 1900 2513
454 2 2 2 1 2236 328 2383
455 2 2 2 1 344 1926 2571
456 2 2 2 1 871 4119 4643
457 2 2 2 1 522 2526 4142
458 2 2 2 1 1782 70 3279
459 2 2 2 1 1013 1753 3250
460 2 2 2 1 1158 2236 2383
461 2 2 2 1 2283 436 6127
462 2 2 2 1 735 1799 3845
463 2 2 2 1 466 2959 3380
464 2 2 2 1 2719 1808 4242
465 2 2 2 1 2163 967 4088
466 2 2 2 1 2102 4795 5478
467 2 2 2 1 831 2524 3515
468 2 2 2 1 3024 1631 3326
469 2 2 2 1 2216 868 2332
470 2 2 2 1 3020 1569 4139
471 2 2 2 1 1030 3024 3326
472 2 2 2 1 2308 480 3471
473 2 2 2 1 1801 2803 4259
474 2 2 2 1 377 2378 2933
475 2 2 2 1 924 1978 3636
476 2 2 2 1 1156 2135 3060
477 2 2 2 1 1281 2677 2898
478 2 2 2 1 2034 958 2644
479 2 2 2 1 353 2719 4242
480 2 2 2 1 2775 1059 3692
481 2 2 2 1 888 2499 3596
482 2 2 2 1 2378 1213 2933
483 2 2 2 1 1997 501 3171
484 2 2 2 1 1881 4934 5111
485 2 2 2 1 4076 1778 5446
486 2 2 2 1 1166 1913 3713
487 2 2 2 1 722 1865 2620
488 2 2 2 1 930 2209 5824
489 2 2 2 1 1979 373 2426
490 2 2 2 1 365 2253 3314
491 2 2 2 1 3672 1886 3694
492 2 2 2 1 672 1817 3210
493 2 2 2 1 4504 1785 4764
494 2 2 2 1 836 2175 5984
495 2 2 2 1 2079 1198 3353
496 2 2 2 1 1006 3065 4812
497 2 2 2 1 1384 3291 3547
498 2 2 2 1 317 2362 3253
499 2 2 2 1 714 4076 5446
500 2 2 2 1 1753 1013 3377
501 2 2 2 1 2626 3167 5071
502 2 2 2 1 2445 481 5002
503 2 2 2 1 1742 938 3588
504 2 2 2 1 1838 1075 3373
505 2 2 2 1 1746 1262 3886
506 2 2 2 1 870 2435 2437
507 2 2 2 1 468 1889 5579
508 2 2 2 1 2183 836 5984
509 2 2 2 1 3482 2199 4267
510 2 2 2 1 929 2813 2839
511 2 2 2 1 1070 1959 4794
512 2 2 2 1 2075 290 4623
513 2 2 2 1 2082 1278 2743
514 2 2 2 1 1114 1970 3472
515 2 2 2 1 2474 3618 4844
516 2 2 2 1 2435 1089 2437
517 2 2 2 1 324 2989 3063
518 2 2 2 1 584 3406 4919
519 2 2 2 1 1262 1746 3381
520 2 2 2 1 654 1740 2999
521 2 2 2 1 2160 323 4906
522 2 2 2 1 378 1838 3373
523 2 2 2 1 1142 1750 3641
524 2 2 2 1 898 3768 3935
525 2 2 2 1 3414 1469 3445
526 2 2 2 1 1959 331 2472
527 2 2 2 1 2420 1024 2931
528 2 2 2 1 427 2227 4605
529 2 2 2 1 1266 3144 3168
530 2 2 2 1 868 2216 3240
531 2 2 2 1 1024 2082 2743
532 2 2 2 1 1535 2079 3353
533 2 2 2 1 2157 153 4019
534 2 2 2 1 2164 1449 3387
535 2 2 2 1 2114 1823 5384
536 2 2 2 1 1828 3487 4316
537 2 2 2 1 1951 448 2520
538 2 2 2 1 2095 809 2756
539 2 2 2 1 1225 2420 2931
540 2 2 2 1 859 2097 3300
541 2 2 2 1 2200 1055 5346
542 2 2 2 1 1746 342 3427
543 2 2 2 1 2125 473 2382
544 2 2 2 1 469 2114 5384
545 2 2 2 1 1901 2200 5346
546 2 2 2 1 2073 487 2741
547 2 2 2 1 2188 799 2301
548 2 2 2 1 305 2083 2365
549 2 2 2 1 4238 832 4765
550 2 2 2 1 2014 350 4662
551 2 2 2 1 1750 1142 3366
552 2 2 2 1 2840 5037 5244
553 2 2 2 1 2133 1213 3347
554 2 2 2 1 3173 1175 4710
555 2 2 2 1 1897 3275 3344
556 2 2 2 1 2212 823 2401
557 2 2 2 1 888 3596 4332
558 2 2 2 1 2739 1503 3334
559 2 2 2 1 453 2140 3240
560 2 2 2 1 2077 308 2481
561 2 2 2 1 4154 3063 4303
562 2 2 2 1 805 2244 4030
563 2 2 2 1 293 292 2292
564 2 2 2 1 646 2739 3334
565 2 2 2 1 860 2133 3347
566 2 2 2 1 346 1935 3560
567 2 2 2 1 311 2242 5705
568 2 2 2 1 2010 1091 3180
569 2 2 2 1 754 2033 4640
570 2 2 2 1 2361 130 2843
571 2 2 2 1 2140 1190 3240
572 2 2 2 1 1838 672 3210
573 2 2 2 1 42 43 2206
574 2 2 2 1 2840 1848 5037
575 2 2 2 1 1799 735 4621
576 2 2 2 1 1982 738 2947
577 2 2 2 1 2105 936 4114
578 2 2 2 1 910 1900 2723
579 2 2 2 1 2490 1244 3455
580 2 2 2 1 3379 805 4030
581 2 2 2 1 771 2166 3184
582 2 2 2 1 2037 462 2405
583 2 2 2 1 1653 2160 4906
584 2 2 2 1 458 2266 3673
585 2 2 2 1 3023 3907 4663
586 2 2 2 1 3387 1449 3971
587 2 2 2 1 105 106 2113
588 2 2 2 1 930 2077 2481
589 2 2 2 1 2989 1452 3063
590 2 2 2 1 2257 281 2666
591 2 2 2 1 3487 359 4316
592 2 2 2 1 480 2443 3471
593 2 2 2 1 2086 334 2650
594 2 2 2 1 1935 346 3925
595 2 2 2 1 1933 4698 5457
596 2 2 2 1 4815 2472 4962
597 2 2 2 1 1789 748 2884
598 2 2 2 1 2099 802 2655
599 2 2 2 1 2199 490 3236
600 2 2 2 1 1037 1958 2522
601 2 2 2 1 2004 384 3120
602 2 2 2 1 3063 1452 4303
603 2 2 2 1 1900 423 2723
604 2 2 2 1 1074 2004 3120
605 2 2 2 1 904 2317 2321
606 2 2 2 1 1503 3023 4663
607 2 2 2 1 2284 499 3151
608 2 2 2 1 4757 2529 5647
609 2 2 2 1 2085 797 2377
610 2 2 2 1 893 2472 4815
611 2 2 2 1 1370 1927 2739
612 2 2 2 1 4592 859 5867
613 2 2 2 1 2030 741 6113
614 2 2 2 1 2760 1059 2899
615 2 2 2 1 371 2045 2414
616 2 2 2 1 2017 308 2660
617 2 2 2 1 387 1825 3416
618 2 2 2 1 2409 3709 4838
619 2 2 2 1 2246 1594 2828
620 2 2 2 1 2393 829 2395
621 2 2 2 1 2317 960 2321
622 2 2 2 1 1303 1857 4235
623 2 2 2 1 2857 1757 3835
624 2 2 2 1 786 2238 2288
625 2 2 2 1 2902 669 3856
626 2 2 2 1 961 1770 3225
627 2 2 2 1 274 2029 4428
628 2 2 2 1 1196 2393 2395
629 2 2 2 1 1770 961 3100
630 2 2 2 1 2036 807 3056
631 2 2 2 1 343 2857 3835
632 2 2 2 1 922 1777 2980
633 2 2 2 1 2029 274 5372
634 2 2 2 1 4605 2227 5420
635 2 2 2 1 464 1975 5472
636 2 2 2 1 423 2152 2346
637 2 2 2 1 1780 1038 2994
638 2 2 2 1 1984 1114 3472
639 2 2 2 1 1324 2633 3182
640 2 2 2 1 2959 1487 3380
641 2 2 2 1 1507 4640 4799
642 2 2 2 1 2095 908 4859
643 2 2 2 1 814 1987 2491
644 2 2 2 1 656 1793 3460
645 2 2 2 1 2103 2400 5623
646 2 2 2 1 842 2012 2461
647 2 2 2 1 910 2723 2787
648 2 2 2 1 2684 1984 5615
649 2 2 2 1 1414 3774 4985
650 2 2 2 1 512 1804 2875
651 2 2 2 1 1078 1860 4525
652 2 2 2 1 2400 994 5623
653 2 2 2 1 931 1797 2893
654 2 2 2 1 996 2985 5247
655 2 2 2 1 2319 5379 5530
656 2 2 2 1 1877 736 5378
657 2 2 2 1 4698 376 5457
658 2 2 2 1 1214 1918 3755
659 2 2 2 1 959 2162 2471
660 2 2 2 1 2162 492 2471
661 2 2 2 1 700 1816 3241
662 2 2 2 1 563 2524 2894
663 2 2 2 1 1433 4504 4764
664 2 2 2 1 2723 1272 2787
665 2 2 2 1 660 3598 3690
666 2 2 2 1 1890 339 3443
667 2 2 2 1 1826 1078 3185
668 2 2 2 1 2145 327 5175
669 2 2 2 1 629 2271 4614
670 2 2 2 1 1102 1890 3443
671 2 2 2 1 290 289 4623
672 2 2 2 1 2524 1230 2894
673 2 2 2 1 2261 1189 2710
674 2 2 2 1 881 2231 2312
675 2 2 2 1 1775 456 3138
676 2 2 2 1 2319 442 5379
677 2 2 2 1 2407 1080 2556
678 2 2 2 1 2481 308 2537
679 2 2 2 1 902 2139 5755
680 2 2 2 1 4078 1730 4939
681 2 2 2 1 970 1775 3138
682 2 2 2 1 496 2944 4972
683 2 2 2 1 2166 1166 3184
684 2 2 2 1 2089 1151 2415
685 2 2 2 1 511 2542 2871
686 2 2 2 1 1461 3524 3593
687 2 2 2 1 2209 2424 5384
688 2 2 2 1 940 2407 2556
689 2 2 2 1 2459 898 3935
690 2 2 2 1 1100 2181 2949
691 2 2 2 1 1001 2751 3723
692 2 2 2 1 4141 3054 5688
693 2 2 2 1 1097 2481 2537
694 2 2 2 1 2649 1011 3057
695 2 2 2 1 967 2516 4088
696 2 2 2 1 1060 2120 5355
697 2 2 2 1 2146 902 5755
698 2 2 2 1 70 1782 4812
699 2 2 2 1 959 2845 3368
700 2 2 2 1 3271 1892 3885
701 2 2 2 1 1876 202 3335
702 2 2 2 1 2520 856 5054
703 2 2 2 1 2120 1803 5355
704 2 2 2 1 2109 878 2388
705 2 2 2 1 772 2268 2311
706 2 2 2 1 1600 2492 4021
707 2 2 2 1 1775 970 3286
708 2 2 2 1 1259 2109 2388
709 2 2 2 1 384 2004 2551
710 2 2 2 1 2359 263 2836
711 2 2 2 1 1831 445 2900
712 2 2 2 1 599 3289 3736
713 2 2 2 1 522 2428 2753
714 2 2 2 1 350 2097 4662
715 2 2 2 1 740 2057 2705
716 2 2 2 1 1294 3255 3976
717 2 2 2 1 995 2564 2598
718 2 2 2 1 1557 3311 3312
719 2 2 2 1 1797 931 3009
720 2 2 2 1 4116 782 5393
721 2 2 2 1 1847 366 4597
722 2 2 2 1 859 4592 5306
723 2 2 2 1 1094 2096 4735
724 2 2 2 1 4679 2773 5806
725 2 2 2 1 174 2533 4825
726 2 2 2 1 2564 1148 2598
727 2 2 2 1 1892 3271 5533
728 2 2 2 1 1870 753 4603
729 2 2 2 1 1962 657 3467
730 2 2 2 1 906 2021 3299
731 2 2 2 1 1177 2298 3783
732 2 2 2 1 2268 1040 2311
733 2 2 2 1 336 1894 2807
734 2 2 2 1 1147 1962 3467
735 2 2 2 1 363 2358 2981
736 2 2 2 1 1723 4367 5428
737 2 2 2 1 2418 920 4048
738 2 2 2 1 1219 2331 2925
739 2 2 2 1 1210 1848 3852
740 2 2 2 1 2057 973 2705
741 2 2 2 1 1153 1993 4937
742 2 2 2 1 1066 1855 3421
743 2 2 2 1 75 1860 3538
744 2 2 2 1 1309 2125 2382
745 2 2 2 1 2111 477 6073
746 2 2 2 1 1129 2772 3718
747 2 2 2 1 1922 1076 5214
748 2 2 2 1 456 1775 3324
749 2 2 2 1 445 1815 2923
750 2 2 2 1 2347 1625 4335
751 2 2 2 1 1114 1984 2730
752 2 2 2 1 2269 855 3897
753 2 2 2 1 945 2089 2415
754 2 2 2 1 4278 2049 5179
755 2 2 2 1 3872 2615 4058
756 2 2 2 1 1898 454 2783
757 2 2 2 1 794 2259 2315
758 2 2 2 1 1951 2520 5054
759 2 2 2 1 2306 594 4500
760 2 2 2 1 1150 1887 4716
761 2 2 2 1 2166 455 4381
762 2 2 2 1 417 1769 5137
763 2 2 2 1 1041 1888 2737
764 2 2 2 1 1038 1780 3150
765 2 2 2 1 1424 3022 3385
766 2 2 2 1 799 2326 3188
767 2 2 2 1 2492 516 4021
768 2 2 2 1 3410 1129 3718
769 2 2 2 1 2875 810 3688
770 2 2 2 1 1035 4969 5377
771 2 2 2 1 2662 1881 5111
772 2 2 2 1 2500 1644 3482
773 2 2 2 1 459 1793 3174
774 2 2 2 1 1314 2063 2446
775 2 2 2 1 2421 610 3738
776 2 2 2 1 1110 2500 3482
777 2 2 2 1 3226 1548 4768
778 2 2 2 1 1793 993 3174
779 2 2 2 1 1809 1146 2992
780 2 2 2 1 531 2214 3146
781 2 2 2 1 1881 1049 2764
782 2 2 2 1 2362 1358 2432
783 2 2 2 1 832 4238 5869
784 2 2 2 1 152 2157 5834
785 2 2 2 1 2016 570 5103
786 2 2 2 1 1043 3116 3489
787 2 2 2 1 1804 512 3624
788 2 2 2 1 1815 445 3870
789 2 2 2 1 3836 424 5083
790 2 2 2 1 2720 954 4882
791 2 2 2 1 1640 2465 3832
792 2 2 2 1 919 1985 5458
793 2 2 2 1 1808 661 3039
794 2 2 2 1 3311 1145 3312
795 2 2 2 1 1525 2150 3257
796 2 2 2 1 3116 1651 3489
797 2 2 2 1 1526 2023 3260
798 2 2 2 1 1394 3561 3764
799 2 2 2 1 882 2157 2444
800 2 2 2 1 481 2445 3932
801 2 2 2 1 1491 2421 3738
802 2 2 2 1 2157 1283 2444
803 2 2 2 1 4118 1741 5194
804 2 2 2 1 1436 2257 2724
805 2 2 2 1 1817 672 3595
806 2 2 2 1 845 1983 2659
807 2 2 2 1 2029 1456 4428
808 2 2 2 1 2044 2508 5552
809 2 2 2 1 1838 378 4590
810 2 2 2 1 1119 3967 4575
811 2 2 2 1 2823 1833 5264
812 2 2 2 1 1734 4757 5647
813 2 2 2 1 1803 479 5355
814 2 2 2 1 2214 1171 3146
815 2 2 2 1 2409 550 3709
816 2 2 2 1 2016 1463 2977
817 2 2 2 1 741 2483 6113
818 2 2 2 1 688 3148 4008
819 2 2 2 1 1131 2554 4706
820 2 2 2 1 661 1808 3755
821 2 2 2 1 274 273 5372
822 2 2 2 1 1435 2039 2696
823 2 2 2 1 497 5537 5585
824 2 2 2 1 2059 920 2561
825 2 2 2 1 3325 1131 4706
826 2 2 2 1 1822 1049 4804
827 2 2 2 1 127 128 2296
828 2 2 2 1 497 2317 5537
829 2 2 2 1 1793 459 4133
830 2 2 2 1 1146 1809 3757
831 2 2 2 1 2839 2813 4780
832 2 2 2 1 129 130 2361
833 2 2 2 1 998 3054 4141
834 2 2 2 1 765 2059 2561
835 2 2 2 1 807 2036 5105
836 2 2 2 1 647 1963 3186
837 2 2 2 1 552 1882 4125
838 2 2 2 1 2244 805 2342
839 2 2 2 1 809 2237 2756
840 2 2 2 1 1888 1041 3238
841 2 2 2 1 1743 3388 5802
842 2 2 2 1 719 2925 3702
843 2 2 2 1 2091 1029 2860
844 2 2 2 1 2204 2233 6135
845 2 2 2 1 1421 4399 5947
846 2 2 2 1 2414 1130 3388
847 2 2 2 1 1887 1150 3656
848 2 2 2 1 1950 885 3578
849 2 2 2 1 1920 1164 3745
850 2 2 2 1 534 2091 2860
851 2 2 2 1 2258 1349 3452
852 2 2 2 1 366 1842 4492
853 2 2 2 1 3371 2045 4298
854 2 2 2 1 1793 656 3198
855 2 2 2 1 2231 881 4848
856 2 2 2 1 993 1793 3198
857 2 2 2 1 3003 385 3833
858 2 2 2 1 3832 2465 5196
859 2 2 2 1 2925 1715 3702
860 2 2 2 1 559 3500 4455
861 2 2 2 1 1897 1020 3275
862 2 2 2 1 2007 558 2703
863 2 2 2 1 1963 1067 3186
864 2 2 2 1 920 2807 4048
865 2 2 2 1 3367 850 4457
866 2 2 2 1 1953 897 4555
867 2 2 2 1 1842 366 3905
868 2 2 2 1 322 2529 4757
869 2 2 2 1 1225 2274 2896
870 2 2 2 1 2271 1625 4614
871 2 2 2 1 477 2344 6073
872 2 2 2 1 3143 1414 4985
873 2 2 2 1 4335 1625 5051
874 2 2 2 1 501 1997 4895
875 2 2 2 1 1193 1842 3905
876 2 2 2 1 601 2363 3392
877 2 2 2 1 686 1879 3053
878 2 2 2 1 2151 314 3391
879 2 2 2 1 748 1789 4851
880 2 2 2 1 2508 830 5552
881 2 2 2 1 426 2072 4841
882 2 2 2 1 989 2584 2618
883 2 2 2 1 129 2361 3590
884 2 2 2 1 1971 1274 5928
885 2 2 2 1 2363 1321 3392
886 2 2 2 1 3253 2362 5078
887 2 2 2 1 1816 700 3060
888 2 2 2 1 2389 989 2618
889 2 2 2 1 1853 3621 4493
890 2 2 2 1 2072 1586 4841
891 2 2 2 1 2274 369 2896
892 2 2 2 1 3487 1516 4363
893 2 2 2 1 876 2615 3872
894 2 2 2 1 1874 939 2866
895 2 2 2 1 1857 514 2914
896 2 2 2 1 298 2183 2477
897 2 2 2 1 124 125 2198
898 2 2 2 1 1998 964 3080
899 2 2 2 1 946 2773 4679
900 2 2 2 1 592 3613 4093
901 2 2 2 1 727 1922 4342
902 2 2 2 1 2717 1001 3723
903 2 2 2 1 3371 1082 5790
904 2 2 2 1 1854 574 6048
905 2 2 2 1 2569 3919 4463
906 2 2 2 1 396 1853 2919
907 2 2 2 1 4500 594 4950
908 2 2 2 1 2086 1085 4627
909 2 2 2 1 2096 554 2470
910 2 2 2 1 947 1891 4809
911 2 2 2 1 2522 1579 4062
912 2 2 2 1 1922 727 3338
913 2 2 2 1 3266 1103 4198
914 2 2 2 1 990 2015 3589
915 2 2 2 1 475 1844 5259
916 2 2 2 1 1076 1922 3338
917 2 2 2 1 685 1882 3869
918 2 2 2 1 381 1811 3172
919 2 2 2 1 2335 523 4162
920 2 2 2 1 5018 2329 5669
921 2 2 2 1 2321 361 5417
922 2 2 2 1 444 2338 2674
923 2 2 2 1 2392 5295 5927
924 2 2 2 1 929 2823 5264
925 2 2 2 1 919 1936 2921
926 2 2 2 1 868 3240 4179
927 2 2 2 1 154 155 2254
928 2 2 2 1 2271 629 5566
929 2 2 2 1 985 2240 2531
930 2 2 2 1 184 185 2267
931 2 2 2 1 1913 1166 3695
932 2 2 2 1 1973 731 2882
933 2 2 2 1 2419 1343 4392
934 2 2 2 1 2240 467 2531
935 2 2 2 1 1062 1856 3405
936 2 2 2 1 3598 1647 3690
937 2 2 2 1 56 57 2269
938 2 2 2 1 643 1913 3695
939 2 2 2 1 479 1803 3256
940 2 2 2 1 27 28 2184
941 2 2 2 1 594 2654 2946
942 2 2 2 1 844 2221 2386
943 2 2 2 1 2617 592 4093
944 2 2 2 1 2153 1015 2620
945 2 2 2 1 2771 836 4408
946 2 2 2 1 1514 2009 4819
947 2 2 2 1 936 2046 2826
948 2 2 2 1 1875 683 5978
949 2 2 2 1 2028 799 3106
950 2 2 2 1 334 2086 2498
951 2 2 2 1 85 86 2245
952 2 2 2 1 366 1847 3905
953 2 2 2 1 353 1953 2719
954 2 2 2 1 1903 718 2823
955 2 2 2 1 1957 735 3845
956 2 2 2 1 2091 1327 4326
957 2 2 2 1 159 2478 4704
958 2 2 2 1 3226 852 3747
959 2 2 2 1 2639 388 4114
960 2 2 2 1 2753 2428 5631
961 2 2 2 1 2098 338 2485
962 2 2 2 1 3075 809 4859
963 2 2 2 1 3275 611 3344
964 2 2 2 1 2191 895 2794
965 2 2 2 1 1938 589 2746
966 2 2 2 1 1927 1370 4422
967 2 2 2 1 2370 1035 5377
968 2 2 2 1 897 1953 2965
969 2 2 2 1 4859 908 5821
970 2 2 2 1 848 3891 4386
971 2 2 2 1 2654 1278 2946
972 2 2 2 1 2225 765 2561
973 2 2 2 1 2647 4717 5630
974 2 2 2 1 2855 1421 5947
975 2 2 2 1 939 1874 2920
976 2 2 2 1 2113 746 4281
977 2 2 2 1 1957 892 3770
978 2 2 2 1 2032 1295 2589
979 2 2 2 1 530 2122 4589
980 2 2 2 1 2937 2231 4848
981 2 2 2 1 3235 1723 5428
982 2 2 2 1 2096 1095 3145
983 2 2 2 1 2222 932 5073
984 2 2 2 1 1943 3835 3866
985 2 2 2 1 1448 2113 4281
986 2 2 2 1 580 2147 2637
987 2 2 2 1 3614 1840 4354
988 2 2 2 1 1691 2725 4140
989 2 2 2 1 2194 881 2614
990 2 2 2 1 2009 729 4819
991 2 2 2 1 2147 975 2637
992 2 2 2 1 1144 1956 3172
993 2 2 2 1 1472 4565 5551
994 2 2 2 1 965 1830 3066
995 2 2 2 1 1068 1974 2690
996 2 2 2 1 2021 906 2726
997 2 2 2 1 554 2096 3145
998 2 2 2 1 2702 987 3400
999 2 2 2 1 1113 2345 2827
1000 2 2 2 1 2788 4095 5091
1001 2 2 2 1 4114 388 4185
1002 2 2 2 1 2482 147 3100
1003 2 2 2 1 1811 381 3295
1004 2 2 2 1 2140 453 2636
1005 2 2 2 1 1842 1193 3934
1006 2 2 2 1 2345 502 2827
1007 2 2 2 1 2438 177 3019
1008 2 2 2 1 1343 3551 4392
1009 2 2 2 1 2122 530 3631
1010 2 2 2 1 2784 3467 5392
1011 2 2 2 1 2141 824 3229
1012 2 2 2 1 1212 3499 4491
1013 2 2 2 1 323 2160 5266
1014 2 2 2 1 2934 1634 4357
1015 2 2 2 1 1914 951 4871
1016 2 2 2 1 333 1990 2953
1017 2 2 2 1 1327 2091 4343
1018 2 2 2 1 3388 655 5802
1019 2 2 2 1 2424 469 5384
1020 2 2 2 1 2053 792 3015
1021 2 2 2 1 1112 1972 2712
1022 2 2 2 1 2217 1345 3477
1023 2 2 2 1 2270 1048 3086
1024 2 2 2 1 3282 1602 4962
1025 2 2 2 1 2946 4241 4950
1026 2 2 2 1 1888 3238 4337
1027 2 2 2 1 2418 1208 2691
1028 2 2 2 1 2844 1602 3282
1029 2 2 2 1 1800 2771 4408
1030 2 2 2 1 1956 381 3172
1031 2 2 2 1 1909 1209 2853
1032 2 2 2 1 1897 411 3192
1033 2 2 2 1 1926 4913 5488
1034 2 2 2 1 262 263 2359
1035 2 2 2 1 878 2109 3504
1036 2 2 2 1 680 2522 4062
1037 2 2 2 1 2266 3302 3673
1038 2 2 2 1 1962 1147 3712
1039 2 2 2 1 1926 344 2964
1040 2 2 2 1 1020 1897 3192
1041 2 2 2 1 1362 3332 3541
1042 2 2 2 1 731 1995 2882
1043 2 2 2 1 1106 2611 3264
1044 2 2 2 1 696 1819 6110
1045 2 2 2 1 1819 696 4123
1046 2 2 2 1 2946 995 4241
1047 2 2 2 1 4913 2114 5488
1048 2 2 2 1 921 1817 3595
1049 2 2 2 1 732 1881 5370
1050 2 2 2 1 2597 4395 4988
1051 2 2 2 1 1015 1876 5290
1052 2 2 2 1 2784 1147 3467
1053 2 2 2 1 2011 662 3889
1054 2 2 2 1 2611 1374 3264
1055 2 2 2 1 1886 3226 4768
1056 2 2 2 1 114 2550 3953
1057 2 2 2 1 1969 1292 3917
1058 2 2 2 1 1261 2011 3889
1059 2 2 2 1 571 1992 5157
1060 2 2 2 1 1018 2168 5754
1061 2 2 2 1 2477 951 2735
1062 2 2 2 1 2023 2990 5365
1063 2 2 2 1 2170 1018 5754
1064 2 2 2 1 419 3299 5233
1065 2 2 2 1 1059 2512 2899
1066 2 2 2 1 3238 519 4337
1067 2 2 2 1 1093 2194 4839
1068 2 2 2 1 2034 734 4677
1069 2 2 2 1 4194 538 5441
1070 2 2 2 1 1049 1822 4807
1071 2 2 2 1 2225 2561 6105
1072 2 2 2 1 1830 1256 3741
1073 2 2 2 1 3369 2016 5103
1074 2 2 2 1 2725 655 4140
1075 2 2 2 1 1059 2760 3692
1076 2 2 2 1 1729 2329 5018
1077 2 2 2 1 3838 2904 4055
1078 2 2 2 1 1569 3020 4464
1079 2 2 2 1 2068 895 4642
1080 2 2 2 1 1450 2334 4367
1081 2 2 2 1 2063 454 4462
1082 2 2 2 1 485 2130 2487
1083 2 2 2 1 3897 855 5726
1084 2 2 2 1 2514 444 2824
1085 2 2 2 1 865 2280 2380
1086 2 2 2 1 2561 1250 6105
1087 2 2 2 1 2949 2181 4948
1088 2 2 2 1 1248 2904 3838
1089 2 2 2 1 900 1932 4399
1090 2 2 2 1 3029 1933 5457
1091 2 2 2 1 355 2201 2842
1092 2 2 2 1 1338 1858 4382
1093 2 2 2 1 2080 1002 5325
1094 2 2 2 1 2120 1388 4280
1095 2 2 2 1 2343 389 3678
1096 2 2 2 1 2150 1525 4537
1097 2 2 2 1 2172 546 3848
1098 2 2 2 1 624 2150 4537
1099 2 2 2 1 1867 473 3203
1100 2 2 2 1 2206 43 4282
1101 2 2 2 1 3252 2087 4454
1102 2 2 2 1 1075 1838 3210
1103 2 2 2 1 1195 2622 2808
1104 2 2 2 1 2291 464 5472
1105 2 2 2 1 965 2692 5711
1106 2 2 2 1 2201 1050 2842
1107 2 2 2 1 760 2390 4761
1108 2 2 2 1 5318 1786 5586
1109 2 2 2 1 2477 2183 5984
1110 2 2 2 1 2740 1077 2927
1111 2 2 2 1 1885 55 3897
1112 2 2 2 1 859 3300 4485
1113 2 2 2 1 3128 781 4009
1114 2 2 2 1 2641 842 4636
1115 2 2 2 1 127 2296 4552
1116 2 2 2 1 1786 2542 5586
1117 2 2 2 1 767 4366 4431
1118 2 2 2 1 1895 2641 4636
1119 2 2 2 1 331 1959 2784
1120 2 2 2 1 3713 1913 4199
1121 2 2 2 1 2096 2470 4735
1122 2 2 2 1 467 1850 4969
1123 2 2 2 1 288 3649 4623
1124 2 2 2 1 1905 327 2991
1125 2 2 2 1 951 2477 5984
1126 2 2 2 1 1315 2616 2619
1127 2 2 2 1 303 2032 4744
1128 2 2 2 1 1706 4186 4607
1129 2 2 2 1 289 288 4623
1130 2 2 2 1 2649 3057 4949
1131 2 2 2 1 2432 561 3026
1132 2 2 2 1 548 1993 2714
1133 2 2 2 1 2616 867 2619
1134 2 2 2 1 174 175 2533
1135 2 2 2 1 445 1831 4036
1136 2 2 2 1 2622 971 2808
1137 2 2 2 1 1844 475 4370
1138 2 2 2 1 670 1867 5929
1139 2 2 2 1 5073 932 5916
1140 2 2 2 1 443 2095 5865
1141 2 2 2 1 1078 1826 4629
1142 2 2 2 1 1532 3418 3987
1143 2 2 2 1 1130 2547 2673
1144 2 2 2 1 802 2099 2552
1145 2 2 2 1 1891 947 3599
1146 2 2 2 1 2015 1519 3589
1147 2 2 2 1 2547 962 2673
1148 2 2 2 1 365 3314 4234
1149 2 2 2 1 2132 1792 4051
1150 2 2 2 1 2218 1326 3704
1151 2 2 2 1 563 2218 3704
1152 2 2 2 1 1943 343 3835
1153 2 2 2 1 2366 503 3539
1154 2 2 2 1 2118 510 2863
1155 2 2 2 1 3621 698 4493
1156 2 2 2 1 987 2643 3400
1157 2 2 2 1 1937 807 3506
1158 2 2 2 1 3149 1177 3783
1159 2 2 2 1 765 2225 5996
1160 2 2 2 1 4242 1808 5347
1161 2 2 2 1 4381 455 5397
1162 2 2 2 1 2567 1255 3903
1163 2 2 2 1 2105 4114 5639
1164 2 2 2 1 558 2007 6027
1165 2 2 2 1 1936 919 2872
1166 2 2 2 1 1201 2360 3406
1167 2 2 2 1 1792 2132 5510
1168 2 2 2 1 2414 3388 5090
1169 2 2 2 1 997 1995 3008
1170 2 2 2 1 745 2148 3714
1171 2 2 2 1 2001 3691 5289
1172 2 2 2 1 1967 954 5039
1173 2 2 2 1 1742 3372 4431
1174 2 2 2 1 1011 2649 4284
1175 2 2 2 1 633 2572 4132
1176 2 2 2 1 2334 1450 4856
1177 2 2 2 1 1303 2847 5237
1178 2 2 2 1 3487 1828 4641
1179 2 2 2 1 1972 1112 3470
1180 2 2 2 1 1196 2395 3072
1181 2 2 2 1 1860 1078 3533
1182 2 2 2 1 2647 1684 4717
1183 2 2 2 1 505 1883 5999
1184 2 2 2 1 2572 1640 4132
1185 2 2 2 1 2005 2392 5927
1186 2 2 2 1 1995 358 3008
1187 2 2 2 1 2395 351 3072
1188 2 2 2 1 493 1972 3470
1189 2 2 2 1 680 1873 4070
1190 2 2 2 1 712 3614 4354
1191 2 2 2 1 159 160 2478
1192 2 2 2 1 1014 2403 2525
1193 2 2 2 1 4555 897 4767
1194 2 2 2 1 2055 1294 3978
1195 2 2 2 1 1850 467 3399
1196 2 2 2 1 339 1890 3057
1197 2 2 2 1 2310 441 5525
1198 2 2 2 1 884 2988 3792
1199 2 2 2 1 2055 3087 5129
1200 2 2 2 1 1001 2218 2701
1201 2 2 2 1 1959 2472 4794
1202 2 2 2 1 2504 1177 2886
1203 2 2 2 1 2367 321 3536
1204 2 2 2 1 781 3128 5166
1205 2 2 2 1 1830 2816 5607
1206 2 2 2 1 517 2265 2461
1207 2 2 2 1 788 2242 2797
1208 2 2 2 1 479 2504 2886
1209 2 2 2 1 1983 845 4681
1210 2 2 2 1 2988 1732 3792
1211 2 2 2 1 1855 1066 3582
1212 2 2 2 1 257 258 2684
1213 2 2 2 1 3095 1011 4284
1214 2 2 2 1 862 2134 2543
1215 2 2 2 1 2292 1311 3812
1216 2 2 2 1 1673 3753 5407
1217 2 2 2 1 872 2185 2490
1218 2 2 2 1 2267 833 4827
1219 2 2 2 1 928 2223 2455
1220 2 2 2 1 1545 3713 4398
1221 2 2 2 1 490 2867 3236
1222 2 2 2 1 523 3734 4162
1223 2 2 2 1 1198 2128 3379
1224 2 2 2 1 514 1857 3703
1225 2 2 2 1 2850 2310 5525
1226 2 2 2 1 3087 899 5129
1227 2 2 2 1 448 1951 4671
1228 2 2 2 1 207 2008 3821
1229 2 2 2 1 1015 3033 4832
1230 2 2 2 1 2142 498 3215
1231 2 2 2 1 1865 722 3807
1232 2 2 2 1 2925 2331 4561
1233 2 2 2 1 1154 1865 3807
1234 2 2 2 1 895 2191 5814
1235 2 2 2 1 2295 1843 4595
1236 2 2 2 1 1849 1185 5904
1237 2 2 2 1 2128 1638 3379
1238 2 2 2 1 2218 563 2701
1239 2 2 2 1 2109 1259 3943
1240 2 2 2 1 191 192 2155
1241 2 2 2 1 2149 1343 4077
1242 2 2 2 1 356 2055 3978
1243 2 2 2 1 2569 1319 3919
1244 2 2 2 1 1848 1210 3627
1245 2 2 2 1 1569 3915 4205
1246 2 2 2 1 2281 302 2905
1247 2 2 2 1 515 2638 4220
1248 2 2 2 1 641 1947 5791
1249 2 2 2 1 1390 2281 2905
1250 2 2 2 1 2179 523 2671
1251 2 2 2 1 775 2010 2730
1252 2 2 2 1 1355 2050 4145
1253 2 2 2 1 2050 408 4145
1254 2 2 2 1 659 2250 6119
1255 2 2 2 1 5002 2290 5055
1256 2 2 2 1 2051 90 3281
1257 2 2 2 1 971 2483 2808
1258 2 2 2 1 2097 859 5306
1259 2 2 2 1 2290 835 5055
1260 2 2 2 1 1295 2158 3754
1261 2 2 2 1 473 1867 3358
1262 2 2 2 1 450 1852 3655
1263 2 2 2 1 745 2125 3873
1264 2 2 2 1 1873 680 6144
1265 2 2 2 1 1109 1854 3360
1266 2 2 2 1 2125 1309 3873
1267 2 2 2 1 1867 1033 3358
1268 2 2 2 1 914 2081 2887
1269 2 2 2 1 886 2201 5291
1270 2 2 2 1 1137 2142 3215
1271 2 2 2 1 1095 4142 5253
1272 2 2 2 1 3022 1128 3385
1273 2 2 2 1 2979 1242 3749
1274 2 2 2 1 3299 2021 5233
1275 2 2 2 1 1424 2087 3022
1276 2 2 2 1 672 1838 3842
1277 2 2 2 1 3565 590 3615
1278 2 2 2 1 1858 1136 3327
1279 2 2 2 1 2142 1137 2548
1280 2 2 2 1 950 2627 2764
1281 2 2 2 1 422 3257 4043
1282 2 2 2 1 2981 2358 5293
1283 2 2 2 1 1853 396 3609
1284 2 2 2 1 2287 864 3136
1285 2 2 2 1 2214 531 2672
1286 2 2 2 1 759 2246 2828
1287 2 2 2 1 1185 1849 5541
1288 2 2 2 1 1209 1909 5036
1289 2 2 2 1 862 2061 2674
1290 2 2 2 1 1970 1114 4928
1291 2 2 2 1 1867 670 3365
1292 2 2 2 1 2514 937 5194
1293 2 2 2 1 1416 2241 3159
1294 2 2 2 1 951 2428 2735
1295 2 2 2 1 2569 707 3212
1296 2 2 2 1 1856 1062 3569
1297 2 2 2 1 1162 2287 3136
1298 2 2 2 1 1033 1867 3365
1299 2 2 2 1 762 2608 4569
1300 2 2 2 1 1122 3414 3445
1301 2 2 2 1 3712 2998 4999
1302 2 2 2 1 2469 923 4334
1303 2 2 2 1 1860 75 4525
1304 2 2 2 1 1017 2747 3236
1305 2 2 2 1 2494 882 3629
1306 2 2 2 1 1858 1338 3825
1307 2 2 2 1 1782 4652 4812
1308 2 2 2 1 2747 1397 3236
1309 2 2 2 1 1319 2569 3212
1310 2 2 2 1 2286 919 5458
1311 2 2 2 1 112 113 2496
1312 2 2 2 1 3328 1093 4839
1313 2 2 2 1 2979 3749 4280
1314 2 2 2 1 1136 1858 4714
1315 2 2 2 1 2990 566 5365
1316 2 2 2 1 1144 3672 3694
1317 2 2 2 1 3257 1820 4043
1318 2 2 2 1 683 1875 5886
1319 2 2 2 1 2250 659 6094
1320 2 2 2 1 492 3020 4139
1321 2 2 2 1 477 2111 2607
1322 2 2 2 1 2486 468 5579
1323 2 2 2 1 4181 440 5465
1324 2 2 2 1 957 2029 5372
1325 2 2 2 1 2129 470 2588
1326 2 2 2 1 2157 882 2789
1327 2 2 2 1 2408 1005 2412
1328 2 2 2 1 537 2229 2849
1329 2 2 2 1 468 2489 5135
1330 2 2 2 1 1836 2944 5768
1331 2 2 2 1 2173 1311 4417
1332 2 2 2 1 930 2324 2424
1333 2 2 2 1 948 2408 2412
1334 2 2 2 1 891 2176 2890
1335 2 2 2 1 3814 405 4788
1336 2 2 2 1 5295 838 5927
1337 2 2 2 1 515 4220 4458
1338 2 2 2 1 1986 934 2835
1339 2 2 2 1 2322 299 3418
1340 2 2 2 1 921 2330 5121
1341 2 2 2 1 2143 812 4771
1342 2 2 2 1 2489 1973 5135
1343 2 2 2 1 834 4256 5755
1344 2 2 2 1 440 2475 5465
1345 2 2 2 1 700 1880 4244
1346 2 2 2 1 822 2198 4899
1347 2 2 2 1 807 1937 4285
1348 2 2 2 1 1755 4194 5441
1349 2 2 2 1 1947 3085 4453
1350 2 2 2 1 1987 1348 4301
1351 2 2 2 1 543 3455 4166
1352 2 2 2 1 1889 468 3147
1353 2 2 2 1 2998 1513 4999
1354 2 2 2 1 804 2602 3199
1355 2 2 2 1 311 2018 6039
1356 2 2 2 1 1900 910 4137
1357 2 2 2 1 2338 1152 2674
1358 2 2 2 1 458 1986 2835
1359 2 2 2 1 1890 1102 5340
1360 2 2 2 1 2250 2488 6119
1361 2 2 2 1 3557 1666 5083
1362 2 2 2 1 1872 3747 5748
1363 2 2 2 1 547 2065 2906
1364 2 2 2 1 2455 509 3390
1365 2 2 2 1 3052 168 3698
1366 2 2 2 1 487 2026 2741
1367 2 2 2 1 114 115 2550
1368 2 2 2 1 1866 678 4649
1369 2 2 2 1 3747 852 5748
1370 2 2 2 1 333 2953 3251
1371 2 2 2 1 2841 67 5047
1372 2 2 2 1 2280 435 5046
1373 2 2 2 1 1942 1267 3152
1374 2 2 2 1 1773 3367 4457
1375 2 2 2 1 2046 936 5099
1376 2 2 2 1 2760 608 3158
1377 2 2 2 1 2059 336 2807
1378 2 2 2 1 816 2365 3302
1379 2 2 2 1 1879 686 4912
1380 2 2 2 1 1986 733 2915
1381 2 2 2 1 608 2434 3158
1382 2 2 2 1 1880 700 4172
1383 2 2 2 1 1369 2760 3158
1384 2 2 2 1 1998 598 3705
1385 2 2 2 1 2945 4254 4503
1386 2 2 2 1 459 2054 4799
1387 2 2 2 1 2054 1507 4799
1388 2 2 2 1 905 2074 4246
1389 2 2 2 1 3191 1502 4042
1390 2 2 2 1 2434 1234 3158
1391 2 2 2 1 2945 983 4254
1392 2 2 2 1 202 1876 4832
1393 2 2 2 1 1584 3735 3805
1394 2 2 2 1 436 3367 3495
1395 2 2 2 1 408 2050 2734
1396 2 2 2 1 1058 2226 3288
1397 2 2 2 1 1591 2603 3316
1398 2 2 2 1 476 1919 3401
1399 2 2 2 1 1978 924 3573
1400 2 2 2 1 4573 977 5786
1401 2 2 2 1 774 1945 3440
1402 2 2 2 1 3367 1773 3495
1403 2 2 2 1 923 2672 4334
1404 2 2 2 1 2250 903 2488
1405 2 2 2 1 488 1901 5346
1406 2 2 2 1 184 2267 2851
1407 2 2 2 1 2012 351 3000
1408 2 2 2 1 4743 1974 4995
1409 2 2 2 1 1255 3208 3903
1410 2 2 2 1 3494 1180 4886
1411 2 2 2 1 308 2017 5803
1412 2 2 2 1 309 3803 4456
1413 2 2 2 1 2201 4173 5291
1414 2 2 2 1 2516 418 4364
1415 2 2 2 1 1918 1214 5766
1416 2 2 2 1 2139 902 3346
1417 2 2 2 1 840 2245 3307
1418 2 2 2 1 2245 1259 3307
1419 2 2 2 1 1953 353 2965
1420 2 2 2 1 992 2012 3000
1421 2 2 2 1 1594 2246 5076
1422 2 2 2 1 2588 887 5582
1423 2 2 2 1 799 2188 3106
1424 2 2 2 1 1934 4436 5376
1425 2 2 2 1 2439 1729 4655
1426 2 2 2 1 2602 804 4979
1427 2 2 2 1 290 2075 3107
1428 2 2 2 1 385 3003 4427
1429 2 2 2 1 2884 4228 5848
1430 2 2 2 1 821 2439 4655
1431 2 2 2 1 706 5018 5669
1432 2 2 2 1 336 2059 5031
1433 2 2 2 1 2059 765 5032
1434 2 2 2 1 996 2047 3564
1435 2 2 2 1 3447 1973 6043
1436 2 2 2 1 1699 3430 3911
1437 2 2 2 1 1509 2349 2615
1438 2 2 2 1 1049 1881 3639
1439 2 2 2 1 1881 732 3639
1440 2 2 2 1 1514 3107 4658
1441 2 2 2 1 2792 1849 4612
1442 2 2 2 1 1636 3546 4740
1443 2 2 2 1 2069 1186 3610
1444 2 2 2 1 1664 2516 4364
1445 2 2 2 1 1048 3201 3217
1446 2 2 2 1 509 2455 2535
1447 2 2 2 1 3835 1172 3866
1448 2 2 2 1 2084 1034 5231
1449 2 2 2 1 2761 1212 4491
1450 2 2 2 1 2780 977 4573
1451 2 2 2 1 2871 2542 4494
1452 2 2 2 1 3107 1514 4647
1453 2 2 2 1 1706 2351 4186
1454 2 2 2 1 2583 5451 5690
1455 2 2 2 1 2260 576 2817
1456 2 2 2 1 1789 2884 5848
1457 2 2 2 1 2549 1854 4520
1458 2 2 2 1 1526 3125 4528
1459 2 2 2 1 1945 774 3123
1460 2 2 2 1 2673 962 4140
1461 2 2 2 1 505 2069 3610
1462 2 2 2 1 2582 717 3422
1463 2 2 2 1 3921 296 5283
1464 2 2 2 1 2837 1289 4939
1465 2 2 2 1 2349 437 2615
1466 2 2 2 1 1055 2554 2731
1467 2 2 2 1 1227 2252 5057
1468 2 2 2 1 2554 1131 2731
1469 2 2 2 1 2258 3452 4661
1470 2 2 2 1 1883 505 3610
1471 2 2 2 1 657 1962 3101
1472 2 2 2 1 1754 2926 5060
1473 2 2 2 1 1827 3134 5393
1474 2 2 2 1 2456 5095 5260
1475 2 2 2 1 2252 1719 5057
1476 2 2 2 1 1685 2456 5260
1477 2 2 2 1 962 3131 4140
1478 2 2 2 1 411 1897 3326
1479 2 2 2 1 2270 3086 4616
1480 2 2 2 1 2583 938 5451
1481 2 2 2 1 1164 2337 3937
1482 2 2 2 1 1054 2648 3306
1483 2 2 2 1 2305 786 4074
1484 2 2 2 1 820 2362 2432
1485 2 2 2 1 902 2140 2636
1486 2 2 2 1 5 296 3921
1487 2 2 2 1 1897 1030 3326
1488 2 2 2 1 3056 807 5896
1489 2 2 2 1 2627 950 2638
1490 2 2 2 1 448 2293 2520
1491 2 2 2 1 2075 1054 3107
1492 2 2 2 1 245 246 2224
1493 2 2 2 1 935 4328 4586
1494 2 2 2 1 2540 924 3636
1495 2 2 2 1 2302 1334 2527
1496 2 2 2 1 736 1877 4447
1497 2 2 2 1 2589 3775 4971
1498 2 2 2 1 1120 2627 2638
1499 2 2 2 1 1995 997 2882
1500 2 2 2 1 2134 357 5893
1501 2 2 2 1 55 1885 4233
1502 2 2 2 1 3050 579 3444
1503 2 2 2 1 1904 1126 3189
1504 2 2 2 1 1463 2016 4758
1505 2 2 2 1 176 177 2438
1506 2 2 2 1 1882 552 5495
1507 2 2 2 1 1412 1898 3824
1508 2 2 2 1 878 3504 5557
1509 2 2 2 1 1330 2102 4167
1510 2 2 2 1 485 2251 2594
1511 2 2 2 1 2304 418 2516
1512 2 2 2 1 2612 959 3368
1513 2 2 2 1 864 2287 2642
1514 2 2 2 1 1774 3633 5583
1515 2 2 2 1 2533 1221 4213
1516 2 2 2 1 1917 1162 3136
1517 2 2 2 1 4595 1843 5463
1518 2 2 2 1 833 2267 3558
1519 2 2 2 1 2969 1743 4118
1520 2 2 2 1 2783 454 3264
1521 2 2 2 1 2267 1263 3558
1522 2 2 2 1 1929 1031 3278
1523 2 2 2 1 777 2302 2527
1524 2 2 2 1 753 3568 4422
1525 2 2 2 1 738 1982 4507
1526 2 2 2 1 4934 348 5111
1527 2 2 2 1 193 3492 3729
1528 2 2 2 1 1901 488 3242
1529 2 2 2 1 3850 1610 4221
1530 2 2 2 1 1982 966 2973
1531 2 2 2 1 4254 983 4693
1532 2 2 2 1 3691 2001 5044
1533 2 2 2 1 2284 3151 3910
1534 2 2 2 1 2380 2280 5046
1535 2 2 2 1 1047 2000 3230
1536 2 2 2 1 2498 2086 4627
1537 2 2 2 1 2917 2068 4456
1538 2 2 2 1 1987 814 3830
1539 2 2 2 1 3366 1142 3843
1540 2 2 2 1 3188 2326 4044
1541 2 2 2 1 4257 915 4992
1542 2 2 2 1 1502 2867 3450
1543 2 2 2 1 268 3150 4817
1544 2 2 2 1 1772 2515 4751
1545 2 2 2 1 2867 490 3450
1546 2 2 2 1 564 1982 2973
1547 2 2 2 1 1030 1897 3344
1548 2 2 2 1 2081 914 3290
1549 2 2 2 1 1142 2858 3843
1550 2 2 2 1 1985 919 2921
1551 2 2 2 1 154 2254 4019
1552 2 2 2 1 1034 2119 5231
1553 2 2 2 1 1504 3173 4710
1554 2 2 2 1 517 2461 4545
1555 2 2 2 1 2149 4077 5024
1556 2 2 2 1 2451 849 4054
1557 2 2 2 1 1043 3885 4134
1558 2 2 2 1 934 1986 2915
1559 2 2 2 1 467 2240 4892
1560 2 2 2 1 2146 583 3990
1561 2 2 2 1 2089 945 4433
1562 2 2 2 1 3320 593 3402
1563 2 2 2 1 2398 1266 3168
1564 2 2 2 1 2258 891 2890
1565 2 2 2 1 3217 3201 5165
1566 2 2 2 1 1530 2451 4054
1567 2 2 2 1 1569 2264 3915
1568 2 2 2 1 1894 336 3900
1569 2 2 2 1 967 2304 2516
1570 2 2 2 1 2095 2756 5865
1571 2 2 2 1 521 2324 2670
1572 2 2 2 1 2597 512 4395
1573 2 2 2 1 2217 3477 4813
1574 2 2 2 1 1402 2469 3875
1575 2 2 2 1 2234 2919 4493
1576 2 2 2 1 1760 4679 5806
1577 2 2 2 1 168 169 3698
1578 2 2 2 1 1027 1946 3071
1579 2 2 2 1 936 2105 5099
1580 2 2 2 1 2857 3345 5968
1581 2 2 2 1 2293 1266 2520
1582 2 2 2 1 352 2375 2793
1583 2 2 2 1 543 2490 3455
1584 2 2 2 1 966 1982 2947
1585 2 2 2 1 1459 1936 4460
1586 2 2 2 1 2681 543 4166
1587 2 2 2 1 591 2447 3013
1588 2 2 2 1 1195 2205 2948
1589 2 2 2 1 2395 829 4204
1590 2 2 2 1 1172 3835 4083
1591 2 2 2 1 2305 1347 4263
1592 2 2 2 1 2122 3307 4589
1593 2 2 2 1 130 131 2843
1594 2 2 2 1 2851 2267 4827
1595 2 2 2 1 2515 857 4751
1596 2 2 2 1 1451 3950 4268
1597 2 2 2 1 996 1939 4353
1598 2 2 2 1 1871 2602 4979
1599 2 2 2 1 1308 2154 5319
1600 2 2 2 1 2529 1212 2530
1601 2 2 2 1 2333 1504 4236
1602 2 2 2 1 366 2079 4597
1603 2 2 2 1 2918 1859 5171
1604 2 2 2 1 2051 1076 5557
1605 2 2 2 1 2644 958 2688
1606 2 2 2 1 2854 956 2861
1607 2 2 2 1 866 2203 3577
1608 2 2 2 1 753 2349 4603
1609 2 2 2 1 1031 1929 3167
1610 2 2 2 1 1928 1058 5256
1611 2 2 2 1 2921 234 5578
1612 2 2 2 1 1275 2854 2861
1613 2 2 2 1 1139 2644 2688
1614 2 2 2 1 2356 927 3269
1615 2 2 2 1 884 2529 2530
1616 2 2 2 1 2129 2588 5582
1617 2 2 2 1 2447 1175 3013
1618 2 2 2 1 2494 3629 5509
1619 2 2 2 1 704 2407 5190
1620 2 2 2 1 4913 1926 6010
1621 2 2 2 1 718 1903 4261
1622 2 2 2 1 3560 1935 5273
1623 2 2 2 1 1956 1144 3694
1624 2 2 2 1 265 266 2433
1625 2 2 2 1 1990 1000 2953
1626 2 2 2 1 985 2892 3722
1627 2 2 2 1 1532 2322 3418
1628 2 2 2 1 373 1979 3254
1629 2 2 2 1 2366 3539 4921
1630 2 2 2 1 3072 842 3547
1631 2 2 2 1 2276 936 2826
1632 2 2 2 1 919 2286 4686
1633 2 2 2 1 3263 1313 3643
1634 2 2 2 1 1378 2902 3856
1635 2 2 2 1 773 2333 4236
1636 2 2 2 1 1814 3075 4859
1637 2 2 2 1 920 2059 2807
1638 2 2 2 1 1979 1040 3254
1639 2 2 2 1 3466 2467 5435
1640 2 2 2 1 2182 1220 3270
1641 2 2 2 1 937 2969 4118
1642 2 2 2 1 2500 703 4442
1643 2 2 2 1 586 2570 4243
1644 2 2 2 1 2245 86 3943
1645 2 2 2 1 2046 4257 4992
1646 2 2 2 1 1302 2060 3329
1647 2 2 2 1 1002 2080 3733
1648 2 2 2 1 3398 2343 3678
1649 2 2 2 1 1026 1962 3324
1650 2 2 2 1 1899 3344 4277
1651 2 2 2 1 2122 3631 5995
1652 2 2 2 1 1909 122 5036
1653 2 2 2 1 583 2352 2707
1654 2 2 2 1 2073 746 4786
1655 2 2 2 1 1290 3081 4368
1656 2 2 2 1 2203 866 2632
1657 2 2 2 1 1128 2084 3385
1658 2 2 2 1 3791 365 4732
1659 2 2 2 1 1497 2073 4786
1660 2 2 2 1 1634 2934 4082
1661 2 2 2 1 2999 2197 4090
1662 2 2 2 1 3081 1949 4368
1663 2 2 2 1 2120 4280 5243
1664 2 2 2 1 2000 980 4987
1665 2 2 2 1 355 2161 4773
1666 2 2 2 1 1943 702 3502
1667 2 2 2 1 105 2113 4338
1668 2 2 2 1 2431 1620 3572
1669 2 2 2 1 1943 991 3827
1670 2 2 2 1 1846 4016 4047
1671 2 2 2 1 1267 1942 4125
1672 2 2 2 1 1274 2637 5928
1673 2 2 2 1 3568 1927 4422
1674 2 2 2 1 623 3916 4426
1675 2 2 2 1 3754 2158 5960
1676 2 2 2 1 2650 334 5366
1677 2 2 2 1 4204 829 5489
1678 2 2 2 1 381 1956 5737
1679 2 2 2 1 957 2106 5170
1680 2 2 2 1 2857 343 3345
1681 2 2 2 1 703 2500 4956
1682 2 2 2 1 3536 321 3731
1683 2 2 2 1 1644 2500 4442
1684 2 2 2 1 4424 704 5190
1685 2 2 2 1 913 2838 3105
1686 2 2 2 1 3418 299 5857
1687 2 2 2 1 350 2014 3959
1688 2 2 2 1 1126 1904 4541
1689 2 2 2 1 2352 1041 2707
1690 2 2 2 1 2327 931 2893
1691 2 2 2 1 922 2182 4665
1692 2 2 2 1 1374 2783 3264
1693 2 2 2 1 2061 862 5963
1694 2 2 2 1 1164 1920 3426
1695 2 2 2 1 1962 1026 3101
1696 2 2 2 1 2251 1299 2594
1697 2 2 2 1 1171 2214 2664
1698 2 2 2 1 2602 1395 3199
1699 2 2 2 1 1932 447 4011
1700 2 2 2 1 3036 1472 5551
1701 2 2 2 1 934 1989 3018
1702 2 2 2 1 849 3126 4054
1703 2 2 2 1 3502 702 3553
1704 2 2 2 1 2004 1074 3638
1705 2 2 2 1 1221 3646 4213
1706 2 2 2 1 1283 2157 4019
1707 2 2 2 1 724 2384 5596
1708 2 2 2 1 4700 2624 5255
1709 2 2 2 1 1002 2891 5325
1710 2 2 2 1 2838 1360 3105
1711 2 2 2 1 1995 731 3407
1712 2 2 2 1 1511 2251 4415
1713 2 2 2 1 2251 485 4415
1714 2 2 2 1 804 2372 4740
1715 2 2 2 1 1910 2497 5114
1716 2 2 2 1 1154 2008 4409
1717 2 2 2 1 2497 725 5114
1718 2 2 2 1 1010 1947 3179
1719 2 2 2 1 2500 1825 4956
1720 2 2 2 1 2460 887 2801
1721 2 2 2 1 3412 1095 5253
1722 2 2 2 1 2410 917 5276
1723 2 2 2 1 2905 1025 3137
1724 2 2 2 1 1947 641 3179
1725 2 2 2 1 2728 1251 2963
1726 2 2 2 1 3166 1547 3278
1727 2 2 2 1 2115 614 3584
1728 2 2 2 1 486 1971 3197
1729 2 2 2 1 1022 2728 2963
1730 2 2 2 1 1365 2174 5296
1731 2 2 2 1 2818 876 3872
1732 2 2 2 1 1912 361 5480
1733 2 2 2 1 1199 2239 2974
1734 2 2 2 1 3091 4107 4853
1735 2 2 2 1 1390 2905 3137
1736 2 2 2 1 147 148 3100
1737 2 2 2 1 3344 611 4277
1738 2 2 2 1 4310 894 5071
1739 2 2 2 1 549 2258 2890
1740 2 2 2 1 2786 1128 3022
1741 2 2 2 1 3722 2892 4556
1742 2 2 2 1 2933 2133 4041
1743 2 2 2 1 416 2060 4102
1744 2 2 2 1 2060 1302 4102
1745 2 2 2 1 1031 3166 3278
1746 2 2 2 1 1103 2613 3090
1747 2 2 2 1 1180 2521 3701
1748 2 2 2 1 4256 2146 5755
1749 2 2 2 1 2613 1243 3090
1750 2 2 2 1 2324 984 6079
1751 2 2 2 1 2080 1566 5470
1752 2 2 2 1 365 2501 4732
1753 2 2 2 1 394 1941 3259
1754 2 2 2 1 2661 1861 4731
1755 2 2 2 1 923 2934 4357
1756 2 2 2 1 846 2661 4731
1757 2 2 2 1 2530 1212 3076
1758 2 2 2 1 1076 3281 5214
1759 2 2 2 1 2829 517 4545
1760 2 2 2 1 2747 190 3999
1761 2 2 2 1 4317 1759 6138
1762 2 2 2 1 735 1957 4227
1763 2 2 2 1 1269 2067 2916
1764 2 2 2 1 1648 2153 5185
1765 2 2 2 1 2153 430 5185
1766 2 2 2 1 2196 526 4018
1767 2 2 2 1 533 2530 3076
1768 2 2 2 1 2837 528 2962
1769 2 2 2 1 857 2721 4177
1770 2 2 2 1 2285 1419 4229
1771 2 2 2 1 2034 325 3031
1772 2 2 2 1 1040 1979 3074
1773 2 2 2 1 2226 708 4252
1774 2 2 2 1 1834 2222 5651
1775 2 2 2 1 820 2384 4857
1776 2 2 2 1 1974 1068 3237
1777 2 2 2 1 1117 3487 4641
1778 2 2 2 1 1484 4743 4995
1779 2 2 2 1 4051 1792 5114
1780 2 2 2 1 1440 2226 4252
1781 2 2 2 1 835 2290 5305
1782 2 2 2 1 2222 779 5651
1783 2 2 2 1 1475 3050 3444
1784 2 2 2 1 826 2824 5263
1785 2 2 2 1 1097 2537 2702
1786 2 2 2 1 2595 5579 5828
1787 2 2 2 1 1919 476 3672
1788 2 2 2 1 3295 894 5388
1789 2 2 2 1 489 2318 2577
1790 2 2 2 1 2318 974 2577
1791 2 2 2 1 2721 1665 4177
1792 2 2 2 1 133 1921 3986
1793 2 2 2 1 3962 925 4769
1794 2 2 2 1 3105 1360 4329
1795 2 2 2 1 1941 1161 5320
1796 2 2 2 1 2358 363 3368
1797 2 2 2 1 1960 3105 4329
1798 2 2 2 1 1289 2837 2962
1799 2 2 2 1 2416 1105 3098
1800 2 2 2 1 1239 2358 3368
1801 2 2 2 1 3116 1043 4134
1802 2 2 2 1 2026 1224 3906
1803 2 2 2 1 501 2710 3171
1804 2 2 2 1 1803 2120 5243
1805 2 2 2 1 409 2305 4074
1806 2 2 2 1 2384 1714 4857
1807 2 2 2 1 776 2026 3906
1808 2 2 2 1 1921 133 4573
1809 2 2 2 1 1234 2275 3104
1810 2 2 2 1 4554 2410 5276
1811 2 2 2 1 830 2145 5023
1812 2 2 2 1 2384 2579 5596
1813 2 2 2 1 741 2030 4742
1814 2 2 2 1 1162 1917 3660
1815 2 2 2 1 2568 520 2826
1816 2 2 2 1 1292 1969 3181
1817 2 2 2 1 2390 760 4389
1818 2 2 2 1 2290 3503 5305
1819 2 2 2 1 2513 1133 3109
1820 2 2 2 1 1058 1928 3401
1821 2 2 2 1 907 2257 2666
1822 2 2 2 1 1000 1990 4401
1823 2 2 2 1 2547 450 5183
1824 2 2 2 1 2454 1148 2943
1825 2 2 2 1 3430 1226 3911
1826 2 2 2 1 3291 1196 3547
1827 2 2 2 1 2543 1071 5145
1828 2 2 2 1 450 4953 5183
1829 2 2 2 1 2595 942 5579
1830 2 2 2 1 1031 2104 3166
1831 2 2 2 1 2372 1636 4740
1832 2 2 2 1 2106 2901 4226
1833 2 2 2 1 2424 2324 6079
1834 2 2 2 1 2533 1606 4825
1835 2 2 2 1 1076 2051 3281
1836 2 2 2 1 2041 2427 5770
1837 2 2 2 1 1596 2818 3872
1838 2 2 2 1 2271 837 2630
1839 2 2 2 1 124 2198 3742
1840 2 2 2 1 3578 885 5464
1841 2 2 2 1 923 2214 2672
1842 2 2 2 1 325 2034 4707
1843 2 2 2 1 4095 670 5091
1844 2 2 2 1 3691 634 5289
1845 2 2 2 1 4243 2570 6045
1846 2 2 2 1 1067 1963 4772
1847 2 2 2 1 2056 502 4550
1848 2 2 2 1 1294 2055 3255
1849 2 2 2 1 2225 408 4430
1850 2 2 2 1 2066 4592 5867
1851 2 2 2 1 3683 2700 5323
1852 2 2 2 1 3390 509 4299
1853 2 2 2 1 1405 2056 4550
1854 2 2 2 1 1965 737 3583
1855 2 2 2 1 717 3118 3422
1856 2 2 2 1 2581 1128 2786
1857 2 2 2 1 2824 2061 5263
1858 2 2 2 1 843 2869 4290
1859 2 2 2 1 2348 933 4490
1860 2 2 2 1 2869 1809 4290
1861 2 2 2 1 2427 1044 5770
1862 2 2 2 1 1008 2359 2836
1863 2 2 2 1 1413 4245 5773
1864 2 2 2 1 844 2454 2943
1865 2 2 2 1 1811 3295 5388
1866 2 2 2 1 2758 1122 3445
1867 2 2 2 1 1093 1965 3583
1868 2 2 2 1 2079 1535 4998
1869 2 2 2 1 796 1946 3760
1870 2 2 2 1 2634 1413 5773
1871 2 2 2 1 2446 2063 4462
1872 2 2 2 1 2788 1471 4095
1873 2 2 2 1 736 2449 5378
1874 2 2 2 1 1284 2147 2903
1875 2 2 2 1 2324 930 2670
1876 2 2 2 1 926 2190 4131
1877 2 2 2 1 702 1943 3866
1878 2 2 2 1 1132 2085 4567
1879 2 2 2 1 2266 1262 2714
1880 2 2 2 1 2015 117 4374
1881 2 2 2 1 2104 1560 5490
1882 2 2 2 1 430 2071 3896
1883 2 2 2 1 2966 1491 3373
1884 2 2 2 1 1075 2966 3373
1885 2 2 2 1 1080 2407 4217
1886 2 2 2 1 810 2875 5703
1887 2 2 2 1 1071 2791 5145
1888 2 2 2 1 2147 580 2903
1889 2 2 2 1 1575 2433 3252
1890 2 2 2 1 276 275 2285
1891 2 2 2 1 2315 318 4293
1892 2 2 2 1 2690 1543 4741
1893 2 2 2 1 2067 992 3006
1894 2 2 2 1 1941 394 3855
1895 2 2 2 1 2039 1435 4715
1896 2 2 2 1 589 1938 4599
1897 2 2 2 1 585 2067 3006
1898 2 2 2 1 2195 943 4930
1899 2 2 2 1 936 2276 2639
1900 2 2 2 1 1205 2137 2779
1901 2 2 2 1 3144 1120 3168
1902 2 2 2 1 730 2002 3957
1903 2 2 2 1 1936 1459 3759
1904 2 2 2 1 865 2211 2727
1905 2 2 2 1 2559 906 3299
1906 2 2 2 1 4191 2651 4332
1907 2 2 2 1 343 1943 3827
1908 2 2 2 1 1133 2336 3109
1909 2 2 2 1 1525 3257 4651
1910 2 2 2 1 1731 4831 5964
1911 2 2 2 1 281 280 2666
1912 2 2 2 1 2624 1394 3764
1913 2 2 2 1 351 2012 3072
1914 2 2 2 1 1752 3225 3695
1915 2 2 2 1 3225 643 3695
1916 2 2 2 1 2366 1124 3027
1917 2 2 2 1 265 2433 4955
1918 2 2 2 1 2403 968 2525
1919 2 2 2 1 2029 957 2978
1920 2 2 2 1 503 2366 3027
1921 2 2 2 1 2198 2967 4899
1922 2 2 2 1 2166 771 5188
1923 2 2 2 1 524 2406 3175
1924 2 2 2 1 2336 788 3109
1925 2 2 2 1 2286 939 4888
1926 2 2 2 1 991 1943 3502
1927 2 2 2 1 2015 990 3616
1928 2 2 2 1 2198 125 2967
1929 2 2 2 1 4936 1945 5537
1930 2 2 2 1 1591 3316 5031
1931 2 2 2 1 2148 745 5367
1932 2 2 2 1 4016 811 4047
1933 2 2 2 1 2126 938 4366
1934 2 2 2 1 181 182 2518
1935 2 2 2 1 1161 1941 3855
1936 2 2 2 1 3524 1173 3593
1937 2 2 2 1 2353 409 4074
1938 2 2 2 1 1652 3502 3553
1939 2 2 2 1 3060 2135 4289
1940 2 2 2 1 2334 789 4367
1941 2 2 2 1 3979 666 5057
1942 2 2 2 1 1449 2164 4467
1943 2 2 2 1 2223 928 4161
1944 2 2 2 1 1203 1950 5606
1945 2 2 2 1 1526 3260 4352
1946 2 2 2 1 2143 4771 5614
1947 2 2 2 1 944 2205 3061
1948 2 2 2 1 2371 1506 4148
1949 2 2 2 1 1946 796 5752
1950 2 2 2 1 4436 1934 5872
1951 2 2 2 1 2291 935 4586
1952 2 2 2 1 1605 2445 5002
1953 2 2 2 1 2582 953 2889
1954 2 2 2 1 2248 544 2845
1955 2 2 2 1 1649 3537 4102
1956 2 2 2 1 2164 434 4467
1957 2 2 2 1 2990 2023 4528
1958 2 2 2 1 718 1949 5401
1959 2 2 2 1 2197 979 5556
1960 2 2 2 1 1957 304 3386
1961 2 2 2 1 958 2034 3031
1962 2 2 2 1 3385 2084 5231
1963 2 2 2 1 4993 2683 5038
1964 2 2 2 1 925 3962 6030
1965 2 2 2 1 412 2020 3058
1966 2 2 2 1 1965 1093 3328
1967 2 2 2 1 1778 4076 5513
1968 2 2 2 1 540 3024 3887
1969 2 2 2 1 895 2068 4891
1970 2 2 2 1 833 2374 2570
1971 2 2 2 1 2104 1031 5059
1972 2 2 2 1 2543 2134 5893
1973 2 2 2 1 980 2000 3671
1974 2 2 2 1 2859 3898 5104
1975 2 2 2 1 3713 379 4398
1976 2 2 2 1 2094 3056 5896
1977 2 2 2 1 4256 834 5740
1978 2 2 2 1 1902 4555 4767
1979 2 2 2 1 1952 1070 3847
1980 2 2 2 1 1946 1027 3760
1981 2 2 2 1 2026 487 3051
1982 2 2 2 1 1334 4242 5347
1983 2 2 2 1 417 2193 4015
1984 2 2 2 1 3887 3024 4176
1985 2 2 2 1 2953 1351 3251
1986 2 2 2 1 1949 718 5172
1987 2 2 2 1 2540 1693 4558
1988 2 2 2 1 3440 1945 4936
1989 2 2 2 1 1992 3962 4769
1990 2 2 2 1 3308 915 5133
1991 2 2 2 1 1393 2118 2863
1992 2 2 2 1 1224 2026 3929
1993 2 2 2 1 80 81 2800
1994 2 2 2 1 683 2540 4558
1995 2 2 2 1 1313 2775 3643
1996 2 2 2 1 1860 3533 4121
1997 2 2 2 1 992 2067 4850
1998 2 2 2 1 2007 3012 6027
1999 2 2 2 1 2232 1428 3094
2000 2 2 2 1 1469 2065 2961
2001 2 2 2 1 2060 416 2975
2002 2 2 2 1 3835 1757 4083
2003 2 2 2 1 1958 1037 3437
2004 2 2 2 1 1546 4293 4575
2005 2 2 2 1 1050 2753 5631
2006 2 2 2 1 1218 3466 5435
2007 2 2 2 1 1560 2104 5059
2008 2 2 2 1 954 2207 5039
2009 2 2 2 1 1070 1952 3771
2010 2 2 2 1 1977 1189 3265
2011 2 2 2 1 1436 2724 4960
2012 2 2 2 1 2065 1208 2961
2013 2 2 2 1 2347 675 3968
2014 2 2 2 1 2693 1118 3089
2015 2 2 2 1 1638 2128 5197
2016 2 2 2 1 2144 688 4502
2017 2 2 2 1 2176 891 2819
2018 2 2 2 1 1127 4043 4510
2019 2 2 2 1 3875 2469 5171
2020 2 2 2 1 1084 2013 3490
2021 2 2 2 1 737 1965 5009
2022 2 2 2 1 2387 496 6129
2023 2 2 2 1 2384 1418 2579
2024 2 2 2 1 2107 952 3434
2025 2 2 2 1 2128 366 4492
2026 2 2 2 1 1114 2156 4928
2027 2 2 2 1 2136 436 3495
2028 2 2 2 1 2408 948 3769
2029 2 2 2 1 3916 3030 4980
2030 2 2 2 1 1443 2144 4502
2031 2 2 2 1 2606 1451 4268
2032 2 2 2 1 470 2129 5504
2033 2 2 2 1 1037 4070 5366
2034 2 2 2 1 1172 1997 3866
2035 2 2 2 1 5200 2262 5284
2036 2 2 2 1 1971 486 3437
2037 2 2 2 1 1157 2136 3495
2038 2 2 2 1 1163 2600 2763
2039 2 2 2 1 892 1957 3845
2040 2 2 2 1 2023 1526 4528
2041 2 2 2 1 1050 2201 2753
2042 2 2 2 1 2151 3391 4725
2043 2 2 2 1 1622 2687 3560
2044 2 2 2 1 2431 602 4527
2045 2 2 2 1 2070 446 5544
2046 2 2 2 1 877 2204 5932
2047 2 2 2 1 446 2207 3420
2048 2 2 2 1 1252 3808 4163
2049 2 2 2 1 2255 864 2699
2050 2 2 2 1 2663 1785 4504
2051 2 2 2 1 271 5 2675
2052 2 2 2 1 3007 1252 4163
2053 2 2 2 1 756 1994 5146
2054 2 2 2 1 3171 1520 5934
2055 2 2 2 1 1963 647 4060
2056 2 2 2 1 1959 1070 3771
2057 2 2 2 1 2184 28 2984
2058 2 2 2 1 219 220 2558
2059 2 2 2 1 2590 1170 2932
2060 2 2 2 1 1620 2431 4527
2061 2 2 2 1 466 2100 2959
2062 2 2 2 1 304 1957 3770
2063 2 2 2 1 646 4318 5901
2064 2 2 2 1 1997 3171 5934
2065 2 2 2 1 390 2651 4191
2066 2 2 2 1 1959 742 4283
2067 2 2 2 1 791 2590 2932
2068 2 2 2 1 952 2107 2906
2069 2 2 2 1 2216 2332 5245
2070 2 2 2 1 956 2363 3232
2071 2 2 2 1 333 3372 4900
2072 2 2 2 1 276 2285 4229
2073 2 2 2 1 2624 769 4402
2074 2 2 2 1 1487 3320 3402
2075 2 2 2 1 2787 521 3657
2076 2 2 2 1 1975 464 5375
2077 2 2 2 1 908 2095 5745
2078 2 2 2 1 1667 2624 4402
2079 2 2 2 1 467 4892 5510
2080 2 2 2 1 4565 1835 5551
2081 2 2 2 1 4167 2102 5381
2082 2 2 2 1 1992 3525 5157
2083 2 2 2 1 4096 2777 5115
2084 2 2 2 1 1349 2258 3935
2085 2 2 2 1 2436 4474 4822
2086 2 2 2 1 2430 860 3347
2087 2 2 2 1 2258 549 3935
2088 2 2 2 1 742 1959 3771
2089 2 2 2 1 1274 1971 4087
2090 2 2 2 1 2285 275 4428
2091 2 2 2 1 988 2121 4644
2092 2 2 2 1 1950 1203 3658
2093 2 2 2 1 1808 2719 3755
2094 2 2 2 1 501 2261 2710
2095 2 2 2 1 1207 2509 4225
2096 2 2 2 1 358 1995 3230
2097 2 2 2 1 529 2994 3496
2098 2 2 2 1 1982 564 4461
2099 2 2 2 1 1002 2786 3496
2100 2 2 2 1 4642 895 5789
2101 2 2 2 1 1550 2478 3410
2102 2 2 2 1 464 2191 2794
2103 2 2 2 1 2695 1731 5964
2104 2 2 2 1 2148 5367 5471
2105 2 2 2 1 799 2028 4940
2106 2 2 2 1 878 2369 3965
2107 2 2 2 1 2401 823 5758
2108 2 2 2 1 1055 2200 3274
2109 2 2 2 1 360 3385 5231
2110 2 2 2 1 1105 2894 3098
2111 2 2 2 1 507 2041 5770
2112 2 2 2 1 2107 297 3083
2113 2 2 2 1 3035 1037 5366
2114 2 2 2 1 416 2168 2975
2115 2 2 2 1 1972 493 3634
2116 2 2 2 1 2340 1159 2711
2117 2 2 2 1 330 3747 5721
2118 2 2 2 1 450 2547 2653
2119 2 2 2 1 2168 1018 2975
2120 2 2 2 1 5574 2387 6129
2121 2 2 2 1 2280 865 2700
2122 2 2 2 1 793 2519 3348
2123 2 2 2 1 2584 335 2618
2124 2 2 2 1 1887 3656 4608
2125 2 2 2 1 653 2663 5676
2126 2 2 2 1 1465 3129 3192
2127 2 2 2 1 1456 2029 4609
2128 2 2 2 1 3533 691 4121
2129 2 2 2 1 1967 156 4882
2130 2 2 2 1 1019 2107 3083
2131 2 2 2 1 156 1967 3926
2132 2 2 2 1 2057 466 3380
2133 2 2 2 1 2180 1285 5641
2134 2 2 2 1 478 2208 5634
2135 2 2 2 1 723 2069 3611
2136 2 2 2 1 2257 907 2724
2137 2 2 2 1 1003 2389 2618
2138 2 2 2 1 3129 1020 3192
2139 2 2 2 1 2081 315 4049
2140 2 2 2 1 1998 3080 3575
2141 2 2 2 1 295 2278 5283
2142 2 2 2 1 474 2262 5200
2143 2 2 2 1 3099 1045 3441
2144 2 2 2 1 683 3706 5978
2145 2 2 2 1 1672 3490 4331
2146 2 2 2 1 2263 1305 4905
2147 2 2 2 1 925 3001 4017
2148 2 2 2 1 546 3074 3848
2149 2 2 2 1 4490 933 5486
2150 2 2 2 1 3891 848 6049
2151 2 2 2 1 1990 333 3325
2152 2 2 2 1 112 2496 3393
2153 2 2 2 1 2161 355 2842
2154 2 2 2 1 2165 1039 3073
2155 2 2 2 1 4481 3262 5998
2156 2 2 2 1 2378 377 3520
2157 2 2 2 1 2711 1159 2870
2158 2 2 2 1 919 4686 5539
2159 2 2 2 1 2246 406 5076
2160 2 2 2 1 2426 373 2745
2161 2 2 2 1 2511 527 3531
2162 2 2 2 1 2478 1550 4704
2163 2 2 2 1 3683 3082 5666
2164 2 2 2 1 1277 2081 4049
2165 2 2 2 1 3069 1294 3976
2166 2 2 2 1 402 2002 3274
2167 2 2 2 1 1554 2378 3520
2168 2 2 2 1 1195 2397 2622
2169 2 2 2 1 2432 3026 4158
2170 2 2 2 1 2055 356 3087
2171 2 2 2 1 3633 698 5583
2172 2 2 2 1 2237 1139 2756
2173 2 2 2 1 3276 1164 3937
2174 2 2 2 1 603 2165 3073
2175 2 2 2 1 2460 1940 5582
2176 2 2 2 1 892 2329 3770
2177 2 2 2 1 2223 300 3599
2178 2 2 2 1 2213 980 5573
2179 2 2 2 1 2048 336 3316
2180 2 2 2 1 2032 2589 4744
2181 2 2 2 1 2589 1295 3775
2182 2 2 2 1 2397 393 2622
2183 2 2 2 1 3504 2051 5557
2184 2 2 2 1 1442 2900 2923
2185 2 2 2 1 948 2501 3769
2186 2 2 2 1 2622 393 4248
2187 2 2 2 1 730 2031 4401
2188 2 2 2 1 743 2025 3162
2189 2 2 2 1 4076 2149 5513
2190 2 2 2 1 2205 1195 5507
2191 2 2 2 1 2100 466 4957
2192 2 2 2 1 2010 3180 6050
2193 2 2 2 1 1051 2426 2745
2194 2 2 2 1 2900 445 2923
2195 2 2 2 1 2265 517 5885
2196 2 2 2 1 987 2210 5600
2197 2 2 2 1 1780 2994 3570
2198 2 2 2 1 2686 1870 6139
2199 2 2 2 1 1289 2230 4078
2200 2 2 2 1 764 2178 2956
2201 2 2 2 1 2043 3308 5133
2202 2 2 2 1 2239 312 3131
2203 2 2 2 1 2425 1387 2848
2204 2 2 2 1 2284 880 5348
2205 2 2 2 1 2069 1151 3611
2206 2 2 2 1 2390 1547 4761
2207 2 2 2 1 2990 2173 4417
2208 2 2 2 1 4078 2230 4733
2209 2 2 2 1 1985 2921 5578
2210 2 2 2 1 576 2467 3466
2211 2 2 2 1 1213 1996 3347
2212 2 2 2 1 1519 2015 4374
2213 2 2 2 1 1061 2048 3316
2214 2 2 2 1 2178 1011 2956
2215 2 2 2 1 1362 2960 3122
2216 2 2 2 1 143 144 2536
2217 2 2 2 1 3001 1718 4017
2218 2 2 2 1 2164 1167 2952
2219 2 2 2 1 2991 1301 4175
2220 2 2 2 1 2087 529 3022
2221 2 2 2 1 3595 672 4012
2222 2 2 2 1 2787 3657 5871
2223 2 2 2 1 2231 478 5634
2224 2 2 2 1 2507 577 4400
2225 2 2 2 1 1929 3278 4310
2226 2 2 2 1 1000 2031 3352
2227 2 2 2 1 1298 4285 4718
2228 2 2 2 1 2687 346 3560
2229 2 2 2 1 3751 1953 4555
2230 2 2 2 1 2091 534 4343
2231 2 2 2 1 176 2438 3820
2232 2 2 2 1 2199 768 4267
2233 2 2 2 1 2576 916 3262
2234 2 2 2 1 729 2009 4547
2235 2 2 2 1 2154 689 2879
2236 2 2 2 1 1765 2991 4175
2237 2 2 2 1 3081 1290 3572
2238 2 2 2 1 66 67 2841
2239 2 2 2 1 2120 1060 3464
2240 2 2 2 1 2112 514 3703
2241 2 2 2 1 4074 786 5124
2242 2 2 2 1 5058 2861 6092
2243 2 2 2 1 3306 2648 3936
2244 2 2 2 1 2320 1680 5468
2245 2 2 2 1 3874 260 4716
2246 2 2 2 1 1873 2650 5366
2247 2 2 2 1 2253 365 3791
2248 2 2 2 1 2313 875 5218
2249 2 2 2 1 2020 412 3207
2250 2 2 2 1 1271 2255 4112
2251 2 2 2 1 2047 996 4353
2252 2 2 2 1 2759 1950 3658
2253 2 2 2 1 889 3478 6014
2254 2 2 2 1 451 3754 5960
2255 2 2 2 1 3747 330 4790
2256 2 2 2 1 2519 793 5411
2257 2 2 2 1 2154 2879 5319
2258 2 2 2 1 809 3075 5805
2259 2 2 2 1 5367 1686 5471
2260 2 2 2 1 1280 2253 3791
2261 2 2 2 1 808 2425 2848
2262 2 2 2 1 1546 3049 4293
2263 2 2 2 1 5573 980 5634
2264 2 2 2 1 2960 1119 3122
2265 2 2 2 1 2883 1119 3146
2266 2 2 2 1 4930 943 5175
2267 2 2 2 1 2311 1040 3074
2268 2 2 2 1 3278 562 4310
2269 2 2 2 1 1348 1987 4115
2270 2 2 2 1 2806 2057 3459
2271 2 2 2 1 1588 2862 4161
2272 2 2 2 1 2200 1901 5487
2273 2 2 2 1 1646 2160 5322
2274 2 2 2 1 2392 469 6079
2275 2 2 2 1 514 2237 5911
2276 2 2 2 1 2633 1324 2888
2277 2 2 2 1 2000 1047 3337
2278 2 2 2 1 1091 2010 4690
2279 2 2 2 1 1326 2218 3161
2280 2 2 2 1 1976 539 5686
2281 2 2 2 1 1935 3925 5500
2282 2 2 2 1 1018 2170 5357
2283 2 2 2 1 943 2195 5465
2284 2 2 2 1 594 2306 5086
2285 2 2 2 1 3046 1439 4594
2286 2 2 2 1 1992 571 3962
2287 2 2 2 1 2641 1384 3547
2288 2 2 2 1 2082 1024 5498
2289 2 2 2 1 1505 3224 3679
2290 2 2 2 1 253 3711 5247
2291 2 2 2 1 2557 957 5372
2292 2 2 2 1 189 190 2747
2293 2 2 2 1 2295 488 5690
2294 2 2 2 1 2011 1261 4824
2295 2 2 2 1 1843 2295 5690
2296 2 2 2 1 3224 1127 3679
2297 2 2 2 1 418 2304 3626
2298 2 2 2 1 1044 2586 2698
2299 2 2 2 1 221 2089 4433
2300 2 2 2 1 3125 1526 5092
2301 2 2 2 1 2682 311 6039
2302 2 2 2 1 447 2585 5846
2303 2 2 2 1 502 2345 3789
2304 2 2 2 1 469 2424 6079
2305 2 2 2 1 2586 1079 2698
2306 2 2 2 1 1361 2875 3688
2307 2 2 2 1 1480 2938 3468
2308 2 2 2 1 2006 1154 3370
2309 2 2 2 1 2938 1155 3468
2310 2 2 2 1 483 2313 6076
2311 2 2 2 1 2683 1623 5038
2312 2 2 2 1 1986 458 3839
2313 2 2 2 1 2585 2121 5846
2314 2 2 2 1 3660 646 5901
2315 2 2 2 1 980 2231 5634
2316 2 2 2 1 2605 972 4050
2317 2 2 2 1 539 1976 3686
2318 2 2 2 1 1996 1213 4028
2319 2 2 2 1 1115 2532 3465
2320 2 2 2 1 2485 338 5006
2321 2 2 2 1 2296 1444 4552
2322 2 2 2 1 387 2148 2913
2323 2 2 2 1 2285 4428 4674
2324 2 2 2 1 2657 541 3507
2325 2 2 2 1 3091 756 3170
2326 2 2 2 1 930 2481 2670
2327 2 2 2 1 510 2592 2863
2328 2 2 2 1 4045 1353 4546
2329 2 2 2 1 2532 687 3640
2330 2 2 2 1 4680 1009 4691
2331 2 2 2 1 2108 560 3032
2332 2 2 2 1 976 2307 2924
2333 2 2 2 1 1975 3680 5472
2334 2 2 2 1 2049 1405 4550
2335 2 2 2 1 2176 1379 2890
2336 2 2 2 1 307 2809 3356
2337 2 2 2 1 1771 2841 5047
2338 2 2 2 1 2349 1509 4603
2339 2 2 2 1 3081 3572 5695
2340 2 2 2 1 994 2108 3032
2341 2 2 2 1 887 2460 5582
2342 2 2 2 1 733 1986 5749
2343 2 2 2 1 3017 548 4419
2344 2 2 2 1 927 2817 3269
2345 2 2 2 1 1759 3574 6138
2346 2 2 2 1 1371 2532 3640
2347 2 2 2 1 359 3487 4363
2348 2 2 2 1 409 2353 2996
2349 2 2 2 1 2852 1080 4217
2350 2 2 2 1 1515 3565 3615
2351 2 2 2 1 533 2393 3291
2352 2 2 2 1 2503 1067 3204
2353 2 2 2 1 1985 2866 5458
2354 2 2 2 1 1287 2196 4018
2355 2 2 2 1 1043 2019 3271
2356 2 2 2 1 1992 841 3525
2357 2 2 2 1 1054 2075 3969
2358 2 2 2 1 1029 2091 5534
2359 2 2 2 1 1347 3686 4263
2360 2 2 2 1 1979 880 3848
2361 2 2 2 1 2031 1000 4401
2362 2 2 2 1 984 2161 5295
2363 2 2 2 1 1193 2118 3934
2364 2 2 2 1 1425 3091 3170
2365 2 2 2 1 2315 1257 5110
2366 2 2 2 1 2393 1196 3291
2367 2 2 2 1 2405 889 6014
2368 2 2 2 1 189 2747 3040
2369 2 2 2 1 1354 3082 3683
2370 2 2 2 1 2113 1448 4338
2371 2 2 2 1 1925 3046 4594
2372 2 2 2 1 1989 934 4091
2373 2 2 2 1 3711 1939 5247
2374 2 2 2 1 503 2340 2711
2375 2 2 2 1 2303 1537 3994
2376 2 2 2 1 2867 1502 3191
2377 2 2 2 1 2629 1007 3876
2378 2 2 2 1 1478 2629 3876
2379 2 2 2 1 2201 886 5474
2380 2 2 2 1 56 2269 3897
2381 2 2 2 1 2054 459 3174
2382 2 2 2 1 4248 393 5383
2383 2 2 2 1 1373 3637 3726
2384 2 2 2 1 1586 2072 4745
2385 2 2 2 1 2393 533 3641
2386 2 2 2 1 2464 532 3343
2387 2 2 2 1 2658 990 3589
2388 2 2 2 1 1353 3268 4546
2389 2 2 2 1 4795 1961 5478
2390 2 2 2 1 1607 2503 3204
2391 2 2 2 1 2744 199 5278
2392 2 2 2 1 3150 1780 4817
2393 2 2 2 1 1163 2763 5912
2394 2 2 2 1 548 3381 4419
2395 2 2 2 1 2008 1154 3807
2396 2 2 2 1 947 4809 5751
2397 2 2 2 1 1563 3030 3916
2398 2 2 2 1 1423 3968 4046
2399 2 2 2 1 2023 1182 3260
2400 2 2 2 1 2037 2405 6014
2401 2 2 2 1 1447 3515 5575
2402 2 2 2 1 2860 1029 3011
2403 2 2 2 1 338 4823 5006
2404 2 2 2 1 695 2918 5171
2405 2 2 2 1 177 178 3019
2406 2 2 2 1 313 2264 3066
2407 2 2 2 1 1151 2069 4711
2408 2 2 2 1 1443 3266 4198
2409 2 2 2 1 2026 776 5000
2410 2 2 2 1 2758 3445 4319
2411 2 2 2 1 2229 912 2849
2412 2 2 2 1 1273 2860 3011
2413 2 2 2 1 1148 2564 2943
2414 2 2 2 1 809 2095 4859
2415 2 2 2 1 349 2659 4920
2416 2 2 2 1 1051 2357 2778
2417 2 2 2 1 983 2399 3034
2418 2 2 2 1 1069 2711 2870
2419 2 2 2 1 1339 2909 3119
2420 2 2 2 1 1469 2961 3445
2421 2 2 2 1 2208 5573 5634
2422 2 2 2 1 2909 1169 3119
2423 2 2 2 1 1994 756 4630
2424 2 2 2 1 3299 419 4925
2425 2 2 2 1 3967 1546 4575
2426 2 2 2 1 2961 395 3445
2427 2 2 2 1 1695 2539 3665
2428 2 2 2 1 499 2284 2778
2429 2 2 2 1 3701 2521 4497
2430 2 2 2 1 1094 2477 2735
2431 2 2 2 1 2007 2703 5235
2432 2 2 2 1 2523 572 3036
2433 2 2 2 1 1158 2523 3036
2434 2 2 2 1 2719 1214 3755
2435 2 2 2 1 988 2088 4164
2436 2 2 2 1 3714 2148 5272
2437 2 2 2 1 637 2930 4607
2438 2 2 2 1 2703 896 5235
2439 2 2 2 1 1993 548 4937
2440 2 2 2 1 1295 2032 4361
2441 2 2 2 1 3755 1918 5604
2442 2 2 2 1 3037 1365 3095
2443 2 2 2 1 457 2643 4602
2444 2 2 2 1 960 2317 4476
2445 2 2 2 1 3271 581 5533
2446 2 2 2 1 1802 5058 6092
2447 2 2 2 1 598 1998 5005
2448 2 2 2 1 465 3037 3095
2449 2 2 2 1 2013 1084 4582
2450 2 2 2 1 4486 739 4498
2451 2 2 2 1 927 2260 2817
2452 2 2 2 1 2357 499 2778
2453 2 2 2 1 2114 469 6114
2454 2 2 2 1 1076 2369 5557
2455 2 2 2 1 2009 1514 4658
2456 2 2 2 1 1135 2203 4479
2457 2 2 2 1 4359 691 4652
2458 2 2 2 1 964 1998 3705
2459 2 2 2 1 3496 2994 4379
2460 2 2 2 1 3341 597 4730
2461 2 2 2 1 3091 1425 4107
2462 2 2 2 1 2361 1187 3590
2463 2 2 2 1 512 3480 4395
2464 2 2 2 1 972 2716 4050
2465 2 2 2 1 1997 1172 4895
2466 2 2 2 1 2048 1061 3972
2467 2 2 2 1 4024 1368 4663
2468 2 2 2 1 2088 988 3130
2469 2 2 2 1 121 122 3075
2470 2 2 2 1 3057 2178 5084
2471 2 2 2 1 1004 2108 3084
2472 2 2 2 1 2019 1043 3489
2473 2 2 2 1 796 2309 5752
2474 2 2 2 1 1962 3712 5532
2475 2 2 2 1 1940 4386 5582
2476 2 2 2 1 4460 2699 5001
2477 2 2 2 1 1543 2690 4080
2478 2 2 2 1 2537 308 5803
2479 2 2 2 1 2687 1920 5056
2480 2 2 2 1 739 2070 4498
2481 2 2 2 1 2002 402 3858
2482 2 2 2 1 2116 3096 6052
2483 2 2 2 1 1404 3003 3833
2484 2 2 2 1 1154 2006 5268
2485 2 2 2 1 2017 5667 5803
2486 2 2 2 1 2309 1868 5752
2487 2 2 2 1 339 3057 5084
2488 2 2 2 1 3753 681 5407
2489 2 2 2 1 406 2320 2759
2490 2 2 2 1 346 2687 5056
2491 2 2 2 1 2321 960 3908
2492 2 2 2 1 320 3850 4221
2493 2 2 2 1 3621 1853 5229
2494 2 2 2 1 2624 1667 5255
2495 2 2 2 1 4367 789 5428
2496 2 2 2 1 2002 730 3881
2497 2 2 2 1 2031 448 3352
2498 2 2 2 1 64 65 2562
2499 2 2 2 1 830 5023 5552
2500 2 2 2 1 3333 665 3942
2501 2 2 2 1 2161 3748 4773
2502 2 2 2 1 2174 2956 5296
2503 2 2 2 1 27 2184 4247
2504 2 2 2 1 5037 618 5244
2505 2 2 2 1 2019 974 5570
2506 2 2 2 1 1780 3570 5819
2507 2 2 2 1 2039 4611 4789
2508 2 2 2 1 1184 2541 4227
2509 2 2 2 1 1587 3683 5323
2510 2 2 2 1 2342 315 3604
2511 2 2 2 1 1250 2314 3209
2512 2 2 2 1 2635 916 3456
2513 2 2 2 1 520 2276 2826
2514 2 2 2 1 513 4885 5546
2515 2 2 2 1 3735 1231 3805
2516 2 2 2 1 4717 657 5630
2517 2 2 2 1 1459 4460 5001
2518 2 2 2 1 2332 780 5245
2519 2 2 2 1 2226 1058 5494
2520 2 2 2 1 1467 2289 4443
2521 2 2 2 1 2289 530 4443
2522 2 2 2 1 1182 2544 3034
2523 2 2 2 1 2174 764 2956
2524 2 2 2 1 2273 801 3055
2525 2 2 2 1 3442 1111 3702
2526 2 2 2 1 2339 590 3565
2527 2 2 2 1 1056 2273 3055
2528 2 2 2 1 473 2125 3203
2529 2 2 2 1 2235 1045 4455
2530 2 2 2 1 2008 207 4409
2531 2 2 2 1 870 3644 5324
2532 2 2 2 1 355 2578 4173
2533 2 2 2 1 980 2213 4987
2534 2 2 2 1 861 2189 5341
2535 2 2 2 1 733 3751 4555
2536 2 2 2 1 2160 1646 5266
2537 2 2 2 1 2513 3109 4970
2538 2 2 2 1 984 2324 3048
2539 2 2 2 1 2043 327 3308
2540 2 2 2 1 2040 584 3349
2541 2 2 2 1 2173 986 3955
2542 2 2 2 1 594 5086 5256
2543 2 2 2 1 4602 2643 5600
2544 2 2 2 1 526 2196 4404
2545 2 2 2 1 2030 3341 4730
2546 2 2 2 1 4646 1025 4741
2547 2 2 2 1 4268 668 4405
2548 2 2 2 1 2312 980 3671
2549 2 2 2 1 2646 1071 2652
2550 2 2 2 1 2245 840 5159
2551 2 2 2 1 894 4310 5388
2552 2 2 2 1 2926 1754 5637
2553 2 2 2 1 2685 1098 2972
2554 2 2 2 1 1887 3874 4716
2555 2 2 2 1 920 2418 2691
2556 2 2 2 1 3478 2228 6014
2557 2 2 2 1 1023 2646 2652
2558 2 2 2 1 2955 1207 4225
2559 2 2 2 1 1823 2114 4913
2560 2 2 2 1 2350 4056 5723
2561 2 2 2 1 967 2163 3744
2562 2 2 2 1 1181 2685 2972
2563 2 2 2 1 2065 1469 4553
2564 2 2 2 1 2350 1495 4056
2565 2 2 2 1 3954 349 4920
2566 2 2 2 1 787 2341 4260
2567 2 2 2 1 1102 3068 3450
2568 2 2 2 1 311 2019 3489
2569 2 2 2 1 662 2011 3701
2570 2 2 2 1 1715 3442 3702
2571 2 2 2 1 2341 1448 4260
2572 2 2 2 1 803 2177 3246
2573 2 2 2 1 3068 1502 3450
2574 2 2 2 1 861 2383 4478
2575 2 2 2 1 1011 2178 3057
2576 2 2 2 1 3126 1576 4054
2577 2 2 2 1 2510 474 3382
2578 2 2 2 1 317 2249 4445
2579 2 2 2 1 2123 1014 4089
2580 2 2 2 1 1095 2096 3163
2581 2 2 2 1 1368 3334 4663
2582 2 2 2 1 1446 2235 4455
2583 2 2 2 1 544 2248 5698
2584 2 2 2 1 2108 1004 3214
2585 2 2 2 1 3273 1777 4665
2586 2 2 2 1 3050 4394 5130
2587 2 2 2 1 3262 916 5574
2588 2 2 2 1 773 2184 4214
2589 2 2 2 1 2177 1077 3246
2590 2 2 2 1 817 2323 5087
2591 2 2 2 1 3733 2080 5470
2592 2 2 2 1 2012 992 4545
2593 2 2 2 1 3879 1206 5223
2594 2 2 2 1 2440 922 2881
2595 2 2 2 1 272 2557 5372
2596 2 2 2 1 2307 976 3153
2597 2 2 2 1 981 2263 3228
2598 2 2 2 1 4871 951 5984
2599 2 2 2 1 675 2347 4163
2600 2 2 2 1 911 2361 2843
2601 2 2 2 1 1310 2744 4659
2602 2 2 2 1 1568 3208 3474
2603 2 2 2 1 2782 664 5561
2604 2 2 2 1 3546 1636 5624
2605 2 2 2 1 2010 775 3898
2606 2 2 2 1 3230 2000 4987
2607 2 2 2 1 5561 664 5825
2608 2 2 2 1 2347 1415 4163
2609 2 2 2 1 608 2760 2899
2610 2 2 2 1 2550 1356 3953
2611 2 2 2 1 4400 577 4688
2612 2 2 2 1 3208 407 3474
2613 2 2 2 1 1171 2883 3146
2614 2 2 2 1 4888 939 5918
2615 2 2 2 1 116 2015 3616
2616 2 2 2 1 455 2166 5215
2617 2 2 2 1 818 2404 3012
2618 2 2 2 1 1090 2020 4749
2619 2 2 2 1 2481 1097 2670
2620 2 2 2 1 567 2574 3265
2621 2 2 2 1 570 2016 4774
2622 2 2 2 1 4290 2992 5219
2623 2 2 2 1 2121 988 4164
2624 2 2 2 1 2130 485 5350
2625 2 2 2 1 478 2110 3160
2626 2 2 2 1 3568 1385 3832
2627 2 2 2 1 1025 2905 4741
2628 2 2 2 1 986 2173 2990
2629 2 2 2 1 1048 2270 5767
2630 2 2 2 1 198 199 2744
2631 2 2 2 1 492 2162 3020
2632 2 2 2 1 2254 1283 4019
2633 2 2 2 1 2274 981 3228
2634 2 2 2 1 2045 371 4298
2635 2 2 2 1 3631 1253 5995
2636 2 2 2 1 2332 868 5167
2637 2 2 2 1 3537 416 4102
2638 2 2 2 1 2813 669 4435
2639 2 2 2 1 338 2098 3176
2640 2 2 2 1 597 2748 3488
2641 2 2 2 1 2025 743 5156
2642 2 2 2 1 3568 3832 5741
2643 2 2 2 1 2212 1096 5405
2644 2 2 2 1 2755 1461 3593
2645 2 2 2 1 2371 506 2832
2646 2 2 2 1 968 2403 3794
2647 2 2 2 1 4285 1937 4718
2648 2 2 2 1 1747 2813 4435
2649 2 2 2 1 2198 1209 3742
2650 2 2 2 1 2594 1299 4098
2651 2 2 2 1 3345 343 3827
2652 2 2 2 1 2432 1358 4232
2653 2 2 2 1 983 2544 4693
2654 2 2 2 1 3418 863 3987
2655 2 2 2 1 3099 559 4455
2656 2 2 2 1 2217 886 5291
2657 2 2 2 1 639 2252 3726
2658 2 2 2 1 1697 2332 5167
2659 2 2 2 1 2608 1524 4569
2660 2 2 2 1 1786 3345 3827
2661 2 2 2 1 2110 1160 3160
2662 2 2 2 1 327 2043 4880
2663 2 2 2 1 1763 3333 3942
2664 2 2 2 1 3485 1191 4271
2665 2 2 2 1 1994 3339 5146
2666 2 2 2 1 2221 844 2943
2667 2 2 2 1 3001 449 4092
2668 2 2 2 1 2800 81 3377
2669 2 2 2 1 233 234 2921
2670 2 2 2 1 5197 2713 5200
2671 2 2 2 1 949 2713 5197
2672 2 2 2 1 2578 1518 4173
2673 2 2 2 1 1862 2401 5758
2674 2 2 2 1 3372 1742 4900
2675 2 2 2 1 1305 2263 4055
2676 2 2 2 1 3775 667 4971
2677 2 2 2 1 1259 2245 3943
2678 2 2 2 1 3898 775 5104
2679 2 2 2 1 1539 2466 3402
2680 2 2 2 1 3817 2104 5490
2681 2 2 2 1 871 2448 4347
2682 2 2 2 1 2188 2301 5888
2683 2 2 2 1 4043 1820 4510
2684 2 2 2 1 3472 1970 5523
2685 2 2 2 1 3166 2104 4811
2686 2 2 2 1 2069 723 3907
2687 2 2 2 1 973 2466 4755
2688 2 2 2 1 1999 4486 4498
2689 2 2 2 1 2349 753 4422
2690 2 2 2 1 2431 3572 6090
2691 2 2 2 1 2117 1296 3383
2692 2 2 2 1 903 2250 3111
2693 2 2 2 1 2547 1130 2653
2694 2 2 2 1 336 2048 3900
2695 2 2 2 1 2056 1405 4390
2696 2 2 2 1 994 3032 3037
2697 2 2 2 1 3032 1365 3037
2698 2 2 2 1 945 2558 4433
2699 2 2 2 1 2394 404 2751
2700 2 2 2 1 4611 747 4789
2701 2 2 2 1 303 2350 5479
2702 2 2 2 1 1718 3001 4092
2703 2 2 2 1 3302 2365 5281
2704 2 2 2 1 1840 3614 4519
2705 2 2 2 1 2608 762 4451
2706 2 2 2 1 3089 1118 3261
2707 2 2 2 1 973 2057 3380
2708 2 2 2 1 2217 550 4134
2709 2 2 2 1 478 2231 2937
2710 2 2 2 1 3680 1975 5514
2711 2 2 2 1 2536 144 5335
2712 2 2 2 1 911 2310 2850
2713 2 2 2 1 2717 623 4426
2714 2 2 2 1 2930 1706 4607
2715 2 2 2 1 85 2245 3155
2716 2 2 2 1 3020 965 4464
2717 2 2 2 1 487 2073 3297
2718 2 2 2 1 2476 977 3945
2719 2 2 2 1 2184 773 5208
2720 2 2 2 1 2575 518 6058
2721 2 2 2 1 2668 956 3232
2722 2 2 2 1 2862 300 4161
2723 2 2 2 1 1345 2217 4134
2724 2 2 2 1 1186 2069 3907
2725 2 2 2 1 3288 2226 4349
2726 2 2 2 1 408 2734 4430
2727 2 2 2 1 2371 4148 5540
2728 2 2 2 1 778 5126 5762
2729 2 2 2 1 2063 757 3357
2730 2 2 2 1 1014 2123 3178
2731 2 2 2 1 2277 463 4639
2732 2 2 2 1 2020 1090 4330
2733 2 2 2 1 273 272 5372
2734 2 2 2 1 388 4007 4106
2735 2 2 2 1 2815 162 4297
2736 2 2 2 1 3589 1519 5354
2737 2 2 2 1 2428 522 2735
2738 2 2 2 1 2834 982 3321
2739 2 2 2 1 2249 317 3253
2740 2 2 2 1 2544 983 3034
2741 2 2 2 1 2926 452 5060
2742 2 2 2 1 454 2063 4973
2743 2 2 2 1 4474 410 4822
2744 2 2 2 1 2195 712 4354
2745 2 2 2 1 1381 2195 4354
2746 2 2 2 1 975 2147 3096
2747 2 2 2 1 2057 740 3459
2748 2 2 2 1 574 3272 6048
2749 2 2 2 1 3769 1457 3798
2750 2 2 2 1 3141 1981 4581
2751 2 2 2 1 448 2031 3952
2752 2 2 2 1 2687 1622 4450
2753 2 2 2 1 1098 2249 3253
2754 2 2 2 1 2599 1660 2671
2755 2 2 2 1 2588 470 2676
2756 2 2 2 1 1151 2089 4005
2757 2 2 2 1 668 2844 4405
2758 2 2 2 1 2063 1314 4396
2759 2 2 2 1 1002 3496 5310
2760 2 2 2 1 4969 1850 5377
2761 2 2 2 1 1171 2447 2883
2762 2 2 2 1 315 2081 3290
2763 2 2 2 1 757 2063 4396
2764 2 2 2 1 2252 1227 3726
2765 2 2 2 1 2031 730 3957
2766 2 2 2 1 523 2599 2671
2767 2 2 2 1 746 2113 4786
2768 2 2 2 1 1182 2023 5365
2769 2 2 2 1 584 2040 5102
2770 2 2 2 1 4119 871 4347
2771 2 2 2 1 2033 1659 3927
2772 2 2 2 1 2866 939 5458
2773 2 2 2 1 560 2108 3214
2774 2 2 2 1 2372 481 4943
2775 2 2 2 1 3492 1471 3729
2776 2 2 2 1 2655 660 3690
2777 2 2 2 1 575 2700 3683
2778 2 2 2 1 2759 2320 5468
2779 2 2 2 1 488 2295 3242
2780 2 2 2 1 2170 494 5357
2781 2 2 2 1 2540 683 5886
2782 2 2 2 1 98 4038 4473
2783 2 2 2 1 89 2051 3504
2784 2 2 2 1 2041 507 5874
2785 2 2 2 1 1636 2372 4943
2786 2 2 2 1 4026 1310 4659
2787 2 2 2 1 2085 2377 4567
2788 2 2 2 1 2205 513 3061
2789 2 2 2 1 2189 428 3883
2790 2 2 2 1 2032 303 3790
2791 2 2 2 1 4395 1509 4988
2792 2 2 2 1 4160 1531 5058
2793 2 2 2 1 3332 1161 3541
2794 2 2 2 1 2736 1469 3414
2795 2 2 2 1 1168 3560 5273
2796 2 2 2 1 2828 1896 5811
2797 2 2 2 1 1625 2271 5051
2798 2 2 2 1 498 2142 3140
2799 2 2 2 1 3480 1870 4395
2800 2 2 2 1 1034 2084 3310
2801 2 2 2 1 1241 2189 3883
2802 2 2 2 1 2655 802 5316
2803 2 2 2 1 4258 1286 4418
2804 2 2 2 1 2869 2575 6058
2805 2 2 2 1 1507 2054 4675
2806 2 2 2 1 2334 1127 3224
2807 2 2 2 1 294 2173 3955
2808 2 2 2 1 2805 3997 5434
2809 2 2 2 1 789 2334 3224
2810 2 2 2 1 1135 2657 2658
2811 2 2 2 1 3428 1875 3948
2812 2 2 2 1 1193 3428 3948
2813 2 2 2 1 2083 305 4449
2814 2 2 2 1 5644 2931 5900
2815 2 2 2 1 1628 2356 3457
2816 2 2 2 1 2347 3968 4896
2817 2 2 2 1 1038 2502 5611
2818 2 2 2 1 2749 1194 3313
2819 2 2 2 1 3891 1641 4386
2820 2 2 2 1 2764 2627 4934
2821 2 2 2 1 3556 1150 4716
2822 2 2 2 1 2211 1099 5195
2823 2 2 2 1 1049 2510 2764
2824 2 2 2 1 2657 990 2658
2825 2 2 2 1 636 2801 3781
2826 2 2 2 1 1331 2749 3313
2827 2 2 2 1 2510 950 2764
2828 2 2 2 1 1035 2234 6136
2829 2 2 2 1 918 3176 5761
2830 2 2 2 1 1028 5700 6124
2831 2 2 2 1 2801 1494 3781
2832 2 2 2 1 462 2037 3865
2833 2 2 2 1 2154 1340 4286
2834 2 2 2 1 2162 959 5966
2835 2 2 2 1 1906 4680 4691
2836 2 2 2 1 3339 1877 5378
2837 2 2 2 1 2107 1019 3904
2838 2 2 2 1 358 3230 4987
2839 2 2 2 1 2728 641 5791
2840 2 2 2 1 506 2435 2832
2841 2 2 2 1 2598 378 4241
2842 2 2 2 1 3709 1518 4838
2843 2 2 2 1 2073 1497 4783
2844 2 2 2 1 1808 3039 5347
2845 2 2 2 1 1115 2588 2676
2846 2 2 2 1 787 2335 5064
2847 2 2 2 1 688 2144 3148
2848 2 2 2 1 5699 2540 5886
2849 2 2 2 1 2315 4293 5391
2850 2 2 2 1 4897 3853 5852
2851 2 2 2 1 1531 2958 5058
2852 2 2 2 1 2335 1639 5064
2853 2 2 2 1 3644 870 4632
2854 2 2 2 1 2537 987 2702
2855 2 2 2 1 430 3896 5185
2856 2 2 2 1 689 2154 4286
2857 2 2 2 1 2778 2284 5348
2858 2 2 2 1 641 3594 3911
2859 2 2 2 1 2090 1222 3336
2860 2 2 2 1 2244 2342 6080
2861 2 2 2 1 2119 760 4761
2862 2 2 2 1 1765 3614 4653
2863 2 2 2 1 966 2249 2973
2864 2 2 2 1 2208 478 5331
2865 2 2 2 1 2384 820 4158
2866 2 2 2 1 5781 2453 5854
2867 2 2 2 1 2372 804 3199
2868 2 2 2 1 792 2053 4216
2869 2 2 2 1 2097 350 3300
2870 2 2 2 1 1244 2185 3933
2871 2 2 2 1 3851 2872 5539
2872 2 2 2 1 2313 5218 6076
2873 2 2 2 1 2768 652 4737
2874 2 2 2 1 905 4246 5880
2875 2 2 2 1 3138 456 4999
2876 2 2 2 1 296 295 5283
2877 2 2 2 1 694 4223 4951
2878 2 2 2 1 1794 3853 4897
2879 2 2 2 1 582 2931 5644
2880 2 2 2 1 3085 376 4453
2881 2 2 2 1 1007 2715 3653
2882 2 2 2 1 2185 414 3933
2883 2 2 2 1 2352 1140 3785
2884 2 2 2 1 2710 1189 5004
2885 2 2 2 1 2138 3138 4999
2886 2 2 2 1 524 2381 2898
2887 2 2 2 1 2402 636 3781
2888 2 2 2 1 2263 981 5637
2889 2 2 2 1 2103 762 4927
2890 2 2 2 1 2222 1834 5379
2891 2 2 2 1 1720 4141 5688
2892 2 2 2 1 2808 2483 4885
2893 2 2 2 1 536 2861 5058
2894 2 2 2 1 707 2974 4696
2895 2 2 2 1 3078 1698 3080
2896 2 2 2 1 1323 2773 2774
2897 2 2 2 1 2110 478 4729
2898 2 2 2 1 2095 4072 5745
2899 2 2 2 1 2773 946 2774
2900 2 2 2 1 5223 2385 5559
2901 2 2 2 1 1131 2583 2731
2902 2 2 2 1 964 3078 3080
2903 2 2 2 1 1542 3141 3543
2904 2 2 2 1 2583 488 2731
2905 2 2 2 1 679 2758 3685
2906 2 2 2 1 1222 2158 6038
2907 2 2 2 1 1328 2402 3781
2908 2 2 2 1 2050 1355 4073
2909 2 2 2 1 3135 212 3569
2910 2 2 2 1 2048 1053 3900
2911 2 2 2 1 851 2687 4450
2912 2 2 2 1 2906 2065 4553
2913 2 2 2 1 986 2278 3955
2914 2 2 2 1 1825 2913 4679
2915 2 2 2 1 502 2056 5390
2916 2 2 2 1 2738 1007 3653
2917 2 2 2 1 1053 2048 5153
2918 2 2 2 1 405 3088 4788
2919 2 2 2 1 2109 3943 5946
2920 2 2 2 1 2402 1328 2803
2921 2 2 2 1 896 2703 5787
2922 2 2 2 1 2758 1441 3685
2923 2 2 2 1 3141 472 3543
2924 2 2 2 1 2307 382 2924
2925 2 2 2 1 1682 2504 4907
2926 2 2 2 1 2703 3121 5787
2927 2 2 2 1 469 2392 6114
2928 2 2 2 1 1418 2384 4158
2929 2 2 2 1 497 2453 5781
2930 2 2 2 1 1825 2500 3416
2931 2 2 2 1 2474 1610 3850
2932 2 2 2 1 2868 568 4714
2933 2 2 2 1 1858 2868 4714
2934 2 2 2 1 474 2713 3382
2935 2 2 2 1 2233 877 5444
2936 2 2 2 1 2178 764 5117
2937 2 2 2 1 4446 1620 4527
2938 2 2 2 1 1439 3046 3518
2939 2 2 2 1 3185 1078 4525
2940 2 2 2 1 3579 1768 4578
2941 2 2 2 1 308 2077 4835
2942 2 2 2 1 494 2170 5093
2943 2 2 2 1 188 189 3040
2944 2 2 2 1 2809 1948 5054
2945 2 2 2 1 856 2809 5054
2946 2 2 2 1 4667 1174 5809
2947 2 2 2 1 2495 277 4229
2948 2 2 2 1 3920 495 3964
2949 2 2 2 1 2392 2005 6114
2950 2 2 2 1 1903 2823 4135
2951 2 2 2 1 2070 739 4326
2952 2 2 2 1 963 2678 2681
2953 2 2 2 1 2035 3418 5857
2954 2 2 2 1 2678 1199 2681
2955 2 2 2 1 5379 1834 5530
2956 2 2 2 1 1207 3580 4146
2957 2 2 2 1 212 213 3569
2958 2 2 2 1 1898 2783 4815
2959 2 2 2 1 2237 2853 5911
2960 2 2 2 1 2594 4098 5422
2961 2 2 2 1 3375 1567 3784
2962 2 2 2 1 3515 5008 5894
2963 2 2 2 1 970 2438 3019
2964 2 2 2 1 161 162 2815
2965 2 2 2 1 2068 1101 4891
2966 2 2 2 1 2783 893 4815
2967 2 2 2 1 3093 1976 5686
2968 2 2 2 1 607 3387 3971
2969 2 2 2 1 1423 3187 3968
2970 2 2 2 1 2714 1262 3381
2971 2 2 2 1 3255 2055 5129
2972 2 2 2 1 1208 2065 4211
2973 2 2 2 1 2131 431 6098
2974 2 2 2 1 2074 905 4668
2975 2 2 2 1 2504 479 4907
2976 2 2 2 1 806 2102 4403
2977 2 2 2 1 300 2479 3599
2978 2 2 2 1 1726 2777 4096
2979 2 2 2 1 900 2339 4644
2980 2 2 2 1 2137 5780 5843
2981 2 2 2 1 1974 3237 4995
2982 2 2 2 1 2102 1330 4403
2983 2 2 2 1 1198 2079 4033
2984 2 2 2 1 1886 3672 5866
2985 2 2 2 1 2805 1377 3997
2986 2 2 2 1 2360 1201 2884
2987 2 2 2 1 1014 2525 4089
2988 2 2 2 1 2526 522 2753
2989 2 2 2 1 2801 887 3322
2990 2 2 2 1 941 4120 6135
2991 2 2 2 1 4161 928 5572
2992 2 2 2 1 2310 911 2941
2993 2 2 2 1 2491 999 5312
2994 2 2 2 1 748 2360 2884
2995 2 2 2 1 2337 1164 3426
2996 2 2 2 1 5700 2248 6124
2997 2 2 2 1 1188 3195 3305
2998 2 2 2 1 851 2337 3426
2999 2 2 2 1 1920 3745 4831
3000 2 2 2 1 2503 435 5101
3001 2 2 2 1 4436 1980 5376
3002 2 2 2 1 730 4401 4706
3003 2 2 2 1 1748 2503 5101
3004 2 2 2 1 3250 1753 4412
3005 2 2 2 1 2067 1269 4850
3006 2 2 2 1 1981 3141 5160
3007 2 2 2 1 824 2141 4893
3008 2 2 2 1 2704 344 3720
3009 2 2 2 1 2089 221 4005
3010 2 2 2 1 1182 3034 3260
3011 2 2 2 1 645 2385 5223
3012 2 2 2 1 1416 2704 3720
3013 2 2 2 1 358 2213 3516
3014 2 2 2 1 2433 1575 4955
3015 2 2 2 1 1553 2323 3207
3016 2 2 2 1 2144 1358 4333
3017 2 2 2 1 878 3965 5015
3018 2 2 2 1 2974 1791 4696
3019 2 2 2 1 1494 2801 3322
3020 2 2 2 1 941 2553 4120
3021 2 2 2 1 2122 840 3307
3022 2 2 2 1 2997 513 5546
3023 2 2 2 1 2392 984 5295
3024 2 2 2 1 2960 1362 3541
3025 2 2 2 1 624 3191 4042
3026 2 2 2 1 1984 3472 5615
3027 2 2 2 1 1269 2916 3062
3028 2 2 2 1 1105 2394 6091
3029 2 2 2 1 1143 3521 4833
3030 2 2 2 1 770 4481 5998
3031 2 2 2 1 529 2087 3570
3032 2 2 2 1 2300 34 4193
3033 2 2 2 1 1693 2540 3636
3034 2 2 2 1 1139 2112 5560
3035 2 2 2 1 2169 1064 5751
3036 2 2 2 1 1367 2782 4680
3037 2 2 2 1 2508 2044 3861
3038 2 2 2 1 268 269 3150
3039 2 2 2 1 2916 392 3062
3040 2 2 2 1 1482 2441 3349
3041 2 2 2 1 384 2354 3120
3042 2 2 2 1 196 197 2560
3043 2 2 2 1 2691 1208 4211
3044 2 2 2 1 2609 1680 5415
3045 2 2 2 1 935 2229 5414
3046 2 2 2 1 2085 1132 5548
3047 2 2 2 1 3561 1270 3764
3048 2 2 2 1 3512 1258 3529
3049 2 2 2 1 2008 3807 4576
3050 2 2 2 1 2581 1002 3733
3051 2 2 2 1 5797 1012 5814
3052 2 2 2 1 297 2107 3434
3053 2 2 2 1 2325 508 2949
3054 2 2 2 1 2065 547 4211
3055 2 2 2 1 3025 778 5762
3056 2 2 2 1 1922 2880 4342
3057 2 2 2 1 2628 501 2922
3058 2 2 2 1 511 2232 3094
3059 2 2 2 1 1046 4233 5648
3060 2 2 2 1 2105 1083 5164
3061 2 2 2 1 2071 430 4187
3062 2 2 2 1 529 2786 3022
3063 2 2 2 1 379 3713 4199
3064 2 2 2 1 2465 1640 4862
3065 2 2 2 1 573 2872 3851
3066 2 2 2 1 3331 2180 5641
3067 2 2 2 1 3145 1095 3412
3068 2 2 2 1 2878 1038 5611
3069 2 2 2 1 1012 2381 5814
3070 2 2 2 1 1395 2602 3829
3071 2 2 2 1 352 2238 3093
3072 2 2 2 1 3656 673 4608
3073 2 2 2 1 1481 3145 3412
3074 2 2 2 1 732 2465 4862
3075 2 2 2 1 3918 1716 4020
3076 2 2 2 1 1003 2618 4952
3077 2 2 2 1 618 3938 5528
3078 2 2 2 1 537 3831 5801
3079 2 2 2 1 2288 5041 5124
3080 2 2 2 1 1719 3979 5057
3081 2 2 2 1 1588 2970 4472
3082 2 2 2 1 1968 4258 4418
3083 2 2 2 1 2571 1926 5488
3084 2 2 2 1 2647 968 3794
3085 2 2 2 1 278 277 2495
3086 2 2 2 1 875 2313 5796
3087 2 2 2 1 2503 1748 3186
3088 2 2 2 1 2192 479 3256
3089 2 2 2 1 1653 3595 4012
3090 2 2 2 1 2067 585 5702
3091 2 2 2 1 3460 1793 4133
3092 2 2 2 1 2602 592 3829
3093 2 2 2 1 2934 619 4082
3094 2 2 2 1 3097 618 5528
3095 2 2 2 1 1638 5200 5284
3096 2 2 2 1 784 2811 5011
3097 2 2 2 1 1455 2210 4742
3098 2 2 2 1 378 2598 4590
3099 2 2 2 1 2354 1745 3120
3100 2 2 2 1 875 2571 5488
3101 2 2 2 1 5322 2160 6068
3102 2 2 2 1 2069 505 4711
3103 2 2 2 1 2811 1916 5011
3104 2 2 2 1 1903 4135 5801
3105 2 2 2 1 1809 2992 4290
3106 2 2 2 1 2502 1038 3150
3107 2 2 2 1 1462 2141 4719
3108 2 2 2 1 2072 426 4057
3109 2 2 2 1 1067 2503 3186
3110 2 2 2 1 2087 1073 3570
3111 2 2 2 1 494 2272 5357
3112 2 2 2 1 1910 3724 4020
3113 2 2 2 1 1899 4781 4997
3114 2 2 2 1 2163 852 3226
3115 2 2 2 1 999 2607 5312
3116 2 2 2 1 310 3178 4954
3117 2 2 2 1 797 2085 3666
3118 2 2 2 1 360 3166 4811
3119 2 2 2 1 2536 1022 6137
3120 2 2 2 1 1108 2372 3199
3121 2 2 2 1 2785 1125 3027
3122 2 2 2 1 3178 2123 4954
3123 2 2 2 1 2073 2741 3951
3124 2 2 2 1 451 3134 4324
3125 2 2 2 1 545 2874 2972
3126 2 2 2 1 1046 2983 4233
3127 2 2 2 1 2761 1142 3076
3128 2 2 2 1 3134 1827 4324
3129 2 2 2 1 446 2412 5544
3130 2 2 2 1 2748 1399 3488
3131 2 2 2 1 2381 1012 2898
3132 2 2 2 1 2484 1392 2846
3133 2 2 2 1 542 2484 2846
3134 2 2 2 1 2136 1157 4805
3135 2 2 2 1 2084 1128 3766
3136 2 2 2 1 2224 246 4034
3137 2 2 2 1 3404 1383 3622
3138 2 2 2 1 3228 2263 4905
3139 2 2 2 1 191 2155 3999
3140 2 2 2 1 1212 2761 3076
3141 2 2 2 1 1296 3287 4668
3142 2 2 2 1 281 2257 4814
3143 2 2 2 1 3339 1081 5146
3144 2 2 2 1 446 2070 5592
3145 2 2 2 1 3287 2074 4668
3146 2 2 2 1 2913 2148 5471
3147 2 2 2 1 915 4257 5133
3148 2 2 2 1 2096 1094 4861
3149 2 2 2 1 4809 2169 5751
3150 2 2 2 1 2501 1457 3769
3151 2 2 2 1 1085 2086 4216
3152 2 2 2 1 3030 1563 3808
3153 2 2 2 1 2400 307 3961
3154 2 2 2 1 2707 1041 4699
3155 2 2 2 1 630 2299 4141
3156 2 2 2 1 3046 577 3518
3157 2 2 2 1 746 2073 3951
3158 2 2 2 1 2664 1634 4543
3159 2 2 2 1 19 3205 3234
3160 2 2 2 1 762 2103 4451
3161 2 2 2 1 2623 367 3245
3162 2 2 2 1 2237 809 5805
3163 2 2 2 1 3958 1254 4604
3164 2 2 2 1 917 2410 3724
3165 2 2 2 1 1929 4310 5071
3166 2 2 2 1 1216 2623 3245
3167 2 2 2 1 777 2196 3765
3168 2 2 2 1 1252 3030 3808
3169 2 2 2 1 1896 2828 6001
3170 2 2 2 1 1397 2747 3999
3171 2 2 2 1 2421 1456 4609
3172 2 2 2 1 2338 444 3818
3173 2 2 2 1 2745 1153 2856
3174 2 2 2 1 3096 364 6052
3175 2 2 2 1 347 2818 4131
3176 2 2 2 1 545 2517 2874
3177 2 2 2 1 1680 2609 5468
3178 2 2 2 1 1032 2752 3522
3179 2 2 2 1 1862 4548 5448
3180 2 2 2 1 1015 2153 3283
3181 2 2 2 1 3386 1184 4227
3182 2 2 2 1 1719 2252 6115
3183 2 2 2 1 2666 1401 3786
3184 2 2 2 1 816 2266 5836
3185 2 2 2 1 4781 1430 4997
3186 2 2 2 1 1278 2082 3895
3187 2 2 2 1 374 2664 4543
3188 2 2 2 1 2144 1443 5447
3189 2 2 2 1 2519 1165 3348
3190 2 2 2 1 496 2423 6129
3191 2 2 2 1 2479 300 4032
3192 2 2 2 1 2818 1596 4131
3193 2 2 2 1 1024 2743 4006
3194 2 2 2 1 890 2338 3818
3195 2 2 2 1 2951 1235 3469
3196 2 2 2 1 907 2666 3786
3197 2 2 2 1 871 2219 5251
3198 2 2 2 1 12 2080 5325
3199 2 2 2 1 3807 722 4576
3200 2 2 2 1 2203 362 3577
3201 2 2 2 1 962 2239 3131
3202 2 2 2 1 708 2226 5940
3203 2 2 2 1 472 3141 4581
3204 2 2 2 1 1499 2729 4027
3205 2 2 2 1 3227 1112 3566
3206 2 2 2 1 459 2273 4133
3207 2 2 2 1 2112 1139 4484
3208 2 2 2 1 1419 2285 4834
3209 2 2 2 1 2600 982 2763
3210 2 2 2 1 3229 824 4548
3211 2 2 2 1 2071 2830 5463
3212 2 2 2 1 583 3497 3990
3213 2 2 2 1 2628 1036 4330
3214 2 2 2 1 2830 752 5463
3215 2 2 2 1 4056 1807 5723
3216 2 2 2 1 2087 1424 4454
3217 2 2 2 1 4639 463 4888
3218 2 2 2 1 499 4513 5029
3219 2 2 2 1 1222 2090 4116
3220 2 2 2 1 3724 415 4020
3221 2 2 2 1 4386 2129 5582
3222 2 2 2 1 2621 1629 4670
3223 2 2 2 1 2255 2699 4112
3224 2 2 2 1 4055 2263 5467
3225 2 2 2 1 766 2378 5162
3226 2 2 2 1 1859 2918 4206
3227 2 2 2 1 2629 475 5259
3228 2 2 2 1 4007 1829 4106
3229 2 2 2 1 2079 366 4033
3230 2 2 2 1 1877 3339 5581
3231 2 2 2 1 1566 2080 3960
3232 2 2 2 1 593 2389 3635
3233 2 2 2 1 1627 3255 5129
3234 2 2 2 1 4513 2187 5029
3235 2 2 2 1 1391 2078 4580
3236 2 2 2 1 772 2311 5679
3237 2 2 2 1 3574 846 3803
3238 2 2 2 1 1217 2514 2824
3239 2 2 2 1 2118 1193 3948
3240 2 2 2 1 1049 2572 4804
3241 2 2 2 1 5010 3411 5897
3242 2 2 2 1 2471 1028 6124
3243 2 2 2 1 2275 471 3292
3244 2 2 2 1 2578 1383 3404
3245 2 2 2 1 3357 2064 5680
3246 2 2 2 1 2479 4032 6036
3247 2 2 2 1 510 2118 3948
3248 2 2 2 1 2165 603 5991
3249 2 2 2 1 1824 3574 3803
3250 2 2 2 1 2389 593 3320
3251 2 2 2 1 2182 3270 5060
3252 2 2 2 1 2080 12 3960
3253 2 2 2 1 2078 1391 4540
3254 2 2 2 1 1255 4183 5764
3255 2 2 2 1 3086 631 4616
3256 2 2 2 1 819 2578 3404
3257 2 2 2 1 2423 1210 2897
3258 2 2 2 1 2324 521 3048
3259 2 2 2 1 3500 1446 4455
3260 2 2 2 1 2081 1277 3923
3261 2 2 2 1 181 2518 3828
3262 2 2 2 1 2311 3074 5358
3263 2 2 2 1 324 2450 2989
3264 2 2 2 1 2238 352 5308
3265 2 2 2 1 2729 671 4027
3266 2 2 2 1 3915 699 4205
3267 2 2 2 1 2798 1386 2926
3268 2 2 2 1 1002 2581 2786
3269 2 2 2 1 4796 2907 5265
3270 2 2 2 1 302 2281 4068
3271 2 2 2 1 4394 1486 5130
3272 2 2 2 1 4170 2715 5976
3273 2 2 2 1 2987 693 4390
3274 2 2 2 1 362 2203 3575
3275 2 2 2 1 548 2714 3381
3276 2 2 2 1 1397 2199 3236
3277 2 2 2 1 1268 2668 3232
3278 2 2 2 1 3455 1244 4495
3279 2 2 2 1 1881 2662 5370
3280 2 2 2 1 1635 3148 5279
3281 2 2 2 1 2761 622 2858
3282 2 2 2 1 3493 1558 4097
3283 2 2 2 1 2447 591 2883
3284 2 2 2 1 2281 1314 4068
3285 2 2 2 1 2203 1135 3575
3286 2 2 2 1 1142 2761 2858
3287 2 2 2 1 638 2833 4276
3288 2 2 2 1 1160 2110 3859
3289 2 2 2 1 2541 1184 3758
3290 2 2 2 1 1440 3164 3315
3291 2 2 2 1 4990 2027 5383
3292 2 2 2 1 3336 973 4755
3293 2 2 2 1 3914 1335 4009
3294 2 2 2 1 3490 341 4331
3295 2 2 2 1 1657 4388 4489
3296 2 2 2 1 1760 2649 4956
3297 2 2 2 1 3328 242 5722
3298 2 2 2 1 2095 443 4072
3299 2 2 2 1 2649 703 4956
3300 2 2 2 1 2288 535 5041
3301 2 2 2 1 1516 2765 4363
3302 2 2 2 1 3164 1086 3315
3303 2 2 2 1 3571 1367 4680
3304 2 2 2 1 2859 1359 3898
3305 2 2 2 1 2565 828 6020
3306 2 2 2 1 2509 1630 4826
3307 2 2 2 1 3594 1699 3911
3308 2 2 2 1 2518 1420 3304
3309 2 2 2 1 1245 2617 3710
3310 2 2 2 1 496 2387 2944
3311 2 2 2 1 2833 638 4471
3312 2 2 2 1 5312 2111 6022
3313 2 2 2 1 3176 2098 5761
3314 2 2 2 1 3705 598 5772
3315 2 2 2 1 2329 892 5862
3316 2 2 2 1 1184 2220 3761
3317 2 2 2 1 747 2509 4826
3318 2 2 2 1 737 2110 3583
3319 2 2 2 1 1703 2486 3676
3320 2 2 2 1 2326 799 4940
3321 2 2 2 1 312 2239 5329
3322 2 2 2 1 2397 1598 3750
3323 2 2 2 1 2620 1015 5290
3324 2 2 2 1 2189 1241 3294
3325 2 2 2 1 1331 2224 4034
3326 2 2 2 1 1200 3691 5044
3327 2 2 2 1 614 2115 4407
3328 2 2 2 1 2813 5264 5926
3329 2 2 2 1 4186 1404 4607
3330 2 2 2 1 926 2282 5981
3331 2 2 2 1 4038 1837 4473
3332 2 2 2 1 2042 2565 6020
3333 2 2 2 1 2184 1354 4247
3334 2 2 2 1 393 2397 3750
3335 2 2 2 1 1376 3117 3194
3336 2 2 2 1 434 2164 4897
3337 2 2 2 1 764 2174 4903
3338 2 2 2 1 3469 1235 3601
3339 2 2 2 1 1003 4952 5160
3340 2 2 2 1 2110 737 3859
3341 2 2 2 1 2652 357 5643
3342 2 2 2 1 3141 1003 5160
3343 2 2 2 1 2121 2585 4644
3344 2 2 2 1 692 3159 3891
3345 2 2 2 1 1709 4167 5381
3346 2 2 2 1 1987 4301 5742
3347 2 2 2 1 932 2222 3223
3348 2 2 2 1 2874 1181 2972
3349 2 2 2 1 452 3273 4665
3350 2 2 2 1 3405 1856 4816
3351 2 2 2 1 1590 2580 4413
3352 2 2 2 1 2517 545 3810
3353 2 2 2 1 3462 1692 3675
3354 2 2 2 1 1738 4119 4637
3355 2 2 2 1 1708 4254 4693
3356 2 2 2 1 2173 294 3812
3357 2 2 2 1 715 5307 5500
3358 2 2 2 1 1522 3494 4886
3359 2 2 2 1 3117 313 3194
3360 2 2 2 1 2091 4326 5534
3361 2 2 2 1 2278 986 3125
3362 2 2 2 1 2350 3233 5479
3363 2 2 2 1 2399 983 2945
3364 2 2 2 1 1022 3044 6137
3365 2 2 2 1 2304 883 3626
3366 2 2 2 1 1042 2357 3017
3367 2 2 2 1 3159 1641 3891
3368 2 2 2 1 1167 2164 3387
3369 2 2 2 1 2535 2455 5882
3370 2 2 2 1 428 2189 3331
3371 2 2 2 1 3389 225 3540
3372 2 2 2 1 1174 3668 5809
3373 2 2 2 1 1353 2517 3810
3374 2 2 2 1 2207 954 3420
3375 2 2 2 1 768 2199 4615
3376 2 2 2 1 2779 2137 5843
3377 2 2 2 1 438 3564 4840
3378 2 2 2 1 1140 3462 3675
3379 2 2 2 1 960 4476 5012
3380 2 2 2 1 2199 1397 4615
3381 2 2 2 1 2108 994 3961
3382 2 2 2 1 2794 895 4891
3383 2 2 2 1 1347 2305 5668
3384 2 2 2 1 2943 2564 5850
3385 2 2 2 1 3507 541 4437
3386 2 2 2 1 582 2798 3517
3387 2 2 2 1 1325 2436 3183
3388 2 2 2 1 3838 663 4669
3389 2 2 2 1 1764 2744 5278
3390 2 2 2 1 1253 3493 4097
3391 2 2 2 1 1575 3252 5112
3392 2 2 2 1 2288 1246 4351
3393 2 2 2 1 2887 2081 3923
3394 2 2 2 1 2273 459 5445
3395 2 2 2 1 547 2314 3854
3396 2 2 2 1 2496 905 5880
3397 2 2 2 1 1288 3099 3441
3398 2 2 2 1 1940 2460 6046
3399 2 2 2 1 2882 997 3147
3400 2 2 2 1 3908 960 4400
3401 2 2 2 1 2394 2751 6091
3402 2 2 2 1 723 3611 4024
3403 2 2 2 1 2845 1239 3368
3404 2 2 2 1 3165 681 4053
3405 2 2 2 1 2227 427 3229
3406 2 2 2 1 119 2708 5144
3407 2 2 2 1 514 2112 4484
3408 2 2 2 1 691 2373 4652
3409 2 2 2 1 1005 2408 4535
3410 2 2 2 1 2562 993 3154
3411 2 2 2 1 2118 1393 4591
3412 2 2 2 1 2517 1039 2874
3413 2 2 2 1 1190 2140 3497
3414 2 2 2 1 2314 1250 3854
3415 2 2 2 1 1083 2105 5639
3416 2 2 2 1 1456 2421 4674
3417 2 2 2 1 2390 1086 3164
3418 2 2 2 1 3611 1955 4024
3419 2 2 2 1 2451 1530 3004
3420 2 2 2 1 2244 527 4030
3421 2 2 2 1 2233 532 3218
3422 2 2 2 1 5087 2323 6004
3423 2 2 2 1 536 2958 3740
3424 2 2 2 1 2333 551 3173
3425 2 2 2 1 3003 1517 4427
3426 2 2 2 1 952 2906 4553
3427 2 2 2 1 1024 2420 5498
3428 2 2 2 1 1199 2974 5944
3429 2 2 2 1 5453 2489 5558
3430 2 2 2 1 3546 1893 4740
3431 2 2 2 1 1722 2985 5734
3432 2 2 2 1 476 2163 5866
3433 2 2 2 1 357 2134 4563
3434 2 2 2 1 239 2614 4926
3435 2 2 2 1 562 2390 3164
3436 2 2 2 1 2287 1162 5986
3437 2 2 2 1 801 2273 3927
3438 2 2 2 1 1335 3193 4009
3439 2 2 2 1 2945 558 3363
3440 2 2 2 1 4156 1291 4605
3441 2 2 2 1 850 3010 4457
3442 2 2 2 1 3010 1774 4457
3443 2 2 2 1 3126 849 6145
3444 2 2 2 1 2345 1113 5890
3445 2 2 2 1 613 2715 4170
3446 2 2 2 1 671 2729 3103
3447 2 2 2 1 2343 815 5890
3448 2 2 2 1 1584 2754 3735
3449 2 2 2 1 3654 1345 3885
3450 2 2 2 1 798 2421 2966
3451 2 2 2 1 2511 3531 4641
3452 2 2 2 1 4077 495 5024
3453 2 2 2 1 2675 5 3921
3454 2 2 2 1 196 2560 3045
3455 2 2 2 1 815 2345 5890
3456 2 2 2 1 2363 956 6017
3457 2 2 2 1 840 2122 4315
3458 2 2 2 1 2531 1035 6136
3459 2 2 2 1 1241 3883 5289
3460 2 2 2 1 2495 4229 4531
3461 2 2 2 1 1482 2436 4822
3462 2 2 2 1 2125 745 3714
3463 2 2 2 1 2101 4372 5543
3464 2 2 2 1 1258 3038 3529
3465 2 2 2 1 867 2669 3359
3466 2 2 2 1 688 2976 4502
3467 2 2 2 1 1892 3654 3885
3468 2 2 2 1 351 2395 4204
3469 2 2 2 1 3218 941 6135
3470 2 2 2 1 2512 1053 2899
3471 2 2 2 1 1517 4096 5115
3472 2 2 2 1 599 2243 5261
3473 2 2 2 1 2113 106 4025
3474 2 2 2 1 3521 815 4921
3475 2 2 2 1 1296 2117 4069
3476 2 2 2 1 2383 3939 4478
3477 2 2 2 1 945 2415 3901
3478 2 2 2 1 2016 2977 4774
3479 2 2 2 1 357 4585 5643
3480 2 2 2 1 674 3250 4412
3481 2 2 2 1 1092 3411 5010
3482 2 2 2 1 2332 1697 3865
3483 2 2 2 1 2292 292 4647
3484 2 2 2 1 2557 1740 2901
3485 2 2 2 1 1682 2575 2869
3486 2 2 2 1 1848 2840 3852
3487 2 2 2 1 2314 547 3904
3488 2 2 2 1 2562 65 4111
3489 2 2 2 1 2976 1912 4502
3490 2 2 2 1 3255 559 3976
3491 2 2 2 1 605 2621 4670
3492 2 2 2 1 2262 474 5868
3493 2 2 2 1 2364 567 3220
3494 2 2 2 1 1342 3579 4578
3495 2 2 2 1 284 6 3267
3496 2 2 2 1 2203 2632 4479
3497 2 2 2 1 2939 840 4315
3498 2 2 2 1 2625 3958 5694
3499 2 2 2 1 1750 4191 4196
3500 2 2 2 1 3104 2275 4646
3501 2 2 2 1 1090 2364 3220
3502 2 2 2 1 1308 2552 4230
3503 2 2 2 1 4328 1690 4586
3504 2 2 2 1 1270 3345 3764
3505 2 2 2 1 302 2690 4741
3506 2 2 2 1 2989 1032 3522
3507 2 2 2 1 2404 1391 3012
3508 2 2 2 1 2421 1491 2966
3509 2 2 2 1 2998 742 3743
3510 2 2 2 1 1079 2981 5293
3511 2 2 2 1 1964 3515 5894
3512 2 2 2 1 1545 3184 3713
3513 2 2 2 1 2987 4390 5176
3514 2 2 2 1 712 2195 4930
3515 2 2 2 1 986 2990 4528
3516 2 2 2 1 1513 2998 3743
3517 2 2 2 1 1192 2367 3059
3518 2 2 2 1 2399 403 3034
3519 2 2 2 1 1280 2772 3342
3520 2 2 2 1 314 2151 4613
3521 2 2 2 1 3159 2241 4218
3522 2 2 2 1 850 3367 4758
3523 2 2 2 1 2271 2630 5051
3524 2 2 2 1 957 2557 2901
3525 2 2 2 1 2772 579 3342
3526 2 2 2 1 2259 535 3993
3527 2 2 2 1 2585 900 4644
3528 2 2 2 1 912 2623 2849
3529 2 2 2 1 479 2192 4907
3530 2 2 2 1 431 2131 5149
3531 2 2 2 1 1504 2333 3173
3532 2 2 2 1 835 2748 4291
3533 2 2 2 1 1731 3466 3925
3534 2 2 2 1 912 2291 5472
3535 2 2 2 1 2266 458 5371
3536 2 2 2 1 2158 1295 4361
3537 2 2 2 1 3170 1605 5055
3538 2 2 2 1 2623 1216 2849
3539 2 2 2 1 2656 1045 3376
3540 2 2 2 1 2413 438 4840
3541 2 2 2 1 5141 2865 5701
3542 2 2 2 1 2442 1029 5534
3543 2 2 2 1 2235 1446 4801
3544 2 2 2 1 2944 1032 5768
3545 2 2 2 1 3958 1662 5694
3546 2 2 2 1 640 2646 4322
3547 2 2 2 1 406 2759 3658
3548 2 2 2 1 1514 2292 4647
3549 2 2 2 1 2185 872 4845
3550 2 2 2 1 419 4078 4733
3551 2 2 2 1 4125 1882 5684
3552 2 2 2 1 1296 2796 3383
3553 2 2 2 1 887 2588 3322
3554 2 2 2 1 1388 2120 4438
3555 2 2 2 1 393 4990 5383
3556 2 2 2 1 2796 541 3383
3557 2 2 2 1 1105 2701 2894
3558 2 2 2 1 2558 220 4433
3559 2 2 2 1 2592 1004 2863
3560 2 2 2 1 889 2405 5854
3561 2 2 2 1 1221 2138 3646
3562 2 2 2 1 2631 5675 6012
3563 2 2 2 1 671 3103 3149
3564 2 2 2 1 1257 2259 3993
3565 2 2 2 1 903 3111 4117
3566 2 2 2 1 2845 959 6124
3567 2 2 2 1 658 2763 5320
3568 2 2 2 1 1235 3375 3784
3569 2 2 2 1 2456 1685 4425
3570 2 2 2 1 2345 3521 3789
3571 2 2 2 1 3080 362 3575
3572 2 2 2 1 2248 2845 6124
3573 2 2 2 1 2748 1581 4291
3574 2 2 2 1 3829 1934 4521
3575 2 2 2 1 2885 484 3098
3576 2 2 2 1 2260 927 5336
3577 2 2 2 1 64 2562 3154
3578 2 2 2 1 2134 862 4875
3579 2 2 2 1 779 2222 5073
3580 2 2 2 1 2701 563 2894
3581 2 2 2 1 5041 1538 5124
3582 2 2 2 1 1604 2358 3309
3583 2 2 2 1 5358 546 5385
3584 2 2 2 1 938 2126 3896
3585 2 2 2 1 2128 1198 4033
3586 2 2 2 1 873 2489 5453
3587 2 2 2 1 2358 1239 3309
3588 2 2 2 1 2148 387 5272
3589 2 2 2 1 1230 2885 3098
3590 2 2 2 1 1656 4238 4765
3591 2 2 2 1 2301 799 3188
3592 2 2 2 1 2054 3946 4109
3593 2 2 2 1 1333 2841 4596
3594 2 2 2 1 366 2128 4033
3595 2 2 2 1 2985 1722 5097
3596 2 2 2 1 369 2274 3228
3597 2 2 2 1 4372 301 5543
3598 2 2 2 1 1041 3959 4699
3599 2 2 2 1 2460 306 6046
3600 2 2 2 1 881 2194 4848
3601 2 2 2 1 4241 378 5034
3602 2 2 2 1 546 3067 5385
3603 2 2 2 1 3345 1270 5968
3604 2 2 2 1 3282 1739 4440
3605 2 2 2 1 1684 3301 4440
3606 2 2 2 1 2368 1173 3524
3607 2 2 2 1 2464 3343 4879
3608 2 2 2 1 1165 3113 3348
3609 2 2 2 1 461 2368 3524
3610 2 2 2 1 926 4131 5332
3611 2 2 2 1 2767 551 3181
3612 2 2 2 1 2551 2004 6132
3613 2 2 2 1 939 2286 5458
3614 2 2 2 1 526 2256 6059
3615 2 2 2 1 3305 3195 5857
3616 2 2 2 1 2215 1156 4265
3617 2 2 2 1 1699 2536 5335
3618 2 2 2 1 2607 2111 5312
3619 2 2 2 1 2255 1271 4058
3620 2 2 2 1 2181 1100 4991
3621 2 2 2 1 2450 1032 2989
3622 2 2 2 1 3421 1855 4713
3623 2 2 2 1 2221 504 3384
3624 2 2 2 1 3946 1333 4109
3625 2 2 2 1 2423 2897 6129
3626 2 2 2 1 2645 1439 3305
3627 2 2 2 1 437 2255 4058
3628 2 2 2 1 2193 417 4697
3629 2 2 2 1 4600 1523 4712
3630 2 2 2 1 2138 1221 3725
3631 2 2 2 1 3564 2047 4840
3632 2 2 2 1 4401 1990 4706
3633 2 2 2 1 2213 358 4987
3634 2 2 2 1 299 2645 3305
3635 2 2 2 1 2302 777 3765
3636 2 2 2 1 4375 1679 4762
3637 2 2 2 1 344 2704 2964
3638 2 2 2 1 2196 777 4307
3639 2 2 2 1 2135 1156 4406
3640 2 2 2 1 2648 632 3782
3641 2 2 2 1 2346 2152 5841
3642 2 2 2 1 3227 3566 5131
3643 2 2 2 1 3162 1036 4083
3644 2 2 2 1 2405 1846 5854
3645 2 2 2 1 5515 734 5560
3646 2 2 2 1 873 2402 5640
3647 2 2 2 1 2993 996 3564
3648 2 2 2 1 206 207 3821
3649 2 2 2 1 866 3577 4785
3650 2 2 2 1 1782 4359 4652
3651 2 2 2 1 532 2233 3343
3652 2 2 2 1 2219 1274 3409
3653 2 2 2 1 2190 926 4821
3654 2 2 2 1 2479 1891 3599
3655 2 2 2 1 4053 681 4329
3656 2 2 2 1 1297 2196 4307
3657 2 2 2 1 3466 1218 3925
3658 2 2 2 1 1375 2648 3782
3659 2 2 2 1 283 2505 4931
3660 2 2 2 1 583 2146 4256
3661 2 2 2 1 1695 3665 5712
3662 2 2 2 1 1495 2350 4744
3663 2 2 2 1 2385 645 6096
3664 2 2 2 1 2350 303 4744
3665 2 2 2 1 2601 1486 4845
3666 2 2 2 1 1343 2149 4076
3667 2 2 2 1 1045 2235 3376
3668 2 2 2 1 694 4278 5179
3669 2 2 2 1 2516 1664 4088
3670 2 2 2 1 2903 1176 3239
3671 2 2 2 1 1284 2903 3239
3672 2 2 2 1 3819 670 5929
3673 2 2 2 1 2027 3170 5055
3674 2 2 2 1 2156 1114 3977
3675 2 2 2 1 2175 836 5432
3676 2 2 2 1 2137 1205 4672
3677 2 2 2 1 2266 816 3302
3678 2 2 2 1 1325 3183 3394
3679 2 2 2 1 1550 3410 5234
3680 2 2 2 1 1898 4815 5382
3681 2 2 2 1 2387 1149 5613
3682 2 2 2 1 1444 2296 4889
3683 2 2 2 1 933 2348 5849
3684 2 2 2 1 51 52 2709
3685 2 2 2 1 2220 1125 6034
3686 2 2 2 1 1680 2320 5593
3687 2 2 2 1 854 2289 3878
3688 2 2 2 1 3862 715 5500
3689 2 2 2 1 978 2633 2888
3690 2 2 2 1 2 73 4035
3691 2 2 2 1 72 2 4035
3692 2 2 2 1 2147 1284 4571
3693 2 2 2 1 8 9 2878
3694 2 2 2 1 2333 773 4214
3695 2 2 2 1 2206 1276 5395
3696 2 2 2 1 1846 2405 4016
3697 2 2 2 1 2667 1690 4849
3698 2 2 2 1 2417 1567 3375
3699 2 2 2 1 379 3011 3834
3700 2 2 2 1 1214 3839 5766
3701 2 2 2 1 3454 1673 5407
3702 2 2 2 1 2439 304 5646
3703 2 2 2 1 420 4700 5255
3704 2 2 2 1 2140 902 3990
3705 2 2 2 1 812 2143 4311
3706 2 2 2 1 1623 2683 3601
3707 2 2 2 1 3155 2245 5159
3708 2 2 2 1 4386 1940 6016
3709 2 2 2 1 210 211 3448
3710 2 2 2 1 1025 2275 3292
3711 2 2 2 1 2021 2726 4852
3712 2 2 2 1 2856 548 5522
3713 2 2 2 1 684 2667 4849
3714 2 2 2 1 241 242 3328
3715 2 2 2 1 2683 596 3601
3716 2 2 2 1 2279 339 3350
3717 2 2 2 1 1476 4041 4588
3718 2 2 2 1 3176 918 6026
3719 2 2 2 1 790 2279 3330
3720 2 2 2 1 2277 1047 3407
3721 2 2 2 1 836 2183 5704
3722 2 2 2 1 4240 1669 4249
3723 2 2 2 1 1000 2936 2953
3724 2 2 2 1 1104 5134 5589
3725 2 2 2 1 1334 2302 4242
3726 2 2 2 1 3896 2126 5185
3727 2 2 2 1 2936 1351 2953
3728 2 2 2 1 2460 2801 4515
3729 2 2 2 1 2155 192 3729
3730 2 2 2 1 2141 1462 4253
3731 2 2 2 1 2194 1093 4848
3732 2 2 2 1 2253 1280 3342
3733 2 2 2 1 1036 3058 4330
3734 2 2 2 1 2171 1223 4066
3735 2 2 2 1 3284 716 4816
3736 2 2 2 1 118 119 5144
3737 2 2 2 1 2443 858 3471
3738 2 2 2 1 2182 922 4687
3739 2 2 2 1 5320 2763 5753
3740 2 2 2 1 560 3329 5030
3741 2 2 2 1 1670 2722 3031
3742 2 2 2 1 1104 2802 2827
3743 2 2 2 1 2802 1113 2827
3744 2 2 2 1 2317 904 5537
3745 2 2 2 1 3329 2174 5030
3746 2 2 2 1 901 2551 6132
3747 2 2 2 1 3465 2532 4842
3748 2 2 2 1 984 3048 3748
3749 2 2 2 1 1696 2278 5409
3750 2 2 2 1 3115 964 3705
3751 2 2 2 1 1358 2144 4232
3752 2 2 2 1 2722 958 3031
3753 2 2 2 1 581 2950 3263
3754 2 2 2 1 42 2206 4865
3755 2 2 2 1 2950 1313 3263
3756 2 2 2 1 3024 540 3506
3757 2 2 2 1 2302 353 4242
3758 2 2 2 1 1618 3115 3705
3759 2 2 2 1 2506 351 4204
3760 2 2 2 1 753 2686 3568
3761 2 2 2 1 885 2609 3049
3762 2 2 2 1 3831 1903 5801
3763 2 2 2 1 2400 2103 4927
3764 2 2 2 1 1833 2823 5401
3765 2 2 2 1 1152 2338 5714
3766 2 2 2 1 41 2215 4265
3767 2 2 2 1 2326 305 4044
3768 2 2 2 1 1451 2606 4136
3769 2 2 2 1 2606 386 4136
3770 2 2 2 1 2352 583 3462
3771 2 2 2 1 3296 505 5999
3772 2 2 2 1 2730 1984 6120
3773 2 2 2 1 2382 473 5452
3774 2 2 2 1 2261 501 5956
3775 2 2 2 1 4691 1009 5861
3776 2 2 2 1 1140 2352 3462
3777 2 2 2 1 984 2392 6079
3778 2 2 2 1 2161 984 3748
3779 2 2 2 1 917 2240 5276
3780 2 2 2 1 2153 1648 4610
3781 2 2 2 1 1340 2154 4288
3782 2 2 2 1 3883 2001 5289
3783 2 2 2 1 1045 2656 3441
3784 2 2 2 1 3157 1373 3726
3785 2 2 2 1 3242 2295 4961
3786 2 2 2 1 327 2145 3940
3787 2 2 2 1 2168 416 4345
3788 2 2 2 1 2282 926 5332
3789 2 2 2 1 2834 3321 4551
3790 2 2 2 1 1379 2176 5353
3791 2 2 2 1 2177 803 4516
3792 2 2 2 1 2152 423 4970
3793 2 2 2 1 967 3744 5086
3794 2 2 2 1 2278 1696 5283
3795 2 2 2 1 1079 2586 3413
3796 2 2 2 1 2174 1365 5030
3797 2 2 2 1 3680 912 5472
3798 2 2 2 1 2393 3641 5017
3799 2 2 2 1 1740 2675 2999
3800 2 2 2 1 2145 830 5485
3801 2 2 2 1 2279 1065 3330
3802 2 2 2 1 3511 1245 3710
3803 2 2 2 1 1312 2822 4302
3804 2 2 2 1 2354 772 5679
3805 2 2 2 1 830 2508 3484
3806 2 2 2 1 1462 2661 4203
3807 2 2 2 1 1304 2820 2947
3808 2 2 2 1 334 2498 3409
3809 2 2 2 1 1050 2781 5804
3810 2 2 2 1 2560 1033 3045
3811 2 2 2 1 2378 766 4028
3812 2 2 2 1 2508 1205 3484
3813 2 2 2 1 902 2146 3990
3814 2 2 2 1 2211 865 4784
3815 2 2 2 1 548 3017 5522
3816 2 2 2 1 1745 2354 5679
3817 2 2 2 1 383 2546 3182
3818 2 2 2 1 2725 1691 5020
3819 2 2 2 1 1024 4006 5900
3820 2 2 2 1 3274 2200 4818
3821 2 2 2 1 2820 966 2947
3822 2 2 2 1 2709 1701 3749
3823 2 2 2 1 509 2456 5043
3824 2 2 2 1 2150 624 4042
3825 2 2 2 1 1065 2279 3350
3826 2 2 2 1 3764 3345 5318
3827 2 2 2 1 2456 1630 5043
3828 2 2 2 1 1036 2628 2922
3829 2 2 2 1 82 83 3894
3830 2 2 2 1 2230 1289 4272
3831 2 2 2 1 1537 2413 4840
3832 2 2 2 1 484 2416 3098
3833 2 2 2 1 1523 3545 4712
3834 2 2 2 1 561 2432 4232
3835 2 2 2 1 479 2886 5355
3836 2 2 2 1 3558 1263 4537
3837 2 2 2 1 2675 979 2999
3838 2 2 2 1 1285 2180 3717
3839 2 2 2 1 1099 2211 4784
3840 2 2 2 1 2158 1222 5960
3841 2 2 2 1 3200 1479 4315
3842 2 2 2 1 2479 832 5858
3843 2 2 2 1 2163 476 3744
3844 2 2 2 1 523 2179 3734
3845 2 2 2 1 2678 963 5004
3846 2 2 2 1 1891 2479 5858
3847 2 2 2 1 2160 1653 4012
3848 2 2 2 1 2842 1050 5804
3849 2 2 2 1 345 2427 5254
3850 2 2 2 1 2103 3663 4451
3851 2 2 2 1 719 2230 4272
3852 2 2 2 1 430 2153 4212
3853 2 2 2 1 2631 899 5675
3854 2 2 2 1 4399 1932 5947
3855 2 2 2 1 3663 1323 4451
3856 2 2 2 1 2427 1665 5254
3857 2 2 2 1 494 3113 3679
3858 2 2 2 1 2737 350 3959
3859 2 2 2 1 3113 1505 3679
3860 2 2 2 1 609 3501 3608
3861 2 2 2 1 475 2403 4370
3862 2 2 2 1 610 2421 4609
3863 2 2 2 1 2635 3456 4294
3864 2 2 2 1 2471 492 5212
3865 2 2 2 1 3180 491 6050
3866 2 2 2 1 96 97 2679
3867 2 2 2 1 3919 543 4463
3868 2 2 2 1 2154 1308 4230
3869 2 2 2 1 1064 2169 3868
3870 2 2 2 1 3393 2496 5880
3871 2 2 2 1 3945 977 5013
3872 2 2 2 1 1166 2166 4381
3873 2 2 2 1 1051 2745 2856
3874 2 2 2 1 2337 851 5655
3875 2 2 2 1 480 2308 3280
3876 2 2 2 1 961 2482 3100
3877 2 2 2 1 1311 2173 3812
3878 2 2 2 1 1035 2370 5913
3879 2 2 2 1 2809 1185 3356
3880 2 2 2 1 202 203 3335
3881 2 2 2 1 415 3918 4020
3882 2 2 2 1 974 2318 5484
3883 2 2 2 1 1531 3814 4788
3884 2 2 2 1 2715 1007 5259
3885 2 2 2 1 1370 2349 4422
3886 2 2 2 1 2586 574 3413
3887 2 2 2 1 751 3745 5864
3888 2 2 2 1 818 3012 5919
3889 2 2 2 1 3827 991 4494
3890 2 2 2 1 1844 2715 5259
3891 2 2 2 1 546 2172 4210
3892 2 2 2 1 512 2597 3624
3893 2 2 2 1 2175 4871 5984
3894 2 2 2 1 332 3219 4202
3895 2 2 2 1 3162 4083 5665
3896 2 2 2 1 3125 986 4528
3897 2 2 2 1 3096 2116 4152
3898 2 2 2 1 245 2224 3519
3899 2 2 2 1 3999 2155 4615
3900 2 2 2 1 714 4317 6138
3901 2 2 2 1 101 3523 4079
3902 2 2 2 1 3346 902 4155
3903 2 2 2 1 508 2325 5529
3904 2 2 2 1 2655 3690 5337
3905 2 2 2 1 852 2163 4088
3906 2 2 2 1 2559 553 3059
3907 2 2 2 1 2373 1716 3918
3908 2 2 2 1 2180 861 4478
3909 2 2 2 1 1502 3068 4042
3910 2 2 2 1 4042 3068 5173
3911 2 2 2 1 1354 2184 5208
3912 2 2 2 1 1212 2529 3499
3913 2 2 2 1 2878 9 4624
3914 2 2 2 1 2821 1181 2874
3915 2 2 2 1 2529 322 3499
3916 2 2 2 1 1286 2280 4754
3917 2 2 2 1 436 2283 5795
3918 2 2 2 1 2888 1324 5222
3919 2 2 2 1 2431 1063 3213
3920 2 2 2 1 1232 3093 5686
3921 2 2 2 1 1039 2165 5069
3922 2 2 2 1 2183 298 4523
3923 2 2 2 1 1161 4976 5503
3924 2 2 2 1 100 101 4079
3925 2 2 2 1 2698 507 5770
3926 2 2 2 1 2531 467 4969
3927 2 2 2 1 1178 3447 6043
3928 2 2 2 1 2438 1221 3820
3929 2 2 2 1 1499 3361 4147
3930 2 2 2 1 1475 2815 4297
3931 2 2 2 1 5537 1945 5585
3932 2 2 2 1 389 2343 3419
3933 2 2 2 1 2251 1511 5096
3934 2 2 2 1 1039 2821 2874
3935 2 2 2 1 2198 822 4593
3936 2 2 2 1 3074 546 5358
3937 2 2 2 1 2875 1804 5703
3938 2 2 2 1 3438 400 4959
3939 2 2 2 1 2457 556 3142
3940 2 2 2 1 3869 1882 5495
3941 2 2 2 1 2252 639 4874
3942 2 2 2 1 3121 4237 5440
3943 2 2 2 1 837 2271 5148
3944 2 2 2 1 886 2217 4813
3945 2 2 2 1 2381 524 3175
3946 2 2 2 1 2242 788 4039
3947 2 2 2 1 959 2612 5966
3948 2 2 2 1 3227 694 4951
3949 2 2 2 1 499 2357 4513
3950 2 2 2 1 808 2224 4423
3951 2 2 2 1 515 2398 3168
3952 2 2 2 1 356 2404 3152
3953 2 2 2 1 768 3206 4267
3954 2 2 2 1 2526 886 4813
3955 2 2 2 1 1969 3917 5788
3956 2 2 2 1 183 184 2851
3957 2 2 2 1 4183 1960 5764
3958 2 2 2 1 4742 2210 5667
3959 2 2 2 1 2813 929 5264
3960 2 2 2 1 3480 4694 6139
3961 2 2 2 1 1534 3485 4271
3962 2 2 2 1 565 3261 4175
3963 2 2 2 1 1223 2171 4079
3964 2 2 2 1 1043 3271 3885
3965 2 2 2 1 2350 913 3233
3966 2 2 2 1 2224 1331 4423
3967 2 2 2 1 2430 3347 4944
3968 2 2 2 1 1589 2526 4813
3969 2 2 2 1 2854 1275 3245
3970 2 2 2 1 1248 3205 3857
3971 2 2 2 1 1672 3165 3490
3972 2 2 2 1 2230 1111 4733
3973 2 2 2 1 339 2279 3443
3974 2 2 2 1 504 2221 5850
3975 2 2 2 1 4029 1372 5254
3976 2 2 2 1 1022 2536 3594
3977 2 2 2 1 3261 1765 4175
3978 2 2 2 1 396 2919 4279
3979 2 2 2 1 3339 1994 5713
3980 2 2 2 1 367 2854 3245
3981 2 2 2 1 1395 3829 4521
3982 2 2 2 1 1473 2453 3123
3983 2 2 2 1 2363 601 3232
3984 2 2 2 1 587 4375 4762
3985 2 2 2 1 1222 2705 3336
3986 2 2 2 1 981 2274 5184
3987 2 2 2 1 3745 2131 5864
3988 2 2 2 1 573 2282 4112
3989 2 2 2 1 989 2389 3320
3990 2 2 2 1 2445 756 5146
3991 2 2 2 1 2196 1287 3765
3992 2 2 2 1 440 5977 5993
3993 2 2 2 1 2157 2789 5834
3994 2 2 2 1 1133 2513 3548
3995 2 2 2 1 2661 846 4203
3996 2 2 2 1 759 2828 5811
3997 2 2 2 1 347 2190 5132
3998 2 2 2 1 2232 511 4922
3999 2 2 2 1 1041 2352 3238
4000 2 2 2 1 1125 2220 4184
4001 2 2 2 1 3175 2406 4536
4002 2 2 2 1 4803 3587 6074
4003 2 2 2 1 569 3468 4721
4004 2 2 2 1 2876 370 3826
4005 2 2 2 1 2522 680 4070
4006 2 2 2 1 1511 2268 5096
4007 2 2 2 1 1106 3357 5680
4008 2 2 2 1 2229 537 3607
4009 2 2 2 1 716 3405 4816
4010 2 2 2 1 4109 1333 4596
4011 2 2 2 1 321 2367 3677
4012 2 2 2 1 2705 973 3336
4013 2 2 2 1 3709 2217 5291
4014 2 2 2 1 1256 4210 5756
4015 2 2 2 1 990 2550 3616
4016 2 2 2 1 1711 5223 5559
4017 2 2 2 1 2342 3604 6080
4018 2 2 2 1 3111 1579 4117
4019 2 2 2 1 1068 2473 3237
4020 2 2 2 1 3075 1909 5805
4021 2 2 2 1 2207 446 3737
4022 2 2 2 1 4371 569 4721
4023 2 2 2 1 904 2321 5417
4024 2 2 2 1 1550 2720 4704
4025 2 2 2 1 3205 1599 3857
4026 2 2 2 1 2568 2826 4992
4027 2 2 2 1 2268 772 5096
4028 2 2 2 1 2613 1103 3089
4029 2 2 2 1 4625 1069 4670
4030 2 2 2 1 247 248 2749
4031 2 2 2 1 815 2343 3398
4032 2 2 2 1 3260 403 4352
4033 2 2 2 1 238 239 4926
4034 2 2 2 1 1485 2584 3510
4035 2 2 2 1 1236 2396 3247
4036 2 2 2 1 942 2907 4796
4037 2 2 2 1 2354 384 4104
4038 2 2 2 1 508 2804 3425
4039 2 2 2 1 2770 1362 3122
4040 2 2 2 1 535 2259 5041
4041 2 2 2 1 406 2246 4314
4042 2 2 2 1 2556 495 3920
4043 2 2 2 1 3190 1104 5589
4044 2 2 2 1 3467 1739 5392
4045 2 2 2 1 2480 1008 3479
4046 2 2 2 1 74 75 3538
4047 2 2 2 1 823 2212 4654
4048 2 2 2 1 382 2307 5327
4049 2 2 2 1 550 2217 3709
4050 2 2 2 1 2299 630 5294
4051 2 2 2 1 656 2757 4274
4052 2 2 2 1 565 2613 3089
4053 2 2 2 1 125 126 2967
4054 2 2 2 1 1111 2230 3702
4055 2 2 2 1 1739 3282 5392
4056 2 2 2 1 2757 1533 4274
4057 2 2 2 1 1728 3285 5133
4058 2 2 2 1 1220 2182 4687
4059 2 2 2 1 2396 783 3247
4060 2 2 2 1 2367 1192 3677
4061 2 2 2 1 461 2356 3269
4062 2 2 2 1 2220 1184 5633
4063 2 2 2 1 414 2185 4201
4064 2 2 2 1 3200 4315 5995
4065 2 2 2 1 2274 1225 3517
4066 2 2 2 1 3619 1811 4727
4067 2 2 2 1 2249 1098 4421
4068 2 2 2 1 1088 3132 4759
4069 2 2 2 1 235 236 2866
4070 2 2 2 1 2941 1593 4189
4071 2 2 2 1 941 3218 4040
4072 2 2 2 1 318 2770 3122
4073 2 2 2 1 3026 561 3090
4074 2 2 2 1 2246 1297 4314
4075 2 2 2 1 3614 712 4653
4076 2 2 2 1 913 2350 5723
4077 2 2 2 1 4082 1249 4543
4078 2 2 2 1 2191 464 3949
4079 2 2 2 1 3431 1761 5282
4080 2 2 2 1 3506 540 5905
4081 2 2 2 1 931 2327 5450
4082 2 2 2 1 2567 976 5829
4083 2 2 2 1 2401 1862 6044
4084 2 2 2 1 2376 1057 5077
4085 2 2 2 1 418 3626 5035
4086 2 2 2 1 1428 2232 4854
4087 2 2 2 1 3477 1589 4813
4088 2 2 2 1 5709 487 5715
4089 2 2 2 1 1577 2592 4231
4090 2 2 2 1 2548 1306 4219
4091 2 2 2 1 1761 3431 5901
4092 2 2 2 1 821 2340 3378
4093 2 2 2 1 1233 2740 2927
4094 2 2 2 1 3196 909 4056
4095 2 2 2 1 3000 1466 3006
4096 2 2 2 1 651 2855 3371
4097 2 2 2 1 625 2941 4189
4098 2 2 2 1 157 158 2720
4099 2 2 2 1 2234 698 3633
4100 2 2 2 1 4120 2204 6135
4101 2 2 2 1 992 3000 3006
4102 2 2 2 1 1243 3026 3090
4103 2 2 2 1 400 3654 4959
4104 2 2 2 1 2190 347 4131
4105 2 2 2 1 4112 2282 5629
4106 2 2 2 1 2600 449 5970
4107 2 2 2 1 572 2523 3294
4108 2 2 2 1 2330 1087 5785
4109 2 2 2 1 1299 2354 4104
4110 2 2 2 1 513 2205 5507
4111 2 2 2 1 2236 1158 3777
4112 2 2 2 1 2970 1588 5572
4113 2 2 2 1 2205 944 4511
4114 2 2 2 1 1681 2655 5316
4115 2 2 2 1 31 3014 5788
4116 2 2 2 1 4222 1153 4434
4117 2 2 2 1 1070 2457 3142
4118 2 2 2 1 70 71 3279
4119 2 2 2 1 549 2890 5822
4120 2 2 2 1 947 2535 5882
4121 2 2 2 1 1300 2876 3422
4122 2 2 2 1 421 2534 3509
4123 2 2 2 1 3633 985 6136
4124 2 2 2 1 2947 738 4397
4125 2 2 2 1 776 2236 3777
4126 2 2 2 1 2064 3357 6130
4127 2 2 2 1 3248 1508 3819
4128 2 2 2 1 4523 3651 5433
4129 2 2 2 1 2966 1075 4750
4130 2 2 2 1 3121 1408 4237
4131 2 2 2 1 2876 953 3422
4132 2 2 2 1 537 2849 3831
4133 2 2 2 1 573 2699 4460
4134 2 2 2 1 4215 2767 6125
4135 2 2 2 1 3322 1115 3465
4136 2 2 2 1 2196 1297 4404
4137 2 2 2 1 680 3593 6144
4138 2 2 2 1 686 2327 5219
4139 2 2 2 1 2327 1565 5219
4140 2 2 2 1 1197 2528 4014
4141 2 2 2 1 2767 1594 6125
4142 2 2 2 1 2298 1177 5257
4143 2 2 2 1 1494 3322 3465
4144 2 2 2 1 2609 1357 3049
4145 2 2 2 1 2376 854 3878
4146 2 2 2 1 3942 2328 5626
4147 2 2 2 1 1156 2215 4406
4148 2 2 2 1 2351 1706 5678
4149 2 2 2 1 2845 544 3528
4150 2 2 2 1 2195 1381 4181
4151 2 2 2 1 463 2277 5100
4152 2 2 2 1 1419 2308 3471
4153 2 2 2 1 3449 1332 3618
4154 2 2 2 1 1209 2198 4593
4155 2 2 2 1 2704 1282 2964
4156 2 2 2 1 172 173 2732
4157 2 2 2 1 298 3651 4523
4158 2 2 2 1 2215 41 4865
4159 2 2 2 1 2876 1300 3317
4160 2 2 2 1 4130 1088 4759
4161 2 2 2 1 2426 1051 5348
4162 2 2 2 1 163 164 2733
4163 2 2 2 1 950 2510 3382
4164 2 2 2 1 370 2876 3317
4165 2 2 2 1 2259 794 5061
4166 2 2 2 1 2366 815 3398
4167 2 2 2 1 1711 3879 5223
4168 2 2 2 1 31 32 3014
4169 2 2 2 1 368 2596 3780
4170 2 2 2 1 3050 955 4394
4171 2 2 2 1 2353 1538 5061
4172 2 2 2 1 4032 1930 6036
4173 2 2 2 1 2544 1182 3469
4174 2 2 2 1 1108 2290 5380
4175 2 2 2 1 3285 1301 4880
4176 2 2 2 1 3133 381 5737
4177 2 2 2 1 3202 5066 5730
4178 2 2 2 1 2710 963 3171
4179 2 2 2 1 425 2508 3861
4180 2 2 2 1 1590 4413 4908
4181 2 2 2 1 2379 1934 3829
4182 2 2 2 1 140 141 3102
4183 2 2 2 1 2534 1201 3509
4184 2 2 2 1 5977 1925 5993
4185 2 2 2 1 2240 917 4892
4186 2 2 2 1 2296 128 3590
4187 2 2 2 1 1499 4147 4890
4188 2 2 2 1 2230 719 3702
4189 2 2 2 1 2706 1204 3233
4190 2 2 2 1 3209 1704 4145
4191 2 2 2 1 2596 1312 3780
4192 2 2 2 1 2436 748 3183
4193 2 2 2 1 913 2706 3233
4194 2 2 2 1 3510 2100 5258
4195 2 2 2 1 2252 3966 6115
4196 2 2 2 1 5264 1749 5926
4197 2 2 2 1 2369 493 3965
4198 2 2 2 1 3194 1256 5756
4199 2 2 2 1 1380 3834 5672
4200 2 2 2 1 2043 3285 4880
4201 2 2 2 1 2201 355 4173
4202 2 2 2 1 1271 4112 5629
4203 2 2 2 1 881 2312 5081
4204 2 2 2 1 391 3187 3432
4205 2 2 2 1 408 3209 4145
4206 2 2 2 1 2421 798 4674
4207 2 2 2 1 940 2865 5141
4208 2 2 2 1 2433 266 3435
4209 2 2 2 1 1040 2268 5526
4210 2 2 2 1 2521 398 3177
4211 2 2 2 1 2378 1554 5162
4212 2 2 2 1 2711 1069 3539
4213 2 2 2 1 1729 2439 5646
4214 2 2 2 1 1568 3153 3903
4215 2 2 2 1 1064 2535 5751
4216 2 2 2 1 2290 1108 3503
4217 2 2 2 1 5336 1603 6083
4218 2 2 2 1 2726 744 4852
4219 2 2 2 1 999 2982 3408
4220 2 2 2 1 2725 890 3818
4221 2 2 2 1 3402 2466 4483
4222 2 2 2 1 1470 2521 3177
4223 2 2 2 1 794 2353 5061
4224 2 2 2 1 1237 2269 3652
4225 2 2 2 1 1056 3460 4133
4226 2 2 2 1 3934 2118 4591
4227 2 2 2 1 2336 1133 3543
4228 2 2 2 1 2582 2889 4469
4229 2 2 2 1 596 2544 3469
4230 2 2 2 1 2269 57 3652
4231 2 2 2 1 2224 808 4958
4232 2 2 2 1 2731 488 5346
4233 2 2 2 1 442 3223 5379
4234 2 2 2 1 1934 2379 5872
4235 2 2 2 1 472 2336 3543
4236 2 2 2 1 2452 166 4517
4237 2 2 2 1 1263 2267 3719
4238 2 2 2 1 4403 1852 5416
4239 2 2 2 1 3153 976 3903
4240 2 2 2 1 2266 2714 5836
4241 2 2 2 1 1907 3262 5574
4242 2 2 2 1 3187 1423 3432
4243 2 2 2 1 4522 1686 5367
4244 2 2 2 1 626 2525 3716
4245 2 2 2 1 1071 2543 5893
4246 2 2 2 1 2241 1416 4847
4247 2 2 2 1 1578 2917 4456
4248 2 2 2 1 2267 185 3719
4249 2 2 2 1 3541 1161 5503
4250 2 2 2 1 2233 3218 6135
4251 2 2 2 1 3532 1686 4522
4252 2 2 2 1 1276 2206 4282
4253 2 2 2 1 332 4202 4521
4254 2 2 2 1 841 2375 5848
4255 2 2 2 1 2303 3994 5178
4256 2 2 2 1 2214 923 4357
4257 2 2 2 1 2386 2221 5907
4258 2 2 2 1 2646 640 3429
4259 2 2 2 1 1626 3920 3964
4260 2 2 2 1 3457 2356 4606
4261 2 2 2 1 2705 1222 6038
4262 2 2 2 1 136 137 2938
4263 2 2 2 1 536 3740 4368
4264 2 2 2 1 4568 1832 5696
4265 2 2 2 1 1229 3942 5626
4266 2 2 2 1 2210 1455 4602
4267 2 2 2 1 2672 531 5503
4268 2 2 2 1 2456 509 5095
4269 2 2 2 1 25 26 3481
4270 2 2 2 1 602 2431 3213
4271 2 2 2 1 903 2473 5697
4272 2 2 2 1 2560 197 3991
4273 2 2 2 1 1649 2467 3537
4274 2 2 2 1 2417 1311 4339
4275 2 2 2 1 2344 1398 4557
4276 2 2 2 1 2467 1317 3537
4277 2 2 2 1 487 3297 5715
4278 2 2 2 1 3803 1578 4456
4279 2 2 2 1 3478 889 5120
4280 2 2 2 1 1369 4002 6052
4281 2 2 2 1 890 2725 5020
4282 2 2 2 1 3128 1643 5166
4283 2 2 2 1 2191 5797 5814
4284 2 2 2 1 2375 352 5859
4285 2 2 2 1 1637 2382 5452
4286 2 2 2 1 2355 345 5855
4287 2 2 2 1 981 2798 2926
4288 2 2 2 1 2328 3942 5092
4289 2 2 2 1 2237 514 4484
4290 2 2 2 1 1370 2739 4094
4291 2 2 2 1 1069 2870 4670
4292 2 2 2 1 1119 2960 3146
4293 2 2 2 1 1537 2303 5193
4294 2 2 2 1 262 2359 3556
4295 2 2 2 1 1208 2418 3696
4296 2 2 2 1 2240 985 3722
4297 2 2 2 1 2817 576 5198
4298 2 2 2 1 574 2586 4746
4299 2 2 2 1 443 3115 4072
4300 2 2 2 1 2610 1127 4510
4301 2 2 2 1 3323 1238 3354
4302 2 2 2 1 3893 1312 4302
4303 2 2 2 1 2510 1049 4807
4304 2 2 2 1 1435 2790 4715
4305 2 2 2 1 2720 1550 5236
4306 2 2 2 1 2293 448 3952
4307 2 2 2 1 3115 1618 4072
4308 2 2 2 1 1868 2309 5249
4309 2 2 2 1 2913 946 4679
4310 2 2 2 1 2719 1953 3751
4311 2 2 2 1 3573 749 5028
4312 2 2 2 1 1215 2293 3952
4313 2 2 2 1 473 3358 5452
4314 2 2 2 1 1180 3615 4886
4315 2 2 2 1 2418 713 3696
4316 2 2 2 1 3358 2297 5452
4317 2 2 2 1 1058 2654 5256
4318 2 2 2 1 1074 2816 3638
4319 2 2 2 1 1061 2434 3972
4320 2 2 2 1 1568 3474 5294
4321 2 2 2 1 3169 5737 6035
4322 2 2 2 1 2488 903 5697
4323 2 2 2 1 2313 1126 5796
4324 2 2 2 1 2369 1076 3634
4325 2 2 2 1 2218 1001 5587
4326 2 2 2 1 813 3510 5258
4327 2 2 2 1 2525 968 3716
4328 2 2 2 1 2448 554 4347
4329 2 2 2 1 2507 1188 3518
4330 2 2 2 1 2602 1871 3613
4331 2 2 2 1 2885 1084 3620
4332 2 2 2 1 1999 4498 5831
4333 2 2 2 1 1352 2954 4342
4334 2 2 2 1 37 38 2825
4335 2 2 2 1 1386 2697 4728
4336 2 2 2 1 3474 2299 5294
4337 2 2 2 1 2791 1071 3793
4338 2 2 2 1 3205 1248 3234
4339 2 2 2 1 2648 1054 3969
4340 2 2 2 1 2280 1286 4258
4341 2 2 2 1 577 2507 3518
4342 2 2 2 1 2823 718 5401
4343 2 2 2 1 435 2280 4258
4344 2 2 2 1 2406 1411 5269
4345 2 2 2 1 3169 1091 5737
4346 2 2 2 1 669 2957 3856
4347 2 2 2 1 408 2225 6105
4348 2 2 2 1 2643 457 3822
4349 2 2 2 1 940 2556 3920
4350 2 2 2 1 1283 2254 5410
4351 2 2 2 1 1373 3861 5621
4352 2 2 2 1 592 2602 3613
4353 2 2 2 1 2970 590 4472
4354 2 2 2 1 2275 1234 4067
4355 2 2 2 1 3548 783 5065
4356 2 2 2 1 4280 682 5243
4357 2 2 2 1 2247 3548 5065
4358 2 2 2 1 471 2275 4067
4359 2 2 2 1 2362 317 5622
4360 2 2 2 1 2016 3369 4758
4361 2 2 2 1 2788 1508 3206
4362 2 2 2 1 82 3894 6085
4363 2 2 2 1 3369 850 4758
4364 2 2 2 1 3267 6 4931
4365 2 2 2 1 1297 2246 4828
4366 2 2 2 1 1053 2512 4904
4367 2 2 2 1 768 2788 3206
4368 2 2 2 1 786 2288 5124
4369 2 2 2 1 1052 2660 4835
4370 2 2 2 1 2949 508 3425
4371 2 2 2 1 2674 1152 4875
4372 2 2 2 1 3473 1553 4499
4373 2 2 2 1 588 2312 3671
4374 2 2 2 1 2289 1467 4915
4375 2 2 2 1 482 2480 3479
4376 2 2 2 1 1187 2296 3590
4377 2 2 2 1 1642 2563 5863
4378 2 2 2 1 1342 2643 3822
4379 2 2 2 1 1157 3621 5229
4380 2 2 2 1 1776 3838 4669
4381 2 2 2 1 3848 880 4638
4382 2 2 2 1 2521 1180 3494
4383 2 2 2 1 398 2521 3494
4384 2 2 2 1 1716 2373 5732
4385 2 2 2 1 2774 5471 5492
4386 2 2 2 1 3742 1209 5036
4387 2 2 2 1 2373 691 5732
4388 2 2 2 1 538 2609 5415
4389 2 2 2 1 2831 825 5277
4390 2 2 2 1 2402 2803 5640
4391 2 2 2 1 28 29 2984
4392 2 2 2 1 399 2716 5823
4393 2 2 2 1 557 2771 3773
4394 2 2 2 1 1274 2219 4858
4395 2 2 2 1 1124 2366 3398
4396 2 2 2 1 2793 2375 4769
4397 2 2 2 1 2976 904 5417
4398 2 2 2 1 364 2775 3692
4399 2 2 2 1 2246 759 4828
4400 2 2 2 1 2433 1073 3252
4401 2 2 2 1 2797 2242 4124
4402 2 2 2 1 2774 946 5471
4403 2 2 2 1 935 2864 4328
4404 2 2 2 1 1597 3028 3139
4405 2 2 2 1 307 3084 3961
4406 2 2 2 1 2172 3848 4638
4407 2 2 2 1 1264 2726 3536
4408 2 2 2 1 2771 1800 3773
4409 2 2 2 1 300 2223 4161
4410 2 2 2 1 2276 4691 5861
4411 2 2 2 1 25 3481 4792
4412 2 2 2 1 1081 3339 5378
4413 2 2 2 1 3301 1021 4440
4414 2 2 2 1 2893 1797 3202
4415 2 2 2 1 134 135 2780
4416 2 2 2 1 530 2289 3631
4417 2 2 2 1 2758 679 3016
4418 2 2 2 1 1579 2522 4117
4419 2 2 2 1 759 2256 4828
4420 2 2 2 1 437 2349 4420
4421 2 2 2 1 1089 3272 5855
4422 2 2 2 1 725 4051 5114
4423 2 2 2 1 2226 1440 4349
4424 2 2 2 1 2805 774 3440
4425 2 2 2 1 3131 312 5027
4426 2 2 2 1 2349 1370 4420
4427 2 2 2 1 3272 2355 5855
4428 2 2 2 1 1122 2758 3016
4429 2 2 2 1 2236 776 3906
4430 2 2 2 1 775 2730 6120
4431 2 2 2 1 2438 970 3725
4432 2 2 2 1 3262 1907 5998
4433 2 2 2 1 1221 2438 3725
4434 2 2 2 1 5295 2161 5804
4435 2 2 2 1 435 2503 5046
4436 2 2 2 1 2625 600 3958
4437 2 2 2 1 2381 5789 5814
4438 2 2 2 1 1933 4432 4965
4439 2 2 2 1 2652 1071 5893
4440 2 2 2 1 2550 990 3507
4441 2 2 2 1 4107 632 4853
4442 2 2 2 1 1356 2550 3507
4443 2 2 2 1 2726 906 3536
4444 2 2 2 1 1160 5137 5577
4445 2 2 2 1 1832 4568 5287
4446 2 2 2 1 3580 1522 4146
4447 2 2 2 1 2115 3826 4407
4448 2 2 2 1 3826 1303 4407
4449 2 2 2 1 509 2535 5095
4450 2 2 2 1 2440 15 4901
4451 2 2 2 1 698 2234 4493
4452 2 2 2 1 1075 3280 4750
4453 2 2 2 1 5066 2124 5807
4454 2 2 2 1 397 3023 3902
4455 2 2 2 1 717 2582 5301
4456 2 2 2 1 879 2406 3544
4457 2 2 2 1 2243 599 5021
4458 2 2 2 1 3490 2013 5670
4459 2 2 2 1 2894 1230 3098
4460 2 2 2 1 2296 1187 3647
4461 2 2 2 1 1314 2281 4396
4462 2 2 2 1 5789 895 5814
4463 2 2 2 1 369 4772 5314
4464 2 2 2 1 2582 1717 5301
4465 2 2 2 1 2239 1199 5329
4466 2 2 2 1 771 2411 5188
4467 2 2 2 1 633 2887 3923
4468 2 2 2 1 317 4445 5688
4469 2 2 2 1 663 4055 5467
4470 2 2 2 1 2411 1597 5188
4471 2 2 2 1 3023 1503 3902
4472 2 2 2 1 3094 1428 5979
4473 2 2 2 1 3473 4499 6130
4474 2 2 2 1 897 2965 3746
4475 2 2 2 1 3806 1279 5519
4476 2 2 2 1 2896 369 5314
4477 2 2 2 1 3834 3011 5330
4478 2 2 2 1 2300 1339 4466
4479 2 2 2 1 3603 2243 5021
4480 2 2 2 1 340 2799 4625
4481 2 2 2 1 1139 2237 4484
4482 2 2 2 1 1097 2702 4599
4483 2 2 2 1 1137 3108 3699
4484 2 2 2 1 2853 2237 5805
4485 2 2 2 1 1801 2593 5640
4486 2 2 2 1 1870 3480 6139
4487 2 2 2 1 1388 3603 5021
4488 2 2 2 1 2621 1558 3493
4489 2 2 2 1 776 3777 3871
4490 2 2 2 1 3777 1835 3871
4491 2 2 2 1 1205 2779 3648
4492 2 2 2 1 2473 486 3237
4493 2 2 2 1 1765 3261 3614
4494 2 2 2 1 1099 3127 5195
4495 2 2 2 1 3978 1294 5151
4496 2 2 2 1 3834 2076 5672
4497 2 2 2 1 2927 2177 6051
4498 2 2 2 1 557 2927 6051
4499 2 2 2 1 2728 1022 3594
4500 2 2 2 1 2256 526 4404
4501 2 2 2 1 855 2269 4108
4502 2 2 2 1 979 2675 6075
4503 2 2 2 1 2448 1085 3396
4504 2 2 2 1 2327 2893 4300
4505 2 2 2 1 2269 1237 4108
4506 2 2 2 1 500 2451 6033
4507 2 2 2 1 1885 3897 5726
4508 2 2 2 1 2747 1017 3040
4509 2 2 2 1 1247 2573 3403
4510 2 2 2 1 2293 1215 5241
4511 2 2 2 1 1246 2238 5308
4512 2 2 2 1 328 2236 5793
4513 2 2 2 1 331 3282 4962
4514 2 2 2 1 893 2457 4794
4515 2 2 2 1 2503 1607 5046
4516 2 2 2 1 1714 2384 5744
4517 2 2 2 1 3343 2233 5444
4518 2 2 2 1 3238 2352 3785
4519 2 2 2 1 1279 3666 5519
4520 2 2 2 1 2546 1056 3182
4521 2 2 2 1 3657 1097 4599
4522 2 2 2 1 3058 1036 4878
4523 2 2 2 1 2264 313 4752
4524 2 2 2 1 1364 2858 3535
4525 2 2 2 1 1387 2425 4391
4526 2 2 2 1 43 44 4282
4527 2 2 2 1 2765 687 3728
4528 2 2 2 1 538 3222 5441
4529 2 2 2 1 942 2595 3442
4530 2 2 2 1 1013 2800 3377
4531 2 2 2 1 2345 815 3521
4532 2 2 2 1 2384 724 5744
4533 2 2 2 1 993 2562 3946
4534 2 2 2 1 2562 1333 3946
4535 2 2 2 1 2541 3758 4933
4536 2 2 2 1 2858 622 3535
4537 2 2 2 1 3419 2343 5890
4538 2 2 2 1 2696 2039 4789
4539 2 2 2 1 3183 1232 3394
4540 2 2 2 1 2306 967 5086
4541 2 2 2 1 2472 893 4794
4542 2 2 2 1 1911 3813 4010
4543 2 2 2 1 1103 2693 3089
4544 2 2 2 1 1679 2391 3436
4545 2 2 2 1 2184 2984 4214
4546 2 2 2 1 1103 3090 4198
4547 2 2 2 1 2425 552 4391
4548 2 2 2 1 2383 861 5718
4549 2 2 2 1 2239 962 4756
4550 2 2 2 1 3087 356 3152
4551 2 2 2 1 1062 3242 4961
4552 2 2 2 1 527 2244 4014
4553 2 2 2 1 438 2413 3776
4554 2 2 2 1 2593 873 5640
4555 2 2 2 1 2689 1067 4772
4556 2 2 2 1 2638 515 3168
4557 2 2 2 1 2254 155 3926
4558 2 2 2 1 1124 2785 3027
4559 2 2 2 1 2377 528 4567
4560 2 2 2 1 891 2258 4661
4561 2 2 2 1 3064 1238 3323
4562 2 2 2 1 2506 4893 4986
4563 2 2 2 1 4342 2954 4709
4564 2 2 2 1 1120 2638 3168
4565 2 2 2 1 2150 5173 5657
4566 2 2 2 1 423 2346 3864
4567 2 2 2 1 3475 2678 5004
4568 2 2 2 1 2936 555 3532
4569 2 2 2 1 3461 1160 5577
4570 2 2 2 1 3550 1768 3984
4571 2 2 2 1 2356 1628 5493
4572 2 2 2 1 927 2356 5493
4573 2 2 2 1 249 2429 3846
4574 2 2 2 1 2995 108 3582
4575 2 2 2 1 1351 2936 3532
4576 2 2 2 1 2268 1511 4666
4577 2 2 2 1 2892 985 3633
4578 2 2 2 1 880 2284 4638
4579 2 2 2 1 4002 2116 6052
4580 2 2 2 1 2308 1419 4834
4581 2 2 2 1 2194 2614 4989
4582 2 2 2 1 1505 2762 3224
4583 2 2 2 1 2260 5336 6083
4584 2 2 2 1 1175 3542 4710
4585 2 2 2 1 1299 2251 4441
4586 2 2 2 1 2391 320 3436
4587 2 2 2 1 2394 1105 5847
4588 2 2 2 1 2439 821 3378
4589 2 2 2 1 1684 2647 3794
4590 2 2 2 1 1113 3419 5890
4591 2 2 2 1 2609 885 5468
4592 2 2 2 1 988 2339 3565
4593 2 2 2 1 1236 3550 3984
4594 2 2 2 1 3813 1363 4010
4595 2 2 2 1 1251 3112 3659
4596 2 2 2 1 3251 1351 3873
4597 2 2 2 1 2249 966 4445
4598 2 2 2 1 1272 3404 3622
4599 2 2 2 1 1978 3573 5028
4600 2 2 2 1 2284 1376 4638
4601 2 2 2 1 3034 403 3260
4602 2 2 2 1 858 2443 3665
4603 2 2 2 1 2668 1268 4154
4604 2 2 2 1 2301 519 3785
4605 2 2 2 1 397 3832 5196
4606 2 2 2 1 186 187 3043
4607 2 2 2 1 2364 1090 4749
4608 2 2 2 1 345 2437 5855
4609 2 2 2 1 3738 2167 5019
4610 2 2 2 1 1267 3087 3152
4611 2 2 2 1 798 2308 4834
4612 2 2 2 1 4326 739 5534
4613 2 2 2 1 3865 1697 4592
4614 2 2 2 1 1234 2434 4067
4615 2 2 2 1 465 2773 3663
4616 2 2 2 1 3584 614 5248
4617 2 2 2 1 5212 492 6126
4618 2 2 2 1 1486 4201 4845
4619 2 2 2 1 1767 4156 4605
4620 2 2 2 1 2773 1323 3663
4621 2 2 2 1 566 2417 3375
4622 2 2 2 1 2327 686 5879
4623 2 2 2 1 4279 2919 5913
4624 2 2 2 1 883 2694 3626
4625 2 2 2 1 2917 609 3608
4626 2 2 2 1 3107 1054 4658
4627 2 2 2 1 2396 1539 5065
4628 2 2 2 1 1087 2443 5785
4629 2 2 2 1 4142 1589 5253
4630 2 2 2 1 3348 3113 5093
4631 2 2 2 1 504 2420 3384
4632 2 2 2 1 2238 786 4544
4633 2 2 2 1 2276 520 4691
4634 2 2 2 1 5042 2247 5177
4635 2 2 2 1 2415 505 3901
4636 2 2 2 1 2538 1153 4222
4637 2 2 2 1 2278 295 3955
4638 2 2 2 1 2242 311 4124
4639 2 2 2 1 1036 3162 4878
4640 2 2 2 1 3370 1154 4409
4641 2 2 2 1 2968 625 4189
4642 2 2 2 1 1368 3389 3540
4643 2 2 2 1 263 264 2836
4644 2 2 2 1 2810 439 4726
4645 2 2 2 1 2738 1429 4064
4646 2 2 2 1 2550 115 3616
4647 2 2 2 1 386 2738 4064
4648 2 2 2 1 2557 272 5460
4649 2 2 2 1 2706 913 3105
4650 2 2 2 1 1795 3253 5078
4651 2 2 2 1 1080 2852 5094
4652 2 2 2 1 783 2396 5065
4653 2 2 2 1 299 2322 5128
4654 2 2 2 1 2369 878 5557
4655 2 2 2 1 3311 734 5515
4656 2 2 2 1 2372 1108 5380
4657 2 2 2 1 1662 3958 4604
4658 2 2 2 1 6 283 4931
4659 2 2 2 1 3027 1125 4747
4660 2 2 2 1 3012 2007 5919
4661 2 2 2 1 1129 2815 3444
4662 2 2 2 1 2339 900 5535
4663 2 2 2 1 3914 781 4287
4664 2 2 2 1 2815 1475 3444
4665 2 2 2 1 183 2851 4208
4666 2 2 2 1 2050 3126 6145
4667 2 2 2 1 2563 180 3828
4668 2 2 2 1 1312 2596 4703
4669 2 2 2 1 2596 368 3799
4670 2 2 2 1 291 3107 4647
4671 2 2 2 1 2430 1083 5161
4672 2 2 2 1 1954 3004 5263
4673 2 2 2 1 1333 2562 4111
4674 2 2 2 1 3004 826 5263
4675 2 2 2 1 2083 3914 4287
4676 2 2 2 1 5675 1821 6012
4677 2 2 2 1 1806 3763 3860
4678 2 2 2 1 2981 1079 3413
4679 2 2 2 1 2282 573 3851
4680 2 2 2 1 1083 2430 5164
4681 2 2 2 1 3763 1170 3860
4682 2 2 2 1 2255 437 4159
4683 2 2 2 1 2463 879 3544
4684 2 2 2 1 3614 1118 4519
4685 2 2 2 1 1579 3111 4064
4686 2 2 2 1 2703 1408 3121
4687 2 2 2 1 429 2910 3441
4688 2 2 2 1 2948 2205 4511
4689 2 2 2 1 2319 1410 4782
4690 2 2 2 1 2282 3851 5981
4691 2 2 2 1 1347 3128 4009
4692 2 2 2 1 640 4322 5707
4693 2 2 2 1 4328 2864 5798
4694 2 2 2 1 2944 2387 5613
4695 2 2 2 1 2396 3984 5224
4696 2 2 2 1 3111 386 4064
4697 2 2 2 1 1266 2293 4251
4698 2 2 2 1 3265 2574 4932
4699 2 2 2 1 1189 2261 5569
4700 2 2 2 1 2588 1115 3322
4701 2 2 2 1 2865 1626 4572
4702 2 2 2 1 442 2319 4782
4703 2 2 2 1 3102 141 4736
4704 2 2 2 1 1230 2524 3732
4705 2 2 2 1 1105 2416 5847
4706 2 2 2 1 3048 1383 3748
4707 2 2 2 1 736 3143 3546
4708 2 2 2 1 2257 1436 4814
4709 2 2 2 1 2275 1025 4646
4710 2 2 2 1 3142 556 3561
4711 2 2 2 1 2969 1758 4810
4712 2 2 2 1 3987 2130 5350
4713 2 2 2 1 627 2865 4572
4714 2 2 2 1 3916 1512 4426
4715 2 2 2 1 4089 626 5717
4716 2 2 2 1 1047 2277 4639
4717 2 2 2 1 784 5725 5790
4718 2 2 2 1 1129 2478 3982
4719 2 2 2 1 606 2528 3600
4720 2 2 2 1 5405 324 5461
4721 2 2 2 1 1389 2310 4122
4722 2 2 2 1 136 2938 4336
4723 2 2 2 1 4231 2592 6040
4724 2 2 2 1 3014 969 5286
4725 2 2 2 1 872 3314 5553
4726 2 2 2 1 1397 3999 4615
4727 2 2 2 1 1458 2712 4709
4728 2 2 2 1 342 3018 5706
4729 2 2 2 1 1491 3738 5019
4730 2 2 2 1 3314 2253 5553
4731 2 2 2 1 371 2969 4810
4732 2 2 2 1 1125 2439 3378
4733 2 2 2 1 2729 1060 3103
4734 2 2 2 1 2528 1197 3600
4735 2 2 2 1 3448 211 5211
4736 2 2 2 1 506 2371 5540
4737 2 2 2 1 2828 969 6001
4738 2 2 2 1 1740 2557 5460
4739 2 2 2 1 1441 2270 4616
4740 2 2 2 1 2554 1055 3881
4741 2 2 2 1 2524 831 3732
4742 2 2 2 1 3644 1839 5324
4743 2 2 2 1 2434 1061 3397
4744 2 2 2 1 758 2986 3571
4745 2 2 2 1 3269 1366 3491
4746 2 2 2 1 1605 5002 5055
4747 2 2 2 1 4191 1350 4196
4748 2 2 2 1 3015 792 4631
4749 2 2 2 1 3143 1417 3546
4750 2 2 2 1 576 2260 4380
4751 2 2 2 1 2338 890 5714
4752 2 2 2 1 1969 3014 5286
4753 2 2 2 1 2986 1367 3571
4754 2 2 2 1 2264 1569 4464
4755 2 2 2 1 489 2577 3217
4756 2 2 2 1 2256 759 4466
4757 2 2 2 1 2017 2660 4165
4758 2 2 2 1 2923 892 4168
4759 2 2 2 1 195 196 3045
4760 2 2 2 1 4066 2179 5651
4761 2 2 2 1 3244 933 5849
4762 2 2 2 1 1485 2833 4471
4763 2 2 2 1 2495 1615 5226
4764 2 2 2 1 3942 665 5092
4765 2 2 2 1 2334 422 4043
4766 2 2 2 1 1310 2560 3991
4767 2 2 2 1 2833 1433 4276
4768 2 2 2 1 874 3844 5530
4769 2 2 2 1 1376 2284 3910
4770 2 2 2 1 2435 506 3700
4771 2 2 2 1 2693 1103 3266
4772 2 2 2 1 1557 2790 3311
4773 2 2 2 1 1374 2611 3303
4774 2 2 2 1 2679 1571 4830
4775 2 2 2 1 2545 1444 4889
4776 2 2 2 1 794 2315 5391
4777 2 2 2 1 2993 5469 5734
4778 2 2 2 1 3388 1743 5090
4779 2 2 2 1 1629 2621 5240
4780 2 2 2 1 1743 2969 5090
4781 2 2 2 1 2910 1288 3441
4782 2 2 2 1 3689 1832 5287
4783 2 2 2 1 2078 3978 5151
4784 2 2 2 1 512 2875 3480
4785 2 2 2 1 1444 2545 4899
4786 2 2 2 1 1846 5781 5854
4787 2 2 2 1 3171 963 4166
4788 2 2 2 1 1278 2654 4883
4789 2 2 2 1 1764 3283 4659
4790 2 2 2 1 2272 1065 4864
4791 2 2 2 1 3227 1712 4278
4792 2 2 2 1 2273 1056 4133
4793 2 2 2 1 694 3227 4278
4794 2 2 2 1 1403 2442 4486
4795 2 2 2 1 1262 2266 5371
4796 2 2 2 1 554 2448 3396
4797 2 2 2 1 843 2298 5257
4798 2 2 2 1 1126 2313 4978
4799 2 2 2 1 3768 1349 3935
4800 2 2 2 1 2811 784 5790
4801 2 2 2 1 4059 171 4341
4802 2 2 2 1 853 2371 5311
4803 2 2 2 1 2442 739 4486
4804 2 2 2 1 1689 4978 4984
4805 2 2 2 1 1402 2940 5505
4806 2 2 2 1 3861 2044 5621
4807 2 2 2 1 2131 3015 5864
4808 2 2 2 1 3676 2486 4796
4809 2 2 2 1 3015 1400 5864
4810 2 2 2 1 1965 3328 5722
4811 2 2 2 1 2326 1335 4449
4812 2 2 2 1 539 4197 5431
4813 2 2 2 1 2596 1026 3221
4814 2 2 2 1 2755 680 4062
4815 2 2 2 1 1073 2433 3435
4816 2 2 2 1 2497 1078 4629
4817 2 2 2 1 1905 4930 5175
4818 2 2 2 1 3984 354 5224
4819 2 2 2 1 1429 2755 4062
4820 2 2 2 1 3598 660 5577
4821 2 2 2 1 5024 1080 5513
4822 2 2 2 1 1936 2872 4460
4823 2 2 2 1 1183 2518 3304
4824 2 2 2 1 2292 1514 4819
4825 2 2 2 1 305 2326 4449
4826 2 2 2 1 1912 2976 5417
4827 2 2 2 1 3268 724 3559
4828 2 2 2 1 1369 3158 3863
4829 2 2 2 1 1087 2330 5344
4830 2 2 2 1 3739 1650 5529
4831 2 2 2 1 1908 4222 4434
4832 2 2 2 1 3321 2600 5970
4833 2 2 2 1 928 2455 3390
4834 2 2 2 1 1614 3289 5506
4835 2 2 2 1 2279 790 4808
4836 2 2 2 1 647 2386 4060
4837 2 2 2 1 2866 236 5739
4838 2 2 2 1 2889 953 3584
4839 2 2 2 1 2573 445 4036
4840 2 2 2 1 3559 1476 4588
4841 2 2 2 1 879 2463 4559
4842 2 2 2 1 1422 4170 5976
4843 2 2 2 1 3819 1508 5091
4844 2 2 2 1 780 2332 5373
4845 2 2 2 1 1468 3268 3559
4846 2 2 2 1 1310 2297 4023
4847 2 2 2 1 819 2346 4748
4848 2 2 2 1 2690 1974 4080
4849 2 2 2 1 3250 1850 3399
4850 2 2 2 1 4101 2024 4270
4851 2 2 2 1 1819 4174 6110
4852 2 2 2 1 3618 1261 4844
4853 2 2 2 1 3103 1177 3149
4854 2 2 2 1 1013 3250 3399
4855 2 2 2 1 1479 2939 4315
4856 2 2 2 1 3292 1590 4908
4857 2 2 2 1 94 95 2912
4858 2 2 2 1 1096 2499 3585
4859 2 2 2 1 2556 1080 5024
4860 2 2 2 1 3678 389 5326
4861 2 2 2 1 828 2757 4340
4862 2 2 2 1 2448 871 4627
4863 2 2 2 1 4893 2141 4946
4864 2 2 2 1 2475 1551 3505
4865 2 2 2 1 1077 2740 4363
4866 2 2 2 1 1053 4904 5106
4867 2 2 2 1 3209 2314 4968
4868 2 2 2 1 1391 2404 4540
4869 2 2 2 1 2281 1390 5856
4870 2 2 2 1 2359 1008 5632
4871 2 2 2 1 2769 1132 3617
4872 2 2 2 1 1875 3841 3948
4873 2 2 2 1 1057 2640 5077
4874 2 2 2 1 865 2380 4784
4875 2 2 2 1 661 3755 5604
4876 2 2 2 1 394 2462 3855
4877 2 2 2 1 2256 4404 4828
4878 2 2 2 1 3844 2319 5530
4879 2 2 2 1 63 64 3154
4880 2 2 2 1 3481 1354 3683
4881 2 2 2 1 1151 3021 3611
4882 2 2 2 1 2396 1236 3984
4883 2 2 2 1 2234 3633 6136
4884 2 2 2 1 3021 1955 3611
4885 2 2 2 1 1587 3481 3683
4886 2 2 2 1 3841 510 3948
4887 2 2 2 1 959 2471 6124
4888 2 2 2 1 2323 817 5895
4889 2 2 2 1 1316 2576 3262
4890 2 2 2 1 3655 1852 4403
4891 2 2 2 1 2409 1138 3555
4892 2 2 2 1 1392 3915 4752
4893 2 2 2 1 917 3724 4739
4894 2 2 2 1 3915 2264 4752
4895 2 2 2 1 1938 3657 4599
4896 2 2 2 1 4218 2241 4664
4897 2 2 2 1 3752 433 5497
4898 2 2 2 1 2450 324 5405
4899 2 2 2 1 3122 1119 4575
4900 2 2 2 1 2925 719 3216
4901 2 2 2 1 1086 2390 4389
4902 2 2 2 1 4238 1895 5869
4903 2 2 2 1 3014 1969 5788
4904 2 2 2 1 5780 758 5843
4905 2 2 2 1 2463 1088 3964
4906 2 2 2 1 1304 2307 3928
4907 2 2 2 1 2515 1772 5980
4908 2 2 2 1 388 2639 4007
4909 2 2 2 1 3285 2043 5133
4910 2 2 2 1 1219 2925 3216
4911 2 2 2 1 550 2409 3555
4912 2 2 2 1 1007 2738 3876
4913 2 2 2 1 2716 5163 5823
4914 2 2 2 1 741 4742 5667
4915 2 2 2 1 34 35 4193
4916 2 2 2 1 708 5940 6003
4917 2 2 2 1 507 2698 4308
4918 2 2 2 1 3202 1028 5066
4919 2 2 2 1 4 205 4323
4920 2 2 2 1 204 4 4323
4921 2 2 2 1 2404 356 4540
4922 2 2 2 1 3517 2798 5184
4923 2 2 2 1 2152 3109 5794
4924 2 2 2 1 3013 1175 3114
4925 2 2 2 1 1394 3142 3561
4926 2 2 2 1 4404 1297 4828
4927 2 2 2 1 1875 3428 5886
4928 2 2 2 1 3512 2567 5829
4929 2 2 2 1 1321 2363 3796
4930 2 2 2 1 3414 1122 4718
4931 2 2 2 1 1149 2387 6055
4932 2 2 2 1 1320 3680 5514
4933 2 2 2 1 10 11 2891
4934 2 2 2 1 2297 1310 4026
4935 2 2 2 1 3109 788 5794
4936 2 2 2 1 521 2670 3657
4937 2 2 2 1 464 2291 4586
4938 2 2 2 1 1203 3013 3114
4939 2 2 2 1 2325 3739 5529
4940 2 2 2 1 1275 3077 3245
4941 2 2 2 1 353 2302 4459
4942 2 2 2 1 1520 3455 4495
4943 2 2 2 1 4119 1481 4637
4944 2 2 2 1 470 4218 4664
4945 2 2 2 1 44 3912 4282
4946 2 2 2 1 2675 3921 6075
4947 2 2 2 1 2945 3363 5875
4948 2 2 2 1 493 2369 3634
4949 2 2 2 1 2978 5170 5542
4950 2 2 2 1 1611 2810 4726
4951 2 2 2 1 2765 1077 4363
4952 2 2 2 1 516 2492 3596
4953 2 2 2 1 278 2495 5226
4954 2 2 2 1 2229 3607 5414
4955 2 2 2 1 5626 2328 6009
4956 2 2 2 1 2329 1729 5646
4957 2 2 2 1 535 2288 4351
4958 2 2 2 1 1410 2319 5003
4959 2 2 2 1 2289 854 5898
4960 2 2 2 1 4471 2094 4894
4961 2 2 2 1 523 2335 3787
4962 2 2 2 1 3077 1216 3245
4963 2 2 2 1 637 2954 3581
4964 2 2 2 1 2781 1050 5631
4965 2 2 2 1 3619 708 6003
4966 2 2 2 1 978 2573 4036
4967 2 2 2 1 2642 2287 5619
4968 2 2 2 1 2398 515 3549
4969 2 2 2 1 2478 1129 3410
4970 2 2 2 1 1651 3116 3555
4971 2 2 2 1 2959 2100 6018
4972 2 2 2 1 2954 1352 3581
4973 2 2 2 1 2886 1177 3103
4974 2 2 2 1 1774 2892 3633
4975 2 2 2 1 2499 516 3596
4976 2 2 2 1 1060 2886 3103
4977 2 2 2 1 2412 446 5716
4978 2 2 2 1 1914 2781 5631
4979 2 2 2 1 1622 3560 3706
4980 2 2 2 1 1340 2559 3299
4981 2 2 2 1 2029 2978 4609
4982 2 2 2 1 2817 1366 3269
4983 2 2 2 1 1435 2696 4707
4984 2 2 2 1 108 109 3582
4985 2 2 2 1 2717 1460 4273
4986 2 2 2 1 34 2300 4723
4987 2 2 2 1 5007 710 5853
4988 2 2 2 1 3560 1168 3706
4989 2 2 2 1 623 2717 4273
4990 2 2 2 1 1556 2460 4515
4991 2 2 2 1 1552 2878 4624
4992 2 2 2 1 1186 2465 3956
4993 2 2 2 1 1786 3827 4494
4994 2 2 2 1 2975 1018 3249
4995 2 2 2 1 2539 858 3665
4996 2 2 2 1 856 2520 4873
4997 2 2 2 1 441 2310 4760
4998 2 2 2 1 519 2301 5800
4999 2 2 2 1 1152 2574 3424
5000 2 2 2 1 2413 1179 3776
5001 2 2 2 1 2310 1389 4760
5002 2 2 2 1 5059 3167 5169
5003 2 2 2 1 361 2321 3908
5004 2 2 2 1 786 2305 4263
5005 2 2 2 1 1159 2340 4994
5006 2 2 2 1 1506 2645 5128
5007 2 2 2 1 626 3463 5717
5008 2 2 2 1 55 56 3897
5009 2 2 2 1 883 2306 4500
5010 2 2 2 1 2298 843 5186
5011 2 2 2 1 2574 567 3424
5012 2 2 2 1 84 85 3155
5013 2 2 2 1 103 2341 3995
5014 2 2 2 1 628 3769 3798
5015 2 2 2 1 3037 465 3663
5016 2 2 2 1 1542 5042 5177
5017 2 2 2 1 2483 971 6113
5018 2 2 2 1 2454 844 6068
5019 2 2 2 1 468 2486 5558
5020 2 2 2 1 463 3005 4686
5021 2 2 2 1 220 221 4433
5022 2 2 2 1 2922 1172 4083
5023 2 2 2 1 2486 1703 5558
5024 2 2 2 1 1558 3110 3609
5025 2 2 2 1 1339 2300 4193
5026 2 2 2 1 1383 3048 3622
5027 2 2 2 1 1271 3872 4058
5028 2 2 2 1 1051 2778 5348
5029 2 2 2 1 3025 1052 4835
5030 2 2 2 1 2612 363 3327
5031 2 2 2 1 589 2702 3400
5032 2 2 2 1 1136 2612 3327
5033 2 2 2 1 874 2468 3844
5034 2 2 2 1 2879 689 4775
5035 2 2 2 1 2340 503 4747
5036 2 2 2 1 1944 3841 5273
5037 2 2 2 1 1350 2492 4196
5038 2 2 2 1 1781 2660 5546
5039 2 2 2 1 1665 2721 4029
5040 2 2 2 1 641 2728 3594
5041 2 2 2 1 2993 685 5469
5042 2 2 2 1 3774 629 4985
5043 2 2 2 1 2721 639 4029
5044 2 2 2 1 501 2628 5956
5045 2 2 2 1 1276 2464 5395
5046 2 2 2 1 2235 4801 5721
5047 2 2 2 1 836 2771 5432
5048 2 2 2 1 1314 2446 4365
5049 2 2 2 1 2153 2620 4212
5050 2 2 2 1 486 2473 6084
5051 2 2 2 1 1239 2845 3528
5052 2 2 2 1 1196 3072 3547
5053 2 2 2 1 516 2499 5400
5054 2 2 2 1 1723 3780 3893
5055 2 2 2 1 2605 684 4598
5056 2 2 2 1 2341 787 5064
5057 2 2 2 1 2492 829 4196
5058 2 2 2 1 871 2498 4627
5059 2 2 2 1 3295 381 3642
5060 2 2 2 1 2522 1958 4117
5061 2 2 2 1 1282 4101 4270
5062 2 2 2 1 2500 1110 3416
5063 2 2 2 1 2878 1552 4379
5064 2 2 2 1 1693 3636 5852
5065 2 2 2 1 1038 2878 4379
5066 2 2 2 1 2660 1052 5546
5067 2 2 2 1 869 2458 4735
5068 2 2 2 1 3452 1570 4661
5069 2 2 2 1 2473 903 6088
5070 2 2 2 1 3637 639 3726
5071 2 2 2 1 513 2997 3061
5072 2 2 2 1 1976 3093 4544
5073 2 2 2 1 1851 3587 4803
5074 2 2 2 1 2374 422 4856
5075 2 2 2 1 2026 3051 3929
5076 2 2 2 1 481 2372 5380
5077 2 2 2 1 2447 1171 4868
5078 2 2 2 1 896 3598 4015
5079 2 2 2 1 989 2959 6018
5080 2 2 2 1 1311 2292 4339
5081 2 2 2 1 1319 3314 5590
5082 2 2 2 1 603 2752 5991
5083 2 2 2 1 2746 910 5871
5084 2 2 2 1 2308 798 4750
5085 2 2 2 1 2344 477 3840
5086 2 2 2 1 1111 2422 4733
5087 2 2 2 1 2365 2083 5281
5088 2 2 2 1 3636 1978 4467
5089 2 2 2 1 1517 3003 4096
5090 2 2 2 1 4388 1453 4489
5091 2 2 2 1 2812 424 4565
5092 2 2 2 1 3003 785 4096
5093 2 2 2 1 434 3636 4467
5094 2 2 2 1 579 2601 3342
5095 2 2 2 1 2323 615 6004
5096 2 2 2 1 1493 3295 3642
5097 2 2 2 1 3817 1424 4811
5098 2 2 2 1 1100 2468 4991
5099 2 2 2 1 2342 805 4207
5100 2 2 2 1 3005 1702 4686
5101 2 2 2 1 2262 4207 5284
5102 2 2 2 1 2389 1003 3635
5103 2 2 2 1 1162 3431 5986
5104 2 2 2 1 1313 2318 4022
5105 2 2 2 1 2645 1506 5174
5106 2 2 2 1 1938 2746 5871
5107 2 2 2 1 2470 869 4735
5108 2 2 2 1 4230 2552 5399
5109 2 2 2 1 2322 1532 4738
5110 2 2 2 1 981 2926 5637
5111 2 2 2 1 3399 467 5510
5112 2 2 2 1 3106 1325 5431
5113 2 2 2 1 2307 1304 5327
5114 2 2 2 1 3919 1319 5590
5115 2 2 2 1 1031 3167 5059
5116 2 2 2 1 1369 3863 4002
5117 2 2 2 1 3598 1769 4015
5118 2 2 2 1 3584 953 6032
5119 2 2 2 1 2318 489 4560
5120 2 2 2 1 2309 796 4384
5121 2 2 2 1 3414 4718 5905
5122 2 2 2 1 2305 409 5668
5123 2 2 2 1 4715 2790 5205
5124 2 2 2 1 898 2459 4110
5125 2 2 2 1 3018 1989 5706
5126 2 2 2 1 1210 2423 5733
5127 2 2 2 1 516 5400 6044
5128 2 2 2 1 2709 52 5362
5129 2 2 2 1 3539 1632 4921
5130 2 2 2 1 2437 1089 5855
5131 2 2 2 1 545 2972 4860
5132 2 2 2 1 1158 2383 5718
5133 2 2 2 1 282 281 4814
5134 2 2 2 1 3744 1928 5086
5135 2 2 2 1 3465 401 4157
5136 2 2 2 1 2865 940 3920
5137 2 2 2 1 2603 1061 3316
5138 2 2 2 1 2475 440 6067
5139 2 2 2 1 2028 3106 5431
5140 2 2 2 1 708 3619 4727
5141 2 2 2 1 320 2391 3763
5142 2 2 2 1 904 4936 5537
5143 2 2 2 1 2341 103 5959
5144 2 2 2 1 409 2996 3884
5145 2 2 2 1 982 2600 3321
5146 2 2 2 1 2741 2026 5000
5147 2 2 2 1 3043 187 4800
5148 2 2 2 1 2340 821 4994
5149 2 2 2 1 2312 588 4269
5150 2 2 2 1 2644 1139 5560
5151 2 2 2 1 2631 1627 5129
5152 2 2 2 1 318 2315 5110
5153 2 2 2 1 2506 824 4893
5154 2 2 2 1 2391 1170 3763
5155 2 2 2 1 2104 3817 4811
5156 2 2 2 1 4428 1456 4674
5157 2 2 2 1 4021 1862 5448
5158 2 2 2 1 304 2439 4184
5159 2 2 2 1 2427 2041 4177
5160 2 2 2 1 3078 627 4572
5161 2 2 2 1 403 2399 3661
5162 2 2 2 1 1698 3078 4572
5163 2 2 2 1 45 46 3476
5164 2 2 2 1 475 2629 3301
5165 2 2 2 1 1847 3428 3905
5166 2 2 2 1 2442 1403 3552
5167 2 2 2 1 3073 1657 4489
5168 2 2 2 1 880 2426 5348
5169 2 2 2 1 1495 3196 4056
5170 2 2 2 1 4255 1707 4918
5171 2 2 2 1 1335 2326 4940
5172 2 2 2 1 4548 824 5448
5173 2 2 2 1 3399 2132 4701
5174 2 2 2 1 2331 1219 5052
5175 2 2 2 1 1013 3399 4701
5176 2 2 2 1 825 2831 4583
5177 2 2 2 1 237 238 4081
5178 2 2 2 1 2802 1104 3804
5179 2 2 2 1 3169 1363 3180
5180 2 2 2 1 1309 2382 4431
5181 2 2 2 1 1040 2680 3254
5182 2 2 2 1 1705 2672 5503
5183 2 2 2 1 899 2631 5129
5184 2 2 2 1 1123 3039 4188
5185 2 2 2 1 2317 497 4476
5186 2 2 2 1 2940 3423 5505
5187 2 2 2 1 3359 2669 4841
5188 2 2 2 1 3629 1273 5509
5189 2 2 2 1 1231 2734 3867
5190 2 2 2 1 2577 1293 5423
5191 2 2 2 1 1175 2447 3542
5192 2 2 2 1 1005 4535 5831
5193 2 2 2 1 3257 422 4651
5194 2 2 2 1 1001 2701 6091
5195 2 2 2 1 2739 646 4094
5196 2 2 2 1 3007 1415 3406
5197 2 2 2 1 1033 2560 4023
5198 2 2 2 1 2996 2353 4909
5199 2 2 2 1 2560 1310 4023
5200 2 2 2 1 3016 1298 4718
5201 2 2 2 1 672 2454 4012
5202 2 2 2 1 3015 2131 6098
5203 2 2 2 1 2462 394 5910
5204 2 2 2 1 982 2834 3259
5205 2 2 2 1 2318 1313 5484
5206 2 2 2 1 3025 2077 5824
5207 2 2 2 1 1865 2830 4187
5208 2 2 2 1 374 3298 4710
5209 2 2 2 1 3285 1728 5068
5210 2 2 2 1 2901 654 4226
5211 2 2 2 1 1091 3169 3180
5212 2 2 2 1 2997 1348 3061
5213 2 2 2 1 1625 2347 4896
5214 2 2 2 1 2445 1081 3932
5215 2 2 2 1 778 3025 5824
5216 2 2 2 1 1429 2738 3653
5217 2 2 2 1 1615 2495 5412
5218 2 2 2 1 2654 1058 3288
5219 2 2 2 1 2697 3273 4728
5220 2 2 2 1 1702 3851 5539
5221 2 2 2 1 3818 444 5194
5222 2 2 2 1 466 2806 4957
5223 2 2 2 1 2330 921 3975
5224 2 2 2 1 2458 869 5945
5225 2 2 2 1 547 2906 3904
5226 2 2 2 1 422 2334 4856
5227 2 2 2 1 2867 1017 3236
5228 2 2 2 1 2806 1671 4957
5229 2 2 2 1 298 2458 5948
5230 2 2 2 1 2673 655 3388
5231 2 2 2 1 3283 709 4659
5232 2 2 2 1 832 2479 6036
5233 2 2 2 1 3506 807 5105
5234 2 2 2 1 3230 1995 3407
5235 2 2 2 1 2487 2130 6089
5236 2 2 2 1 3129 564 4508
5237 2 2 2 1 1081 2449 3932
5238 2 2 2 1 348 2627 4393
5239 2 2 2 1 3076 1142 3641
5240 2 2 2 1 1831 2900 5450
5241 2 2 2 1 1127 2334 4043
5242 2 2 2 1 584 3007 3406
5243 2 2 2 1 1448 2341 5959
5244 2 2 2 1 2834 1695 5820
5245 2 2 2 1 728 2803 4240
5246 2 2 2 1 1080 5094 5513
5247 2 2 2 1 2368 461 6109
5248 2 2 2 1 1368 3540 4318
5249 2 2 2 1 2457 893 3697
5250 2 2 2 1 39 40 3041
5251 2 2 2 1 579 2772 3444
5252 2 2 2 1 2435 870 5324
5253 2 2 2 1 341 3490 5670
5254 2 2 2 1 2409 819 4748
5255 2 2 2 1 2492 1600 5489
5256 2 2 2 1 1670 5141 5701
5257 2 2 2 1 1706 2930 3223
5258 2 2 2 1 3780 1312 3893
5259 2 2 2 1 2397 1195 4776
5260 2 2 2 1 1088 2463 3544
5261 2 2 2 1 361 2693 3266
5262 2 2 2 1 2876 3826 6032
5263 2 2 2 1 2320 406 4314
5264 2 2 2 1 2838 484 3620
5265 2 2 2 1 2336 472 5328
5266 2 2 2 1 2333 4214 5402
5267 2 2 2 1 363 2612 3368
5268 2 2 2 1 287 3339 5713
5269 2 2 2 1 2621 854 5240
5270 2 2 2 1 2746 589 3550
5271 2 2 2 1 1565 2327 4300
5272 2 2 2 1 1188 3305 3518
5273 2 2 2 1 532 4224 5109
5274 2 2 2 1 2930 932 3223
5275 2 2 2 1 642 3104 4080
5276 2 2 2 1 788 2336 4039
5277 2 2 2 1 111 112 5954
5278 2 2 2 1 2505 283 3605
5279 2 2 2 1 1796 3196 4682
5280 2 2 2 1 3196 667 4682
5281 2 2 2 1 1090 3220 5956
5282 2 2 2 1 2703 558 4503
5283 2 2 2 1 3104 1543 4080
5284 2 2 2 1 1236 2746 3550
5285 2 2 2 1 5248 3647 5274
5286 2 2 2 1 3220 2261 5956
5287 2 2 2 1 3647 1187 5274
5288 2 2 2 1 1360 2838 3620
5289 2 2 2 1 2518 1183 3828
5290 2 2 2 1 4113 1872 5748
5291 2 2 2 1 710 3156 5853
5292 2 2 2 1 1687 3284 4816
5293 2 2 2 1 2672 1705 4334
5294 2 2 2 1 3339 286 5581
5295 2 2 2 1 2735 522 4861
5296 2 2 2 1 3305 1439 3518
5297 2 2 2 1 3365 670 4095
5298 2 2 2 1 3189 1126 3963
5299 2 2 2 1 2092 3244 5849
5300 2 2 2 1 2455 2223 5882
5301 2 2 2 1 1661 3365 4095
5302 2 2 2 1 551 2333 5402
5303 2 2 2 1 315 2342 4049
5304 2 2 2 1 2132 3399 5510
5305 2 2 2 1 1756 2553 5765
5306 2 2 2 1 1056 2546 3460
5307 2 2 2 1 2428 1914 5631
5308 2 2 2 1 2866 1985 5578
5309 2 2 2 1 521 2787 3622
5310 2 2 2 1 3511 1796 4682
5311 2 2 2 1 1150 3556 5632
5312 2 2 2 1 3739 2294 5825
5313 2 2 2 1 2461 2265 4636
5314 2 2 2 1 744 4993 5038
5315 2 2 2 1 316 3315 4006
5316 2 2 2 1 2388 878 5015
5317 2 2 2 1 1044 2355 4746
5318 2 2 2 1 4224 2309 5109
5319 2 2 2 1 899 3087 4806
5320 2 2 2 1 3904 1019 4968
5321 2 2 2 1 4207 805 5284
5322 2 2 2 1 5023 1988 5552
5323 2 2 2 1 1506 2371 5174
5324 2 2 2 1 2553 726 5765
5325 2 2 2 1 953 2582 3422
5326 2 2 2 1 3055 1324 3182
5327 2 2 2 1 2465 732 3956
5328 2 2 2 1 3957 2002 5810
5329 2 2 2 1 2751 1001 6091
5330 2 2 2 1 2697 1034 3273
5331 2 2 2 1 2314 3904 4968
5332 2 2 2 1 2412 1005 5544
5333 2 2 2 1 3270 1754 5060
5334 2 2 2 1 1516 2718 3640
5335 2 2 2 1 2787 1272 3622
5336 2 2 2 1 2371 853 5174
5337 2 2 2 1 3556 2359 5632
5338 2 2 2 1 2335 787 4683
5339 2 2 2 1 1056 3055 3182
5340 2 2 2 1 2792 676 5541
5341 2 2 2 1 3161 319 3346
5342 2 2 2 1 844 2386 5322
5343 2 2 2 1 1639 2335 4162
5344 2 2 2 1 222 223 3021
5345 2 2 2 1 1671 2663 5258
5346 2 2 2 1 2482 1226 5747
5347 2 2 2 1 1858 3327 4382
5348 2 2 2 1 1849 2792 5541
5349 2 2 2 1 305 2365 5070
5350 2 2 2 1 2379 1245 4180
5351 2 2 2 1 2357 1051 5522
5352 2 2 2 1 1213 2378 4028
5353 2 2 2 1 53 54 2983
5354 2 2 2 1 1145 2847 3312
5355 2 2 2 1 3018 1746 3886
5356 2 2 2 1 915 3308 5313
5357 2 2 2 1 2360 748 5080
5358 2 2 2 1 2439 1125 4184
5359 2 2 2 1 398 2955 4271
5360 2 2 2 1 2636 453 5008
5361 2 2 2 1 3657 1938 5871
5362 2 2 2 1 3963 1126 4978
5363 2 2 2 1 1185 3549 5904
5364 2 2 2 1 1173 2368 4477
5365 2 2 2 1 2955 1534 4271
5366 2 2 2 1 2551 1109 4358
5367 2 2 2 1 2663 813 5258
5368 2 2 2 1 3511 4682 5817
5369 2 2 2 1 1601 3115 4887
5370 2 2 2 1 47 48 3071
5371 2 2 2 1 2607 999 3408
5372 2 2 2 1 112 3393 5954
5373 2 2 2 1 1326 3161 3346
5374 2 2 2 1 3028 635 4587
5375 2 2 2 1 882 2444 3629
5376 2 2 2 1 2969 371 5090
5377 2 2 2 1 251 252 2985
5378 2 2 2 1 2533 175 3820
5379 2 2 2 1 1202 2806 3459
5380 2 2 2 1 2532 1115 4127
5381 2 2 2 1 1071 3429 3793
5382 2 2 2 1 2452 1428 4854
5383 2 2 2 1 2685 564 4421
5384 2 2 2 1 621 3252 4454
5385 2 2 2 1 814 5312 6022
5386 2 2 2 1 2762 789 3224
5387 2 2 2 1 2528 606 4129
5388 2 2 2 1 2361 911 4153
5389 2 2 2 1 2362 820 5078
5390 2 2 2 1 1556 4796 5265
5391 2 2 2 1 2483 741 6011
5392 2 2 2 1 1204 2706 3529
5393 2 2 2 1 1130 2414 4004
5394 2 2 2 1 461 3269 3491
5395 2 2 2 1 2563 3849 5863
5396 2 2 2 1 1553 3207 4499
5397 2 2 2 1 2940 323 4151
5398 2 2 2 1 901 2549 4520
5399 2 2 2 1 844 5322 6068
5400 2 2 2 1 1063 2431 6090
5401 2 2 2 1 1032 2450 5768
5402 2 2 2 1 3223 2222 5379
5403 2 2 2 1 402 3274 4818
5404 2 2 2 1 944 3061 4115
5405 2 2 2 1 2454 672 3842
5406 2 2 2 1 2551 901 4520
5407 2 2 2 1 2822 1183 4302
5408 2 2 2 1 541 2632 3383
5409 2 2 2 1 2595 1111 3442
5410 2 2 2 1 2578 819 4838
5411 2 2 2 1 664 3739 5825
5412 2 2 2 1 2572 1049 3639
5413 2 2 2 1 505 2415 4711
5414 2 2 2 1 916 2576 3456
5415 2 2 2 1 404 2394 5303
5416 2 2 2 1 2706 525 3529
5417 2 2 2 1 575 3683 5666
5418 2 2 2 1 271 2675 5460
5419 2 2 2 1 2443 480 5785
5420 2 2 2 1 2907 942 3442
5421 2 2 2 1 2527 1680 5593
5422 2 2 2 1 1176 4959 5533
5423 2 2 2 1 795 2413 5193
5424 2 2 2 1 1308 3008 3516
5425 2 2 2 1 18 19 3234
5426 2 2 2 1 1127 2610 3679
5427 2 2 2 1 464 2794 5375
5428 2 2 2 1 446 3420 5716
5429 2 2 2 1 1518 2578 4838
5430 2 2 2 1 2339 988 4644
5431 2 2 2 1 1118 2693 3801
5432 2 2 2 1 1057 2376 3878
5433 2 2 2 1 477 2607 5952
5434 2 2 2 1 743 2611 5156
5435 2 2 2 1 4207 2262 5398
5436 2 2 2 1 938 2583 3588
5437 2 2 2 1 2420 504 5498
5438 2 2 2 1 5579 1889 5828
5439 2 2 2 1 2603 1591 5342
5440 2 2 2 1 2192 3256 5648
5441 2 2 2 1 968 2942 3716
5442 2 2 2 1 1703 5453 5558
5443 2 2 2 1 323 2940 3875
5444 2 2 2 1 1126 2571 5796
5445 2 2 2 1 2390 562 5309
5446 2 2 2 1 840 2939 5159
5447 2 2 2 1 2512 1059 4560
5448 2 2 2 1 1167 3387 5203
5449 2 2 2 1 1538 2353 4074
5450 2 2 2 1 193 194 3492
5451 2 2 2 1 3144 644 6064
5452 2 2 2 1 2528 1117 3531
5453 2 2 2 1 716 3284 5022
5454 2 2 2 1 1427 4259 5202
5455 2 2 2 1 5086 1928 5256
5456 2 2 2 1 4598 684 4849
5457 2 2 2 1 777 2527 5593
5458 2 2 2 1 1920 2687 3426
5459 2 2 2 1 300 2862 4032
5460 2 2 2 1 1026 2596 3799
5461 2 2 2 1 2940 1402 3875
5462 2 2 2 1 628 2408 3769
5463 2 2 2 1 590 2339 4472
5464 2 2 2 1 2403 475 3794
5465 2 2 2 1 3083 1574 3097
5466 2 2 2 1 2443 1087 3665
5467 2 2 2 1 2386 647 5343
5468 2 2 2 1 2862 1421 4032
5469 2 2 2 1 1921 4573 5786
5470 2 2 2 1 3008 358 3516
5471 2 2 2 1 4710 3298 5659
5472 2 2 2 1 4771 2038 5614
5473 2 2 2 1 2171 4066 5147
5474 2 2 2 1 3824 1898 5382
5475 2 2 2 1 1307 3996 4947
5476 2 2 2 1 1008 3042 3479
5477 2 2 2 1 1512 3916 4980
5478 2 2 2 1 2630 1490 4876
5479 2 2 2 1 2499 888 3585
5480 2 2 2 1 1210 2651 3627
5481 2 2 2 1 2413 1537 5193
5482 2 2 2 1 2851 1420 4208
5483 2 2 2 1 3540 1761 4318
5484 2 2 2 1 1547 2390 5309
5485 2 2 2 1 3747 1872 5721
5486 2 2 2 1 701 3421 4713
5487 2 2 2 1 2346 819 5288
5488 2 2 2 1 108 2995 5687
5489 2 2 2 1 2651 390 3627
5490 2 2 2 1 583 2707 3497
5491 2 2 2 1 1874 2866 5739
5492 2 2 2 1 2492 1350 3596
5493 2 2 2 1 1089 2435 3700
5494 2 2 2 1 2675 1740 5460
5495 2 2 2 1 3290 914 4694
5496 2 2 2 1 2643 1342 3400
5497 2 2 2 1 3761 2220 6034
5498 2 2 2 1 1543 3104 4646
5499 2 2 2 1 1415 2347 4335
5500 2 2 2 1 1106 3264 4973
5501 2 2 2 1 5150 3144 6064
5502 2 2 2 1 61 62 3802
5503 2 2 2 1 1466 4893 4946
5504 2 2 2 1 4539 545 4860
5505 2 2 2 1 1068 2690 4660
5506 2 2 2 1 4177 2041 4751
5507 2 2 2 1 636 2402 5351
5508 2 2 2 1 2465 1186 5196
5509 2 2 2 1 2576 611 5285
5510 2 2 2 1 4827 2570 4866
5511 2 2 2 1 16 17 3318
5512 2 2 2 1 3950 668 4268
5513 2 2 2 1 1767 4605 5420
5514 2 2 2 1 200 201 3033
5515 2 2 2 1 1398 2344 5369
5516 2 2 2 1 2566 898 4110
5517 2 2 2 1 2179 2671 4452
5518 2 2 2 1 1017 2867 3191
5519 2 2 2 1 1008 2480 5632
5520 2 2 2 1 2707 1190 3497
5521 2 2 2 1 2768 1217 3508
5522 2 2 2 1 445 2573 3870
5523 2 2 2 1 652 2768 3508
5524 2 2 2 1 1565 4290 5219
5525 2 2 2 1 2573 1247 3870
5526 2 2 2 1 3119 526 6059
5527 2 2 2 1 2429 1194 3846
5528 2 2 2 1 752 4595 5463
5529 2 2 2 1 3997 407 5434
5530 2 2 2 1 380 2619 3603
5531 2 2 2 1 2960 531 3146
5532 2 2 2 1 1731 2695 3466
5533 2 2 2 1 2552 1308 3516
5534 2 2 2 1 2353 794 4909
5535 2 2 2 1 1274 3035 3409
5536 2 2 2 1 1392 2484 5942
5537 2 2 2 1 2566 1121 5111
5538 2 2 2 1 3094 1134 4378
5539 2 2 2 1 1602 4815 4962
5540 2 2 2 1 1109 3360 4506
5541 2 2 2 1 1883 2662 5999
5542 2 2 2 1 2670 1097 3657
5543 2 2 2 1 3272 574 4746
5544 2 2 2 1 551 3114 3173
5545 2 2 2 1 340 4625 5182
5546 2 2 2 1 1147 2784 4283
5547 2 2 2 1 2662 1121 5999
5548 2 2 2 1 3035 334 3409
5549 2 2 2 1 985 2531 6136
5550 2 2 2 1 2344 4557 6073
5551 2 2 2 1 1130 2673 3388
5552 2 2 2 1 854 2376 5240
5553 2 2 2 1 2900 931 5450
5554 2 2 2 1 1442 2923 4168
5555 2 2 2 1 1451 4136 6094
5556 2 2 2 1 815 2366 4921
5557 2 2 2 1 295 294 3955
5558 2 2 2 1 2383 328 3939
5559 2 2 2 1 525 2567 3512
5560 2 2 2 1 1119 2883 3967
5561 2 2 2 1 785 4186 4778
5562 2 2 2 1 78 79 3070
5563 2 2 2 1 3873 1351 4522
5564 2 2 2 1 1019 3083 3097
5565 2 2 2 1 2860 1273 5562
5566 2 2 2 1 4186 2351 4778
5567 2 2 2 1 3247 1900 4137
5568 2 2 2 1 4893 1466 4986
5569 2 2 2 1 2374 833 5656
5570 2 2 2 1 1357 2609 4194
5571 2 2 2 1 1187 2361 4153
5572 2 2 2 1 2358 1604 5293
5573 2 2 2 1 3357 1106 4973
5574 2 2 2 1 1268 3232 3980
5575 2 2 2 1 1332 3243 3618
5576 2 2 2 1 1520 3171 4166
5577 2 2 2 1 3172 1811 3619
5578 2 2 2 1 2495 858 5412
5579 2 2 2 1 1701 2709 5362
5580 2 2 2 1 329 3439 4071
5581 2 2 2 1 4197 2028 5431
5582 2 2 2 1 711 4154 4303
5583 2 2 2 1 3439 1659 4071
5584 2 2 2 1 1571 2679 5437
5585 2 2 2 1 5451 1843 5690
5586 2 2 2 1 1071 2646 3429
5587 2 2 2 1 2968 4189 5786
5588 2 2 2 1 2476 569 3659
5589 2 2 2 1 3620 1084 4053
5590 2 2 2 1 1170 2391 3924
5591 2 2 2 1 1485 4471 4894
5592 2 2 2 1 2420 1225 4620
5593 2 2 2 1 1539 2396 5224
5594 2 2 2 1 316 3288 4349
5595 2 2 2 1 3829 592 5333
5596 2 2 2 1 2504 1682 5783
5597 2 2 2 1 2609 538 4194
5598 2 2 2 1 2280 2700 4754
5599 2 2 2 1 2565 60 4724
5600 2 2 2 1 3648 2779 5931
5601 2 2 2 1 1167 5203 5433
5602 2 2 2 1 2977 1247 4774
5603 2 2 2 1 3256 1046 5648
5604 2 2 2 1 1161 3332 5320
5605 2 2 2 1 2379 3829 5333
5606 2 2 2 1 143 2536 6137
5607 2 2 2 1 1057 3092 5591
5608 2 2 2 1 772 2354 4441
5609 2 2 2 1 3964 1088 4130
5610 2 2 2 1 2076 3552 5672
5611 2 2 2 1 2536 1699 3594
5612 2 2 2 1 337 2893 3202
5613 2 2 2 1 2354 1299 4441
5614 2 2 2 1 2212 5405 5461
5615 2 2 2 1 19 20 3205
5616 2 2 2 1 3201 5767 6121
5617 2 2 2 1 2413 795 3882
5618 2 2 2 1 3632 761 5636
5619 2 2 2 1 478 2937 4729
5620 2 2 2 1 1901 3242 3405
5621 2 2 2 1 4974 1924 5158
5622 2 2 2 1 2656 429 3441
5623 2 2 2 1 2938 1480 4336
5624 2 2 2 1 3970 1557 4195
5625 2 2 2 1 3013 1203 5606
5626 2 2 2 1 856 2398 5089
5627 2 2 2 1 1179 2413 3882
5628 2 2 2 1 5400 2401 6044
5629 2 2 2 1 779 4066 5651
5630 2 2 2 1 2356 461 4606
5631 2 2 2 1 3830 814 5518
5632 2 2 2 1 3357 757 6130
5633 2 2 2 1 3028 1010 3139
5634 2 2 2 1 617 2766 4103
5635 2 2 2 1 3624 1427 5202
5636 2 2 2 1 4119 1738 4643
5637 2 2 2 1 1710 5626 6009
5638 2 2 2 1 2741 1454 3951
5639 2 2 2 1 3501 1320 3608
5640 2 2 2 1 2325 4948 5425
5641 2 2 2 1 2766 1545 4103
5642 2 2 2 1 1134 3156 4378
5643 2 2 2 1 588 2920 4685
5644 2 2 2 1 3088 1468 3213
5645 2 2 2 1 1125 2785 6034
5646 2 2 2 1 1635 3474 3997
5647 2 2 2 1 2406 524 4777
5648 2 2 2 1 1063 3088 3213
5649 2 2 2 1 3659 3112 5482
5650 2 2 2 1 2848 1790 5364
5651 2 2 2 1 1411 2406 4777
5652 2 2 2 1 567 2364 4846
5653 2 2 2 1 854 2621 3493
5654 2 2 2 1 2112 5515 5560
5655 2 2 2 1 2365 816 5891
5656 2 2 2 1 453 3240 5894
5657 2 2 2 1 838 5295 5804
5658 2 2 2 1 2716 1645 4050
5659 2 2 2 1 2451 3004 6033
5660 2 2 2 1 842 2461 4636
5661 2 2 2 1 1194 2429 3869
5662 2 2 2 1 2402 873 5453
5663 2 2 2 1 1705 2462 5994
5664 2 2 2 1 4574 2090 4755
5665 2 2 2 1 2751 404 3723
5666 2 2 2 1 2357 1042 4513
5667 2 2 2 1 2687 851 3426
5668 2 2 2 1 808 2848 5364
5669 2 2 2 1 68 69 3065
5670 2 2 2 1 2461 2012 4545
5671 2 2 2 1 1358 2362 5622
5672 2 2 2 1 2906 2107 3904
5673 2 2 2 1 2429 249 5903
5674 2 2 2 1 4498 1005 5831
5675 2 2 2 1 2713 1409 3382
5676 2 2 2 1 2909 1339 5775
5677 2 2 2 1 3474 407 3997
5678 2 2 2 1 1284 3263 3643
5679 2 2 2 1 1933 3029 4432
5680 2 2 2 1 1575 2836 4955
5681 2 2 2 1 796 3760 5483
5682 2 2 2 1 2161 2842 5804
5683 2 2 2 1 2391 1679 5107
5684 2 2 2 1 3240 2216 5894
5685 2 2 2 1 2449 736 5624
5686 2 2 2 1 587 3628 4013
5687 2 2 2 1 994 2400 3961
5688 2 2 2 1 2382 1637 5967
5689 2 2 2 1 1993 2538 4037
5690 2 2 2 1 1387 4391 5987
5691 2 2 2 1 4626 3287 5823
5692 2 2 2 1 713 2418 4048
5693 2 2 2 1 728 4240 4249
5694 2 2 2 1 1658 5066 5807
5695 2 2 2 1 2422 1111 4684
5696 2 2 2 1 1305 2904 3681
5697 2 2 2 1 740 4361 5048
5698 2 2 2 1 4066 779 5147
5699 2 2 2 1 1220 2440 4901
5700 2 2 2 1 2882 3147 5135
5701 2 2 2 1 2951 566 3375
5702 2 2 2 1 2575 1682 5565
5703 2 2 2 1 1576 3499 4439
5704 2 2 2 1 482 2626 6123
5705 2 2 2 1 2626 1869 6123
5706 2 2 2 1 1901 3405 5487
5707 2 2 2 1 3888 1329 4698
5708 2 2 2 1 2959 989 3320
5709 2 2 2 1 1505 3113 3463
5710 2 2 2 1 2904 604 3681
5711 2 2 2 1 678 2515 5980
5712 2 2 2 1 855 2575 5565
5713 2 2 2 1 2307 3153 3928
5714 2 2 2 1 705 3108 3674
5715 2 2 2 1 1198 3379 4030
5716 2 2 2 1 2676 470 4664
5717 2 2 2 1 3068 1102 4808
5718 2 2 2 1 528 2377 4518
5719 2 2 2 1 2814 1654 3768
5720 2 2 2 1 739 2442 5534
5721 2 2 2 1 2790 734 3311
5722 2 2 2 1 1476 2933 4041
5723 2 2 2 1 107 108 5687
5724 2 2 2 1 2523 1158 5718
5725 2 2 2 1 2815 1129 3982
5726 2 2 2 1 2377 797 4219
5727 2 2 2 1 5173 790 5657
5728 2 2 2 1 556 2457 5727
5729 2 2 2 1 2553 1756 6134
5730 2 2 2 1 700 3241 6013
5731 2 2 2 1 870 2437 5584
5732 2 2 2 1 3391 1107 4725
5733 2 2 2 1 1501 3604 3913
5734 2 2 2 1 306 2460 5265
5735 2 2 2 1 2571 1126 4541
5736 2 2 2 1 2825 38 5902
5737 2 2 2 1 2459 1572 5349
5738 2 2 2 1 1277 4207 5398
5739 2 2 2 1 2437 345 5915
5740 2 2 2 1 1245 2379 5333
5741 2 2 2 1 4136 2250 6094
5742 2 2 2 1 3645 715 3862
5743 2 2 2 1 1863 2640 4223
5744 2 2 2 1 1649 3645 3862
5745 2 2 2 1 1525 3558 4537
5746 2 2 2 1 1235 2951 3375
5747 2 2 2 1 2799 340 3772
5748 2 2 2 1 2804 1410 3425
5749 2 2 2 1 2978 957 5170
5750 2 2 2 1 2515 1866 6007
5751 2 2 2 1 2563 1183 3849
5752 2 2 2 1 829 2393 5017
5753 2 2 2 1 2813 1747 4780
5754 2 2 2 1 2791 500 6033
5755 2 2 2 1 15 2440 5536
5756 2 2 2 1 2583 1131 3588
5757 2 2 2 1 897 3241 4767
5758 2 2 2 1 1866 3678 5326
5759 2 2 2 1 2857 1924 4974
5760 2 2 2 1 2375 1992 4769
5761 2 2 2 1 3483 1445 4708
5762 2 2 2 1 312 2678 3475
5763 2 2 2 1 1021 2844 3282
5764 2 2 2 1 1597 2411 5242
5765 2 2 2 1 2460 1556 5265
5766 2 2 2 1 1128 2581 3766
5767 2 2 2 1 2806 1202 3451
5768 2 2 2 1 3130 413 5990
5769 2 2 2 1 756 2445 5516
5770 2 2 2 1 4429 326 5958
5771 2 2 2 1 1458 2954 3693
5772 2 2 2 1 1954 2791 6033
5773 2 2 2 1 845 2659 5813
5774 2 2 2 1 3966 2252 4874
5775 2 2 2 1 2954 637 3693
5776 2 2 2 1 1432 3966 4874
5777 2 2 2 1 3573 924 4998
5778 2 2 2 1 2635 1149 6055
5779 2 2 2 1 2987 1712 4427
5780 2 2 2 1 1148 2454 3842
5781 2 2 2 1 373 3254 4178
5782 2 2 2 1 1826 3185 5609
5783 2 2 2 1 422 2374 4651
5784 2 2 2 1 1685 2852 4217
5785 2 2 2 1 1149 2635 3797
5786 2 2 2 1 3241 1816 4767
5787 2 2 2 1 1691 3131 5027
5788 2 2 2 1 291 290 3107
5789 2 2 2 1 616 3662 4383
5790 2 2 2 1 2791 1954 5145
5791 2 2 2 1 1671 2806 3451
5792 2 2 2 1 3951 1454 4935
5793 2 2 2 1 2445 1605 5516
5794 2 2 2 1 890 2574 5714
5795 2 2 2 1 849 2451 3867
5796 2 2 2 1 1121 2662 5111
5797 2 2 2 1 3259 2834 5820
5798 2 2 2 1 5340 3450 5545
5799 2 2 2 1 2187 5317 5765
5800 2 2 2 1 540 2736 3414
5801 2 2 2 1 4775 689 5828
5802 2 2 2 1 1311 2417 4417
5803 2 2 2 1 1777 3273 6029
5804 2 2 2 1 1663 4476 5781
5805 2 2 2 1 2473 1068 5697
5806 2 2 2 1 2502 3150 5962
5807 2 2 2 1 2737 1888 3756
5808 2 2 2 1 2407 940 5190
5809 2 2 2 1 1534 2955 4225
5810 2 2 2 1 678 2785 4649
5811 2 2 2 1 2695 576 3466
5812 2 2 2 1 2965 1287 3746
5813 2 2 2 1 2632 541 4479
5814 2 2 2 1 1564 3811 5334
5815 2 2 2 1 1807 2838 5723
5816 2 2 2 1 974 2950 5570
5817 2 2 2 1 2497 1910 4020
5818 2 2 2 1 4318 1761 5901
5819 2 2 2 1 4709 2712 5914
5820 2 2 2 1 990 2657 3507
5821 2 2 2 1 3661 2399 5875
5822 2 2 2 1 1139 2688 5865
5823 2 2 2 1 1483 2676 4664
5824 2 2 2 1 3811 2348 5334
5825 2 2 2 1 1141 3661 5875
5826 2 2 2 1 2092 3811 5255
5827 2 2 2 1 1155 2908 5617
5828 2 2 2 1 2627 348 4934
5829 2 2 2 1 1115 2676 4127
5830 2 2 2 1 565 3089 3261
5831 2 2 2 1 602 4041 4527
5832 2 2 2 1 224 225 3389
5833 2 2 2 1 3513 604 3857
5834 2 2 2 1 2415 1151 4711
5835 2 2 2 1 2243 3359 5261
5836 2 2 2 1 513 2808 4885
5837 2 2 2 1 1259 2388 4589
5838 2 2 2 1 4041 2133 4527
5839 2 2 2 1 147 2482 5747
5840 2 2 2 1 2468 1100 3844
5841 2 2 2 1 999 2491 3752
5842 2 2 2 1 2748 597 5550
5843 2 2 2 1 2661 1462 4719
5844 2 2 2 1 504 2564 4787
5845 2 2 2 1 3768 1654 4411
5846 2 2 2 1 2854 367 3796
5847 2 2 2 1 3421 701 5304
5848 2 2 2 1 2847 370 3312
5849 2 2 2 1 1078 2497 5799
5850 2 2 2 1 2599 523 3787
5851 2 2 2 1 3745 751 4831
5852 2 2 2 1 520 2568 3648
5853 2 2 2 1 4358 1109 4506
5854 2 2 2 1 1572 2459 5386
5855 2 2 2 1 2417 566 4417
5856 2 2 2 1 3401 1919 5494
5857 2 2 2 1 1029 2442 5419
5858 2 2 2 1 2459 549 5386
5859 2 2 2 1 2417 4339 5108
5860 2 2 2 1 2659 349 5394
5861 2 2 2 1 1598 2397 5449
5862 2 2 2 1 2603 5342 5707
5863 2 2 2 1 354 2466 5224
5864 2 2 2 1 3749 1701 5808
5865 2 2 2 1 4088 1664 5748
5866 2 2 2 1 3026 1418 4158
5867 2 2 2 1 166 167 4517
5868 2 2 2 1 1660 2659 5394
5869 2 2 2 1 3080 1698 4759
5870 2 2 2 1 1599 3513 3857
5871 2 2 2 1 833 2570 4827
5872 2 2 2 1 842 2641 3547
5873 2 2 2 1 2555 1283 5410
5874 2 2 2 1 2634 542 3597
5875 2 2 2 1 2581 595 3766
5876 2 2 2 1 952 2736 4982
5877 2 2 2 1 2406 879 4536
5878 2 2 2 1 362 3080 4759
5879 2 2 2 1 2788 768 4416
5880 2 2 2 1 1337 2474 3850
5881 2 2 2 1 2692 965 4149
5882 2 2 2 1 2434 608 3972
5883 2 2 2 1 1471 2788 4416
5884 2 2 2 1 2650 1873 6144
5885 2 2 2 1 1132 2769 5548
5886 2 2 2 1 2466 1539 5224
5887 2 2 2 1 1206 3592 5223
5888 2 2 2 1 2491 1987 5742
5889 2 2 2 1 2591 1204 4264
5890 2 2 2 1 530 2388 4443
5891 2 2 2 1 1173 2650 6144
5892 2 2 2 1 2740 1233 3684
5893 2 2 2 1 2449 1081 5378
5894 2 2 2 1 2548 1137 3699
5895 2 2 2 1 3795 1899 4277
5896 2 2 2 1 2597 1427 3624
5897 2 2 2 1 541 2657 4479
5898 2 2 2 1 2564 995 4787
5899 2 2 2 1 1316 3795 4277
5900 2 2 2 1 359 2740 3684
5901 2 2 2 1 654 2999 4090
5902 2 2 2 1 2702 589 4599
5903 2 2 2 1 1060 2729 3464
5904 2 2 2 1 3406 1415 3509
5905 2 2 2 1 3201 1048 5767
5906 2 2 2 1 2278 3125 5409
5907 2 2 2 1 2388 530 4589
5908 2 2 2 1 21 22 3127
5909 2 2 2 1 1066 2995 3582
5910 2 2 2 1 96 2679 4830
5911 2 2 2 1 2658 598 5005
5912 2 2 2 1 1201 3406 3509
5913 2 2 2 1 4118 1743 5802
5914 2 2 2 1 3114 1175 3173
5915 2 2 2 1 920 2691 4829
5916 2 2 2 1 4114 1378 5639
5917 2 2 2 1 2680 1040 5526
5918 2 2 2 1 2654 3288 4883
5919 2 2 2 1 1613 3043 4800
5920 2 2 2 1 2403 1014 4370
5921 2 2 2 1 2732 4825 5486
5922 2 2 2 1 2453 497 5585
5923 2 2 2 1 1413 2634 3597
5924 2 2 2 1 954 2928 3420
5925 2 2 2 1 2485 944 3830
5926 2 2 2 1 2242 4039 5705
5927 2 2 2 1 1949 3081 5401
5928 2 2 2 1 2661 427 3567
5929 2 2 2 1 2846 1016 5909
5930 2 2 2 1 371 2414 5090
5931 2 2 2 1 2771 1689 5432
5932 2 2 2 1 1266 2398 4873
5933 2 2 2 1 3239 581 3263
5934 2 2 2 1 2671 1660 5396
5935 2 2 2 1 1948 2400 4927
5936 2 2 2 1 2939 674 4412
5937 2 2 2 1 2398 856 4873
5938 2 2 2 1 1265 3488 3800
5939 2 2 2 1 1627 2631 5563
5940 2 2 2 1 874 2671 5396
5941 2 2 2 1 1165 2519 4954
5942 2 2 2 1 2489 873 4524
5943 2 2 2 1 1528 2939 4412
5944 2 2 2 1 1736 4059 4341
5945 2 2 2 1 1021 3282 4440
5946 2 2 2 1 1455 3079 3909
5947 2 2 2 1 439 2810 4321
5948 2 2 2 1 1861 2661 3567
5949 2 2 2 1 3708 335 4894
5950 2 2 2 1 748 2436 5080
5951 2 2 2 1 2088 3130 5990
5952 2 2 2 1 645 2538 4222
5953 2 2 2 1 1284 3239 3263
5954 2 2 2 1 2797 1138 5794
5955 2 2 2 1 3699 3108 4823
5956 2 2 2 1 3231 417 5137
5957 2 2 2 1 2407 704 4217
5958 2 2 2 1 2094 3708 4894
5959 2 2 2 1 894 3295 4967
5960 2 2 2 1 1735 4803 6074
5961 2 2 2 1 892 2923 5862
5962 2 2 2 1 2596 3221 4703
5963 2 2 2 1 549 2459 3935
5964 2 2 2 1 3743 1564 4798
5965 2 2 2 1 1472 2812 4565
5966 2 2 2 1 630 4141 5597
5967 2 2 2 1 3060 700 4244
5968 2 2 2 1 2436 1482 5080
5969 2 2 2 1 303 2591 3790
5970 2 2 2 1 1224 2605 4598
5971 2 2 2 1 4003 2316 5830
5972 2 2 2 1 2692 1136 4714
5973 2 2 2 1 3316 336 5031
5974 2 2 2 1 1534 4611 5731
5975 2 2 2 1 730 2554 3881
5976 2 2 2 1 1798 4639 4888
5977 2 2 2 1 857 4177 4751
5978 2 2 2 1 3319 697 4596
5979 2 2 2 1 1690 2667 3949
5980 2 2 2 1 2777 1107 3892
5981 2 2 2 1 1771 3319 4596
5982 2 2 2 1 2998 1147 4283
5983 2 2 2 1 2587 658 3981
5984 2 2 2 1 1102 3450 5340
5985 2 2 2 1 2559 1340 4288
5986 2 2 2 1 658 2587 5912
5987 2 2 2 1 3430 1699 5335
5988 2 2 2 1 860 2430 5161
5989 2 2 2 1 421 2630 4876
5990 2 2 2 1 2405 462 5750
5991 2 2 2 1 5336 2895 5512
5992 2 2 2 1 554 3145 4347
5993 2 2 2 1 2414 2045 5725
5994 2 2 2 1 2802 666 3979
5995 2 2 2 1 1065 2610 4510
5996 2 2 2 1 3021 1151 4005
5997 2 2 2 1 755 4436 5872
5998 2 2 2 1 1521 2505 5148
5999 2 2 2 1 1179 3500 5563
6000 2 2 2 1 2506 1600 5448
6001 2 2 2 1 2591 1202 3790
6002 2 2 2 1 3148 2144 4333
6003 2 2 2 1 2429 1722 5469
6004 2 2 2 1 1882 2493 5684
6005 2 2 2 1 1104 3190 3804
6006 2 2 2 1 553 2559 4288
6007 2 2 2 1 2772 1129 3444
6008 2 2 2 1 606 2718 4129
6009 2 2 2 1 619 3423 4418
6010 2 2 2 1 3483 4708 5087
6011 2 2 2 1 792 4477 4631
6012 2 2 2 1 2757 828 5368
6013 2 2 2 1 2120 3464 4438
6014 2 2 2 1 824 2506 5448
6015 2 2 2 1 1634 4082 4543
6016 2 2 2 1 617 3449 3618
6017 2 2 2 1 2656 3376 4306
6018 2 2 2 1 598 2658 3589
6019 2 2 2 1 4477 2368 4631
6020 2 2 2 1 1315 2619 4147
6021 2 2 2 1 1257 2587 3981
6022 2 2 2 1 3188 1206 5800
6023 2 2 2 1 3536 906 5936
6024 2 2 2 1 5794 1138 5841
6025 2 2 2 1 3092 4648 5591
6026 2 2 2 1 552 2425 5270
6027 2 2 2 1 1880 2825 5902
6028 2 2 2 1 2011 4532 4673
6029 2 2 2 1 163 2733 4297
6030 2 2 2 1 4506 3360 5971
6031 2 2 2 1 495 2463 3964
6032 2 2 2 1 2918 921 4206
6033 2 2 2 1 4798 1564 5334
6034 2 2 2 1 2440 1220 4687
6035 2 2 2 1 528 2837 4567
6036 2 2 2 1 2505 837 5148
6037 2 2 2 1 3195 811 5521
6038 2 2 2 1 1496 4305 6126
6039 2 2 2 1 2573 978 6128
6040 2 2 2 1 2619 380 4147
6041 2 2 2 1 587 3323 3354
6042 2 2 2 1 4948 825 5425
6043 2 2 2 1 2669 1341 4150
6044 2 2 2 1 2367 3536 5936
6045 2 2 2 1 362 3132 3577
6046 2 2 2 1 2756 1139 5865
6047 2 2 2 1 3329 2060 4903
6048 2 2 2 1 2924 382 4843
6049 2 2 2 1 1264 3731 3930
6050 2 2 2 1 3731 1708 3930
6051 2 2 2 1 2818 347 4262
6052 2 2 2 1 1746 3427 4419
6053 2 2 2 1 1469 2736 4553
6054 2 2 2 1 1237 4855 6042
6055 2 2 2 1 3907 723 4663
6056 2 2 2 1 1427 2818 4262
6057 2 2 2 1 426 2669 4150
6058 2 2 2 1 2736 952 4553
6059 2 2 2 1 2035 3195 5521
6060 2 2 2 1 2855 1082 3371
6061 2 2 2 1 2829 1269 4530
6062 2 2 2 1 3129 4508 5654
6063 2 2 2 1 2610 494 3679
6064 2 2 2 1 1665 2427 4177
6065 2 2 2 1 2528 3531 4014
6066 2 2 2 1 819 2409 4838
6067 2 2 2 1 1221 2533 3820
6068 2 2 2 1 2600 1163 4092
6069 2 2 2 1 2545 1303 4235
6070 2 2 2 1 3427 1042 4419
6071 2 2 2 1 1439 2645 4594
6072 2 2 2 1 1612 2928 4763
6073 2 2 2 1 3010 850 3369
6074 2 2 2 1 3161 2218 5587
6075 2 2 2 1 1420 2518 4208
6076 2 2 2 1 2411 771 4369
6077 2 2 2 1 4310 562 4628
6078 2 2 2 1 2928 612 4763
6079 2 2 2 1 1408 2703 4503
6080 2 2 2 1 822 2545 4235
6081 2 2 2 1 1477 3010 3369
6082 2 2 2 1 2686 1385 3568
6083 2 2 2 1 569 2476 3945
6084 2 2 2 1 2490 543 3919
6085 2 2 2 1 843 5257 5783
6086 2 2 2 1 568 2816 5711
6087 2 2 2 1 820 2432 4158
6088 2 2 2 1 2816 1830 5711
6089 2 2 2 1 2496 113 3953
6090 2 2 2 1 2518 182 4208
6091 2 2 2 1 532 2464 4224
6092 2 2 2 1 2645 853 4594
6093 2 2 2 1 1359 2859 3944
6094 2 2 2 1 1724 2814 5650
6095 2 2 2 1 3066 2264 4464
6096 2 2 2 1 2478 160 3982
6097 2 2 2 1 3167 1929 5071
6098 2 2 2 1 2410 1851 5207
6099 2 2 2 1 1567 2417 5108
6100 2 2 2 1 1138 2409 4748
6101 2 2 2 1 1933 3888 4698
6102 2 2 2 1 344 2571 4541
6103 2 2 2 1 3500 5125 5563
6104 2 2 2 1 1377 2805 3440
6105 2 2 2 1 3499 1576 4491
6106 2 2 2 1 3053 1879 5965
6107 2 2 2 1 2408 628 4535
6108 2 2 2 1 5008 453 5894
6109 2 2 2 1 595 2581 3733
6110 2 2 2 1 2467 1649 5435
6111 2 2 2 1 2404 818 4867
6112 2 2 2 1 2720 158 4704
6113 2 2 2 1 564 2973 4421
6114 2 2 2 1 208 209 3370
6115 2 2 2 1 503 2711 3539
6116 2 2 2 1 867 3359 5941
6117 2 2 2 1 2467 576 4380
6118 2 2 2 1 2464 1276 4224
6119 2 2 2 1 1343 2419 4559
6120 2 2 2 1 5257 2504 5783
6121 2 2 2 1 1264 3536 3731
6122 2 2 2 1 3234 1248 3838
6123 2 2 2 1 4763 612 5628
6124 2 2 2 1 117 118 4374
6125 2 2 2 1 2623 912 3680
6126 2 2 2 1 1081 2445 5146
6127 2 2 2 1 2584 1485 4894
6128 2 2 2 1 1317 2467 4380
6129 2 2 2 1 3359 2243 5941
6130 2 2 2 1 2859 673 3944
6131 2 2 2 1 2024 3752 5497
6132 2 2 2 1 4815 1602 5382
6133 2 2 2 1 525 3512 3529
6134 2 2 2 1 617 2474 5473
6135 2 2 2 1 335 2584 4894
6136 2 2 2 1 1776 3234 3838
6137 2 2 2 1 650 3646 5972
6138 2 2 2 1 2757 1382 4340
6139 2 2 2 1 754 2410 4554
6140 2 2 2 1 2423 496 4972
6141 2 2 2 1 522 3163 4861
6142 2 2 2 1 2570 2374 6045
6143 2 2 2 1 3218 1406 4040
6144 2 2 2 1 4798 650 5972
6145 2 2 2 1 3502 1652 3996
6146 2 2 2 1 991 3502 3996
6147 2 2 2 1 5421 3563 5689
6148 2 2 2 1 3004 1530 4570
6149 2 2 2 1 948 2412 4577
6150 2 2 2 1 370 2847 3826
6151 2 2 2 1 3102 1155 5617
6152 2 2 2 1 2489 468 5558
6153 2 2 2 1 1340 2422 4286
6154 2 2 2 1 3489 1651 4124
6155 2 2 2 1 1241 3124 3530
6156 2 2 2 1 1263 3043 3630
6157 2 2 2 1 2847 1303 3826
6158 2 2 2 1 3043 1613 3630
6159 2 2 2 1 1482 3349 4919
6160 2 2 2 1 872 2490 5590
6161 2 2 2 1 311 3489 4124
6162 2 2 2 1 4432 1389 4965
6163 2 2 2 1 1356 2496 3953
6164 2 2 2 1 166 2452 4863
6165 2 2 2 1 2575 855 4108
6166 2 2 2 1 2723 423 3864
6167 2 2 2 1 3124 1318 3530
6168 2 2 2 1 15 16 4901
6169 2 2 2 1 2749 1331 4034
6170 2 2 2 1 2617 1460 3710
6171 2 2 2 1 3625 1669 4240
6172 2 2 2 1 2732 173 4825
6173 2 2 2 1 2416 484 6065
6174 2 2 2 1 1341 2634 5773
6175 2 2 2 1 1487 2959 3320
6176 2 2 2 1 427 2661 4719
6177 2 2 2 1 1799 3528 4465
6178 2 2 2 1 4093 1228 4273
6179 2 2 2 1 2784 1959 4283
6180 2 2 2 1 3528 544 4465
6181 2 2 2 1 1112 2712 3566
6182 2 2 2 1 3546 1417 4622
6183 2 2 2 1 1350 4191 4332
6184 2 2 2 1 2463 495 4077
6185 2 2 2 1 1931 3421 5304
6186 2 2 2 1 2494 643 5925
6187 2 2 2 1 987 2537 5803
6188 2 2 2 1 2484 1315 4910
6189 2 2 2 1 3053 978 4036
6190 2 2 2 1 614 2545 4889
6191 2 2 2 1 2468 874 5396
6192 2 2 2 1 266 267 3435
6193 2 2 2 1 1893 3546 4622
6194 2 2 2 1 1249 3211 3340
6195 2 2 2 1 923 2469 5418
6196 2 2 2 1 354 4574 4755
6197 2 2 2 1 793 3348 5754
6198 2 2 2 1 2752 1032 5613
6199 2 2 2 1 2766 1337 4369
6200 2 2 2 1 76 77 3185
6201 2 2 2 1 2888 570 3403
6202 2 2 2 1 4301 433 5742
6203 2 2 2 1 1102 3443 4808
6204 2 2 2 1 1211 3714 5272
6205 2 2 2 1 3348 2170 5754
6206 2 2 2 1 2381 3175 5789
6207 2 2 2 1 2877 383 4564
6208 2 2 2 1 2545 822 4899
6209 2 2 2 1 3211 1286 3340
6210 2 2 2 1 3323 587 4013
6211 2 2 2 1 1183 2563 3828
6212 2 2 2 1 3563 649 5689
6213 2 2 2 1 2752 603 3522
6214 2 2 2 1 313 3117 4752
6215 2 2 2 1 382 4764 4843
6216 2 2 2 1 1715 2907 3442
6217 2 2 2 1 2676 1483 5123
6218 2 2 2 1 527 2511 5645
6219 2 2 2 1 2786 529 3496
6220 2 2 2 1 2548 4219 5746
6221 2 2 2 1 2519 1603 5512
6222 2 2 2 1 2451 500 6141
6223 2 2 2 1 310 2519 5512
6224 2 2 2 1 1101 2794 4891
6225 2 2 2 1 333 3251 3372
6226 2 2 2 1 2180 4478 5708
6227 2 2 2 1 2141 3229 4719
6228 2 2 2 1 247 2749 4034
6229 2 2 2 1 3251 1309 3372
6230 2 2 2 1 1722 2429 5903
6231 2 2 2 1 2535 947 5751
6232 2 2 2 1 2163 3226 5866
6233 2 2 2 1 3880 1628 4170
6234 2 2 2 1 3670 1268 3980
6235 2 2 2 1 1238 3970 4195
6236 2 2 2 1 1683 3670 3980
6237 2 2 2 1 2422 1340 4925
6238 2 2 2 1 1913 2494 5509
6239 2 2 2 1 3762 1529 4793
6240 2 2 2 1 2115 3584 6032
6241 2 2 2 1 1752 4381 5397
6242 2 2 2 1 678 3761 6034
6243 2 2 2 1 1617 2831 5277
6244 2 2 2 1 3572 301 5695
6245 2 2 2 1 2838 913 5723
6246 2 2 2 1 180 181 3828
6247 2 2 2 1 2780 135 4336
6248 2 2 2 1 4081 238 4926
6249 2 2 2 1 81 82 6085
6250 2 2 2 1 2482 961 4143
6251 2 2 2 1 2453 1473 5120
6252 2 2 2 1 3212 1457 5050
6253 2 2 2 1 1169 2825 4172
6254 2 2 2 1 760 2697 4344
6255 2 2 2 1 1654 3351 3858
6256 2 2 2 1 1494 3465 4157
6257 2 2 2 1 2221 3384 5907
6258 2 2 2 1 718 3077 5172
6259 2 2 2 1 2697 1386 4344
6260 2 2 2 1 4269 588 4685
6261 2 2 2 1 1562 3102 4736
6262 2 2 2 1 2558 1379 4084
6263 2 2 2 1 2546 1382 4410
6264 2 2 2 1 180 2563 5957
6265 2 2 2 1 3552 616 5672
6266 2 2 2 1 2694 1616 3626
6267 2 2 2 1 1153 2745 4434
6268 2 2 2 1 2425 808 4423
6269 2 2 2 1 2780 4336 5013
6270 2 2 2 1 3384 1072 5907
6271 2 2 2 1 219 2558 4084
6272 2 2 2 1 493 3092 3965
6273 2 2 2 1 2870 1159 4001
6274 2 2 2 1 2493 685 5920
6275 2 2 2 1 61 3802 4724
6276 2 2 2 1 1205 2508 4672
6277 2 2 2 1 1170 2590 3860
6278 2 2 2 1 2957 1749 4372
6279 2 2 2 1 381 3133 3642
6280 2 2 2 1 2509 1207 4299
6281 2 2 2 1 2098 2485 5518
6282 2 2 2 1 2444 1283 5191
6283 2 2 2 1 3884 1123 4188
6284 2 2 2 1 1323 2608 4451
6285 2 2 2 1 3811 420 5255
6286 2 2 2 1 1086 4389 5228
6287 2 2 2 1 4297 2733 4981
6288 2 2 2 1 3110 605 4805
6289 2 2 2 1 829 2492 5489
6290 2 2 2 1 761 3632 5771
6291 2 2 2 1 115 116 3616
6292 2 2 2 1 3762 4793 5860
6293 2 2 2 1 3119 1169 4100
6294 2 2 2 1 551 2767 4215
6295 2 2 2 1 2810 1407 4321
6296 2 2 2 1 3438 1738 4637
6297 2 2 2 1 3064 1191 3485
6298 2 2 2 1 596 2683 3930
6299 2 2 2 1 2653 1130 4004
6300 2 2 2 1 2539 1695 5837
6301 2 2 2 1 2568 1396 6093
6302 2 2 2 1 5601 2911 5743
6303 2 2 2 1 4557 918 6073
6304 2 2 2 1 2149 5024 5513
6305 2 2 2 1 2908 1155 5408
6306 2 2 2 1 2615 876 4988
6307 2 2 2 1 873 2593 4524
6308 2 2 2 1 3689 1371 4362
6309 2 2 2 1 769 2624 3764
6310 2 2 2 1 1509 2615 4988
6311 2 2 2 1 409 3884 5973
6312 2 2 2 1 707 2569 5944
6313 2 2 2 1 527 3353 4030
6314 2 2 2 1 1201 2534 4228
6315 2 2 2 1 1832 3689 4362
6316 2 2 2 1 3223 442 5678
6317 2 2 2 1 1183 3304 4302
6318 2 2 2 1 1039 2517 5608
6319 2 2 2 1 1307 3730 4292
6320 2 2 2 1 4885 1781 5546
6321 2 2 2 1 2542 511 5815
6322 2 2 2 1 2532 1371 4842
6323 2 2 2 1 1436 2750 4475
6324 2 2 2 1 1593 3986 4189
6325 2 2 2 1 2441 1482 4822
6326 2 2 2 1 3986 1921 4189
6327 2 2 2 1 2592 510 6040
6328 2 2 2 1 4006 3315 5459
6329 2 2 2 1 3133 1359 3642
6330 2 2 2 1 1098 3253 4860
6331 2 2 2 1 1750 3366 4191
6332 2 2 2 1 2667 684 6131
6333 2 2 2 1 2446 1412 5951
6334 2 2 2 1 649 3563 5151
6335 2 2 2 1 2750 837 4475
6336 2 2 2 1 3118 1679 4375
6337 2 2 2 1 922 2440 4687
6338 2 2 2 1 3079 597 3488
6339 2 2 2 1 2767 3181 5286
6340 2 2 2 1 1265 3079 3488
6341 2 2 2 1 1226 2482 4143
6342 2 2 2 1 3253 1795 4860
6343 2 2 2 1 611 2576 4277
6344 2 2 2 1 765 2754 5032
6345 2 2 2 1 905 2496 4542
6346 2 2 2 1 2683 1264 3930
6347 2 2 2 1 485 2594 5350
6348 2 2 2 1 2593 347 5132
6349 2 2 2 1 2496 1356 4542
6350 2 2 2 1 2576 1316 4277
6351 2 2 2 1 2754 1591 5032
6352 2 2 2 1 2513 1900 5496
6353 2 2 2 1 627 2722 5701
6354 2 2 2 1 1412 2446 4462
6355 2 2 2 1 3201 713 5154
6356 2 2 2 1 518 4003 5830
6357 2 2 2 1 568 2868 3638
6358 2 2 2 1 2112 3703 5515
6359 2 2 2 1 3123 774 4266
6360 2 2 2 1 2885 1230 4582
6361 2 2 2 1 1111 2595 4684
6362 2 2 2 1 2436 1325 4474
6363 2 2 2 1 2830 1154 5268
6364 2 2 2 1 2696 1609 5239
6365 2 2 2 1 3202 1797 5700
6366 2 2 2 1 3544 2406 5269
6367 2 2 2 1 651 3371 5809
6368 2 2 2 1 945 3901 5389
6369 2 2 2 1 1884 3201 5154
6370 2 2 2 1 976 2567 3903
6371 2 2 2 1 1551 3644 4632
6372 2 2 2 1 2928 1612 3420
6373 2 2 2 1 1155 2938 5408
6374 2 2 2 1 2371 2832 5311
6375 2 2 2 1 862 2674 4875
6376 2 2 2 1 1273 3629 5562
6377 2 2 2 1 325 2696 5239
6378 2 2 2 1 2529 884 5647
6379 2 2 2 1 2868 1858 3825
6380 2 2 2 1 3563 2078 5151
6381 2 2 2 1 893 2783 3697
6382 2 2 2 1 680 2755 3593
6383 2 2 2 1 2718 1371 3640
6384 2 2 2 1 2696 325 4707
6385 2 2 2 1 489 2512 4560
6386 2 2 2 1 2631 438 3776
6387 2 2 2 1 3031 325 5142
6388 2 2 2 1 3760 2072 5483
6389 2 2 2 1 1551 2475 6067
6390 2 2 2 1 3370 209 5710
6391 2 2 2 1 2689 1305 3681
6392 2 2 2 1 3377 81 6085
6393 2 2 2 1 609 2917 4734
6394 2 2 2 1 3534 1252 5102
6395 2 2 2 1 1489 2918 4448
6396 2 2 2 1 1428 2452 4517
6397 2 2 2 1 1156 3041 4265
6398 2 2 2 1 1233 3527 3684
6399 2 2 2 1 1206 3879 5800
6400 2 2 2 1 2715 613 3653
6401 2 2 2 1 2917 1578 4734
6402 2 2 2 1 1490 2630 5187
6403 2 2 2 1 1225 2931 3517
6404 2 2 2 1 4463 1199 5944
6405 2 2 2 1 2616 542 4487
6406 2 2 2 1 2635 372 3797
6407 2 2 2 1 1191 3064 3323
6408 2 2 2 1 2875 1361 3480
6409 2 2 2 1 3783 2298 6071
6410 2 2 2 1 2605 1224 3929
6411 2 2 2 1 1085 2448 4627
6412 2 2 2 1 769 5318 5586
6413 2 2 2 1 2440 2881 5536
6414 2 2 2 1 3527 1500 3684
6415 2 2 2 1 1956 3694 6035
6416 2 2 2 1 4361 2032 5048
6417 2 2 2 1 924 2540 5699
6418 2 2 2 1 1832 3809 5696
6419 2 2 2 1 2499 1096 5400
6420 2 2 2 1 2142 2548 5746
6421 2 2 2 1 869 3762 4174
6422 2 2 2 1 2708 119 3998
6423 2 2 2 1 972 2605 3929
6424 2 2 2 1 1665 4029 5254
6425 2 2 2 1 2827 502 5390
6426 2 2 2 1 2931 582 3517
6427 2 2 2 1 2897 1210 3852
6428 2 2 2 1 2040 3534 5102
6429 2 2 2 1 1339 4193 5775
6430 2 2 2 1 915 2568 4992
6431 2 2 2 1 1630 2456 4425
6432 2 2 2 1 2940 1092 3423
6433 2 2 2 1 372 2821 5069
6434 2 2 2 1 1037 2522 4070
6435 2 2 2 1 2912 95 4830
6436 2 2 2 1 1461 3457 4606
6437 2 2 2 1 2569 4463 5944
6438 2 2 2 1 1185 2809 5089
6439 2 2 2 1 4310 1810 5388
6440 2 2 2 1 3762 1783 4174
6441 2 2 2 1 1100 2949 3425
6442 2 2 2 1 1696 3921 5283
6443 2 2 2 1 2296 3647 4889
6444 2 2 2 1 1420 4827 4866
6445 2 2 2 1 2470 554 5321
6446 2 2 2 1 3151 1016 3910
6447 2 2 2 1 2820 1304 3928
6448 2 2 2 1 1003 3141 3635
6449 2 2 2 1 886 2526 5474
6450 2 2 2 1 2811 1082 4011
6451 2 2 2 1 2895 1628 3880
6452 2 2 2 1 3141 1542 3635
6453 2 2 2 1 2316 4003 6042
6454 2 2 2 1 1114 2730 3977
6455 2 2 2 1 1028 2471 5212
6456 2 2 2 1 630 2820 3928
6457 2 2 2 1 2517 1353 5935
6458 2 2 2 1 3207 412 4499
6459 2 2 2 1 4128 1372 4190
6460 2 2 2 1 4831 751 5964
6461 2 2 2 1 1452 3522 3612
6462 2 2 2 1 3390 1207 4146
6463 2 2 2 1 2484 542 5250
6464 2 2 2 1 3293 1242 3736
6465 2 2 2 1 814 2491 5312
6466 2 2 2 1 192 193 3729
6467 2 2 2 1 1614 3293 3736
6468 2 2 2 1 433 3752 5742
6469 2 2 2 1 2606 1478 3876
6470 2 2 2 1 4039 1240 5705
6471 2 2 2 1 2918 695 4448
6472 2 2 2 1 2074 3287 4626
6473 2 2 2 1 3408 2982 4929
6474 2 2 2 1 3911 5424 5835
6475 2 2 2 1 3672 476 5866
6476 2 2 2 1 593 3635 5177
6477 2 2 2 1 2684 1498 5104
6478 2 2 2 1 3030 1252 3534
6479 2 2 2 1 968 2647 5881
6480 2 2 2 1 1338 2981 3413
6481 2 2 2 1 2985 996 5734
6482 2 2 2 1 93 2880 5982
6483 2 2 2 1 574 2549 4000
6484 2 2 2 1 2558 945 5776
6485 2 2 2 1 2525 626 4089
6486 2 2 2 1 2647 1737 5881
6487 2 2 2 1 1603 3562 6083
6488 2 2 2 1 2458 1094 4735
6489 2 2 2 1 1237 3652 4855
6490 2 2 2 1 2926 1386 4728
6491 2 2 2 1 3841 1944 6040
6492 2 2 2 1 1905 2991 4653
6493 2 2 2 1 4624 2891 5310
6494 2 2 2 1 1055 3274 3881
6495 2 2 2 1 1937 3506 5905
6496 2 2 2 1 2466 973 4483
6497 2 2 2 1 826 3004 4570
6498 2 2 2 1 3355 1185 5541
6499 2 2 2 1 2668 1802 6092
6500 2 2 2 1 462 3865 4592
6501 2 2 2 1 5161 1083 6095
6502 2 2 2 1 3124 634 5760
6503 2 2 2 1 3148 998 5279
6504 2 2 2 1 4587 635 5439
6505 2 2 2 1 1204 2591 5479
6506 2 2 2 1 2915 733 4312
6507 2 2 2 1 1524 2608 4063
6508 2 2 2 1 956 2668 6092
6509 2 2 2 1 319 3030 3534
6510 2 2 2 1 2608 555 4063
6511 2 2 2 1 3047 1346 5658
6512 2 2 2 1 2457 1070 4794
6513 2 2 2 1 1600 2506 4204
6514 2 2 2 1 3239 1176 5533
6515 2 2 2 1 3457 613 4170
6516 2 2 2 1 2498 871 5251
6517 2 2 2 1 3604 1197 6080
6518 2 2 2 1 1628 3457 4170
6519 2 2 2 1 766 3285 5068
6520 2 2 2 1 1768 3579 4574
6521 2 2 2 1 3968 675 4046
6522 2 2 2 1 2564 504 5850
6523 2 2 2 1 1813 3757 5830
6524 2 2 2 1 1286 3211 4418
6525 2 2 2 1 1117 2528 4129
6526 2 2 2 1 424 2812 5083
6527 2 2 2 1 110 111 4182
6528 2 2 2 1 3413 574 4000
6529 2 2 2 1 610 2694 3738
6530 2 2 2 1 2472 331 4962
6531 2 2 2 1 954 2720 5236
6532 2 2 2 1 977 2476 5950
6533 2 2 2 1 687 2532 4127
6534 2 2 2 1 1603 2519 5411
6535 2 2 2 1 2526 1589 4142
6536 2 2 2 1 2466 354 4755
6537 2 2 2 1 1669 4568 5703
6538 2 2 2 1 244 245 3519
6539 2 2 2 1 5095 1064 5260
6540 2 2 2 1 2441 5740 6099
6541 2 2 2 1 2509 747 4225
6542 2 2 2 1 225 226 3540
6543 2 2 2 1 1680 2527 5415
6544 2 2 2 1 2862 1588 5535
6545 2 2 2 1 2782 1367 4192
6546 2 2 2 1 927 2895 5336
6547 2 2 2 1 2766 4369 5216
6548 2 2 2 1 47 3071 5933
6549 2 2 2 1 2832 2435 5324
6550 2 2 2 1 1281 2898 4099
6551 2 2 2 1 664 2782 4192
6552 2 2 2 1 1181 2821 3778
6553 2 2 2 1 3720 344 4541
6554 2 2 2 1 2462 1705 4976
6555 2 2 2 1 3433 1511 5832
6556 2 2 2 1 4223 1592 4951
6557 2 2 2 1 4427 1712 5131
6558 2 2 2 1 1422 3178 3880
6559 2 2 2 1 2474 1337 5473
6560 2 2 2 1 352 3093 3395
6561 2 2 2 1 884 2530 4144
6562 2 2 2 1 2277 3407 4820
6563 2 2 2 1 3178 310 3880
6564 2 2 2 1 1238 3317 3354
6565 2 2 2 1 3282 331 5392
6566 2 2 2 1 3118 1300 3422
6567 2 2 2 1 3317 1300 3354
6568 2 2 2 1 2849 1216 3831
6569 2 2 2 1 518 2575 4003
6570 2 2 2 1 2571 875 5796
6571 2 2 2 1 3604 315 3913
6572 2 2 2 1 2444 5191 5562
6573 2 2 2 1 2077 3025 4835
6574 2 2 2 1 1904 3720 4541
6575 2 2 2 1 3938 1355 4145
6576 2 2 2 1 2836 264 4955
6577 2 2 2 1 2374 4856 6045
6578 2 2 2 1 3343 1611 4879
6579 2 2 2 1 1188 2507 5839
6580 2 2 2 1 511 2871 4922
6581 2 2 2 1 3485 1534 5731
6582 2 2 2 1 337 3783 6071
6583 2 2 2 1 507 4308 4933
6584 2 2 2 1 1610 2474 4844
6585 2 2 2 1 867 2616 4105
6586 2 2 2 1 90 91 3281
6587 2 2 2 1 976 2924 5829
6588 2 2 2 1 553 5399 5724
6589 2 2 2 1 1177 2504 5257
6590 2 2 2 1 2480 482 6123
6591 2 2 2 1 869 2470 4676
6592 2 2 2 1 3217 2577 5423
6593 2 2 2 1 2151 4725 5300
6594 2 2 2 1 1766 3082 4236
6595 2 2 2 1 2660 1781 4165
6596 2 2 2 1 1460 2717 3723
6597 2 2 2 1 2132 4051 4701
6598 2 2 2 1 1182 2951 3469
6599 2 2 2 1 3177 1191 4013
6600 2 2 2 1 1470 3177 4013
6601 2 2 2 1 4051 1434 4701
6602 2 2 2 1 1061 2603 5969
6603 2 2 2 1 2781 1914 4355
6604 2 2 2 1 2469 1402 5418
6605 2 2 2 1 907 2911 5601
6606 2 2 2 1 3522 603 3612
6607 2 2 2 1 305 3486 4044
6608 2 2 2 1 1315 2484 5250
6609 2 2 2 1 3438 1176 4533
6610 2 2 2 1 3256 1803 3258
6611 2 2 2 1 1532 2594 5422
6612 2 2 2 1 2983 1701 5362
6613 2 2 2 1 2546 383 5595
6614 2 2 2 1 2164 2952 4897
6615 2 2 2 1 4496 165 4863
6616 2 2 2 1 1418 3026 4075
6617 2 2 2 1 3548 2513 5496
6618 2 2 2 1 535 2795 4634
6619 2 2 2 1 542 2846 3597
6620 2 2 2 1 2763 658 5912
6621 2 2 2 1 2749 248 3846
6622 2 2 2 1 2775 364 3643
6623 2 2 2 1 3474 1635 5279
6624 2 2 2 1 1738 3438 4533
6625 2 2 2 1 3093 1232 3395
6626 2 2 2 1 1571 2912 4830
6627 2 2 2 1 1911 4977 6118
6628 2 2 2 1 1606 2533 4213
6629 2 2 2 1 2664 374 4868
6630 2 2 2 1 4592 1697 5306
6631 2 2 2 1 2775 1313 4022
6632 2 2 2 1 3026 1243 4075
6633 2 2 2 1 455 3139 5989
6634 2 2 2 1 1059 2775 4022
6635 2 2 2 1 3082 773 4236
6636 2 2 2 1 1410 2804 4778
6637 2 2 2 1 2003 4068 4365
6638 2 2 2 1 3057 1890 4949
6639 2 2 2 1 1046 3256 3258
6640 2 2 2 1 485 2487 4415
6641 2 2 2 1 1010 3028 4587
6642 2 2 2 1 4068 1314 4365
6643 2 2 2 1 421 4335 5051
6644 2 2 2 1 2587 1257 3993
6645 2 2 2 1 88 89 3504
6646 2 2 2 1 1242 2709 3749
6647 2 2 2 1 1330 3715 4086
6648 2 2 2 1 2664 2214 4357
6649 2 2 2 1 2887 633 4132
6650 2 2 2 1 5126 1845 5762
6651 2 2 2 1 858 2539 5412
6652 2 2 2 1 2520 1266 4873
6653 2 2 2 1 3499 322 4439
6654 2 2 2 1 3476 1946 5752
6655 2 2 2 1 434 4897 5852
6656 2 2 2 1 2612 1136 5966
6657 2 2 2 1 1385 2887 4132
6658 2 2 2 1 2534 841 4228
6659 2 2 2 1 676 3934 4591
6660 2 2 2 1 882 2494 5079
6661 2 2 2 1 2299 3474 5279
6662 2 2 2 1 3154 993 5955
6663 2 2 2 1 2693 361 3801
6664 2 2 2 1 229 5619 5986
6665 2 2 2 1 2814 1724 6064
6666 2 2 2 1 2789 882 5079
6667 2 2 2 1 4192 1367 4613
6668 2 2 2 1 960 2507 4400
6669 2 2 2 1 3257 2150 5657
6670 2 2 2 1 1183 2822 3849
6671 2 2 2 1 1595 2789 5079
6672 2 2 2 1 2656 1488 4941
6673 2 2 2 1 2151 4192 4613
6674 2 2 2 1 1214 2719 3751
6675 2 2 2 1 693 2777 3892
6676 2 2 2 1 1228 3526 4273
6677 2 2 2 1 3612 1453 4303
6678 2 2 2 1 1489 4448 5910
6679 2 2 2 1 1032 2944 5613
6680 2 2 2 1 4303 1453 4304
6681 2 2 2 1 2574 1152 5714
6682 2 2 2 1 1652 3553 3933
6683 2 2 2 1 429 2656 4941
6684 2 2 2 1 3126 622 4491
6685 2 2 2 1 1457 2501 5050
6686 2 2 2 1 1734 3508 5784
6687 2 2 2 1 3841 1168 5273
6688 2 2 2 1 1715 2925 4561
6689 2 2 2 1 1113 2802 3979
6690 2 2 2 1 2986 758 4031
6691 2 2 2 1 1998 3575 5005
6692 2 2 2 1 4334 695 5171
6693 2 2 2 1 382 2873 3815
6694 2 2 2 1 3575 1135 5005
6695 2 2 2 1 2578 355 4773
6696 2 2 2 1 2501 365 5050
6697 2 2 2 1 2527 1334 5580
6698 2 2 2 1 3297 2073 4783
6699 2 2 2 1 1576 3126 4491
6700 2 2 2 1 4418 3423 5961
6701 2 2 2 1 3198 656 4274
6702 2 2 2 1 2650 1173 4477
6703 2 2 2 1 1619 2986 4031
6704 2 2 2 1 1652 3933 4947
6705 2 2 2 1 212 3135 5211
6706 2 2 2 1 5191 534 5562
6707 2 2 2 1 2645 299 5128
6708 2 2 2 1 3813 1911 6118
6709 2 2 2 1 1655 3198 4274
6710 2 2 2 1 2814 898 5650
6711 2 2 2 1 1973 2489 6043
6712 2 2 2 1 1093 2937 4848
6713 2 2 2 1 2873 1678 3815
6714 2 2 2 1 1944 4231 6040
6715 2 2 2 1 944 2485 5006
6716 2 2 2 1 2521 1470 4497
6717 2 2 2 1 1121 2566 4110
6718 2 2 2 1 3020 2162 4149
6719 2 2 2 1 2760 1369 3692
6720 2 2 2 1 2816 568 3638
6721 2 2 2 1 444 2514 5194
6722 2 2 2 1 1371 2718 4362
6723 2 2 2 1 3911 1226 5424
6724 2 2 2 1 3757 1813 5937
6725 2 2 2 1 571 2750 4960
6726 2 2 2 1 725 2497 4629
6727 2 2 2 1 552 3313 5495
6728 2 2 2 1 3587 1851 4640
6729 2 2 2 1 1507 3587 4640
6730 2 2 2 1 2750 571 5157
6731 2 2 2 1 4448 2462 5910
6732 2 2 2 1 2507 960 5012
6733 2 2 2 1 248 249 3846
6734 2 2 2 1 10 2891 4624
6735 2 2 2 1 4241 1559 4950
6736 2 2 2 1 2599 845 5813
6737 2 2 2 1 1452 2989 3522
6738 2 2 2 1 1660 2599 5813
6739 2 2 2 1 3985 536 4368
6740 2 2 2 1 2718 606 4362
6741 2 2 2 1 2838 1807 6065
6742 2 2 2 1 673 2859 4608
6743 2 2 2 1 2469 4334 5171
6744 2 2 2 1 2668 4154 5262
6745 2 2 2 1 888 5733 5924
6746 2 2 2 1 5195 23 5616
6747 2 2 2 1 1597 3139 5215
6748 2 2 2 1 2725 1741 5802
6749 2 2 2 1 3455 1520 4166
6750 2 2 2 1 1949 3985 4368
6751 2 2 2 1 1223 3523 4162
6752 2 2 2 1 3523 1639 4162
6753 2 2 2 1 3220 567 5569
6754 2 2 2 1 1630 2509 5043
6755 2 2 2 1 4801 330 5721
6756 2 2 2 1 3434 952 4982
6757 2 2 2 1 655 2725 5802
6758 2 2 2 1 1207 2955 3580
6759 2 2 2 1 2789 151 5834
6760 2 2 2 1 259 260 3874
6761 2 2 2 1 628 4167 4535
6762 2 2 2 1 1169 3364 4100
6763 2 2 2 1 45 3476 6142
6764 2 2 2 1 2691 547 3854
6765 2 2 2 1 837 2505 4475
6766 2 2 2 1 2912 1571 3581
6767 2 2 2 1 2859 1498 4608
6768 2 2 2 1 2919 1853 4493
6769 2 2 2 1 2619 867 5941
6770 2 2 2 1 1250 2561 4829
6771 2 2 2 1 888 2651 5733
6772 2 2 2 1 3304 1420 4866
6773 2 2 2 1 3085 1010 4587
6774 2 2 2 1 1704 3209 4968
6775 2 2 2 1 2505 1521 4931
6776 2 2 2 1 2567 525 4183
6777 2 2 2 1 4287 1116 5281
6778 2 2 2 1 2501 948 4732
6779 2 2 2 1 684 2605 4050
6780 2 2 2 1 2671 874 4452
6781 2 2 2 1 2754 765 3735
6782 2 2 2 1 2783 1374 3697
6783 2 2 2 1 653 3451 5738
6784 2 2 2 1 696 2952 4123
6785 2 2 2 1 287 286 3339
6786 2 2 2 1 1255 2567 4183
6787 2 2 2 1 4532 1515 4673
6788 2 2 2 1 1399 3219 3800
6789 2 2 2 1 1621 2889 3584
6790 2 2 2 1 3779 729 4547
6791 2 2 2 1 3219 332 3800
6792 2 2 2 1 2835 934 3886
6793 2 2 2 1 1077 2765 3728
6794 2 2 2 1 3407 731 4820
6795 2 2 2 1 1062 3135 3569
6796 2 2 2 1 351 2506 4986
6797 2 2 2 1 1199 2678 5329
6798 2 2 2 1 916 2635 6055
6799 2 2 2 1 2825 1169 5016
6800 2 2 2 1 2994 529 3570
6801 2 2 2 1 3405 716 5487
6802 2 2 2 1 2681 1199 4463
6803 2 2 2 1 2512 489 4904
6804 2 2 2 1 1194 2749 3846
6805 2 2 2 1 261 262 3556
6806 2 2 2 1 449 2600 4092
6807 2 2 2 1 1501 3600 3604
6808 2 2 2 1 2772 1280 3718
6809 2 2 2 1 1377 2976 4008
6810 2 2 2 1 2973 2249 4421
6811 2 2 2 1 3600 1197 3604
6812 2 2 2 1 1191 3177 4271
6813 2 2 2 1 965 3020 4149
6814 2 2 2 1 3042 1560 3479
6815 2 2 2 1 474 2510 4807
6816 2 2 2 1 3002 297 3795
6817 2 2 2 1 1095 3163 4142
6818 2 2 2 1 567 3265 5569
6819 2 2 2 1 2642 230 4635
6820 2 2 2 1 1293 2577 5618
6821 2 2 2 1 1134 3052 3698
6822 2 2 2 1 2648 1375 3936
6823 2 2 2 1 572 3294 3530
6824 2 2 2 1 488 2583 5690
6825 2 2 2 1 858 2495 4531
6826 2 2 2 1 2552 2099 5399
6827 2 2 2 1 548 2856 4937
6828 2 2 2 1 2508 425 4672
6829 2 2 2 1 3473 1390 3983
6830 2 2 2 1 2538 645 5833
6831 2 2 2 1 2976 688 4008
6832 2 2 2 1 211 212 5211
6833 2 2 2 1 1321 3501 3514
6834 2 2 2 1 1540 3908 4400
6835 2 2 2 1 4234 3212 5050
6836 2 2 2 1 4355 1914 4871
6837 2 2 2 1 1553 3473 3983
6838 2 2 2 1 1316 3002 3795
6839 2 2 2 1 841 2534 6041
6840 2 2 2 1 857 2515 4702
6841 2 2 2 1 1058 3401 5494
6842 2 2 2 1 1473 3123 4266
6843 2 2 2 1 2722 627 5625
6844 2 2 2 1 1511 4415 5832
6845 2 2 2 1 2824 826 5063
6846 2 2 2 1 802 2552 5481
6847 2 2 2 1 2524 563 5575
6848 2 2 2 1 828 2565 5368
6849 2 2 2 1 3418 2035 5719
6850 2 2 2 1 3130 988 3565
6851 2 2 2 1 2615 437 4058
6852 2 2 2 1 1515 3130 3565
6853 2 2 2 1 423 2513 4970
6854 2 2 2 1 2700 575 4754
6855 2 2 2 1 2742 477 5952
6856 2 2 2 1 5307 1935 5500
6857 2 2 2 1 2798 582 4309
6858 2 2 2 1 2221 2943 5850
6859 2 2 2 1 4478 1322 5708
6860 2 2 2 1 1303 2545 4407
6861 2 2 2 1 1741 2725 3818
6862 2 2 2 1 2608 1323 5827
6863 2 2 2 1 2607 3408 5952
6864 2 2 2 1 632 2648 3969
6865 2 2 2 1 3071 1946 5933
6866 2 2 2 1 2545 614 4407
6867 2 2 2 1 5317 1756 5765
6868 2 2 2 1 4924 3127 5876
6869 2 2 2 1 2669 867 4105
6870 2 2 2 1 2991 1765 4653
6871 2 2 2 1 2923 1815 5862
6872 2 2 2 1 88 3504 5946
6873 2 2 2 1 2519 310 4954
6874 2 2 2 1 5066 1658 5730
6875 2 2 2 1 4757 1734 5784
6876 2 2 2 1 3488 1399 3800
6877 2 2 2 1 1352 2912 3581
6878 2 2 2 1 1477 2604 5085
6879 2 2 2 1 906 2559 5936
6880 2 2 2 1 2856 1153 4937
6881 2 2 2 1 294 293 3812
6882 2 2 2 1 1835 4565 5413
6883 2 2 2 1 975 3096 4152
6884 2 2 2 1 1481 4119 4347
6885 2 2 2 1 3101 1026 3799
6886 2 2 2 1 1784 2742 5952
6887 2 2 2 1 384 2551 4358
6888 2 2 2 1 1202 2591 5738
6889 2 2 2 1 1633 2948 4511
6890 2 2 2 1 972 3051 3931
6891 2 2 2 1 1681 3160 3461
6892 2 2 2 1 4855 59 5152
6893 2 2 2 1 2590 791 5674
6894 2 2 2 1 1708 4237 4254
6895 2 2 2 1 1670 3031 5142
6896 2 2 2 1 484 2885 3620
6897 2 2 2 1 2633 978 5965
6898 2 2 2 1 3415 1431 3606
6899 2 2 2 1 1460 2617 4093
6900 2 2 2 1 726 2553 5387
6901 2 2 2 1 534 2555 4343
6902 2 2 2 1 1386 2798 4309
6903 2 2 2 1 531 2960 3541
6904 2 2 2 1 937 2768 4737
6905 2 2 2 1 1626 3964 4130
6906 2 2 2 1 3809 1832 4362
6907 2 2 2 1 606 3809 4362
6908 2 2 2 1 1675 4018 4100
6909 2 2 2 1 4151 323 5266
6910 2 2 2 1 3115 443 4887
6911 2 2 2 1 477 2742 3840
6912 2 2 2 1 596 3469 3601
6913 2 2 2 1 2803 1328 4240
6914 2 2 2 1 3866 1997 5934
6915 2 2 2 1 2535 1064 5095
6916 2 2 2 1 2963 1251 3659
6917 2 2 2 1 3746 1287 4018
6918 2 2 2 1 2641 1895 6066
6919 2 2 2 1 3858 402 4411
6920 2 2 2 1 1631 3024 3506
6921 2 2 2 1 2530 533 5508
6922 2 2 2 1 853 2645 5174
6923 2 2 2 1 1283 2555 5191
6924 2 2 2 1 2534 421 4876
6925 2 2 2 1 569 2963 3659
6926 2 2 2 1 4293 318 4575
6927 2 2 2 1 2549 901 6111
6928 2 2 2 1 5170 1616 5542
6929 2 2 2 1 4305 2124 6126
6930 2 2 2 1 438 2631 6012
6931 2 2 2 1 2156 3994 4928
6932 2 2 2 1 1264 2683 4993
6933 2 2 2 1 2903 580 4533
6934 2 2 2 1 60 2565 5152
6935 2 2 2 1 3994 763 4928
6936 2 2 2 1 2580 1590 5547
6937 2 2 2 1 4292 3730 5636
6938 2 2 2 1 3597 2846 5909
6939 2 2 2 1 3113 1165 3463
6940 2 2 2 1 4279 2370 5082
6941 2 2 2 1 1479 4279 5082
6942 2 2 2 1 2729 1499 4890
6943 2 2 2 1 2722 1670 5701
6944 2 2 2 1 2542 1786 4494
6945 2 2 2 1 2617 1245 5333
6946 2 2 2 1 480 5053 5121
6947 2 2 2 1 1035 2531 4969
6948 2 2 2 1 578 3064 3485
6949 2 2 2 1 2721 857 4702
6950 2 2 2 1 4149 2162 5966
6951 2 2 2 1 1675 3746 4018
6952 2 2 2 1 1262 2835 3886
6953 2 2 2 1 1272 2723 3864
6954 2 2 2 1 4233 1885 5648
6955 2 2 2 1 3212 707 3989
6956 2 2 2 1 3139 5210 5989
6957 2 2 2 1 383 2633 5997
6958 2 2 2 1 3355 1393 3356
6959 2 2 2 1 2950 581 5570
6960 2 2 2 1 2922 501 4895
6961 2 2 2 1 1380 4103 4398
6962 2 2 2 1 3734 2179 4066
6963 2 2 2 1 1457 3212 3989
6964 2 2 2 1 3645 1649 4102
6965 2 2 2 1 1185 3355 3356
6966 2 2 2 1 2006 3370 5710
6967 2 2 2 1 4344 2062 4389
6968 2 2 2 1 2968 1329 3888
6969 2 2 2 1 625 2968 3888
6970 2 2 2 1 810 4568 5696
6971 2 2 2 1 3344 1899 4997
6972 2 2 2 1 1548 3747 4790
6973 2 2 2 1 909 3196 6053
6974 2 2 2 1 3520 377 4075
6975 2 2 2 1 2836 1575 5502
6976 2 2 2 1 1755 2996 4909
6977 2 2 2 1 2864 1322 3939
6978 2 2 2 1 2742 1219 3840
6979 2 2 2 1 1194 3869 5495
6980 2 2 2 1 3115 1601 5638
6981 2 2 2 1 3968 1260 4896
6982 2 2 2 1 3669 1595 4376
6983 2 2 2 1 3301 1684 6047
6984 2 2 2 1 1770 3669 4376
6985 2 2 2 1 4135 1285 5801
6986 2 2 2 1 2594 1532 5350
6987 2 2 2 1 4094 1917 4420
6988 2 2 2 1 862 2543 5145
6989 2 2 2 1 2955 398 3580
6990 2 2 2 1 1101 2917 3608
6991 2 2 2 1 1788 4128 4190
6992 2 2 2 1 328 2864 3939
6993 2 2 2 1 3656 1869 4645
6994 2 2 2 1 3038 1204 3529
6995 2 2 2 1 1306 2548 4656
6996 2 2 2 1 3662 1573 4383
6997 2 2 2 1 898 2566 5650
6998 2 2 2 1 1821 2993 3564
6999 2 2 2 1 673 3656 4645
7000 2 2 2 1 2771 557 3963
7001 2 2 2 1 4003 1237 6042
7002 2 2 2 1 4226 1536 5763
7003 2 2 2 1 4356 2555 5410
7004 2 2 2 1 1109 2551 4520
7005 2 2 2 1 847 4356 5410
7006 2 2 2 1 1534 4225 4611
7007 2 2 2 1 2739 1927 3902
7008 2 2 2 1 962 2547 5183
7009 2 2 2 1 5218 2202 6076
7010 2 2 2 1 364 3096 4571
7011 2 2 2 1 2637 975 5928
7012 2 2 2 1 3062 392 6019
7013 2 2 2 1 991 2871 4494
7014 2 2 2 1 995 2598 4241
7015 2 2 2 1 4319 395 4872
7016 2 2 2 1 2970 928 4146
7017 2 2 2 1 2240 3722 5276
7018 2 2 2 1 3117 4480 4752
7019 2 2 2 1 2769 3617 5038
7020 2 2 2 1 1733 4667 5809
7021 2 2 2 1 863 3418 5719
7022 2 2 2 1 230 2642 5619
7023 2 2 2 1 2434 3397 4067
7024 2 2 2 1 4245 1413 5029
7025 2 2 2 1 3793 1584 3805
7026 2 2 2 1 2577 974 5618
7027 2 2 2 1 760 4344 4389
7028 2 2 2 1 500 2791 3793
7029 2 2 2 1 1522 2970 4146
7030 2 2 2 1 3609 3110 5229
7031 2 2 2 1 1407 2915 4312
7032 2 2 2 1 3885 1345 4134
7033 2 2 2 1 2898 1012 4099
7034 2 2 2 1 413 3130 4532
7035 2 2 2 1 2921 1936 5136
7036 2 2 2 1 1070 3142 3847
7037 2 2 2 1 2620 1865 4212
7038 2 2 2 1 3570 1073 5819
7039 2 2 2 1 2568 915 5313
7040 2 2 2 1 4266 1672 4331
7041 2 2 2 1 2555 534 5191
7042 2 2 2 1 1421 2862 4399
7043 2 2 2 1 2736 540 3887
7044 2 2 2 1 1527 4037 5833
7045 2 2 2 1 936 2639 4114
7046 2 2 2 1 3513 5299 5531
7047 2 2 2 1 2911 907 3786
7048 2 2 2 1 2592 1577 5511
7049 2 2 2 1 2591 303 5479
7050 2 2 2 1 1004 2592 5511
7051 2 2 2 1 902 2636 4155
7052 2 2 2 1 2727 24 4792
7053 2 2 2 1 2862 900 4399
7054 2 2 2 1 1169 2909 5016
7055 2 2 2 1 7 5611 5840
7056 2 2 2 1 2893 337 4300
7057 2 2 2 1 1178 5132 5374
7058 2 2 2 1 1454 3836 4935
7059 2 2 2 1 898 2814 3768
7060 2 2 2 1 145 146 3430
7061 2 2 2 1 961 2665 4143
7062 2 2 2 1 4037 2538 5833
7063 2 2 2 1 227 228 3431
7064 2 2 2 1 1382 2546 5595
7065 2 2 2 1 3160 1160 3461
7066 2 2 2 1 5278 3033 6060
7067 2 2 2 1 372 2635 4294
7068 2 2 2 1 1425 3170 4990
7069 2 2 2 1 3675 2188 5888
7070 2 2 2 1 1478 2606 4268
7071 2 2 2 1 1349 3768 4411
7072 2 2 2 1 3392 1321 3514
7073 2 2 2 1 3374 332 5376
7074 2 2 2 1 2544 596 4693
7075 2 2 2 1 2679 932 5437
7076 2 2 2 1 2812 1472 4681
7077 2 2 2 1 1380 3449 4103
7078 2 2 2 1 1076 3338 3634
7079 2 2 2 1 604 3204 3681
7080 2 2 2 1 2726 1264 4993
7081 2 2 2 1 1432 2721 4702
7082 2 2 2 1 845 2812 4681
7083 2 2 2 1 4090 2197 4941
7084 2 2 2 1 3481 1587 4792
7085 2 2 2 1 921 3595 4206
7086 2 2 2 1 665 3125 5092
7087 2 2 2 1 1651 3555 5917
7088 2 2 2 1 1725 2911 3786
7089 2 2 2 1 2833 813 4504
7090 2 2 2 1 3170 2027 4990
7091 2 2 2 1 1503 2739 3902
7092 2 2 2 1 1047 3230 3407
7093 2 2 2 1 500 3793 3805
7094 2 2 2 1 2124 4305 5807
7095 2 2 2 1 2554 730 4706
7096 2 2 2 1 978 3053 5965
7097 2 2 2 1 78 3070 5609
7098 2 2 2 1 666 2802 3804
7099 2 2 2 1 5740 834 6099
7100 2 2 2 1 3056 2094 4471
7101 2 2 2 1 2580 1583 4413
7102 2 2 2 1 3613 1228 4093
7103 2 2 2 1 1433 2833 4504
7104 2 2 2 1 2713 949 4612
7105 2 2 2 1 3242 1062 3405
7106 2 2 2 1 1980 3374 5376
7107 2 2 2 1 4264 653 5738
7108 2 2 2 1 1984 2684 6120
7109 2 2 2 1 3867 2734 6145
7110 2 2 2 1 5145 1954 5963
7111 2 2 2 1 92 93 5982
7112 2 2 2 1 4825 1606 5486
7113 2 2 2 1 2916 1426 4360
7114 2 2 2 1 1379 2558 5776
7115 2 2 2 1 1409 2713 4612
7116 2 2 2 1 505 3296 3901
7117 2 2 2 1 3117 1376 3910
7118 2 2 2 1 1488 4090 4941
7119 2 2 2 1 392 2916 4360
7120 2 2 2 1 2821 372 3778
7121 2 2 2 1 2584 989 6018
7122 2 2 2 1 1124 3398 3678
7123 2 2 2 1 1704 3938 4145
7124 2 2 2 1 3927 2273 5445
7125 2 2 2 1 2565 2042 5152
7126 2 2 2 1 4227 2541 5598
7127 2 2 2 1 480 3280 5053
7128 2 2 2 1 2951 1182 5365
7129 2 2 2 1 495 2556 5024
7130 2 2 2 1 2808 513 5507
7131 2 2 2 1 997 2879 4775
7132 2 2 2 1 1717 2582 4469
7133 2 2 2 1 1486 2601 5130
7134 2 2 2 1 735 4227 5598
7135 2 2 2 1 1382 2757 4410
7136 2 2 2 1 1016 3117 3910
7137 2 2 2 1 971 2622 4248
7138 2 2 2 1 699 3361 3992
7139 2 2 2 1 2601 579 5130
7140 2 2 2 1 2757 656 4410
7141 2 2 2 1 2553 941 6062
7142 2 2 2 1 2812 845 4791
7143 2 2 2 1 3759 232 5136
7144 2 2 2 1 2604 1324 6006
7145 2 2 2 1 3877 1229 5626
7146 2 2 2 1 3595 1653 4206
7147 2 2 2 1 3052 1428 6061
7148 2 2 2 1 1492 2812 4791
7149 2 2 2 1 3361 1499 3992
7150 2 2 2 1 2916 2067 5702
7151 2 2 2 1 4574 3579 5949
7152 2 2 2 1 2561 920 4829
7153 2 2 2 1 40 41 4265
7154 2 2 2 1 547 2691 4211
7155 2 2 2 1 3163 2096 4861
7156 2 2 2 1 251 2985 5097
7157 2 2 2 1 3197 975 4152
7158 2 2 2 1 2614 881 5081
7159 2 2 2 1 1244 3553 4495
7160 2 2 2 1 221 222 4005
7161 2 2 2 1 1341 2669 4105
7162 2 2 2 1 2563 1642 5957
7163 2 2 2 1 1484 3197 4152
7164 2 2 2 1 1748 5010 5897
7165 2 2 2 1 1668 3156 4898
7166 2 2 2 1 2638 950 4220
7167 2 2 2 1 1917 4159 4420
7168 2 2 2 1 2871 991 3996
7169 2 2 2 1 4257 1728 5133
7170 2 2 2 1 3108 1137 3674
7171 2 2 2 1 3156 710 4898
7172 2 2 2 1 1474 2614 5081
7173 2 2 2 1 504 4787 5498
7174 2 2 2 1 785 3003 4186
7175 2 2 2 1 1186 3023 5196
7176 2 2 2 1 2952 1794 4897
7177 2 2 2 1 3877 5626 5689
7178 2 2 2 1 1307 2871 3996
7179 2 2 2 1 2640 1592 4223
7180 2 2 2 1 53 2983 5362
7181 2 2 2 1 1279 3140 5199
7182 2 2 2 1 361 3266 5480
7183 2 2 2 1 2187 4245 5029
7184 2 2 2 1 982 3259 5753
7185 2 2 2 1 705 3674 4138
7186 2 2 2 1 2593 1178 4524
7187 2 2 2 1 3003 1404 4186
7188 2 2 2 1 1396 2568 5313
7189 2 2 2 1 1447 2636 5008
7190 2 2 2 1 1041 2737 3959
7191 2 2 2 1 2952 696 5653
7192 2 2 2 1 106 107 4025
7193 2 2 2 1 2572 633 4804
7194 2 2 2 1 3165 1084 3490
7195 2 2 2 1 1407 2810 4482
7196 2 2 2 1 1583 2580 4585
7197 2 2 2 1 1794 2952 5653
7198 2 2 2 1 655 2673 4140
7199 2 2 2 1 1531 4160 4304
7200 2 2 2 1 2570 586 4866
7201 2 2 2 1 570 2604 5103
7202 2 2 2 1 1666 3557 4260
7203 2 2 2 1 3193 539 3686
7204 2 2 2 1 2637 1274 4858
7205 2 2 2 1 1336 2625 4470
7206 2 2 2 1 3037 3663 5623
7207 2 2 2 1 2604 1477 5103
7208 2 2 2 1 132 133 3986
7209 2 2 2 1 2909 36 5016
7210 2 2 2 1 4150 1779 4797
7211 2 2 2 1 3557 787 4260
7212 2 2 2 1 555 2608 5827
7213 2 2 2 1 2328 4352 6009
7214 2 2 2 1 2853 1209 5911
7215 2 2 2 1 2918 1489 3975
7216 2 2 2 1 2996 1755 5441
7217 2 2 2 1 1383 2578 4773
7218 2 2 2 1 3114 551 4215
7219 2 2 2 1 2810 877 4482
7220 2 2 2 1 1195 2948 4776
7221 2 2 2 1 2848 1387 4697
7222 2 2 2 1 3314 1319 4234
7223 2 2 2 1 1373 3157 3861
7224 2 2 2 1 3157 425 3861
7225 2 2 2 1 1370 4094 4420
7226 2 2 2 1 1640 2572 4862
7227 2 2 2 1 2899 1053 5153
7228 2 2 2 1 1347 3193 3686
7229 2 2 2 1 255 256 3472
7230 2 2 2 1 921 2918 3975
7231 2 2 2 1 3070 1826 5609
7232 2 2 2 1 2325 2949 4948
7233 2 2 2 1 1422 3880 4170
7234 2 2 2 1 2579 1418 5292
7235 2 2 2 1 542 2634 4487
7236 2 2 2 1 2616 1315 5250
7237 2 2 2 1 2604 570 5222
7238 2 2 2 1 2634 1341 4487
7239 2 2 2 1 2688 958 5605
7240 2 2 2 1 1123 2996 5441
7241 2 2 2 1 367 2623 5736
7242 2 2 2 1 2902 1200 4435
7243 2 2 2 1 2744 1310 3991
7244 2 2 2 1 865 2727 5323
7245 2 2 2 1 660 2655 5899
7246 2 2 2 1 198 2744 3991
7247 2 2 2 1 2574 890 4932
7248 2 2 2 1 2718 1516 5649
7249 2 2 2 1 357 2652 5893
7250 2 2 2 1 612 3410 3718
7251 2 2 2 1 3298 1249 4942
7252 2 2 2 1 4837 3124 5760
7253 2 2 2 1 2822 648 3849
7254 2 2 2 1 3539 1069 5845
7255 2 2 2 1 2586 1044 4746
7256 2 2 2 1 3432 1423 3526
7257 2 2 2 1 3195 1188 4529
7258 2 2 2 1 3059 553 5724
7259 2 2 2 1 2727 1587 5323
7260 2 2 2 1 1174 3667 3668
7261 2 2 2 1 404 3511 3710
7262 2 2 2 1 3728 687 5123
7263 2 2 2 1 2625 1336 5555
7264 2 2 2 1 3667 1656 3668
7265 2 2 2 1 2627 1120 4393
7266 2 2 2 1 1282 2704 4325
7267 2 2 2 1 800 4913 6010
7268 2 2 2 1 5733 2423 5924
7269 2 2 2 1 1204 3038 4264
7270 2 2 2 1 1367 2986 4613
7271 2 2 2 1 506 3360 3700
7272 2 2 2 1 2694 610 5542
7273 2 2 2 1 128 129 3590
7274 2 2 2 1 1366 2695 5964
7275 2 2 2 1 963 2681 4166
7276 2 2 2 1 484 2838 6065
7277 2 2 2 1 3346 319 6031
7278 2 2 2 1 706 2977 4444
7279 2 2 2 1 2639 2276 5861
7280 2 2 2 1 4533 580 4643
7281 2 2 2 1 2655 1681 5899
7282 2 2 2 1 2589 1495 4744
7283 2 2 2 1 2746 1236 4137
7284 2 2 2 1 2977 1463 4444
7285 2 2 2 1 925 2793 4769
7286 2 2 2 1 1766 3298 4942
7287 2 2 2 1 3753 1255 5764
7288 2 2 2 1 175 176 3820
7289 2 2 2 1 2621 605 5455
7290 2 2 2 1 1904 3189 4516
7291 2 2 2 1 324 3063 3670
7292 2 2 2 1 607 3527 5426
7293 2 2 2 1 3804 1619 4320
7294 2 2 2 1 3116 550 3555
7295 2 2 2 1 200 3033 5278
7296 2 2 2 1 1495 2589 4971
7297 2 2 2 1 1558 2621 5455
7298 2 2 2 1 2139 3346 6031
7299 2 2 2 1 1178 2593 5132
7300 2 2 2 1 1616 2694 5542
7301 2 2 2 1 1125 3378 4747
7302 2 2 2 1 3495 1773 3621
7303 2 2 2 1 3157 1227 3922
7304 2 2 2 1 2649 1760 4284
7305 2 2 2 1 934 2915 4091
7306 2 2 2 1 2699 573 4112
7307 2 2 2 1 607 5426 5436
7308 2 2 2 1 1459 2642 4635
7309 2 2 2 1 1233 2927 3773
7310 2 2 2 1 2579 4983 5596
7311 2 2 2 1 4231 715 4562
7312 2 2 2 1 60 61 4724
7313 2 2 2 1 933 3244 5627
7314 2 2 2 1 4047 1663 5781
7315 2 2 2 1 2598 1148 4590
7316 2 2 2 1 592 2617 5333
7317 2 2 2 1 3063 1268 3670
7318 2 2 2 1 1869 2626 5774
7319 2 2 2 1 3048 521 3622
7320 2 2 2 1 1485 3510 5974
7321 2 2 2 1 2232 4292 4854
7322 2 2 2 1 4983 1476 5596
7323 2 2 2 1 2709 1242 4722
7324 2 2 2 1 1488 2656 4306
7325 2 2 2 1 4148 1991 5540
7326 2 2 2 1 3504 2109 5946
7327 2 2 2 1 4292 761 4854
7328 2 2 2 1 1171 2664 4868
7329 2 2 2 1 1172 2922 4895
7330 2 2 2 1 1332 3449 3586
7331 2 2 2 1 1136 2692 4149
7332 2 2 2 1 950 3382 4220
7333 2 2 2 1 3784 1567 3806
7334 2 2 2 1 3691 3047 5658
7335 2 2 2 1 2961 1208 3947
7336 2 2 2 1 2666 280 4753
7337 2 2 2 1 2743 316 4006
7338 2 2 2 1 3449 1380 3586
7339 2 2 2 1 3606 1431 4061
7340 2 2 2 1 2840 770 3852
7341 2 2 2 1 1324 2604 5222
7342 2 2 2 1 2646 1023 4322
7343 2 2 2 1 2684 258 4348
7344 2 2 2 1 1999 4429 5958
7345 2 2 2 1 600 2625 5555
7346 2 2 2 1 1955 3021 6108
7347 2 2 2 1 542 2616 5250
7348 2 2 2 1 605 4001 4805
7349 2 2 2 1 1689 2771 3963
7350 2 2 2 1 663 3270 4669
7351 2 2 2 1 3241 897 3746
7352 2 2 2 1 1116 4287 5603
7353 2 2 2 1 666 3446 5057
7354 2 2 2 1 3061 1348 4115
7355 2 2 2 1 3252 621 5112
7356 2 2 2 1 2942 1608 3716
7357 2 2 2 1 1068 4660 6106
7358 2 2 2 1 1344 4221 4692
7359 2 2 2 1 4179 1190 4699
7360 2 2 2 1 3021 223 6108
7361 2 2 2 1 2880 93 4239
7362 2 2 2 1 4725 1650 5300
7363 2 2 2 1 2651 1210 5733
7364 2 2 2 1 845 2599 4791
7365 2 2 2 1 3190 1619 3804
7366 2 2 2 1 2988 884 4144
7367 2 2 2 1 231 232 3759
7368 2 2 2 1 171 172 4341
7369 2 2 2 1 1733 3371 4298
7370 2 2 2 1 1810 4310 4628
7371 2 2 2 1 1384 2988 4144
7372 2 2 2 1 2651 888 4332
7373 2 2 2 1 97 98 4473
7374 2 2 2 1 1675 3241 3746
7375 2 2 2 1 901 2868 3825
7376 2 2 2 1 1427 2597 5180
7377 2 2 2 1 1108 3219 3503
7378 2 2 2 1 2659 1660 5813
7379 2 2 2 1 1267 4125 5684
7380 2 2 2 1 2158 4361 6038
7381 2 2 2 1 375 3784 3806
7382 2 2 2 1 3043 1263 3719
7383 2 2 2 1 5438 391 5477
7384 2 2 2 1 2770 1257 3981
7385 2 2 2 1 689 4684 5828
7386 2 2 2 1 2611 1106 5156
7387 2 2 2 1 609 4734 5246
7388 2 2 2 1 3914 2083 4449
7389 2 2 2 1 686 2992 4912
7390 2 2 2 1 2858 1364 3843
7391 2 2 2 1 1116 3302 5281
7392 2 2 2 1 186 3043 3719
7393 2 2 2 1 3360 1854 3700
7394 2 2 2 1 3456 2576 5285
7395 2 2 2 1 313 3066 3741
7396 2 2 2 1 3130 1515 4532
7397 2 2 2 1 4214 1292 5402
7398 2 2 2 1 2036 4126 4600
7399 2 2 2 1 386 2606 5923
7400 2 2 2 1 1209 2914 5911
7401 2 2 2 1 722 2620 5290
7402 2 2 2 1 1263 3630 4537
7403 2 2 2 1 2958 1531 4788
7404 2 2 2 1 4856 1450 6045
7405 2 2 2 1 3132 1411 3577
7406 2 2 2 1 2611 743 5158
7407 2 2 2 1 1140 3675 5888
7408 2 2 2 1 68 3065 5047
7409 2 2 2 1 1401 2666 4753
7410 2 2 2 1 864 2642 5001
7411 2 2 2 1 3219 1399 3503
7412 2 2 2 1 2979 599 3736
7413 2 2 2 1 1063 2958 4788
7414 2 2 2 1 387 3248 5272
7415 2 2 2 1 3335 1549 4966
7416 2 2 2 1 2642 1459 5001
7417 2 2 2 1 1219 2742 5052
7418 2 2 2 1 1915 3632 5636
7419 2 2 2 1 657 3101 5630
7420 2 2 2 1 1107 3391 3892
7421 2 2 2 1 1226 3430 5747
7422 2 2 2 1 1243 2613 5067
7423 2 2 2 1 2936 1000 5297
7424 2 2 2 1 5611 2502 5840
7425 2 2 2 1 2701 1105 6091
7426 2 2 2 1 1246 2793 4017
7427 2 2 2 1 1592 2640 5591
7428 2 2 2 1 164 165 4496
7429 2 2 2 1 2640 1057 5591
7430 2 2 2 1 4159 437 4420
7431 2 2 2 1 1634 2664 4357
7432 2 2 2 1 4254 1408 4503
7433 2 2 2 1 4126 1523 4600
7434 2 2 2 1 520 3648 5931
7435 2 2 2 1 1394 2624 4700
7436 2 2 2 1 1234 3104 3863
7437 2 2 2 1 3140 1279 4547
7438 2 2 2 1 1417 3453 3650
7439 2 2 2 1 2310 2941 4122
7440 2 2 2 1 4684 2595 5828
7441 2 2 2 1 2614 1474 4926
7442 2 2 2 1 235 2866 5578
7443 2 2 2 1 2790 1435 4677
7444 2 2 2 1 388 3047 5682
7445 2 2 2 1 4953 1791 5183
7446 2 2 2 1 54 55 4233
7447 2 2 2 1 3876 2738 5923
7448 2 2 2 1 3312 370 4195
7449 2 2 2 1 866 2677 4617
7450 2 2 2 1 817 4708 4749
7451 2 2 2 1 1847 5699 5886
7452 2 2 2 1 14 2881 5122
7453 2 2 2 1 391 3432 5477
7454 2 2 2 1 4237 321 5440
7455 2 2 2 1 2618 335 4952
7456 2 2 2 1 3137 615 3983
7457 2 2 2 1 2927 557 3773
7458 2 2 2 1 734 2790 4677
7459 2 2 2 1 606 3600 3809
7460 2 2 2 1 663 3838 4055
7461 2 2 2 1 4708 2364 4749
7462 2 2 2 1 370 3317 4195
7463 2 2 2 1 2958 1063 3740
7464 2 2 2 1 1390 3137 3983
7465 2 2 2 1 2613 565 5138
7466 2 2 2 1 2643 987 5600
7467 2 2 2 1 4389 2062 5228
7468 2 2 2 1 1147 2998 3712
7469 2 2 2 1 3600 1501 3809
7470 2 2 2 1 1737 2647 5630
7471 2 2 2 1 1007 2629 5259
7472 2 2 2 1 66 2841 4111
7473 2 2 2 1 1651 2797 4124
7474 2 2 2 1 2704 1416 5213
7475 2 2 2 1 1023 2652 5643
7476 2 2 2 1 1292 2984 3917
7477 2 2 2 1 2685 1181 5812
7478 2 2 2 1 48 49 3823
7479 2 2 2 1 533 3076 3641
7480 2 2 2 1 4632 1788 4916
7481 2 2 2 1 1863 4223 5179
7482 2 2 2 1 3599 947 5882
7483 2 2 2 1 2614 239 4989
7484 2 2 2 1 2086 2650 6002
7485 2 2 2 1 3471 858 4531
7486 2 2 2 1 4001 1159 6127
7487 2 2 2 1 2223 3599 5882
7488 2 2 2 1 1137 3215 3674
7489 2 2 2 1 2663 1671 5676
7490 2 2 2 1 3433 1254 3958
7491 2 2 2 1 1789 3395 4851
7492 2 2 2 1 1378 4114 4185
7493 2 2 2 1 133 134 4573
7494 2 2 2 1 839 4470 5694
7495 2 2 2 1 1739 3467 4717
7496 2 2 2 1 2632 866 5302
7497 2 2 2 1 3302 1116 3673
7498 2 2 2 1 4018 526 4100
7499 2 2 2 1 2969 937 4737
7500 2 2 2 1 156 157 4882
7501 2 2 2 1 4470 2625 5694
7502 2 2 2 1 2762 1608 5428
7503 2 2 2 1 2630 837 5187
7504 2 2 2 1 3694 1886 4768
7505 2 2 2 1 3467 657 4717
7506 2 2 2 1 1498 2684 4348
7507 2 2 2 1 789 2762 5428
7508 2 2 2 1 734 2644 5560
7509 2 2 2 1 1242 2979 3736
7510 2 2 2 1 2526 2753 5474
7511 2 2 2 1 1215 3957 5810
7512 2 2 2 1 2629 1478 5315
7513 2 2 2 1 3364 1169 4172
7514 2 2 2 1 3153 630 3928
7515 2 2 2 1 3214 1577 3707
7516 2 2 2 1 2657 1135 4479
7517 2 2 2 1 2904 1248 3857
7518 2 2 2 1 4391 1942 5987
7519 2 2 2 1 910 2746 4137
7520 2 2 2 1 49 50 5442
7521 2 2 2 1 2793 925 4017
7522 2 2 2 1 2984 29 3917
7523 2 2 2 1 2690 302 4660
7524 2 2 2 1 560 3214 3707
7525 2 2 2 1 1022 2963 5475
7526 2 2 2 1 1200 3047 3691
7527 2 2 2 1 3458 1320 3501
7528 2 2 2 1 1487 3402 4483
7529 2 2 2 1 1434 3070 4275
7530 2 2 2 1 2300 4466 5811
7531 2 2 2 1 3070 79 4275
7532 2 2 2 1 3486 1527 3592
7533 2 2 2 1 690 3694 4768
7534 2 2 2 1 4396 2281 5856
7535 2 2 2 1 974 2682 5618
7536 2 2 2 1 3501 609 3514
7537 2 2 2 1 390 3366 3843
7538 2 2 2 1 1478 4268 4405
7539 2 2 2 1 4374 118 5144
7540 2 2 2 1 740 2705 6038
7541 2 2 2 1 2636 1447 5729
7542 2 2 2 1 1852 2653 6102
7543 2 2 2 1 161 2815 3982
7544 2 2 2 1 3427 1756 5317
7545 2 2 2 1 1238 3064 3970
7546 2 2 2 1 604 2904 3857
7547 2 2 2 1 3041 1880 5902
7548 2 2 2 1 1403 4255 4918
7549 2 2 2 1 3374 1265 3800
7550 2 2 2 1 2964 1282 4270
7551 2 2 2 1 3009 544 5698
7552 2 2 2 1 2816 1074 5607
7553 2 2 2 1 21 3127 4924
7554 2 2 2 1 3244 710 5007
7555 2 2 2 1 1797 3009 5698
7556 2 2 2 1 3513 1099 5299
7557 2 2 2 1 1260 3187 3650
7558 2 2 2 1 2698 1079 4308
7559 2 2 2 1 1736 3244 5007
7560 2 2 2 1 1707 3662 4918
7561 2 2 2 1 3996 1652 4947
7562 2 2 2 1 3306 2009 4658
7563 2 2 2 1 3649 1438 4623
7564 2 2 2 1 813 2663 4504
7565 2 2 2 1 1217 2824 5063
7566 2 2 2 1 1841 3791 4732
7567 2 2 2 1 39 3041 5902
7568 2 2 2 1 3102 1562 4721
7569 2 2 2 1 1155 3102 4721
7570 2 2 2 1 3667 432 4238
7571 2 2 2 1 2896 1072 4620
7572 2 2 2 1 310 2895 3880
7573 2 2 2 1 1656 3667 4238
7574 2 2 2 1 1626 2865 3920
7575 2 2 2 1 580 2637 4858
7576 2 2 2 1 1751 4358 4506
7577 2 2 2 1 1149 3797 5991
7578 2 2 2 1 1814 4859 5821
7579 2 2 2 1 4321 1902 5664
7580 2 2 2 1 2689 369 4905
7581 2 2 2 1 2776 528 4518
7582 2 2 2 1 1098 2685 4421
7583 2 2 2 1 525 2706 5404
7584 2 2 2 1 3158 1234 3863
7585 2 2 2 1 911 2850 4153
7586 2 2 2 1 2821 1039 5069
7587 2 2 2 1 831 3515 5221
7588 2 2 2 1 3572 1290 6090
7589 2 2 2 1 2910 429 4327
7590 2 2 2 1 995 2946 3895
7591 2 2 2 1 4313 585 5275
7592 2 2 2 1 2679 97 4473
7593 2 2 2 1 2800 1013 4701
7594 2 2 2 1 4416 768 4615
7595 2 2 2 1 696 3937 5653
7596 2 2 2 1 1434 2800 4701
7597 2 2 2 1 1384 2641 4881
7598 2 2 2 1 2155 4416 4615
7599 2 2 2 1 543 2681 4463
7600 2 2 2 1 3937 2337 5653
7601 2 2 2 1 2861 536 3985
7602 2 2 2 1 149 150 3669
7603 2 2 2 1 581 3271 5570
7604 2 2 2 1 3515 1964 5221
7605 2 2 2 1 2099 2655 5337
7606 2 2 2 1 2680 600 5555
7607 2 2 2 1 2910 1229 3877
7608 2 2 2 1 2640 1863 6024
7609 2 2 2 1 1400 3491 3682
7610 2 2 2 1 1118 3801 4519
7611 2 2 2 1 2855 651 4566
7612 2 2 2 1 502 3789 4550
7613 2 2 2 1 2630 421 5051
7614 2 2 2 1 965 3066 4464
7615 2 2 2 1 1359 3133 4690
7616 2 2 2 1 1075 3210 5053
7617 2 2 2 1 1275 2861 3985
7618 2 2 2 1 1421 2855 4566
7619 2 2 2 1 1690 3949 4586
7620 2 2 2 1 3491 1366 3682
7621 2 2 2 1 1679 3118 5107
7622 2 2 2 1 3789 2049 4550
7623 2 2 2 1 1859 3875 5171
7624 2 2 2 1 2946 1278 3895
7625 2 2 2 1 3118 717 5107
7626 2 2 2 1 3749 682 4280
7627 2 2 2 1 3247 783 5496
7628 2 2 2 1 3338 1972 3634
7629 2 2 2 1 2188 3675 6081
7630 2 2 2 1 2083 4287 5281
7631 2 2 2 1 4336 1480 5013
7632 2 2 2 1 2014 4179 4699
7633 2 2 2 1 2932 1170 3924
7634 2 2 2 1 1816 3060 4289
7635 2 2 2 1 3429 640 5206
7636 2 2 2 1 3077 718 4261
7637 2 2 2 1 11 12 5325
7638 2 2 2 1 1900 3247 5496
7639 2 2 2 1 3445 395 4319
7640 2 2 2 1 3294 1241 3530
7641 2 2 2 1 564 2685 4508
7642 2 2 2 1 1144 3172 3619
7643 2 2 2 1 2654 594 5256
7644 2 2 2 1 2807 1894 4048
7645 2 2 2 1 2793 1246 5308
7646 2 2 2 1 419 4733 4925
7647 2 2 2 1 2694 883 5943
7648 2 2 2 1 3259 1941 5753
7649 2 2 2 1 3275 1020 4526
7650 2 2 2 1 1772 3758 3761
7651 2 2 2 1 608 2899 5153
7652 2 2 2 1 75 76 4525
7653 2 2 2 1 4141 2299 5279
7654 2 2 2 1 283 282 3605
7655 2 2 2 1 4228 841 5848
7656 2 2 2 1 3758 1184 3761
7657 2 2 2 1 899 4806 5675
7658 2 2 2 1 214 215 3837
7659 2 2 2 1 3325 333 4900
7660 2 2 2 1 1585 3275 4526
7661 2 2 2 1 1426 2916 5702
7662 2 2 2 1 1850 3250 5377
7663 2 2 2 1 750 4164 5594
7664 2 2 2 1 3250 674 5377
7665 2 2 2 1 1336 2680 5555
7666 2 2 2 1 2977 706 3974
7667 2 2 2 1 969 2767 5286
7668 2 2 2 1 2106 4226 5763
7669 2 2 2 1 998 4141 5279
7670 2 2 2 1 1936 3759 5136
7671 2 2 2 1 4892 1792 5510
7672 2 2 2 1 1219 3216 5369
7673 2 2 2 1 2974 707 5944
7674 2 2 2 1 4733 2422 4925
7675 2 2 2 1 1231 3735 4430
7676 2 2 2 1 50 3293 5442
7677 2 2 2 1 1647 3677 3690
7678 2 2 2 1 4246 2074 4626
7679 2 2 2 1 3677 1192 3690
7680 2 2 2 1 1677 4626 5823
7681 2 2 2 1 3258 1803 5243
7682 2 2 2 1 701 4246 4626
7683 2 2 2 1 3596 1350 4332
7684 2 2 2 1 201 202 4832
7685 2 2 2 1 3626 1616 5035
7686 2 2 2 1 600 2680 5526
7687 2 2 2 1 2662 1883 5370
7688 2 2 2 1 2884 1201 4228
7689 2 2 2 1 1654 3858 4411
7690 2 2 2 1 682 3258 5243
7691 2 2 2 1 3156 1668 4378
7692 2 2 2 1 3309 1239 4621
7693 2 2 2 1 2734 2050 6145
7694 2 2 2 1 3542 2447 4868
7695 2 2 2 1 69 70 4812
7696 2 2 2 1 2677 1281 4617
7697 2 2 2 1 252 253 5247
7698 2 2 2 1 1475 4297 4981
7699 2 2 2 1 703 2649 4949
7700 2 2 2 1 1028 3202 5700
7701 2 2 2 1 439 4289 4726
7702 2 2 2 1 4823 1633 5006
7703 2 2 2 1 2957 1083 3856
7704 2 2 2 1 2712 1458 5735
7705 2 2 2 1 1603 5336 5512
7706 2 2 2 1 2452 4854 5771
7707 2 2 2 1 3194 313 3741
7708 2 2 2 1 2659 1983 4920
7709 2 2 2 1 2715 1844 5976
7710 2 2 2 1 2727 2211 5616
7711 2 2 2 1 1454 2741 5000
7712 2 2 2 1 1559 4500 4950
7713 2 2 2 1 1135 2658 5005
7714 2 2 2 1 2312 4269 5081
7715 2 2 2 1 4289 2135 4726
7716 2 2 2 1 3066 1830 3741
7717 2 2 2 1 4229 1419 4531
7718 2 2 2 1 1222 3134 5960
7719 2 2 2 1 316 2743 4883
7720 2 2 2 1 151 152 5834
7721 2 2 2 1 395 2961 3947
7722 2 2 2 1 172 2732 4341
7723 2 2 2 1 138 2908 5408
7724 2 2 2 1 1044 2698 5770
7725 2 2 2 1 1526 4352 5092
7726 2 2 2 1 2770 318 5110
7727 2 2 2 1 3610 1186 3956
7728 2 2 2 1 2993 1821 5920
7729 2 2 2 1 3280 1075 5053
7730 2 2 2 1 3200 396 4279
7731 2 2 2 1 2660 308 4835
7732 2 2 2 1 2883 591 3967
7733 2 2 2 1 4577 2412 5716
7734 2 2 2 1 1549 4576 4966
7735 2 2 2 1 1479 3200 4279
7736 2 2 2 1 2665 961 6021
7737 2 2 2 1 639 2721 4874
7738 2 2 2 1 4530 2169 4809
7739 2 2 2 1 3337 588 3671
7740 2 2 2 1 243 244 5403
7741 2 2 2 1 155 156 3926
7742 2 2 2 1 1016 2846 4480
7743 2 2 2 1 3211 1249 4082
7744 2 2 2 1 1557 3312 4195
7745 2 2 2 1 1291 3392 3514
7746 2 2 2 1 2721 1432 4874
7747 2 2 2 1 1802 2668 5262
7748 2 2 2 1 2712 1972 5914
7749 2 2 2 1 2846 1392 4480
7750 2 2 2 1 524 2677 4777
7751 2 2 2 1 3417 394 5820
7752 2 2 2 1 4352 2328 5092
7753 2 2 2 1 3187 391 3650
7754 2 2 2 1 908 2708 5821
7755 2 2 2 1 2736 3887 4982
7756 2 2 2 1 1483 3246 3728
7757 2 2 2 1 1461 2755 6082
7758 2 2 2 1 605 2870 4001
7759 2 2 2 1 685 2993 5920
7760 2 2 2 1 1877 3554 4447
7761 2 2 2 1 1586 3359 4841
7762 2 2 2 1 24 2727 5616
7763 2 2 2 1 3041 1156 4244
7764 2 2 2 1 2669 426 4841
7765 2 2 2 1 3246 1077 3728
7766 2 2 2 1 1306 2776 4518
7767 2 2 2 1 3044 142 6137
7768 2 2 2 1 2678 312 5329
7769 2 2 2 1 22 23 5195
7770 2 2 2 1 3138 2138 3725
7771 2 2 2 1 4618 1364 5037
7772 2 2 2 1 3548 2247 5042
7773 2 2 2 1 2677 866 4785
7774 2 2 2 1 1880 3041 4244
7775 2 2 2 1 1393 2863 4509
7776 2 2 2 1 3147 997 4775
7777 2 2 2 1 2840 1574 5230
7778 2 2 2 1 970 3138 3725
7779 2 2 2 1 253 254 3711
7780 2 2 2 1 2889 441 4469
7781 2 2 2 1 932 2679 5916
7782 2 2 2 1 1385 2686 5884
7783 2 2 2 1 770 2840 5230
7784 2 2 2 1 2740 359 4363
7785 2 2 2 1 2714 1993 5836
7786 2 2 2 1 57 58 3652
7787 2 2 2 1 1001 2717 4426
7788 2 2 2 1 3401 1928 3744
7789 2 2 2 1 426 4150 4797
7790 2 2 2 1 643 3225 4376
7791 2 2 2 1 1498 3874 4608
7792 2 2 2 1 1321 3458 3501
7793 2 2 2 1 1486 4394 5571
7794 2 2 2 1 4952 335 5098
7795 2 2 2 1 877 2810 5444
7796 2 2 2 1 544 3009 4465
7797 2 2 2 1 80 2800 4275
7798 2 2 2 1 4337 1711 6005
7799 2 2 2 1 3084 2108 3961
7800 2 2 2 1 3977 491 5178
7801 2 2 2 1 1269 3868 4530
7802 2 2 2 1 3225 1770 4376
7803 2 2 2 1 3874 1887 4608
7804 2 2 2 1 4538 1431 4581
7805 2 2 2 1 3009 1442 4465
7806 2 2 2 1 3131 1691 4140
7807 2 2 2 1 413 3243 3721
7808 2 2 2 1 2463 4077 4559
7809 2 2 2 1 3070 1434 4377
7810 2 2 2 1 2027 4291 5383
7811 2 2 2 1 806 4403 5416
7812 2 2 2 1 958 2722 5605
7813 2 2 2 1 1711 5559 6005
7814 2 2 2 1 1470 3628 3767
7815 2 2 2 1 3941 1500 3971
7816 2 2 2 1 2722 1601 5605
7817 2 2 2 1 1159 4994 6127
7818 2 2 2 1 3185 77 5609
7819 2 2 2 1 3243 1332 3721
7820 2 2 2 1 2810 1611 5444
7821 2 2 2 1 1184 3386 5633
7822 2 2 2 1 50 51 4722
7823 2 2 2 1 369 2689 4772
7824 2 2 2 1 3628 1344 3767
7825 2 2 2 1 119 120 3998
7826 2 2 2 1 2823 929 4135
7827 2 2 2 1 4904 1884 5106
7828 2 2 2 1 3243 1261 3618
7829 2 2 2 1 476 3401 3744
7830 2 2 2 1 1812 4598 4849
7831 2 2 2 1 1298 3708 4285
7832 2 2 2 1 2156 3977 5178
7833 2 2 2 1 217 5353 5851
7834 2 2 2 1 4041 602 4588
7835 2 2 2 1 3261 1118 3614
7836 2 2 2 1 1227 3446 3922
7837 2 2 2 1 4065 2193 4697
7838 2 2 2 1 3291 1384 5508
7839 2 2 2 1 1228 3432 3526
7840 2 2 2 1 2695 1366 5198
7841 2 2 2 1 975 3197 5928
7842 2 2 2 1 3649 1994 4630
7843 2 2 2 1 4187 430 4212
7844 2 2 2 1 1441 2758 4319
7845 2 2 2 1 1865 4187 4212
7846 2 2 2 1 5454 2235 5721
7847 2 2 2 1 2734 1231 4430
7848 2 2 2 1 894 4967 5071
7849 2 2 2 1 5712 3417 5820
7850 2 2 2 1 3120 1745 5385
7851 2 2 2 1 1684 3794 6047
7852 2 2 2 1 3197 1971 5928
7853 2 2 2 1 3403 570 4774
7854 2 2 2 1 2841 1333 4111
7855 2 2 2 1 612 3718 5628
7856 2 2 2 1 929 2839 4135
7857 2 2 2 1 2819 216 5851
7858 2 2 2 1 2755 1429 4346
7859 2 2 2 1 1812 4328 5798
7860 2 2 2 1 3641 1750 5017
7861 2 2 2 1 3200 1253 4097
7862 2 2 2 1 2996 1123 3884
7863 2 2 2 1 1074 3120 5385
7864 2 2 2 1 3201 1884 5165
7865 2 2 2 1 1400 3015 4631
7866 2 2 2 1 2839 1285 4135
7867 2 2 2 1 58 59 4855
7868 2 2 2 1 2796 905 4542
7869 2 2 2 1 91 92 5214
7870 2 2 2 1 1084 2885 4582
7871 2 2 2 1 2912 1352 4239
7872 2 2 2 1 1723 3235 3780
7873 2 2 2 1 2939 1528 5159
7874 2 2 2 1 1232 3183 4851
7875 2 2 2 1 2830 2071 4187
7876 2 2 2 1 3062 1064 3868
7877 2 2 2 1 4967 2626 5071
7878 2 2 2 1 36 37 5016
7879 2 2 2 1 528 2776 4870
7880 2 2 2 1 2812 1492 5083
7881 2 2 2 1 1269 2829 4850
7882 2 2 2 1 4806 2493 5675
7883 2 2 2 1 1230 3732 4582
7884 2 2 2 1 1556 3676 4796
7885 2 2 2 1 539 3394 5686
7886 2 2 2 1 240 4839 4989
7887 2 2 2 1 94 2912 4239
7888 2 2 2 1 562 3164 4628
7889 2 2 2 1 2835 1262 5371
7890 2 2 2 1 2825 1880 4172
7891 2 2 2 1 1260 3453 4614
7892 2 2 2 1 1429 3653 4346
7893 2 2 2 1 3549 1185 5089
7894 2 2 2 1 2863 1004 4509
7895 2 2 2 1 2733 164 4496
7896 2 2 2 1 517 4530 4809
7897 2 2 2 1 2745 373 4434
7898 2 2 2 1 3215 1375 3674
7899 2 2 2 1 1609 2696 4789
7900 2 2 2 1 2795 535 4351
7901 2 2 2 1 934 3018 3886
7902 2 2 2 1 299 3305 5857
7903 2 2 2 1 626 3716 5429
7904 2 2 2 1 1227 3157 3726
7905 2 2 2 1 3053 1831 5879
7906 2 2 2 1 2750 1436 4960
7907 2 2 2 1 1444 2967 4552
7908 2 2 2 1 3446 1541 3922
7909 2 2 2 1 151 2789 4619
7910 2 2 2 1 1552 4624 5310
7911 2 2 2 1 1737 3101 3799
7912 2 2 2 1 686 3053 5879
7913 2 2 2 1 1971 3437 4087
7914 2 2 2 1 876 2818 5180
7915 2 2 2 1 2967 126 4552
7916 2 2 2 1 1085 4216 4657
7917 2 2 2 1 1533 2757 5368
7918 2 2 2 1 1249 3298 4543
7919 2 2 2 1 3409 2498 5251
7920 2 2 2 1 3071 48 3823
7921 2 2 2 1 904 2976 4936
7922 2 2 2 1 1305 2689 4905
7923 2 2 2 1 1493 3642 3944
7924 2 2 2 1 3437 1037 4087
7925 2 2 2 1 4429 1999 5831
7926 2 2 2 1 3215 498 3936
7927 2 2 2 1 1907 5574 6129
7928 2 2 2 1 3351 644 5241
7929 2 2 2 1 2800 1434 4275
7930 2 2 2 1 1512 3161 5587
7931 2 2 2 1 4216 2053 4657
7932 2 2 2 1 2742 1784 6049
7933 2 2 2 1 1679 3436 4762
7934 2 2 2 1 1190 2707 4699
7935 2 2 2 1 3666 1279 5199
7936 2 2 2 1 3643 364 4571
7937 2 2 2 1 2124 5212 6126
7938 2 2 2 1 1375 3215 3936
7939 2 2 2 1 5342 640 5707
7940 2 2 2 1 1092 2940 4151
7941 2 2 2 1 2844 668 5382
7942 2 2 2 1 122 123 5036
7943 2 2 2 1 3207 2323 5895
7944 2 2 2 1 51 2709 4722
7945 2 2 2 1 2776 1306 6026
7946 2 2 2 1 4237 1408 4254
7947 2 2 2 1 3493 1253 5898
7948 2 2 2 1 1165 4954 5717
7949 2 2 2 1 1602 2844 5382
7950 2 2 2 1 1490 2750 5157
7951 2 2 2 1 228 229 5986
7952 2 2 2 1 2904 1305 4055
7953 2 2 2 1 2738 386 5923
7954 2 2 2 1 3276 431 5149
7955 2 2 2 1 3184 1166 3713
7956 2 2 2 1 590 2970 4886
7957 2 2 2 1 3067 546 4210
7958 2 2 2 1 3017 2357 5522
7959 2 2 2 1 348 4393 5501
7960 2 2 2 1 3045 1661 5252
7961 2 2 2 1 146 147 5747
7962 2 2 2 1 1251 2728 5791
7963 2 2 2 1 3535 1355 3576
7964 2 2 2 1 2970 1522 4886
7965 2 2 2 1 3058 2020 4330
7966 2 2 2 1 3074 1979 3848
7967 2 2 2 1 1364 3535 3576
7968 2 2 2 1 3675 410 6081
7969 2 2 2 1 195 3045 5252
7970 2 2 2 1 4249 1669 5703
7971 2 2 2 1 1014 3178 4250
7972 2 2 2 1 3023 1186 3907
7973 2 2 2 1 2914 1209 4593
7974 2 2 2 1 5260 3062 6019
7975 2 2 2 1 3203 2125 3714
7976 2 2 2 1 1211 3203 3714
7977 2 2 2 1 700 3364 4172
7978 2 2 2 1 576 2695 5198
7979 2 2 2 1 1741 3818 5194
7980 2 2 2 1 4369 771 5216
7981 2 2 2 1 3436 1344 4762
7982 2 2 2 1 3858 3351 5810
7983 2 2 2 1 3330 1065 4510
7984 2 2 2 1 1930 4032 4566
7985 2 2 2 1 1269 3062 3868
7986 2 2 2 1 905 2796 4668
7987 2 2 2 1 185 186 3719
7988 2 2 2 1 1256 3194 3741
7989 2 2 2 1 491 4501 5178
7990 2 2 2 1 1701 2983 5883
7991 2 2 2 1 4032 1421 4566
7992 2 2 2 1 3685 1441 4061
7993 2 2 2 1 216 2819 4869
7994 2 2 2 1 3687 399 5238
7995 2 2 2 1 1658 3149 3783
7996 2 2 2 1 41 42 4865
7997 2 2 2 1 1769 3598 5577
7998 2 2 2 1 1521 3267 4931
7999 2 2 2 1 3494 1522 3580
8000 2 2 2 1 1414 3267 3774
8001 2 2 2 1 1381 3046 5977
8002 2 2 2 1 3112 1251 4453
8003 2 2 2 1 280 279 4753
8004 2 2 2 1 3267 1521 3774
8005 2 2 2 1 3046 1925 5977
8006 2 2 2 1 398 3494 3580
8007 2 2 2 1 2699 864 5001
8008 2 2 2 1 1601 2722 5625
8009 2 2 2 1 483 4355 4871
8010 2 2 2 1 1239 3528 4621
8011 2 2 2 1 595 3310 3766
8012 2 2 2 1 1558 3609 4097
8013 2 2 2 1 2708 908 5356
8014 2 2 2 1 3293 50 4722
8015 2 2 2 1 2774 555 5827
8016 2 2 2 1 3758 507 4933
8017 2 2 2 1 3448 1555 5116
8018 2 2 2 1 3609 396 4097
8019 2 2 2 1 622 2761 4491
8020 2 2 2 1 222 3021 4005
8021 2 2 2 1 2700 865 5323
8022 2 2 2 1 5619 2287 5986
8023 2 2 2 1 3717 537 5801
8024 2 2 2 1 3124 1241 5289
8025 2 2 2 1 4330 1090 5956
8026 2 2 2 1 1837 5073 5916
8027 2 2 2 1 249 250 5903
8028 2 2 2 1 1254 3300 4604
8029 2 2 2 1 4365 2446 5951
8030 2 2 2 1 3453 1260 3650
8031 2 2 2 1 1247 2977 3974
8032 2 2 2 1 2628 4330 5956
8033 2 2 2 1 3526 1423 4052
8034 2 2 2 1 456 3712 4999
8035 2 2 2 1 3035 1274 4087
8036 2 2 2 1 666 3804 4320
8037 2 2 2 1 3771 1952 4836
8038 2 2 2 1 217 218 5353
8039 2 2 2 1 742 3771 4836
8040 2 2 2 1 1325 3106 4474
8041 2 2 2 1 3715 1464 4086
8042 2 2 2 1 1337 2766 5473
8043 2 2 2 1 2952 1167 4123
8044 2 2 2 1 677 2834 4551
8045 2 2 2 1 963 2710 5004
8046 2 2 2 1 4476 1663 5012
8047 2 2 2 1 1599 4924 5876
8048 2 2 2 1 2732 933 5627
8049 2 2 2 1 2834 677 5837
8050 2 2 2 1 4779 2241 4847
8051 2 2 2 1 1638 5197 5200
8052 2 2 2 1 1629 4625 4670
8053 2 2 2 1 4583 1346 5339
8054 2 2 2 1 1136 4149 5966
8055 2 2 2 1 123 124 3742
8056 2 2 2 1 1273 3011 4199
8057 2 2 2 1 2839 428 5641
8058 2 2 2 1 1240 3415 3606
8059 2 2 2 1 2054 3174 3946
8060 2 2 2 1 1300 3118 4375
8061 2 2 2 1 4120 2553 6134
8062 2 2 2 1 1631 3506 5105
8063 2 2 2 1 3104 642 3863
8064 2 2 2 1 2713 474 5200
8065 2 2 2 1 3038 1258 4488
8066 2 2 2 1 1587 2727 4792
8067 2 2 2 1 2691 3854 4829
8068 2 2 2 1 2724 907 5601
8069 2 2 2 1 157 2720 4882
8070 2 2 2 1 2730 2010 6050
8071 2 2 2 1 3284 1570 5022
8072 2 2 2 1 3005 1510 4821
8073 2 2 2 1 4501 2303 5178
8074 2 2 2 1 2995 1066 4783
8075 2 2 2 1 2176 2819 5851
8076 2 2 2 1 2511 4641 5759
8077 2 2 2 1 3797 2165 5991
8078 2 2 2 1 1107 2777 6097
8079 2 2 2 1 3740 1063 6090
8080 2 2 2 1 1270 3561 5662
8081 2 2 2 1 1497 2995 4783
8082 2 2 2 1 1878 5644 5900
8083 2 2 2 1 3051 972 3929
8084 2 2 2 1 1326 3346 4155
8085 2 2 2 1 498 3306 3936
8086 2 2 2 1 1302 3329 3707
8087 2 2 2 1 2777 1726 6097
8088 2 2 2 1 3832 1385 4132
8089 2 2 2 1 2744 1764 4659
8090 2 2 2 1 3521 1143 3789
8091 2 2 2 1 3101 1737 5630
8092 2 2 2 1 1362 2770 5527
8093 2 2 2 1 1253 3631 5898
8094 2 2 2 1 926 3005 4821
8095 2 2 2 1 662 3701 4497
8096 2 2 2 1 1682 2869 5783
8097 2 2 2 1 1640 3832 4132
8098 2 2 2 1 955 2733 6025
8099 2 2 2 1 541 2796 4437
8100 2 2 2 1 3797 372 5069
8101 2 2 2 1 555 2936 4063
8102 2 2 2 1 3805 1231 6141
8103 2 2 2 1 1695 2834 5837
8104 2 2 2 1 2982 999 4101
8105 2 2 2 1 1036 2922 4083
8106 2 2 2 1 4485 1254 5832
8107 2 2 2 1 3687 1281 4099
8108 2 2 2 1 3724 1910 4739
8109 2 2 2 1 3860 2590 5439
8110 2 2 2 1 2915 1407 4091
8111 2 2 2 1 2716 972 5163
8112 2 2 2 1 2211 5195 5616
8113 2 2 2 1 179 180 5957
8114 2 2 2 1 933 2732 5486
8115 2 2 2 1 1027 3071 5506
8116 2 2 2 1 744 2726 4993
8117 2 2 2 1 1942 3152 4867
8118 2 2 2 1 3340 575 4942
8119 2 2 2 1 1206 3486 3592
8120 2 2 2 1 5132 2190 5374
8121 2 2 2 1 648 2822 4703
8122 2 2 2 1 98 99 4038
8123 2 2 2 1 792 4216 6002
8124 2 2 2 1 3178 1422 4250
8125 2 2 2 1 4006 1878 5900
8126 2 2 2 1 3088 405 4546
8127 2 2 2 1 1468 3088 4546
8128 2 2 2 1 3303 1924 5662
8129 2 2 2 1 4179 2014 4662
8130 2 2 2 1 868 4179 4662
8131 2 2 2 1 556 3303 5662
8132 2 2 2 1 2000 3337 3671
8133 2 2 2 1 2994 1038 4379
8134 2 2 2 1 3007 584 5102
8135 2 2 2 1 2009 3306 5975
8136 2 2 2 1 3367 1463 4758
8137 2 2 2 1 2285 4674 4834
8138 2 2 2 1 1231 3867 6141
8139 2 2 2 1 3144 1266 4251
8140 2 2 2 1 142 143 6137
8141 2 2 2 1 103 104 5959
8142 2 2 2 1 3306 498 5975
8143 2 2 2 1 628 3715 4167
8144 2 2 2 1 2892 1774 6063
8145 2 2 2 1 3142 1394 3847
8146 2 2 2 1 329 2892 6063
8147 2 2 2 1 102 103 3995
8148 2 2 2 1 1541 3446 4320
8149 2 2 2 1 3279 1437 4359
8150 2 2 2 1 2733 955 4981
8151 2 2 2 1 2902 1378 4185
8152 2 2 2 1 3446 666 4320
8153 2 2 2 1 3419 1113 3979
8154 2 2 2 1 4641 1828 5759
8155 2 2 2 1 1540 4400 4688
8156 2 2 2 1 2631 3776 5563
8157 2 2 2 1 3710 1460 3723
8158 2 2 2 1 1094 2735 4861
8159 2 2 2 1 3454 1672 4266
8160 2 2 2 1 3847 1394 4700
8161 2 2 2 1 2924 1258 5829
8162 2 2 2 1 1055 2731 5346
8163 2 2 2 1 1352 2880 4239
8164 2 2 2 1 557 3189 3963
8165 2 2 2 1 3123 2453 5585
8166 2 2 2 1 4002 642 5720
8167 2 2 2 1 2743 1278 4883
8168 2 2 2 1 2776 918 4557
8169 2 2 2 1 3047 388 4106
8170 2 2 2 1 1988 3505 5554
8171 2 2 2 1 635 3860 5439
8172 2 2 2 1 1433 3815 4276
8173 2 2 2 1 134 2780 4573
8174 2 2 2 1 2869 843 5783
8175 2 2 2 1 3516 2213 5481
8176 2 2 2 1 3505 620 5554
8177 2 2 2 1 404 3710 3723
8178 2 2 2 1 93 94 4239
8179 2 2 2 1 918 2776 6026
8180 2 2 2 1 1346 3047 4106
8181 2 2 2 1 3213 1468 4588
8182 2 2 2 1 3815 1678 4276
8183 2 2 2 1 4674 798 4834
8184 2 2 2 1 1288 3069 3976
8185 2 2 2 1 1372 4128 5254
8186 2 2 2 1 2801 636 4515
8187 2 2 2 1 3169 690 4010
8188 2 2 2 1 4724 1533 5368
8189 2 2 2 1 2565 4724 5368
8190 2 2 2 1 1288 2910 5602
8191 2 2 2 1 2785 678 6034
8192 2 2 2 1 3498 243 5403
8193 2 2 2 1 1768 3550 4578
8194 2 2 2 1 1973 2882 5135
8195 2 2 2 1 4164 2088 5594
8196 2 2 2 1 350 2737 5491
8197 2 2 2 1 2497 4020 5799
8198 2 2 2 1 4020 1716 5799
8199 2 2 2 1 2804 508 6100
8200 2 2 2 1 2941 625 4122
8201 2 2 2 1 1628 2895 5493
8202 2 2 2 1 2895 927 5493
8203 2 2 2 1 1726 2804 6100
8204 2 2 2 1 781 3914 4009
8205 2 2 2 1 4564 383 5997
8206 2 2 2 1 1981 4538 4581
8207 2 2 2 1 803 4779 4847
8208 2 2 2 1 3014 32 4945
8209 2 2 2 1 1399 2748 5305
8210 2 2 2 1 3458 1321 3796
8211 2 2 2 1 3655 1330 4086
8212 2 2 2 1 4778 2804 5588
8213 2 2 2 1 3209 408 6105
8214 2 2 2 1 335 3708 5098
8215 2 2 2 1 2487 4485 5832
8216 2 2 2 1 13 14 5122
8217 2 2 2 1 1363 3169 4010
8218 2 2 2 1 3814 1531 4304
8219 2 2 2 1 676 2792 6057
8220 2 2 2 1 3431 1162 5901
8221 2 2 2 1 3329 560 3707
8222 2 2 2 1 2908 139 5617
8223 2 2 2 1 622 3126 4073
8224 2 2 2 1 407 3208 3988
8225 2 2 2 1 1674 5601 5743
8226 2 2 2 1 4167 1709 4535
8227 2 2 2 1 3235 368 3780
8228 2 2 2 1 3395 1232 4851
8229 2 2 2 1 2789 1595 4619
8230 2 2 2 1 848 4386 6016
8231 2 2 2 1 837 2750 5187
8232 2 2 2 1 2982 1282 4325
8233 2 2 2 1 2763 982 5753
8234 2 2 2 1 4339 729 5108
8235 2 2 2 1 3064 578 3970
8236 2 2 2 1 3799 368 5887
8237 2 2 2 1 1689 3963 4978
8238 2 2 2 1 4839 2194 4989
8239 2 2 2 1 1899 3795 4781
8240 2 2 2 1 1287 2965 4459
8241 2 2 2 1 2785 1124 4649
8242 2 2 2 1 1783 3276 3937
8243 2 2 2 1 3730 1307 4947
8244 2 2 2 1 1074 3067 5607
8245 2 2 2 1 4287 2127 5603
8246 2 2 2 1 715 3645 4562
8247 2 2 2 1 2782 1009 4680
8248 2 2 2 1 3477 1345 3654
8249 2 2 2 1 1008 2836 5502
8250 2 2 2 1 1157 3495 3621
8251 2 2 2 1 5047 3065 5842
8252 2 2 2 1 3099 1288 3976
8253 2 2 2 1 4057 1406 5483
8254 2 2 2 1 2975 3249 5476
8255 2 2 2 1 1425 3750 4107
8256 2 2 2 1 519 3238 3785
8257 2 2 2 1 1428 4517 6061
8258 2 2 2 1 2844 1021 4405
8259 2 2 2 1 478 3160 5331
8260 2 2 2 1 2879 997 5319
8261 2 2 2 1 1864 4496 4863
8262 2 2 2 1 3909 3079 5844
8263 2 2 2 1 2748 835 5305
8264 2 2 2 1 885 2759 5468
8265 2 2 2 1 743 4974 5158
8266 2 2 2 1 3308 327 3940
8267 2 2 2 1 285 284 5692
8268 2 2 2 1 1581 2748 5550
8269 2 2 2 1 3646 650 4213
8270 2 2 2 1 3036 572 4678
8271 2 2 2 1 2294 4583 5339
8272 2 2 2 1 2799 1069 4625
8273 2 2 2 1 1301 2971 4175
8274 2 2 2 1 1533 3802 4274
8275 2 2 2 1 1412 3824 3950
8276 2 2 2 1 2957 4372 6095
8277 2 2 2 1 3802 1655 4274
8278 2 2 2 1 1396 3308 3940
8279 2 2 2 1 1304 2873 5327
8280 2 2 2 1 3041 40 4265
8281 2 2 2 1 1282 2982 4101
8282 2 2 2 1 2753 2201 5474
8283 2 2 2 1 2880 1352 4342
8284 2 2 2 1 2750 1490 5187
8285 2 2 2 1 3750 1598 4107
8286 2 2 2 1 3092 1467 3965
8287 2 2 2 1 910 2787 5871
8288 2 2 2 1 4098 1299 4104
8289 2 2 2 1 1337 3850 4963
8290 2 2 2 1 1323 2774 5827
8291 2 2 2 1 900 2862 5535
8292 2 2 2 1 1472 3036 4678
8293 2 2 2 1 2831 634 5658
8294 2 2 2 1 4334 1705 5994
8295 2 2 2 1 1767 4917 5143
8296 2 2 2 1 2042 4855 5152
8297 2 2 2 1 2773 465 5806
8298 2 2 2 1 1583 5087 6004
8299 2 2 2 1 399 4069 5238
8300 2 2 2 1 4472 2339 5535
8301 2 2 2 1 2796 1296 4668
8302 2 2 2 1 2843 131 4579
8303 2 2 2 1 3462 583 4256
8304 2 2 2 1 1291 3567 4605
8305 2 2 2 1 1751 4098 4104
8306 2 2 2 1 3564 438 6012
8307 2 2 2 1 3688 1501 3913
8308 2 2 2 1 400 3477 3654
8309 2 2 2 1 1594 2767 5685
8310 2 2 2 1 3016 679 4085
8311 2 2 2 1 5725 2045 5790
8312 2 2 2 1 3392 1291 4156
8313 2 2 2 1 4554 1561 4964
8314 2 2 2 1 3464 380 4438
8315 2 2 2 1 517 2829 4530
8316 2 2 2 1 207 208 4409
8317 2 2 2 1 1805 4642 5789
8318 2 2 2 1 2597 4988 5180
8319 2 2 2 1 1304 2947 4397
8320 2 2 2 1 992 2829 4545
8321 2 2 2 1 5471 1686 5492
8322 2 2 2 1 1831 3053 4036
8323 2 2 2 1 401 3625 4157
8324 2 2 2 1 5469 1722 5734
8325 2 2 2 1 4988 876 5180
8326 2 2 2 1 1373 3602 3637
8327 2 2 2 1 3208 1255 3988
8328 2 2 2 1 3139 455 5215
8329 2 2 2 1 1712 3227 5131
8330 2 2 2 1 1473 4266 4331
8331 2 2 2 1 1591 2754 5342
8332 2 2 2 1 1298 3016 4085
8333 2 2 2 1 1881 2764 4934
8334 2 2 2 1 1826 3070 4377
8335 2 2 2 1 1337 4963 5466
8336 2 2 2 1 3878 2289 4915
8337 2 2 2 1 461 3491 6109
8338 2 2 2 1 3628 1470 4013
8339 2 2 2 1 1322 2864 5414
8340 2 2 2 1 2195 4181 5465
8341 2 2 2 1 3779 1279 3806
8342 2 2 2 1 1567 3779 3806
8343 2 2 2 1 642 4743 5720
8344 2 2 2 1 1220 3318 4669
8345 2 2 2 1 1500 3527 3971
8346 2 2 2 1 441 2889 5525
8347 2 2 2 1 2837 1132 4567
8348 2 2 2 1 2767 969 5685
8349 2 2 2 1 2897 3852 5998
8350 2 2 2 1 227 3431 5282
8351 2 2 2 1 2889 1621 5525
8352 2 2 2 1 3310 2084 3766
8353 2 2 2 1 3318 1776 4669
8354 2 2 2 1 4714 568 5711
8355 2 2 2 1 1215 3952 3957
8356 2 2 2 1 2974 2239 4756
8357 2 2 2 1 3952 2031 3957
8358 2 2 2 1 1211 3248 3819
8359 2 2 2 1 786 4263 4544
8360 2 2 2 1 1570 3284 4661
8361 2 2 2 1 16 3318 4901
8362 2 2 2 1 4612 949 6122
8363 2 2 2 1 1608 2762 5429
8364 2 2 2 1 2754 1584 5206
8365 2 2 2 1 145 3430 5335
8366 2 2 2 1 2692 4714 5711
8367 2 2 2 1 2971 565 4175
8368 2 2 2 1 3284 891 4661
8369 2 2 2 1 665 3333 5409
8370 2 2 2 1 425 3157 3922
8371 2 2 2 1 2792 4612 6122
8372 2 2 2 1 4446 2101 5543
8373 2 2 2 1 2873 1304 4397
8374 2 2 2 1 4263 1976 4544
8375 2 2 2 1 2762 1505 5140
8376 2 2 2 1 12 13 3960
8377 2 2 2 1 3086 1293 4169
8378 2 2 2 1 24 25 4792
8379 2 2 2 1 519 3879 4337
8380 2 2 2 1 1543 4646 4741
8381 2 2 2 1 1042 3427 5317
8382 2 2 2 1 2831 1346 4583
8383 2 2 2 1 1318 4920 5155
8384 2 2 2 1 3160 1681 5331
8385 2 2 2 1 559 3099 3976
8386 2 2 2 1 2295 4595 4961
8387 2 2 2 1 1366 2817 5198
8388 2 2 2 1 774 2805 5983
8389 2 2 2 1 1229 2910 4327
8390 2 2 2 1 3782 1598 4138
8391 2 2 2 1 4595 1555 4961
8392 2 2 2 1 2766 617 5473
8393 2 2 2 1 3318 1220 4901
8394 2 2 2 1 1037 3035 4087
8395 2 2 2 1 2920 588 4802
8396 2 2 2 1 677 4551 5026
8397 2 2 2 1 3287 1296 4069
8398 2 2 2 1 3782 632 4107
8399 2 2 2 1 1138 2797 5917
8400 2 2 2 1 2790 1557 5205
8401 2 2 2 1 3879 1711 4337
8402 2 2 2 1 3232 601 3980
8403 2 2 2 1 1206 3188 4044
8404 2 2 2 1 1406 4384 5483
8405 2 2 2 1 3208 1568 3903
8406 2 2 2 1 2872 573 4460
8407 2 2 2 1 625 3888 4965
8408 2 2 2 1 440 4181 5977
8409 2 2 2 1 3231 1160 3859
8410 2 2 2 1 2797 1651 5917
8411 2 2 2 1 1599 3205 4924
8412 2 2 2 1 1257 2770 5110
8413 2 2 2 1 1415 3007 4163
8414 2 2 2 1 1749 2957 5926
8415 2 2 2 1 3384 2420 4620
8416 2 2 2 1 5792 3788 6015
8417 2 2 2 1 4959 1892 5533
8418 2 2 2 1 2957 669 5926
8419 2 2 2 1 2911 1725 5970
8420 2 2 2 1 3734 1223 4162
8421 2 2 2 1 2227 3229 4548
8422 2 2 2 1 788 2797 5794
8423 2 2 2 1 3840 1219 5369
8424 2 2 2 1 1545 2766 5216
8425 2 2 2 1 1163 4634 6116
8426 2 2 2 1 315 3290 3913
8427 2 2 2 1 1598 3782 4107
8428 2 2 2 1 1069 2799 5845
8429 2 2 2 1 113 114 3953
8430 2 2 2 1 5375 1101 5514
8431 2 2 2 1 65 66 4111
8432 2 2 2 1 4634 2795 6116
8433 2 2 2 1 1555 4595 5116
8434 2 2 2 1 3290 1361 3913
8435 2 2 2 1 1593 2843 4579
8436 2 2 2 1 555 2774 5492
8437 2 2 2 1 1917 3136 4159
8438 2 2 2 1 2559 3059 5936
8439 2 2 2 1 1270 5662 5968
8440 2 2 2 1 1009 2782 5561
8441 2 2 2 1 2971 1554 5138
8442 2 2 2 1 977 2780 5013
8443 2 2 2 1 565 2971 5138
8444 2 2 2 1 4833 1632 5845
8445 2 2 2 1 4182 111 5954
8446 2 2 2 1 3205 20 4924
8447 2 2 2 1 465 3095 4284
8448 2 2 2 1 2841 1771 4596
8449 2 2 2 1 4952 1727 5160
8450 2 2 2 1 642 4080 4743
8451 2 2 2 1 412 3058 4878
8452 2 2 2 1 577 3046 4350
8453 2 2 2 1 2822 1312 4703
8454 2 2 2 1 2799 4833 5845
8455 2 2 2 1 3404 1272 5288
8456 2 2 2 1 3233 1204 5479
8457 2 2 2 1 971 3341 6113
8458 2 2 2 1 2984 1292 4214
8459 2 2 2 1 4559 2419 5757
8460 2 2 2 1 783 3548 5496
8461 2 2 2 1 4080 1974 4743
8462 2 2 2 1 3341 2030 6113
8463 2 2 2 1 260 261 4716
8464 2 2 2 1 669 2813 5926
8465 2 2 2 1 449 2911 5970
8466 2 2 2 1 3956 732 5370
8467 2 2 2 1 3664 1224 4598
8468 2 2 2 1 401 3465 4842
8469 2 2 2 1 3899 1341 5773
8470 2 2 2 1 3046 1381 4350
8471 2 2 2 1 2819 891 6000
8472 2 2 2 1 3732 831 5338
8473 2 2 2 1 137 138 5408
8474 2 2 2 1 3378 2340 4747
8475 2 2 2 1 2036 3056 4126
8476 2 2 2 1 29 30 3917
8477 2 2 2 1 2013 3732 5338
8478 2 2 2 1 255 3472 5523
8479 2 2 2 1 2777 693 5115
8480 2 2 2 1 966 2820 6140
8481 2 2 2 1 3039 661 4188
8482 2 2 2 1 3472 256 5615
8483 2 2 2 1 3289 1586 4745
8484 2 2 2 1 3277 1721 4322
8485 2 2 2 1 1654 2814 5930
8486 2 2 2 1 1972 3338 5914
8487 2 2 2 1 4075 377 5292
8488 2 2 2 1 3602 1372 3637
8489 2 2 2 1 3338 727 5914
8490 2 2 2 1 1059 4022 4560
8491 2 2 2 1 757 4396 5856
8492 2 2 2 1 1027 3289 4745
8493 2 2 2 1 331 2784 5392
8494 2 2 2 1 1023 3277 4322
8495 2 2 2 1 1508 2788 5091
8496 2 2 2 1 3552 2076 5419
8497 2 2 2 1 669 2902 4435
8498 2 2 2 1 570 2888 5222
8499 2 2 2 1 1471 3492 4095
8500 2 2 2 1 2983 54 4233
8501 2 2 2 1 3492 1661 4095
8502 2 2 2 1 26 27 4247
8503 2 2 2 1 1723 4243 4367
8504 2 2 2 1 3174 993 3946
8505 2 2 2 1 3632 1864 5771
8506 2 2 2 1 4441 2251 5096
8507 2 2 2 1 1309 3251 3873
8508 2 2 2 1 3349 2441 6099
8509 2 2 2 1 3024 1030 4176
8510 2 2 2 1 3382 1409 4220
8511 2 2 2 1 4353 763 5127
8512 2 2 2 1 3011 379 4199
8513 2 2 2 1 772 4441 5096
8514 2 2 2 1 1289 2962 4272
8515 2 2 2 1 416 3537 4345
8516 2 2 2 1 4456 2068 4642
8517 2 2 2 1 309 4456 4642
8518 2 2 2 1 3056 638 4126
8519 2 2 2 1 463 4686 4888
8520 2 2 2 1 631 3606 4061
8521 2 2 2 1 3737 1327 4356
8522 2 2 2 1 3468 569 3945
8523 2 2 2 1 1763 3942 4327
8524 2 2 2 1 1450 4243 6045
8525 2 2 2 1 3134 1222 4116
8526 2 2 2 1 3429 1584 3793
8527 2 2 2 1 1480 3468 3945
8528 2 2 2 1 4171 1580 5364
8529 2 2 2 1 4059 1736 5007
8530 2 2 2 1 1260 4614 4896
8531 2 2 2 1 1082 2811 5790
8532 2 2 2 1 2052 4059 5007
8533 2 2 2 1 1836 3585 5924
8534 2 2 2 1 4914 360 5231
8535 2 2 2 1 635 3028 5242
8536 2 2 2 1 332 3374 3800
8537 2 2 2 1 4686 2286 4888
8538 2 2 2 1 2794 1101 5375
8539 2 2 2 1 3028 1597 5242
8540 2 2 2 1 1313 2950 5484
8541 2 2 2 1 3694 690 6035
8542 2 2 2 1 86 87 3943
8543 2 2 2 1 1388 2979 4280
8544 2 2 2 1 230 231 4635
8545 2 2 2 1 3364 1675 4100
8546 2 2 2 1 3396 1085 4657
8547 2 2 2 1 1784 3891 6049
8548 2 2 2 1 160 161 3982
8549 2 2 2 1 1146 2877 4564
8550 2 2 2 1 2991 327 4880
8551 2 2 2 1 2462 4448 5994
8552 2 2 2 1 1338 3413 4000
8553 2 2 2 1 2850 1621 5274
8554 2 2 2 1 2892 329 4556
8555 2 2 2 1 3274 2002 3881
8556 2 2 2 1 1990 3325 4706
8557 2 2 2 1 4220 1409 4458
8558 2 2 2 1 3942 1229 4327
8559 2 2 2 1 352 2793 5308
8560 2 2 2 1 3039 1123 5347
8561 2 2 2 1 3949 464 4586
8562 2 2 2 1 2152 5794 5841
8563 2 2 2 1 3187 1260 3968
8564 2 2 2 1 3767 1344 4692
8565 2 2 2 1 2804 1726 5588
8566 2 2 2 1 2798 981 5184
8567 2 2 2 1 2829 992 4850
8568 2 2 2 1 363 2981 4382
8569 2 2 2 1 3576 1355 3938
8570 2 2 2 1 2803 1801 5640
8571 2 2 2 1 1706 3223 5678
8572 2 2 2 1 5134 1787 5589
8573 2 2 2 1 2355 3272 4746
8574 2 2 2 1 3551 1343 4076
8575 2 2 2 1 1108 3199 4202
8576 2 2 2 1 1580 4958 5364
8577 2 2 2 1 2818 1427 5180
8578 2 2 2 1 3727 1412 3950
8579 2 2 2 1 2684 5104 6120
8580 2 2 2 1 3693 1404 3833
8581 2 2 2 1 428 2839 4780
8582 2 2 2 1 3389 1368 4024
8583 2 2 2 1 885 3049 5464
8584 2 2 2 1 1348 2997 4296
8585 2 2 2 1 1458 3693 3833
8586 2 2 2 1 1764 5278 6060
8587 2 2 2 1 1176 2903 4533
8588 2 2 2 1 1955 3389 4024
8589 2 2 2 1 2997 1052 4296
8590 2 2 2 1 3534 2040 4549
8591 2 2 2 1 3354 1300 4375
8592 2 2 2 1 2809 856 5089
8593 2 2 2 1 2833 1485 5974
8594 2 2 2 1 1826 4377 4629
8595 2 2 2 1 742 2998 4283
8596 2 2 2 1 1195 2808 5507
8597 2 2 2 1 1268 3063 4154
8598 2 2 2 1 575 3340 4754
8599 2 2 2 1 3244 1736 5627
8600 2 2 2 1 4766 2667 6131
8601 2 2 2 1 879 4559 5757
8602 2 2 2 1 4084 1379 5353
8603 2 2 2 1 3199 1395 4202
8604 2 2 2 1 3752 2491 5742
8605 2 2 2 1 5119 1694 5826
8606 2 2 2 1 2963 569 4371
8607 2 2 2 1 4960 2724 5671
8608 2 2 2 1 3126 2050 4073
8609 2 2 2 1 632 3969 4853
8610 2 2 2 1 2457 3697 5727
8611 2 2 2 1 4392 309 5921
8612 2 2 2 1 3863 642 4002
8613 2 2 2 1 1916 2811 5567
8614 2 2 2 1 2828 1594 5685
8615 2 2 2 1 3789 1143 5430
8616 2 2 2 1 2049 3789 5430
8617 2 2 2 1 3825 1338 6111
8618 2 2 2 1 526 3119 4100
8619 2 2 2 1 3109 2152 4970
8620 2 2 2 1 3627 390 4618
8621 2 2 2 1 1294 3069 5151
8622 2 2 2 1 7 8 5611
8623 2 2 2 1 2136 4001 6127
8624 2 2 2 1 597 3341 5550
8625 2 2 2 1 692 2982 4325
8626 2 2 2 1 4430 3735 5996
8627 2 2 2 1 170 171 4059
8628 2 2 2 1 2870 605 4670
8629 2 2 2 1 2826 2046 4992
8630 2 2 2 1 1131 3325 4900
8631 2 2 2 1 149 3669 4996
8632 2 2 2 1 1104 2827 5390
8633 2 2 2 1 1621 3584 5248
8634 2 2 2 1 997 3008 5319
8635 2 2 2 1 1216 3077 4261
8636 2 2 2 1 1217 5063 5784
8637 2 2 2 1 571 4960 5671
8638 2 2 2 1 4466 759 5811
8639 2 2 2 1 1132 2837 4939
8640 2 2 2 1 1420 2851 4827
8641 2 2 2 1 233 2921 5136
8642 2 2 2 1 3808 675 4163
8643 2 2 2 1 3111 2250 4136
8644 2 2 2 1 3154 1655 5225
8645 2 2 2 1 2968 977 5950
8646 2 2 2 1 3296 1572 3901
8647 2 2 2 1 367 3458 3796
8648 2 2 2 1 3029 791 4432
8649 2 2 2 1 63 3154 5225
8650 2 2 2 1 2911 449 5743
8651 2 2 2 1 197 198 3991
8652 2 2 2 1 1360 3620 4053
8653 2 2 2 1 386 3111 4136
8654 2 2 2 1 3586 616 4383
8655 2 2 2 1 3038 653 4264
8656 2 2 2 1 1225 2896 4620
8657 2 2 2 1 1021 3301 5315
8658 2 2 2 1 969 2828 5685
8659 2 2 2 1 4122 625 4965
8660 2 2 2 1 623 3526 4052
8661 2 2 2 1 631 3086 4169
8662 2 2 2 1 1348 4296 4301
8663 2 2 2 1 675 3808 4046
8664 2 2 2 1 3196 1796 6053
8665 2 2 2 1 190 191 3999
8666 2 2 2 1 33 34 4723
8667 2 2 2 1 2820 630 5597
8668 2 2 2 1 3319 1006 5359
8669 2 2 2 1 3811 2092 5849
8670 2 2 2 1 5085 2604 6006
8671 2 2 2 1 37 2825 5016
8672 2 2 2 1 634 2831 5760
8673 2 2 2 1 649 3069 5602
8674 2 2 2 1 3193 1347 4009
8675 2 2 2 1 2890 1379 5822
8676 2 2 2 1 1084 3165 4053
8677 2 2 2 1 3514 609 5246
8678 2 2 2 1 452 2926 4728
8679 2 2 2 1 3670 1683 5461
8680 2 2 2 1 3086 1048 5423
8681 2 2 2 1 2831 1617 5760
8682 2 2 2 1 3808 1563 4046
8683 2 2 2 1 4296 1845 4301
8684 2 2 2 1 2877 1382 5595
8685 2 2 2 1 3737 446 5592
8686 2 2 2 1 1384 4144 5508
8687 2 2 2 1 2983 1046 5883
8688 2 2 2 1 550 3116 4134
8689 2 2 2 1 1256 3067 4210
8690 2 2 2 1 1072 3384 4620
8691 2 2 2 1 2981 1338 4382
8692 2 2 2 1 3909 2143 5614
8693 2 2 2 1 1346 2831 5658
8694 2 2 2 1 2348 4490 5334
8695 2 2 2 1 2261 3220 5569
8696 2 2 2 1 4490 650 5334
8697 2 2 2 1 3376 2235 5454
8698 2 2 2 1 564 3129 4461
8699 2 2 2 1 1449 3941 3971
8700 2 2 2 1 2852 1685 6019
8701 2 2 2 1 956 2854 6017
8702 2 2 2 1 2419 4392 5921
8703 2 2 2 1 539 3193 4197
8704 2 2 2 1 153 154 4019
8705 2 2 2 1 101 102 5922
8706 2 2 2 1 3090 561 4198
8707 2 2 2 1 4127 2676 5123
8708 2 2 2 1 4070 1873 5366
8709 2 2 2 1 3464 2729 4890
8710 2 2 2 1 457 3909 5614
8711 2 2 2 1 2868 901 6132
8712 2 2 2 1 3294 2523 5341
8713 2 2 2 1 2887 1385 5884
8714 2 2 2 1 1174 3788 5792
8715 2 2 2 1 2861 956 6092
8716 2 2 2 1 1848 4618 5037
8717 2 2 2 1 1519 5144 5356
8718 2 2 2 1 5144 2708 5356
8719 2 2 2 1 3519 2224 4958
8720 2 2 2 1 279 3623 4753
8721 2 2 2 1 1236 3247 4137
8722 2 2 2 1 1446 4414 4801
8723 2 2 2 1 3049 1357 4293
8724 2 2 2 1 602 3213 4588
8725 2 2 2 1 813 2833 5974
8726 2 2 2 1 4643 580 4858
8727 2 2 2 1 3324 1962 5532
8728 2 2 2 1 2965 353 4459
8729 2 2 2 1 3567 1291 5246
8730 2 2 2 1 3770 2329 5646
8731 2 2 2 1 1156 3060 4244
8732 2 2 2 1 2219 4643 4858
8733 2 2 2 1 1030 3344 4997
8734 2 2 2 1 3135 1062 4961
8735 2 2 2 1 4787 2082 5498
8736 2 2 2 1 229 230 5619
8737 2 2 2 1 3621 1773 5583
8738 2 2 2 1 1555 3135 4961
8739 2 2 2 1 752 2830 5268
8740 2 2 2 1 2992 1146 4912
8741 2 2 2 1 3273 1034 6029
8742 2 2 2 1 1861 3567 5246
8743 2 2 2 1 3240 1190 4179
8744 2 2 2 1 1042 3017 4419
8745 2 2 2 1 246 247 4034
8746 2 2 2 1 2832 1839 5311
8747 2 2 2 1 1561 4071 4964
8748 2 2 2 1 790 3330 5657
8749 2 2 2 1 1338 4000 6111
8750 2 2 2 1 1839 2832 5324
8751 2 2 2 1 377 2933 4983
8752 2 2 2 1 3810 545 4539
8753 2 2 2 1 2933 1476 4983
8754 2 2 2 1 1790 2848 5778
8755 2 2 2 1 458 2835 5371
8756 2 2 2 1 4613 2986 5298
8757 2 2 2 1 4414 2093 4801
8758 2 2 2 1 3890 794 5391
8759 2 2 2 1 338 3176 4656
8760 2 2 2 1 3181 551 5402
8761 2 2 2 1 3648 2568 6093
8762 2 2 2 1 2090 3336 4755
8763 2 2 2 1 1714 3810 4539
8764 2 2 2 1 1096 3585 5777
8765 2 2 2 1 1285 2839 5641
8766 2 2 2 1 2937 1093 4729
8767 2 2 2 1 3993 535 4634
8768 2 2 2 1 142 3044 4736
8769 2 2 2 1 1993 4037 5836
8770 2 2 2 1 995 3895 4787
8771 2 2 2 1 1414 3143 4447
8772 2 2 2 1 1517 2987 4427
8773 2 2 2 1 1924 2857 5968
8774 2 2 2 1 1208 3696 3947
8775 2 2 2 1 5399 2099 5724
8776 2 2 2 1 1574 2840 5244
8777 2 2 2 1 1152 4705 4875
8778 2 2 2 1 3898 1359 4690
8779 2 2 2 1 911 2843 5661
8780 2 2 2 1 1809 2869 6058
8781 2 2 2 1 1757 2857 4974
8782 2 2 2 1 2843 1593 5661
8783 2 2 2 1 558 2945 4503
8784 2 2 2 1 1082 2855 5947
8785 2 2 2 1 1324 3055 6006
8786 2 2 2 1 2881 14 5536
8787 2 2 2 1 3143 736 4447
8788 2 2 2 1 2330 3975 5344
8789 2 2 2 1 3810 1714 4295
8790 2 2 2 1 3391 1787 3892
8791 2 2 2 1 1464 3715 3798
8792 2 2 2 1 723 4024 4663
8793 2 2 2 1 1965 3498 5009
8794 2 2 2 1 2956 1011 5296
8795 2 2 2 1 3091 1438 4630
8796 2 2 2 1 2905 302 4741
8797 2 2 2 1 3715 628 3798
8798 2 2 2 1 1203 3114 4215
8799 2 2 2 1 2141 4253 4946
8800 2 2 2 1 1708 3731 4237
8801 2 2 2 1 3054 998 4333
8802 2 2 2 1 374 3542 4868
8803 2 2 2 1 566 2990 4417
8804 2 2 2 1 2078 3563 4580
8805 2 2 2 1 1358 3054 4333
8806 2 2 2 1 2871 1307 4922
8807 2 2 2 1 4185 388 5682
8808 2 2 2 1 1909 2853 5805
8809 2 2 2 1 357 3483 4585
8810 2 2 2 1 756 3091 4630
8811 2 2 2 1 744 3617 4852
8812 2 2 2 1 1329 3112 4698
8813 2 2 2 1 2847 1145 5237
8814 2 2 2 1 3483 1583 4585
8815 2 2 2 1 1621 2850 5525
8816 2 2 2 1 644 4251 5241
8817 2 2 2 1 3166 360 4914
8818 2 2 2 1 1755 3890 4194
8819 2 2 2 1 1505 3463 5140
8820 2 2 2 1 2881 1566 5122
8821 2 2 2 1 432 3667 6078
8822 2 2 2 1 3617 1730 4852
8823 2 2 2 1 3093 2238 4544
8824 2 2 2 1 3234 1776 5612
8825 2 2 2 1 1735 3319 5359
8826 2 2 2 1 3283 1764 6060
8827 2 2 2 1 2047 4353 5127
8828 2 2 2 1 3578 1546 3967
8829 2 2 2 1 2982 692 4929
8830 2 2 2 1 3751 733 5749
8831 2 2 2 1 3460 2546 4410
8832 2 2 2 1 1687 4869 6000
8833 2 2 2 1 218 219 4084
8834 2 2 2 1 2667 4766 5797
8835 2 2 2 1 4361 740 6038
8836 2 2 2 1 4869 2819 6000
8837 2 2 2 1 4766 1012 5797
8838 2 2 2 1 3140 2142 5199
8839 2 2 2 1 2706 3105 5404
8840 2 2 2 1 1379 2935 5822
8841 2 2 2 1 2920 1874 4685
8842 2 2 2 1 3002 1316 4481
8843 2 2 2 1 681 3165 5407
8844 2 2 2 1 18 3234 5612
8845 2 2 2 1 3436 320 4221
8846 2 2 2 1 953 2876 6032
8847 2 2 2 1 3005 463 5100
8848 2 2 2 1 2935 1379 5776
8849 2 2 2 1 3554 285 5692
8850 2 2 2 1 961 3225 6021
8851 2 2 2 1 3784 375 5769
8852 2 2 2 1 165 166 4863
8853 2 2 2 1 3669 1770 4996
8854 2 2 2 1 449 3001 5743
8855 2 2 2 1 3428 1193 3905
8856 2 2 2 1 1754 3270 5467
8857 2 2 2 1 2297 3358 4023
8858 2 2 2 1 3165 1672 5407
8859 2 2 2 1 591 3578 3967
8860 2 2 2 1 4099 1012 4766
8861 2 2 2 1 693 2987 5115
8862 2 2 2 1 3875 1859 4906
8863 2 2 2 1 619 3211 4082
8864 2 2 2 1 396 3200 4097
8865 2 2 2 1 2987 1517 5115
8866 2 2 2 1 736 3546 5624
8867 2 2 2 1 2880 1922 5982
8868 2 2 2 1 3638 2868 6132
8869 2 2 2 1 390 3843 4618
8870 2 2 2 1 3270 663 5467
8871 2 2 2 1 3410 612 5234
8872 2 2 2 1 849 3867 6145
8873 2 2 2 1 3523 1223 4079
8874 2 2 2 1 1561 3722 4556
8875 2 2 2 1 1498 2859 5104
8876 2 2 2 1 3591 1650 4725
8877 2 2 2 1 3330 1820 5657
8878 2 2 2 1 1694 4324 5826
8879 2 2 2 1 2877 1146 5937
8880 2 2 2 1 978 2888 6128
8881 2 2 2 1 2864 328 5798
8882 2 2 2 1 3837 215 4869
8883 2 2 2 1 1107 3591 4725
8884 2 2 2 1 1051 2856 5522
8885 2 2 2 1 1315 3361 4910
8886 2 2 2 1 4470 839 5559
8887 2 2 2 1 3678 1866 4649
8888 2 2 2 1 3832 397 5741
8889 2 2 2 1 1101 3608 5514
8890 2 2 2 1 2385 4470 5559
8891 2 2 2 1 1124 3678 4649
8892 2 2 2 1 323 3875 4906
8893 2 2 2 1 1841 4763 5628
8894 2 2 2 1 4845 872 5553
8895 2 2 2 1 3637 1372 4029
8896 2 2 2 1 3607 537 5708
8897 2 2 2 1 2962 1398 5113
8898 2 2 2 1 1605 3170 5516
8899 2 2 2 1 2865 627 5701
8900 2 2 2 1 1566 2980 5470
8901 2 2 2 1 482 3479 5169
8902 2 2 2 1 1317 3562 5691
8903 2 2 2 1 534 2860 5562
8904 2 2 2 1 216 217 5851
8905 2 2 2 1 2601 4845 5553
8906 2 2 2 1 603 3073 4489
8907 2 2 2 1 3012 1391 6027
8908 2 2 2 1 2864 935 5414
8909 2 2 2 1 597 3079 4730
8910 2 2 2 1 3628 587 4762
8911 2 2 2 1 2060 2975 5476
8912 2 2 2 1 5767 1818 6121
8913 2 2 2 1 3289 1027 5506
8914 2 2 2 1 3855 2462 4976
8915 2 2 2 1 1200 2902 5682
8916 2 2 2 1 1382 2877 6104
8917 2 2 2 1 188 3040 4800
8918 2 2 2 1 510 3841 6040
8919 2 2 2 1 2872 919 5539
8920 2 2 2 1 3040 1613 4800
8921 2 2 2 1 914 2887 5884
8922 2 2 2 1 2873 382 5327
8923 2 2 2 1 3097 1574 5244
8924 2 2 2 1 1189 3475 5004
8925 2 2 2 1 653 3038 4488
8926 2 2 2 1 3899 1779 4150
8927 2 2 2 1 3079 1455 4730
8928 2 2 2 1 1110 3482 4267
8929 2 2 2 1 1641 3159 4218
8930 2 2 2 1 3486 1206 4044
8931 2 2 2 1 3045 1033 6086
8932 2 2 2 1 1406 3218 5109
8933 2 2 2 1 1529 3396 4657
8934 2 2 2 1 3578 591 5606
8935 2 2 2 1 1258 2924 4843
8936 2 2 2 1 1510 3005 5100
8937 2 2 2 1 1191 3323 4013
8938 2 2 2 1 4565 424 5413
8939 2 2 2 1 1678 2873 5549
8940 2 2 2 1 4705 2134 4875
8941 2 2 2 1 2954 1458 4709
8942 2 2 2 1 702 3866 5934
8943 2 2 2 1 644 3144 4251
8944 2 2 2 1 3665 1087 5712
8945 2 2 2 1 3096 2147 4571
8946 2 2 2 1 3371 1733 5809
8947 2 2 2 1 2978 610 4609
8948 2 2 2 1 2881 922 5564
8949 2 2 2 1 1950 3578 5606
8950 2 2 2 1 727 4342 4709
8951 2 2 2 1 2117 3383 5302
8952 2 2 2 1 3073 1039 5608
8953 2 2 2 1 5410 2254 5782
8954 2 2 2 1 383 2877 5595
8955 2 2 2 1 1402 2934 5418
8956 2 2 2 1 2320 4307 5593
8957 2 2 2 1 1790 3231 6101
8958 2 2 2 1 4307 777 5593
8959 2 2 2 1 511 3094 4378
8960 2 2 2 1 1566 2881 5564
8961 2 2 2 1 3447 1178 5374
8962 2 2 2 1 1365 3032 5030
8963 2 2 2 1 405 4045 4546
8964 2 2 2 1 1464 3798 3989
8965 2 2 2 1 4243 1450 4367
8966 2 2 2 1 3347 1996 4944
8967 2 2 2 1 638 3056 4471
8968 2 2 2 1 3933 414 4947
8969 2 2 2 1 1657 3073 5608
8970 2 2 2 1 79 80 4275
8971 2 2 2 1 1464 4696 4953
8972 2 2 2 1 1573 5594 5990
8973 2 2 2 1 379 3834 4398
8974 2 2 2 1 8 2878 5611
8975 2 2 2 1 2398 3549 5089
8976 2 2 2 1 139 2908 6087
8977 2 2 2 1 2908 138 6087
8978 2 2 2 1 2379 4180 5872
8979 2 2 2 1 3871 1835 5413
8980 2 2 2 1 2976 1377 4936
8981 2 2 2 1 2948 705 4776
8982 2 2 2 1 439 4321 5664
8983 2 2 2 1 2891 1002 5310
8984 2 2 2 1 258 259 4348
8985 2 2 2 1 1738 4533 4643
8986 2 2 2 1 2886 1060 5355
8987 2 2 2 1 3042 1008 5502
8988 2 2 2 1 3333 1696 5409
8989 2 2 2 1 3054 1358 5622
8990 2 2 2 1 600 3433 3958
8991 2 2 2 1 3411 1092 4151
8992 2 2 2 1 402 3452 4411
8993 2 2 2 1 3754 1582 3775
8994 2 2 2 1 4435 1200 5044
8995 2 2 2 1 3437 486 6084
8996 2 2 2 1 3268 1353 4295
8997 2 2 2 1 599 2979 5021
8998 2 2 2 1 3108 1633 4823
8999 2 2 2 1 3476 1868 6142
9000 2 2 2 1 399 3287 4069
9001 2 2 2 1 795 5193 5681
9002 2 2 2 1 3326 1631 5040
9003 2 2 2 1 1751 4104 4358
9004 2 2 2 1 411 3326 5040
9005 2 2 2 1 3397 5969 6077
9006 2 2 2 1 4223 694 5179
9007 2 2 2 1 3193 1335 4197
9008 2 2 2 1 798 2966 4750
9009 2 2 2 1 1758 2969 4737
9010 2 2 2 1 3006 1466 4946
9011 2 2 2 1 139 140 5617
9012 2 2 2 1 1072 2896 5314
9013 2 2 2 1 4104 384 4358
9014 2 2 2 1 2062 4309 5644
9015 2 2 2 1 2891 11 5325
9016 2 2 2 1 3481 26 4247
9017 2 2 2 1 1398 2962 4870
9018 2 2 2 1 3082 1354 5208
9019 2 2 2 1 1048 3217 5423
9020 2 2 2 1 5625 3078 5638
9021 2 2 2 1 395 3947 4872
9022 2 2 2 1 3435 267 4817
9023 2 2 2 1 182 183 4208
9024 2 2 2 1 585 3006 4946
9025 2 2 2 1 1389 3362 4760
9026 2 2 2 1 3588 1131 4900
9027 2 2 2 1 1272 3864 5288
9028 2 2 2 1 2799 3772 4833
9029 2 2 2 1 1242 3293 4722
9030 2 2 2 1 627 3078 5625
9031 2 2 2 1 3623 1615 3973
9032 2 2 2 1 4061 1441 4616
9033 2 2 2 1 5038 1623 5769
9034 2 2 2 1 619 2934 5505
9035 2 2 2 1 537 3717 5708
9036 2 2 2 1 3315 316 4349
9037 2 2 2 1 3617 744 5038
9038 2 2 2 1 1416 3720 4847
9039 2 2 2 1 2769 5038 5769
9040 2 2 2 1 1719 3419 3979
9041 2 2 2 1 3358 1033 4023
9042 2 2 2 1 1207 3390 4299
9043 2 2 2 1 3632 1915 4394
9044 2 2 2 1 2430 4944 5164
9045 2 2 2 1 4081 1474 4685
9046 2 2 2 1 4944 460 5164
9047 2 2 2 1 3353 1198 4030
9048 2 2 2 1 3511 404 5303
9049 2 2 2 1 955 3632 4394
9050 2 2 2 1 1791 2974 4756
9051 2 2 2 1 1874 4081 4685
9052 2 2 2 1 2939 1479 5082
9053 2 2 2 1 3528 1799 4621
9054 2 2 2 1 2980 1566 5564
9055 2 2 2 1 674 2939 5082
9056 2 2 2 1 3847 4700 5838
9057 2 2 2 1 3916 623 4052
9058 2 2 2 1 3535 622 4073
9059 2 2 2 1 1796 3511 5303
9060 2 2 2 1 4065 1387 5987
9061 2 2 2 1 1563 3916 4052
9062 2 2 2 1 472 3415 5328
9063 2 2 2 1 277 276 4229
9064 2 2 2 1 2895 310 5512
9065 2 2 2 1 2599 3787 4791
9066 2 2 2 1 618 3097 5244
9067 2 2 2 1 2971 1301 6056
9068 2 2 2 1 3459 740 5048
9069 2 2 2 1 409 3128 5668
9070 2 2 2 1 1493 3944 4645
9071 2 2 2 1 1440 3315 4349
9072 2 2 2 1 5214 92 5982
9073 2 2 2 1 1320 3458 5736
9074 2 2 2 1 1642 3019 4770
9075 2 2 2 1 3313 552 5270
9076 2 2 2 1 559 3255 5125
9077 2 2 2 1 3367 436 4385
9078 2 2 2 1 1463 3367 4385
9079 2 2 2 1 1372 3602 4190
9080 2 2 2 1 3219 1108 4202
9081 2 2 2 1 4012 2454 6068
9082 2 2 2 1 4694 914 6139
9083 2 2 2 1 486 3197 4995
9084 2 2 2 1 998 3148 4333
9085 2 2 2 1 3826 2115 6032
9086 2 2 2 1 589 3400 4578
9087 2 2 2 1 1045 3099 4455
9088 2 2 2 1 3019 178 4770
9089 2 2 2 1 790 3068 4808
9090 2 2 2 1 4652 2373 5359
9091 2 2 2 1 1006 4652 5359
9092 2 2 2 1 3984 1768 4574
9093 2 2 2 1 1123 3222 5347
9094 2 2 2 1 3177 398 4271
9095 2 2 2 1 2907 306 5265
9096 2 2 2 1 4160 711 4304
9097 2 2 2 1 417 3231 5778
9098 2 2 2 1 4488 1258 4843
9099 2 2 2 1 3145 1481 4347
9100 2 2 2 1 4063 2936 5297
9101 2 2 2 1 354 3984 4574
9102 2 2 2 1 3545 1523 4387
9103 2 2 2 1 738 3545 4387
9104 2 2 2 1 1857 2914 5985
9105 2 2 2 1 2962 528 4870
9106 2 2 2 1 1295 3754 3775
9107 2 2 2 1 4634 1163 5912
9108 2 2 2 1 3085 1624 5457
9109 2 2 2 1 4168 1799 4465
9110 2 2 2 1 1581 3341 4248
9111 2 2 2 1 376 3085 5457
9112 2 2 2 1 594 2946 4950
9113 2 2 2 1 1442 4168 4465
9114 2 2 2 1 5424 2665 5989
9115 2 2 2 1 4431 2382 5967
9116 2 2 2 1 3574 1759 4203
9117 2 2 2 1 376 3112 4453
9118 2 2 2 1 3292 471 5568
9119 2 2 2 1 1319 3212 4234
9120 2 2 2 1 4110 2459 5349
9121 2 2 2 1 1004 3084 4509
9122 2 2 2 1 2988 1384 4881
9123 2 2 2 1 2587 4634 5912
9124 2 2 2 1 2929 1519 5356
9125 2 2 2 1 3255 1627 5125
9126 2 2 2 1 3801 1540 4519
9127 2 2 2 1 3802 1533 4724
9128 2 2 2 1 3497 2140 3990
9129 2 2 2 1 1519 2929 5354
9130 2 2 2 1 215 216 4869
9131 2 2 2 1 2914 514 5911
9132 2 2 2 1 3295 1493 4967
9133 2 2 2 1 3341 971 4248
9134 2 2 2 1 3040 1017 5538
9135 2 2 2 1 3231 1790 5778
9136 2 2 2 1 1613 3040 5538
9137 2 2 2 1 4011 1082 5947
9138 2 2 2 1 4312 733 4555
9139 2 2 2 1 2972 1098 4860
9140 2 2 2 1 2848 4697 5778
9141 2 2 2 1 4394 1915 5571
9142 2 2 2 1 3667 5792 6078
9143 2 2 2 1 1931 5709 5715
9144 2 2 2 1 1122 3016 4718
9145 2 2 2 1 1618 2929 5745
9146 2 2 2 1 2967 1444 4899
9147 2 2 2 1 1265 3374 4311
9148 2 2 2 1 3579 1342 5220
9149 2 2 2 1 1970 3711 5523
9150 2 2 2 1 4050 1645 6131
9151 2 2 2 1 3496 1552 5310
9152 2 2 2 1 3394 539 5431
9153 2 2 2 1 3376 721 4306
9154 2 2 2 1 3352 448 4671
9155 2 2 2 1 2929 908 5745
9156 2 2 2 1 1524 3352 4671
9157 2 2 2 1 1902 4312 4555
9158 2 2 2 1 4994 2283 6127
9159 2 2 2 1 3092 493 4648
9160 2 2 2 1 4377 725 4629
9161 2 2 2 1 3856 1083 5639
9162 2 2 2 1 1977 3265 4932
9163 2 2 2 1 4103 1545 4398
9164 2 2 2 1 3000 351 4986
9165 2 2 2 1 939 2920 5918
9166 2 2 2 1 1011 3095 5296
9167 2 2 2 1 3206 1110 4267
9168 2 2 2 1 4285 3708 5896
9169 2 2 2 1 1555 3448 5211
9170 2 2 2 1 150 151 4619
9171 2 2 2 1 946 2913 5471
9172 2 2 2 1 1460 4093 4273
9173 2 2 2 1 3077 1275 5172
9174 2 2 2 1 1466 3000 4986
9175 2 2 2 1 3553 1244 3933
9176 2 2 2 1 973 3380 4483
9177 2 2 2 1 4919 2360 5080
9178 2 2 2 1 4287 781 5166
9179 2 2 2 1 4975 1150 5632
9180 2 2 2 1 3164 1440 4628
9181 2 2 2 1 59 60 5152
9182 2 2 2 1 5014 1535 5645
9183 2 2 2 1 162 163 4297
9184 2 2 2 1 2931 1024 5900
9185 2 2 2 1 36 2909 5775
9186 2 2 2 1 2919 1035 5913
9187 2 2 2 1 3005 926 5981
9188 2 2 2 1 3110 1157 5229
9189 2 2 2 1 3711 254 5523
9190 2 2 2 1 3380 1487 4483
9191 2 2 2 1 1261 3243 4824
9192 2 2 2 1 411 4600 4712
9193 2 2 2 1 3117 1016 4480
9194 2 2 2 1 2127 4287 5166
9195 2 2 2 1 3129 1465 4461
9196 2 2 2 1 1306 3176 6026
9197 2 2 2 1 2929 1618 5772
9198 2 2 2 1 1482 4919 5080
9199 2 2 2 1 598 2929 5772
9200 2 2 2 1 1702 3005 5981
9201 2 2 2 1 1776 3318 5612
9202 2 2 2 1 2174 3329 4903
9203 2 2 2 1 4529 1188 5839
9204 2 2 2 1 3824 668 3950
9205 2 2 2 1 693 3892 5201
9206 2 2 2 1 4972 1836 5924
9207 2 2 2 1 3397 471 4067
9208 2 2 2 1 585 4313 5702
9209 2 2 2 1 3001 925 6030
9210 2 2 2 1 3244 2092 4601
9211 2 2 2 1 503 3027 4747
9212 2 2 2 1 3978 2078 4540
9213 2 2 2 1 1958 3437 6084
9214 2 2 2 1 1593 2941 5661
9215 2 2 2 1 612 2928 5234
9216 2 2 2 1 1301 2991 4880
9217 2 2 2 1 491 3180 4501
9218 2 2 2 1 1624 3085 4587
9219 2 2 2 1 2928 954 5236
9220 2 2 2 1 1134 3698 5853
9221 2 2 2 1 4025 1497 4786
9222 2 2 2 1 618 3576 3938
9223 2 2 2 1 3044 1562 4736
9224 2 2 2 1 1355 3535 4073
9225 2 2 2 1 2113 4025 4786
9226 2 2 2 1 3698 2052 5853
9227 2 2 2 1 3139 1010 5210
9228 2 2 2 1 3816 1488 4633
9229 2 2 2 1 3334 1368 4318
9230 2 2 2 1 2854 3796 6017
9231 2 2 2 1 3318 17 5612
9232 2 2 2 1 3701 2011 4673
9233 2 2 2 1 341 3478 4331
9234 2 2 2 1 4413 615 4908
9235 2 2 2 1 3947 1818 4872
9236 2 2 2 1 135 136 4336
9237 2 2 2 1 3389 1955 6108
9238 2 2 2 1 141 142 4736
9239 2 2 2 1 1608 2942 6070
9240 2 2 2 1 1717 2932 5301
9241 2 2 2 1 1551 4632 4916
9242 2 2 2 1 104 105 4338
9243 2 2 2 1 955 3050 4981
9244 2 2 2 1 2929 598 5354
9245 2 2 2 1 908 2929 5356
9246 2 2 2 1 2934 923 5418
9247 2 2 2 1 3050 1475 4981
9248 2 2 2 1 224 3389 6108
9249 2 2 2 1 23 24 5616
9250 2 2 2 1 3527 607 3971
9251 2 2 2 1 3478 1473 4331
9252 2 2 2 1 2930 637 5728
9253 2 2 2 1 3396 1529 5321
9254 2 2 2 1 2464 4879 5395
9255 2 2 2 1 4879 827 5395
9256 2 2 2 1 2958 536 5058
9257 2 2 2 1 1619 3190 5298
9258 2 2 2 1 5452 2297 6008
9259 2 2 2 1 3917 30 5788
9260 2 2 2 1 3190 314 5298
9261 2 2 2 1 2980 595 5470
9262 2 2 2 1 1535 3573 4998
9263 2 2 2 1 2935 945 5389
9264 2 2 2 1 932 2930 5437
9265 2 2 2 1 3523 101 5922
9266 2 2 2 1 1872 5454 5721
9267 2 2 2 1 1334 3222 5580
9268 2 2 2 1 1756 3427 6134
9269 2 2 2 1 4601 2092 5255
9270 2 2 2 1 2688 4887 5865
9271 2 2 2 1 3551 1824 4392
9272 2 2 2 1 945 2935 5776
9273 2 2 2 1 1255 3753 3988
9274 2 2 2 1 4887 443 5865
9275 2 2 2 1 279 278 5226
9276 2 2 2 1 3801 361 3908
9277 2 2 2 1 2963 4371 5475
9278 2 2 2 1 3249 1018 4923
9279 2 2 2 1 811 3195 4529
9280 2 2 2 1 3349 584 4919
9281 2 2 2 1 2979 1388 5021
9282 2 2 2 1 2942 968 5881
9283 2 2 2 1 2934 1402 5505
9284 2 2 2 1 2399 2945 5875
9285 2 2 2 1 4686 1702 5539
9286 2 2 2 1 4855 2042 6042
9287 2 2 2 1 1544 3249 4923
9288 2 2 2 1 3033 201 4832
9289 2 2 2 1 1622 3706 4558
9290 2 2 2 1 3706 683 4558
9291 2 2 2 1 3361 1315 4147
9292 2 2 2 1 979 3333 5556
9293 2 2 2 1 5386 549 5822
9294 2 2 2 1 1356 3507 4437
9295 2 2 2 1 2941 911 5661
9296 2 2 2 1 2935 5386 5822
9297 2 2 2 1 1083 2957 6095
9298 2 2 2 1 1540 3801 3908
9299 2 2 2 1 2319 3844 5003
9300 2 2 2 1 3397 1061 5969
9301 2 2 2 1 4516 3189 6051
9302 2 2 2 1 2938 137 5408
9303 2 2 2 1 3152 2404 4867
9304 2 2 2 1 566 2951 5365
9305 2 2 2 1 2511 5014 5645
9306 2 2 2 1 1573 3721 4383
9307 2 2 2 1 4569 1951 5908
9308 2 2 2 1 1437 4121 4359
9309 2 2 2 1 3303 2611 5158
9310 2 2 2 1 4764 1785 4843
9311 2 2 2 1 2038 3822 5614
9312 2 2 2 1 3317 1238 4195
9313 2 2 2 1 3721 1332 4383
9314 2 2 2 1 3822 457 5614
9315 2 2 2 1 3277 5547 5568
9316 2 2 2 1 3757 518 5830
9317 2 2 2 1 3391 314 5589
9318 2 2 2 1 2480 4975 5632
9319 2 2 2 1 595 2980 5345
9320 2 2 2 1 3029 1624 5674
9321 2 2 2 1 705 2948 5873
9322 2 2 2 1 791 3029 5674
9323 2 2 2 1 1787 3391 5589
9324 2 2 2 1 3943 87 5946
9325 2 2 2 1 3674 1375 4138
9326 2 2 2 1 1782 3279 4359
9327 2 2 2 1 4125 1942 4391
9328 2 2 2 1 3333 1763 5556
9329 2 2 2 1 1554 2971 5162
9330 2 2 2 1 318 3122 4575
9331 2 2 2 1 4976 1705 5503
9332 2 2 2 1 942 4796 5579
9333 2 2 2 1 1883 3610 3956
9334 2 2 2 1 3752 2024 4101
9335 2 2 2 1 928 3390 4146
9336 2 2 2 1 2119 4914 5231
9337 2 2 2 1 4570 2186 5063
9338 2 2 2 1 3243 413 4824
9339 2 2 2 1 3852 770 5998
9340 2 2 2 1 3092 1057 4915
9341 2 2 2 1 713 4048 5154
9342 2 2 2 1 2995 1497 5687
9343 2 2 2 1 826 4570 5063
9344 2 2 2 1 4734 1861 5246
9345 2 2 2 1 3531 527 4014
9346 2 2 2 1 2950 974 5484
9347 2 2 2 1 1759 4313 5275
9348 2 2 2 1 1788 4190 4916
9349 2 2 2 1 1577 4231 4562
9350 2 2 2 1 1361 3688 3913
9351 2 2 2 1 1467 3092 4915
9352 2 2 2 1 1683 4654 5461
9353 2 2 2 1 1465 3192 4712
9354 2 2 2 1 1202 3459 5048
9355 2 2 2 1 3192 411 4712
9356 2 2 2 1 3140 4547 5975
9357 2 2 2 1 3403 2573 6128
9358 2 2 2 1 2948 1633 5873
9359 2 2 2 1 1010 3179 5210
9360 2 2 2 1 1713 5424 5989
9361 2 2 2 1 4796 2486 5579
9362 2 2 2 1 3221 648 4703
9363 2 2 2 1 1926 2964 6010
9364 2 2 2 1 601 3392 4156
9365 2 2 2 1 1674 3001 6030
9366 2 2 2 1 3010 1477 6146
9367 2 2 2 1 3660 1917 4094
9368 2 2 2 1 3642 1359 3944
9369 2 2 2 1 1957 3386 4227
9370 2 2 2 1 3538 1860 4121
9371 2 2 2 1 552 4125 4391
9372 2 2 2 1 3940 2145 5485
9373 2 2 2 1 3161 1512 4980
9374 2 2 2 1 4003 2575 4108
9375 2 2 2 1 3366 390 4191
9376 2 2 2 1 3550 589 4578
9377 2 2 2 1 1646 3411 4151
9378 2 2 2 1 724 3268 4295
9379 2 2 2 1 1417 3143 4985
9380 2 2 2 1 3071 3823 5506
9381 2 2 2 1 3721 1573 5990
9382 2 2 2 1 3449 617 4103
9383 2 2 2 1 3300 1254 4485
9384 2 2 2 1 4853 3969 6107
9385 2 2 2 1 1371 3689 4842
9386 2 2 2 1 319 3161 4980
9387 2 2 2 1 1019 3097 5528
9388 2 2 2 1 4443 2388 5015
9389 2 2 2 1 2004 3638 6132
9390 2 2 2 1 392 5094 6019
9391 2 2 2 1 275 274 4428
9392 2 2 2 1 1316 3262 4481
9393 2 2 2 1 428 3331 5641
9394 2 2 2 1 3288 316 4883
9395 2 2 2 1 5094 2852 6019
9396 2 2 2 1 4216 2086 6002
9397 2 2 2 1 1840 4350 4354
9398 2 2 2 1 1329 2968 5950
9399 2 2 2 1 3075 1814 5075
9400 2 2 2 1 5451 2071 5463
9401 2 2 2 1 3211 619 4418
9402 2 2 2 1 4350 1381 4354
9403 2 2 2 1 586 3893 4302
9404 2 2 2 1 121 3075 5075
9405 2 2 2 1 3052 1134 5979
9406 2 2 2 1 3065 69 4812
9407 2 2 2 1 1712 2987 5176
9408 2 2 2 1 44 45 6142
9409 2 2 2 1 131 132 4579
9410 2 2 2 1 3307 1259 4589
9411 2 2 2 1 4221 1610 4692
9412 2 2 2 1 3155 1528 5072
9413 2 2 2 1 1401 3623 3973
9414 2 2 2 1 1883 3956 5370
9415 2 2 2 1 3180 1363 4501
9416 2 2 2 1 369 3228 4905
9417 2 2 2 1 84 3155 5072
9418 2 2 2 1 3277 1023 5547
9419 2 2 2 1 3613 1871 5477
9420 2 2 2 1 928 2970 5572
9421 2 2 2 1 3680 1320 5736
9422 2 2 2 1 2992 686 5219
9423 2 2 2 1 2980 1777 5345
9424 2 2 2 1 3112 376 4698
9425 2 2 2 1 4942 575 5666
9426 2 2 2 1 4120 342 5706
9427 2 2 2 1 977 2968 5786
9428 2 2 2 1 3686 1976 4263
9429 2 2 2 1 1252 3007 5102
9430 2 2 2 1 1761 3540 5282
9431 2 2 2 1 3030 319 4980
9432 2 2 2 1 1434 4051 4377
9433 2 2 2 1 1419 3471 4531
9434 2 2 2 1 3837 1687 4816
9435 2 2 2 1 1856 3837 4816
9436 2 2 2 1 2204 4120 5706
9437 2 2 2 1 1829 5561 5825
9438 2 2 2 1 4457 1774 5583
9439 2 2 2 1 2985 252 5247
9440 2 2 2 1 1228 3613 5477
9441 2 2 2 1 2101 5161 6095
9442 2 2 2 1 3540 226 5282
9443 2 2 2 1 5204 3784 5769
9444 2 2 2 1 3032 560 5030
9445 2 2 2 1 964 3115 5638
9446 2 2 2 1 2505 3605 4475
9447 2 2 2 1 3696 1818 3947
9448 2 2 2 1 2986 1619 5298
9449 2 2 2 1 3088 1063 4788
9450 2 2 2 1 3304 586 4302
9451 2 2 2 1 1258 3512 5829
9452 2 2 2 1 83 84 5072
9453 2 2 2 1 1243 3520 4075
9454 2 2 2 1 326 4255 5958
9455 2 2 2 1 3530 1318 5155
9456 2 2 2 1 1805 3175 4536
9457 2 2 2 1 1430 4176 4997
9458 2 2 2 1 658 3332 5527
9459 2 2 2 1 2737 3756 5491
9460 2 2 2 1 1574 3002 5230
9461 2 2 2 1 76 3185 4525
9462 2 2 2 1 746 3951 4935
9463 2 2 2 1 1364 3576 5037
9464 2 2 2 1 1342 3822 5220
9465 2 2 2 1 3452 402 4818
9466 2 2 2 1 1732 2988 6078
9467 2 2 2 1 1302 3707 4562
9468 2 2 2 1 3276 1783 5860
9469 2 2 2 1 3327 363 4382
9470 2 2 2 1 769 3764 5318
9471 2 2 2 1 866 4617 5302
9472 2 2 2 1 1570 3452 4818
9473 2 2 2 1 3603 1388 4438
9474 2 2 2 1 3283 2153 4610
9475 2 2 2 1 647 3186 5897
9476 2 2 2 1 1157 3110 4805
9477 2 2 2 1 431 3276 5860
9478 2 2 2 1 1006 3319 5842
9479 2 2 2 1 4317 714 5446
9480 2 2 2 1 3087 1267 4806
9481 2 2 2 1 3133 1091 4690
9482 2 2 2 1 1240 3606 5443
9483 2 2 2 1 3008 1308 5319
9484 2 2 2 1 1438 3091 4853
9485 2 2 2 1 3001 1674 5743
9486 2 2 2 1 5199 2142 5746
9487 2 2 2 1 4772 1963 5314
9488 2 2 2 1 922 2980 5564
9489 2 2 2 1 1451 3727 3950
9490 2 2 2 1 791 3362 4432
9491 2 2 2 1 270 5840 5962
9492 2 2 2 1 3100 148 4996
9493 2 2 2 1 4954 2123 5717
9494 2 2 2 1 3700 1854 6048
9495 2 2 2 1 297 3002 5988
9496 2 2 2 1 3186 1748 5897
9497 2 2 2 1 1560 5059 5169
9498 2 2 2 1 3023 397 5196
9499 2 2 2 1 4014 2244 6080
9500 2 2 2 1 460 4257 5099
9501 2 2 2 1 1798 4888 5918
9502 2 2 2 1 2302 3765 4459
9503 2 2 2 1 4933 1604 5598
9504 2 2 2 1 714 3551 4076
9505 2 2 2 1 4257 2046 5099
9506 2 2 2 1 3004 1954 6033
9507 2 2 2 1 2541 4933 5598
9508 2 2 2 1 1197 4014 6080
9509 2 2 2 1 1687 3837 4869
9510 2 2 2 1 3931 3051 5709
9511 2 2 2 1 1650 3739 5300
9512 2 2 2 1 3011 1029 5330
9513 2 2 2 1 610 2978 5542
9514 2 2 2 1 801 5085 6006
9515 2 2 2 1 3653 613 4346
9516 2 2 2 1 1000 3352 5297
9517 2 2 2 1 4309 582 5644
9518 2 2 2 1 621 3042 5112
9519 2 2 2 1 71 72 5280
9520 2 2 2 1 1141 3363 4580
9521 2 2 2 1 646 3334 4318
9522 2 2 2 1 1344 3436 4221
9523 2 2 2 1 126 127 4552
9524 2 2 2 1 1052 2997 5546
9525 2 2 2 1 1584 3429 5206
9526 2 2 2 1 2053 3015 6098
9527 2 2 2 1 3363 1141 5875
9528 2 2 2 1 1560 3042 5490
9529 2 2 2 1 1609 4424 5239
9530 2 2 2 1 1802 4160 5058
9531 2 2 2 1 4424 2159 5239
9532 2 2 2 1 3894 1528 4412
9533 2 2 2 1 969 3014 6001
9534 2 2 2 1 1753 3894 4412
9535 2 2 2 1 3972 608 5153
9536 2 2 2 1 4189 1921 5786
9537 2 2 2 1 3002 1574 5988
9538 2 2 2 1 1774 3010 6063
9539 2 2 2 1 1167 3651 4123
9540 2 2 2 1 4526 1700 4534
9541 2 2 2 1 639 3637 4029
9542 2 2 2 1 3044 1022 5475
9543 2 2 2 1 591 3013 5606
9544 2 2 2 1 579 3050 5130
9545 2 2 2 1 4476 497 5781
9546 2 2 2 1 1562 3044 5475
9547 2 2 2 1 3682 1366 5964
9548 2 2 2 1 3264 454 4973
9549 2 2 2 1 1488 4306 4633
9550 2 2 2 1 239 240 4989
9551 2 2 2 1 3042 621 5490
9552 2 2 2 1 1815 3870 3974
9553 2 2 2 1 4182 1676 4713
9554 2 2 2 1 3585 1836 5777
9555 2 2 2 1 1855 4182 4713
9556 2 2 2 1 1164 3276 5149
9557 2 2 2 1 1930 4566 5033
9558 2 2 2 1 1134 3094 5979
9559 2 2 2 1 3870 1247 3974
9560 2 2 2 1 3132 1088 5269
9561 2 2 2 1 3132 362 4759
9562 2 2 2 1 1547 3166 4914
9563 2 2 2 1 5220 2038 5393
9564 2 2 2 1 1437 3538 4121
9565 2 2 2 1 3049 1546 5464
9566 2 2 2 1 996 2993 5734
9567 2 2 2 1 349 4991 5394
9568 2 2 2 1 3216 1398 5369
9569 2 2 2 1 3153 1568 5294
9570 2 2 2 1 630 3153 5294
9571 2 2 2 1 4991 2468 5394
9572 2 2 2 1 803 3246 4779
9573 2 2 2 1 3673 1116 5603
9574 2 2 2 1 654 3816 4226
9575 2 2 2 1 4442 1890 5340
9576 2 2 2 1 4156 1767 5143
9577 2 2 2 1 3246 1483 4779
9578 2 2 2 1 3558 1525 5656
9579 2 2 2 1 3891 1784 4929
9580 2 2 2 1 1918 3673 5603
9581 2 2 2 1 970 3019 5953
9582 2 2 2 1 1925 4650 5993
9583 2 2 2 1 4049 2342 4207
9584 2 2 2 1 3019 1642 5953
9585 2 2 2 1 4291 2027 5055
9586 2 2 2 1 3658 1203 6125
9587 2 2 2 1 835 4291 5055
9588 2 2 2 1 1393 3355 4591
9589 2 2 2 1 3214 1004 5511
9590 2 2 2 1 692 3891 4929
9591 2 2 2 1 3218 532 5109
9592 2 2 2 1 1417 3650 4622
9593 2 2 2 1 1713 3179 5835
9594 2 2 2 1 1538 4074 5124
9595 2 2 2 1 3113 494 5093
9596 2 2 2 1 3787 1492 4791
9597 2 2 2 1 3179 641 5835
9598 2 2 2 1 4820 1510 5100
9599 2 2 2 1 2277 4820 5100
9600 2 2 2 1 1052 3025 5762
9601 2 2 2 1 3939 1322 4478
9602 2 2 2 1 1413 3151 5029
9603 2 2 2 1 1595 3669 4619
9604 2 2 2 1 2033 3927 5445
9605 2 2 2 1 334 3035 5366
9606 2 2 2 1 3669 150 4619
9607 2 2 2 1 3692 1369 6052
9608 2 2 2 1 3816 1536 4226
9609 2 2 2 1 1423 4046 4052
9610 2 2 2 1 3707 1577 4562
9611 2 2 2 1 4345 1317 5691
9612 2 2 2 1 1624 3029 5457
9613 2 2 2 1 3033 1015 6060
9614 2 2 2 1 825 4583 5425
9615 2 2 2 1 5353 2176 5851
9616 2 2 2 1 3176 1306 4656
9617 2 2 2 1 4583 2294 5425
9618 2 2 2 1 727 4709 5914
9619 2 2 2 1 9 10 4624
9620 2 2 2 1 4105 2616 4487
9621 2 2 2 1 244 3519 5403
9622 2 2 2 1 4920 1983 5155
9623 2 2 2 1 3973 677 5026
9624 2 2 2 1 1318 3124 4837
9625 2 2 2 1 1430 3887 4176
9626 2 2 2 1 1889 3147 4775
9627 2 2 2 1 587 3354 4375
9628 2 2 2 1 3084 307 5673
9629 2 2 2 1 1987 3830 4115
9630 2 2 2 1 1374 3303 5727
9631 2 2 2 1 2348 3811 5849
9632 2 2 2 1 1692 3462 4256
9633 2 2 2 1 3753 1673 3988
9634 2 2 2 1 4046 1563 4052
9635 2 2 2 1 3676 1556 4515
9636 2 2 2 1 3159 692 5213
9637 2 2 2 1 3286 970 5953
9638 2 2 2 1 4010 690 5074
9639 2 2 2 1 1146 3757 5937
9640 2 2 2 1 3690 1192 5337
9641 2 2 2 1 4054 1576 4439
9642 2 2 2 1 774 3454 4266
9643 2 2 2 1 1158 3036 5551
9644 2 2 2 1 1635 3997 4008
9645 2 2 2 1 292 291 4647
9646 2 2 2 1 1240 5443 5705
9647 2 2 2 1 1941 5320 5753
9648 2 2 2 1 994 3037 5623
9649 2 2 2 1 3069 649 5151
9650 2 2 2 1 3531 1117 4641
9651 2 2 2 1 3170 756 5516
9652 2 2 2 1 1770 3100 4996
9653 2 2 2 1 636 3676 4515
9654 2 2 2 1 3997 1377 4008
9655 2 2 2 1 699 3915 5942
9656 2 2 2 1 3248 387 4911
9657 2 2 2 1 1661 3045 6086
9658 2 2 2 1 3433 600 4666
9659 2 2 2 1 1508 3248 4911
9660 2 2 2 1 3319 1771 5842
9661 2 2 2 1 1354 3481 4247
9662 2 2 2 1 3151 1413 5909
9663 2 2 2 1 3602 1373 5621
9664 2 2 2 1 1318 3954 4920
9665 2 2 2 1 3068 790 5173
9666 2 2 2 1 3225 1752 6021
9667 2 2 2 1 452 4665 5060
9668 2 2 2 1 1511 3433 4666
9669 2 2 2 1 4338 1448 5959
9670 2 2 2 1 1559 4241 5034
9671 2 2 2 1 638 4276 4584
9672 2 2 2 1 2485 3830 5518
9673 2 2 2 1 999 3752 4101
9674 2 2 2 1 3798 1457 3989
9675 2 2 2 1 3297 1066 5715
9676 2 2 2 1 3105 1960 5404
9677 2 2 2 1 4854 761 5771
9678 2 2 2 1 4390 1405 5176
9679 2 2 2 1 1431 3685 4061
9680 2 2 2 1 3456 1585 4294
9681 2 2 2 1 3047 1200 5682
9682 2 2 2 1 4048 1894 5154
9683 2 2 2 1 4665 2182 5060
9684 2 2 2 1 3478 341 5267
9685 2 2 2 1 3699 338 4656
9686 2 2 2 1 1745 5358 5385
9687 2 2 2 1 450 3655 4086
9688 2 2 2 1 4453 1251 5791
9689 2 2 2 1 1064 3062 5260
9690 2 2 2 1 4408 1688 5436
9691 2 2 2 1 240 241 4839
9692 2 2 2 1 5193 2303 5681
9693 2 2 2 1 3816 654 4090
9694 2 2 2 1 1582 3754 4505
9695 2 2 2 1 2228 3478 5267
9696 2 2 2 1 4258 1968 5101
9697 2 2 2 1 4677 1435 4707
9698 2 2 2 1 1981 5160 5360
9699 2 2 2 1 3754 451 4505
9700 2 2 2 1 4200 1609 4826
9701 2 2 2 1 158 159 4704
9702 2 2 2 1 203 204 5227
9703 2 2 2 1 2034 4677 4707
9704 2 2 2 1 698 3621 5583
9705 2 2 2 1 1667 4601 5255
9706 2 2 2 1 1688 5203 5436
9707 2 2 2 1 4180 755 5872
9708 2 2 2 1 3268 1468 4546
9709 2 2 2 1 2072 3760 4745
9710 2 2 2 1 1302 3645 4102
9711 2 2 2 1 1428 3052 5979
9712 2 2 2 1 646 3660 4094
9713 2 2 2 1 4245 2187 5765
9714 2 2 2 1 615 3137 4908
9715 2 2 2 1 5565 2192 5726
9716 2 2 2 1 4065 818 5919
9717 2 2 2 1 3760 1027 4745
9718 2 2 2 1 3216 719 5113
9719 2 2 2 1 168 3052 6061
9720 2 2 2 1 1723 3893 4243
9721 2 2 2 1 2193 4065 5919
9722 2 2 2 1 3054 317 5688
9723 2 2 2 1 5111 348 5501
9724 2 2 2 1 385 4427 5131
9725 2 2 2 1 359 3684 4316
9726 2 2 2 1 317 3054 5622
9727 2 2 2 1 208 3370 4409
9728 2 2 2 1 3571 1906 5843
9729 2 2 2 1 3197 1484 4995
9730 2 2 2 1 3051 487 5709
9731 2 2 2 1 2566 5111 5501
9732 2 2 2 1 721 4113 4373
9733 2 2 2 1 710 3244 4601
9734 2 2 2 1 3684 1500 4316
9735 2 2 2 1 758 3571 5843
9736 2 2 2 1 773 3082 5208
9737 2 2 2 1 667 3196 4971
9738 2 2 2 1 3918 415 4803
9739 2 2 2 1 1488 3816 4090
9740 2 2 2 1 3362 1389 4432
9741 2 2 2 1 3055 801 6006
9742 2 2 2 1 1735 3918 4803
9743 2 2 2 1 3298 374 4543
9744 2 2 2 1 4062 1579 4064
9745 2 2 2 1 3651 1819 4123
9746 2 2 2 1 3059 2367 5936
9747 2 2 2 1 4113 1664 4373
9748 2 2 2 1 1609 4789 4826
9749 2 2 2 1 1429 4062 4064
9750 2 2 2 1 3730 414 5571
9751 2 2 2 1 1592 3470 4951
9752 2 2 2 1 3162 2025 4878
9753 2 2 2 1 3470 1112 4951
9754 2 2 2 1 3350 339 5084
9755 2 2 2 1 3196 1495 4971
9756 2 2 2 1 3372 1309 4431
9757 2 2 2 1 745 4522 5367
9758 2 2 2 1 1915 3730 5571
9759 2 2 2 1 3586 1380 5672
9760 2 2 2 1 3067 1074 5385
9761 2 2 2 1 3203 1211 5929
9762 2 2 2 1 1065 3350 4864
9763 2 2 2 1 1867 3203 5929
9764 2 2 2 1 3149 1658 5807
9765 2 2 2 1 846 3574 4203
9766 2 2 2 1 269 270 5962
9767 2 2 2 1 671 3149 5807
9768 2 2 2 1 3792 6015 6103
9769 2 2 2 1 1692 4256 5740
9770 2 2 2 1 1677 3931 5304
9771 2 2 2 1 3509 1415 4335
9772 2 2 2 1 3931 1931 5304
9773 2 2 2 1 3625 1328 4157
9774 2 2 2 1 3693 637 4607
9775 2 2 2 1 3381 1746 4419
9776 2 2 2 1 1645 3687 4099
9777 2 2 2 1 5045 1582 5877
9778 2 2 2 1 1223 3734 4066
9779 2 2 2 1 3695 1166 4381
9780 2 2 2 1 178 179 4770
9781 2 2 2 1 4037 816 5836
9782 2 2 2 1 1340 3299 4925
9783 2 2 2 1 4446 860 5161
9784 2 2 2 1 1752 3695 4381
9785 2 2 2 1 3602 620 4190
9786 2 2 2 1 3069 1288 5602
9787 2 2 2 1 3605 1436 4475
9788 2 2 2 1 2052 5007 5853
9789 2 2 2 1 2101 4446 5161
9790 2 2 2 1 3892 1787 5201
9791 2 2 2 1 3788 1174 4667
9792 2 2 2 1 1758 3788 4667
9793 2 2 2 1 3184 1545 5216
9794 2 2 2 1 1820 3330 4510
9795 2 2 2 1 3321 1725 4551
9796 2 2 2 1 1989 4091 4482
9797 2 2 2 1 1894 3900 5106
9798 2 2 2 1 1424 3817 4454
9799 2 2 2 1 771 3184 5216
9800 2 2 2 1 709 3283 4610
9801 2 2 2 1 3412 400 4637
9802 2 2 2 1 805 3379 5284
9803 2 2 2 1 270 1 5840
9804 2 2 2 1 1 7 5840
9805 2 2 2 1 4148 720 5192
9806 2 2 2 1 3900 1053 5106
9807 2 2 2 1 187 188 4800
9808 2 2 2 1 2117 4617 5238
9809 2 2 2 1 1192 3059 5724
9810 2 2 2 1 3379 1638 5284
9811 2 2 2 1 3183 748 4851
9812 2 2 2 1 148 149 4996
9813 2 2 2 1 3095 1365 5296
9814 2 2 2 1 572 3530 5155
9815 2 2 2 1 4307 2320 4314
9816 2 2 2 1 14 15 5536
9817 2 2 2 1 1481 3412 4637
9818 2 2 2 1 3853 851 4450
9819 2 2 2 1 1924 3303 5158
9820 2 2 2 1 1693 3853 4450
9821 2 2 2 1 1015 3283 6060
9822 2 2 2 1 1991 4148 5192
9823 2 2 2 1 3280 2308 4750
9824 2 2 2 1 5077 340 5182
9825 2 2 2 1 3781 1494 4157
9826 2 2 2 1 3526 623 4273
9827 2 2 2 1 794 3890 4909
9828 2 2 2 1 2376 5077 5182
9829 2 2 2 1 4245 726 5773
9830 2 2 2 1 267 268 4817
9831 2 2 2 1 3081 1833 5401
9832 2 2 2 1 4293 1357 5391
9833 2 2 2 1 4031 1541 4320
9834 2 2 2 1 3065 1006 5842
9835 2 2 2 1 2964 4270 6010
9836 2 2 2 1 173 174 4825
9837 2 2 2 1 5044 2001 5139
9838 2 2 2 1 1821 3564 6012
9839 2 2 2 1 3229 427 4719
9840 2 2 2 1 4040 1406 4797
9841 2 2 2 1 1619 4031 4320
9842 2 2 2 1 1328 3781 4157
9843 2 2 2 1 3067 1256 5607
9844 2 2 2 1 764 3249 5117
9845 2 2 2 1 95 96 4830
9846 2 2 2 1 4818 2200 5022
9847 2 2 2 1 3249 1544 5117
9848 2 2 2 1 1570 4818 5022
9849 2 2 2 1 1224 3664 5793
9850 2 2 2 1 1297 4307 4314
9851 2 2 2 1 3356 1393 5673
9852 2 2 2 1 4617 2117 5302
9853 2 2 2 1 1361 3290 4694
9854 2 2 2 1 3890 1755 4909
9855 2 2 2 1 1601 5625 5638
9856 2 2 2 1 3082 1766 5666
9857 2 2 2 1 1293 3086 5423
9858 2 2 2 1 1406 4057 4797
9859 2 2 2 1 3629 2444 5562
9860 2 2 2 1 1700 3778 4534
9861 2 2 2 1 352 3395 5859
9862 2 2 2 1 3395 1789 5859
9863 2 2 2 1 5063 2186 5784
9864 2 2 2 1 3790 1202 5048
9865 2 2 2 1 4025 107 5687
9866 2 2 2 1 3411 1646 5343
9867 2 2 2 1 435 4258 5101
9868 2 2 2 1 421 3509 4335
9869 2 2 2 1 3300 350 4604
9870 2 2 2 1 1391 3363 6027
9871 2 2 2 1 3231 3859 6101
9872 2 2 2 1 605 3110 5455
9873 2 2 2 1 3151 499 5029
9874 2 2 2 1 4129 2718 5649
9875 2 2 2 1 3703 1145 5515
9876 2 2 2 1 3110 1558 5455
9877 2 2 2 1 3923 1277 6112
9878 2 2 2 1 1574 3083 5988
9879 2 2 2 1 1446 3500 4414
9880 2 2 2 1 743 3162 5665
9881 2 2 2 1 4405 1021 5315
9882 2 2 2 1 3078 964 5638
9883 2 2 2 1 1120 3144 5150
9884 2 2 2 1 3603 2619 5941
9885 2 2 2 1 3083 297 5988
9886 2 2 2 1 3452 1349 4411
9887 2 2 2 1 3079 1265 5844
9888 2 2 2 1 3765 1287 4459
9889 2 2 2 1 2475 3505 5209
9890 2 2 2 1 1833 3081 5695
9891 2 2 2 1 412 4878 5683
9892 2 2 2 1 1020 3129 5654
9893 2 2 2 1 647 3411 5343
9894 2 2 2 1 3270 1220 4669
9895 2 2 2 1 1521 5148 5566
9896 2 2 2 1 1492 3787 4683
9897 2 2 2 1 4016 2022 5521
9898 2 2 2 1 656 3460 4410
9899 2 2 2 1 3577 1411 4785
9900 2 2 2 1 811 4016 5521
9901 2 2 2 1 3267 1414 5692
9902 2 2 2 1 3563 1141 4580
9903 2 2 2 1 3787 2335 4683
9904 2 2 2 1 3127 22 5195
9905 2 2 2 1 1066 3421 5715
9906 2 2 2 1 1688 4523 5433
9907 2 2 2 1 4444 1762 5018
9908 2 2 2 1 735 3309 4621
9909 2 2 2 1 1353 3810 4295
9910 2 2 2 1 2189 3294 5341
9911 2 2 2 1 2167 3738 5943
9912 2 2 2 1 3992 1499 4027
9913 2 2 2 1 1573 3662 4209
9914 2 2 2 1 3662 1707 4209
9915 2 2 2 1 1666 4260 4281
9916 2 2 2 1 3500 1179 4414
9917 2 2 2 1 2394 5847 6053
9918 2 2 2 1 1328 3625 4240
9919 2 2 2 1 4568 1669 5287
9920 2 2 2 1 4225 747 4611
9921 2 2 2 1 4260 1448 4281
9922 2 2 2 1 4601 1667 4898
9923 2 2 2 1 1360 4053 4329
9924 2 2 2 1 1552 3496 4379
9925 2 2 2 1 20 21 4924
9926 2 2 2 1 1054 3306 4658
9927 2 2 2 1 585 4253 5275
9928 2 2 2 1 1390 3473 5856
9929 2 2 2 1 1661 3492 5252
9930 2 2 2 1 634 3124 5289
9931 2 2 2 1 3537 1317 4345
9932 2 2 2 1 3492 194 5252
9933 2 2 2 1 924 4597 4998
9934 2 2 2 1 709 4026 4659
9935 2 2 2 1 1152 3424 4705
9936 2 2 2 1 4597 2079 4998
9937 2 2 2 1 3715 1330 4167
9938 2 2 2 1 242 243 5722
9939 2 2 2 1 3636 434 5852
9940 2 2 2 1 616 3552 4918
9941 2 2 2 1 1411 3132 5269
9942 2 2 2 1 32 33 4945
9943 2 2 2 1 3869 2429 5469
9944 2 2 2 1 1906 3571 4680
9945 2 2 2 1 3355 676 4591
9946 2 2 2 1 3792 1732 6015
9947 2 2 2 1 3135 1555 5211
9948 2 2 2 1 1431 3415 4581
9949 2 2 2 1 5299 1607 5531
9950 2 2 2 1 140 3102 5617
9951 2 2 2 1 3112 1329 5482
9952 2 2 2 1 3424 1445 4705
9953 2 2 2 1 3273 452 4728
9954 2 2 2 1 3147 468 5135
9955 2 2 2 1 5025 1541 5780
9956 2 2 2 1 264 265 4955
9957 2 2 2 1 3664 328 5793
9958 2 2 2 1 3363 1391 4580
9959 2 2 2 1 2910 3877 5602
9960 2 2 2 1 5053 1817 5121
9961 2 2 2 1 1375 3782 4138
9962 2 2 2 1 1586 3289 5261
9963 2 2 2 1 659 4365 5951
9964 2 2 2 1 611 3275 5285
9965 2 2 2 1 3484 1396 5485
9966 2 2 2 1 73 74 5520
9967 2 2 2 1 3108 705 5873
9968 2 2 2 1 3882 795 6118
9969 2 2 2 1 3845 1799 4168
9970 2 2 2 1 3106 2188 6081
9971 2 2 2 1 3289 599 5261
9972 2 2 2 1 892 3845 4168
9973 2 2 2 1 3275 1585 5285
9974 2 2 2 1 1424 3385 4811
9975 2 2 2 1 4617 1281 5238
9976 2 2 2 1 1277 5398 6112
9977 2 2 2 1 1528 3155 5159
9978 2 2 2 1 4917 1683 5143
9979 2 2 2 1 3685 1431 4538
9980 2 2 2 1 1437 3279 5280
9981 2 2 2 1 847 5410 5782
9982 2 2 2 1 3830 944 4115
9983 2 2 2 1 2093 3882 6118
9984 2 2 2 1 1645 4099 4766
9985 2 2 2 1 3566 2712 5735
9986 2 2 2 1 3525 841 6041
9987 2 2 2 1 1143 3772 5430
9988 2 2 2 1 3400 1342 4578
9989 2 2 2 1 1633 3108 5873
9990 2 2 2 1 3814 1453 4388
9991 2 2 2 1 3772 1863 5430
9992 2 2 2 1 5046 1607 5299
9993 2 2 2 1 1647 3121 5440
9994 2 2 2 1 1301 3285 6056
9995 2 2 2 1 3127 1099 5876
9996 2 2 2 1 4028 766 5068
9997 2 2 2 1 1276 3912 5249
9998 2 2 2 1 1544 3350 5084
9999 2 2 2 1 3334 1503 4663
10000 2 2 2 1 3912 1868 5249
10001 2 2 2 1 1996 4028 5068
10002 2 2 2 1 3510 2584 6018
10003 2 2 2 1 2380 5046 5299
10004 2 2 2 1 1889 4775 5828
10005 2 2 2 1 1536 3816 4633
10006 2 2 2 1 1452 3612 4303
10007 2 2 2 1 1496 3992 4027
10008 2 2 2 1 4943 2449 5624
10009 2 2 2 1 1176 3438 4959
10010 2 2 2 1 711 4303 4304
10011 2 2 2 1 3125 665 5409
10012 2 2 2 1 297 3434 4781
10013 2 2 2 1 1893 4622 5438
10014 2 2 2 1 1607 3204 5531
10015 2 2 2 1 3484 1205 6093
10016 2 2 2 1 3351 1215 5810
10017 2 2 2 1 3416 1110 5938
10018 2 2 2 1 3453 1417 4985
10019 2 2 2 1 2442 3552 5419
10020 2 2 2 1 1351 3532 4522
10021 2 2 2 1 4308 1604 4933
10022 2 2 2 1 3415 472 4581
10023 2 2 2 1 1416 3159 5213
10024 2 2 2 1 4385 1762 4444
10025 2 2 2 1 3204 604 5531
10026 2 2 2 1 1945 3123 5585
10027 2 2 2 1 1636 4943 5624
10028 2 2 2 1 1463 4385 4444
10029 2 2 2 1 1946 3476 5933
10030 2 2 2 1 577 4350 4688
10031 2 2 2 1 3167 482 5169
10032 2 2 2 1 4350 1840 4688
10033 2 2 2 1 67 68 5047
10034 2 2 2 1 1989 4482 5932
10035 2 2 2 1 1775 3286 6054
10036 2 2 2 1 1233 3773 5426
10037 2 2 2 1 3815 1433 4764
10038 2 2 2 1 4138 1598 5449
10039 2 2 2 1 3128 1347 5668
10040 2 2 2 1 3476 46 5933
10041 2 2 2 1 3286 648 6054
10042 2 2 2 1 3786 1401 5026
10043 2 2 2 1 483 4871 4984
10044 2 2 2 1 1339 3119 6059
10045 2 2 2 1 1066 3297 4783
10046 2 2 2 1 3837 1856 5363
10047 2 2 2 1 493 3470 4648
10048 2 2 2 1 120 121 5075
10049 2 2 2 1 1100 3425 5003
10050 2 2 2 1 4568 810 5703
10051 2 2 2 1 214 3837 5363
10052 2 2 2 1 3483 357 4563
10053 2 2 2 1 1785 4488 4843
10054 2 2 2 1 4871 2175 4984
10055 2 2 2 1 5840 2502 5962
10056 2 2 2 1 1112 3227 4951
10057 2 2 2 1 3717 2180 5708
10058 2 2 2 1 586 3304 4866
10059 2 2 2 1 169 170 6037
10060 2 2 2 1 250 251 5097
10061 2 2 2 1 1970 4928 5049
10062 2 2 2 1 3831 1216 4261
10063 2 2 2 1 1091 3133 5737
10064 2 2 2 1 1332 3586 4383
10065 2 2 2 1 3822 2038 5220
10066 2 2 2 1 4060 1072 5314
10067 2 2 2 1 3623 279 5226
10068 2 2 2 1 1474 4269 4685
10069 2 2 2 1 1744 4795 5576
10070 2 2 2 1 4152 2116 5720
10071 2 2 2 1 3731 321 4237
10072 2 2 2 1 3922 1541 5025
10073 2 2 2 1 1725 3786 5026
10074 2 2 2 1 3121 1647 5787
10075 2 2 2 1 1504 4710 5659
10076 2 2 2 1 4566 651 5033
10077 2 2 2 1 1484 4152 5720
10078 2 2 2 1 1795 4539 4860
10079 2 2 2 1 3668 1656 5033
10080 2 2 2 1 3612 603 4489
10081 2 2 2 1 3729 1471 4416
10082 2 2 2 1 3210 1817 5053
10083 2 2 2 1 232 233 5136
10084 2 2 2 1 2155 3729 4416
10085 2 2 2 1 651 3668 5033
10086 2 2 2 1 3128 409 5973
10087 2 2 2 1 3631 2289 5898
10088 2 2 2 1 389 3966 5326
10089 2 2 2 1 3340 1286 4754
10090 2 2 2 1 1455 3909 4602
10091 2 2 2 1 1963 4060 5314
10092 2 2 2 1 3918 1735 5359
10093 2 2 2 1 3425 1410 5003
10094 2 2 2 1 2373 3918 5359
10095 2 2 2 1 4551 1725 5026
10096 2 2 2 1 4751 2041 5874
10097 2 2 2 1 3179 1713 5210
10098 2 2 2 1 5137 1769 5577
10099 2 2 2 1 3662 616 4918
10100 2 2 2 1 3682 751 5864
10101 2 2 2 1 3896 2071 5451
10102 2 2 2 1 1698 4130 4759
10103 2 2 2 1 2301 3785 5888
10104 2 2 2 1 3877 649 5602
10105 2 2 2 1 1643 3128 5973
10106 2 2 2 1 3607 1322 5414
10107 2 2 2 1 3308 1396 5313
10108 2 2 2 1 3912 1276 4282
10109 2 2 2 1 1864 4863 5771
10110 2 2 2 1 3854 1250 4829
10111 2 2 2 1 3906 1224 5793
10112 2 2 2 1 4863 2452 5771
10113 2 2 2 1 3237 486 4995
10114 2 2 2 1 3554 1414 4447
10115 2 2 2 1 4206 1653 4906
10116 2 2 2 1 1436 3605 4814
10117 2 2 2 1 3925 1218 5500
10118 2 2 2 1 4276 1678 4584
10119 2 2 2 1 3882 2093 4414
10120 2 2 2 1 2030 4730 4742
10121 2 2 2 1 1341 3899 4150
10122 2 2 2 1 3740 1290 4368
10123 2 2 2 1 1410 4778 4782
10124 2 2 2 1 1644 5340 5545
10125 2 2 2 1 498 3140 5975
10126 2 2 2 1 3134 451 5960
10127 2 2 2 1 1398 3216 5113
10128 2 2 2 1 4086 1464 4953
10129 2 2 2 1 731 3447 4820
10130 2 2 2 1 4730 1455 4742
10131 2 2 2 1 4778 2351 4782
10132 2 2 2 1 1859 4206 4906
10133 2 2 2 1 3453 629 4614
10134 2 2 2 1 1925 4594 4650
10135 2 2 2 1 3342 2601 5553
10136 2 2 2 1 213 214 5363
10137 2 2 2 1 400 3438 4637
10138 2 2 2 1 4594 853 4650
10139 2 2 2 1 4738 1532 5422
10140 2 2 2 1 3505 1551 4916
10141 2 2 2 1 1445 3483 4563
10142 2 2 2 1 4252 708 4727
10143 2 2 2 1 3424 567 4846
10144 2 2 2 1 4147 380 4890
10145 2 2 2 1 1179 3882 4414
10146 2 2 2 1 4131 1596 5332
10147 2 2 2 1 620 3505 4916
10148 2 2 2 1 4141 1720 5597
10149 2 2 2 1 3447 1510 4820
10150 2 2 2 1 3479 1560 5169
10151 2 2 2 1 3181 1969 5286
10152 2 2 2 1 2036 5040 5105
10153 2 2 2 1 1561 4554 5276
10154 2 2 2 1 5887 368 6070
10155 2 2 2 1 3415 1240 5328
10156 2 2 2 1 2411 5466 5635
10157 2 2 2 1 62 63 5225
10158 2 2 2 1 2219 3409 5251
10159 2 2 2 1 1848 3627 4618
10160 2 2 2 1 3737 4356 6069
10161 2 2 2 1 2010 3898 4690
10162 2 2 2 1 4313 1759 4317
10163 2 2 2 1 4230 553 4288
10164 2 2 2 1 1426 4313 4317
10165 2 2 2 1 2623 3680 5736
10166 2 2 2 1 699 3992 4205
10167 2 2 2 1 3606 631 5443
10168 2 2 2 1 1810 4252 4727
10169 2 2 2 1 4910 699 5942
10170 2 2 2 1 2154 4230 4288
10171 2 2 2 1 588 3337 4802
10172 2 2 2 1 3545 738 4507
10173 2 2 2 1 194 195 5252
10174 2 2 2 1 385 3566 5735
10175 2 2 2 1 1643 3884 4188
10176 2 2 2 1 1626 4130 4572
10177 2 2 2 1 3553 702 4495
10178 2 2 2 1 1465 3545 4507
10179 2 2 2 1 4130 1698 4572
10180 2 2 2 1 199 200 5278
10181 2 2 2 1 690 4768 5074
10182 2 2 2 1 226 227 5282
10183 2 2 2 1 380 3603 4438
10184 2 2 2 1 3635 1542 5177
10185 2 2 2 1 393 3750 4990
10186 2 2 2 1 3206 1508 5938
10187 2 2 2 1 3480 1361 4694
10188 2 2 2 1 1412 3727 5951
10189 2 2 2 1 682 3749 5808
10190 2 2 2 1 489 3217 5165
10191 2 2 2 1 1657 4045 4388
10192 2 2 2 1 2942 5887 6070
10193 2 2 2 1 1237 4003 4108
10194 2 2 2 1 241 3328 4839
10195 2 2 2 1 1292 3181 5402
10196 2 2 2 1 1160 3231 5137
10197 2 2 2 1 1377 3440 4936
10198 2 2 2 1 3890 1357 4194
10199 2 2 2 1 1577 3214 5511
10200 2 2 2 1 2159 4424 5190
10201 2 2 2 1 2171 4038 6143
10202 2 2 2 1 1814 3998 5075
10203 2 2 2 1 578 4715 5205
10204 2 2 2 1 4045 405 4388
10205 2 2 2 1 1016 3151 5909
10206 2 2 2 1 3773 1800 5426
10207 2 2 2 1 4038 99 6143
10208 2 2 2 1 3998 120 5075
10209 2 2 2 1 1655 3154 5955
10210 2 2 2 1 144 145 5335
10211 2 2 2 1 3383 2632 5302
10212 2 2 2 1 3994 2156 5178
10213 2 2 2 1 3150 269 5962
10214 2 2 2 1 3156 1134 5853
10215 2 2 2 1 3470 1592 4648
10216 2 2 2 1 1496 4027 4305
10217 2 2 2 1 2552 3516 5481
10218 2 2 2 1 461 3524 4606
10219 2 2 2 1 1637 5452 6008
10220 2 2 2 1 52 53 5362
10221 2 2 2 1 3385 360 4811
10222 2 2 2 1 1247 3403 4774
10223 2 2 2 1 3350 1544 4864
10224 2 2 2 1 1273 4199 5509
10225 2 2 2 1 1330 3655 4403
10226 2 2 2 1 3759 1459 4635
10227 2 2 2 1 4445 1720 5688
10228 2 2 2 1 1903 3831 4261
10229 2 2 2 1 4732 948 5168
10230 2 2 2 1 690 3169 6035
10231 2 2 2 1 4660 2003 6106
10232 2 2 2 1 1539 3402 5062
10233 2 2 2 1 3821 2008 4576
10234 2 2 2 1 4322 1721 5707
10235 2 2 2 1 4696 1791 4953
10236 2 2 2 1 4386 1641 5504
10237 2 2 2 1 3402 593 5062
10238 2 2 2 1 3014 4945 6001
10239 2 2 2 1 1585 4526 4534
10240 2 2 2 1 4154 711 5262
10241 2 2 2 1 2441 5406 5740
10242 2 2 2 1 3538 1437 5520
10243 2 2 2 1 4672 425 5025
10244 2 2 2 1 2137 4672 5025
10245 2 2 2 1 3420 1612 5716
10246 2 2 2 1 1470 3767 4497
10247 2 2 2 1 2129 4386 5504
10248 2 2 2 1 4295 1714 5744
10249 2 2 2 1 4192 2151 5300
10250 2 2 2 1 3191 624 5620
10251 2 2 2 1 1453 3814 4304
10252 2 2 2 1 1453 3612 4489
10253 2 2 2 1 1249 3340 4942
10254 2 2 2 1 4782 2351 5678
10255 2 2 2 1 2548 3699 4656
10256 2 2 2 1 272 271 5460
10257 2 2 2 1 1093 3583 4729
10258 2 2 2 1 3893 586 4243
10259 2 2 2 1 442 4782 5678
10260 2 2 2 1 645 4222 6096
10261 2 2 2 1 1205 3648 6093
10262 2 2 2 1 3524 1461 4606
10263 2 2 2 1 254 255 5523
10264 2 2 2 1 314 3190 5589
10265 2 2 2 1 3361 699 4910
10266 2 2 2 1 1473 3478 5120
10267 2 2 2 1 5209 943 5465
10268 2 2 2 1 3871 1454 5000
10269 2 2 2 1 1017 3191 5538
10270 2 2 2 1 3785 1140 5888
10271 2 2 2 1 3434 1430 4781
10272 2 2 2 1 2475 5209 5465
10273 2 2 2 1 3894 1753 6085
10274 2 2 2 1 138 3 6087
10275 2 2 2 1 3 139 6087
10276 2 2 2 1 3697 1374 5727
10277 2 2 2 1 3175 1805 5789
10278 2 2 2 1 2253 3342 5553
10279 2 2 2 1 2272 4923 5357
10280 2 2 2 1 3468 1155 4721
10281 2 2 2 1 4197 1335 4940
10282 2 2 2 1 2160 4012 6068
10283 2 2 2 1 3587 1507 4675
10284 2 2 2 1 3296 1121 5349
10285 2 2 2 1 697 3587 4675
10286 2 2 2 1 1600 4204 5489
10287 2 2 2 1 234 235 5578
10288 2 2 2 1 205 206 5677
10289 2 2 2 1 1572 3296 5349
10290 2 2 2 1 35 36 5775
10291 2 2 2 1 375 5548 5769
10292 2 2 2 1 1646 4151 5266
10293 2 2 2 1 1468 3559 4588
10294 2 2 2 1 3615 1180 4673
10295 2 2 2 1 167 168 6061
10296 2 2 2 1 1515 3615 4673
10297 2 2 2 1 1876 3335 4966
10298 2 2 2 1 993 3198 5955
10299 2 2 2 1 5094 1778 5513
10300 2 2 2 1 256 257 5615
10301 2 2 2 1 1549 3335 5227
10302 2 2 2 1 17 18 5612
10303 2 2 2 1 3198 1655 5955
10304 2 2 2 1 286 285 5581
10305 2 2 2 1 330 4801 4977
10306 2 2 2 1 77 78 5609
10307 2 2 2 1 3498 1580 5009
10308 2 2 2 1 3222 1334 5347
10309 2 2 2 1 4378 1668 5815
10310 2 2 2 1 3557 1492 4683
10311 2 2 2 1 2301 3188 5800
10312 2 2 2 1 109 110 5652
10313 2 2 2 1 5548 2769 5769
10314 2 2 2 1 787 3557 4683
10315 2 2 2 1 5082 2370 5377
10316 2 2 2 1 3938 1704 5528
10317 2 2 2 1 674 5082 5377
10318 2 2 2 1 3443 2279 4808
10319 2 2 2 1 3650 391 4622
10320 2 2 2 1 1445 3424 4846
10321 2 2 2 1 3992 1496 4205
10322 2 2 2 1 4611 2039 5731
10323 2 2 2 1 3423 619 5505
10324 2 2 2 1 1932 4011 5947
10325 2 2 2 1 4219 797 5746
10326 2 2 2 1 3222 1123 5441
10327 2 2 2 1 2128 4492 5197
10328 2 2 2 1 1376 3194 5756
10329 2 2 2 1 4801 2093 4977
10330 2 2 2 1 3248 1211 5272
10331 2 2 2 1 209 210 5710
10332 2 2 2 1 785 4778 5588
10333 2 2 2 1 5148 2271 5566
10334 2 2 2 1 4178 1908 4434
10335 2 2 2 1 1464 3989 4696
10336 2 2 2 1 236 237 5739
10337 2 2 2 1 3567 427 4605
10338 2 2 2 1 4923 1018 5357
10339 2 2 2 1 3745 1164 5149
10340 2 2 2 1 4492 949 5197
10341 2 2 2 1 1581 4248 5383
10342 2 2 2 1 2063 3357 4973
10343 2 2 2 1 288 287 5713
10344 2 2 2 1 5434 1673 5983
10345 2 2 2 1 30 31 5788
10346 2 2 2 1 1668 5586 5815
10347 2 2 2 1 1215 3351 5241
10348 2 2 2 1 3310 595 5345
10349 2 2 2 1 3285 766 6056
10350 2 2 2 1 3630 624 4537
10351 2 2 2 1 634 3691 5658
10352 2 2 2 1 373 4178 4434
10353 2 2 2 1 2805 5434 5983
10354 2 2 2 1 3222 538 5580
10355 2 2 2 1 562 3278 5309
10356 2 2 2 1 4315 2122 5995
10357 2 2 2 1 4203 1759 5275
10358 2 2 2 1 337 3202 5730
10359 2 2 2 1 38 39 5902
10360 2 2 2 1 3189 557 6051
10361 2 2 2 1 3221 1026 5517
10362 2 2 2 1 46 47 5933
10363 2 2 2 1 1608 3235 5428
10364 2 2 2 1 4452 1834 5651
10365 2 2 2 1 87 88 5946
10366 2 2 2 1 387 3416 4911
10367 2 2 2 1 1590 3292 5568
10368 2 2 2 1 2179 4452 5651
10369 2 2 2 1 1214 3751 5749
10370 2 2 2 1 4327 429 5462
10371 2 2 2 1 1500 3941 4689
10372 2 2 2 1 3889 662 4692
10373 2 2 2 1 3278 1547 5309
10374 2 2 2 1 3981 658 5527
10375 2 2 2 1 3281 91 5214
10376 2 2 2 1 378 5019 5034
10377 2 2 2 1 4202 1395 4521
10378 2 2 2 1 1610 3889 4692
10379 2 2 2 1 3195 2035 5857
10380 2 2 2 1 3868 2169 4530
10381 2 2 2 1 223 224 6108
10382 2 2 2 1 99 100 6143
10383 2 2 2 1 1784 3408 4929
10384 2 2 2 1 1721 3277 6077
10385 2 2 2 1 763 4353 5049
10386 2 2 2 1 378 3373 5019
10387 2 2 2 1 405 3814 4388
10388 2 2 2 1 3823 49 5442
10389 2 2 2 1 3301 2629 5315
10390 2 2 2 1 3277 471 6077
10391 2 2 2 1 3778 372 4534
10392 2 2 2 1 1161 3855 4976
10393 2 2 2 1 1253 3200 5995
10394 2 2 2 1 670 3819 5091
10395 2 2 2 1 1277 4049 4207
10396 2 2 2 1 4139 1569 4205
10397 2 2 2 1 713 3201 6121
10398 2 2 2 1 4847 3720 5816
10399 2 2 2 1 3645 1302 4562
10400 2 2 2 1 3874 1498 4348
10401 2 2 2 1 3341 1581 5550
10402 2 2 2 1 1496 4139 4205
10403 2 2 2 1 3505 1988 5209
10404 2 2 2 1 2888 3403 6128
10405 2 2 2 1 3373 1491 5019
10406 2 2 2 1 1284 3643 4571
10407 2 2 2 1 3279 71 5280
10408 2 2 2 1 2020 3207 5895
10409 2 2 2 1 1110 3206 5938
10410 2 2 2 1 1648 5185 6023
10411 2 2 2 1 4353 1939 5049
10412 2 2 2 1 1414 3554 5692
10413 2 2 2 1 1980 4436 5119
10414 2 2 2 1 5547 1590 5568
10415 2 2 2 1 563 3704 5575
10416 2 2 2 1 613 3457 6082
10417 2 2 2 1 5737 1956 6035
10418 2 2 2 1 5019 2167 5034
10419 2 2 2 1 762 4569 5908
10420 2 2 2 1 259 3874 4348
10421 2 2 2 1 2058 4682 5045
10422 2 2 2 1 4210 2172 5756
10423 2 2 2 1 1430 3434 4982
10424 2 2 2 1 4885 2483 6011
10425 2 2 2 1 2170 3348 5093
10426 2 2 2 1 679 3685 4538
10427 2 2 2 1 3542 374 4710
10428 2 2 2 1 1089 3700 6048
10429 2 2 2 1 4436 1694 5119
10430 2 2 2 1 4682 667 5045
10431 2 2 2 1 581 3239 5533
10432 2 2 2 1 3427 342 6134
10433 2 2 2 1 2243 3603 5941
10434 2 2 2 1 3625 401 5287
10435 2 2 2 1 3836 1454 5413
10436 2 2 2 1 1781 4885 6011
10437 2 2 2 1 4384 1406 5109
10438 2 2 2 1 1250 3209 6105
10439 2 2 2 1 3545 1465 4712
10440 2 2 2 1 697 4109 4596
10441 2 2 2 1 3711 1970 5049
10442 2 2 2 1 3249 764 5476
10443 2 2 2 1 3704 1326 5729
10444 2 2 2 1 3739 664 5300
10445 2 2 2 1 1669 3625 5287
10446 2 2 2 1 380 3464 4890
10447 2 2 2 1 3663 2103 5623
10448 2 2 2 1 3315 1086 5459
10449 2 2 2 1 1747 4435 5044
10450 2 2 2 1 3319 1735 6074
10451 2 2 2 1 697 3319 6074
10452 2 2 2 1 4200 1630 4425
10453 2 2 2 1 704 4200 4425
10454 2 2 2 1 3902 1927 5741
10455 2 2 2 1 1001 4426 5587
10456 2 2 2 1 3834 1380 4398
10457 2 2 2 1 1489 3417 5344
10458 2 2 2 1 5076 3658 6125
10459 2 2 2 1 2054 4109 4675
10460 2 2 2 1 4625 1629 5182
10461 2 2 2 1 261 3556 4716
10462 2 2 2 1 5466 1806 5635
10463 2 2 2 1 1731 3925 5056
10464 2 2 2 1 3925 346 5056
10465 2 2 2 1 5943 883 6117
10466 2 2 2 1 2755 4346 6082
10467 2 2 2 1 3839 1214 5749
10468 2 2 2 1 3534 4549 6031
10469 2 2 2 1 4519 1540 4688
10470 2 2 2 1 3266 1443 5480
10471 2 2 2 1 4499 2064 6130
10472 2 2 2 1 3592 1527 5833
10473 2 2 2 1 5969 1721 6077
10474 2 2 2 1 4201 1486 5571
10475 2 2 2 1 3532 555 5492
10476 2 2 2 1 3803 846 4731
10477 2 2 2 1 1686 3532 5492
10478 2 2 2 1 1477 3369 5103
10479 2 2 2 1 1454 3871 5413
10480 2 2 2 1 4325 2704 5213
10481 2 2 2 1 1840 4519 4688
10482 2 2 2 1 3386 304 5633
10483 2 2 2 1 368 3235 6070
10484 2 2 2 1 1578 3803 4731
10485 2 2 2 1 2130 3987 5663
10486 2 2 2 1 3435 4817 5819
10487 2 2 2 1 1812 3664 4598
10488 2 2 2 1 4757 2186 5610
10489 2 2 2 1 1477 3439 6146
10490 2 2 2 1 1088 3544 5269
10491 2 2 2 1 3987 863 5663
10492 2 2 2 1 3817 621 4454
10493 2 2 2 1 3448 2006 5710
10494 2 2 2 1 3791 1841 5628
10495 2 2 2 1 210 3448 5710
10496 2 2 2 1 1280 3791 5628
10497 2 2 2 1 170 4059 6037
10498 2 2 2 1 648 3221 6054
10499 2 2 2 1 1331 3313 5270
10500 2 2 2 1 3767 662 4497
10501 2 2 2 1 827 4406 5878
10502 2 2 2 1 1265 4311 5844
10503 2 2 2 1 3583 2110 4729
10504 2 2 2 1 749 3941 5028
10505 2 2 2 1 1855 3582 5652
10506 2 2 2 1 4406 2215 5878
10507 2 2 2 1 3503 1399 5305
10508 2 2 2 1 1438 3649 4630
10509 2 2 2 1 629 3453 4985
10510 2 2 2 1 4678 1983 4681
10511 2 2 2 1 5062 593 5177
10512 2 2 2 1 3582 109 5652
10513 2 2 2 1 3265 1189 5569
10514 2 2 2 1 4311 2143 5844
10515 2 2 2 1 3417 1489 5910
10516 2 2 2 1 2274 3517 5184
10517 2 2 2 1 1472 4678 4681
10518 2 2 2 1 3727 1451 6094
10519 2 2 2 1 3335 203 5227
10520 2 2 2 1 397 3902 5741
10521 2 2 2 1 2247 5062 5177
10522 2 2 2 1 1820 3257 5657
10523 2 2 2 1 2001 3883 5139
10524 2 2 2 1 2210 4602 5600
10525 2 2 2 1 1604 3309 5598
10526 2 2 2 1 1667 4402 4898
10527 2 2 2 1 5406 1692 5740
10528 2 2 2 1 4887 2688 5605
10529 2 2 2 1 3833 385 5735
10530 2 2 2 1 3912 44 6142
10531 2 2 2 1 4373 1536 4633
10532 2 2 2 1 3309 735 5598
10533 2 2 2 1 2254 3926 5782
10534 2 2 2 1 3226 1886 5866
10535 2 2 2 1 3271 2019 5570
10536 2 2 2 1 4561 2331 6046
10537 2 2 2 1 5940 1919 6003
10538 2 2 2 1 3293 1614 5442
10539 2 2 2 1 4027 671 4305
10540 2 2 2 1 1046 3258 5883
10541 2 2 2 1 1589 3477 5253
10542 2 2 2 1 3332 658 5320
10543 2 2 2 1 4548 1862 5758
10544 2 2 2 1 3235 1608 6070
10545 2 2 2 1 3352 1524 5297
10546 2 2 2 1 767 4431 5967
10547 2 2 2 1 4994 821 5892
10548 2 2 2 1 3477 400 5253
10549 2 2 2 1 284 3267 5692
10550 2 2 2 1 306 4561 6046
10551 2 2 2 1 3451 653 5676
10552 2 2 2 1 2227 4548 5758
10553 2 2 2 1 5134 2056 5201
10554 2 2 2 1 1671 3451 5676
10555 2 2 2 1 1529 4676 5321
10556 2 2 2 1 1525 4651 5656
10557 2 2 2 1 1404 3693 4607
10558 2 2 2 1 1690 4328 4849
10559 2 2 2 1 4083 1757 5665
10560 2 2 2 1 533 3291 5508
10561 2 2 2 1 1407 4312 4321
10562 2 2 2 1 4312 1902 4321
10563 2 2 2 1 4328 1812 4849
10564 2 2 2 1 471 3277 5568
10565 2 2 2 1 3676 636 5351
10566 2 2 2 1 4622 391 5438
10567 2 2 2 1 1727 4952 5098
10568 2 2 2 1 1639 3995 5064
10569 2 2 2 1 3995 2341 5064
10570 2 2 2 1 5586 2542 5815
10571 2 2 2 1 1703 3676 5351
10572 2 2 2 1 782 4116 5949
10573 2 2 2 1 596 3930 4693
10574 2 2 2 1 3258 682 5808
10575 2 2 2 1 648 3286 5863
10576 2 2 2 1 1801 4259 4262
10577 2 2 2 1 2135 4406 5693
10578 2 2 2 1 4406 827 5693
10579 2 2 2 1 3732 2013 4582
10580 2 2 2 1 302 4068 4660
10581 2 2 2 1 4219 1306 4518
10582 2 2 2 1 3463 626 5140
10583 2 2 2 1 3286 1642 5863
10584 2 2 2 1 4116 2090 5949
10585 2 2 2 1 394 3259 5820
10586 2 2 2 1 4231 1944 5307
10587 2 2 2 1 4183 525 5404
10588 2 2 2 1 715 4231 5307
10589 2 2 2 1 3359 1586 5261
10590 2 2 2 1 891 3284 6000
10591 2 2 2 1 4324 1694 4505
10592 2 2 2 1 3241 1675 6013
10593 2 2 2 1 4259 1427 4262
10594 2 2 2 1 328 3664 5798
10595 2 2 2 1 3345 1786 5318
10596 2 2 2 1 3664 1812 5798
10597 2 2 2 1 2123 4089 5717
10598 2 2 2 1 3284 1687 6000
10599 2 2 2 1 3387 607 5203
10600 2 2 2 1 1960 4183 5404
10601 2 2 2 1 1535 3353 5645
10602 2 2 2 1 3986 1593 4579
10603 2 2 2 1 4126 638 4584
10604 2 2 2 1 3446 1227 5057
10605 2 2 2 1 132 3986 4579
10606 2 2 2 1 451 4324 4505
10607 2 2 2 1 243 3498 5722
10608 2 2 2 1 1279 3779 4547
10609 2 2 2 1 1771 5047 5842
10610 2 2 2 1 1413 3597 5909
10611 2 2 2 1 689 4286 4684
10612 2 2 2 1 1335 3914 4449
10613 2 2 2 1 285 3554 5581
10614 2 2 2 1 1476 3559 5596
10615 2 2 2 1 3601 1235 5204
10616 2 2 2 1 3439 1477 5085
10617 2 2 2 1 3482 1644 5545
10618 2 2 2 1 3930 1708 4693
10619 2 2 2 1 1396 3940 5485
10620 2 2 2 1 3944 673 4645
10621 2 2 2 1 490 3482 5545
10622 2 2 2 1 3795 297 4781
10623 2 2 2 1 3520 1243 5067
10624 2 2 2 1 706 4444 5018
10625 2 2 2 1 1975 5375 5514
10626 2 2 2 1 3974 706 5669
10627 2 2 2 1 1747 5044 5139
10628 2 2 2 1 1014 4250 4370
10629 2 2 2 1 1554 3520 5067
10630 2 2 2 1 3632 955 6025
10631 2 2 2 1 3716 1608 5429
10632 2 2 2 1 3554 1877 5581
10633 2 2 2 1 797 5199 5746
10634 2 2 2 1 1864 3632 6025
10635 2 2 2 1 5104 775 6120
10636 2 2 2 1 1623 3601 5204
10637 2 2 2 1 3656 1150 4975
10638 2 2 2 1 3623 1401 4753
10639 2 2 2 1 3313 1194 5495
10640 2 2 2 1 1606 4490 5486
10641 2 2 2 1 5167 2097 5306
10642 2 2 2 1 1344 3628 4762
10643 2 2 2 1 3894 83 5072
10644 2 2 2 1 1145 3311 5515
10645 2 2 2 1 2006 3448 5116
10646 2 2 2 1 5002 481 5380
10647 2 2 2 1 1681 3461 5899
10648 2 2 2 1 1480 3945 5013
10649 2 2 2 1 3762 869 4676
10650 2 2 2 1 3605 282 4814
10651 2 2 2 1 1529 3762 4676
10652 2 2 2 1 1520 4495 5934
10653 2 2 2 1 322 4757 5610
10654 2 2 2 1 4165 741 5667
10655 2 2 2 1 4697 417 5778
10656 2 2 2 1 456 3324 5532
10657 2 2 2 1 553 4230 5399
10658 2 2 2 1 1611 3343 5444
10659 2 2 2 1 4047 811 4529
10660 2 2 2 1 1026 3324 5517
10661 2 2 2 1 1180 3701 4673
10662 2 2 2 1 3324 1775 5517
10663 2 2 2 1 1580 3519 4958
10664 2 2 2 1 1890 4442 4949
10665 2 2 2 1 3842 1838 4590
10666 2 2 2 1 1737 3799 5887
10667 2 2 2 1 4928 763 5049
10668 2 2 2 1 4200 704 4424
10669 2 2 2 1 4442 703 4949
10670 2 2 2 1 4173 1518 5291
10671 2 2 2 1 3989 707 4696
10672 2 2 2 1 4059 2052 6037
10673 2 2 2 1 2076 3834 5330
10674 2 2 2 1 3287 399 5823
10675 2 2 2 1 2290 5002 5380
10676 2 2 2 1 3272 1089 6048
10677 2 2 2 1 1609 4200 4424
10678 2 2 2 1 3552 1403 4918
10679 2 2 2 1 3298 1766 5659
10680 2 2 2 1 2137 5025 5780
10681 2 2 2 1 2017 4165 5667
10682 2 2 2 1 400 3412 5253
10683 2 2 2 1 3314 872 5590
10684 2 2 2 1 745 3873 4522
10685 2 2 2 1 3362 1717 5889
10686 2 2 2 1 2572 3639 4862
10687 2 2 2 1 3486 305 5070
10688 2 2 2 1 3533 1716 5732
10689 2 2 2 1 862 5145 5963
10690 2 2 2 1 691 3533 5732
10691 2 2 2 1 1642 3286 5953
10692 2 2 2 1 314 4613 5298
10693 2 2 2 1 2708 3998 5821
10694 2 2 2 1 3639 732 4862
10695 2 2 2 1 554 3396 5321
10696 2 2 2 1 1549 3821 4576
10697 2 2 2 1 1542 3543 5042
10698 2 2 2 1 4199 1913 5509
10699 2 2 2 1 1181 3778 5812
10700 2 2 2 1 819 3404 5288
10701 2 2 2 1 3743 742 4836
10702 2 2 2 1 4051 725 4377
10703 2 2 2 1 4169 1293 6039
10704 2 2 2 1 3543 1133 5042
10705 2 2 2 1 3772 1143 4833
10706 2 2 2 1 3303 556 5727
10707 2 2 2 1 1527 3486 5070
10708 2 2 2 1 5040 1631 5105
10709 2 2 2 1 1564 3743 4836
10710 2 2 2 1 5439 2590 5674
10711 2 2 2 1 1148 3842 4590
10712 2 2 2 1 1624 5439 5674
10713 2 2 2 1 4718 1937 5905
10714 2 2 2 1 1896 4723 5811
10715 2 2 2 1 4180 1245 5817
10716 2 2 2 1 3519 1580 5403
10717 2 2 2 1 231 3759 4635
10718 2 2 2 1 3924 2391 5107
10719 2 2 2 1 3644 440 5993
10720 2 2 2 1 4723 2300 5811
10721 2 2 2 1 3332 1362 5527
10722 2 2 2 1 1839 3644 5993
10723 2 2 2 1 5847 909 6053
10724 2 2 2 1 717 3924 5107
10725 2 2 2 1 3515 1447 5008
10726 2 2 2 1 4508 2685 5812
10727 2 2 2 1 2058 4180 5817
10728 2 2 2 1 1583 3483 5087
10729 2 2 2 1 3551 714 6138
10730 2 2 2 1 1824 3551 6138
10731 2 2 2 1 4121 691 4359
10732 2 2 2 1 3738 2694 5943
10733 2 2 2 1 1742 3588 4900
10734 2 2 2 1 3756 1662 5491
10735 2 2 2 1 721 3376 5454
10736 2 2 2 1 2988 4881 6078
10737 2 2 2 1 4793 431 5860
10738 2 2 2 1 1121 3296 5999
10739 2 2 2 1 3844 1100 5003
10740 2 2 2 1 4881 432 6078
10741 2 2 2 1 676 3355 5541
10742 2 2 2 1 3417 1087 5344
10743 2 2 2 1 2202 4355 6076
10744 2 2 2 1 301 4372 4695
10745 2 2 2 1 410 3675 5406
10746 2 2 2 1 3675 1692 5406
10747 2 2 2 1 1261 3889 4844
10748 2 2 2 1 3889 1610 4844
10749 2 2 2 1 4506 1991 5192
10750 2 2 2 1 4372 1749 4695
10751 2 2 2 1 4316 1500 4689
10752 2 2 2 1 1751 4506 5192
10753 2 2 2 1 4355 483 6076
10754 2 2 2 1 3965 1467 5015
10755 2 2 2 1 1871 5438 5477
10756 2 2 2 1 1725 3321 5970
10757 2 2 2 1 1696 3333 6075
10758 2 2 2 1 3487 1117 5649
10759 2 2 2 1 1895 4636 5869
10760 2 2 2 1 3821 1549 5677
10761 2 2 2 1 3615 590 4886
10762 2 2 2 1 1716 3533 5799
10763 2 2 2 1 4395 1870 4603
10764 2 2 2 1 4636 2265 5869
10765 2 2 2 1 3533 1078 5799
10766 2 2 2 1 3353 527 5645
10767 2 2 2 1 1325 3394 5431
10768 2 2 2 1 2770 3981 5527
10769 2 2 2 1 475 3301 6047
10770 2 2 2 1 3813 795 5681
10771 2 2 2 1 4437 2796 4542
10772 2 2 2 1 3651 298 5948
10773 2 2 2 1 3360 506 5971
10774 2 2 2 1 3864 2346 5288
10775 2 2 2 1 4309 2062 4344
10776 2 2 2 1 1819 3651 5948
10777 2 2 2 1 4246 1676 5880
10778 2 2 2 1 3843 1364 4618
10779 2 2 2 1 782 5220 5393
10780 2 2 2 1 662 3767 4692
10781 2 2 2 1 1843 5451 5463
10782 2 2 2 1 2397 4776 5449
10783 2 2 2 1 1034 3310 6029
10784 2 2 2 1 5424 1713 5835
10785 2 2 2 1 3899 726 5387
10786 2 2 2 1 1585 3456 5285
10787 2 2 2 1 3333 979 6075
10788 2 2 2 1 3500 559 5125
10789 2 2 2 1 749 3573 5014
10790 2 2 2 1 3959 2014 4699
10791 2 2 2 1 3652 58 4855
10792 2 2 2 1 4259 728 5202
10793 2 2 2 1 1779 3899 5387
10794 2 2 2 1 1902 4767 5664
10795 2 2 2 1 3573 1535 5014
10796 2 2 2 1 1530 4054 4439
10797 2 2 2 1 307 3356 5673
10798 2 2 2 1 3337 1047 6133
10799 2 2 2 1 720 4148 5456
10800 2 2 2 1 1510 3447 5374
10801 2 2 2 1 1363 3813 5681
10802 2 2 2 1 644 3351 5930
10803 2 2 2 1 1530 4439 5610
10804 2 2 2 1 3351 1654 5930
10805 2 2 2 1 4201 2185 4845
10806 2 2 2 1 3647 614 4889
10807 2 2 2 1 3617 1132 4939
10808 2 2 2 1 4436 755 4514
10809 2 2 2 1 1133 3548 5042
10810 2 2 2 1 3555 1138 5917
10811 2 2 2 1 3756 1888 6005
10812 2 2 2 1 1730 3617 4939
10813 2 2 2 1 1694 4436 4514
10814 2 2 2 1 3510 813 5974
10815 2 2 2 1 4508 1700 5654
10816 2 2 2 1 833 3558 5656
10817 2 2 2 1 1968 4418 5961
10818 2 2 2 1 4480 1392 4752
10819 2 2 2 1 631 4169 5443
10820 2 2 2 1 825 4948 5277
10821 2 2 2 1 4270 800 6010
10822 2 2 2 1 4139 1496 6126
10823 2 2 2 1 2283 4994 5892
10824 2 2 2 1 4364 1536 4373
10825 2 2 2 1 1675 3364 6013
10826 2 2 2 1 4948 2181 5277
10827 2 2 2 1 861 5341 5718
10828 2 2 2 1 3689 401 4842
10829 2 2 2 1 338 3699 4823
10830 2 2 2 1 3661 1141 5421
10831 2 2 2 1 839 3756 6005
10832 2 2 2 1 5341 2523 5718
10833 2 2 2 1 4938 1744 5846
10834 2 2 2 1 1544 5084 5117
10835 2 2 2 1 5084 2178 5117
10836 2 2 2 1 3576 618 5037
10837 2 2 2 1 4250 1844 4370
10838 2 2 2 1 3909 457 4602
10839 2 2 2 1 3525 1490 5157
10840 2 2 2 1 3364 700 6013
10841 2 2 2 1 3461 660 5899
10842 2 2 2 1 2297 4026 6008
10843 2 2 2 1 1144 3619 6003
10844 2 2 2 1 1492 3557 5083
10845 2 2 2 1 3394 1232 5686
10846 2 2 2 1 5397 455 5989
10847 2 2 2 1 4213 650 4490
10848 2 2 2 1 4708 817 5087
10849 2 2 2 1 1672 3454 5407
10850 2 2 2 1 5120 889 5854
10851 2 2 2 1 3748 1383 4773
10852 2 2 2 1 2665 5397 5989
10853 2 2 2 1 2453 5120 5854
10854 2 2 2 1 356 3978 4540
10855 2 2 2 1 1440 4252 4628
10856 2 2 2 1 1141 3563 5421
10857 2 2 2 1 1606 4213 4490
10858 2 2 2 1 2920 4802 5918
10859 2 2 2 1 1386 4309 4344
10860 2 2 2 1 3432 1228 5477
10861 2 2 2 1 1664 4364 4373
10862 2 2 2 1 855 5565 5726
10863 2 2 2 1 1275 3985 5172
10864 2 2 2 1 1501 3688 5696
10865 2 2 2 1 1947 4453 5791
10866 2 2 2 1 1513 3743 4798
10867 2 2 2 1 1490 3525 6041
10868 2 2 2 1 2168 5691 5754
10869 2 2 2 1 4538 1981 5360
10870 2 2 2 1 1733 4298 4810
10871 2 2 2 1 2058 5045 5877
10872 2 2 2 1 2507 5012 5839
10873 2 2 2 1 4298 371 4810
10874 2 2 2 1 72 4035 5280
10875 2 2 2 1 1506 5128 5456
10876 2 2 2 1 1327 4343 4356
10877 2 2 2 1 4092 1163 6116
10878 2 2 2 1 4570 1530 5610
10879 2 2 2 1 3879 519 5800
10880 2 2 2 1 5128 2322 5456
10881 2 2 2 1 1632 3539 5845
10882 2 2 2 1 1650 3591 5529
10883 2 2 2 1 5547 1023 5643
10884 2 2 2 1 2040 3349 6099
10885 2 2 2 1 4091 1407 4482
10886 2 2 2 1 2776 4557 4870
10887 2 2 2 1 4343 2555 4356
10888 2 2 2 1 3591 508 5529
10889 2 2 2 1 2580 5547 5643
10890 2 2 2 1 3724 2410 5207
10891 2 2 2 1 4720 1744 5576
10892 2 2 2 1 5613 1149 5991
10893 2 2 2 1 4614 1625 4896
10894 2 2 2 1 3654 1892 4959
10895 2 2 2 1 5160 1727 5360
10896 2 2 2 1 1087 3417 5712
10897 2 2 2 1 1931 3931 5709
10898 2 2 2 1 1663 4047 4529
10899 2 2 2 1 4057 426 4797
10900 2 2 2 1 3566 385 5131
10901 2 2 2 1 3419 1719 6115
10902 2 2 2 1 2752 5613 5991
10903 2 2 2 1 4576 722 4966
10904 2 2 2 1 4198 561 5447
10905 2 2 2 1 1341 4105 4487
10906 2 2 2 1 3374 1980 5870
10907 2 2 2 1 389 3419 6115
10908 2 2 2 1 3365 1661 6086
10909 2 2 2 1 382 3815 4764
10910 2 2 2 1 1562 4371 4721
10911 2 2 2 1 1869 3656 4975
10912 2 2 2 1 320 3763 4963
10913 2 2 2 1 4022 2318 4560
10914 2 2 2 1 1291 3514 5246
10915 2 2 2 1 3763 1806 4963
10916 2 2 2 1 329 4071 4556
10917 2 2 2 1 4474 3106 6081
10918 2 2 2 1 375 3806 5519
10919 2 2 2 1 1005 4498 5544
10920 2 2 2 1 4351 1246 5660
10921 2 2 2 1 4393 1724 5501
10922 2 2 2 1 3363 558 6027
10923 2 2 2 1 4498 2070 5544
10924 2 2 2 1 1033 3365 6086
10925 2 2 2 1 2795 4351 5660
10926 2 2 2 1 561 4232 5447
10927 2 2 2 1 4246 701 4713
10928 2 2 2 1 660 3461 5577
10929 2 2 2 1 1676 3393 5880
10930 2 2 2 1 3450 490 5545
10931 2 2 2 1 1806 3860 5635
10932 2 2 2 1 1437 4035 5520
10933 2 2 2 1 1676 4246 4713
10934 2 2 2 1 3860 635 5635
10935 2 2 2 1 3421 1931 5715
10936 2 2 2 1 4270 2024 5361
10937 2 2 2 1 1655 3802 5225
10938 2 2 2 1 633 3923 6112
10939 2 2 2 1 3802 62 5225
10940 2 2 2 1 3672 1144 6003
10941 2 2 2 1 413 4532 4824
10942 2 2 2 1 5163 1677 5823
10943 2 2 2 1 3730 1915 5636
10944 2 2 2 1 800 4270 5361
10945 2 2 2 1 420 3811 4884
10946 2 2 2 1 1693 4450 4558
10947 2 2 2 1 3811 1564 4884
10948 2 2 2 1 3393 1676 5954
10949 2 2 2 1 852 4088 5748
10950 2 2 2 1 1753 3377 6085
10951 2 2 2 1 4450 1622 4558
10952 2 2 2 1 4505 1694 4514
10953 2 2 2 1 1326 4155 5729
10954 2 2 2 1 943 5023 5175
10955 2 2 2 1 372 4294 4534
10956 2 2 2 1 4878 2025 5683
10957 2 2 2 1 1582 4505 4514
10958 2 2 2 1 5023 2145 5175
10959 2 2 2 1 1580 3498 5403
10960 2 2 2 1 4071 1561 4556
10961 2 2 2 1 4461 1465 4507
10962 2 2 2 1 1982 4461 4507
10963 2 2 2 1 3430 146 5747
10964 2 2 2 1 2587 3993 4634
10965 2 2 2 1 4077 1343 4559
10966 2 2 2 1 3775 1582 5045
10967 2 2 2 1 3901 1572 5389
10968 2 2 2 1 754 4554 4964
10969 2 2 2 1 3569 213 5363
10970 2 2 2 1 3853 1794 5655
10971 2 2 2 1 677 5524 5837
10972 2 2 2 1 2139 4549 5755
10973 2 2 2 1 4549 834 5755
10974 2 2 2 1 851 3853 5655
10975 2 2 2 1 4098 720 5422
10976 2 2 2 1 540 3414 5905
10977 2 2 2 1 1254 3433 5832
10978 2 2 2 1 1073 3435 5819
10979 2 2 2 1 2018 4169 6039
10980 2 2 2 1 830 3484 5485
10981 2 2 2 1 3411 647 5897
10982 2 2 2 1 1684 4440 4717
10983 2 2 2 1 4440 1739 4717
10984 2 2 2 1 3408 1784 5952
10985 2 2 2 1 5660 1718 6116
10986 2 2 2 1 394 3417 5910
10987 2 2 2 1 407 3988 5434
10988 2 2 2 1 471 3397 6077
10989 2 2 2 1 3428 1847 5886
10990 2 2 2 1 3941 749 4689
10991 2 2 2 1 1659 3439 5818
10992 2 2 2 1 2795 5660 6116
10993 2 2 2 1 782 3579 5220
10994 2 2 2 1 414 3730 4947
10995 2 2 2 1 3451 1202 5738
10996 2 2 2 1 1474 4081 4926
10997 2 2 2 1 2932 3924 5301
10998 2 2 2 1 1841 4732 5168
10999 2 2 2 1 4339 2292 4819
11000 2 2 2 1 3562 1603 5411
11001 2 2 2 1 1462 4203 5275
11002 2 2 2 1 4653 712 4930
11003 2 2 2 1 793 3562 5411
11004 2 2 2 1 4372 2101 6095
11005 2 2 2 1 1611 4726 5693
11006 2 2 2 1 1905 4653 4930
11007 2 2 2 1 406 3658 5076
11008 2 2 2 1 750 4209 4877
11009 2 2 2 1 2779 5843 5931
11010 2 2 2 1 3463 1165 5717
11011 2 2 2 1 5843 1906 5931
11012 2 2 2 1 3458 367 5736
11013 2 2 2 1 1750 4196 5017
11014 2 2 2 1 1787 5134 5201
11015 2 2 2 1 4209 1707 4877
11016 2 2 2 1 3809 1501 5696
11017 2 2 2 1 3423 1092 5961
11018 2 2 2 1 2172 4638 5756
11019 2 2 2 1 1815 3974 5669
11020 2 2 2 1 710 4601 4898
11021 2 2 2 1 4196 829 5017
11022 2 2 2 1 4836 1952 4884
11023 2 2 2 1 4056 909 5352
11024 2 2 2 1 4638 1376 5756
11025 2 2 2 1 3592 645 5223
11026 2 2 2 1 4301 1845 5181
11027 2 2 2 1 2377 4219 4518
11028 2 2 2 1 1564 4836 4884
11029 2 2 2 1 3431 228 5986
11030 2 2 2 1 729 4339 4819
11031 2 2 2 1 3774 1521 5566
11032 2 2 2 1 433 4301 5181
11033 2 2 2 1 1807 4056 5352
11034 2 2 2 1 1863 3772 6024
11035 2 2 2 1 3527 1233 5426
11036 2 2 2 1 1673 3454 5983
11037 2 2 2 1 3772 340 6024
11038 2 2 2 1 631 4061 4616
11039 2 2 2 1 1523 4126 4584
11040 2 2 2 1 3895 2082 4787
11041 2 2 2 1 1639 3523 5922
11042 2 2 2 1 4482 877 5932
11043 2 2 2 1 4113 721 5454
11044 2 2 2 1 667 3775 5045
11045 2 2 2 1 3454 774 5983
11046 2 2 2 1 645 3592 5833
11047 2 2 2 1 1833 4695 5264
11048 2 2 2 1 3491 1400 6109
11049 2 2 2 1 321 3677 5440
11050 2 2 2 1 5524 2539 5837
11051 2 2 2 1 1516 3487 5649
11052 2 2 2 1 2143 3909 5844
11053 2 2 2 1 5426 1800 5436
11054 2 2 2 1 972 3931 5163
11055 2 2 2 1 4007 1009 5561
11056 2 2 2 1 3931 1677 5163
11057 2 2 2 1 604 3513 5531
11058 2 2 2 1 1829 4007 5561
11059 2 2 2 1 1853 3609 5229
11060 2 2 2 1 1804 3624 5202
11061 2 2 2 1 1868 3476 5752
11062 2 2 2 1 4366 767 6023
11063 2 2 2 1 1872 4113 5454
11064 2 2 2 1 3750 1425 4990
11065 2 2 2 1 2126 4366 6023
11066 2 2 2 1 4760 3362 5889
11067 2 2 2 1 1240 4039 5328
11068 2 2 2 1 3508 1734 6103
11069 2 2 2 1 1697 5167 5306
11070 2 2 2 1 1856 3569 5363
11071 2 2 2 1 3796 2363 6017
11072 2 2 2 1 1939 3711 5049
11073 2 2 2 1 3677 1647 5440
11074 2 2 2 1 1879 4564 5997
11075 2 2 2 1 652 3508 6103
11076 2 2 2 1 3698 169 6037
11077 2 2 2 1 4727 1811 5388
11078 2 2 2 1 4879 1611 5693
11079 2 2 2 1 1099 3513 5876
11080 2 2 2 1 3932 2449 4943
11081 2 2 2 1 1146 4564 4912
11082 2 2 2 1 4678 572 5155
11083 2 2 2 1 1710 5421 5689
11084 2 2 2 1 1828 4316 4689
11085 2 2 2 1 578 3485 5731
11086 2 2 2 1 711 4160 5262
11087 2 2 2 1 1411 4777 4785
11088 2 2 2 1 1983 4678 5155
11089 2 2 2 1 3649 288 5713
11090 2 2 2 1 4777 2677 4785
11091 2 2 2 1 2270 4872 5767
11092 2 2 2 1 481 3932 4943
11093 2 2 2 1 4068 2003 4660
11094 2 2 2 1 4872 1818 5767
11095 2 2 2 1 1615 3623 5226
11096 2 2 2 1 598 3589 5354
11097 2 2 2 1 3439 329 6146
11098 2 2 2 1 637 3581 5728
11099 2 2 2 1 4160 1802 5262
11100 2 2 2 1 462 4592 5499
11101 2 2 2 1 763 3994 5127
11102 2 2 2 1 4539 1795 4857
11103 2 2 2 1 3473 757 5856
11104 2 2 2 1 4306 721 4633
11105 2 2 2 1 1732 5792 6015
11106 2 2 2 1 4294 1585 4534
11107 2 2 2 1 4963 1806 5466
11108 2 2 2 1 4592 2066 5499
11109 2 2 2 1 74 3538 5520
11110 2 2 2 1 3457 1461 6082
11111 2 2 2 1 1714 4539 4857
11112 2 2 2 1 4907 2192 5565
11113 2 2 2 1 1994 3649 5713
11114 2 2 2 1 3836 1666 4935
11115 2 2 2 1 123 3742 5036
11116 2 2 2 1 4468 1637 4512
11117 2 2 2 1 1648 4468 4512
11118 2 2 2 1 3498 1965 5722
11119 2 2 2 1 3708 1298 5098
11120 2 2 2 1 4784 2380 5299
11121 2 2 2 1 531 3541 5503
11122 2 2 2 1 883 4500 6117
11123 2 2 2 1 3644 1551 6067
11124 2 2 2 1 1418 4075 5292
11125 2 2 2 1 797 3666 5199
11126 2 2 2 1 3941 1449 5028
11127 2 2 2 1 1683 3980 5143
11128 2 2 2 1 614 3647 5248
11129 2 2 2 1 1057 3878 4915
11130 2 2 2 1 1099 4784 5299
11131 2 2 2 1 1546 3578 5464
11132 2 2 2 1 3980 601 5143
11133 2 2 2 1 1483 3728 5123
11134 2 2 2 1 3779 1567 5108
11135 2 2 2 1 4035 1437 5280
11136 2 2 2 1 1145 3703 5237
11137 2 2 2 1 940 5141 5190
11138 2 2 2 1 5141 2159 5190
11139 2 2 2 1 1387 4065 4697
11140 2 2 2 1 843 4290 5186
11141 2 2 2 1 3703 1857 5237
11142 2 2 2 1 1678 4387 4584
11143 2 2 2 1 3572 1620 5543
11144 2 2 2 1 4109 697 4675
11145 2 2 2 1 2064 4499 5683
11146 2 2 2 1 4499 412 5683
11147 2 2 2 1 755 4180 5877
11148 2 2 2 1 4387 1523 4584
11149 2 2 2 1 1617 3954 4837
11150 2 2 2 1 301 3572 5543
11151 2 2 2 1 4723 1896 4945
11152 2 2 2 1 3954 1318 4837
11153 2 2 2 1 3850 320 4963
11154 2 2 2 1 3888 1933 4965
11155 2 2 2 1 4180 2058 5877
11156 2 2 2 1 720 4098 5192
11157 2 2 2 1 1393 4509 5673
11158 2 2 2 1 3581 1571 5728
11159 2 2 2 1 1695 5712 5820
11160 2 2 2 1 3508 1217 5784
11161 2 2 2 1 854 3493 5898
11162 2 2 2 1 1557 3970 5205
11163 2 2 2 1 1908 4178 5599
11164 2 2 2 1 4178 1336 5599
11165 2 2 2 1 816 4037 5891
11166 2 2 2 1 4004 784 6102
11167 2 2 2 1 3977 2730 6050
11168 2 2 2 1 5118 1617 5277
11169 2 2 2 1 3924 717 5301
11170 2 2 2 1 4098 1751 5192
11171 2 2 2 1 3887 1430 4982
11172 2 2 2 1 2653 4004 6102
11173 2 2 2 1 4001 2136 4805
11174 2 2 2 1 2181 5118 5277
11175 2 2 2 1 3559 724 5596
11176 2 2 2 1 3792 1734 5647
11177 2 2 2 1 33 4723 4945
11178 2 2 2 1 4738 720 5456
11179 2 2 2 1 1245 3511 5817
11180 2 2 2 1 884 3792 5647
11181 2 2 2 1 2032 3790 5048
11182 2 2 2 1 1818 3696 6121
11183 2 2 2 1 2106 5035 5170
11184 2 2 2 1 5035 1616 5170
11185 2 2 2 1 728 4249 5202
11186 2 2 2 1 757 3473 6130
11187 2 2 2 1 1621 5248 5274
11188 2 2 2 1 3696 713 6121
11189 2 2 2 1 4153 2850 5274
11190 2 2 2 1 2370 4279 5913
11191 2 2 2 1 4249 1804 5202
11192 2 2 2 1 838 5804 6072
11193 2 2 2 1 4272 2962 5113
11194 2 2 2 1 1536 4364 5763
11195 2 2 2 1 4535 1709 5831
11196 2 2 2 1 1588 4161 5572
11197 2 2 2 1 2476 3659 5482
11198 2 2 2 1 1281 3687 5238
11199 2 2 2 1 1396 3484 6093
11200 2 2 2 1 5804 2781 6072
11201 2 2 2 1 3883 428 5139
11202 2 2 2 1 2165 3797 5069
11203 2 2 2 1 4143 2665 5424
11204 2 2 2 1 729 3779 5108
11205 2 2 2 1 1779 4040 4797
11206 2 2 2 1 1580 4171 5009
11207 2 2 2 1 4252 1810 4628
11208 2 2 2 1 4155 2636 5729
11209 2 2 2 1 3561 556 5662
11210 2 2 2 1 5998 1907 6129
11211 2 2 2 1 2476 5482 5950
11212 2 2 2 1 2131 3745 5149
11213 2 2 2 1 1356 4437 4542
11214 2 2 2 1 2897 5998 6129
11215 2 2 2 1 4085 1727 5098
11216 2 2 2 1 1541 4031 5780
11217 2 2 2 1 3513 1599 5876
11218 2 2 2 1 1298 4085 5098
11219 2 2 2 1 401 3689 5287
11220 2 2 2 1 1951 4569 4671
11221 2 2 2 1 415 3724 5207
11222 2 2 2 1 5594 2088 5990
11223 2 2 2 1 507 3758 5874
11224 2 2 2 1 776 3871 5000
11225 2 2 2 1 5203 1688 5433
11226 2 2 2 1 4731 1861 4734
11227 2 2 2 1 2121 4938 5846
11228 2 2 2 1 1566 3960 5122
11229 2 2 2 1 3758 1772 5874
11230 2 2 2 1 1762 4655 5018
11231 2 2 2 1 1549 4323 5677
11232 2 2 2 1 2159 5142 5239
11233 2 2 2 1 3562 793 5691
11234 2 2 2 1 1578 4731 4734
11235 2 2 2 1 5142 325 5239
11236 2 2 2 1 3608 1320 5514
11237 2 2 2 1 425 3922 5025
11238 2 2 2 1 1293 5618 6039
11239 2 2 2 1 5188 1597 5215
11240 2 2 2 1 2166 5188 5215
11241 2 2 2 1 2100 3510 6018
11242 2 2 2 1 5618 2682 6039
11243 2 2 2 1 3777 1158 5551
11244 2 2 2 1 1730 4078 5233
11245 2 2 2 1 719 4272 5113
11246 2 2 2 1 1518 3709 5291
11247 2 2 2 1 2450 5405 5777
11248 2 2 2 1 5185 2126 6023
11249 2 2 2 1 1835 3777 5551
11250 2 2 2 1 948 4577 5168
11251 2 2 2 1 3651 1167 5433
11252 2 2 2 1 5405 1096 5777
11253 2 2 2 1 1445 4563 4705
11254 2 2 2 1 616 3586 5672
11255 2 2 2 1 644 5930 6064
11256 2 2 2 1 1582 4514 5877
11257 2 2 2 1 5930 2814 6064
11258 2 2 2 1 3722 1561 5276
11259 2 2 2 1 4078 419 5233
11260 2 2 2 1 1878 4006 5459
11261 2 2 2 1 1710 3661 5421
11262 2 2 2 1 620 3602 5621
11263 2 2 2 1 1927 3568 5741
11264 2 2 2 1 624 3630 5620
11265 2 2 2 1 1509 4395 4603
11266 2 2 2 1 500 3805 6141
11267 2 2 2 1 3549 515 5904
11268 2 2 2 1 5210 1713 5989
11269 2 2 2 1 721 4373 4633
11270 2 2 2 1 4595 752 5116
11271 2 2 2 1 4286 2422 4684
11272 2 2 2 1 460 5099 5164
11273 2 2 2 1 365 4234 5050
11274 2 2 2 1 1763 4327 5462
11275 2 2 2 1 2606 3876 5923
11276 2 2 2 1 5099 2105 5164
11277 2 2 2 1 2332 3865 5373
11278 2 2 2 1 3757 1809 6058
11279 2 2 2 1 1235 3784 5204
11280 2 2 2 1 324 3670 5461
11281 2 2 2 1 319 3534 6031
11282 2 2 2 1 518 3757 6058
11283 2 2 2 1 5482 1329 5950
11284 2 2 2 1 1528 3894 5072
11285 2 2 2 1 1647 3598 5787
11286 2 2 2 1 4512 709 4610
11287 2 2 2 1 480 5121 5785
11288 2 2 2 1 3630 1613 5620
11289 2 2 2 1 3598 896 5787
11290 2 2 2 1 1322 3607 5708
11291 2 2 2 1 204 4323 5227
11292 2 2 2 1 4209 750 5594
11293 2 2 2 1 2036 4600 5040
11294 2 2 2 1 4790 330 4977
11295 2 2 2 1 3975 1489 5344
11296 2 2 2 1 392 4360 5094
11297 2 2 2 1 1614 3823 5442
11298 2 2 2 1 4360 1778 5094
11299 2 2 2 1 4740 1893 4979
11300 2 2 2 1 804 4740 4979
11301 2 2 2 1 1539 5062 5065
11302 2 2 2 1 5121 2330 5785
11303 2 2 2 1 3666 2085 5519
11304 2 2 2 1 1565 4300 6071
11305 2 2 2 1 5443 2018 5705
11306 2 2 2 1 3778 1700 5812
11307 2 2 2 1 3579 782 5949
11308 2 2 2 1 5062 2247 5065
11309 2 2 2 1 2168 4345 5691
11310 2 2 2 1 3585 888 5924
11311 2 2 2 1 2183 4523 5704
11312 2 2 2 1 1911 4790 4977
11313 2 2 2 1 4666 600 5526
11314 2 2 2 1 5031 2059 5032
11315 2 2 2 1 1648 4512 4610
11316 2 2 2 1 4932 890 5020
11317 2 2 2 1 4852 1730 5233
11318 2 2 2 1 4341 2732 5627
11319 2 2 2 1 4222 1908 6096
11320 2 2 2 1 1591 5031 5032
11321 2 2 2 1 1977 4932 5020
11322 2 2 2 1 615 4413 6004
11323 2 2 2 1 4016 2405 5750
11324 2 2 2 1 3562 1317 6083
11325 2 2 2 1 4035 73 5520
11326 2 2 2 1 2021 4852 5233
11327 2 2 2 1 1630 4200 4826
11328 2 2 2 1 1837 4038 5147
11329 2 2 2 1 4038 2171 5147
11330 2 2 2 1 1443 4198 5447
11331 2 2 2 1 4664 2241 4779
11332 2 2 2 1 4026 709 6008
11333 2 2 2 1 1772 3761 5980
11334 2 2 2 1 3761 678 5980
11335 2 2 2 1 1961 4795 5271
11336 2 2 2 1 1401 3973 5026
11337 2 2 2 1 1307 4292 4922
11338 2 2 2 1 3739 2325 5425
11339 2 2 2 1 3973 1615 5524
11340 2 2 2 1 692 4325 5213
11341 2 2 2 1 5352 909 5847
11342 2 2 2 1 4292 2232 4922
11343 2 2 2 1 332 4521 5376
11344 2 2 2 1 4657 2053 4793
11345 2 2 2 1 1346 4106 5339
11346 2 2 2 1 2294 3739 5425
11347 2 2 2 1 4501 1363 5681
11348 2 2 2 1 4521 1934 5376
11349 2 2 2 1 823 5420 5758
11350 2 2 2 1 2416 5352 5847
11351 2 2 2 1 4771 1827 5393
11352 2 2 2 1 2038 4771 5393
11353 2 2 2 1 4004 2414 5725
11354 2 2 2 1 3587 697 6074
11355 2 2 2 1 595 3733 5470
11356 2 2 2 1 3673 1918 5766
11357 2 2 2 1 3574 1824 6138
11358 2 2 2 1 3954 1617 5118
11359 2 2 2 1 4789 747 4826
11360 2 2 2 1 4071 1659 4964
11361 2 2 2 1 2056 4390 5201
11362 2 2 2 1 3712 456 5532
11363 2 2 2 1 349 3954 5118
11364 2 2 2 1 3708 2094 5896
11365 2 2 2 1 1604 4308 5293
11366 2 2 2 1 3591 1107 6097
11367 2 2 2 1 458 3673 5766
11368 2 2 2 1 450 4086 4953
11369 2 2 2 1 508 3591 6100
11370 2 2 2 1 3704 1447 5575
11371 2 2 2 1 1911 4010 5074
11372 2 2 2 1 4911 3416 5938
11373 2 2 2 1 1497 4025 5687
11374 2 2 2 1 3593 1173 6144
11375 2 2 2 1 3872 1271 5629
11376 2 2 2 1 4679 1760 4956
11377 2 2 2 1 1666 4281 4935
11378 2 2 2 1 4281 746 4935
11379 2 2 2 1 1825 4679 4956
11380 2 2 2 1 4085 679 5360
11381 2 2 2 1 5041 2259 5061
11382 2 2 2 1 1538 5041 5061
11383 2 2 2 1 4765 1930 5033
11384 2 2 2 1 3960 13 5122
11385 2 2 2 1 4511 944 5006
11386 2 2 2 1 3988 1673 5434
11387 2 2 2 1 1961 4877 5088
11388 2 2 2 1 3688 810 5696
11389 2 2 2 1 4190 620 4916
11390 2 2 2 1 3667 1174 5792
11391 2 2 2 1 4877 1707 5088
11392 2 2 2 1 4164 750 4938
11393 2 2 2 1 1727 4085 5360
11394 2 2 2 1 2902 4185 5682
11395 2 2 2 1 1389 4122 4965
11396 2 2 2 1 2150 4042 5173
11397 2 2 2 1 4802 1798 5918
11398 2 2 2 1 2344 3840 5369
11399 2 2 2 1 2121 4164 4938
11400 2 2 2 1 3862 1218 5435
11401 2 2 2 1 896 4015 5235
11402 2 2 2 1 5112 3042 5502
11403 2 2 2 1 3668 651 5809
11404 2 2 2 1 1649 3862 5435
11405 2 2 2 1 3718 1280 5628
11406 2 2 2 1 4569 1524 4671
11407 2 2 2 1 668 3824 5382
11408 2 2 2 1 4795 1744 5271
11409 2 2 2 1 3994 1537 5127
11410 2 2 2 1 4015 2193 5235
11411 2 2 2 1 1792 4739 5114
11412 2 2 2 1 4739 1910 5114
11413 2 2 2 1 1327 3737 5592
11414 2 2 2 1 2048 3972 5153
11415 2 2 2 1 2603 5707 5969
11416 2 2 2 1 4117 1958 6088
11417 2 2 2 1 1162 3660 5901
11418 2 2 2 1 2028 4197 4940
11419 2 2 2 1 903 4117 6088
11420 2 2 2 1 1758 4667 4810
11421 2 2 2 1 4069 2117 5238
11422 2 2 2 1 4182 1855 5652
11423 2 2 2 1 1624 4587 5439
11424 2 2 2 1 3646 2138 5972
11425 2 2 2 1 5707 1721 5969
11426 2 2 2 1 1920 4831 5056
11427 2 2 2 1 4667 1733 4810
11428 2 2 2 1 110 4182 5652
11429 2 2 2 1 4831 1731 5056
11430 2 2 2 1 3776 1179 5563
11431 2 2 2 1 424 3836 5413
11432 2 2 2 1 6015 652 6103
11433 2 2 2 1 4563 2134 4705
11434 2 2 2 1 5052 2742 6049
11435 2 2 2 1 4346 613 6082
11436 2 2 2 1 1400 3682 5864
11437 2 2 2 1 1548 4790 5074
11438 2 2 2 1 1952 3847 5838
11439 2 2 2 1 1447 3704 5729
11440 2 2 2 1 1991 4506 5971
11441 2 2 2 1 3865 2037 5373
11442 2 2 2 1 3985 1949 5172
11443 2 2 2 1 848 5052 6049
11444 2 2 2 1 681 3753 5764
11445 2 2 2 1 403 3661 6009
11446 2 2 2 1 3002 4481 5230
11447 2 2 2 1 1707 4255 5088
11448 2 2 2 1 4255 326 5088
11449 2 2 2 1 1618 3705 5772
11450 2 2 2 1 3756 839 5694
11451 2 2 2 1 440 3644 6067
11452 2 2 2 1 629 3774 5566
11453 2 2 2 1 4790 1911 5074
11454 2 2 2 1 1662 3756 5694
11455 2 2 2 1 4481 770 5230
11456 2 2 2 1 2733 4496 6025
11457 2 2 2 1 3661 1710 6009
11458 2 2 2 1 4799 2033 5445
11459 2 2 2 1 459 4799 5445
11460 2 2 2 1 4585 2580 5643
11461 2 2 2 1 3970 578 5205
11462 2 2 2 1 4176 1030 4997
11463 2 2 2 1 4654 1683 4917
11464 2 2 2 1 3794 475 6047
11465 2 2 2 1 2187 4513 5317
11466 2 2 2 1 4944 1996 5189
11467 2 2 2 1 4804 633 6112
11468 2 2 2 1 621 3817 5490
11469 2 2 2 1 1285 3717 5801
11470 2 2 2 1 1728 4257 5189
11471 2 2 2 1 2679 4473 5916
11472 2 2 2 1 4144 2530 5508
11473 2 2 2 1 4060 2386 5907
11474 2 2 2 1 4257 460 5189
11475 2 2 2 1 460 4944 5189
11476 2 2 2 1 751 3682 5964
11477 2 2 2 1 4171 737 5009
11478 2 2 2 1 1072 4060 5907
11479 2 2 2 1 1919 3672 6003
11480 2 2 2 1 5361 1923 5427
11481 2 2 2 1 3823 1614 5506
11482 2 2 2 1 304 3770 5646
11483 2 2 2 1 3735 765 5996
11484 2 2 2 1 4253 585 4946
11485 2 2 2 1 3720 1904 5816
11486 2 2 2 1 1357 3890 5391
11487 2 2 2 1 4557 1398 4870
11488 2 2 2 1 1449 4467 5028
11489 2 2 2 1 4795 806 5576
11490 2 2 2 1 4547 2009 5975
11491 2 2 2 1 917 4739 4892
11492 2 2 2 1 465 4284 5806
11493 2 2 2 1 4739 1792 4892
11494 2 2 2 1 4761 1547 4914
11495 2 2 2 1 1951 5054 5908
11496 2 2 2 1 685 3869 5469
11497 2 2 2 1 4945 1896 6001
11498 2 2 2 1 1658 3783 5730
11499 2 2 2 1 4662 2097 5167
11500 2 2 2 1 4468 1648 6023
11501 2 2 2 1 1218 3862 5500
11502 2 2 2 1 3706 1168 5978
11503 2 2 2 1 3783 337 5730
11504 2 2 2 1 4532 2011 4824
11505 2 2 2 1 938 3896 5451
11506 2 2 2 1 1842 3934 6057
11507 2 2 2 1 2052 3698 6037
11508 2 2 2 1 4402 1668 4898
11509 2 2 2 1 1246 4017 5660
11510 2 2 2 1 364 3692 6052
11511 2 2 2 1 304 4184 5633
11512 2 2 2 1 2811 4011 5567
11513 2 2 2 1 3966 1432 5326
11514 2 2 2 1 3934 676 6057
11515 2 2 2 1 4011 447 5567
11516 2 2 2 1 687 4127 5123
11517 2 2 2 1 4984 2175 5432
11518 2 2 2 1 4323 1549 5227
11519 2 2 2 1 3727 659 5951
11520 2 2 2 1 2311 5358 5679
11521 2 2 2 1 1117 4129 5649
11522 2 2 2 1 413 3721 5990
11523 2 2 2 1 1642 4770 5957
11524 2 2 2 1 4299 509 5043
11525 2 2 2 1 4903 2060 5476
11526 2 2 2 1 5358 1745 5679
11527 2 2 2 1 2411 4369 5466
11528 2 2 2 1 4941 2197 5462
11529 2 2 2 1 764 4903 5476
11530 2 2 2 1 206 3821 5677
11531 2 2 2 1 2509 4299 5043
11532 2 2 2 1 5691 793 5754
11533 2 2 2 1 4502 1912 5480
11534 2 2 2 1 1443 4502 5480
11535 2 2 2 1 1783 3762 5860
11536 2 2 2 1 2490 3919 5590
11537 2 2 2 1 1405 4278 5176
11538 2 2 2 1 4968 1019 5528
11539 2 2 2 1 4000 2549 6111
11540 2 2 2 1 4278 1712 5176
11541 2 2 2 1 5332 1596 5629
11542 2 2 2 1 2331 5052 6016
11543 2 2 2 1 5052 848 6016
11544 2 2 2 1 429 4941 5462
11545 2 2 2 1 1529 4657 4793
11546 2 2 2 1 2282 5332 5629
11547 2 2 2 1 1483 4664 4779
11548 2 2 2 1 601 4156 5143
11549 2 2 2 1 1532 3987 5350
11550 2 2 2 1 1378 3856 5639
11551 2 2 2 1 4708 1445 4846
11552 2 2 2 1 4021 516 6044
11553 2 2 2 1 2364 4708 4846
11554 2 2 2 1 2309 4224 5249
11555 2 2 2 1 659 3727 6094
11556 2 2 2 1 1596 3872 5629
11557 2 2 2 1 677 3973 5524
11558 2 2 2 1 1862 4021 6044
11559 2 2 2 1 4224 1276 5249
11560 2 2 2 1 4682 2058 5817
11561 2 2 2 1 1458 3833 5735
11562 2 2 2 1 5626 1710 5689
11563 2 2 2 1 4039 2336 5328
11564 2 2 2 1 2207 3737 6069
11565 2 2 2 1 3839 458 5766
11566 2 2 2 1 1524 4063 5297
11567 2 2 2 1 4128 1788 5915
11568 2 2 2 1 4188 661 5232
11569 2 2 2 1 5420 2227 5758
11570 2 2 2 1 1986 3839 5749
11571 2 2 2 1 1922 5214 5982
11572 2 2 2 1 2181 4991 5118
11573 2 2 2 1 4991 349 5118
11574 2 2 2 1 1290 3740 6090
11575 2 2 2 1 914 5884 6139
11576 2 2 2 1 2425 4423 5270
11577 2 2 2 1 1519 4374 5144
11578 2 2 2 1 4269 1474 5081
11579 2 2 2 1 5884 2686 6139
11580 2 2 2 1 4648 1592 5591
11581 2 2 2 1 4564 1879 4912
11582 2 2 2 1 3995 1639 5922
11583 2 2 2 1 5384 1823 6028
11584 2 2 2 1 4423 1331 5270
11585 2 2 2 1 4604 350 5491
11586 2 2 2 1 4128 345 5254
11587 2 2 2 1 649 3877 5689
11588 2 2 2 1 4979 1893 5438
11589 2 2 2 1 3788 652 6015
11590 2 2 2 1 801 3927 5818
11591 2 2 2 1 2191 3949 5797
11592 2 2 2 1 701 4626 5304
11593 2 2 2 1 2100 4957 5258
11594 2 2 2 1 3949 2667 5797
11595 2 2 2 1 2489 4524 6043
11596 2 2 2 1 2002 3858 5810
11597 2 2 2 1 1211 3819 5929
11598 2 2 2 1 709 4512 6008
11599 2 2 2 1 3849 648 5863
11600 2 2 2 1 1923 4902 5427
11601 2 2 2 1 1637 4468 5967
11602 2 2 2 1 4793 2053 6098
11603 2 2 2 1 3853 1693 5852
11604 2 2 2 1 2039 4715 5731
11605 2 2 2 1 4376 1595 5925
11606 2 2 2 1 1467 4443 5015
11607 2 2 2 1 1187 4153 5274
11608 2 2 2 1 5662 1924 5968
11609 2 2 2 1 2167 5943 6117
11610 2 2 2 1 4715 578 5731
11611 2 2 2 1 4218 470 5504
11612 2 2 2 1 4311 3374 5870
11613 2 2 2 1 1643 4188 5232
11614 2 2 2 1 4975 2480 6123
11615 2 2 2 1 1600 4021 5448
11616 2 2 2 1 4081 1874 5739
11617 2 2 2 1 4881 2641 6066
11618 2 2 2 1 218 4084 5353
11619 2 2 2 1 4017 1718 5660
11620 2 2 2 1 432 4881 6066
11621 2 2 2 1 1996 5068 5189
11622 2 2 2 1 4106 1829 5339
11623 2 2 2 1 1734 3792 6103
11624 2 2 2 1 3962 571 5671
11625 2 2 2 1 5068 1728 5189
11626 2 2 2 1 4470 2385 5599
11627 2 2 2 1 237 4081 5739
11628 2 2 2 1 4393 1120 5150
11629 2 2 2 1 726 3899 5773
11630 2 2 2 1 2003 4365 6119
11631 2 2 2 1 1121 4110 5349
11632 2 2 2 1 823 4654 4917
11633 2 2 2 1 1336 4470 5599
11634 2 2 2 1 1168 3841 5978
11635 2 2 2 1 4365 659 6119
11636 2 2 2 1 5023 943 5209
11637 2 2 2 1 2914 4593 5985
11638 2 2 2 1 4467 1978 5028
11639 2 2 2 1 1633 4511 5006
11640 2 2 2 1 4593 822 5985
11641 2 2 2 1 1988 5023 5209
11642 2 2 2 1 1537 4840 5127
11643 2 2 2 1 3841 1875 5978
11644 2 2 2 1 2236 3906 5793
11645 2 2 2 1 4509 3084 5673
11646 2 2 2 1 4290 1565 5186
11647 2 2 2 1 3851 1702 5981
11648 2 2 2 1 5303 2394 6053
11649 2 2 2 1 5186 1565 6071
11650 2 2 2 1 2309 4384 5109
11651 2 2 2 1 4840 2047 5127
11652 2 2 2 1 664 4192 5300
11653 2 2 2 1 1674 3962 5671
11654 2 2 2 1 795 3813 6118
11655 2 2 2 1 641 3911 5835
11656 2 2 2 1 1726 4096 5588
11657 2 2 2 1 1353 4045 5935
11658 2 2 2 1 4096 785 5588
11659 2 2 2 1 3926 1967 5782
11660 2 2 2 1 4251 2293 5241
11661 2 2 2 1 5316 802 5573
11662 2 2 2 1 4817 1780 5819
11663 2 2 2 1 901 3825 6111
11664 2 2 2 1 5097 1722 5903
11665 2 2 2 1 5011 1916 5416
11666 2 2 2 1 2072 4057 5483
11667 2 2 2 1 1790 4171 5364
11668 2 2 2 1 750 4877 5271
11669 2 2 2 1 2119 4761 4914
11670 2 2 2 1 3927 1659 5818
11671 2 2 2 1 4983 2579 5292
11672 2 2 2 1 2090 4574 5949
11673 2 2 2 1 3969 2075 6107
11674 2 2 2 1 724 4295 5744
11675 2 2 2 1 2272 4864 4923
11676 2 2 2 1 2208 5316 5573
11677 2 2 2 1 3884 1643 5973
11678 2 2 2 1 377 4983 5292
11679 2 2 2 1 1668 4402 5586
11680 2 2 2 1 4253 1462 5275
11681 2 2 2 1 1724 4393 5150
11682 2 2 2 1 705 4138 5449
11683 2 2 2 1 1783 3937 6110
11684 2 2 2 1 812 5119 5826
11685 2 2 2 1 3937 696 6110
11686 2 2 2 1 4938 750 5271
11687 2 2 2 1 1766 4942 5666
11688 2 2 2 1 4289 439 5664
11689 2 2 2 1 1816 4289 5664
11690 2 2 2 1 1226 4143 5424
11691 2 2 2 1 4296 1052 5762
11692 2 2 2 1 4549 2040 6099
11693 2 2 2 1 5232 661 5604
11694 2 2 2 1 326 5381 5478
11695 2 2 2 1 1845 4296 5762
11696 2 2 2 1 3915 1392 5942
11697 2 2 2 1 5416 1916 5576
11698 2 2 2 1 2075 4623 6107
11699 2 2 2 1 345 4128 5915
11700 2 2 2 1 4452 874 5530
11701 2 2 2 1 4623 1438 6107
11702 2 2 2 1 4148 1506 5456
11703 2 2 2 1 834 4549 6099
11704 2 2 2 1 1834 4452 5530
11705 2 2 2 1 738 4387 5549
11706 2 2 2 1 3859 737 6101
11707 2 2 2 1 4390 693 5201
11708 2 2 2 1 4600 411 5040
11709 2 2 2 1 2116 4002 5720
11710 2 2 2 1 4308 1079 5293
11711 2 2 2 1 3867 2451 6141
11712 2 2 2 1 784 4004 5725
11713 2 2 2 1 4397 738 5549
11714 2 2 2 1 4655 1729 5018
11715 2 2 2 1 4169 2018 5443
11716 2 2 2 1 5467 2263 5637
11717 2 2 2 1 4007 2639 5861
11718 2 2 2 1 5125 1627 5563
11719 2 2 2 1 428 4780 5139
11720 2 2 2 1 1754 5467 5637
11721 2 2 2 1 4650 853 5311
11722 2 2 2 1 2022 4016 5750
11723 2 2 2 1 1688 4408 5704
11724 2 2 2 1 1839 4650 5311
11725 2 2 2 1 4864 1544 4923
11726 2 2 2 1 1977 5020 5027
11727 2 2 2 1 5020 1691 5027
11728 2 2 2 1 326 4429 5381
11729 2 2 2 1 1426 4317 5446
11730 2 2 2 1 4977 2093 6118
11731 2 2 2 1 650 4798 5334
11732 2 2 2 1 5352 2416 6065
11733 2 2 2 1 5116 752 5268
11734 2 2 2 1 3998 1814 5821
11735 2 2 2 1 2006 5116 5268
11736 2 2 2 1 5140 626 5429
11737 2 2 2 1 5387 2553 6062
11738 2 2 2 1 1676 4182 5954
11739 2 2 2 1 2441 4822 5406
11740 2 2 2 1 2762 5140 5429
11741 2 2 2 1 4526 1020 5654
11742 2 2 2 1 2070 4326 5592
11743 2 2 2 1 4385 436 5795
11744 2 2 2 1 4326 1327 5592
11745 2 2 2 1 2127 5232 5604
11746 2 2 2 1 5397 2665 6021
11747 2 2 2 1 1884 4904 5165
11748 2 2 2 1 4360 1426 5446
11749 2 2 2 1 859 4485 6089
11750 2 2 2 1 4904 489 5165
11751 2 2 2 1 4232 2144 5447
11752 2 2 2 1 4031 758 5780
11753 2 2 2 1 4238 432 6066
11754 2 2 2 1 1895 4238 6066
11755 2 2 2 1 1851 4803 5207
11756 2 2 2 1 4803 415 5207
11757 2 2 2 1 2186 4757 5784
11758 2 2 2 1 4485 2487 6089
11759 2 2 2 1 1868 3912 6142
11760 2 2 2 1 1009 4007 5861
11761 2 2 2 1 4291 1581 5383
11762 2 2 2 1 3921 1696 6075
11763 2 2 2 1 4958 808 5364
11764 2 2 2 1 1846 4047 5781
11765 2 2 2 1 4236 1504 5659
11766 2 2 2 1 1656 4765 5033
11767 2 2 2 1 2177 4516 6051
11768 2 2 2 1 1766 4236 5659
11769 2 2 2 1 4523 1688 5704
11770 2 2 2 1 102 3995 5922
11771 2 2 2 1 3962 1674 6030
11772 2 2 2 1 869 4174 5945
11773 2 2 2 1 1641 4218 5504
11774 2 2 2 1 4174 1819 5945
11775 2 2 2 1 4072 1618 5745
11776 2 2 2 1 4235 1857 5985
11777 2 2 2 1 4577 1612 5168
11778 2 2 2 1 822 4235 5985
11779 2 2 2 1 2209 5384 6028
11780 2 2 2 1 1513 4798 5972
11781 2 2 2 1 1478 4405 5315
11782 2 2 2 1 4676 2470 5321
11783 2 2 2 1 778 4902 5126
11784 2 2 2 1 414 4201 5571
11785 2 2 2 1 4902 1923 5126
11786 2 2 2 1 5039 2207 6069
11787 2 2 2 1 5381 2102 5478
11788 2 2 2 1 847 5039 6069
11789 2 2 2 1 4037 1527 5891
11790 2 2 2 1 5263 2061 5963
11791 2 2 2 1 4768 1548 5074
11792 2 2 2 1 491 3977 6050
11793 2 2 2 1 695 4334 5994
11794 2 2 2 1 431 4793 6098
11795 2 2 2 1 1573 4209 5594
11796 2 2 2 1 5166 1643 5232
11797 2 2 2 1 4184 2220 5633
11798 2 2 2 1 4974 743 5665
11799 2 2 2 1 1664 4113 5748
11800 2 2 2 1 5217 2114 6114
11801 2 2 2 1 2127 5166 5232
11802 2 2 2 1 5217 2005 5218
11803 2 2 2 1 1644 4442 5340
11804 2 2 2 1 875 5217 5218
11805 2 2 2 1 817 4749 5895
11806 2 2 2 1 1904 4516 5816
11807 2 2 2 1 4250 1422 5976
11808 2 2 2 1 823 4917 5420
11809 2 2 2 1 1844 4250 5976
11810 2 2 2 1 3966 389 6115
11811 2 2 2 1 868 4662 5167
11812 2 2 2 1 4749 2020 5895
11813 2 2 2 1 4284 1760 5806
11814 2 2 2 1 4516 803 5816
11815 2 2 2 1 1763 5462 5556
11816 2 2 2 1 4045 1657 5935
11817 2 2 2 1 5462 2197 5556
11818 2 2 2 1 802 5481 5573
11819 2 2 2 1 447 4720 5567
11820 2 2 2 1 1741 4118 5802
11821 2 2 2 1 4720 1916 5567
11822 2 2 2 1 1778 4360 5446
11823 2 2 2 1 4857 1795 5078
11824 2 2 2 1 1968 5010 5101
11825 2 2 2 1 5481 2213 5573
11826 2 2 2 1 941 4040 6062
11827 2 2 2 1 5179 2049 5430
11828 2 2 2 1 820 4857 5078
11829 2 2 2 1 4429 1709 5381
11830 2 2 2 1 4040 1779 6062
11831 2 2 2 1 1863 5179 5430
11832 2 2 2 1 5574 916 6055
11833 2 2 2 1 4513 1042 5317
11834 2 2 2 1 4999 1513 5972
11835 2 2 2 1 2138 4999 5972
11836 2 2 2 1 2387 5574 6055
11837 2 2 2 1 5245 1964 5894
11838 2 2 2 1 4756 962 5183
11839 2 2 2 1 4369 1337 5466
11840 2 2 2 1 5134 1104 5390
11841 2 2 2 1 2216 5245 5894
11842 2 2 2 1 1791 4756 5183
11843 2 2 2 1 4384 796 5483
11844 2 2 2 1 5267 1966 5906
11845 2 2 2 1 4079 2171 6143
11846 2 2 2 1 100 4079 6143
11847 2 2 2 1 4780 1747 5139
11848 2 2 2 1 4371 1562 5475
11849 2 2 2 1 2228 5267 5906
11850 2 2 2 1 2256 4466 6059
11851 2 2 2 1 1717 4469 5889
11852 2 2 2 1 818 4065 5987
11853 2 2 2 1 1800 4408 5436
11854 2 2 2 1 1432 4702 6007
11855 2 2 2 1 5067 2613 5138
11856 2 2 2 1 4323 205 5677
11857 2 2 2 1 4763 1841 5168
11858 2 2 2 1 1612 4763 5168
11859 2 2 2 1 4466 1339 6059
11860 2 2 2 1 2873 4397 5549
11861 2 2 2 1 1681 5316 5331
11862 2 2 2 1 679 4538 5360
11863 2 2 2 1 2076 5330 5419
11864 2 2 2 1 5316 2208 5331
11865 2 2 2 1 5330 1029 5419
11866 2 2 2 1 4255 1403 5958
11867 2 2 2 1 4193 35 5775
11868 2 2 2 1 761 4292 5636
11869 2 2 2 1 1828 4689 5759
11870 2 2 2 1 1744 4720 5846
11871 2 2 2 1 1804 4249 5703
11872 2 2 2 1 4626 1677 5304
11873 2 2 2 1 5203 607 5436
11874 2 2 2 1 5218 2005 5927
11875 2 2 2 1 5599 2385 6096
11876 2 2 2 1 2591 4264 5738
11877 2 2 2 1 4329 681 5764
11878 2 2 2 1 2202 5218 5927
11879 2 2 2 1 4324 1827 5826
11880 2 2 2 1 4387 1678 5549
11881 2 2 2 1 1908 5599 6096
11882 2 2 2 1 643 4376 5925
11883 2 2 2 1 4415 2487 5832
11884 2 2 2 1 1720 4445 6140
11885 2 2 2 1 2186 4570 5610
11886 2 2 2 1 4695 1749 5264
11887 2 2 2 1 4876 1490 6041
11888 2 2 2 1 684 4050 6131
11889 2 2 2 1 1736 4341 5627
11890 2 2 2 1 4364 418 5763
11891 2 2 2 1 4877 1961 5271
11892 2 2 2 1 726 4245 5765
11893 2 2 2 1 779 5073 5147
11894 2 2 2 1 1845 5126 5181
11895 2 2 2 1 1595 5079 5925
11896 2 2 2 1 5669 2329 5862
11897 2 2 2 1 5792 1732 6078
11898 2 2 2 1 1815 5669 5862
11899 2 2 2 1 4313 1426 5702
11900 2 2 2 1 4654 2212 5461
11901 2 2 2 1 5126 1923 5181
11902 2 2 2 1 5228 2062 5644
11903 2 2 2 1 1572 5386 5389
11904 2 2 2 1 4402 769 5586
11905 2 2 2 1 5010 1748 5101
11906 2 2 2 1 2007 5235 5919
11907 2 2 2 1 800 5361 5427
11908 2 2 2 1 1620 4446 5543
11909 2 2 2 1 5386 2935 5389
11910 2 2 2 1 4340 1813 5779
11911 2 2 2 1 828 4340 5779
11912 2 2 2 1 2488 6106 6119
11913 2 2 2 1 1588 4472 5535
11914 2 2 2 1 4426 1512 5587
11915 2 2 2 1 5235 2193 5919
11916 2 2 2 1 741 4165 6011
11917 2 2 2 1 1685 5260 6019
11918 2 2 2 1 410 4474 6081
11919 2 2 2 1 1966 5221 5642
11920 2 2 2 1 4181 1381 5977
11921 2 2 2 1 4165 1781 6011
11922 2 2 2 1 1718 4092 6116
11923 2 2 2 1 4806 1267 5684
11924 2 2 2 1 1508 4911 5938
11925 2 2 2 1 1773 4457 5583
11926 2 2 2 1 2493 4806 5684
11927 2 2 2 1 5106 1884 5154
11928 2 2 2 1 1894 5106 5154
11929 2 2 2 1 5066 1028 5212
11930 2 2 2 1 342 4120 6134
11931 2 2 2 1 1960 4329 5764
11932 2 2 2 1 4439 322 5610
11933 2 2 2 1 4305 671 5807
11934 2 2 2 1 5398 1822 6112
11935 2 2 2 1 812 4311 5870
11936 2 2 2 1 821 4655 5892
11937 2 2 2 1 492 4139 6126
11938 2 2 2 1 2650 4477 6002
11939 2 2 2 1 1554 5067 5138
11940 2 2 2 1 511 4378 5815
11941 2 2 2 1 4171 1790 6101
11942 2 2 2 1 1663 4529 5839
11943 2 2 2 1 4966 722 5290
11944 2 2 2 1 1876 4966 5290
11945 2 2 2 1 1615 5412 5524
11946 2 2 2 1 2754 5206 5342
11947 2 2 2 1 5073 1837 5147
11948 2 2 2 1 807 4285 5896
11949 2 2 2 1 737 4171 6101
11950 2 2 2 1 4408 836 5704
11951 2 2 2 1 5437 2930 5728
11952 2 2 2 1 4821 1510 5374
11953 2 2 2 1 1571 5437 5728
11954 2 2 2 1 1810 4727 5388
11955 2 2 2 1 2159 5141 5142
11956 2 2 2 1 4174 1783 6110
11957 2 2 2 1 5141 1670 5142
11958 2 2 2 1 766 5162 6056
11959 2 2 2 1 4632 870 5584
11960 2 2 2 1 5077 2640 6024
11961 2 2 2 1 441 4760 5889
11962 2 2 2 1 1662 4604 5491
11963 2 2 2 1 5412 2539 5524
11964 2 2 2 1 2376 5182 5240
11965 2 2 2 1 1724 5150 6064
11966 2 2 2 1 4597 924 5699
11967 2 2 2 1 6106 2003 6119
11968 2 2 2 1 1762 4385 5795
11969 2 2 2 1 1847 4597 5699
11970 2 2 2 1 4355 2202 6072
11971 2 2 2 1 1744 4938 5271
11972 2 2 2 1 2781 4355 6072
11973 2 2 2 1 4957 1671 5258
11974 2 2 2 1 5395 827 5878
11975 2 2 2 1 1403 4486 5958
11976 2 2 2 1 2206 5395 5878
11977 2 2 2 1 720 4738 5422
11978 2 2 2 1 4458 1849 5904
11979 2 2 2 1 515 4458 5904
11980 2 2 2 1 2190 4821 5374
11981 2 2 2 1 1203 4215 6125
11982 2 2 2 1 1700 4526 5654
11983 2 2 2 1 2303 4501 5681
11984 2 2 2 1 2124 5066 5212
11985 2 2 2 1 5234 2928 5236
11986 2 2 2 1 1550 5234 5236
11987 2 2 2 1 2322 4738 5456
11988 2 2 2 1 4902 1823 5427
11989 2 2 2 1 2294 5339 5825
11990 2 2 2 1 1823 4913 5427
11991 2 2 2 1 104 4338 5959
11992 2 2 2 1 2268 4666 5526
11993 2 2 2 1 4822 410 5406
11994 2 2 2 1 1709 4429 5831
11995 2 2 2 1 1788 4632 5584
11996 2 2 2 1 4776 705 5449
11997 2 2 2 1 4356 847 6069
11998 2 2 2 1 1400 4631 6109
11999 2 2 2 1 1617 4837 5760
12000 2 2 2 1 5779 1813 5830
12001 2 2 2 1 2316 5779 5830
12002 2 2 2 1 1086 5228 5459
12003 2 2 2 1 1888 4337 6005
12004 2 2 2 1 4300 337 6071
12005 2 2 2 1 1923 5361 5497
12006 2 2 2 1 4536 879 5757
12007 2 2 2 1 5559 839 6005
12008 2 2 2 1 831 5221 5338
12009 2 2 2 1 1961 5088 5478
12010 2 2 2 1 5022 2200 5487
12011 2 2 2 1 716 5022 5487
12012 2 2 2 1 5088 326 5478
12013 2 2 2 1 5014 2511 5759
12014 2 2 2 1 5221 1966 5338
12015 2 2 2 1 1805 4536 5757
12016 2 2 2 1 1646 5322 5343
12017 2 2 2 1 4689 749 5759
12018 2 2 2 1 5322 2386 5343
12019 2 2 2 1 4352 403 6009
12020 2 2 2 1 1813 4340 6104
12021 2 2 2 1 1700 4508 5812
12022 2 2 2 1 1493 4645 5774
12023 2 2 2 1 5698 2248 5700
12024 2 2 2 1 1916 4720 5576
12025 2 2 2 1 1612 4577 5716
12026 2 2 2 1 1797 5698 5700
12027 2 2 2 1 5156 1106 5680
12028 2 2 2 1 2025 5156 5680
12029 2 2 2 1 309 4642 5921
12030 2 2 2 1 5182 1629 5240
12031 2 2 2 1 4917 1767 5420
12032 2 2 2 1 4645 1869 5774
12033 2 2 2 1 4469 441 5889
12034 2 2 2 1 4913 800 5427
12035 2 2 2 1 4380 2260 6083
12036 2 2 2 1 1317 4380 6083
12037 2 2 2 1 4651 2374 5656
12038 2 2 2 1 5848 2375 5859
12039 2 2 2 1 5326 1432 6007
12040 2 2 2 1 5450 2327 5879
12041 2 2 2 1 4340 1382 6104
12042 2 2 2 1 2013 5338 5670
12043 2 2 2 1 4473 1837 5916
12044 2 2 2 1 1789 5848 5859
12045 2 2 2 1 5361 2024 5497
12046 2 2 2 1 4514 755 5877
12047 2 2 2 1 4549 2139 6031
12048 2 2 2 1 5337 1192 5724
12049 2 2 2 1 4413 1583 6004
12050 2 2 2 1 5608 2517 5935
12051 2 2 2 1 2225 4430 5996
12052 2 2 2 1 4743 1484 5720
12053 2 2 2 1 1657 5608 5935
12054 2 2 2 1 2099 5337 5724
12055 2 2 2 1 4695 1833 5695
12056 2 2 2 1 4468 767 5967
12057 2 2 2 1 4495 702 5934
12058 2 2 2 1 1689 4984 5432
12059 2 2 2 1 1966 5642 5906
12060 2 2 2 1 301 4695 5695
12061 2 2 2 1 5273 1935 5307
12062 2 2 2 1 4807 1822 5868
12063 2 2 2 1 4486 1999 5958
12064 2 2 2 1 1871 4979 5438
12065 2 2 2 1 1944 5273 5307
12066 2 2 2 1 1047 4639 6133
12067 2 2 2 1 1852 5011 5416
12068 2 2 2 1 2215 4865 5878
12069 2 2 2 1 4865 2206 5878
12070 2 2 2 1 4448 695 5994
12071 2 2 2 1 1827 4771 5826
12072 2 2 2 1 4884 1952 5838
12073 2 2 2 1 420 4884 5838
12074 2 2 2 1 4691 520 5931
12075 2 2 2 1 1823 4902 6028
12076 2 2 2 1 1906 4691 5931
12077 2 2 2 1 4726 2135 5693
12078 2 2 2 1 767 4468 6023
12079 2 2 2 1 2192 5648 5726
12080 2 2 2 1 4477 792 6002
12081 2 2 2 1 5648 1885 5726
12082 2 2 2 1 5351 2402 5453
12083 2 2 2 1 4767 1816 5664
12084 2 2 2 1 2626 4967 5774
12085 2 2 2 1 803 4847 5816
12086 2 2 2 1 5206 640 5342
12087 2 2 2 1 1682 4907 5565
12088 2 2 2 1 2056 5134 5390
12089 2 2 2 1 5242 2411 5635
12090 2 2 2 1 2114 5217 5488
12091 2 2 2 1 635 5242 5635
12092 2 2 2 1 5719 2022 5939
12093 2 2 2 1 4512 1637 6008
12094 2 2 2 1 4496 1864 6025
12095 2 2 2 1 5217 875 5488
12096 2 2 2 1 806 5416 5576
12097 2 2 2 1 1601 4887 5605
12098 2 2 2 1 1788 5584 5915
12099 2 2 2 1 375 5519 5548
12100 2 2 2 1 1704 4968 5528
12101 2 2 2 1 4445 966 6140
12102 2 2 2 1 5070 2365 5891
12103 2 2 2 1 5519 2085 5548
12104 2 2 2 1 2226 5494 5940
12105 2 2 2 1 1527 5070 5891
12106 2 2 2 1 4748 2346 5841
12107 2 2 2 1 949 4492 6122
12108 2 2 2 1 2298 5186 6071
12109 2 2 2 1 5394 2468 5396
12110 2 2 2 1 1660 5394 5396
12111 2 2 2 1 1138 4748 5841
12112 2 2 2 1 4524 1178 6043
12113 2 2 2 1 5779 2316 6020
12114 2 2 2 1 4700 420 5838
12115 2 2 2 1 4517 167 6061
12116 2 2 2 1 828 5779 6020
12117 2 2 2 1 5011 1852 6102
12118 2 2 2 1 4655 1762 5892
12119 2 2 2 1 4642 1805 5921
12120 2 2 2 1 4492 1842 6122
12121 2 2 2 1 4720 447 5846
12122 2 2 2 1 5181 1923 5497
12123 2 2 2 1 4500 1559 6117
12124 2 2 2 1 827 4879 5693
12125 2 2 2 1 4771 812 5826
12126 2 2 2 1 1575 5112 5502
12127 2 2 2 1 1891 5858 5885
12128 2 2 2 1 1772 4751 5874
12129 2 2 2 1 5398 2262 5868
12130 2 2 2 1 5858 2265 5885
12131 2 2 2 1 2022 5499 5939
12132 2 2 2 1 433 5181 5497
12133 2 2 2 1 5228 1878 5459
12134 2 2 2 1 4650 1839 5993
12135 2 2 2 1 1757 4974 5665
12136 2 2 2 1 1948 4927 5908
12137 2 2 2 1 4927 762 5908
12138 2 2 2 1 418 5035 5763
12139 2 2 2 1 4702 2515 6007
12140 2 2 2 1 5039 847 5782
12141 2 2 2 1 1967 5039 5782
12142 2 2 2 1 474 4807 5868
12143 2 2 2 1 4809 1891 5885
12144 2 2 2 1 5085 801 5818
12145 2 2 2 1 4765 832 6036
12146 2 2 2 1 1930 4765 6036
12147 2 2 2 1 517 4809 5885
12148 2 2 2 1 1645 4766 6131
12149 2 2 2 1 4639 1798 6133
12150 2 2 2 1 2566 5501 5650
12151 2 2 2 1 2423 4972 5924
12152 2 2 2 1 1703 5351 5453
12153 2 2 2 1 4631 2368 6109
12154 2 2 2 1 2265 5858 5869
12155 2 2 2 1 5858 832 5869
12156 2 2 2 1 4770 179 5957
12157 2 2 2 1 2458 5945 5948
12158 2 2 2 1 2484 4910 5942
12159 2 2 2 1 5945 1819 5948
12160 2 2 2 1 1594 5076 6125
12161 2 2 2 1 2724 5601 5671
12162 2 2 2 1 4967 1493 5774
12163 2 2 2 1 538 5415 5580
12164 2 2 2 1 5601 1674 5671
12165 2 2 2 1 1794 5653 5655
12166 2 2 2 1 5653 2337 5655
12167 2 2 2 1 4867 818 5987
12168 2 2 2 1 749 5014 5759
12169 2 2 2 1 2035 5521 5719
12170 2 2 2 1 5035 2106 5763
12171 2 2 2 1 1942 4867 5987
12172 2 2 2 1 5603 2127 5604
12173 2 2 2 1 1980 5119 5870
12174 2 2 2 1 1623 5204 5769
12175 2 2 2 1 3439 5085 5818
12176 2 2 2 1 1878 5228 5644
12177 2 2 2 1 5119 812 5870
12178 2 2 2 1 5221 1964 5642
12179 2 2 2 1 5012 1663 5839
12180 2 2 2 1 1918 5603 5604
12181 2 2 2 1 1966 5267 5670
12182 2 2 2 1 1964 5245 5642
12183 2 2 2 1 5245 780 5642
12184 2 2 2 1 3310 5345 6029
12185 2 2 2 1 1798 4802 6133
12186 2 2 2 1 5345 1777 6029
12187 2 2 2 1 2331 6016 6046
12188 2 2 2 1 5597 1720 6140
12189 2 2 2 1 5267 341 5670
12190 2 2 2 1 1822 5398 5868
12191 2 2 2 1 5415 2527 5580
12192 2 2 2 1 1822 4804 6112
12193 2 2 2 1 6016 1940 6046
12194 2 2 2 1 5338 1966 5670
12195 2 2 2 1 4802 3337 6133
12196 2 2 2 1 4902 778 6028
12197 2 2 2 1 5538 3191 5620
12198 2 2 2 1 5552 1988 5554
12199 2 2 2 1 5517 1775 6054
12200 2 2 2 1 2534 4876 6041
12201 2 2 2 1 1613 5538 5620
12202 2 2 2 1 5554 620 5621
12203 2 2 2 1 1092 5010 5961
12204 2 2 2 1 2044 5554 5621
12205 2 2 2 1 2044 5552 5554
12206 2 2 2 1 3221 5517 6054
12207 2 2 2 1 5010 1968 5961
12208 2 2 2 1 1438 4853 6107
12209 2 2 2 1 5675 2493 5920
12210 2 2 2 1 5054 1948 5908
12211 2 2 2 1 5034 2167 6117
12212 2 2 2 1 1559 5034 6117
12213 2 2 2 1 250 5097 5903
12214 2 2 2 1 5079 2494 5925
12215 2 2 2 1 5663 2066 5867
12216 2 2 2 1 506 5540 5971
12217 2 2 2 1 2130 5663 5867
12218 2 2 2 1 5501 1724 5650
12219 2 2 2 1 2204 5706 5932
12220 2 2 2 1 5680 2064 5683
12221 2 2 2 1 2025 5680 5683
12222 2 2 2 1 1869 4975 6123
12223 2 2 2 1 5339 1829 5825
12224 2 2 2 1 340 5077 6024
12225 2 2 2 1 784 5011 6102
12226 2 2 2 1 5521 2022 5719
12227 2 2 2 1 5499 2022 5750
12228 2 2 2 1 462 5499 5750
12229 2 2 2 1 778 5824 6028
12230 2 2 2 1 2111 5761 6022
12231 2 2 2 1 863 5719 5939
12232 2 2 2 1 5824 2209 6028
12233 2 2 2 1 1954 5263 5963
12234 2 2 2 1 2098 5518 6022
12235 2 2 2 1 5162 2971 6056
12236 2 2 2 1 5906 780 5992
12237 2 2 2 1 2228 5906 5992
12238 2 2 2 1 5518 814 6022
12239 2 2 2 1 3258 5808 5883
12240 2 2 2 1 1831 5450 5879
12241 2 2 2 1 5881 1737 5887
12242 2 2 2 1 2942 5881 5887
12243 2 2 2 1 780 5373 5992
12244 2 2 2 1 1866 5326 6007
12245 2 2 2 1 5373 2037 5992
12246 2 2 2 1 5642 780 5906
12247 2 2 2 1 5499 2066 5939
12248 2 2 2 1 2228 5992 6014
12249 2 2 2 1 1796 5303 6053
12250 2 2 2 1 2005 5217 6114
12251 2 2 2 1 5992 2037 6014
12252 2 2 2 1 1836 5768 5777
12253 2 2 2 1 5768 2450 5777
12254 2 2 2 1 5757 2419 5921
12255 2 2 2 1 1805 5757 5921
12256 2 2 2 1 5494 1919 5940
12257 2 2 2 1 1752 5397 6021
12258 2 2 2 1 5584 2437 5915
12259 2 2 2 1 1807 5352 6065
12260 2 2 2 1 1762 5795 5892
12261 2 2 2 1 5795 2283 5892
12262 2 2 2 1 1779 5387 6062
12263 2 2 2 1 2066 5663 5939
12264 2 2 2 1 5540 1991 5971
12265 2 2 2 1 3591 6097 6100
12266 2 2 2 1 6097 1726 6100
12267 2 2 2 1 1821 5675 5920
12268 2 2 2 1 5927 838 6072
12269 2 2 2 1 2202 5927 6072
12270 2 2 2 1 6063 3010 6146
12271 2 2 2 1 329 6063 6146
12272 2 2 2 1 5663 863 5939
12273 2 2 2 1 5706 1989 5932
12274 2 2 2 1 2488 5697 6106
12275 2 2 2 1 5808 1701 5883
12276 2 2 2 1 2877 5937 6104
12277 2 2 2 1 2820 5597 6140
12278 2 2 2 1 5761 2098 6022
12279 2 2 2 1 1842 6057 6122
12280 2 2 2 1 2633 5965 5997
12281 2 2 2 1 6057 2792 6122
12282 2 2 2 1 5761 2111 6073
12283 2 2 2 1 5697 1068 6106
12284 2 2 2 1 918 5761 6073
12285 2 2 2 1 5965 1879 5997
12286 2 2 2 1 6084 2473 6088
12287 2 2 2 1 1958 6084 6088
12288 2 2 2 1 2130 5867 6089
12289 2 2 2 1 5937 1813 6104
12290 2 2 2 1 5867 859 6089
12291 2 2 2 1 6020 2316 6042
12292 2 2 2 1 2042 6020 6042
$EndElements
