$MeshFormat
2.2 0 8
$EndMeshFormat
$Nodes
1324
1 0.1 0 0
2 1 0 0
3 1 1 0
4 0 1 0
5 0 0.1 0
6 0.1310344827585625 0 0
7 0.1620689655171295 0 0
8 0.1931034482757051 0 0
9 0.2241379310342573 0 0
10 0.2551724137927959 0 0
11 0.286206896551302 0 0
12 0.3172413793098092 0 0
13 0.3482758620683216 0 0
14 0.3793103448268577 0 0
15 0.4103448275853944 0 0
16 0.4413793103439408 0 0
17 0.4724137931024902 0 0
18 0.5034482758610396 0 0
19 0.534482758619589 0 0
20 0.5655172413781908 0 0
21 0.5965517241368882 0 0
22 0.6275862068956074 0 0
23 0.658620689654305 0 0
24 0.6896551724130026 0 0
25 0.7206896551717001 0 0
26 0.7517241379303977 0 0
27 0.7827586206890953 0 0
28 0.8137931034478033 0 0
29 0.8448275862065121 0 0
30 0.8758620689652097 0 0
31 0.9068965517239073 0 0
32 0.9379310344826048 0 0
33 0.9689655172413024 0 0
34 1 0.03030303030297272 0
35 1 0.06060606060593764 0
36 1 0.0909090909089193 0
37 1 0.1212121212119019 0
38 1 0.1515151515148505 0
39 1 0.1818181818177925 0
40 1 0.2121212121207345 0
41 1 0.2424242424236765 0
42 1 0.2727272727266185 0
43 1 0.3030303030295605 0
44 1 0.3333333333325025 0
45 1 0.3636363636354444 0
46 1 0.3939393939383865 0
47 1 0.4242424242413285 0
48 1 0.4545454545442704 0
49 1 0.4848484848472124 0
50 1 0.5151515151502385 0
51 1 0.5454545454533485 0
52 1 0.5757575757564587 0
53 1 0.6060606060595688 0
54 1 0.6363636363626788 0
55 1 0.666666666665789 0
56 1 0.6969696969688991 0
57 1 0.7272727272720091 0
58 1 0.7575757575751193 0
59 1 0.7878787878782294 0
60 1 0.8181818181813394 0
61 1 0.8484848484844496 0
62 1 0.8787878787875596 0
63 1 0.9090909090906697 0
64 1 0.9393939393937799 0
65 1 0.9696969696968899 0
66 0.9696969696968435 1 0
67 0.939393939393687 1 0
68 0.9090909090905305 1 0
69 0.8787878787873852 1 0
70 0.8484848484845119 1 0
71 0.8181818181816918 1 0
72 0.7878787878788718 1 0
73 0.7575757575760518 1 0
74 0.7272727272732318 1 0
75 0.6969696969704118 1 0
76 0.6666666666675918 1 0
77 0.6363636363647718 1 0
78 0.6060606060619518 1 0
79 0.5757575757591317 1 0
80 0.5454545454563117 1 0
81 0.5151515151534917 1 0
82 0.4848484848505032 1 0
83 0.454545454547347 1 0
84 0.4242424242441906 1 0
85 0.3939393939410341 1 0
86 0.3636363636378775 1 0
87 0.3333333333347211 1 0
88 0.3030303030315648 1 0
89 0.2727272727284082 1 0
90 0.2424242424252517 1 0
91 0.2121212121220953 1 0
92 0.1818181818189389 1 0
93 0.1515151515157824 1 0
94 0.1212121212126259 1 0
95 0.09090909090946953 1 0
96 0.06060606060631313 1 0
97 0.03030303030315662 1 0
98 0 0.9689655172414056 0
99 0 0.9379310344828582 0
100 0 0.9068965517243033 0
101 0 0.8758620689657881 0
102 0 0.8448275862072676 0
103 0 0.8137931034487583 0
104 0 0.7827586206902506 0
105 0 0.7517241379317429 0
106 0 0.7206896551732194 0
107 0 0.689655172414681 0
108 0 0.6586206896561329 0
109 0 0.627586206897581 0
110 0 0.5965517241390172 0
111 0 0.5655172413804579 0
112 0 0.5344827586218328 0
113 0 0.5034482758631419 0
114 0 0.4724137931044128 0
115 0 0.4413793103457134 0
116 0 0.4103448275870142 0
117 0 0.3793103448283149 0
118 0 0.3482758620696157 0
119 0 0.3172413793109164 0
120 0 0.2862068965522067 0
121 0 0.2551724137934962 0
122 0 0.224137931034797 0
123 0 0.1931034482760977 0
124 0 0.1620689655173985 0
125 0 0.1310344827586992 0
126 0.02588190457564709 0.0965925826113843 0
127 0.05000000013008411 0.08660254030333978 0
128 0.07071067828675374 0.07071067795055576 0
129 0.08660254045772288 0.04999999986268473 0
130 0.09659258264953247 0.02588190443327617 0
131 0.4965075144619586 0.9706609929370696 0
132 0.4878252937775981 0.02611875525335683 0
133 0.9754084565047962 0.5010440159111478 0
134 0.02687665046234015 0.4879310344837773 0
135 0.6396702839926697 0.02631490593039454 0
136 0.02686921021555449 0.6431185350052075 0
137 0.9732667659006703 0.6519901538724646 0
138 0.03153933003535681 0.3327281198165686 0
139 0.6515151515161818 0.9737568059461083 0
140 0.9755637875827574 0.3484660585769075 0
141 0.3461290672327438 0.9762996172686487 0
142 0.3370412593131883 0.02311636368524619 0
143 0.7679673911150562 0.02647515551509796 0
144 0.02587278321886377 0.7701547093023942 0
145 0.9738905471161994 0.772976393944538 0
146 0.7717869297540467 0.9692386897871779 0
147 0.976314677189964 0.2312657221409511 0
148 0.2272727272736735 0.9737568059458169 0
149 0.02444919207258137 0.2097295597051025 0
150 0.2083401389469106 0.02556105707565057 0
151 0.8604036938671223 0.02687030487937653 0
152 0.02548991337717722 0.8602265158979412 0
153 0.8636363636359484 0.9737568059460852 0
154 0.07490650416272598 0.09488224108172588 0
155 0.9761362527436949 0.8629403540583314 0
156 0.9727556981382339 0.1382177907327746 0
157 0.138410846787653 0.9737119974618552 0
158 0.02610852711394816 0.2706874860685934 0
159 0.7044701844148938 0.03024259413505521 0
160 0.02537096278689552 0.7040296387322498 0
161 0.5844801337152409 0.02966462722500772 0
162 0.02689227012739172 0.5810421491513191 0
163 0.4218824203998879 0.03031480697926493 0
164 0.02479226370756181 0.4258200173540488 0
165 0.2702609941485473 0.02662247718587136 0
166 0.9731309922054365 0.7107138714848206 0
167 0.7089215175339695 0.9748793777350763 0
168 0.9752201647396634 0.590909090908014 0
169 0.5911023907893277 0.9755450027848229 0
170 0.9768174548477205 0.4363199991679981 0
171 0.4448776476847046 0.9770616087032084 0
172 0.9709703562661227 0.2838663295300056 0
173 0.2865052464199458 0.9734418601817377 0
174 0.924242424242109 0.9737568059458217 0
175 0.9224142910422697 0.02620360626820166 0
176 0.02612382928776077 0.921413867139768 0
177 0.1111304843398405 0.04852089473061419 0
178 0.02532982980927195 0.1513181776446916 0
179 0.9742065854094843 0.9194607731613584 0
180 0.9760687378509135 0.07741540536122887 0
181 0.07582120678158584 0.9745392054836122 0
182 0.09508831968677268 0.0730742467419247 0
183 0.1034622253665069 0.1000348964243055 0
184 0.08232043892611204 0.12198407105189 0
185 0.1118127887623261 0.1281951261668943 0
186 0.1320158615507584 0.1059605845281981 0
187 0.140520221281368 0.135455144755539 0
188 0.121010956959729 0.1546608483488346 0
189 0.1501238693942358 0.1634879314019684 0
190 0.1701027813341396 0.1414465203754666 0
191 0.1797552846141349 0.1700306025093443 0
192 0.1595466401794021 0.1927094665936003 0
193 0.1893346092417061 0.1989575443592783 0
194 0.1690399316154589 0.2216839654521626 0
195 0.1989064025535284 0.2279251246471501 0
196 0.2191687317127271 0.2051640827737816 0
197 0.2287923408924832 0.2341577604055705 0
198 0.2084648043783623 0.2569369591581269 0
199 0.2385519631895107 0.2631262823720425 0
200 0.2587496051767951 0.240370753870509 0
201 0.2683355238421146 0.2694129328989361 0
202 0.2480342568517738 0.2921873917259841 0
203 0.2778877809783478 0.2984710595999525 0
204 0.2982551010034283 0.2756629129752867 0
205 0.3078163303981377 0.3047326865910222 0
206 0.2874195542622269 0.3275370046965774 0
207 0.3173667660951019 0.3338032896824896 0
208 0.2969632836314548 0.3566109414799701 0
209 0.3269210366766382 0.3628750527964766 0
210 0.3473552172999801 0.3401117631213014 0
211 0.3568699619466086 0.3691631105027104 0
212 0.3364882666082561 0.3919377951638763 0
213 0.3664257055416716 0.3981973013455494 0
214 0.3868545597063628 0.3754679530549434 0
215 0.3963520397839729 0.4044695789858511 0
216 0.375973188663937 0.4272366474750838 0
217 0.4058827968264206 0.433501817058448 0
218 0.42625151326929 0.4107417461250921 0
219 0.4357819406304 0.4397577488589637 0
220 0.4561434780209517 0.4170060108810399 0
221 0.4656700275454109 0.4460041805021101 0
222 0.3855172675119644 0.4562806030339734 0
223 0.4860296747788226 0.4232512053519237 0
224 0.4955535678222664 0.4522408244565721 0
225 0.5158954568946582 0.4295187687975358 0
226 0.5254137310256828 0.4584922092964277 0
227 0.5050766170885008 0.4812312986714405 0
228 0.5349274313120159 0.4874693242097801 0
229 0.5146035876294848 0.5101930703537698 0
230 0.5444864775172982 0.5164153892398076 0
231 0.5241288864209281 0.5391439536105115 0
232 0.5540022669649964 0.5453656503532784 0
233 0.5457578296757236 0.4357603939878042 0
234 0.5336462323157564 0.5680878608339816 0
235 0.5634621150325214 0.5743220297003565 0
236 0.5838346576117887 0.5516245968965983 0
237 0.5932712813496648 0.5805590742077353 0
238 0.543148764497752 0.5970248575950503 0
239 0.5362849787881526 0.4068248804214711 0
240 0.5661185421171548 0.4130282124950105 0
241 0.6135716689109258 0.5578787311202194 0
242 0.6230558272874966 0.5867949573943062 0
243 0.5566434184177478 0.3840677424564868 0
244 0.5864809464995582 0.3902827616592118 0
245 0.5133340632406198 0.5907980557176831 0
246 0.5228433737153839 0.6197307207211915 0
247 0.493028782769238 0.6134967653107846 0
248 0.643424606131094 0.5640882390758972 0
249 0.652851339140464 0.5930190349095181 0
250 0.5025417497249153 0.6424349732011968 0
251 0.4727392712088869 0.6362204504506617 0
252 0.5769592669625683 0.3612668126498753 0
253 0.6068485357828325 0.3675183060309058 0
254 0.5973189789789075 0.3384856258666649 0
255 0.6272312065430437 0.3447430264646651 0
256 0.4822387376009343 0.665123795608679 0
257 0.4524215884254683 0.6589258757601677 0
258 0.5121044579219836 0.6713259815636792 0
259 0.6732434607350246 0.5703460151440114 0
260 0.6826345565838132 0.599249316315409 0
261 0.6176981820742459 0.3156929190084848 0
262 0.6476211313146462 0.3219670578662458 0
263 0.5877577239117153 0.3094267113289612 0
264 0.4619216093453503 0.6878418945464977 0
265 0.4320667189748296 0.6816220283110208 0
266 0.657145167508193 0.3510044634972534 0
267 0.677530493750532 0.3282410648894245 0
268 0.6870476439084241 0.3572729161143869 0
269 0.7029134326769817 0.5765966891200455 0
270 0.7123835067287962 0.6054771258840379 0
271 0.6921071131235763 0.6281388489667239 0
272 0.7218696365114616 0.6343517698065553 0
273 0.7015996114934074 0.6570114177260089 0
274 0.7313502903034239 0.6632268796271584 0
275 0.7110872634820165 0.6858780994534155 0
276 0.6680158412587318 0.2991997218436233 0
277 0.6979325662435236 0.3054702015768226 0
278 0.4415896023653486 0.7105928210007026 0
279 0.4117266451286028 0.7043638589418331 0
280 0.4021934083682573 0.67536274532519 0
281 0.3818313112759824 0.698128748779086 0
282 0.3722955126354004 0.6690968636061388 0
283 0.3519230948492205 0.6918830940361808 0
284 0.3423657866153647 0.6628107454152435 0
285 0.3219589281506112 0.6856480812800958 0
286 0.3123986596322764 0.656528678245815 0
287 0.2919731863051687 0.6793787450969969 0
288 0.2824011429489621 0.6502552136981521 0
289 0.3015421927483892 0.7084967928563537 0
290 0.7408301445293797 0.6920946016322859 0
291 0.7205718683831672 0.7147365105687858 0
292 0.7503032724673513 0.7209530418004888 0
293 0.7326562412445219 0.5828199018204339 0
294 0.2715455084863153 0.7022310778503746 0
295 0.3915869194696951 0.7270549302269936 0
296 0.6884089154457055 0.2764135922252909 0
297 0.7183467398169693 0.2826859187640477 0
298 0.2810577954671112 0.7312946157913942 0
299 0.7300496453509844 0.7435908245125304 0
300 0.7597692932884407 0.7498049288820179 0
301 0.7003315874984291 0.7373791027491429 0
302 0.7088131545607381 0.2536182861349863 0
303 0.7387545558515766 0.2599051121349076 0
304 0.7482769220075463 0.288957270206374 0
305 0.6788515258461044 0.2473289965204039 0
306 0.2511005976926253 0.7250737942772474 0
307 0.2606129474569508 0.754140659074616 0
308 0.7611066964866937 0.66943135086142 0
309 0.7098067013809148 0.7662234263395737 0
310 0.6800895905413107 0.7600142082308732 0
311 0.7231722690667612 0.5539377007147235 0
312 0.7529284428951719 0.5601646682826342 0
313 0.768673429674686 0.2661958210028734 0
314 0.7781757253419725 0.2952338612552746 0
315 0.7591697511510457 0.2371385377381083 0
316 0.2307024941059416 0.7479634545442633 0
317 0.221130408971688 0.7189889760607571 0
318 0.7434737166285915 0.5313064989928444 0
319 0.7732079586984888 0.5375135012406911 0
320 0.7637602717302392 0.5086609596970176 0
321 0.2402214745729859 0.7770863937664634 0
322 0.2702916910763373 0.7831225978904521 0
323 0.3028451925578453 0.6273986917830809 0
324 0.2728322178145514 0.6211166680659211 0
325 0.689561912633927 0.7888578303520826 0
326 0.6598411300596674 0.782642676399773 0
327 0.2102659909130257 0.7708224566017581 0
328 0.7889708000185491 0.2434765085931448 0
329 0.7795589659594679 0.2143634596572607 0
330 0.7934794218143568 0.5148576321610847 0
331 0.7840369079352044 0.4860053454974809 0
332 0.8029450314894594 0.5437828323935867 0
333 0.4632306365654949 0.6073522024959958 0
334 0.2198200823561373 0.7999270408698048 0
335 0.2932926825092899 0.5982608264199141 0
336 0.2632623843915401 0.5919681640912068 0
337 0.1898512626760008 0.7937011384297726 0
338 0.8093793915469166 0.2207020268523142 0
339 0.7999727904069471 0.1915705036948717 0
340 0.7701168694447054 0.1853399752686329 0
341 0.7341708393703984 0.502379425848672 0
342 0.813753403625298 0.4922065312982909 0
343 0.8042781697358704 0.4633166659658705 0
344 0.2837073471799537 0.5692112921079864 0
345 0.2536937367302917 0.562808616779494 0
346 0.2332080655626699 0.5856870610471839 0
347 0.223617569940858 0.5564879807482438 0
348 0.2031039462556499 0.5794139224934679 0
349 0.1935079762696408 0.5501686453354296 0
350 0.2140052222791149 0.527387551139231 0
351 0.1839090697737375 0.5209409217202148 0
352 0.2044231780097014 0.4981542900692496 0
353 0.3137438464742482 0.5754672320658598 0
354 0.1726858793322738 0.4922141864809274 0
355 0.1945906053850258 0.4688314969352636 0
356 0.6693196720300023 0.8114877289010887 0
357 0.639597742502433 0.8052757164503984 0
358 0.6990371493746412 0.8176954395074031 0
359 0.6503865186450782 0.7537814361373332 0
360 0.5960311751365733 0.4192694324517589 0
361 0.1993804004157669 0.822796326627631 0
362 0.82982908552932 0.1977747235385996 0
363 0.838776192904118 0.2272779664060626 0
364 0.1627782148936881 0.4630248393483754 0
365 0.1849054541473414 0.4395618951807808 0
366 0.1547488389382503 0.433237557953613 0
367 0.1729717433472003 0.573108003594492 0
368 0.1694312963827093 0.8165859264374756 0
369 0.1598115114926978 0.7877691894416127 0
370 0.8204032760008062 0.1687411288541292 0
371 0.8340282761052276 0.4695722717132491 0
372 0.8245492766966276 0.4406565534707577 0
373 0.224861939207455 0.475525119889603 0
374 0.1753727944227301 0.410267002173515 0
375 0.6490770442732272 0.8341183684814224 0
376 0.6193538578293989 0.8279087154812099 0
377 0.145427997316678 0.4038713277913466 0
378 0.1789707998207142 0.8456509280410792 0
379 0.2089284926389147 0.8519165027435971 0
380 0.1998686557457044 0.1473371945920725 0
381 0.3282047320570621 0.2819147733679488 0
382 0.4714945492259528 0.7167191134436397 0
383 0.8434601312078098 0.4985385075177375 0
384 0.6340990225264802 0.5351308286149294 0
385 0.4453204656799238 0.4687826014608765 0
386 0.552676564597521 0.6259192760313802 0
387 0.4467522623069923 0.3880072904348878 0
388 0.780024381891226 0.7271770132705938 0
389 0.7894837118883437 0.7560179509609648 0
390 0.8097237526189397 0.7334037591650735 0
391 0.8191860166082138 0.7622340446304539 0
392 0.7989548945040286 0.7848475026487065 0
393 0.828652693752822 0.7910616436870401 0
394 0.808426400731698 0.8136699275163799 0
395 0.8381156865551713 0.819880809892593 0
396 0.8178951045744994 0.8424853112837438 0
397 0.8475770111890655 0.8486953455500472 0
398 0.839420293918154 0.7396186272555749 0
399 0.6326210430704278 0.6156899362769944 0
400 0.8299594449333184 0.7107944355014852 0
401 0.6098764918522427 0.7990553813616527 0
402 0.5896247333723119 0.8216982219727026 0
403 0.5801436587675887 0.7928326431921251 0
404 0.5598891351128429 0.815485418612756 0
405 0.5693785196814408 0.8443402062245855 0
406 0.539641145836942 0.8381354311167266 0
407 0.4511254914060843 0.7395364716143342 0
408 0.774645949052182 0.4570883652171567 0
409 0.1537663103037761 0.5146001744293575 0
410 0.318628958710355 0.2528229560530797 0
411 0.3486433171246534 0.259087342330042 0
412 0.3390150109250165 0.2299328948714285 0
413 0.3690858820694725 0.2362202408213083 0
414 0.3594414743650385 0.2070270011964934 0
415 0.3895249440044877 0.2133128669487066 0
416 0.3991193093580409 0.2424935767904133 0
417 0.4195923085778308 0.2195936295815646 0
418 0.4291956397221571 0.2487714544206743 0
419 0.449677722291082 0.2258808019976241 0
420 0.4400696320476084 0.1966798181222907 0
421 0.4701766441906173 0.2029740076956405 0
422 0.4605585082478171 0.1737562564428229 0
423 0.4906785153321597 0.1800454024669792 0
424 0.4592575025683451 0.2550606488986987 0
425 0.3799131633960439 0.1841289342799978 0
426 0.3497958110064584 0.1778482280860778 0
427 0.3702879504584964 0.1549090562677327 0
428 0.340142309570212 0.1486345881062309 0
429 0.5472177897889436 0.3551168561159215 0
430 0.3556073848178997 0.4500120220591413 0
431 0.1825827632484572 0.6023707046637578 0
432 0.5002801851247982 0.209278829013916 0
433 0.5208050315269273 0.1863549933002092 0
434 0.5111996878939463 0.1571118704563328 0
435 0.541333433389463 0.1634229459411509 0
436 0.5509293956319784 0.1926707870318135 0
437 0.5714628594239232 0.1697471718335136 0
438 0.1524207330291207 0.5960629087689363 0
439 0.1620414716514888 0.6253574430693087 0
440 0.1658284550280663 0.3809732405908706 0
441 0.8502761276420855 0.1749422275410842 0
442 0.6288371976487512 0.8567484158639946 0
443 0.6585493160328864 0.8629573344095565 0
444 0.1490872844867127 0.8394457529225164 0
445 0.8543021534630618 0.4469479240807609 0
446 0.8448284002195471 0.4179922984751943 0
447 0.8150553040137754 0.4117534735784083 0
448 0.8354119933196069 0.3891417277704046 0
449 0.8678123538065018 0.8260696244272966 0
450 0.1358826318547319 0.3745819058141823 0
451 0.5491322801738985 0.8669866968829325 0
452 0.5193931445662063 0.8607877191539592 0
453 0.8273595963515152 0.8712967726939717 0
454 0.7976790616143054 0.8650882598620845 0
455 0.8408427056504999 0.1459149507699584 0
456 0.8109652004591972 0.1397171192208845 0
457 0.8651365068130509 0.3953302231117261 0
458 0.8557201068408667 0.3664833465072785 0
459 0.1395709760435998 0.2157731663338265 0
460 0.148796233371877 0.2444588230028382 0
461 0.5317347860569248 0.1341513680967023 0
462 0.8596534740870118 0.7170069781081168 0
463 0.8501907700944008 0.6881839619480196 0
464 0.5015633215771051 0.1278237541318304 0
465 0.8570382928024644 0.8775041837047786 0
466 0.18855641037275 0.8747216885836064 0
467 0.438796500485407 0.2779312823537646 0
468 0.509900011311075 0.8319230295804508 0
469 0.4896466352795551 0.8545836396523832 0
470 0.3651516611526398 0.4790637443621704 0
471 0.335219238982957 0.4727973741253034 0
472 0.131682553654967 0.455032443055939 0
473 0.5810527890214783 0.1989504641112115 0
474 0.6015840063538467 0.1760690864082832 0
475 0.5920021321962523 0.1468268463329634 0
476 0.6221361645768462 0.1531540443886295 0
477 0.2053349821613913 0.4168576228411012 0
478 0.2184836567148498 0.880970950644472 0
479 0.1564484460173387 0.3516568111783374 0
480 0.1265870312063486 0.345509809027411 0
481 0.3606597872151776 0.1256578441144666 0
482 0.3305003408813506 0.1193959811405149 0
483 0.309997590532393 0.1423687308356209 0
484 0.1327174921488706 0.6187571886646892 0
485 0.1416292979397698 0.6483051770836313 0
486 0.1222349168037692 0.5897283654866483 0
487 0.5503980502450062 0.786617846660013 0
488 0.570662002862476 0.7639570614023818 0
489 0.4688173630898305 0.2842091075843086 0
490 0.87083553462365 0.152200222936573 0
491 0.8799668995086167 0.1813906939234715 0
492 0.8798834048249066 0.6944008543179019 0
493 0.8704216658807022 0.6655748731344584 0
494 0.6125538084761656 0.123874140961977 0
495 0.6427086083197432 0.1302166170918983 0
496 0.8058758473637793 0.3828080860653749 0
497 0.8893452603544916 0.7232209245904593 0
498 0.1058095347032372 0.3682807171357917 0
499 0.2388523481325883 0.8581908723516786 0
500 0.2483952836323326 0.8871957278122427 0
501 0.2689564615889117 0.8643757004858529 0
502 0.6666749429419212 0.3800200384350713 0
503 0.6965570276221694 0.3862772546847848 0
504 0.6762051673946894 0.4090115944600539 0
505 0.652069894643363 0.1596260986086659 0
506 0.6728338064251759 0.1365518999338908 0
507 0.3627614308027767 0.6400608820813992 0
508 0.3112052959552099 0.7373585301551073 0
509 0.7624050127087594 0.5890464355255126 0
510 0.5649254226334135 0.4936812783047747 0
511 0.681352452083598 0.6796612491980748 0
512 0.8407378861000714 0.6593553997637407 0
513 0.8609643054774319 0.6367483280549326 0
514 0.4942949919176517 0.532919743350849 0
515 0.252387280094893 0.6440315460148441 0
516 0.3907948258511099 0.1319421364258608 0
517 0.7169138555933291 0.3635455430823298 0
518 0.4801655786302158 0.8257231289645937 0
519 0.4599241469621355 0.848401985989379 0
520 0.469398921864397 0.8772507605046861 0
521 0.4396419500218397 0.8710423579777056 0
522 0.4301483647626906 0.8422730615421822 0
523 0.4098701215240578 0.8648684056034051 0
524 0.4003407116628163 0.8360476654990201 0
525 0.3800829063542828 0.8586637856571819 0
526 0.3705513808895048 0.8297481589461051 0
527 0.1193072569403008 0.2385396781107281 0
528 0.6081523862497251 0.2866288125079699 0
529 0.578260984088812 0.2804087532729836 0
530 0.2741850407268484 0.5402472172166546 0
531 0.3896063079316561 0.887547599549918 0
532 0.3598208807135051 0.8813463733431003 0
533 0.3003749259591075 0.1131657860074844 0
534 0.8613147932439191 0.1231058641746284 0
535 0.2669918728279111 0.3503437196043827 0
536 0.2765490629299214 0.3794244908050254 0
537 0.699282648121627 0.2244992386609484 0
538 0.1901493467458706 0.1186817008480015 0
539 0.5221281721140972 0.1048383872579341 0
540 0.2784991730152754 0.8933529033081333 0
541 0.6383178129799497 0.8855792920721113 0
542 0.6680485690914313 0.891771334053361 0
543 0.8854321811765455 0.3726783871604873 0
544 0.8759587829978701 0.3437646932584495 0
545 0.5288783663385537 0.8896457577547667 0
546 0.8948970401448717 0.4015578211182179 0
547 0.558626654816665 0.8958269198298807 0
548 0.3811817410564682 0.1026463881722215 0
549 0.4113313234792247 0.108971823537786 0
550 0.8071442576017563 0.893896538956619 0
551 0.7774633355047295 0.8876915864241731 0
552 0.8906650470381501 0.6429603285354237 0
553 0.8812034560431555 0.6141339793720403 0
554 0.6631711319023714 0.1078044249124122 0
555 0.6934230238834386 0.1137186242574214 0
556 0.8913174374015613 0.1293882986266178 0
557 0.1119230387675553 0.6423930722828737 0
558 0.1210564907268389 0.6713928892582738 0
559 0.1981321158137391 0.9037420546380031 0
560 0.1682203176384318 0.8975244157932425 0
561 0.4927796692567497 0.09927935076734096 0
562 0.8514978356193127 0.6079153045590211 0
563 0.871755242005385 0.5852975199815557 0
564 0.5409027391381157 0.7577313756784709 0
565 0.5611891296366023 0.7350791421696987 0
566 0.7679985466848234 0.8588832323925678 0
567 0.7477837351291213 0.8814875376305307 0
568 0.7263440152147009 0.3925688193348886 0
569 0.220070094113807 0.1245053775450344 0
570 0.4483723297510085 0.3070621349229691 0
571 0.4183664615107046 0.3007992201792836 0
572 0.1863422068340425 0.3584819811385439 0
573 0.1511602670642361 0.6776566420264648 0
574 0.1305946370503654 0.7006574093889189 0
575 0.8464821459923463 0.3373340970957959 0
576 0.866591355163816 0.3147694958721106 0
577 0.8963219318691192 0.3211619355092992 0
578 0.8869771964602851 0.2922810047231751 0
579 0.3908017283738044 0.8072031629897968 0
580 0.3610115299779951 0.8008138255152742 0
581 0.3405124162943439 0.8235840585212779 0
582 0.4783786406535576 0.3133311010491609 0
583 0.4988191267046196 0.2904941863302358 0
584 0.344771861568565 0.5018490152361162 0
585 0.3747058985834016 0.5081089780915974 0
586 0.8815317377383223 0.1014067638053847 0
587 0.8517378082899807 0.09395008430825914 0
588 0.6107671456069729 0.2055861760175397 0
589 0.7030170915280343 0.1429058235740809 0
590 0.7236002435798754 0.1200039253702592 0
591 0.1770789251556107 0.329067203367288 0
592 0.128550468216424 0.2669438377632529 0
593 0.09671910001069359 0.339412540127071 0
594 0.4491456175348461 0.8999092519283515 0
595 0.9014476669417892 0.5915200819433475 0
596 0.8919880934031494 0.5626881426914437 0
597 0.1003883819064146 0.6943503911347408 0
598 0.1100206985798635 0.7236635154891229 0
599 0.09996419244988744 0.260501500438611 0
600 0.538140872378142 0.9195615666347876 0
601 0.08910561532857547 0.2319559724765327 0
602 0.9117257460410744 0.1067802068557958 0
603 0.9095698597795274 0.7006201173840025 0
604 0.9196661196992167 0.729397485125981 0
605 0.8989142214281866 0.7520257388677352 0
606 0.2113174814169243 0.09639748132527526 0
607 0.7572489817718618 0.9102942058177682 0
608 0.3694469914534771 0.9101995418042113 0
609 0.9151762866642242 0.378918470284434 0
610 0.2579805169478454 0.91614334530376 0
611 0.1777889787847657 0.9265148140289536 0
612 0.1478864585456118 0.9203253759863133 0
613 0.3395475349452775 0.9045159455043172 0
614 0.8569742357593448 0.2858745821358021 0
615 0.7140457629995889 0.09069648628920243 0
616 0.7441412521215112 0.09741153531648813 0
617 0.1827194727641652 0.09247269741327124 0
618 0.481171700275594 0.7455295081780672 0
619 0.7577720717486525 0.3179977327448411 0
620 0.727573310026385 0.9040940606642259 0
621 0.3991302081351706 0.9164220893043253 0
622 0.1607487220376671 0.7069382219824321 0
623 0.4788874278410241 0.9061091885205432 0
624 0.7787272081893906 0.80746704496319 0
625 0.358282730795019 0.2882313388626511 0
626 0.6882736255250907 0.8691601715265519 0
627 0.1382975292915854 0.8913113749423647 0
628 0.117947584568808 0.9141458074129907 0
629 0.1083420160321102 0.8850675874436893 0
630 0.5909311048123869 0.741299905189636 0
631 0.5814686583857827 0.7124187250795107 0
632 0.611209591438335 0.718640686768023 0
633 0.6017353532972811 0.6897437518698913 0
634 0.1921901044699844 0.6316613384233065 0
635 0.3300310055747127 0.8751418382191442 0
636 0.8622890197297415 0.5564616544412044 0
637 0.8825330974678822 0.5338572666921257 0
638 0.9122308760912434 0.5400808695902076 0
639 0.9027794629248698 0.5112517620086292 0
640 0.3090013365172198 0.2237131284374705 0
641 0.325675873264196 0.4437332137970919 0
642 0.3052566051383614 0.4665434933095652 0
643 0.5823949588164128 0.1175341130723002 0
644 0.6029699884138316 0.09455021610288672 0
645 0.22971996096908 0.1533931092545497 0
646 0.2958405535832635 0.4374448595127454 0
647 0.5718938573576292 0.6835990925422079 0
648 0.5004282598443013 0.8030631913558783 0
649 0.5727886649011937 0.08819656284530077 0
650 0.07659276863680439 0.3616896693762206 0
651 0.08536302420847836 0.391217240860643 0
652 0.4279233110152676 0.329891494133868 0
653 0.4606355082087092 0.7685058453894512 0
654 0.5314072928424911 0.7288969340625571 0
655 0.592179159666722 0.6609087948025317 0
656 0.6219754447877668 0.6671591753793247 0
657 0.2403155571976155 0.1020352671629416 0
658 0.4715589496573378 0.1216873570211818 0
659 0.7854906024432401 0.4054810022812698 0
660 0.4636169829089464 0.094400155189485 0
661 0.746634729665439 0.369927705182608 0
662 0.320835555989099 0.09014302666100374 0
663 0.5603309329082993 0.2219224171138491 0
664 0.1813264979086815 0.6838724381409367 0
665 0.3544362751306723 0.5307896132751597 0
666 0.3843640817220249 0.5370931424313385 0
667 0.4046338957119496 0.5143458580201352 0
668 0.4141983410861986 0.5433634458142192 0
669 0.3938931825159883 0.5661389582635096 0
670 0.4345443479943143 0.5205712126683579 0
671 0.4441219055448158 0.5495093997970512 0
672 0.5579534128115574 0.3032248607146238 0
673 0.331111880590461 0.7946483086388572 0
674 0.3101389424387124 0.8179286394363481 0
675 0.4308090804106919 0.7622798709895759 0
676 0.3513235197553564 0.7721123278490254 0
677 0.7876010389745317 0.3241746554444153 0
678 0.5486808800020164 0.274125890455226 0
679 0.8774215614464668 0.2632804044382427 0
680 0.9073298071484649 0.269630570529409 0
681 0.8977839275667728 0.2406171243223505 0
682 0.2910283307572588 0.08414271341211943 0
683 0.08796070247868783 0.9079412244415908 0
684 0.6692792617100459 0.2182082034147122 0
685 0.6489055691353665 0.2411210635083343 0
686 0.2465863959944517 0.372965599360392 0
687 0.256176778153317 0.4016296671761619 0
688 0.2372119021957816 0.3435319063707453 0
689 0.1582273264874372 0.2728846055775273 0
690 0.7531342018148451 0.1269388941345572 0
691 0.7741473801838719 0.1045223286554028 0
692 0.6477912532316807 0.9144034348337018 0
693 0.6775497970384811 0.9205676738597626 0
694 0.6180977576235852 0.9081949743274721 0
695 0.9246380677135254 0.4077903334462563 0
696 0.9043522485007629 0.4304921957853121 0
697 0.5135235730193179 0.07727636651497168 0
698 0.4006704063513476 0.07995719622570521 0
699 0.3713359722769481 0.07338374700352879 0
700 0.2877590923147958 0.9223948351225639 0
701 0.9206454501337273 0.1359218703341151 0
702 0.08032542864721423 0.7178291923702909 0
703 0.08954239674125632 0.7467591742952482 0
704 0.5677868416924085 0.924405474936272 0
705 0.07874063177400983 0.8791684310678083 0
706 0.09878481901799671 0.8559633817065087 0
707 0.0701416097768834 0.6880185029157225 0
708 0.8965151807202447 0.07894446488749575 0
709 0.6903993773263838 0.1953052307719936 0
710 0.5990485367421066 0.2576785140415324 0
711 0.5487974114701042 0.9483168337420015 0
712 0.7344051049640919 0.06975691883908666 0
713 0.2592599472313428 0.8354142835842256 0
714 0.2321793407621001 0.07456616248376245 0
715 0.3978970678153782 0.3236418537685464 0
716 0.6463447506782868 0.4027697343176073 0
717 0.6558698933411723 0.4317443608196931 0
718 0.6857171902312893 0.4379903607671294 0
719 0.6653876331118848 0.4607063267082381 0
720 0.6355507417589843 0.4544672494803993 0
721 0.6450662572369289 0.4834234606055938 0
722 0.6748481821171963 0.4896702711737067 0
723 0.6152353793989158 0.4771880242815008 0
724 0.7382966004808681 0.8526844458367032 0
725 0.2799713815593867 0.1363078221389511 0
726 0.2895192073413189 0.1653173687311587 0
727 0.4304578542910163 0.1674742515747596 0
728 0.7203763128528451 0.2017598354875416 0
729 0.1197027744789838 0.7528831585633787 0
730 0.0993879672024733 0.7757864021781434 0
731 0.3245355892566981 0.5244238184224963 0
732 0.5082459516366624 0.3196662674006773 0
733 0.4878403460891194 0.3424668805303303 0
734 0.4406145673845415 0.7910606694462047 0
735 0.2754745591659208 0.4599343173939517 0
736 0.05495598259856295 0.3849007223328433 0
737 0.8077932107467714 0.3016164017021568 0
738 0.2849917114408746 0.4891572328787605 0
739 0.9271238602030056 0.2469462038754452 0
740 0.9181829306614688 0.2175516021693065 0
741 0.1083321063281854 0.2894027769041252 0
742 0.07712064750456658 0.2826323303333477 0
743 0.4587934635925294 0.9280543431309787 0
744 0.9284884007781758 0.7582446925065935 0
745 0.9082890250282496 0.7808367510578498 0
746 0.8786020381604336 0.7746397679721388 0
747 0.9445316898409256 0.3846680413681365 0
748 0.7372363722710293 0.9319461213299592 0
749 0.3792858180829296 0.9376947134096363 0
750 0.07027250471555771 0.8502804950311613 0
751 0.08926439154908931 0.8268703161932736 0
752 0.05584277653268746 0.8199644176484054 0
753 0.6272420070112141 0.934709501343691 0
754 0.2066965311434143 0.9318048758001108 0
755 0.05240435376863833 0.1105019375367884 0
756 0.146551724137846 0.02687665046222724 0
757 0.9308152451671563 0.515424893368463 0
758 0.9224627102853887 0.4878247303549905 0
759 0.9453654549232418 0.5437472533620905 0
760 0.893318940546123 0.4824104622864228 0
761 0.18612059113585 0.9532059259520278 0
762 0.933408468245817 0.3563958682735962 0
763 0.09839182773698095 0.9307993536063131 0
764 0.9432899332878361 0.7857823853726302 0
765 0.9186250492742092 0.8094275350930493 0
766 0.9481338276291518 0.8193958857251766 0
767 0.9265877372705162 0.8392801369887017 0
768 0.9448177387333316 0.1149947104412957 0
769 0.06668110854551605 0.4153003817904035 0
770 0.09535271468081787 0.4200390827589299 0
771 0.07422331315899172 0.4436837760152411 0
772 0.3920719951028382 0.05023733688326725 0
773 0.07350406816419852 0.9316365171956057 0
774 0.4086208266611761 0.9452919243570655 0
775 0.07075415923036779 0.7691143212971228 0
776 0.4883761105757595 0.9349582361514047 0
777 0.9323549842336027 0.4372343461920514 0
778 0.1216531930131767 0.07733419518125437 0
779 0.5931732149491589 0.0634737584211022 0
780 0.6214880041492317 0.07131715369645406 0
781 0.5626126978982449 0.05814805496897699 0
782 0.3113510093223509 0.0615528028381299 0
783 0.06577566224948557 0.3343709681350161 0
784 0.9378818714279357 0.2765879152181271 0
785 0.05811429335087626 0.1414250951514732 0
786 0.04859106380246207 0.1711226277207369 0
787 0.0766685175472397 0.1679239358990818 0
788 0.06596002692375436 0.1925884241937356 0
789 0.09448898103282341 0.1890886638539895 0
790 0.2712572410391135 0.945444026272937 0
791 0.766715041107989 0.9390978093524615 0
792 0.9399878244832895 0.7066178557073356 0
793 0.92938627370645 0.6781588224480048 0
794 0.7058250603107415 0.06164823433988055 0
795 0.6131762155193343 0.04042795243585383 0
796 0.5497017264852166 0.02810936968283748 0
797 0.4662666963820781 0.9565550984768225 0
798 0.3617668613224864 0.04393104987167687 0
799 0.3883919248754275 0.96794863807468 0
800 0.2893152890368985 0.8414578491333797 0
801 0.9575104642011861 0.6809690656817901 0
802 0.9487252000464468 0.7345497953323831 0
803 0.5178258292496837 0.9453181648258453 0
804 0.02607177450004495 0.2399863581975017 0
805 0.05150302164739519 0.2594365120859896 0
806 0.05736817779783624 0.2235654769801948 0
807 0.3085256876438309 0.8994238821798951 0
808 0.3197234840635426 0.9268670939916432 0
809 0.1773630986521916 0.02625410577199178 0
810 0.1620634096636585 0.05258276167213354 0
811 0.3007242743918111 0.7888754496831887 0
812 0.8889841795848131 0.2109032379610232 0
813 0.2072148239260463 0.3364203115476606 0
814 0.1977563332495544 0.3070786002904364 0
815 0.216487209968776 0.3659887231807578 0
816 0.847820440231327 0.2567905221026021 0
817 0.0263705815530545 0.3008468537431113 0
818 0.1921889471909867 0.0514938328762731 0
819 0.9133432833204058 0.4594874838201021 0
820 0.9407305361388911 0.4652785473174929 0
821 0.6545413999539426 0.5123714636183142 0
822 0.6842258656641491 0.518727644301057 0
823 0.8528756109119691 0.5275337276818117 0
824 0.5111290325852893 0.7515582184329954 0
825 0.5015126952636394 0.7227480079190099 0
826 0.9564727655559833 0.2535145362922206 0
827 0.9464929324078978 0.3064607746092776 0
828 0.7670930206026301 0.347139688431739 0
829 0.7966684920205467 0.3535699097089957 0
830 0.2799047192346262 0.8121939766241837 0
831 0.7372846930648942 0.3408134941549679 0
832 0.3883383615070173 0.2945302439774645 0
833 0.2371452850424769 0.9438750798735835 0
834 0.7075511535862944 0.9255514479900291 0
835 0.9006455766222365 0.158536522663584 0
836 0.9299789081936074 0.1650287731203273 0
837 0.9096631221613719 0.1878668171126652 0
838 0.9402202383974897 0.1937900728382785 0
839 0.9579105827842465 0.1674179064398651 0
840 0.2395254012278865 0.02554508450959258 0
841 0.2548733163610876 0.482809434039747 0
842 0.9170319050010158 0.2990776473170242 0
843 0.2515825999782841 0.05130616982499807 0
844 0.8913972589773946 0.02612115238316171 0
845 0.8784971333991085 0.05227112969795487 0
846 0.8474483620846911 0.05872887402719033 0
847 0.8298349166077783 0.02775526416426954 0
848 0.814111147385673 0.05435757820781612 0
849 0.7985131728255566 0.02709729490114672 0
850 0.7831969481854015 0.05261821549929753 0
851 0.7942711735512067 0.07973748930641453 0
852 0.02671374254039739 0.8901528784238555 0
853 0.1474437306889455 0.3231592959078139 0
854 0.1532784790533921 0.08009451009376115 0
855 0.319614657168972 0.1715776923248059 0
856 0.2992621613118202 0.1945156871703533 0
857 0.2692431499963789 0.1883609154027051 0
858 0.2990894001616454 0.8700640010371377 0
859 0.4074297101025804 0.352719874762369 0
860 0.1574211377718112 0.9489620677836577 0
861 0.1716738651785594 0.6546977528711402 0
862 0.2018616901199667 0.6608154257305719 0
863 0.2150108104585599 0.4460106435186246 0
864 0.2452747967739604 0.4530695413346194 0
865 0.1296966668063955 0.7817323151730917 0
866 0.9302357795086746 0.08154698709235056 0
867 0.9532194937742758 0.0254487644450272 0
868 0.02825326132793096 0.953169675971052 0
869 0.597232886397919 0.929069553182731 0
870 0.7278371431886583 0.3117416921901146 0
871 0.8839645322618022 0.4533103853924693 0
872 0.5882069821928724 0.9016739527868405 0
873 0.9400437785544664 0.04986617423050336 0
874 0.7372739302386222 0.02574735967615072 0
875 0.03022400068381488 0.7372976114362848 0
876 0.3315569025867632 0.7146131546045491 0
877 0.6057175073636446 0.4482380437663743 0
878 0.5853146427140334 0.4709620943803516 0
879 0.5948252367345339 0.4999305517205223 0
880 0.305043753989197 0.03033005841966486 0
881 0.6741549833275757 0.02686680531585591 0
882 0.6586377262274336 0.0537135627781348 0
883 0.02528472545432763 0.6739480063292114 0
884 0.05588814004274061 0.6610410189252651 0
885 0.05372376469429638 0.6276373279985228 0
886 0.02687151960926168 0.6120812930977088 0
887 0.05372937037730108 0.596595803997147 0
888 0.05375729565769168 0.5655679623581797 0
889 0.0747207794749437 0.6112617870523036 0
890 0.0855063770631906 0.5841144696731817 0
891 0.08133153539538472 0.5504495743138436 0
892 0.05398180424704854 0.5346282990224054 0
893 0.08087228547111314 0.5192661772889987 0
894 0.1069990258445317 0.5313507410381825 0
895 0.1067571798868433 0.5022826109496887 0
896 0.0813901960845439 0.4892232837128649 0
897 0.1074904845103937 0.4742678569233168 0
898 0.136857287600787 0.4880184876509767 0
899 0.02695489996875264 0.55003440270126 0
900 0.4579057655634405 0.336152286990319 0
901 0.4675307057081335 0.3652553258725449 0
902 0.4972956763812003 0.3715532578840967 0
903 0.02685958662270622 0.8293399002649657 0
904 0.02694871411150492 0.8012845785316737 0
905 0.530340682883616 0.2155665127068008 0
906 0.5097002048428556 0.2384885798311185 0
907 0.4290693912821096 0.9217582959078655 0
908 0.3233026230692632 0.6045604167630668 0
909 0.3437881081786218 0.5821071226235515 0
910 0.3532825587309182 0.6111379209865371 0
911 0.4249871402233786 0.4915785826781401 0
912 0.4548812754596185 0.4977743194014486 0
913 0.5085423833143624 0.9131748502019379 0
914 0.140243537528154 0.7298335853367863 0
915 0.1705461867974756 0.7358933289726151 0
916 0.3678145440119157 0.3173269247978547 0
917 0.9543607540569614 0.414029063916395 0
918 0.57565915710115 0.4420043408603815 0
919 0.4797262662956182 0.2321746642335373 0
920 0.7826768671614841 0.5664013852783234 0
921 0.7921454368081858 0.5952708389139233 0
922 0.7718908683800599 0.6179088591909181 0
923 0.801615808711593 0.6241569176804402 0
924 0.7813625157576953 0.646802794195381 0
925 0.8124059545187703 0.5727002035358246 0
926 0.7516194281259414 0.6405687771863497 0
927 0.7908203184583156 0.6757012628856462 0
928 0.4194105994049466 0.8935913333785952 0
929 0.7060464585598086 0.4152705686485448 0
930 0.7154977691833586 0.4442549184945733 0
931 0.735740309985134 0.4216208248958053 0
932 0.6951555655042896 0.4669662396199604 0
933 0.7248653828137958 0.4733053264603158 0
934 0.8975201530190658 0.8322294957412417 0
935 0.9068744614632532 0.8611867539075534 0
936 0.9352903003618107 0.8677458954600588 0
937 0.9161994943127978 0.889939644710501 0
938 0.94681021477812 0.8974498340185585 0
939 0.9256173239473868 0.9189623689689316 0
940 0.896231588723061 0.9124133538763656 0
941 0.9045866529943952 0.9448109177570372 0
942 0.8734763837657145 0.9336639156700516 0
943 0.4991244798673498 0.8835919859647127 0
944 0.4154225202031456 0.4625543206765006 0
945 0.6164128669249767 0.3965188182928048 0
946 0.9219417193339157 0.5685889534195503 0
947 0.9297855196744745 0.5981384398350487 0
948 0.9106809424594966 0.6204110841053069 0
949 0.9441426443327604 0.6290693523926048 0
950 0.9203510991172044 0.6493983492836156 0
951 0.227805564882443 0.9106220056786953 0
952 0.4752120071242769 0.4749993348054541 0
953 0.5743743017500127 0.5226770998823073 0
954 0.6311851741127595 0.1828055243303346 0
955 0.7983109444728372 0.2726470271955087 0
956 0.8745801469005161 0.4242718079939467 0
957 0.4237777438162342 0.5723220719958808 0
958 0.403464586980813 0.5950679803789407 0
959 0.7324946208092662 0.1497930457866929 0
960 0.2126930805700367 0.6086540871859287 0
961 0.7705711965043587 0.6983171169024331 0
962 0.6367762450632088 0.373762397839718 0
963 0.4562131843314808 0.02731747669450188 0
964 0.4413865689017343 0.05373912713183826 0
965 0.4723413740351561 0.05279042315111313 0
966 0.8488877049981244 0.7684413018421186 0
967 0.5729656002487002 0.6032333898929921 0
968 0.7192774131556008 0.7950681098643566 0
969 0.7395237538162676 0.7724359900905948 0
970 0.7490108437629786 0.8012625098297035 0
971 0.02700597338069124 0.5190089257522928 0
972 0.663852573815871 0.5414186227783362 0
973 0.6584599316309184 0.9467193516134687 0
974 0.6920675573150161 0.9489694626975506 0
975 0.5323838097876683 0.6486256854178178 0
976 0.542046340672401 0.6774571195976324 0
977 0.6787946757555627 0.8403258165599736 0
978 0.7085112472975287 0.8465358565338198 0
979 0.3787207429330449 0.2653887248851541 0
980 0.1224325074830546 0.9456597893919966 0
981 0.5553128948976485 0.4647353206441474 0
982 0.6028154664438423 0.6094543202189504 0
983 0.786926494158289 0.9164980756603737 0
984 0.8166013372534331 0.922701745188468 0
985 0.7955296623492729 0.9454884412400277 0
986 0.8255787300293986 0.9512006241390301 0
987 0.8449318003324678 0.9278253186118082 0
988 0.6623830778296306 0.6219079160087957 0
989 0.8583553515087288 0.7972540428017674 0
990 0.8366114391970381 0.8999095404342126 0
991 0.8772547950696429 0.8549086278580044 0
992 0.3377964307874918 0.3110132894344989 0
993 0.02557942871419721 0.4568900292756447 0
994 0.05648503981822387 0.4696525226193693 0
995 0.9000647751973796 0.6718357866389064 0
996 0.6246565074814745 0.5061815769366205 0
997 0.9053754751707116 0.3501430937858983 0
998 0.7421365613163138 0.611691009436666 0
999 0.5991079814142152 0.8505488561763838 0
1000 0.7692449509082416 0.7786393212291962 0
1001 0.02726029997362334 0.3656312202607941 0
1002 0.5038176175882985 0.5618600238807108 0
1003 0.9544170494155415 0.9743402409425566 0
1004 0.9388093970682103 0.9483633722703818 0
1005 0.8928335645937882 0.9748143565546964 0
1006 0.9750353667603584 0.8330663077307388 0
1007 0.7386930901680329 0.9742779661355607 0
1008 0.9737568059458576 0.6212121212111245 0
1009 0.6718836007559599 0.6507852077148786 0
1010 0.6314660868776968 0.696017953911905 0
1011 0.6409391737637437 0.7248970003975589 0
1012 0.6908618148451705 0.7085224469798055 0
1013 0.9739699817211923 0.5603215119230271 0
1014 0.869120342322377 0.7458213689750288 0
1015 0.8882006617995313 0.8034095361822239 0
1016 0.9750957499881596 0.5301450594916797 0
1017 0.6004050640774443 0.7701824837069173 0
1018 0.7074098662503645 0.3345255356936347 0
1019 0.3926697989634614 0.6463757828818913 0
1020 0.621220507470771 0.9745548577022737 0
1021 0.306531559275145 0.3856664276135521 0
1022 0.4087561692527285 0.2716524171011256 0
1023 0.7882095771974846 0.8362787130557263 0
1024 0.473990745267807 0.5556501371310243 0
1025 0.4213923777207808 0.7332847655323588 0
1026 0.626026300449032 0.4254995745739759 0
1027 0.6085742678289695 0.8793202037714762 0
1028 0.9707745543627647 0.4684948936614562 0
1029 0.5788377810180101 0.873116139278683 0
1030 0.05921294034119396 0.7403821192564607 0
1031 0.3328260419014074 0.6337495558791904 0
1032 0.530152896576783 0.8092695239688747 0
1033 0.3194596565114971 0.8466824336094698 0
1034 0.2293376564449124 0.8291597206583308 0
1035 0.05443532491066014 0.5032850404799514 0
1036 0.7585083426185569 0.8300777308696725 0
1037 0.7287525623438749 0.8238885876680163 0
1038 0.1252628044336714 0.1848658988344307 0
1039 0.1909518272159887 0.7130688988184923 0
1040 0.8205102708142153 0.6819562214884944 0
1041 0.7948833754914287 0.4344260171029928 0
1042 0.3616426768306043 0.7207939539090722 0
1043 0.4333084336036466 0.6013043320839762 0
1044 0.6301258825492437 0.7764142075064191 0
1045 0.7180817145366849 0.875300981690338 0
1046 0.4225650439198174 0.6527081954724815 0
1047 0.2440926571953811 0.5337694592035833 0
1048 0.3812313720118432 0.7784238107844615 0
1049 0.4891699071925327 0.2613783147677849 0
1050 0.2886707773959097 0.2465903032982739 0
1051 0.7293434676532113 0.2308349879565731 0
1052 0.3167699473740836 0.9748679741503405 0
1053 0.2575757575768299 0.9737568059458162 0
1054 0.4847637070588162 0.5039676820501648 0
1055 0.4099860806908573 0.1903981959415325 0
1056 0.6380917684261935 0.2929259992523749 0
1057 0.350076374389641 0.8525277747160465 0
1058 0.3950729579491949 0.4853374570293082 0
1059 0.329330081283595 0.200734987027161 0
1060 0.800268227536729 0.7045583015356209 0
1061 0.6978463616340612 0.8977409449640447 0
1062 0.4835330158562577 0.5845882543748101 0
1063 0.8312797020330187 0.630512012763724 0
1064 0.2619825834222884 0.6731293173942184 0
1065 0.1638051871043132 0.5437170625047399 0
1066 0.8218450928231757 0.6015726576982583 0
1067 0.25768959094997 0.3211232896996419 0
1068 0.346058284242023 0.4209785970342872 0
1069 0.1423232732987743 0.5672940090911666 0
1070 0.2427738536051784 0.6149029655821743 0
1071 0.4810833812636269 0.1508287422931726 0
1072 0.2095219327707023 0.1762114915928952 0
1073 0.08968703435148391 0.6661820800057559 0
1074 0.3149645361655936 0.4954979270310929 0
1075 0.2497751406993709 0.8062119177899384 0
1076 0.8867620542800221 0.8836627312014498 0
1077 0.5206756058659927 0.7804222370813451 0
1078 0.5618677091902508 0.1404840343652118 0
1079 0.5675061677501088 0.332295088743636 0
1080 0.8232015469821855 0.5211859864638005 0
1081 0.241579779756352 0.6960206539071139 0
1082 0.8658419265167946 0.9058298405831109 0
1083 0.6206662225477052 0.7475359532843144 0
1084 0.1154750715382618 0.3974607057566788 0
1085 0.6326545011199461 0.1014910592866319 0
1086 0.6815668158608023 0.07979337107237451 0
1087 0.9737568059459879 0.1060606060604106 0
1088 0.1586400578070263 0.8684918314370917 0
1089 0.873121570567277 0.5049233934864948 0
1090 0.3509710330524034 0.09639382198058251 0
1091 0.2223250115792918 0.6378300753108685 0
1092 0.2490487202074652 0.2113331773458788 0
1093 0.6584732150045506 0.2701488525214606 0
1094 0.6706330789400374 0.731147104882047 0
1095 0.2790125814889164 0.2175030822447213 0
1096 0.4644328288738372 0.5267320823998158 0
1097 0.7498562834110224 0.2081840604370692 0
1098 0.7905680120504914 0.1625625561810843 0
1099 0.8110544169791516 0.6530807681295712 0
1100 0.5825251132172065 0.6320967089854486 0
1101 0.106615810680643 0.975304684980749 0
1102 0.05555064180192295 0.9060221116019346 0
1103 0.3161241536985326 0.4146995351485361 0
1104 0.4003865281499764 0.1611884146547049 0
1105 0.8324378302947607 0.1155727184753998 0
1106 0.4509761813080877 0.1445840079100719 0
1107 0.5522571605810771 0.1111783651912277 0
1108 0.1784083252739408 0.2504196000425734 0
1109 0.1246885479973819 0.4258988966956277 0
1110 0.5622841408831912 0.6547677795628364 0
1111 0.6611684456239879 0.7022800278207365 0
1112 0.8420814712567675 0.5790240046576927 0
1113 0.2862991245359263 0.4083044759242563 0
1114 0.3773701768138042 0.3464052466679542 0
1115 0.4373892601635564 0.3589067854330412 0
1116 0.6516971436951399 0.6734126847677991 0
1117 0.4168382242221258 0.3817188714660307 0
1118 0.5516420851491534 0.7062754278811757 0
1119 0.476541522872099 0.3943249117368399 0
1120 0.6286628375828852 0.2639714624746016 0
1121 0.5064361954903461 0.4005955941348189 0
1122 0.3409510254468371 0.06900390757628139 0
1123 0.4208776355426347 0.1382733601322219 0
1124 0.8636992673585502 0.475950490746189 0
1125 0.5426738648916466 0.08232333520204468 0
1126 0.8326331058148155 0.5501147348623201 0
1127 0.6042268991692026 0.5289038975285327 0
1128 0.1287080052319638 0.8622968283397416 0
1129 0.453660413442376 0.5784543996464564 0
1130 0.4918103892814452 0.6939495166022512 0
1131 0.6421766061452359 0.6445522007333535 0
1132 0.5394739394562311 0.2449326631052921 0
1133 0.2319686440537158 0.6669354478815529 0
1134 0.6123821388885335 0.6383101893994338 0
1135 0.6821887104138995 0.1658252059235466 0
1136 0.589971685511223 0.2285459184610159 0
1137 0.2702093708078118 0.1079085879567976 0
1138 0.7115848344010491 0.1725808418180082 0
1139 0.4429523044380009 0.6300724611955869 0
1140 0.2499831930770531 0.1305849875232574 0
1141 0.4908076542896739 0.7743411845204615 0
1142 0.6935447237579947 0.5477054176550825 0
1143 0.4707072352575399 0.797000310160466 0
1144 0.4504088800142848 0.8196856964368933 0
1145 0.7138365537574957 0.5250076739237073 0
1146 0.4416749964138768 0.1156545470547435 0
1147 0.7045170648712208 0.4960094302212366 0
1148 0.2114698080043988 0.6899503067565707 0
1149 0.1191861334920521 0.833313292419248 0
1150 0.239336153951899 0.1823442426874786 0
1151 0.521780549753708 0.7001353234323072 0
1152 0.4130108026362116 0.6238746980624598 0
1153 0.7544282790585789 0.4797459662879107 0
1154 0.2596288411491861 0.1593847409563501 0
1155 0.4331194206058642 0.08305972906680774 0
1156 0.745076440183321 0.4507125739100425 0
1157 0.3831098227628575 0.6176298868743927 0
1158 0.7652815204251272 0.4281098173763792 0
1159 0.2007523214615309 0.7419144726756826 0
1160 0.5269522569012768 0.3779500248783775 0
1161 0.7558538119992579 0.398969581503534 0
1162 0.3412508384948386 0.7433758532485194 0
1163 0.7762694173491488 0.3763159955289203 0
1164 0.5175361456068716 0.3488410232148327 0
1165 0.9729755465711815 0.3825283563397508 0
1166 0.2909026838716931 0.7601440022477319 0
1167 0.1802952934560969 0.7647914000065197 0
1168 0.3736546408689935 0.5886436561547302 0
1169 0.5321262929990331 0.9730360588622633 0
1170 0.5378082399052827 0.3261305573148403 0
1171 0.4205493268263086 0.813583658633076 0
1172 0.3640388780354735 0.5596619759127256 0
1173 0.1500493284266339 0.7588171629156673 0
1174 0.4110279321125147 0.7848249653728553 0
1175 0.8262089439503378 0.3599063646097483 0
1176 0.321086415509895 0.7660857453037383 0
1177 0.5283177199577764 0.2969332310788753 0
1178 0.9733916124655907 0.8028802631387754 0
1179 0.9251252192090369 0.32769708623176 0
1180 0.3340969797965405 0.5531993627280642 0
1181 0.8170256924758013 0.330819825429478 0
1182 0.4014022002285375 0.755905508017743 0
1183 0.8042299155595924 0.9741264749025744 0
1184 0.518933253491126 0.2677589702044854 0
1185 0.3040695583772968 0.5468902797147865 0
1186 0.3499993636044281 0.9307123986033634 0
1187 0.1394567022485235 0.8105895049379124 0
1188 0.5186000884321352 0.02634950671975815 0
1189 0.02618384508525769 0.3948275862076645 0
1190 0.2945514784292856 0.5179548259832749 0
1191 0.5692944931181148 0.2512690260749831 0
1192 0.8183769504107633 0.2500108797261396 0
1193 0.3714062544651458 0.7496110640059692 0
1194 0.8683511760940268 0.2337472446554417 0
1195 0.8593639435438301 0.2043393490042804 0
1196 0.9741912798027397 0.3180166661622864 0
1197 0.974105409328183 0.1975734957388907 0
1198 0.2645462363949496 0.511514659719893 0
1199 0.8372091993001957 0.3083019295202003 0
1200 0.2344137161106524 0.5051725909326609 0
1201 0.161464360454949 0.1123518596690396 0
1202 0.8277996001215496 0.2792505640254844 0
1203 0.2656535546812914 0.430593119869668 0
1204 0.6195637817718747 0.2349189724622826 0
1205 0.1094563981302495 0.8045671258398945 0
1206 0.640034815274562 0.2122253167465516 0
1207 0.2356329319258328 0.4238290761160457 0
1208 0.07933801272909691 0.798399982350361 0
1209 0.1957141802541732 0.3878079409002647 0
1210 0.6607645042075974 0.1892243424389912 0
1211 0.2278326742690713 0.3143275023673012 0
1212 0.2190891384413017 0.285623514569339 0
1213 0.225988746409657 0.3948464382624538 0
1214 0.5615071440737091 0.9746391997316106 0
1215 0.9754512649626614 0.8916567056513059 0
1216 0.7410059323186198 0.1793428371433697 0
1217 0.1107400579185551 0.5612286194541345 0
1218 0.761549186806618 0.1565883028126482 0
1219 0.1876900322706455 0.2788050261006346 0
1220 0.1679921107304498 0.3009115674455139 0
1221 0.7821481533828081 0.1336458698214023 0
1222 0.1381607147229074 0.2949427851164166 0
1223 0.8035352121691647 0.1087329666557226 0
1224 0.9717907302477921 0.9513151887841973 0
1225 0.1177491698065759 0.3172380697491929 0
1226 0.9713491315394897 0.04796133618244131 0
1227 0.08599978866108979 0.312513770055019 0
1228 0.04643790688602867 0.9765384516710079 0
1229 0.5317535842899968 0.05362887900618112 0
1230 0.9501021253700681 0.5779609759178834 0
1231 0.7644050914273274 0.07617852109730222 0
1232 0.301632499310222 0.9487795697912782 0
1233 0.1687092676667588 0.9758593727919115 0
1234 0.9454822607611368 0.2248452894136475 0
1235 0.1092111524762106 0.2114086898806947 0
1236 0.2814844712103874 0.05586481221704516 0
1237 0.8260323710831711 0.08138072830880488 0
1238 0.1351916913760431 0.5376653339476141 0
1239 0.04628096477719924 0.2851258234624807 0
1240 0.6791000869390148 0.9740541663320339 0
1241 0.2607066671992268 0.07985558058919454 0
1242 0.6499235413298888 0.07841669495794171 0
1243 0.9449314494516541 0.657917148735696 0
1244 0.05062561710008313 0.8740056261733996 0
1245 0.5787478800809034 0.9510254554873222 0
1246 0.9098505703670263 0.05249225242661132 0
1247 0.08212754150126209 0.6365908786334277 0
1248 0.8345989969190821 0.9759891121518927 0
1249 0.1211205450679104 0.02395736231685929 0
1250 0.9452216755966294 0.1443162102136755 0
1251 0.3900899713785424 0.02362733456187103 0
1252 0.02511730907744972 0.1216714985564218 0
1253 0.501917727007052 0.05166162513627735 0
1254 0.1031165955921923 0.4472920618785119 0
1255 0.05227854079899671 0.7133608570481695 0
1256 0.135966305879304 0.05156106240947496 0
1257 0.4393484722785916 0.9471193038015778 0
1258 0.9519543375622204 0.336817519617826 0
1259 0.9757452735077363 0.7434294466870748 0
1260 0.05118837774422842 0.7865242427601712 0
1261 0.02356361732668665 0.1801661586514364 0
1262 0.7517569625514167 0.04960149031084998 0
1263 0.4165701149475207 0.9729035791560885 0
1264 0.9491065203571409 0.4911125803216758 0
1265 0.332446573974527 0.9518507816244575 0
1266 0.09307624953816152 0.1465053206561609 0
1267 0.1030481102122998 0.6130140151284705 0
1268 0.9529135109593074 0.8498601021439375 0
1269 0.04830245815873142 0.4381725579929793 0
1270 0.197862813628575 0.9765159077123016 0
1271 0.9808307510951727 0.4102118475207718 0
1272 0.05551449579679207 0.3080363109242572 0
1273 0.05122480869876661 0.3558641399842886 0
1274 0.2217180544785389 0.0500367605982853 0
1275 0.7210021389213386 0.9507504846923016 0
1276 0.4178261622723345 0.05946163925737668 0
1277 0.6079112812694749 0.9538554175203051 0
1278 0.9544005959659484 0.60538312532065 0
1279 0.4854469263441141 0.07403637269555952 0
1280 0.8514771409481655 0.9530934973249189 0
1281 0.9529095095523193 0.7599006247460042 0
1282 0.8711460444464695 0.07706026334525697 0
1283 0.9501320695526719 0.9259282397639641 0
1284 0.06047504066654674 0.9546569814517687 0
1285 0.9810635674877352 0.2575757575751474 0
1286 0.3632968597818793 0.01813494962375882 0
1287 0.08257621642084276 0.2092373518631676 0
1288 0.6843305500898376 0.05026307022744511 0
1289 0.4696220503648958 0.9813145676857188 0
1290 0.04576314484030277 0.6892362707313816 0
1291 0.6345544508112796 0.04973953881071212 0
1292 0.9771266725119088 0.02283830802833755 0
1293 0.205172042887762 0.07190615094628504 0
1294 0.9553717191304046 0.09037070975726703 0
1295 0.0228969193667052 0.977143158067624 0
1296 0.07573946861358127 0.2518571169932109 0
1297 0.2110760690452888 0.9560480239680919 0
1298 0.129701459021518 0.513397637393998 0
1299 0.9778166421947815 0.9778166421947935 0
1300 0.04516902129342629 0.8448322918599901 0
1301 0.9551582853880989 0.5162947604910113 0
1302 0.3609805471549057 0.9572583249560813 0
1303 0.08526195955060153 0.4648303158220172 0
1304 0.7245516691148641 0.04703923924911227 0
1305 0.9820485782096455 0.6817254363772692 0
1306 0.048781368249672 0.9333798306720258 0
1307 0.9824421043160858 0.1668337425155805 0
1308 0.9569443381250737 0.3638686638531285 0
1309 0.748496846589465 0.9521711819796489 0
1310 0.1007270503129913 0.1672817890397106 0
1311 0.04301161827580453 0.1936541730445914 0
1312 0.6363636363647713 0.9574571321581331 0
1313 0.04837382064284974 0.7602274474310707 0
1314 0.4577271647658673 0.07067286919413 0
1315 0.04303448623294391 0.410458873674779 0
1316 0.9565638054204482 0.8760027912736449 0
1317 0.1778219252198182 0.06870082507906472 0
1318 0.3706154593683977 0.980301316059882 0
1319 0.09021061438363553 0.9549489055425968 0
1320 0.6121832243609926 0.01760134076403137 0
1321 0.8766571588123608 0.9565616096792346 0
1322 0.9541485175362394 0.06938054760427927 0
1323 0.3307207644042186 0.04645316808521892 0
1324 0.9545365870030789 0.4448553138994551 0
$EndNodes
$Elements
2646
1 1 2 1 1 1 6
2 1 2 1 1 6 7
3 1 2 1 1 7 8
4 1 2 1 1 8 9
5 1 2 1 1 9 10
6 1 2 1 1 10 11
7 1 2 1 1 11 12
8 1 2 1 1 12 13
9 1 2 1 1 13 14
10 1 2 1 1 14 15
11 1 2 1 1 15 16
12 1 2 1 1 16 17
13 1 2 1 1 17 18
14 1 2 1 1 18 19
15 1 2 1 1 19 20
16 1 2 1 1 20 21
17 1 2 1 1 21 22
18 1 2 1 1 22 23
19 1 2 1 1 23 24
20 1 2 1 1 24 25
21 1 2 1 1 25 26
22 1 2 1 1 26 27
23 1 2 1 1 27 28
24 1 2 1 1 28 29
25 1 2 1 1 29 30
26 1 2 1 1 30 31
27 1 2 1 1 31 32
28 1 2 1 1 32 33
29 1 2 1 1 33 2
30 1 2 2 2 2 34
31 1 2 2 2 34 35
32 1 2 2 2 35 36
33 1 2 2 2 36 37
34 1 2 2 2 37 38
35 1 2 2 2 38 39
36 1 2 2 2 39 40
37 1 2 2 2 40 41
38 1 2 2 2 41 42
39 1 2 2 2 42 43
40 1 2 2 2 43 44
41 1 2 2 2 44 45
42 1 2 2 2 45 46
43 1 2 2 2 46 47
44 1 2 2 2 47 48
45 1 2 2 2 48 49
46 1 2 2 2 49 50
47 1 2 2 2 50 51
48 1 2 2 2 51 52
49 1 2 2 2 52 53
50 1 2 2 2 53 54
51 1 2 2 2 54 55
52 1 2 2 2 55 56
53 1 2 2 2 56 57
54 1 2 2 2 57 58
55 1 2 2 2 58 59
56 1 2 2 2 59 60
57 1 2 2 2 60 61
58 1 2 2 2 61 62
59 1 2 2 2 62 63
60 1 2 2 2 63 64
61 1 2 2 2 64 65
62 1 2 2 2 65 3
63 1 2 3 3 3 66
64 1 2 3 3 66 67
65 1 2 3 3 67 68
66 1 2 3 3 68 69
67 1 2 3 3 69 70
68 1 2 3 3 70 71
69 1 2 3 3 71 72
70 1 2 3 3 72 73
71 1 2 3 3 73 74
72 1 2 3 3 74 75
73 1 2 3 3 75 76
74 1 2 3 3 76 77
75 1 2 3 3 77 78
76 1 2 3 3 78 79
77 1 2 3 3 79 80
78 1 2 3 3 80 81
79 1 2 3 3 81 82
80 1 2 3 3 82 83
81 1 2 3 3 83 84
82 1 2 3 3 84 85
83 1 2 3 3 85 86
84 1 2 3 3 86 87
85 1 2 3 3 87 88
86 1 2 3 3 88 89
87 1 2 3 3 89 90
88 1 2 3 3 90 91
89 1 2 3 3 91 92
90 1 2 3 3 92 93
91 1 2 3 3 93 94
92 1 2 3 3 94 95
93 1 2 3 3 95 96
94 1 2 3 3 96 97
95 1 2 3 3 97 4
96 1 2 4 4 4 98
97 1 2 4 4 98 99
98 1 2 4 4 99 100
99 1 2 4 4 100 101
100 1 2 4 4 101 102
101 1 2 4 4 102 103
102 1 2 4 4 103 104
103 1 2 4 4 104 105
104 1 2 4 4 105 106
105 1 2 4 4 106 107
106 1 2 4 4 107 108
107 1 2 4 4 108 109
108 1 2 4 4 109 110
109 1 2 4 4 110 111
110 1 2 4 4 111 112
111 1 2 4 4 112 113
112 1 2 4 4 113 114
113 1 2 4 4 114 115
114 1 2 4 4 115 116
115 1 2 4 4 116 117
116 1 2 4 4 117 118
117 1 2 4 4 118 119
118 1 2 4 4 119 120
119 1 2 4 4 120 121
120 1 2 4 4 121 122
121 1 2 4 4 122 123
122 1 2 4 4 123 124
123 1 2 4 4 124 125
124 1 2 4 4 125 5
125 1 2 5 5 5 126
126 1 2 5 5 126 127
127 1 2 5 5 127 128
128 1 2 5 5 128 129
129 1 2 5 5 129 130
130 1 2 5 5 130 1
131 2 2 10 1 890 486 1267
132 2 2 10 1 364 354 898
133 2 2 10 1 764 145 1178
134 2 2 10 1 154 184 755
135 2 2 10 1 755 785 1252
136 2 2 10 1 137 949 1008
137 2 2 10 1 172 784 826
138 2 2 10 1 776 131 797
139 2 2 10 1 186 183 778
140 2 2 10 1 1105 1223 1237
141 2 2 10 1 873 866 1246
142 2 2 10 1 148 833 1053
143 2 2 10 1 866 708 1246
144 2 2 10 1 139 973 1240
145 2 2 10 1 486 890 1217
146 2 2 10 1 755 184 785
147 2 2 10 1 973 974 1240
148 2 2 10 1 949 137 1243
149 2 2 10 1 742 1227 1272
150 2 2 10 1 1069 1217 1238
151 2 2 10 1 161 779 781
152 2 2 10 1 785 178 1252
153 2 2 10 1 838 1197 1234
154 2 2 10 1 131 776 803
155 2 2 10 1 810 854 1256
156 2 2 10 1 183 182 778
157 2 2 10 1 779 161 795
158 2 2 10 1 917 747 1165
159 2 2 10 1 784 172 827
160 2 2 10 1 917 1165 1271
161 2 2 10 1 854 778 1256
162 2 2 10 1 587 846 1282
163 2 2 10 1 156 768 1087
164 2 2 10 1 557 1247 1267
165 2 2 10 1 833 790 1053
166 2 2 10 1 772 163 1276
167 2 2 10 1 163 772 1251
168 2 2 10 1 846 587 1237
169 2 2 10 1 354 409 898
170 2 2 10 1 1223 851 1237
171 2 2 10 1 472 364 898
172 2 2 10 1 766 764 1178
173 2 2 10 1 980 1101 1319
174 2 2 10 1 600 803 913
175 2 2 10 1 774 1257 1263
176 2 2 10 1 146 791 985
177 2 2 10 1 179 938 1215
178 2 2 10 1 174 941 1004
179 2 2 10 1 1247 889 1267
180 2 2 10 1 752 903 904
181 2 2 10 1 1239 742 1272
182 2 2 10 1 938 179 1283
183 2 2 10 1 768 156 1250
184 2 2 10 1 1217 894 1238
185 2 2 10 1 1197 147 1234
186 2 2 10 1 763 980 1319
187 2 2 10 1 1086 882 1288
188 2 2 10 1 1257 171 1263
189 2 2 10 1 882 1086 1242
190 2 2 10 1 1013 759 1016
191 2 2 10 1 889 890 1267
192 2 2 10 1 1224 1004 1283
193 2 2 10 1 707 884 1073
194 2 2 10 1 176 1102 1306
195 2 2 10 1 980 157 1101
196 2 2 10 1 941 174 1005
197 2 2 10 1 806 601 1296
198 2 2 10 1 1236 682 1241
199 2 2 10 1 145 764 1281
200 2 2 10 1 176 852 1102
201 2 2 10 1 772 798 1251
202 2 2 10 1 805 742 1239
203 2 2 10 1 172 826 1285
204 2 2 10 1 161 781 796
205 2 2 10 1 138 783 1273
206 2 2 10 1 783 138 1272
207 2 2 10 1 186 778 854
208 2 2 10 1 1251 798 1286
209 2 2 10 1 124 178 1261
210 2 2 10 1 752 904 1260
211 2 2 10 1 146 985 1183
212 2 2 10 1 742 805 1296
213 2 2 10 1 68 69 1005
214 2 2 10 1 600 711 803
215 2 2 10 1 803 776 913
216 2 2 10 1 601 806 1287
217 2 2 10 1 587 1105 1237
218 2 2 10 1 792 166 802
219 2 2 10 1 873 867 1226
220 2 2 10 1 156 839 1250
221 2 2 10 1 744 604 802
222 2 2 10 1 780 779 795
223 2 2 10 1 182 177 778
224 2 2 10 1 179 1224 1283
225 2 2 10 1 1073 884 1247
226 2 2 10 1 1227 783 1272
227 2 2 10 1 166 792 801
228 2 2 10 1 173 790 1232
229 2 2 10 1 1038 789 1310
230 2 2 10 1 154 182 183
231 2 2 10 1 785 184 1266
232 2 2 10 1 178 786 1261
233 2 2 10 1 941 939 1004
234 2 2 10 1 839 156 1307
235 2 2 10 1 843 1236 1241
236 2 2 10 1 790 173 1053
237 2 2 10 1 1069 486 1217
238 2 2 10 1 1016 759 1301
239 2 2 10 1 1102 773 1306
240 2 2 10 1 1003 1004 1224
241 2 2 10 1 129 177 182
242 2 2 10 1 604 792 802
243 2 2 10 1 789 1038 1235
244 2 2 10 1 19 20 796
245 2 2 10 1 154 128 182
246 2 2 10 1 851 691 1231
247 2 2 10 1 127 154 755
248 2 2 10 1 20 161 796
249 2 2 10 1 137 801 1243
250 2 2 10 1 873 1226 1322
251 2 2 10 1 833 148 1297
252 2 2 10 1 174 68 1005
253 2 2 10 1 69 153 1005
254 2 2 10 1 806 788 1287
255 2 2 10 1 787 785 1266
256 2 2 10 1 1001 736 1189
257 2 2 10 1 81 131 1169
258 2 2 10 1 759 1013 1230
259 2 2 10 1 635 613 807
260 2 2 10 1 974 167 1240
261 2 2 10 1 854 810 1317
262 2 2 10 1 130 1 1249
263 2 2 10 1 838 839 1197
264 2 2 10 1 805 806 1296
265 2 2 10 1 708 845 1246
266 2 2 10 1 5 126 1252
267 2 2 10 1 880 782 1236
268 2 2 10 1 782 880 1323
269 2 2 10 1 797 131 1289
270 2 2 10 1 860 157 980
271 2 2 10 1 801 137 1305
272 2 2 10 1 674 800 830
273 2 2 10 1 178 785 786
274 2 2 10 1 322 811 830
275 2 2 10 1 904 144 1260
276 2 2 10 1 813 688 815
277 2 2 10 1 740 837 838
278 2 2 10 1 572 813 815
279 2 2 10 1 811 674 830
280 2 2 10 1 788 806 1311
281 2 2 10 1 700 807 808
282 2 2 10 1 1242 780 1291
283 2 2 10 1 812 491 837
284 2 2 10 1 740 812 837
285 2 2 10 1 635 807 858
286 2 2 10 1 1 6 1249
287 2 2 10 1 167 974 1275
288 2 2 10 1 131 803 1169
289 2 2 10 1 791 146 1309
290 2 2 10 1 122 149 804
291 2 2 10 1 804 149 806
292 2 2 10 1 850 851 1231
293 2 2 10 1 784 827 842
294 2 2 10 1 505 1135 1210
295 2 2 10 1 125 5 1252
296 2 2 10 1 540 501 858
297 2 2 10 1 897 472 898
298 2 2 10 1 578 680 842
299 2 2 10 1 198 1212 1219
300 2 2 10 1 800 674 1033
301 2 2 10 1 1030 875 1255
302 2 2 10 1 1033 581 1057
303 2 2 10 1 1284 773 1319
304 2 2 10 1 771 994 1269
305 2 2 10 1 617 538 1201
306 2 2 10 1 845 708 1282
307 2 2 10 1 807 613 808
308 2 2 10 1 709 1135 1138
309 2 2 10 1 728 709 1138
310 2 2 10 1 882 1242 1291
311 2 2 10 1 841 373 864
312 2 2 10 1 735 841 864
313 2 2 10 1 827 172 1196
314 2 2 10 1 985 986 1183
315 2 2 10 1 740 838 1234
316 2 2 10 1 663 1136 1191
317 2 2 10 1 691 851 1223
318 2 2 10 1 736 1001 1273
319 2 2 10 1 1260 144 1313
320 2 2 10 1 994 771 1303
321 2 2 10 1 828 829 1163
322 2 2 10 1 8 150 809
323 2 2 10 1 80 81 1169
324 2 2 10 1 19 796 1188
325 2 2 10 1 773 763 1319
326 2 2 10 1 846 845 1282
327 2 2 10 1 6 7 756
328 2 2 10 1 188 1038 1310
329 2 2 10 1 1203 864 1207
330 2 2 10 1 1194 363 1195
331 2 2 10 1 122 123 149
332 2 2 10 1 124 125 178
333 2 2 10 1 807 540 858
334 2 2 10 1 812 1194 1195
335 2 2 10 1 854 617 1201
336 2 2 10 1 501 800 858
337 2 2 10 1 680 784 842
338 2 2 10 1 577 578 842
339 2 2 10 1 756 7 809
340 2 2 10 1 158 121 804
341 2 2 10 1 1007 167 1275
342 2 2 10 1 635 1033 1057
343 2 2 10 1 687 1203 1207
344 2 2 10 1 674 581 1033
345 2 2 10 1 756 809 810
346 2 2 10 1 829 496 1163
347 2 2 10 1 758 819 820
348 2 2 10 1 1166 508 1176
349 2 2 10 1 1135 709 1210
350 2 2 10 1 758 760 819
351 2 2 10 1 1006 766 1178
352 2 2 10 1 1175 829 1181
353 2 2 10 1 618 382 825
354 2 2 10 1 352 373 1200
355 2 2 10 1 158 804 805
356 2 2 10 1 575 1175 1181
357 2 2 10 1 824 618 825
358 2 2 10 1 790 700 1232
359 2 2 10 1 338 363 1192
360 2 2 10 1 1039 664 1148
361 2 2 10 1 248 384 972
362 2 2 10 1 384 821 972
363 2 2 10 1 813 814 1211
364 2 2 10 1 121 122 804
365 2 2 10 1 696 871 956
366 2 2 10 1 875 160 1255
367 2 2 10 1 809 150 818
368 2 2 10 1 1211 814 1212
369 2 2 10 1 1136 710 1191
370 2 2 10 1 120 121 158
371 2 2 10 1 865 729 1173
372 2 2 10 1 363 816 1192
373 2 2 10 1 143 849 850
374 2 2 10 1 819 760 871
375 2 2 10 1 994 896 1035
376 2 2 10 1 477 1209 1213
377 2 2 10 1 786 785 787
378 2 2 10 1 143 27 849
379 2 2 10 1 138 119 817
380 2 2 10 1 811 322 1166
381 2 2 10 1 606 538 617
382 2 2 10 1 134 994 1035
383 2 2 10 1 510 878 879
384 2 2 10 1 232 230 953
385 2 2 10 1 120 158 817
386 2 2 10 1 878 510 981
387 2 2 10 1 715 859 1114
388 2 2 10 1 322 830 1075
389 2 2 10 1 321 322 1075
390 2 2 10 1 906 1132 1184
391 2 2 10 1 879 996 1127
392 2 2 10 1 259 248 972
393 2 2 10 1 805 804 806
394 2 2 10 1 27 28 849
395 2 2 10 1 821 384 996
396 2 2 10 1 1043 957 1129
397 2 2 10 1 696 819 871
398 2 2 10 1 693 834 974
399 2 2 10 1 901 387 1115
400 2 2 10 1 317 1039 1148
401 2 2 10 1 625 916 992
402 2 2 10 1 828 661 831
403 2 2 10 1 811 1166 1176
404 2 2 10 1 871 445 956
405 2 2 10 1 112 113 971
406 2 2 10 1 693 542 1061
407 2 2 10 1 918 878 981
408 2 2 10 1 647 976 1110
409 2 2 10 1 625 832 916
410 2 2 10 1 619 828 831
411 2 2 10 1 734 653 1143
412 2 2 10 1 159 794 1288
413 2 2 10 1 661 828 1163
414 2 2 10 1 834 693 1061
415 2 2 10 1 833 754 951
416 2 2 10 1 901 902 1119
417 2 2 10 1 510 879 953
418 2 2 10 1 373 841 1200
419 2 2 10 1 932 933 1147
420 2 2 10 1 360 877 918
421 2 2 10 1 971 134 1035
422 2 2 10 1 859 214 1114
423 2 2 10 1 825 382 1130
424 2 2 10 1 383 823 1080
425 2 2 10 1 734 1143 1144
426 2 2 10 1 653 618 1141
427 2 2 10 1 877 878 918
428 2 2 10 1 976 975 1110
429 2 2 10 1 527 599 601
430 2 2 10 1 1119 902 1121
431 2 2 10 1 837 836 838
432 2 2 10 1 236 232 953
433 2 2 10 1 491 835 837
434 2 2 10 1 7 8 809
435 2 2 10 1 857 856 1095
436 2 2 10 1 151 844 845
437 2 2 10 1 99 176 868
438 2 2 10 1 754 559 951
439 2 2 10 1 619 831 870
440 2 2 10 1 491 490 835
441 2 2 10 1 230 510 953
442 2 2 10 1 28 847 849
443 2 2 10 1 369 865 1173
444 2 2 10 1 835 836 837
445 2 2 10 1 900 901 1115
446 2 2 10 1 840 165 843
447 2 2 10 1 10 165 840
448 2 2 10 1 28 29 847
449 2 2 10 1 916 210 992
450 2 2 10 1 640 856 1059
451 2 2 10 1 653 1141 1143
452 2 2 10 1 332 1080 1126
453 2 2 10 1 899 112 971
454 2 2 10 1 996 384 1127
455 2 2 10 1 987 990 1082
456 2 2 10 1 1162 1042 1193
457 2 2 10 1 411 413 979
458 2 2 10 1 877 360 1026
459 2 2 10 1 832 625 979
460 2 2 10 1 1100 982 1134
461 2 2 10 1 113 134 971
462 2 2 10 1 151 30 844
463 2 2 10 1 101 152 852
464 2 2 10 1 1212 814 1219
465 2 2 10 1 360 945 1026
466 2 2 10 1 382 264 1130
467 2 2 10 1 716 945 962
468 2 2 10 1 885 887 889
469 2 2 10 1 371 445 1124
470 2 2 10 1 960 1070 1091
471 2 2 10 1 1092 857 1095
472 2 2 10 1 797 171 1257
473 2 2 10 1 823 383 1089
474 2 2 10 1 657 1137 1140
475 2 2 10 1 414 412 1059
476 2 2 10 1 162 111 899
477 2 2 10 1 671 670 1096
478 2 2 10 1 104 144 904
479 2 2 10 1 175 32 867
480 2 2 10 1 333 1043 1129
481 2 2 10 1 704 547 872
482 2 2 10 1 111 112 899
483 2 2 10 1 869 704 872
484 2 2 10 1 890 888 891
485 2 2 10 1 910 507 1031
486 2 2 10 1 428 426 855
487 2 2 10 1 942 987 1082
488 2 2 10 1 933 341 1147
489 2 2 10 1 157 860 1233
490 2 2 10 1 439 634 861
491 2 2 10 1 664 861 862
492 2 2 10 1 373 863 864
493 2 2 10 1 626 978 1045
494 2 2 10 1 559 478 951
495 2 2 10 1 150 9 840
496 2 2 10 1 491 812 1195
497 2 2 10 1 8 9 150
498 2 2 10 1 611 761 860
499 2 2 10 1 98 99 868
500 2 2 10 1 110 162 886
501 2 2 10 1 217 219 944
502 2 2 10 1 361 334 1034
503 2 2 10 1 886 162 887
504 2 2 10 1 612 860 980
505 2 2 10 1 861 634 862
506 2 2 10 1 885 886 887
507 2 2 10 1 838 836 839
508 2 2 10 1 1115 387 1117
509 2 2 10 1 556 602 701
510 2 2 10 1 924 923 1099
511 2 2 10 1 373 355 863
512 2 2 10 1 542 626 1061
513 2 2 10 1 945 716 1026
514 2 2 10 1 277 870 1018
515 2 2 10 1 594 743 907
516 2 2 10 1 911 385 912
517 2 2 10 1 887 888 890
518 2 2 10 1 625 411 979
519 2 2 10 1 334 321 1075
520 2 2 10 1 562 1063 1066
521 2 2 10 1 449 934 991
522 2 2 10 1 387 901 1119
523 2 2 10 1 308 924 927
524 2 2 10 1 870 831 1018
525 2 2 10 1 934 935 991
526 2 2 10 1 490 556 835
527 2 2 10 1 1070 515 1091
528 2 2 10 1 635 858 1033
529 2 2 10 1 135 881 882
530 2 2 10 1 31 175 844
531 2 2 10 1 176 100 852
532 2 2 10 1 835 701 836
533 2 2 10 1 701 602 768
534 2 2 10 1 165 11 880
535 2 2 10 1 419 421 919
536 2 2 10 1 1130 258 1151
537 2 2 10 1 175 867 873
538 2 2 10 1 449 989 1015
539 2 2 10 1 872 547 1029
540 2 2 10 1 976 647 1118
541 2 2 10 1 31 32 175
542 2 2 10 1 99 100 176
543 2 2 10 1 924 308 926
544 2 2 10 1 950 793 995
545 2 2 10 1 412 640 1059
546 2 2 10 1 151 845 846
547 2 2 10 1 292 290 961
548 2 2 10 1 32 33 867
549 2 2 10 1 144 105 875
550 2 2 10 1 594 907 928
551 2 2 10 1 611 754 761
552 2 2 10 1 724 978 1037
553 2 2 10 1 545 600 913
554 2 2 10 1 159 25 874
555 2 2 10 1 424 419 919
556 2 2 10 1 912 385 952
557 2 2 10 1 440 479 572
558 2 2 10 1 1063 923 1066
559 2 2 10 1 432 905 906
560 2 2 10 1 274 272 926
561 2 2 10 1 342 383 1080
562 2 2 10 1 934 449 1015
563 2 2 10 1 485 439 861
564 2 2 10 1 441 490 491
565 2 2 10 1 556 701 835
566 2 2 10 1 626 1045 1061
567 2 2 10 1 378 361 379
568 2 2 10 1 221 224 952
569 2 2 10 1 470 222 1058
570 2 2 10 1 900 733 901
571 2 2 10 1 308 274 926
572 2 2 10 1 222 217 944
573 2 2 10 1 914 622 915
574 2 2 10 1 466 379 478
575 2 2 10 1 582 733 900
576 2 2 10 1 284 286 1031
577 2 2 10 1 378 379 466
578 2 2 10 1 552 950 995
579 2 2 10 1 160 107 883
580 2 2 10 1 574 622 914
581 2 2 10 1 266 502 962
582 2 2 10 1 572 479 591
583 2 2 10 1 135 23 881
584 2 2 10 1 466 478 559
585 2 2 10 1 413 416 979
586 2 2 10 1 483 428 855
587 2 2 10 1 611 559 754
588 2 2 10 1 188 189 1038
589 2 2 10 1 219 385 944
590 2 2 10 1 725 483 726
591 2 2 10 1 908 353 909
592 2 2 10 1 192 194 459
593 2 2 10 1 850 848 851
594 2 2 10 1 119 120 817
595 2 2 10 1 432 433 905
596 2 2 10 1 632 1011 1083
597 2 2 10 1 856 855 1059
598 2 2 10 1 152 102 903
599 2 2 10 1 588 474 954
600 2 2 10 1 624 970 1000
601 2 2 10 1 29 151 847
602 2 2 10 1 544 577 997
603 2 2 10 1 285 283 876
604 2 2 10 1 222 944 1058
605 2 2 10 1 109 110 886
606 2 2 10 1 502 716 962
607 2 2 10 1 545 913 943
608 2 2 10 1 10 11 165
609 2 2 10 1 533 483 725
610 2 2 10 1 338 362 363
611 2 2 10 1 610 540 700
612 2 2 10 1 277 297 870
613 2 2 10 1 478 499 500
614 2 2 10 1 335 353 908
615 2 2 10 1 590 690 959
616 2 2 10 1 655 647 1110
617 2 2 10 1 813 591 814
618 2 2 10 1 459 460 527
619 2 2 10 1 889 887 890
620 2 2 10 1 500 540 610
621 2 2 10 1 224 227 952
622 2 2 10 1 388 292 961
623 2 2 10 1 29 30 151
624 2 2 10 1 101 102 152
625 2 2 10 1 507 284 1031
626 2 2 10 1 903 103 904
627 2 2 10 1 321 307 322
628 2 2 10 1 445 871 1124
629 2 2 10 1 610 700 790
630 2 2 10 1 970 969 1000
631 2 2 10 1 572 591 813
632 2 2 10 1 440 450 479
633 2 2 10 1 966 746 989
634 2 2 10 1 612 611 860
635 2 2 10 1 883 136 884
636 2 2 10 1 1024 671 1096
637 2 2 10 1 547 451 1029
638 2 2 10 1 1080 823 1126
639 2 2 10 1 163 963 964
640 2 2 10 1 730 729 865
641 2 2 10 1 426 414 1059
642 2 2 10 1 304 619 870
643 2 2 10 1 297 304 870
644 2 2 10 1 989 746 1015
645 2 2 10 1 479 480 853
646 2 2 10 1 500 501 540
647 2 2 10 1 355 365 863
648 2 2 10 1 560 559 611
649 2 2 10 1 945 253 962
650 2 2 10 1 784 739 826
651 2 2 10 1 722 719 932
652 2 2 10 1 680 739 784
653 2 2 10 1 926 272 998
654 2 2 10 1 887 162 888
655 2 2 10 1 365 374 477
656 2 2 10 1 523 521 928
657 2 2 10 1 858 800 1033
658 2 2 10 1 233 918 981
659 2 2 10 1 289 285 876
660 2 2 10 1 919 906 1049
661 2 2 10 1 763 628 980
662 2 2 10 1 729 598 914
663 2 2 10 1 298 289 508
664 2 2 10 1 726 856 857
665 2 2 10 1 964 963 965
666 2 2 10 1 718 929 930
667 2 2 10 1 891 893 894
668 2 2 10 1 290 308 961
669 2 2 10 1 482 428 483
670 2 2 10 1 628 612 980
671 2 2 10 1 103 104 904
672 2 2 10 1 1011 359 1083
673 2 2 10 1 626 977 978
674 2 2 10 1 589 590 959
675 2 2 10 1 552 948 950
676 2 2 10 1 908 909 910
677 2 2 10 1 855 426 1059
678 2 2 10 1 9 10 840
679 2 2 10 1 570 582 900
680 2 2 10 1 421 432 919
681 2 2 10 1 408 1153 1156
682 2 2 10 1 385 221 952
683 2 2 10 1 901 733 902
684 2 2 10 1 26 143 874
685 2 2 10 1 598 574 914
686 2 2 10 1 445 446 956
687 2 2 10 1 888 162 899
688 2 2 10 1 385 911 944
689 2 2 10 1 895 897 898
690 2 2 10 1 521 594 928
691 2 2 10 1 718 504 929
692 2 2 10 1 297 303 304
693 2 2 10 1 304 313 314
694 2 2 10 1 961 927 1060
695 2 2 10 1 106 160 875
696 2 2 10 1 978 724 1045
697 2 2 10 1 916 715 1114
698 2 2 10 1 436 473 663
699 2 2 10 1 622 573 664
700 2 2 10 1 509 920 921
701 2 2 10 1 1137 725 1140
702 2 2 10 1 552 553 948
703 2 2 10 1 664 862 1148
704 2 2 10 1 352 355 373
705 2 2 10 1 416 418 1022
706 2 2 10 1 30 31 844
707 2 2 10 1 100 101 852
708 2 2 10 1 574 573 622
709 2 2 10 1 478 379 499
710 2 2 10 1 509 312 920
711 2 2 10 1 1007 1275 1309
712 2 2 10 1 749 774 799
713 2 2 10 1 348 346 960
714 2 2 10 1 467 489 570
715 2 2 10 1 24 159 881
716 2 2 10 1 590 616 690
717 2 2 10 1 619 314 677
718 2 2 10 1 894 893 895
719 2 2 10 1 26 27 143
720 2 2 10 1 104 105 144
721 2 2 10 1 990 465 1082
722 2 2 10 1 908 910 1031
723 2 2 10 1 365 477 863
724 2 2 10 1 963 132 965
725 2 2 10 1 1036 724 1037
726 2 2 10 1 508 289 876
727 2 2 10 1 335 344 353
728 2 2 10 1 474 476 954
729 2 2 10 1 299 300 969
730 2 2 10 1 884 136 885
731 2 2 10 1 108 136 883
732 2 2 10 1 595 946 947
733 2 2 10 1 683 628 763
734 2 2 10 1 582 732 733
735 2 2 10 1 313 328 955
736 2 2 10 1 134 993 994
737 2 2 10 1 418 424 467
738 2 2 10 1 323 335 908
739 2 2 10 1 970 1036 1037
740 2 2 10 1 570 489 582
741 2 2 10 1 695 747 917
742 2 2 10 1 502 268 503
743 2 2 10 1 703 598 729
744 2 2 10 1 433 436 905
745 2 2 10 1 531 523 928
746 2 2 10 1 746 966 1014
747 2 2 10 1 500 499 501
748 2 2 10 1 473 474 588
749 2 2 10 1 431 348 960
750 2 2 10 1 608 531 621
751 2 2 10 1 467 424 489
752 2 2 10 1 726 855 856
753 2 2 10 1 668 671 957
754 2 2 10 1 969 300 1000
755 2 2 10 1 571 570 652
756 2 2 10 1 304 314 619
757 2 2 10 1 608 621 749
758 2 2 10 1 652 570 900
759 2 2 10 1 24 25 159
760 2 2 10 1 255 266 962
761 2 2 10 1 966 398 1014
762 2 2 10 1 760 1089 1124
763 2 2 10 1 506 555 589
764 2 2 10 1 106 107 160
765 2 2 10 1 432 906 919
766 2 2 10 1 927 1040 1060
767 2 2 10 1 558 485 573
768 2 2 10 1 443 375 977
769 2 2 10 1 304 303 313
770 2 2 10 1 266 268 502
771 2 2 10 1 719 718 932
772 2 2 10 1 1034 334 1075
773 2 2 10 1 546 609 695
774 2 2 10 1 266 267 268
775 2 2 10 1 828 677 829
776 2 2 10 1 556 586 602
777 2 2 10 1 749 621 774
778 2 2 10 1 12 142 880
779 2 2 10 1 457 543 546
780 2 2 10 1 11 12 880
781 2 2 10 1 978 358 1037
782 2 2 10 1 595 596 946
783 2 2 10 1 308 927 961
784 2 2 10 1 929 568 931
785 2 2 10 1 504 503 929
786 2 2 10 1 192 459 1038
787 2 2 10 1 920 332 925
788 2 2 10 1 436 437 473
789 2 2 10 1 718 930 932
790 2 2 10 1 476 505 954
791 2 2 10 1 619 677 828
792 2 2 10 1 240 360 918
793 2 2 10 1 666 585 667
794 2 2 10 1 715 652 859
795 2 2 10 1 102 103 903
796 2 2 10 1 695 609 747
797 2 2 10 1 469 452 943
798 2 2 10 1 465 991 1076
799 2 2 10 1 459 194 460
800 2 2 10 1 246 386 975
801 2 2 10 1 22 23 135
802 2 2 10 1 502 503 504
803 2 2 10 1 634 431 960
804 2 2 10 1 591 479 853
805 2 2 10 1 623 520 943
806 2 2 10 1 546 543 609
807 2 2 10 1 668 667 670
808 2 2 10 1 272 270 998
809 2 2 10 1 368 361 378
810 2 2 10 1 621 531 928
811 2 2 10 1 108 109 136
812 2 2 10 1 626 443 977
813 2 2 10 1 439 431 634
814 2 2 10 1 680 681 739
815 2 2 10 1 668 670 671
816 2 2 10 1 696 695 777
817 2 2 10 1 666 667 668
818 2 2 10 1 446 457 956
819 2 2 10 1 923 1063 1099
820 2 2 10 1 573 485 861
821 2 2 10 1 932 930 933
822 2 2 10 1 452 545 943
823 2 2 10 1 386 238 967
824 2 2 10 1 777 695 917
825 2 2 10 1 163 16 963
826 2 2 10 1 520 469 943
827 2 2 10 1 703 729 730
828 2 2 10 1 503 517 568
829 2 2 10 1 255 262 266
830 2 2 10 1 476 495 505
831 2 2 10 1 226 233 981
832 2 2 10 1 342 371 383
833 2 2 10 1 213 215 216
834 2 2 10 1 972 822 1142
835 2 2 10 1 819 777 820
836 2 2 10 1 503 568 929
837 2 2 10 1 105 106 875
838 2 2 10 1 278 264 382
839 2 2 10 1 546 696 956
840 2 2 10 1 907 621 928
841 2 2 10 1 242 399 982
842 2 2 10 1 436 663 905
843 2 2 10 1 700 540 807
844 2 2 10 1 670 911 912
845 2 2 10 1 250 246 975
846 2 2 10 1 821 722 822
847 2 2 10 1 726 483 855
848 2 2 10 1 20 21 161
849 2 2 10 1 260 271 988
850 2 2 10 1 240 244 360
851 2 2 10 1 717 718 719
852 2 2 10 1 553 595 948
853 2 2 10 1 717 504 718
854 2 2 10 1 532 531 608
855 2 2 10 1 582 583 732
856 2 2 10 1 721 722 821
857 2 2 10 1 721 821 996
858 2 2 10 1 721 719 722
859 2 2 10 1 25 26 874
860 2 2 10 1 594 623 743
861 2 2 10 1 913 623 943
862 2 2 10 1 465 1076 1082
863 2 2 10 1 677 314 737
864 2 2 10 1 467 570 571
865 2 2 10 1 930 929 931
866 2 2 10 1 374 377 440
867 2 2 10 1 594 520 623
868 2 2 10 1 743 623 776
869 2 2 10 1 571 652 715
870 2 2 10 1 327 321 334
871 2 2 10 1 743 776 797
872 2 2 10 1 973 693 974
873 2 2 10 1 1132 678 1184
874 2 2 10 1 600 704 711
875 2 2 10 1 316 307 321
876 2 2 10 1 466 559 560
877 2 2 10 1 107 108 883
878 2 2 10 1 891 892 893
879 2 2 10 1 692 693 973
880 2 2 10 1 319 330 332
881 2 2 10 1 376 442 999
882 2 2 10 1 309 299 969
883 2 2 10 1 921 920 925
884 2 2 10 1 216 215 217
885 2 2 10 1 638 757 759
886 2 2 10 1 558 573 574
887 2 2 10 1 110 111 162
888 2 2 10 1 312 319 920
889 2 2 10 1 478 500 951
890 2 2 10 1 509 922 998
891 2 2 10 1 975 386 1110
892 2 2 10 1 256 250 258
893 2 2 10 1 622 664 1039
894 2 2 10 1 600 547 704
895 2 2 10 1 237 242 982
896 2 2 10 1 229 228 230
897 2 2 10 1 286 323 1031
898 2 2 10 1 23 24 881
899 2 2 10 1 859 1115 1117
900 2 2 10 1 418 419 424
901 2 2 10 1 457 546 956
902 2 2 10 1 227 226 228
903 2 2 10 1 449 395 989
904 2 2 10 1 610 790 833
905 2 2 10 1 407 382 618
906 2 2 10 1 546 695 696
907 2 2 10 1 118 138 1001
908 2 2 10 1 253 255 962
909 2 2 10 1 217 218 219
910 2 2 10 1 545 547 600
911 2 2 10 1 545 451 547
912 2 2 10 1 231 230 232
913 2 2 10 1 375 356 977
914 2 2 10 1 421 423 432
915 2 2 10 1 219 220 221
916 2 2 10 1 249 260 988
917 2 2 10 1 716 504 717
918 2 2 10 1 669 668 957
919 2 2 10 1 234 232 235
920 2 2 10 1 224 225 226
921 2 2 10 1 117 118 1001
922 2 2 10 1 221 223 224
923 2 2 10 1 407 618 653
924 2 2 10 1 266 262 267
925 2 2 10 1 233 240 918
926 2 2 10 1 503 268 517
927 2 2 10 1 530 345 1047
928 2 2 10 1 433 435 436
929 2 2 10 1 895 896 897
930 2 2 10 1 983 550 984
931 2 2 10 1 509 921 922
932 2 2 10 1 341 1145 1147
933 2 2 10 1 216 217 222
934 2 2 10 1 365 366 374
935 2 2 10 1 235 236 237
936 2 2 10 1 568 517 661
937 2 2 10 1 793 603 995
938 2 2 10 1 306 298 307
939 2 2 10 1 238 235 967
940 2 2 10 1 821 822 972
941 2 2 10 1 258 975 976
942 2 2 10 1 665 585 666
943 2 2 10 1 1100 655 1110
944 2 2 10 1 490 534 556
945 2 2 10 1 258 250 975
946 2 2 10 1 987 984 990
947 2 2 10 1 720 719 721
948 2 2 10 1 922 926 998
949 2 2 10 1 521 520 594
950 2 2 10 1 293 312 509
951 2 2 10 1 482 483 533
952 2 2 10 1 551 550 983
953 2 2 10 1 441 455 490
954 2 2 10 1 17 132 963
955 2 2 10 1 922 921 923
956 2 2 10 1 237 241 242
957 2 2 10 1 696 777 819
958 2 2 10 1 226 225 233
959 2 2 10 1 541 542 692
960 2 2 10 1 229 230 231
961 2 2 10 1 227 228 229
962 2 2 10 1 281 295 1042
963 2 2 10 1 479 450 480
964 2 2 10 1 224 223 225
965 2 2 10 1 578 679 680
966 2 2 10 1 221 220 223
967 2 2 10 1 753 692 973
968 2 2 10 1 692 542 693
969 2 2 10 1 219 218 220
970 2 2 10 1 234 235 238
971 2 2 10 1 273 272 274
972 2 2 10 1 242 248 249
973 2 2 10 1 690 616 691
974 2 2 10 1 442 443 541
975 2 2 10 1 655 1100 1134
976 2 2 10 1 948 947 949
977 2 2 10 1 270 269 293
978 2 2 10 1 260 259 269
979 2 2 10 1 249 248 259
980 2 2 10 1 17 18 132
981 2 2 10 1 541 443 542
982 2 2 10 1 985 984 986
983 2 2 10 1 231 232 234
984 2 2 10 1 984 550 990
985 2 2 10 1 242 241 248
986 2 2 10 1 632 1010 1011
987 2 2 10 1 249 259 260
988 2 2 10 1 560 611 612
989 2 2 10 1 395 393 989
990 2 2 10 1 219 221 385
991 2 2 10 1 983 984 985
992 2 2 10 1 517 268 1018
993 2 2 10 1 271 270 272
994 2 2 10 1 442 375 443
995 2 2 10 1 237 236 241
996 2 2 10 1 356 325 358
997 2 2 10 1 260 269 270
998 2 2 10 1 319 332 920
999 2 2 10 1 362 370 441
1000 2 2 10 1 603 492 995
1001 2 2 10 1 525 523 531
1002 2 2 10 1 275 274 290
1003 2 2 10 1 291 290 292
1004 2 2 10 1 596 638 946
1005 2 2 10 1 584 470 585
1006 2 2 10 1 675 653 734
1007 2 2 10 1 416 417 418
1008 2 2 10 1 670 667 911
1009 2 2 10 1 235 232 236
1010 2 2 10 1 217 215 218
1011 2 2 10 1 638 639 757
1012 2 2 10 1 968 309 969
1013 2 2 10 1 224 226 227
1014 2 2 10 1 213 214 215
1015 2 2 10 1 891 888 892
1016 2 2 10 1 977 358 978
1017 2 2 10 1 595 947 948
1018 2 2 10 1 473 437 474
1019 2 2 10 1 212 211 213
1020 2 2 10 1 391 398 966
1021 2 2 10 1 325 309 968
1022 2 2 10 1 1027 872 1029
1023 2 2 10 1 968 969 970
1024 2 2 10 1 244 253 945
1025 2 2 10 1 519 469 520
1026 2 2 10 1 115 164 993
1027 2 2 10 1 664 573 861
1028 2 2 10 1 271 272 273
1029 2 2 10 1 604 603 792
1030 2 2 10 1 299 292 300
1031 2 2 10 1 774 621 907
1032 2 2 10 1 979 416 1022
1033 2 2 10 1 452 451 545
1034 2 2 10 1 457 458 543
1035 2 2 10 1 273 274 275
1036 2 2 10 1 136 109 886
1037 2 2 10 1 497 603 604
1038 2 2 10 1 275 290 291
1039 2 2 10 1 291 292 299
1040 2 2 10 1 610 833 951
1041 2 2 10 1 230 228 510
1042 2 2 10 1 337 334 361
1043 2 2 10 1 967 237 982
1044 2 2 10 1 393 966 989
1045 2 2 10 1 589 555 590
1046 2 2 10 1 290 274 308
1047 2 2 10 1 406 405 451
1048 2 2 10 1 399 249 988
1049 2 2 10 1 356 358 977
1050 2 2 10 1 462 492 497
1051 2 2 10 1 497 492 603
1052 2 2 10 1 246 238 386
1053 2 2 10 1 831 517 1018
1054 2 2 10 1 878 723 879
1055 2 2 10 1 209 210 211
1056 2 2 10 1 792 793 801
1057 2 2 10 1 389 390 391
1058 2 2 10 1 391 390 398
1059 2 2 10 1 748 607 791
1060 2 2 10 1 235 237 967
1061 2 2 10 1 392 391 393
1062 2 2 10 1 355 364 365
1063 2 2 10 1 300 388 389
1064 2 2 10 1 879 723 996
1065 2 2 10 1 544 576 577
1066 2 2 10 1 189 192 1038
1067 2 2 10 1 596 637 638
1068 2 2 10 1 876 283 1042
1069 2 2 10 1 394 393 395
1070 2 2 10 1 396 395 397
1071 2 2 10 1 295 279 1025
1072 2 2 10 1 999 1027 1029
1073 2 2 10 1 694 692 753
1074 2 2 10 1 502 504 716
1075 2 2 10 1 769 651 770
1076 2 2 10 1 922 923 924
1077 2 2 10 1 389 388 390
1078 2 2 10 1 376 375 442
1079 2 2 10 1 605 604 744
1080 2 2 10 1 397 449 991
1081 2 2 10 1 493 552 995
1082 2 2 10 1 294 289 298
1083 2 2 10 1 242 249 399
1084 2 2 10 1 15 16 163
1085 2 2 10 1 394 395 396
1086 2 2 10 1 776 623 913
1087 2 2 10 1 396 397 453
1088 2 2 10 1 392 393 394
1089 2 2 10 1 402 376 999
1090 2 2 10 1 208 207 209
1091 2 2 10 1 260 270 271
1092 2 2 10 1 300 292 388
1093 2 2 10 1 393 391 966
1094 2 2 10 1 371 372 445
1095 2 2 10 1 453 465 990
1096 2 2 10 1 357 356 375
1097 2 2 10 1 451 405 1029
1098 2 2 10 1 847 846 848
1099 2 2 10 1 270 293 998
1100 2 2 10 1 745 744 764
1101 2 2 10 1 267 277 1018
1102 2 2 10 1 358 325 968
1103 2 2 10 1 849 848 850
1104 2 2 10 1 446 448 457
1105 2 2 10 1 832 715 916
1106 2 2 10 1 245 238 246
1107 2 2 10 1 620 607 748
1108 2 2 10 1 389 391 392
1109 2 2 10 1 453 397 465
1110 2 2 10 1 791 983 985
1111 2 2 10 1 397 395 449
1112 2 2 10 1 550 453 990
1113 2 2 10 1 607 551 983
1114 2 2 10 1 717 719 720
1115 2 2 10 1 505 495 506
1116 2 2 10 1 401 403 1017
1117 2 2 10 1 278 382 407
1118 2 2 10 1 404 402 405
1119 2 2 10 1 638 759 946
1120 2 2 10 1 134 114 993
1121 2 2 10 1 207 205 992
1122 2 2 10 1 342 343 371
1123 2 2 10 1 585 470 1058
1124 2 2 10 1 553 563 595
1125 2 2 10 1 113 114 134
1126 2 2 10 1 16 17 963
1127 2 2 10 1 338 339 362
1128 2 2 10 1 630 631 632
1129 2 2 10 1 944 911 1058
1130 2 2 10 1 493 513 552
1131 2 2 10 1 948 949 950
1132 2 2 10 1 633 656 1010
1133 2 2 10 1 632 633 1010
1134 2 2 10 1 497 604 605
1135 2 2 10 1 582 489 583
1136 2 2 10 1 605 744 745
1137 2 2 10 1 462 463 492
1138 2 2 10 1 310 309 325
1139 2 2 10 1 765 764 766
1140 2 2 10 1 398 400 462
1141 2 2 10 1 360 244 945
1142 2 2 10 1 312 318 319
1143 2 2 10 1 542 443 626
1144 2 2 10 1 319 320 330
1145 2 2 10 1 957 671 1129
1146 2 2 10 1 792 603 793
1147 2 2 10 1 293 509 998
1148 2 2 10 1 454 453 550
1149 2 2 10 1 326 325 356
1150 2 2 10 1 501 713 800
1151 2 2 10 1 488 565 630
1152 2 2 10 1 398 462 1014
1153 2 2 10 1 405 402 999
1154 2 2 10 1 720 721 723
1155 2 2 10 1 413 415 416
1156 2 2 10 1 330 331 342
1157 2 2 10 1 567 551 607
1158 2 2 10 1 747 609 762
1159 2 2 10 1 465 397 991
1160 2 2 10 1 666 668 669
1161 2 2 10 1 791 607 983
1162 2 2 10 1 115 116 164
1163 2 2 10 1 970 624 1036
1164 2 2 10 1 492 493 995
1165 2 2 10 1 745 764 765
1166 2 2 10 1 935 767 936
1167 2 2 10 1 500 610 951
1168 2 2 10 1 293 311 312
1169 2 2 10 1 541 692 694
1170 2 2 10 1 519 520 521
1171 2 2 10 1 620 748 834
1172 2 2 10 1 209 211 212
1173 2 2 10 1 633 655 656
1174 2 2 10 1 937 936 938
1175 2 2 10 1 213 211 214
1176 2 2 10 1 301 299 309
1177 2 2 10 1 986 984 987
1178 2 2 10 1 403 488 1017
1179 2 2 10 1 723 721 996
1180 2 2 10 1 497 605 1014
1181 2 2 10 1 114 115 993
1182 2 2 10 1 406 451 452
1183 2 2 10 1 937 938 939
1184 2 2 10 1 935 936 937
1185 2 2 10 1 765 766 767
1186 2 2 10 1 205 381 992
1187 2 2 10 1 350 351 352
1188 2 2 10 1 543 544 997
1189 2 2 10 1 595 563 596
1190 2 2 10 1 739 681 740
1191 2 2 10 1 694 753 869
1192 2 2 10 1 605 746 1014
1193 2 2 10 1 532 608 613
1194 2 2 10 1 492 463 493
1195 2 2 10 1 757 639 758
1196 2 2 10 1 352 354 355
1197 2 2 10 1 638 637 639
1198 2 2 10 1 209 207 210
1199 2 2 10 1 856 640 1095
1200 2 2 10 1 940 939 941
1201 2 2 10 1 398 390 400
1202 2 2 10 1 12 13 142
1203 2 2 10 1 297 302 303
1204 2 2 10 1 118 119 138
1205 2 2 10 1 396 453 454
1206 2 2 10 1 234 238 245
1207 2 2 10 1 1089 383 1124
1208 2 2 10 1 770 651 1084
1209 2 2 10 1 392 394 624
1210 2 2 10 1 669 957 958
1211 2 2 10 1 228 226 981
1212 2 2 10 1 454 550 551
1213 2 2 10 1 717 720 1026
1214 2 2 10 1 567 607 620
1215 2 2 10 1 357 375 376
1216 2 2 10 1 910 909 1168
1217 2 2 10 1 940 941 942
1218 2 2 10 1 404 405 406
1219 2 2 10 1 300 389 1000
1220 2 2 10 1 66 67 1003
1221 2 2 10 1 67 68 174
1222 2 2 10 1 63 64 179
1223 2 2 10 1 67 174 1003
1224 2 2 10 1 61 62 155
1225 2 2 10 1 69 70 153
1226 2 2 10 1 58 59 145
1227 2 2 10 1 72 73 146
1228 2 2 10 1 432 423 433
1229 2 2 10 1 314 313 955
1230 2 2 10 1 73 74 1007
1231 2 2 10 1 436 435 437
1232 2 2 10 1 552 513 553
1233 2 2 10 1 146 73 1007
1234 2 2 10 1 56 57 166
1235 2 2 10 1 313 315 328
1236 2 2 10 1 934 767 935
1237 2 2 10 1 74 75 167
1238 2 2 10 1 937 939 940
1239 2 2 10 1 462 400 463
1240 2 2 10 1 988 271 1009
1241 2 2 10 1 268 267 1018
1242 2 2 10 1 1003 174 1004
1243 2 2 10 1 54 55 137
1244 2 2 10 1 60 61 1006
1245 2 2 10 1 61 155 1006
1246 2 2 10 1 74 167 1007
1247 2 2 10 1 76 77 139
1248 2 2 10 1 392 624 1000
1249 2 2 10 1 632 631 633
1250 2 2 10 1 273 275 511
1251 2 2 10 1 328 329 338
1252 2 2 10 1 571 832 1022
1253 2 2 10 1 323 324 335
1254 2 2 10 1 291 299 301
1255 2 2 10 1 630 565 631
1256 2 2 10 1 326 356 357
1257 2 2 10 1 389 392 1000
1258 2 2 10 1 832 979 1022
1259 2 2 10 1 277 296 297
1260 2 2 10 1 53 54 1008
1261 2 2 10 1 462 497 1014
1262 2 2 10 1 248 241 384
1263 2 2 10 1 525 531 532
1264 2 2 10 1 257 256 264
1265 2 2 10 1 344 345 530
1266 2 2 10 1 577 576 578
1267 2 2 10 1 335 336 344
1268 2 2 10 1 765 767 934
1269 2 2 10 1 720 877 1026
1270 2 2 10 1 527 592 599
1271 2 2 10 1 52 53 168
1272 2 2 10 1 265 264 278
1273 2 2 10 1 54 137 1008
1274 2 2 10 1 407 653 675
1275 2 2 10 1 999 442 1027
1276 2 2 10 1 287 285 289
1277 2 2 10 1 488 630 1017
1278 2 2 10 1 605 745 746
1279 2 2 10 1 418 417 419
1280 2 2 10 1 293 269 311
1281 2 2 10 1 561 464 658
1282 2 2 10 1 922 924 926
1283 2 2 10 1 381 625 992
1284 2 2 10 1 301 309 310
1285 2 2 10 1 895 893 896
1286 2 2 10 1 310 325 326
1287 2 2 10 1 418 467 1022
1288 2 2 10 1 571 715 832
1289 2 2 10 1 566 551 567
1290 2 2 10 1 624 394 1023
1291 2 2 10 1 396 454 1023
1292 2 2 10 1 911 667 1058
1293 2 2 10 1 467 571 1022
1294 2 2 10 1 991 935 1076
1295 2 2 10 1 541 694 1027
1296 2 2 10 1 251 250 256
1297 2 2 10 1 379 361 1034
1298 2 2 10 1 358 968 1037
1299 2 2 10 1 281 279 295
1300 2 2 10 1 510 228 981
1301 2 2 10 1 493 512 513
1302 2 2 10 1 247 246 250
1303 2 2 10 1 584 585 665
1304 2 2 10 1 77 78 1020
1305 2 2 10 1 168 53 1008
1306 2 2 10 1 271 273 1009
1307 2 2 10 1 229 231 514
1308 2 2 10 1 596 636 637
1309 2 2 10 1 275 291 1012
1310 2 2 10 1 51 52 1013
1311 2 2 10 1 255 261 262
1312 2 2 10 1 267 276 277
1313 2 2 10 1 253 254 255
1314 2 2 10 1 50 51 1016
1315 2 2 10 1 877 723 878
1316 2 2 10 1 49 50 133
1317 2 2 10 1 244 252 253
1318 2 2 10 1 282 507 1019
1319 2 2 10 1 347 349 350
1320 2 2 10 1 394 396 1023
1321 2 2 10 1 445 372 446
1322 2 2 10 1 139 77 1020
1323 2 2 10 1 203 205 206
1324 2 2 10 1 670 912 1096
1325 2 2 10 1 273 511 1009
1326 2 2 10 1 231 234 1002
1327 2 2 10 1 634 960 1091
1328 2 2 10 1 493 463 512
1329 2 2 10 1 234 245 1002
1330 2 2 10 1 371 343 372
1331 2 2 10 1 454 551 566
1332 2 2 10 1 381 411 625
1333 2 2 10 1 286 288 323
1334 2 2 10 1 745 765 1015
1335 2 2 10 1 454 566 1023
1336 2 2 10 1 312 311 318
1337 2 2 10 1 543 458 544
1338 2 2 10 1 319 318 320
1339 2 2 10 1 282 284 507
1340 2 2 10 1 553 562 563
1341 2 2 10 1 457 448 458
1342 2 2 10 1 511 275 1012
1343 2 2 10 1 680 679 681
1344 2 2 10 1 661 517 831
1345 2 2 10 1 291 301 1012
1346 2 2 10 1 915 622 1039
1347 2 2 10 1 765 934 1015
1348 2 2 10 1 257 265 1046
1349 2 2 10 1 280 282 1019
1350 2 2 10 1 566 567 724
1351 2 2 10 1 233 239 240
1352 2 2 10 1 633 647 655
1353 2 2 10 1 330 320 331
1354 2 2 10 1 746 745 1015
1355 2 2 10 1 557 485 558
1356 2 2 10 1 52 168 1013
1357 2 2 10 1 78 79 169
1358 2 2 10 1 830 713 1075
1359 2 2 10 1 442 541 1027
1360 2 2 10 1 240 243 244
1361 2 2 10 1 716 717 1026
1362 2 2 10 1 342 331 343
1363 2 2 10 1 323 908 1031
1364 2 2 10 1 206 205 207
1365 2 2 10 1 199 201 202
1366 2 2 10 1 596 563 636
1367 2 2 10 1 401 376 402
1368 2 2 10 1 694 872 1027
1369 2 2 10 1 912 952 1054
1370 2 2 10 1 553 513 562
1371 2 2 10 1 1142 822 1145
1372 2 2 10 1 484 439 485
1373 2 2 10 1 518 469 519
1374 2 2 10 1 468 452 469
1375 2 2 10 1 403 402 404
1376 2 2 10 1 720 723 877
1377 2 2 10 1 694 869 872
1378 2 2 10 1 529 263 672
1379 2 2 10 1 633 631 647
1380 2 2 10 1 416 415 417
1381 2 2 10 1 48 49 1028
1382 2 2 10 1 769 770 771
1383 2 2 10 1 51 1013 1016
1384 2 2 10 1 488 564 565
1385 2 2 10 1 597 574 598
1386 2 2 10 1 345 347 1047
1387 2 2 10 1 885 136 886
1388 2 2 10 1 133 50 1016
1389 2 2 10 1 330 342 1080
1390 2 2 10 1 265 280 1046
1391 2 2 10 1 203 204 205
1392 2 2 10 1 737 314 955
1393 2 2 10 1 388 961 1060
1394 2 2 10 1 357 376 401
1395 2 2 10 1 637 636 823
1396 2 2 10 1 953 879 1127
1397 2 2 10 1 514 231 1002
1398 2 2 10 1 202 201 203
1399 2 2 10 1 245 246 247
1400 2 2 10 1 78 169 1020
1401 2 2 10 1 952 227 1054
1402 2 2 10 1 310 326 359
1403 2 2 10 1 501 499 713
1404 2 2 10 1 438 431 439
1405 2 2 10 1 618 824 1141
1406 2 2 10 1 425 414 426
1407 2 2 10 1 921 925 1066
1408 2 2 10 1 210 207 992
1409 2 2 10 1 220 218 387
1410 2 2 10 1 403 487 488
1411 2 2 10 1 390 388 1060
1412 2 2 10 1 440 377 450
1413 2 2 10 1 968 970 1037
1414 2 2 10 1 537 709 728
1415 2 2 10 1 630 632 1083
1416 2 2 10 1 405 999 1029
1417 2 2 10 1 565 564 654
1418 2 2 10 1 214 859 1117
1419 2 2 10 1 406 452 468
1420 2 2 10 1 725 726 1154
1421 2 2 10 1 365 364 366
1422 2 2 10 1 609 543 997
1423 2 2 10 1 758 639 760
1424 2 2 10 1 47 48 170
1425 2 2 10 1 474 475 476
1426 2 2 10 1 514 1002 1024
1427 2 2 10 1 216 222 430
1428 2 2 10 1 489 424 1049
1429 2 2 10 1 227 229 1054
1430 2 2 10 1 684 305 685
1431 2 2 10 1 233 225 239
1432 2 2 10 1 522 521 523
1433 2 2 10 1 49 133 1028
1434 2 2 10 1 702 598 703
1435 2 2 10 1 430 222 470
1436 2 2 10 1 208 209 1021
1437 2 2 10 1 367 348 431
1438 2 2 10 1 724 567 1045
1439 2 2 10 1 205 204 381
1440 2 2 10 1 401 402 403
1441 2 2 10 1 496 447 659
1442 2 2 10 1 316 321 327
1443 2 2 10 1 195 197 198
1444 2 2 10 1 306 307 316
1445 2 2 10 1 403 404 487
1446 2 2 10 1 535 686 688
1447 2 2 10 1 654 564 824
1448 2 2 10 1 519 521 522
1449 2 2 10 1 446 447 448
1450 2 2 10 1 803 711 1169
1451 2 2 10 1 283 281 1042
1452 2 2 10 1 212 213 1068
1453 2 2 10 1 624 1023 1036
1454 2 2 10 1 800 713 830
1455 2 2 10 1 512 463 1040
1456 2 2 10 1 488 487 564
1457 2 2 10 1 927 924 1099
1458 2 2 10 1 81 82 131
1459 2 2 10 1 374 366 377
1460 2 2 10 1 199 200 201
1461 2 2 10 1 424 919 1049
1462 2 2 10 1 463 400 1040
1463 2 2 10 1 427 426 428
1464 2 2 10 1 468 469 518
1465 2 2 10 1 654 824 825
1466 2 2 10 1 267 262 276
1467 2 2 10 1 404 406 1032
1468 2 2 10 1 320 318 341
1469 2 2 10 1 386 967 1100
1470 2 2 10 1 287 289 294
1471 2 2 10 1 768 602 866
1472 2 2 10 1 206 207 208
1473 2 2 10 1 567 620 1045
1474 2 2 10 1 1023 566 1036
1475 2 2 10 1 468 518 648
1476 2 2 10 1 343 331 408
1477 2 2 10 1 368 378 444
1478 2 2 10 1 294 298 306
1479 2 2 10 1 566 724 1036
1480 2 2 10 1 529 672 678
1481 2 2 10 1 352 351 354
1482 2 2 10 1 590 615 616
1483 2 2 10 1 446 372 447
1484 2 2 10 1 471 470 584
1485 2 2 10 1 401 1017 1044
1486 2 2 10 1 506 554 555
1487 2 2 10 1 476 494 495
1488 2 2 10 1 524 523 525
1489 2 2 10 1 350 349 351
1490 2 2 10 1 313 303 315
1491 2 2 10 1 355 354 364
1492 2 2 10 1 935 937 1076
1493 2 2 10 1 537 728 1051
1494 2 2 10 1 433 434 435
1495 2 2 10 1 326 357 1044
1496 2 2 10 1 151 846 847
1497 2 2 10 1 251 256 257
1498 2 2 10 1 323 288 324
1499 2 2 10 1 762 609 997
1500 2 2 10 1 335 324 336
1501 2 2 10 1 247 250 251
1502 2 2 10 1 544 575 576
1503 2 2 10 1 203 201 204
1504 2 2 10 1 561 658 660
1505 2 2 10 1 466 560 1088
1506 2 2 10 1 536 208 1021
1507 2 2 10 1 83 84 171
1508 2 2 10 1 347 350 1047
1509 2 2 10 1 344 336 345
1510 2 2 10 1 578 614 679
1511 2 2 10 1 257 264 265
1512 2 2 10 1 278 407 1025
1513 2 2 10 1 562 513 1063
1514 2 2 10 1 280 1019 1046
1515 2 2 10 1 558 574 597
1516 2 2 10 1 265 278 279
1517 2 2 10 1 412 410 640
1518 2 2 10 1 893 892 1035
1519 2 2 10 1 357 401 1044
1520 2 2 10 1 359 1044 1083
1521 2 2 10 1 421 422 423
1522 2 2 10 1 419 420 421
1523 2 2 10 1 407 675 1025
1524 2 2 10 1 487 404 1032
1525 2 2 10 1 580 526 581
1526 2 2 10 1 673 581 674
1527 2 2 10 1 958 957 1043
1528 2 2 10 1 198 197 199
1529 2 2 10 1 327 334 337
1530 2 2 10 1 583 489 1049
1531 2 2 10 1 667 585 1058
1532 2 2 10 1 448 447 496
1533 2 2 10 1 544 458 575
1534 2 2 10 1 170 48 1028
1535 2 2 10 1 713 1034 1075
1536 2 2 10 1 735 642 738
1537 2 2 10 1 247 251 333
1538 2 2 10 1 359 326 1044
1539 2 2 10 1 703 730 775
1540 2 2 10 1 580 673 676
1541 2 2 10 1 524 526 579
1542 2 2 10 1 672 263 1079
1543 2 2 10 1 620 834 1061
1544 2 2 10 1 644 779 780
1545 2 2 10 1 579 580 1048
1546 2 2 10 1 279 278 1025
1547 2 2 10 1 892 888 899
1548 2 2 10 1 532 613 635
1549 2 2 10 1 425 426 427
1550 2 2 10 1 213 216 1068
1551 2 2 10 1 240 239 243
1552 2 2 10 1 581 526 1057
1553 2 2 10 1 406 468 1032
1554 2 2 10 1 1045 620 1061
1555 2 2 10 1 400 390 1060
1556 2 2 10 1 484 485 557
1557 2 2 10 1 204 201 1050
1558 2 2 10 1 253 252 254
1559 2 2 10 1 209 212 1021
1560 2 2 10 1 925 332 1126
1561 2 2 10 1 297 296 302
1562 2 2 10 1 892 899 971
1563 2 2 10 1 685 305 1093
1564 2 2 10 1 244 243 252
1565 2 2 10 1 474 437 475
1566 2 2 10 1 686 536 687
1567 2 2 10 1 847 848 849
1568 2 2 10 1 255 254 261
1569 2 2 10 1 229 514 1054
1570 2 2 10 1 44 45 140
1571 2 2 10 1 1040 400 1060
1572 2 2 10 1 688 686 815
1573 2 2 10 1 658 464 1071
1574 2 2 10 1 522 523 524
1575 2 2 10 1 381 410 411
1576 2 2 10 1 265 279 280
1577 2 2 10 1 86 87 141
1578 2 2 10 1 444 378 1088
1579 2 2 10 1 513 512 1063
1580 2 2 10 1 923 921 1066
1581 2 2 10 1 372 343 1041
1582 2 2 10 1 584 665 731
1583 2 2 10 1 1002 245 1062
1584 2 2 10 1 578 576 614
1585 2 2 10 1 337 361 368
1586 2 2 10 1 277 276 296
1587 2 2 10 1 438 439 484
1588 2 2 10 1 367 431 438
1589 2 2 10 1 960 346 1070
1590 2 2 10 1 195 196 197
1591 2 2 10 1 324 288 515
1592 2 2 10 1 359 1011 1094
1593 2 2 10 1 506 495 554
1594 2 2 10 1 1044 1017 1083
1595 2 2 10 1 659 447 1041
1596 2 2 10 1 262 261 1056
1597 2 2 10 1 433 423 434
1598 2 2 10 1 206 208 535
1599 2 2 10 1 892 971 1035
1600 2 2 10 1 280 281 282
1601 2 2 10 1 535 208 536
1602 2 2 10 1 413 414 415
1603 2 2 10 1 280 279 281
1604 2 2 10 1 662 533 682
1605 2 2 10 1 524 525 526
1606 2 2 10 1 641 642 646
1607 2 2 10 1 328 315 329
1608 2 2 10 1 430 471 641
1609 2 2 10 1 487 1032 1077
1610 2 2 10 1 87 88 1052
1611 2 2 10 1 419 417 420
1612 2 2 10 1 580 581 673
1613 2 2 10 1 199 197 200
1614 2 2 10 1 201 200 1050
1615 2 2 10 1 282 283 284
1616 2 2 10 1 580 676 1048
1617 2 2 10 1 468 648 1032
1618 2 2 10 1 597 598 702
1619 2 2 10 1 430 470 471
1620 2 2 10 1 480 498 593
1621 2 2 10 1 252 243 429
1622 2 2 10 1 896 893 1035
1623 2 2 10 1 411 412 413
1624 2 2 10 1 516 548 549
1625 2 2 10 1 200 197 1092
1626 2 2 10 1 579 526 580
1627 2 2 10 1 284 285 286
1628 2 2 10 1 303 302 1051
1629 2 2 10 1 343 408 1041
1630 2 2 10 1 679 614 816
1631 2 2 10 1 528 529 710
1632 2 2 10 1 422 420 727
1633 2 2 10 1 203 206 1067
1634 2 2 10 1 42 43 172
1635 2 2 10 1 1024 1002 1062
1636 2 2 10 1 590 555 615
1637 2 2 10 1 286 287 288
1638 2 2 10 1 683 763 773
1639 2 2 10 1 447 372 1041
1640 2 2 10 1 245 247 1062
1641 2 2 10 1 652 900 1115
1642 2 2 10 1 88 89 173
1643 2 2 10 1 673 674 811
1644 2 2 10 1 637 823 1089
1645 2 2 10 1 735 738 841
1646 2 2 10 1 345 346 347
1647 2 2 10 1 362 339 370
1648 2 2 10 1 481 428 482
1649 2 2 10 1 599 741 742
1650 2 2 10 1 345 336 346
1651 2 2 10 1 282 281 283
1652 2 2 10 1 438 484 486
1653 2 2 10 1 535 536 686
1654 2 2 10 1 261 263 528
1655 2 2 10 1 702 703 1030
1656 2 2 10 1 528 263 529
1657 2 2 10 1 202 203 1067
1658 2 2 10 1 740 681 812
1659 2 2 10 1 284 283 285
1660 2 2 10 1 476 475 494
1661 2 2 10 1 499 379 1034
1662 2 2 10 1 347 348 349
1663 2 2 10 1 441 370 455
1664 2 2 10 1 824 564 1077
1665 2 2 10 1 286 285 287
1666 2 2 10 1 381 204 410
1667 2 2 10 1 490 455 534
1668 2 2 10 1 421 420 422
1669 2 2 10 1 641 471 642
1670 2 2 10 1 556 534 586
1671 2 2 10 1 338 329 339
1672 2 2 10 1 354 351 409
1673 2 2 10 1 332 330 1080
1674 2 2 10 1 736 651 769
1675 2 2 10 1 937 940 1076
1676 2 2 10 1 417 415 1055
1677 2 2 10 1 915 1039 1159
1678 2 2 10 1 646 642 735
1679 2 2 10 1 89 90 1053
1680 2 2 10 1 471 584 1074
1681 2 2 10 1 435 434 461
1682 2 2 10 1 276 262 1056
1683 2 2 10 1 347 346 348
1684 2 2 10 1 349 348 367
1685 2 2 10 1 940 942 1082
1686 2 2 10 1 537 305 684
1687 2 2 10 1 525 532 1057
1688 2 2 10 1 461 434 464
1689 2 2 10 1 302 305 537
1690 2 2 10 1 537 684 709
1691 2 2 10 1 261 254 263
1692 2 2 10 1 216 430 1068
1693 2 2 10 1 437 435 1078
1694 2 2 10 1 366 364 472
1695 2 2 10 1 1012 301 1094
1696 2 2 10 1 212 1068 1103
1697 2 2 10 1 557 558 1073
1698 2 2 10 1 539 464 561
1699 2 2 10 1 423 422 1071
1700 2 2 10 1 760 639 1089
1701 2 2 10 1 558 597 1073
1702 2 2 10 1 1076 940 1082
1703 2 2 10 1 310 359 1094
1704 2 2 10 1 650 498 651
1705 2 2 10 1 247 333 1062
1706 2 2 10 1 535 688 1067
1707 2 2 10 1 40 41 147
1708 2 2 10 1 597 702 707
1709 2 2 10 1 90 91 148
1710 2 2 10 1 912 1054 1096
1711 2 2 10 1 494 475 643
1712 2 2 10 1 194 193 195
1713 2 2 10 1 1032 648 1077
1714 2 2 10 1 713 499 1034
1715 2 2 10 1 1066 925 1112
1716 2 2 10 1 703 775 1030
1717 2 2 10 1 862 634 1091
1718 2 2 10 1 411 410 412
1719 2 2 10 1 302 296 305
1720 2 2 10 1 779 649 781
1721 2 2 10 1 644 643 649
1722 2 2 10 1 306 316 317
1723 2 2 10 1 415 414 425
1724 2 2 10 1 480 450 498
1725 2 2 10 1 706 750 751
1726 2 2 10 1 593 650 783
1727 2 2 10 1 378 466 1088
1728 2 2 10 1 427 481 516
1729 2 2 10 1 698 548 699
1730 2 2 10 1 526 525 1057
1731 2 2 10 1 512 1040 1099
1732 2 2 10 1 495 494 1085
1733 2 2 10 1 665 1172 1180
1734 2 2 10 1 564 487 1077
1735 2 2 10 1 461 464 539
1736 2 2 10 1 616 615 712
1737 2 2 10 1 539 561 697
1738 2 2 10 1 515 288 1064
1739 2 2 10 1 195 193 196
1740 2 2 10 1 1012 1094 1111
1741 2 2 10 1 1017 630 1083
1742 2 2 10 1 627 612 628
1743 2 2 10 1 549 548 698
1744 2 2 10 1 772 699 798
1745 2 2 10 1 261 528 1056
1746 2 2 10 1 640 410 1050
1747 2 2 10 1 494 643 644
1748 2 2 10 1 434 423 1071
1749 2 2 10 1 413 412 414
1750 2 2 10 1 197 196 1092
1751 2 2 10 1 532 635 1057
1752 2 2 10 1 644 649 779
1753 2 2 10 1 315 303 1051
1754 2 2 10 1 602 708 866
1755 2 2 10 1 302 537 1051
1756 2 2 10 1 712 615 794
1757 2 2 10 1 555 554 1086
1758 2 2 10 1 584 731 1074
1759 2 2 10 1 905 663 1132
1760 2 2 10 1 602 586 708
1761 2 2 10 1 1054 514 1096
1762 2 2 10 1 738 642 1074
1763 2 2 10 1 287 294 1064
1764 2 2 10 1 639 637 1089
1765 2 2 10 1 410 204 1050
1766 2 2 10 1 288 287 1064
1767 2 2 10 1 351 349 1065
1768 2 2 10 1 383 371 1124
1769 2 2 10 1 435 461 1078
1770 2 2 10 1 415 425 1055
1771 2 2 10 1 430 641 1068
1772 2 2 10 1 475 437 1078
1773 2 2 10 1 516 481 548
1774 2 2 10 1 698 699 772
1775 2 2 10 1 642 471 1074
1776 2 2 10 1 482 533 662
1777 2 2 10 1 427 428 481
1778 2 2 10 1 420 417 1055
1779 2 2 10 1 206 535 1067
1780 2 2 10 1 1040 927 1099
1781 2 2 10 1 527 460 592
1782 2 2 10 1 650 651 736
1783 2 2 10 1 210 916 1114
1784 2 2 10 1 663 473 1136
1785 2 2 10 1 644 780 1085
1786 2 2 10 1 324 515 1070
1787 2 2 10 1 982 399 1134
1788 2 2 10 1 597 707 1073
1789 2 2 10 1 339 329 340
1790 2 2 10 1 560 627 1088
1791 2 2 10 1 554 495 1085
1792 2 2 10 1 336 324 1070
1793 2 2 10 1 337 368 369
1794 2 2 10 1 751 750 752
1795 2 2 10 1 615 555 1086
1796 2 2 10 1 349 367 1065
1797 2 2 10 1 560 612 627
1798 2 2 10 1 215 214 1117
1799 2 2 10 1 481 482 1090
1800 2 2 10 1 1168 909 1172
1801 2 2 10 1 367 438 1069
1802 2 2 10 1 301 310 1094
1803 2 2 10 1 786 787 788
1804 2 2 10 1 563 562 1112
1805 2 2 10 1 141 87 1052
1806 2 2 10 1 727 420 1055
1807 2 2 10 1 211 210 1114
1808 2 2 10 1 593 498 650
1809 2 2 10 1 464 434 1071
1810 2 2 10 1 409 351 1065
1811 2 2 10 1 346 336 1070
1812 2 2 10 1 629 705 706
1813 2 2 10 1 438 486 1069
1814 2 2 10 1 252 429 1079
1815 2 2 10 1 200 1092 1095
1816 2 2 10 1 662 682 782
1817 2 2 10 1 294 306 1081
1818 2 2 10 1 494 644 1085
1819 2 2 10 1 651 498 1084
1820 2 2 10 1 88 173 1052
1821 2 2 10 1 643 475 1078
1822 2 2 10 1 195 198 1108
1823 2 2 10 1 264 256 1130
1824 2 2 10 1 37 38 156
1825 2 2 10 1 93 94 157
1826 2 2 10 1 254 252 1079
1827 2 2 10 1 1065 367 1069
1828 2 2 10 1 399 988 1131
1829 2 2 10 1 514 1024 1096
1830 2 2 10 1 380 569 645
1831 2 2 10 1 1112 925 1126
1832 2 2 10 1 687 536 1113
1833 2 2 10 1 1078 461 1107
1834 2 2 10 1 450 377 1084
1835 2 2 10 1 689 460 1108
1836 2 2 10 1 565 654 1118
1837 2 2 10 1 263 254 1079
1838 2 2 10 1 1011 1010 1111
1839 2 2 10 1 562 1066 1112
1840 2 2 10 1 1068 641 1103
1841 2 2 10 1 455 370 456
1842 2 2 10 1 236 953 1127
1843 2 2 10 1 1055 425 1104
1844 2 2 10 1 306 317 1081
1845 2 2 10 1 1064 294 1081
1846 2 2 10 1 647 631 1118
1847 2 2 10 1 1050 200 1095
1848 2 2 10 1 193 191 1072
1849 2 2 10 1 825 1130 1151
1850 2 2 10 1 794 615 1086
1851 2 2 10 1 241 236 1127
1852 2 2 10 1 173 89 1053
1853 2 2 10 1 505 506 1135
1854 2 2 10 1 967 982 1100
1855 2 2 10 1 1094 1011 1111
1856 2 2 10 1 770 1084 1109
1857 2 2 10 1 548 481 1090
1858 2 2 10 1 808 613 1186
1859 2 2 10 1 387 218 1117
1860 2 2 10 1 498 450 1084
1861 2 2 10 1 460 194 1108
1862 2 2 10 1 220 387 1119
1863 2 2 10 1 427 516 1104
1864 2 2 10 1 90 148 1053
1865 2 2 10 1 1021 212 1103
1866 2 2 10 1 196 193 1072
1867 2 2 10 1 386 1100 1110
1868 2 2 10 1 239 225 1121
1869 2 2 10 1 660 1146 1155
1870 2 2 10 1 1167 369 1173
1871 2 2 10 1 592 460 689
1872 2 2 10 1 305 296 1093
1873 2 2 10 1 482 662 1090
1874 2 2 10 1 699 548 1090
1875 2 2 10 1 1063 512 1099
1876 2 2 10 1 192 193 194
1877 2 2 10 1 706 705 750
1878 2 2 10 1 727 1055 1104
1879 2 2 10 1 629 628 683
1880 2 2 10 1 296 276 1093
1881 2 2 10 1 366 472 1109
1882 2 2 10 1 816 363 1194
1883 2 2 10 1 276 1056 1093
1884 2 2 10 1 1071 422 1106
1885 2 2 10 1 643 1078 1107
1886 2 2 10 1 422 727 1106
1887 2 2 10 1 586 534 587
1888 2 2 10 1 1111 1010 1116
1889 2 2 10 1 36 37 1087
1890 2 2 10 1 94 95 1101
1891 2 2 10 1 641 646 1103
1892 2 2 10 1 640 1050 1095
1893 2 2 10 1 1118 654 1151
1894 2 2 10 1 627 628 629
1895 2 2 10 1 599 592 741
1896 2 2 10 1 1010 656 1116
1897 2 2 10 1 796 781 1229
1898 2 2 10 1 658 1071 1106
1899 2 2 10 1 377 366 1109
1900 2 2 10 1 528 710 1120
1901 2 2 10 1 516 549 1123
1902 2 2 10 1 915 1159 1167
1903 2 2 10 1 425 427 1104
1904 2 2 10 1 340 329 1097
1905 2 2 10 1 194 195 1108
1906 2 2 10 1 329 315 1097
1907 2 2 10 1 1021 1103 1113
1908 2 2 10 1 569 606 657
1909 2 2 10 1 569 538 606
1910 2 2 10 1 1145 822 1147
1911 2 2 10 1 722 932 1147
1912 2 2 10 1 399 1131 1134
1913 2 2 10 1 511 1012 1111
1914 2 2 10 1 1084 377 1109
1915 2 2 10 1 461 539 1107
1916 2 2 10 1 649 643 1107
1917 2 2 10 1 657 606 714
1918 2 2 10 1 315 1051 1097
1919 2 2 10 1 1051 728 1097
1920 2 2 10 1 1139 1046 1152
1921 2 2 10 1 798 699 1122
1922 2 2 10 1 685 1093 1120
1923 2 2 10 1 629 683 705
1924 2 2 10 1 507 910 1157
1925 2 2 10 1 1153 933 1156
1926 2 2 10 1 339 340 1098
1927 2 2 10 1 496 829 1175
1928 2 2 10 1 636 563 1112
1929 2 2 10 1 35 36 180
1930 2 2 10 1 95 96 181
1931 2 2 10 1 862 1091 1133
1932 2 2 10 1 370 339 1098
1933 2 2 10 1 759 757 1301
1934 2 2 10 1 192 191 193
1935 2 2 10 1 259 972 1142
1936 2 2 10 1 871 760 1124
1937 2 2 10 1 218 215 1117
1938 2 2 10 1 269 259 1142
1939 2 2 10 1 511 1111 1116
1940 2 2 10 1 690 691 1221
1941 2 2 10 1 223 220 1119
1942 2 2 10 1 225 223 1121
1943 2 2 10 1 659 1158 1161
1944 2 2 10 1 341 933 1153
1945 2 2 10 1 380 538 569
1946 2 2 10 1 859 652 1115
1947 2 2 10 1 1103 646 1113
1948 2 2 10 1 660 658 1146
1949 2 2 10 1 456 370 1098
1950 2 2 10 1 380 190 538
1951 2 2 10 1 214 211 1114
1952 2 2 10 1 631 565 1118
1953 2 2 10 1 1009 511 1116
1954 2 2 10 1 380 645 1072
1955 2 2 10 1 536 1021 1113
1956 2 2 10 1 682 533 1137
1957 2 2 10 1 191 380 1072
1958 2 2 10 1 534 455 1105
1959 2 2 10 1 1116 656 1131
1960 2 2 10 1 223 1119 1121
1961 2 2 10 1 333 251 1139
1962 2 2 10 1 1043 333 1139
1963 2 2 10 1 636 1112 1126
1964 2 2 10 1 1183 986 1248
1965 2 2 10 1 189 191 192
1966 2 2 10 1 519 522 1144
1967 2 2 10 1 1107 539 1125
1968 2 2 10 1 455 456 1105
1969 2 2 10 1 1093 1056 1120
1970 2 2 10 1 727 1104 1123
1971 2 2 10 1 1104 516 1123
1972 2 2 10 1 508 876 1162
1973 2 2 10 1 588 954 1206
1974 2 2 10 1 258 976 1151
1975 2 2 10 1 683 773 1102
1976 2 2 10 1 1088 627 1128
1977 2 2 10 1 649 1107 1125
1978 2 2 10 1 257 1046 1139
1979 2 2 10 1 341 318 1145
1980 2 2 10 1 1090 662 1122
1981 2 2 10 1 781 649 1125
1982 2 2 10 1 1204 588 1206
1983 2 2 10 1 515 1064 1133
1984 2 2 10 1 671 1024 1129
1985 2 2 10 1 384 241 1127
1986 2 2 10 1 444 1088 1128
1987 2 2 10 1 1024 1062 1129
1988 2 2 10 1 823 636 1126
1989 2 2 10 1 1056 528 1120
1990 2 2 10 1 959 690 1218
1991 2 2 10 1 587 534 1105
1992 2 2 10 1 572 815 1209
1993 2 2 10 1 930 931 1156
1994 2 2 10 1 738 1190 1198
1995 2 2 10 1 976 1118 1151
1996 2 2 10 1 256 258 1130
1997 2 2 10 1 906 905 1132
1998 2 2 10 1 705 683 1102
1999 2 2 10 1 37 156 1087
2000 2 2 10 1 157 94 1101
2001 2 2 10 1 1091 515 1133
2002 2 2 10 1 539 697 1125
2003 2 2 10 1 1132 663 1191
2004 2 2 10 1 662 782 1122
2005 2 2 10 1 186 854 1201
2006 2 2 10 1 1144 522 1171
2007 2 2 10 1 154 183 184
2008 2 2 10 1 1009 1116 1131
2009 2 2 10 1 699 1090 1122
2010 2 2 10 1 1135 589 1138
2011 2 2 10 1 824 1077 1141
2012 2 2 10 1 568 661 1161
2013 2 2 10 1 444 1128 1149
2014 2 2 10 1 627 629 1128
2015 2 2 10 1 322 307 1166
2016 2 2 10 1 988 1009 1131
2017 2 2 10 1 191 190 380
2018 2 2 10 1 320 341 1153
2019 2 2 10 1 1062 333 1129
2020 2 2 10 1 1092 196 1150
2021 2 2 10 1 408 331 1153
2022 2 2 10 1 954 505 1210
2023 2 2 10 1 298 508 1166
2024 2 2 10 1 1106 727 1123
2025 2 2 10 1 569 657 1140
2026 2 2 10 1 629 706 1128
2027 2 2 10 1 506 589 1135
2028 2 2 10 1 1128 706 1149
2029 2 2 10 1 239 1121 1160
2030 2 2 10 1 473 588 1136
2031 2 2 10 1 656 655 1134
2032 2 2 10 1 997 577 1179
2033 2 2 10 1 1043 1139 1152
2034 2 2 10 1 429 1160 1164
2035 2 2 10 1 676 1162 1193
2036 2 2 10 1 1150 645 1154
2037 2 2 10 1 862 1133 1148
2038 2 2 10 1 1158 931 1161
2039 2 2 10 1 810 809 818
2040 2 2 10 1 733 732 1164
2041 2 2 10 1 1131 656 1134
2042 2 2 10 1 589 959 1138
2043 2 2 10 1 1064 1081 1133
2044 2 2 10 1 1221 691 1223
2045 2 2 10 1 180 36 1087
2046 2 2 10 1 95 181 1101
2047 2 2 10 1 1216 959 1218
2048 2 2 10 1 788 787 789
2049 2 2 10 1 533 725 1137
2050 2 2 10 1 857 1092 1150
2051 2 2 10 1 577 842 1179
2052 2 2 10 1 1140 725 1154
2053 2 2 10 1 794 1086 1288
2054 2 2 10 1 189 190 191
2055 2 2 10 1 1136 588 1204
2056 2 2 10 1 729 914 1173
2057 2 2 10 1 251 257 1139
2058 2 2 10 1 1206 954 1210
2059 2 2 10 1 429 243 1160
2060 2 2 10 1 880 142 1323
2061 2 2 10 1 311 269 1142
2062 2 2 10 1 648 518 1143
2063 2 2 10 1 645 569 1140
2064 2 2 10 1 1146 549 1155
2065 2 2 10 1 1077 648 1141
2066 2 2 10 1 317 316 1159
2067 2 2 10 1 1039 317 1159
2068 2 2 10 1 140 45 1165
2069 2 2 10 1 518 519 1144
2070 2 2 10 1 672 1170 1177
2071 2 2 10 1 1141 648 1143
2072 2 2 10 1 1138 959 1216
2073 2 2 10 1 318 311 1145
2074 2 2 10 1 1143 518 1144
2075 2 2 10 1 665 666 1172
2076 2 2 10 1 829 677 1181
2077 2 2 10 1 311 1142 1145
2078 2 2 10 1 726 857 1154
2079 2 2 10 1 1121 902 1160
2080 2 2 10 1 822 722 1147
2081 2 2 10 1 189 187 190
2082 2 2 10 1 857 1150 1154
2083 2 2 10 1 145 59 1178
2084 2 2 10 1 60 1006 1178
2085 2 2 10 1 524 579 1171
2086 2 2 10 1 1072 645 1150
2087 2 2 10 1 328 338 1192
2088 2 2 10 1 915 1167 1173
2089 2 2 10 1 1133 1081 1148
2090 2 2 10 1 1049 906 1184
2091 2 2 10 1 706 751 1149
2092 2 2 10 1 337 369 1167
2093 2 2 10 1 196 1072 1150
2094 2 2 10 1 344 530 1185
2095 2 2 10 1 72 146 1183
2096 2 2 10 1 613 608 1186
2097 2 2 10 1 448 496 1175
2098 2 2 10 1 1209 815 1213
2099 2 2 10 1 441 491 1195
2100 2 2 10 1 117 1001 1189
2101 2 2 10 1 659 1041 1158
2102 2 2 10 1 1081 317 1148
2103 2 2 10 1 654 825 1151
2104 2 2 10 1 575 458 1175
2105 2 2 10 1 579 1048 1174
2106 2 2 10 1 734 1144 1171
2107 2 2 10 1 1041 408 1158
2108 2 2 10 1 1123 549 1146
2109 2 2 10 1 1171 579 1174
2110 2 2 10 1 676 673 1176
2111 2 2 10 1 18 19 1188
2112 2 2 10 1 363 362 1195
2113 2 2 10 1 688 813 1211
2114 2 2 10 1 164 116 1189
2115 2 2 10 1 331 320 1153
2116 2 2 10 1 1046 1019 1152
2117 2 2 10 1 295 1025 1182
2118 2 2 10 1 958 1043 1152
2119 2 2 10 1 672 1079 1170
2120 2 2 10 1 1172 909 1180
2121 2 2 10 1 865 369 1187
2122 2 2 10 1 1042 295 1193
2123 2 2 10 1 964 1155 1276
2124 2 2 10 1 955 1192 1202
2125 2 2 10 1 496 659 1163
2126 2 2 10 1 1152 1019 1157
2127 2 2 10 1 933 930 1156
2128 2 2 10 1 958 1152 1157
2129 2 2 10 1 1174 1048 1182
2130 2 2 10 1 1164 732 1170
2131 2 2 10 1 658 1106 1146
2132 2 2 10 1 85 799 1263
2133 2 2 10 1 1106 1123 1146
2134 2 2 10 1 700 808 1232
2135 2 2 10 1 549 698 1155
2136 2 2 10 1 782 682 1236
2137 2 2 10 1 1156 931 1158
2138 2 2 10 1 529 678 1191
2139 2 2 10 1 185 187 188
2140 2 2 10 1 1218 690 1221
2141 2 2 10 1 1019 507 1157
2142 2 2 10 1 188 187 189
2143 2 2 10 1 1160 902 1164
2144 2 2 10 1 369 368 1187
2145 2 2 10 1 350 352 1200
2146 2 2 10 1 820 1028 1264
2147 2 2 10 1 679 816 1194
2148 2 2 10 1 508 1162 1176
2149 2 2 10 1 39 40 1197
2150 2 2 10 1 931 568 1161
2151 2 2 10 1 812 681 1194
2152 2 2 10 1 1161 661 1163
2153 2 2 10 1 1052 173 1232
2154 2 2 10 1 316 327 1159
2155 2 2 10 1 44 140 1196
2156 2 2 10 1 295 1182 1193
2157 2 2 10 1 243 239 1160
2158 2 2 10 1 576 575 1199
2159 2 2 10 1 1170 732 1177
2160 2 2 10 1 172 43 1196
2161 2 2 10 1 780 795 1291
2162 2 2 10 1 738 1074 1190
2163 2 2 10 1 645 1140 1154
2164 2 2 10 1 1190 530 1198
2165 2 2 10 1 1157 910 1168
2166 2 2 10 1 884 707 1290
2167 2 2 10 1 876 1042 1162
2168 2 2 10 1 45 46 1165
2169 2 2 10 1 678 1132 1191
2170 2 2 10 1 902 733 1164
2171 2 2 10 1 864 863 1207
2172 2 2 10 1 307 298 1166
2173 2 2 10 1 735 864 1203
2174 2 2 10 1 408 1156 1158
2175 2 2 10 1 1028 133 1264
2176 2 2 10 1 1159 327 1167
2177 2 2 10 1 669 958 1168
2178 2 2 10 1 538 190 1201
2179 2 2 10 1 327 337 1167
2180 2 2 10 1 678 672 1177
2181 2 2 10 1 557 1073 1247
2182 2 2 10 1 440 572 1209
2183 2 2 10 1 477 374 1209
2184 2 2 10 1 1162 676 1176
2185 2 2 10 1 187 186 1201
2186 2 2 10 1 678 1177 1184
2187 2 2 10 1 798 142 1286
2188 2 2 10 1 1079 429 1170
2189 2 2 10 1 669 1168 1172
2190 2 2 10 1 666 669 1172
2191 2 2 10 1 659 1161 1163
2192 2 2 10 1 914 915 1173
2193 2 2 10 1 171 797 1289
2194 2 2 10 1 522 524 1171
2195 2 2 10 1 842 827 1179
2196 2 2 10 1 646 735 1203
2197 2 2 10 1 1192 816 1202
2198 2 2 10 1 731 1180 1185
2199 2 2 10 1 734 1171 1174
2200 2 2 10 1 762 997 1179
2201 2 2 10 1 675 734 1174
2202 2 2 10 1 458 448 1175
2203 2 2 10 1 429 1164 1170
2204 2 2 10 1 732 583 1177
2205 2 2 10 1 731 665 1180
2206 2 2 10 1 59 60 1178
2207 2 2 10 1 687 1113 1203
2208 2 2 10 1 909 353 1180
2209 2 2 10 1 444 1149 1187
2210 2 2 10 1 1180 353 1185
2211 2 2 10 1 673 811 1176
2212 2 2 10 1 677 737 1181
2213 2 2 10 1 198 199 1212
2214 2 2 10 1 675 1174 1182
2215 2 2 10 1 958 1157 1168
2216 2 2 10 1 71 72 1183
2217 2 2 10 1 1025 675 1182
2218 2 2 10 1 1177 583 1184
2219 2 2 10 1 608 749 1186
2220 2 2 10 1 353 344 1185
2221 2 2 10 1 79 80 1214
2222 2 2 10 1 686 687 1213
2223 2 2 10 1 583 1049 1184
2224 2 2 10 1 132 18 1188
2225 2 2 10 1 1052 1232 1265
2226 2 2 10 1 806 149 1311
2227 2 2 10 1 737 955 1202
2228 2 2 10 1 1187 1149 1205
2229 2 2 10 1 368 444 1187
2230 2 2 10 1 1067 688 1211
2231 2 2 10 1 890 891 1217
2232 2 2 10 1 1185 530 1190
2233 2 2 10 1 63 179 1215
2234 2 2 10 1 155 62 1215
2235 2 2 10 1 116 117 1189
2236 2 2 10 1 1199 737 1202
2237 2 2 10 1 955 328 1192
2238 2 2 10 1 730 865 1205
2239 2 2 10 1 1182 1048 1193
2240 2 2 10 1 710 529 1191
2241 2 2 10 1 1074 731 1190
2242 2 2 10 1 575 1181 1199
2243 2 2 10 1 1120 710 1204
2244 2 2 10 1 1048 676 1193
2245 2 2 10 1 1198 1047 1200
2246 2 2 10 1 681 679 1194
2247 2 2 10 1 129 130 177
2248 2 2 10 1 730 1205 1208
2249 2 2 10 1 185 186 187
2250 2 2 10 1 362 441 1195
2251 2 2 10 1 530 1047 1198
2252 2 2 10 1 841 1198 1200
2253 2 2 10 1 43 44 1196
2254 2 2 10 1 775 730 1208
2255 2 2 10 1 480 593 1225
2256 2 2 10 1 710 1136 1204
2257 2 2 10 1 158 805 1239
2258 2 2 10 1 40 147 1197
2259 2 2 10 1 64 65 1224
2260 2 2 10 1 185 183 186
2261 2 2 10 1 1225 593 1227
2262 2 2 10 1 841 738 1198
2263 2 2 10 1 1169 711 1214
2264 2 2 10 1 127 128 154
2265 2 2 10 1 1108 198 1219
2266 2 2 10 1 614 576 1199
2267 2 2 10 1 1047 350 1200
2268 2 2 10 1 177 1249 1256
2269 2 2 10 1 865 1187 1205
2270 2 2 10 1 614 1199 1202
2271 2 2 10 1 80 1169 1214
2272 2 2 10 1 593 783 1227
2273 2 2 10 1 147 826 1234
2274 2 2 10 1 816 614 1202
2275 2 2 10 1 34 35 1226
2276 2 2 10 1 96 97 1228
2277 2 2 10 1 946 759 1230
2278 2 2 10 1 1097 728 1216
2279 2 2 10 1 527 601 1235
2280 2 2 10 1 1038 459 1235
2281 2 2 10 1 741 592 1222
2282 2 2 10 1 1181 737 1199
2283 2 2 10 1 802 166 1259
2284 2 2 10 1 128 129 182
2285 2 2 10 1 142 798 1323
2286 2 2 10 1 728 1138 1216
2287 2 2 10 1 731 1185 1190
2288 2 2 10 1 616 712 1231
2289 2 2 10 1 170 917 1271
2290 2 2 10 1 190 187 1201
2291 2 2 10 1 165 880 1236
2292 2 2 10 1 1113 646 1203
2293 2 2 10 1 685 1204 1206
2294 2 2 10 1 126 127 755
2295 2 2 10 1 826 739 1234
2296 2 2 10 1 799 85 1318
2297 2 2 10 1 684 685 1206
2298 2 2 10 1 863 477 1207
2299 2 2 10 1 1205 751 1208
2300 2 2 10 1 685 1120 1204
2301 2 2 10 1 1188 796 1229
2302 2 2 10 1 374 440 1209
2303 2 2 10 1 848 846 1237
2304 2 2 10 1 163 964 1276
2305 2 2 10 1 591 853 1220
2306 2 2 10 1 684 1206 1210
2307 2 2 10 1 184 183 185
2308 2 2 10 1 766 1006 1268
2309 2 2 10 1 751 752 1208
2310 2 2 10 1 781 1125 1229
2311 2 2 10 1 741 1222 1225
2312 2 2 10 1 709 684 1210
2313 2 2 10 1 93 157 1233
2314 2 2 10 1 687 1207 1213
2315 2 2 10 1 202 1067 1211
2316 2 2 10 1 199 202 1212
2317 2 2 10 1 135 795 1320
2318 2 2 10 1 202 1211 1212
2319 2 2 10 1 795 161 1320
2320 2 2 10 1 1149 751 1205
2321 2 2 10 1 1102 852 1244
2322 2 2 10 1 814 591 1220
2323 2 2 10 1 1220 853 1222
2324 2 2 10 1 1228 868 1284
2325 2 2 10 1 815 686 1213
2326 2 2 10 1 167 75 1240
2327 2 2 10 1 76 139 1240
2328 2 2 10 1 169 79 1214
2329 2 2 10 1 818 150 1274
2330 2 2 10 1 1065 1069 1238
2331 2 2 10 1 682 1137 1241
2332 2 2 10 1 845 844 1246
2333 2 2 10 1 175 873 1246
2334 2 2 10 1 472 897 1254
2335 2 2 10 1 891 894 1217
2336 2 2 10 1 950 949 1243
2337 2 2 10 1 62 63 1215
2338 2 2 10 1 884 885 1247
2339 2 2 10 1 340 1097 1216
2340 2 2 10 1 917 170 1324
2341 2 2 10 1 340 1216 1218
2342 2 2 10 1 801 793 1243
2343 2 2 10 1 839 836 1250
2344 2 2 10 1 1086 554 1242
2345 2 2 10 1 701 768 1250
2346 2 2 10 1 1085 780 1242
2347 2 2 10 1 799 774 1263
2348 2 2 10 1 1098 340 1218
2349 2 2 10 1 750 705 1244
2350 2 2 10 1 757 758 1264
2351 2 2 10 1 153 70 1248
2352 2 2 10 1 4 98 1295
2353 2 2 10 1 15 163 1251
2354 2 2 10 1 965 132 1253
2355 2 2 10 1 689 1108 1219
2356 2 2 10 1 123 124 1261
2357 2 2 10 1 771 770 1254
2358 2 2 10 1 33 2 1292
2359 2 2 10 1 592 689 1222
2360 2 2 10 1 1098 1218 1221
2361 2 2 10 1 456 1098 1221
2362 2 2 10 1 774 907 1257
2363 2 2 10 1 689 1220 1222
2364 2 2 10 1 741 1225 1227
2365 2 2 10 1 714 843 1241
2366 2 2 10 1 456 1221 1223
2367 2 2 10 1 853 480 1225
2368 2 2 10 1 179 64 1224
2369 2 2 10 1 875 1030 1313
2370 2 2 10 1 1207 477 1213
2371 2 2 10 1 97 4 1295
2372 2 2 10 1 941 1005 1321
2373 2 2 10 1 2 34 1292
2374 2 2 10 1 794 159 1304
2375 2 2 10 1 58 145 1259
2376 2 2 10 1 166 57 1259
2377 2 2 10 1 707 702 1255
2378 2 2 10 1 743 797 1257
2379 2 2 10 1 1105 456 1223
2380 2 2 10 1 657 714 1241
2381 2 2 10 1 35 180 1226
2382 2 2 10 1 742 741 1227
2383 2 2 10 1 181 96 1228
2384 2 2 10 1 860 761 1233
2385 2 2 10 1 166 801 1305
2386 2 2 10 1 704 869 1245
2387 2 2 10 1 1001 138 1273
2388 2 2 10 1 769 771 1269
2389 2 2 10 1 138 817 1272
2390 2 2 10 1 974 834 1275
2391 2 2 10 1 942 941 1321
2392 2 2 10 1 84 85 1263
2393 2 2 10 1 1109 472 1254
2394 2 2 10 1 843 714 1274
2395 2 2 10 1 71 1183 1248
2396 2 2 10 1 947 946 1230
2397 2 2 10 1 1013 168 1230
2398 2 2 10 1 1125 697 1229
2399 2 2 10 1 146 1007 1309
2400 2 2 10 1 896 994 1303
2401 2 2 10 1 1222 853 1225
2402 2 2 10 1 994 993 1269
2403 2 2 10 1 840 843 1274
2404 2 2 10 1 767 766 1268
2405 2 2 10 1 484 557 1267
2406 2 2 10 1 691 616 1231
2407 2 2 10 1 1008 949 1278
2408 2 2 10 1 606 617 1293
2409 2 2 10 1 818 1274 1293
2410 2 2 10 1 1219 814 1220
2411 2 2 10 1 1249 756 1256
2412 2 2 10 1 47 170 1271
2413 2 2 10 1 1155 964 1314
2414 2 2 10 1 148 91 1270
2415 2 2 10 1 754 833 1297
2416 2 2 10 1 987 942 1280
2417 2 2 10 1 650 736 1273
2418 2 2 10 1 39 1197 1307
2419 2 2 10 1 874 143 1262
2420 2 2 10 1 826 147 1285
2421 2 2 10 1 92 93 1233
2422 2 2 10 1 599 742 1296
2423 2 2 10 1 874 1262 1304
2424 2 2 10 1 739 740 1234
2425 2 2 10 1 881 159 1288
2426 2 2 10 1 561 660 1279
2427 2 2 10 1 883 884 1290
2428 2 2 10 1 142 13 1286
2429 2 2 10 1 1165 46 1271
2430 2 2 10 1 1259 145 1281
2431 2 2 10 1 764 744 1281
2432 2 2 10 1 459 527 1235
2433 2 2 10 1 42 172 1285
2434 2 2 10 1 689 1219 1220
2435 2 2 10 1 1232 808 1265
2436 2 2 10 1 147 41 1285
2437 2 2 10 1 777 917 1324
2438 2 2 10 1 1188 1229 1253
2439 2 2 10 1 131 82 1289
2440 2 2 10 1 185 188 1266
2441 2 2 10 1 83 171 1289
2442 2 2 10 1 22 135 1320
2443 2 2 10 1 161 21 1320
2444 2 2 10 1 3 66 1299
2445 2 2 10 1 65 3 1299
2446 2 2 10 1 708 586 1282
2447 2 2 10 1 843 165 1236
2448 2 2 10 1 1155 698 1276
2449 2 2 10 1 1284 868 1306
2450 2 2 10 1 56 166 1305
2451 2 2 10 1 137 55 1305
2452 2 2 10 1 617 854 1317
2453 2 2 10 1 85 86 1318
2454 2 2 10 1 749 799 1302
2455 2 2 10 1 851 848 1237
2456 2 2 10 1 852 152 1244
2457 2 2 10 1 817 158 1239
2458 2 2 10 1 1197 839 1307
2459 2 2 10 1 903 752 1300
2460 2 2 10 1 156 38 1307
2461 2 2 10 1 744 802 1281
2462 2 2 10 1 798 1122 1323
2463 2 2 10 1 769 1269 1315
2464 2 2 10 1 409 1065 1238
2465 2 2 10 1 144 875 1313
2466 2 2 10 1 1214 711 1245
2467 2 2 10 1 75 76 1240
2468 2 2 10 1 711 704 1245
2469 2 2 10 1 153 1248 1280
2470 2 2 10 1 1245 869 1277
2471 2 2 10 1 1233 761 1270
2472 2 2 10 1 1293 617 1317
2473 2 2 10 1 554 1085 1242
2474 2 2 10 1 793 950 1243
2475 2 2 10 1 1137 657 1241
2476 2 2 10 1 778 177 1256
2477 2 2 10 1 894 895 1298
2478 2 2 10 1 844 175 1246
2479 2 2 10 1 1087 768 1294
2480 2 2 10 1 705 1102 1244
2481 2 2 10 1 885 889 1247
2482 2 2 10 1 1279 660 1314
2483 2 2 10 1 762 1179 1258
2484 2 2 10 1 1028 820 1324
2485 2 2 10 1 1235 601 1287
2486 2 2 10 1 170 1028 1324
2487 2 2 10 1 750 1244 1300
2488 2 2 10 1 939 938 1283
2489 2 2 10 1 92 1233 1270
2490 2 2 10 1 1230 168 1278
2491 2 2 10 1 70 71 1248
2492 2 2 10 1 836 701 1250
2493 2 2 10 1 947 1230 1278
2494 2 2 10 1 143 850 1262
2495 2 2 10 1 1229 697 1253
2496 2 2 10 1 1208 752 1260
2497 2 2 10 1 141 1052 1265
2498 2 2 10 1 14 15 1251
2499 2 2 10 1 1006 155 1268
2500 2 2 10 1 965 1253 1279
2501 2 2 10 1 149 123 1261
2502 2 2 10 1 762 1258 1308
2503 2 2 10 1 795 135 1291
2504 2 2 10 1 756 810 1256
2505 2 2 10 1 758 820 1264
2506 2 2 10 1 702 1030 1255
2507 2 2 10 1 6 756 1249
2508 2 2 10 1 177 130 1249
2509 2 2 10 1 770 1109 1254
2510 2 2 10 1 1196 140 1258
2511 2 2 10 1 907 743 1257
2512 2 2 10 1 57 58 1259
2513 2 2 10 1 169 1214 1245
2514 2 2 10 1 1262 712 1304
2515 2 2 10 1 178 125 1252
2516 2 2 10 1 132 1188 1253
2517 2 2 10 1 1004 939 1283
2518 2 2 10 1 898 409 1298
2519 2 2 10 1 126 755 1252
2520 2 2 10 1 1231 712 1262
2521 2 2 10 1 775 1208 1260
2522 2 2 10 1 169 1245 1277
2523 2 2 10 1 869 753 1277
2524 2 2 10 1 171 84 1263
2525 2 2 10 1 1179 827 1258
2526 2 2 10 1 1226 180 1322
2527 2 2 10 1 827 1196 1258
2528 2 2 10 1 802 1259 1281
2529 2 2 10 1 1302 799 1318
2530 2 2 10 1 1238 894 1298
2531 2 2 10 1 1258 140 1308
2532 2 2 10 1 660 1155 1314
2533 2 2 10 1 148 1270 1297
2534 2 2 10 1 14 1251 1286
2535 2 2 10 1 771 1254 1303
2536 2 2 10 1 486 484 1267
2537 2 2 10 1 1268 155 1316
2538 2 2 10 1 936 767 1268
2539 2 2 10 1 993 164 1269
2540 2 2 10 1 752 750 1300
2541 2 2 10 1 91 92 1270
2542 2 2 10 1 775 1260 1313
2543 2 2 10 1 789 1235 1287
2544 2 2 10 1 46 47 1271
2545 2 2 10 1 1248 986 1280
2546 2 2 10 1 808 1186 1265
2547 2 2 10 1 783 650 1273
2548 2 2 10 1 1280 942 1321
2549 2 2 10 1 150 840 1274
2550 2 2 10 1 757 1264 1301
2551 2 2 10 1 850 1231 1262
2552 2 2 10 1 1277 753 1312
2553 2 2 10 1 184 185 1266
2554 2 2 10 1 1244 152 1300
2555 2 2 10 1 1269 164 1315
2556 2 2 10 1 834 748 1275
2557 2 2 10 1 698 772 1276
2558 2 2 10 1 159 874 1304
2559 2 2 10 1 973 139 1312
2560 2 2 10 1 736 769 1315
2561 2 2 10 1 1020 169 1277
2562 2 2 10 1 768 866 1294
2563 2 2 10 1 949 947 1278
2564 2 2 10 1 168 1008 1278
2565 2 2 10 1 707 1255 1290
2566 2 2 10 1 141 1265 1302
2567 2 2 10 1 697 561 1279
2568 2 2 10 1 936 1268 1316
2569 2 2 10 1 986 987 1280
2570 2 2 10 1 586 587 1282
2571 2 2 10 1 1224 65 1299
2572 2 2 10 1 895 898 1298
2573 2 2 10 1 1189 736 1315
2574 2 2 10 1 41 42 1285
2575 2 2 10 1 13 14 1286
2576 2 2 10 1 1275 748 1309
2577 2 2 10 1 882 881 1288
2578 2 2 10 1 98 868 1295
2579 2 2 10 1 867 33 1292
2580 2 2 10 1 160 883 1290
2581 2 2 10 1 601 599 1296
2582 2 2 10 1 135 882 1291
2583 2 2 10 1 82 83 1289
2584 2 2 10 1 1253 697 1279
2585 2 2 10 1 788 789 1287
2586 2 2 10 1 753 973 1312
2587 2 2 10 1 1020 1277 1312
2588 2 2 10 1 868 176 1306
2589 2 2 10 1 155 1215 1316
2590 2 2 10 1 761 754 1297
2591 2 2 10 1 714 606 1293
2592 2 2 10 1 866 873 1322
2593 2 2 10 1 1274 714 1293
2594 2 2 10 1 786 788 1311
2595 2 2 10 1 66 1003 1299
2596 2 2 10 1 747 762 1308
2597 2 2 10 1 34 1226 1292
2598 2 2 10 1 152 903 1300
2599 2 2 10 1 789 787 1310
2600 2 2 10 1 1228 97 1295
2601 2 2 10 1 180 1087 1294
2602 2 2 10 1 133 1016 1301
2603 2 2 10 1 897 896 1303
2604 2 2 10 1 712 794 1304
2605 2 2 10 1 55 56 1305
2606 2 2 10 1 1005 153 1321
2607 2 2 10 1 965 1279 1314
2608 2 2 10 1 1165 747 1308
2609 2 2 10 1 38 39 1307
2610 2 2 10 1 140 1165 1308
2611 2 2 10 1 1265 1186 1302
2612 2 2 10 1 181 1284 1319
2613 2 2 10 1 748 791 1309
2614 2 2 10 1 817 1239 1272
2615 2 2 10 1 964 965 1314
2616 2 2 10 1 139 1020 1312
2617 2 2 10 1 164 1189 1315
2618 2 2 10 1 1186 749 1302
2619 2 2 10 1 1030 775 1313
2620 2 2 10 1 938 936 1316
2621 2 2 10 1 1266 188 1310
2622 2 2 10 1 820 777 1324
2623 2 2 10 1 21 22 1320
2624 2 2 10 1 86 141 1318
2625 2 2 10 1 810 818 1317
2626 2 2 10 1 1003 1224 1299
2627 2 2 10 1 1122 782 1323
2628 2 2 10 1 1101 181 1319
2629 2 2 10 1 181 1228 1284
2630 2 2 10 1 1215 938 1316
2631 2 2 10 1 818 1293 1317
2632 2 2 10 1 1254 897 1303
2633 2 2 10 1 1226 867 1292
2634 2 2 10 1 868 1228 1295
2635 2 2 10 1 1270 761 1297
2636 2 2 10 1 409 1238 1298
2637 2 2 10 1 1255 160 1290
2638 2 2 10 1 1264 133 1301
2639 2 2 10 1 1261 786 1311
2640 2 2 10 1 787 1266 1310
2641 2 2 10 1 141 1302 1318
2642 2 2 10 1 153 1280 1321
2643 2 2 10 1 149 1261 1311
2644 2 2 10 1 1294 866 1322
2645 2 2 10 1 773 1284 1306
2646 2 2 10 1 180 1294 1322
$EndElements
