$MeshFormat
2.2 0 8
$EndMeshFormat
$Nodes
5757
1 -1 -1 0
2 1 -1 0
3 1 1 0
4 -1 1 0
5 -0.8345392922207507 -0.2363013420791472 0
6 -0.4468396226246539 -0.2363013420791472 0
7 0.4383123308913312 0.6474363907352216 0
8 0.6533360844225873 0.6474363907352216 0
9 -0.2425054861955817 -0.5330439791224006 0
10 0.2691149216480325 -0.5330439791224006 0
11 -0.9701492537314261 -1 0
12 -0.9402985074628523 -1 0
13 -0.9104477611942784 -1 0
14 -0.8805970149257045 -1 0
15 -0.8507462686571307 -1 0
16 -0.8208955223885568 -1 0
17 -0.791044776119983 -1 0
18 -0.7611940298514092 -1 0
19 -0.7313432835828353 -1 0
20 -0.7014925373142613 -1 0
21 -0.6716417910456876 -1 0
22 -0.6417910447771137 -1 0
23 -0.6119402985085398 -1 0
24 -0.5820895522399659 -1 0
25 -0.5522388059713921 -1 0
26 -0.5223880597028182 -1 0
27 -0.4925373134342443 -1 0
28 -0.4626865671656705 -1 0
29 -0.4328358208970966 -1 0
30 -0.4029850746285227 -1 0
31 -0.373134328359949 -1 0
32 -0.3432835820913751 -1 0
33 -0.3134328358228012 -1 0
34 -0.2835820895542274 -1 0
35 -0.2537313432856535 -1 0
36 -0.2238805970170796 -1 0
37 -0.1940298507485058 -1 0
38 -0.1641791044799319 -1 0
39 -0.134328358211358 -1 0
40 -0.1044776119427843 -1 0
41 -0.0746268656742104 -1 0
42 -0.04477611940563653 -1 0
43 -0.01492537313706166 -1 0
44 0.01492537313159503 -1 0
45 0.04477611940033377 -1 0
46 0.07462686566907339 -1 0
47 0.104477611937813 -1 0
48 0.1343283582065526 -1 0
49 0.1641791044752923 -1 0
50 0.1940298507440319 -1 0
51 0.2238805970127715 -1 0
52 0.2537313432815109 -1 0
53 0.2835820895502505 -1 0
54 0.3134328358189902 -1 0
55 0.3432835820877298 -1 0
56 0.3731343283564694 -1 0
57 0.402985074625209 -1 0
58 0.4328358208939487 -1 0
59 0.4626865671626883 -1 0
60 0.4925373134314279 -1 0
61 0.5223880597001673 -1 0
62 0.552238805968907 -1 0
63 0.5820895522376466 -1 0
64 0.6119402985063862 -1 0
65 0.6417910447751258 -1 0
66 0.6716417910438655 -1 0
67 0.7014925373126051 -1 0
68 0.7313432835813447 -1 0
69 0.7611940298500843 -1 0
70 0.7910447761188237 -1 0
71 0.8208955223875634 -1 0
72 0.850746268656303 -1 0
73 0.8805970149250426 -1 0
74 0.9104477611937822 -1 0
75 0.9402985074625216 -1 0
76 0.9701492537312606 -1 0
77 1 -0.9701492537314261 0
78 1 -0.9402985074628523 0
79 1 -0.9104477611942784 0
80 1 -0.8805970149257045 0
81 1 -0.8507462686571307 0
82 1 -0.8208955223885568 0
83 1 -0.791044776119983 0
84 1 -0.7611940298514092 0
85 1 -0.7313432835828353 0
86 1 -0.7014925373142613 0
87 1 -0.6716417910456876 0
88 1 -0.6417910447771137 0
89 1 -0.6119402985085398 0
90 1 -0.5820895522399659 0
91 1 -0.5522388059713921 0
92 1 -0.5223880597028182 0
93 1 -0.4925373134342443 0
94 1 -0.4626865671656705 0
95 1 -0.4328358208970966 0
96 1 -0.4029850746285227 0
97 1 -0.373134328359949 0
98 1 -0.3432835820913751 0
99 1 -0.3134328358228012 0
100 1 -0.2835820895542274 0
101 1 -0.2537313432856535 0
102 1 -0.2238805970170796 0
103 1 -0.1940298507485058 0
104 1 -0.1641791044799319 0
105 1 -0.134328358211358 0
106 1 -0.1044776119427843 0
107 1 -0.0746268656742104 0
108 1 -0.04477611940563653 0
109 1 -0.01492537313706166 0
110 1 0.01492537313159503 0
111 1 0.04477611940033377 0
112 1 0.07462686566907339 0
113 1 0.104477611937813 0
114 1 0.1343283582065526 0
115 1 0.1641791044752923 0
116 1 0.1940298507440319 0
117 1 0.2238805970127715 0
118 1 0.2537313432815109 0
119 1 0.2835820895502505 0
120 1 0.3134328358189902 0
121 1 0.3432835820877298 0
122 1 0.3731343283564694 0
123 1 0.402985074625209 0
124 1 0.4328358208939487 0
125 1 0.4626865671626883 0
126 1 0.4925373134314279 0
127 1 0.5223880597001673 0
128 1 0.552238805968907 0
129 1 0.5820895522376466 0
130 1 0.6119402985063862 0
131 1 0.6417910447751258 0
132 1 0.6716417910438655 0
133 1 0.7014925373126051 0
134 1 0.7313432835813447 0
135 1 0.7611940298500843 0
136 1 0.7910447761188237 0
137 1 0.8208955223875634 0
138 1 0.850746268656303 0
139 1 0.8805970149250426 0
140 1 0.9104477611937822 0
141 1 0.9402985074625216 0
142 1 0.9701492537312606 0
143 0.9701492537314261 1 0
144 0.9402985074628523 1 0
145 0.9104477611942784 1 0
146 0.8805970149257045 1 0
147 0.8507462686571307 1 0
148 0.8208955223885568 1 0
149 0.791044776119983 1 0
150 0.7611940298514092 1 0
151 0.7313432835828353 1 0
152 0.7014925373142613 1 0
153 0.6716417910456876 1 0
154 0.6417910447771137 1 0
155 0.6119402985085398 1 0
156 0.5820895522399659 1 0
157 0.5522388059713921 1 0
158 0.5223880597028182 1 0
159 0.4925373134342443 1 0
160 0.4626865671656705 1 0
161 0.4328358208970966 1 0
162 0.4029850746285227 1 0
163 0.373134328359949 1 0
164 0.3432835820913751 1 0
165 0.3134328358228012 1 0
166 0.2835820895542274 1 0
167 0.2537313432856535 1 0
168 0.2238805970170796 1 0
169 0.1940298507485058 1 0
170 0.1641791044799319 1 0
171 0.134328358211358 1 0
172 0.1044776119427843 1 0
173 0.0746268656742104 1 0
174 0.04477611940563653 1 0
175 0.01492537313706166 1 0
176 -0.01492537313159503 1 0
177 -0.04477611940033377 1 0
178 -0.07462686566907339 1 0
179 -0.104477611937813 1 0
180 -0.1343283582065526 1 0
181 -0.1641791044752923 1 0
182 -0.1940298507440319 1 0
183 -0.2238805970127715 1 0
184 -0.2537313432815109 1 0
185 -0.2835820895502505 1 0
186 -0.3134328358189902 1 0
187 -0.3432835820877298 1 0
188 -0.3731343283564694 1 0
189 -0.402985074625209 1 0
190 -0.4328358208939487 1 0
191 -0.4626865671626883 1 0
192 -0.4925373134314279 1 0
193 -0.5223880597001673 1 0
194 -0.552238805968907 1 0
195 -0.5820895522376466 1 0
196 -0.6119402985063862 1 0
197 -0.6417910447751258 1 0
198 -0.6716417910438655 1 0
199 -0.7014925373126051 1 0
200 -0.7313432835813447 1 0
201 -0.7611940298500843 1 0
202 -0.7910447761188237 1 0
203 -0.8208955223875634 1 0
204 -0.850746268656303 1 0
205 -0.8805970149250426 1 0
206 -0.9104477611937822 1 0
207 -0.9402985074625216 1 0
208 -0.9701492537312606 1 0
209 -1 0.9701492537314261 0
210 -1 0.9402985074628523 0
211 -1 0.9104477611942784 0
212 -1 0.8805970149257045 0
213 -1 0.8507462686571307 0
214 -1 0.8208955223885568 0
215 -1 0.791044776119983 0
216 -1 0.7611940298514092 0
217 -1 0.7313432835828353 0
218 -1 0.7014925373142613 0
219 -1 0.6716417910456876 0
220 -1 0.6417910447771137 0
221 -1 0.6119402985085398 0
222 -1 0.5820895522399659 0
223 -1 0.5522388059713921 0
224 -1 0.5223880597028182 0
225 -1 0.4925373134342443 0
226 -1 0.4626865671656705 0
227 -1 0.4328358208970966 0
228 -1 0.4029850746285227 0
229 -1 0.373134328359949 0
230 -1 0.3432835820913751 0
231 -1 0.3134328358228012 0
232 -1 0.2835820895542274 0
233 -1 0.2537313432856535 0
234 -1 0.2238805970170796 0
235 -1 0.1940298507485058 0
236 -1 0.1641791044799319 0
237 -1 0.134328358211358 0
238 -1 0.1044776119427843 0
239 -1 0.0746268656742104 0
240 -1 0.04477611940563653 0
241 -1 0.01492537313706166 0
242 -1 -0.01492537313159503 0
243 -1 -0.04477611940033377 0
244 -1 -0.07462686566907339 0
245 -1 -0.104477611937813 0
246 -1 -0.1343283582065526 0
247 -1 -0.1641791044752923 0
248 -1 -0.1940298507440319 0
249 -1 -0.2238805970127715 0
250 -1 -0.2537313432815109 0
251 -1 -0.2835820895502505 0
252 -1 -0.3134328358189902 0
253 -1 -0.3432835820877298 0
254 -1 -0.3731343283564694 0
255 -1 -0.402985074625209 0
256 -1 -0.4328358208939487 0
257 -1 -0.4626865671626883 0
258 -1 -0.4925373134314279 0
259 -1 -0.5223880597001673 0
260 -1 -0.552238805968907 0
261 -1 -0.5820895522376466 0
262 -1 -0.6119402985063862 0
263 -1 -0.6417910447751258 0
264 -1 -0.6716417910438655 0
265 -1 -0.7014925373126051 0
266 -1 -0.7313432835813447 0
267 -1 -0.7611940298500843 0
268 -1 -0.7910447761188237 0
269 -1 -0.8208955223875634 0
270 -1 -0.850746268656303 0
271 -1 -0.8805970149250426 0
272 -1 -0.9104477611937822 0
273 -1 -0.9402985074625216 0
274 -1 -0.9701492537312606 0
275 -0.8323741497183493 -0.2651931608303741 0
276 -0.825927087913336 -0.2934395841018601 0
277 -0.8153421235216939 -0.3204096334406105 0
278 -0.8008557071399572 -0.3455008425484286 0
279 -0.7827914413751886 -0.3681527152536348 0
280 -0.7615528521137065 -0.3878592461125469 0
281 -0.7376143742862629 -0.4041802238428239 0
282 -0.711510753968579 -0.4167510647356025 0
283 -0.6838251029219683 -0.4252909569752898 0
284 -0.6551758728401538 -0.4296091334885564 0
285 -0.626203040266316 -0.4296091333582413 0
286 -0.5975538103583465 -0.4252909566180683 0
287 -0.5698681594855327 -0.4167510641895603 0
288 -0.5437645394437296 -0.4041802231988403 0
289 -0.5198260618697673 -0.38785924542518 0
290 -0.4985874728488952 -0.3681527145840101 0
291 -0.4805232073087239 -0.3455008419665421 0
292 -0.4660367910790758 -0.3204096329326207 0
293 -0.4554518268229235 -0.2934395837480202 0
294 -0.4490047651019827 -0.2651931606640288 0
295 -0.4490047651288978 -0.2074095233156961 0
296 -0.4554518269318389 -0.1791631000571792 0
297 -0.4660367913234233 -0.1521930507182808 0
298 -0.4805232077151627 -0.1271018415956162 0
299 -0.4985874734713661 -0.1044499689034202 0
300 -0.5198260627365999 -0.08474343804183848 0
301 -0.5437645405519378 -0.06842246031962979 0
302 -0.5698681608770043 -0.05585161942262179 0
303 -0.5975538119242951 -0.04731172718280857 0
304 -0.6262030420071373 -0.04299355066959659 0
305 -0.6551758745852135 -0.04299355080051212 0
306 -0.6838251044948225 -0.04731172754199828 0
307 -0.7115107553575646 -0.05585161996782859 0
308 -0.7376143754133688 -0.0684224609662055 0
309 -0.7615528529884477 -0.08474343874333035 0
310 -0.7827914420113153 -0.1044499695902413 0
311 -0.8008557075322897 -0.1271018421853119 0
312 -0.8153421237650752 -0.1521930512230704 0
313 -0.825927088028241 -0.1791631004289472 0
314 -0.8323741497432744 -0.2074095234932868 0
315 0.4419757092636582 0.6196102694258452 0
316 0.4527161912281508 0.5936804522506196 0
317 0.469801830676899 0.5714140134771459 0
318 0.4920682695015853 0.5543283741163332 0
319 0.5179980867471257 0.5435878922348634 0
320 0.5458242080224333 0.5399245139695936 0
321 0.573650329246264 0.5435878924169271 0
322 0.5995801462747592 0.5543283743833149 0
323 0.6218465849144031 0.5714140137545295 0
324 0.6389322241902806 0.5936804524316411 0
325 0.6496727060803208 0.6196102695380322 0
326 0.6496727060512708 0.6752625120408267 0
327 0.6389322240725432 0.7011923292427292 0
328 0.6218465846075136 0.7234587680228032 0
329 0.5995801457618377 0.7405444073832637 0
330 0.5736503284959672 0.7512848892545576 0
331 0.5458242071739023 0.7549482675008496 0
332 0.5179980859474199 0.7512848890212993 0
333 0.4920682689521517 0.7405444070368943 0
334 0.4698018303445692 0.7234587676609675 0
335 0.4527161910662026 0.7011923289393212 0
336 0.441975709220166 0.6752625118822829 0
337 -0.2407757891061144 -0.5627417311979001 0
338 -0.2356100890228668 -0.5920378721248003 0
339 -0.227078243139064 -0.62053622195657 0
340 -0.2152956300731182 -0.6478513892340116 0
341 -0.2004215894579707 -0.673613983205502 0
342 -0.182657267201725 -0.6974756089677995 0
343 -0.162242895216345 -0.7191135790593114 0
344 -0.1394545429131659 -0.7382352769871567 0
345 -0.1146003836346121 -0.7545821146124115 0
346 -0.08801652728286606 -0.7679330289742917 0
347 -0.06006247489211211 -0.7781074718703419 0
348 -0.0311162570660686 -0.7849678514112707 0
349 -0.001569321769291872 -0.7884213927274458 0
350 0.02817875930795429 -0.7884213926059378 0
351 0.05772569438706349 -0.7849678510817959 0
352 0.08667191198729368 -0.7781074713785407 0
353 0.1146259641462232 -0.7679330283656862 0
354 0.1412098203014314 -0.7545821139112955 0
355 0.1660639793643358 -0.7382352762436378 0
356 0.1888523314863756 -0.7191135782879646 0
357 0.2092667032469829 -0.6974756082613196 0
358 0.2270310253357565 -0.6736139825588118 0
359 0.2419050657966037 -0.6478513886943373 0
360 0.2536876787355189 -0.620536221560922 0
361 0.2622195245238688 -0.5920378719199474 0
362 0.2673852245687687 -0.5627417311106038 0
363 0.2673852245582152 -0.5033462270439064 0
364 0.2622195244724618 -0.4740500861079509 0
365 0.2536876786142809 -0.4455517363507805 0
366 0.2419050655418859 -0.418236569043279 0
367 0.227031024918722 -0.3924739750519194 0
368 0.2092667026393562 -0.3686123492593404 0
369 0.1888523306508135 -0.3469743791685244 0
370 0.1660639783445392 -0.3278526812419529 0
371 0.1412098190717415 -0.3115058436235439 0
372 0.1146259627310815 -0.2981549292686826 0
373 0.08667191033497827 -0.2879804863715898 0
374 0.05772569252050997 -0.2811201068338816 0
375 0.02817875720952272 -0.2776665655166437 0
376 -0.001569323870972257 -0.2776665656397644 0
377 -0.03111625896242309 -0.2811201071679091 0
378 -0.06006247656042422 -0.2879804868739192 0
379 -0.08801652872547046 -0.2981549298927884 0
380 -0.1146003848663023 -0.3115058443435065 0
381 -0.1394545439426315 -0.3278526820240534 0
382 -0.1622428960256109 -0.3469743799489929 0
383 -0.1826572678005399 -0.3686123499906416 0
384 -0.2004215898922421 -0.3924739756995768 0
385 -0.2152956303570596 -0.4182365695761633 0
386 -0.2270782432889327 -0.4455517366999922 0
387 -0.2356100890686545 -0.4740500863131942 0
388 -0.2407757891159678 -0.5033462271312025 0
389 -0.1163483677884382 0.3731555288266362 0
390 0.4667251639327684 0.06151067835786089 0
391 -0.5407441567342373 0.5396896370333742 0
392 0.613109120428055 -0.3019077021304639 0
393 0.1052931257400832 0.07355040252140412 0
394 0.09063285014359813 0.6525585227124868 0
395 0.6537076132214202 -0.6607530853771638 0
396 -0.4152601674117838 0.2302793974129489 0
397 -0.2453421407929969 0.6737876121869452 0
398 0.2272211850241103 0.3702860938513585 0
399 -0.202330096141084 0.004564007654786768 0
400 0.6904321460541196 0.2634846621843537 0
401 -0.6999577071084964 0.2944909290870425 0
402 -0.5097236671226584 -0.7047976225026538 0
403 0.7235976835258789 -0.04852154195802217 0
404 -0.7281283156056899 0.7293950573838185 0
405 0.385192042199736 -0.1886923301645321 0
406 -0.7521263005247136 -0.6665398932994527 0
407 0.4592404768628605 0.3115459920225875 0
408 -0.4632603097160067 0.766584293724768 0
409 0.4442589500880638 -0.7644417789325177 0
410 -0.3329523067304098 0.4482060731489306 0
411 -0.7746014163038303 0.5102973864033393 0
412 0.7713948395103559 -0.460671894815428 0
413 0.4916261770779159 -0.4908074635190425 0
414 0.2569520058340449 0.7864859570302742 0
415 0.7988339775422317 0.4472791639250002 0
416 0.2909110318531604 0.1705788115742971 0
417 -0.06881952873727006 0.7952726802417512 0
418 0.1918167000745676 -0.1050218837156864 0
419 -0.08070900877510125 0.177392629405382 0
420 0.7946462480250693 -0.7926795501356833 0
421 -0.01784495095982082 -0.07150971322548387 0
422 -0.8002634773210384 0.1202176019338828 0
423 0.05274050510702473 0.4545459905095875 0
424 0.8010856519826467 -0.232560700592927 0
425 0.2564005466205129 0.5576509137715296 0
426 0.7960110821335579 0.7983458878232914 0
427 -0.5843580170844997 0.1435084860108519 0
428 -0.2599141788887664 -0.1752876507646775 0
429 -0.3459885731558909 -0.8057422560638463 0
430 -0.3843653327783059 0.04717266199636287 0
431 0.8085928124817797 0.1192413252101196 0
432 -0.08167038000454552 0.5881943339032331 0
433 0.07485262238493565 0.2779137478846042 0
434 -0.4256940059741375 -0.5451468361242222 0
435 0.5539327480356453 -0.1094827538319563 0
436 -0.6540309959900571 -0.8173544518717997 0
437 -0.5356238112620821 0.3638316506031866 0
438 -0.2386135772343937 0.246419713840409 0
439 0.8256123888780971 0.6193785641633092 0
440 0.6126771359863925 -0.823020968852006 0
441 0.639659531233548 0.1043254268612697 0
442 -0.8223960012918595 -0.8171009760224176 0
443 0.825507708828334 -0.6243097087910807 0
444 0.09689980408060657 0.8265146323697673 0
445 -0.3034071072663805 0.8347509377748643 0
446 0.3983797262234549 -0.3561392905775316 0
447 0.370255699922663 0.4430359993373739 0
448 0.3116700224626799 0.008072684641055291 0
449 -0.3919210284298154 0.6000483701627786 0
450 0.5983630212207514 0.3878032530798491 0
451 -0.6018239478397313 0.8377582073380309 0
452 -0.836869349487393 -0.5284614164105192 0
453 0.2980688633950777 -0.8348193860541264 0
454 -0.6169811858446319 -0.5894768736894347 0
455 0.8448168072252747 0.3022317489563393 0
456 -0.8428837040170093 0.368129271511536 0
457 -0.8418299312651263 0.8456293204518883 0
458 0.3912026872909672 0.8489430780115178 0
459 -0.5891385058845237 0.6847065305119754 0
460 0.4108846661764942 -0.618386363737793 0
461 -0.847417630898174 0.6399555470740347 0
462 -0.1946904581396721 0.4969645483394117 0
463 -0.4802661093557518 -0.8507446159505389 0
464 0.6295887076211133 -0.447514501907825 0
465 0.6750819496973914 0.8593094650422145 0
466 -0.3132083764328272 -0.3063643533365201 0
467 0.5240162402666565 0.1860825676622782 0
468 0.856810188746186 -0.1011416801269085 0
469 -0.6483981418935403 0.4508195686328795 0
470 -0.2154149260400086 -0.8592636900651933 0
471 -0.3584405252548181 -0.6685924999384739 0
472 0.6705892051568516 -0.1746129389809472 0
473 -0.1215730531522978 -0.1635793357859605 0
474 0.8624404295816812 -0.3543475630890658 0
475 0.2564626060765048 -0.2264269089119735 0
476 -0.8655740110091931 0.002221411013486726 0
477 -0.3505278215740867 -0.07670794514868438 0
478 -0.2710836192238684 0.1157089447147026 0
479 -0.1795422725698466 0.8650755877275081 0
480 -0.06767223929574413 0.04624903963318662 0
481 -0.8665567100283625 0.2419487759038333 0
482 -0.374928599553331 -0.4232021402784143 0
483 0.33212182996231 0.2944685411235629 0
484 0.3144605824315391 0.673695957259394 0
485 0.1691068152379386 0.1979629496583168 0
486 -0.6661995757099931 0.5810046135183659 0
487 0.4859400090514889 -0.258496298770522 0
488 0.4203336749186811 -0.06042087139285277 0
489 0.5206315114728852 0.8733733266455301 0
490 0.733804945873657 -0.3406273311986638 0
491 -0.8711921645554438 -0.7031985255821702 0
492 0.07837858173365989 -0.1624450376338319 0
493 -0.2419468831186282 0.3690082953009944 0
494 -0.6838972401035496 0.07480374503539783 0
495 -0.4156218694165782 0.3569790403730262 0
496 0.5258558508212988 -0.6689713095475908 0
497 0.179904107242794 -0.8752153780171289 0
498 -0.507948734872016 0.05057895801237675 0
499 0.4992854864282078 -0.8787174593890572 0
500 -0.7229040053413179 0.8766996814155897 0
501 0.4888089356222074 0.4279048647491538 0
502 0.1728670305311175 0.480494480635868 0
503 -0.417543323924917 0.87926509722484 0
504 0.09488629778793183 -0.03826779798099442 0
505 0.4068003212072727 0.1986573580026114 0
506 -0.7197892725208899 -0.5367256185889659 0
507 0.8797213152189629 0.01695213882902495 0
508 -0.4510874743303105 0.4712234296396149 0
509 0.8786829054502794 -0.5160802428437437 0
510 0.8755535872697253 -0.8801019532891194 0
511 0.6807360109370219 0.4717459801844128 0
512 -0.3507485741394577 0.7169289214201527 0
513 0.217128700363552 0.07631575072627403 0
514 -0.5340231075799821 0.2545121576758062 0
515 -0.02147920889724987 0.683452627786914 0
516 0.516663633912681 -0.3832891891558998 0
517 0.3317412052830395 -0.7234030999772023 0
518 0.1989200179256775 0.6844171180250771 0
519 -0.04382849408975018 0.2859187348800828 0
520 0.8837213829647939 0.5219160699144907 0
521 0.7162342708076763 -0.8826929338223369 0
522 -0.0598788092548415 0.4711371993212058 0
523 -0.6217011899142334 -0.7064890937304307 0
524 0.8842483945460639 0.7198403503213049 0
525 0.1970334967288241 0.8848566311948225 0
526 0.3765658965536531 -0.4685220772951896 0
527 0.03467751759592532 0.1713519539104629 0
528 -0.8925575784202829 -0.4218685185048995 0
529 -0.8849610060738945 0.4760244518644198 0
530 0.5698348877289532 0.009504231116811701 0
531 0.6925650942423812 -0.542745602430079 0
532 -0.005493167401602906 0.886751561037237 0
533 0.8909879695238626 0.888474316616144 0
534 -0.2785003854213152 0.5696595293546445 0
535 0.7561214465060774 0.7054977385292355 0
536 -0.10041053254548 -0.8818068228453149 0
537 0.8837913624070799 -0.7229644515469247 0
538 -0.1315056464220344 0.6975371962129711 0
539 0.3068068326798519 -0.1047047259435087 0
540 0.5855033408909243 0.2827608587265509 0
541 0.5770741066434844 -0.5557849091365239 0
542 0.8870752008803359 0.1990427409473629 0
543 -0.7105445302997235 0.190596335340667 0
544 0.7192323063829897 0.3707796961766798 0
545 0.02572377631217822 0.5568952417276837 0
546 -0.7402142382757648 -0.893299425136978 0
547 0.1206518722947009 0.3742310342935065 0
548 0.7389847631540996 0.5577678513964137 0
549 0.8876076170410356 0.4025834828407502 0
550 -0.8897379225441081 0.7424864406895637 0
551 -0.5318623304960627 -0.5175680016819644 0
552 -0.4842861343624877 0.6575327573945452 0
553 -0.1659193524994879 0.1104930921037561 0
554 0.696885319952507 -0.7506482989529759 0
555 0.3696136946914889 0.09735365257465954 0
556 0.3916000908512266 -0.8930126294878296 0
557 0.07676152766080664 -0.8915822055133298 0
558 -0.7395766371946102 0.3904466219239137 0
559 -0.4782465289613306 0.1501824525812286 0
560 0.3611097603844758 0.5471652584332777 0
561 -0.3231498746532828 0.3084499432838538 0
562 -0.01623772383954982 0.3805434190008271 0
563 -0.1229496526316364 -0.06190947077636803 0
564 -0.5796472899021849 -0.8948205061669134 0
565 0.7189265327815615 0.1621949559669098 0
566 0.1608769680584913 0.5827117490345272 0
567 0.7270114871438997 0.05616256674141418 0
568 0.3004547643505924 0.8987098445509671 0
569 0.238422561407232 0.2697880093394517 0
570 -0.5214461962453771 0.895910358211505 0
571 -0.8967153191107431 -0.8967153191108194 0
572 -0.2232273609953922 0.7728100438788976 0
573 -0.3912686158362329 -0.8974647590495036 0
574 0.2715643923484197 0.4601882893451806 0
575 0.8971571201415628 -0.1966872389649965 0
576 -0.9004365451391786 -0.09095478195506182 0
577 0.2974294050604783 -0.3181066568964248 0
578 -0.1836174467100486 0.5981218741169558 0
579 0.768085144796897 0.8990837106819133 0
580 -0.1444316844178128 0.2820264598167046 0
581 -0.7378005160548802 -0.7632114070296503 0
582 -0.2533915322604684 -0.06999703004595521 0
583 -0.3709386413717393 0.1447365121484299 0
584 0.5684098891830205 -0.2049888979105726 0
585 -0.02699580277065876 -0.1806224695794632 0
586 0.3688939386948807 0.75200838232806 0
587 -0.899149222042168 0.09899802766353485 0
588 -0.3502451116439323 -0.2145355472944167 0
589 0.7619492154341061 -0.139989896690666 0
590 -0.2218647966608258 -0.2677075913168362 0
591 -0.7501912386261489 0.6336369280391569 0
592 -0.7699637081357764 0.02512366621340128 0
593 -0.9020406646546175 -0.606725060390048 0
594 -0.6268503970718933 0.2341725851575756 0
595 -0.2538626251468044 -0.7722125213305624 0
596 0.0604180845461838 0.7433597969214649 0
597 -0.4982927890618409 -0.6053306758474485 0
598 -0.56261319792495 -0.7836246719706246 0
599 0.02492538659357539 0.02484368337763515 0
600 -0.433891965588636 -0.7667682433053977 0
601 -0.291673608888007 0.010053254462523 0
602 0.1626406678768362 -0.2104858739866673 0
603 -0.4349957011511437 -0.03352077196206549 0
604 0.1841765803106836 -0.01643510326521592 0
605 0.7947626446280585 0.2176951260496758 0
606 0.6298014297942921 0.1970277894373445 0
607 -0.3352667715930209 -0.5099716414650362 0
608 -0.6328424571906276 0.3599585264982755 0
609 0.483713984132733 -0.1727356320754905 0
610 -0.2994847620159199 -0.9059130599172469 0
611 -0.5998944029204374 0.0484803532457746 0
612 0.7455917801880423 -0.6635656631020896 0
613 0.1659134535609428 0.7703005353071204 0
614 0.5999026449338996 -0.7259537337584502 0
615 0.905944429720292 0.1070357455304388 0
616 -0.4608291431976798 -0.4585709340916867 0
617 0.6261788554089069 -0.0583271101944953 0
618 0.6967406667860012 0.7724662028515095 0
619 -0.9113848473679496 0.5633472847010049 0
620 -0.9085300807626093 -0.3338448083576965 0
621 -0.09654894639230222 0.9121932757496659 0
622 0.598448109333904 0.9120628309863333 0
623 -0.5564699659327536 0.452190115277643 0
624 -0.9060840723200315 0.9072127620472284 0
625 -0.2593483531176705 0.9103013071623351 0
626 -0.7947216907332224 0.2913268189044537 0
627 0.5462930456012409 0.09975887446088091 0
628 0.5844610626139366 -0.9129754904249454 0
629 -0.5501997540493592 0.766101613276793 0
630 -0.6402064531295796 0.7546636267762068 0
631 0.4891248013669297 -0.5793116337117641 0
632 -0.9106068694047393 -0.7825342146661466 0
633 -0.31974674971378 0.2255896913509648 0
634 0.3148698150197308 0.3786846976522886 0
635 0.9100093589809117 -0.4322951433804682 0
636 0.7135573090882312 -0.2535760323445606 0
637 0.9107135152424404 0.6100327782767754 0
638 -0.01410772023360226 -0.9117932494637428 0
639 0.7817831824854559 -0.551462105016267 0
640 0.5313525994441249 -0.7874043961361153 0
641 0.9121239461551653 -0.5997327691643621 0
642 -0.9156846522126723 0.3167667423652925 0
643 0.9131558259686042 0.8025342355187548 0
644 -0.1694884927650984 0.1959862233993292 0
645 0.7979822992661272 -0.9122057213613785 0
646 0.9138380175296509 -0.2781422230772951 0
647 -0.9126409804890631 -0.1778732563805467 0
648 0.150765679972789 0.2993670835435008 0
649 0.3546729197979603 -0.5513403509042354 0
650 0.3693423621188463 -0.2713283231223343 0
651 0.7951606896058135 -0.0002881269065799014 0
652 0.1171559538324705 0.9150269459389098 0
653 0.2575499266646207 -0.9135089996065212 0
654 -0.6444947116336682 0.9110180887812815 0
655 -0.02019136088012417 0.1077333980462737 0
656 -0.295618056135855 -0.3897526427096503 0
657 0.3950591552593961 0.3638668059861958 0
658 0.4320323592762986 0.4991399660472886 0
659 0.4418988444641199 0.9162363587730439 0
660 -0.6737940456182786 0.6678172767563773 0
661 -0.3761115782962624 0.517592433374533 0
662 -0.3794006178505975 0.7980882493034605 0
663 -0.4582482797020516 0.5593429146833122 0
664 0.2228152602065856 -0.8016905052449578 0
665 0.3255125949916532 -0.4004410939395356 0
666 0.5017316672110789 -0.03943148002712263 0
667 0.5677385734507542 0.4601069115191618 0
668 0.3955718862300069 0.01777246160085525 0
669 -0.3231494346485968 -0.5913532727472433 0
670 0.6565169624874069 0.01909600277386418 0
671 -0.7997762095659937 0.9138105661417288 0
672 -0.8169434631038377 -0.6090174644809387 0
673 0.916157543995572 -0.8033218373368708 0
674 -0.3428613253623563 0.9155187335654369 0
675 0.4485727838620814 -0.4185020097487023 0
676 -0.8087939691491962 0.765914567359022 0
677 0.5996128209186146 0.828539751114621 0
678 -0.7900466972818627 0.2054924719989391 0
679 -0.6363804159568409 -0.511019842152965 0
680 0.4580071941893324 0.1380000226739614 0
681 -0.6599241211398842 -0.9175116928130167 0
682 -0.9169251068926545 -0.5052726554288505 0
683 -0.387015036817151 -0.3417600320652588 0
684 -0.7739484285943099 -0.4750966705152598 0
685 0.4635336398235049 0.818636833933121 0
686 -0.3179119343569389 0.6414640926776053 0
687 0.7976592442277788 0.3677815880896681 0
688 0.5248236990407575 0.3579456701381096 0
689 -0.815044419954876 -0.9168922978806033 0
690 -0.9180204489568816 0.4009795167392225 0
691 0.3774917940551501 -0.8090023847100035 0
692 0.3324163121012221 -0.6416058593194941 0
693 -0.6744913364416277 -0.6324795704230699 0
694 -0.4686895244094685 0.2961003501687668 0
695 -0.1875362533880465 -0.125768712124643 0
696 0.6578919808410983 -0.3697864948118273 0
697 0.6512629074395208 0.3267028977247597 0
698 -0.2838450254753096 -0.6936018097568272 0
699 -0.4391980376551231 -0.6667924056755427 0
700 -0.9217056387130262 0.174033252952046 0
701 0.09483902288650777 0.5245442438902206 0
702 0.9200483936734666 0.2732693554047515 0
703 0.008968769327898359 0.8090809785494414 0
704 -0.9210608294383404 0.8192119138459819 0
705 -0.5660298696448812 -0.6507227102302207 0
706 0.7621911561200054 0.2968068537856745 0
707 0.9211551327834715 -0.05187239078369413 0
708 0.7306991546504839 0.6315992595986681 0
709 -0.5904488041454957 0.6046473189209717 0
710 -0.1306936768116914 0.4506737705535736 0
711 -0.2560898383180274 0.4458427356743213 0
712 0.806442872090703 -0.7164371474540167 0
713 -0.148301722125824 -0.2431599383965096 0
714 -0.8140697845858984 0.4415185240372891 0
715 -0.9105742380825627 -0.2564053679043891 0
716 0.255434368174455 -0.05186754707552658 0
717 0.4493510487637499 -0.6869063431518372 0
718 -0.1471194434326408 0.7937441329095262 0
719 0.8071756091191327 0.5250961623477013 0
720 -0.9215858319076591 0.6708264292350073 0
721 0.3675011852578079 0.6213862702349258 0
722 -0.8265058535981231 0.5618426664640459 0
723 -0.616511890392198 0.5203769786989437 0
724 -0.6951156360780488 0.5113634064132271 0
725 0.2936253935159129 0.0949982844341528 0
726 -0.1681241087814477 -0.9228142157621608 0
727 0.2466221996320491 0.6323656472295603 0
728 -0.1265606673749464 0.5242894685935933 0
729 0.4301085334127617 -0.5368183347589275 0
730 -0.5839575636489084 0.2969849475835994 0
731 -0.5104200502868393 -0.9241406432465219 0
732 -0.3871201971242472 -0.1494096371519139 0
733 -0.7033093029010752 0.8047898473948376 0
734 0.3275899210517288 0.8147668569547085 0
735 0.5508888473255207 -0.4508024427324796 0
736 0.7041318940621758 -0.4303133477992358 0
737 0.5143125201579339 0.2618534616844199 0
738 0.8012837473766874 -0.308234483579436 0
739 0.7929031857901103 -0.3861651043125592 0
740 -0.1450170506280959 -0.8240342906770486 0
741 -0.4791926661199835 0.4000327968567295 0
742 -0.295289908025497 0.748867648941641 0
743 -0.800673888092709 0.6951432253349465 0
744 0.3660101916642089 0.9318960483854362 0
745 -0.803487008413494 -0.7248737917560548 0
746 0.09312427268511539 0.2069556966233702 0
747 0.2488823660806727 -0.152948320954318 0
748 -0.3129139459439453 0.3746732504211507 0
749 -0.5041477151138261 0.8245956439567941 0
750 0.9256552255709221 -0.1302150907144274 0
751 -0.4449907588475143 0.08620546106560648 0
752 0.6575962193234457 -0.9266557094342101 0
753 0.7062862850319367 0.9203517951935638 0
754 0.011198106029823 0.2371501975755654 0
755 -0.4122950203440497 0.6702679206221264 0
756 0.2263292373648368 0.1554688899520847 0
757 0.4029113192075536 0.2736542050294872 0
758 0.3267233752349079 -0.9249889406033793 0
759 0.05903989520411214 0.3510027386025598 0
760 -0.246939372069105 -0.3341865580989779 0
761 0.1331880596407135 0.7092267319063179 0
762 -0.6546928500675102 0.1401093441273387 0
763 0.4714633965950519 -0.3325475521071228 0
764 0.3396853687140864 0.2234030515080748 0
765 0.7389274969485575 0.8312166791270758 0
766 -0.3676845980950345 -0.7386641736892204 0
767 0.9281928560817545 0.4659687101210945 0
768 -0.930831478702181 -0.03169580276064086 0
769 0.3179103455832585 -0.1850239106338557 0
770 0.7836034529711536 -0.08115252927524996 0
771 0.2642243169725613 -0.7447598692916032 0
772 -0.6974139904783412 -0.7094411839714542 0
773 0.8274539301692398 -0.1667445799562474 0
774 0.1580930653411822 0.1243149407768745 0
775 -0.1758538017162073 0.3343251282873502 0
776 0.0496524094947945 -0.0937825916121884 0
777 0.1235815403024015 -0.1025853338659439 0
778 0.2645724468199125 0.7178129289291577 0
779 -0.2318991593135763 0.1755834988996226 0
780 -0.3959657924061726 -0.6062661031395726 0
781 0.5428754366805891 -0.3092063254821475 0
782 0.3502642516241943 -0.05008513706675832 0
783 0.1272138881598228 -0.9239335236244932 0
784 0.4547923861155463 -0.9311815472990788 0
785 0.8312117893311179 0.9303251961042369 0
786 0.9304189776020723 0.3417318377236554 0
787 0.8246667134542532 0.692025434879127 0
788 0.9291380380987971 -0.6684688166065297 0
789 -0.279101793308777 -0.8365397316608588 0
790 -0.838484522423395 -0.05946685671271371 0
791 0.6160866665049257 -0.1304363425311042 0
792 -0.09869486843441133 0.1156640197659384 0
793 0.3772732653238855 -0.121935479161558 0
794 0.686918293726523 -0.1061493599926046 0
795 -0.1425052358652366 0.04234375713772656 0
796 0.2330473643653905 -0.2886187622253394 0
797 0.9309131654791574 -0.9294208091357876 0
798 -0.2864571698662058 -0.2379644570944492 0
799 -0.3975600381579857 0.4236824086103541 0
800 -0.7749436342902765 0.8300299277563982 0
801 -0.07736486031693193 -0.2186785910918129 0
802 0.6812655958948247 -0.8200404660148846 0
803 -0.3132499982293057 -0.1486687789746187 0
804 0.8440814286822024 -0.4567104802433241 0
805 0.04823791689500204 0.9300917759059092 0
806 0.4435593512308203 -0.8355616747360923 0
807 -0.07198902709449306 -0.1144782477256242 0
808 0.02621351282006162 0.6351280705984248 0
809 0.1193443977735032 -0.8405427626307804 0
810 0.6349698233443363 -0.234833065076727 0
811 -0.2244478803376786 0.07423965505662324 0
812 0.591356967959185 -0.3850925783640138 0
813 0.9293141439625292 0.6678120177381668 0
814 -0.1946480308962504 0.4177182112097851 0
815 0.7328286325348294 -0.5996091841460303 0
816 -0.06319318879358388 -0.02492651375785335 0
817 -0.08228538184039465 0.6517781267341511 0
818 0.5832051807669172 -0.6318475900638442 0
819 -0.8520000061311381 0.1657373576266129 0
820 0.001337669045511952 0.4959358679925209 0
821 0.9321959393671726 -0.3582089552256622 0
822 -0.3827357184546728 -0.2752781469855886 0
823 -0.7356774907459096 0.5664616541125621 0
824 -0.3586866085590016 -0.01401062169290366 0
825 -0.3243311522915873 0.07498694154195169 0
826 -0.8282508235765134 0.06027929671839793 0
827 0.662071602453749 0.4061937615902039 0
828 -0.4589011013104315 0.9233138028873722 0
829 -0.4983665104723223 -0.0220791708792698 0
830 0.6819443742177107 0.5399247877152589 0
831 -0.5826453544988439 0.9317254869568801 0
832 0.4686134038661686 -0.1071507144486104 0
833 0.741163700288473 0.4919333157359934 0
834 -0.1886150492128284 -0.05769053511348097 0
835 -0.4320272497725733 -0.3942471885072514 0
836 -0.2964095331262805 0.4994268894382142 0
837 -0.4217477267587471 -0.8289718750920493 0
838 0.3728298169704155 0.6872170324068986 0
839 -0.8182867497950452 -0.4270337616769844 0
840 -0.3877346821869305 0.2927358357910724 0
841 0.1760505975136137 0.410065788283297 0
842 -0.9299409863674639 -0.6672085441527303 0
843 0.6300227575688214 -0.5111013457616167 0
844 -0.2344334053870655 0.8407236105806651 0
845 0.03173260463003408 -0.2126813665834625 0
846 -0.1574460854449315 0.9232329742495545 0
847 -0.9327088616313183 0.03814643081944572 0
848 0.2697893856743737 0.3245156307869245 0
849 0.2432003018661895 0.9336545968666712 0
850 -0.09241646567806727 0.2372077355899249 0
851 -0.7351513473737649 0.1220411236669884 0
852 0.1138178373765257 0.4430432808334135 0
853 0.1274094684399866 0.01950852586766079 0
854 -0.2351644549589114 -0.9330271411561253 0
855 0.6182635221328693 0.4929907111881177 0
856 0.428172511162963 -0.236851282163639 0
857 0.2445395882084569 0.0214718333971794 0
858 0.9332183004847855 0.9332183004848243 0
859 0.8539442349542009 0.4546783369180988 0
860 0.03716149192579049 0.1087429451446484 0
861 -0.9348089154533505 0.2397628477270926 0
862 -0.7554071969737298 -0.5912549523693174 0
863 -0.07306655118358321 0.7243348731106295 0
864 -0.1990045909224201 -0.1932584773915059 0
865 0.09462481588453239 0.1458833046072691 0
866 -0.04353003817596318 -0.8518117229768271 0
867 -0.3989232938301636 -0.4811933639359606 0
868 0.1566482461278177 0.6393947382291214 0
869 -0.7053970802369215 0.01664311953595498 0
870 -0.5244650848948662 0.605514846873258 0
871 0.2485379386653442 0.8477201355306911 0
872 0.3568083331209785 0.1590418214026117 0
873 0.2987938768753412 0.5145181105784202 0
874 0.3070860831404955 0.6015793676151978 0
875 -0.2588937321808851 0.3063982514058896 0
876 -0.5279295909162789 0.1080292577639934 0
877 -0.2987111461301273 -0.4554618429005651 0
878 0.5396902090002778 0.9357372759451923 0
879 -0.4432613858152413 -0.9331577355710429 0
880 -0.7240749047112174 -0.8302980953425055 0
881 -0.4243058168104322 -0.09601811885741265 0
882 -0.5278399720542591 0.7030121200639093 0
883 0.6434655809103712 -0.5840602738305127 0
884 0.4990325473648273 -0.7330792932393787 0
885 -0.4739033918265065 0.216059697447718 0
886 -0.5330197451752313 0.1831378430936262 0
887 -0.01518651409458047 0.7414136731889565 0
888 -0.4970013215748309 -0.772720717914567 0
889 0.38419142971014 -0.682604052062286 0
890 0.5379930859224332 0.8171251070754479 0
891 0.5852690255377062 0.1569220863965664 0
892 0.8226052675537635 0.8670042831796976 0
893 -0.1033263394381243 0.8443011434982627 0
894 -0.9340765979752608 -0.8439362796155044 0
895 0.6787925820428651 -0.307008022423826 0
896 -0.06498911514938799 0.3372207337195202 0
897 0.2026801508920573 0.5336891041496434 0
898 -0.06627236746103961 0.4095993799876539 0
899 0.02036672458625239 -0.854716127794372 0
900 -0.2001364182386841 0.7090968367121776 0
901 -0.7330831751319111 0.238756645368034 0
902 0.9355349520712509 0.04956347270985621 0
903 0.7290154988640755 0.4262247748399171 0
904 0.4553808015036246 0.3744345963683872 0
905 0.4685472016980202 0.2183087980694975 0
906 0.8280536689631117 0.05608027744013741 0
907 0.529039712899071 -0.9319281719747292 0
908 0.8488540604355923 -0.8151145167629181 0
909 0.1600373918634794 0.8354891723525452 0
910 0.8451413826346554 -0.04319074228574758 0
911 0.08273349967518033 0.5906431341781411 0
912 -0.5512848025682328 -0.5773500264089814 0
913 -0.7353251664675862 0.4589441576372168 0
914 0.1980159072391539 -0.9363569393257685 0
915 -0.582654223410589 -0.4928492617622216 0
916 -0.190132217607018 -0.7751009097787996 0
917 -0.8484561521456367 -0.7589865972618779 0
918 0.02037174511890067 0.3055557029458608 0
919 0.7726158171873632 -0.8529700683608197 0
920 0.09631447883414998 -0.2238146366826806 0
921 -0.9404152519512092 -0.3896428391290688 0
922 -0.5708732753848106 -0.7273410739411241 0
923 0.02799333836432905 -0.03752460668619591 0
924 -0.9399952836510207 0.5075320639765629 0
925 0.4906336224706637 0.491506774399474 0
926 -0.6245880355241076 -0.7664725983818435 0
927 0.9397061367301173 -0.4888190227394609 0
928 -0.7051788527892903 0.9369594095443553 0
929 -0.513404640352687 0.4867431778026672 0
930 0.7591150141119637 0.7633013270026793 0
931 0.00406940999022425 0.440998677555289 0
932 0.7279643461942291 -0.1962918534905012 0
933 0.307656001286004 0.7582481283340418 0
934 0.2458528051660995 0.2140317391913192 0
935 -0.225266569051382 0.5505369007633509 0
936 -0.1735358178248587 0.6516628082324605 0
937 0.9386746068070767 0.1660505185312848 0
938 -0.583552455932187 0.3962470439833283 0
939 0.8311347035449135 0.7435485958846026 0
940 -0.674629726574264 -0.5764101359752483 0
941 0.8544267361102733 -0.9359624665131125 0
942 -0.4526168434256067 0.02919551953783962 0
943 -0.04908875228715789 0.5254268491088588 0
944 0.4286813951871665 0.7667655305233525 0
945 -0.03993891312095994 0.9381345978587272 0
946 -0.2388734370770955 0.6186229591894259 0
947 0.8511411452628356 -0.2692765811714845 0
948 0.4278265185852018 0.4269866605900958 0
949 -0.8577888664464085 -0.3682723382642558 0
950 -0.747021509750045 0.3388439515175625 0
951 0.9385497997801291 0.7461753801064024 0
952 -0.4203056220408057 0.1714017898915631 0
953 -0.7150794934302606 -0.479318302707752 0
954 0.6960151565931246 0.7078306120188871 0
955 0.5539035173057837 -0.8473857358447561 0
956 -0.403754501663591 0.9361161316867121 0
957 0.938657073612234 0.5465766858206008 0
958 0.3082889250776982 -0.2519218401036658 0
959 0.7463047491333705 -0.9483622289580188 0
960 -0.6672457315668877 0.8524897874171328 0
961 -0.9389640455813684 -0.7223267241267005 0
962 -0.5566254722085688 0.003006242334878794 0
963 0.9392417931990412 -0.8596501877498092 0
964 0.4524042919927408 0.001484661645719369 0
965 -0.9386245178042694 -0.5599379527512903 0
966 0.6330534644204349 0.7798339289150154 0
967 0.8400626811624448 -0.5600031848402958 0
968 -0.6768632825401272 0.3941441668896111 0
969 0.5746471366668544 0.221065555545178 0
970 -0.07043347412065808 -0.939612061005701 0
971 0.696500079664255 0.1043902570878531 0
972 -0.4488703332777188 0.8180875152671084 0
973 -0.3601065415842493 0.8506852963874577 0
974 0.5484321288681945 -0.5028101305730718 0
975 -0.5145343159501723 -0.455681407264504 0
976 -0.01906018209400242 0.5978575067497582 0
977 -0.3427624660471058 0.5629985532714485 0
978 0.8333293282219504 0.1737166768868429 0
979 0.9408291080677667 0.8550457029229313 0
980 -0.7814308882102818 -0.544196174118628 0
981 -0.3463669516170846 -0.9395588134327868 0
982 0.1717671837381027 0.9399062093252754 0
983 -0.8573653200447857 0.9387018077608978 0
984 -0.02174665742611521 0.1894020538952965 0
985 0.8649340693622605 0.6547815373850495 0
986 0.7309893127670303 0.2157292647836422 0
987 0.7197545372646557 -0.4896747523969893 0
988 0.7520819477749554 -0.7521757658313051 0
989 -0.3100656301904728 -0.7501002277949649 0
990 -0.3085041006533883 -0.0407666789128989 0
991 -0.4121735523584206 0.7301394551936539 0
992 0.1073389173274213 0.7761860956812925 0
993 -0.9428717573497161 -0.9431910100483237 0
994 0.9400920877591659 -0.7479376745305647 0
995 0.07721628166612952 0.4093291078500906 0
996 -0.854246446815349 0.2949272451466904 0
997 -0.6437411985658159 0.2849829918763558 0
998 -0.5193332187495715 0.3091497893648459 0
999 -0.3110392852821351 0.1632206040652028 0
1000 0.1564821472802295 -0.1522744978560179 0
1001 0.1717606891699841 0.3525657593338731 0
1002 -0.5435336507184384 -0.8447475743621624 0
1003 0.2897398443937117 -0.6854331203951094 0
1004 0.03755350031588492 -0.9428817185214342 0
1005 0.8479612116808015 0.5672633595092816 0
1006 0.5248347996831899 0.04603771374511607 0
1007 0.3270118288071925 -0.4982751890168287 0
1008 -0.2958727093372217 0.6984195591139502 0
1009 0.5852478935385076 0.05848743840363584 0
1010 -0.7871434520385074 -0.03796564744876738 0
1011 0.3834898316582819 -0.7506787851768567 0
1012 0.3218985225396611 -0.7825103112961337 0
1013 0.290272371236633 0.253796193476204 0
1014 0.6370778035440414 0.2521040253817658 0
1015 -0.3419923615046104 -0.8667612293464405 0
1016 0.1606630459462564 0.06521012384598703 0
1017 0.8465003474019026 0.2407656550132368 0
1018 0.7559032316076363 0.1180833851879893 0
1019 -0.4840883973535692 -0.5505954118156401 0
1020 0.181439562556212 -0.2733622352507161 0
1021 -0.8308754134786827 0.5070865845878978 0
1022 0.5744599145580933 -0.05290790846659699 0
1023 0.05097556535357791 0.8712557374309516 0
1024 -0.6820026327187544 -0.7652667347056926 0
1025 0.5763024129967613 0.3334313817918415 0
1026 0.8662026394042814 -0.6665678254308048 0
1027 -0.4483275331351155 0.6125142919498366 0
1028 -0.650457815193745 0.008227271150252855 0
1029 -0.1295019920343443 0.6171723740020372 0
1030 -0.7147591113267018 -0.9470837105329766 0
1031 0.6455553934164505 -0.8625631521639523 0
1032 0.4262816934461416 -0.1360061536031999 0
1033 -0.8527764043949289 -0.4700144148123395 0
1034 -0.3682318141612212 -0.5583770615319301 0
1035 -0.9410658696925581 0.6151143612660133 0
1036 -0.8289561644589784 -0.6669096103645706 0
1037 0.218564043090703 0.5979338374523422 0
1038 0.942561077313734 -0.5431132718898473 0
1039 0.6544118893667124 -0.7081899930463917 0
1040 0.2461798071081014 -0.8544899416365013 0
1041 0.6399668401430577 -0.7710800352089294 0
1042 -0.04268050991946821 0.8445321127188703 0
1043 -0.9415631123196464 -0.4420377572087807 0
1044 0.04895088214945522 0.6847337136184053 0
1045 0.3818193246159396 -0.4082772207001242 0
1046 0.940027529057395 -0.2307095415536349 0
1047 0.4353556058388662 -0.4786643723478184 0
1048 0.4160577583162147 0.5514783908410407 0
1049 -0.1999033301872205 0.287549317394064 0
1050 0.02492027963647133 -0.1407039659330279 0
1051 0.231611607769857 0.421099660775016 0
1052 0.9422941904594176 0.2198732526546777 0
1053 -0.1113806348814423 -0.005004950825317732 0
1054 0.8569288808037212 0.8191839970774101 0
1055 -0.5982619922967697 -0.8406273222459849 0
1056 -0.8517985147980855 0.6951600566204044 0
1057 0.1837113399520277 0.2508027120630334 0
1058 0.4794121360693278 -0.6375181775377963 0
1059 -0.949916785584067 0.4547968592660454 0
1060 -0.775253903411693 -0.84439554141054 0
1061 0.8517103247454014 0.3641293932684369 0
1062 -0.3540174416766864 0.3518024067374459 0
1063 -0.2820581558326608 -0.6356601057732016 0
1064 0.7754184885744962 0.1680452029786098 0
1065 -0.2480120171421553 -0.01959628986086771 0
1066 0.8405570329584984 -0.7636306698103176 0
1067 -0.685167166233641 0.2296372187581825 0
1068 0.6436873579695408 0.9472746850546488 0
1069 -0.9426051571836505 -0.1315714696717038 0
1070 0.4221040392355835 -0.293631507147951 0
1071 -0.1316142583181427 0.1547463176682402 0
1072 -0.8708063552918404 -0.14448812919146 0
1073 0.5376977517198104 -0.1625190007839609 0
1074 -0.9431666296484933 0.7622435212279464 0
1075 0.8226848810640514 -0.5151156240842104 0
1076 0.7372545872882241 -0.806343304492064 0
1077 0.7743664704142295 0.605839205059014 0
1078 -0.616820363075915 0.09886879294808228 0
1079 0.1458227038425953 -0.05773068553999226 0
1080 0.1650372696887018 -0.8048231395733122 0
1081 0.4251112291655084 0.09482496786520779 0
1082 0.5717812562064561 -0.2605243355852189 0
1083 0.2144893765461931 0.7376995185477622 0
1084 -0.6083385875156276 -0.9480324278261201 0
1085 0.6908132317144103 0.5963656120608715 0
1086 0.5388716611149126 0.413418293747017 0
1087 0.6176603499694361 0.440737763181299 0
1088 0.1055538881824027 0.3223863367022208 0
1089 -0.2122207420304018 0.9455933951833551 0
1090 -0.8633312739649385 -0.9494102707032984 0
1091 -0.8784636345673916 -0.8430529765211785 0
1092 0.2102575234625204 0.81650306311291 0
1093 0.7823501803643431 0.6544524016726545 0
1094 0.5168411288785056 -0.2123919292855229 0
1095 0.6677930348786474 0.1484335817269936 0
1096 -0.4860537317286522 0.3429801687354249 0
1097 0.7132564892657306 0.3193136313559353 0
1098 -0.1118707702176842 0.3243025003176139 0
1099 -0.1418238302820624 -0.1147284720905867 0
1100 -0.8592593104437408 0.4140139959879641 0
1101 -0.8600089565359055 0.7892948058392415 0
1102 0.2125442377147806 -0.1930839180267086 0
1103 -0.8055652672533756 0.6105544535662998 0
1104 0.7072991360008005 0.004328751914050137 0
1105 0.3183587673339786 0.4338446682021291 0
1106 -0.9485909256249013 0.8683386050270722 0
1107 -0.4683417540766626 0.7103285754951966 0
1108 0.6805120849225148 0.2083099159946703 0
1109 -0.5845985871910659 0.1984934370395453 0
1110 0.1509322783791644 0.5247693035826201 0
1111 0.2828606787898598 -0.3655125612280202 0
1112 -0.5502940286989915 0.8509383004345392 0
1113 -0.2853146897882803 0.2634638554264406 0
1114 -0.6182937696798662 -0.6414145032096827 0
1115 0.9451355908362411 0.4099173369969225 0
1116 -0.3723674576494369 0.198960929060409 0
1117 0.8333901418941446 0.4090275019555641 0
1118 -0.217973541940441 0.1259094528717466 0
1119 0.3825280185945594 0.4963549884638259 0
1120 -0.4525115443071296 -0.710526836259175 0
1121 -0.4700392028432634 0.8714856278137478 0
1122 0.3492906671000822 0.04894317348852338 0
1123 -0.7662460660326547 0.08161157844076149 0
1124 -0.6811387910180855 -0.863459652847582 0
1125 -0.7993827274804037 -0.7748861875144701 0
1126 0.3439553241773901 -0.876496649465456 0
1127 -0.9455897570096654 0.1269579256349924 0
1128 0.3880597014908392 -0.9469488675586332 0
1129 -0.7699946149147909 -0.9457363491800111 0
1130 -0.2985753867050056 0.9479328202200709 0
1131 -0.5893735063475185 -0.5393264424959553 0
1132 -0.946975181158099 -0.2954470986605667 0
1133 0.9487713103277946 -0.006565211429367757 0
1134 -0.7980949337973495 0.3876271195792077 0
1135 0.2233854032505165 0.3231594815802326 0
1136 -0.2486971019708316 0.7259897173764156 0
1137 0.4896688455243778 0.9494119172637412 0
1138 0.3150957236610766 -0.5911631859085393 0
1139 0.07590175923316088 0.03517829223740722 0
1140 -0.2345603443202003 -0.71679269915884 0
1141 0.2496298934163863 -0.09998975475364788 0
1142 0.4944669509050976 -0.4308694820060952 0
1143 0.2525783012668861 0.5048697845555837 0
1144 -0.6395055055100709 0.6275956122570123 0
1145 -0.02263035581112744 0.05622101046172823 0
1146 -0.08971978499488584 -0.820209520224825 0
1147 -0.9469845619018301 0.3565825436631979 0
1148 -0.6985573915042886 0.3478426843820768 0
1149 0.4635043177157304 0.8680275397290168 0
1150 -0.3989993108855923 0.09383872854542111 0
1151 -0.2996333957452716 -0.5441156852562269 0
1152 0.9474176574571727 -0.1735185736549081 0
1153 0.3396739160420009 0.8593170061240116 0
1154 0.3515219947788598 -0.3183133653715632 0
1155 -0.1182414372788288 0.7467494219113725 0
1156 -0.5436533045090488 0.6546621384983471 0
1157 -0.9512786459977602 0.9513411637601712 0
1158 -0.3354626603954979 -0.3546082146687198 0
1159 0.4034749128495779 0.142108696535297 0
1160 0.3238468933839809 0.9500215912933987 0
1161 0.7451414939219205 -0.2896948150269398 0
1162 -0.6979924561723677 0.6228149436683895 0
1163 0.8240966992734911 -0.8601189126279888 0
1164 0.1200969391276979 0.2616962247276903 0
1165 -0.8888296230884952 -0.5568172713903888 0
1166 0.565865951037593 0.8672678946908154 0
1167 0.351749583779091 0.3446107437654531 0
1168 0.5339656360526539 0.3058748834899448 0
1169 -0.2737368676664054 0.05786302274580156 0
1170 0.8808208385896278 0.9502417617340401 0
1171 -0.447461809776204 -0.5912676362904762 0
1172 0.7494018088371505 0.9485013366716973 0
1173 -0.3633651768897486 0.2515202454481631 0
1174 -0.5906626653812491 0.7326032857876483 0
1175 -0.1238155904070901 -0.9538154924250448 0
1176 -0.172795080804665 -0.2870041481341087 0
1177 -0.9474800846395265 -0.220321140873711 0
1178 0.5298242500935147 -0.6205688478732541 0
1179 0.511577821951229 0.1372021712417976 0
1180 -0.724808024077094 0.6790928056346126 0
1181 -0.5096770777426237 0.9519485682130706 0
1182 -0.7570514829520809 0.9472742477334725 0
1183 -0.2692899189384642 -0.1248654686080386 0
1184 0.7400432633461027 -0.3886129019244738 0
1185 -0.5574018890587751 -0.9508021718306305 0
1186 -0.7575661455821227 0.7790875659121113 0
1187 0.05972344543469717 0.7930479842550074 0
1188 -0.4405362907825608 -0.8824018712049282 0
1189 0.5843862988956219 -0.7814556458807959 0
1190 0.8421069679661306 -0.3967601042543579 0
1191 0.605442724700828 -0.6775221928753062 0
1192 -0.4013092852159112 -0.1969852443891496 0
1193 -0.0155851841508989 -0.006480298904360867 0
1194 0.3048279927834947 -0.4539305243008698 0
1195 -0.9525038249183422 -0.07802274470270468 0
1196 0.4922978904026734 -0.822995117894093 0
1197 0.351955766152841 -0.2231584060674633 0
1198 -0.6556331987573383 0.1934890057007201 0
1199 0.7790386883313293 0.06801411505550216 0
1200 0.7950425334386014 -0.6657225230454337 0
1201 -0.522346896797677 0.414545601887325 0
1202 -0.400906684671415 -0.6983683043768478 0
1203 0.668405416919217 -0.4789463778305391 0
1204 -0.3046867314020699 0.8841012145351197 0
1205 0.4506132264953139 0.2633407793221798 0
1206 -0.0253478192746638 -0.2279137516865253 0
1207 -0.1930568018292838 0.8181205442989161 0
1208 0.6187196928886618 -0.1842665957792983 0
1209 -0.1754601133696941 0.5439914795144988 0
1210 0.8498755036676229 -0.2176176010259114 0
1211 0.7215386343370984 0.8754809856504392 0
1212 0.3941318193780369 0.7971523673140236 0
1213 -0.02741973695784839 -0.1316186894194272 0
1214 0.8773168031020047 -0.1484584087119731 0
1215 -0.07124674467028891 -0.1648770173027162 0
1216 -0.8511355850029918 0.1128878864079595 0
1217 0.7013729297230389 -0.6409809004373282 0
1218 -0.8764893537408939 -0.6538114172398043 0
1219 -0.9499604627193359 0.7138583946130651 0
1220 -0.8750811727254315 -0.296946581352056 0
1221 -0.6354782581759718 0.7063720619440883 0
1222 0.2724083513536874 -0.7943106401452626 0
1223 0.5494786358031603 -0.7145588545327004 0
1224 0.204114401536325 -0.0588019394185115 0
1225 -0.7502747855201779 -0.7141293994269288 0
1226 -0.5538111711490401 0.06503576676058859 0
1227 0.6745669302536832 -0.0327433711708435 0
1228 0.8578290433001821 0.1263081661881404 0
1229 -0.273213329965452 0.2105402958311246 0
1230 -0.3082672055153205 -0.190817189856638 0
1231 -0.515132519959444 -0.6548646926764464 0
1232 -0.8789304449742147 0.05236824014982975 0
1233 -0.8348884040595128 -0.8697736981314875 0
1234 -0.164228810168052 -0.8724550028073024 0
1235 0.810832759448366 -0.1188985499060803 0
1236 0.06886820684500385 -0.834766880735556 0
1237 0.7314574202215485 -0.09543460603567669 0
1238 -0.8910887446235853 0.8598747409913803 0
1239 0.6159802969048408 -0.01452729287651406 0
1240 -0.5627813828869048 0.5026913273402686 0
1241 0.2757396998936695 0.4084613185258571 0
1242 0.08749771617704276 -0.9506845169924104 0
1243 -0.3926650025970085 -0.9479675094474437 0
1244 -0.4837503155444212 -0.5018954876908136 0
1245 -0.3642315179376415 0.6436192928440956 0
1246 -0.8178698665735732 0.2465387364987761 0
1247 -0.6473550400151212 0.8054111757730711 0
1248 0.7057867666083616 -0.7054551096301448 0
1249 -0.5970634312872143 0.7870149034567298 0
1250 0.7842197794823675 -0.599141565863786 0
1251 -0.9533451822494277 -0.61675971457112 0
1252 -0.7595112558339653 0.162547348533018 0
1253 0.8776316437966611 0.766685529688905 0
1254 -0.04327288866881236 0.2329286079752894 0
1255 -0.4778286630473259 -0.05877501415288616 0
1256 -0.334095418030784 -0.2614052927100747 0
1257 -0.8011612421919935 0.3378723080655948 0
1258 0.3589618711039608 0.3947935647044033 0
1259 -0.5793801895906459 0.2485664564199881 0
1260 -0.343319565590815 0.762795591836829 0
1261 0.6263449410501702 0.8687371577478782 0
1262 -0.2366205501224981 -0.2211483437940466 0
1263 0.0511205423866526 0.5096604158635155 0
1264 -0.8811951112139988 -0.2136102681153921 0
1265 -0.6038451705666406 0.8871712596164584 0
1266 -0.2694345245473505 -0.2865877968019409 0
1267 -0.8155460684915223 0.01109775131167567 0
1268 -0.3777074075837683 0.4687470895148269 0
1269 0.3339142660061687 0.4768799966887842 0
1270 0.3380905784630317 0.7157389782082789 0
1271 0.5933534331482132 -0.4806960013032498 0
1272 -0.8785210811582265 0.5257115683235699 0
1273 0.7795732506642936 -0.1847137335785848 0
1274 0.8786500204512793 0.06594037019237275 0
1275 -0.6824539032663959 0.7212264137699617 0
1276 0.4124182040117231 0.3197140627432911 0
1277 -0.1789530060768576 0.2436754116354302 0
1278 -0.2299932348759915 -0.8112860047762323 0
1279 -0.3523815545586655 0.4029648216981039 0
1280 -0.2417633842375905 0.5049288955199147 0
1281 -0.5838072254502837 0.3469655440351899 0
1282 -0.8931584727113412 0.3606835108036696 0
1283 -0.4281745886331965 0.5118340091663899 0
1284 0.4107004129898526 0.7229835089516067 0
1285 -0.4647261721729493 -0.8064561122697643 0
1286 -0.9513237926757668 -0.8911223575439735 0
1287 0.8057824144203285 0.2712170083601309 0
1288 -0.3896914882848007 -0.7934260563091541 0
1289 -0.2643590376011692 0.7978336488521676 0
1290 -0.8829718510164086 -0.04354063732973766 0
1291 0.6690224962508415 0.06968531794265903 0
1292 -0.4028610344193915 0.002547122113661359 0
1293 0.7715668836904149 0.4048418331201061 0
1294 -0.3897695365431608 -0.05006467040406803 0
1295 0.613056666407702 -0.9497606202994148 0
1296 0.3653292997119484 -0.5999291045034275 0
1297 -0.8917449185004138 0.6129066960290626 0
1298 0.9456871872891359 -0.4002956953860132 0
1299 0.4365249641453354 -0.1870666016864901 0
1300 -0.6260413111103103 -0.8807808415532616 0
1301 0.2018598900310306 0.63895854743932 0
1302 -0.4797625538138686 -0.4144192779599863 0
1303 0.7116827211882678 -0.1451350858310085 0
1304 0.7557273061581404 0.3400421525900876 0
1305 -0.8424381971058319 0.8920073639891081 0
1306 0.947768179611912 -0.3156395559181224 0
1307 0.2009324538334593 0.03570446975932089 0
1308 -0.34689193968279 -0.4633403320193692 0
1309 -0.7409491123637724 -0.01819461968764164 0
1310 0.2850983427267839 0.04937946415458599 0
1311 0.5110548532200934 -0.5356215396709314 0
1312 0.5820606211607157 -0.3393127320593342 0
1313 0.3048810867082756 -0.0420155007316966 0
1314 0.4086865144538183 0.9528712848321272 0
1315 -0.3037434394817435 -0.09363649047086454 0
1316 -0.282024341511191 -0.9523360998414631 0
1317 0.9532983978998472 -0.6260761432035977 0
1318 0.3867619843802014 -0.514840453452461 0
1319 0.8898923576144839 0.3172333542754913 0
1320 0.4444289127960374 -0.5832426915927252 0
1321 0.9539754955965398 0.6264263651858847 0
1322 0.952705324889813 -0.08852248044806252 0
1323 -0.1149261664440844 0.9527069752299455 0
1324 -0.4890892498590949 0.4462097775068821 0
1325 -0.1225773549654334 0.1968414757547419 0
1326 -0.3426536299568056 0.02787028775407557 0
1327 0.954635948149051 0.09297989721739371 0
1328 0.2884544600537977 -0.9496725595413926 0
1329 -0.9530320773480101 0.2882765269566886 0
1330 0.005540013515226785 0.9526365755989298 0
1331 -0.7724150397836977 0.8735472922545932 0
1332 -0.1610093973075505 -0.01927543391419239 0
1333 -0.1339911665380939 0.5705670480902006 0
1334 0.1196280492070368 -0.1828987258491784 0
1335 -0.4064684043144241 0.5579691952047501 0
1336 0.1157041798456009 0.4869441531158685 0
1337 -0.250922354602902 -0.8879875986824828 0
1338 -0.1580250083798325 0.3829858257871819 0
1339 -0.3334069789335519 -0.7077299457520089 0
1340 -0.7826376802808158 0.56102990412693 0
1341 -0.6012380635305716 0.4647460217867459 0
1342 -0.2481584284028781 -0.3834136522834362 0
1343 0.2210551125672689 0.4715562576761692 0
1344 0.3384375923230383 -0.1463099767177674 0
1345 -0.5069905999661717 0.7490463067480614 0
1346 -0.3411215429924748 0.4917468582276201 0
1347 0.08948124062194038 0.9544580113751943 0
1348 -0.3334424113195087 0.1190990624700184 0
1349 -0.6033262980254698 -0.0006609695728030342 0
1350 0.4376142038215594 -0.3712829994429707 0
1351 -0.1714581111174678 0.7558041419887144 0
1352 0.4407792691019036 -0.8834444564885 0
1353 -0.5859851596487289 0.55752015824232 0
1354 0.6931920820010246 0.6635834948357536 0
1355 0.1245708262845202 0.8684474054308263 0
1356 0.6804292246401181 0.8154509875256215 0
1357 0.6657554947431229 0.7435617994643535 0
1358 0.5005045217360576 0.09057517326139569 0
1359 -0.102030149317215 0.4880770562164399 0
1360 0.0887597503937549 0.7090116831466357 0
1361 0.2673753287164169 0.130428295676645 0
1362 0.778333339337322 0.8533236537718292 0
1363 -0.6435407770423029 0.06254112045282822 0
1364 -0.73037188916047 0.05154967169944246 0
1365 0.4041293335640587 0.5960623374839472 0
1366 0.2954478168067491 -0.885113552934949 0
1367 0.4959608431998949 0.006787411876492947 0
1368 -0.6702430978063877 -0.4792721544621264 0
1369 0.9568063343842796 0.4977283068320087 0
1370 0.135190822590979 -0.2558507819795052 0
1371 0.5361456537954373 0.4987178899098108 0
1372 -0.9546701854942131 0.5664340700922887 0
1373 0.6980490399499961 -0.9564155539844551 0
1374 -0.9532804637691799 0.08050264711182809 0
1375 0.3213497975178676 0.1304858900044039 0
1376 -0.4178616922617385 -0.4381575586147766 0
1377 -0.271178980385877 0.4019928643897765 0
1378 0.6792406253439019 -0.2216364674773934 0
1379 0.05912805581809477 0.2323261313316994 0
1380 -0.8423762021917609 -0.1071416590329569 0
1381 -0.6215083697503757 0.953884742964511 0
1382 -0.9545297636041599 -0.8021189412005305 0
1383 -0.05349831172742231 0.8895334808768103 0
1384 0.4579343491525244 0.4586329897720561 0
1385 -0.1331734802315084 0.8806901391953934 0
1386 -0.214013262422373 0.8960374995878042 0
1387 0.4021482610989448 0.8907921091137497 0
1388 -0.30068614998907 -0.7919380805631611 0
1389 0.2197572796581719 -0.7534295874071621 0
1390 0.5832654111090566 0.9535070560790629 0
1391 0.4705997055737481 -0.2186268745176 0
1392 0.874020886182493 -0.3101707776994234 0
1393 -0.901114040761497 0.9534592230740113 0
1394 0.2427574179871142 -0.3400403702543012 0
1395 -0.2035327772270782 -0.3196213061543833 0
1396 -0.9535919290288951 -0.3450872291255987 0
1397 0.8034605776002736 0.3222172987696574 0
1398 -0.4282182624244885 0.1296685822868214 0
1399 0.737229031818006 -0.5326102836144846 0
1400 0.5896155546689577 0.1099541442010476 0
1401 0.1249501669434561 0.6067838381148399 0
1402 -0.5145536382977589 -0.8160161085291975 0
1403 0.8894504563658072 -0.2421144752508045 0
1404 -0.6926848508669883 0.4415335438674082 0
1405 -0.4276772891209805 -0.3523126772844885 0
1406 0.9545798242054093 0.304188959582451 0
1407 -0.7188885229251826 -0.6276186514670492 0
1408 0.894694500080959 -0.3877907448426608 0
1409 0.7491523788065808 0.01215974897274917 0
1410 -0.7737281340424522 -0.431433243064856 0
1411 0.3549262418463444 -0.002494815321831615 0
1412 0.3180785090122273 0.556999108298458 0
1413 0.5029447904914712 0.7911289284955896 0
1414 -0.6335106080078975 0.4068473154850623 0
1415 -0.7491981278025099 0.2860348583924948 0
1416 0.7542452430342708 -0.23090496587048 0
1417 0.688381635250904 -0.5908758521310153 0
1418 -0.5005035418082525 0.569369377030424 0
1419 -0.02671161611008101 -0.9563720047579986 0
1420 -0.03784444581788533 0.6455445360262265 0
1421 0.2999336868020926 0.8496277034418944 0
1422 -0.2865404374962411 -0.4997267030838782 0
1423 0.2704194520112678 0.6734041825934206 0
1424 -0.2411968419588045 0.02487987955551096 0
1425 0.2397257090301033 -0.9560518547711445 0
1426 0.802858791864232 0.5684352395418714 0
1427 -0.1806762127109464 0.1553619164700971 0
1428 -0.01988796608479293 0.3317211816829433 0
1429 -0.2794535745168298 0.3486266967877989 0
1430 -0.3276920135370286 -0.4238680745775174 0
1431 0.422062042198535 -0.7202234962244073 0
1432 0.5671634874819995 -0.9564801974027052 0
1433 0.1346809258899507 -0.8831331326416165 0
1434 -0.07222379656638982 -0.07282418384221763 0
1435 -0.6523241838731162 0.4945481603929128 0
1436 -0.3532547769625658 -0.6223371441412343 0
1437 0.8872141793152813 -0.4719612484642044 0
1438 -0.778022951720492 0.7336454413628273 0
1439 -0.2199409757037316 0.329054271856877 0
1440 0.6010932229578358 -0.8662889241473487 0
1441 0.06549359742386243 -0.006739842651294705 0
1442 -0.7679869751740515 0.4300430000689996 0
1443 -0.8989783384415535 0.272596477338887 0
1444 -0.1055093238864127 -0.2551219487511042 0
1445 0.8669216760299884 -0.6022895106952739 0
1446 0.8685293232488969 0.6075488702889529 0
1447 0.8157075621303244 -0.9539046720159294 0
1448 0.5442781913484519 -0.8894163806383802 0
1449 -0.8438102688361659 -0.5723266428397993 0
1450 0.4002025637743665 -0.5672144030687083 0
1451 0.7877659137689149 0.7349484387517424 0
1452 -0.05826740567471912 0.1315105218535923 0
1453 -0.4863132715541277 0.09613611284333405 0
1454 -0.2890137505323465 -0.3448603837651774 0
1455 0.6585323549382002 0.9004920193707542 0
1456 -0.4129691912373387 -0.3058950717750097 0
1457 -0.05872734888665111 0.08392459897627859 0
1458 0.02676618453537967 0.40656390747447 0
1459 -0.89198070451733 -0.7422434045090842 0
1460 0.1238758693462878 0.1755367916641949 0
1461 0.8925547306933201 0.5622867734995732 0
1462 0.8931029000828598 -0.5596204083723089 0
1463 0.7662863137801356 -0.03465280850388451 0
1464 0.9580979678406377 -0.4490938291020961 0
1465 -0.210266779055041 0.2127968487336236 0
1466 0.6414585617947376 0.368137340970776 0
1467 -0.2845997696836334 0.6118284413180857 0
1468 0.2092794082276191 -0.1457186582852507 0
1469 -0.003950551654207037 0.1489955205213782 0
1470 0.6637213740797185 -0.4138866296426721 0
1471 0.5794506317147835 -0.1572226270591164 0
1472 -0.2672351267335225 -0.4235531291346697 0
1473 -0.8911495798100739 0.1410517104160202 0
1474 0.7938094192953049 0.955178400360723 0
1475 -0.1520680483848299 0.4885564952086708 0
1476 0.9520856765146533 -0.7076404169578887 0
1477 0.5159237422789716 -0.07986011406505049 0
1478 -0.05626032543640982 -0.8936739134122702 0
1479 0.27638295014581 0.3674968222493057 0
1480 0.5974062321904782 -0.09002527281764516 0
1481 0.356597578576912 -0.3673586819702348 0
1482 -0.4511761857656555 0.2534544253698432 0
1483 -0.1783754316114183 0.07272572854819653 0
1484 -0.7823030639996027 -0.8883105412281144 0
1485 -0.3602720682514975 0.9581234786664876 0
1486 0.5367685492299301 -0.5703151409462874 0
1487 0.5741224478170111 0.7941161735639543 0
1488 0.8060736236099387 -0.4311372578924051 0
1489 0.622606381116477 0.1437243904811167 0
1490 -0.08848641280406477 0.280571963684385 0
1491 0.9577925094863856 0.8059701492531928 0
1492 -0.6779028704241808 -0.5326096597068571 0
1493 0.2147701248801526 -0.237098296131943 0
1494 -0.9554446560468663 0.2013790273458987 0
1495 -0.846788546748152 0.7422478277572396 0
1496 0.4440729349765021 0.17920341489535 0
1497 0.7715806925340922 -0.5034725887285344 0
1498 -0.3568080153657947 -0.3100991270722049 0
1499 0.7769416953284056 -0.3453100167871725 0
1500 -0.438788933198184 -0.5021603284983226 0
1501 0.4889051332740015 -0.7788756355048974 0
1502 0.8948275418569702 -0.9584776855803905 0
1503 0.393065321217128 0.06201767926940844 0
1504 0.3926599494737398 -0.02651020701898753 0
1505 0.9568971615905537 0.7053544569435857 0
1506 0.8161253441318301 0.4832502746518016 0
1507 0.8892222738530294 -0.769585784368837 0
1508 0.6682324690798702 -0.2645329441976784 0
1509 0.02213257784225302 -0.896461431770198 0
1510 0.520656493656669 0.4566450364493504 0
1511 0.9021314351715511 -0.09202549895419308 0
1512 0.702212879701374 -0.371776034183892 0
1513 0.7644836251720629 0.2510280476193121 0
1514 0.5063696224944569 -0.1270268303287203 0
1515 0.6347619866579426 0.5315304210582545 0
1516 -0.4328680702636467 0.3196226864035917 0
1517 -0.4307167507405206 0.3978696317136445 0
1518 0.8975561700032235 0.8435108234384323 0
1519 0.5772804132487442 0.5018216087070604 0
1520 -0.3490239429349851 -0.1718752665559721 0
1521 -0.1657435554115766 -0.1625944644149823 0
1522 -0.3468784946093177 0.6080472156208244 0
1523 -0.8689677041574375 -0.799971124026522 0
1524 0.4088185323666773 0.4634757072871261 0
1525 -0.9583138488020239 -0.177819182333535 0
1526 -0.1086626892868832 0.4147812830810219 0
1527 0.3998028588035036 -0.849573804187263 0
1528 0.3101538195332192 -0.5460477412970663 0
1529 -0.3768118075734829 -0.8375317419604329 0
1530 -0.6655474691104225 0.9563168601558016 0
1531 0.3985041702518625 0.6465995205345472 0
1532 0.7593483850639012 -0.9009116942651336 0
1533 -0.8144773160385033 0.8094834064583356 0
1534 -0.1987609494030499 -0.9561345841324709 0
1535 0.9581746914449583 0.8970963530740427 0
1536 0.5002831812157794 0.8363350370566415 0
1537 -0.2164685944355668 0.4543622808315998 0
1538 -0.393841257329635 -0.383094441240344 0
1539 -0.6176477066115365 0.1698246435695356 0
1540 0.01690227478423531 0.07154709671633742 0
1541 -0.6936096479544609 0.1187553547950341 0
1542 0.623233571772553 0.2934655834988031 0
1543 0.53753993880347 -0.01955227295408343 0
1544 -0.6620042016820329 -0.6810517154308529 0
1545 -0.813195656294551 0.9567254815605084 0
1546 0.4571027391192299 0.5307016631337532 0
1547 0.3560782776745364 0.2600765074557578 0
1548 0.4622172163172302 -0.05964688646796483 0
1549 0.1727324306834957 0.7217705036619724 0
1550 0.9562569581184701 -0.8208003884927227 0
1551 -0.6382647332052666 -0.5537972115399001 0
1552 0.8366515894210568 0.01220394491145965 0
1553 -0.80842365899016 0.1638101746060275 0
1554 -0.1926162217125882 -0.2372661990939343 0
1555 -0.8157868906342944 -0.4928917308327118 0
1556 -0.5172806927831097 -0.8819090031592371 0
1557 -0.9567826239926459 -0.5178377127936402 0
1558 0.4900465351420129 -0.9583824659903973 0
1559 -0.6570086197357983 0.538554165982574 0
1560 0.2919850502910384 -0.1460310000912254 0
1561 0.01061031433178321 0.7119996385751677 0
1562 -0.3196680208245437 -0.6597198050210148 0
1563 -0.4817603959737878 -0.9579503885198133 0
1564 -0.5387406880886361 -0.6183330881100446 0
1565 0.1187890119760466 0.5657815076068827 0
1566 0.1556132950973857 0.899558916334128 0
1567 0.4994457818818931 -0.3055117849008594 0
1568 0.4792783587037952 -0.3885804111626159 0
1569 -0.9607308702000719 0.001712077636656149 0
1570 0.7641304142512115 -0.706559620887092 0
1571 0.2180463406057024 -0.8974632634794169 0
1572 0.3728845743182855 0.3049424358562341 0
1573 -0.01343692427561696 0.555385268747926 0
1574 0.2977123671637992 0.2138662693213111 0
1575 -0.2557886729648992 0.9573795436947319 0
1576 -0.3410180265634249 0.8057368528399856 0
1577 -0.2139765755622077 -0.09173287514041709 0
1578 -0.6836781350150313 0.8943198857362475 0
1579 -0.4017887316953624 0.8324570687137741 0
1580 0.4184763313101013 -0.7977218806051123 0
1581 -0.4715296825353384 0.5112324133730541 0
1582 -0.4194944538405904 0.7724331611187741 0
1583 -0.3956089696603833 -0.65075715899979 0
1584 -0.6232717547019323 -0.471710553555875 0
1585 -0.7779601315371252 -0.6315988012575561 0
1586 0.7655494356946233 0.5254800345332318 0
1587 -0.1193749659169595 -0.2087820412293562 0
1588 -0.5739108347196038 0.1034435321676562 0
1589 -0.1495382494039635 0.8377207679859842 0
1590 0.2846321706112959 -0.4136769120763372 0
1591 -0.5481457882628362 -0.6896989512174545 0
1592 0.7256429318884547 0.7411077126322061 0
1593 0.1323733223243781 0.9570727876250282 0
1594 -0.2778983093491212 -0.5841224475990411 0
1595 0.6241253787956585 -0.3433518390906193 0
1596 0.4840232433060532 0.170942880607806 0
1597 -0.2072328915269005 -0.8997878105438007 0
1598 -0.8831966482534537 0.1974449686467599 0
1599 0.8479460196150002 -0.709677298213659 0
1600 -0.5456092080641035 0.8080053513422932 0
1601 0.4814032540713966 0.9046389777499333 0
1602 0.257551164245974 0.8937934540484083 0
1603 -0.7625097582266163 -0.8011860997263336 0
1604 0.5327813798329368 -0.2535230852415377 0
1605 0.1999816560208541 -0.8390447413266513 0
1606 0.8969034118172972 0.2397600749953765 0
1607 0.8216678686462675 -0.3506097849339732 0
1608 0.8937706709428991 0.1569999307790199 0
1609 0.2095007078297378 0.9598269534108274 0
1610 -0.6567164179114 -0.959818742091759 0
1611 -0.6600570875958575 -0.7288917057915609 0
1612 0.2066930074979127 0.1917519571816145 0
1613 0.887451824789785 -0.02494743891509249 0
1614 -0.624434773355433 0.5764489354581727 0
1615 -0.3784575393175708 0.8921355439990371 0
1616 0.199389632894821 0.1153445890294587 0
1617 -0.4049191868323198 -0.2404593339945735 0
1618 0.8960983490788333 -0.842109873927066 0
1619 0.27925802505083 0.9554622136049227 0
1620 0.3486831965603548 -0.4361780813797248 0
1621 -0.4268992885798919 -0.1382057849005716 0
1622 0.2683203918047571 -0.2691593996303169 0
1623 0.3279030084613956 0.6361539362061092 0
1624 0.9595229658766053 -0.897853721535022 0
1625 0.4318250682211093 0.8415447476571035 0
1626 -0.7333896863343791 0.8351509863016681 0
1627 -0.9567760536945883 0.4110986172804414 0
1628 -0.091009742763106 0.5455260320144086 0
1629 0.4993391515185374 0.3883712007318936 0
1630 -0.8363713236964463 0.2017951227034971 0
1631 0.7012288059787793 0.5049014236075761 0
1632 0.4298246083125963 0.04432115788506639 0
1633 -0.6861619162638288 0.7648565817122184 0
1634 0.4120381954297996 -0.4399748193398236 0
1635 0.3757507077567332 -0.6410651902683486 0
1636 0.009500340964435361 0.8479172496460846 0
1637 -0.8992313147358559 -0.3747461494314525 0
1638 -0.8968545748698811 -0.4655227075386178 0
1639 -0.8754514345346792 -0.5054778360932295 0
1640 0.9596375949780221 0.5846765700078003 0
1641 0.3484840969228173 0.5856381970602568 0
1642 0.290238574550949 -0.6419622761860361 0
1643 0.4862919645053393 0.3432995889754669 0
1644 0.5821524919205819 0.4206233234491055 0
1645 0.6787861288424537 0.355257307703169 0
1646 -0.9587341078938603 0.8080803548426393 0
1647 -0.7516636004653633 -0.5097386598579451 0
1648 -0.6964009877390007 0.5516852074941121 0
1649 0.1354359091150436 0.2210515033728664 0
1650 -0.2325779723667987 -0.1428186276207591 0
1651 -0.5820665634055814 -0.6141097114273866 0
1652 -0.02722381539815618 0.786885501955086 0
1653 -0.1465448094320715 -0.7821110454030682 0
1654 0.3094201385660298 0.3377403304906142 0
1655 0.02271990762440158 0.7685494132734444 0
1656 -0.815145446395153 -0.9562552179220458 0
1657 0.9601473818796632 -0.2709939870006562 0
1658 -0.4740111634406153 -0.6434802612952327 0
1659 0.2719839558365786 -0.1884357477464614 0
1660 -0.1339255771776794 0.08651735633922226 0
1661 -0.2935133558741203 0.4577828769825345 0
1662 -0.3077258028935315 0.53853071416252 0
1663 -0.3549744344352792 -0.1230812647637026 0
1664 0.6129683893971684 0.02460381234886843 0
1665 0.3387369566415367 -0.6853841382498272 0
1666 -0.7881260458288891 0.651178494826557 0
1667 0.5913543769626174 -0.4310788188567831 0
1668 -0.9596602520857018 0.654960202731806 0
1669 -0.9082113589363258 0.00423354047257268 0
1670 -0.5995526110339202 0.6448823399438474 0
1671 0.09083451486896585 -0.07933076541682461 0
1672 -0.1868028315345593 -0.8260048214191192 0
1673 -0.5289215132549412 -0.7421924870991435 0
1674 -0.733119493035169 0.527152854877055 0
1675 -0.2787813044591023 0.6526062889214874 0
1676 0.3411413221988006 -0.8305840479901745 0
1677 0.1816351000982709 0.1574957220531804 0
1678 -0.6999778156084138 -0.9042089678403533 0
1679 0.5523404233453989 -0.4045421109221071 0
1680 -0.3766145547998743 -0.5195585960816912 0
1681 0.9595443505786883 -0.9595443505786294 0
1682 -0.6656938402696103 0.3235064237085208 0
1683 -0.8584235227830832 -0.6127456099487414 0
1684 0.4693460148755025 -0.5274412205091419 0
1685 0.226517538007826 -0.01682292484840147 0
1686 -0.493128162475885 0.2626323080619479 0
1687 -0.820264692801962 -0.384175321811829 0
1688 0.7205771643628454 -0.8393333642064027 0
1689 0.9586887560413964 0.2580355847566577 0
1690 -0.9583143843830709 0.9050053995332807 0
1691 -0.1236962339100931 0.6578828920538713 0
1692 -0.7833510858841894 0.4691830160977706 0
1693 -0.5878667819683229 -0.6858003445226825 0
1694 0.2727354393861449 -0.009483283959656858 0
1695 -0.3364930670497787 0.6767116247170839 0
1696 0.41692970380394 -0.6573091820558227 0
1697 -0.5632303214539185 0.8927661632145449 0
1698 0.5593215282292092 0.3776718738334294 0
1699 0.4672410483742047 0.7720154480511408 0
1700 0.6450147471660013 -0.1012182413365479 0
1701 0.665450282403085 0.2886076643365414 0
1702 0.1627001189515352 -0.9584785562904456 0
1703 0.5525250188762081 0.2558953777063995 0
1704 -0.1732367214555614 0.4558749445580843 0
1705 -0.2700695557507558 0.1589337315346362 0
1706 -0.1378611229772845 0.2361423922643536 0
1707 -0.2468273865458547 -0.6752671736501714 0
1708 -0.6439436898967099 -0.6043419099553393 0
1709 -0.8527445526913724 0.5974874398604701 0
1710 -0.7162629044952058 -0.5772298507499903 0
1711 0.06444730590206063 0.5548679400922901 0
1712 0.1365648094478319 0.8006495961812462 0
1713 0.472422799972303 -0.4539170780681596 0
1714 0.9010192837054458 -0.6396863347419645 0
1715 0.6392931157386963 0.8333923409920392 0
1716 0.192342633510045 0.2861746596776247 0
1717 -0.2315751158177908 0.4086257258659576 0
1718 -0.8592918710170458 -0.9055310488854899 0
1719 0.4184907702929571 -0.1067028932221776 0
1720 -0.7046125171807246 -0.6680149942076368 0
1721 -0.9048429490527734 0.438210277815614 0
1722 0.4491868261365708 0.9621024045510447 0
1723 0.7357036062785344 0.6789166429735948 0
1724 0.07598560978434485 0.9053875651624486 0
1725 0.6905150450632344 0.6225296827963267 0
1726 0.4909172026798521 -0.6890119977045394 0
1727 0.1607903819877431 0.6821527091717381 0
1728 0.9589993226879435 -0.5853435574006599 0
1729 0.3814639168973453 -0.07580423104254964 0
1730 0.9610926742333649 0.3674684631442851 0
1731 0.8915570055977075 0.4777551868223907 0
1732 -0.2021286688437401 -0.746300885356054 0
1733 0.00916447853429792 -0.1051651904872525 0
1734 -0.8810575618711171 0.6655132931945292 0
1735 0.8507227547121161 0.09530000851988052 0
1736 -0.1046388285936285 0.8013763968285494 0
1737 -0.8559800003516651 -0.3294249107443471 0
1738 -0.778706445710876 0.2526719460996606 0
1739 0.116178300608566 -0.1421091728649127 0
1740 0.3311157884881791 0.08425303391982186 0
1741 -0.7612947193374231 0.5992079271126476 0
1742 0.7807154641834289 0.4885327499906924 0
1743 0.266150248139566 0.5994898831969689 0
1744 0.2889069853531129 0.6372852123718374 0
1745 -0.9032970775265494 0.7833522691593822 0
1746 0.2527328563339896 -0.7032040802055993 0
1747 -0.478132669698659 -0.8973921536257214 0
1748 -0.2031233103450805 0.3736179719989739 0
1749 -0.075070547549698 0.9608154994778384 0
1750 0.3429048234879166 -0.08763753045196056 0
1751 0.8950585383397621 0.3619886825976265 0
1752 0.5918307161705889 -0.5195725792158354 0
1753 0.4302241686130886 -0.9613208430801052 0
1754 0.5643958602459112 -0.665199998048811 0
1755 -0.06076750803919726 0.6856317115046621 0
1756 -0.5615305554247569 -0.454525383981202 0
1757 -0.2678977624058537 -0.7269311970915276 0
1758 0.2997671203721524 -0.2235974208734609 0
1759 0.959548308426168 -0.04239946558047847 0
1760 -0.7854970018394166 -0.6834295417141775 0
1761 0.7321059711792069 0.2749756776267934 0
1762 -0.9074152228623573 -0.956931873345398 0
1763 0.7376289465049731 -0.434038735588357 0
1764 0.6041922216366691 -0.5950422156969776 0
1765 -0.845355062199441 0.4658903538420575 0
1766 -0.3090035205208533 0.418528831689665 0
1767 0.7907878247524478 -0.2655382411036114 0
1768 0.06364159994378733 0.07335159176233916 0
1769 -0.3880199798766345 0.3853021059084665 0
1770 0.2933331424842901 0.7106159055266766 0
1771 -0.8954629314714404 0.7028825097300743 0
1772 -0.2173575789995527 0.6388268477259484 0
1773 -0.01032007276029013 -0.8277974670828468 0
1774 0.62495246660035 -0.9027328504719728 0
1775 0.4951024347471182 0.2944690750131758 0
1776 0.8449652536410914 0.5113986095850541 0
1777 -0.3322952665353099 0.2676205306495656 0
1778 -0.5565914679353935 0.9612142296230074 0
1779 -0.8699342485037463 -0.2534808642441406 0
1780 0.8402643042713207 0.7873745674697179 0
1781 0.04857995164195072 0.6035272489247882 0
1782 -0.2629535026473204 0.8752349892025959 0
1783 0.07382228788484263 0.1855511249914848 0
1784 -0.4151276743405105 0.05059051407119036 0
1785 0.7532274767529756 -0.6353998082097801 0
1786 0.9046440959247021 -0.3265145183996519 0
1787 -0.4068623211983894 -0.7438456064068995 0
1788 -0.5173688629526244 0.1471548881122117 0
1789 0.383653026297444 -0.2184483349151685 0
1790 -0.4343983132184385 0.9598784268755679 0
1791 0.4902752013474214 -0.9119481443730109 0
1792 0.7313750687026953 0.5954482816166746 0
1793 -0.9603718817513762 -0.6951408647588504 0
1794 -0.3594739037157573 0.0764721768607779 0
1795 -0.6184201810332107 0.3201479629207111 0
1796 -0.4867004873083509 0.617595017166746 0
1797 -0.6568470033116187 0.09966589134404431 0
1798 0.1225602641276611 0.116652102743204 0
1799 0.7951016387875155 -0.7592784021657591 0
1800 0.455031462295161 -0.2885139571259299 0
1801 0.2602978227066233 0.07405766543597263 0
1802 -0.1731632986649434 -0.09138792914885524 0
1803 -0.7503086075717555 0.911854828133436 0
1804 0.2871870652252941 0.8067838584656285 0
1805 0.5063285739319666 0.2221906329092206 0
1806 -0.4228321610265541 0.2769262119319015 0
1807 -0.9585721001175347 -0.2580883723349806 0
1808 -0.8042654108310776 -0.06741935519330594 0
1809 0.4236074848072832 0.2372674701714829 0
1810 0.08138908077744712 -0.1185443033043256 0
1811 0.7731099263768965 -0.9583683126447096 0
1812 -0.602761230505557 -0.8022697054371893 0
1813 0.06190902294688959 -0.2416885976352706 0
1814 0.677123049649461 0.9620151326150668 0
1815 0.8927925234131551 -0.9200325769430848 0
1816 -0.7375308552112935 -0.4456556205704937 0
1817 0.3144043091155103 -0.3569645818920665 0
1818 -0.5360625861349025 -0.02954825029441102 0
1819 -0.8131992472763545 0.8608767000988478 0
1820 -0.3526842557088401 -0.3851418909455335 0
1821 -0.9553939160554068 -0.7624196823658272 0
1822 0.194995337411193 0.4434147493340763 0
1823 -0.5529034292118686 0.5798269449321323 0
1824 -0.4758405906620734 -0.68454517846358 0
1825 0.1352331661328374 0.7466800749898205 0
1826 -0.08554336026002832 0.4495056775982891 0
1827 0.2190268603679582 0.7788171842641853 0
1828 0.9612943863950257 0.9612943863950751 0
1829 0.6548568910928859 -0.1465028801311062 0
1830 0.5516924990628373 -0.7529083855065166 0
1831 0.3277480483854059 0.1882864262608013 0
1832 0.3683786833621657 0.1975411906270641 0
1833 -0.4500871163564739 0.4342055495248331 0
1834 0.3030054634219035 -0.7550870280261619 0
1835 -0.03910967065992231 0.4380699312972973 0
1836 0.6178745099286577 -0.5537341940096312 0
1837 0.2833986583305589 -0.06196991674134329 0
1838 0.8785360217865004 0.2781452953626281 0
1839 0.3434902686300713 0.7735166024977556 0
1840 0.1372306729782878 0.407272891216864 0
1841 -0.552275605045211 0.2771028593728074 0
1842 0.6878635431454105 0.434859784239836 0
1843 0.1440495858925697 -0.01281371687089787 0
1844 0.3501765635925178 -0.9619385944448106 0
1845 0.8453470017901693 -0.899201423362931 0
1846 0.2305205503554158 0.6674640333837549 0
1847 -0.375295469136453 0.7585147019113367 0
1848 -0.4941085335680815 0.7872699732619335 0
1849 0.6302749282448513 0.06070230953827741 0
1850 0.1706295593773626 0.6115672937248264 0
1851 0.6583639794930403 0.5015742740590359 0
1852 -0.7892524644607459 -0.5876692840366062 0
1853 -0.4360030636005885 -0.6203907540356814 0
1854 0.4675431177680288 0.09970926476264191 0
1855 -0.4130320309717789 0.6304980728780952 0
1856 0.0486490370628162 0.8312617478267107 0
1857 0.9630833796310092 -0.7797254503713663 0
1858 0.0755969089629088 -0.1938707393204289 0
1859 0.1213191286297295 0.6709543310319248 0
1860 -0.8696659067878869 -0.1800069085705151 0
1861 0.9047533299632035 0.4390144256160006 0
1862 0.03323413818945269 0.2666827337242273 0
1863 -0.01353923374720073 0.2720309492245178 0
1864 0.3556760934049623 0.9556450690835476 0
1865 -0.8401537023639973 -0.7222343552616438 0
1866 0.7259586375997693 0.7931246507498129 0
1867 -0.1309037836140173 -0.9102664508348959 0
1868 0.5284628684650786 -0.4753908574715522 0
1869 0.1964086357471009 -0.3032074151845903 0
1870 -0.1377742183652563 0.339247336105159 0
1871 -0.04950150032190695 0.01055181750338887 0
1872 0.6130562784336864 0.3429762751388499 0
1873 -0.6813940419879938 0.03705666578534753 0
1874 0.3958455213089582 0.4063159891781477 0
1875 -0.1590624161379279 -0.2026501934772758 0
1876 -0.6124708945108355 0.2698976836805141 0
1877 -0.9669233332914587 0.1630845758031576 0
1878 0.1557576239630921 0.4429323657962255 0
1879 -0.8600731106059541 0.3355402069787965 0
1880 -0.05027002425189812 0.7546612665350004 0
1881 -0.7382418121994281 0.2078181679880849 0
1882 -0.7624180946638903 0.6936962724043442 0
1883 0.329753616762351 0.9017970544145966 0
1884 -0.6304044605402412 0.6677742611059689 0
1885 0.7136164169509175 -0.2965969665966793 0
1886 0.7686670664639883 0.8061355310128199 0
1887 0.344060993329465 0.5189328376648257 0
1888 0.9615626139872673 0.4431107752544544 0
1889 -0.3852814100760596 -0.1037603033924845 0
1890 0.3567404097323963 0.8211929362394552 0
1891 0.808094554675275 -0.03686517078328662 0
1892 0.6243766314239406 -0.4057768327133742 0
1893 -0.8794578109682537 0.8201874748285536 0
1894 -0.3393563499220408 -0.7665546558074885 0
1895 0.8311413201838885 -0.07345348371637656 0
1896 -0.1583316748234212 -0.9614318380350592 0
1897 0.4278492717715169 0.8041830746057971 0
1898 0.8498635403079319 0.8968164438165324 0
1899 0.05906641588023612 -0.05278495463013189 0
1900 0.756689415455809 0.4532317450131453 0
1901 0.8091364078303864 0.9026399344947136 0
1902 0.686654862610244 -0.07862045409905612 0
1903 0.6762408742696728 -0.900649021628859 0
1904 0.1661144965555145 0.02169033295500548 0
1905 0.1363598791951175 0.3412289457269611 0
1906 -0.09748784031689639 0.07000238116281939 0
1907 0.04997401232872533 0.3108764861230616 0
1908 0.01641714867420993 0.3499482330171913 0
1909 -0.5537697699221051 0.2155548583891269 0
1910 -0.4527402208256397 0.3651677199060532 0
1911 -0.6760556113318288 -0.009375230154842755 0
1912 0.2934858786124598 0.291119347482838 0
1913 0.1826030304243321 -0.7746997684257374 0
1914 -0.8520734817137581 -0.4076996451478433 0
1915 0.8181476065840119 -0.82612057668316 0
1916 0.4994775115569043 -0.3434607075396474 0
1917 -0.5231929127507358 -0.9617086060779547 0
1918 0.2147879282100554 0.2337975708206297 0
1919 -0.9074867736403691 -0.6973456084973428 0
1920 0.1618819885554642 -0.08768035153106295 0
1921 -0.8266664367662595 0.4108407277893683 0
1922 -0.5156066069762681 -0.5552938361512374 0
1923 0.2556536189758555 0.1753663635127029 0
1924 0.4676914445720289 -0.724032890174334 0
1925 -0.5205296472391867 0.01373829629878821 0
1926 0.01229672891475686 -0.2366201872753853 0
1927 0.05884367241540914 0.1425875533005566 0
1928 -0.2115705656420497 -0.02800016634736706 0
1929 -0.5593988560802203 0.7176141416492127 0
1930 0.9579429875361313 -0.1387175297583665 0
1931 -0.3195243940000045 0.7292971874056778 0
1932 0.08102222218157532 0.1100662635945652 0
1933 -0.3167530999419919 -0.8343886993801821 0
1934 -0.2707683559439754 0.5325129580135567 0
1935 -0.5448007400445363 -0.906863213497564 0
1936 0.3596142981962269 0.6621180880437767 0
1937 0.3444882965519215 -0.2876595514910211 0
1938 0.1734182332013727 -0.9129822520151183 0
1939 -0.9644034935079806 -0.4787872648802114 0
1940 -0.1844696688038665 0.9638287597642103 0
1941 -0.8699340452434468 0.559730516364328 0
1942 -0.1199013809693282 -0.8508521212099756 0
1943 0.2069284777872295 0.9217329228191673 0
1944 0.1593383691234936 -0.845052128007829 0
1945 -0.8372248287182749 -0.03018085311489752 0
1946 -0.155408025716587 0.4126951513135177 0
1947 -0.02355759091245648 0.4779781726800095 0
1948 -0.4690782757921153 -0.01270288556253433 0
1949 -0.4680469553128211 0.05801504171274038 0
1950 -0.01158392943880714 -0.8727568729945118 0
1951 -0.461283267040473 -0.09509647759752343 0
1952 -0.4513980914964757 0.6545708243678818 0
1953 0.8085021039932822 -0.4743713572898968 0
1954 0.8678013828263853 -0.4338864257163188 0
1955 -0.3828045632902981 0.6823162404526345 0
1956 0.8802966954701426 -0.0629129244399637 0
1957 -0.7119202759413861 -0.788900755740973 0
1958 0.9110552318800049 0.6387958998208824 0
1959 -0.05316616756608393 -0.2522548146067169 0
1960 -0.02658931292712721 -0.03965927613480513 0
1961 0.7050302156239238 -0.7822963103225065 0
1962 0.3832618540182606 -0.3155597974131515 0
1963 0.8587448163694511 0.6922951861688841 0
1964 -0.4126415649142048 0.458791083735952 0
1965 0.7153905871369283 0.4641973412449817 0
1966 0.5428395785636704 0.8975565780117851 0
1967 -0.495329158959212 0.1812491778920451 0
1968 0.2655387847248451 0.7544868456471467 0
1969 0.3825996454217088 0.2323422747212293 0
1970 0.008716841581259864 0.2050279680809275 0
1971 -0.5149999184531941 0.5264542497411637 0
1972 -0.1613658134263955 0.7301241106470947 0
1973 0.9615002128715184 0.1334238329114176 0
1974 -0.0358834345330566 0.7206173777763256 0
1975 -0.1355551418005996 -0.279915289902731 0
1976 -0.3545790213667555 -0.9015123346230577 0
1977 0.01274452150951318 0.6687297029606887 0
1978 -0.3068138163006875 0.7920501421242958 0
1979 0.425977948721912 -0.3313722757398203 0
1980 -0.08338219430488421 0.3742867822895523 0
1981 0.6019121330706647 0.2437326296954024 0
1982 0.08074531035722793 0.4896214467086862 0
1983 -0.8298463483723888 0.6691437032331553 0
1984 0.6433184175498509 0.4559931615876092 0
1985 -0.3142738519885164 -0.9596787488458729 0
1986 -0.06941861863526963 0.6141438994902227 0
1987 0.9028872929796329 0.684054917022181 0
1988 0.08357954473603288 0.3670604242798308 0
1989 -0.5047979782555301 0.3785018210577649 0
1990 0.5375608682470923 0.1560316702040435 0
1991 -0.5647897640339292 0.3242232053531811 0
1992 0.01543392208712233 -0.1803159609304793 0
1993 0.4178027101406835 -0.9215415055563791 0
1994 -0.3252753197789912 -0.5571268679982019 0
1995 0.3713365168895207 -0.7181336955413932 0
1996 0.5446419548430629 -0.3468122028384516 0
1997 -0.3156236531029168 0.5905743949136009 0
1998 0.02313090436657816 0.4686615024103745 0
1999 -0.9647507897720898 -0.4161955881663678 0
2000 -0.4339198966337523 0.2090714338431597 0
2001 -0.3233694979773135 0.3443362824251978 0
2002 0.1298871268353266 -0.8011594518503775 0
2003 0.2181154252871859 0.8581365317955378 0
2004 -0.2128919186165135 0.6852706757271978 0
2005 -0.6758042530408327 0.2701432116335162 0
2006 0.9609561076311632 -0.5145677562510449 0
2007 0.8295920559953756 0.2095905063218933 0
2008 0.4337053405519745 0.3558492044978004 0
2009 -0.1028810249928142 0.6894065074233309 0
2010 -0.1077508008291713 0.03008376295598789 0
2011 0.9216352578044978 -0.6975293437480005 0
2012 0.6558551746634127 -0.9749869979909593 0
2013 0.7698832423163303 -0.1113738635173133 0
2014 -0.06980904079197911 0.2083890161704963 0
2015 0.651569557664114 -0.8085019260872535 0
2016 0.5999098626959508 -0.2282952175268345 0
2017 -0.9022717228845503 -0.1288405357674107 0
2018 0.5650487875409665 -0.5951975399482783 0
2019 0.8610301529479844 0.8622711146901638 0
2020 -0.7670229447729159 -0.7395587390768797 0
2021 0.8314840923186158 -0.6634508822998434 0
2022 0.9629660376372222 0.1820550909314315 0
2023 0.3939473965503752 -0.1449977848357012 0
2024 0.3672730137950648 -0.9162933773959607 0
2025 -0.2979844467474663 -0.8759865039182522 0
2026 -0.2190180842736465 -0.3601672088100752 0
2027 0.9198247825390651 -0.8935717240143731 0
2028 -0.4809995317280911 0.96892560398948 0
2029 0.835354219348549 0.6494378167404463 0
2030 0.9156268745192255 0.8978352320160172 0
2031 -0.1607988848010591 0.01184856663098757 0
2032 -0.9618574396834376 0.3223404809544864 0
2033 0.6019023169084317 0.785526702293508 0
2034 0.6870194085207606 -0.8587661752979394 0
2035 0.1161372915141198 -0.9710578276507522 0
2036 0.7022400246789746 0.03764526260585343 0
2037 0.6975442189383945 0.836176449310055 0
2038 -0.4309722716533519 0.9082176234435332 0
2039 -0.3213344623199413 -0.01480041985171601 0
2040 -0.6843341640618241 0.1478130076350223 0
2041 -0.3416397913127996 -0.05248108811267507 0
2042 -0.5199724874421872 0.8589774380957209 0
2043 -0.7102792807015216 -0.74169077612552 0
2044 0.6117737835934351 -0.6260228243737638 0
2045 0.5900822720061492 0.1835541431785156 0
2046 0.6575935937116354 -0.5415881373298945 0
2047 -0.05506671588042963 -0.8123583280680444 0
2048 0.7940344726035746 0.03488919342984392 0
2049 -0.3482869484096263 0.1921887394907202 0
2050 0.3506040627458677 -0.1760239166178134 0
2051 -0.857060822501569 0.07817124898521595 0
2052 -0.6406601639161579 0.8791783306854267 0
2053 -0.9647280735144785 0.4845439206800189 0
2054 0.9175844259310217 -0.1604584857341854 0
2055 -0.4667171183059877 0.1109388309091437 0
2056 0.6626716714659814 0.5697718145947042 0
2057 0.6807868932522526 -0.6647680344391897 0
2058 0.8485187850674195 0.9630487032020186 0
2059 0.6953471248532993 0.3968661767229635 0
2060 -0.5120421045028444 0.2183470473413715 0
2061 0.2435130972411903 0.1177299641727711 0
2062 -0.1116852832758063 -0.08944789554118393 0
2063 0.05898306216642177 0.6310526118522395 0
2064 0.4577177536538843 -0.8016821811968523 0
2065 0.9170218224478925 0.01602503766964316 0
2066 -0.1089096401836727 -0.1379474319958617 0
2067 -0.09344040279910788 0.1464280738899046 0
2068 -0.7636074115802673 0.370073298956001 0
2069 -0.4019895326628132 -0.5717788090675214 0
2070 0.9636516319295506 0.02732064474262372 0
2071 0.9237608196431859 0.7195446808488635 0
2072 0.9179824675311246 0.5052191151450662 0
2073 0.0149239883992188 0.9203403751011056 0
2074 -0.216138321846151 0.5816523102476931 0
2075 -0.9581992850520253 -0.5808330038494582 0
2076 0.7338986530498854 0.9116088522776283 0
2077 -0.2620784557501458 -0.8038412690941127 0
2078 0.7930730419177676 0.7709269588158678 0
2079 0.09674930258027084 -0.0007417680905867685 0
2080 0.9160399873007719 -0.521615889157976 0
2081 0.08306358315469597 0.4396530523306701 0
2082 0.6610617751793032 -0.6172986568652361 0
2083 -0.04107254747909836 0.378244482063861 0
2084 0.2016773197104398 0.3766625517440135 0
2085 0.8642157045673974 -0.1836736569421706 0
2086 -0.9598834540046843 -0.0450569271027303 0
2087 -0.3531289883115817 0.3105061526810213 0
2088 -0.5575727514714462 0.6206332251060294 0
2089 -0.1682873311458555 0.3042534943161432 0
2090 -0.713842123137425 0.579730917394465 0
2091 0.357158341619396 -0.7587495486649 0
2092 0.7097992838148858 -0.9203802318230359 0
2093 0.1286983243748314 0.05998311969703361 0
2094 0.5599452560995903 -0.8011939768463567 0
2095 -0.07325078603794501 0.5007113482565969 0
2096 -0.7926973226986276 0.05231730333914379 0
2097 0.6133262825299528 -0.2649185734844427 0
2098 -0.3918557128186471 0.3316997599656956 0
2099 -0.4853061421909556 -0.7374781802262458 0
2100 -0.600546660940439 -0.7331001894537792 0
2101 -0.723893014763452 0.7648390917579085 0
2102 0.5536856915501589 0.06214566950571208 0
2103 -0.1678679725424754 0.6904088733807944 0
2104 0.7200519770819599 0.9691670491168762 0
2105 -0.8038579868145209 0.5250814146780892 0
2106 -0.9116295180098415 -0.8211201285670561 0
2107 0.7291946342009797 -0.5643648946899761 0
2108 0.9649827124142574 -0.6608162998500253 0
2109 -0.7493132274830026 -0.5607360980229773 0
2110 0.009421837256612622 -0.9637841780625558 0
2111 -0.4852590144777286 0.01885903758862723 0
2112 -0.2305055525446813 -0.303442065311595 0
2113 0.09045882408172171 0.8674427788205856 0
2114 0.4592599663968112 0.4092680056217346 0
2115 -0.06574606644827047 0.3104339973932612 0
2116 0.2273059358340516 0.7094182668618005 0
2117 -0.3361916264039614 0.8798988366393985 0
2118 -0.05558717457286296 0.5698212124985383 0
2119 -0.5125532009675389 -0.4204429778416715 0
2120 -0.7204011572661876 0.08996464629189747 0
2121 -0.2545105439869258 0.08814776409726921 0
2122 -0.4857658920552408 0.9033851464794557 0
2123 -0.235676403060105 0.2817180663666258 0
2124 0.5774567676274703 -0.2966936514817005 0
2125 0.7877142035555886 0.6898957683853152 0
2126 0.2570429832752905 0.2417401301169033 0
2127 0.17865779630561 -0.1807230799068832 0
2128 -0.576377405598122 -0.7537011990727343 0
2129 0.9147300757986917 0.9625775341510118 0
2130 0.7234812512406621 -0.7317035247023879 0
2131 0.8561690858532293 -0.4897176474638328 0
2132 -0.808359985219245 0.7217707107670899 0
2133 -0.6220474306027433 0.1357967442212098 0
2134 0.01352700859002784 -0.06650067403254081 0
2135 -0.1076573998980458 -0.7963065082280232 0
2136 -0.1044994937706449 -0.03897946607158394 0
2137 -0.9654947671992771 -0.6519396896616 0
2138 0.539312036618795 0.0041225876153115 0
2139 0.2242812309700863 0.5596580044614166 0
2140 0.4612549846585986 -0.1329549894643254 0
2141 -0.2844384817681748 0.08969288370330691 0
2142 -0.9114718213774217 -0.05860128252989823 0
2143 0.8397863704546227 -0.3142925593066239 0
2144 0.5204152376609603 0.9600821789115861 0
2145 0.4259991151272102 -0.3985535299314005 0
2146 0.5959455125946431 0.4637079443796577 0
2147 -0.538453929419749 0.9197973406724222 0
2148 0.0976545918178999 -0.9197614650196939 0
2149 -0.8221337244438676 0.3114856811962434 0
2150 -0.3469304289114175 0.5305142362262983 0
2151 -0.4941786772451396 0.6907385788554223 0
2152 -0.6857462394058598 0.4696304704915396 0
2153 0.05537101460393629 0.9600935218701719 0
2154 -0.8087581732476087 -0.4595489659342248 0
2155 0.965859015180778 0.66036194672696 0
2156 -0.8049616448682613 0.08574125680291819 0
2157 0.9271751189557469 0.3871810610577914 0
2158 0.6141839660794878 0.9653860877057475 0
2159 -0.6538774030968628 -0.7824091835652318 0
2160 0.8193503795923065 -0.2021438705873757 0
2161 0.02250348442577235 0.5292527709494051 0
2162 0.3247709127899518 0.2594876485138364 0
2163 0.7978171292344498 -0.1603948533004504 0
2164 -0.6095923363315416 0.4301691214366706 0
2165 -0.09328261391750586 0.759958707290383 0
2166 0.7311307982684845 0.5236194752301371 0
2167 -0.03741154189353403 0.1580482468248116 0
2168 0.8421644636140249 -0.1338328001614584 0
2169 0.7475613834646625 0.1840034386987807 0
2170 -0.2541717828142771 0.7676412591958997 0
2171 -0.2018807306348158 0.04143113280787384 0
2172 0.4459151853090213 -0.6187247562469729 0
2173 0.4048033736258855 0.5198686101280305 0
2174 0.7295858873132395 0.08993958457481301 0
2175 -0.9080472459168029 -0.2891065409602056 0
2176 -0.3011699681156533 -0.2735323151810962 0
2177 -0.2438358284105605 -0.8425006362766301 0
2178 -0.3650292966137839 -0.6961539470975326 0
2179 0.298130378782807 0.4812702058671699 0
2180 0.7559096806428641 -0.06871079364739428 0
2181 0.1812111184251413 0.8109072306937047 0
2182 -0.1617714723921681 0.6231474890385303 0
2183 -0.6972327698783831 -0.615886056382317 0
2184 -0.08029184984475939 -0.8617272944978602 0
2185 -0.7161061315844011 -0.861948563267572 0
2186 -0.7091670376677265 0.2649057851110582 0
2187 -0.9700374263964878 0.5381461070293866 0
2188 -0.3194262515113978 -0.6280856276566869 0
2189 -0.04650075105339619 -0.204580395945514 0
2190 -0.9214024258937192 -0.4166720082720404 0
2191 0.970223742495684 0.7774948551702249 0
2192 -0.76825850618212 0.129829031124177 0
2193 0.6252765961841235 0.4053577080751036 0
2194 0.585755882249524 -0.1278088213529342 0
2195 -0.2013443403289338 0.09503868421951663 0
2196 -0.5501329452092394 -0.4928320951067872 0
2197 0.4278222601091188 0.3826107774655417 0
2198 -0.4720341049306992 -0.3719623534291526 0
2199 -0.08174942681508696 0.8711861080762251 0
2200 -0.09266856544759609 -0.969029795444875 0
2201 -0.8637633271807704 -0.08334503161823868 0
2202 -0.5020912284083257 -0.05149157614009334 0
2203 0.9047660417190582 0.750212819669922 0
2204 -0.180234463299886 0.9038180044011652 0
2205 0.4647738885070885 -0.8607229611626175 0
2206 -0.9647309705165511 -0.9647309705165814 0
2207 0.7017004542811893 0.5516625361753817 0
2208 -0.6908074817997083 -0.5012401039407962 0
2209 0.1043894139988717 -0.8691432370752923 0
2210 -0.3165306637992653 -0.2236852161570533 0
2211 -0.6627438348300377 0.3645129621255262 0
2212 -0.4214377464982212 -0.1724442460881325 0
2213 0.6792452606443866 -0.3473638348692324 0
2214 0.2732646477896273 -0.3024921725075144 0
2215 0.4211314353339493 -0.02925281564249041 0
2216 -0.2718352983432876 -0.2046568323078758 0
2217 0.9663648347428411 -0.2062335474437192 0
2218 -0.4289440744609209 0.5725256387096563 0
2219 -0.9036750362615822 0.2257419904503509 0
2220 0.1580773995120707 0.3808288267257356 0
2221 0.2459167439056821 0.3383430281499636 0
2222 0.9677406940360703 -0.3582089552256622 0
2223 -0.5563010748358402 -0.5369017917426074 0
2224 0.6465252430012387 -0.2097819831453881 0
2225 0.0905237326722933 0.74339249802862 0
2226 0.5565442023754581 0.1841699645414052 0
2227 0.4028604555997889 -0.2629911241809338 0
2228 0.1947847328322009 0.5589261004356912 0
2229 -0.47456119192075 0.5837680856327672 0
2230 -0.211279305387346 0.8628504504665986 0
2231 0.2453685346973205 0.2964897872140355 0
2232 0.8266578605870669 0.4419520372608911 0
2233 0.251565919949963 -0.8206724160580436 0
2234 -0.9156594709718155 0.4795662039323756 0
2235 -0.2803721095903438 -0.02044370908154624 0
2236 -0.05128255244903392 -0.09040040746879423 0
2237 -0.5708645340217168 -0.8306437247252985 0
2238 -0.4690392031176543 0.1790647985722429 0
2239 0.4738048116330179 0.2485086277182113 0
2240 -0.5247165809161144 0.459343922571278 0
2241 -0.9070232767121778 -0.6405266160136018 0
2242 -0.128449150122632 0.1203992413017575 0
2243 -0.2832490482921844 -0.1527850007288123 0
2244 0.4115796442115372 0.6894506672434926 0
2245 0.4317121606874451 0.2922481335257623 0
2246 -0.3652924420598477 0.4360397933849873 0
2247 0.7359190091391266 -0.01578344929644867 0
2248 -0.8152247994578282 -0.5531021693207707 0
2249 0.3696852434493441 0.8853703987205406 0
2250 0.7503756439197754 0.3781751599686453 0
2251 -0.07468917704076727 0.8243071181443579 0
2252 0.8007810968457123 0.1517571100597537 0
2253 -0.2528736814147556 -0.2519133022481083 0
2254 0.690336398339489 -0.5075937205529046 0
2255 -0.726557649489079 0.9650362832279961 0
2256 0.8067953351514506 -0.5736332606627674 0
2257 0.8633142410140718 0.4236910354036407 0
2258 -0.7419494403703111 -0.9674261184644801 0
2259 -0.4413594518133081 -0.0672031193457711 0
2260 0.2763018420855661 0.9230579781849299 0
2261 0.006157079411792665 0.5993883538803331 0
2262 0.2003145257577404 0.4983570872796562 0
2263 0.8270752264379727 0.8302369270780613 0
2264 0.5672083098921225 0.8343259766767261 0
2265 -0.5547493828206882 0.3935424526198284 0
2266 0.5411952423840429 -0.06117731681081325 0
2267 0.01054127714373075 0.1180291951308487 0
2268 -0.5508571497134983 0.1360559549210361 0
2269 -0.3315202958042869 0.9675997681161953 0
2270 -0.648578203969096 -0.8589218727756134 0
2271 -0.3736175148893806 -0.236689279650909 0
2272 0.2445125477055 0.818462610936327 0
2273 0.6924890893703834 0.894772059485246 0
2274 0.6467731904224749 -0.2925985938766585 0
2275 -0.5133611821779624 0.6444962823268285 0
2276 -0.2020914684996799 0.179662000111684 0
2277 -0.3991385574633337 0.4948590163606246 0
2278 -0.5840209858486134 0.963587831965081 0
2279 -0.3907839734202587 -0.8648984638971779 0
2280 0.1513828616106886 0.2617441937476033 0
2281 -0.2392839733588125 -0.9756652788843257 0
2282 0.7678597088392052 -0.8164191336993543 0
2283 0.1099584174656833 0.4160188482983365 0
2284 -0.2588357917875759 0.4762264016785513 0
2285 0.430906978156161 0.8728713191271283 0
2286 0.6328087607543671 -0.7368381994615709 0
2287 -0.2998835158465154 0.03938782806494685 0
2288 -0.5787885646096926 0.8170176654700151 0
2289 0.2723094796080723 0.5298095356857327 0
2290 -0.4276868072914656 -0.9654003980789776 0
2291 -0.8743418215692618 0.9095423036191141 0
2292 -0.432983373039892 0.6996548274777693 0
2293 -0.7219570226868859 0.4323817211081387 0
2294 -0.9141460539498881 -0.5351777690101767 0
2295 0.2945469443032214 -0.4831218944417597 0
2296 0.7556513029026922 -0.5732214598854168 0
2297 -0.1560069665923611 -0.05201679986218441 0
2298 0.9641806601118266 0.3400360267412402 0
2299 0.3553915470440154 0.1280086884968721 0
2300 0.05049587531568861 0.1988558869987977 0
2301 -0.7268350262792695 0.3631042188067272 0
2302 -0.535861744395685 0.5088944554435412 0
2303 0.7183813070565875 0.1268305091106627 0
2304 -0.1427711267826803 0.9670373038467392 0
2305 0.5460351648449091 0.2114429315546819 0
2306 -0.9664093574781889 -0.8641271945054529 0
2307 -0.2877820884890962 0.2981901972210112 0
2308 -0.2196340810249624 -0.06572967320344804 0
2309 -0.4139152775589816 -0.2690700877662127 0
2310 0.3905159733778701 0.1719032235123307 0
2311 -0.4494345916107462 -0.849224587858265 0
2312 0.6908347439922403 0.1784302785177714 0
2313 -0.2478345256955433 0.5730723786681862 0
2314 -0.7953578307271176 -0.4017721640874838 0
2315 0.9204771726687039 0.1966793965214332 0
2316 -0.9087856767473332 0.05999734695319471 0
2317 0.777069126377366 -0.4161191494619201 0
2318 -0.712826683877556 0.2180484088765369 0
2319 0.09301512932630804 -0.8121409007994576 0
2320 0.8295992038267423 -0.7948218443345447 0
2321 0.1779198415909201 0.3139407802208409 0
2322 -0.5681831624344014 0.03393463819045073 0
2323 0.03667784436688672 -0.8219941241186898 0
2324 -0.221445313509972 -0.1723703796320354 0
2325 -0.4340157194121713 -0.7985373233079912 0
2326 -0.9055874810530473 -0.8640790172552686 0
2327 0.1201340689751013 0.2915850330153335 0
2328 -0.08749601731061959 0.004948926598213142 0
2329 0.9653830983160809 0.06421776458131649 0
2330 -0.8422615157025243 0.0267065556153832 0
2331 0.4557821252906475 -0.2573260723757871 0
2332 -0.3713582953694852 0.01645858549148485 0
2333 -0.6859877336095919 -0.9719424139852819 0
2334 -0.1281961592082828 0.9114876118907915 0
2335 -0.02793268514895856 0.504386196542884 0
2336 0.3870582699585616 0.567330228772881 0
2337 -0.3751836984924491 0.5502403994777559 0
2338 -0.6980374686598966 0.836924067875715 0
2339 -0.609144655347497 -0.507441798754962 0
2340 -0.9688016072993668 0.2388059701513665 0
2341 -0.9656800022630337 0.04830670449651234 0
2342 -0.7448550361582461 -0.9166449914927078 0
2343 0.801722175698607 0.4190861081042075 0
2344 -0.7279833469231802 0.4873495855145495 0
2345 0.9110780411902968 0.07389864028857202 0
2346 0.5329439187838407 -0.8219137456022315 0
2347 0.2908462220729603 -0.7124927198498279 0
2348 -0.9245759789888467 0.7348258966727119 0
2349 -0.9701832993557261 0.8373873208921488 0
2350 0.6680091131303247 0.2353335873433725 0
2351 0.6048677267593906 0.5207057916952782 0
2352 0.6309866628264085 -0.4807706820254096 0
2353 -0.5638142305129621 0.1728456466173846 0
2354 -0.4562857818472579 -0.5358187730638471 0
2355 -0.03093865889106952 0.4006838480189134 0
2356 0.04874851398528696 -0.1727845577027929 0
2357 -0.6852410531911698 -0.8316185579988521 0
2358 0.6657248830779433 0.1162109527410837 0
2359 -0.2738070126889478 0.8285303936662501 0
2360 -0.6126420070481501 0.9203967018492069 0
2361 0.4866898633028003 0.5266844863072201 0
2362 0.3791669571510004 0.7210750438578586 0
2363 -0.2238976689672915 0.8084338044852066 0
2364 -0.7045428738684768 -0.02642686828506798 0
2365 0.05864179163056665 -0.9687702213524474 0
2366 0.6828360757625188 0.3249598177213707 0
2367 -0.8108225226690298 -0.8484687345408292 0
2368 -0.362167152171325 0.1138778454695063 0
2369 0.1380689968534682 0.08781690235340385 0
2370 0.5390230885168192 0.8504188068813486 0
2371 -0.09842189719166014 -0.9193168382977202 0
2372 0.04530946285720336 0.3812485277038092 0
2373 0.1499804362545606 0.15599474684765 0
2374 0.5315546499477447 0.7891407645632832 0
2375 0.5515207018138694 -0.5471477636011485 0
2376 0.9693246877211279 0.8334587707989494 0
2377 0.8023456920143137 0.1866775251417088 0
2378 -0.1154741729023092 0.2611788983326104 0
2379 0.2377339036305591 0.9682377900843382 0
2380 0.8096339357658803 0.08505663743488077 0
2381 0.770353325047844 0.5681607137158424 0
2382 -0.2993523658056043 0.1927732125478884 0
2383 -0.7890031888767287 -0.5110847925778121 0
2384 -0.3797008573292051 -0.4558472537489649 0
2385 -0.1047766698561293 0.7177916649411898 0
2386 -0.9158513398956974 -0.2240548286435211 0
2387 -0.2175802801396349 0.7397278241647932 0
2388 0.2374767054218153 0.0546182246464801 0
2389 0.4401445471955098 0.7364743458904466 0
2390 0.8492711690818934 -0.5318791232482664 0
2391 0.2099419052733821 -0.9712812965541096 0
2392 0.8395719812863329 0.717125424626387 0
2393 0.8568416154423917 -0.8548160479639877 0
2394 -0.911854195291634 0.5324806118626478 0
2395 -0.3664863320808918 -0.9670879821053529 0
2396 -0.005504212126354656 0.6262983724337476 0
2397 0.9055949741631147 -0.3562108115841627 0
2398 0.5375461426738632 -0.9711196872058157 0
2399 -0.9153590126518717 0.6373875005246117 0
2400 -0.970506644473077 0.6854832756266802 0
2401 0.5758061805666354 -0.705329387197579 0
2402 -0.7282540504650531 0.153413586574437 0
2403 0.03259459137193108 0.4361141811304895 0
2404 -0.8715880018369768 0.3852263641802339 0
2405 -0.7881491992180598 -0.8179799772093735 0
2406 -0.8181885141747721 -0.7506454135466368 0
2407 0.297824377648247 0.5724125759897692 0
2408 0.1686403552918658 0.8617769842924142 0
2409 0.4132368879269515 -0.50653858156664 0
2410 0.2983177038590651 -0.9186637453415769 0
2411 -0.8272132136442906 -0.785390897292748 0
2412 -0.4023294328711658 0.1472780659703698 0
2413 0.05385979568284901 -0.8669000984587919 0
2414 -0.4082037403120067 0.1997864371172678 0
2415 -0.4591941073444294 0.326124006044512 0
2416 0.2756870951572266 -0.1170098803735721 0
2417 0.315276396767652 -0.07465749552987086 0
2418 -0.2676427703516817 -0.4607815516055546 0
2419 -0.3532567636930109 -0.5884627306661545 0
2420 -0.5739412869833604 -0.8594154715659529 0
2421 -0.585206607042843 -0.9655678913392571 0
2422 -0.01281818720291384 0.8314706561958563 0
2423 0.5664787086383269 0.3079506387259832 0
2424 -0.4504684940473622 -0.4250108505847601 0
2425 -0.9696085553422928 -0.9202612110061521 0
2426 0.124938410152355 0.6394047538836214 0
2427 -0.0140200017471497 0.3032202223041507 0
2428 0.6742670304723326 -0.4460668886586354 0
2429 -0.9680337386392925 0.7424808212958396 0
2430 -0.5840958755094553 -0.5721285326354356 0
2431 0.8776417471354944 -0.7991073532949293 0
2432 0.3685635155327844 -0.8544233241020409 0
2433 0.7624116949777189 -0.7834610510447398 0
2434 0.9256801069735587 -0.9704363974812473 0
2435 -0.02465268494825103 0.9676937166703811 0
2436 -0.4226341588505654 -0.9101077399968091 0
2437 0.7929331349421674 0.6248485849325872 0
2438 -0.2657144753954415 -0.9199652681247255 0
2439 0.315792401911725 -0.9664302820599093 0
2440 0.7959482239936977 -0.6336779953131182 0
2441 0.08597009167975508 0.2512773994324082 0
2442 0.345733862879248 -0.4717628851942468 0
2443 -0.467319765440306 -0.7597189440607024 0
2444 0.7477176729428591 0.1509347493450735 0
2445 0.4415616936610033 -0.08216173610899526 0
2446 -0.6107241821208015 -0.911735927281398 0
2447 -0.2937399550503819 0.9159640072748847 0
2448 0.2661706638084078 0.2757715458660535 0
2449 -0.8459979868209052 -0.4340602570327347 0
2450 -0.9653171970261742 -0.1056939800914424 0
2451 -0.5019636322754267 0.1249230378251511 0
2452 -0.5240377935963105 0.07568466404456953 0
2453 0.6410827914310202 0.7498559908370117 0
2454 -0.7404564558832536 0.01108878481352202 0
2455 0.5969559581115169 0.3092210141194409 0
2456 -0.8238870286188194 0.2792100055666573 0
2457 -0.9701309060061487 0.5951021873837753 0
2458 0.243817386233559 -0.7727993209820991 0
2459 0.1122878635749677 -0.06135056751524826 0
2460 0.3827858228199338 0.3320804923929584 0
2461 0.8632576826477913 -0.6318614046070972 0
2462 -0.0654622822705362 0.2575387143842634 0
2463 0.2975571097203328 -0.5196973610700505 0
2464 0.2452862763264198 0.397534767194295 0
2465 -0.9265101111387087 -0.5907805770439805 0
2466 -0.4920733925989099 0.3150778981977719 0
2467 -0.009440892569678731 0.02579187546723435 0
2468 0.8691324303796866 0.1728436449097978 0
2469 -0.3993953502588088 0.2564499415034399 0
2470 -0.517335621010516 0.337901700063434 0
2471 -0.8361444099171969 -0.9723922469951118 0
2472 0.5525985699905542 0.9662253381893141 0
2473 -0.9718201527858437 0.3866651381249382 0
2474 -0.2468604384828687 -0.6464574702086495 0
2475 -0.5768364145915226 -0.02233742424733959 0
2476 0.316971392510322 0.04040658534320443 0
2477 -0.4301548074704041 -0.4702009865050554 0
2478 0.6470409370272979 -0.01415095073259157 0
2479 -0.6142996690457072 0.2062983962026286 0
2480 0.9689545423155139 -0.4800996953961582 0
2481 -0.7828186687970797 0.9694255251978459 0
2482 0.4160515607385055 -0.6924517519797653 0
2483 0.9665653738460774 0.9285570342862416 0
2484 0.5128130016182628 -0.1825532385408299 0
2485 -0.4897716302642707 -0.445536118975509 0
2486 -0.4737811685862776 0.8376405897822921 0
2487 -0.8491615798486568 0.5381654934079855 0
2488 0.6705611272232851 -0.7842601754919838 0
2489 0.3555137437930525 -0.5196189737038298 0
2490 -0.3169590807799577 -0.4818293647049339 0
2491 0.703360764807425 0.2312530946329694 0
2492 -0.442317694839617 0.8541900091135786 0
2493 -0.2655498173459128 0.6950520351112657 0
2494 0.2378758366277137 0.7551272466068025 0
2495 -0.7547258192904532 0.6672065600796155 0
2496 -0.09196594056162363 -0.1904961892943272 0
2497 0.794101320673951 -0.8791514441845398 0
2498 0.1715911278071492 0.09876310630113598 0
2499 0.5187436637992606 0.9185061301326924 0
2500 0.06580226485122412 -0.9247009800061576 0
2501 0.5690559864718199 0.9209257368491288 0
2502 -0.7181497386213587 0.3214294682291173 0
2503 0.9689092938314283 0.5302900681744507 0
2504 -0.526473263927439 -0.7860176863604103 0
2505 -0.4488578857462947 0.733672119053543 0
2506 0.8201791876447403 -0.2611405675821383 0
2507 -0.3600358587577556 0.2842270705903129 0
2508 0.4622679602073934 -0.5601636699736969 0
2509 -0.7339275354083368 0.6070676378201471 0
2510 -0.2003918604361285 0.5291523379555788 0
2511 -0.8770602695996503 -0.8743290283397733 0
2512 0.1028754083727879 -0.2550103461794644 0
2513 0.8645030244160796 -0.9690410576842556 0
2514 0.5198014029279656 -0.7563387186281977 0
2515 0.09461908158018628 0.6205883417346395 0
2516 -0.2403687532042533 -0.112513040889718 0
2517 -0.2811667387225268 0.7257308963469612 0
2518 -0.4096379215132604 -0.5160040605519373 0
2519 -0.2187834426061821 -0.7642653224207093 0
2520 -0.7025652278950835 0.6553806711963407 0
2521 0.7010389565888099 0.07187474859706237 0
2522 0.1919214005744343 0.2131401393027922 0
2523 -0.05706764918566905 -0.9700155896835185 0
2524 -0.7313269857948356 -0.6871806205981436 0
2525 0.6597255983897319 0.4351989183668996 0
2526 -0.2474852023820922 0.1382690297427318 0
2527 0.3412523945637641 -0.2542383323936215 0
2528 0.8586206611080878 0.3917772860884984 0
2529 -0.390690870846797 0.9693711320619822 0
2530 -0.515788981647835 -0.4909991450432086 0
2531 0.3137160650003381 0.7937366745820695 0
2532 -0.537400802742832 0.7368922728113789 0
2533 0.2214488857032398 -0.1197954056551782 0
2534 0.6951104744064089 -0.1936991964970463 0
2535 0.7636910724440062 0.6300226016304156 0
2536 -0.2082507762138865 0.2566243400136588 0
2537 0.7235834072143649 -0.7594809844170934 0
2538 0.2092421088641977 -0.8662172356903921 0
2539 -0.8374014811487698 -0.6307409193420018 0
2540 -0.5256890600504236 -0.5870341284321703 0
2541 0.3439629339810207 0.6847764101129322 0
2542 0.5570889902724855 -0.2350550813464513 0
2543 -0.6804487743246408 -0.797986682912797 0
2544 0.8197475021454835 0.3481584803556255 0
2545 -0.86586459522373 0.9714500481412927 0
2546 -0.91241022084864 -0.9254156555122699 0
2547 0.01530783854296945 -0.0045369177670264 0
2548 -0.7853415293108004 0.7850931323689495 0
2549 -0.8136220446603168 0.4749964980163257 0
2550 0.5420883269875529 -0.1927203362617371 0
2551 -0.09303570331148477 0.3497198695577339 0
2552 0.8170221932830085 -0.5424194695010303 0
2553 0.4724144843664011 0.02056862956695286 0
2554 0.7260688410640233 -0.9675682124111984 0
2555 0.7838449543870105 0.1269233646574239 0
2556 -0.5904500685099485 0.8636455639206686 0
2557 0.2065950080056432 0.3492191984019258 0
2558 0.004016357014097991 -0.2108335304548262 0
2559 0.7180966258749494 0.1903234080708647 0
2560 0.289989301215504 -0.6092774144475041 0
2561 -0.4631568719488371 0.7964713430171656 0
2562 0.1668914422898652 -0.1209663259748753 0
2563 0.8561847962843279 0.03902455914079712 0
2564 -0.6319736920324406 -0.6720228518879295 0
2565 0.5625126397294954 0.1295913188076633 0
2566 -0.1689436083322644 -0.749042515697285 0
2567 -0.7314379047059731 0.8015714982744416 0
2568 0.3997252527939607 0.1104576688360712 0
2569 -0.2870477671244057 -0.06579368589099892 0
2570 0.8927448165159724 0.9172091077769644 0
2571 -0.2751479573986213 -0.3195673882897578 0
2572 0.4685434849957563 -0.03029882452006127 0
2573 -0.9708000365228564 -0.151522534625446 0
2574 0.9285184358328797 0.1287494687491195 0
2575 0.499523306751654 -0.6124331054113894 0
2576 0.05112214468581845 -0.1244039600943887 0
2577 0.4608111994067569 0.502203144453485 0
2578 0.5712510900868035 -0.8711361348021854 0
2579 -0.566375453276841 -0.5163624392938135 0
2580 0.7246398103067643 0.4001473610330895 0
2581 -0.9669248766665172 -0.373018122291964 0
2582 0.4478801810702213 -0.6541548959107941 0
2583 -0.3119391484057238 0.1297454400498027 0
2584 0.4350098837465283 0.2073825352940523 0
2585 0.2356939850810398 -0.2611893724003116 0
2586 -0.0162365045710489 0.2195253474422782 0
2587 -0.7085638727641292 0.3874842665335823 0
2588 -0.2433389800739326 0.2178326338140547 0
2589 0.609318046693335 -0.7601753928750629 0
2590 -0.5967861833961874 0.07606587444487231 0
2591 0.6371620725336493 -0.682922399010087 0
2592 0.9689103782911854 -0.8688553521163304 0
2593 -0.6048469465070176 0.3719421308916619 0
2594 0.2327887805464479 -0.7208501798798772 0
2595 -0.3705975360535843 -0.4880688185102025 0
2596 -0.5834870421095575 -0.9325776444375447 0
2597 0.6521633973136808 -0.3277386449778109 0
2598 0.8613124810852586 0.3248296358460067 0
2599 -0.8273920496332965 0.1426547779727718 0
2600 0.5603114481646387 -0.9275263590326031 0
2601 -0.6954798488671277 0.6931009976958175 0
2602 0.7139232112532816 -0.2213355881700201 0
2603 0.9298171629958605 -0.2029755487248286 0
2604 0.5833824999185869 -0.02220283544795899 0
2605 -0.259944313265673 -0.6097216001870351 0
2606 0.3986943701011774 0.7671938345474407 0
2607 0.1807051532560971 0.9697320371514618 0
2608 0.9344863349367164 0.7784830101918123 0
2609 0.145081120251776 0.4696807831654434 0
2610 0.5970969465918545 0.8604935297384976 0
2611 -0.5914634042162796 -0.4620694136257755 0
2612 0.8364151361980665 -0.7306738342833536 0
2613 -0.6289494936900988 -0.9716606523738893 0
2614 0.1273325773464788 0.8313513546103234 0
2615 -0.6691386665975573 0.6152942686799477 0
2616 -0.6832515261530073 0.2043835459385729 0
2617 0.4124787304301331 0.6232306364611566 0
2618 -0.09784531141286493 0.6120644422744697 0
2619 0.4582201589856001 -0.9602427068315728 0
2620 -0.4177953023080894 0.8043483101308384 0
2621 -0.2134244133857888 0.6100801289343373 0
2622 -0.622453594102757 0.4897809336635142 0
2623 0.1289645153734085 -0.2123810651866607 0
2624 0.4657407621038864 -0.4960822507481359 0
2625 0.7224001891032803 -0.4573949159403948 0
2626 -0.2245688061800425 0.7110487139741187 0
2627 -0.4307173511896518 -0.693684823352553 0
2628 0.1837794171546094 -0.2372931461615707 0
2629 -0.8319600425926055 -0.3502916889113265 0
2630 0.9657052235677103 -0.9273456923355299 0
2631 -0.7573541140323613 -0.04089555763782866 0
2632 0.7500492063320593 -0.1726160270299561 0
2633 0.1842570646014356 -0.03999947336896367 0
2634 -0.8169873947531489 0.6395190934542057 0
2635 0.3394066309343015 0.744950958407119 0
2636 0.8610888155499338 0.7404975606601508 0
2637 0.5234952698136185 -0.853557359327356 0
2638 0.5452429641833282 0.3372701061369644 0
2639 0.5624844950625577 -0.4772948702663458 0
2640 0.5161538737633943 -0.7000740698955307 0
2641 0.6661699713455124 0.6967600264277368 0
2642 -0.4751049598279047 -0.5825614283649385 0
2643 0.2351026178321319 -0.07000905745446316 0
2644 0.6660984308829698 -0.7378851543973871 0
2645 -0.1952898357268806 -0.1626013082217222 0
2646 0.6235121012138984 -0.3769918168098708 0
2647 0.9165602466325271 -0.4613543182004765 0
2648 0.7390142380496757 -0.8621370665528548 0
2649 -0.710401157462615 -0.447664860449553 0
2650 0.2797015357088286 -0.8600038489879975 0
2651 -0.8803895897384062 -0.7700160534096915 0
2652 -0.6386187962226674 0.8358400899919649 0
2653 -0.6443570045763862 0.2605594652571195 0
2654 -0.7752653891777948 0.3195312632141811 0
2655 0.08829905386277646 0.7995388089997679 0
2656 0.2940439368743896 -0.2903655556121102 0
2657 0.5877300108050062 -0.8415867658274496 0
2658 0.8245902557975713 0.5870851081108358 0
2659 0.7066962359875051 -0.323721988405712 0
2660 0.6308519564195098 0.9156141151802283 0
2661 -0.7656829022931581 0.2277728563548743 0
2662 0.6960847392071469 0.1479018867642026 0
2663 -0.8733686240535949 -0.5888213172637508 0
2664 -0.3755734032459579 -0.9253377513304104 0
2665 -0.2475503242608483 0.6467589776119713 0
2666 -0.3164635663680834 -0.9299172003296552 0
2667 0.7652186758733904 0.2097644478054624 0
2668 -0.8997948855477023 -0.6676841901329926 0
2669 -0.01943980435851033 0.9148254240582855 0
2670 -0.1443972123843128 -0.08824646331036524 0
2671 -0.4792917076470229 0.4799571872274378 0
2672 0.644071361278316 0.2217015536865954 0
2673 -0.567032843223557 0.4225302945067612 0
2674 0.3299528383372931 -0.01940629349592623 0
2675 0.9235884939902728 0.3100897558167592 0
2676 -0.4792087121191356 0.7403118504582099 0
2677 0.0515971553399752 0.04850933820110018 0
2678 -0.8100937744668979 -0.099399850153239 0
2679 0.9177213461505959 -0.02067798466687906 0
2680 0.2276324058327331 0.8853795151558024 0
2681 -0.2639858620763614 -0.04636280079567388 0
2682 -0.4360930136983392 -0.0006730628323303591 0
2683 -0.170718148635706 0.5134661081099557 0
2684 0.6041911824855299 -0.04371715739055373 0
2685 -0.628702481948791 -0.01024603763502573 0
2686 -0.1386200961959779 0.3100246443305366 0
2687 0.5635326284477029 -0.3751433106047173 0
2688 -0.6958093128962624 0.967015297036119 0
2689 0.8981149844922297 0.04360166679120615 0
2690 -0.457354056584853 0.8968645377365582 0
2691 0.7484713700186242 0.8582338744698557 0
2692 0.6941359475318243 -0.401718933202149 0
2693 0.6594899303460194 0.1826514311291733 0
2694 -0.1321562749610966 -0.03124709213470718 0
2695 -0.8710708344021884 -0.1143825476403732 0
2696 0.86002123590223 -0.009148182343042786 0
2697 0.5699813932527955 0.03780965891600412 0
2698 0.7749041034582193 0.9299023764026294 0
2699 0.8818502817840548 0.7999615571023484 0
2700 0.9761196071506922 0.4736181652939362 0
2701 0.4283642443712765 0.1259146098436633 0
2702 0.6154877085419778 -0.7913581845808418 0
2703 -0.04136624437531049 0.8098717374344375 0
2704 0.07535627118926388 0.6820324093651799 0
2705 -0.5329328638317093 0.0406782016739269 0
2706 0.6219180282667827 -0.7049994425435655 0
2707 -0.06592270464954829 0.9177609510269279 0
2708 -0.1299202385264179 0.395280802520491 0
2709 -0.9653011021544106 -0.548854882398137 0
2710 0.7513200474562536 -0.4831450577781423 0
2711 0.6642185840366377 0.7715868375905903 0
2712 0.9093362851994637 -0.7452889796044669 0
2713 0.1460297640938251 -0.2822703966067768 0
2714 -0.8799974567086086 -0.3463982163983019 0
2715 0.299098791290588 -0.8037738808323793 0
2716 0.2148259382079383 -0.3289229114295987 0
2717 -0.7230469597331344 0.9057806120066607 0
2718 0.7555825338033209 0.7361441242889177 0
2719 0.2587945715612091 0.4305614688114698 0
2720 -0.2505934038545051 0.3400030509497532 0
2721 -0.6741974323770528 0.9239205161401869 0
2722 0.2430853041355183 -0.1830468174588712 0
2723 0.9348860195873594 0.824654763298593 0
2724 0.6974487232380634 0.7416359689199746 0
2725 -0.7852995337758656 -0.9181325947151764 0
2726 -0.3295612069987293 0.8446684305140695 0
2727 -0.9260595671536289 0.9712188924985325 0
2728 -0.5567103805750047 0.6849451863218489 0
2729 0.36841636375138 -0.7814424967977189 0
2730 -0.5260562636387347 0.7839731524601701 0
2731 0.8194901807855596 -0.3787631660541393 0
2732 0.4890292755223148 0.4637124625944855 0
2733 0.5215467217380041 -0.2877414457049149 0
2734 -0.2689176747991977 0.2410204211222981 0
2735 0.6395690035906596 -0.8379395739730944 0
2736 -0.003227270245260749 -0.1586012300837197 0
2737 0.8277455845633762 0.3787161179446195 0
2738 -0.3824676664982718 0.7131986114277116 0
2739 -0.9308426124130477 0.2056297376769921 0
2740 0.7698932516936354 -0.9239658019309058 0
2741 -0.4452466894249255 0.1556853218919418 0
2742 -0.174997864603952 0.786107433867645 0
2743 0.9667043412531847 0.7303350438391825 0
2744 0.1925990489255286 0.8393434661895274 0
2745 0.4142896501974341 -0.7695923567013632 0
2746 -0.7471681957383985 -0.4842526442452392 0
2747 0.8914859040305819 -0.6970415130369269 0
2748 0.4239048318424881 0.001683313392318881 0
2749 -0.9718987219683999 0.7786077192145493 0
2750 -0.8051832251278446 0.5788665158766406 0
2751 -0.1318653891353048 -0.8787673018730691 0
2752 -0.3870280249655799 -0.763440501860182 0
2753 -0.7241214390589416 -0.5078350513032105 0
2754 -0.9300878190639081 -0.756296457652182 0
2755 0.4972718011380558 0.06122493240906774 0
2756 0.757925241137194 -0.3211319915715013 0
2757 -0.9685326327734048 0.968532632773396 0
2758 -0.9683255554525179 -0.8300865542694229 0
2759 -0.9707916061142905 -0.3247114219645886 0
2760 0.9090639843231034 0.5339063032483466 0
2761 -0.3385963139460813 -0.737862061167655 0
2762 0.9187630181340741 0.5737427181479253 0
2763 -0.3842661018688762 0.2277131210047667 0
2764 0.8808263428561784 -0.2795156696626244 0
2765 0.3480624290927199 0.4252749236064727 0
2766 -0.3402973204212577 0.375053650792959 0
2767 -0.2843670399241683 -0.7667640659677326 0
2768 -0.7706385895526631 -0.009903988618874504 0
2769 -0.5062014821243288 -0.5256553565330556 0
2770 0.3443250056401944 0.3713898211471434 0
2771 0.2587467481659115 -0.6774988288430834 0
2772 -0.743265454359743 -0.8463317148540225 0
2773 -0.4677585291371714 -0.6167739589930484 0
2774 0.7257157669099886 0.7024866812770397 0
2775 -0.2602768091967072 0.009009071663899915 0
2776 0.2289730096905397 -0.9265414451324597 0
2777 -0.93074107176557 -0.1024789299340363 0
2778 0.9704069208214022 -0.7521269012830389 0
2779 0.8368541383682366 0.2695793285904833 0
2780 0.8957608708684481 -0.1198306179330581 0
2781 -0.8568014854598253 -0.6754296657770519 0
2782 -0.3731273330592701 0.9215404615477761 0
2783 -0.2973904371048574 -0.4228246870901788 0
2784 -0.5200049418206504 0.6725645105768168 0
2785 -0.9692294520271162 -0.7252353345599578 0
2786 0.7576278838313604 0.04176944272436765 0
2787 0.4722174062357179 -0.7540499237588778 0
2788 0.5105345284488321 -0.6422614416439001 0
2789 0.6529387932853017 -0.07396593430554858 0
2790 0.8259519396324146 -0.9264073370467613 0
2791 -0.6278117613977474 0.7818361979088481 0
2792 0.7118414183428753 -0.668835126356305 0
2793 0.2015267066483693 0.411805712219052 0
2794 -0.9261008865195427 -0.3593471552215888 0
2795 -0.83033431956298 0.9208744473212966 0
2796 0.8611632467276596 0.2194423928353718 0
2797 0.5191637223715525 -0.5054874356666806 0
2798 -0.5710531525385394 0.5313933641264219 0
2799 -0.6578023830258868 0.2196691218797557 0
2800 0.4022366599056168 0.4340084049079624 0
2801 -0.36708645268483 0.8198184021452377 0
2802 -0.9199015065877415 0.8494065913919459 0
2803 0.2756471205038502 0.1974411835584987 0
2804 0.9262958926503148 -0.83138334474096 0
2805 0.6157911377985619 0.8034120765513274 0
2806 -0.7593839792231556 0.4825295676904898 0
2807 -0.150156696687111 0.5960184314269865 0
2808 0.9184690932014101 -0.5708547677742117 0
2809 -0.8464809118218866 0.2617960190234354 0
2810 0.02637011131572114 0.8838995400954368 0
2811 0.2247413289512402 0.6207289518850745 0
2812 -0.3492904645619794 0.2197230703980651 0
2813 0.2715469993308912 -0.3371625448308565 0
2814 0.0090335670671545 -0.9302480489484677 0
2815 0.6773689069784858 -0.002609103408538454 0
2816 0.4675672568525122 -0.8928810408746679 0
2817 0.8349786550121243 -0.5937694074314613 0
2818 -0.864161849479431 0.5003939259872376 0
2819 0.2790955210075994 0.8725219522900376 0
2820 0.3839405358181086 0.973934045390439 0
2821 -0.05709576360727389 -0.1375726408407198 0
2822 0.09856964484408209 0.4642721614681989 0
2823 0.2413392674110408 0.5818347948876834 0
2824 -0.3066351827048017 0.6678179387207377 0
2825 0.8752338693360754 0.1037430360902211 0
2826 -0.667078855086281 0.4265033565066998 0
2827 -0.003414716158910523 0.08237312475875312 0
2828 0.8173400176979293 0.2426080834366276 0
2829 -0.1993660941811114 -0.2937758993280593 0
2830 -0.6216348129186604 -0.8199545080799282 0
2831 -0.3243400520353045 -0.8883648524819812 0
2832 0.5989790753983117 0.2127158080007427 0
2833 -0.8874315090873071 0.297896979119138 0
2834 0.9700882337906713 -0.2443556796782933 0
2835 0.680867945321579 -0.1468473364956027 0
2836 0.5246255215074476 0.07742497184340114 0
2837 -0.0417693186641821 -0.9253575957719646 0
2838 -0.9003292224472043 0.5037771491351749 0
2839 0.2455846350833312 -0.3642822837406189 0
2840 -0.3026632192642266 -0.7197397638976563 0
2841 -0.3916134008940362 0.862367468483491 0
2842 0.2872579696865836 0.432729748183172 0
2843 0.8613041229064978 0.9238370027233072 0
2844 0.5121271378475136 0.3338191900127198 0
2845 -0.9691714024572007 0.1106571298298932 0
2846 0.7534396606878242 -0.3644656273796636 0
2847 -0.1102877477872448 0.1697712955466722 0
2848 0.7364660442731301 -0.6976745184532811 0
2849 0.7444022600064552 -0.2574157907942144 0
2850 0.8320902075415497 0.5376936487735831 0
2851 0.5021319378909724 -0.4581507817048774 0
2852 0.03507053959911467 0.6587757938889771 0
2853 -0.1734646998879131 -0.3174050319184854 0
2854 0.555909017751115 -0.6420239836900693 0
2855 0.5550355402083212 -0.1375863113175523 0
2856 0.9158026338111938 -0.2494609850023814 0
2857 0.03077255650189652 0.7378115442860373 0
2858 0.1916267229989496 0.06678919011885176 0
2859 -0.8220170705224875 -0.6973907854378341 0
2860 -0.3964335658222614 -0.5421730726714603 0
2861 -0.2993284363313476 0.3262450213083815 0
2862 -0.4529960903732826 -0.5623941283884937 0
2863 0.920821246173093 -0.7742171415818856 0
2864 0.07628718046154251 0.3230568695304418 0
2865 0.9698851126996169 0.8706058004466957 0
2866 -0.9319811838067784 -0.9740785413803441 0
2867 -0.1461862881762429 0.7673182535961003 0
2868 -0.3392975313868044 0.146899329458505 0
2869 -0.8415294166748262 -0.1372704194388628 0
2870 -0.917975129694603 0.3449805489009554 0
2871 0.07606464987675086 0.7704771739985756 0
2872 -0.9168147163532622 0.5929346511101622 0
2873 -0.8613017173180619 0.867671659093065 0
2874 -0.9326585166644048 0.1036200722296395 0
2875 -0.6776013943003429 0.7929470239984916 0
2876 -0.5209044568799082 0.2757589914761284 0
2877 -0.01225232892111002 0.5284105176966064 0
2878 0.4415003619184602 0.5678301924857699 0
2879 0.3181040202885046 -0.6686924403537556 0
2880 0.3177143607701091 -0.7011500709851326 0
2881 -0.1737746368218363 0.2730871162777794 0
2882 -0.8477750727948877 -0.8418979809695222 0
2883 0.4833807912674518 0.1219708974193871 0
2884 -0.3266136993790275 -0.3844276383464238 0
2885 -0.3894576431968362 0.1725272083854796 0
2886 0.611125140494866 0.08316601535279966 0
2887 -0.05178379020427605 0.1829095380342813 0
2888 -0.3678348182694084 -0.8771639634503345 0
2889 -0.3658438421017313 0.5819410374159696 0
2890 0.9221765272663616 0.2428239198654319 0
2891 -0.6550388119642027 -0.887774880830458 0
2892 -0.8056125913364323 -0.6392642794122702 0
2893 0.1245564895546825 -0.03272708595903508 0
2894 -0.6846255464936785 -0.9370689809926402 0
2895 0.2782669557172502 0.5020197818224184 0
2896 0.9088517963243239 -0.8663215595315426 0
2897 -0.9764390180223235 0.446015612585989 0
2898 0.5353707353996482 0.2740347468460452 0
2899 0.3807846632404969 -0.543560951151616 0
2900 0.7279271890425949 0.3415203702015215 0
2901 0.7821326135562787 0.1005769434139526 0
2902 0.4530225307017813 -0.1618187663200722 0
2903 -0.4613227602897026 0.6814921654776521 0
2904 0.1742191847672326 0.5392838438282882 0
2905 -0.8002102134582751 0.8326189343969717 0
2906 -0.6699891974158954 0.3014942908006028 0
2907 0.7021789034878331 -0.0236662340798314 0
2908 0.8124866995182183 0.6657714487498989 0
2909 0.3819040936030372 -0.37668041867862 0
2910 0.1443783926469057 0.926395436166595 0
2911 -0.2648144089268848 0.2816609875090834 0
2912 -0.1630967894657013 -0.132913435723254 0
2913 0.4120694758937213 0.9228910952294084 0
2914 0.3529628273069347 -0.395410809842087 0
2915 -0.1942869457992156 0.562506591243613 0
2916 -0.6216148598576665 0.0228340382343237 0
2917 0.7434225689709546 0.3193556251662361 0
2918 -0.9147876748384665 0.8787643421857211 0
2919 0.3376604824892327 -0.6125341863317999 0
2920 -0.511863976407726 -0.8441228007490065 0
2921 -0.9198987712682778 0.1453300275882373 0
2922 0.2474366195900856 0.4769923751892423 0
2923 -0.6275195738569298 0.5457896408931412 0
2924 -0.5746092597352389 0.6582155208290186 0
2925 0.03195026288680178 0.1419176229349439 0
2926 -0.872288665295192 0.448789872595544 0
2927 -0.4794171737369136 -0.9273226419035953 0
2928 0.349245096154029 -0.803354147212531 0
2929 0.3029338970597183 0.4065531042630011 0
2930 0.5682748252163011 -0.08070509899250367 0
2931 -0.5982806143354579 0.2254250114311266 0
2932 0.3218842391035679 -0.8966590815630694 0
2933 -0.270476907737443 -0.6665048231792053 0
2934 0.8093480649674648 0.7168664008513586 0
2935 0.9721670041001382 -0.1117041412870985 0
2936 0.701124672584605 0.8054366749983551 0
2937 0.1785385885930691 0.6627133379767897 0
2938 0.9127422069368176 0.4115704589989811 0
2939 -0.5463641407762985 -0.8136681728171474 0
2940 0.241787065882269 0.5358034061932948 0
2941 -0.8146699862558342 -0.0421220233767983 0
2942 0.3077899465674966 0.07153981889093532 0
2943 0.4687174575785735 -0.3615406820132234 0
2944 0.8653652388201984 0.4856964876431471 0
2945 -0.4060526217427982 -0.4084935560798981 0
2946 0.2104448233556789 -0.2797544003921371 0
2947 0.1847906440770901 0.7482468241764442 0
2948 0.1704575144389514 0.50453139221234 0
2949 -0.9715811238256269 -0.4540975856770079 0
2950 0.2864169539334832 0.01788513379602633 0
2951 0.8616514778676715 0.5350668094828722 0
2952 0.8158087255447836 -0.6876930850995114 0
2953 0.9701487549919217 -0.5572099591314674 0
2954 0.4103229725964834 0.8254903033774834 0
2955 -0.5443852223668978 -0.8786374997778382 0
2956 -0.5444339301399738 0.4798694505167544 0
2957 0.3664554250267577 0.4703107031296797 0
2958 0.6940600460538898 0.2975893837818722 0
2959 -0.1499628773990602 0.6726553922376165 0
2960 0.4393048318544832 0.06700837118560252 0
2961 -0.2779476586442566 -0.5266067381965546 0
2962 -0.9224483380449127 -0.4727106813970504 0
2963 -0.2350611005083639 0.4765678353934476 0
2964 0.9718876606972724 0.2357552365628676 0
2965 0.2180465039170927 0.01152615234267762 0
2966 -0.156347065428321 0.1694986531975924 0
2967 -0.6063290891217891 0.7092300623488702 0
2968 0.6565813268604859 -0.5108467886198682 0
2969 0.2615325864059048 -0.8849520473342914 0
2970 -0.4079795641028098 -0.02563179815289975 0
2971 -0.1567041170290533 0.1344811922602398 0
2972 -0.3209652317845498 -0.07214894134274 0
2973 -0.3785067880249352 -0.1772826008343106 0
2974 0.653274690912197 0.9722967585225161 0
2975 -0.7628791228923208 0.05591144762882081 0
2976 0.591644606551867 0.3578360466444732 0
2977 -0.6225676496654897 0.732019979359211 0
2978 0.4707490470526212 -0.6020900822919921 0
2979 0.8534816146395077 0.6273060215827569 0
2980 0.05908446041947932 0.7131845181762642 0
2981 0.3656019814804637 0.02114101854804298 0
2982 -0.16715799372577 -0.8010760259391884 0
2983 0.2658081030853904 -0.9719007443918922 0
2984 -0.814749643869773 0.3641207556890922 0
2985 0.6745337993645355 0.9277344647664358 0
2986 -0.4121806478447382 -0.06992062288433973 0
2987 -0.2944513689754285 -0.6060525719810981 0
2988 -0.2352864865088486 0.9714854077687838 0
2989 -0.2368712191374713 0.8729979568181949 0
2990 -0.7489363775051389 -0.6225853560200053 0
2991 -0.0312289812510284 0.8704651985678294 0
2992 -0.4534059006385024 -0.1252866138847404 0
2993 0.9125426829895087 0.8676859796302133 0
2994 -0.6313585293109109 -0.7368212247088072 0
2995 -0.9026782983835371 0.02896331505209677 0
2996 -0.2802403799460976 0.4297944386253995 0
2997 -0.6646925450958031 0.7002403684749652 0
2998 0.4058589782767696 -0.4779811013318606 0
2999 -0.3716481186648306 -0.3658879419551445 0
3000 0.6666672629919672 0.5955706606619002 0
3001 0.8659536547970508 -0.3833445973731064 0
3002 0.5411625572701237 0.4451117459183302 0
3003 0.3737315974848233 0.5943450236768318 0
3004 -0.2921463691957562 0.2347238489930649 0
3005 0.4574538140601999 0.3403873335809993 0
3006 -0.5489279810426506 -0.7613431090652747 0
3007 -0.9378743569358046 -0.1630031406497741 0
3008 -0.269748426225115 -0.8635278511731137 0
3009 0.4333280864714396 0.1528385825605174 0
3010 0.1473432469495615 -0.183646427771624 0
3011 0.1458540440475929 0.5553093980927969 0
3012 -0.1340256778009654 0.01679072217975995 0
3013 0.819186642676422 0.9709932930120609 0
3014 0.7717271785779596 0.9700558993342727 0
3015 0.5170595835656115 0.4303981652144845 0
3016 -0.6720279556109985 0.8214003320752022 0
3017 0.8267850883481203 -0.2940137020121318 0
3018 -0.8329852831036005 0.09086424629646395 0
3019 0.8168051652059156 0.2963579665850502 0
3020 -0.5798850389422157 0.7630948664736323 0
3021 -0.6152435902286957 0.8108130399897765 0
3022 -0.0407748933693319 0.3200631831380298 0
3023 0.473947784997927 0.9744084092961112 0
3024 0.6184352250689766 -0.2179379335459138 0
3025 0.5189397815466275 -0.9057555086234101 0
3026 0.5240654905966192 -0.4093880766213025 0
3027 -0.9741969659749884 0.6269167983002627 0
3028 -0.2762908723087751 -0.3686424803061468 0
3029 0.7297333590381065 -0.6240802999458366 0
3030 -0.1010769923985313 0.5192417926693209 0
3031 0.9767908958737933 0.4200587640999515 0
3032 0.2617710405643829 -0.3956263250799926 0
3033 -0.5964762066441889 -0.6632433294896219 0
3034 0.9166331990189294 -0.4070813646800629 0
3035 -0.9716000521135766 -0.2036051768934871 0
3036 0.104865028823111 0.354819687320301 0
3037 0.5924236145504927 -0.9721361972137157 0
3038 0.1002487639636632 0.05086510362227488 0
3039 0.4957248329822487 -0.233887765180793 0
3040 0.3462242798558444 -0.5809996823161151 0
3041 -0.4374406974237949 -0.3211092823192639 0
3042 0.7127195842986501 -0.1168311514957375 0
3043 -0.8350958114322423 0.7692983051095532 0
3044 0.513647368431714 0.5106898510736819 0
3045 0.9720354965868083 0.1599314199690736 0
3046 0.4694779707872734 0.2854281730176143 0
3047 -0.2227981788142144 0.1542876405273153 0
3048 -0.00141520683143549 0.412110252965646 0
3049 -0.8456645578483852 -0.4996112703236602 0
3050 -0.6653102570163446 0.6416215232020793 0
3051 -0.4249970103183272 0.02617504107143887 0
3052 -0.1842597733973529 0.9349246645592357 0
3053 0.3646626003198344 -0.1451653142232313 0
3054 -0.8646602685230125 0.7549408214064321 0
3055 0.1202610223292115 0.5133408125595842 0
3056 -0.6978919483796142 -0.55496978731298 0
3057 0.2993094410336926 0.9715704051523628 0
3058 0.8313510912361615 0.1400000438837634 0
3059 -0.2291678913352676 0.001758146851037701 0
3060 -0.04337775302676919 0.03645778472685684 0
3061 0.7864781228620562 0.542712522671149 0
3062 -0.8311543864350971 0.3390446789137652 0
3063 -0.3158609804213207 0.4751503130693703 0
3064 -0.3484142146301289 -0.5360855788462149 0
3065 -0.1045897688395713 0.568146651315165 0
3066 0.41203228469641 -0.1693867110653916 0
3067 -0.4221960483350112 -0.2194715202460548 0
3068 -0.8314600533532545 -0.9369778730348683 0
3069 -0.7764024520016464 -0.975337464411564 0
3070 -0.1967231313131261 0.3169054241610094 0
3071 -0.5015160840126331 0.7196348241445363 0
3072 -0.2284449754259474 0.9191268721888305 0
3073 0.1884518868649564 -0.08028905466047923 0
3074 -0.9369208156551381 -0.3286094998536477 0
3075 -0.000179364516372084 -0.04649362841242419 0
3076 -0.879992418133333 0.1702247795142418 0
3077 -0.4002001634638504 0.07109153698956165 0
3078 0.02593200800449352 0.9731184563382606 0
3079 -0.1149780415510238 0.2936583119864634 0
3080 0.4136136155700794 -0.2079185418431297 0
3081 0.1233469134963643 0.1452220194901825 0
3082 0.5752545556685703 0.0857865234886632 0
3083 -0.4574501300347044 -0.9757927164713298 0
3084 0.3624826882565985 0.7957969386942513 0
3085 -0.2453740921325133 0.05420993648023976 0
3086 -0.04889359380476237 -0.0625920529700407 0
3087 -0.8739131575291164 -0.3936645119272729 0
3088 -0.1200601725422064 0.7783287659373757 0
3089 -0.8889219007497037 -0.1658755214701733 0
3090 -0.6107839364704044 -0.5586657227631978 0
3091 -0.4875859717037815 -0.4730504830960065 0
3092 -0.6386139828377849 -0.9363024572742541 0
3093 -0.703136822266732 0.7418225383938704 0
3094 0.7849997130469075 0.8255462374860862 0
3095 -0.423498687375254 0.6027152503116396 0
3096 0.8275955429110063 -0.01587102519318399 0
3097 -0.6949809581328253 0.8679033716311404 0
3098 -0.9194199862769918 0.3730092296829537 0
3099 -0.8692061976627758 0.722049168867646 0
3100 0.5236679986262769 0.3853732854505912 0
3101 -0.2851667395109961 0.8606018289997768 0
3102 0.3804457638899796 -0.437593993879237 0
3103 -0.3849422069682817 -0.3022978816630345 0
3104 -0.8659627001924172 -0.7358577177962525 0
3105 -0.3082729515002243 -0.5190036602418662 0
3106 0.9721176516200721 -0.423918161719184 0
3107 -0.5716576615602069 0.3711059281323153 0
3108 -0.7573195385164989 0.8510199521770986 0
3109 -0.7590108267727375 0.1059665250821825 0
3110 0.2140367782583982 0.2631549459249483 0
3111 0.9078932773494223 -0.4952182484106906 0
3112 0.4420521947212399 -0.4477283494523309 0
3113 -0.5457881132130215 -0.436946261779414 0
3114 0.6950696053396073 -0.4715574685265961 0
3115 0.5499022050782172 -0.2770013799156634 0
3116 -0.65287703135338 0.7265533118439029 0
3117 -0.6051078574753711 -0.6154348082187421 0
3118 0.835182137638671 -0.9744800700624469 0
3119 -0.4057605319952702 -0.1217514583071188 0
3120 0.9725009023665594 -0.3894088630651061 0
3121 -0.01256272048701601 0.6588724840699962 0
3122 -0.8456758088510006 0.81865403640375 0
3123 0.8678367308713661 -0.7476618516470053 0
3124 0.6127666759744028 0.1662894466891781 0
3125 0.7619196800925985 0.6775881995764621 0
3126 0.6692822450160572 -0.5684264905465448 0
3127 -0.2288219365165462 0.1003218945429102 0
3128 -0.3565425880879576 -0.2822174354005543 0
3129 -0.281218069970587 0.970931208651176 0
3130 -0.7554481142756313 0.5438775958951118 0
3131 -0.1716602732592465 -0.2567196471490654 0
3132 0.5090663793149401 -0.1549623316722757 0
3133 -0.9744914624236573 0.2689598109842454 0
3134 -0.4295773589777344 0.5429435224600201 0
3135 0.05584316115979305 0.01699838280075592 0
3136 -0.9732405660530854 0.926062713263351 0
3137 0.609904338927582 0.937577727962904 0
3138 -0.2670030635030124 0.373930113604821 0
3139 -0.5674052053849812 0.7889928029105493 0
3140 0.3150666353447341 -0.8637872818267206 0
3141 -0.8227066318730697 0.6944410368685743 0
3142 -0.3320706315896965 -0.102157795252205 0
3143 -0.7612988829708855 -0.8702492616444597 0
3144 0.0919083695150523 0.2967517252096483 0
3145 -0.8405896645448507 0.4400279842909054 0
3146 0.7254752876048187 0.02663128218789523 0
3147 -0.3243831962264512 0.7003321721958902 0
3148 -0.30091172004268 -0.1206290171120013 0
3149 0.1491902671994812 -0.7799747995833107 0
3150 0.6301857291925429 -0.1546749283258284 0
3151 -0.6461396436804776 -0.5806439923827594 0
3152 -0.6167272241018059 0.6017302685025691 0
3153 0.3720887189448388 0.07072710486334724 0
3154 -0.9237400616459152 0.2868824610817541 0
3155 0.1585320010379601 0.2262817527534279 0
3156 0.3760926436071911 0.1471174891219343 0
3157 0.2980063788653335 -0.5674520684256517 0
3158 0.9750978213512511 -2.733313399293053e-12 0
3159 -0.9127686311501426 -0.5660305100760239 0
3160 -0.9356407979164165 0.425998631313053 0
3161 -0.4414641720608713 -0.73974283891851 0
3162 0.3747391782317678 0.521531115182546 0
3163 -0.9268320367885019 0.7894657740530575 0
3164 0.3173004502459837 0.8723782576013988 0
3165 0.2929294579702716 0.1444998427343643 0
3166 -0.3588040369198073 0.1704423959562193 0
3167 -0.9365783267778763 0.5460350171583479 0
3168 0.4754446938174364 0.8414361830618413 0
3169 0.337529049845272 0.01889089037002865 0
3170 0.3257564795660166 -0.2266297192494843 0
3171 -0.9249649106833729 -0.9031490791307183 0
3172 0.9732396420056371 -0.3275896402172362 0
3173 0.224235460414321 -0.8335986035432377 0
3174 0.4925210218044608 0.1980313986632867 0
3175 -0.4974213541070384 0.4208891748015606 0
3176 0.1939952692301727 -0.7995688316283813 0
3177 0.8013492549060991 0.5992787736180162 0
3178 -0.083653180994326 -0.2698810561547993 0
3179 -0.3220925674703112 0.9316890709929537 0
3180 -0.1640648901497166 0.5700409174607335 0
3181 -0.808956965977601 -0.887172332124964 0
3182 0.7303699745263873 0.2522760682583532 0
3183 -0.3335450215830394 -0.3233771545957602 0
3184 -0.1857945948660444 0.1226673656428749 0
3185 -0.600457522474906 -0.8698046531649273 0
3186 0.267890126178818 0.09992608361898404 0
3187 0.3317467629674886 0.4011050516870746 0
3188 -0.2699237081538206 -0.5571702023402534 0
3189 0.4943051206615721 0.8642727480687528 0
3190 -0.6505084723623619 -0.6487719630261047 0
3191 -0.645422858335664 -0.4565387605220247 0
3192 -0.9322057726178066 -0.2687693806394533 0
3193 -0.9716839075933763 0.8811109116640854 0
3194 -0.174248974880756 0.8386481138101498 0
3195 0.4072985697654402 0.4894295243226057 0
3196 -0.889178007544823 -0.01462953072522788 0
3197 0.247574676696953 0.6888101283826442 0
3198 0.4432405091849739 -0.1129952973694617 0
3199 0.6265051444603834 -0.9745786090023698 0
3200 -0.492048368876532 0.2363747091883047 0
3201 0.78030912960697 -0.7320089153501673 0
3202 0.759057646872236 0.08838208432482565 0
3203 0.7068688986935078 -0.6108425269269538 0
3204 0.4924516395562236 -0.06633490166302851 0
3205 -0.8798962735516707 -0.9702355082144535 0
3206 0.5788737000031955 -0.4545272206666198 0
3207 -0.7689091187428601 0.4027478668201988 0
3208 -0.2701237495719394 -0.09674383141920855 0
3209 0.3315515608800991 0.6105228872770468 0
3210 -0.9198949192100601 0.7012533262885406 0
3211 -0.1371116694940056 -0.1423607606968807 0
3212 0.5203435139940086 0.1104001292696288 0
3213 -0.9203215994077522 0.9339456971984434 0
3214 0.03119436222256802 0.3338362772306523 0
3215 -0.400274431759955 0.9033503967486066 0
3216 0.2324914629284694 -0.2137851533560819 0
3217 -0.4216522533423261 0.1015435993706414 0
3218 0.3242223307259382 -0.3301792037934065 0
3219 0.9729382805233449 -0.2957916076527114 0
3220 -0.1482976499291081 0.5403594865837188 0
3221 -0.3622867644068625 -0.7851742436425293 0
3222 0.330366290649253 0.3276901154567997 0
3223 0.3854319675486839 -0.9774239453640041 0
3224 0.1821835578361397 0.9128166074380047 0
3225 0.5146868771506801 -0.01377664368878401 0
3226 0.1883222166039146 -0.2077952478062591 0
3227 0.3630096098593442 -0.4926615014151412 0
3228 0.04951453227681549 0.9017767758210916 0
3229 -0.8353636587150832 0.9699766083761622 0
3230 0.7937917758083127 -0.522798813536842 0
3231 0.4310231311518644 0.5284718263456353 0
3232 -0.0496755638088419 0.5944635086705458 0
3233 0.9706942943045285 0.5630933081282776 0
3234 -0.7942275988551106 0.4196757238343769 0
3235 -0.08010458058966789 -0.7949829714731051 0
3236 0.7547740092421014 -0.202369625266315 0
3237 -0.7326461365248458 0.9328962365670201 0
3238 -0.7539725545395788 0.7490579949988752 0
3239 0.3228285444443525 0.8434921712357835 0
3240 0.09049056392904457 0.5664995315675726 0
3241 0.7864057062217992 0.3431509467479799 0
3242 0.2947789382590491 -0.7797727663300504 0
3243 0.2169424210888797 -0.0909276036180328 0
3244 -0.7803682739137561 0.7595047718473588 0
3245 -0.343749214211283 -0.8347706915910063 0
3246 0.7673411602073117 -0.680259827207623 0
3247 -0.976452163157272 -0.2372402823043234 0
3248 -0.1949264530526296 -0.8779777720091231 0
3249 -0.5378095483553711 -0.7147965683402006 0
3250 -0.2627051960096821 0.1849443614010178 0
3251 -0.0910711336286547 0.9377425814154862 0
3252 0.3434096612039645 0.4519307388924891 0
3253 0.9086770943426301 0.2198512341877207 0
3254 -0.8794190207068993 -0.9201323405182612 0
3255 -0.5743058195340822 0.4742802942190061 0
3256 0.9007638300147723 -0.6672511900053631 0
3257 0.9216851604822958 -0.6255130166423474 0
3258 0.9239293228071249 -0.07785199742140321 0
3259 -0.2099536945779827 -0.6992061691662134 0
3260 0.4632035267319128 -0.191997396601202 0
3261 -0.8671816533131934 -0.5337432125890106 0
3262 -0.8354243921062509 0.6159085012541754 0
3263 0.1893117832913667 0.7805552374269342 0
3264 0.7956195922948676 0.8806653930612202 0
3265 0.7474643031454626 -0.8354405874622991 0
3266 0.3700161573323452 0.36182563678216 0
3267 0.8525874696638717 -0.7883977220466634 0
3268 -0.5075396859673127 0.9772249886691207 0
3269 0.1165281178184716 0.7272208355697045 0
3270 0.9759038857926902 -0.1791044776142189 0
3271 0.05889178255282757 0.4296120790506383 0
3272 0.005580982162849236 0.1763601613592682 0
3273 0.9057992838576606 0.77634720658837 0
3274 -0.8878446916844607 0.3319672516552766 0
3275 0.01682109219253227 0.3793030270044722 0
3276 0.2250040751400145 0.5174104721568173 0
3277 -0.6472608312300234 0.3839222139281389 0
3278 -0.8900593698598582 0.4128516812362057 0
3279 -0.4807126110105334 -0.03822193420608393 0
3280 0.8063559390464242 0.9265889184664822 0
3281 0.8001594634631416 -0.8502705764001406 0
3282 0.3014290570680767 -0.3901068953345217 0
3283 0.893192661043368 0.1317436873642293 0
3284 0.5881759723391525 -0.811275035379446 0
3285 0.4729952480366321 -0.6723987170590164 0
3286 -0.8164473585795846 -0.5801366881623026 0
3287 0.579647828189257 -0.7536873752593298 0
3288 -0.8792945923912279 0.6424622735683427 0
3289 -0.1651694946031211 -0.8432826964547677 0
3290 -0.1613337492410267 0.2269878924116532 0
3291 -0.9719333486124148 0.1370031554372034 0
3292 -0.5317439264171118 0.8323803458506385 0
3293 -0.3498573452974987 0.4689596434943727 0
3294 -0.4024423643629 0.5292397626740122 0
3295 0.3754416618702506 -0.04952327887556167 0
3296 -0.09767279344030284 0.2013721878988076 0
3297 -0.8636158340801416 0.141449308377658 0
3298 0.3674446103997004 -0.8852481191927251 0
3299 -0.7872252696140142 0.1769309941521891 0
3300 0.9729990959031453 -0.06736613006853126 0
3301 0.1018209881507223 0.8925060152045566 0
3302 -0.3661899042504458 0.4931765054731304 0
3303 0.4664157859721201 0.9254828493418011 0
3304 -0.880707982105446 0.5836478107325285 0
3305 -0.77953460338418 0.6240269322399761 0
3306 0.3178935649859345 0.1642612434026172 0
3307 -0.542409162381891 0.8772829278210024 0
3308 0.3475168001959837 -0.1186668477187945 0
3309 -0.7737521675494227 0.9234286609781965 0
3310 -0.3574575145236712 0.05087289167718267 0
3311 -0.8108000477969306 -0.5233509882132805 0
3312 0.3730492438567972 -0.3438746818405986 0
3313 -0.5958628898111457 0.120951754198514 0
3314 0.09293732545281151 0.9255183027618494 0
3315 0.5877173229177081 -0.9380952971811634 0
3316 0.3164391048543211 0.4597509363274749 0
3317 -0.2625086710336447 -0.4858549232973701 0
3318 -0.2433083147431282 -0.4144725301970633 0
3319 -0.5827514843935608 0.4440401321939252 0
3320 0.2186016139609494 0.2909273991830401 0
3321 0.6036154289380393 -0.6495077983477631 0
3322 0.2833395797963525 -0.4374606096530201 0
3323 0.9745855380339339 -0.6894144941294772 0
3324 -0.3408785135319911 -0.6473787856503086 0
3325 -0.2712036458074994 0.9388113419094332 0
3326 0.8634784266923619 -0.2426673567757444 0
3327 0.4732484182172103 -0.4114875262870197 0
3328 -0.7945606828650322 0.2327639985405681 0
3329 -0.2024799890167313 -0.9272818523843674 0
3330 -0.4605672443487006 -0.4856969539412399 0
3331 0.3685106506640671 -0.2961654083970378 0
3332 0.5235875263080674 -0.4416449144873603 0
3333 0.7172711740595529 -0.07398637029003843 0
3334 -0.5105644024663608 0.92310905680541 0
3335 -0.4540002084266693 -0.9067851793708462 0
3336 0.4276696643152282 -0.8586612138060493 0
3337 0.7537638844828068 0.4290793384112446 0
3338 -0.4850987426701476 0.5430361210301929 0
3339 -0.03574701962245799 0.2586018275413667 0
3340 -0.6457173584216376 0.1658818750232794 0
3341 0.9758978955396234 0.6879684051759221 0
3342 0.3733203992930574 -0.5734549547987451 0
3343 -0.7702594082785335 -0.7728101208967685 0
3344 0.8782249190828314 -0.2170295499694595 0
3345 -0.9738268771047125 -0.2805135404912077 0
3346 0.7108319151249402 0.6110155313672228 0
3347 -0.8141172516793554 0.03548128235875766 0
3348 0.3136836274690625 0.9217953611957119 0
3349 -0.7220965938534391 0.6320861005277485 0
3350 -0.7060016844948471 0.04304366523063768 0
3351 -0.1195107323670259 -0.9791157063424651 0
3352 0.58933974339212 -0.1816416176203735 0
3353 -0.3812212164403297 -0.6288697341085301 0
3354 0.7682950922853088 -0.007027694850311185 0
3355 0.4566652137084544 0.8953779884408823 0
3356 0.1999931698643938 0.7121658135400433 0
3357 0.9690476075135069 0.2839186503460793 0
3358 -0.6096994999672491 0.7585388099603794 0
3359 -0.2766000906239622 0.03050161120067722 0
3360 0.5061948376810201 -0.9773007524604471 0
3361 -0.1750530671492205 0.04557434883600679 0
3362 -0.1278710253455417 0.4757531173911601 0
3363 0.5582314406168315 0.5164172325881559 0
3364 0.2792702325330184 -0.2425706547915992 0
3365 -0.03726363012093928 -0.1566305033448946 0
3366 -0.209767303597874 -0.2177419105381486 0
3367 0.579068374698101 0.8917246864070238 0
3368 -0.8010685050982445 0.5015264375582461 0
3369 0.4920478314042812 0.7669921516254325 0
3370 -0.717982777779861 0.7037619324992982 0
3371 -0.6427695449969207 0.9696534472168223 0
3372 0.9298737334824333 0.4421136404899945 0
3373 0.6096299805498886 0.2701002496675733 0
3374 -0.2629489191877479 0.5965710621400125 0
3375 0.9372160021520135 -0.4343656011299462 0
3376 -0.4223374350540117 0.4283177211860168 0
3377 0.3758420015867149 -0.245126551857079 0
3378 0.5503448060936896 -0.6855868536424281 0
3379 -0.3341466114080459 -0.1935209610247922 0
3380 -0.6882056804179426 0.3222120675693189 0
3381 0.7403384296082508 -0.1212464094647288 0
3382 0.3149539700080207 0.2343056039817511 0
3383 -0.1068035507766555 0.6384289647878052 0
3384 0.819242783127303 -0.8928280189425075 0
3385 0.2412927753373901 0.4508056268633033 0
3386 0.680347120419327 -0.715550119923964 0
3387 0.706079053458065 -0.8142577019754742 0
3388 0.6386134067941838 -0.2612313814399463 0
3389 0.5183893350900962 -0.5920588985991062 0
3390 -0.3853810768365761 0.3591844834253953 0
3391 -0.3865100218267386 0.1220150280691846 0
3392 -0.3771093432359487 -0.2089315967257421 0
3393 0.8372119842289567 -0.4260781122554715 0
3394 -0.8540365321949231 -0.2791895351010824 0
3395 -0.7620092762183607 -0.6884057537678582 0
3396 0.4183760575843015 0.1757129660071058 0
3397 -0.4975263907067096 0.5980140803186166 0
3398 -0.9793740679301189 -0.6251342708276549 0
3399 -0.1174947176776006 0.5927413964513707 0
3400 -0.3230234586942254 0.5144317453711913 0
3401 -0.9774649635110515 0.3517273803585058 0
3402 0.2826002493936782 0.782768385419615 0
3403 -0.2682182099851174 -0.9758368943504216 0
3404 0.9084133035757751 -0.2231628899110175 0
3405 -0.4939278130931412 -0.7977188100768149 0
3406 0.2757024601186686 0.8327087564531631 0
3407 -0.7229472079318944 -0.7145451343837849 0
3408 -0.3241187916039402 -0.1710139120514491 0
3409 0.6600727107723906 0.09128102050476307 0
3410 -0.5452851880709944 -0.9770862598897319 0
3411 0.688764042709985 -0.9278121700868956 0
3412 0.136182511362347 -0.1282235709268673 0
3413 -0.4123152759532265 -0.6723454991229436 0
3414 0.3647417196646308 0.8528022999363321 0
3415 -0.4200229257320094 -0.5955284992797094 0
3416 0.4478260751437682 0.4325577758712409 0
3417 0.3414137439142995 0.9286190998458053 0
3418 0.8848906853656909 0.6276975963416448 0
3419 -0.4884309924654795 -0.8247904049132867 0
3420 -0.3012826917595648 -0.5718919971401184 0
3421 0.8103007540400308 -0.0908135995161839 0
3422 0.7314368667742388 -0.3143546185598992 0
3423 -0.2374517096634724 -0.7439332113314733 0
3424 -0.3825941042362767 -0.6718606602519364 0
3425 -0.9364751637507716 -0.19540708182337 0
3426 0.449127106981688 0.2364812904809847 0
3427 -0.4168400717633777 -0.378487406089513 0
3428 -0.5501349358415463 0.09162909216496376 0
3429 -0.5920018137174587 0.5025848396501738 0
3430 0.1078819126344572 0.9677109240975149 0
3431 -0.6444101013291614 0.5963696984388761 0
3432 0.3927037017366798 -0.5960681283044597 0
3433 -0.7084412474674314 0.4638650523684559 0
3434 -0.7245242028189131 -0.6011201446870955 0
3435 0.4439355716866528 -0.2133605206161607 0
3436 0.8682347277969176 0.977598404117646 0
3437 0.1500037390130572 0.6020695061612886 0
3438 0.3164191673056324 0.1035443631588812 0
3439 0.3982542855624071 -0.7152950745856868 0
3440 0.1145542729727256 0.696205982433632 0
3441 0.69363214431245 -0.275511929621198 0
3442 -0.2560794451874254 -0.6988584171393741 0
3443 -0.531159815391534 0.5647154952154461 0
3444 0.2313433243281725 0.9101924428237194 0
3445 0.8157011593261421 -0.7706023626455584 0
3446 -0.4491233562880895 0.4971208910616342 0
3447 -0.4781460642243552 0.3685735022486699 0
3448 0.2891149520827916 0.3851720422741851 0
3449 0.5069732338112116 -0.8027838086021537 0
3450 0.7012046264362728 0.3456199762326055 0
3451 0.1458838576293036 0.4966268208786206 0
3452 -0.8817502038262166 0.1184086813137854 0
3453 0.8263890943381691 -0.2327699995355006 0
3454 0.1921874440208181 -0.7485910056251828 0
3455 -0.4983389864591676 0.8778183828982908 0
3456 -0.2081480477156715 0.3981794471610804 0
3457 -0.501540805348325 -0.6809152508178249 0
3458 -0.4670267778391799 0.6310702189161557 0
3459 0.3758243287640943 0.4167102136578712 0
3460 0.1339361807514788 0.3153955049557009 0
3461 -0.7338812579057225 -0.8070147683095309 0
3462 -0.6211468123548408 0.8656271711204644 0
3463 -0.8852597675938361 0.8853787601975944 0
3464 0.4474117084101751 0.7910601422135578 0
3465 0.03622998436921807 0.809024829582107 0
3466 0.6013297438633968 0.4165461243243267 0
3467 -0.4191228917472487 -0.8587628218360466 0
3468 -0.3799558468096157 -0.07720390477795697 0
3469 0.5981407217057968 0.005046952805631189 0
3470 -0.6177781899799398 -0.5315682152990413 0
3471 0.9679284602332198 0.6085219828371395 0
3472 -0.5426552692513145 -0.6648251358476606 0
3473 0.4917687716716276 -0.2019525764831073 0
3474 -0.5635094234391753 0.743261235999733 0
3475 0.09925813327166566 0.02564151607527885 0
3476 0.2602472294094006 -0.9403653978895323 0
3477 -0.1551356929491282 -0.8970670543750621 0
3478 -0.3441683022594987 0.09210834484419084 0
3479 0.2896664491714776 0.7343123083060483 0
3480 0.332292966827079 0.9769112684510111 0
3481 -0.0522104145504291 0.971419464894144 0
3482 0.7245856590233829 -0.4086936157299547 0
3483 -0.6981697629755531 0.4146955095943395 0
3484 0.667039984236046 0.3777087292299644 0
3485 -0.4664656642763229 -0.8753429478314303 0
3486 -0.09820116940813751 -0.1636572077242863 0
3487 -0.00640436405284812 0.7728299709706636 0
3488 -0.2348336509931549 0.4342855163827122 0
3489 0.05210613090598713 0.4821310007697274 0
3490 -0.07122111947396605 0.8501129018069009 0
3491 -0.1162906912532021 -0.8224797621443967 0
3492 0.3931751819357368 -0.2922944863062711 0
3493 0.8691319005956371 0.582334587131577 0
3494 0.03269416021253913 0.2186246875322252 0
3495 -0.9761202001039639 0.5083511664156446 0
3496 -0.9329367070706257 -0.245527818079211 0
3497 0.2985927029262375 0.5414365689518454 0
3498 0.3565677168650704 -0.6612694472197853 0
3499 -0.3858897562885586 0.6272095388776769 0
3500 0.04951059670571009 0.7691872592453669 0
3501 0.5092570978288925 0.1637106116345629 0
3502 0.1114015907748206 0.2322902892979054 0
3503 -0.7522996456896561 0.9741732007342498 0
3504 0.09912002465558623 0.184672184956392 0
3505 0.3366293361609881 0.5437017573800089 0
3506 -0.9327611017124282 -0.8739525692434484 0
3507 -0.3354685911869628 0.2428320508844628 0
3508 -0.06018985083350582 0.4382773154816575 0
3509 -0.9789181010250504 0.3008249922049228 0
3510 0.2500734875541267 -0.1268763340099484 0
3511 -0.8873114422443097 -0.3194088776408786 0
3512 0.6522707826781636 0.875909127696172 0
3513 -0.9774261333691305 0.7156596206720121 0
3514 -0.3175777803317238 0.9055283344152621 0
3515 0.4293066768676213 0.9697279680382522 0
3516 -0.3784913931675083 -0.5868799185238149 0
3517 0.06958721661298625 0.5299573004530449 0
3518 0.1509030368539054 0.9759718290716308 0
3519 0.4323416174456292 0.4513287672533221 0
3520 -0.2458397410200867 0.5305446579364197 0
3521 -0.185670266810159 -0.01245193956978587 0
3522 -0.3231005586037612 -0.4472199667836736 0
3523 -0.9388457441897156 0.3098751703937273 0
3524 -0.3619772011933095 0.73879185116505 0
3525 0.3127924536606895 -0.6239039253853601 0
3526 -0.3509587343878062 -0.4359954994094775 0
3527 0.9391706308505732 0.603862635547106 0
3528 0.7023380894211814 0.5297470427102744 0
3529 -0.7156503992613636 -0.9770703012492929 0
3530 0.6500351351682595 -0.04520870061040007 0
3531 -0.3244587158687903 0.3986431419292842 0
3532 0.2775108240350294 -0.8185424466567434 0
3533 -0.3951487590350387 -0.8202029399773962 0
3534 0.4047271429888779 -0.8183122910766993 0
3535 0.3289118628568163 -0.5302748384747907 0
3536 -0.01935272628809643 -0.1036993269410658 0
3537 0.6513008006227928 -0.8960091614551485 0
3538 -0.4059138090355923 -0.3304820817393683 0
3539 0.8057491609676311 0.8475711469692484 0
3540 0.4184727201006488 0.6637905736122639 0
3541 0.7161507877695017 -0.5178982385681533 0
3542 0.4311325900799247 -0.268233526634499 0
3543 0.7789737035082016 0.2731933008672597 0
3544 -0.7631442494889115 -0.9019008173550203 0
3545 -0.874067687413023 -0.4470719478768165 0
3546 -0.9747752093372354 -0.01977002427575192 0
3547 0.1392476161863366 0.7711117043726738 0
3548 -0.6694766649655847 0.5154031514066806 0
3549 0.9408039027594743 -0.2876378390507568 0
3550 0.5272317917844369 -0.7313918643604649 0
3551 -0.1995408497375387 -0.8051613434352289 0
3552 0.3090105729606685 -0.4240066231997939 0
3553 0.3951317420529115 0.741749269754405 0
3554 -0.6567331721656096 -0.7547041848631402 0
3555 -0.09784966995077521 0.973734950117036 0
3556 0.790548505373675 0.2468008762843456 0
3557 0.8147573548617441 -0.4044968950166488 0
3558 -0.5889722945093189 0.167685503316072 0
3559 0.2060320065212569 -0.03043566439686654 0
3560 0.7739673577196451 -0.2456084906265315 0
3561 -0.7783803848839688 -0.6598252232227192 0
3562 0.5197118524716927 -0.3229754273470994 0
3563 -0.3442073613800071 0.6346060301106975 0
3564 0.229234438253819 -0.04323869882663267 0
3565 -0.2114130946969962 0.8357500151948237 0
3566 0.7766946810137401 -0.2160502121785712 0
3567 -0.8563662277910319 -0.04270222797272183 0
3568 0.5934343554263729 -0.3570094773491204 0
3569 -0.07126122165242607 0.1081063384000072 0
3570 0.7785705821657167 -0.296071605856106 0
3571 -0.2580652308063912 -0.1489320543769883 0
3572 -0.5154735482213219 -0.6279192111789956 0
3573 -0.8601631881332185 0.211274174966356 0
3574 -0.8174679858377685 0.8916137828211204 0
3575 0.6513560740071552 0.05057105638809015 0
3576 0.0162145201538522 -0.8108769288450546 0
3577 -0.1266172674738249 0.8185530670806686 0
3578 -0.1422770555539823 0.6406852555713781 0
3579 -0.5809456376513731 0.0109604939416808 0
3580 0.6297141125083288 -0.9293737949769908 0
3581 -0.7925885619433496 0.9418201416233634 0
3582 0.004477472062240735 0.04931700340472249 0
3583 -0.1338596357872732 0.7244054428706608 0
3584 -0.01426635402535944 -0.2563751112526117 0
3585 0.4192069394147069 -0.5927492391681288 0
3586 -0.6198929786888161 0.07111695020350284 0
3587 0.9045067026183282 0.3390837636249153 0
3588 -0.1494691345603759 -0.3029107668837857 0
3589 0.4117195383890463 -0.374371586347969 0
3590 -0.1520544111821934 0.9001069010747486 0
3591 0.6401814620990326 0.1621971936788944 0
3592 -0.9774644855148964 -0.06732140564520378 0
3593 -0.839854119501618 0.2297536461320933 0
3594 0.1483948098539574 -0.2354938179047683 0
3595 -0.3172097931177049 0.762772180172173 0
3596 0.08955223880344319 -0.9775580504407365 0
3597 -0.6253404126663548 -0.7917426647888876 0
3598 -0.8898345722830514 0.9311982831085741 0
3599 0.429423510987983 -0.5602989051331636 0
3600 -0.04077072971381311 0.6699074789568478 0
3601 -0.853176834334152 -0.2269286723709803 0
3602 -0.8577387113175717 0.6662290868172175 0
3603 0.6413062648016236 0.5576428690990448 0
3604 0.9721780554580435 -0.6032678345210183 0
3605 0.07226417786344848 0.8476842246531108 0
3606 0.5016880356197323 0.03364947185904896 0
3607 0.5123121687101706 -0.5622411711709243 0
3608 0.6112752302797686 0.8900806324810127 0
3609 0.3617412258792307 -0.2010723373576207 0
3610 -0.1245397307811544 -0.2342681475758717 0
3611 -0.3148264030344587 -0.7732078792889105 0
3612 -0.4386013622889942 0.3458439257061743 0
3613 0.3373235531927655 -0.203288651160301 0
3614 -0.6848024431126928 -0.7332001882857827 0
3615 -0.9081489528269109 -0.4443139367997009 0
3616 -0.3118086455878002 0.5663317270913442 0
3617 -0.338830707201741 -0.9732518729527102 0
3618 0.5292128966403407 0.2381710041239342 0
3619 -0.3207046759466108 0.01239822700628673 0
3620 -0.9345360863266718 -0.002167835994840476 0
3621 0.7220885607246732 0.7673200856279685 0
3622 -0.1782068591216473 -0.9738732620736206 0
3623 0.9757531182374662 -0.8392431049628603 0
3624 0.2750828042250025 0.2229599034469735 0
3625 -0.2246386956438471 -0.8829535128225772 0
3626 -0.5318795358656498 -0.9307554531413866 0
3627 0.7252007964444911 0.939422999148353 0
3628 -0.5374419990529056 0.4341839605311548 0
3629 -0.3635869231088302 -0.0372842461480925 0
3630 -0.9777512794867029 -0.8955223880594119 0
3631 -0.1595645458651248 0.08850526049338039 0
3632 0.2985857472228816 0.3611840780479282 0
3633 0.6984445732499149 0.865186947416389 0
3634 0.3973491460090791 0.2989367626461703 0
3635 0.68163057929663 -0.9751611056062488 0
3636 -0.9428789409673746 0.8317263829795065 0
3637 0.7500325173986346 0.6549523087583067 0
3638 -0.8817402673603628 -0.6244703584736327 0
3639 0.7467436555862629 0.9775448570245694 0
3640 0.5639721730344567 -0.1780071338499791 0
3641 0.5635751137220083 0.4022283326434231 0
3642 -0.1158958724797 0.226104707217275 0
3643 0.6599847954111381 0.262881280503506 0
3644 -0.9414436669220919 0.3923889461339677 0
3645 -0.8104652495430194 0.1893397974576892 0
3646 0.6498743375922953 0.8074001915490669 0
3647 -0.2703914381888491 -0.3977896267107692 0
3648 -0.4854904383569048 -0.08225415671221115 0
3649 0.09550992261375815 -0.8413570603149544 0
3650 -0.3135409401142386 0.6156844042112176 0
3651 -0.1458105861426117 -0.9368228067515375 0
3652 0.6879138278549777 -0.2467229002220268 0
3653 0.4673447160637148 -0.8264181203026308 0
3654 -0.1609297669374035 0.8154823433254816 0
3655 -0.04996436373750587 -0.1799339531317627 0
3656 -0.3575162995756095 0.785088808295354 0
3657 0.7321302602534709 -0.9128743831728537 0
3658 -0.6380684818345967 -0.9068211599504779 0
3659 -0.3968113321201079 -0.9774990182007954 0
3660 -0.0340953717427043 0.08165496584381798 0
3661 -0.2207090688978945 -0.2420455922681462 0
3662 0.667486220203766 -0.8429876272838717 0
3663 -0.218129569916315 0.3063495811439508 0
3664 0.9345264958543047 0.6426984121109313 0
3665 -0.7584826749590527 -0.4545341314241563 0
3666 -0.04056977633244632 0.2066309127035284 0
3667 0.7656431314194307 -0.389223600642994 0
3668 -0.9123542044238853 0.1201995084607779 0
3669 0.04184716907868938 -0.2564266624248394 0
3670 0.1850570685023389 -0.1499673928229908 0
3671 0.514724416695732 0.4823207559107887 0
3672 0.93741333296753 -0.1514272573728272 0
3673 0.8203401068453278 0.7741553589008827 0
3674 -0.8735263050833527 0.02708410046655151 0
3675 -0.1669148869096394 -0.2288121592112857 0
3676 0.4440155834257981 -0.3147250023755637 0
3677 -0.8460114343694708 -0.1627914550391205 0
3678 0.9758012412951841 -0.8037653016293463 0
3679 -0.6435265891527649 0.9391983928513015 0
3680 -0.6175661193755319 0.686097013724825 0
3681 0.78817913918993 -0.6981135198406406 0
3682 -0.3134976415762144 0.09900531879921246 0
3683 -0.8924497412639469 -0.1888898000529743 0
3684 -0.9727130665158747 -0.7789180783772659 0
3685 -0.7619024689983658 0.454662713336846 0
3686 0.2873798524640224 0.6125305029782842 0
3687 -0.1389627764414773 0.3666955417219105 0
3688 0.4931316686839615 -0.8492377241309566 0
3689 0.7725355270264662 0.3205468365346308 0
3690 -0.8080547002556502 -0.01418412727956326 0
3691 -0.6449579663399042 -0.4865934936694102 0
3692 0.9396316670138928 -0.5974436916632213 0
3693 0.4267967374508239 0.5880651830318945 0
3694 -0.4849197846505887 0.9374800720035213 0
3695 0.4366956237294652 0.3247580930968053 0
3696 -0.109316926570829 -0.2826003066285841 0
3697 -0.9125834024051371 0.7627115631235482 0
3698 -0.3835887817516149 -0.01462347884654006 0
3699 -0.195943594551678 -0.2660174042347935 0
3700 -0.7376649469962779 -0.7346270912085529 0
3701 -0.7634255152122529 0.8032453659900493 0
3702 0.7172933352834179 -0.1716785711127836 0
3703 0.03282832285660854 -0.9759411629355392 0
3704 0.4390056704787522 0.9424047203481285 0
3705 -0.31163138061719 -0.686076668640891 0
3706 0.8904047723925748 -0.6190910123432014 0
3707 0.5579968857499457 -0.7789507329559464 0
3708 -0.9250243926182358 -0.8011588227848981 0
3709 0.6705174351363655 -0.6389239069930266 0
3710 0.3155703014755006 0.7278982548619836 0
3711 0.1811092737374461 -0.9762656666508827 0
3712 -0.9758750008049644 0.02322393162283038 0
3713 0.6304493312088341 0.007141652769985947 0
3714 0.5583226567631266 0.4853671056774371 0
3715 0.3158107575467712 -0.1586674293958798 0
3716 -0.7910380262241877 0.008514543682207739 0
3717 0.2284809887381678 0.185592185761303 0
3718 -0.03101869780821608 0.1305573401023228 0
3719 0.8660084221282728 -0.5742707043606869 0
3720 -0.888287977509618 -0.2718070710484779 0
3721 -0.8872285568161846 -0.06807963160139859 0
3722 -0.2177632574490636 0.5041263545839152 0
3723 -0.731010652608973 -0.6513921919033985 0
3724 0.09374595166444154 -0.1789762364199439 0
3725 -0.4936320199603909 -0.3936474652701865 0
3726 -0.3627517636532348 -0.1491069272555264 0
3727 0.6463289781208459 -0.3934304948071568 0
3728 -0.7776637373728311 -0.7089880162179416 0
3729 0.7790983094197708 0.3804169420821974 0
3730 0.170147039099539 -0.3018763089559275 0
3731 -0.5932581971182463 -0.7069583467422467 0
3732 0.6218430580325016 -0.08400649887415262 0
3733 -0.4940590086567376 0.287993426061984 0
3734 0.751802524237781 -0.9759762792069253 0
3735 -0.2028079036709652 0.7912075034536168 0
3736 0.4844449033491834 0.3172234871848433 0
3737 -0.8872150864263448 0.07788982589122678 0
3738 0.5966050884571132 0.1351969534384475 0
3739 -0.04097234521500407 -0.01364126035057728 0
3740 -0.7408813283944556 0.07923612357565792 0
3741 0.311193533657513 0.3104232227628462 0
3742 0.8986260435111646 -0.001222853728990473 0
3743 -0.4137396475278405 -0.8840813123601158 0
3744 0.3769511718316588 0.2799088399194672 0
3745 -0.6788859610270548 -0.4510109874244915 0
3746 -0.3689461011112264 -0.8128079882573941 0
3747 -0.8982675629705665 0.3858957914384211 0
3748 -0.3862836766768117 -0.7197055786875911 0
3749 0.616197248038487 0.117212078264056 0
3750 -0.7821370645392646 0.1000607035121717 0
3751 2.733313399293053e-12 0.9783459601638388 0
3752 0.937782426307241 0.975814296797012 0
3753 -0.9010126882390375 -0.3983138431038115 0
3754 -0.2809377670852214 0.6778657661965929 0
3755 -0.4856407497024124 -0.7122618044093243 0
3756 0.9725311041147204 0.388471875880141 0
3757 -0.925115482916636 -0.619239189050229 0
3758 -0.4042533451374805 0.6960425260320757 0
3759 0.4640900971292244 0.7481034742014463 0
3760 0.1463205877715661 0.03675611248064239 0
3761 0.5129683312925181 0.8146184893514374 0
3762 0.8516373932846044 0.06985940103688243 0
3763 0.1909617712076128 -0.8973603649874493 0
3764 0.4253231619449893 0.2618836511380856 0
3765 -0.7750486313543677 0.3458348876344881 0
3766 0.650259310327498 -0.4576002218382756 0
3767 0.9784053546622266 0.08955223880344318 0
3768 0.6592492325697513 -0.23978979025986 0
3769 0.6643728492942976 0.8357230648118832 0
3770 0.5931872875101598 0.9789384734808195 0
3771 -0.5592311544625602 0.3474999290882047 0
3772 0.8956452880823706 -0.5369912395989774 0
3773 -0.307978562823078 -0.3619402652834799 0
3774 0.6064021651822283 -0.4569317231201591 0
3775 0.8310668473292125 0.3222614521029502 0
3776 0.06701091711226048 0.8178453712810785 0
3777 0.7984024337790356 -0.3610723436887635 0
3778 0.7628611210395757 -0.5277846081512452 0
3779 0.6228181010545083 0.322290589356809 0
3780 0.8888522769699809 -0.5879777212581647 0
3781 0.06581998962140778 -0.8065213056926116 0
3782 0.9481342191635602 -0.3773931870130681 0
3783 -0.4178156875958864 -0.935848262181322 0
3784 0.4013594130968827 -0.1215842570858233 0
3785 -0.9368886081440898 -0.05731194984815957 0
3786 0.6197651817549938 0.8450880683080899 0
3787 0.6010620890376945 -0.3258849395064063 0
3788 -0.3361496390901273 -0.6797063475927234 0
3789 -0.3599722596395786 -0.3364486738361502 0
3790 0.5713055577111579 -0.7304875472509151 0
3791 -0.9315864010031285 0.9027049994639805 0
3792 -0.9756423753385448 0.1845403752888641 0
3793 0.4966553589082164 -0.3687286672319661 0
3794 -0.1922604454223834 0.4694308689126833 0
3795 -0.2419242254869905 -0.195255982895704 0
3796 0.3139491179296658 -0.12924043064738 0
3797 0.9422670372599958 -0.7985509846150867 0
3798 -0.5287384495240054 0.3919983653799222 0
3799 -0.2811790563456877 0.8892406694349424 0
3800 -0.5577774169779049 0.245892665632886 0
3801 -0.6633156444024522 -0.5082981026859076 0
3802 0.5777854040077689 -0.5006420687772511 0
3803 -0.8000786043209435 0.2655517579385209 0
3804 0.3798896276702175 -0.003792681789776981 0
3805 -0.5858463625074959 0.9060256974241389 0
3806 0.2941415772487688 0.685956592843883 0
3807 0.8915155411296469 -0.4166339106985418 0
3808 -0.2106184908358913 -0.8328695740443173 0
3809 0.2938580008927024 -0.173434090645544 0
3810 0.772274983648648 -0.6498357919278552 0
3811 0.3236991761485153 0.58299797313368 0
3812 0.07519084082995542 -0.2624294349978883 0
3813 0.7426431867021579 0.8864015360086782 0
3814 -0.5928663742348391 0.3224274401564426 0
3815 -0.1992227362341457 0.3449073497695024 0
3816 0.9497693128002385 -0.3390092947211958 0
3817 0.4544081733736182 -0.3932127799856577 0
3818 -0.13159787807052 0.4254691857034699 0
3819 -0.03594773775062572 0.3523557425059446 0
3820 -0.3923284398679412 0.6533499409434829 0
3821 -0.6124895634610941 0.2970761209810208 0
3822 0.499640829087461 0.3629341259000639 0
3823 -0.2322754946693463 -0.9079686596823859 0
3824 -0.2091332193017947 -0.9764016184035293 0
3825 -0.6105438525858781 0.3445642793616991 0
3826 0.7079926548643998 0.6841307433387906 0
3827 -0.6498532477942897 -0.7050476090297064 0
3828 -0.2923062657723707 -0.9775703486075514 0
3829 0.9762933850650735 -0.7205021686088168 0
3830 0.7274988873026283 -0.3658267352334955 0
3831 -0.4997563626540014 -0.5761630961222869 0
3832 -0.9430860504265528 -0.4958097650374335 0
3833 0.1242160046328087 -0.006309356168453998 0
3834 -0.3118609421720028 -0.2488093670736106 0
3835 -0.2339194489977032 -0.7867246931188601 0
3836 -0.3301113659276625 -0.2881374609900823 0
3837 0.9450571828909909 0.2800815881804531 0
3838 0.8966879541267583 0.2907340994531555 0
3839 0.1078380531906435 0.5882612105999961 0
3840 0.7728541034265276 0.01630051267401393 0
3841 -0.8318238307272252 -0.4552048699237552 0
3842 -0.4465843980391953 -0.8234634864452473 0
3843 0.9311468542611676 -0.7254398294426625 0
3844 0.7215044978229164 0.8488859992237443 0
3845 0.2616356767430338 0.03953312023385731 0
3846 0.2095835949192416 -0.7770933116106296 0
3847 -0.7303942462071088 -0.04195822530891447 0
3848 0.8692852423697927 -0.1238371609124713 0
3849 0.06115955284662423 0.5820711199804617 0
3850 -0.2605876562457192 -0.2259291611682553 0
3851 -0.5785670174154502 0.2704747163761648 0
3852 -0.4554400452547792 0.9750759643558355 0
3853 -0.7915444501354291 0.1458663194918284 0
3854 0.5121759691732668 0.9385703807879167 0
3855 -0.4472975987097703 0.2284207088426892 0
3856 -0.4296328729036893 -0.5732231818300846 0
3857 0.8071436923772286 -0.6078427301982645 0
3858 -0.1287039564908594 0.8516143325460801 0
3859 0.759022233649113 -0.6038112910582374 0
3860 -0.1440552411464509 -0.1770506515746011 0
3861 -0.1546089916643332 0.859262859508494 0
3862 0.5579807348582442 0.7767305014793267 0
3863 0.1766718968411729 0.04312601955473451 0
3864 -0.03740542483164477 -0.8732132008290836 0
3865 0.8953502727083018 -0.1698594212446685 0
3866 -0.6584999906489434 0.7740853378179702 0
3867 0.8183130893460949 -0.1436394479962822 0
3868 0.8308969490197953 -0.1049780195284098 0
3869 -0.5810053382785036 0.6288942401022878 0
3870 0.8530546887190871 -0.1572151303599391 0
3871 -0.02004018147922126 -0.2033294204755112 0
3872 0.606135565989711 -0.5037145462396496 0
3873 0.6456441921602022 -0.1776080089864277 0
3874 0.1128300041534274 0.9403803404103432 0
3875 0.4882860272639699 0.8152418391431351 0
3876 0.1468860648706052 0.7268568280417573 0
3877 -0.1916662865491614 0.6301700249904855 0
3878 0.78934737984109 -0.1343415376026125 0
3879 0.7902982370968786 0.2976609168330155 0
3880 0.5244260410303376 -0.1058928667156615 0
3881 -0.4148098331280397 0.9769946988269926 0
3882 0.001911829613858156 -0.1268458184041946 0
3883 -0.4408675696494739 0.7871475270757824 0
3884 -0.3371599331947588 0.4233380194486126 0
3885 0.8536696334674797 -0.2959148737236534 0
3886 -0.209977469019984 0.9761815125432698 0
3887 0.2467745039796702 -0.002949093681276312 0
3888 0.3940814393446466 -0.9185223036596865 0
3889 0.07238886926136903 0.2106079073629303 0
3890 0.32006090163972 0.6981117181614845 0
3891 -0.5997219682279593 0.5801633645779134 0
3892 -0.6765263536303805 0.178064992459691 0
3893 0.4289050208380173 0.7066828862533996 0
3894 0.7988979816378685 -0.973619211690275 0
3895 0.1340069814848414 -0.08222320614462875 0
3896 0.9314622352185047 0.09859356333863398 0
3897 -0.9361839390889966 -0.6391347506898563 0
3898 -0.416643479779898 0.8525727810600947 0
3899 0.8703441479291167 -0.9128768075821116 0
3900 -0.8536355687049884 0.05124333837546229 0
3901 0.8040466188082129 -0.1819635717089585 0
3902 0.9079014843944317 0.9376197485861664 0
3903 -0.09297374287761563 0.3966413553605986 0
3904 0.2732061769285604 -0.767555689509429 0
3905 0.4666103076452794 0.1902938332015646 0
3906 -0.1057149890199317 0.8877689825912989 0
3907 -0.7472077712566249 0.3098130764493016 0
3908 0.8497330460226936 0.7654946402064016 0
3909 0.4963403202048606 -0.09945539546894726 0
3910 0.05265974058841315 -0.0287064097449843 0
3911 0.3851945611814283 0.9438425995938935 0
3912 -0.9425300100443919 0.5884661787401035 0
3913 0.4940140354542562 -0.5163908205883558 0
3914 -0.2841992988494023 -0.181130420184471 0
3915 0.8819945469493988 -0.3349148605323725 0
3916 -0.8931685830411246 -0.2438716799911841 0
3917 0.9370809377467384 0.5199564426866763 0
3918 0.3348263964627163 0.6573230537304715 0
3919 -0.774614353478599 -0.06334597962510302 0
3920 0.2992409547522989 -0.01403473111186405 0
3921 0.7431493696470142 -0.5090975882062582 0
3922 0.9794138682777482 0.5063823284131007 0
3923 -0.6223427852304899 -0.8504535015962694 0
3924 -0.2538542850312633 0.4201005215402523 0
3925 -0.4543098886499125 -0.3470807797748429 0
3926 -0.5777970710347637 0.05997738166462734 0
3927 0.651686695480324 0.7226429796112117 0
3928 0.405496846670493 0.8684594947120057 0
3929 0.2784832693305141 -0.03496935720438313 0
3930 0.6708303142918879 0.6655055462942521 0
3931 0.1312924805444162 0.8943699245148966 0
3932 -0.0737284791081704 -0.9086024204995654 0
3933 -0.7353794991438842 0.1789197932814274 0
3934 -0.3777492135651054 0.4082308954438574 0
3935 0.3887536681033811 0.5414747206715552 0
3936 -0.4537881272335674 -0.7834115204273591 0
3937 0.1347880839184512 0.583649745441648 0
3938 -0.6750386977499147 0.01444359770388007 0
3939 0.2934139780840307 -0.9776007171986388 0
3940 -0.3405165040131637 -0.2407187404474401 0
3941 0.1189559327583584 0.2022882300604144 0
3942 -0.4478889638951743 0.2758109910919206 0
3943 0.02044682408343652 0.09366997820134995 0
3944 0.6420270900740224 0.132017270625569 0
3945 -0.02916723975508764 -0.8104851596984517 0
3946 -0.8753337027351016 -0.4803044647641452 0
3947 0.3835922870497208 0.3880348815025392 0
3948 -0.7339550368126869 0.2658089515959998 0
3949 0.3944818523268708 -0.7877916991779588 0
3950 -0.6414576947181859 0.517517380925493 0
3951 0.8577871161585031 -0.07173322583726147 0
3952 0.1892629307233114 0.5853880383545095 0
3953 -0.4418417478983708 -0.1581441577098182 0
3954 0.4172984562162813 -0.8982993545457542 0
3955 -0.6252251250663154 0.4546673225180023 0
3956 0.1131352932149379 -0.8975191082003664 0
3957 0.5420900323977419 0.8721541515573699 0
3958 0.7036340834892223 0.63994034072821 0
3959 0.1448126738003046 -0.9766361642320187 0
3960 0.1971464762094958 0.6148742985496359 0
3961 -0.3224204161008993 -0.8119755758134432 0
3962 0.577912660734559 0.2543478546092826 0
3963 -0.5395481468059072 0.1565489949254978 0
3964 -0.7089922687480333 0.5306935863696729 0
3965 -0.1859246697552051 0.2151506150861066 0
3966 -0.7103405194298735 0.1360621223969786 0
3967 -0.6088681926545583 -0.02518103861765826 0
3968 0.5358094471493441 0.1274828310979156 0
3969 0.3246174864510841 0.5032499008149875 0
3970 -0.664566727572343 -0.5550767055551181 0
3971 0.1138913650219053 -0.943292142393959 0
3972 0.09978702033388545 0.5051479034163204 0
3973 0.7989362258672169 -0.4969320858415847 0
3974 -0.5006093785094274 -0.9757843056064011 0
3975 0.2253728867748932 -0.1640587886686619 0
3976 0.4780078174495984 0.07983114592709289 0
3977 -0.4641770795248448 0.4514912812070848 0
3978 0.4924388781397175 0.2702268536201578 0
3979 -0.6394882821001235 0.1142178634691659 0
3980 -0.1452364251007804 -0.8538782826044327 0
3981 -0.2852009522432823 0.7752159171393126 0
3982 -0.155940309625588 0.2559239158387336 0
3983 -0.7740793228588257 -0.6081244474398374 0
3984 0.3586161207805353 0.706990123040996 0
3985 0.3802209173105252 0.04342124586782621 0
3986 0.3960793359916853 0.08430803945738319 0
3987 -0.2132642979091899 -0.1200740892060049 0
3988 -0.7609086996715766 0.5753760902438581 0
3989 -0.1939354944502977 -0.341485128175163 0
3990 0.9449715643558271 -0.06203759442026271 0
3991 -0.8944848773800791 0.9767857162354301 0
3992 0.4444333218231851 -0.5145480178104153 0
3993 -0.4092840049022407 -0.7762983274511976 0
3994 -0.7004477056679704 -0.5242201828660155 0
3995 -0.1188705866643811 0.9786958458387442 0
3996 -0.4366506171783989 0.6749192197167224 0
3997 -0.8664288011164979 0.3588526129151904 0
3998 0.9298848274011284 0.6981802570780336 0
3999 0.2087673237217555 0.6630038034251692 0
4000 -0.6525714431702548 -0.532029446412964 0
4001 0.09859241833650845 0.2758448260539368 0
4002 0.5882780743093092 0.4402078365940612 0
4003 0.7809963575215608 -0.5748377846677251 0
4004 -0.1183831198899267 0.5457235875297195 0
4005 0.4375294463908822 0.4765099155416495 0
4006 -0.1437395347736355 0.1907208221002374 0
4007 0.2617967263175758 -0.07599047316157981 0
4008 0.1319837050172339 -0.1601849902207543 0
4009 -0.8902619567141161 0.5499648186140909 0
4010 0.111287032413023 0.8068480975684795 0
4011 -0.06774016935234872 0.2340160185299935 0
4012 0.8529780338207105 0.1938678906183827 0
4013 -0.4125707212317281 0.3816166530533575 0
4014 0.1428810538761323 -0.8280683251850904 0
4015 0.4009182769594598 -0.6396875630582495 0
4016 -0.3918606847315138 0.4464130616170826 0
4017 0.04660063671253651 0.5408426874002694 0
4018 0.8035691485602054 0.3923863476919663 0
4019 -0.838968178551145 -0.004239330047095918 0
4020 -0.4929684220363101 0.8535997403018349 0
4021 0.3193644940881172 -0.4723763198068687 0
4022 -0.1238427102591831 0.5007174702416595 0
4023 0.03040775626789491 0.9480284621004019 0
4024 -0.976433849012616 -0.5018438341224835 0
4025 -0.6616132233283563 0.07805436583729566 0
4026 0.0281852543428783 0.5012534601197896 0
4027 -0.2767708929973689 -0.8906760563631642 0
4028 -0.1203126720022553 0.06101722659996221 0
4029 0.6043087265403868 -0.1546206520192451 0
4030 -0.7462711227044503 -0.5359736127139398 0
4031 -0.2882925395461198 0.8083510501805009 0
4032 -0.5615417388012058 0.9803403124732402 0
4033 0.2961713930344514 0.9407323725680482 0
4034 -0.4286538355713095 0.4827011484401296 0
4035 -0.4505848089373773 0.5266868361516648 0
4036 0.7556829588451346 0.5863967477971659 0
4037 0.3635452081687395 -0.02623772136283023 0
4038 0.3885812867608759 0.4746739276312119 0
4039 -0.4585288400719298 -0.04678927327372755 0
4040 0.2409894911848234 0.7318726584021866 0
4041 -0.2541162491479817 -0.9494712371452918 0
4042 -0.7845000063600077 0.8542322924881428 0
4043 -0.01375228461350508 0.7109123945940788 0
4044 -0.1814520025967225 0.3971826010148758 0
4045 -0.9472563637521341 0.263147874477274 0
4046 -0.5343422866578932 0.9745750366489283 0
4047 -0.5621631044717549 -0.5984841733519221 0
4048 -0.2702075308112278 0.5069356151353009 0
4049 -0.009776065007624698 0.8572925075589672 0
4050 0.7491080782350713 -0.4562638428098366 0
4051 -0.1873286085745439 0.7348283002623665 0
4052 -0.4043072409883476 -0.4583715223727701 0
4053 -0.406888369309747 0.5808853148573332 0
4054 0.9459745212088354 -0.1146187914918257 0
4055 -0.1793851929304557 0.3640048303164688 0
4056 -0.2906809879565165 -0.2996346219543001 0
4057 0.1370748728854643 -0.8580104039065808 0
4058 -0.7439659201464922 0.4167919680992331 0
4059 -0.6258154302999533 0.8971478869530256 0
4060 0.4102856234651787 0.3437744231814701 0
4061 -0.0910374838214799 0.7840389185823167 0
4062 -0.301313664526822 0.3548992470800026 0
4063 0.01236631682689091 -0.8784149413903162 0
4064 0.178966676141792 0.6342436562399196 0
4065 -0.4796420330607643 0.8126008742783601 0
4066 0.154727102260664 0.3246346229865091 0
4067 0.3327381631115895 -0.3755974419287615 0
4068 -0.7731713860492625 0.8979379938836456 0
4069 0.05543986389911353 0.2599311607979486 0
4070 0.7128282673343225 0.5755249042471016 0
4071 0.04029665363979326 0.07849135291851268 0
4072 -0.7739620678984702 0.2770675898489947 0
4073 0.006646151428003857 0.5490688976879856 0
4074 0.4618894759340272 0.1622707980017428 0
4075 -0.9352607442681961 0.06288423444723218 0
4076 0.1063875217433733 -0.1206214750680236 0
4077 0.4430703461705855 -0.7362488437511956 0
4078 -0.915217894389188 -0.1537952190247027 0
4079 -0.2754455426108752 -0.2622806574731327 0
4080 0.8205735700459378 0.03209348637042789 0
4081 -0.9435367841415855 0.6813598254631974 0
4082 0.5461376735741414 0.0307894530435134 0
4083 0.7793587713313179 0.712764081911387 0
4084 -0.3663077644891543 0.3804230606677046 0
4085 0.4061756846984225 -0.5349107578248792 0
4086 0.8706705933506822 0.3000718686081942 0
4087 -0.4503524139634482 -0.6435836919456644 0
4088 0.5606830989691575 0.2801179893186818 0
4089 -0.5973628877322954 0.5354352657489649 0
4090 0.56683122788603 -0.3228033980933981 0
4091 0.2183387727528367 0.2084916494761993 0
4092 -0.248333054786246 -0.2775430746771643 0
4093 0.2444964376528222 0.6082522180644598 0
4094 -0.8050210172673705 0.5507077877307822 0
4095 -0.2490639913503634 0.3914983650108285 0
4096 -0.01263219933599048 0.2445921312426802 0
4097 -0.1563361906467725 0.3255153069413885 0
4098 0.446016958406546 -0.3456906051927455 0
4099 -0.6486480164136293 0.562276774050833 0
4100 -0.7481398965381892 0.8824387408192489 0
4101 0.4274593376214731 -0.6365945851134764 0
4102 -0.8292393319632263 0.5899645917065603 0
4103 -0.4571333069160223 -0.3980524954890814 0
4104 -0.03990284277920141 0.6173553126265805 0
4105 0.5777849403462122 -0.4062287733435317 0
4106 0.2477323731514491 0.143941233852233 0
4107 0.7997174346370715 -0.3346858692028275 0
4108 -0.8059701492531928 0.9797995442861226 0
4109 0.3895376284455043 0.6177901620035549 0
4110 -0.1820213242491482 -0.899563951313636 0
4111 0.6209461227479215 0.371744215980326 0
4112 0.4891290186589727 -0.5462425351963431 0
4113 0.2902751799631057 0.1180069476940916 0
4114 0.801732110056102 0.4984875826415268 0
4115 0.114812509819377 0.5422158151576307 0
4116 -0.08553098929494951 0.3262295808508272 0
4117 -0.9368035313930991 -0.6913662517075984 0
4118 0.7617482829523335 0.83338179376748 0
4119 0.6540032169585182 0.351504984248654 0
4120 0.852166346434315 0.1536011690215821 0
4121 -0.2419904938939537 0.7904657152259749 0
4122 0.4719669781617507 -0.007046155605846434 0
4123 0.4823356251268292 0.1472755621049276 0
4124 -0.3974143539201186 0.0267447888215101 0
4125 0.2474160569963449 -0.7972623287938557 0
4126 -0.9054744205122446 -0.0328513157179187 0
4127 0.04699365329767172 -0.8958977039318061 0
4128 0.1886048368915642 0.01236943145115308 0
4129 0.6352444461107701 -0.6039466802435162 0
4130 0.04044809335289744 -0.06924880510012993 0
4131 -0.2496136608591911 0.8190125213848405 0
4132 -0.890168630710188 -0.7212778142273448 0
4133 0.5397917252719737 0.4713782408974799 0
4134 -0.0506356746899071 0.06155627678618071 0
4135 0.1454744467694991 0.8550787291049847 0
4136 -0.6714811013634726 0.4531913838471986 0
4137 0.1970517871302256 0.4653898280527409 0
4138 0.3212542989441365 -0.3039670612265761 0
4139 -0.2476767972384724 0.113893024253469 0
4140 -0.03007788181706946 -0.980716008589069 0
4141 -0.5767269513298551 -0.4395373597659789 0
4142 -0.8357856519355369 0.869337964158897 0
4143 0.1676775015898163 0.2798378908568691 0
4144 0.9412449291941221 0.02158598592318883 0
4145 -0.1403462076468229 -0.006198380868235055 0
4146 -0.1065927204312655 0.4621682535542722 0
4147 0.9780918331544296 -0.628778324172059 0
4148 0.8704622276646867 -0.5464741505440465 0
4149 -0.976304300401846 -0.6833964499244374 0
4150 -0.9750859209699179 0.2111645790368161 0
4151 0.9346077249412708 0.486600017029406 0
4152 0.342530740831731 0.1043055880435926 0
4153 0.05403025276355373 -0.1495172932254645 0
4154 0.8689757179821733 -0.4549237428201626 0
4155 -0.7010906241561849 -0.6432130618295291 0
4156 0.1028499808083891 -0.1983882806917785 0
4157 -0.4273049104918372 -0.2473656337601651 0
4158 0.4056130730449532 0.0424817473828801 0
4159 -0.8678700754296067 0.8436220114127942 0
4160 0.3420829201312622 0.5643478628049589 0
4161 -0.7509262966695061 -0.4275224134150317 0
4162 0.4839859887185469 -0.1228594704115953 0
4163 0.1633849717629412 -0.8901969034776824 0
4164 -0.497745708766771 -0.8732449726510468 0
4165 0.001764289479959131 0.5738134935229137 0
4166 -0.5621516802264107 0.5563406456859795 0
4167 -0.4884168325909144 0.7626720136744526 0
4168 -0.6797990576676711 -0.6600871564280661 0
4169 0.442941100078927 -0.9113517393986174 0
4170 -0.7642589202646872 0.1939870998645746 0
4171 -0.08563675541103617 0.08843458221099962 0
4172 0.4182030313276466 0.7454855790870593 0
4173 -0.8446774526301093 -0.6945468496642918 0
4174 -0.2252062182737749 -0.3927711170679258 0
4175 -0.2663627009163571 0.625520193745979 0
4176 -0.06571952538065209 0.5488727746149132 0
4177 -0.2957349529386538 0.3979215262222726 0
4178 -0.8392076286273524 -0.5975456745028613 0
4179 0.9766834880210427 -0.02173323391105554 0
4180 0.2025059809428501 0.1421960073635536 0
4181 -0.7896383440642452 0.445277104711198 0
4182 0.7769496756435658 0.4339554875623739 0
4183 -0.9795088515317638 0.5669794675942924 0
4184 -0.5264947404495872 -0.008385638304878653 0
4185 -0.7320999812731903 0.6545478278007156 0
4186 0.9796598079770411 0.3601234364075357 0
4187 -0.08360867152362228 0.4731589300877361 0
4188 -0.1895268343723769 -0.8519755927999705 0
4189 0.923823336513812 -0.3811634597886049 0
4190 -0.6519491061200346 0.0368041052205047 0
4191 0.7099569367349586 -0.3490822219952612 0
4192 -0.6417169542554833 0.4736895965298058 0
4193 -0.01579809314507171 0.9401240594669806 0
4194 0.7962526347351305 -0.9369969141835781 0
4195 0.2672789673669947 -0.646104297095225 0
4196 -0.04617493353214996 0.1057264169687651 0
4197 0.675677464966373 0.7220699019696336 0
4198 0.1459158177442913 0.1929626782616362 0
4199 -0.6644289156612651 0.8770897923089767 0
4200 0.8966028921593944 -0.3047286007499255 0
4201 0.3817272811232408 0.2558613543089666 0
4202 0.8202972370410357 -0.4554997078167607 0
4203 -0.4306397933180555 -0.2904018757889649 0
4204 0.6358446977666872 0.8914128908166122 0
4205 0.3250111633176364 0.3552618106756467 0
4206 0.6237861196102393 -0.8778408948730655 0
4207 0.4428236427375893 -0.04785689744649749 0
4208 -0.9406041597847187 -0.7808000702634477 0
4209 0.7383244418034294 -0.1497820294003297 0
4210 0.9484854445732278 -0.6847738742583842 0
4211 -0.6715230624347661 0.7454231706817267 0
4212 0.5407505197890597 -0.08742363008319703 0
4213 0.2709203621334307 0.1529629094700485 0
4214 -0.3999619274184023 -0.921941669618813 0
4215 0.282940326339127 0.07798026330692615 0
4216 0.7982286819402793 0.4738501211593263 0
4217 -0.2945476854210473 0.6340519119376277 0
4218 0.06354124197531574 -0.2201342335918578 0
4219 0.2338844396876363 -0.8793683611432642 0
4220 0.5162345771541811 -0.05692820782048914 0
4221 0.5971517790665601 -0.2771541780847598 0
4222 0.5358489701068441 -0.5263394770341313 0
4223 -0.151973291664601 0.4662891074241261 0
4224 -0.438133035794788 0.05459583117625711 0
4225 -0.194216860922765 0.4417060545904611 0
4226 -0.8541494848015507 -0.8129907295925977 0
4227 0.2688748263649327 0.6475469113768599 0
4228 -0.7199332584409209 -0.9189858225702628 0
4229 -0.3127767031987949 0.2801986436148931 0
4230 0.6362937256740061 0.5080734300963586 0
4231 0.07924102522563492 -0.8616267047370771 0
4232 0.6836340624611754 0.02051079203050075 0
4233 0.4450794744483719 0.02207878217392408 0
4234 -0.7567599493893422 0.7185486364811876 0
4235 0.1612886759327439 -0.9347217228135445 0
4236 -0.4735041085728657 0.4272931006226588 0
4237 0.9719304319037853 0.2046666804597674 0
4238 -0.3269850825666202 0.04883342251197804 0
4239 0.625555620735204 -0.6545314973964117 0
4240 0.19935534075293 0.09224216204274675 0
4241 -0.6740347037564218 0.5561961378749363 0
4242 0.3082005092793257 0.6251828415262369 0
4243 -0.7905323725587503 0.3611056739848768 0
4244 -0.3439761862712183 0.003616689228201946 0
4245 0.6796486723163663 0.7923504500984716 0
4246 0.6927584954125844 0.3709522891762873 0
4247 0.07864919073375057 0.0140673160743121 0
4248 -0.1365030038795298 0.9396995645106017 0
4249 0.5008377883823737 -0.6668796695757264 0
4250 0.8392456929755782 -0.8390768329069699 0
4251 0.9004810094188419 -0.06943917464777574 0
4252 0.9775525942021075 0.6298083276062993 0
4253 -0.2935178422175225 -0.9315308949490331 0
4254 -0.5625040264951923 -0.6259668845870331 0
4255 -0.756640401735395 -0.8256988029341741 0
4256 0.2268650238901544 0.6460356317383132 0
4257 0.1786176396304381 0.6965651966949055 0
4258 -0.6087790980563735 0.399040913797327 0
4259 -0.08342358416949591 -0.1385143723314768 0
4260 -0.06734129491660724 0.1537627144586194 0
4261 -0.3101226024821613 0.4422119594550259 0
4262 -0.9330680469592978 -0.518712559695765 0
4263 -0.4284843517626536 0.2532056356019759 0
4264 0.06804880412219461 0.6070241251375526 0
4265 0.3265940872952049 -0.04822086670668119 0
4266 -0.6421083871492357 0.3106794723893895 0
4267 0.6224958294172021 0.2275595131782577 0
4268 0.2685128687425319 0.9761093848626813 0
4269 0.359629875206269 0.2379028075133519 0
4270 0.9383770256339503 -0.6456532324195621 0
4271 0.806541671923024 0.751127985276829 0
4272 -0.9774844666995276 0.06963233064150755 0
4273 0.4762425135064688 0.7929778360840352 0
4274 -0.2845936312765193 -0.4753858149695934 0
4275 -0.04190817598022 0.9112743484263373 0
4276 -0.9474901988741531 0.179887151876545 0
4277 -0.01304174909757781 0.8036680201245392 0
4278 0.4259916365115146 0.8992241344712222 0
4279 -0.7189006613855456 -0.004071656228105102 0
4280 -0.2519207746776306 -0.3588672808363185 0
4281 0.5643894420035744 0.3574457386667668 0
4282 -0.5747613156034359 0.2267864857825346 0
4283 0.8440206961042562 -0.3399327595981735 0
4284 0.2440033341599497 -0.3128422423949951 0
4285 0.387475270295663 -0.8713611523908747 0
4286 -0.8737425773934723 0.2695334512424063 0
4287 0.2345612915888245 0.7970594270064423 0
4288 0.3052165358531324 0.824707305990837 0
4289 0.6799037002751147 0.5148116732077452 0
4290 0.9391465097699567 0.8817741046901889 0
4291 0.8894125811562782 0.5945216644646802 0
4292 -0.9776894346102554 -0.3518420686067851 0
4293 0.6071097695412481 -0.9208889431269951 0
4294 0.8030147836958765 0.05844312711790357 0
4295 -0.06518450805776854 -0.8413525371899735 0
4296 -0.3585072149751182 -0.1931025813395702 0
4297 0.3117198457046584 -0.9422576974105288 0
4298 -0.06740853206794931 -0.1917132293532266 0
4299 0.2388059701471411 -0.9805507306785402 0
4300 0.07736669315233687 0.9757001351882144 0
4301 -0.22127195527197 -0.3345452010773936 0
4302 0.7848751613522984 -0.02538006997386034 0
4303 -0.2894625768101169 -0.8172935267564408 0
4304 0.0342765018053782 0.7083168413716345 0
4305 0.5970638898964159 -0.8924284283505199 0
4306 0.3230881124948696 -0.8152773483236639 0
4307 0.3946928639589219 0.7040050952020263 0
4308 0.4810089590917571 -0.8040974397453959 0
4309 -0.1450458336326118 0.5130126786741431 0
4310 -0.2138286545600665 0.02319469530735401 0
4311 0.7849805937419109 -0.05109443444249216 0
4312 0.6451980950219636 0.3035953484431871 0
4313 -0.3064339024459895 -0.3300503402705308 0
4314 -0.3439048009003896 -0.4878705483919674 0
4315 -0.7972764391014574 -0.4358717692420847 0
4316 0.9235144826178462 -0.1038699754244983 0
4317 0.6291833473755738 -0.3193040986454554 0
4318 -0.5884130488908468 -0.6351486578604478 0
4319 -0.4197909583507114 -0.7176456646669293 0
4320 -0.9162033772868183 0.2560278103329687 0
4321 -0.6261316365980919 0.04817802626375858 0
4322 0.7494703987922717 -0.7251898468699749 0
4323 0.09928451110039632 0.386435815557615 0
4324 0.6174076933794044 -0.8482229941699023 0
4325 -0.2393188116291994 -0.04593719205066238 0
4326 -0.9767110664987173 -0.749208412664914 0
4327 0.3558011568364454 0.4949819435011278 0
4328 0.8125194189080183 0.6405228466095478 0
4329 0.1429555619671148 0.3648468696497099 0
4330 -0.3948684495281479 -0.4365869599654911 0
4331 0.6666905925555483 -0.1210933275671218 0
4332 0.4148330665977257 0.06582699384092472 0
4333 -0.7877270678057624 -0.8677192821897816 0
4334 0.8124109494258045 -0.648608204342997 0
4335 -0.8336846678816897 -0.08492045882693686 0
4336 0.8889416490803679 0.822190796992906 0
4337 0.6006430091910285 -0.5692579701175213 0
4338 0.8400413125111623 -0.1884719287716747 0
4339 0.8610650686884033 -0.7233700171448666 0
4340 0.1857619073574643 0.1803547580002432 0
4341 0.3311469214726834 -0.7506508872836248 0
4342 0.3824720414150534 0.9133996896317294 0
4343 0.8285099403323398 0.8081748934217355 0
4344 -0.611974019609198 0.9759760625443131 0
4345 0.41426430106286 0.7851629356054993 0
4346 0.2052343703332504 0.1688099200519965 0
4347 0.480696836839911 -0.9793201740178572 0
4348 -0.1805744491129897 -0.03388697496140215 0
4349 -0.4539905646031827 0.3873018326603322 0
4350 -0.8320726429985008 0.793065914331474 0
4351 -0.275682982648678 0.3244875161359636 0
4352 0.9402316001360449 0.07504759313385698 0
4353 -0.8008676283155092 -0.9384434356766099 0
4354 -0.5675969981816945 -0.6758185539535524 0
4355 -0.7835197550965164 0.5365674776616054 0
4356 0.120556212640611 -0.236600145837234 0
4357 -0.07992003533810485 0.6999300505787984 0
4358 0.1553127863431518 0.7040536785391014 0
4359 0.879856868340092 -0.9389539271831249 0
4360 0.07240262147160702 0.9351098354151146 0
4361 0.8470463901778676 0.6002265721288251 0
4362 -0.5362232317622544 0.6265449500477163 0
4363 -0.4214024216337182 0.07684113184586268 0
4364 0.1455203313602948 -0.9070811071288035 0
4365 0.3611675101570937 -0.6927958700568642 0
4366 0.5671641791032777 -0.9807994710953775 0
4367 0.1452042677507625 0.6629236176043309 0
4368 -0.09541144538418529 -0.06670960918483543 0
4369 0.09821934228305328 0.6800756511406225 0
4370 0.6976274617479595 -0.5664606589152434 0
4371 0.7109802524856361 -0.5864306233618438 0
4372 0.107391034715964 -0.7922381419100378 0
4373 -0.04542796127934914 -0.1155538624791263 0
4374 0.8278914561419081 -0.4855982515372462 0
4375 0.3755447070063753 0.7764173838886997 0
4376 -0.2007529178425775 0.2336831730726053 0
4377 0.8956996646784117 0.6599737990367087 0
4378 0.4681454293451999 0.4788649014254387 0
4379 -0.08483837472480767 -0.09157855234135447 0
4380 -0.1971297771702224 0.7633436386856847 0
4381 0.7542618332540341 0.274056905065213 0
4382 0.6616845121081085 -0.6819738817435992 0
4383 0.4153713495464211 -0.7433532908537439 0
4384 -0.3461329710815588 -0.4078640214046936 0
4385 -0.08756317458042724 0.424309221987808 0
4386 -0.6514880751293971 -0.02127783235049892 0
4387 0.7842043504585385 -0.4389852741307324 0
4388 0.9795742849786193 -0.08933944588413739 0
4389 -0.301665735569824 0.9772927593974885 0
4390 0.311327769685099 0.6493451432982236 0
4391 0.8695622557885188 0.2520723196075993 0
4392 -0.933879997203775 0.6497872081068211 0
4393 0.00450722748099938 0.3285320823382447 0
4394 -0.3770471400009544 -0.1254881111027743 0
4395 -0.5276752314736003 0.7604614640049421 0
4396 0.1579488457347518 0.7480883074875972 0
4397 0.7689993855696325 0.8752917773123279 0
4398 0.9766722845002767 -0.9766722845003128 0
4399 0.8814139214616468 0.4520549445059043 0
4400 -0.8935847432130672 -0.5204548649340925 0
4401 0.5644779177372469 0.8096688241445501 0
4402 0.2713456178004573 0.3021386604173409 0
4403 -0.7050647913217509 -0.8147392814696013 0
4404 0.9778076901895294 -0.5336519817654914 0
4405 -0.6780011309847467 0.09789903660708343 0
4406 0.499005561264926 -0.4034511173272585 0
4407 0.1057366429931319 0.85131121698243 0
4408 -0.823352857639382 -0.1224576945311707 0
4409 -0.6905698991546165 0.3703621958201244 0
4410 0.5932450174689573 -0.06651628433257722 0
4411 -0.6686048419150425 0.1209376294131052 0
4412 -0.07387809447699034 -0.8826325119613797 0
4413 -0.7805890164013488 0.6746017245177902 0
4414 0.3547192399133313 -0.9377140241615224 0
4415 0.9761455865946799 0.3134519626334136 0
4416 0.201841055393512 -0.168260389823602 0
4417 0.0005247480864904069 0.687747859042167 0
4418 0.8779420252849373 -0.08889837205919271 0
4419 -0.8482608200313579 0.3915513813598652 0
4420 0.1191628952514118 -0.2751780296811255 0
4421 0.8446466975101271 -0.6869080801315333 0
4422 -0.09785780719507024 -0.9437598296581847 0
4423 -0.286666893053339 0.1690941755575354 0
4424 0.6796327068584169 -0.3801314282543745 0
4425 0.6196603270866629 0.4700069353099969 0
4426 -0.09098511276829374 0.3038454054369301 0
4427 0.75116294501131 0.6098612191403877 0
4428 0.9810065041150186 -0.4477611940313833 0
4429 -0.6924091037700775 -0.4709531890120984 0
4430 0.4774842609463259 -0.93548111372114 0
4431 0.5024539918495159 -0.9360066143639483 0
4432 -0.9760644694629532 -0.9434190243508276 0
4433 0.5867669770704438 0.7674582340169858 0
4434 0.3564433145659829 0.7295232543391945 0
4435 -0.005530820229561572 0.3570218222388319 0
4436 0.03443741945822431 0.245667864279295 0
4437 -0.3414125067918905 0.3277750586042296 0
4438 -0.3582089552220999 0.9810548290235919 0
4439 -0.5672174068525907 0.5992816908922293 0
4440 -0.7808930177653708 0.7070943220185404 0
4441 -0.8896470880689269 0.2476948865010545 0
4442 0.3593604055375549 -0.6229042866004691 0
4443 -0.8843279499778081 -0.8195123239208544 0
4444 -0.07941734790411092 -0.2410745598537489 0
4445 -0.5119321543793032 0.4394482343635575 0
4446 -0.5021610442298473 -0.90101707675959 0
4447 -0.4053727076627148 0.754854591678266 0
4448 -0.4327989367758542 0.9393166251407274 0
4449 -0.7995659110196319 0.7454415974960408 0
4450 0.0471797222944588 0.2870436630276282 0
4451 0.7616526728866785 0.5025057461912993 0
4452 0.891485618279838 -0.447230378601141 0
4453 -0.8495239356580425 -0.5497592771384291 0
4454 -0.7105006763541356 -0.7647674184004591 0
4455 0.2785898902006512 -0.903658039349549 0
4456 -0.7171797658385779 0.851770260315768 0
4457 0.4423196379647383 -0.7098752618339447 0
4458 -0.6878015481228974 -0.6864238469807171 0
4459 0.9110245368780335 -0.9403366340792016 0
4460 0.2740082590522385 0.6953199476551564 0
4461 0.7784542048925183 0.191169676536902 0
4462 -0.4092462879948869 0.3059469499991397 0
4463 0.2407242507948102 -0.7442473493347511 0
4464 -0.8853219729023889 0.7938139163813697 0
4465 -0.8442053150781907 -0.3075801469657201 0
4466 0.4865178831911307 0.4029838903245793 0
4467 -0.4085945868391244 -0.6286678225006993 0
4468 0.6433159458617104 -0.4275088417990375 0
4469 -0.9804375718384909 -0.568171878882018 0
4470 0.7906857688197583 -0.8276919810558315 0
4471 0.06349026646568161 0.6605428292124198 0
4472 -0.7097645549741275 0.06936475850061857 0
4473 0.2793957559138749 0.3442826326215677 0
4474 0.9777780356199985 0.1135445681233785 0
4475 0.5966840404741146 0.4883099631106599 0
4476 -0.1698563618050705 -0.07199307374126465 0
4477 0.7176045009490504 -0.9410446073871692 0
4478 -0.5258345997166582 -0.6849830369003734 0
4479 0.9798998796766724 0.7112987453705278 0
4480 -0.4298799344219761 -0.1950947268192424 0
4481 -0.7477937899637257 0.1419577724746551 0
4482 0.6587213434715149 0.5240925909269112 0
4483 0.4855044966259434 -0.2849498849409631 0
4484 -0.4927921138064738 0.07127736507505435 0
4485 -0.8528203819635238 -0.7845908768969436 0
4486 0.1220551469001009 0.4635908359930923 0
4487 0.327315932411197 -0.5604016213229102 0
4488 0.4745811460554184 -0.3084517726048816 0
4489 0.3310017369978481 0.06422460289180808 0
4490 -0.839139224331453 0.7185287984647253 0
4491 -0.5543321070503173 0.1928131710799088 0
4492 0.6693605106169136 -0.1980476327105935 0
4493 0.9515706087349227 0.6839354167325337 0
4494 -0.5991098225848565 0.2497072906130739 0
4495 -0.2935077083913801 0.5910445883320361 0
4496 0.214613062339718 0.05474123060645171 0
4497 -0.1932966957491027 -0.08067104303487214 0
4498 0.4688567061341136 -0.6998979949729471 0
4499 -0.8984331494241695 0.8356549411227869 0
4500 0.405775486031308 -0.07941298986988783 0
4501 -0.8758500695814264 0.6885554937995876 0
4502 0.3532253120228195 0.2831982311476578 0
4503 -0.2605992145982833 0.5515522890067408 0
4504 -0.07399630212255059 -0.04634617310392643 0
4505 0.5310880138005851 -0.1329116824416878 0
4506 -0.06238411752805538 0.6382374072030792 0
4507 0.7312388606834195 -0.2376544047858976 0
4508 -0.9794984338975695 -0.8053232308645916 0
4509 -0.04843595769777183 0.4920052529727347 0
4510 -0.2212929031050145 -0.9528043609156519 0
4511 0.2874766373085885 -0.5479059342117893 0
4512 0.1355987467924069 0.2416475648655323 0
4513 0.6742691032884979 -0.5256935622331865 0
4514 -0.4433369851922608 -0.3736904834290549 0
4515 0.266623360506759 0.3857023316842114 0
4516 -0.1420993211857156 -0.2187099978653956 0
4517 -0.2235545457705576 0.3547176285483892 0
4518 -0.05534960963460345 -0.2265811843885422 0
4519 -0.01488603538472263 -0.8494374426555706 0
4520 -0.3619513666176079 0.623150577415685 0
4521 -0.9124690156286241 -0.7306567553018737 0
4522 0.7597104451035328 0.5477479259337225 0
4523 0.5584341116357001 -0.01446934160418252 0
4524 0.3957971999725714 0.6755474345329076 0
4525 -0.4236787246119822 -0.6470895553800535 0
4526 0.1942896742974251 0.8615557888282649 0
4527 0.3437707366532143 -0.3460638492430938 0
4528 -0.3750407270038614 -0.3973836904878652 0
4529 -0.07602915977347845 0.5279557593328196 0
4530 0.5871858251786647 0.8092649173907811 0
4531 -0.8049353257840492 0.6694734251927765 0
4532 0.3468048033115378 -0.905240763289807 0
4533 0.8926243902891247 0.9787759761967663 0
4534 -0.2410746894828389 -0.8669328440935281 0
4535 0.6986810367746836 -0.7276208410400502 0
4536 0.3630657041712914 0.5711423336851928 0
4537 0.8834490929608378 0.8643959839381963 0
4538 -0.8227649938248869 0.7445828330594102 0
4539 -0.3944694726551663 0.7791781780904852 0
4540 0.5439330842836705 -0.4271278455460612 0
4541 -0.4702252968266828 0.2692412191024426 0
4542 -0.4164620234723508 0.3325317008653761 0
4543 -0.4705702360599885 0.08346910940861982 0
4544 0.04003257948420079 -0.007370368463926588 0
4545 0.2557548988556607 -0.2040649969171274 0
4546 -0.3433268593473275 0.826540331050476 0
4547 -0.4642742128489277 -0.6638509452487854 0
4548 -0.3999042058895662 -0.3600989687731984 0
4549 0.472006642039886 -0.2407138610686863 0
4550 -0.6366366522985223 0.4299323341591116 0
4551 -0.9765451608574189 -0.3947200876885689 0
4552 0.5597558148771747 -0.5742259928172052 0
4553 0.4105407466336246 -0.8753889922463221 0
4554 0.3841578429798116 -0.6196734394121245 0
4555 -0.4350646434725232 0.75801746497694 0
4556 0.3664331947341484 -0.09567259604237539 0
4557 0.7162870984698315 -0.541625258867377 0
4558 0.2292777268643991 0.4938371953714937 0
4559 0.2674294295082647 -0.1416084918740537 0
4560 -0.9469483193689596 0.9238119946438454 0
4561 -0.3251683242600197 -0.5332684553244817 0
4562 -0.1347572756523591 -0.8018856715005127 0
4563 -0.2996633048075282 0.06668480739463359 0
4564 -0.3129580616031473 0.2524047701532319 0
4565 -0.1904151620825507 -0.1034939193126126 0
4566 -0.1752856945481515 -0.9463930931898693 0
4567 0.9809971419868051 0.8059187814617927 0
4568 -0.6697338997365595 -0.6036268690786906 0
4569 0.224527159060674 -0.3505158012904612 0
4570 0.6735200136424523 -0.7607130312714659 0
4571 0.2959780325067908 -0.1981719789922949 0
4572 -0.1919858396024688 0.8835630269178749 0
4573 0.3218079915550936 0.2085550600550723 0
4574 -0.3606073149134527 -0.7594041653451009 0
4575 0.411059471475224 0.5740189792573783 0
4576 -0.2930617751635965 0.5230995363711448 0
4577 0.9024411002914293 0.1781645781688145 0
4578 -0.1752968340461673 -0.1855726601069187 0
4579 0.3052866874078739 0.1904981656954329 0
4580 -0.639700437924522 0.08741083070915319 0
4581 0.8955223880594118 -0.9815228932237409 0
4582 0.8904686238001125 0.08572945402335107 0
4583 0.7589362490118973 0.4784330968065769 0
4584 -0.3318515061711619 -0.9136122215796318 0
4585 -0.07802242794222972 0.8958732857609575 0
4586 0.8108727295207188 0.5463231188169716 0
4587 0.5397986644021726 -0.2193706236891557 0
4588 0.8371043466591428 0.4776456380060257 0
4589 -0.02235581909507919 0.4268077458095963 0
4590 0.3755772620942748 0.641942876861794 0
4591 0.8976117355508846 0.2631878830709895 0
4592 0.6388834677437295 0.4270886281803865 0
4593 -0.9321477329956569 0.5705367331969 0
4594 -0.1748046766719322 0.4845425304986797 0
4595 0.0008458158870239654 -0.02463979710267376 0
4596 0.6413496008114985 -0.5611206561159818 0
4597 0.3395557202160287 0.1490418276678978 0
4598 0.9377566426920879 -0.5129708528666626 0
4599 -0.5996983411493179 0.9447064156637777 0
4600 -0.7485330796678125 0.5082324785273937 0
4601 -0.1005601371359459 -0.2243415747603949 0
4602 0.6981037469788456 0.4795474139914219 0
4603 0.6427013859652955 -0.9507071937615647 0
4604 -0.4170533236736744 -0.04870745331779837 0
4605 -0.5400893202767982 -0.6404386204384001 0
4606 -0.1309806355109143 -0.2580224167910977 0
4607 -0.8642540236712785 -0.02137832190006426 0
4608 -0.7735155247266927 -0.5681115493307096 0
4609 -0.8628913904839317 0.6194140347378757 0
4610 0.3442355143919054 0.2023789778096926 0
4611 -0.8793412733204456 0.9521009487946013 0
4612 0.7858891994316594 0.5148190137437318 0
4613 0.8794905105606532 -0.4934825772488501 0
4614 0.1815142990811753 0.1299869319935145 0
4615 0.5101267369078601 0.4074631988762422 0
4616 0.7055435547769785 0.4191535671074412 0
4617 -0.9784082194707853 -0.5991316874728555 0
4618 0.6125327117856457 -0.5278603179898187 0
4619 0.5623316118239678 0.9432475632092202 0
4620 -0.44123560460904 -0.4436895223936204 0
4621 0.9369749474317409 -0.03557681830633042 0
4622 -0.9387171655320032 -0.8196841452874826 0
4623 -0.6062552135354864 -0.6869027932745823 0
4624 -0.5215077574248257 0.8072015294668472 0
4625 0.736157068457991 0.7220847686778985 0
4626 0.8314939214572086 0.1072999500493662 0
4627 -0.4525083473325811 -0.6838800377999272 0
4628 -0.9445108825038183 -0.9164146636879372 0
4629 0.4126277661418706 -0.972599213458107 0
4630 -0.02878107423478907 0.5735693009998235 0
4631 0.9802943856203568 0.896511370062345 0
4632 -0.4790087570235669 -0.9819054821195089 0
4633 -0.5700012301156245 0.1267082842083334 0
4634 -0.4422554282502178 0.1119596718591691 0
4635 0.2214646190958393 0.395477757156747 0
4636 -0.5468497537210185 0.3031892033274811 0
4637 0.9464010638345252 0.3247267260731761 0
4638 0.386510633624076 -0.4913334328098124 0
4639 0.3590859424364934 -0.07099777748262652 0
4640 -0.9809589217156671 -0.1786589124079765 0
4641 0.8457907750971286 -0.8756352636978326 0
4642 0.02163942704151771 0.8287562174702763 0
4643 0.1636365827010685 -0.7616124741592282 0
4644 0.6279268258955513 -0.03527536555570421 0
4645 0.2215476025823934 0.6872266707691221 0
4646 0.845504237846896 0.6718930210730149 0
4647 -0.08437954855692888 -0.0191744390806759 0
4648 0.5440329867860902 -0.5948002720808075 0
4649 0.3825970214835808 -0.833546670081233 0
4650 -0.6911193455285625 0.5964918800826979 0
4651 -0.6064826567473107 -0.4869142286767157 0
4652 0.3099808164814853 -0.7303904715454874 0
4653 -0.4105138638758046 -0.1527292083514255 0
4654 0.5434824791771893 -0.8664365352198011 0
4655 0.7059515746545866 -0.09506333183443537 0
4656 0.9130163231045854 0.151469604658894 0
4657 -0.01282665013681965 -0.9375110154009459 0
4658 0.2514971304279142 0.3636766452248552 0
4659 -0.698915333109137 -0.8825815513618618 0
4660 0.8754407331399781 0.3466591023988013 0
4661 -0.9799738972074363 0.4183481408846756 0
4662 0.07735387690422282 -0.02814496923735357 0
4663 -0.1796120094934263 0.1754853781089879 0
4664 -0.5669113940894411 -0.7021587358437804 0
4665 -0.2511915029011921 -0.441213957143343 0
4666 0.3917993410627545 -0.1001854077373953 0
4667 -0.5036458379721173 -0.9464519044898061 0
4668 0.6397697196810186 0.2774354361527344 0
4669 0.6707660736514607 -0.9519564551440555 0
4670 0.2090989001820644 0.7600892022044257 0
4671 -0.4063383618523962 0.4042508530953599 0
4672 -0.5093457926537261 -0.7285557421461177 0
4673 -0.8148613232435917 0.2176139622219271 0
4674 0.6118014896129552 -0.108229396022486 0
4675 0.07342981069008792 -0.09595622445217955 0
4676 0.7382107857124606 -0.7786271758197868 0
4677 0.6454763439472415 0.853209336373182 0
4678 0.7534987158985701 0.2319586371617987 0
4679 0.8438039561620606 -0.3688566824259944 0
4680 0.6107489326650011 0.04967450565729521 0
4681 -0.4996302647916259 0.1588122708169259 0
4682 -0.8993683155101808 0.6809238386514822 0
4683 0.01360122053753668 0.2812136936547147 0
4684 0.7454281717720013 -0.04191714835143741 0
4685 -0.8895628299238885 -0.9422427284356379 0
4686 0.9416606302854723 -0.2562840250273695 0
4687 -0.4967543592695737 0.5094539979397277 0
4688 0.9423905784093888 -0.4651452573481397 0
4689 0.1433578311316873 0.6212085297298091 0
4690 0.977868369341403 0.9778683693413602 0
4691 -0.02938835431126836 0.8934716841603327 0
4692 0.7792786906524103 0.7564108169489218 0
4693 0.7656950213042297 -0.2706880545874353 0
4694 0.6204725418816238 0.5471242939980844 0
4695 0.532227678985707 -0.646569872954605 0
4696 0.178322238980661 -0.8264513190926006 0
4697 0.5682227705685101 -0.5279276654024201 0
4698 0.03530554054377404 0.8538692363106792 0
4699 0.1949585300940673 0.9416750296091193 0
4700 -0.4242373000544812 0.151029901533772 0
4701 0.1798046791579026 -0.8518365770048447 0
4702 -0.6736554197976852 -0.7073427082483456 0
4703 0.2228044968092158 0.8360331615129987 0
4704 -0.03028832443417628 0.7624670208362225 0
4705 0.27001823145105 -0.1647043835605284 0
4706 0.7160386826640199 0.8984530992873536 0
4707 -0.5736477200714474 0.8433774411501253 0
4708 -0.153113627178303 0.06512154511841799 0
4709 0.2913551988491201 0.6612056666239364 0
4710 0.7533438544893419 -0.5498886702714779 0
4711 0.3145497594921564 0.2797228321309053 0
4712 -0.5006348242758544 0.4665296027661789 0
4713 0.2830475033180577 -0.09107153118839593 0
4714 -0.7265401328377875 0.2912032335164688 0
4715 -0.09200702548560519 0.7379706694281096 0
4716 -0.1100560230610989 0.4374419420139425 0
4717 0.6941636665367072 0.4566677339309049 0
4718 -0.04831079767642996 0.778616814868519 0
4719 -0.2697459404926049 0.7482585962659758 0
4720 0.2641219012485364 0.8059332055064646 0
4721 -0.3628453785095831 0.8757294725982904 0
4722 -0.8046576582167153 -0.7970646827557989 0
4723 -0.7677825785844983 -0.4095497461374102 0
4724 0.8965988185445442 -0.2626703865665643 0
4725 0.4004962043728824 -0.04898492239186399 0
4726 0.8363042587066306 -0.9511419728960548 0
4727 -0.9031203534828057 0.4618749621423335 0
4728 -0.6553925324126442 0.4058965154015036 0
4729 0.4676849420980681 0.5494835752931857 0
4730 -0.835042611385439 -0.9024597421996531 0
4731 -0.05607566983739438 0.8651659604093273 0
4732 0.05611143767894952 0.1637755813504795 0
4733 0.2644358189648295 -0.4241090744682274 0
4734 -0.4696243133734793 -0.4348485408922663 0
4735 0.8628805570998388 0.7137866297550614 0
4736 0.8264064606216397 0.8892969973891848 0
4737 -0.438045123106127 0.4531997509346494 0
4738 0.2234897136207731 0.03438067732885905 0
4739 -0.336785844658387 0.5834791295966121 0
4740 0.4404430593618416 0.82162854766725 0
4741 0.3799050304930055 0.1231979742814594 0
4742 -0.21124877119101 0.4802903776122116 0
4743 -0.7931329488669179 -0.7519437685581807 0
4744 0.9808959800645769 -0.8960681316319239 0
4745 0.6638726372775331 -0.5940222824476717 0
4746 0.8785250492860267 0.3751460803355732 0
4747 0.3155260585256774 -0.2074798449972192 0
4748 0.06073761222552698 0.0960110995170126 0
4749 0.6376008707311202 -0.1259348268996212 0
4750 0.7522374739013238 0.9256060669930956 0
4751 0.4499058724343171 -0.5407794095365428 0
4752 -0.5956264929670204 -0.7792201516122386 0
4753 -0.4597371987253301 -0.5106170774418365 0
4754 0.8085762889701607 -0.06225293992510536 0
4755 -0.1410521442279452 0.2136322227734149 0
4756 -0.3372718067038928 -0.6075596938028298 0
4757 -0.4824160027354983 0.03813531797050396 0
4758 -0.9523196409217154 0.2207779241823614 0
4759 0.8236746392809746 0.5613600949505086 0
4760 0.09910516911017432 0.1236072258132043 0
4761 -0.5208801763123961 -0.7623178618966877 0
4762 -0.6631153003702442 0.2443816055592836 0
4763 0.6159510404903698 -0.4293952422295938 0
4764 -0.2934872772002981 0.1121552581235544 0
4765 0.730093663118909 0.2967181041865155 0
4766 0.3542100315518644 0.3159738335074105 0
4767 -0.2963750281165032 -0.2103245423584008 0
4768 -0.5330107013821117 0.2052062724210934 0
4769 0.6799026125533157 0.08950040322434276 0
4770 0.6584627809124582 0.205855701834583 0
4771 0.6860166410188067 0.5670390305572204 0
4772 0.353151202511817 -0.7344511859014872 0
4773 0.8972921329221488 -0.8953705408584711 0
4774 -0.6771969762005855 -0.9003157130738992 0
4775 0.7828877401290151 -0.3210867933994086 0
4776 0.5246139809638606 -0.8784735717887734 0
4777 0.7077168562409198 -0.9798289744003805 0
4778 0.2209582432096748 0.1288100885912342 0
4779 -0.4780126351189815 -0.5249164213090386 0
4780 0.5665236213137655 -0.8991316206077805 0
4781 -0.9784108124368996 -0.1259063487152685 0
4782 -0.443586209324685 0.2991757999548289 0
4783 -0.755764625941602 0.258018807943343 0
4784 0.06921188274399562 0.3002971304355981 0
4785 -0.9515885172175842 -0.01911620436813761 0
4786 -0.8473428055008028 0.3187599125271019 0
4787 -0.8050265079204642 -0.9783240119822295 0
4788 0.464161910970381 -0.7789456428033532 0
4789 -0.9362695055364517 0.3301090972555319 0
4790 0.5954704495626866 -0.2062536837632317 0
4791 -0.4712965007468387 0.2443638446688242 0
4792 -0.5730372419861397 0.08128667970497144 0
4793 -0.8515426028249329 -0.652677893357506 0
4794 -0.6236707198138185 0.6464406681123284 0
4795 -0.4374340619891977 0.6314418402112379 0
4796 0.4372919244592592 0.4052069906858404 0
4797 0.6595417707613251 0.4795929905297468 0
4798 -0.9512690649708753 0.02434249377413416 0
4799 0.696287360305758 -0.05235077255233762 0
4800 0.09412653357776066 -0.1407019224815902 0
4801 0.08586510748144026 0.3436652112870708 0
4802 0.2384443555590727 -0.2375503622811401 0
4803 0.9431593899336363 0.7199179637632135 0
4804 -0.2954386205542936 -0.6580198471791686 0
4805 0.5134724321201701 0.2860905964995701 0
4806 0.2206108742559926 0.9392199559356404 0
4807 -0.363309547414282 -0.1013998874063013 0
4808 0.4040019032374792 -0.4166379624632882 0
4809 -0.3118026823164275 0.8608042496926459 0
4810 0.1376740022300719 -0.9513533228342022 0
4811 -0.567288362908427 -0.9806830982245569 0
4812 -0.2418997110086443 0.9410958948946127 0
4813 -0.3395471122028402 -0.1481929664904207 0
4814 -0.3164671444242925 -0.404492738849295 0
4815 0.3501500569051871 0.6335775052094507 0
4816 -0.9023585790193823 0.6565119796611547 0
4817 0.6006684158906086 -0.4075607349803843 0
4818 -0.2271383449579712 0.1978779276509433 0
4819 -0.06703780130062495 0.2872229638723577 0
4820 0.2172943481875004 0.4444357093827417 0
4821 0.5198796223204023 -0.3583202836923344 0
4822 -0.1424790304062102 -0.9783192157735605 0
4823 -0.3199727911133839 0.8127726612176194 0
4824 0.9390650145153605 0.9103606593228302 0
4825 0.232311710781204 -0.6960886439255015 0
4826 -0.7038682909973724 0.782119150091555 0
4827 0.2165191519940335 -0.9482245014520755 0
4828 0.2402390990551364 0.08988232059102214 0
4829 0.7978041365378209 0.977920861562929 0
4830 0.8718894287862664 0.9015311057995437 0
4831 -0.9823141027895623 0.6567164179114001 0
4832 0.5295010486161814 -0.5483330184846846 0
4833 0.9169395257260864 -0.5458743966928351 0
4834 0.5160379728728377 0.7721132175092227 0
4835 -0.1411378115652994 -0.761863039463911 0
4836 0.5153417772227645 0.8520536385870463 0
4837 -0.1107511439108184 0.0903391345634499 0
4838 0.5908707248832579 0.02882035351547043 0
4839 0.8704586442063781 -0.04082170727109505 0
4840 0.08293412994728395 -0.05672862152109719 0
4841 -0.04046344817148502 0.6958087613275167 0
4842 0.00857706721444457 -0.909609001029699 0
4843 0.1154982710267223 0.7525660137438599 0
4844 0.7730945918265585 -0.160906618319253 0
4845 0.7011500180960463 0.950173324213056 0
4846 0.7636723353652869 -0.8798897994605386 0
4847 -0.850369199138408 0.5742633455985763 0
4848 0.5447277123770343 -0.9479969714221024 0
4849 -0.6170380630356758 -0.4501237820173689 0
4850 -0.891944396881994 -0.798133020118437 0
4851 0.1383948162208043 0.6875861751145076 0
4852 0.736331229627302 -0.2169965470172949 0
4853 0.02494028209039266 -0.08985874925351497 0
4854 0.9433688614927672 -0.571050047138153 0
4855 -0.559603697017113 -0.9245069421809494 0
4856 -0.9058385016863446 0.193650203818496 0
4857 0.7189859875401904 0.4893748620018547 0
4858 -0.003144384056313762 0.4668013728500137 0
4859 0.7735939683894708 0.7820160675574948 0
4860 0.8119507660915047 -0.7412765030874958 0
4861 -0.8054916253009592 -0.368156275777508 0
4862 -0.02923456562000751 0.01182365725853707 0
4863 0.9283734239364761 0.623516742665467 0
4864 -0.2011634410981756 0.06574046560201775 0
4865 0.9819532660538682 -0.2689259336769084 0
4866 0.5343549373306165 0.980421305284551 0
4867 -0.3610317002686156 -0.2585990325645814 0
4868 0.1710890775699472 -0.06123572446996753 0
4869 -0.7029795316236495 0.4886150422129208 0
4870 0.6460674566237266 -0.3501072820292335 0
4871 0.9074367332224239 0.4601869380819556 0
4872 0.044943142870248 -0.8445943077768524 0
4873 0.5813157504808936 0.5232132317141851 0
4874 -0.336277338291345 0.2902004681639294 0
4875 -0.9421187206600627 -0.4148526378904345 0
4876 0.4952538987299704 0.9227408937679868 0
4877 0.8629283028409166 0.7874864593539598 0
4878 -0.5095154872946165 0.09590492001008842 0
4879 -0.6039173295491684 0.1502203436904056 0
4880 -0.5401896009947886 0.3333901646471806 0
4881 0.9390812588154778 -0.8824487788554309 0
4882 0.9381458597313879 -0.9075723079132814 0
4883 -0.7257260515598379 0.03160850961049509 0
4884 0.9197679809188061 0.8439972496124637 0
4885 -0.8432945507373315 -0.3850070247302991 0
4886 0.1586707378339598 0.7928927991844601 0
4887 -0.8291082295618732 -0.4055502724018989 0
4888 0.8223020706762676 0.9478538545888524 0
4889 0.1564532825937704 0.4205060459104861 0
4890 -0.2038346433151923 0.9199000871840781 0
4891 0.331435424141403 -0.4477605300885495 0
4892 -0.9056972309287326 -0.7594507501410788 0
4893 0.737407435963958 0.4707262772064487 0
4894 -0.3640424176042051 -0.05946964477721979 0
4895 0.276375333126674 -0.2107170870188788 0
4896 -0.7989118667735267 0.3145803917517891 0
4897 0.5100155421285445 -0.7771033184032898 0
4898 -0.5403122459909632 -0.4673573504317741 0
4899 0.3843137554787151 0.8203820594710034 0
4900 0.8459149547795483 -0.6151088502787809 0
4901 0.7280579173834407 -0.6480961384138131 0
4902 0.5722374087934576 0.9796536694067215 0
4903 0.4220586736052735 -0.8354107104238269 0
4904 -0.2553184177168726 -0.5804094856095193 0
4905 -0.2379465977247523 0.3155274425601494 0
4906 -0.9037169819222112 0.1648579948578083 0
4907 -0.5662266191790364 0.8692210198913022 0
4908 0.7810389880419232 -0.4812357889775604 0
4909 0.02707591800764733 -0.1156961778488316 0
4910 -0.9039018360371357 0.7244874029778693 0
4911 0.5878469635159453 0.9321012341307138 0
4912 -0.009966287961331678 0.1274571442661333 0
4913 -0.1195983672248681 0.3506241553058107 0
4914 0.7865698223074894 0.5832458402637095 0
4915 0.9543416442403138 -0.9818749908385636 0
4916 0.9811144708848749 -0.9545765286696939 0
4917 -0.3660202394631973 -0.6466571532714462 0
4918 -0.7518819562414828 0.8229575011219936 0
4919 0.5039824624920448 0.9776919792711145 0
4920 0.6967767660036853 0.9771823822315933 0
4921 -0.03057959643290114 -0.8964587223408247 0
4922 0.4803795066063769 0.8839288976391131 0
4923 -0.3309750487102709 0.7868693727477094 0
4924 -0.2237248631501089 -0.6706976019534896 0
4925 0.8845717627900836 0.541501332133523 0
4926 -0.8978479187319198 -0.4889870896165891 0
4927 0.05073133895143164 0.4079477101449731 0
4928 0.2090335105495577 0.9815442410751962 0
4929 0.4588284703047598 -0.4724207361036273 0
4930 0.9502475786263727 0.4651204944507981 0
4931 -0.2682035367412841 -0.3435172685175826 0
4932 -0.04899551452014755 -0.9478393128047957 0
4933 0.7475446634178743 0.782264172247978 0
4934 0.9786690812116291 -0.5008162896538043 0
4935 0.2795454082703711 0.5539562296386797 0
4936 -0.3604949342169417 0.6677802022351327 0
4937 -0.02070126107623292 0.4516832723453796 0
4938 -0.6317568195451986 0.1868254178444085 0
4939 0.1046635702645843 0.1624271990925686 0
4940 0.4390140242554263 -0.7874798483489583 0
4941 -0.6567164179114 -0.9826813943074005 0
4942 0.4374094937051315 -0.8135725889449799 0
4943 -0.7142724653997473 0.1106861808221195 0
4944 0.00728000175552083 0.6470994838544081 0
4945 -0.3557191456501411 0.6915208004837768 0
4946 0.6962401202715063 -0.8383119112654028 0
4947 0.3620275393213039 -0.4177600048459009 0
4948 -0.1529080000604585 0.4404234822396772 0
4949 -0.1753116069413908 0.4276000741544002 0
4950 0.5788557911893274 0.4788268532616926 0
4951 0.1429893865815237 0.1102831210046176 0
4952 -0.6877271202411406 0.5730508357678077 0
4953 0.3468050343597072 -0.7787365157441071 0
4954 -0.6835048135038144 0.5339826092568671 0
4955 0.7790686261325168 -0.8986157416064368 0
4956 0.1470834203093034 0.008793879100255194 0
4957 -0.8648051374891501 -0.5618714119156943 0
4958 -0.388018730086026 0.5718036857544114 0
4959 -0.6460817481505023 0.6813501811282624 0
4960 -0.07686126010183009 0.06520502701199241 0
4961 -0.03692648746382544 0.7419689653327838 0
4962 -0.9410297535213885 0.4757242052351886 0
4963 0.4203527189082177 -0.3518566325533568 0
4964 -0.2892126762233558 0.3744886720637324 0
4965 0.8409489797419616 0.8494537678668244 0
4966 0.5677329841582731 0.1065866562311973 0
4967 0.1591387000771751 -0.2590771790086394 0
4968 -0.4890716011152207 -0.6594932667498161 0
4969 0.6863021082886436 0.6835932105086275 0
4970 -0.2870773632680836 0.546947792333325 0
4971 0.1736581919527338 0.4556584595839592 0
4972 0.8657834995800048 -0.4081361643755806 0
4973 -0.4660027583075569 -0.7337893466153937 0
4974 0.5677187855197467 -0.4291849770793771 0
4975 -0.4081339109749418 0.1191778890592943 0
4976 0.1764069566804621 0.4307305201878493 0
4977 -0.7915153411449181 0.8095131152749359 0
4978 0.8988205653438675 -0.04460005020767051 0
4979 -0.8567942358778333 0.1865528961743814 0
4980 -0.2202446060839663 0.2334713418948703 0
4981 -0.3482806615681129 0.9375907623658729 0
4982 -0.7848114412914599 -0.4553451254441898 0
4983 0.3601051649976877 -0.9799108062274726 0
4984 0.9350801724947664 0.8029105395655882 0
4985 -0.7842028841047304 -0.7933433973546768 0
4986 0.1113987604143624 -0.08408698205896825 0
4987 -0.8243167564504341 0.8299562567259087 0
4988 -0.5517205395893487 -0.04075367173818426 0
4989 0.3897322382173255 -0.6594666841518931 0
4990 -0.08007103777665474 0.1287398568100037 0
4991 -0.8290418309194111 0.1728409735888207 0
4992 0.9533683331716909 -0.843380257366818 0
4993 -0.1896685149247812 -0.7221235410349707 0
4994 0.581923449874309 -0.5828765717396298 0
4995 -0.1460678163620968 0.1061560810119715 0
4996 -0.3580429973080105 0.8970765897243982 0
4997 -0.5906296359854157 -0.5965271652563647 0
4998 -0.514501235011473 0.5486529760101202 0
4999 -0.9822762160684543 0.001033196997840248 0
5000 0.5560162147303276 0.2348687410592679 0
5001 0.6832302087150511 -0.4257372201228454 0
5002 -0.793952414807183 0.8820181069800338 0
5003 0.1980436217960388 -0.1279863493875584 0
5004 0.8231988118581415 0.505595319334282 0
5005 0.8733826745183577 0.14880806823833 0
5006 -0.03689568496452347 0.55011980699397 0
5007 0.03603635352886583 0.7853254074230565 0
5008 0.4023025171131716 -0.2360750594122651 0
5009 0.9108615291116724 0.82737757377223 0
5010 -0.2385315605038503 -0.08803723207607335 0
5011 -0.3816387085728525 0.2737590072001646 0
5012 -0.792664187749913 -0.4810947790026813 0
5013 0.4030635882719077 0.2233600719480159 0
5014 0.6686672462888327 -0.287113918994818 0
5015 -0.673897364301378 0.9774186350538888 0
5016 0.1884095545774348 -0.3243621597556666 0
5017 0.2805318451904307 -0.4603381976902864 0
5018 -0.3792015012070017 0.9448590927828916 0
5019 0.2052255826055386 -0.2577394900673357 0
5020 -0.2797428207602263 -0.4414294213204416 0
5021 0.9006391305558443 -0.1452116072643875 0
5022 -0.9482639446305438 0.978746764540283 0
5023 -0.3196578300396426 -0.8576297325071144 0
5024 -0.9777214882177533 -0.5264746047469934 0
5025 -0.9785151333791299 0.8614700871095324 0
5026 0.138532850612879 0.2795699000182671 0
5027 0.426366323208321 -0.4225361791449334 0
5028 -0.1173241687456473 -0.1844218523743526 0
5029 -0.2489697441279593 0.1609818480424455 0
5030 -0.1024368891202738 0.665361407446394 0
5031 0.8833289009855537 0.7421316951555542 0
5032 -0.09134866646215929 0.2591381055123696 0
5033 0.6758652904400687 0.6394240871196496 0
5034 -0.1940481475988882 0.8453840062547799 0
5035 -0.9463166013645509 0.7367622099641169 0
5036 0.386654951634876 0.8692734760988291 0
5037 0.00393878321610321 0.7326954696988581 0
5038 -0.9815270022432611 0.8065992254977931 0
5039 0.6753637499868108 0.8791339238021552 0
5040 -0.9807814712008744 -0.08801832548183447 0
5041 0.4328603738989745 -0.9380273738783023 0
5042 0.1664800153385051 0.1769541709642053 0
5043 0.4126093599383505 -0.9431600178652021 0
5044 -0.6070048725642693 0.5590714729841025 0
5045 -0.05921768165522062 -0.8673876477847531 0
5046 -0.3724379885339175 -0.6065631261158613 0
5047 -0.6050358001728556 -0.9784589261228188 0
5048 0.6938423156274839 -0.128376059449901 0
5049 0.504793790557876 0.8950025074308277 0
5050 0.7676170471292916 0.3616206894190873 0
5051 0.4540993111507794 -0.2333757221483747 0
5052 0.8706312614552979 -0.8343413956153749 0
5053 0.7513922248995701 -0.4132068174363053 0
5054 0.5092582411654404 -0.2620217496301892 0
5055 -0.4352034028888112 -0.5241238630253351 0
5056 0.02613003707988287 0.6116314143733542 0
5057 0.03088100173815846 -0.9174572342519065 0
5058 -0.1204234546682006 0.678941759331708 0
5059 0.6435569568454718 0.3882558351466114 0
5060 0.8809560469265432 -0.8560482426024163 0
5061 -0.8678787545859092 0.3149564423181473 0
5062 0.4522981985743955 0.8492434509238159 0
5063 0.2685515798254069 -0.8384061641147098 0
5064 0.9825534301444754 0.955330510554825 0
5065 -0.3789302655652796 -0.3242175592752033 0
5066 -0.4186525734863547 -0.4910073902986393 0
5067 0.1592304897177389 -0.866226670023675 0
5068 -0.6305635400887376 -0.6215805949923154 0
5069 0.4129717299778737 -0.3140907575762181 0
5070 0.4784197650875462 0.3824364648269005 0
5071 -0.7278562072104984 -0.5575448580913831 0
5072 0.2487841353745634 0.8733993068442952 0
5073 -0.3618927998957967 -0.8555628363535629 0
5074 -0.7239134129468614 0.5499336360238298 0
5075 -0.01534297964988241 0.1680904750044328 0
5076 0.8836973526676095 0.2227887097822184 0
5077 -0.2596355147138751 -0.8251267690356525 0
5078 -0.7361107983514822 -0.5785846911720516 0
5079 0.7085964820366022 -0.8600787569957409 0
5080 0.5179683411215577 -0.235902163792015 0
5081 -0.8309399240324244 0.9438950564929971 0
5082 -0.008870500764669142 -0.9797794837334812 0
5083 -0.5760266457710221 0.5775117517750856 0
5084 -0.5054000896376382 0.3564518350978609 0
5085 -0.7854327124089474 0.5940064634630681 0
5086 -0.5417670403786767 0.01909965997718855 0
5087 -0.4017001171634945 -0.28801249220311 0
5088 -0.06378131788952435 0.9429292087315732 0
5089 0.7228057060061264 -0.2741229970744553 0
5090 0.844326619612371 0.4323372278845486 0
5091 0.5946963040479859 -0.5423562726452917 0
5092 -0.695621362123386 -0.5872953311755216 0
5093 -0.1454962074425448 0.7436193591458551 0
5094 0.09783687146610633 -0.1001875140277109 0
5095 0.9769691963223375 -0.157635956989382 0
5096 0.2353931908624568 0.2463378100701367 0
5097 0.5535724338055136 -0.03820846734798169 0
5098 0.9000263677579905 -0.7897104916576543 0
5099 0.07469650700792782 0.7272371240682461 0
5100 0.8817061669183851 -0.6457167497689585 0
5101 0.7896612356411614 0.9087299306441439 0
5102 -0.9262271241223079 -0.07881416652134378 0
5103 -0.2399863621638843 0.7486251645850946 0
5104 0.06237381824367961 -0.9467593592181125 0
5105 -0.9444401907666471 0.1518496404802297 0
5106 0.2398516293085062 -0.9003178679958563 0
5107 0.2316065830230883 -0.1414055056599188 0
5108 -0.9496506883236721 0.7862076673505465 0
5109 -0.3281507792999603 -0.1285459645185897 0
5110 -0.4564597141257826 0.951926526011899 0
5111 0.5584469525017863 -0.1582216805863128 0
5112 0.328895617003274 -0.1058740902955327 0
5113 0.6820125518767753 -0.6154906876335386 0
5114 -0.1134490819105708 0.9307660017592982 0
5115 0.8987504737655072 -0.81749120230064 0
5116 0.9832530887981471 0.179104477609662 0
5117 -0.08113790251893324 0.6753276202986372 0
5118 0.03558098581873399 0.3601686032706723 0
5119 -0.8802375552935453 -0.6795109671514776 0
5120 -0.8233476079858377 0.1104731538827992 0
5121 0.4724616407228047 -0.08105970792855319 0
5122 -0.2817696873655275 0.1394512572838852 0
5123 0.3560932838854186 0.9074652257090912 0
5124 0.6229744767843912 -0.2807301405285754 0
5125 0.6329230866277602 0.03384059365466024 0
5126 0.7783922439628685 0.4625470607428525 0
5127 -0.9013346385800467 -0.8409037834406511 0
5128 0.07222546076007373 0.8809828551128669 0
5129 -0.8238935384327586 0.5378368658744357 0
5130 0.5012046682364644 0.445117982326566 0
5131 -0.909604760901641 -0.2005576429145998 0
5132 0.1647810527787382 -0.003174550114276873 0
5133 -0.225480091692033 0.6660190678446454 0
5134 0.7738209663143149 -0.7618232687906227 0
5135 -0.5007113600716095 0.002843858367930153 0
5136 -0.3288311266991349 0.5440899020161988 0
5137 -0.4238626737910991 0.6514441192327843 0
5138 -0.4423946185860707 0.8800042079606052 0
5139 0.921606035255936 -0.3044372545924115 0
5140 -0.2602299904813034 0.9786151807829995 0
5141 -0.9020674912681579 -0.980249184588039 0
5142 0.7153917570470272 0.7225688100845067 0
5143 0.521121892834063 0.8341102157903845 0
5144 -0.2010244624063272 0.65809475880697 0
5145 0.983336876446871 -0.776119402985696 0
5146 -0.795048072371446 0.02763048292485502 0
5147 -0.7038455215872934 -0.842334814048457 0
5148 -0.6084850338139358 0.6256984079731693 0
5149 -0.8035576811705532 -0.6742541796773432 0
5150 -0.4927693957749795 -0.6322627260803348 0
5151 0.07806522445539665 0.1330407645403887 0
5152 0.2556383142108786 -0.2473793396030683 0
5153 -0.5508742473355515 0.1145840116024051 0
5154 -0.6441769658066581 0.3382683194589536 0
5155 0.01550374476652487 0.4239467547814736 0
5156 0.1056735203014498 -0.1612193475783685 0
5157 0.01077787629217251 0.868481306688796 0
5158 -0.6663332444580085 0.1586709020939532 0
5159 0.5834257678828595 -0.6079036590205347 0
5160 -0.8510507774691943 0.9125896925551374 0
5161 -0.8807986687176088 0.2208880741121403 0
5162 0.6938927786938325 -0.1672773900117156 0
5163 0.7495648059739802 0.06711127364305142 0
5164 -0.7927695946593933 -0.6151348553254417 0
5165 0.1351904182255229 0.4301534806090187 0
5166 -0.3996988116084804 -0.1724370380671565 0
5167 -0.7951742070870268 -0.5666431729938035 0
5168 -0.5560166895722694 0.8303438208495223 0
5169 0.682441478725864 -0.6914926687580937 0
5170 -0.1577228647466669 0.3521289948599098 0
5171 0.5274934560848278 -0.03817906477487902 0
5172 0.9166357059516516 -0.1834227863436269 0
5173 0.2581282679361017 0.9510228700092542 0
5174 0.3979827821391849 -0.4571950948453333 0
5175 0.6140387133666136 0.7577796719114313 0
5176 0.2980927446045356 -0.3415851097281548 0
5177 0.9389811298181252 0.3636272149566986 0
5178 -0.2201547841294186 -0.1980753639727157 0
5179 0.7406734917207709 -0.8871485969482806 0
5180 -0.4657055363678889 -0.8317210244636998 0
5181 -0.5348841270714797 0.9450110896733646 0
5182 -0.2262353156863486 0.382607905647704 0
5183 -0.7680710093737245 0.2967547213618851 0
5184 0.9392737899729905 -0.9502419206272312 0
5185 0.6790012467940695 0.4919568773707098 0
5186 0.4723020748231838 0.4439232413043969 0
5187 -0.5450191382578458 0.4132494958134717 0
5188 0.5383606627163717 -0.3810319515634611 0
5189 -0.08976345879937542 0.04891747586733419 0
5190 0.336269817301399 -0.9788408730511808 0
5191 0.2063814918563853 -0.2178111522965126 0
5192 0.05997021174935149 0.1194976387942321 0
5193 -0.6983690625556371 0.9099823735560651 0
5194 -0.9537830934226126 -0.6778103600410432 0
5195 0.7129962563405983 0.2771134638936714 0
5196 -0.9467582360415411 -0.366773836442055 0
5197 -0.2083606291169675 -0.1434213099388566 0
5198 0.3865518475122583 0.209334658995867 0
5199 0.5636297452979483 0.4302827406451831 0
5200 0.8440774217081801 0.8742975280272509 0
5201 -0.5620687943514724 0.9153451396648978 0
5202 0.7010017160713253 -0.9003720507460364 0
5203 -0.2586598236979127 0.8484599171666453 0
5204 0.8946106534664098 0.5009977070113256 0
5205 0.1210298963236904 0.3938186282800558 0
5206 0.158657396712794 -0.0326521240559612 0
5207 -0.05718418621180711 0.7095013771042243 0
5208 -0.6841436171080484 0.9441413076139888 0
5209 -0.6372684934892048 0.2080909053570177 0
5210 0.8462668804542056 0.3398634407832127 0
5211 0.9123979068067817 0.482787945701873 0
5212 -0.7710311919928352 -0.497724000918484 0
5213 -0.06145562825269446 0.3888197204741513 0
5214 0.4477611940313834 0.983575207065044 0
5215 0.7438123547049407 0.8089389294687283 0
5216 0.2533890059137237 -0.2858557910026734 0
5217 0.9547177522549595 -0.7307073788820369 0
5218 -0.4323872062523094 0.3717440327004745 0
5219 0.154201793738345 0.9533809577833002 0
5220 0.3435115097937885 0.8384868756279232 0
5221 0.2765865288297917 0.9010452803043969 0
5222 0.06606089570571096 -0.07463866045542526 0
5223 -0.676886207588007 0.3445086092085534 0
5224 0.2951477427789242 0.4560426969298018 0
5225 0.6724846139168512 -0.0565746514529506 0
5226 -0.387457319369834 0.7390998422752036 0
5227 -0.2945498661582331 0.2138364220048058 0
5228 -0.1803367281366461 -0.1463673449446543 0
5229 -0.7088204499017388 -0.6931211560283472 0
5230 0.07536594414411109 0.4668023268091155 0
5231 0.6674895792950484 -0.09578955631870056 0
5232 -0.3962902542095116 0.811117631959913 0
5233 0.2745420761874278 -0.6247574596293075 0
5234 0.5602409984702438 -0.6153903154461313 0
5235 0.9160384513031061 0.3612923521184248 0
5236 -0.528210670388249 -0.05110390980777181 0
5237 0.9771070576557407 0.7514234440157099 0
5238 -0.7410619606554495 -0.9389166421500408 0
5239 0.3365318566650536 -0.4206131594090023 0
5240 0.8148031729174779 0.01260549452239351 0
5241 -0.9801680376146011 0.9008031122852956 0
5242 0.1846049432185033 -0.9540137865754356 0
5243 -0.2845228227866618 0.4789432302883712 0
5244 0.2566198865354924 0.9132870968161843 0
5245 0.0822698215808369 0.08541736723060402 0
5246 0.8581447342066444 0.01475811513455974 0
5247 -0.7051581631146527 0.8899547813509697 0
5248 0.08121523826838285 -0.2412059513578251 0
5249 -0.2135533120024394 0.4245267056655202 0
5250 -0.8103304511487848 0.7883663650736742 0
5251 0.7294614528878316 0.006834083444561469 0
5252 -0.0871485412178744 0.8056971172291348 0
5253 -0.6623536522297182 0.8983973374483024 0
5254 0.9149988334938245 -0.9143840988240333 0
5255 -0.3352210401925293 0.6544894631571833 0
5256 0.9027502724894692 0.383622737106272 0
5257 0.7202090164470498 0.6588537983722206 0
5258 -0.3568323140003256 -0.5071369049078478 0
5259 -0.258021002291568 0.2616217397879651 0
5260 0.6385164062105257 0.4870981862358215 0
5261 0.1740919103854653 0.8831489428210746 0
5262 0.4538062697273654 0.04294793285633357 0
5263 0.5183348221037529 -0.9537891105695733 0
5264 -0.7053078347553627 0.2391060375963496 0
5265 -0.5249810044079261 -0.8632692932615615 0
5266 -0.603136370236667 0.6664595103561932 0
5267 -0.8518947529473012 -0.1974543951080667 0
5268 -0.7432742432814277 -0.7866246303406512 0
5269 -0.45908132087902 -0.9513157259489819 0
5270 -0.5455216807704816 0.9002203859168747 0
5271 -0.09794867914960256 0.8211213377606867 0
5272 0.8343083348365842 0.08271925489622947 0
5273 0.438356840134255 -0.9785745714438254 0
5274 -0.9786942693412841 -0.9828397479756311 0
5275 0.5956834299433889 -0.2500978243188312 0
5276 -0.4254831083801371 0.8323311368570789 0
5277 -0.3885133110504764 -0.2544312255513047 0
5278 0.2019050868033562 0.3085518208234069 0
5279 -0.2771042762968989 -0.7881981381252106 0
5280 0.8768389090286435 0.6770467025146839 0
5281 -0.7411301136601343 0.5855688453367359 0
5282 -0.1845819404457102 0.6781774492346594 0
5283 0.3238277418958486 -0.8402798598772967 0
5284 -0.434330961012914 -0.1152716907094734 0
5285 -0.1837770422211028 -0.2108835999698448 0
5286 0.670891501220008 0.4556764281399016 0
5287 0.0271082137427139 0.05298339564117964 0
5288 0.943764961593188 0.5696499829759505 0
5289 0.2877167787819559 -0.6616518902665662 0
5290 0.6424770625401354 0.07965314213031388 0
5291 0.6665326464871907 0.3106032996710287 0
5292 0.5810170631406768 -0.1021007489906495 0
5293 0.02360266678687124 0.6873635978138493 0
5294 -0.3514614340623443 0.1311531873866149 0
5295 -0.04010951172385006 0.459443733880072 0
5296 -0.9175569531473919 -0.313283365094599 0
5297 0.3321504003502649 -0.9498077066012556 0
5298 0.4979007182288921 -0.7587056694174215 0
5299 -0.5442163865900992 0.6012301383138218 0
5300 0.07921582251545199 0.5117862620663575 0
5301 0.7774660214009613 -0.3692473385622306 0
5302 0.9041503032153125 0.7079738353051044 0
5303 0.6342653546872746 -0.5358425132332004 0
5304 0.4426737865207675 0.5455931296198768 0
5305 -0.7224466431535341 0.4083600174518415 0
5306 0.9385604385528155 0.2589474531737492 0
5307 0.4661526295355864 -0.4325008891124615 0
5308 -0.4392758499491225 0.1859862191152211 0
5309 0.0807501476056144 0.1597053875484485 0
5310 0.8035233960901222 -0.2855423413595694 0
5311 -0.5822311064583128 0.8833593062552689 0
5312 0.196313205764084 0.329487408072056 0
5313 0.4674335288277012 -0.9158596257088276 0
5314 0.001961513653671389 -0.08549975832049415 0
5315 -0.867721978379417 -0.4208729760979133 0
5316 0.7200251185543138 0.5459892669158002 0
5317 -0.4496987483307722 0.1314418856636324 0
5318 -0.3809178398783427 0.8389673956453844 0
5319 -0.3395553468550029 -0.02611620391443386 0
5320 0.7384508129623023 0.3597070832487888 0
5321 0.9452326794899495 0.1958747526604752 0
5322 -0.3426113803589428 0.06727579485876983 0
5323 0.07861095110888665 0.05672600517921165 0
5324 -0.1307792771466059 0.1761423417122425 0
5325 -0.2362474065572477 0.5946068501413295 0
5326 -0.9250926314731273 0.01768934520230585 0
5327 -0.7866635667552675 -0.08387171866104393 0
5328 0.04845938545455389 -0.1954951327108243 0
5329 -0.4503605981558787 0.5894616117172129 0
5330 -0.7150802336198407 0.8234170448507661 0
5331 0.9478267219708857 0.3846863613812587 0
5332 0.8816250455398237 0.6991662701812033 0
5333 -0.8309619713704883 -0.4754542503653383 0
5334 0.2729602797767802 -0.7004055546478356 0
5335 0.9478602383866869 0.1152331234495615 0
5336 0.04281658772283249 -0.231862554288981 0
5337 0.837901697481959 0.9822315048595585 0
5338 -0.9434250040922267 -0.5362932573534018 0
5339 0.682020875149383 0.4160666234868035 0
5340 -0.2548186140546808 -0.3043284193441794 0
5341 0.4886827934293439 -0.02182178723821282 0
5342 -0.165636213328105 -0.7740464621039252 0
5343 -0.6045577406021441 0.186482777914956 0
5344 0.8821356211144409 -0.3633217154842736 0
5345 -0.5597774431875919 0.9394468530926089 0
5346 0.6328658477218616 0.9792557443355602 0
5347 -0.9150072031398979 -0.8844739961850637 0
5348 0.2628153474808236 -0.7236455394800669 0
5349 0.1047199332656331 0.09951837737606424 0
5350 0.4513306459825904 0.114467788029302 0
5351 -0.005482774487168576 -0.1878206159752997 0
5352 -0.2213152734536757 0.04728262746826992 0
5353 0.4883758347820195 -0.7098486249125813 0
5354 -0.5804478994085573 0.7058198413239111 0
5355 -0.5687684240163435 -0.5552695220983871 0
5356 -0.272309744699446 0.4581372854262563 0
5357 -0.06568410847130422 -0.003888851050482949 0
5358 -0.475352639902959 -0.7840052209498416 0
5359 0.4455671545359905 0.5148687297330543 0
5360 -0.8133669342798596 0.935425138627979 0
5361 -0.3385559056082583 0.7421171463999765 0
5362 0.5007053282899865 0.243777163308914 0
5363 0.4873474542367241 0.2264456783431084 0
5364 -0.6623076682473104 -0.8396348357753152 0
5365 0.7752098476442907 -0.9815927607083819 0
5366 0.6700160645400987 -0.8733677047765466 0
5367 0.2018830523888764 -0.9141408529880426 0
5368 -0.8667265280630098 -0.05960466318609697 0
5369 -0.2987112927910193 -0.8461207848715838 0
5370 0.00961059619239571 -0.8329644180993068 0
5371 0.4195454278993139 -0.4604485638245011 0
5372 -0.08374739603864802 0.6309305680979455 0
5373 -0.2418830328461122 -0.164968846605183 0
5374 -0.8261311076963498 0.3844538511858139 0
5375 0.5345727004479125 0.5219877358886087 0
5376 -0.30056973072525 -0.009908163345045134 0
5377 -0.5127022600777138 0.2468891459731387 0
5378 0.7952518571091791 -0.4569835468204639 0
5379 0.6815514070782729 0.7573885316428141 0
5380 -0.9597493104849664 0.4312515722660409 0
5381 0.8668829343725104 0.8812977488146384 0
5382 -0.09624701392701948 -0.8446794268584531 0
5383 0.2515299261887382 -0.02655515093264617 0
5384 0.3901524774199188 0.4538108365144906 0
5385 0.6765711016260555 0.0446674394499391 0
5386 -0.4685838223411803 0.6059034890160653 0
5387 -0.5064994689608469 0.4011935519966605 0
5388 -0.4503989992482611 0.4112306597995082 0
5389 -0.3791059132618617 0.07010809445047901 0
5390 0.3448542419715548 -0.7071975161222783 0
5391 0.2191743725706106 -0.3040148690761919 0
5392 0.7554878968122598 -0.3428105730383791 0
5393 -0.233648316364355 -0.6931240087466128 0
5394 0.920900365073391 0.7628046041391267 0
5395 -0.4022034659898091 -0.09253276035706745 0
5396 -0.8994532239643067 -0.5831636199648635 0
5397 0.1391360519730619 0.1309092979134386 0
5398 0.7194471016430874 0.8215752639672121 0
5399 -0.3314015419666365 -0.7885526282349972 0
5400 -0.519635448596529 -0.6085192913531401 0
5401 0.1530428573163587 0.8142819806204543 0
5402 -0.6599700170956868 -0.9376754682929175 0
5403 0.2921239455822892 -0.2668792762349003 0
5404 -0.7351632787562583 0.1013680341330513 0
5405 0.1490454659190376 0.8774249823466047 0
5406 0.3415722787935289 0.7987245383163563 0
5407 0.4830787456194098 -0.1463061541282691 0
5408 0.6330601888692339 0.3493144236635597 0
5409 0.3602464160912162 -0.4545720285133316 0
5410 0.4648084460423959 0.9487021962808959 0
5411 0.4660899400227572 -0.5813101292513058 0
5412 0.9074791327405581 -0.7176528234757962 0
5413 0.2055944997833326 -0.00777568600337161 0
5414 -0.6247696666109962 -0.4931615558425693 0
5415 0.03211058415101863 -0.8778340594438085 0
5416 -0.5143711440077139 0.1933729552392159 0
5417 -0.9841276266951979 0.328358208957088 0
5418 0.8281824732176621 -0.7065925934180302 0
5419 -0.07147813104376122 0.7460791261452165 0
5420 -0.7362103009013989 -0.8709320993831631 0
5421 0.5825309906070034 -0.6558862259278653 0
5422 -0.1626816173842088 -0.1108327947677828 0
5423 -0.7678799984499318 -0.5197434480373618 0
5424 -0.3582001728530526 -0.7200231412788015 0
5425 0.3463947438020474 0.1767485856236597 0
5426 0.7559388558490753 -0.0929966236675013 0
5427 -0.5045399719987179 0.02763351106684827 0
5428 0.4495137592592561 0.7628837881759888 0
5429 -0.2134459916467349 -0.7236784130888498 0
5430 0.979924804850435 0.2630045808994732 0
5431 -0.6546642669887959 -0.6240726764443523 0
5432 0.5087148579175098 0.3087635828826435 0
5433 -0.3958302757017143 -0.2205073950012858 0
5434 0.354130574037714 0.6065061260538445 0
5435 0.8658562819425788 -0.7010881975841192 0
5436 0.3578207738503998 0.9821359247540731 0
5437 0.425369929265836 0.6075354483842078 0
5438 -0.5944781025637842 0.09762695671378933 0
5439 0.1448912024302055 -0.1051451898943402 0
5440 -0.03635910166904362 -0.8322071096119524 0
5441 0.2945053781583639 0.2312319925565599 0
5442 0.3105471902770858 -0.6470583290420109 0
5443 -0.8488350345938472 -0.2518996967448933 0
5444 -0.4298614838510608 -0.4158904419552439 0
5445 0.6033335744219819 0.2891452478026612 0
5446 0.2048263766267622 -0.819126426097146 0
5447 -0.2368651056732432 0.4554705462388202 0
5448 0.3390236808785729 0.2430351237945544 0
5449 0.58467912527847 0.4023465032581166 0
5450 -0.8639545748936102 0.8892067532490576 0
5451 0.5529122322864736 -0.2558955320868588 0
5452 0.362283241776124 -0.8270422977158572 0
5453 -0.9025474190436658 0.8059357349448403 0
5454 0.541128342050588 -0.9108969943996146 0
5455 -0.4636877976055026 0.3487437846558403 0
5456 -0.5652713716342247 -0.4750140903936533 0
5457 -0.5782013666378405 -0.8050234400853029 0
5458 0.8659198687249807 -0.7715399659300681 0
5459 -0.8547297422396088 -0.8847278428447352 0
5460 -0.7138006958198228 0.9830128950660287 0
5461 0.4010887949945425 -0.3949041436242804 0
5462 0.6224597912956984 0.8237117128167648 0
5463 -0.2389311696715769 0.6935176500424535 0
5464 0.2102001747465581 0.9019009421571408 0
5465 -0.8791046816160226 -0.3677029376140235 0
5466 -0.9552238805971394 -0.9842422310378153 0
5467 -0.5943447872761088 -0.8197037401147407 0
5468 0.5801119245763114 -0.2293344339340104 0
5469 -0.8610707505966682 -0.6344271361771783 0
5470 0.2085705077917593 -0.7278919918923012 0
5471 0.1273556355986623 0.9797234401095418 0
5472 -0.4152904911265441 0.9563354029183966 0
5473 0.98430223713669 0.4477611940283187 0
5474 -0.1651734538804756 0.9783629610638059 0
5475 -0.9791535915758078 0.4686059823370951 0
5476 0.1830517930812677 0.520921909965029 0
5477 -0.5976100339600637 0.02421445219431296 0
5478 -0.3692593219457257 0.6043876238647286 0
5479 0.01655415786344569 0.1605410035407071 0
5480 -0.4915904198538469 0.2039221627547586 0
5481 -0.9001240898284426 -0.353441428215731 0
5482 -0.5086494922475006 0.768684582029912 0
5483 0.5811547165415847 -0.6807715751619965 0
5484 -0.6624427736145346 0.4728812008345716 0
5485 0.9789650126050585 -0.5769799458301771 0
5486 0.4139509105870428 0.8514617885770477 0
5487 -0.8742015865581508 0.09658273201369176 0
5488 -0.7182117834979348 -0.8903218853681767 0
5489 -0.2849774598611248 -0.04334171867027948 0
5490 -0.4007230317069553 -0.8420735685526207 0
5491 -0.5502134418210843 -0.739886097759762 0
5492 -0.1560547776316289 -0.2735852572708291 0
5493 0.9783935912349969 0.04483638208897989 0
5494 0.007109264059109854 0.7529082420146245 0
5495 0.7404098228408746 0.7566480213270892 0
5496 0.9177112980859552 0.9192486096373605 0
5497 -0.07303512543641295 0.02475999374778351 0
5498 0.7472783425791114 0.4091270132837635 0
5499 0.0848783043177605 0.2279939560225461 0
5500 0.1353930709526533 0.4502422356563954 0
5501 0.4019311287901446 -0.006001088348869205 0
5502 -0.5473176077842945 0.7867682299974513 0
5503 -0.7896219754501763 -0.9572267286685671 0
5504 -0.5175462665243066 -0.03227666715019609 0
5505 -0.9388029769036778 0.8079335118772514 0
5506 -0.5083163827671076 0.6209200427644486 0
5507 0.8454331769303611 -0.5096882777785288 0
5508 0.01104990852197425 0.2578895949501667 0
5509 0.0685235879019896 0.3837434645759676 0
5510 0.4521218323446018 0.08671012652363808 0
5511 0.5742631140721202 0.1992667309815226 0
5512 0.5793371882947824 0.3783902348808163 0
5513 -0.6854191146124277 0.6408947925487605 0
5514 0.8077907178648636 0.823099933389393 0
5515 -0.5182527447970178 0.1681656153166726 0
5516 0.7710691738731335 0.1452475632813813 0
5517 0.4061713382229131 0.3860508747778649 0
5518 -0.3977916209410295 0.8828275225897421 0
5519 -0.7462275106946762 0.4385647120500868 0
5520 0.4486154545945927 -0.02148319092483296 0
5521 0.02880125602600881 -0.1627316773718487 0
5522 -0.9833740468964267 0.09081374605463463 0
5523 0.8493981095740281 0.9416451759917094 0
5524 0.04475146587907213 -0.802088095032406 0
5525 -0.08053316702768495 0.5638767842869001 0
5526 0.7737024333891516 0.2314494269841189 0
5527 -0.06331382104136257 0.3634412217684605 0
5528 -0.9795312973375376 -0.7063613449923779 0
5529 -0.3470437037685863 -0.567096869728861 0
5530 0.9439499669874708 -0.7695408696579804 0
5531 0.01199783351030227 0.786817550759356 0
5532 0.871475820923016 0.8435010806673221 0
5533 -0.8859349334061837 0.7710999694332563 0
5534 0.5657653603922895 -0.8259178000112422 0
5535 -0.9815675177893584 -0.2629693935458903 0
5536 0.3449905994282081 -0.8515552202847492 0
5537 -0.4796029390253004 0.563879124594174 0
5538 -0.1530911133873322 0.7050202040111092 0
5539 -0.2242980112289878 0.5260917003765859 0
5540 -0.4653942244238657 0.01300768695329629 0
5541 -0.9471135817625735 -0.4686100232269884 0
5542 -0.002199214036953675 -0.8942490364982152 0
5543 0.2698350455464598 0.4830285554823194 0
5544 0.6228800424303405 -0.5792167664694879 0
5545 0.6723409981025084 0.6160043020146522 0
5546 0.3683538659391544 0.1722470763824954 0
5547 -0.1757286444358568 0.7079426290413668 0
5548 0.7770559615381654 -0.6207089217793845 0
5549 -0.6686272380877766 0.05751057526355467 0
5550 0.3797486040094175 -0.1646411504148095 0
5551 -0.4164662186666304 -0.9851436453367458 0
5552 -0.7327603470624123 -0.4661042284063375 0
5553 -0.9816719702382412 0.9515241314045607 0
5554 0.4729603037364479 0.3587042414002646 0
5555 0.2855202858835961 0.5927115035795851 0
5556 -0.6417788932711228 -0.8372638340197851 0
5557 -0.7620206969284962 -0.9244096535311899 0
5558 0.6609037136055966 0.5483335856585656 0
5559 -0.8558005060955056 -0.9264832510470158 0
5560 -0.1188746464348595 -0.1138663632031889 0
5561 0.03081945448685098 0.5845356182464588 0
5562 0.5453702210465823 0.3914438339467861 0
5563 -0.768536054508441 0.647730614499471 0
5564 0.6867374301074209 0.1262391539004529 0
5565 0.2631465933988631 0.01209446448424522 0
5566 0.2902971041708612 0.3207045282059326 0
5567 -0.3932452479451201 -0.5011231366597463 0
5568 0.3388251003222922 -0.06631976144757949 0
5569 -0.4099775396785997 -0.8034873044275577 0
5570 -0.2619494565806388 -0.5083429894889022 0
5571 -0.7357865785137925 0.8594159242058746 0
5572 0.6517611964322594 0.9220852220373987 0
5573 0.2192239715235395 0.1035619634338975 0
5574 0.566952435418982 -0.3510914074395465 0
5575 -0.602086657787684 -0.8899844664823995 0
5576 0.3161032540951221 -0.2783087528144434 0
5577 0.9796520699031541 0.5900643423434501 0
5578 -0.7836195621475641 0.07449938313920029 0
5579 -0.07053309657472419 0.7697712522771978 0
5580 -0.6464200839443638 0.8620450343047932 0
5581 -0.1193619329100899 -0.9327962835934764 0
5582 0.4792069098569026 -0.04716503146395554 0
5583 -0.3683598216066558 -0.9450424009247699 0
5584 -0.2403262625501565 0.8947397249919522 0
5585 -0.1141637463944644 0.140615881002518 0
5586 -0.5298801469447715 0.1304054439409957 0
5587 0.2849854993971687 -0.5867015224067371 0
5588 0.7935416312817262 -0.1051875334882423 0
5589 -0.2013491869769066 0.1464942640989334 0
5590 -0.05413480244798861 0.7328604976673634 0
5591 0.79615011641224 -0.2034864177292834 0
5592 0.8886391871843727 0.4248093857602973 0
5593 0.6929873419932495 -0.8792953882450334 0
5594 -0.9178739867037958 -0.3854318475750313 0
5595 -0.5598348700379814 0.6397981224760048 0
5596 0.1722009558483124 0.5629578138397205 0
5597 0.1184162424925552 0.03814008523543858 0
5598 -0.6780141715934656 0.4920735719586421 0
5599 -0.3026168684980307 -0.1688830603591978 0
5600 0.8682101596690726 0.08434394480001377 0
5601 0.9276540825699295 -0.3352051025698332 0
5602 -0.2113267745241416 -0.7842631798675009 0
5603 -0.707532886511797 0.1635242573039686 0
5604 0.6154865845597333 -0.2438556903849768 0
5605 -0.5014624519045259 -0.7504973222239105 0
5606 0.5982549213760299 -0.6988166579651531 0
5607 -0.6959869849145375 -0.001757407485636156 0
5608 -0.530261711188272 -0.5388571116608756 0
5609 0.7176953273810626 -0.387325644054793 0
5610 -0.4921924564095975 0.6360912466980869 0
5611 0.4286639658368246 -0.6749235819711392 0
5612 -0.5521148924781368 0.5219437166615799 0
5613 0.4922629792809271 -0.3239748955368973 0
5614 0.2070354213426291 0.795890061905422 0
5615 -0.06248908609011013 0.6621574471627305 0
5616 0.4219487321875267 0.6401334781538068 0
5617 -0.5413186132725634 -0.5584510694157099 0
5618 -0.3357920056427597 0.1744015569035234 0
5619 0.8760469469671994 -0.2587187297917137 0
5620 -0.04672033253221848 0.4170429901782116 0
5621 0.94199790943533 0.9526443422376688 0
5622 0.5636090111307221 0.1628688535927173 0
5623 0.8250057539294886 -0.04623702738802296 0
5624 -0.1617705186981394 0.9511810379990245 0
5625 -0.5212628846907714 0.585328326037317 0
5626 -0.5246027807951019 -0.9015689491844892 0
5627 0.2670717582677509 0.6229117292029951 0
5628 -0.6252976431790606 0.382602049728587 0
5629 0.6952540599386691 -0.4496681557801138 0
5630 -0.2661355776739241 -0.7516431687361195 0
5631 -0.3011701482201124 0.7189312769141577 0
5632 0.4071137796613471 -0.6733510504441812 0
5633 0.1070444620895923 -0.02116262849095879 0
5634 0.8576260113212257 0.2820766986259649 0
5635 -0.7588108216098437 -0.6456975402021794 0
5636 0.6416321014238517 -0.6304606843943866 0
5637 0.2760193816904402 -0.9241720273272154 0
5638 0.4804027178245758 0.04294946461285042 0
5639 -0.8574816629133545 -0.8625483484617454 0
5640 -0.8284091389976267 0.4556083400466444 0
5641 0.2394644846978736 0.7753568511285182 0
5642 -0.9525987368645163 0.6354533612482922 0
5643 0.2520160767726002 0.319226197115038 0
5644 -0.2636322707888163 0.6692141360056525 0
5645 -0.5338875600737769 0.2310670245722371 0
5646 0.8153900421721101 0.464795447000609 0
5647 -0.6280423748001952 -0.570645950093823 0
5648 -0.9841987843995956 -0.4777104858920462 0
5649 0.40332481024599 0.2487493585665936 0
5650 -0.3688517864662234 0.3324644189625666 0
5651 -0.4589399481655903 0.2009075333751512 0
5652 -0.3736093627251058 0.09452655003115945 0
5653 0.4199987747756833 0.02566749248700894 0
5654 -0.7226409165387405 0.3428050807338709 0
5655 -0.6877123184135615 0.249634771731678 0
5656 -0.646461122774876 0.655433253760338 0
5657 -0.5292965103421573 -0.8301342178833477 0
5658 -0.7984444998637565 -0.6977872629606702 0
5659 0.7034913349935276 0.2079683319855685 0
5660 0.5212028616137425 0.2078591836795199 0
5661 -0.8270530567769814 -0.5108762213233852 0
5662 0.2284089825503756 0.3492379368383315 0
5663 0.8678848343354599 0.5096776700805635 0
5664 -0.7046163483547276 0.7193830125850802 0
5665 -0.09662009264718915 -0.1143054771897817 0
5666 -0.589130982797933 0.4193456373892133 0
5667 0.8416520423056157 -0.248905365794452 0
5668 0.3624397036685957 0.2169187167036838 0
5669 0.3690231571059591 -0.9609227266808749 0
5670 -0.1624470164090656 0.8818282157858495 0
5671 -0.1105336383991022 0.867112141181452 0
5672 -0.9162461292995264 0.6145858022324624 0
5673 -0.1779701936239348 0.09471678625891086 0
5674 0.95726940342591 0.9830957795192199 0
5675 0.271130022328889 0.5763426501773694 0
5676 -0.8360164958864851 -0.3277085009056875 0
5677 0.543802642188288 0.3678584180287746 0
5678 -0.9241440767153776 0.4546682041156243 0
5679 0.3464985605603738 0.8809561898001694 0
5680 -0.5511461299340873 -0.01847561473403661 0
5681 -0.3793939437894159 0.3139705329605423 0
5682 -0.7976163715603647 0.6316201246374941 0
5683 0.8407963379007293 -0.641651145958434 0
5684 -0.8455146382014552 0.4874741036805737 0
5685 -0.9185385988809546 0.08172197875250017 0
5686 0.5180562435719003 0.01803332444142871 0
5687 0.4146087435217162 0.3664304171817745 0
5688 0.8193968081046112 -0.3233585666066033 0
5689 -0.60569942486812 -0.7538630726458805 0
5690 0.3503083300228902 0.07992825868503285 0
5691 -0.3529990740876008 0.5099209805327214 0
5692 0.9467215146034527 0.2430870894026768 0
5693 0.1359890806151729 0.3841996500331744 0
5694 0.8711742167255028 0.5576905723513654 0
5695 0.8586650247398079 -0.3244755099436692 0
5696 -0.1854000275436486 0.02144074697376568 0
5697 -0.7296244960029725 -0.4278381339340216 0
5698 -0.4014467119435756 0.2801888889737268 0
5699 0.1145919586819106 -0.8191995874391289 0
5700 -0.2498236133830331 -0.1316712387176918 0
5701 0.3799615308813481 0.6625526269680512 0
5702 -0.9835370007165115 0.9835370007165858 0
5703 0.4171119911084502 0.4083076420313416 0
5704 0.3201288174592238 0.5298063806147575 0
5705 0.6506385873177594 -0.751573571800188 0
5706 0.2486788506494353 0.6536928070670013 0
5707 -0.7399271653094776 0.6979414163053272 0
5708 0.07180931870764798 -0.1391225033479202 0
5709 0.01330281085288189 -0.2622264118188987 0
5710 -0.8755454272402581 -0.8961744686614732 0
5711 0.04622149463556904 0.5644224553156778 0
5712 -0.4636763237602259 -0.07130447116225463 0
5713 0.4023803379345152 -0.3334489276926978 0
5714 0.8324758270918025 0.9093816431149109 0
5715 -0.9136462704044492 -0.01542218894521105 0
5716 -0.9548320967142204 -0.741542442135217 0
5717 0.5507403836898564 0.7964551030235337 0
5718 -0.2868429387712986 -0.7446783630154903 0
5719 0.5116372191134602 -0.8334377431771857 0
5720 -0.8601227444031168 -0.9797233062052841 0
5721 -0.8639115883674607 0.4771801340094619 0
5722 -0.1363832226265402 -0.1983229473041963 0
5723 0.7617995943309791 -0.4365476190404299 0
5724 -0.1660368426228866 -0.823599458622531 0
5725 0.7344514277443244 0.4486117869692177 0
5726 0.5977225863229054 0.3312222409656472 0
5727 -0.6893690399444226 0.05580344924995412 0
5728 -0.6997200583513929 0.09315355874721129 0
5729 -0.2572999105925475 0.03775776182126585 0
5730 -0.1216956628950594 -0.776690313357269 0
5731 0.5824460071100461 0.847656788055165 0
5732 -0.7823856642338711 0.4901703041055782 0
5733 0.9046467341302552 0.7288644870514041 0
5734 0.9178232634026066 -0.6506085705012533 0
5735 0.1791996836939266 0.3879914079525476 0
5736 -0.9825263621749346 -0.3016350784807614 0
5737 0.2136464410054685 0.5767481551183286 0
5738 0.7110713797007373 0.4416191647220497 0
5739 -0.5915976152979969 -0.5178488919360978 0
5740 0.5457466427795443 -0.6616704035767009 0
5741 0.4781500294699675 -0.4742756620287685 0
5742 -0.05001875912744578 -0.04023921163065273 0
5743 -0.3225796693677311 0.1973904709658815 0
5744 0.08683532382999525 0.5436169662321516 0
5745 0.685116845886489 -0.7995716273590454 0
5746 -0.7118161313128919 0.6070557014672124 0
5747 -0.6723336257096675 -0.03028589599326921 0
5748 -0.4781945707984238 -0.1067159936228848 0
5749 -0.7472084450743054 0.03402065834650594 0
5750 0.2234381307211067 0.536640246740293 0
5751 -0.71897285469733 0.5095340181140373 0
5752 -0.8873649297596333 0.008380464824021674 0
5753 -0.5641790649325998 0.1512533489315907 0
5754 0.2850616950888966 -0.7394105250771141 0
5755 0.027784802783297 0.1933413171919562 0
5756 0.4095411006767841 0.979223202955473 0
5757 -0.5152551656177849 0.5078864702317749 0
$EndNodes
$Elements
11518
1 1 2 10 1 1 11
2 1 2 10 1 11 12
3 1 2 10 1 12 13
4 1 2 10 1 13 14
5 1 2 10 1 14 15
6 1 2 10 1 15 16
7 1 2 10 1 16 17
8 1 2 10 1 17 18
9 1 2 10 1 18 19
10 1 2 10 1 19 20
11 1 2 10 1 20 21
12 1 2 10 1 21 22
13 1 2 10 1 22 23
14 1 2 10 1 23 24
15 1 2 10 1 24 25
16 1 2 10 1 25 26
17 1 2 10 1 26 27
18 1 2 10 1 27 28
19 1 2 10 1 28 29
20 1 2 10 1 29 30
21 1 2 10 1 30 31
22 1 2 10 1 31 32
23 1 2 10 1 32 33
24 1 2 10 1 33 34
25 1 2 10 1 34 35
26 1 2 10 1 35 36
27 1 2 10 1 36 37
28 1 2 10 1 37 38
29 1 2 10 1 38 39
30 1 2 10 1 39 40
31 1 2 10 1 40 41
32 1 2 10 1 41 42
33 1 2 10 1 42 43
34 1 2 10 1 43 44
35 1 2 10 1 44 45
36 1 2 10 1 45 46
37 1 2 10 1 46 47
38 1 2 10 1 47 48
39 1 2 10 1 48 49
40 1 2 10 1 49 50
41 1 2 10 1 50 51
42 1 2 10 1 51 52
43 1 2 10 1 52 53
44 1 2 10 1 53 54
45 1 2 10 1 54 55
46 1 2 10 1 55 56
47 1 2 10 1 56 57
48 1 2 10 1 57 58
49 1 2 10 1 58 59
50 1 2 10 1 59 60
51 1 2 10 1 60 61
52 1 2 10 1 61 62
53 1 2 10 1 62 63
54 1 2 10 1 63 64
55 1 2 10 1 64 65
56 1 2 10 1 65 66
57 1 2 10 1 66 67
58 1 2 10 1 67 68
59 1 2 10 1 68 69
60 1 2 10 1 69 70
61 1 2 10 1 70 71
62 1 2 10 1 71 72
63 1 2 10 1 72 73
64 1 2 10 1 73 74
65 1 2 10 1 74 75
66 1 2 10 1 75 76
67 1 2 10 1 76 2
68 1 2 11 2 2 77
69 1 2 11 2 77 78
70 1 2 11 2 78 79
71 1 2 11 2 79 80
72 1 2 11 2 80 81
73 1 2 11 2 81 82
74 1 2 11 2 82 83
75 1 2 11 2 83 84
76 1 2 11 2 84 85
77 1 2 11 2 85 86
78 1 2 11 2 86 87
79 1 2 11 2 87 88
80 1 2 11 2 88 89
81 1 2 11 2 89 90
82 1 2 11 2 90 91
83 1 2 11 2 91 92
84 1 2 11 2 92 93
85 1 2 11 2 93 94
86 1 2 11 2 94 95
87 1 2 11 2 95 96
88 1 2 11 2 96 97
89 1 2 11 2 97 98
90 1 2 11 2 98 99
91 1 2 11 2 99 100
92 1 2 11 2 100 101
93 1 2 11 2 101 102
94 1 2 11 2 102 103
95 1 2 11 2 103 104
96 1 2 11 2 104 105
97 1 2 11 2 105 106
98 1 2 11 2 106 107
99 1 2 11 2 107 108
100 1 2 11 2 108 109
101 1 2 11 2 109 110
102 1 2 11 2 110 111
103 1 2 11 2 111 112
104 1 2 11 2 112 113
105 1 2 11 2 113 114
106 1 2 11 2 114 115
107 1 2 11 2 115 116
108 1 2 11 2 116 117
109 1 2 11 2 117 118
110 1 2 11 2 118 119
111 1 2 11 2 119 120
112 1 2 11 2 120 121
113 1 2 11 2 121 122
114 1 2 11 2 122 123
115 1 2 11 2 123 124
116 1 2 11 2 124 125
117 1 2 11 2 125 126
118 1 2 11 2 126 127
119 1 2 11 2 127 128
120 1 2 11 2 128 129
121 1 2 11 2 129 130
122 1 2 11 2 130 131
123 1 2 11 2 131 132
124 1 2 11 2 132 133
125 1 2 11 2 133 134
126 1 2 11 2 134 135
127 1 2 11 2 135 136
128 1 2 11 2 136 137
129 1 2 11 2 137 138
130 1 2 11 2 138 139
131 1 2 11 2 139 140
132 1 2 11 2 140 141
133 1 2 11 2 141 142
134 1 2 11 2 142 3
135 1 2 12 3 3 143
136 1 2 12 3 143 144
137 1 2 12 3 144 145
138 1 2 12 3 145 146
139 1 2 12 3 146 147
140 1 2 12 3 147 148
141 1 2 12 3 148 149
142 1 2 12 3 149 150
143 1 2 12 3 150 151
144 1 2 12 3 151 152
145 1 2 12 3 152 153
146 1 2 12 3 153 154
147 1 2 12 3 154 155
148 1 2 12 3 155 156
149 1 2 12 3 156 157
150 1 2 12 3 157 158
151 1 2 12 3 158 159
152 1 2 12 3 159 160
153 1 2 12 3 160 161
154 1 2 12 3 161 162
155 1 2 12 3 162 163
156 1 2 12 3 163 164
157 1 2 12 3 164 165
158 1 2 12 3 165 166
159 1 2 12 3 166 167
160 1 2 12 3 167 168
161 1 2 12 3 168 169
162 1 2 12 3 169 170
163 1 2 12 3 170 171
164 1 2 12 3 171 172
165 1 2 12 3 172 173
166 1 2 12 3 173 174
167 1 2 12 3 174 175
168 1 2 12 3 175 176
169 1 2 12 3 176 177
170 1 2 12 3 177 178
171 1 2 12 3 178 179
172 1 2 12 3 179 180
173 1 2 12 3 180 181
174 1 2 12 3 181 182
175 1 2 12 3 182 183
176 1 2 12 3 183 184
177 1 2 12 3 184 185
178 1 2 12 3 185 186
179 1 2 12 3 186 187
180 1 2 12 3 187 188
181 1 2 12 3 188 189
182 1 2 12 3 189 190
183 1 2 12 3 190 191
184 1 2 12 3 191 192
185 1 2 12 3 192 193
186 1 2 12 3 193 194
187 1 2 12 3 194 195
188 1 2 12 3 195 196
189 1 2 12 3 196 197
190 1 2 12 3 197 198
191 1 2 12 3 198 199
192 1 2 12 3 199 200
193 1 2 12 3 200 201
194 1 2 12 3 201 202
195 1 2 12 3 202 203
196 1 2 12 3 203 204
197 1 2 12 3 204 205
198 1 2 12 3 205 206
199 1 2 12 3 206 207
200 1 2 12 3 207 208
201 1 2 12 3 208 4
202 1 2 13 4 4 209
203 1 2 13 4 209 210
204 1 2 13 4 210 211
205 1 2 13 4 211 212
206 1 2 13 4 212 213
207 1 2 13 4 213 214
208 1 2 13 4 214 215
209 1 2 13 4 215 216
210 1 2 13 4 216 217
211 1 2 13 4 217 218
212 1 2 13 4 218 219
213 1 2 13 4 219 220
214 1 2 13 4 220 221
215 1 2 13 4 221 222
216 1 2 13 4 222 223
217 1 2 13 4 223 224
218 1 2 13 4 224 225
219 1 2 13 4 225 226
220 1 2 13 4 226 227
221 1 2 13 4 227 228
222 1 2 13 4 228 229
223 1 2 13 4 229 230
224 1 2 13 4 230 231
225 1 2 13 4 231 232
226 1 2 13 4 232 233
227 1 2 13 4 233 234
228 1 2 13 4 234 235
229 1 2 13 4 235 236
230 1 2 13 4 236 237
231 1 2 13 4 237 238
232 1 2 13 4 238 239
233 1 2 13 4 239 240
234 1 2 13 4 240 241
235 1 2 13 4 241 242
236 1 2 13 4 242 243
237 1 2 13 4 243 244
238 1 2 13 4 244 245
239 1 2 13 4 245 246
240 1 2 13 4 246 247
241 1 2 13 4 247 248
242 1 2 13 4 248 249
243 1 2 13 4 249 250
244 1 2 13 4 250 251
245 1 2 13 4 251 252
246 1 2 13 4 252 253
247 1 2 13 4 253 254
248 1 2 13 4 254 255
249 1 2 13 4 255 256
250 1 2 13 4 256 257
251 1 2 13 4 257 258
252 1 2 13 4 258 259
253 1 2 13 4 259 260
254 1 2 13 4 260 261
255 1 2 13 4 261 262
256 1 2 13 4 262 263
257 1 2 13 4 263 264
258 1 2 13 4 264 265
259 1 2 13 4 265 266
260 1 2 13 4 266 267
261 1 2 13 4 267 268
262 1 2 13 4 268 269
263 1 2 13 4 269 270
264 1 2 13 4 270 271
265 1 2 13 4 271 272
266 1 2 13 4 272 273
267 1 2 13 4 273 274
268 1 2 13 4 274 1
269 1 2 14 5 5 275
270 1 2 14 5 275 276
271 1 2 14 5 276 277
272 1 2 14 5 277 278
273 1 2 14 5 278 279
274 1 2 14 5 279 280
275 1 2 14 5 280 281
276 1 2 14 5 281 282
277 1 2 14 5 282 283
278 1 2 14 5 283 284
279 1 2 14 5 284 285
280 1 2 14 5 285 286
281 1 2 14 5 286 287
282 1 2 14 5 287 288
283 1 2 14 5 288 289
284 1 2 14 5 289 290
285 1 2 14 5 290 291
286 1 2 14 5 291 292
287 1 2 14 5 292 293
288 1 2 14 5 293 294
289 1 2 14 5 294 6
290 1 2 14 6 6 295
291 1 2 14 6 295 296
292 1 2 14 6 296 297
293 1 2 14 6 297 298
294 1 2 14 6 298 299
295 1 2 14 6 299 300
296 1 2 14 6 300 301
297 1 2 14 6 301 302
298 1 2 14 6 302 303
299 1 2 14 6 303 304
300 1 2 14 6 304 305
301 1 2 14 6 305 306
302 1 2 14 6 306 307
303 1 2 14 6 307 308
304 1 2 14 6 308 309
305 1 2 14 6 309 310
306 1 2 14 6 310 311
307 1 2 14 6 311 312
308 1 2 14 6 312 313
309 1 2 14 6 313 314
310 1 2 14 6 314 5
311 1 2 15 7 7 315
312 1 2 15 7 315 316
313 1 2 15 7 316 317
314 1 2 15 7 317 318
315 1 2 15 7 318 319
316 1 2 15 7 319 320
317 1 2 15 7 320 321
318 1 2 15 7 321 322
319 1 2 15 7 322 323
320 1 2 15 7 323 324
321 1 2 15 7 324 325
322 1 2 15 7 325 8
323 1 2 15 8 8 326
324 1 2 15 8 326 327
325 1 2 15 8 327 328
326 1 2 15 8 328 329
327 1 2 15 8 329 330
328 1 2 15 8 330 331
329 1 2 15 8 331 332
330 1 2 15 8 332 333
331 1 2 15 8 333 334
332 1 2 15 8 334 335
333 1 2 15 8 335 336
334 1 2 15 8 336 7
335 1 2 16 9 9 337
336 1 2 16 9 337 338
337 1 2 16 9 338 339
338 1 2 16 9 339 340
339 1 2 16 9 340 341
340 1 2 16 9 341 342
341 1 2 16 9 342 343
342 1 2 16 9 343 344
343 1 2 16 9 344 345
344 1 2 16 9 345 346
345 1 2 16 9 346 347
346 1 2 16 9 347 348
347 1 2 16 9 348 349
348 1 2 16 9 349 350
349 1 2 16 9 350 351
350 1 2 16 9 351 352
351 1 2 16 9 352 353
352 1 2 16 9 353 354
353 1 2 16 9 354 355
354 1 2 16 9 355 356
355 1 2 16 9 356 357
356 1 2 16 9 357 358
357 1 2 16 9 358 359
358 1 2 16 9 359 360
359 1 2 16 9 360 361
360 1 2 16 9 361 362
361 1 2 16 9 362 10
362 1 2 16 10 10 363
363 1 2 16 10 363 364
364 1 2 16 10 364 365
365 1 2 16 10 365 366
366 1 2 16 10 366 367
367 1 2 16 10 367 368
368 1 2 16 10 368 369
369 1 2 16 10 369 370
370 1 2 16 10 370 371
371 1 2 16 10 371 372
372 1 2 16 10 372 373
373 1 2 16 10 373 374
374 1 2 16 10 374 375
375 1 2 16 10 375 376
376 1 2 16 10 376 377
377 1 2 16 10 377 378
378 1 2 16 10 378 379
379 1 2 16 10 379 380
380 1 2 16 10 380 381
381 1 2 16 10 381 382
382 1 2 16 10 382 383
383 1 2 16 10 383 384
384 1 2 16 10 384 385
385 1 2 16 10 385 386
386 1 2 16 10 386 387
387 1 2 16 10 387 388
388 1 2 16 10 388 9
389 2 2 2 1 1005 3493 4361
390 2 2 2 1 2925 860 5192
391 2 2 2 1 1772 946 2621
392 2 2 2 1 2062 563 2670
393 2 2 2 1 2007 605 2377
394 2 2 2 1 467 3174 3501
395 2 2 2 1 916 1732 2519
396 2 2 2 1 1931 742 3595
397 2 2 2 1 1971 391 2302
398 2 2 2 1 1883 568 3164
399 2 2 2 1 3304 1709 4609
400 2 2 2 1 834 1928 2308
401 2 2 2 1 2926 1721 3278
402 2 2 2 1 2005 401 2186
403 2 2 2 1 1861 3372 4871
404 2 2 2 1 682 4400 4926
405 2 2 2 1 1276 2460 3634
406 2 2 2 1 901 1881 2318
407 2 2 2 1 922 2100 2128
408 2 2 2 1 1172 2698 3014
409 2 2 2 1 1498 3183 3836
410 2 2 2 1 978 2007 2377
411 2 2 2 1 1984 1087 4592
412 2 2 2 1 1297 3304 4609
413 2 2 2 1 591 1741 2509
414 2 2 2 1 599 2467 2547
415 2 2 2 1 2121 478 2141
416 2 2 2 1 3124 891 3738
417 2 2 2 1 1332 2031 3521
418 2 2 2 1 2447 1130 3179
419 2 2 2 1 1085 1725 5545
420 2 2 2 1 1169 2121 2141
421 2 2 2 1 2467 1193 2547
422 2 2 2 1 1677 2373 4614
423 2 2 2 1 1072 2017 3089
424 2 2 2 1 745 1865 2406
425 2 2 2 1 2698 1474 3014
426 2 2 2 1 1995 1011 3439
427 2 2 2 1 2008 904 2197
428 2 2 2 1 3148 3142 5109
429 2 2 2 1 1315 3142 3148
430 2 2 2 1 1713 1142 5307
431 2 2 2 1 2563 507 2689
432 2 2 2 1 2011 788 3256
433 2 2 2 1 1422 2490 3105
434 2 2 2 1 1967 559 2238
435 2 2 2 1 1865 917 2406
436 2 2 2 1 2378 580 3982
437 2 2 2 1 2674 1411 3169
438 2 2 2 1 1706 2378 3982
439 2 2 2 1 1881 543 2318
440 2 2 2 1 3135 599 4544
441 2 2 2 1 4466 2114 5070
442 2 2 2 1 2059 827 3484
443 2 2 2 1 625 1782 5584
444 2 2 2 1 1858 492 2356
445 2 2 2 1 2460 1572 3634
446 2 2 2 1 2133 1539 3340
447 2 2 2 1 1951 881 2259
448 2 2 2 1 1985 1316 4253
449 2 2 2 1 778 1968 4040
450 2 2 2 1 2447 3179 3514
451 2 2 2 1 927 2006 2480
452 2 2 2 1 762 2133 3340
453 2 2 2 1 1690 1106 3791
454 2 2 2 1 454 1708 5068
455 2 2 2 1 2999 1538 4528
456 2 2 2 1 1070 1800 3542
457 2 2 2 1 637 1958 3418
458 2 2 2 1 1950 899 4519
459 2 2 2 1 971 2174 2303
460 2 2 2 1 2321 648 4143
461 2 2 2 1 519 1863 2427
462 2 2 2 1 1716 2321 4143
463 2 2 2 1 467 1990 2226
464 2 2 2 1 2114 904 5070
465 2 2 2 1 3063 836 3400
466 2 2 2 1 1209 2683 3220
467 2 2 2 1 3049 1639 3261
468 2 2 2 1 539 2417 4713
469 2 2 2 1 992 1712 4010
470 2 2 2 1 3220 2683 4309
471 2 2 2 1 599 2547 4544
472 2 2 2 1 1942 536 5382
473 2 2 2 1 3130 411 4600
474 2 2 2 1 3646 2711 4245
475 2 2 2 1 736 1763 3482
476 2 2 2 1 1782 2989 5584
477 2 2 2 1 1732 916 2566
478 2 2 2 1 2174 1018 2303
479 2 2 2 1 826 2096 2156
480 2 2 2 1 2169 565 2444
481 2 2 2 1 2062 2670 5560
482 2 2 2 1 1941 1272 2487
483 2 2 2 1 1274 2563 2689
484 2 2 2 1 1271 2352 3774
485 2 2 2 1 1034 1680 2860
486 2 2 2 1 1877 236 3291
487 2 2 2 1 4462 2098 4542
488 2 2 2 1 430 1784 4124
489 2 2 2 1 452 3049 3261
490 2 2 2 1 739 2317 3557
491 2 2 2 1 1915 908 2320
492 2 2 2 1 805 1724 4360
493 2 2 2 1 2317 1488 3557
494 2 2 2 1 2148 783 3956
495 2 2 2 1 1318 2489 2899
496 2 2 2 1 2489 649 2899
497 2 2 2 1 1853 1171 2773
498 2 2 2 1 887 1974 4043
499 2 2 2 1 2014 850 3296
500 2 2 2 1 1496 2584 3396
501 2 2 2 1 1064 2169 2444
502 2 2 2 1 650 2227 3377
503 2 2 2 1 424 1767 2506
504 2 2 2 1 3787 2124 4090
505 2 2 2 1 472 1829 3873
506 2 2 2 1 2373 774 4614
507 2 2 2 1 1708 454 3151
508 2 2 2 1 2115 519 3022
509 2 2 2 1 4626 2380 5272
510 2 2 2 1 1076 1688 3265
511 2 2 2 1 536 1867 2371
512 2 2 2 1 420 1915 2320
513 2 2 2 1 1787 600 3993
514 2 2 2 1 3103 3538 5065
515 2 2 2 1 933 1839 2531
516 2 2 2 1 400 1701 3643
517 2 2 2 1 1964 1268 2277
518 2 2 2 1 4400 1639 4926
519 2 2 2 1 1186 2101 2567
520 2 2 2 1 1450 3599 4085
521 2 2 2 1 1893 1101 3122
522 2 2 2 1 1719 1032 3198
523 2 2 2 1 1680 1034 3064
524 2 2 2 1 2098 4462 5681
525 2 2 2 1 2417 1837 4713
526 2 2 2 1 2367 1233 3181
527 2 2 2 1 1313 1837 2417
528 2 2 2 1 2017 1072 2695
529 2 2 2 1 1086 3641 5199
530 2 2 2 1 378 377 1959
531 2 2 2 1 1916 763 2943
532 2 2 2 1 1847 1260 3656
533 2 2 2 1 2583 999 2868
534 2 2 2 1 1348 2583 2868
535 2 2 2 1 2670 1099 5560
536 2 2 2 1 47 48 2035
537 2 2 2 1 1173 1777 2507
538 2 2 2 1 1100 2926 3278
539 2 2 2 1 993 1762 2546
540 2 2 2 1 1380 2695 2869
541 2 2 2 1 730 1841 4636
542 2 2 2 1 2048 1199 2786
543 2 2 2 1 1973 114 3045
544 2 2 2 1 1116 2049 2812
545 2 2 2 1 2695 1072 2869
546 2 2 2 1 1688 1076 3387
547 2 2 2 1 1847 3656 4539
548 2 2 2 1 1051 2464 2719
549 2 2 2 1 576 2017 2695
550 2 2 2 1 2464 1241 2719
551 2 2 2 1 2017 1069 4078
552 2 2 2 1 372 371 2713
553 2 2 2 1 844 2230 2989
554 2 2 2 1 562 2083 3819
555 2 2 2 1 1837 1313 3929
556 2 2 2 1 1822 2793 4820
557 2 2 2 1 2151 1107 3071
558 2 2 2 1 716 1837 3929
559 2 2 2 1 31 32 2395
560 2 2 2 1 594 1876 2653
561 2 2 2 1 431 2380 4626
562 2 2 2 1 2205 806 3336
563 2 2 2 1 1352 2205 3336
564 2 2 2 1 2352 1271 3872
565 2 2 2 1 1854 1358 2883
566 2 2 2 1 448 2674 3169
567 2 2 2 1 2994 523 3827
568 2 2 2 1 522 1826 3508
569 2 2 2 1 560 1887 3162
570 2 2 2 1 1106 1690 3193
571 2 2 2 1 1781 2063 5056
572 2 2 2 1 87 88 2108
573 2 2 2 1 990 2039 5319
574 2 2 2 1 489 1966 5049
575 2 2 2 1 1737 949 2629
576 2 2 2 1 2041 990 5319
577 2 2 2 1 2712 537 3123
578 2 2 2 1 1507 2712 3123
579 2 2 2 1 1876 997 2653
580 2 2 2 1 852 2081 2283
581 2 2 2 1 2267 860 2925
582 2 2 2 1 3545 528 3615
583 2 2 2 1 966 2711 3646
584 2 2 2 1 2045 891 3124
585 2 2 2 1 2584 505 3396
586 2 2 2 1 2063 808 5056
587 2 2 2 1 255 256 1999
588 2 2 2 1 3656 662 4539
589 2 2 2 1 1320 2508 3599
590 2 2 2 1 3174 1596 3501
591 2 2 2 1 1814 1068 2985
592 2 2 2 1 2793 1822 4976
593 2 2 2 1 2232 415 2343
594 2 2 2 1 1936 838 2541
595 2 2 2 1 2392 939 2934
596 2 2 2 1 2525 1984 4592
597 2 2 2 1 1166 2610 3367
598 2 2 2 1 1947 820 2335
599 2 2 2 1 498 2452 2705
600 2 2 2 1 1133 2065 2679
601 2 2 2 1 1859 394 2426
602 2 2 2 1 2740 1532 3657
603 2 2 2 1 1142 1713 2851
604 2 2 2 1 2452 1226 2705
605 2 2 2 1 2395 32 3617
606 2 2 2 1 1929 882 2532
607 2 2 2 1 2567 2101 4826
608 2 2 2 1 1968 414 5641
609 2 2 2 1 2367 3181 4333
610 2 2 2 1 2421 1185 2596
611 2 2 2 1 914 1938 4235
612 2 2 2 1 1084 2421 2596
613 2 2 2 1 3766 2428 4468
614 2 2 2 1 372 2713 4420
615 2 2 2 1 3599 2508 4751
616 2 2 2 1 891 2045 5622
617 2 2 2 1 499 1791 3025
618 2 2 2 1 1229 2382 3250
619 2 2 2 1 3956 783 4364
620 2 2 2 1 536 2184 5382
621 2 2 2 1 1820 2999 4528
622 2 2 2 1 3521 2031 5696
623 2 2 2 1 829 1948 5135
624 2 2 2 1 263 264 2137
625 2 2 2 1 1757 698 2840
626 2 2 2 1 3800 1841 3851
627 2 2 2 1 3377 2227 5008
628 2 2 2 1 2292 991 2505
629 2 2 2 1 895 1885 3441
630 2 2 2 1 1107 2292 2505
631 2 2 2 1 1817 1111 3282
632 2 2 2 1 1098 1870 2686
633 2 2 2 1 1117 2232 2343
634 2 2 2 1 2494 1968 5641
635 2 2 2 1 1712 992 3547
636 2 2 2 1 2071 951 5733
637 2 2 2 1 1811 959 3734
638 2 2 2 1 1808 790 4335
639 2 2 2 1 3367 2610 3608
640 2 2 2 1 1918 1057 2522
641 2 2 2 1 946 1772 2665
642 2 2 2 1 2293 1404 3433
643 2 2 2 1 1723 535 2774
644 2 2 2 1 1455 2273 2985
645 2 2 2 1 2934 939 4271
646 2 2 2 1 618 1866 2936
647 2 2 2 1 4462 840 5681
648 2 2 2 1 1701 400 2958
649 2 2 2 1 551 2196 2579
650 2 2 2 1 913 2293 3433
651 2 2 2 1 2045 2226 5622
652 2 2 2 1 951 2203 5733
653 2 2 2 1 2065 902 2689
654 2 2 2 1 191 192 2028
655 2 2 2 1 2549 714 4181
656 2 2 2 1 467 2226 2305
657 2 2 2 1 5189 2010 5497
658 2 2 2 1 949 1737 2714
659 2 2 2 1 2075 965 2709
660 2 2 2 1 2056 324 3603
661 2 2 2 1 2369 1016 2498
662 2 2 2 1 1264 1779 3601
663 2 2 2 1 788 2011 4210
664 2 2 2 1 596 2857 2980
665 2 2 2 1 1918 934 5096
666 2 2 2 1 2011 1476 4210
667 2 2 2 1 1763 736 2625
668 2 2 2 1 420 1799 5134
669 2 2 2 1 1971 2302 5757
670 2 2 2 1 1789 405 3609
671 2 2 2 1 2159 926 3554
672 2 2 2 1 1974 887 4961
673 2 2 2 1 976 2261 2396
674 2 2 2 1 2267 655 2827
675 2 2 2 1 902 2070 2329
676 2 2 2 1 2217 1152 2603
677 2 2 2 1 1046 2217 2603
678 2 2 2 1 1927 2925 5192
679 2 2 2 1 1197 1789 3609
680 2 2 2 1 2260 568 3348
681 2 2 2 1 3329 726 4110
682 2 2 2 1 640 1830 2514
683 2 2 2 1 2223 551 2579
684 2 2 2 1 1002 2237 2420
685 2 2 2 1 514 1841 3800
686 2 2 2 1 2273 753 2985
687 2 2 2 1 487 2331 4483
688 2 2 2 1 2137 264 4149
689 2 2 2 1 2237 1055 2420
690 2 2 2 1 1819 457 4987
691 2 2 2 1 2331 1800 4483
692 2 2 2 1 1961 554 4570
693 2 2 2 1 2068 950 2301
694 2 2 2 1 1791 499 2816
695 2 2 2 1 1049 2123 2536
696 2 2 2 1 2980 2857 4304
697 2 2 2 1 558 2068 2301
698 2 2 2 1 108 1759 3300
699 2 2 2 1 1310 1801 3845
700 2 2 2 1 2123 438 2536
701 2 2 2 1 3103 1456 3538
702 2 2 2 1 2631 1309 2768
703 2 2 2 1 2476 1310 2950
704 2 2 2 1 457 1819 4142
705 2 2 2 1 778 1770 3479
706 2 2 2 1 2051 826 3018
707 2 2 2 1 2180 403 3333
708 2 2 2 1 2108 88 4147
709 2 2 2 1 2666 1985 4253
710 2 2 2 1 1010 2631 2768
711 2 2 2 1 1021 2487 2818
712 2 2 2 1 448 2476 2950
713 2 2 2 1 1826 522 4187
714 2 2 2 1 690 1721 3160
715 2 2 2 1 1133 1759 4179
716 2 2 2 1 2883 1358 3212
717 2 2 2 1 2367 442 2882
718 2 2 2 1 2487 1272 2818
719 2 2 2 1 1735 1228 4626
720 2 2 2 1 237 238 2845
721 2 2 2 1 1233 2367 2882
722 2 2 2 1 1228 1735 2825
723 2 2 2 1 411 3130 4355
724 2 2 2 1 3089 2017 4078
725 2 2 2 1 1721 690 3278
726 2 2 2 1 2277 661 3294
727 2 2 2 1 178 1749 3481
728 2 2 2 1 1057 1716 4143
729 2 2 2 1 2276 644 3965
730 2 2 2 1 2010 1053 2328
731 2 2 2 1 2306 271 3630
732 2 2 2 1 1356 2037 3769
733 2 2 2 1 18 2258 3069
734 2 2 2 1 897 2139 2228
735 2 2 2 1 2813 1394 2839
736 2 2 2 1 1140 1757 3423
737 2 2 2 1 1982 1263 3489
738 2 2 2 1 1246 2456 2809
739 2 2 2 1 1111 2813 2839
740 2 2 2 1 4519 899 5370
741 2 2 2 1 1716 1057 3110
742 2 2 2 1 1032 1719 3784
743 2 2 2 1 1960 421 3075
744 2 2 2 1 2192 1252 3853
745 2 2 2 1 1101 1893 4464
746 2 2 2 1 1155 2165 3088
747 2 2 2 1 827 2059 5339
748 2 2 2 1 3848 2780 4418
749 2 2 2 1 910 1895 3951
750 2 2 2 1 393 2093 2369
751 2 2 2 1 787 1963 2392
752 2 2 2 1 1630 4979 4991
753 2 2 2 1 1076 2282 2433
754 2 2 2 1 2282 420 2433
755 2 2 2 1 1801 1310 4215
756 2 2 2 1 844 2989 5203
757 2 2 2 1 426 1886 4859
758 2 2 2 1 1205 2239 3046
759 2 2 2 1 882 2728 2784
760 2 2 2 1 2010 2328 5497
761 2 2 2 1 2139 897 5750
762 2 2 2 1 920 1858 4218
763 2 2 2 1 1080 1913 3149
764 2 2 2 1 135 136 2191
765 2 2 2 1 237 2845 3291
766 2 2 2 1 2220 841 4889
767 2 2 2 1 2081 995 2283
768 2 2 2 1 1749 178 3555
769 2 2 2 1 1783 746 3889
770 2 2 2 1 2006 1038 4404
771 2 2 2 1 2299 1375 4152
772 2 2 2 1 3372 767 4871
773 2 2 2 1 538 2009 2385
774 2 2 2 1 1840 2220 4889
775 2 2 2 1 2037 465 3769
776 2 2 2 1 5480 2238 5651
777 2 2 2 1 1725 1085 3346
778 2 2 2 1 2343 1293 4018
779 2 2 2 1 3250 2382 4423
780 2 2 2 1 1013 1912 2448
781 2 2 2 1 2044 1764 5159
782 2 2 2 1 818 2044 5159
783 2 2 2 1 1967 2238 5480
784 2 2 2 1 762 2040 4411
785 2 2 2 1 394 2063 2515
786 2 2 2 1 651 1891 3096
787 2 2 2 1 2131 1437 4154
788 2 2 2 1 396 2000 2414
789 2 2 2 1 1724 805 3228
790 2 2 2 1 3563 1522 3650
791 2 2 2 1 2675 702 3837
792 2 2 2 1 2040 1541 4411
793 2 2 2 1 2292 1107 2903
794 2 2 2 1 2264 1166 2370
795 2 2 2 1 898 3903 5213
796 2 2 2 1 3325 625 4812
797 2 2 2 1 480 5189 5497
798 2 2 2 1 1692 2549 4181
799 2 2 2 1 228 2473 4661
800 2 2 2 1 1907 918 4450
801 2 2 2 1 2001 748 2766
802 2 2 2 1 2055 559 2451
803 2 2 2 1 2038 828 2690
804 2 2 2 1 1948 2111 5135
805 2 2 2 1 2128 2100 5689
806 2 2 2 1 400 2350 2491
807 2 2 2 1 1249 2288 3021
808 2 2 2 1 2193 4111 5059
809 2 2 2 1 735 1868 2639
810 2 2 2 1 1062 2001 2766
811 2 2 2 1 1378 2224 3768
812 2 2 2 1 1064 2252 2377
813 2 2 2 1 519 2427 3022
814 2 2 2 1 2112 1395 2829
815 2 2 2 1 409 4077 4383
816 2 2 2 1 1868 974 2639
817 2 2 2 1 2264 4401 4530
818 2 2 2 1 2745 409 4383
819 2 2 2 1 1375 3438 4152
820 2 2 2 1 1991 730 4636
821 2 2 2 1 1252 3299 3853
822 2 2 2 1 677 2264 4530
823 2 2 2 1 3855 885 5651
824 2 2 2 1 1930 105 2935
825 2 2 2 1 2288 451 3021
826 2 2 2 1 958 1758 3364
827 2 2 2 1 1741 591 3305
828 2 2 2 1 1848 408 2561
829 2 2 2 1 2350 1108 2491
830 2 2 2 1 174 2153 4300
831 2 2 2 1 887 4043 5037
832 2 2 2 1 1171 1853 3415
833 2 2 2 1 3577 893 3858
834 2 2 2 1 589 2013 3381
835 2 2 2 1 900 2004 5282
836 2 2 2 1 2427 1863 4683
837 2 2 2 1 1793 961 4117
838 2 2 2 1 1176 2829 2853
839 2 2 2 1 935 2074 2313
840 2 2 2 1 2252 978 2377
841 2 2 2 1 2829 1395 2853
842 2 2 2 1 569 2126 2448
843 2 2 2 1 820 1947 4858
844 2 2 2 1 1001 2084 5735
845 2 2 2 1 1564 2540 4047
846 2 2 2 1 885 3855 4791
847 2 2 2 1 223 224 2187
848 2 2 2 1 1779 1264 3916
849 2 2 2 1 1069 3007 4078
850 2 2 2 1 564 1935 2955
851 2 2 2 1 664 2458 3846
852 2 2 2 1 18 19 2258
853 2 2 2 1 2894 1678 4228
854 2 2 2 1 661 2277 3302
855 2 2 2 1 65 66 2012
856 2 2 2 1 918 2427 4683
857 2 2 2 1 2107 815 2296
858 2 2 2 1 1293 3729 4018
859 2 2 2 1 562 3819 4435
860 2 2 2 1 1850 868 4689
861 2 2 2 1 805 2073 3228
862 2 2 2 1 936 2182 3578
863 2 2 2 1 2813 2214 4284
864 2 2 2 1 2126 1013 2448
865 2 2 2 1 1460 2373 4198
866 2 2 2 1 1114 2564 3033
867 2 2 2 1 3394 1779 3720
868 2 2 2 1 1224 3073 3243
869 2 2 2 1 270 271 2306
870 2 2 2 1 1695 2824 3147
871 2 2 2 1 2111 1948 5540
872 2 2 2 1 2017 576 2777
873 2 2 2 1 1707 2933 3442
874 2 2 2 1 943 2335 2877
875 2 2 2 1 535 1723 3125
876 2 2 2 1 1839 933 2635
877 2 2 2 1 1998 931 2403
878 2 2 2 1 2933 698 3442
879 2 2 2 1 1966 2499 5049
880 2 2 2 1 2075 1251 2465
881 2 2 2 1 1968 2494 4040
882 2 2 2 1 2013 770 5426
883 2 2 2 1 2817 1445 3719
884 2 2 2 1 348 347 2047
885 2 2 2 1 3080 856 3435
886 2 2 2 1 1919 491 5119
887 2 2 2 1 392 2124 3787
888 2 2 2 1 698 1757 3442
889 2 2 2 1 3296 850 3642
890 2 2 2 1 3445 1066 4860
891 2 2 2 1 131 132 2155
892 2 2 2 1 408 1848 4167
893 2 2 2 1 1220 1737 4465
894 2 2 2 1 1737 1220 3511
895 2 2 2 1 1757 1140 3442
896 2 2 2 1 2009 538 5058
897 2 2 2 1 826 2156 3018
898 2 2 2 1 423 1998 2403
899 2 2 2 1 766 1787 2752
900 2 2 2 1 1010 2768 3690
901 2 2 2 1 868 2937 4367
902 2 2 2 1 403 2180 4684
903 2 2 2 1 1937 650 2527
904 2 2 2 1 586 1839 2635
905 2 2 2 1 1345 2532 3071
906 2 2 2 1 1926 845 2558
907 2 2 2 1 1762 993 2866
908 2 2 2 1 413 1868 2851
909 2 2 2 1 3429 2798 4089
910 2 2 2 1 2059 3484 4246
911 2 2 2 1 1069 2017 2777
912 2 2 2 1 4198 2373 5042
913 2 2 2 1 1638 3545 3615
914 2 2 2 1 725 2942 3438
915 2 2 2 1 1581 2671 3446
916 2 2 2 1 2942 1740 3438
917 2 2 2 1 419 2067 4260
918 2 2 2 1 2220 1001 5735
919 2 2 2 1 941 1845 2790
920 2 2 2 1 4320 2219 4441
921 2 2 2 1 173 174 4300
922 2 2 2 1 1773 349 3945
923 2 2 2 1 2050 1344 3715
924 2 2 2 1 2053 924 3495
925 2 2 2 1 3690 2768 3716
926 2 2 2 1 3183 466 3836
927 2 2 2 1 661 2150 2337
928 2 2 2 1 577 2214 2813
929 2 2 2 1 4047 2430 4997
930 2 2 2 1 1395 2112 4301
931 2 2 2 1 3000 1085 5545
932 2 2 2 1 1461 2762 4291
933 2 2 2 1 2191 136 4567
934 2 2 2 1 335 334 2389
935 2 2 2 1 769 2050 3715
936 2 2 2 1 1941 2487 4847
937 2 2 2 1 2150 977 2337
938 2 2 2 1 1240 2798 3429
939 2 2 2 1 2240 929 2956
940 2 2 2 1 1865 491 3104
941 2 2 2 1 856 3080 5008
942 2 2 2 1 937 2315 4577
943 2 2 2 1 2884 4384 4814
944 2 2 2 1 2094 640 2346
945 2 2 2 1 1998 820 4858
946 2 2 2 1 2660 3608 4204
947 2 2 2 1 2819 871 3406
948 2 2 2 1 961 1793 2785
949 2 2 2 1 2015 1041 2702
950 2 2 2 1 1066 2612 4860
951 2 2 2 1 440 2015 2702
952 2 2 2 1 3375 2647 4688
953 2 2 2 1 384 383 2026
954 2 2 2 1 3732 617 4410
955 2 2 2 1 2660 622 3608
956 2 2 2 1 1787 766 3748
957 2 2 2 1 1782 625 3799
958 2 2 2 1 2193 450 4111
959 2 2 2 1 2532 882 3071
960 2 2 2 1 2728 459 2924
961 2 2 2 1 1899 923 4130
962 2 2 2 1 2301 1148 4409
963 2 2 2 1 612 1785 4901
964 2 2 2 1 2040 762 5158
965 2 2 2 1 942 1949 4757
966 2 2 2 1 1970 754 2586
967 2 2 2 1 934 2126 5096
968 2 2 2 1 937 4577 4656
969 2 2 2 1 2423 1168 4088
970 2 2 2 1 2083 562 2355
971 2 2 2 1 2445 488 4500
972 2 2 2 1 900 5282 5547
973 2 2 2 1 2812 2049 5743
974 2 2 2 1 2260 3348 4033
975 2 2 2 1 618 2724 3621
976 2 2 2 1 33 1985 3617
977 2 2 2 1 984 1970 2586
978 2 2 2 1 1611 2994 3827
979 2 2 2 1 1767 424 3560
980 2 2 2 1 3619 2287 4238
981 2 2 2 1 510 1845 3899
982 2 2 2 1 4260 2067 4990
983 2 2 2 1 959 1811 2740
984 2 2 2 1 1885 895 2659
985 2 2 2 1 3066 405 3080
986 2 2 2 1 615 2574 3283
987 2 2 2 1 5133 2004 5463
988 2 2 2 1 2530 551 2769
989 2 2 2 1 1893 3122 4159
990 2 2 2 1 797 2630 4882
991 2 2 2 1 828 2122 2690
992 2 2 2 1 1586 2166 4451
993 2 2 2 1 2157 1115 2938
994 2 2 2 1 353 2002 3149
995 2 2 2 1 2725 1484 3181
996 2 2 2 1 2061 1361 4106
997 2 2 2 1 1244 2530 2769
998 2 2 2 1 689 2725 3181
999 2 2 2 1 539 2416 3796
1000 2 2 2 1 924 2234 2838
1001 2 2 2 1 2540 1564 5400
1002 2 2 2 1 910 3951 4839
1003 2 2 2 1 1814 153 2974
1004 2 2 2 1 912 2430 4047
1005 2 2 2 1 2423 1025 2638
1006 2 2 2 1 1922 1019 2769
1007 2 2 2 1 1168 2898 4088
1008 2 2 2 1 733 2567 4826
1009 2 2 2 1 842 1919 2668
1010 2 2 2 1 4384 1430 4814
1011 2 2 2 1 1881 901 2661
1012 2 2 2 1 1125 2406 2411
1013 2 2 2 1 1259 3800 3851
1014 2 2 2 1 349 1773 3576
1015 2 2 2 1 926 2994 3554
1016 2 2 2 1 603 1948 4039
1017 2 2 2 1 861 2219 4320
1018 2 2 2 1 1758 958 3170
1019 2 2 2 1 2416 1560 3796
1020 2 2 2 1 2453 1357 2711
1021 2 2 2 1 2406 917 2411
1022 2 2 2 1 4423 999 5122
1023 2 2 2 1 1999 921 4551
1024 2 2 2 1 2471 16 4787
1025 2 2 2 1 1168 2423 2638
1026 2 2 2 1 2196 551 2530
1027 2 2 2 1 929 2302 2956
1028 2 2 2 1 1926 1206 3584
1029 2 2 2 1 1891 651 4302
1030 2 2 2 1 2093 1016 2369
1031 2 2 2 1 1107 2676 3071
1032 2 2 2 1 1907 759 3214
1033 2 2 2 1 3439 1011 4383
1034 2 2 2 1 935 2313 4503
1035 2 2 2 1 697 2366 4119
1036 2 2 2 1 804 1954 3393
1037 2 2 2 1 2366 1645 4119
1038 2 2 2 1 2661 901 4783
1039 2 2 2 1 1963 787 4646
1040 2 2 2 1 742 1931 5631
1041 2 2 2 1 2619 784 5041
1042 2 2 2 1 1341 2622 3955
1043 2 2 2 1 3157 1138 4487
1044 2 2 2 1 2587 2301 4409
1045 2 2 2 1 1220 2175 3511
1046 2 2 2 1 1861 2938 3372
1047 2 2 2 1 2674 782 4037
1048 2 2 2 1 770 2180 5426
1049 2 2 2 1 598 2128 4752
1050 2 2 2 1 1982 3489 5230
1051 2 2 2 1 1465 2276 3965
1052 2 2 2 1 2519 1732 3423
1053 2 2 2 1 1724 3301 3314
1054 2 2 2 1 1895 910 5623
1055 2 2 2 1 2742 1351 2867
1056 2 2 2 1 201 202 2481
1057 2 2 2 1 1852 862 4608
1058 2 2 2 1 3955 2622 4192
1059 2 2 2 1 418 1920 2562
1060 2 2 2 1 1905 547 3036
1061 2 2 2 1 966 2453 2711
1062 2 2 2 1 1206 1926 2558
1063 2 2 2 1 1759 108 4179
1064 2 2 2 1 718 2742 2867
1065 2 2 2 1 5282 2103 5547
1066 2 2 2 1 2451 559 4681
1067 2 2 2 1 2490 607 3105
1068 2 2 2 1 2428 1470 4468
1069 2 2 2 1 1088 1905 3036
1070 2 2 2 1 2747 2011 3256
1071 2 2 2 1 1246 2809 3593
1072 2 2 2 1 784 2619 4430
1073 2 2 2 1 252 253 2759
1074 2 2 2 1 4450 918 4683
1075 2 2 2 1 2538 497 3763
1076 2 2 2 1 2571 4056 4313
1077 2 2 2 1 1759 1133 4621
1078 2 2 2 1 1091 2326 2511
1079 2 2 2 1 744 1864 3417
1080 2 2 2 1 2658 1005 4361
1081 2 2 2 1 2520 660 2601
1082 2 2 2 1 2724 1592 3621
1083 2 2 2 1 1808 1010 2941
1084 2 2 2 1 2326 571 2511
1085 2 2 2 1 442 2411 4226
1086 2 2 2 1 1180 2520 2601
1087 2 2 2 1 2759 253 4292
1088 2 2 2 1 3301 652 3314
1089 2 2 2 1 2004 2626 5463
1090 2 2 2 1 26 1917 3410
1091 2 2 2 1 3520 935 4503
1092 2 2 2 1 625 3072 4812
1093 2 2 2 1 1947 4509 5295
1094 2 2 2 1 790 1808 2941
1095 2 2 2 1 841 2793 4976
1096 2 2 2 1 2685 1349 2916
1097 2 2 2 1 902 2345 2689
1098 2 2 2 1 3705 698 4804
1099 2 2 2 1 319 318 2361
1100 2 2 2 1 1931 3595 5361
1101 2 2 2 1 2793 1051 4820
1102 2 2 2 1 1283 2277 3294
1103 2 2 2 1 2422 1042 2703
1104 2 2 2 1 612 2848 3246
1105 2 2 2 1 972 2486 4065
1106 2 2 2 1 2151 882 2784
1107 2 2 2 1 2848 1570 3246
1108 2 2 2 1 2487 722 4847
1109 2 2 2 1 1028 2685 2916
1110 2 2 2 1 1049 2536 2881
1111 2 2 2 1 1869 1020 3730
1112 2 2 2 1 1864 1160 3417
1113 2 2 2 1 1800 1070 3676
1114 2 2 2 1 2536 1277 2881
1115 2 2 2 1 1966 878 2499
1116 2 2 2 1 1968 933 3402
1117 2 2 2 1 554 1961 2537
1118 2 2 2 1 966 2033 5175
1119 2 2 2 1 1830 1223 3550
1120 2 2 2 1 2023 793 3053
1121 2 2 2 1 1437 2131 4613
1122 2 2 2 1 2367 1060 2405
1123 2 2 2 1 1894 989 2761
1124 2 2 2 1 3283 2574 4656
1125 2 2 2 1 1024 1957 2543
1126 2 2 2 1 442 2367 2405
1127 2 2 2 1 2144 878 2472
1128 2 2 2 1 845 1992 2558
1129 2 2 2 1 2094 2346 5534
1130 2 2 2 1 2100 523 2994
1131 2 2 2 1 2561 972 4065
1132 2 2 2 1 2346 955 5534
1133 2 2 2 1 270 2306 2758
1134 2 2 2 1 637 3418 4291
1135 2 2 2 1 921 1999 4875
1136 2 2 2 1 746 1783 3504
1137 2 2 2 1 3162 1887 4327
1138 2 2 2 1 878 1966 2501
1139 2 2 2 1 1839 586 4375
1140 2 2 2 1 1923 416 2803
1141 2 2 2 1 4226 2411 4485
1142 2 2 2 1 1349 2475 3579
1143 2 2 2 1 1946 1338 2708
1144 2 2 2 1 1948 603 2682
1145 2 2 2 1 2166 833 4451
1146 2 2 2 1 1992 845 5328
1147 2 2 2 1 2625 987 2710
1148 2 2 2 1 2630 797 5184
1149 2 2 2 1 1841 514 2876
1150 2 2 2 1 1867 536 2751
1151 2 2 2 1 1785 612 3810
1152 2 2 2 1 223 2187 4183
1153 2 2 2 1 3903 898 4385
1154 2 2 2 1 2545 983 3229
1155 2 2 2 1 1959 377 3584
1156 2 2 2 1 868 1850 4064
1157 2 2 2 1 730 1876 3851
1158 2 2 2 1 437 2265 3107
1159 2 2 2 1 3033 2564 4623
1160 2 2 2 1 459 2728 5354
1161 2 2 2 1 531 2046 3126
1162 2 2 2 1 1083 2947 3356
1163 2 2 2 1 661 2337 3294
1164 2 2 2 1 804 2131 4154
1165 2 2 2 1 552 2151 2784
1166 2 2 2 1 559 1967 4681
1167 2 2 2 1 151 152 2104
1168 2 2 2 1 394 1859 4369
1169 2 2 2 1 1010 1808 3919
1170 2 2 2 1 718 3088 3577
1171 2 2 2 1 2015 802 5745
1172 2 2 2 1 1047 2409 3992
1173 2 2 2 1 2078 426 4859
1174 2 2 2 1 47 2035 3596
1175 2 2 2 1 289 288 2119
1176 2 2 2 1 1338 1946 4044
1177 2 2 2 1 1339 2761 2840
1178 2 2 2 1 421 2134 3075
1179 2 2 2 1 1127 2845 2874
1180 2 2 2 1 639 2256 2552
1181 2 2 2 1 2845 1374 2874
1182 2 2 2 1 3641 1644 5199
1183 2 2 2 1 802 2015 3662
1184 2 2 2 1 1571 2538 3763
1185 2 2 2 1 1041 2015 2488
1186 2 2 2 1 1770 778 4460
1187 2 2 2 1 2337 1335 3294
1188 2 2 2 1 1921 1134 3234
1189 2 2 2 1 1790 190 3852
1190 2 2 2 1 407 2245 3046
1191 2 2 2 1 2224 810 3768
1192 2 2 2 1 2761 989 2840
1193 2 2 2 1 2412 583 2885
1194 2 2 2 1 924 2187 3495
1195 2 2 2 1 1038 2953 4404
1196 2 2 2 1 2531 734 4288
1197 2 2 2 1 714 1921 3234
1198 2 2 2 1 1783 2300 4732
1199 2 2 2 1 2488 1961 4570
1200 2 2 2 1 3030 1628 4004
1201 2 2 2 1 1522 1997 3650
1202 2 2 2 1 3357 119 4415
1203 2 2 2 1 2245 1205 3046
1204 2 2 2 1 2300 527 4732
1205 2 2 2 1 2338 733 3016
1206 2 2 2 1 1780 1054 4343
1207 2 2 2 1 1453 2055 2451
1208 2 2 2 1 1784 430 3077
1209 2 2 2 1 2551 896 5527
1210 2 2 2 1 1799 420 3445
1211 2 2 2 1 3088 1736 3577
1212 2 2 2 1 2332 1326 3310
1213 2 2 2 1 2306 894 2758
1214 2 2 2 1 751 1949 4224
1215 2 2 2 1 1804 2531 4288
1216 2 2 2 1 71 3118 3894
1217 2 2 2 1 1719 2445 4500
1218 2 2 2 1 1829 472 2835
1219 2 2 2 1 547 1905 4329
1220 2 2 2 1 1449 2663 4178
1221 2 2 2 1 2200 41 2523
1222 2 2 2 1 1738 2661 4783
1223 2 2 2 1 3951 1956 4839
1224 2 2 2 1 1054 1780 4877
1225 2 2 2 1 3702 2632 4209
1226 2 2 2 1 2292 2903 3996
1227 2 2 2 1 1777 1173 3507
1228 2 2 2 1 523 2100 3731
1229 2 2 2 1 2569 990 2972
1230 2 2 2 1 405 1789 3080
1231 2 2 2 1 1237 2180 3333
1232 2 2 2 1 1980 389 2551
1233 2 2 2 1 1788 2451 4681
1234 2 2 2 1 430 2332 3310
1235 2 2 2 1 895 2274 2597
1236 2 2 2 1 2191 951 5237
1237 2 2 2 1 557 2413 4127
1238 2 2 2 1 1315 2569 2972
1239 2 2 2 1 2166 1586 4522
1240 2 2 2 1 914 4235 5242
1241 2 2 2 1 3423 1732 5429
1242 2 2 2 1 1158 1820 2884
1243 2 2 2 1 1000 2127 3670
1244 2 2 2 1 1177 1807 3496
1245 2 2 2 1 2191 1491 2608
1246 2 2 2 1 756 1923 3717
1247 2 2 2 1 2540 912 4047
1248 2 2 2 1 600 1787 3161
1249 2 2 2 1 626 2149 2456
1250 2 2 2 1 190 1790 3881
1251 2 2 2 1 792 2067 5585
1252 2 2 2 1 228 229 2473
1253 2 2 2 1 974 1868 2797
1254 2 2 2 1 2277 1268 3302
1255 2 2 2 1 1834 1012 4341
1256 2 2 2 1 1949 751 4543
1257 2 2 2 1 2899 1450 4085
1258 2 2 2 1 2003 871 5072
1259 2 2 2 1 1764 2044 4129
1260 2 2 2 1 3381 2013 5426
1261 2 2 2 1 1319 3587 4660
1262 2 2 2 1 509 2080 3111
1263 2 2 2 1 3415 1853 4467
1264 2 2 2 1 1424 2775 3059
1265 2 2 2 1 2394 924 2838
1266 2 2 2 1 961 1919 4117
1267 2 2 2 1 3903 1980 5213
1268 2 2 2 1 862 1852 3983
1269 2 2 2 1 3046 2239 3978
1270 2 2 2 1 2149 996 2456
1271 2 2 2 1 2598 1319 4660
1272 2 2 2 1 2775 1065 3059
1273 2 2 2 1 1789 1197 3377
1274 2 2 2 1 1309 2454 2768
1275 2 2 2 1 1992 2736 5351
1276 2 2 2 1 131 2155 4252
1277 2 2 2 1 2624 1047 3992
1278 2 2 2 1 1973 937 2574
1279 2 2 2 1 2450 1069 2777
1280 2 2 2 1 2121 1169 3085
1281 2 2 2 1 811 2121 3085
1282 2 2 2 1 2305 2226 5511
1283 2 2 2 1 852 2283 5165
1284 2 2 2 1 951 2743 5237
1285 2 2 2 1 1068 1814 2974
1286 2 2 2 1 2621 946 5325
1287 2 2 2 1 965 2075 2465
1288 2 2 2 1 2588 438 2734
1289 2 2 2 1 2074 2621 5325
1290 2 2 2 1 4391 2796 5076
1291 2 2 2 1 759 1988 5509
1292 2 2 2 1 2312 1108 2693
1293 2 2 2 1 1921 714 3145
1294 2 2 2 1 694 2415 2466
1295 2 2 2 1 3866 1633 4211
1296 2 2 2 1 931 1998 4858
1297 2 2 2 1 1195 2450 2777
1298 2 2 2 1 1229 2588 2734
1299 2 2 2 1 1058 2172 2582
1300 2 2 2 1 2159 436 3597
1301 2 2 2 1 3727 1470 4424
1302 2 2 2 1 999 2583 5122
1303 2 2 2 1 2036 567 2521
1304 2 2 2 1 829 2202 3279
1305 2 2 2 1 324 323 3603
1306 2 2 2 1 1868 413 2797
1307 2 2 2 1 1142 3327 5307
1308 2 2 2 1 1987 813 3998
1309 2 2 2 1 2396 2261 5056
1310 2 2 2 1 1100 1921 3145
1311 2 2 2 1 2947 1549 3356
1312 2 2 2 1 1999 256 2949
1313 2 2 2 1 1845 941 3899
1314 2 2 2 1 1358 1854 3976
1315 2 2 2 1 1792 548 4036
1316 2 2 2 1 708 1792 4427
1317 2 2 2 1 2415 1096 2466
1318 2 2 2 1 598 4752 5457
1319 2 2 2 1 904 2114 4796
1320 2 2 2 1 502 2948 3451
1321 2 2 2 1 2588 3250 4818
1322 2 2 2 1 1792 708 3346
1323 2 2 2 1 2454 592 2768
1324 2 2 2 1 1940 1089 3052
1325 2 2 2 1 398 2084 2557
1326 2 2 2 1 881 1951 5284
1327 2 2 2 1 2804 1550 3797
1328 2 2 2 1 3795 2216 3850
1329 2 2 2 1 1206 1959 3584
1330 2 2 2 1 2704 1360 2980
1331 2 2 2 1 1461 2760 2762
1332 2 2 2 1 1735 4626 5272
1333 2 2 2 1 2959 936 3578
1334 2 2 2 1 959 2740 3657
1335 2 2 2 1 1419 2110 4657
1336 2 2 2 1 1084 2446 3092
1337 2 2 2 1 2183 693 4568
1338 2 2 2 1 1807 1132 3192
1339 2 2 2 1 1044 2704 2980
1340 2 2 2 1 2369 2498 4951
1341 2 2 2 1 2084 1001 2557
1342 2 2 2 1 2720 493 3138
1343 2 2 2 1 1968 778 3479
1344 2 2 2 1 456 1879 3062
1345 2 2 2 1 4127 2413 5415
1346 2 2 2 1 943 2095 4509
1347 2 2 2 1 1223 1830 3790
1348 2 2 2 1 1017 2796 4391
1349 2 2 2 1 1429 2720 3138
1350 2 2 2 1 2486 972 2492
1351 2 2 2 1 1841 730 3851
1352 2 2 2 1 4509 522 5295
1353 2 2 2 1 791 2194 4029
1354 2 2 2 1 2194 1471 4029
1355 2 2 2 1 2544 687 3241
1356 2 2 2 1 1312 3787 4090
1357 2 2 2 1 578 2074 2915
1358 2 2 2 1 1972 1351 4051
1359 2 2 2 1 2414 2000 5308
1360 2 2 2 1 2682 603 2970
1361 2 2 2 1 1111 1817 5176
1362 2 2 2 1 1121 2486 2492
1363 2 2 2 1 3669 374 3812
1364 2 2 2 1 2174 971 2521
1365 2 2 2 1 548 1792 4070
1366 2 2 2 1 3002 1086 5199
1367 2 2 2 1 1059 2053 5475
1368 2 2 2 1 578 2182 3877
1369 2 2 2 1 1865 745 2859
1370 2 2 2 1 1820 1158 2999
1371 2 2 2 1 400 2491 3182
1372 2 2 2 1 2780 1511 4418
1373 2 2 2 1 421 1960 3086
1374 2 2 2 1 1583 3424 4917
1375 2 2 2 1 763 1916 5613
1376 2 2 2 1 2352 843 2968
1377 2 2 2 1 1203 2352 2968
1378 2 2 2 1 890 2264 2370
1379 2 2 2 1 635 2647 3375
1380 2 2 2 1 646 3549 4686
1381 2 2 2 1 1397 2544 3241
1382 2 2 2 1 3053 793 3308
1383 2 2 2 1 2599 819 3297
1384 2 2 2 1 2760 957 2762
1385 2 2 2 1 1182 1803 3237
1386 2 2 2 1 1132 1807 3345
1387 2 2 2 1 1803 1182 3309
1388 2 2 2 1 1807 1177 3247
1389 2 2 2 1 548 2166 4522
1390 2 2 2 1 2202 1255 3279
1391 2 2 2 1 579 3264 5101
1392 2 2 2 1 2096 592 2975
1393 2 2 2 1 1813 3669 3812
1394 2 2 2 1 2480 2006 4934
1395 2 2 2 1 952 2414 5308
1396 2 2 2 1 15 16 2471
1397 2 2 2 1 2609 502 3451
1398 2 2 2 1 1900 4182 5126
1399 2 2 2 1 2181 1092 2744
1400 2 2 2 1 1830 640 3707
1401 2 2 2 1 1981 969 2832
1402 2 2 2 1 1445 2817 4900
1403 2 2 2 1 650 1937 3331
1404 2 2 2 1 2038 956 4448
1405 2 2 2 1 692 2879 3498
1406 2 2 2 1 3048 562 3275
1407 2 2 2 1 2879 1665 3498
1408 2 2 2 1 2275 552 2784
1409 2 2 2 1 2283 1840 5165
1410 2 2 2 1 399 3521 5696
1411 2 2 2 1 904 2008 3005
1412 2 2 2 1 119 120 4415
1413 2 2 2 1 1937 1154 3331
1414 2 2 2 1 536 1942 2751
1415 2 2 2 1 882 1929 2728
1416 2 2 2 1 335 2389 3893
1417 2 2 2 1 488 2445 4207
1418 2 2 2 1 610 2025 2831
1419 2 2 2 1 1983 461 2634
1420 2 2 2 1 942 4757 5540
1421 2 2 2 1 3229 983 5081
1422 2 2 2 1 1976 573 2664
1423 2 2 2 1 2937 1727 4367
1424 2 2 2 1 2577 4005 4378
1425 2 2 2 1 932 2632 3702
1426 2 2 2 1 2159 1024 2543
1427 2 2 2 1 909 2181 2744
1428 2 2 2 1 702 2675 3838
1429 2 2 2 1 757 2245 3634
1430 2 2 2 1 751 4224 4363
1431 2 2 2 1 2156 2096 5578
1432 2 2 2 1 1154 1937 4138
1433 2 2 2 1 3338 1581 4035
1434 2 2 2 1 2158 1068 5346
1435 2 2 2 1 1057 2280 3155
1436 2 2 2 1 1315 3148 3208
1437 2 2 2 1 981 1976 2664
1438 2 2 2 1 752 3537 3580
1439 2 2 2 1 908 1915 4250
1440 2 2 2 1 20 21 2333
1441 2 2 2 1 1864 744 3911
1442 2 2 2 1 633 2812 5743
1443 2 2 2 1 4237 1052 5321
1444 2 2 2 1 197 3371 4344
1445 2 2 2 1 2242 792 5585
1446 2 2 2 1 436 2159 2543
1447 2 2 2 1 1268 2246 3293
1448 2 2 2 1 201 2481 3503
1449 2 2 2 1 2136 4368 4504
1450 2 2 2 1 2197 904 4796
1451 2 2 2 1 1020 1869 2946
1452 2 2 2 1 1778 2278 5345
1453 2 2 2 1 2257 1117 2528
1454 2 2 2 1 432 1986 2618
1455 2 2 2 1 1063 2188 4804
1456 2 2 2 1 2085 1210 3344
1457 2 2 2 1 889 3498 4365
1458 2 2 2 1 533 2030 2570
1459 2 2 2 1 1179 2883 3212
1460 2 2 2 1 2059 544 2580
1461 2 2 2 1 575 2085 3344
1462 2 2 2 1 1868 735 3332
1463 2 2 2 1 1421 2819 3406
1464 2 2 2 1 669 1994 5529
1465 2 2 2 1 2394 619 3167
1466 2 2 2 1 2857 596 3500
1467 2 2 2 1 2449 839 4887
1468 2 2 2 1 2172 1320 3585
1469 2 2 2 1 380 1975 3588
1470 2 2 2 1 460 2172 3585
1471 2 2 2 1 2474 339 2605
1472 2 2 2 1 507 2696 3742
1473 2 2 2 1 4433 329 5175
1474 2 2 2 1 2136 1053 2694
1475 2 2 2 1 1302 2119 2485
1476 2 2 2 1 1220 3394 3720
1477 2 2 2 1 1935 564 4855
1478 2 2 2 1 2663 1683 4178
1479 2 2 2 1 2824 1008 3147
1480 2 2 2 1 728 3030 4004
1481 2 2 2 1 145 2129 3752
1482 2 2 2 1 2453 966 5175
1483 2 2 2 1 1962 1154 3312
1484 2 2 2 1 1914 2449 4887
1485 2 2 2 1 153 1814 4920
1486 2 2 2 1 3041 292 3925
1487 2 2 2 1 563 2136 2694
1488 2 2 2 1 1655 2857 3500
1489 2 2 2 1 2832 606 4267
1490 2 2 2 1 3106 96 3120
1491 2 2 2 1 2119 975 2485
1492 2 2 2 1 606 2672 4267
1493 2 2 2 1 884 1924 2787
1494 2 2 2 1 1175 1896 4822
1495 2 2 2 1 1489 3124 3738
1496 2 2 2 1 2104 152 4920
1497 2 2 2 1 1879 456 3997
1498 2 2 2 1 2067 419 2847
1499 2 2 2 1 1997 1522 4739
1500 2 2 2 1 557 2148 3956
1501 2 2 2 1 1848 749 4624
1502 2 2 2 1 549 2257 2528
1503 2 2 2 1 3537 1774 3580
1504 2 2 2 1 1068 2974 5346
1505 2 2 2 1 500 2717 4100
1506 2 2 2 1 2148 557 2500
1507 2 2 2 1 413 2624 3913
1508 2 2 2 1 944 3464 4345
1509 2 2 2 1 1930 1152 5095
1510 2 2 2 1 2789 617 3732
1511 2 2 2 1 2624 1684 3913
1512 2 2 2 1 2717 1803 4100
1513 2 2 2 1 1961 1076 4676
1514 2 2 2 1 40 41 2200
1515 2 2 2 1 491 1865 4173
1516 2 2 2 1 1957 1024 4454
1517 2 2 2 1 714 2549 5640
1518 2 2 2 1 1242 2148 2500
1519 2 2 2 1 997 1876 3821
1520 2 2 2 1 2856 646 4686
1521 2 2 2 1 2039 990 5376
1522 2 2 2 1 1368 2208 3801
1523 2 2 2 1 421 2236 3536
1524 2 2 2 1 934 1923 2803
1525 2 2 2 1 2221 4473 4658
1526 2 2 2 1 2246 410 3293
1527 2 2 2 1 1850 566 3952
1528 2 2 2 1 213 214 2349
1529 2 2 2 1 400 3182 5195
1530 2 2 2 1 2314 279 4861
1531 2 2 2 1 1700 2789 3732
1532 2 2 2 1 1912 1013 4711
1533 2 2 2 1 1622 2214 2656
1534 2 2 2 1 2146 667 4002
1535 2 2 2 1 836 3063 5243
1536 2 2 2 1 1061 2528 2737
1537 2 2 2 1 3182 1513 4381
1538 2 2 2 1 2488 2015 5745
1539 2 2 2 1 1845 510 4641
1540 2 2 2 1 731 2927 4446
1541 2 2 2 1 2061 4106 4778
1542 2 2 2 1 820 2161 2877
1543 2 2 2 1 102 103 2217
1544 2 2 2 1 1341 3255 3429
1545 2 2 2 1 1336 1982 2822
1546 2 2 2 1 2375 541 4697
1547 2 2 2 1 1203 2254 3114
1548 2 2 2 1 1678 2894 4774
1549 2 2 2 1 981 1985 2666
1550 2 2 2 1 2254 987 3114
1551 2 2 2 1 726 3329 4566
1552 2 2 2 1 3670 2127 4416
1553 2 2 2 1 1800 2331 3542
1554 2 2 2 1 1905 1001 4329
1555 2 2 2 1 3393 1954 4972
1556 2 2 2 1 2021 1026 5683
1557 2 2 2 1 176 177 2435
1558 2 2 2 1 2219 861 2739
1559 2 2 2 1 2736 585 5351
1560 2 2 2 1 2004 900 2626
1561 2 2 2 1 4568 693 5431
1562 2 2 2 1 967 3719 4148
1563 2 2 2 1 2696 1613 3742
1564 2 2 2 1 2031 795 3361
1565 2 2 2 1 523 3731 4623
1566 2 2 2 1 1824 1120 4627
1567 2 2 2 1 2808 641 3692
1568 2 2 2 1 4111 1466 5059
1569 2 2 2 1 2038 503 3215
1570 2 2 2 1 759 1907 2864
1571 2 2 2 1 3088 2165 4061
1572 2 2 2 1 2668 1919 5119
1573 2 2 2 1 969 2305 5511
1574 2 2 2 1 1837 716 4007
1575 2 2 2 1 2073 1330 4193
1576 2 2 2 1 1120 1824 3755
1577 2 2 2 1 216 2429 2749
1578 2 2 2 1 289 2119 3725
1579 2 2 2 1 492 1858 3724
1580 2 2 2 1 1980 2551 5527
1581 2 2 2 1 780 3415 4467
1582 2 2 2 1 1012 1834 3242
1583 2 2 2 1 2468 542 4012
1584 2 2 2 1 536 2371 3932
1585 2 2 2 1 997 2005 2653
1586 2 2 2 1 2671 1581 4687
1587 2 2 2 1 969 1981 3962
1588 2 2 2 1 4206 1031 4324
1589 2 2 2 1 795 2010 4028
1590 2 2 2 1 543 1881 3933
1591 2 2 2 1 2808 3692 4854
1592 2 2 2 1 923 2134 4130
1593 2 2 2 1 2376 979 2723
1594 2 2 2 1 2356 1992 5328
1595 2 2 2 1 1883 3164 5679
1596 2 2 2 1 4697 541 5091
1597 2 2 2 1 2295 363 2463
1598 2 2 2 1 3489 423 5230
1599 2 2 2 1 1340 3988 5085
1600 2 2 2 1 1491 2376 2723
1601 2 2 2 1 449 1855 3095
1602 2 2 2 1 698 2933 4804
1603 2 2 2 1 1260 1847 3524
1604 2 2 2 1 1072 1860 3677
1605 2 2 2 1 2267 2827 3943
1606 2 2 2 1 1873 869 3938
1607 2 2 2 1 2762 637 4291
1608 2 2 2 1 29 2290 3083
1609 2 2 2 1 243 2086 3546
1610 2 2 2 1 2209 557 3956
1611 2 2 2 1 2417 539 5112
1612 2 2 2 1 1928 834 4348
1613 2 2 2 1 1928 399 3059
1614 2 2 2 1 1042 2422 4049
1615 2 2 2 1 838 1936 5701
1616 2 2 2 1 2736 1992 5521
1617 2 2 2 1 1093 2437 4328
1618 2 2 2 1 1065 1928 3059
1619 2 2 2 1 404 2101 3238
1620 2 2 2 1 1903 752 3411
1621 2 2 2 1 1703 2898 3618
1622 2 2 2 1 1128 2024 4414
1623 2 2 2 1 2898 737 3618
1624 2 2 2 1 2231 569 2448
1625 2 2 2 1 617 2684 4410
1626 2 2 2 1 1938 914 5367
1627 2 2 2 1 1193 1960 4595
1628 2 2 2 1 1292 2682 2970
1629 2 2 2 1 390 3976 5510
1630 2 2 2 1 3371 197 5015
1631 2 2 2 1 2594 4463 5348
1632 2 2 2 1 196 197 4344
1633 2 2 2 1 503 2038 5138
1634 2 2 2 1 2101 1186 3238
1635 2 2 2 1 823 2090 5281
1636 2 2 2 1 2625 2710 4050
1637 2 2 2 1 1031 2735 4324
1638 2 2 2 1 491 1919 4132
1639 2 2 2 1 1683 2663 3638
1640 2 2 2 1 2136 563 4368
1641 2 2 2 1 1300 2270 2891
1642 2 2 2 1 2270 1124 2891
1643 2 2 2 1 485 3155 4198
1644 2 2 2 1 749 1848 4065
1645 2 2 2 1 1028 1911 4386
1646 2 2 2 1 2151 552 2903
1647 2 2 2 1 730 1991 3814
1648 2 2 2 1 2155 813 3664
1649 2 2 2 1 937 1973 3045
1650 2 2 2 1 2208 953 2753
1651 2 2 2 1 1443 2833 3154
1652 2 2 2 1 4979 819 4991
1653 2 2 2 1 2663 593 3638
1654 2 2 2 1 1866 618 3621
1655 2 2 2 1 1030 2894 4228
1656 2 2 2 1 272 273 2425
1657 2 2 2 1 2517 742 5631
1658 2 2 2 1 3674 2330 3900
1659 2 2 2 1 1991 1281 3814
1660 2 2 2 1 1107 2151 2903
1661 2 2 2 1 2361 925 3044
1662 2 2 2 1 2905 1819 4987
1663 2 2 2 1 1552 2563 4080
1664 2 2 2 1 1829 3150 3873
1665 2 2 2 1 3037 64 3199
1666 2 2 2 1 2833 642 3154
1667 2 2 2 1 333 3369 3759
1668 2 2 2 1 5618 999 5743
1669 2 2 2 1 1326 3619 4238
1670 2 2 2 1 2897 1059 5475
1671 2 2 2 1 1321 2155 3664
1672 2 2 2 1 397 5133 5463
1673 2 2 2 1 2005 2186 5655
1674 2 2 2 1 2473 1627 4661
1675 2 2 2 1 2125 1093 2908
1676 2 2 2 1 1538 2999 4548
1677 2 2 2 1 525 2003 2680
1678 2 2 2 1 2959 538 5538
1679 2 2 2 1 1160 1864 3480
1680 2 2 2 1 2335 943 4509
1681 2 2 2 1 943 2877 5006
1682 2 2 2 1 1876 730 3821
1683 2 2 2 1 877 2783 3522
1684 2 2 2 1 1068 2158 3137
1685 2 2 2 1 1919 842 4117
1686 2 2 2 1 2310 1159 3396
1687 2 2 2 1 565 2169 2559
1688 2 2 2 1 453 2650 3140
1689 2 2 2 1 1855 449 3499
1690 2 2 2 1 2130 554 2537
1691 2 2 2 1 1726 2640 4249
1692 2 2 2 1 3044 925 3671
1693 2 2 2 1 2114 501 5186
1694 2 2 2 1 2650 1366 3140
1695 2 2 2 1 2866 13 5141
1696 2 2 2 1 988 2130 2537
1697 2 2 2 1 3657 521 5202
1698 2 2 2 1 1860 1072 3089
1699 2 2 2 1 468 1895 3868
1700 2 2 2 1 3691 1368 3801
1701 2 2 2 1 1996 4821 5188
1702 2 2 2 1 917 1865 3104
1703 2 2 2 1 999 2382 5743
1704 2 2 2 1 3464 1897 4345
1705 2 2 2 1 2053 1059 4962
1706 2 2 2 1 2540 597 3831
1707 2 2 2 1 4164 2920 5265
1708 2 2 2 1 2458 664 4125
1709 2 2 2 1 672 1852 3286
1710 2 2 2 1 280 279 2314
1711 2 2 2 1 601 2287 3619
1712 2 2 2 1 566 1850 3437
1713 2 2 2 1 921 2581 4551
1714 2 2 2 1 2643 1224 3243
1715 2 2 2 1 2732 1510 3671
1716 2 2 2 1 1709 3304 4847
1717 2 2 2 1 167 168 2379
1718 2 2 2 1 1876 594 4494
1719 2 2 2 1 2852 1977 4944
1720 2 2 2 1 2186 401 4714
1721 2 2 2 1 1870 1098 4913
1722 2 2 2 1 2057 395 4382
1723 2 2 2 1 1809 3426 3764
1724 2 2 2 1 1947 2335 4509
1725 2 2 2 1 630 3866 4211
1726 2 2 2 1 445 2726 4823
1727 2 2 2 1 1958 813 4377
1728 2 2 2 1 2092 3657 5202
1729 2 2 2 1 1888 1115 3031
1730 2 2 2 1 2726 4546 4823
1731 2 2 2 1 1262 3795 3850
1732 2 2 2 1 2733 1567 3562
1733 2 2 2 1 888 2504 3405
1734 2 2 2 1 2333 21 4941
1735 2 2 2 1 1895 468 3951
1736 2 2 2 1 1867 726 3651
1737 2 2 2 1 1043 1999 2949
1738 2 2 2 1 708 3637 5257
1739 2 2 2 1 1860 1264 5267
1740 2 2 2 1 2433 420 5134
1741 2 2 2 1 2232 859 4588
1742 2 2 2 1 781 2733 3562
1743 2 2 2 1 1131 2223 2579
1744 2 2 2 1 471 2178 3788
1745 2 2 2 1 991 4447 4555
1746 2 2 2 1 2728 1929 5354
1747 2 2 2 1 186 187 2269
1748 2 2 2 1 4044 1946 4949
1749 2 2 2 1 1212 1897 2954
1750 2 2 2 1 2504 1402 3405
1751 2 2 2 1 530 2138 4523
1752 2 2 2 1 1022 2266 2930
1753 2 2 2 1 2884 1820 4384
1754 2 2 2 1 1556 4164 5265
1755 2 2 2 1 787 2125 2908
1756 2 2 2 1 2029 985 4646
1757 2 2 2 1 1674 3130 4600
1758 2 2 2 1 673 2804 3797
1759 2 2 2 1 2138 1543 4523
1760 2 2 2 1 542 2796 4012
1761 2 2 2 1 1394 2813 4284
1762 2 2 2 1 934 1918 4091
1763 2 2 2 1 2221 848 4473
1764 2 2 2 1 197 198 5015
1765 2 2 2 1 2640 496 4249
1766 2 2 2 1 2794 620 3074
1767 2 2 2 1 1852 672 5164
1768 2 2 2 1 3211 1521 3860
1769 2 2 2 1 2388 1801 4828
1770 2 2 2 1 2073 2810 3228
1771 2 2 2 1 900 2387 2626
1772 2 2 2 1 513 2388 4828
1773 2 2 2 1 507 2065 2689
1774 2 2 2 1 968 2211 3277
1775 2 2 2 1 567 2174 2521
1776 2 2 2 1 2015 440 2735
1777 2 2 2 1 565 2303 2444
1778 2 2 2 1 1858 920 4156
1779 2 2 2 1 592 2096 5146
1780 2 2 2 1 2202 829 5504
1781 2 2 2 1 923 1899 3910
1782 2 2 2 1 2423 540 2455
1783 2 2 2 1 2303 1018 2444
1784 2 2 2 1 967 2817 3719
1785 2 2 2 1 2387 1136 2626
1786 2 2 2 1 2029 439 2979
1787 2 2 2 1 2074 578 2621
1788 2 2 2 1 1863 519 3339
1789 2 2 2 1 682 2294 4400
1790 2 2 2 1 1350 2145 3817
1791 2 2 2 1 2779 1287 2828
1792 2 2 2 1 794 1902 5231
1793 2 2 2 1 597 2642 3831
1794 2 2 2 1 2960 390 5510
1795 2 2 2 1 2075 2709 4469
1796 2 2 2 1 2577 658 4005
1797 2 2 2 1 2443 2099 5605
1798 2 2 2 1 2312 1095 2662
1799 2 2 2 1 1931 512 3147
1800 2 2 2 1 733 2875 3016
1801 2 2 2 1 2145 675 3817
1802 2 2 2 1 1015 1976 2831
1803 2 2 2 1 114 115 3045
1804 2 2 2 1 1923 756 4106
1805 2 2 2 1 874 2407 3811
1806 2 2 2 1 127 128 2503
1807 2 2 2 1 1083 2494 4670
1808 2 2 2 1 483 2162 4502
1809 2 2 2 1 2466 1096 2470
1810 2 2 2 1 1007 2295 2463
1811 2 2 2 1 291 290 2198
1812 2 2 2 1 998 2466 2470
1813 2 2 2 1 2908 1093 4328
1814 2 2 2 1 2349 214 5038
1815 2 2 2 1 319 2361 3044
1816 2 2 2 1 888 2443 5605
1817 2 2 2 1 1955 755 3820
1818 2 2 2 1 1966 1166 3367
1819 2 2 2 1 236 1877 3792
1820 2 2 2 1 2505 991 4555
1821 2 2 2 1 3426 1205 3764
1822 2 2 2 1 750 1930 4054
1823 2 2 2 1 565 2312 2662
1824 2 2 2 1 2162 1547 4502
1825 2 2 2 1 2390 967 4148
1826 2 2 2 1 937 2022 5321
1827 2 2 2 1 726 1867 3477
1828 2 2 2 1 2110 2814 4657
1829 2 2 2 1 1396 2794 3074
1830 2 2 2 1 1161 1885 3422
1831 2 2 2 1 3437 1850 4689
1832 2 2 2 1 3538 683 5065
1833 2 2 2 1 782 2674 4265
1834 2 2 2 1 1894 2761 4574
1835 2 2 2 1 1017 2779 2828
1836 2 2 2 1 752 1903 3537
1837 2 2 2 1 1985 981 3617
1838 2 2 2 1 2048 2786 3840
1839 2 2 2 1 2494 1827 4670
1840 2 2 2 1 808 2852 4944
1841 2 2 2 1 686 3563 3650
1842 2 2 2 1 4757 2111 5540
1843 2 2 2 1 1996 781 3562
1844 2 2 2 1 2786 567 3146
1845 2 2 2 1 1784 3051 4124
1846 2 2 2 1 552 1952 2903
1847 2 2 2 1 1958 637 4863
1848 2 2 2 1 1945 790 2941
1849 2 2 2 1 970 2200 2523
1850 2 2 2 1 605 2007 2828
1851 2 2 2 1 2125 787 2934
1852 2 2 2 1 2445 1548 4207
1853 2 2 2 1 1264 1860 3683
1854 2 2 2 1 1886 426 3094
1855 2 2 2 1 1949 942 4224
1856 2 2 2 1 663 3338 4035
1857 2 2 2 1 1366 2650 2969
1858 2 2 2 1 416 1923 4213
1859 2 2 2 1 2728 1156 2784
1860 2 2 2 1 1185 1917 3626
1861 2 2 2 1 2539 672 4178
1862 2 2 2 1 786 2298 5177
1863 2 2 2 1 2372 759 5509
1864 2 2 2 1 1648 2090 5074
1865 2 2 2 1 2945 482 4528
1866 2 2 2 1 3511 2175 5296
1867 2 2 2 1 1011 1995 4772
1868 2 2 2 1 590 2112 2829
1869 2 2 2 1 2119 1302 3725
1870 2 2 2 1 1409 2786 3146
1871 2 2 2 1 3306 4597 5425
1872 2 2 2 1 2646 696 4870
1873 2 2 2 1 2157 2938 5256
1874 2 2 2 1 1683 2539 4178
1875 2 2 2 1 2090 823 5074
1876 2 2 2 1 2324 864 2645
1877 2 2 2 1 889 1995 3439
1878 2 2 2 1 813 1987 4377
1879 2 2 2 1 532 2073 2669
1880 2 2 2 1 3416 2114 5186
1881 2 2 2 1 2258 1129 3069
1882 2 2 2 1 2007 1017 2828
1883 2 2 2 1 1458 3048 3275
1884 2 2 2 1 2022 937 3045
1885 2 2 2 1 2333 1610 2894
1886 2 2 2 1 2973 1192 3392
1887 2 2 2 1 2032 1147 3401
1888 2 2 2 1 2617 1531 4109
1889 2 2 2 1 435 3880 4505
1890 2 2 2 1 2458 1389 3846
1891 2 2 2 1 1924 884 5353
1892 2 2 2 1 236 237 3291
1893 2 2 2 1 1491 2191 4567
1894 2 2 2 1 1471 2194 2855
1895 2 2 2 1 3536 2236 4373
1896 2 2 2 1 978 2252 3058
1897 2 2 2 1 1589 3577 3858
1898 2 2 2 1 3250 779 4818
1899 2 2 2 1 2490 1422 4274
1900 2 2 2 1 2169 986 2559
1901 2 2 2 1 581 1957 4454
1902 2 2 2 1 2008 2197 5687
1903 2 2 2 1 3909 3204 5121
1904 2 2 2 1 2172 1058 2978
1905 2 2 2 1 3167 619 4593
1906 2 2 2 1 426 3673 4343
1907 2 2 2 1 2086 243 3592
1908 2 2 2 1 2103 2959 5538
1909 2 2 2 1 426 2078 3673
1910 2 2 2 1 1017 2007 2796
1911 2 2 2 1 2147 570 3334
1912 2 2 2 1 2738 512 3524
1913 2 2 2 1 862 2109 4608
1914 2 2 2 1 1887 560 3505
1915 2 2 2 1 990 2235 5376
1916 2 2 2 1 869 1873 3350
1917 2 2 2 1 2761 766 4574
1918 2 2 2 1 3155 1649 4198
1919 2 2 2 1 4483 2733 5054
1920 2 2 2 1 1089 1940 3886
1921 2 2 2 1 2188 1063 2987
1922 2 2 2 1 2006 927 4598
1923 2 2 2 1 216 217 2429
1924 2 2 2 1 1986 432 3232
1925 2 2 2 1 2621 578 3877
1926 2 2 2 1 2278 831 5345
1927 2 2 2 1 809 2209 4057
1928 2 2 2 1 1111 3032 3282
1929 2 2 2 1 4517 1748 5182
1930 2 2 2 1 975 2119 3113
1931 2 2 2 1 2209 1433 4057
1932 2 2 2 1 2991 1042 4049
1933 2 2 2 1 2096 2975 5578
1934 2 2 2 1 1911 1028 3938
1935 2 2 2 1 1905 1088 3460
1936 2 2 2 1 182 1940 5474
1937 2 2 2 1 536 3932 4412
1938 2 2 2 1 2001 561 2861
1939 2 2 2 1 1004 2110 3703
1940 2 2 2 1 1469 2167 3718
1941 2 2 2 1 368 367 2839
1942 2 2 2 1 1057 1918 3110
1943 2 2 2 1 2510 1209 2915
1944 2 2 2 1 1976 1015 2888
1945 2 2 2 1 183 184 2988
1946 2 2 2 1 2837 1478 3932
1947 2 2 2 1 1286 2306 3630
1948 2 2 2 1 573 1976 2888
1949 2 2 2 1 1597 3329 4110
1950 2 2 2 1 1115 1888 3372
1951 2 2 2 1 2112 760 4301
1952 2 2 2 1 2005 997 2906
1953 2 2 2 1 1890 734 5406
1954 2 2 2 1 2026 383 3989
1955 2 2 2 1 935 2510 2915
1956 2 2 2 1 1885 1161 5089
1957 2 2 2 1 3032 1590 3282
1958 2 2 2 1 3034 1298 4189
1959 2 2 2 1 1915 420 4470
1960 2 2 2 1 1298 3782 4189
1961 2 2 2 1 2035 1242 3596
1962 2 2 2 1 97 98 2222
1963 2 2 2 1 528 2190 3615
1964 2 2 2 1 1687 2314 4861
1965 2 2 2 1 2166 1631 4857
1966 2 2 2 1 1237 3381 5426
1967 2 2 2 1 1656 2471 4787
1968 2 2 2 1 1920 418 3073
1969 2 2 2 1 1134 1921 5374
1970 2 2 2 1 1128 4629 5043
1971 2 2 2 1 1335 2218 3134
1972 2 2 2 1 2678 1808 4335
1973 2 2 2 1 2178 1339 3788
1974 2 2 2 1 4109 1531 4590
1975 2 2 2 1 1128 3223 4629
1976 2 2 2 1 1862 4450 4683
1977 2 2 2 1 1077 2437 2535
1978 2 2 2 1 840 2507 5681
1979 2 2 2 1 4007 1141 4713
1980 2 2 2 1 2218 663 3134
1981 2 2 2 1 544 2250 2580
1982 2 2 2 1 2399 1297 3288
1983 2 2 2 1 734 1890 5220
1984 2 2 2 1 2467 1145 3060
1985 2 2 2 1 1896 1175 3651
1986 2 2 2 1 432 2618 3399
1987 2 2 2 1 391 1971 4998
1988 2 2 2 1 2973 3392 4296
1989 2 2 2 1 2437 1093 2535
1990 2 2 2 1 191 2028 3852
1991 2 2 2 1 3092 2446 3658
1992 2 2 2 1 2357 436 2543
1993 2 2 2 1 2348 1219 3210
1994 2 2 2 1 1746 2594 5348
1995 2 2 2 1 1101 4464 5533
1996 2 2 2 1 2744 1092 4703
1997 2 2 2 1 1928 1065 4325
1998 2 2 2 1 2792 1248 2848
1999 2 2 2 1 4182 415 5126
2000 2 2 2 1 1753 2619 5041
2001 2 2 2 1 834 2308 4497
2002 2 2 2 1 1990 467 3501
2003 2 2 2 1 2089 580 2686
2004 2 2 2 1 1603 2405 4255
2005 2 2 2 1 1174 1929 3474
2006 2 2 2 1 1917 26 3974
2007 2 2 2 1 529 2818 2838
2008 2 2 2 1 2584 1496 3905
2009 2 2 2 1 2752 1787 3993
2010 2 2 2 1 137 138 2376
2011 2 2 2 1 1179 1990 3501
2012 2 2 2 1 630 2977 3358
2013 2 2 2 1 2361 1546 2577
2014 2 2 2 1 568 1883 3348
2015 2 2 2 1 1814 2985 4845
2016 2 2 2 1 1401 2426 2515
2017 2 2 2 1 2405 1060 4255
2018 2 2 2 1 1528 3157 4487
2019 2 2 2 1 2041 477 2972
2020 2 2 2 1 1604 2542 4587
2021 2 2 2 1 841 2220 5735
2022 2 2 2 1 2379 168 4928
2023 2 2 2 1 920 4218 5248
2024 2 2 2 1 989 1894 3611
2025 2 2 2 1 4821 516 5188
2026 2 2 2 1 2927 1747 4446
2027 2 2 2 1 833 2166 4857
2028 2 2 2 1 2680 2003 5072
2029 2 2 2 1 1500 2477 3330
2030 2 2 2 1 3113 287 4141
2031 2 2 2 1 2261 976 4165
2032 2 2 2 1 1832 2310 5198
2033 2 2 2 1 980 2109 4030
2034 2 2 2 1 2475 962 3579
2035 2 2 2 1 2310 505 5198
2036 2 2 2 1 656 3028 3773
2037 2 2 2 1 2003 2744 4703
2038 2 2 2 1 2420 564 2955
2039 2 2 2 1 2047 347 3235
2040 2 2 2 1 269 270 2758
2041 2 2 2 1 522 3508 5295
2042 2 2 2 1 1954 804 4154
2043 2 2 2 1 1141 2416 4713
2044 2 2 2 1 481 2809 4286
2045 2 2 2 1 1604 4587 5080
2046 2 2 2 1 1897 1212 4345
2047 2 2 2 1 1146 2047 3235
2048 2 2 2 1 751 2055 4543
2049 2 2 2 1 2964 1052 4237
2050 2 2 2 1 1001 1905 4066
2051 2 2 2 1 2055 1453 4543
2052 2 2 2 1 1272 1941 4009
2053 2 2 2 1 1913 1080 3176
2054 2 2 2 1 255 1999 4551
2055 2 2 2 1 925 2361 2577
2056 2 2 2 1 1495 3054 3099
2057 2 2 2 1 2241 842 2668
2058 2 2 2 1 808 2396 5056
2059 2 2 2 1 3749 441 3944
2060 2 2 2 1 4797 1984 5286
2061 2 2 2 1 2312 565 2559
2062 2 2 2 1 596 2225 2871
2063 2 2 2 1 1919 961 4521
2064 2 2 2 1 1190 3393 4972
2065 2 2 2 1 1346 3063 3400
2066 2 2 2 1 481 4286 4441
2067 2 2 2 1 1515 2351 4230
2068 2 2 2 1 3653 2205 3688
2069 2 2 2 1 2196 915 2579
2070 2 2 2 1 2507 2087 5681
2071 2 2 2 1 1567 2733 4483
2072 2 2 2 1 2563 906 4080
2073 2 2 2 1 1470 2692 4424
2074 2 2 2 1 918 1907 3214
2075 2 2 2 1 2565 1400 3738
2076 2 2 2 1 2360 1381 3679
2077 2 2 2 1 2225 1360 3269
2078 2 2 2 1 2815 1227 2907
2079 2 2 2 1 364 363 2295
2080 2 2 2 1 2498 1016 2858
2081 2 2 2 1 1981 1014 3373
2082 2 2 2 1 499 2205 2816
2083 2 2 2 1 580 2089 2881
2084 2 2 2 1 3054 550 3099
2085 2 2 2 1 2188 1562 4804
2086 2 2 2 1 644 2276 4663
2087 2 2 2 1 12 13 2866
2088 2 2 2 1 2228 2139 5737
2089 2 2 2 1 1258 2770 3266
2090 2 2 2 1 2248 980 3311
2091 2 2 2 1 2033 4433 5175
2092 2 2 2 1 803 2243 3148
2093 2 2 2 1 2256 967 2552
2094 2 2 2 1 2089 1049 2881
2095 2 2 2 1 3915 1786 4200
2096 2 2 2 1 5213 2355 5620
2097 2 2 2 1 3130 1674 5074
2098 2 2 2 1 1243 2290 3659
2099 2 2 2 1 1920 1079 3895
2100 2 2 2 1 1025 2423 2455
2101 2 2 2 1 1952 552 3458
2102 2 2 2 1 2134 421 5314
2103 2 2 2 1 3369 1699 3759
2104 2 2 2 1 2243 1183 3148
2105 2 2 2 1 2885 583 3166
2106 2 2 2 1 436 2830 3597
2107 2 2 2 1 405 3066 5550
2108 2 2 2 1 895 2213 2659
2109 2 2 2 1 437 3107 3771
2110 2 2 2 1 1957 581 5268
2111 2 2 2 1 431 2252 2555
2112 2 2 2 1 1687 2629 4885
2113 2 2 2 1 1909 1109 4491
2114 2 2 2 1 1097 2366 2958
2115 2 2 2 1 1009 2102 2697
2116 2 2 2 1 1761 3182 4381
2117 2 2 2 1 971 2303 5564
2118 2 2 2 1 1217 2057 2792
2119 2 2 2 1 2289 425 2940
2120 2 2 2 1 1011 2091 2729
2121 2 2 2 1 922 2128 5491
2122 2 2 2 1 3129 1130 3325
2123 2 2 2 1 2033 966 2805
2124 2 2 2 1 2177 789 3008
2125 2 2 2 1 1921 1100 4419
2126 2 2 2 1 102 2217 2834
2127 2 2 2 1 523 2564 3827
2128 2 2 2 1 2564 1544 3827
2129 2 2 2 1 1108 2312 5659
2130 2 2 2 1 899 1950 4063
2131 2 2 2 1 654 2360 3679
2132 2 2 2 1 483 4502 4766
2133 2 2 2 1 2318 543 2616
2134 2 2 2 1 2003 525 4526
2135 2 2 2 1 2036 2521 5385
2136 2 2 2 1 2122 1121 2690
2137 2 2 2 1 2528 1117 2737
2138 2 2 2 1 2521 1291 5385
2139 2 2 2 1 1902 794 4655
2140 2 2 2 1 1067 2318 2616
2141 2 2 2 1 2014 419 2887
2142 2 2 2 1 845 1926 5336
2143 2 2 2 1 781 1996 4090
2144 2 2 2 1 2738 3524 5226
2145 2 2 2 1 1248 2130 2848
2146 2 2 2 1 2390 1075 2552
2147 2 2 2 1 1143 2289 2940
2148 2 2 2 1 1413 2374 3761
2149 2 2 2 1 45 46 2365
2150 2 2 2 1 3851 1876 4494
2151 2 2 2 1 1163 1915 3281
2152 2 2 2 1 2407 1412 3811
2153 2 2 2 1 967 2390 2552
2154 2 2 2 1 1999 1043 4875
2155 2 2 2 1 2178 471 3424
2156 2 2 2 1 951 2191 2608
2157 2 2 2 1 567 2036 3146
2158 2 2 2 1 1079 1920 4868
2159 2 2 2 1 2242 1660 4837
2160 2 2 2 1 401 2005 2906
2161 2 2 2 1 792 2242 4837
2162 2 2 2 1 1463 2180 4311
2163 2 2 2 1 330 329 4433
2164 2 2 2 1 2036 1104 3146
2165 2 2 2 1 4056 466 4313
2166 2 2 2 1 2255 928 2688
2167 2 2 2 1 2154 839 3841
2168 2 2 2 1 2818 1272 2838
2169 2 2 2 1 1050 2736 5521
2170 2 2 2 1 1024 3554 3614
2171 2 2 2 1 2045 606 2832
2172 2 2 2 1 2779 4391 5634
2173 2 2 2 1 2232 4588 5646
2174 2 2 2 1 2384 867 2595
2175 2 2 2 1 2102 627 2836
2176 2 2 2 1 2286 614 2589
2177 2 2 2 1 2213 895 2597
2178 2 2 2 1 1041 2286 2589
2179 2 2 2 1 2180 770 4311
2180 2 2 2 1 3304 1941 4847
2181 2 2 2 1 1923 934 3717
2182 2 2 2 1 2693 1108 4770
2183 2 2 2 1 1750 2417 5112
2184 2 2 2 1 1393 2727 3213
2185 2 2 2 1 2291 983 3598
2186 2 2 2 1 1915 1163 4250
2187 2 2 2 1 2408 909 2744
2188 2 2 2 1 2727 1157 3213
2189 2 2 2 1 2072 2760 5204
2190 2 2 2 1 2224 1378 4492
2191 2 2 2 1 2374 890 3761
2192 2 2 2 1 561 2001 4437
2193 2 2 2 1 2760 520 5204
2194 2 2 2 1 1063 2474 2605
2195 2 2 2 1 1119 3162 4327
2196 2 2 2 1 2000 3855 5651
2197 2 2 2 1 1019 1922 3831
2198 2 2 2 1 2030 533 2993
2199 2 2 2 1 1452 4260 4990
2200 2 2 2 1 839 2314 4887
2201 2 2 2 1 1109 1909 4282
2202 2 2 2 1 1308 2384 2595
2203 2 2 2 1 2443 600 3161
2204 2 2 2 1 2419 669 5529
2205 2 2 2 1 2616 1198 2799
2206 2 2 2 1 3201 712 3681
2207 2 2 2 1 1406 2675 3837
2208 2 2 2 1 2687 812 3568
2209 2 2 2 1 1917 1185 3410
2210 2 2 2 1 2187 1372 4183
2211 2 2 2 1 3482 1763 5053
2212 2 2 2 1 2073 532 2810
2213 2 2 2 1 1029 3383 3578
2214 2 2 2 1 2475 1349 3967
2215 2 2 2 1 885 5480 5651
2216 2 2 2 1 2090 2509 5281
2217 2 2 2 1 2308 1577 4497
2218 2 2 2 1 2117 973 2726
2219 2 2 2 1 1355 2614 4135
2220 2 2 2 1 3080 1789 5008
2221 2 2 2 1 672 2539 2892
2222 2 2 2 1 959 2554 3734
2223 2 2 2 1 1801 2388 3845
2224 2 2 2 1 1225 2020 3700
2225 2 2 2 1 2351 855 4230
2226 2 2 2 1 1170 2129 4533
2227 2 2 2 1 945 2435 3481
2228 2 2 2 1 2351 322 4873
2229 2 2 2 1 1942 740 3980
2230 2 2 2 1 49 3711 3959
2231 2 2 2 1 649 2489 3535
2232 2 2 2 1 2020 581 3700
2233 2 2 2 1 3065 432 3399
2234 2 2 2 1 820 1998 4026
2235 2 2 2 1 1940 182 3886
2236 2 2 2 1 1067 2616 2799
2237 2 2 2 1 2588 1229 3250
2238 2 2 2 1 2975 1123 5578
2239 2 2 2 1 2068 558 3207
2240 2 2 2 1 2010 795 3012
2241 2 2 2 1 806 2205 3653
2242 2 2 2 1 2083 2355 5213
2243 2 2 2 1 588 2210 3379
2244 2 2 2 1 1026 2461 5683
2245 2 2 2 1 1959 1206 4518
2246 2 2 2 1 1995 889 4365
2247 2 2 2 1 308 2631 3919
2248 2 2 2 1 1756 2611 5456
2249 2 2 2 1 1038 2006 4598
2250 2 2 2 1 2091 1011 4772
2251 2 2 2 1 2073 805 4023
2252 2 2 2 1 35 36 2281
2253 2 2 2 1 1013 2126 3624
2254 2 2 2 1 612 2792 2848
2255 2 2 2 1 2992 297 3953
2256 2 2 2 1 1134 2068 3207
2257 2 2 2 1 2210 1230 3379
2258 2 2 2 1 1994 669 3420
2259 2 2 2 1 3046 1775 3736
2260 2 2 2 1 2442 1007 3227
2261 2 2 2 1 407 3046 3736
2262 2 2 2 1 696 2646 3727
2263 2 2 2 1 895 3441 5014
2264 2 2 2 1 1053 2010 3012
2265 2 2 2 1 3269 1360 3440
2266 2 2 2 1 574 2922 3385
2267 2 2 2 1 2247 1104 2907
2268 2 2 2 1 1529 2279 5073
2269 2 2 2 1 434 2069 2860
2270 2 2 2 1 986 2169 2667
2271 2 2 2 1 2894 1610 5402
2272 2 2 2 1 313 3677 5267
2273 2 2 2 1 669 2987 3420
2274 2 2 2 1 740 1942 3491
2275 2 2 2 1 1330 2073 4023
2276 2 2 2 1 5154 2211 5223
2277 2 2 2 1 3117 454 5068
2278 2 2 2 1 1073 2484 2550
2279 2 2 2 1 3122 457 4159
2280 2 2 2 1 1151 1994 3420
2281 2 2 2 1 1108 2350 4770
2282 2 2 2 1 1930 750 3672
2283 2 2 2 1 2196 2530 4898
2284 2 2 2 1 3948 2186 4714
2285 2 2 2 1 1104 2036 4232
2286 2 2 2 1 1575 3129 3325
2287 2 2 2 1 2237 1002 2939
2288 2 2 2 1 1929 1174 5354
2289 2 2 2 1 1454 2571 4313
2290 2 2 2 1 2081 852 2822
2291 2 2 2 1 2081 423 3271
2292 2 2 2 1 819 2599 4991
2293 2 2 2 1 2484 1094 2550
2294 2 2 2 1 512 1931 5361
2295 2 2 2 1 2245 1276 3634
2296 2 2 2 1 393 2369 5349
2297 2 2 2 1 403 2247 2907
2298 2 2 2 1 1544 3190 4168
2299 2 2 2 1 2987 1594 3420
2300 2 2 2 1 61 62 2398
2301 2 2 2 1 1351 1972 5093
2302 2 2 2 1 1951 2992 5284
2303 2 2 2 1 1524 2800 3519
2304 2 2 2 1 3493 1446 4361
2305 2 2 2 1 2779 1017 4391
2306 2 2 2 1 1299 3066 3080
2307 2 2 2 1 1361 2061 3186
2308 2 2 2 1 399 1928 3521
2309 2 2 2 1 2534 1378 2602
2310 2 2 2 1 608 2211 5154
2311 2 2 2 1 2127 1000 3010
2312 2 2 2 1 2069 1034 2860
2313 2 2 2 1 2213 696 4424
2314 2 2 2 1 3378 2401 5483
2315 2 2 2 1 2425 273 4432
2316 2 2 2 1 2022 4237 5321
2317 2 2 2 1 4698 2810 5157
2318 2 2 2 1 2469 396 2763
2319 2 2 2 1 3118 1447 3894
2320 2 2 2 1 1512 2213 4424
2321 2 2 2 1 140 141 2483
2322 2 2 2 1 2020 1225 3728
2323 2 2 2 1 1173 2469 2763
2324 2 2 2 1 808 2063 2852
2325 2 2 2 1 2278 195 4344
2326 2 2 2 1 2988 184 5140
2327 2 2 2 1 2314 1687 4887
2328 2 2 2 1 2671 508 3446
2329 2 2 2 1 2002 353 4372
2330 2 2 2 1 2303 2662 5564
2331 2 2 2 1 2750 1340 5085
2332 2 2 2 1 2109 862 5078
2333 2 2 2 1 2043 581 4454
2334 2 2 2 1 1152 1930 3672
2335 2 2 2 1 2236 421 3086
2336 2 2 2 1 1811 3894 4194
2337 2 2 2 1 307 306 2364
2338 2 2 2 1 2070 110 5493
2339 2 2 2 1 745 2020 3728
2340 2 2 2 1 1166 1966 3957
2341 2 2 2 1 1764 4129 5544
2342 2 2 2 1 2800 948 3519
2343 2 2 2 1 893 3577 5271
2344 2 2 2 1 2422 2703 4277
2345 2 2 2 1 2312 2559 5659
2346 2 2 2 1 1069 2573 3007
2347 2 2 2 1 1110 3011 4115
2348 2 2 2 1 1268 1964 4016
2349 2 2 2 1 2254 531 3541
2350 2 2 2 1 2298 1730 5177
2351 2 2 2 1 2021 1200 2952
2352 2 2 2 1 3648 1951 5712
2353 2 2 2 1 859 2257 4399
2354 2 2 2 1 105 1930 5095
2355 2 2 2 1 3222 1167 4205
2356 2 2 2 1 601 2235 2775
2357 2 2 2 1 2651 917 3104
2358 2 2 2 1 3264 1901 5101
2359 2 2 2 1 2619 1558 4430
2360 2 2 2 1 2249 1387 4342
2361 2 2 2 1 2573 1525 3007
2362 2 2 2 1 627 2102 3082
2363 2 2 2 1 3704 3303 5410
2364 2 2 2 1 1459 2651 3104
2365 2 2 2 1 2613 1084 3092
2366 2 2 2 1 2037 1356 2936
2367 2 2 2 1 1477 3204 3909
2368 2 2 2 1 4402 1912 5566
2369 2 2 2 1 2235 1065 2775
2370 2 2 2 1 1320 2172 2978
2371 2 2 2 1 1159 3009 3396
2372 2 2 2 1 1530 2721 3679
2373 2 2 2 1 1610 2613 3092
2374 2 2 2 1 1007 2489 3227
2375 2 2 2 1 2910 1566 3224
2376 2 2 2 1 1076 1961 3387
2377 2 2 2 1 2214 577 2656
2378 2 2 2 1 2426 394 2515
2379 2 2 2 1 434 2354 2862
2380 2 2 2 1 1159 2568 2701
2381 2 2 2 1 1278 2077 5077
2382 2 2 2 1 1960 1193 3739
2383 2 2 2 1 2783 1430 3522
2384 2 2 2 1 2620 4539 5232
2385 2 2 2 1 1177 2386 3425
2386 2 2 2 1 2602 1378 3652
2387 2 2 2 1 1994 1151 4561
2388 2 2 2 1 378 1959 3178
2389 2 2 2 1 1115 2157 5331
2390 2 2 2 1 466 2176 3836
2391 2 2 2 1 1423 3197 5706
2392 2 2 2 1 2568 1081 2701
2393 2 2 2 1 558 2301 2587
2394 2 2 2 1 1948 829 3279
2395 2 2 2 1 1987 3998 5302
2396 2 2 2 1 1570 3201 3681
2397 2 2 2 1 2599 422 3853
2398 2 2 2 1 570 2147 5270
2399 2 2 2 1 1857 2778 5530
2400 2 2 2 1 977 3616 4739
2401 2 2 2 1 905 2584 3905
2402 2 2 2 1 510 3899 4773
2403 2 2 2 1 957 2503 3233
2404 2 2 2 1 2329 2070 5493
2405 2 2 2 1 2110 1004 2814
2406 2 2 2 1 4381 706 4765
2407 2 2 2 1 1004 2500 5057
2408 2 2 2 1 32 33 3617
2409 2 2 2 1 3054 1101 5533
2410 2 2 2 1 1380 2201 2695
2411 2 2 2 1 1553 2599 3853
2412 2 2 2 1 3438 1375 4113
2413 2 2 2 1 982 2910 3224
2414 2 2 2 1 1359 2095 3030
2415 2 2 2 1 4459 2434 5184
2416 2 2 2 1 790 1945 3567
2417 2 2 2 1 1202 2178 3424
2418 2 2 2 1 2198 3725 4103
2419 2 2 2 1 4541 1686 4791
2420 2 2 2 1 2122 828 3694
2421 2 2 2 1 848 2221 5643
2422 2 2 2 1 659 3303 3704
2423 2 2 2 1 2221 1135 5643
2424 2 2 2 1 4341 1012 4953
2425 2 2 2 1 117 118 2964
2426 2 2 2 1 2179 873 2895
2427 2 2 2 1 980 2383 3311
2428 2 2 2 1 2285 1149 3355
2429 2 2 2 1 2023 1032 3784
2430 2 2 2 1 2043 1024 3614
2431 2 2 2 1 2464 398 4658
2432 2 2 2 1 1576 2801 3656
2433 2 2 2 1 2477 616 3330
2434 2 2 2 1 2801 662 3656
2435 2 2 2 1 2493 1136 2517
2436 2 2 2 1 4399 2257 5592
2437 2 2 2 1 595 2077 3835
2438 2 2 2 1 2091 4341 4953
2439 2 2 2 1 1135 2231 5643
2440 2 2 2 1 331 2374 4834
2441 2 2 2 1 1756 3113 4141
2442 2 2 2 1 4489 1122 5690
2443 2 2 2 1 3214 759 5118
2444 2 2 2 1 754 1970 3494
2445 2 2 2 1 2077 1278 3835
2446 2 2 2 1 3346 1085 4070
2447 2 2 2 1 2500 4127 5057
2448 2 2 2 1 2302 1240 2956
2449 2 2 2 1 991 2292 3758
2450 2 2 2 1 2156 422 5120
2451 2 2 2 1 1983 1056 3602
2452 2 2 2 1 2015 2735 3662
2453 2 2 2 1 755 1955 3758
2454 2 2 2 1 2495 1180 5707
2455 2 2 2 1 4448 956 5472
2456 2 2 2 1 1178 2575 2788
2457 2 2 2 1 1056 1983 3141
2458 2 2 2 1 309 308 3919
2459 2 2 2 1 2180 1237 5426
2460 2 2 2 1 1006 2102 2836
2461 2 2 2 1 933 2531 3402
2462 2 2 2 1 3208 2516 5010
2463 2 2 2 1 1023 2810 4698
2464 2 2 2 1 3333 403 4799
2465 2 2 2 1 419 2014 3296
2466 2 2 2 1 1989 437 5084
2467 2 2 2 1 386 385 3318
2468 2 2 2 1 1369 4151 4930
2469 2 2 2 1 1502 2434 4459
2470 2 2 2 1 2989 1782 5203
2471 2 2 2 1 1026 2021 4421
2472 2 2 2 1 2300 1783 3889
2473 2 2 2 1 693 2183 4155
2474 2 2 2 1 1554 3661 3699
2475 2 2 2 1 2206 993 4432
2476 2 2 2 1 4597 872 5425
2477 2 2 2 1 1258 3266 3947
2478 2 2 2 1 1948 3279 4039
2479 2 2 2 1 2150 3400 5136
2480 2 2 2 1 985 2029 2979
2481 2 2 2 1 2821 1215 3365
2482 2 2 2 1 2192 422 3750
2483 2 2 2 1 2183 1407 4155
2484 2 2 2 1 2201 576 2695
2485 2 2 2 1 2296 3859 4003
2486 2 2 2 1 1218 2241 2668
2487 2 2 2 1 663 2218 5329
2488 2 2 2 1 2046 2968 5303
2489 2 2 2 1 2290 879 5269
2490 2 2 2 1 2117 1204 3514
2491 2 2 2 1 962 4184 5086
2492 2 2 2 1 990 2041 2972
2493 2 2 2 1 1332 2297 2694
2494 2 2 2 1 787 2908 4646
2495 2 2 2 1 1817 3282 4067
2496 2 2 2 1 2612 1066 3123
2497 2 2 2 1 4224 1784 4363
2498 2 2 2 1 1541 2040 3966
2499 2 2 2 1 2074 935 2915
2500 2 2 2 1 2126 934 3624
2501 2 2 2 1 2229 663 5329
2502 2 2 2 1 674 2117 3514
2503 2 2 2 1 1087 1984 4425
2504 2 2 2 1 2679 2065 3742
2505 2 2 2 1 2700 1369 4930
2506 2 2 2 1 1248 2792 5169
2507 2 2 2 1 551 2223 5608
2508 2 2 2 1 2908 2029 4646
2509 2 2 2 1 1334 2623 3010
2510 2 2 2 1 4002 667 5199
2511 2 2 2 1 2001 1062 4437
2512 2 2 2 1 324 2056 3000
2513 2 2 2 1 3155 2280 4512
2514 2 2 2 1 2067 2847 5585
2515 2 2 2 1 1065 2235 2681
2516 2 2 2 1 1013 2162 4711
2517 2 2 2 1 1154 1962 3331
2518 2 2 2 1 482 2945 4330
2519 2 2 2 1 2166 548 5316
2520 2 2 2 1 2026 3989 4301
2521 2 2 2 1 2623 602 3010
2522 2 2 2 1 1014 1981 4267
2523 2 2 2 1 441 2358 3944
2524 2 2 2 1 951 2071 4803
2525 2 2 2 1 3264 579 4397
2526 2 2 2 1 2126 569 5096
2527 2 2 2 1 2244 336 3893
2528 2 2 2 1 304 2685 4386
2529 2 2 2 1 2687 3568 5574
2530 2 2 2 1 1029 2182 2807
2531 2 2 2 1 4965 1054 5532
2532 2 2 2 1 1724 3314 4360
2533 2 2 2 1 2414 1116 2763
2534 2 2 2 1 2226 1990 5622
2535 2 2 2 1 396 2414 2763
2536 2 2 2 1 3383 1691 3578
2537 2 2 2 1 368 2839 4569
2538 2 2 2 1 3498 889 4989
2539 2 2 2 1 815 3029 3859
2540 2 2 2 1 2090 1648 4952
2541 2 2 2 1 3029 1785 3859
2542 2 2 2 1 2139 425 2823
2543 2 2 2 1 795 2031 3012
2544 2 2 2 1 2704 1044 4471
2545 2 2 2 1 4515 2464 4658
2546 2 2 2 1 2031 1332 4145
2547 2 2 2 1 1039 2286 2644
2548 2 2 2 1 1008 2493 2517
2549 2 2 2 1 1902 3333 4799
2550 2 2 2 1 233 234 2340
2551 2 2 2 1 2242 1071 2971
2552 2 2 2 1 477 2041 4894
2553 2 2 2 1 1223 2401 3378
2554 2 2 2 1 2687 1679 4105
2555 2 2 2 1 1438 2132 4440
2556 2 2 2 1 1156 2728 2924
2557 2 2 2 1 1445 2461 3706
2558 2 2 2 1 2792 2057 5169
2559 2 2 2 1 812 2687 4105
2560 2 2 2 1 2132 743 4440
2561 2 2 2 1 1966 489 3957
2562 2 2 2 1 93 94 2480
2563 2 2 2 1 979 2376 2865
2564 2 2 2 1 1977 2852 5293
2565 2 2 2 1 925 2732 3671
2566 2 2 2 1 322 321 4873
2567 2 2 2 1 2719 574 3385
2568 2 2 2 1 1970 984 3272
2569 2 2 2 1 4565 695 5422
2570 2 2 2 1 74 75 2434
2571 2 2 2 1 2666 610 4584
2572 2 2 2 1 1544 2564 3190
2573 2 2 2 1 564 2446 2596
2574 2 2 2 1 3622 38 4822
2575 2 2 2 1 1982 1336 3972
2576 2 2 2 1 2198 290 3725
2577 2 2 2 1 2376 138 2865
2578 2 2 2 1 881 3119 5395
2579 2 2 2 1 4305 2578 4780
2580 2 2 2 1 776 2576 4675
2581 2 2 2 1 3436 147 5337
2582 2 2 2 1 2614 1355 4407
2583 2 2 2 1 3599 729 4085
2584 2 2 2 1 3637 1723 5257
2585 2 2 2 1 1540 2827 3582
2586 2 2 2 1 2827 1145 3582
2587 2 2 2 1 432 2118 3232
2588 2 2 2 1 1487 2033 4530
2589 2 2 2 1 534 2313 3374
2590 2 2 2 1 2429 1074 2749
2591 2 2 2 1 2160 424 3453
2592 2 2 2 1 2245 757 3764
2593 2 2 2 1 938 2265 2673
2594 2 2 2 1 2961 1422 3105
2595 2 2 2 1 2446 1084 2596
2596 2 2 2 1 2576 1810 4675
2597 2 2 2 1 522 2095 4187
2598 2 2 2 1 1151 2961 3105
2599 2 2 2 1 1210 2160 3453
2600 2 2 2 1 2080 1038 4598
2601 2 2 2 1 2669 2073 4193
2602 2 2 2 1 2304 180 5474
2603 2 2 2 1 2350 2672 4770
2604 2 2 2 1 1200 2021 4334
2605 2 2 2 1 2251 417 2703
2606 2 2 2 1 428 2216 3795
2607 2 2 2 1 915 2196 5456
2608 2 2 2 1 894 2106 4622
2609 2 2 2 1 939 2392 2636
2610 2 2 2 1 2380 431 2901
2611 2 2 2 1 933 1968 3479
2612 2 2 2 1 2158 1390 3137
2613 2 2 2 1 1032 2023 3066
2614 2 2 2 1 2315 937 5321
2615 2 2 2 1 875 2307 2911
2616 2 2 2 1 2185 880 2772
2617 2 2 2 1 144 145 3752
2618 2 2 2 1 3036 547 4323
2619 2 2 2 1 2307 1113 2911
2620 2 2 2 1 2095 1359 4187
2621 2 2 2 1 2026 1342 4174
2622 2 2 2 1 578 2915 3180
2623 2 2 2 1 218 219 2400
2624 2 2 2 1 2038 2690 5138
2625 2 2 2 1 924 2053 4962
2626 2 2 2 1 822 3103 3128
2627 2 2 2 1 1988 3036 4323
2628 2 2 2 1 871 2272 3406
2629 2 2 2 1 2365 1004 3703
2630 2 2 2 1 1532 2740 4955
2631 2 2 2 1 1044 2852 4471
2632 2 2 2 1 2909 446 3312
2633 2 2 2 1 2002 1080 3149
2634 2 2 2 1 2369 1798 5349
2635 2 2 2 1 2138 530 4082
2636 2 2 2 1 3723 2990 5635
2637 2 2 2 1 2286 1039 2706
2638 2 2 2 1 2033 1487 4433
2639 2 2 2 1 581 2020 3343
2640 2 2 2 1 2247 1463 3354
2641 2 2 2 1 871 2003 4703
2642 2 2 2 1 1481 2909 3312
2643 2 2 2 1 458 3414 4899
2644 2 2 2 1 1263 1982 5300
2645 2 2 2 1 2102 1006 4082
2646 2 2 2 1 2164 1414 4258
2647 2 2 2 1 2046 531 4513
2648 2 2 2 1 2855 435 4505
2649 2 2 2 1 1042 2251 2703
2650 2 2 2 1 949 3087 4885
2651 2 2 2 1 971 2358 4769
2652 2 2 2 1 2105 1021 3368
2653 2 2 2 1 1337 2438 3823
2654 2 2 2 1 1951 3648 5748
2655 2 2 2 1 50 51 2391
2656 2 2 2 1 894 2306 3506
2657 2 2 2 1 2252 1064 5516
2658 2 2 2 1 880 3461 4255
2659 2 2 2 1 1945 3690 4019
2660 2 2 2 1 875 2123 4905
2661 2 2 2 1 2026 760 4280
2662 2 2 2 1 610 2831 4584
2663 2 2 2 1 2306 1286 3506
2664 2 2 2 1 305 304 4386
2665 2 2 2 1 814 4044 4949
2666 2 2 2 1 2163 3867 3878
2667 2 2 2 1 389 1980 3903
2668 2 2 2 1 1306 5139 5601
2669 2 2 2 1 3859 1250 4003
2670 2 2 2 1 267 3684 4326
2671 2 2 2 1 813 1958 3664
2672 2 2 2 1 3103 1498 3128
2673 2 2 2 1 4646 985 5280
2674 2 2 2 1 121 2298 4415
2675 2 2 2 1 1104 2815 2907
2676 2 2 2 1 384 2026 4174
2677 2 2 2 1 2836 627 3212
2678 2 2 2 1 1975 380 3696
2679 2 2 2 1 763 3676 4098
2680 2 2 2 1 778 2116 3197
2681 2 2 2 1 2217 1046 2834
2682 2 2 2 1 1294 3629 3698
2683 2 2 2 1 2457 1035 3027
2684 2 2 2 1 964 2748 5520
2685 2 2 2 1 1639 3049 3946
2686 2 2 2 1 1342 2026 4280
2687 2 2 2 1 2303 565 2662
2688 2 2 2 1 3068 1656 4353
2689 2 2 2 1 1951 2259 5712
2690 2 2 2 1 2748 2215 5520
2691 2 2 2 1 3414 2249 5679
2692 2 2 2 1 4588 1776 5004
2693 2 2 2 1 649 3535 4487
2694 2 2 2 1 2644 554 4535
2695 2 2 2 1 563 2297 2670
2696 2 2 2 1 3616 1997 4739
2697 2 2 2 1 1153 3414 5679
2698 2 2 2 1 2569 1315 3208
2699 2 2 2 1 945 3481 5088
2700 2 2 2 1 1650 2324 5197
2701 2 2 2 1 414 1968 3402
2702 2 2 2 1 1183 2516 3208
2703 2 2 2 1 1034 2069 3516
2704 2 2 2 1 545 2161 4017
2705 2 2 2 1 1581 3338 4687
2706 2 2 2 1 4277 3487 5531
2707 2 2 2 1 2238 559 2741
2708 2 2 2 1 3465 1187 3776
2709 2 2 2 1 2432 1126 3298
2710 2 2 2 1 3676 1979 4098
2711 2 2 2 1 4539 662 5232
2712 2 2 2 1 1543 2138 3225
2713 2 2 2 1 2765 1105 3187
2714 2 2 2 1 2182 578 2807
2715 2 2 2 1 760 2026 4301
2716 2 2 2 1 955 2346 2637
2717 2 2 2 1 2153 174 3078
2718 2 2 2 1 340 2474 4924
2719 2 2 2 1 2687 1996 5188
2720 2 2 2 1 1972 4051 5547
2721 2 2 2 1 1216 2051 3018
2722 2 2 2 1 348 2047 3945
2723 2 2 2 1 1181 2028 3268
2724 2 2 2 1 828 2038 4448
2725 2 2 2 1 913 2344 2806
2726 2 2 2 1 1976 981 4584
2727 2 2 2 1 4368 1434 4504
2728 2 2 2 1 1254 2014 3666
2729 2 2 2 1 395 2057 3709
2730 2 2 2 1 694 3733 4541
2731 2 2 2 1 386 3318 4665
2732 2 2 2 1 1985 33 3828
2733 2 2 2 1 1024 2043 4454
2734 2 2 2 1 4165 976 4630
2735 2 2 2 1 2057 1217 3709
2736 2 2 2 1 1036 2781 4173
2737 2 2 2 1 955 2578 2657
2738 2 2 2 1 1610 2333 4941
2739 2 2 2 1 2646 812 4817
2740 2 2 2 1 114 1973 4474
2741 2 2 2 1 2578 1440 2657
2742 2 2 2 1 3677 1860 5267
2743 2 2 2 1 28 29 3083
2744 2 2 2 1 1003 2347 2880
2745 2 2 2 1 2544 1061 2737
2746 2 2 2 1 1232 3674 3900
2747 2 2 2 1 340 339 2474
2748 2 2 2 1 140 2483 4631
2749 2 2 2 1 2028 192 3268
2750 2 2 2 1 756 3717 4346
2751 2 2 2 1 835 2945 3427
2752 2 2 2 1 1892 2646 4817
2753 2 2 2 1 2435 177 3481
2754 2 2 2 1 850 2378 3642
2755 2 2 2 1 1916 2943 3793
2756 2 2 2 1 3690 1267 4019
2757 2 2 2 1 1464 3375 4688
2758 2 2 2 1 2378 1706 3642
2759 2 2 2 1 511 4797 5286
2760 2 2 2 1 614 2286 2706
2761 2 2 2 1 2269 1485 4981
2762 2 2 2 1 137 2376 4567
2763 2 2 2 1 476 2330 3674
2764 2 2 2 1 2123 875 2911
2765 2 2 2 1 354 353 3149
2766 2 2 2 1 3386 2644 4535
2767 2 2 2 1 1344 2050 3053
2768 2 2 2 1 692 3498 4442
2769 2 2 2 1 559 2055 5317
2770 2 2 2 1 997 3821 4266
2771 2 2 2 1 663 2229 5537
2772 2 2 2 1 1037 2823 4093
2773 2 2 2 1 2364 306 5747
2774 2 2 2 1 65 2012 3199
2775 2 2 2 1 1021 2105 5129
2776 2 2 2 1 873 2289 2895
2777 2 2 2 1 594 2653 4762
2778 2 2 2 1 2945 1538 3427
2779 2 2 2 1 2811 1037 4093
2780 2 2 2 1 2677 4071 5287
2781 2 2 2 1 2297 563 2694
2782 2 2 2 1 4331 2835 5048
2783 2 2 2 1 582 2308 4325
2784 2 2 2 1 3101 1782 3799
2785 2 2 2 1 2077 4303 5077
2786 2 2 2 1 2589 1189 2702
2787 2 2 2 1 2177 1278 5077
2788 2 2 2 1 1989 741 5387
2789 2 2 2 1 748 2001 4062
2790 2 2 2 1 2526 1118 3047
2791 2 2 2 1 2407 874 5555
2792 2 2 2 1 2234 529 2838
2793 2 2 2 1 1071 2242 5585
2794 2 2 2 1 1896 3622 4822
2795 2 2 2 1 3197 1846 5706
2796 2 2 2 1 1204 3101 3799
2797 2 2 2 1 928 2255 3237
2798 2 2 2 1 2859 1036 4173
2799 2 2 2 1 3527 2762 5288
2800 2 2 2 1 2255 1182 3237
2801 2 2 2 1 3285 717 4498
2802 2 2 2 1 2079 1441 4662
2803 2 2 2 1 2968 843 5303
2804 2 2 2 1 2471 1656 3068
2805 2 2 2 1 1407 2183 3434
2806 2 2 2 1 2019 4965 5532
2807 2 2 2 1 3594 2623 4356
2808 2 2 2 1 2264 677 5731
2809 2 2 2 1 891 2565 3738
2810 2 2 2 1 898 5213 5620
2811 2 2 2 1 2574 615 3896
2812 2 2 2 1 2140 832 3198
2813 2 2 2 1 2788 1058 4249
2814 2 2 2 1 3867 1235 3878
2815 2 2 2 1 461 1983 3602
2816 2 2 2 1 2970 1294 3698
2817 2 2 2 1 2503 128 3233
2818 2 2 2 1 2279 2888 5073
2819 2 2 2 1 1316 1985 3828
2820 2 2 2 1 2147 3334 5181
2821 2 2 2 1 1516 4462 4542
2822 2 2 2 1 2622 1341 3429
2823 2 2 2 1 1646 2349 5038
2824 2 2 2 1 188 189 2529
2825 2 2 2 1 2334 1385 3906
2826 2 2 2 1 2985 753 4845
2827 2 2 2 1 1095 2312 2693
2828 2 2 2 1 2226 2045 5511
2829 2 2 2 1 2167 984 2887
2830 2 2 2 1 3400 1662 5136
2831 2 2 2 1 2352 464 3774
2832 2 2 2 1 2101 404 3093
2833 2 2 2 1 1988 759 4801
2834 2 2 2 1 2611 1756 4141
2835 2 2 2 1 1107 2505 2676
2836 2 2 2 1 1633 2101 3093
2837 2 2 2 1 2844 688 3822
2838 2 2 2 1 2175 1132 5296
2839 2 2 2 1 3414 1890 4899
2840 2 2 2 1 621 2334 3906
2841 2 2 2 1 3068 4730 5559
2842 2 2 2 1 3424 471 4917
2843 2 2 2 1 2205 1352 2816
2844 2 2 2 1 2660 1068 3137
2845 2 2 2 1 2350 1014 2672
2846 2 2 2 1 4014 809 4057
2847 2 2 2 1 1829 2835 4331
2848 2 2 2 1 1159 2310 3156
2849 2 2 2 1 2569 582 2681
2850 2 2 2 1 741 1989 3447
2851 2 2 2 1 993 2206 2866
2852 2 2 2 1 1900 3337 4182
2853 2 2 2 1 1856 3465 3776
2854 2 2 2 1 804 4202 4374
2855 2 2 2 1 2140 1032 2902
2856 2 2 2 1 1469 2267 2925
2857 2 2 2 1 1226 2322 2705
2858 2 2 2 1 977 2150 5136
2859 2 2 2 1 1122 3153 5690
2860 2 2 2 1 2350 400 3643
2861 2 2 2 1 2505 408 2676
2862 2 2 2 1 2799 594 4762
2863 2 2 2 1 1754 3378 5483
2864 2 2 2 1 274 2206 4432
2865 2 2 2 1 1643 2844 3822
2866 2 2 2 1 2791 630 3358
2867 2 2 2 1 2187 924 3167
2868 2 2 2 1 1080 2002 4014
2869 2 2 2 1 2089 775 3070
2870 2 2 2 1 3894 1447 4194
2871 2 2 2 1 2484 609 3473
2872 2 2 2 1 1621 2992 3953
2873 2 2 2 1 332 331 4834
2874 2 2 2 1 639 2552 3230
2875 2 2 2 1 437 1989 3798
2876 2 2 2 1 300 2202 5236
2877 2 2 2 1 395 2591 4382
2878 2 2 2 1 2025 610 4027
2879 2 2 2 1 2345 1274 2689
2880 2 2 2 1 1001 2220 4329
2881 2 2 2 1 2128 3006 5491
2882 2 2 2 1 1165 2294 3159
2883 2 2 2 1 606 2045 3124
2884 2 2 2 1 2847 1071 5585
2885 2 2 2 1 3834 2210 3940
2886 2 2 2 1 598 2504 3006
2887 2 2 2 1 770 2013 5588
2888 2 2 2 1 1366 2969 4455
2889 2 2 2 1 1030 2258 3529
2890 2 2 2 1 3430 172 4300
2891 2 2 2 1 2404 1100 3278
2892 2 2 2 1 1401 2515 3839
2893 2 2 2 1 2101 1633 4826
2894 2 2 2 1 1686 3200 4791
2895 2 2 2 1 1281 1991 3771
2896 2 2 2 1 3191 284 3745
2897 2 2 2 1 2630 1624 4882
2898 2 2 2 1 1298 3106 3120
2899 2 2 2 1 896 2551 4116
2900 2 2 2 1 3055 1110 4115
2901 2 2 2 1 2194 435 2855
2902 2 2 2 1 1323 3251 3555
2903 2 2 2 1 3251 1749 3555
2904 2 2 2 1 509 2131 5507
2905 2 2 2 1 1990 1179 3968
2906 2 2 2 1 2294 965 3159
2907 2 2 2 1 3673 1780 4343
2908 2 2 2 1 823 3130 5074
2909 2 2 2 1 850 2014 4011
2910 2 2 2 1 3066 2023 5550
2911 2 2 2 1 3711 1702 3959
2912 2 2 2 1 3028 1454 3773
2913 2 2 2 1 2655 992 4010
2914 2 2 2 1 2642 597 2773
2915 2 2 2 1 425 2139 2940
2916 2 2 2 1 1792 3346 4070
2917 2 2 2 1 2772 880 4255
2918 2 2 2 1 2014 1254 4011
2919 2 2 2 1 2964 118 5430
2920 2 2 2 1 3057 166 4268
2921 2 2 2 1 493 4517 5182
2922 2 2 2 1 1409 2247 3354
2923 2 2 2 1 1358 2836 3212
2924 2 2 2 1 1344 3053 3308
2925 2 2 2 1 2269 187 4438
2926 2 2 2 1 1171 2642 2773
2927 2 2 2 1 1058 2575 2978
2928 2 2 2 1 463 2920 4164
2929 2 2 2 1 2042 749 4020
2930 2 2 2 1 1411 2674 4037
2931 2 2 2 1 1998 423 3489
2932 2 2 2 1 482 2384 3526
2933 2 2 2 1 2239 1205 3426
2934 2 2 2 1 2485 975 3091
2935 2 2 2 1 3763 1938 5367
2936 2 2 2 1 3554 1611 3614
2937 2 2 2 1 2000 396 3855
2938 2 2 2 1 749 2042 3292
2939 2 2 2 1 2418 387 4665
2940 2 2 2 1 696 2213 4870
2941 2 2 2 1 2355 562 3048
2942 2 2 2 1 669 2188 2987
2943 2 2 2 1 516 3793 4406
2944 2 2 2 1 4028 2010 5189
2945 2 2 2 1 839 2449 3841
2946 2 2 2 1 1156 2275 2784
2947 2 2 2 1 4115 3240 5744
2948 2 2 2 1 905 2239 3426
2949 2 2 2 1 2042 1112 3292
2950 2 2 2 1 2537 1961 4676
2951 2 2 2 1 2093 393 3038
2952 2 2 2 1 1058 3285 4249
2953 2 2 2 1 1427 2276 5589
2954 2 2 2 1 2758 894 4622
2955 2 2 2 1 2445 1719 3198
2956 2 2 2 1 339 338 2605
2957 2 2 2 1 2478 1227 2815
2958 2 2 2 1 2283 995 4323
2959 2 2 2 1 1112 2042 3307
2960 2 2 2 1 2049 1116 3166
2961 2 2 2 1 105 106 2935
2962 2 2 2 1 2319 352 3781
2963 2 2 2 1 2510 462 2683
2964 2 2 2 1 1609 2379 4928
2965 2 2 2 1 473 2066 3211
2966 2 2 2 1 409 2787 4077
2967 2 2 2 1 2384 1308 3526
2968 2 2 2 1 1392 3915 4200
2969 2 2 2 1 1366 2410 2932
2970 2 2 2 1 2020 745 4743
2971 2 2 2 1 2024 556 3298
2972 2 2 2 1 2042 570 3307
2973 2 2 2 1 2410 758 2932
2974 2 2 2 1 956 2038 3215
2975 2 2 2 1 1214 2085 3865
2976 2 2 2 1 78 79 2630
2977 2 2 2 1 2170 1289 3981
2978 2 2 2 1 2971 1427 3184
2979 2 2 2 1 967 2256 2817
2980 2 2 2 1 1209 2510 2683
2981 2 2 2 1 2298 786 4637
2982 2 2 2 1 1984 2525 5286
2983 2 2 2 1 553 2971 3184
2984 2 2 2 1 1043 2190 4875
2985 2 2 2 1 1182 2481 3581
2986 2 2 2 1 2652 1247 3021
2987 2 2 2 1 72 73 2513
2988 2 2 2 1 2972 477 3142
2989 2 2 2 1 2591 1191 2706
2990 2 2 2 1 2852 1044 5293
2991 2 2 2 1 993 2425 4432
2992 2 2 2 1 1405 3041 3925
2993 2 2 2 1 1049 2089 3070
2994 2 2 2 1 2452 4484 4878
2995 2 2 2 1 3706 2461 5100
2996 2 2 2 1 950 2654 3907
2997 2 2 2 1 1654 3222 4205
2998 2 2 2 1 1451 2718 4083
2999 2 2 2 1 2712 1507 2863
3000 2 2 2 1 2958 2366 5291
3001 2 2 2 1 1944 4014 4057
3002 2 2 2 1 2508 631 4112
3003 2 2 2 1 3083 2290 5269
3004 2 2 2 1 2176 466 4056
3005 2 2 2 1 1911 2364 5747
3006 2 2 2 1 2473 1147 3644
3007 2 2 2 1 2085 1214 3870
3008 2 2 2 1 3027 1035 5642
3009 2 2 2 1 1199 2048 4294
3010 2 2 2 1 2070 1133 3158
3011 2 2 2 1 561 2087 4874
3012 2 2 2 1 2175 715 3192
3013 2 2 2 1 1229 2734 3004
3014 2 2 2 1 3365 1215 3655
3015 2 2 2 1 1476 2011 3843
3016 2 2 2 1 896 2115 3022
3017 2 2 2 1 2007 978 4012
3018 2 2 2 1 1247 2652 3016
3019 2 2 2 1 975 2530 3091
3020 2 2 2 1 2013 589 3878
3021 2 2 2 1 4071 1540 5287
3022 2 2 2 1 2055 751 4634
3023 2 2 2 1 9 2961 3188
3024 2 2 2 1 4502 1572 4766
3025 2 2 2 1 2498 774 4951
3026 2 2 2 1 429 3245 3961
3027 2 2 2 1 2373 1460 3081
3028 2 2 2 1 363 10 2463
3029 2 2 2 1 2285 3355 4278
3030 2 2 2 1 3335 1188 3485
3031 2 2 2 1 993 2546 4628
3032 2 2 2 1 2652 960 3016
3033 2 2 2 1 110 2070 3158
3034 2 2 2 1 2225 992 2871
3035 2 2 2 1 1239 2604 2684
3036 2 2 2 1 431 2555 2901
3037 2 2 2 1 451 2652 3021
3038 2 2 2 1 602 2623 3594
3039 2 2 2 1 2738 1955 4945
3040 2 2 2 1 1747 3335 3485
3041 2 2 2 1 4933 3621 5495
3042 2 2 2 1 1000 3412 4008
3043 2 2 2 1 2531 1839 5406
3044 2 2 2 1 858 2483 5621
3045 2 2 2 1 3245 1933 3961
3046 2 2 2 1 2047 1146 4295
3047 2 2 2 1 278 277 2629
3048 2 2 2 1 636 2602 3652
3049 2 2 2 1 519 2115 4819
3050 2 2 2 1 2233 664 3173
3051 2 2 2 1 180 181 5474
3052 2 2 2 1 4484 1453 4878
3053 2 2 2 1 149 150 3014
3054 2 2 2 1 2842 1241 2929
3055 2 2 2 1 512 2738 4945
3056 2 2 2 1 1517 3376 5388
3057 2 2 2 1 4473 1479 4658
3058 2 2 2 1 1137 2144 4919
3059 2 2 2 1 2570 1170 2843
3060 2 2 2 1 2235 990 5489
3061 2 2 2 1 2012 66 3635
3062 2 2 2 1 2278 1778 4032
3063 2 2 2 1 1279 3934 4084
3064 2 2 2 1 41 42 2523
3065 2 2 2 1 1295 3037 3199
3066 2 2 2 1 602 2127 3010
3067 2 2 2 1 2555 1018 2901
3068 2 2 2 1 992 2655 2871
3069 2 2 2 1 3149 1913 4643
3070 2 2 2 1 3068 689 4730
3071 2 2 2 1 1399 2107 4710
3072 2 2 2 1 821 2397 4189
3073 2 2 2 1 2162 1013 3382
3074 2 2 2 1 932 2534 2602
3075 2 2 2 1 1132 2175 3192
3076 2 2 2 1 2753 1647 4030
3077 2 2 2 1 2522 485 4340
3078 2 2 2 1 221 222 2457
3079 2 2 2 1 563 2062 4368
3080 2 2 2 1 1612 2522 4340
3081 2 2 2 1 2024 1128 3888
3082 2 2 2 1 2284 711 5447
3083 2 2 2 1 3287 1830 3707
3084 2 2 2 1 2128 598 3006
3085 2 2 2 1 1189 3287 3707
3086 2 2 2 1 2058 3436 5337
3087 2 2 2 1 2629 277 5676
3088 2 2 2 1 2608 1491 4984
3089 2 2 2 1 506 2753 4030
3090 2 2 2 1 2832 969 5511
3091 2 2 2 1 2060 5377 5645
3092 2 2 2 1 2366 1097 3450
3093 2 2 2 1 1053 2136 4647
3094 2 2 2 1 1721 2926 4727
3095 2 2 2 1 2333 1030 3529
3096 2 2 2 1 3121 1977 4417
3097 2 2 2 1 2199 893 3490
3098 2 2 2 1 502 2609 4971
3099 2 2 2 1 609 3260 3473
3100 2 2 2 1 515 3121 4417
3101 2 2 2 1 1147 2032 4789
3102 2 2 2 1 2655 1187 2871
3103 2 2 2 1 564 2596 4855
3104 2 2 2 1 546 2342 4228
3105 2 2 2 1 3000 2056 4771
3106 2 2 2 1 112 2329 5493
3107 2 2 2 1 2474 1707 4924
3108 2 2 2 1 2048 651 5240
3109 2 2 2 1 2365 46 3596
3110 2 2 2 1 2609 1878 4971
3111 2 2 2 1 667 2146 4950
3112 2 2 2 1 556 2024 3888
3113 2 2 2 1 793 2023 3784
3114 2 2 2 1 846 2204 3590
3115 2 2 2 1 2102 1009 3082
3116 2 2 2 1 2896 2027 4881
3117 2 2 2 1 963 2896 4881
3118 2 2 2 1 1035 2399 4392
3119 2 2 2 1 2044 818 3321
3120 2 2 2 1 3659 2290 5551
3121 2 2 2 1 688 2638 5677
3122 2 2 2 1 1682 5154 5223
3123 2 2 2 1 439 2029 4328
3124 2 2 2 1 89 90 3604
3125 2 2 2 1 2913 3911 4342
3126 2 2 2 1 1861 4399 5592
3127 2 2 2 1 2894 681 4774
3128 2 2 2 1 811 2195 3127
3129 2 2 2 1 2286 1041 5705
3130 2 2 2 1 2195 1118 3127
3131 2 2 2 1 1849 2886 4680
3132 2 2 2 1 2630 79 4744
3133 2 2 2 1 2028 1181 3694
3134 2 2 2 1 3400 2150 5691
3135 2 2 2 1 4202 1953 4374
3136 2 2 2 1 2210 588 3940
3137 2 2 2 1 2203 951 5394
3138 2 2 2 1 2106 894 5127
3139 2 2 2 1 495 2098 3390
3140 2 2 2 1 2282 1076 3265
3141 2 2 2 1 1055 2237 5467
3142 2 2 2 1 2324 2645 5197
3143 2 2 2 1 3148 1183 3208
3144 2 2 2 1 1416 2849 3560
3145 2 2 2 1 2555 2252 5516
3146 2 2 2 1 2067 792 4990
3147 2 2 2 1 2937 868 4064
3148 2 2 2 1 1657 2834 4686
3149 2 2 2 1 538 2959 5058
3150 2 2 2 1 1085 3000 4771
3151 2 2 2 1 2638 4281 5677
3152 2 2 2 1 3026 1142 3332
3153 2 2 2 1 897 2228 2904
3154 2 2 2 1 3087 1914 4885
3155 2 2 2 1 1652 3487 4277
3156 2 2 2 1 2358 3409 4769
3157 2 2 2 1 561 2307 2861
3158 2 2 2 1 3156 2310 5546
3159 2 2 2 1 2804 1618 2896
3160 2 2 2 1 1252 3933 4170
3161 2 2 2 1 2323 1236 3781
3162 2 2 2 1 963 2804 2896
3163 2 2 2 1 2641 326 3930
3164 2 2 2 1 2256 1250 3857
3165 2 2 2 1 616 2485 3091
3166 2 2 2 1 327 2641 3927
3167 2 2 2 1 2125 535 3125
3168 2 2 2 1 1555 2154 5333
3169 2 2 2 1 1451 2934 4271
3170 2 2 2 1 3601 1779 5443
3171 2 2 2 1 3049 1033 3946
3172 2 2 2 1 2721 654 3679
3173 2 2 2 1 570 2042 3455
3174 2 2 2 1 753 2076 3627
3175 2 2 2 1 2568 1159 4741
3176 2 2 2 1 3154 1329 4045
3177 2 2 2 1 4636 998 4880
3178 2 2 2 1 468 3848 4418
3179 2 2 2 1 2043 772 3407
3180 2 2 2 1 826 2051 3900
3181 2 2 2 1 2583 1348 3682
3182 2 2 2 1 2302 929 5757
3183 2 2 2 1 2257 549 5592
3184 2 2 2 1 3154 4045 4320
3185 2 2 2 1 2629 949 4885
3186 2 2 2 1 776 4853 4909
3187 2 2 2 1 2173 658 3231
3188 2 2 2 1 575 3344 3404
3189 2 2 2 1 2699 643 4336
3190 2 2 2 1 2186 901 5264
3191 2 2 2 1 1128 4414 5669
3192 2 2 2 1 195 196 4344
3193 2 2 2 1 1278 2177 3808
3194 2 2 2 1 2236 1434 4379
3195 2 2 2 1 1093 2125 3125
3196 2 2 2 1 2399 3288 4816
3197 2 2 2 1 2084 398 4635
3198 2 2 2 1 1216 2599 3297
3199 2 2 2 1 2428 1203 3114
3200 2 2 2 1 2194 791 4674
3201 2 2 2 1 2912 1521 3211
3202 2 2 2 1 3695 2008 4060
3203 2 2 2 1 2032 1329 3523
3204 2 2 2 1 2177 470 3808
3205 2 2 2 1 4303 789 5077
3206 2 2 2 1 2169 1064 4461
3207 2 2 2 1 473 3211 3860
3208 2 2 2 1 2351 1519 4475
3209 2 2 2 1 3111 2080 4598
3210 2 2 2 1 2515 911 3839
3211 2 2 2 1 927 3111 4598
3212 2 2 2 1 1242 2035 3971
3213 2 2 2 1 1329 2032 3509
3214 2 2 2 1 1478 2837 4921
3215 2 2 2 1 1022 2604 5097
3216 2 2 2 1 1038 2080 4833
3217 2 2 2 1 2063 1781 4264
3218 2 2 2 1 2176 1256 3836
3219 2 2 2 1 3498 1665 4365
3220 2 2 2 1 2051 1232 3900
3221 2 2 2 1 1152 3270 5095
3222 2 2 2 1 952 2412 2885
3223 2 2 2 1 464 3766 4468
3224 2 2 2 1 807 2236 4379
3225 2 2 2 1 2422 703 4642
3226 2 2 2 1 2597 2274 4317
3227 2 2 2 1 2397 1786 3915
3228 2 2 2 1 2348 3210 4910
3229 2 2 2 1 2913 1314 3911
3230 2 2 2 1 2338 960 3097
3231 2 2 2 1 1625 2954 4740
3232 2 2 2 1 2414 952 2885
3233 2 2 2 1 346 2135 3235
3234 2 2 2 1 3195 1524 4005
3235 2 2 2 1 973 2117 4721
3236 2 2 2 1 1386 2204 4890
3237 2 2 2 1 647 3007 3425
3238 2 2 2 1 2154 1555 5012
3239 2 2 2 1 2585 1493 5019
3240 2 2 2 1 1251 2075 4617
3241 2 2 2 1 2119 288 3113
3242 2 2 2 1 2135 1146 3235
3243 2 2 2 1 2431 5052 5115
3244 2 2 2 1 2035 48 3959
3245 2 2 2 1 1276 2245 3695
3246 2 2 2 1 2134 923 3075
3247 2 2 2 1 1106 2349 3636
3248 2 2 2 1 1013 3624 5441
3249 2 2 2 1 581 2043 3700
3250 2 2 2 1 2932 1126 3140
3251 2 2 2 1 1366 2932 3140
3252 2 2 2 1 527 2300 5755
3253 2 2 2 1 781 2124 3115
3254 2 2 2 1 855 2351 4475
3255 2 2 2 1 1152 2054 5172
3256 2 2 2 1 448 2950 3920
3257 2 2 2 1 880 2185 5147
3258 2 2 2 1 3373 540 3962
3259 2 2 2 1 1636 2422 4642
3260 2 2 2 1 2245 407 3695
3261 2 2 2 1 2576 776 4909
3262 2 2 2 1 984 2167 5075
3263 2 2 2 1 1091 4226 4443
3264 2 2 2 1 1926 3584 5709
3265 2 2 2 1 2164 4258 5666
3266 2 2 2 1 1105 2842 2929
3267 2 2 2 1 2950 1694 3920
3268 2 2 2 1 2255 200 3503
3269 2 2 2 1 921 2190 5594
3270 2 2 2 1 1105 2929 3187
3271 2 2 2 1 2095 522 4509
3272 2 2 2 1 1853 2773 4087
3273 2 2 2 1 1224 2633 4868
3274 2 2 2 1 552 2275 5610
3275 2 2 2 1 2383 1555 3311
3276 2 2 2 1 2902 609 5407
3277 2 2 2 1 1276 3695 4060
3278 2 2 2 1 2397 821 5601
3279 2 2 2 1 1170 2058 5523
3280 2 2 2 1 240 2341 4272
3281 2 2 2 1 2087 561 4437
3282 2 2 2 1 1762 2866 5141
3283 2 2 2 1 583 2868 3166
3284 2 2 2 1 4303 2077 5279
3285 2 2 2 1 1604 2733 3115
3286 2 2 2 1 1026 4421 5435
3287 2 2 2 1 3907 2654 5183
3288 2 2 2 1 893 2251 3490
3289 2 2 2 1 2124 1082 3115
3290 2 2 2 1 2582 717 3285
3291 2 2 2 1 2223 1131 5355
3292 2 2 2 1 2805 3646 5462
3293 2 2 2 1 531 3126 4370
3294 2 2 2 1 1981 3373 3962
3295 2 2 2 1 1088 2864 3144
3296 2 2 2 1 772 2043 3614
3297 2 2 2 1 2140 2902 5407
3298 2 2 2 1 242 243 3546
3299 2 2 2 1 579 2076 3813
3300 2 2 2 1 2398 62 4366
3301 2 2 2 1 1681 2630 5184
3302 2 2 2 1 2530 975 4898
3303 2 2 2 1 2121 811 3127
3304 2 2 2 1 975 3113 4898
3305 2 2 2 1 3160 1627 3644
3306 2 2 2 1 2279 573 2888
3307 2 2 2 1 303 302 2475
3308 2 2 2 1 1539 2133 4879
3309 2 2 2 1 2206 274 5274
3310 2 2 2 1 2149 1257 3062
3311 2 2 2 1 135 2191 5237
3312 2 2 2 1 3077 1150 4363
3313 2 2 2 1 631 3607 4112
3314 2 2 2 1 2131 804 4374
3315 2 2 2 1 2098 495 4542
3316 2 2 2 1 1841 2876 4636
3317 2 2 2 1 3848 2168 3870
3318 2 2 2 1 3007 1525 3425
3319 2 2 2 1 1882 2495 5707
3320 2 2 2 1 743 2132 3141
3321 2 2 2 1 2450 1195 5040
3322 2 2 2 1 2738 991 3758
3323 2 2 2 1 1779 3394 5443
3324 2 2 2 1 2054 750 5021
3325 2 2 2 1 1622 2656 5403
3326 2 2 2 1 321 320 3363
3327 2 2 2 1 1091 2882 4226
3328 2 2 2 1 857 2965 3887
3329 2 2 2 1 225 2053 3495
3330 2 2 2 1 1150 3217 4363
3331 2 2 2 1 2248 452 4453
3332 2 2 2 1 1262 2253 3661
3333 2 2 2 1 654 2052 4059
3334 2 2 2 1 2620 1582 4539
3335 2 2 2 1 2052 654 5253
3336 2 2 2 1 2116 1083 3356
3337 2 2 2 1 3748 1202 4319
3338 2 2 2 1 2480 94 4428
3339 2 2 2 1 848 4402 5566
3340 2 2 2 1 995 2081 3271
3341 2 2 2 1 882 2151 3071
3342 2 2 2 1 2215 1504 4725
3343 2 2 2 1 2149 626 4896
3344 2 2 2 1 653 2776 3476
3345 2 2 2 1 2431 908 5052
3346 2 2 2 1 2235 601 5376
3347 2 2 2 1 2776 1425 3476
3348 2 2 2 1 2965 1685 3887
3349 2 2 2 1 981 2395 3617
3350 2 2 2 1 1548 2572 4207
3351 2 2 2 1 2109 980 4608
3352 2 2 2 1 1817 4067 4527
3353 2 2 2 1 1211 2273 3633
3354 2 2 2 1 488 2215 4725
3355 2 2 2 1 544 2059 4246
3356 2 2 2 1 2289 1143 2895
3357 2 2 2 1 1449 2248 4453
3358 2 2 2 1 2076 753 4706
3359 2 2 2 1 3073 418 3243
3360 2 2 2 1 3577 1589 3654
3361 2 2 2 1 1083 2116 4040
3362 2 2 2 1 789 2177 5077
3363 2 2 2 1 1407 2990 3723
3364 2 2 2 1 2253 590 3661
3365 2 2 2 1 2370 1166 3957
3366 2 2 2 1 1020 2713 3730
3367 2 2 2 1 658 2173 3195
3368 2 2 2 1 4740 685 5062
3369 2 2 2 1 2107 1399 4557
3370 2 2 2 1 843 2352 3872
3371 2 2 2 1 485 2522 3155
3372 2 2 2 1 1643 3005 3736
3373 2 2 2 1 2124 392 4221
3374 2 2 2 1 2249 4342 5123
3375 2 2 2 1 465 2037 3633
3376 2 2 2 1 1412 2407 3497
3377 2 2 2 1 1374 4075 5685
3378 2 2 2 1 1440 2578 4305
3379 2 2 2 1 3604 90 5485
3380 2 2 2 1 2058 1170 3436
3381 2 2 2 1 2050 405 5550
3382 2 2 2 1 2438 1337 4027
3383 2 2 2 1 2224 1208 3024
3384 2 2 2 1 2512 373 4420
3385 2 2 2 1 3927 2641 4197
3386 2 2 2 1 2234 924 4962
3387 2 2 2 1 344 343 2566
3388 2 2 2 1 1937 2527 5576
3389 2 2 2 1 2053 225 5475
3390 2 2 2 1 637 2762 3527
3391 2 2 2 1 5149 2859 5658
3392 2 2 2 1 2954 1897 4740
3393 2 2 2 1 2052 3462 4059
3394 2 2 2 1 3031 1115 3756
3395 2 2 2 1 623 2240 2956
3396 2 2 2 1 3462 1265 4059
3397 2 2 2 1 2263 1054 4965
3398 2 2 2 1 2095 943 4529
3399 2 2 2 1 1955 3820 4936
3400 2 2 2 1 2344 913 3433
3401 2 2 2 1 2054 1152 3672
3402 2 2 2 1 810 2224 3024
3403 2 2 2 1 2604 4523 5097
3404 2 2 2 1 2874 1374 5685
3405 2 2 2 1 2115 896 4116
3406 2 2 2 1 4336 643 5009
3407 2 2 2 1 651 2048 3840
3408 2 2 2 1 423 2403 3271
3409 2 2 2 1 3684 1821 4326
3410 2 2 2 1 3005 407 3736
3411 2 2 2 1 1614 3431 4099
3412 2 2 2 1 4190 2916 4321
3413 2 2 2 1 1441 2079 4247
3414 2 2 2 1 1259 3851 4494
3415 2 2 2 1 3035 1177 3425
3416 2 2 2 1 2431 1507 5458
3417 2 2 2 1 200 2255 5460
3418 2 2 2 1 405 2050 3609
3419 2 2 2 1 1214 3848 3870
3420 2 2 2 1 2335 820 2877
3421 2 2 2 1 2910 1593 3874
3422 2 2 2 1 2173 1119 3195
3423 2 2 2 1 246 247 2573
3424 2 2 2 1 2045 2832 5511
3425 2 2 2 1 1063 2605 2987
3426 2 2 2 1 3575 1291 5290
3427 2 2 2 1 379 3178 3696
3428 2 2 2 1 2605 1594 2987
3429 2 2 2 1 2467 3060 4862
3430 2 2 2 1 2050 769 3613
3431 2 2 2 1 2354 1019 2862
3432 2 2 2 1 750 2054 3672
3433 2 2 2 1 2459 1079 2893
3434 2 2 2 1 929 2671 4687
3435 2 2 2 1 1525 3035 3425
3436 2 2 2 1 2230 1386 2989
3437 2 2 2 1 2629 1687 4861
3438 2 2 2 1 780 2069 3415
3439 2 2 2 1 2638 688 2844
3440 2 2 2 1 1019 2642 2862
3441 2 2 2 1 4283 1607 4679
3442 2 2 2 1 752 4603 4669
3443 2 2 2 1 445 2359 3101
3444 2 2 2 1 3067 6 4157
3445 2 2 2 1 1011 2729 3949
3446 2 2 2 1 2574 3896 5335
3447 2 2 2 1 2070 902 4144
3448 2 2 2 1 2315 1052 3253
3449 2 2 2 1 2133 762 3979
3450 2 2 2 1 1189 2094 3284
3451 2 2 2 1 2285 1625 5062
3452 2 2 2 1 1280 2963 3722
3453 2 2 2 1 2438 854 3823
3454 2 2 2 1 188 2529 4438
3455 2 2 2 1 1617 2271 5433
3456 2 2 2 1 3158 1133 4179
3457 2 2 2 1 502 2262 2948
3458 2 2 2 1 521 3657 5179
3459 2 2 2 1 902 2065 4144
3460 2 2 2 1 2133 1078 3313
3461 2 2 2 1 3128 1498 3836
3462 2 2 2 1 2778 1857 5145
3463 2 2 2 1 2254 1203 2968
3464 2 2 2 1 685 3168 5062
3465 2 2 2 1 1469 3718 4912
3466 2 2 2 1 2546 3171 4628
3467 2 2 2 1 3598 983 4611
3468 2 2 2 1 2065 1133 4144
3469 2 2 2 1 743 3141 4531
3470 2 2 2 1 2876 998 4636
3471 2 2 2 1 1299 3080 3435
3472 2 2 2 1 1133 2070 4144
3473 2 2 2 1 2566 343 4993
3474 2 2 2 1 564 2420 3185
3475 2 2 2 1 2745 1011 3949
3476 2 2 2 1 25 26 3410
3477 2 2 2 1 1463 2247 4684
3478 2 2 2 1 2642 1171 2862
3479 2 2 2 1 1941 3304 4009
3480 2 2 2 1 1158 3773 4313
3481 2 2 2 1 690 3160 3644
3482 2 2 2 1 5377 514 5645
3483 2 2 2 1 4184 962 5680
3484 2 2 2 1 1344 3308 3796
3485 2 2 2 1 1232 2051 3737
3486 2 2 2 1 1168 2638 2844
3487 2 2 2 1 2239 905 5363
3488 2 2 2 1 2337 977 2889
3489 2 2 2 1 1908 3214 5118
3490 2 2 2 1 3304 619 4009
3491 2 2 2 1 2939 598 5457
3492 2 2 2 1 1118 2195 3184
3493 2 2 2 1 2051 1216 5487
3494 2 2 2 1 2681 582 4325
3495 2 2 2 1 2314 839 4315
3496 2 2 2 1 1039 2591 2706
3497 2 2 2 1 617 2789 3530
3498 2 2 2 1 1149 2285 5062
3499 2 2 2 1 2747 1026 5435
3500 2 2 2 1 1510 2732 5130
3501 2 2 2 1 901 2318 5264
3502 2 2 2 1 1030 2333 2894
3503 2 2 2 1 1102 2127 3226
3504 2 2 2 1 1912 3741 5566
3505 2 2 2 1 1771 3099 4910
3506 2 2 2 1 2237 2939 5457
3507 2 2 2 1 3249 402 4478
3508 2 2 2 1 2146 1087 4425
3509 2 2 2 1 3796 3308 5112
3510 2 2 2 1 1875 4578 5285
3511 2 2 2 1 2127 602 3226
3512 2 2 2 1 2063 394 4471
3513 2 2 2 1 3756 1115 5331
3514 2 2 2 1 1054 2263 4343
3515 2 2 2 1 1598 2219 4856
3516 2 2 2 1 2079 853 3475
3517 2 2 2 1 656 2783 3647
3518 2 2 2 1 3141 1983 4531
3519 2 2 2 1 2214 1622 5216
3520 2 2 2 1 2118 432 5525
3521 2 2 2 1 2886 1009 4680
3522 2 2 2 1 4175 1675 4217
3523 2 2 2 1 1148 2301 5654
3524 2 2 2 1 2514 1830 3550
3525 2 2 2 1 2946 2585 5019
3526 2 2 2 1 3188 1151 3420
3527 2 2 2 1 2426 868 4367
3528 2 2 2 1 2708 389 3903
3529 2 2 2 1 1504 2215 5501
3530 2 2 2 1 1272 2394 2838
3531 2 2 2 1 2066 473 3486
3532 2 2 2 1 2259 881 2986
3533 2 2 2 1 3402 1804 4720
3534 2 2 2 1 2077 595 5279
3535 2 2 2 1 734 2531 5406
3536 2 2 2 1 3376 1517 4671
3537 2 2 2 1 2069 434 3856
3538 2 2 2 1 924 2394 3167
3539 2 2 2 1 1594 3188 3420
3540 2 2 2 1 1229 3004 5227
3541 2 2 2 1 3969 1887 5704
3542 2 2 2 1 2069 780 3516
3543 2 2 2 1 501 2114 4466
3544 2 2 2 1 2496 1215 3486
3545 2 2 2 1 1789 3377 5008
3546 2 2 2 1 3454 1913 3846
3547 2 2 2 1 1485 2269 4438
3548 2 2 2 1 3073 1224 4868
3549 2 2 2 1 3395 406 3561
3550 2 2 2 1 1526 2708 3903
3551 2 2 2 1 2790 1845 3384
3552 2 2 2 1 968 3277 4728
3553 2 2 2 1 3425 2386 5131
3554 2 2 2 1 2076 579 4750
3555 2 2 2 1 1206 2189 4518
3556 2 2 2 1 519 2462 3339
3557 2 2 2 1 2783 1472 3647
3558 2 2 2 1 3104 491 4132
3559 2 2 2 1 1159 3156 4741
3560 2 2 2 1 953 2746 2753
3561 2 2 2 1 2065 507 3742
3562 2 2 2 1 509 3111 4613
3563 2 2 2 1 2403 1458 4927
3564 2 2 2 1 2334 846 3590
3565 2 2 2 1 542 2468 4577
3566 2 2 2 1 3288 461 3602
3567 2 2 2 1 2904 1110 5476
3568 2 2 2 1 2096 826 3347
3569 2 2 2 1 1308 2490 3522
3570 2 2 2 1 2701 1081 5350
3571 2 2 2 1 1760 3395 3561
3572 2 2 2 1 1389 3454 3846
3573 2 2 2 1 1110 2948 5476
3574 2 2 2 1 580 2378 3079
3575 2 2 2 1 1506 4588 5004
3576 2 2 2 1 423 2081 5230
3577 2 2 2 1 2444 1018 5516
3578 2 2 2 1 2527 958 5576
3579 2 2 2 1 87 2108 3323
3580 2 2 2 1 1734 3288 3602
3581 2 2 2 1 2468 1608 4577
3582 2 2 2 1 640 2094 3707
3583 2 2 2 1 2094 1189 3707
3584 2 2 2 1 695 2912 5422
3585 2 2 2 1 2462 1254 3339
3586 2 2 2 1 2376 1491 4567
3587 2 2 2 1 467 2305 5660
3588 2 2 2 1 387 386 4665
3589 2 2 2 1 2204 846 3052
3590 2 2 2 1 2824 686 4217
3591 2 2 2 1 2484 1073 3132
3592 2 2 2 1 687 2544 2737
3593 2 2 2 1 2483 858 4824
3594 2 2 2 1 2482 889 3439
3595 2 2 2 1 1210 2085 4338
3596 2 2 2 1 1032 2140 3198
3597 2 2 2 1 1280 2284 2963
3598 2 2 2 1 2085 575 3865
3599 2 2 2 1 3018 2156 5120
3600 2 2 2 1 2113 1355 3301
3601 2 2 2 1 3933 1881 4170
3602 2 2 2 1 3538 1405 4548
3603 2 2 2 1 328 2453 5175
3604 2 2 2 1 1785 3029 4901
3605 2 2 2 1 1624 2592 4881
3606 2 2 2 1 2490 877 3522
3607 2 2 2 1 2927 731 4667
3608 2 2 2 1 2456 996 2809
3609 2 2 2 1 1028 2916 4190
3610 2 2 2 1 2604 1022 2684
3611 2 2 2 1 2175 1220 3720
3612 2 2 2 1 2320 908 3267
3613 2 2 2 1 3623 82 3678
3614 2 2 2 1 1082 5275 5468
3615 2 2 2 1 2202 300 3648
3616 2 2 2 1 1041 2589 2702
3617 2 2 2 1 2201 1380 4335
3618 2 2 2 1 2117 674 4996
3619 2 2 2 1 950 2068 3765
3620 2 2 2 1 1255 2202 3648
3621 2 2 2 1 2746 1647 2753
3622 2 2 2 1 582 3208 5010
3623 2 2 2 1 849 2379 4806
3624 2 2 2 1 1675 2824 4217
3625 2 2 2 1 2715 453 4306
3626 2 2 2 1 1355 2113 4407
3627 2 2 2 1 2218 3095 5329
3628 2 2 2 1 2110 44 3703
3629 2 2 2 1 2332 1292 3698
3630 2 2 2 1 706 2917 4765
3631 2 2 2 1 760 2112 5340
3632 2 2 2 1 2583 3682 4764
3633 2 2 2 1 856 2227 3542
3634 2 2 2 1 1315 2972 3142
3635 2 2 2 1 2584 1809 5013
3636 2 2 2 1 3095 1027 5329
3637 2 2 2 1 2489 1318 3227
3638 2 2 2 1 996 2149 4786
3639 2 2 2 1 1360 2704 4369
3640 2 2 2 1 790 2201 4335
3641 2 2 2 1 600 2325 3993
3642 2 2 2 1 411 2105 3368
3643 2 2 2 1 2194 4674 5292
3644 2 2 2 1 877 2490 4274
3645 2 2 2 1 824 2332 3698
3646 2 2 2 1 2459 504 4840
3647 2 2 2 1 505 2584 5013
3648 2 2 2 1 815 2107 4371
3649 2 2 2 1 2105 411 4355
3650 2 2 2 1 2068 1134 4243
3651 2 2 2 1 455 2598 3775
3652 2 2 2 1 210 211 3136
3653 2 2 2 1 976 2396 4104
3654 2 2 2 1 2421 1084 5047
3655 2 2 2 1 3892 543 5603
3656 2 2 2 1 2641 3930 4969
3657 2 2 2 1 2771 358 4825
3658 2 2 2 1 3507 633 4564
3659 2 2 2 1 872 3156 5546
3660 2 2 2 1 2464 1051 4635
3661 2 2 2 1 2336 560 3935
3662 2 2 2 1 3174 467 5660
3663 2 2 2 1 404 4234 5707
3664 2 2 2 1 3376 799 4016
3665 2 2 2 1 2250 544 5320
3666 2 2 2 1 1232 2316 2995
3667 2 2 2 1 1605 2538 3173
3668 2 2 2 1 2805 966 3646
3669 2 2 2 1 851 2192 3109
3670 2 2 2 1 2290 29 5551
3671 2 2 2 1 1671 2459 4840
3672 2 2 2 1 2538 1040 3173
3673 2 2 2 1 830 2207 4771
3674 2 2 2 1 2379 1609 4806
3675 2 2 2 1 4794 1144 5148
3676 2 2 2 1 3179 2269 4981
3677 2 2 2 1 2390 509 5507
3678 2 2 2 1 853 2079 3833
3679 2 2 2 1 3026 3332 4540
3680 2 2 2 1 1562 2188 3324
3681 2 2 2 1 2319 1236 3649
3682 2 2 2 1 715 2175 3720
3683 2 2 2 1 788 2108 4270
3684 2 2 2 1 2108 1317 4270
3685 2 2 2 1 947 2506 3017
3686 2 2 2 1 3661 590 3699
3687 2 2 2 1 1964 3376 4016
3688 2 2 2 1 613 2947 3263
3689 2 2 2 1 604 5132 5206
3690 2 2 2 1 775 2089 4097
3691 2 2 2 1 2396 1420 4104
3692 2 2 2 1 3436 1170 4533
3693 2 2 2 1 1097 2958 4765
3694 2 2 2 1 2080 509 3772
3695 2 2 2 1 3255 1240 3429
3696 2 2 2 1 969 3962 5000
3697 2 2 2 1 5350 1081 5510
3698 2 2 2 1 2280 1057 4143
3699 2 2 2 1 120 121 4415
3700 2 2 2 1 1036 2859 5149
3701 2 2 2 1 1195 2086 3592
3702 2 2 2 1 670 2478 2815
3703 2 2 2 1 1356 3646 4245
3704 2 2 2 1 2276 3047 5589
3705 2 2 2 1 1199 2380 2901
3706 2 2 2 1 495 3390 4013
3707 2 2 2 1 2336 1365 3003
3708 2 2 2 1 768 2086 3785
3709 2 2 2 1 2131 509 4613
3710 2 2 2 1 337 9 3188
3711 2 2 2 1 4028 1660 4708
3712 2 2 2 1 2483 1535 4631
3713 2 2 2 1 2471 1090 5720
3714 2 2 2 1 2397 1408 4189
3715 2 2 2 1 1069 2450 4781
3716 2 2 2 1 1061 4660 4746
3717 2 2 2 1 3775 2598 5210
3718 2 2 2 1 2086 768 4785
3719 2 2 2 1 2219 1598 5161
3720 2 2 2 1 204 205 2545
3721 2 2 2 1 3338 1971 4687
3722 2 2 2 1 633 3004 4564
3723 2 2 2 1 2531 1804 3402
3724 2 2 2 1 3821 1795 4266
3725 2 2 2 1 2956 1240 3255
3726 2 2 2 1 4421 2952 5418
3727 2 2 2 1 2086 1195 3785
3728 2 2 2 1 570 2122 3334
3729 2 2 2 1 2104 1172 3639
3730 2 2 2 1 1318 2409 4638
3731 2 2 2 1 2752 1288 3221
3732 2 2 2 1 2137 842 3897
3733 2 2 2 1 1251 2137 3897
3734 2 2 2 1 2316 847 2995
3735 2 2 2 1 2341 847 4075
3736 2 2 2 1 1119 2173 3162
3737 2 2 2 1 2763 1116 2812
3738 2 2 2 1 1744 4227 5627
3739 2 2 2 1 1705 4423 5122
3740 2 2 2 1 1173 2763 2812
3741 2 2 2 1 125 126 2700
3742 2 2 2 1 4603 2012 4669
3743 2 2 2 1 438 2123 5259
3744 2 2 2 1 3172 99 3219
3745 2 2 2 1 3543 1287 3879
3746 2 2 2 1 2496 3486 5028
3747 2 2 2 1 1346 3400 5691
3748 2 2 2 1 3471 130 4252
3749 2 2 2 1 694 2466 3733
3750 2 2 2 1 3412 1739 4008
3751 2 2 2 1 1410 2314 4315
3752 2 2 2 1 1377 2996 4177
3753 2 2 2 1 1374 2341 4075
3754 2 2 2 1 110 111 5493
3755 2 2 2 1 1144 4794 5656
3756 2 2 2 1 1185 2421 4811
3757 2 2 2 1 2122 570 3455
3758 2 2 2 1 1651 4047 4997
3759 2 2 2 1 2633 604 5206
3760 2 2 2 1 3076 4856 4906
3761 2 2 2 1 2135 346 5730
3762 2 2 2 1 2302 391 5612
3763 2 2 2 1 2616 543 3892
3764 2 2 2 1 420 2320 3445
3765 2 2 2 1 2996 1766 4177
3766 2 2 2 1 3119 881 5284
3767 2 2 2 1 1116 2414 2885
3768 2 2 2 1 1922 2769 5608
3769 2 2 2 1 1372 2187 3167
3770 2 2 2 1 4323 995 5509
3771 2 2 2 1 2058 4888 5523
3772 2 2 2 1 2141 478 4764
3773 2 2 2 1 1434 2236 3086
3774 2 2 2 1 1990 2565 5622
3775 2 2 2 1 2515 2063 4264
3776 2 2 2 1 2565 891 5622
3777 2 2 2 1 74 2434 4581
3778 2 2 2 1 3560 2849 4693
3779 2 2 2 1 2910 652 3931
3780 2 2 2 1 3099 1771 4501
3781 2 2 2 1 4765 2958 5195
3782 2 2 2 1 2351 1515 4694
3783 2 2 2 1 2252 431 3058
3784 2 2 2 1 3269 761 3876
3785 2 2 2 1 904 3005 5554
3786 2 2 2 1 1443 4320 4441
3787 2 2 2 1 1204 2117 4809
3788 2 2 2 1 554 2130 4535
3789 2 2 2 1 842 2137 5194
3790 2 2 2 1 1132 2759 3074
3791 2 2 2 1 311 310 2678
3792 2 2 2 1 1035 4392 5642
3793 2 2 2 1 957 3233 5288
3794 2 2 2 1 1018 2174 3202
3795 2 2 2 1 450 2193 3466
3796 2 2 2 1 1306 3219 3549
3797 2 2 2 1 3219 1657 3549
3798 2 2 2 1 1172 2104 3627
3799 2 2 2 1 303 2475 3967
3800 2 2 2 1 1242 2365 3596
3801 2 2 2 1 2759 1396 3074
3802 2 2 2 1 3274 1879 3997
3803 2 2 2 1 2839 367 3032
3804 2 2 2 1 2463 10 4511
3805 2 2 2 1 1018 2555 5516
3806 2 2 2 1 1825 3269 3876
3807 2 2 2 1 919 2282 3265
3808 2 2 2 1 979 2865 4290
3809 2 2 2 1 1732 2566 4993
3810 2 2 2 1 611 2590 3586
3811 2 2 2 1 1104 2247 5251
3812 2 2 2 1 2498 1616 4614
3813 2 2 2 1 774 2498 4614
3814 2 2 2 1 396 2469 4263
3815 2 2 2 1 1117 2343 4018
3816 2 2 2 1 1016 2093 3760
3817 2 2 2 1 2778 994 5530
3818 2 2 2 1 97 2222 3120
3819 2 2 2 1 2193 827 4592
3820 2 2 2 1 2657 440 3284
3821 2 2 2 1 1048 2173 3231
3822 2 2 2 1 1282 3274 3997
3823 2 2 2 1 2906 997 4266
3824 2 2 2 1 1859 2426 4367
3825 2 2 2 1 3929 1694 5383
3826 2 2 2 1 2108 788 4210
3827 2 2 2 1 2483 1828 5621
3828 2 2 2 1 675 2145 5027
3829 2 2 2 1 2328 1053 4647
3830 2 2 2 1 2242 2971 4995
3831 2 2 2 1 111 112 5493
3832 2 2 2 1 1408 3001 4972
3833 2 2 2 1 1600 2288 3139
3834 2 2 2 1 2528 1061 4746
3835 2 2 2 1 2129 145 4533
3836 2 2 2 1 2469 1806 4263
3837 2 2 2 1 701 4115 5744
3838 2 2 2 1 527 2925 4732
3839 2 2 2 1 2526 3047 5029
3840 2 2 2 1 1371 3044 3671
3841 2 2 2 1 4413 1882 4440
3842 2 2 2 1 1960 3075 4595
3843 2 2 2 1 2560 361 5233
3844 2 2 2 1 2276 779 3047
3845 2 2 2 1 2938 549 5256
3846 2 2 2 1 3722 2963 4742
3847 2 2 2 1 381 380 3588
3848 2 2 2 1 2612 3123 4339
3849 2 2 2 1 2200 1175 3351
3850 2 2 2 1 2047 4295 5440
3851 2 2 2 1 2518 434 2860
3852 2 2 2 1 2127 1102 4416
3853 2 2 2 1 218 2400 3513
3854 2 2 2 1 3568 1595 3787
3855 2 2 2 1 2247 403 4684
3856 2 2 2 1 1121 2122 3455
3857 2 2 2 1 1866 3621 4933
3858 2 2 2 1 243 244 3592
3859 2 2 2 1 3725 1302 4103
3860 2 2 2 1 2652 451 3462
3861 2 2 2 1 1786 2397 5601
3862 2 2 2 1 4295 866 5440
3863 2 2 2 1 2443 3161 4973
3864 2 2 2 1 417 2251 5252
3865 2 2 2 1 2925 1927 4732
3866 2 2 2 1 40 2200 3351
3867 2 2 2 1 2824 1695 5255
3868 2 2 2 1 3807 1408 4972
3869 2 2 2 1 1106 2918 3791
3870 2 2 2 1 689 3068 4353
3871 2 2 2 1 1144 3152 5148
3872 2 2 2 1 420 2282 4470
3873 2 2 2 1 787 2392 2934
3874 2 2 2 1 3218 1154 4138
3875 2 2 2 1 1803 4068 4100
3876 2 2 2 1 2339 3470 5739
3877 2 2 2 1 497 2538 4701
3878 2 2 2 1 2645 864 4578
3879 2 2 2 1 1680 2518 2860
3880 2 2 2 1 2561 408 3883
3881 2 2 2 1 2049 5618 5743
3882 2 2 2 1 1707 2474 2933
3883 2 2 2 1 2308 1928 4325
3884 2 2 2 1 2174 567 5163
3885 2 2 2 1 1317 2108 4147
3886 2 2 2 1 44 2110 5082
3887 2 2 2 1 2542 1082 5468
3888 2 2 2 1 2100 922 3731
3889 2 2 2 1 3605 1023 4698
3890 2 2 2 1 1180 2495 4185
3891 2 2 2 1 1073 2550 3640
3892 2 2 2 1 2213 2597 4870
3893 2 2 2 1 2107 2296 4710
3894 2 2 2 1 2170 3981 4719
3895 2 2 2 1 2162 483 4711
3896 2 2 2 1 980 4030 5423
3897 2 2 2 1 1566 2910 3931
3898 2 2 2 1 832 2445 3198
3899 2 2 2 1 1360 2225 5099
3900 2 2 2 1 1595 2646 4870
3901 2 2 2 1 3470 1131 5739
3902 2 2 2 1 317 2878 4729
3903 2 2 2 1 4939 3504 5309
3904 2 2 2 1 2575 1058 2788
3905 2 2 2 1 805 2153 4023
3906 2 2 2 1 3002 667 4133
3907 2 2 2 1 439 2437 3177
3908 2 2 2 1 1195 3592 5040
3909 2 2 2 1 593 2241 3638
3910 2 2 2 1 2241 1218 3638
3911 2 2 2 1 2137 1251 3398
3912 2 2 2 1 2693 606 3591
3913 2 2 2 1 2167 1469 5075
3914 2 2 2 1 942 3051 4224
3915 2 2 2 1 89 3604 4147
3916 2 2 2 1 2163 3878 4844
3917 2 2 2 1 1631 2166 3528
3918 2 2 2 1 2132 1438 4449
3919 2 2 2 1 1287 3019 3879
3920 2 2 2 1 2361 318 4729
3921 2 2 2 1 1480 3732 4410
3922 2 2 2 1 2251 893 5271
3923 2 2 2 1 382 381 2853
3924 2 2 2 1 884 2640 5353
3925 2 2 2 1 162 163 2820
3926 2 2 2 1 138 139 2865
3927 2 2 2 1 1152 2217 3270
3928 2 2 2 1 2348 550 3697
3929 2 2 2 1 2850 1776 2951
3930 2 2 2 1 2487 1021 5129
3931 2 2 2 1 2110 1419 5082
3932 2 2 2 1 2870 1282 3098
3933 2 2 2 1 322 2351 4694
3934 2 2 2 1 2677 1768 4071
3935 2 2 2 1 2377 605 4461
3936 2 2 2 1 263 2137 3398
3937 2 2 2 1 2504 598 2939
3938 2 2 2 1 2217 103 3270
3939 2 2 2 1 960 2338 3016
3940 2 2 2 1 1607 2731 4679
3941 2 2 2 1 2222 98 3172
3942 2 2 2 1 2875 1633 3866
3943 2 2 2 1 1246 3593 4673
3944 2 2 2 1 1964 4034 4737
3945 2 2 2 1 3878 589 4844
3946 2 2 2 1 151 2104 3639
3947 2 2 2 1 1402 2504 2939
3948 2 2 2 1 3934 1769 4084
3949 2 2 2 1 504 2459 2893
3950 2 2 2 1 1169 2287 3359
3951 2 2 2 1 1110 2904 3011
3952 2 2 2 1 2501 1966 3367
3953 2 2 2 1 2142 1290 4126
3954 2 2 2 1 2287 601 3359
3955 2 2 2 1 2112 590 4092
3956 2 2 2 1 878 2144 3854
3957 2 2 2 1 1375 3165 4113
3958 2 2 2 1 2886 1400 3082
3959 2 2 2 1 35 2281 3403
3960 2 2 2 1 424 2160 5591
3961 2 2 2 1 406 3723 5635
3962 2 2 2 1 1033 3545 3946
3963 2 2 2 1 2611 915 5456
3964 2 2 2 1 321 3363 4873
3965 2 2 2 1 172 173 4300
3966 2 2 2 1 2341 240 3712
3967 2 2 2 1 2525 827 5339
3968 2 2 2 1 1842 2525 5339
3969 2 2 2 1 1918 2522 4091
3970 2 2 2 1 623 2673 3628
3971 2 2 2 1 651 3096 5240
3972 2 2 2 1 3267 2431 5458
3973 2 2 2 1 1546 2361 4729
3974 2 2 2 1 1095 2358 5564
3975 2 2 2 1 1082 2124 4221
3976 2 2 2 1 1040 2233 3173
3977 2 2 2 1 2195 811 4864
3978 2 2 2 1 2675 1319 3838
3979 2 2 2 1 1341 2164 3319
3980 2 2 2 1 293 292 3041
3981 2 2 2 1 1138 2919 3040
3982 2 2 2 1 2185 1124 5147
3983 2 2 2 1 1009 2886 3082
3984 2 2 2 1 2919 1296 3040
3985 2 2 2 1 1358 2755 2836
3986 2 2 2 1 3051 1784 4224
3987 2 2 2 1 2389 1284 3893
3988 2 2 2 1 1619 3057 4268
3989 2 2 2 1 970 2837 3932
3990 2 2 2 1 149 3014 4829
3991 2 2 2 1 3434 2183 5092
3992 2 2 2 1 3626 1917 4667
3993 2 2 2 1 336 335 3893
3994 2 2 2 1 3056 940 3970
3995 2 2 2 1 1145 3660 4134
3996 2 2 2 1 107 108 3300
3997 2 2 2 1 2573 1069 4781
3998 2 2 2 1 2310 1832 5546
3999 2 2 2 1 2349 1646 3636
4000 2 2 2 1 2265 938 3107
4001 2 2 2 1 2716 369 4569
4002 2 2 2 1 2963 2284 5447
4003 2 2 2 1 1483 2195 4864
4004 2 2 2 1 1147 3098 3644
4005 2 2 2 1 22 23 2613
4006 2 2 2 1 80 81 2592
4007 2 2 2 1 1041 2488 4570
4008 2 2 2 1 2722 1102 3216
4009 2 2 2 1 968 2826 3483
4010 2 2 2 1 980 2248 5167
4011 2 2 2 1 1513 3182 4678
4012 2 2 2 1 1383 2199 4731
4013 2 2 2 1 95 96 3106
4014 2 2 2 1 2632 932 3236
4015 2 2 2 1 2155 132 3341
4016 2 2 2 1 410 2246 3884
4017 2 2 2 1 2246 1279 3884
4018 2 2 2 1 3760 853 4956
4019 2 2 2 1 2755 1006 2836
4020 2 2 2 1 768 2142 4126
4021 2 2 2 1 2153 805 4360
4022 2 2 2 1 2116 778 4040
4023 2 2 2 1 2258 1030 5238
4024 2 2 2 1 849 2260 5173
4025 2 2 2 1 128 129 3233
4026 2 2 2 1 2826 1404 3483
4027 2 2 2 1 1426 2381 3061
4028 2 2 2 1 2802 1238 2918
4029 2 2 2 1 2260 1619 5173
4030 2 2 2 1 672 2892 5164
4031 2 2 2 1 618 2936 4245
4032 2 2 2 1 2479 1109 2931
4033 2 2 2 1 2433 988 4676
4034 2 2 2 1 1273 2632 3236
4035 2 2 2 1 1528 2463 4511
4036 2 2 2 1 1146 2135 3491
4037 2 2 2 1 2123 1049 3663
4038 2 2 2 1 2465 1251 3757
4039 2 2 2 1 1347 2153 4360
4040 2 2 2 1 3301 1724 5128
4041 2 2 2 1 2227 650 3492
4042 2 2 2 1 2331 856 3542
4043 2 2 2 1 2831 2025 5023
4044 2 2 2 1 2339 679 3470
4045 2 2 2 1 1404 2152 3433
4046 2 2 2 1 301 300 5236
4047 2 2 2 1 264 265 4149
4048 2 2 2 1 1682 2906 4266
4049 2 2 2 1 146 147 3436
4050 2 2 2 1 1565 3240 4115
4051 2 2 2 1 2130 988 4322
4052 2 2 2 1 548 2381 4036
4053 2 2 2 1 594 2479 2931
4054 2 2 2 1 572 2170 5103
4055 2 2 2 1 2272 1092 4287
4056 2 2 2 1 2496 1587 4601
4057 2 2 2 1 2563 1552 5246
4058 2 2 2 1 1179 3501 4123
4059 2 2 2 1 535 2125 4083
4060 2 2 2 1 1432 2398 4366
4061 2 2 2 1 2250 1293 5498
4062 2 2 2 1 1269 2179 3316
4063 2 2 2 1 1002 2420 2955
4064 2 2 2 1 1192 2212 4480
4065 2 2 2 1 2272 871 4703
4066 2 2 2 1 1105 2765 3252
4067 2 2 2 1 3353 1583 4917
4068 2 2 2 1 803 3148 5109
4069 2 2 2 1 3731 1693 4623
4070 2 2 2 1 894 2326 5127
4071 2 2 2 1 1343 2262 4137
4072 2 2 2 1 3390 1769 4013
4073 2 2 2 1 2901 1018 3202
4074 2 2 2 1 2124 781 4090
4075 2 2 2 1 1084 2613 5047
4076 2 2 2 1 478 2121 4139
4077 2 2 2 1 1991 4636 4880
4078 2 2 2 1 2747 537 5412
4079 2 2 2 1 373 372 4420
4080 2 2 2 1 1746 2771 4825
4081 2 2 2 1 2011 2747 5412
4082 2 2 2 1 2498 2858 4240
4083 2 2 2 1 2296 815 3859
4084 2 2 2 1 2262 502 4137
4085 2 2 2 1 1640 3527 5288
4086 2 2 2 1 1118 2526 4139
4087 2 2 2 1 908 2431 3267
4088 2 2 2 1 801 2496 4601
4089 2 2 2 1 4729 2878 5304
4090 2 2 2 1 2231 1135 3320
4091 2 2 2 1 4207 2572 5520
4092 2 2 2 1 169 170 2607
4093 2 2 2 1 2419 1034 3516
4094 2 2 2 1 1135 2221 5662
4095 2 2 2 1 1831 3306 5425
4096 2 2 2 1 165 166 3057
4097 2 2 2 1 1132 3074 5296
4098 2 2 2 1 2190 921 4875
4099 2 2 2 1 3778 1497 3921
4100 2 2 2 1 2926 529 4727
4101 2 2 2 1 2129 1170 3902
4102 2 2 2 1 3351 1175 4822
4103 2 2 2 1 3182 1761 5195
4104 2 2 2 1 1599 4421 5418
4105 2 2 2 1 2982 740 4562
4106 2 2 2 1 3952 566 5596
4107 2 2 2 1 2161 1263 4017
4108 2 2 2 1 307 2364 3847
4109 2 2 2 1 2640 884 3550
4110 2 2 2 1 359 358 2771
4111 2 2 2 1 1081 2568 3986
4112 2 2 2 1 206 207 2727
4113 2 2 2 1 1235 2168 3868
4114 2 2 2 1 1253 2203 3273
4115 2 2 2 1 1105 3252 3316
4116 2 2 2 1 2188 1436 3324
4117 2 2 2 1 569 2231 3320
4118 2 2 2 1 3498 1635 4442
4119 2 2 2 1 510 2393 4641
4120 2 2 2 1 1787 3748 4319
4121 2 2 2 1 1088 2327 3460
4122 2 2 2 1 2190 1043 3615
4123 2 2 2 1 2180 1463 4684
4124 2 2 2 1 2718 535 4083
4125 2 2 2 1 568 2260 5221
4126 2 2 2 1 1348 2368 3478
4127 2 2 2 1 1821 3684 4208
4128 2 2 2 1 893 2199 5671
4129 2 2 2 1 2168 468 3868
4130 2 2 2 1 691 2729 2928
4131 2 2 2 1 2308 582 5010
4132 2 2 2 1 4521 2754 4892
4133 2 2 2 1 285 284 3191
4134 2 2 2 1 1729 4500 4725
4135 2 2 2 1 2288 1249 3139
4136 2 2 2 1 3328 1738 3803
4137 2 2 2 1 711 2284 5356
4138 2 2 2 1 2930 2266 4212
4139 2 2 2 1 873 2179 3969
4140 2 2 2 1 2513 73 4581
4141 2 2 2 1 451 2288 4707
4142 2 2 2 1 2232 1117 5090
4143 2 2 2 1 985 3418 4377
4144 2 2 2 1 501 4466 4615
4145 2 2 2 1 2178 1202 3748
4146 2 2 2 1 1726 3285 4498
4147 2 2 2 1 3084 1839 4375
4148 2 2 2 1 2211 608 3277
4149 2 2 2 1 1333 3180 3220
4150 2 2 2 1 2427 1428 3022
4151 2 2 2 1 2474 1063 2933
4152 2 2 2 1 628 4305 4780
4153 2 2 2 1 3181 1484 4333
4154 2 2 2 1 367 366 3032
4155 2 2 2 1 3440 1360 4369
4156 2 2 2 1 1138 2560 3525
4157 2 2 2 1 2179 1269 3969
4158 2 2 2 1 1577 2308 5010
4159 2 2 2 1 576 2142 5102
4160 2 2 2 1 1436 2188 4756
4161 2 2 2 1 530 2697 4082
4162 2 2 2 1 2227 856 5008
4163 2 2 2 1 413 2851 5741
4164 2 2 2 1 859 2232 5090
4165 2 2 2 1 2274 392 4317
4166 2 2 2 1 1279 2246 3934
4167 2 2 2 1 3978 737 4805
4168 2 2 2 1 2364 1309 3847
4169 2 2 2 1 2145 1350 3589
4170 2 2 2 1 4306 453 5283
4171 2 2 2 1 3352 1208 4029
4172 2 2 2 1 2142 576 3721
4173 2 2 2 1 1310 2476 2942
4174 2 2 2 1 2759 1132 5736
4175 2 2 2 1 1849 3575 5290
4176 2 2 2 1 1624 2630 4744
4177 2 2 2 1 2158 155 3770
4178 2 2 2 1 2220 1840 5693
4179 2 2 2 1 2188 669 4756
4180 2 2 2 1 2346 640 3449
4181 2 2 2 1 2271 1617 5277
4182 2 2 2 1 1029 2807 3399
4183 2 2 2 1 2160 1210 4338
4184 2 2 2 1 2787 1924 4077
4185 2 2 2 1 1714 3257 3706
4186 2 2 2 1 3257 641 3706
4187 2 2 2 1 2246 799 3934
4188 2 2 2 1 2452 498 4484
4189 2 2 2 1 2274 1508 3388
4190 2 2 2 1 4393 1908 4435
4191 2 2 2 1 1130 2269 3179
4192 2 2 2 1 2190 528 3753
4193 2 2 2 1 2307 561 4229
4194 2 2 2 1 2208 1368 4429
4195 2 2 2 1 1169 2141 4563
4196 2 2 2 1 2742 3735 4380
4197 2 2 2 1 1090 3205 5720
4198 2 2 2 1 2719 1241 2842
4199 2 2 2 1 1351 2742 4380
4200 2 2 2 1 603 2259 4604
4201 2 2 2 1 3989 1395 4301
4202 2 2 2 1 4258 938 5666
4203 2 2 2 1 2409 1047 2998
4204 2 2 2 1 2113 3301 5128
4205 2 2 2 1 2540 1922 5617
4206 2 2 2 1 2330 1267 3347
4207 2 2 2 1 936 2959 5282
4208 2 2 2 1 858 2129 3902
4209 2 2 2 1 2129 858 5621
4210 2 2 2 1 3309 1182 3581
4211 2 2 2 1 912 2540 5617
4212 2 2 2 1 248 249 3035
4213 2 2 2 1 3457 402 3755
4214 2 2 2 1 2624 413 5741
4215 2 2 2 1 1962 3312 5713
4216 2 2 2 1 1824 3457 3755
4217 2 2 2 1 2165 1155 4715
4218 2 2 2 1 2400 1668 4081
4219 2 2 2 1 1238 2873 3463
4220 2 2 2 1 2685 1028 4386
4221 2 2 2 1 953 2208 4429
4222 2 2 2 1 2708 1338 3687
4223 2 2 2 1 1021 2549 3368
4224 2 2 2 1 2959 2103 5282
4225 2 2 2 1 839 2154 4315
4226 2 2 2 1 2700 126 3922
4227 2 2 2 1 2937 518 4257
4228 2 2 2 1 871 2819 5072
4229 2 2 2 1 1196 3653 3688
4230 2 2 2 1 4149 265 5528
4231 2 2 2 1 2243 803 5599
4232 2 2 2 1 1464 2480 4428
4233 2 2 2 1 1078 2133 3979
4234 2 2 2 1 613 3263 4886
4235 2 2 2 1 468 2168 3848
4236 2 2 2 1 1263 2161 4026
4237 2 2 2 1 2943 1350 3817
4238 2 2 2 1 826 2330 3347
4239 2 2 2 1 1092 2181 5614
4240 2 2 2 1 2539 1036 2892
4241 2 2 2 1 177 178 3481
4242 2 2 2 1 2391 51 4299
4243 2 2 2 1 1568 2943 3817
4244 2 2 2 1 3190 693 4168
4245 2 2 2 1 2819 1421 3164
4246 2 2 2 1 2130 1248 4535
4247 2 2 2 1 1023 3605 5128
4248 2 2 2 1 3037 1295 3315
4249 2 2 2 1 1432 3037 3315
4250 2 2 2 1 3547 992 4843
4251 2 2 2 1 2257 859 5090
4252 2 2 2 1 2161 820 4026
4253 2 2 2 1 1290 2142 3721
4254 2 2 2 1 2160 773 3901
4255 2 2 2 1 1727 2937 4257
4256 2 2 2 1 327 326 2641
4257 2 2 2 1 2617 315 5616
4258 2 2 2 1 1117 2257 5090
4259 2 2 2 1 2260 849 5244
4260 2 2 2 1 872 2299 3156
4261 2 2 2 1 1132 3345 5736
4262 2 2 2 1 1024 2159 3554
4263 2 2 2 1 1051 2793 4635
4264 2 2 2 1 2538 1605 4701
4265 2 2 2 1 3899 1815 4773
4266 2 2 2 1 3263 2181 4886
4267 2 2 2 1 88 89 4147
4268 2 2 2 1 645 2790 3384
4269 2 2 2 1 998 2470 4880
4270 2 2 2 1 1555 2383 5012
4271 2 2 2 1 1426 2658 3177
4272 2 2 2 1 2400 1219 3513
4273 2 2 2 1 813 2155 4493
4274 2 2 2 1 2144 1137 3854
4275 2 2 2 1 2949 1939 5541
4276 2 2 2 1 293 3041 4203
4277 2 2 2 1 2944 5204 5663
4278 2 2 2 1 658 3195 4005
4279 2 2 2 1 3334 1181 5181
4280 2 2 2 1 2430 1131 3090
4281 2 2 2 1 3109 2192 3750
4282 2 2 2 1 1124 2185 4659
4283 2 2 2 1 2349 1106 5025
4284 2 2 2 1 1164 2441 3502
4285 2 2 2 1 3370 404 5707
4286 2 2 2 1 1246 3328 3803
4287 2 2 2 1 783 2148 3971
4288 2 2 2 1 2139 2823 5737
4289 2 2 2 1 3136 211 5241
4290 2 2 2 1 616 3091 3330
4291 2 2 2 1 2262 1343 4558
4292 2 2 2 1 3119 1889 5395
4293 2 2 2 1 2148 1242 3971
4294 2 2 2 1 283 282 2649
4295 2 2 2 1 3164 1153 5679
4296 2 2 2 1 2455 540 5445
4297 2 2 2 1 832 2140 4162
4298 2 2 2 1 926 2159 3597
4299 2 2 2 1 2696 1552 3096
4300 2 2 2 1 1183 2243 3571
4301 2 2 2 1 3170 1197 3613
4302 2 2 2 1 773 2163 3901
4303 2 2 2 1 2375 1486 4552
4304 2 2 2 1 541 2375 4552
4305 2 2 2 1 3343 2020 4743
4306 2 2 2 1 922 3249 4664
4307 2 2 2 1 1940 3052 5624
4308 2 2 2 1 2153 1347 4300
4309 2 2 2 1 2702 1189 3284
4310 2 2 2 1 2631 1010 3919
4311 2 2 2 1 68 2554 4777
4312 2 2 2 1 329 328 5175
4313 2 2 2 1 454 2430 3090
4314 2 2 2 1 1097 2900 3450
4315 2 2 2 1 2823 1037 5737
4316 2 2 2 1 2176 798 3834
4317 2 2 2 1 910 2696 3096
4318 2 2 2 1 4158 1632 4332
4319 2 2 2 1 3708 2106 4850
4320 2 2 2 1 298 297 2992
4321 2 2 2 1 568 2819 3164
4322 2 2 2 1 2170 572 4121
4323 2 2 2 1 1402 2920 3419
4324 2 2 2 1 1205 2245 3764
4325 2 2 2 1 2712 994 3843
4326 2 2 2 1 2201 790 5368
4327 2 2 2 1 2243 428 3571
4328 2 2 2 1 1070 2227 3492
4329 2 2 2 1 63 64 3037
4330 2 2 2 1 2386 1264 5131
4331 2 2 2 1 361 360 5233
4332 2 2 2 1 652 2910 3874
4333 2 2 2 1 1468 3670 4416
4334 2 2 2 1 2277 1283 4034
4335 2 2 2 1 853 3760 5597
4336 2 2 2 1 718 3577 3654
4337 2 2 2 1 2327 1088 3144
4338 2 2 2 1 2842 1105 5224
4339 2 2 2 1 2920 463 3419
4340 2 2 2 1 624 3213 3791
4341 2 2 2 1 2739 861 4758
4342 2 2 2 1 2282 919 4470
4343 2 2 2 1 1009 2697 4838
4344 2 2 2 1 1289 2170 4121
4345 2 2 2 1 4225 1537 5249
4346 2 2 2 1 2322 611 5477
4347 2 2 2 1 1124 2270 5364
4348 2 2 2 1 2152 1404 4136
4349 2 2 2 1 199 2688 5015
4350 2 2 2 1 2877 2161 4073
4351 2 2 2 1 988 2537 4676
4352 2 2 2 1 1266 2176 4056
4353 2 2 2 1 2716 1394 4284
4354 2 2 2 1 628 2600 3315
4355 2 2 2 1 934 2803 3624
4356 2 2 2 1 4184 1925 5086
4357 2 2 2 1 2600 1432 3315
4358 2 2 2 1 773 2160 4338
4359 2 2 2 1 233 2340 3133
4360 2 2 2 1 1256 3834 3940
4361 2 2 2 1 3183 1158 4313
4362 2 2 2 1 2150 661 5691
4363 2 2 2 1 2529 1485 4438
4364 2 2 2 1 2155 1321 4252
4365 2 2 2 1 352 351 3781
4366 2 2 2 1 470 2177 4534
4367 2 2 2 1 1257 2149 4896
4368 2 2 2 1 2802 1106 3636
4369 2 2 2 1 1660 2242 4995
4370 2 2 2 1 2193 1087 3466
4371 2 2 2 1 700 4276 5105
4372 2 2 2 1 1033 2449 3545
4373 2 2 2 1 2378 1490 3079
4374 2 2 2 1 632 3708 4850
4375 2 2 2 1 574 2179 5543
4376 2 2 2 1 3504 1783 5309
4377 2 2 2 1 2311 463 3485
4378 2 2 2 1 1538 2945 4528
4379 2 2 2 1 1617 3067 4157
4380 2 2 2 1 1226 2452 3428
4381 2 2 2 1 2346 3449 5719
4382 2 2 2 1 941 2513 4359
4383 2 2 2 1 2452 876 3428
4384 2 2 2 1 2513 1502 4359
4385 2 2 2 1 2807 1333 3399
4386 2 2 2 1 591 2509 3349
4387 2 2 2 1 2173 1048 3935
4388 2 2 2 1 369 368 4569
4389 2 2 2 1 1390 2158 3770
4390 2 2 2 1 422 2156 3750
4391 2 2 2 1 2834 1046 4686
4392 2 2 2 1 1547 2162 5448
4393 2 2 2 1 3189 489 5049
4394 2 2 2 1 2503 957 3917
4395 2 2 2 1 1188 2311 3485
4396 2 2 2 1 1230 2210 4767
4397 2 2 2 1 1129 2258 5238
4398 2 2 2 1 2028 3694 5110
4399 2 2 2 1 2603 575 3404
4400 2 2 2 1 2248 1449 3286
4401 2 2 2 1 3076 1598 4856
4402 2 2 2 1 3097 960 4199
4403 2 2 2 1 3478 2368 5652
4404 2 2 2 1 452 2248 3311
4405 2 2 2 1 2142 768 3785
4406 2 2 2 1 3682 825 4563
4407 2 2 2 1 2864 1088 4801
4408 2 2 2 1 2665 1675 4175
4409 2 2 2 1 1929 2532 3474
4410 2 2 2 1 3418 1958 4377
4411 2 2 2 1 2434 1502 4581
4412 2 2 2 1 273 274 4432
4413 2 2 2 1 691 3534 3949
4414 2 2 2 1 1414 2164 4550
4415 2 2 2 1 1087 2146 4002
4416 2 2 2 1 2187 224 3495
4417 2 2 2 1 2634 461 3262
4418 2 2 2 1 178 179 3555
4419 2 2 2 1 1369 2503 3917
4420 2 2 2 1 1396 2759 4292
4421 2 2 2 1 2212 296 4480
4422 2 2 2 1 801 2189 4298
4423 2 2 2 1 3166 2868 5618
4424 2 2 2 1 897 2262 3276
4425 2 2 2 1 1087 2193 4592
4426 2 2 2 1 3449 1196 5719
4427 2 2 2 1 1055 2830 3923
4428 2 2 2 1 2182 1029 3578
4429 2 2 2 1 4922 3189 5049
4430 2 2 2 1 2092 3411 4477
4431 2 2 2 1 3280 1901 5714
4432 2 2 2 1 3411 1373 4477
4433 2 2 2 1 2210 798 4767
4434 2 2 2 1 2195 1483 5673
4435 2 2 2 1 978 3058 4120
4436 2 2 2 1 2432 3298 4285
4437 2 2 2 1 876 2451 5586
4438 2 2 2 1 761 3269 3440
4439 2 2 2 1 2808 1462 3780
4440 2 2 2 1 2058 3013 4888
4441 2 2 2 1 2307 875 4351
4442 2 2 2 1 4444 1959 4518
4443 2 2 2 1 2803 416 4579
4444 2 2 2 1 2321 1001 4066
4445 2 2 2 1 2944 1731 5204
4446 2 2 2 1 2553 1367 3606
4447 2 2 2 1 641 2808 3780
4448 2 2 2 1 2141 3682 4563
4449 2 2 2 1 2697 2102 4082
4450 2 2 2 1 1420 2396 3121
4451 2 2 2 1 2441 433 4069
4452 2 2 2 1 2436 1188 3335
4453 2 2 2 1 3541 531 4557
4454 2 2 2 1 2915 1209 3180
4455 2 2 2 1 4680 1009 4838
4456 2 2 2 1 3791 3213 4560
4457 2 2 2 1 2404 3278 3747
4458 2 2 2 1 798 2216 4767
4459 2 2 2 1 2481 1182 3503
4460 2 2 2 1 3813 2076 4706
4461 2 2 2 1 930 4933 5495
4462 2 2 2 1 2923 723 4089
4463 2 2 2 1 2218 1335 4053
4464 2 2 2 1 642 2833 3274
4465 2 2 2 1 3733 1686 4541
4466 2 2 2 1 2211 968 4409
4467 2 2 2 1 2815 1104 4232
4468 2 2 2 1 1379 2441 4069
4469 2 2 2 1 1325 3296 3642
4470 2 2 2 1 879 2436 3335
4471 2 2 2 1 181 182 5474
4472 2 2 2 1 1418 2229 3397
4473 2 2 2 1 349 348 3945
4474 2 2 2 1 2123 3663 4905
4475 2 2 2 1 3361 795 4708
4476 2 2 2 1 2266 1022 5097
4477 2 2 2 1 610 2438 4027
4478 2 2 2 1 753 2273 4706
4479 2 2 2 1 1157 2757 5553
4480 2 2 2 1 2453 328 3927
4481 2 2 2 1 2665 1772 5133
4482 2 2 2 1 574 2719 2842
4483 2 2 2 1 3431 486 4099
4484 2 2 2 1 221 2457 3027
4485 2 2 2 1 2181 909 5401
4486 2 2 2 1 5012 2383 5212
4487 2 2 2 1 1701 2958 5291
4488 2 2 2 1 1287 2779 3019
4489 2 2 2 1 52 53 2983
4490 2 2 2 1 2549 1692 5732
4491 2 2 2 1 3595 742 3981
4492 2 2 2 1 4067 1481 4527
4493 2 2 2 1 1000 2562 3412
4494 2 2 2 1 5139 1786 5601
4495 2 2 2 1 2601 660 2997
4496 2 2 2 1 2167 1452 3718
4497 2 2 2 1 4929 2624 5741
4498 2 2 2 1 2363 1207 3565
4499 2 2 2 1 392 2274 5124
4500 2 2 2 1 2573 247 4640
4501 2 2 2 1 1452 2167 4260
4502 2 2 2 1 2317 739 3667
4503 2 2 2 1 2228 3952 5596
4504 2 2 2 1 2542 584 4587
4505 2 2 2 1 1275 2601 2997
4506 2 2 2 1 1978 3595 3981
4507 2 2 2 1 2189 801 4518
4508 2 2 2 1 915 2339 5739
4509 2 2 2 1 2686 580 3079
4510 2 2 2 1 2246 1268 4016
4511 2 2 2 1 2163 773 3867
4512 2 2 2 1 2809 481 3593
4513 2 2 2 1 2125 2934 4083
4514 2 2 2 1 1902 2789 5231
4515 2 2 2 1 1105 3316 5224
4516 2 2 2 1 2779 455 3019
4517 2 2 2 1 1625 2285 5486
4518 2 2 2 1 2116 3356 4645
4519 2 2 2 1 3356 518 4645
4520 2 2 2 1 1273 2163 4844
4521 2 2 2 1 249 250 3247
4522 2 2 2 1 4005 1384 4378
4523 2 2 2 1 844 2363 3565
4524 2 2 2 1 2999 683 4548
4525 2 2 2 1 336 2244 3540
4526 2 2 2 1 1339 2178 5424
4527 2 2 2 1 3521 1928 4348
4528 2 2 2 1 2163 1273 3901
4529 2 2 2 1 437 2470 5084
4530 2 2 2 1 1617 2309 5277
4531 2 2 2 1 584 2550 4587
4532 2 2 2 1 3106 1298 3375
4533 2 2 2 1 1464 3106 3375
4534 2 2 2 1 2541 838 3984
4535 2 2 2 1 1964 2277 4034
4536 2 2 2 1 1294 2986 3468
4537 2 2 2 1 2207 830 3528
4538 2 2 2 1 2309 294 4203
4539 2 2 2 1 2192 851 4481
4540 2 2 2 1 3530 2789 5225
4541 2 2 2 1 2769 551 5608
4542 2 2 2 1 153 154 2974
4543 2 2 2 1 1256 2176 3834
4544 2 2 2 1 3820 1245 4936
4545 2 2 2 1 1131 2579 5739
4546 2 2 2 1 2161 545 4073
4547 2 2 2 1 3290 644 4755
4548 2 2 2 1 2886 1849 5290
4549 2 2 2 1 155 2158 5346
4550 2 2 2 1 4674 1480 5292
4551 2 2 2 1 994 2712 2863
4552 2 2 2 1 2199 1383 4585
4553 2 2 2 1 2184 536 4412
4554 2 2 2 1 2971 553 4995
4555 2 2 2 1 798 2210 3834
4556 2 2 2 1 2473 229 3401
4557 2 2 2 1 2168 1235 3867
4558 2 2 2 1 2164 1341 3955
4559 2 2 2 1 1761 4381 4765
4560 2 2 2 1 2309 822 5277
4561 2 2 2 1 773 2168 3867
4562 2 2 2 1 2622 723 3950
4563 2 2 2 1 4034 508 4737
4564 2 2 2 1 2189 585 3655
4565 2 2 2 1 315 7 5616
4566 2 2 2 1 2592 963 4881
4567 2 2 2 1 3176 4696 5446
4568 2 2 2 1 1435 2622 3950
4569 2 2 2 1 644 4006 4755
4570 2 2 2 1 879 2290 3783
4571 2 2 2 1 130 131 4252
4572 2 2 2 1 696 3727 4424
4573 2 2 2 1 1425 2391 4299
4574 2 2 2 1 2213 1512 4191
4575 2 2 2 1 2204 1386 4572
4576 2 2 2 1 2290 1243 3783
4577 2 2 2 1 2658 439 3177
4578 2 2 2 1 2353 1109 3558
4579 2 2 2 1 2168 773 3870
4580 2 2 2 1 798 2176 4079
4581 2 2 2 1 542 2315 3253
4582 2 2 2 1 2269 1130 4389
4583 2 2 2 1 288 287 3113
4584 2 2 2 1 2172 460 4101
4585 2 2 2 1 1088 3036 4801
4586 2 2 2 1 3060 1145 4134
4587 2 2 2 1 1001 2321 5312
4588 2 2 2 1 3015 501 4615
4589 2 2 2 1 2451 1788 5586
4590 2 2 2 1 732 2973 3726
4591 2 2 2 1 534 3374 4495
4592 2 2 2 1 958 2527 3170
4593 2 2 2 1 2592 1624 4744
4594 2 2 2 1 2276 1465 4818
4595 2 2 2 1 1357 2453 3927
4596 2 2 2 1 1874 3459 3947
4597 2 2 2 1 1322 3258 4316
4598 2 2 2 1 1125 3343 4743
4599 2 2 2 1 827 2193 5059
4600 2 2 2 1 2582 2172 4101
4601 2 2 2 1 779 2276 4818
4602 2 2 2 1 2364 1911 5607
4603 2 2 2 1 2699 1054 4877
4604 2 2 2 1 2316 1232 3737
4605 2 2 2 1 4846 2648 5179
4606 2 2 2 1 1794 3478 5652
4607 2 2 2 1 2996 1661 4261
4608 2 2 2 1 3508 1835 5295
4609 2 2 2 1 4490 2132 4538
4610 2 2 2 1 3459 1258 3947
4611 2 2 2 1 639 3230 3778
4612 2 2 2 1 2721 1530 5208
4613 2 2 2 1 796 2585 2946
4614 2 2 2 1 2340 234 4150
4615 2 2 2 1 548 4070 5316
4616 2 2 2 1 2460 1167 4766
4617 2 2 2 1 8 325 5033
4618 2 2 2 1 3329 1597 3823
4619 2 2 2 1 875 2720 4351
4620 2 2 2 1 239 240 4272
4621 2 2 2 1 972 2561 3883
4622 2 2 2 1 2973 1520 3726
4623 2 2 2 1 3344 1403 3404
4624 2 2 2 1 2324 1650 5373
4625 2 2 2 1 2176 1266 4079
4626 2 2 2 1 1992 2356 5521
4627 2 2 2 1 2767 989 3611
4628 2 2 2 1 393 5245 5323
4629 2 2 2 1 2301 950 5654
4630 2 2 2 1 1166 2264 5731
4631 2 2 2 1 1102 2722 3975
4632 2 2 2 1 2750 1103 4102
4633 2 2 2 1 3102 1634 4808
4634 2 2 2 1 1181 4046 5181
4635 2 2 2 1 723 2923 3950
4636 2 2 2 1 2524 1720 3723
4637 2 2 2 1 606 3124 3591
4638 2 2 2 1 1388 2767 3611
4639 2 2 2 1 1572 2460 4766
4640 2 2 2 1 3369 1413 4273
4641 2 2 2 1 2190 3753 5594
4642 2 2 2 1 2793 841 5735
4643 2 2 2 1 1388 4303 5279
4644 2 2 2 1 2084 2793 5735
4645 2 2 2 1 3100 1629 3822
4646 2 2 2 1 529 2234 4727
4647 2 2 2 1 2200 970 4422
4648 2 2 2 1 2535 708 4427
4649 2 2 2 1 2358 971 5564
4650 2 2 2 1 3271 2403 4927
4651 2 2 2 1 1400 2565 4966
4652 2 2 2 1 2902 1032 3066
4653 2 2 2 1 3684 1382 4208
4654 2 2 2 1 3245 1015 5023
4655 2 2 2 1 2923 1559 3950
4656 2 2 2 1 2817 2256 3857
4657 2 2 2 1 2813 1111 5176
4658 2 2 2 1 609 2902 3260
4659 2 2 2 1 1109 2353 4491
4660 2 2 2 1 406 2524 3723
4661 2 2 2 1 2208 2753 3994
4662 2 2 2 1 70 71 3894
4663 2 2 2 1 2313 2074 5325
4664 2 2 2 1 4221 392 5124
4665 2 2 2 1 2770 1258 3187
4666 2 2 2 1 3883 408 4555
4667 2 2 2 1 688 3100 3822
4668 2 2 2 1 634 2770 3187
4669 2 2 2 1 3207 1442 3234
4670 2 2 2 1 2834 1657 4865
4671 2 2 2 1 1138 3040 4487
4672 2 2 2 1 2372 1458 3275
4673 2 2 2 1 1134 3207 3234
4674 2 2 2 1 2227 1070 3542
4675 2 2 2 1 1299 2902 3066
4676 2 2 2 1 965 2294 5338
4677 2 2 2 1 2357 1124 5364
4678 2 2 2 1 2209 809 3649
4679 2 2 2 1 3050 1144 5656
4680 2 2 2 1 86 3323 3829
4681 2 2 2 1 1222 2233 3532
4682 2 2 2 1 1153 3164 3239
4683 2 2 2 1 2230 844 3565
4684 2 2 2 1 557 2209 4231
4685 2 2 2 1 3164 1421 3239
4686 2 2 2 1 2787 409 4788
4687 2 2 2 1 2179 574 5224
4688 2 2 2 1 3038 393 5323
4689 2 2 2 1 1211 3813 4706
4690 2 2 2 1 1066 2320 3267
4691 2 2 2 1 1090 2471 3068
4692 2 2 2 1 2182 936 3877
4693 2 2 2 1 295 6 3067
4694 2 2 2 1 1175 2200 4422
4695 2 2 2 1 1164 2327 4001
4696 2 2 2 1 576 2201 3721
4697 2 2 2 1 2079 4662 5633
4698 2 2 2 1 2087 2507 4874
4699 2 2 2 1 1098 2551 4913
4700 2 2 2 1 2575 631 2978
4701 2 2 2 1 4090 1996 5574
4702 2 2 2 1 1323 2304 4248
4703 2 2 2 1 2741 952 5308
4704 2 2 2 1 2730 1848 4624
4705 2 2 2 1 585 2189 3871
4706 2 2 2 1 2271 588 3392
4707 2 2 2 1 2216 428 3914
4708 2 2 2 1 1052 2315 5321
4709 2 2 2 1 3113 1756 4898
4710 2 2 2 1 873 3969 5704
4711 2 2 2 1 1219 2400 4081
4712 2 2 2 1 2205 499 3688
4713 2 2 2 1 986 2491 5659
4714 2 2 2 1 1535 2483 4824
4715 2 2 2 1 901 2186 3948
4716 2 2 2 1 546 4228 5488
4717 2 2 2 1 1510 3002 4133
4718 2 2 2 1 3618 1805 5660
4719 2 2 2 1 2171 3361 4864
4720 2 2 2 1 1178 2788 4695
4721 2 2 2 1 3361 1483 4864
4722 2 2 2 1 1100 2404 4419
4723 2 2 2 1 3694 828 5110
4724 2 2 2 1 2477 1500 5066
4725 2 2 2 1 3144 2864 4784
4726 2 2 2 1 2189 1206 3871
4727 2 2 2 1 215 216 2749
4728 2 2 2 1 1508 2274 5014
4729 2 2 2 1 198 199 5015
4730 2 2 2 1 2879 1003 2880
4731 2 2 2 1 1665 2879 2880
4732 2 2 2 1 3178 1444 3696
4733 2 2 2 1 2944 1776 4588
4734 2 2 2 1 2258 19 3529
4735 2 2 2 1 379 378 3178
4736 2 2 2 1 3136 1157 5553
4737 2 2 2 1 1615 2841 4721
4738 2 2 2 1 1840 2283 5205
4739 2 2 2 1 3006 2504 4761
4740 2 2 2 1 499 3025 4776
4741 2 2 2 1 2274 895 5014
4742 2 2 2 1 2667 2169 4461
4743 2 2 2 1 2251 1042 3490
4744 2 2 2 1 1122 2476 3169
4745 2 2 2 1 2495 1882 4413
4746 2 2 2 1 1489 3749 3944
4747 2 2 2 1 4054 1322 4316
4748 2 2 2 1 1809 2584 3426
4749 2 2 2 1 451 2556 3462
4750 2 2 2 1 2385 2009 4357
4751 2 2 2 1 5033 325 5545
4752 2 2 2 1 397 2665 5133
4753 2 2 2 1 435 2194 5292
4754 2 2 2 1 1591 3249 4478
4755 2 2 2 1 2705 1925 5427
4756 2 2 2 1 2662 1095 5564
4757 2 2 2 1 2325 600 3936
4758 2 2 2 1 832 3909 5121
4759 2 2 2 1 1182 2255 3503
4760 2 2 2 1 2663 1449 4957
4761 2 2 2 1 498 2705 5427
4762 2 2 2 1 3263 2947 4670
4763 2 2 2 1 1124 2357 5147
4764 2 2 2 1 571 2326 5347
4765 2 2 2 1 3025 1791 4431
4766 2 2 2 1 2556 1265 3462
4767 2 2 2 1 863 2385 4357
4768 2 2 2 1 605 2667 4461
4769 2 2 2 1 907 3025 4431
4770 2 2 2 1 1285 2325 3936
4771 2 2 2 1 4469 261 4617
4772 2 2 2 1 2230 479 4572
4773 2 2 2 1 3170 3613 4747
4774 2 2 2 1 422 2192 3853
4775 2 2 2 1 1502 2513 4581
4776 2 2 2 1 2284 1280 4048
4777 2 2 2 1 1711 3240 3849
4778 2 2 2 1 1550 2804 4992
4779 2 2 2 1 1254 2586 4096
4780 2 2 2 1 1562 3705 4804
4781 2 2 2 1 1252 2192 4481
4782 2 2 2 1 2267 1469 4912
4783 2 2 2 1 291 2198 3925
4784 2 2 2 1 3240 911 3849
4785 2 2 2 1 2371 1867 5581
4786 2 2 2 1 1277 3290 3982
4787 2 2 2 1 1124 4659 4774
4788 2 2 2 1 842 2241 3897
4789 2 2 2 1 1514 4162 5407
4790 2 2 2 1 1127 2874 3668
4791 2 2 2 1 3242 1834 3904
4792 2 2 2 1 1280 3520 4048
4793 2 2 2 1 1948 2682 5540
4794 2 2 2 1 3262 461 4609
4795 2 2 2 1 1419 2523 4140
4796 2 2 2 1 1386 2230 4572
4797 2 2 2 1 2409 2998 4638
4798 2 2 2 1 2345 902 4352
4799 2 2 2 1 2682 942 5540
4800 2 2 2 1 655 2267 4912
4801 2 2 2 1 2939 1002 5657
4802 2 2 2 1 2203 1253 5031
4803 2 2 2 1 1550 3623 3678
4804 2 2 2 1 2236 807 4373
4805 2 2 2 1 987 2254 3541
4806 2 2 2 1 3132 1514 5407
4807 2 2 2 1 37 3622 3824
4808 2 2 2 1 2608 643 3273
4809 2 2 2 1 2718 1451 4692
4810 2 2 2 1 2222 821 3782
4811 2 2 2 1 2360 1265 3805
4812 2 2 2 1 3958 1354 5033
4813 2 2 2 1 2457 222 4183
4814 2 2 2 1 2311 837 3842
4815 2 2 2 1 731 3626 4667
4816 2 2 2 1 1184 3482 5053
4817 2 2 2 1 2620 972 3883
4818 2 2 2 1 1387 2249 5036
4819 2 2 2 1 2545 3991 4611
4820 2 2 2 1 3099 550 4910
4821 2 2 2 1 3035 249 3247
4822 2 2 2 1 3520 1934 4048
4823 2 2 2 1 3222 483 4766
4824 2 2 2 1 2526 1705 5122
4825 2 2 2 1 831 2360 3805
4826 2 2 2 1 2944 859 4399
4827 2 2 2 1 799 2246 4016
4828 2 2 2 1 478 2526 5122
4829 2 2 2 1 3026 516 4406
4830 2 2 2 1 621 2707 3251
4831 2 2 2 1 2524 406 3395
4832 2 2 2 1 72 2513 3118
4833 2 2 2 1 1495 4490 4538
4834 2 2 2 1 31 2395 3659
4835 2 2 2 1 3039 5054 5080
4836 2 2 2 1 2966 1427 2971
4837 2 2 2 1 1071 2966 2971
4838 2 2 2 1 1225 2524 3395
4839 2 2 2 1 1497 2710 3921
4840 2 2 2 1 2647 1437 3111
4841 2 2 2 1 2699 1253 3273
4842 2 2 2 1 2208 1492 3801
4843 2 2 2 1 84 85 2778
4844 2 2 2 1 292 291 3925
4845 2 2 2 1 927 2647 3111
4846 2 2 2 1 3633 2273 5039
4847 2 2 2 1 414 3402 4720
4848 2 2 2 1 4068 1331 4100
4849 2 2 2 1 296 2212 3953
4850 2 2 2 1 2229 1418 5537
4851 2 2 2 1 2279 1529 5490
4852 2 2 2 1 2318 1067 5264
4853 2 2 2 1 1537 3488 5249
4854 2 2 2 1 648 2321 4066
4855 2 2 2 1 2437 1077 3177
4856 2 2 2 1 1462 2808 4833
4857 2 2 2 1 2240 623 3628
4858 2 2 2 1 4070 2207 5316
4859 2 2 2 1 479 2230 5034
4860 2 2 2 1 2420 1055 3185
4861 2 2 2 1 2321 1716 5278
4862 2 2 2 1 4815 3209 5434
4863 2 2 2 1 733 2338 5330
4864 2 2 2 1 1731 2944 4399
4865 2 2 2 1 821 2222 3816
4866 2 2 2 1 708 2535 3637
4867 2 2 2 1 1368 3191 3745
4868 2 2 2 1 1433 2209 3956
4869 2 2 2 1 3039 487 5054
4870 2 2 2 1 1098 2686 3079
4871 2 2 2 1 1317 3604 3692
4872 2 2 2 1 2820 1864 3911
4873 2 2 2 1 2741 559 5317
4874 2 2 2 1 2271 3392 5433
4875 2 2 2 1 2865 1535 4290
4876 2 2 2 1 2921 700 5105
4877 2 2 2 1 2106 3708 4622
4878 2 2 2 1 1886 4118 5215
4879 2 2 2 1 2650 1040 2969
4880 2 2 2 1 2921 1127 3668
4881 2 2 2 1 2216 798 3850
4882 2 2 2 1 2559 986 5659
4883 2 2 2 1 2893 1079 5206
4884 2 2 2 1 725 3186 4215
4885 2 2 2 1 2599 1553 4991
4886 2 2 2 1 837 2325 3842
4887 2 2 2 1 3464 944 5428
4888 2 2 2 1 862 2990 3434
4889 2 2 2 1 1556 2955 5626
4890 2 2 2 1 3979 762 4411
4891 2 2 2 1 505 2310 3396
4892 2 2 2 1 3186 1801 4215
4893 2 2 2 1 2686 1870 4097
4894 2 2 2 1 2291 624 3463
4895 2 2 2 1 2990 1407 3434
4896 2 2 2 1 1554 3131 3675
4897 2 2 2 1 2900 1097 2917
4898 2 2 2 1 3215 503 5518
4899 2 2 2 1 1306 3172 3219
4900 2 2 2 1 1575 3325 4812
4901 2 2 2 1 2305 3618 5660
4902 2 2 2 1 1113 2734 5259
4903 2 2 2 1 2212 1192 5166
4904 2 2 2 1 2576 1050 4153
4905 2 2 2 1 643 2699 3273
4906 2 2 2 1 3406 2272 4720
4907 2 2 2 1 2275 1156 4362
4908 2 2 2 1 992 2225 4843
4909 2 2 2 1 4044 1748 4055
4910 2 2 2 1 2524 1225 3407
4911 2 2 2 1 538 2385 3583
4912 2 2 2 1 2289 873 3497
4913 2 2 2 1 2520 1180 4185
4914 2 2 2 1 2919 1138 3525
4915 2 2 2 1 2215 2748 5501
4916 2 2 2 1 1007 2463 3535
4917 2 2 2 1 2225 596 5099
4918 2 2 2 1 684 2746 3665
4919 2 2 2 1 3662 1031 5366
4920 2 2 2 1 1428 2427 4393
4921 2 2 2 1 3131 713 3675
4922 2 2 2 1 2463 1528 3535
4923 2 2 2 1 2427 918 4393
4924 2 2 2 1 1304 2900 2917
4925 2 2 2 1 573 2279 3743
4926 2 2 2 1 1208 2224 3873
4927 2 2 2 1 1164 2280 5026
4928 2 2 2 1 3961 1388 5399
4929 2 2 2 1 2215 488 4207
4930 2 2 2 1 1532 4846 5179
4931 2 2 2 1 285 3191 4849
4932 2 2 2 1 194 4032 4046
4933 2 2 2 1 1404 2293 3483
4934 2 2 2 1 162 2820 5756
4935 2 2 2 1 2247 1409 5251
4936 2 2 2 1 1492 2208 3994
4937 2 2 2 1 389 2708 3687
4938 2 2 2 1 609 2484 3132
4939 2 2 2 1 1963 4646 5280
4940 2 2 2 1 2523 1419 4932
4941 2 2 2 1 2923 4089 5044
4942 2 2 2 1 2347 1003 5334
4943 2 2 2 1 2593 1281 3107
4944 2 2 2 1 2714 1737 3511
4945 2 2 2 1 415 2232 5646
4946 2 2 2 1 1516 2415 4782
4947 2 2 2 1 2460 657 3266
4948 2 2 2 1 1522 2889 4739
4949 2 2 2 1 965 2465 3159
4950 2 2 2 1 1167 2460 3266
4951 2 2 2 1 2737 1117 4018
4952 2 2 2 1 2851 1868 3332
4953 2 2 2 1 2415 694 4782
4954 2 2 2 1 3109 1123 3740
4955 2 2 2 1 665 3282 3552
4956 2 2 2 1 2241 593 3757
4957 2 2 2 1 2902 1299 3260
4958 2 2 2 1 3334 2122 3694
4959 2 2 2 1 938 2593 3107
4960 2 2 2 1 1186 2548 3244
4961 2 2 2 1 1297 2399 5672
4962 2 2 2 1 3282 1590 3552
4963 2 2 2 1 2144 2472 4866
4964 2 2 2 1 364 2295 5017
4965 2 2 2 1 2891 1124 4774
4966 2 2 2 1 1106 2802 2918
4967 2 2 2 1 1150 3077 5389
4968 2 2 2 1 2548 676 3244
4969 2 2 2 1 387 2418 3317
4970 2 2 2 1 1312 3568 3787
4971 2 2 2 1 3605 444 4407
4972 2 2 2 1 3410 1185 4811
4973 2 2 2 1 1372 2457 4183
4974 2 2 2 1 1162 2615 5513
4975 2 2 2 1 1369 2700 3922
4976 2 2 2 1 2270 1300 3923
4977 2 2 2 1 2033 2805 4530
4978 2 2 2 1 3534 4903 4942
4979 2 2 2 1 2522 1612 4091
4980 2 2 2 1 2300 1379 3494
4981 2 2 2 1 1856 3605 4698
4982 2 2 2 1 837 2311 3467
4983 2 2 2 1 3290 1706 3982
4984 2 2 2 1 1130 2447 3325
4985 2 2 2 1 267 268 3684
4986 2 2 2 1 4464 1745 5533
4987 2 2 2 1 2455 1542 3779
4988 2 2 2 1 1293 2250 3729
4989 2 2 2 1 2530 1244 3091
4990 2 2 2 1 1181 3268 4046
4991 2 2 2 1 1139 2677 3135
4992 2 2 2 1 3904 1834 5754
4993 2 2 2 1 4081 1668 4392
4994 2 2 2 1 2516 1650 3987
4995 2 2 2 1 3985 668 4158
4996 2 2 2 1 2219 2739 4856
4997 2 2 2 1 2233 1222 4125
4998 2 2 2 1 3180 1209 3220
4999 2 2 2 1 2494 1083 4040
5000 2 2 2 1 3552 4891 5239
5001 2 2 2 1 483 3741 4711
5002 2 2 2 1 1580 3534 4942
5003 2 2 2 1 712 3201 4860
5004 2 2 2 1 3884 1766 4261
5005 2 2 2 1 2113 3605 4407
5006 2 2 2 1 1388 3611 5399
5007 2 2 2 1 4080 906 4294
5008 2 2 2 1 2476 448 3169
5009 2 2 2 1 1081 3986 4332
5010 2 2 2 1 1079 2459 3895
5011 2 2 2 1 1525 2573 4640
5012 2 2 2 1 436 2357 5364
5013 2 2 2 1 798 2253 3850
5014 2 2 2 1 3224 525 5464
5015 2 2 2 1 2513 941 4726
5016 2 2 2 1 3988 1741 5085
5017 2 2 2 1 4988 301 5236
5018 2 2 2 1 206 2727 3991
5019 2 2 2 1 2311 1188 3467
5020 2 2 2 1 1319 2675 3587
5021 2 2 2 1 2614 909 4135
5022 2 2 2 1 1150 5389 5652
5023 2 2 2 1 2233 1040 5063
5024 2 2 2 1 1521 2645 4578
5025 2 2 2 1 1303 3702 4209
5026 2 2 2 1 2320 1066 3445
5027 2 2 2 1 2342 546 3544
5028 2 2 2 1 2786 1409 3840
5029 2 2 2 1 929 2240 4712
5030 2 2 2 1 67 68 4777
5031 2 2 2 1 2154 3841 5333
5032 2 2 2 1 1333 2807 3180
5033 2 2 2 1 664 2233 4125
5034 2 2 2 1 1052 2890 3253
5035 2 2 2 1 2204 3052 4890
5036 2 2 2 1 3461 1957 5268
5037 2 2 2 1 2816 1352 4169
5038 2 2 2 1 2646 1595 3568
5039 2 2 2 1 745 2406 4743
5040 2 2 2 1 2305 969 5000
5041 2 2 2 1 1606 4391 5076
5042 2 2 2 1 1326 2332 4244
5043 2 2 2 1 2889 1522 5478
5044 2 2 2 1 2287 1169 4563
5045 2 2 2 1 3042 1303 3381
5046 2 2 2 1 2675 786 3587
5047 2 2 2 1 749 2486 4020
5048 2 2 2 1 2909 1481 2914
5049 2 2 2 1 3248 470 3625
5050 2 2 2 1 2264 890 4401
5051 2 2 2 1 718 2867 3088
5052 2 2 2 1 2273 1211 4706
5053 2 2 2 1 1284 2244 3893
5054 2 2 2 1 1562 3324 3788
5055 2 2 2 1 1597 3248 3625
5056 2 2 2 1 1046 2603 3404
5057 2 2 2 1 1045 2909 2914
5058 2 2 2 1 3604 1728 3692
5059 2 2 2 1 2085 3870 4338
5060 2 2 2 1 1416 3560 3566
5061 2 2 2 1 758 4414 4532
5062 2 2 2 1 961 2754 4521
5063 2 2 2 1 2368 583 3391
5064 2 2 2 1 827 2525 4592
5065 2 2 2 1 2253 1262 3850
5066 2 2 2 1 1029 2618 3383
5067 2 2 2 1 624 2291 3598
5068 2 2 2 1 1213 3536 4373
5069 2 2 2 1 2977 1174 3358
5070 2 2 2 1 428 2243 3914
5071 2 2 2 1 1930 2935 4054
5072 2 2 2 1 2327 648 3460
5073 2 2 2 1 2325 837 5569
5074 2 2 2 1 3023 1137 4919
5075 2 2 2 1 442 2405 4722
5076 2 2 2 1 1129 5238 5557
5077 2 2 2 1 174 175 3078
5078 2 2 2 1 418 2562 5003
5079 2 2 2 1 2265 437 3798
5080 2 2 2 1 4719 1136 5103
5081 2 2 2 1 1121 2492 5138
5082 2 2 2 1 2294 1165 4400
5083 2 2 2 1 2990 862 3983
5084 2 2 2 1 526 2442 3227
5085 2 2 2 1 2556 451 4707
5086 2 2 2 1 854 3329 3823
5087 2 2 2 1 2411 442 4722
5088 2 2 2 1 4463 771 5348
5089 2 2 2 1 4082 1006 5686
5090 2 2 2 1 797 4459 5184
5091 2 2 2 1 101 102 2834
5092 2 2 2 1 3515 161 5756
5093 2 2 2 1 1996 3562 4821
5094 2 2 2 1 3179 674 3514
5095 2 2 2 1 1492 3056 3970
5096 2 2 2 1 2430 912 5355
5097 2 2 2 1 1327 2329 3767
5098 2 2 2 1 2867 1351 5093
5099 2 2 2 1 2326 1091 5127
5100 2 2 2 1 3646 1715 5462
5101 2 2 2 1 785 3280 5714
5102 2 2 2 1 2648 919 3265
5103 2 2 2 1 312 2869 3677
5104 2 2 2 1 2395 981 5583
5105 2 2 2 1 2358 441 3409
5106 2 2 2 1 1015 2831 5023
5107 2 2 2 1 3184 2195 5673
5108 2 2 2 1 2387 572 5103
5109 2 2 2 1 161 162 5756
5110 2 2 2 1 743 4413 4440
5111 2 2 2 1 1585 2990 3983
5112 2 2 2 1 375 374 3669
5113 2 2 2 1 2607 982 4699
5114 2 2 2 1 2640 1726 5353
5115 2 2 2 1 1858 2356 5328
5116 2 2 2 1 3552 1194 4891
5117 2 2 2 1 2362 1284 3553
5118 2 2 2 1 2259 603 4039
5119 2 2 2 1 627 2565 3968
5120 2 2 2 1 2735 1031 3662
5121 2 2 2 1 1802 4565 5422
5122 2 2 2 1 2522 1057 3155
5123 2 2 2 1 2911 1113 5259
5124 2 2 2 1 1653 2982 4562
5125 2 2 2 1 2701 680 3009
5126 2 2 2 1 1043 2949 5541
5127 2 2 2 1 3675 1875 5285
5128 2 2 2 1 2253 798 4079
5129 2 2 2 1 3245 429 3746
5130 2 2 2 1 2615 1144 3050
5131 2 2 2 1 2329 112 3767
5132 2 2 2 1 2716 4284 5391
5133 2 2 2 1 1590 3322 3552
5134 2 2 2 1 3322 1194 3552
5135 2 2 2 1 2740 1811 4194
5136 2 2 2 1 3545 1638 3946
5137 2 2 2 1 2273 1455 5039
5138 2 2 2 1 302 301 4988
5139 2 2 2 1 2491 986 3182
5140 2 2 2 1 1092 2272 4703
5141 2 2 2 1 2359 445 4031
5142 2 2 2 1 2326 894 3506
5143 2 2 2 1 1609 2607 4699
5144 2 2 2 1 545 4017 5711
5145 2 2 2 1 2244 1284 4307
5146 2 2 2 1 2676 1345 3071
5147 2 2 2 1 1604 3115 5451
5148 2 2 2 1 942 2682 3051
5149 2 2 2 1 1471 2855 5111
5150 2 2 2 1 2760 2072 3917
5151 2 2 2 1 4835 2566 5342
5152 2 2 2 1 2256 639 4003
5153 2 2 2 1 1250 2256 4003
5154 2 2 2 1 3127 1118 4139
5155 2 2 2 1 2075 4469 4617
5156 2 2 2 1 2984 1134 5374
5157 2 2 2 1 3870 773 4338
5158 2 2 2 1 3247 250 5535
5159 2 2 2 1 2276 1427 4663
5160 2 2 2 1 1159 2701 3009
5161 2 2 2 1 2332 824 4244
5162 2 2 2 1 2327 1164 5026
5163 2 2 2 1 2340 861 4045
5164 2 2 2 1 3368 2549 5732
5165 2 2 2 1 1200 2440 3810
5166 2 2 2 1 441 2886 5290
5167 2 2 2 1 1668 2400 4831
5168 2 2 2 1 2322 962 5086
5169 2 2 2 1 2533 1141 3243
5170 2 2 2 1 531 2254 4513
5171 2 2 2 1 2959 1691 5058
5172 2 2 2 1 1197 2527 3377
5173 2 2 2 1 3539 2263 4965
5174 2 2 2 1 1255 3648 5712
5175 2 2 2 1 344 2566 4835
5176 2 2 2 1 3807 1954 4452
5177 2 2 2 1 2554 68 3734
5178 2 2 2 1 1027 3095 4795
5179 2 2 2 1 2400 219 4831
5180 2 2 2 1 886 2353 3963
5181 2 2 2 1 2527 650 3377
5182 2 2 2 1 1020 2628 4967
5183 2 2 2 1 3011 566 3937
5184 2 2 2 1 3311 1555 5661
5185 2 2 2 1 962 2322 3579
5186 2 2 2 1 2527 1197 3170
5187 2 2 2 1 4866 158 4919
5188 2 2 2 1 717 2482 4457
5189 2 2 2 1 2048 4080 4294
5190 2 2 2 1 1615 2782 3215
5191 2 2 2 1 4947 2914 5239
5192 2 2 2 1 2734 1113 3004
5193 2 2 2 1 20 2333 3529
5194 2 2 2 1 1699 3369 4273
5195 2 2 2 1 1645 2366 3450
5196 2 2 2 1 2981 668 3985
5197 2 2 2 1 831 2278 4599
5198 2 2 2 1 892 3539 4965
5199 2 2 2 1 3678 1857 3797
5200 2 2 2 1 1550 3678 3797
5201 2 2 2 1 1565 3011 3937
5202 2 2 2 1 446 2909 3589
5203 2 2 2 1 3355 659 4278
5204 2 2 2 1 2914 665 5239
5205 2 2 2 1 2782 956 3215
5206 2 2 2 1 3423 1757 5630
5207 2 2 2 1 593 2465 3757
5208 2 2 2 1 590 2253 4092
5209 2 2 2 1 2292 755 3758
5210 2 2 2 1 1772 2621 3877
5211 2 2 2 1 1075 2390 5507
5212 2 2 2 1 3233 129 5577
5213 2 2 2 1 1417 4745 5113
5214 2 2 2 1 586 2362 3553
5215 2 2 2 1 3486 473 5028
5216 2 2 2 1 61 2398 3360
5217 2 2 2 1 2262 897 5476
5218 2 2 2 1 425 2289 4935
5219 2 2 2 1 1005 2850 2951
5220 2 2 2 1 284 283 3745
5221 2 2 2 1 2295 1194 5017
5222 2 2 2 1 54 2439 3939
5223 2 2 2 1 1405 3427 4548
5224 2 2 2 1 2580 2250 5498
5225 2 2 2 1 2466 998 3733
5226 2 2 2 1 1933 3245 5023
5227 2 2 2 1 2281 36 3824
5228 2 2 2 1 2021 2952 4421
5229 2 2 2 1 4437 1062 5650
5230 2 2 2 1 1257 2984 3062
5231 2 2 2 1 2646 1892 3727
5232 2 2 2 1 2297 1332 4348
5233 2 2 2 1 2546 571 3171
5234 2 2 2 1 596 2871 3500
5235 2 2 2 1 860 2267 3943
5236 2 2 2 1 3645 1630 4991
5237 2 2 2 1 583 2368 5294
5238 2 2 2 1 317 316 2878
5239 2 2 2 1 2587 968 3483
5240 2 2 2 1 834 2297 4348
5241 2 2 2 1 1843 2893 5206
5242 2 2 2 1 1385 2334 3590
5243 2 2 2 1 4051 900 5547
5244 2 2 2 1 3272 527 5755
5245 2 2 2 1 2266 1477 4212
5246 2 2 2 1 2521 971 4769
5247 2 2 2 1 260 2709 5024
5248 2 2 2 1 703 4277 5531
5249 2 2 2 1 2611 1584 4651
5250 2 2 2 1 3418 1446 4291
5251 2 2 2 1 2984 456 3062
5252 2 2 2 1 1710 3434 5092
5253 2 2 2 1 1041 4570 5705
5254 2 2 2 1 1652 2703 4718
5255 2 2 2 1 1903 3411 5202
5256 2 2 2 1 553 3184 5673
5257 2 2 2 1 623 2956 3255
5258 2 2 2 1 1136 2493 5463
5259 2 2 2 1 3340 1198 3892
5260 2 2 2 1 2502 401 3380
5261 2 2 2 1 1428 4393 4435
5262 2 2 2 1 3501 1596 4123
5263 2 2 2 1 747 2722 4705
5264 2 2 2 1 571 2546 3254
5265 2 2 2 1 2703 417 4718
5266 2 2 2 1 915 2611 4651
5267 2 2 2 1 1477 2266 4220
5268 2 2 2 1 944 2606 4172
5269 2 2 2 1 2295 1007 4021
5270 2 2 2 1 1297 2872 3304
5271 2 2 2 1 1908 3275 4435
5272 2 2 2 1 2722 1659 4705
5273 2 2 2 1 2872 619 3304
5274 2 2 2 1 3605 2113 5128
5275 2 2 2 1 648 2327 5026
5276 2 2 2 1 3275 562 4435
5277 2 2 2 1 1574 2803 4579
5278 2 2 2 1 2713 1370 4420
5279 2 2 2 1 200 201 3503
5280 2 2 2 1 583 2412 3391
5281 2 2 2 1 3686 1744 5627
5282 2 2 2 1 830 4771 5558
5283 2 2 2 1 588 2271 3940
5284 2 2 2 1 2682 1292 3051
5285 2 2 2 1 546 3143 3544
5286 2 2 2 1 186 2269 4389
5287 2 2 2 1 3143 1484 3544
5288 2 2 2 1 1716 3110 3320
5289 2 2 2 1 2296 639 4710
5290 2 2 2 1 2280 1164 4512
5291 2 2 2 1 3098 1282 3747
5292 2 2 2 1 2323 3781 5524
5293 2 2 2 1 3110 569 3320
5294 2 2 2 1 3340 3892 5158
5295 2 2 2 1 2579 915 5739
5296 2 2 2 1 2557 1135 5662
5297 2 2 2 1 2827 655 3660
5298 2 2 2 1 3295 1729 4725
5299 2 2 2 1 1619 2260 4033
5300 2 2 2 1 3470 679 4000
5301 2 2 2 1 3249 922 5491
5302 2 2 2 1 2678 310 5327
5303 2 2 2 1 1161 2756 3570
5304 2 2 2 1 2383 980 5423
5305 2 2 2 1 1026 2747 3256
5306 2 2 2 1 2895 1143 5543
5307 2 2 2 1 3471 1321 3527
5308 2 2 2 1 3416 948 4796
5309 2 2 2 1 2409 1318 4085
5310 2 2 2 1 2114 3416 4796
5311 2 2 2 1 2988 1089 3886
5312 2 2 2 1 729 2409 4085
5313 2 2 2 1 1247 2791 3021
5314 2 2 2 1 5299 1823 5625
5315 2 2 2 1 709 3152 3891
5316 2 2 2 1 3225 2138 5686
5317 2 2 2 1 2467 599 3582
5318 2 2 2 1 1640 3471 3527
5319 2 2 2 1 2447 625 3325
5320 2 2 2 1 3152 1614 3891
5321 2 2 2 1 2171 4310 5696
5322 2 2 2 1 1983 2634 4531
5323 2 2 2 1 2319 3649 5699
5324 2 2 2 1 1236 2413 4231
5325 2 2 2 1 3998 2071 5302
5326 2 2 2 1 4606 713 5492
5327 2 2 2 1 195 2278 4032
5328 2 2 2 1 2517 1136 4719
5329 2 2 2 1 3710 1770 3890
5330 2 2 2 1 822 2309 5087
5331 2 2 2 1 1155 2385 4715
5332 2 2 2 1 1808 2678 5327
5333 2 2 2 1 1578 3097 4199
5334 2 2 2 1 2040 3892 5603
5335 2 2 2 1 1056 3099 4501
5336 2 2 2 1 226 227 2897
5337 2 2 2 1 1143 2922 5543
5338 2 2 2 1 1632 2960 4332
5339 2 2 2 1 1536 3168 3875
5340 2 2 2 1 950 2502 5654
5341 2 2 2 1 854 2438 4041
5342 2 2 2 1 919 2497 3281
5343 2 2 2 1 2877 1573 5006
5344 2 2 2 1 2497 1163 3281
5345 2 2 2 1 2438 1316 4041
5346 2 2 2 1 2652 3462 5580
5347 2 2 2 1 755 2292 3996
5348 2 2 2 1 2363 572 3735
5349 2 2 2 1 1103 3262 4102
5350 2 2 2 1 2478 1239 4644
5351 2 2 2 1 1144 2615 3431
5352 2 2 2 1 1240 2302 5612
5353 2 2 2 1 2564 1114 3190
5354 2 2 2 1 4254 705 4605
5355 2 2 2 1 890 2370 5143
5356 2 2 2 1 1160 3057 4033
5357 2 2 2 1 1267 2330 4019
5358 2 2 2 1 3676 763 4488
5359 2 2 2 1 1411 2981 3169
5360 2 2 2 1 2482 1431 4457
5361 2 2 2 1 1207 2363 3735
5362 2 2 2 1 987 2625 3114
5363 2 2 2 1 294 2309 4157
5364 2 2 2 1 5238 2342 5557
5365 2 2 2 1 3095 1855 4795
5366 2 2 2 1 1379 2300 3889
5367 2 2 2 1 2589 614 3287
5368 2 2 2 1 2465 593 5396
5369 2 2 2 1 801 4444 4518
5370 2 2 2 1 1189 2589 3287
5371 2 2 2 1 1549 2947 4396
5372 2 2 2 1 3616 977 5136
5373 2 2 2 1 2791 1249 3021
5374 2 2 2 1 2249 3414 5036
5375 2 2 2 1 280 2314 4723
5376 2 2 2 1 1264 2386 3916
5377 2 2 2 1 3347 1267 5146
5378 2 2 2 1 2783 877 5020
5379 2 2 2 1 2238 2741 5308
5380 2 2 2 1 2299 872 4597
5381 2 2 2 1 3452 1473 3668
5382 2 2 2 1 190 191 3852
5383 2 2 2 1 440 2702 3284
5384 2 2 2 1 3628 2673 5187
5385 2 2 2 1 313 312 3677
5386 2 2 2 1 3057 1619 4033
5387 2 2 2 1 1258 2765 3187
5388 2 2 2 1 2288 1600 5168
5389 2 2 2 1 1904 3760 4956
5390 2 2 2 1 2097 4221 5124
5391 2 2 2 1 1231 4968 5150
5392 2 2 2 1 3717 1612 4346
5393 2 2 2 1 2138 4082 5686
5394 2 2 2 1 1014 2350 3643
5395 2 2 2 1 2330 476 4019
5396 2 2 2 1 2060 3200 5377
5397 2 2 2 1 5050 2250 5320
5398 2 2 2 1 1236 2323 4872
5399 2 2 2 1 1375 2299 4597
5400 2 2 2 1 3923 2830 5556
5401 2 2 2 1 940 3056 5092
5402 2 2 2 1 2560 1138 5587
5403 2 2 2 1 1073 3640 5111
5404 2 2 2 1 2680 1602 3444
5405 2 2 2 1 2293 913 5519
5406 2 2 2 1 3515 1314 3704
5407 2 2 2 1 1304 5050 5320
5408 2 2 2 1 1282 2870 3274
5409 2 2 2 1 2285 1387 3928
5410 2 2 2 1 3151 454 5647
5411 2 2 2 1 2870 642 3274
5412 2 2 2 1 1559 4241 4954
5413 2 2 2 1 1723 2774 3826
5414 2 2 2 1 2863 1507 5098
5415 2 2 2 1 3793 1568 4406
5416 2 2 2 1 2216 3914 4767
5417 2 2 2 1 1129 2725 4353
5418 2 2 2 1 2557 1001 5312
5419 2 2 2 1 1194 2295 4021
5420 2 2 2 1 850 2462 5032
5421 2 2 2 1 2408 2744 4526
5422 2 2 2 1 639 2296 4003
5423 2 2 2 1 2634 1666 4531
5424 2 2 2 1 1191 3321 5421
5425 2 2 2 1 1722 3515 3704
5426 2 2 2 1 2650 453 5063
5427 2 2 2 1 2810 1023 3228
5428 2 2 2 1 983 2291 5160
5429 2 2 2 1 2507 840 5011
5430 2 2 2 1 1874 2800 3459
5431 2 2 2 1 1370 3594 4356
5432 2 2 2 1 2628 1493 5191
5433 2 2 2 1 2297 834 4476
5434 2 2 2 1 715 2386 3496
5435 2 2 2 1 2314 1410 4723
5436 2 2 2 1 2304 1323 3995
5437 2 2 2 1 2649 1816 5552
5438 2 2 2 1 3760 2093 5597
5439 2 2 2 1 866 4295 5045
5440 2 2 2 1 2386 715 3916
5441 2 2 2 1 24 2421 5047
5442 2 2 2 1 1191 5421 5483
5443 2 2 2 1 3329 1534 4566
5444 2 2 2 1 1034 2419 5529
5445 2 2 2 1 1236 2319 3781
5446 2 2 2 1 1111 2839 3032
5447 2 2 2 1 3017 738 5688
5448 2 2 2 1 3772 1462 4833
5449 2 2 2 1 3991 1393 4611
5450 2 2 2 1 1292 2332 4124
5451 2 2 2 1 2332 430 4124
5452 2 2 2 1 3012 2031 4145
5453 2 2 2 1 4404 92 4934
5454 2 2 2 1 1199 2901 3202
5455 2 2 2 1 4103 835 4514
5456 2 2 2 1 3230 1497 3778
5457 2 2 2 1 2143 3017 5688
5458 2 2 2 1 1219 2348 5035
5459 2 2 2 1 2198 4103 4514
5460 2 2 2 1 204 2545 3229
5461 2 2 2 1 2766 1279 4084
5462 2 2 2 1 1906 4028 5189
5463 2 2 2 1 1004 2365 5104
5464 2 2 2 1 418 2533 3243
5465 2 2 2 1 622 2660 3137
5466 2 2 2 1 2869 1072 3677
5467 2 2 2 1 2545 205 3991
5468 2 2 2 1 3917 2072 4151
5469 2 2 2 1 3914 1230 4767
5470 2 2 2 1 3063 1661 5243
5471 2 2 2 1 1730 2298 4186
5472 2 2 2 1 560 3162 3935
5473 2 2 2 1 2294 682 4262
5474 2 2 2 1 3534 1580 3949
5475 2 2 2 1 213 2349 5025
5476 2 2 2 1 2482 717 5611
5477 2 2 2 1 2552 1075 3230
5478 2 2 2 1 3043 676 5250
5479 2 2 2 1 1221 2967 2977
5480 2 2 2 1 3572 1231 5150
5481 2 2 2 1 2967 1174 2977
5482 2 2 2 1 397 2493 5644
5483 2 2 2 1 1025 2455 5726
5484 2 2 2 1 1074 2348 3697
5485 2 2 2 1 1623 3209 4815
5486 2 2 2 1 1796 3397 5386
5487 2 2 2 1 911 2515 4264
5488 2 2 2 1 2315 542 4577
5489 2 2 2 1 556 3888 3954
5490 2 2 2 1 582 2569 3208
5491 2 2 2 1 2670 1802 5422
5492 2 2 2 1 1163 2393 4250
5493 2 2 2 1 2847 419 3296
5494 2 2 2 1 3888 1993 3954
5495 2 2 2 1 2354 434 5055
5496 2 2 2 1 152 153 4920
5497 2 2 2 1 1526 3903 4385
5498 2 2 2 1 2997 1221 3116
5499 2 2 2 1 180 2304 3995
5500 2 2 2 1 635 3807 4452
5501 2 2 2 1 728 3220 4309
5502 2 2 2 1 3282 665 4067
5503 2 2 2 1 913 2806 3685
5504 2 2 2 1 2386 1177 3496
5505 2 2 2 1 2428 3114 5629
5506 2 2 2 1 1529 3245 3746
5507 2 2 2 1 1275 2997 3116
5508 2 2 2 1 2325 1285 3842
5509 2 2 2 1 2298 121 4186
5510 2 2 2 1 2727 1393 3991
5511 2 2 2 1 3719 1462 4148
5512 2 2 2 1 2299 555 4741
5513 2 2 2 1 2379 849 5173
5514 2 2 2 1 1369 3917 4151
5515 2 2 2 1 365 364 5017
5516 2 2 2 1 3008 789 5369
5517 2 2 2 1 472 3873 4492
5518 2 2 2 1 555 2299 4152
5519 2 2 2 1 1825 3547 4843
5520 2 2 2 1 2615 3050 5513
5521 2 2 2 1 3052 846 5624
5522 2 2 2 1 1219 2429 3513
5523 2 2 2 1 3873 2224 4492
5524 2 2 2 1 902 2329 4352
5525 2 2 2 1 861 2340 4758
5526 2 2 2 1 1141 2643 3243
5527 2 2 2 1 2025 3008 5369
5528 2 2 2 1 464 2352 3766
5529 2 2 2 1 2875 1247 3016
5530 2 2 2 1 2677 599 3135
5531 2 2 2 1 2329 1327 4352
5532 2 2 2 1 2352 1203 3766
5533 2 2 2 1 856 2331 5051
5534 2 2 2 1 1823 3443 5625
5535 2 2 2 1 2429 217 3513
5536 2 2 2 1 4391 1838 5634
5537 2 2 2 1 970 2371 4422
5538 2 2 2 1 530 2604 3469
5539 2 2 2 1 1939 2949 5648
5540 2 2 2 1 3397 2229 5386
5541 2 2 2 1 1151 3105 4561
5542 2 2 2 1 2627 1120 4319
5543 2 2 2 1 1234 3248 4110
5544 2 2 2 1 611 2322 3926
5545 2 2 2 1 2385 1155 3583
5546 2 2 2 1 2844 1643 3736
5547 2 2 2 1 3481 1749 5088
5548 2 2 2 1 2918 1238 3463
5549 2 2 2 1 740 2982 5724
5550 2 2 2 1 3463 2873 5450
5551 2 2 2 1 2752 3221 4574
5552 2 2 2 1 2733 781 3115
5553 2 2 2 1 1133 2679 4621
5554 2 2 2 1 496 2640 3378
5555 2 2 2 1 2462 850 4011
5556 2 2 2 1 4578 864 5285
5557 2 2 2 1 2416 1141 3510
5558 2 2 2 1 550 2348 4910
5559 2 2 2 1 716 2643 4007
5560 2 2 2 1 2640 1223 3378
5561 2 2 2 1 2322 1226 3926
5562 2 2 2 1 3324 471 3788
5563 2 2 2 1 2581 254 4551
5564 2 2 2 1 2323 899 4872
5565 2 2 2 1 1387 2285 4278
5566 2 2 2 1 917 2651 4485
5567 2 2 2 1 3468 2986 5395
5568 2 2 2 1 1113 2307 4229
5569 2 2 2 1 642 2870 4789
5570 2 2 2 1 2316 3737 5685
5571 2 2 2 1 1267 3716 5146
5572 2 2 2 1 5355 912 5617
5573 2 2 2 1 2961 1151 3188
5574 2 2 2 1 2266 5097 5171
5575 2 2 2 1 167 2379 4268
5576 2 2 2 1 1769 3934 4671
5577 2 2 2 1 1775 3978 4805
5578 2 2 2 1 3101 2359 5203
5579 2 2 2 1 2382 1229 5227
5580 2 2 2 1 2651 1523 4485
5581 2 2 2 1 2032 3401 5417
5582 2 2 2 1 2460 1276 4060
5583 2 2 2 1 489 2370 3957
5584 2 2 2 1 1163 2497 3384
5585 2 2 2 1 2309 1617 4157
5586 2 2 2 1 45 2365 3703
5587 2 2 2 1 2604 1239 3469
5588 2 2 2 1 2853 381 3588
5589 2 2 2 1 2313 534 4503
5590 2 2 2 1 1381 2360 4599
5591 2 2 2 1 3002 1510 3015
5592 2 2 2 1 1099 2670 5422
5593 2 2 2 1 1223 2640 3550
5594 2 2 2 1 572 2387 4380
5595 2 2 2 1 463 2311 5180
5596 2 2 2 1 2144 4866 4919
5597 2 2 2 1 759 2372 5118
5598 2 2 2 1 2177 3008 4534
5599 2 2 2 1 2690 1121 5138
5600 2 2 2 1 350 3576 5524
5601 2 2 2 1 1126 2432 5536
5602 2 2 2 1 1147 2473 3401
5603 2 2 2 1 2841 973 4721
5604 2 2 2 1 2800 1874 5703
5605 2 2 2 1 1893 4499 5453
5606 2 2 2 1 899 2323 5370
5607 2 2 2 1 1270 3710 3890
5608 2 2 2 1 1120 2627 4627
5609 2 2 2 1 2850 719 5004
5610 2 2 2 1 1563 2927 4667
5611 2 2 2 1 2330 826 3900
5612 2 2 2 1 2706 1191 5606
5613 2 2 2 1 2366 697 5291
5614 2 2 2 1 2856 1046 3404
5615 2 2 2 1 1504 3804 4037
5616 2 2 2 1 256 257 2949
5617 2 2 2 1 1120 3755 4973
5618 2 2 2 1 2100 2994 5689
5619 2 2 2 1 22 2613 4941
5620 2 2 2 1 592 2454 5749
5621 2 2 2 1 3168 685 3875
5622 2 2 2 1 2571 760 5340
5623 2 2 2 1 1048 2336 3935
5624 2 2 2 1 2339 915 4651
5625 2 2 2 1 4798 3620 5326
5626 2 2 2 1 1086 3002 3015
5627 2 2 2 1 2712 3843 5412
5628 2 2 2 1 2362 586 4434
5629 2 2 2 1 2772 1060 3143
5630 2 2 2 1 1519 2351 4873
5631 2 2 2 1 2334 621 5114
5632 2 2 2 1 705 3033 4354
5633 2 2 2 1 1768 2677 5323
5634 2 2 2 1 2348 1074 5035
5635 2 2 2 1 1488 2317 4387
5636 2 2 2 1 1102 3975 4416
5637 2 2 2 1 953 2649 5552
5638 2 2 2 1 2951 1776 5663
5639 2 2 2 1 433 2441 4001
5640 2 2 2 1 2994 926 5689
5641 2 2 2 1 3969 1269 4327
5642 2 2 2 1 3109 3740 5404
5643 2 2 2 1 4550 2826 4728
5644 2 2 2 1 278 2629 4861
5645 2 2 2 1 1773 4519 5370
5646 2 2 2 1 2401 614 5606
5647 2 2 2 1 847 2316 4075
5648 2 2 2 1 2359 1289 4131
5649 2 2 2 1 611 3586 4321
5650 2 2 2 1 3657 2092 4477
5651 2 2 2 1 2751 1234 3477
5652 2 2 2 1 959 3657 4477
5653 2 2 2 1 1293 2343 4182
5654 2 2 2 1 2343 415 4182
5655 2 2 2 1 1019 2354 4779
5656 2 2 2 1 4310 399 5696
5657 2 2 2 1 2677 1139 5323
5658 2 2 2 1 434 2862 3856
5659 2 2 2 1 1867 2751 3477
5660 2 2 2 1 615 2345 3896
5661 2 2 2 1 3033 1693 4354
5662 2 2 2 1 5052 1618 5115
5663 2 2 2 1 1096 2415 5455
5664 2 2 2 1 735 2639 3206
5665 2 2 2 1 725 3438 4113
5666 2 2 2 1 1335 2337 4958
5667 2 2 2 1 1795 3825 5154
5668 2 2 2 1 3376 1833 5388
5669 2 2 2 1 1830 3287 3790
5670 2 2 2 1 2639 1271 3206
5671 2 2 2 1 1391 3039 3473
5672 2 2 2 1 4414 2024 4532
5673 2 2 2 1 679 3691 3801
5674 2 2 2 1 2439 54 5190
5675 2 2 2 1 2331 487 4549
5676 2 2 2 1 3132 1073 4505
5677 2 2 2 1 1765 2926 3145
5678 2 2 2 1 3593 1630 4673
5679 2 2 2 1 2648 1688 5079
5680 2 2 2 1 3039 1094 3473
5681 2 2 2 1 1776 2850 5004
5682 2 2 2 1 1162 2520 3349
5683 2 2 2 1 1957 3461 4403
5684 2 2 2 1 521 2648 5079
5685 2 2 2 1 352 2319 4372
5686 2 2 2 1 2926 1100 3145
5687 2 2 2 1 2657 3284 5534
5688 2 2 2 1 2906 1682 3380
5689 2 2 2 1 622 2501 3367
5690 2 2 2 1 4218 1813 5248
5691 2 2 2 1 868 2426 4689
5692 2 2 2 1 686 2824 5255
5693 2 2 2 1 2553 964 4122
5694 2 2 2 1 2626 1136 5463
5695 2 2 2 1 2497 645 3384
5696 2 2 2 1 2672 606 4770
5697 2 2 2 1 1367 2553 4122
5698 2 2 2 1 4350 3043 5250
5699 2 2 2 1 2848 2130 4322
5700 2 2 2 1 3461 880 4403
5701 2 2 2 1 1798 2369 4951
5702 2 2 2 1 1148 2502 3380
5703 2 2 2 1 1569 3620 4798
5704 2 2 2 1 3740 1364 4472
5705 2 2 2 1 2720 875 4905
5706 2 2 2 1 3194 1589 3861
5707 2 2 2 1 3393 1190 3557
5708 2 2 2 1 2748 964 4233
5709 2 2 2 1 1400 2886 3749
5710 2 2 2 1 2756 1161 3422
5711 2 2 2 1 3576 2323 5524
5712 2 2 2 1 2955 1935 5626
5713 2 2 2 1 2611 286 4849
5714 2 2 2 1 1140 3423 5429
5715 2 2 2 1 1365 2336 4575
5716 2 2 2 1 2120 3740 4472
5717 2 2 2 1 3323 1476 3829
5718 2 2 2 1 2336 1048 4575
5719 2 2 2 1 2374 331 3862
5720 2 2 2 1 2412 1398 4975
5721 2 2 2 1 1204 2447 3514
5722 2 2 2 1 1998 3489 4026
5723 2 2 2 1 2435 945 4193
5724 2 2 2 1 1950 4921 5542
5725 2 2 2 1 2170 4719 5103
5726 2 2 2 1 1471 3352 4029
5727 2 2 2 1 3880 1514 4505
5728 2 2 2 1 2401 1223 3790
5729 2 2 2 1 4106 756 4778
5730 2 2 2 1 2773 1658 4087
5731 2 2 2 1 479 3194 3861
5732 2 2 2 1 499 2637 3688
5733 2 2 2 1 614 2401 3790
5734 2 2 2 1 2886 441 3749
5735 2 2 2 1 847 2341 4798
5736 2 2 2 1 2478 670 3713
5737 2 2 2 1 606 2693 4770
5738 2 2 2 1 700 2739 4276
5739 2 2 2 1 1330 2435 4193
5740 2 2 2 1 4032 1778 4046
5741 2 2 2 1 2389 334 3759
5742 2 2 2 1 122 3756 4186
5743 2 2 2 1 1239 2478 3713
5744 2 2 2 1 2446 564 5575
5745 2 2 2 1 1286 3171 3506
5746 2 2 2 1 1704 4223 4594
5747 2 2 2 1 410 3063 3293
5748 2 2 2 1 2340 4150 4758
5749 2 2 2 1 679 2339 5414
5750 2 2 2 1 2395 1243 3659
5751 2 2 2 1 864 2324 5178
5752 2 2 2 1 2415 1516 3612
5753 2 2 2 1 1601 3303 3355
5754 2 2 2 1 2560 1642 3525
5755 2 2 2 1 2863 673 3797
5756 2 2 2 1 1459 4521 4892
5757 2 2 2 1 3981 742 4719
5758 2 2 2 1 2569 2681 5489
5759 2 2 2 1 2995 1669 5752
5760 2 2 2 1 1431 2482 3439
5761 2 2 2 1 123 124 3031
5762 2 2 2 1 1274 2345 4582
5763 2 2 2 1 2957 447 5384
5764 2 2 2 1 2950 1310 3845
5765 2 2 2 1 1459 3104 4132
5766 2 2 2 1 2425 1286 3630
5767 2 2 2 1 1819 4042 5002
5768 2 2 2 1 919 2648 4846
5769 2 2 2 1 1819 2905 4042
5770 2 2 2 1 3665 2746 5552
5771 2 2 2 1 3602 1056 4501
5772 2 2 2 1 3973 1075 4374
5773 2 2 2 1 272 2425 3630
5774 2 2 2 1 2739 1494 4276
5775 2 2 2 1 416 3165 3306
5776 2 2 2 1 1713 3112 4929
5777 2 2 2 1 2358 1095 3944
5778 2 2 2 1 3394 1220 4465
5779 2 2 2 1 4936 1245 5255
5780 2 2 2 1 2462 519 4819
5781 2 2 2 1 3024 1208 4790
5782 2 2 2 1 3063 1346 3293
5783 2 2 2 1 660 2520 5513
5784 2 2 2 1 1035 2457 3912
5785 2 2 2 1 456 2404 3997
5786 2 2 2 1 1222 2715 3242
5787 2 2 2 1 1490 2462 4819
5788 2 2 2 1 240 241 3712
5789 2 2 2 1 2775 1424 5729
5790 2 2 2 1 2715 1012 3242
5791 2 2 2 1 1741 3305 5085
5792 2 2 2 1 2457 1372 3912
5793 2 2 2 1 927 2480 4688
5794 2 2 2 1 2480 1464 4688
5795 2 2 2 1 2919 692 4442
5796 2 2 2 1 2764 947 3885
5797 2 2 2 1 2345 615 4582
5798 2 2 2 1 331 330 3862
5799 2 2 2 1 259 260 5024
5800 2 2 2 1 4401 1487 4530
5801 2 2 2 1 401 2502 4714
5802 2 2 2 1 1467 4175 4217
5803 2 2 2 1 2378 850 5032
5804 2 2 2 1 3165 1375 3306
5805 2 2 2 1 1392 2764 3885
5806 2 2 2 1 723 3429 4089
5807 2 2 2 1 713 3131 5492
5808 2 2 2 1 3303 659 3355
5809 2 2 2 1 1608 3283 4656
5810 2 2 2 1 1681 2434 4915
5811 2 2 2 1 1627 2473 3644
5812 2 2 2 1 2404 1282 3997
5813 2 2 2 1 2434 75 4915
5814 2 2 2 1 3938 869 5607
5815 2 2 2 1 64 65 3199
5816 2 2 2 1 2613 1610 4941
5817 2 2 2 1 1458 2372 4927
5818 2 2 2 1 602 2628 3226
5819 2 2 2 1 2360 831 4599
5820 2 2 2 1 2365 1242 5104
5821 2 2 2 1 2740 645 4955
5822 2 2 2 1 3201 1799 4860
5823 2 2 2 1 2983 53 3939
5824 2 2 2 1 50 2391 3711
5825 2 2 2 1 254 2581 4292
5826 2 2 2 1 1490 2378 5032
5827 2 2 2 1 2884 656 3773
5828 2 2 2 1 3497 2407 4935
5829 2 2 2 1 1302 2424 4103
5830 2 2 2 1 846 2334 4248
5831 2 2 2 1 2890 1606 3253
5832 2 2 2 1 560 2336 4536
5833 2 2 2 1 2341 1374 4272
5834 2 2 2 1 1058 2582 3285
5835 2 2 2 1 1661 3063 4261
5836 2 2 2 1 2450 245 4781
5837 2 2 2 1 325 324 3000
5838 2 2 2 1 3063 410 4261
5839 2 2 2 1 2793 2084 4635
5840 2 2 2 1 838 2362 3984
5841 2 2 2 1 2979 439 4361
5842 2 2 2 1 2413 557 4231
5843 2 2 2 1 3322 365 5017
5844 2 2 2 1 15 2471 5720
5845 2 2 2 1 1630 3573 4979
5846 2 2 2 1 906 2380 4294
5847 2 2 2 1 2867 1155 3088
5848 2 2 2 1 3477 1234 4110
5849 2 2 2 1 2532 629 3474
5850 2 2 2 1 4295 2184 5045
5851 2 2 2 1 1664 3469 3713
5852 2 2 2 1 1265 2360 4059
5853 2 2 2 1 1548 2445 5121
5854 2 2 2 1 2600 628 4780
5855 2 2 2 1 391 3443 4166
5856 2 2 2 1 3574 1305 4142
5857 2 2 2 1 1094 2484 3473
5858 2 2 2 1 1660 3631 4708
5859 2 2 2 1 3084 1212 4899
5860 2 2 2 1 2360 654 4059
5861 2 2 2 1 4229 561 4874
5862 2 2 2 1 1661 2996 5356
5863 2 2 2 1 3737 587 5685
5864 2 2 2 1 595 2519 3423
5865 2 2 2 1 1289 2359 4031
5866 2 2 2 1 2983 1328 3476
5867 2 2 2 1 1425 2983 3476
5868 2 2 2 1 2594 357 5470
5869 2 2 2 1 277 276 4465
5870 2 2 2 1 3176 1080 4696
5871 2 2 2 1 1202 2627 4319
5872 2 2 2 1 3469 1239 3713
5873 2 2 2 1 957 2760 3917
5874 2 2 2 1 487 4483 5054
5875 2 2 2 1 3443 1823 4166
5876 2 2 2 1 4696 1605 5446
5877 2 2 2 1 1511 2780 4316
5878 2 2 2 1 2445 832 5121
5879 2 2 2 1 2795 1305 3574
5880 2 2 2 1 3090 1131 3470
5881 2 2 2 1 2356 492 4153
5882 2 2 2 1 1553 3299 3645
5883 2 2 2 1 2456 1246 3803
5884 2 2 2 1 671 2795 3574
5885 2 2 2 1 854 4041 4510
5886 2 2 2 1 3299 678 3645
5887 2 2 2 1 99 100 3219
5888 2 2 2 1 626 2456 3803
5889 2 2 2 1 2523 42 4140
5890 2 2 2 1 1188 2436 3743
5891 2 2 2 1 1141 2533 3510
5892 2 2 2 1 2499 878 3854
5893 2 2 2 1 1136 2387 5103
5894 2 2 2 1 2780 750 4316
5895 2 2 2 1 4041 2281 4510
5896 2 2 2 1 3741 1912 4711
5897 2 2 2 1 281 280 4723
5898 2 2 2 1 2371 970 3932
5899 2 2 2 1 2403 931 5155
5900 2 2 2 1 2440 443 3857
5901 2 2 2 1 3696 1444 4606
5902 2 2 2 1 2362 838 4307
5903 2 2 2 1 1131 2430 5355
5904 2 2 2 1 424 2506 3453
5905 2 2 2 1 80 2592 4744
5906 2 2 2 1 1634 3102 5174
5907 2 2 2 1 2353 886 4491
5908 2 2 2 1 2394 1272 4009
5909 2 2 2 1 2603 1152 5172
5910 2 2 2 1 96 97 3120
5911 2 2 2 1 572 2363 4121
5912 2 2 2 1 1740 4489 5690
5913 2 2 2 1 4577 1608 4656
5914 2 2 2 1 3047 779 5029
5915 2 2 2 1 1458 2403 5155
5916 2 2 2 1 1284 2362 4307
5917 2 2 2 1 2845 1127 3291
5918 2 2 2 1 1890 3084 4899
5919 2 2 2 1 619 2394 4009
5920 2 2 2 1 1338 4044 4055
5921 2 2 2 1 1147 2870 3098
5922 2 2 2 1 2039 4244 5319
5923 2 2 2 1 2419 1436 4756
5924 2 2 2 1 1594 2605 4904
5925 2 2 2 1 1143 2940 3276
5926 2 2 2 1 1282 2404 3747
5927 2 2 2 1 2549 1021 5684
5928 2 2 2 1 1420 3121 3600
5929 2 2 2 1 1765 2549 5684
5930 2 2 2 1 1252 2402 3933
5931 2 2 2 1 1103 2634 3262
5932 2 2 2 1 1145 2467 3582
5933 2 2 2 1 1227 2478 3530
5934 2 2 2 1 612 3246 3810
5935 2 2 2 1 1757 2840 5718
5936 2 2 2 1 1331 3108 4100
5937 2 2 2 1 739 2731 3777
5938 2 2 2 1 669 2419 4756
5939 2 2 2 1 1064 2444 5516
5940 2 2 2 1 2435 1330 3751
5941 2 2 2 1 2731 1607 3777
5942 2 2 2 1 1816 2649 5697
5943 2 2 2 1 3966 2040 5603
5944 2 2 2 1 1884 4794 5266
5945 2 2 2 1 3299 1553 3853
5946 2 2 2 1 2451 876 4878
5947 2 2 2 1 2661 1738 3328
5948 2 2 2 1 2605 338 4904
5949 2 2 2 1 3186 2061 4828
5950 2 2 2 1 2034 3662 5366
5951 2 2 2 1 229 230 3401
5952 2 2 2 1 2610 1166 5731
5953 2 2 2 1 2570 2843 4830
5954 2 2 2 1 2469 1173 5011
5955 2 2 2 1 2363 844 4131
5956 2 2 2 1 2635 933 3710
5957 2 2 2 1 3626 731 5626
5958 2 2 2 1 1819 3574 4142
5959 2 2 2 1 1895 3421 3868
5960 2 2 2 1 2950 3845 5565
5961 2 2 2 1 2922 1343 3385
5962 2 2 2 1 2496 801 4298
5963 2 2 2 1 2380 906 5272
5964 2 2 2 1 2442 526 5409
5965 2 2 2 1 1945 4019 4607
5966 2 2 2 1 2373 1677 5042
5967 2 2 2 1 2713 371 3730
5968 2 2 2 1 2368 3391 5652
5969 2 2 2 1 1688 2648 3265
5970 2 2 2 1 3391 1150 5652
5971 2 2 2 1 2388 857 3845
5972 2 2 2 1 98 99 3172
5973 2 2 2 1 2489 1007 3535
5974 2 2 2 1 2481 1545 3581
5975 2 2 2 1 220 221 3027
5976 2 2 2 1 1243 2395 5583
5977 2 2 2 1 176 2435 3751
5978 2 2 2 1 2059 2580 4616
5979 2 2 2 1 2575 1178 3389
5980 2 2 2 1 3755 2099 4973
5981 2 2 2 1 1667 3774 4763
5982 2 2 2 1 1849 4680 5125
5983 2 2 2 1 2580 903 4616
5984 2 2 2 1 2393 510 5060
5985 2 2 2 1 232 233 3133
5986 2 2 2 1 1216 3297 3452
5987 2 2 2 1 1060 2367 4333
5988 2 2 2 1 59 2619 5273
5989 2 2 2 1 2720 1429 4351
5990 2 2 2 1 958 3364 5403
5991 2 2 2 1 1803 2717 3237
5992 2 2 2 1 3674 2995 5752
5993 2 2 2 1 2717 928 3237
5994 2 2 2 1 2446 1300 3658
5995 2 2 2 1 758 2410 4297
5996 2 2 2 1 1709 3262 4609
5997 2 2 2 1 1228 2825 3283
5998 2 2 2 1 729 3599 4751
5999 2 2 2 1 1961 2488 5745
6000 2 2 2 1 2368 1348 5294
6001 2 2 2 1 3084 1890 5406
6002 2 2 2 1 3020 1174 3474
6003 2 2 2 1 2896 510 4773
6004 2 2 2 1 2410 1328 4297
6005 2 2 2 1 5097 1543 5171
6006 2 2 2 1 159 160 3023
6007 2 2 2 1 2816 4169 5313
6008 2 2 2 1 1397 3689 3879
6009 2 2 2 1 1264 3683 5131
6010 2 2 2 1 3718 1452 4196
6011 2 2 2 1 2506 1767 5310
6012 2 2 2 1 1684 2624 3992
6013 2 2 2 1 1667 3206 3774
6014 2 2 2 1 2607 1609 4928
6015 2 2 2 1 2535 1093 3637
6016 2 2 2 1 5275 2016 5468
6017 2 2 2 1 3297 1473 3452
6018 2 2 2 1 2696 910 4839
6019 2 2 2 1 2869 312 4408
6020 2 2 2 1 699 2627 3413
6021 2 2 2 1 1106 3193 5025
6022 2 2 2 1 1309 2364 4279
6023 2 2 2 1 1436 2419 5046
6024 2 2 2 1 4888 785 5523
6025 2 2 2 1 2370 489 4836
6026 2 2 2 1 671 3574 5002
6027 2 2 2 1 4499 704 5453
6028 2 2 2 1 1613 2696 4839
6029 2 2 2 1 2825 615 3283
6030 2 2 2 1 944 2389 5428
6031 2 2 2 1 316 315 5437
6032 2 2 2 1 2807 578 3180
6033 2 2 2 1 1157 2727 5022
6034 2 2 2 1 2841 1615 5518
6035 2 2 2 1 1328 2410 5637
6036 2 2 2 1 1203 2428 3766
6037 2 2 2 1 1389 2458 4463
6038 2 2 2 1 1475 4022 4309
6039 2 2 2 1 2458 771 4463
6040 2 2 2 1 2436 573 3743
6041 2 2 2 1 3110 1918 5096
6042 2 2 2 1 1245 3563 5255
6043 2 2 2 1 4730 1718 5559
6044 2 2 2 1 2736 1050 3882
6045 2 2 2 1 4662 1899 4840
6046 2 2 2 1 2627 1202 3413
6047 2 2 2 1 4103 2424 5444
6048 2 2 2 1 774 2373 5397
6049 2 2 2 1 2703 1652 4277
6050 2 2 2 1 1475 3362 4022
6051 2 2 2 1 171 172 5471
6052 2 2 2 1 4745 2082 5113
6053 2 2 2 1 2968 2046 4513
6054 2 2 2 1 867 2384 4052
6055 2 2 2 1 631 2575 3389
6056 2 2 2 1 2479 594 5209
6057 2 2 2 1 314 313 5267
6058 2 2 2 1 3622 1534 3824
6059 2 2 2 1 1303 2835 5162
6060 2 2 2 1 2492 972 5276
6061 2 2 2 1 26 27 3974
6062 2 2 2 1 440 2657 4324
6063 2 2 2 1 2657 1440 4324
6064 2 2 2 1 509 2390 4148
6065 2 2 2 1 169 2607 4928
6066 2 2 2 1 410 3884 4261
6067 2 2 2 1 2914 1481 4067
6068 2 2 2 1 2800 447 3459
6069 2 2 2 1 835 4103 5444
6070 2 2 2 1 3906 2199 4585
6071 2 2 2 1 3312 446 5713
6072 2 2 2 1 2402 851 3966
6073 2 2 2 1 1221 2977 3116
6074 2 2 2 1 2374 1413 4834
6075 2 2 2 1 3430 1347 3874
6076 2 2 2 1 3011 2904 5596
6077 2 2 2 1 2441 1379 5499
6078 2 2 2 1 1585 2892 3561
6079 2 2 2 1 2357 2543 4403
6080 2 2 2 1 884 2514 3550
6081 2 2 2 1 889 2482 5632
6082 2 2 2 1 2649 282 5697
6083 2 2 2 1 665 2914 4067
6084 2 2 2 1 1064 2377 4461
6085 2 2 2 1 1173 2812 3507
6086 2 2 2 1 1486 2375 4832
6087 2 2 2 1 2724 618 5379
6088 2 2 2 1 1397 3241 3689
6089 2 2 2 1 3339 1254 4096
6090 2 2 2 1 2387 900 4051
6091 2 2 2 1 2381 548 4522
6092 2 2 2 1 2977 630 3116
6093 2 2 2 1 857 2388 4738
6094 2 2 2 1 2981 1122 3169
6095 2 2 2 1 3138 1377 4964
6096 2 2 2 1 334 333 3759
6097 2 2 2 1 621 3906 4585
6098 2 2 2 1 1824 4547 4968
6099 2 2 2 1 1495 3043 3054
6100 2 2 2 1 890 2374 5717
6101 2 2 2 1 3121 515 3600
6102 2 2 2 1 443 2440 4334
6103 2 2 2 1 682 2962 3832
6104 2 2 2 1 1074 2429 5035
6105 2 2 2 1 1180 2601 3370
6106 2 2 2 1 1173 2507 5011
6107 2 2 2 1 1264 3601 5267
6108 2 2 2 1 2436 879 3783
6109 2 2 2 1 1693 3033 4623
6110 2 2 2 1 2757 1157 5022
6111 2 2 2 1 1474 2698 3280
6112 2 2 2 1 1007 2442 4021
6113 2 2 2 1 1116 2885 3166
6114 2 2 2 1 1488 3393 3557
6115 2 2 2 1 625 2447 3799
6116 2 2 2 1 1766 2996 4261
6117 2 2 2 1 3087 949 5465
6118 2 2 2 1 1828 2483 5064
6119 2 2 2 1 3832 1939 4024
6120 2 2 2 1 1161 2849 5089
6121 2 2 2 1 1557 3832 4024
6122 2 2 2 1 66 67 3635
6123 2 2 2 1 3070 775 3815
6124 2 2 2 1 948 2800 5703
6125 2 2 2 1 3022 1428 3819
6126 2 2 2 1 2380 1199 4294
6127 2 2 2 1 1208 3352 4790
6128 2 2 2 1 2729 691 3949
6129 2 2 2 1 1807 3192 3496
6130 2 2 2 1 2381 1426 4914
6131 2 2 2 1 4038 2957 5384
6132 2 2 2 1 2417 1750 5568
6133 2 2 2 1 2402 1252 4481
6134 2 2 2 1 2586 1254 3666
6135 2 2 2 1 1752 4697 5091
6136 2 2 2 1 1975 3696 4606
6137 2 2 2 1 2391 1425 4827
6138 2 2 2 1 2615 1162 4650
6139 2 2 2 1 2483 141 5064
6140 2 2 2 1 1806 2469 5698
6141 2 2 2 1 71 72 3118
6142 2 2 2 1 2 77 4398
6143 2 2 2 1 76 2 4398
6144 2 2 2 1 906 2563 3762
6145 2 2 2 1 2584 905 3426
6146 2 2 2 1 2946 1869 5391
6147 2 2 2 1 899 2413 4872
6148 2 2 2 1 1700 4674 4749
6149 2 2 2 1 2790 645 4194
6150 2 2 2 1 2388 513 4496
6151 2 2 2 1 1270 2635 3710
6152 2 2 2 1 984 2586 3666
6153 2 2 2 1 1447 2790 4194
6154 2 2 2 1 2384 482 4330
6155 2 2 2 1 2385 863 4715
6156 2 2 2 1 2861 2307 4351
6157 2 2 2 1 2736 1213 3365
6158 2 2 2 1 2766 748 3531
6159 2 2 2 1 2722 3216 4545
6160 2 2 2 1 17 18 3069
6161 2 2 2 1 2391 4827 5242
6162 2 2 2 1 1797 3979 4411
6163 2 2 2 1 3020 629 3139
6164 2 2 2 1 4153 1050 5521
6165 2 2 2 1 4827 914 5242
6166 2 2 2 1 2434 1681 5184
6167 2 2 2 1 2231 2448 4402
6168 2 2 2 1 2014 2887 3666
6169 2 2 2 1 2726 445 4809
6170 2 2 2 1 2398 1432 4848
6171 2 2 2 1 2563 1274 3762
6172 2 2 2 1 1048 2878 4575
6173 2 2 2 1 3211 2066 5560
6174 2 2 2 1 2382 999 4423
6175 2 2 2 1 968 2587 4409
6176 2 2 2 1 3043 1101 3054
6177 2 2 2 1 1887 3969 4327
6178 2 2 2 1 877 2418 5020
6179 2 2 2 1 2405 1603 4985
6180 2 2 2 1 2883 680 5350
6181 2 2 2 1 1249 3020 3139
6182 2 2 2 1 2673 623 3319
6183 2 2 2 1 678 2661 3328
6184 2 2 2 1 1279 2766 3531
6185 2 2 2 1 2509 2090 5746
6186 2 2 2 1 2418 877 4274
6187 2 2 2 1 3577 1736 5271
6188 2 2 2 1 1886 3094 4118
6189 2 2 2 1 569 3110 5096
6190 2 2 2 1 2491 1108 5659
6191 2 2 2 1 4629 1753 5043
6192 2 2 2 1 2409 729 3992
6193 2 2 2 1 1854 2883 5350
6194 2 2 2 1 2447 1204 3799
6195 2 2 2 1 266 2785 5528
6196 2 2 2 1 2399 1035 5672
6197 2 2 2 1 1453 2451 4878
6198 2 2 2 1 585 2736 3365
6199 2 2 2 1 2440 3857 5548
6200 2 2 2 1 3093 1275 4211
6201 2 2 2 1 1714 3706 5100
6202 2 2 2 1 1978 4823 4923
6203 2 2 2 1 2663 1165 5396
6204 2 2 2 1 988 2433 5134
6205 2 2 2 1 2948 1110 3451
6206 2 2 2 1 1943 3224 5464
6207 2 2 2 1 1633 3093 4211
6208 2 2 2 1 705 4254 4318
6209 2 2 2 1 795 4028 4708
6210 2 2 2 1 3041 1456 4203
6211 2 2 2 1 920 2512 4356
6212 2 2 2 1 3779 697 5408
6213 2 2 2 1 1955 2738 3758
6214 2 2 2 1 2749 1646 5038
6215 2 2 2 1 822 4867 5277
6216 2 2 2 1 1215 2496 4298
6217 2 2 2 1 2899 649 3342
6218 2 2 2 1 1482 4541 4791
6219 2 2 2 1 1450 2899 3342
6220 2 2 2 1 2857 1561 4304
6221 2 2 2 1 684 5012 5212
6222 2 2 2 1 3876 1549 4396
6223 2 2 2 1 3857 1250 5548
6224 2 2 2 1 2731 1190 4679
6225 2 2 2 1 2512 1370 4356
6226 2 2 2 1 1507 2431 5098
6227 2 2 2 1 1694 3887 5383
6228 2 2 2 1 909 2408 4135
6229 2 2 2 1 974 4222 4697
6230 2 2 2 1 2829 1176 3699
6231 2 2 2 1 2438 610 4253
6232 2 2 2 1 3709 2082 5636
6233 2 2 2 1 1953 3973 4374
6234 2 2 2 1 2426 1401 4689
6235 2 2 2 1 4222 2375 4697
6236 2 2 2 1 2765 447 3252
6237 2 2 2 1 2614 1712 5401
6238 2 2 2 1 447 2765 3459
6239 2 2 2 1 2393 1163 4641
6240 2 2 2 1 2455 3779 5726
6241 2 2 2 1 1284 2389 4172
6242 2 2 2 1 485 4198 5042
6243 2 2 2 1 1316 2438 4253
6244 2 2 2 1 3091 1244 3330
6245 2 2 2 1 1593 2910 5219
6246 2 2 2 1 1408 2397 5344
6247 2 2 2 1 791 3150 4749
6248 2 2 2 1 1167 2770 4205
6249 2 2 2 1 3579 2322 5477
6250 2 2 2 1 3081 865 4760
6251 2 2 2 1 3993 2325 5569
6252 2 2 2 1 3252 1269 3316
6253 2 2 2 1 4077 1431 4383
6254 2 2 2 1 3412 777 4076
6255 2 2 2 1 2495 591 4185
6256 2 2 2 1 3150 1829 4749
6257 2 2 2 1 2449 1914 5315
6258 2 2 2 1 203 204 3229
6259 2 2 2 1 2396 808 4944
6260 2 2 2 1 909 2614 5401
6261 2 2 2 1 2765 1258 3459
6262 2 2 2 1 2618 1029 3399
6263 2 2 2 1 1798 3081 4760
6264 2 2 2 1 4068 671 5002
6265 2 2 2 1 2429 1219 5035
6266 2 2 2 1 3134 1283 3294
6267 2 2 2 1 2439 1328 3939
6268 2 2 2 1 3976 1854 5510
6269 2 2 2 1 5289 2879 5442
6270 2 2 2 1 1739 3412 4076
6271 2 2 2 1 2462 1490 5032
6272 2 2 2 1 1689 2964 5430
6273 2 2 2 1 2406 1125 4743
6274 2 2 2 1 2389 944 4172
6275 2 2 2 1 1039 2644 3386
6276 2 2 2 1 2458 1222 3904
6277 2 2 2 1 4385 1826 4716
6278 2 2 2 1 1335 3134 3294
6279 2 2 2 1 705 3472 4605
6280 2 2 2 1 2392 1963 4735
6281 2 2 2 1 1806 4462 4782
6282 2 2 2 1 2511 571 5710
6283 2 2 2 1 1945 2941 3690
6284 2 2 2 1 2889 449 4958
6285 2 2 2 1 1827 2494 5641
6286 2 2 2 1 851 2402 4481
6287 2 2 2 1 2651 632 4850
6288 2 2 2 1 1470 2428 5001
6289 2 2 2 1 1512 2692 5609
6290 2 2 2 1 2679 1613 4978
6291 2 2 2 1 235 236 3792
6292 2 2 2 1 2413 1236 4872
6293 2 2 2 1 2615 486 3431
6294 2 2 2 1 311 2678 4408
6295 2 2 2 1 2502 1148 5654
6296 2 2 2 1 333 332 3369
6297 2 2 2 1 2770 1167 3266
6298 2 2 2 1 2468 978 4120
6299 2 2 2 1 2843 1170 5523
6300 2 2 2 1 818 5159 5234
6301 2 2 2 1 1936 2541 3918
6302 2 2 2 1 1450 3342 3432
6303 2 2 2 1 3342 1296 3432
6304 2 2 2 1 2449 1033 3841
6305 2 2 2 1 3010 1000 4008
6306 2 2 2 1 4031 445 4823
6307 2 2 2 1 3118 2513 4726
6308 2 2 2 1 2422 1636 4049
6309 2 2 2 1 707 2679 4978
6310 2 2 2 1 2259 2986 4604
6311 2 2 2 1 2404 456 4419
6312 2 2 2 1 1125 2411 4722
6313 2 2 2 1 2934 1451 4083
6314 2 2 2 1 3769 465 4677
6315 2 2 2 1 1988 4323 5509
6316 2 2 2 1 600 2443 3936
6317 2 2 2 1 1848 2561 4065
6318 2 2 2 1 3595 1260 5361
6319 2 2 2 1 587 3452 3668
6320 2 2 2 1 3406 1804 4288
6321 2 2 2 1 947 3017 3885
6322 2 2 2 1 3687 1338 5170
6323 2 2 2 1 3057 1160 3480
6324 2 2 2 1 527 3272 5479
6325 2 2 2 1 1950 3864 4921
6326 2 2 2 1 2982 916 3551
6327 2 2 2 1 591 2495 5563
6328 2 2 2 1 723 2622 3429
6329 2 2 2 1 2806 1692 3685
6330 2 2 2 1 1606 2890 4591
6331 2 2 2 1 2178 3748 5424
6332 2 2 2 1 1672 2982 3551
6333 2 2 2 1 2614 444 4010
6334 2 2 2 1 1800 3676 4488
6335 2 2 2 1 2516 1183 5700
6336 2 2 2 1 3660 655 4196
6337 2 2 2 1 3029 815 3203
6338 2 2 2 1 3239 734 5220
6339 2 2 2 1 1636 4698 5157
6340 2 2 2 1 3326 1210 5667
6341 2 2 2 1 1339 2840 3705
6342 2 2 2 1 2880 2347 4652
6343 2 2 2 1 3218 1817 4527
6344 2 2 2 1 2430 454 4997
6345 2 2 2 1 716 3929 5383
6346 2 2 2 1 2628 3594 4967
6347 2 2 2 1 68 69 3734
6348 2 2 2 1 1336 2609 3451
6349 2 2 2 1 1863 4096 5508
6350 2 2 2 1 3403 2281 4041
6351 2 2 2 1 2900 544 3450
6352 2 2 2 1 1760 5149 5658
6353 2 2 2 1 2890 702 4591
6354 2 2 2 1 2441 1164 4001
6355 2 2 2 1 1398 2412 4700
6356 2 2 2 1 2412 952 4700
6357 2 2 2 1 3454 355 4643
6358 2 2 2 1 796 2946 5391
6359 2 2 2 1 2929 634 3187
6360 2 2 2 1 2541 484 3918
6361 2 2 2 1 2472 1390 4902
6362 2 2 2 1 312 311 4408
6363 2 2 2 1 1091 2511 5639
6364 2 2 2 1 2840 698 3705
6365 2 2 2 1 2416 539 4713
6366 2 2 2 1 1421 3406 4288
6367 2 2 2 1 3763 497 4163
6368 2 2 2 1 896 3022 3819
6369 2 2 2 1 1025 2976 4281
6370 2 2 2 1 1313 2417 4265
6371 2 2 2 1 771 2458 3904
6372 2 2 2 1 3523 642 4789
6373 2 2 2 1 1938 3763 4163
6374 2 2 2 1 4161 281 4723
6375 2 2 2 1 2410 1366 4455
6376 2 2 2 1 3720 1779 3916
6377 2 2 2 1 1376 2477 4052
6378 2 2 2 1 579 2698 4750
6379 2 2 2 1 540 2423 4088
6380 2 2 2 1 2493 1008 3754
6381 2 2 2 1 3264 892 4736
6382 2 2 2 1 1281 2593 3825
6383 2 2 2 1 3627 2076 4750
6384 2 2 2 1 2659 490 3422
6385 2 2 2 1 1286 2425 4628
6386 2 2 2 1 462 2510 3722
6387 2 2 2 1 2536 438 4980
6388 2 2 2 1 172 3430 5471
6389 2 2 2 1 1622 2585 5216
6390 2 2 2 1 564 3185 5575
6391 2 2 2 1 1649 3155 4512
6392 2 2 2 1 1885 2659 3422
6393 2 2 2 1 2548 1186 3701
6394 2 2 2 1 3673 939 3908
6395 2 2 2 1 2411 917 4485
6396 2 2 2 1 2819 1602 5072
6397 2 2 2 1 1439 3070 3815
6398 2 2 2 1 1222 2458 4125
6399 2 2 2 1 4281 2976 5512
6400 2 2 2 1 703 2422 4277
6401 2 2 2 1 1434 3086 4504
6402 2 2 2 1 1701 4312 4668
6403 2 2 2 1 2953 1038 4854
6404 2 2 2 1 2607 170 3518
6405 2 2 2 1 2006 4404 4934
6406 2 2 2 1 1728 2953 4854
6407 2 2 2 1 2585 796 5216
6408 2 2 2 1 1210 3453 5667
6409 2 2 2 1 1399 3778 3921
6410 2 2 2 1 2413 899 5415
6411 2 2 2 1 2424 1302 4734
6412 2 2 2 1 2593 608 3825
6413 2 2 2 1 2477 867 4052
6414 2 2 2 1 1249 2791 3358
6415 2 2 2 1 2167 2887 4260
6416 2 2 2 1 1174 2967 5354
6417 2 2 2 1 737 2898 4805
6418 2 2 2 1 604 2633 3559
6419 2 2 2 1 346 345 5730
6420 2 2 2 1 203 3229 4108
6421 2 2 2 1 1901 3264 4736
6422 2 2 2 1 2421 24 4811
6423 2 2 2 1 4752 1812 5457
6424 2 2 2 1 3062 1879 4786
6425 2 2 2 1 3147 512 4945
6426 2 2 2 1 1747 2927 3335
6427 2 2 2 1 837 3467 5490
6428 2 2 2 1 2553 3606 5638
6429 2 2 2 1 657 2460 4060
6430 2 2 2 1 2828 1287 3556
6431 2 2 2 1 573 2436 4214
6432 2 2 2 1 3236 1416 3566
6433 2 2 2 1 2503 1369 3922
6434 2 2 2 1 1099 2912 3211
6435 2 2 2 1 2633 1224 3559
6436 2 2 2 1 1780 3673 3908
6437 2 2 2 1 1099 3211 5560
6438 2 2 2 1 1494 2739 4758
6439 2 2 2 1 2927 879 3335
6440 2 2 2 1 1109 2479 5343
6441 2 2 2 1 605 2828 3556
6442 2 2 2 1 373 2512 3812
6443 2 2 2 1 2117 2726 4809
6444 2 2 2 1 2827 1540 3943
6445 2 2 2 1 465 3633 5039
6446 2 2 2 1 982 2607 5219
6447 2 2 2 1 3274 2833 5061
6448 2 2 2 1 1077 4036 4914
6449 2 2 2 1 1320 2978 5411
6450 2 2 2 1 444 2655 4010
6451 2 2 2 1 1593 3430 3874
6452 2 2 2 1 3467 2279 5490
6453 2 2 2 1 2099 2443 4973
6454 2 2 2 1 401 2906 3380
6455 2 2 2 1 4176 2118 5525
6456 2 2 2 1 2550 584 3640
6457 2 2 2 1 715 3720 3916
6458 2 2 2 1 1560 2416 4559
6459 2 2 2 1 2088 3869 4439
6460 2 2 2 1 4036 2381 4914
6461 2 2 2 1 3008 2025 4027
6462 2 2 2 1 1184 2846 3830
6463 2 2 2 1 2643 716 3564
6464 2 2 2 1 3646 1356 3769
6465 2 2 2 1 3869 709 4439
6466 2 2 2 1 3226 2628 5191
6467 2 2 2 1 1715 3646 3769
6468 2 2 2 1 215 2749 5038
6469 2 2 2 1 3260 1391 3473
6470 2 2 2 1 3450 544 4246
6471 2 2 2 1 2425 993 4628
6472 2 2 2 1 2493 397 5463
6473 2 2 2 1 1589 3194 3654
6474 2 2 2 1 1224 2643 3564
6475 2 2 2 1 2771 1746 5334
6476 2 2 2 1 1003 2771 5334
6477 2 2 2 1 1190 2731 3557
6478 2 2 2 1 2461 1445 4900
6479 2 2 2 1 1696 2582 4101
6480 2 2 2 1 2284 4048 5243
6481 2 2 2 1 3009 680 4074
6482 2 2 2 1 668 2981 3804
6483 2 2 2 1 3548 1559 4954
6484 2 2 2 1 1036 2539 4793
6485 2 2 2 1 3359 2775 5729
6486 2 2 2 1 1527 2432 4285
6487 2 2 2 1 730 3814 3821
6488 2 2 2 1 1051 2719 3385
6489 2 2 2 1 1008 2517 5631
6490 2 2 2 1 232 3133 3509
6491 2 2 2 1 1045 3102 4808
6492 2 2 2 1 3756 1730 4186
6493 2 2 2 1 3140 1126 5536
6494 2 2 2 1 1621 3953 4653
6495 2 2 2 1 923 2547 4595
6496 2 2 2 1 2656 577 4138
6497 2 2 2 1 819 3076 3297
6498 2 2 2 1 3953 2212 4653
6499 2 2 2 1 1364 2975 5749
6500 2 2 2 1 127 2503 3922
6501 2 2 2 1 998 2876 3733
6502 2 2 2 1 2454 869 4883
6503 2 2 2 1 2981 1411 3804
6504 2 2 2 1 2534 932 3702
6505 2 2 2 1 3024 2016 5604
6506 2 2 2 1 3693 316 5437
6507 2 2 2 1 1076 2433 4676
6508 2 2 2 1 1496 3009 4074
6509 2 2 2 1 1254 2462 4011
6510 2 2 2 1 2883 1179 4123
6511 2 2 2 1 1812 2830 5467
6512 2 2 2 1 1406 3357 4415
6513 2 2 2 1 2432 1527 4649
6514 2 2 2 1 810 3024 5604
6515 2 2 2 1 3814 1795 3821
6516 2 2 2 1 3313 427 4879
6517 2 2 2 1 1300 2446 5575
6518 2 2 2 1 978 2468 4012
6519 2 2 2 1 109 110 3158
6520 2 2 2 1 2590 1078 3586
6521 2 2 2 1 2861 1429 4062
6522 2 2 2 1 1431 3439 4383
6523 2 2 2 1 3076 1473 3297
6524 2 2 2 1 1187 2655 3776
6525 2 2 2 1 2359 4131 5203
6526 2 2 2 1 157 2472 4902
6527 2 2 2 1 3212 627 3968
6528 2 2 2 1 1138 3157 5587
6529 2 2 2 1 170 171 3518
6530 2 2 2 1 4447 1582 4555
6531 2 2 2 1 2606 586 3553
6532 2 2 2 1 2133 3313 4879
6533 2 2 2 1 2830 1055 5467
6534 2 2 2 1 469 2826 4550
6535 2 2 2 1 2562 3670 5003
6536 2 2 2 1 903 2580 5498
6537 2 2 2 1 1328 2439 4297
6538 2 2 2 1 2001 2861 4062
6539 2 2 2 1 1437 2647 4452
6540 2 2 2 1 183 2988 3886
6541 2 2 2 1 2647 635 4452
6542 2 2 2 1 484 2541 3890
6543 2 2 2 1 1542 2455 5445
6544 2 2 2 1 4227 727 5627
6545 2 2 2 1 1913 3454 4643
6546 2 2 2 1 1367 3225 5686
6547 2 2 2 1 1377 4177 4964
6548 2 2 2 1 2514 884 5298
6549 2 2 2 1 1096 3447 5084
6550 2 2 2 1 2541 1270 3890
6551 2 2 2 1 985 2979 3418
6552 2 2 2 1 4600 2344 5751
6553 2 2 2 1 2887 419 4260
6554 2 2 2 1 3551 1278 3808
6555 2 2 2 1 2440 1200 4334
6556 2 2 2 1 1672 3551 3808
6557 2 2 2 1 2461 1026 5100
6558 2 2 2 1 2123 2911 5259
6559 2 2 2 1 3575 670 5385
6560 2 2 2 1 1191 2591 4239
6561 2 2 2 1 3373 1014 4668
6562 2 2 2 1 601 2775 3359
6563 2 2 2 1 84 2778 5145
6564 2 2 2 1 1210 3326 3344
6565 2 2 2 1 503 2492 3898
6566 2 2 2 1 990 2569 5489
6567 2 2 2 1 3560 424 3566
6568 2 2 2 1 3349 2520 4185
6569 2 2 2 1 1628 3065 4004
6570 2 2 2 1 1782 3101 5203
6571 2 2 2 1 3326 1403 3344
6572 2 2 2 1 2027 2896 4773
6573 2 2 2 1 1898 2843 5714
6574 2 2 2 1 36 37 3824
6575 2 2 2 1 3650 1997 4495
6576 2 2 2 1 1467 3650 4495
6577 2 2 2 1 2470 437 4880
6578 2 2 2 1 1663 4813 5109
6579 2 2 2 1 444 2614 4407
6580 2 2 2 1 4019 476 4607
6581 2 2 2 1 1325 2847 3296
6582 2 2 2 1 3014 150 3639
6583 2 2 2 1 3535 1528 4487
6584 2 2 2 1 2454 1309 4279
6585 2 2 2 1 129 130 5577
6586 2 2 2 1 869 2454 4279
6587 2 2 2 1 1551 3470 4000
6588 2 2 2 1 2437 439 4328
6589 2 2 2 1 1170 2570 3902
6590 2 2 2 1 150 151 3639
6591 2 2 2 1 2519 595 3835
6592 2 2 2 1 3202 2174 5163
6593 2 2 2 1 1772 3877 5144
6594 2 2 2 1 3210 1771 4910
6595 2 2 2 1 2843 785 5714
6596 2 2 2 1 683 2999 3789
6597 2 2 2 1 2562 1000 3670
6598 2 2 2 1 2578 955 4654
6599 2 2 2 1 254 255 4551
6600 2 2 2 1 1242 2500 5104
6601 2 2 2 1 1448 2578 4654
6602 2 2 2 1 1663 3726 4813
6603 2 2 2 1 954 2641 4969
6604 2 2 2 1 2853 1395 3989
6605 2 2 2 1 4131 844 5203
6606 2 2 2 1 1570 2848 4322
6607 2 2 2 1 1922 2540 3831
6608 2 2 2 1 2518 1680 5567
6609 2 2 2 1 1523 2651 4850
6610 2 2 2 1 2592 81 3623
6611 2 2 2 1 245 2450 5040
6612 2 2 2 1 182 183 3886
6613 2 2 2 1 3306 1831 4579
6614 2 2 2 1 876 2452 4878
6615 2 2 2 1 416 3306 4579
6616 2 2 2 1 2957 1269 3252
6617 2 2 2 1 2945 1376 4330
6618 2 2 2 1 3421 770 5588
6619 2 2 2 1 2502 950 3907
6620 2 2 2 1 2443 888 5358
6621 2 2 2 1 3381 1303 4209
6622 2 2 2 1 1110 3055 3451
6623 2 2 2 1 2854 818 5234
6624 2 2 2 1 286 285 4849
6625 2 2 2 1 1270 2541 3984
6626 2 2 2 1 2753 506 3994
6627 2 2 2 1 30 31 3659
6628 2 2 2 1 3494 1970 5755
6629 2 2 2 1 952 2741 4700
6630 2 2 2 1 2470 1096 5084
6631 2 2 2 1 3081 1460 4939
6632 2 2 2 1 360 359 4195
6633 2 2 2 1 2659 2213 4191
6634 2 2 2 1 2936 1866 5398
6635 2 2 2 1 3214 1908 4393
6636 2 2 2 1 1545 2481 4108
6637 2 2 2 1 3055 1336 3451
6638 2 2 2 1 164 165 3480
6639 2 2 2 1 3152 1144 3431
6640 2 2 2 1 3327 1568 3817
6641 2 2 2 1 675 3327 3817
6642 2 2 2 1 750 2780 5021
6643 2 2 2 1 2472 878 4619
6644 2 2 2 1 2448 1912 4402
6645 2 2 2 1 2481 202 4108
6646 2 2 2 1 2459 1671 4986
6647 2 2 2 1 490 2756 3422
6648 2 2 2 1 382 2853 3989
6649 2 2 2 1 2544 1397 3775
6650 2 2 2 1 447 2957 3252
6651 2 2 2 1 1473 2921 3668
6652 2 2 2 1 2520 1162 5513
6653 2 2 2 1 1338 4055 5170
6654 2 2 2 1 1332 2694 4145
6655 2 2 2 1 2692 736 3482
6656 2 2 2 1 1441 3135 4544
6657 2 2 2 1 2567 733 5330
6658 2 2 2 1 1003 2879 5289
6659 2 2 2 1 1805 3174 5660
6660 2 2 2 1 3394 275 5443
6661 2 2 2 1 1501 2787 4788
6662 2 2 2 1 508 2671 3977
6663 2 2 2 1 453 3532 5063
6664 2 2 2 1 595 2767 5279
6665 2 2 2 1 265 266 5528
6666 2 2 2 1 1722 3023 5214
6667 2 2 2 1 1910 3612 5218
6668 2 2 2 1 1359 3030 4022
6669 2 2 2 1 2486 1121 4020
6670 2 2 2 1 1650 2516 5700
6671 2 2 2 1 1722 3704 5410
6672 2 2 2 1 1626 2567 5330
6673 2 2 2 1 1186 2567 3701
6674 2 2 2 1 2671 1324 3977
6675 2 2 2 1 1500 2518 5066
6676 2 2 2 1 812 2646 3568
6677 2 2 2 1 3810 2440 5548
6678 2 2 2 1 390 2755 3976
6679 2 2 2 1 3107 1281 3771
6680 2 2 2 1 803 3408 5599
6681 2 2 2 1 2755 1358 3976
6682 2 2 2 1 2705 2322 5086
6683 2 2 2 1 1142 2851 3332
6684 2 2 2 1 2486 749 4065
6685 2 2 2 1 2508 1320 5411
6686 2 2 2 1 3755 402 4672
6687 2 2 2 1 2628 602 3594
6688 2 2 2 1 3031 124 5473
6689 2 2 2 1 1986 4104 4506
6690 2 2 2 1 4307 838 4524
6691 2 2 2 1 2244 4307 4524
6692 2 2 2 1 1213 2821 3365
6693 2 2 2 1 3056 1492 3994
6694 2 2 2 1 1390 2472 4619
6695 2 2 2 1 3067 1192 4480
6696 2 2 2 1 81 82 3623
6697 2 2 2 1 395 3709 5636
6698 2 2 2 1 1120 3161 4319
6699 2 2 2 1 294 293 4203
6700 2 2 2 1 1725 3958 5033
6701 2 2 2 1 3249 1591 4664
6702 2 2 2 1 1613 2679 3742
6703 2 2 2 1 3227 1318 4638
6704 2 2 2 1 1881 2661 4170
6705 2 2 2 1 2099 3755 4672
6706 2 2 2 1 624 2918 3463
6707 2 2 2 1 1217 3029 3203
6708 2 2 2 1 2715 1222 3532
6709 2 2 2 1 649 3040 3342
6710 2 2 2 1 258 259 4024
6711 2 2 2 1 2518 1500 5055
6712 2 2 2 1 3040 1296 3342
6713 2 2 2 1 2830 1812 3597
6714 2 2 2 1 4236 741 5388
6715 2 2 2 1 453 2715 3532
6716 2 2 2 1 506 3056 3994
6717 2 2 2 1 5283 3140 5536
6718 2 2 2 1 4118 765 5215
6719 2 2 2 1 2610 1261 3608
6720 2 2 2 1 3349 2509 5746
6721 2 2 2 1 3493 1461 4291
6722 2 2 2 1 2674 448 3920
6723 2 2 2 1 681 3092 3658
6724 2 2 2 1 371 370 3730
6725 2 2 2 1 1475 2683 4594
6726 2 2 2 1 2661 678 4170
6727 2 2 2 1 388 387 3317
6728 2 2 2 1 2804 963 4992
6729 2 2 2 1 1970 3272 5755
6730 2 2 2 1 2688 928 5208
6731 2 2 2 1 3009 1496 3396
6732 2 2 2 1 434 2518 5055
6733 2 2 2 1 962 2475 5680
6734 2 2 2 1 3395 1760 3728
6735 2 2 2 1 2961 9 5570
6736 2 2 2 1 3748 766 5424
6737 2 2 2 1 2636 2392 4735
6738 2 2 2 1 3210 1219 4081
6739 2 2 2 1 2253 4079 4092
6740 2 2 2 1 1239 2684 4644
6741 2 2 2 1 4864 811 5352
6742 2 2 2 1 2475 302 4988
6743 2 2 2 1 165 3057 3480
6744 2 2 2 1 2529 189 3881
6745 2 2 2 1 3224 1943 4699
6746 2 2 2 1 1855 3820 5137
6747 2 2 2 1 2653 2005 4762
6748 2 2 2 1 2683 462 4594
6749 2 2 2 1 4079 1266 4092
6750 2 2 2 1 3190 1114 5068
6751 2 2 2 1 101 2834 4865
6752 2 2 2 1 1313 2674 3920
6753 2 2 2 1 1575 2988 5140
6754 2 2 2 1 2081 2822 5230
6755 2 2 2 1 1381 3371 3679
6756 2 2 2 1 3371 1530 3679
6757 2 2 2 1 1208 3150 4029
6758 2 2 2 1 2344 3433 4869
6759 2 2 2 1 3151 1551 3970
6760 2 2 2 1 885 3200 5480
6761 2 2 2 1 3064 1034 5529
6762 2 2 2 1 867 2477 5066
6763 2 2 2 1 1523 4226 4485
6764 2 2 2 1 483 3222 3741
6765 2 2 2 1 1193 2467 4862
6766 2 2 2 1 720 4392 4816
6767 2 2 2 1 398 2464 4635
6768 2 2 2 1 1241 2464 4515
6769 2 2 2 1 4867 2271 5277
6770 2 2 2 1 1577 2516 3987
6771 2 2 2 1 2952 1200 3681
6772 2 2 2 1 4794 1884 5656
6773 2 2 2 1 982 3224 4699
6774 2 2 2 1 2889 977 4739
6775 2 2 2 1 2975 1364 3740
6776 2 2 2 1 1703 3962 4088
6777 2 2 2 1 3200 2060 5480
6778 2 2 2 1 510 2896 5060
6779 2 2 2 1 4392 2399 4816
6780 2 2 2 1 91 2953 5485
6781 2 2 2 1 3259 341 4924
6782 2 2 2 1 825 4238 4563
6783 2 2 2 1 1994 3064 5529
6784 2 2 2 1 2582 1696 5611
6785 2 2 2 1 2631 308 3847
6786 2 2 2 1 357 356 5470
6787 2 2 2 1 717 2582 5611
6788 2 2 2 1 616 4620 4734
6789 2 2 2 1 1633 2875 4826
6790 2 2 2 1 616 2477 4620
6791 2 2 2 1 4238 2287 4563
6792 2 2 2 1 342 3259 4993
6793 2 2 2 1 56 57 3223
6794 2 2 2 1 940 3151 3970
6795 2 2 2 1 930 2718 4692
6796 2 2 2 1 3033 705 4318
6797 2 2 2 1 2472 157 4866
6798 2 2 2 1 3178 1959 4444
6799 2 2 2 1 1935 3626 5626
6800 2 2 2 1 2754 961 5716
6801 2 2 2 1 2875 733 4826
6802 2 2 2 1 2044 4239 5636
6803 2 2 2 1 620 2714 3511
6804 2 2 2 1 1674 4600 5751
6805 2 2 2 1 1123 2975 3740
6806 2 2 2 1 1347 3430 4300
6807 2 2 2 1 1206 2558 3871
6808 2 2 2 1 2477 1376 4620
6809 2 2 2 1 277 4465 5676
6810 2 2 2 1 1177 3035 3247
6811 2 2 2 1 3034 635 3375
6812 2 2 2 1 2500 557 4127
6813 2 2 2 1 1397 3019 3775
6814 2 2 2 1 1821 2754 5716
6815 2 2 2 1 809 4014 5699
6816 2 2 2 1 93 2480 4934
6817 2 2 2 1 3112 1047 4929
6818 2 2 2 1 1012 2715 4306
6819 2 2 2 1 1298 3034 3375
6820 2 2 2 1 3465 703 5531
6821 2 2 2 1 2476 1122 4489
6822 2 2 2 1 2492 503 5138
6823 2 2 2 1 1608 2468 5005
6824 2 2 2 1 2811 727 4256
6825 2 2 2 1 2923 1614 4099
6826 2 2 2 1 2534 472 4492
6827 2 2 2 1 2549 1765 5640
6828 2 2 2 1 1914 3087 5315
6829 2 2 2 1 2524 3407 5229
6830 2 2 2 1 1599 2612 4339
6831 2 2 2 1 2547 923 4544
6832 2 2 2 1 1866 5215 5398
6833 2 2 2 1 1378 2534 4492
6834 2 2 2 1 347 346 3235
6835 2 2 2 1 1374 2845 5522
6836 2 2 2 1 1635 3498 4989
6837 2 2 2 1 1078 3979 4580
6838 2 2 2 1 3862 330 4433
6839 2 2 2 1 1684 2508 4112
6840 2 2 2 1 2509 1741 5281
6841 2 2 2 1 2924 1670 3869
6842 2 2 2 1 1207 2742 3654
6843 2 2 2 1 3531 748 4177
6844 2 2 2 1 3484 1645 4246
6845 2 2 2 1 670 4232 5385
6846 2 2 2 1 9 388 5570
6847 2 2 2 1 3524 512 5361
6848 2 2 2 1 1766 3531 4177
6849 2 2 2 1 2599 1216 5120
6850 2 2 2 1 2490 1308 4314
6851 2 2 2 1 3056 1710 5092
6852 2 2 2 1 1212 2606 4345
6853 2 2 2 1 58 59 5273
6854 2 2 2 1 741 3175 5387
6855 2 2 2 1 1302 2485 4734
6856 2 2 2 1 614 2706 5606
6857 2 2 2 1 5232 2801 5318
6858 2 2 2 1 1190 3001 4679
6859 2 2 2 1 3934 799 4671
6860 2 2 2 1 4662 504 5633
6861 2 2 2 1 1653 4835 5342
6862 2 2 2 1 3019 455 3775
6863 2 2 2 1 1484 2725 3544
6864 2 2 2 1 3013 148 4829
6865 2 2 2 1 2610 677 3786
6866 2 2 2 1 619 2872 4593
6867 2 2 2 1 3610 1444 4601
6868 2 2 2 1 1971 3338 4998
6869 2 2 2 1 2598 455 4086
6870 2 2 2 1 2485 616 4734
6871 2 2 2 1 3087 528 5315
6872 2 2 2 1 49 50 3711
6873 2 2 2 1 4908 1953 5378
6874 2 2 2 1 2691 765 4118
6875 2 2 2 1 1243 2664 4214
6876 2 2 2 1 1340 4094 4355
6877 2 2 2 1 398 2557 5662
6878 2 2 2 1 3338 1418 4998
6879 2 2 2 1 2639 974 3802
6880 2 2 2 1 3447 1989 5084
6881 2 2 2 1 1271 2639 3802
6882 2 2 2 1 2777 576 5102
6883 2 2 2 1 4094 2105 4355
6884 2 2 2 1 2606 1212 4375
6885 2 2 2 1 1616 2498 4240
6886 2 2 2 1 2500 1004 5104
6887 2 2 2 1 1176 2853 3588
6888 2 2 2 1 1163 3384 4641
6889 2 2 2 1 2510 935 5539
6890 2 2 2 1 2826 469 4136
6891 2 2 2 1 1362 3094 3539
6892 2 2 2 1 1587 2496 5028
6893 2 2 2 1 1043 2962 3615
6894 2 2 2 1 2782 1615 4996
6895 2 2 2 1 1095 2693 3591
6896 2 2 2 1 148 149 4829
6897 2 2 2 1 4620 2424 4734
6898 2 2 2 1 1503 4158 4332
6899 2 2 2 1 1700 3732 4674
6900 2 2 2 1 1734 3602 4501
6901 2 2 2 1 674 2782 4996
6902 2 2 2 1 2674 1313 4265
6903 2 2 2 1 1803 3309 4068
6904 2 2 2 1 607 2490 4314
6905 2 2 2 1 1888 3031 5473
6906 2 2 2 1 5007 3465 5531
6907 2 2 2 1 1403 2856 3404
6908 2 2 2 1 4772 1995 5390
6909 2 2 2 1 3411 2092 5202
6910 2 2 2 1 2731 739 3557
6911 2 2 2 1 3888 1128 5043
6912 2 2 2 1 253 254 4292
6913 2 2 2 1 2606 3553 4172
6914 2 2 2 1 1404 2826 4136
6915 2 2 2 1 1319 2598 4086
6916 2 2 2 1 586 2635 4434
6917 2 2 2 1 2265 3798 5187
6918 2 2 2 1 90 91 5485
6919 2 2 2 1 3133 1329 3509
6920 2 2 2 1 1673 3006 4761
6921 2 2 2 1 85 86 3829
6922 2 2 2 1 533 2570 4830
6923 2 2 2 1 342 341 3259
6924 2 2 2 1 3260 1299 3435
6925 2 2 2 1 1799 3445 4860
6926 2 2 2 1 2754 1821 4208
6927 2 2 2 1 2897 4661 5380
6928 2 2 2 1 2993 533 4537
6929 2 2 2 1 3229 1545 4108
6930 2 2 2 1 475 3364 4895
6931 2 2 2 1 3168 1536 3189
6932 2 2 2 1 1327 4474 5335
6933 2 2 2 1 2726 973 4546
6934 2 2 2 1 2179 2895 5543
6935 2 2 2 1 3568 1312 5574
6936 2 2 2 1 1070 3492 5069
6937 2 2 2 1 919 3281 4470
6938 2 2 2 1 722 2487 5129
6939 2 2 2 1 1149 3168 3189
6940 2 2 2 1 2897 227 4661
6941 2 2 2 1 1391 3260 3435
6942 2 2 2 1 2223 5355 5617
6943 2 2 2 1 3363 1371 3714
6944 2 2 2 1 2700 1888 5473
6945 2 2 2 1 3034 1408 3807
6946 2 2 2 1 1362 2691 4118
6947 2 2 2 1 1307 3863 4128
6948 2 2 2 1 2554 959 4477
6949 2 2 2 1 635 3034 3807
6950 2 2 2 1 1373 2554 4477
6951 2 2 2 1 3798 1201 5187
6952 2 2 2 1 4660 1751 4746
6953 2 2 2 1 1519 3363 3714
6954 2 2 2 1 2623 1334 4156
6955 2 2 2 1 60 61 3360
6956 2 2 2 1 3665 1816 4161
6957 2 2 2 1 3318 1342 3647
6958 2 2 2 1 1472 3318 3647
6959 2 2 2 1 3863 1904 4128
6960 2 2 2 1 4620 1376 5444
6961 2 2 2 1 2955 1556 5265
6962 2 2 2 1 1410 3665 4161
6963 2 2 2 1 584 2542 5468
6964 2 2 2 1 3649 809 5699
6965 2 2 2 1 1312 4090 5574
6966 2 2 2 1 3276 2262 4558
6967 2 2 2 1 1887 3505 5704
6968 2 2 2 1 2654 626 5183
6969 2 2 2 1 4883 1364 5749
6970 2 2 2 1 1690 3136 5241
6971 2 2 2 1 1176 3131 3699
6972 2 2 2 1 1291 2521 4769
6973 2 2 2 1 192 193 3268
6974 2 2 2 1 920 2623 4156
6975 2 2 2 1 1629 4466 5070
6976 2 2 2 1 3806 484 3890
6977 2 2 2 1 409 2745 4940
6978 2 2 2 1 1433 3956 4364
6979 2 2 2 1 3295 1504 4037
6980 2 2 2 1 2745 1580 4940
6981 2 2 2 1 631 2508 5411
6982 2 2 2 1 3648 299 5748
6983 2 2 2 1 2654 950 3765
6984 2 2 2 1 208 2757 5022
6985 2 2 2 1 103 104 3270
6986 2 2 2 1 4100 3108 5571
6987 2 2 2 1 2862 1171 3856
6988 2 2 2 1 3384 1845 4641
6989 2 2 2 1 2529 956 5018
6990 2 2 2 1 740 3289 3980
6991 2 2 2 1 53 54 3939
6992 2 2 2 1 125 2700 5473
6993 2 2 2 1 3151 940 4568
6994 2 2 2 1 2542 1604 5451
6995 2 2 2 1 1261 2610 3786
6996 2 2 2 1 1485 2529 5018
6997 2 2 2 1 4080 2048 5240
6998 2 2 2 1 3136 1690 4560
6999 2 2 2 1 2526 478 4139
7000 2 2 2 1 1157 3136 4560
7001 2 2 2 1 1720 2524 5229
7002 2 2 2 1 3547 1825 4396
7003 2 2 2 1 2994 1611 3554
7004 2 2 2 1 5 3601 5443
7005 2 2 2 1 2424 4620 5444
7006 2 2 2 1 1509 4127 5415
7007 2 2 2 1 2497 919 4846
7008 2 2 2 1 2595 867 5567
7009 2 2 2 1 1082 2542 5451
7010 2 2 2 1 1748 3456 5182
7011 2 2 2 1 1708 3151 4568
7012 2 2 2 1 1771 3210 4682
7013 2 2 2 1 1257 2654 3765
7014 2 2 2 1 3210 720 4682
7015 2 2 2 1 3248 1234 4188
7016 2 2 2 1 4287 1092 5614
7017 2 2 2 1 1705 3250 4423
7018 2 2 2 1 2525 1842 5286
7019 2 2 2 1 3697 550 5533
7020 2 2 2 1 1218 2668 5119
7021 2 2 2 1 3190 5068 5431
7022 2 2 2 1 445 3101 4809
7023 2 2 2 1 1770 3806 3890
7024 2 2 2 1 465 3512 4677
7025 2 2 2 1 4235 1702 5242
7026 2 2 2 1 645 2497 4955
7027 2 2 2 1 2812 633 3507
7028 2 2 2 1 2533 1468 5107
7029 2 2 2 1 1414 4550 4728
7030 2 2 2 1 2764 1392 4200
7031 2 2 2 1 1680 2595 5567
7032 2 2 2 1 1438 3238 3244
7033 2 2 2 1 2696 507 5246
7034 2 2 2 1 646 2764 4200
7035 2 2 2 1 3238 1186 3244
7036 2 2 2 1 622 3367 3608
7037 2 2 2 1 130 3471 5577
7038 2 2 2 1 765 2691 3844
7039 2 2 2 1 33 34 3828
7040 2 2 2 1 2504 888 4761
7041 2 2 2 1 2506 947 5667
7042 2 2 2 1 3209 1623 4242
7043 2 2 2 1 2565 1990 3968
7044 2 2 2 1 2600 4780 5454
7045 2 2 2 1 3131 1554 3699
7046 2 2 2 1 874 3209 4242
7047 2 2 2 1 361 2560 5587
7048 2 2 2 1 2590 611 3926
7049 2 2 2 1 3825 608 5154
7050 2 2 2 1 2809 996 4286
7051 2 2 2 1 283 2649 3745
7052 2 2 2 1 963 2592 4992
7053 2 2 2 1 916 2519 5602
7054 2 2 2 1 3259 4924 5393
7055 2 2 2 1 2516 1577 5010
7056 2 2 2 1 3020 1249 3358
7057 2 2 2 1 3251 2707 5088
7058 2 2 2 1 613 3547 4396
7059 2 2 2 1 48 49 3959
7060 2 2 2 1 2507 1777 4874
7061 2 2 2 1 3205 1090 4685
7062 2 2 2 1 1370 2512 4420
7063 2 2 2 1 1271 3802 3872
7064 2 2 2 1 1762 3205 4685
7065 2 2 2 1 3802 1752 3872
7066 2 2 2 1 2743 134 5237
7067 2 2 2 1 2943 1568 3793
7068 2 2 2 1 3371 1381 4344
7069 2 2 2 1 1234 3289 4188
7070 2 2 2 1 2773 597 5150
7071 2 2 2 1 3702 1303 5162
7072 2 2 2 1 1040 2538 4219
7073 2 2 2 1 2786 1199 5163
7074 2 2 2 1 2538 1571 4219
7075 2 2 2 1 2327 3144 4001
7076 2 2 2 1 2508 1684 4751
7077 2 2 2 1 1077 2535 4427
7078 2 2 2 1 981 2666 4584
7079 2 2 2 1 2685 304 3967
7080 2 2 2 1 555 3153 3986
7081 2 2 2 1 2512 920 5248
7082 2 2 2 1 2967 1221 3680
7083 2 2 2 1 3159 2465 5396
7084 2 2 2 1 1039 3386 5169
7085 2 2 2 1 2892 1585 5164
7086 2 2 2 1 86 87 3323
7087 2 2 2 1 1723 3826 5257
7088 2 2 2 1 3558 427 5753
7089 2 2 2 1 3398 1251 4617
7090 2 2 2 1 1444 4444 4601
7091 2 2 2 1 408 2505 4555
7092 2 2 2 1 357 2594 4825
7093 2 2 2 1 1658 2773 5150
7094 2 2 2 1 2568 555 3986
7095 2 2 2 1 2353 3558 5753
7096 2 2 2 1 2594 1746 4825
7097 2 2 2 1 3153 1503 3986
7098 2 2 2 1 2532 1345 4395
7099 2 2 2 1 632 2754 4208
7100 2 2 2 1 3603 1515 5558
7101 2 2 2 1 1349 2685 3967
7102 2 2 2 1 1343 4137 4820
7103 2 2 2 1 2938 1115 3372
7104 2 2 2 1 1978 4031 4823
7105 2 2 2 1 2551 1098 4116
7106 2 2 2 1 2501 622 4911
7107 2 2 2 1 629 2532 4395
7108 2 2 2 1 3915 474 5344
7109 2 2 2 1 640 2514 4897
7110 2 2 2 1 1554 3366 3661
7111 2 2 2 1 2397 3915 5344
7112 2 2 2 1 996 2833 4286
7113 2 2 2 1 3050 660 5513
7114 2 2 2 1 3849 5561 5711
7115 2 2 2 1 1333 3065 3399
7116 2 2 2 1 2929 1241 3448
7117 2 2 2 1 3566 424 5591
7118 2 2 2 1 1943 3444 4806
7119 2 2 2 1 1300 2891 3658
7120 2 2 2 1 3816 1306 5601
7121 2 2 2 1 132 133 3341
7122 2 2 2 1 973 2801 4546
7123 2 2 2 1 1006 2755 3606
7124 2 2 2 1 2871 1187 3500
7125 2 2 2 1 3444 849 4806
7126 2 2 2 1 1649 3502 3941
7127 2 2 2 1 2761 1339 5424
7128 2 2 2 1 1860 3089 3683
7129 2 2 2 1 525 3224 5261
7130 2 2 2 1 4993 3259 5429
7131 2 2 2 1 2720 1439 4517
7132 2 2 2 1 3502 746 3941
7133 2 2 2 1 632 2651 4892
7134 2 2 2 1 1645 3450 4246
7135 2 2 2 1 2533 418 5003
7136 2 2 2 1 2694 1053 4145
7137 2 2 2 1 2891 681 3658
7138 2 2 2 1 1573 2877 4073
7139 2 2 2 1 594 2799 5209
7140 2 2 2 1 818 2854 5421
7141 2 2 2 1 2949 257 5648
7142 2 2 2 1 2854 1754 5421
7143 2 2 2 1 380 379 3696
7144 2 2 2 1 44 45 3703
7145 2 2 2 1 3261 1165 4957
7146 2 2 2 1 493 2720 4517
7147 2 2 2 1 2571 1266 4056
7148 2 2 2 1 4159 1238 4499
7149 2 2 2 1 3005 2008 3695
7150 2 2 2 1 4500 488 4725
7151 2 2 2 1 2636 1253 3908
7152 2 2 2 1 2655 444 3776
7153 2 2 2 1 3328 1246 4673
7154 2 2 2 1 1049 3070 3663
7155 2 2 2 1 1515 4482 5558
7156 2 2 2 1 4104 1420 4506
7157 2 2 2 1 2601 1275 5664
7158 2 2 2 1 623 3255 3319
7159 2 2 2 1 1468 2533 5003
7160 2 2 2 1 3070 1439 3663
7161 2 2 2 1 142 3 4690
7162 2 2 2 1 3 143 4690
7163 2 2 2 1 662 2801 5232
7164 2 2 2 1 3126 1417 4370
7165 2 2 2 1 2642 1019 3831
7166 2 2 2 1 1725 3346 3958
7167 2 2 2 1 3293 1346 3302
7168 2 2 2 1 1268 3293 3302
7169 2 2 2 1 2199 3490 4731
7170 2 2 2 1 2234 4962 5678
7171 2 2 2 1 907 2600 5454
7172 2 2 2 1 1129 4353 5503
7173 2 2 2 1 3255 1341 3319
7174 2 2 2 1 1309 2631 3847
7175 2 2 2 1 1705 2526 5029
7176 2 2 2 1 878 2501 4619
7177 2 2 2 1 2087 4437 5650
7178 2 2 2 1 193 194 4046
7179 2 2 2 1 350 349 3576
7180 2 2 2 1 1745 3163 3697
7181 2 2 2 1 2748 4233 5653
7182 2 2 2 1 956 2529 5472
7183 2 2 2 1 3524 1847 5226
7184 2 2 2 1 742 2517 4719
7185 2 2 2 1 1198 2616 3892
7186 2 2 2 1 3163 1074 3697
7187 2 2 2 1 1582 2620 3883
7188 2 2 2 1 970 2523 4932
7189 2 2 2 1 2558 1992 5351
7190 2 2 2 1 2742 718 3654
7191 2 2 2 1 3779 1872 5726
7192 2 2 2 1 683 3538 4548
7193 2 2 2 1 1837 4007 4713
7194 2 2 2 1 3589 2909 5461
7195 2 2 2 1 2357 4403 5147
7196 2 2 2 1 184 185 5140
7197 2 2 2 1 1345 2676 4167
7198 2 2 2 1 2676 408 4167
7199 2 2 2 1 2746 684 5212
7200 2 2 2 1 3983 1852 5164
7201 2 2 2 1 1352 3336 4553
7202 2 2 2 1 964 2553 4233
7203 2 2 2 1 1277 2536 4376
7204 2 2 2 1 4248 2304 5624
7205 2 2 2 1 807 2821 4373
7206 2 2 2 1 435 2930 4212
7207 2 2 2 1 1215 2821 4259
7208 2 2 2 1 3549 1657 4686
7209 2 2 2 1 1450 3585 3599
7210 2 2 2 1 39 40 3351
7211 2 2 2 1 1763 2625 4050
7212 2 2 2 1 185 186 4389
7213 2 2 2 1 520 2951 5663
7214 2 2 2 1 1802 2670 4476
7215 2 2 2 1 2839 1394 4569
7216 2 2 2 1 634 2929 3448
7217 2 2 2 1 2999 1158 3789
7218 2 2 2 1 2300 3494 5755
7219 2 2 2 1 676 2548 5250
7220 2 2 2 1 3506 3171 5347
7221 2 2 2 1 2863 3797 5530
7222 2 2 2 1 778 3197 4460
7223 2 2 2 1 2691 1211 3844
7224 2 2 2 1 2153 3078 4023
7225 2 2 2 1 770 3421 4754
7226 2 2 2 1 939 2636 3908
7227 2 2 2 1 1165 3159 5396
7228 2 2 2 1 1647 2746 5212
7229 2 2 2 1 472 2534 5162
7230 2 2 2 1 474 4283 4679
7231 2 2 2 1 2697 530 4838
7232 2 2 2 1 108 109 4179
7233 2 2 2 1 2840 989 5718
7234 2 2 2 1 1838 3838 4086
7235 2 2 2 1 2572 1548 5582
7236 2 2 2 1 2878 3693 4575
7237 2 2 2 1 3933 2402 5603
7238 2 2 2 1 356 355 3454
7239 2 2 2 1 1207 3194 5034
7240 2 2 2 1 4150 1494 4758
7241 2 2 2 1 3137 1390 4911
7242 2 2 2 1 4927 2372 5509
7243 2 2 2 1 122 123 3756
7244 2 2 2 1 298 2992 5748
7245 2 2 2 1 1174 3020 3358
7246 2 2 2 1 3838 1319 4086
7247 2 2 2 1 3421 1895 4754
7248 2 2 2 1 3240 1565 3839
7249 2 2 2 1 23 24 5047
7250 2 2 2 1 1304 2917 3689
7251 2 2 2 1 2664 1243 5583
7252 2 2 2 1 2992 1951 5748
7253 2 2 2 1 3346 708 3958
7254 2 2 2 1 2044 3321 4239
7255 2 2 2 1 4122 964 5520
7256 2 2 2 1 2979 1446 3418
7257 2 2 2 1 2649 953 4429
7258 2 2 2 1 524 2636 4735
7259 2 2 2 1 2586 754 4096
7260 2 2 2 1 3299 1252 4170
7261 2 2 2 1 1114 3033 4318
7262 2 2 2 1 2913 659 3704
7263 2 2 2 1 4787 3069 5503
7264 2 2 2 1 2854 1178 4695
7265 2 2 2 1 2938 1861 5592
7266 2 2 2 1 428 3795 5373
7267 2 2 2 1 2543 1957 4403
7268 2 2 2 1 2317 5053 5723
7269 2 2 2 1 549 2938 5592
7270 2 2 2 1 3499 449 5478
7271 2 2 2 1 2976 1872 4111
7272 2 2 2 1 1130 3129 4389
7273 2 2 2 1 650 3331 3492
7274 2 2 2 1 231 232 3509
7275 2 2 2 1 4504 3086 5742
7276 2 2 2 1 2572 4122 5520
7277 2 2 2 1 2965 1307 4128
7278 2 2 2 1 1872 3779 5408
7279 2 2 2 1 911 3240 3839
7280 2 2 2 1 1446 2979 4361
7281 2 2 2 1 2803 1574 3624
7282 2 2 2 1 4048 836 5243
7283 2 2 2 1 1426 3177 4914
7284 2 2 2 1 2932 758 4532
7285 2 2 2 1 4856 700 4906
7286 2 2 2 1 2571 1454 4931
7287 2 2 2 1 3795 2324 5373
7288 2 2 2 1 2917 706 3689
7289 2 2 2 1 2837 638 4921
7290 2 2 2 1 597 2540 5400
7291 2 2 2 1 3038 1139 3475
7292 2 2 2 1 2781 1036 4793
7293 2 2 2 1 1098 3079 4426
7294 2 2 2 1 2678 1380 4408
7295 2 2 2 1 3492 1962 5069
7296 2 2 2 1 225 226 5475
7297 2 2 2 1 704 2802 3636
7298 2 2 2 1 3584 376 5709
7299 2 2 2 1 2630 1681 4916
7300 2 2 2 1 78 2630 4916
7301 2 2 2 1 677 2610 5731
7302 2 2 2 1 1135 2557 5312
7303 2 2 2 1 2554 1373 4777
7304 2 2 2 1 549 2528 4746
7305 2 2 2 1 629 3020 3474
7306 2 2 2 1 2710 987 3921
7307 2 2 2 1 1253 2636 5031
7308 2 2 2 1 1695 3147 4945
7309 2 2 2 1 82 83 3678
7310 2 2 2 1 4650 1162 5746
7311 2 2 2 1 2670 2297 4476
7312 2 2 2 1 2782 4981 5018
7313 2 2 2 1 760 2571 4931
7314 2 2 2 1 3680 1221 4959
7315 2 2 2 1 296 295 4480
7316 2 2 2 1 4235 1938 4364
7317 2 2 2 1 1283 3446 4034
7318 2 2 2 1 983 2545 4611
7319 2 2 2 1 543 3933 5603
7320 2 2 2 1 1855 3499 3820
7321 2 2 2 1 2781 1218 5119
7322 2 2 2 1 1691 2959 3578
7323 2 2 2 1 276 275 3394
7324 2 2 2 1 2539 1683 5469
7325 2 2 2 1 1712 2614 4010
7326 2 2 2 1 1217 2792 4901
7327 2 2 2 1 1359 4146 4187
7328 2 2 2 1 2724 1357 4197
7329 2 2 2 1 473 3860 5028
7330 2 2 2 1 1340 2750 4094
7331 2 2 2 1 1807 3247 5535
7332 2 2 2 1 2620 1579 5276
7333 2 2 2 1 1211 2691 3813
7334 2 2 2 1 2547 1193 4595
7335 2 2 2 1 972 2620 5276
7336 2 2 2 1 1267 3690 3716
7337 2 2 2 1 2797 413 3913
7338 2 2 2 1 1314 2913 3704
7339 2 2 2 1 2285 3928 5486
7340 2 2 2 1 2546 1762 4685
7341 2 2 2 1 1311 2797 3913
7342 2 2 2 1 954 2724 4197
7343 2 2 2 1 2708 1526 3818
7344 2 2 2 1 3213 624 3598
7345 2 2 2 1 262 263 3398
7346 2 2 2 1 3028 656 3647
7347 2 2 2 1 1805 3618 5362
7348 2 2 2 1 532 2991 4049
7349 2 2 2 1 2750 722 4094
7350 2 2 2 1 2742 1207 3735
7351 2 2 2 1 1393 3213 3598
7352 2 2 2 1 2931 1109 4282
7353 2 2 2 1 4244 824 5319
7354 2 2 2 1 2791 1247 3866
7355 2 2 2 1 1301 2937 4064
7356 2 2 2 1 1328 2983 3939
7357 2 2 2 1 1642 2560 5233
7358 2 2 2 1 4344 1381 4599
7359 2 2 2 1 4268 2379 5173
7360 2 2 2 1 134 2743 4479
7361 2 2 2 1 2278 4344 4599
7362 2 2 2 1 1946 2708 3818
7363 2 2 2 1 3882 1050 4909
7364 2 2 2 1 2550 1094 4587
7365 2 2 2 1 1040 2650 5063
7366 2 2 2 1 2654 1257 4896
7367 2 2 2 1 1237 3042 3381
7368 2 2 2 1 3729 687 4018
7369 2 2 2 1 2619 59 4347
7370 2 2 2 1 4403 880 5147
7371 2 2 2 1 2551 389 4913
7372 2 2 2 1 2181 3263 5614
7373 2 2 2 1 158 159 4919
7374 2 2 2 1 34 35 3403
7375 2 2 2 1 1265 2556 5311
7376 2 2 2 1 4596 1836 5544
7377 2 2 2 1 1336 2822 4486
7378 2 2 2 1 692 2919 3525
7379 2 2 2 1 720 4081 4392
7380 2 2 2 1 2566 916 5342
7381 2 2 2 1 3464 685 4740
7382 2 2 2 1 2562 1920 5439
7383 2 2 2 1 627 3082 4966
7384 2 2 2 1 3305 1103 5085
7385 2 2 2 1 1342 3028 3647
7386 2 2 2 1 3023 1722 5410
7387 2 2 2 1 1026 3256 5100
7388 2 2 2 1 2858 513 4240
7389 2 2 2 1 3653 2064 4942
7390 2 2 2 1 3011 1565 4115
7391 2 2 2 1 2408 4526 5261
7392 2 2 2 1 806 3653 4942
7393 2 2 2 1 1139 3135 4247
7394 2 2 2 1 2806 2344 4600
7395 2 2 2 1 3932 1478 4412
7396 2 2 2 1 2928 1012 4306
7397 2 2 2 1 3389 1486 3607
7398 2 2 2 1 631 3389 3607
7399 2 2 2 1 507 2563 5246
7400 2 2 2 1 1266 2571 5340
7401 2 2 2 1 3364 1758 4895
7402 2 2 2 1 1897 3464 4740
7403 2 2 2 1 1514 3132 4505
7404 2 2 2 1 1061 2544 5210
7405 2 2 2 1 185 3129 5140
7406 2 2 2 1 2768 592 3716
7407 2 2 2 1 2632 1273 4844
7408 2 2 2 1 113 114 4474
7409 2 2 2 1 2743 951 4803
7410 2 2 2 1 528 3087 3753
7411 2 2 2 1 2936 1356 4245
7412 2 2 2 1 3023 160 5214
7413 2 2 2 1 4070 1085 4771
7414 2 2 2 1 286 2611 4141
7415 2 2 2 1 1389 2594 5470
7416 2 2 2 1 3027 1668 4831
7417 2 2 2 1 2089 2686 4097
7418 2 2 2 1 4853 1733 4909
7419 2 2 2 1 2039 3619 4244
7420 2 2 2 1 1200 3246 3681
7421 2 2 2 1 57 58 4629
7422 2 2 2 1 1505 2743 4803
7423 2 2 2 1 220 3027 4831
7424 2 2 2 1 1213 2736 3882
7425 2 2 2 1 5066 2518 5567
7426 2 2 2 1 2591 395 4239
7427 2 2 2 1 1440 4206 4324
7428 2 2 2 1 2669 945 4275
7429 2 2 2 1 3053 2050 5550
7430 2 2 2 1 2581 1396 4292
7431 2 2 2 1 2632 589 4209
7432 2 2 2 1 794 4331 5048
7433 2 2 2 1 2577 1546 5359
7434 2 2 2 1 1614 3152 3431
7435 2 2 2 1 3117 1114 4318
7436 2 2 2 1 3597 1812 4752
7437 2 2 2 1 2493 3754 5644
7438 2 2 2 1 1452 3569 4196
7439 2 2 2 1 1867 3651 5581
7440 2 2 2 1 2896 1618 5060
7441 2 2 2 1 1494 3792 4276
7442 2 2 2 1 3792 1877 4276
7443 2 2 2 1 1145 2827 3660
7444 2 2 2 1 3182 986 4678
7445 2 2 2 1 1618 2804 5115
7446 2 2 2 1 2804 673 5115
7447 2 2 2 1 3531 1766 3884
7448 2 2 2 1 3129 185 4389
7449 2 2 2 1 449 4053 4958
7450 2 2 2 1 3228 1023 5128
7451 2 2 2 1 2643 1141 4007
7452 2 2 2 1 3849 1781 5561
7453 2 2 2 1 2824 1675 3754
7454 2 2 2 1 3181 1233 4730
7455 2 2 2 1 179 180 3995
7456 2 2 2 1 224 225 3495
7457 2 2 2 1 1172 3014 3639
7458 2 2 2 1 1801 3186 4828
7459 2 2 2 1 155 156 3770
7460 2 2 2 1 2684 617 4644
7461 2 2 2 1 2207 4070 4771
7462 2 2 2 1 261 262 4617
7463 2 2 2 1 1545 3229 5081
7464 2 2 2 1 4520 3499 5478
7465 2 2 2 1 438 2588 4980
7466 2 2 2 1 1518 2993 4537
7467 2 2 2 1 2588 1465 4980
7468 2 2 2 1 2691 1362 4397
7469 2 2 2 1 3458 552 5610
7470 2 2 2 1 3942 1482 4263
7471 2 2 2 1 3608 1261 4204
7472 2 2 2 1 2593 938 4258
7473 2 2 2 1 1456 3041 3538
7474 2 2 2 1 54 55 5190
7475 2 2 2 1 1316 3403 4041
7476 2 2 2 1 4382 1039 5169
7477 2 2 2 1 1973 2574 5335
7478 2 2 2 1 3041 1405 3538
7479 2 2 2 1 2030 2993 4290
7480 2 2 2 1 5028 3860 5722
7481 2 2 2 1 810 3388 3768
7482 2 2 2 1 1008 2824 3754
7483 2 2 2 1 1078 2590 5438
7484 2 2 2 1 2567 1626 4918
7485 2 2 2 1 2724 954 5142
7486 2 2 2 1 2625 736 5629
7487 2 2 2 1 2993 979 4290
7488 2 2 2 1 590 2829 3699
7489 2 2 2 1 2564 523 4623
7490 2 2 2 1 3388 1508 3768
7491 2 2 2 1 3017 2506 5310
7492 2 2 2 1 2570 2030 5496
7493 2 2 2 1 721 4109 4590
7494 2 2 2 1 658 2577 5359
7495 2 2 2 1 3680 1884 5266
7496 2 2 2 1 38 39 4822
7497 2 2 2 1 2898 1703 4088
7498 2 2 2 1 2873 1238 4159
7499 2 2 2 1 2802 704 4499
7500 2 2 2 1 727 2811 4093
7501 2 2 2 1 2581 921 5196
7502 2 2 2 1 2996 1377 3924
7503 2 2 2 1 712 2612 5418
7504 2 2 2 1 1680 3064 5258
7505 2 2 2 1 2612 1599 5418
7506 2 2 2 1 2794 921 5594
7507 2 2 2 1 2798 1240 5612
7508 2 2 2 1 711 2996 3924
7509 2 2 2 1 3417 1883 5123
7510 2 2 2 1 3491 1942 5382
7511 2 2 2 1 3962 1703 5000
7512 2 2 2 1 1365 2617 4109
7513 2 2 2 1 3960 1301 4064
7514 2 2 2 1 5341 2572 5582
7515 2 2 2 1 2782 674 4981
7516 2 2 2 1 3278 690 3747
7517 2 2 2 1 1308 2595 4314
7518 2 2 2 1 1850 3960 4064
7519 2 2 2 1 3060 1871 4862
7520 2 2 2 1 925 2577 4378
7521 2 2 2 1 3629 824 3698
7522 2 2 2 1 17 3069 4787
7523 2 2 2 1 908 4250 5052
7524 2 2 2 1 4250 2393 5052
7525 2 2 2 1 104 105 5095
7526 2 2 2 1 2774 954 3826
7527 2 2 2 1 2846 1184 3667
7528 2 2 2 1 1785 3810 5548
7529 2 2 2 1 4771 2056 5558
7530 2 2 2 1 1022 2930 4410
7531 2 2 2 1 666 5341 5582
7532 2 2 2 1 1595 2597 4317
7533 2 2 2 1 1810 2576 5708
7534 2 2 2 1 19 20 3529
7535 2 2 2 1 2651 1459 4892
7536 2 2 2 1 4707 1112 4907
7537 2 2 2 1 3575 1849 5125
7538 2 2 2 1 1228 3058 4626
7539 2 2 2 1 558 2587 5305
7540 2 2 2 1 3773 1454 4313
7541 2 2 2 1 2556 4707 4907
7542 2 2 2 1 3154 642 3523
7543 2 2 2 1 2591 1039 4382
7544 2 2 2 1 1534 3622 4566
7545 2 2 2 1 945 2707 4275
7546 2 2 2 1 790 3567 5368
7547 2 2 2 1 3622 1896 4566
7548 2 2 2 1 3310 1326 4238
7549 2 2 2 1 1172 3627 4750
7550 2 2 2 1 2294 4262 5338
7551 2 2 2 1 1672 3808 4188
7552 2 2 2 1 4526 525 5261
7553 2 2 2 1 3191 1584 4849
7554 2 2 2 1 1864 2820 5436
7555 2 2 2 1 2997 660 4959
7556 2 2 2 1 2930 1480 4410
7557 2 2 2 1 3095 2218 4053
7558 2 2 2 1 884 2787 5298
7559 2 2 2 1 2565 627 4966
7560 2 2 2 1 2954 458 4899
7561 2 2 2 1 555 2568 4741
7562 2 2 2 1 37 38 3622
7563 2 2 2 1 2606 944 4345
7564 2 2 2 1 1329 3154 3523
7565 2 2 2 1 1493 2628 5019
7566 2 2 2 1 1592 2724 5142
7567 2 2 2 1 2574 937 4656
7568 2 2 2 1 2858 1016 3863
7569 2 2 2 1 2874 587 3668
7570 2 2 2 1 1123 3109 3750
7571 2 2 2 1 2732 925 4378
7572 2 2 2 1 2171 4864 5352
7573 2 2 2 1 2893 1843 3833
7574 2 2 2 1 245 246 4781
7575 2 2 2 1 2769 1019 4779
7576 2 2 2 1 2628 1020 5019
7577 2 2 2 1 231 3509 5417
7578 2 2 2 1 2692 3482 5609
7579 2 2 2 1 3962 540 4088
7580 2 2 2 1 1307 2858 3863
7581 2 2 2 1 2622 1435 4192
7582 2 2 2 1 2778 85 3829
7583 2 2 2 1 403 2907 4799
7584 2 2 2 1 3061 2381 4522
7585 2 2 2 1 1396 2581 5196
7586 2 2 2 1 43 44 5082
7587 2 2 2 1 3819 1428 4435
7588 2 2 2 1 412 2710 4908
7589 2 2 2 1 1357 3927 4197
7590 2 2 2 1 2710 1497 4908
7591 2 2 2 1 2882 1091 5639
7592 2 2 2 1 4354 1693 4664
7593 2 2 2 1 189 190 3881
7594 2 2 2 1 914 2776 5367
7595 2 2 2 1 1524 3519 4005
7596 2 2 2 1 721 4815 5434
7597 2 2 2 1 1737 2629 5676
7598 2 2 2 1 1406 4415 4637
7599 2 2 2 1 1420 3600 5615
7600 2 2 2 1 1247 2875 3866
7601 2 2 2 1 1638 2962 4926
7602 2 2 2 1 1234 2751 3980
7603 2 2 2 1 3530 2478 4644
7604 2 2 2 1 1993 3888 5043
7605 2 2 2 1 3348 1883 3417
7606 2 2 2 1 2594 1389 4463
7607 2 2 2 1 4415 2298 4637
7608 2 2 2 1 2820 163 5436
7609 2 2 2 1 1675 2665 5644
7610 2 2 2 1 1214 2780 3848
7611 2 2 2 1 2665 397 5644
7612 2 2 2 1 1493 2585 4802
7613 2 2 2 1 2585 1622 5152
7614 2 2 2 1 2578 1448 4780
7615 2 2 2 1 3520 1280 5539
7616 2 2 2 1 921 2794 5196
7617 2 2 2 1 1384 2732 4378
7618 2 2 2 1 3173 664 5446
7619 2 2 2 1 3804 1411 4037
7620 2 2 2 1 3290 1277 3965
7621 2 2 2 1 1158 3183 3789
7622 2 2 2 1 2637 2346 5719
7623 2 2 2 1 1050 2576 4909
7624 2 2 2 1 3612 1910 5455
7625 2 2 2 1 951 2608 5394
7626 2 2 2 1 3585 1320 3599
7627 2 2 2 1 1878 2609 5500
7628 2 2 2 1 1530 3371 5015
7629 2 2 2 1 2887 984 3666
7630 2 2 2 1 217 218 3513
7631 2 2 2 1 1573 4165 4630
7632 2 2 2 1 4287 414 4720
7633 2 2 2 1 2634 1103 5682
7634 2 2 2 1 799 3376 4671
7635 2 2 2 1 1666 2634 5682
7636 2 2 2 1 3565 1207 5034
7637 2 2 2 1 586 2606 4375
7638 2 2 2 1 2878 316 3693
7639 2 2 2 1 767 3372 4930
7640 2 2 2 1 2722 747 3975
7641 2 2 2 1 2664 573 4214
7642 2 2 2 1 2962 682 4926
7643 2 2 2 1 1584 3191 3691
7644 2 2 2 1 1465 2588 4818
7645 2 2 2 1 3468 1889 4807
7646 2 2 2 1 3191 1368 3691
7647 2 2 2 1 2928 2729 4953
7648 2 2 2 1 1321 3471 4252
7649 2 2 2 1 1479 4515 4658
7650 2 2 2 1 2600 907 4848
7651 2 2 2 1 3987 1650 5197
7652 2 2 2 1 246 2573 4781
7653 2 2 2 1 1432 2600 4848
7654 2 2 2 1 3502 2441 5499
7655 2 2 2 1 1455 2660 4204
7656 2 2 2 1 2796 2007 4012
7657 2 2 2 1 490 2659 4191
7658 2 2 2 1 3456 1748 4044
7659 2 2 2 1 207 208 5022
7660 2 2 2 1 477 3468 4807
7661 2 2 2 1 2609 1336 4486
7662 2 2 2 1 1552 2696 5246
7663 2 2 2 1 3382 1013 5441
7664 2 2 2 1 3017 2143 3885
7665 2 2 2 1 3938 1028 4190
7666 2 2 2 1 630 2791 3866
7667 2 2 2 1 2781 491 4173
7668 2 2 2 1 2604 530 4523
7669 2 2 2 1 3372 1888 4930
7670 2 2 2 1 3042 1237 4655
7671 2 2 2 1 1580 2745 3949
7672 2 2 2 1 2595 1680 5258
7673 2 2 2 1 2272 4287 4720
7674 2 2 2 1 608 2593 5628
7675 2 2 2 1 946 2665 4175
7676 2 2 2 1 1960 3739 5742
7677 2 2 2 1 2844 3736 5432
7678 2 2 2 1 1469 2925 5479
7679 2 2 2 1 2638 1025 4281
7680 2 2 2 1 3124 1489 3591
7681 2 2 2 1 2776 914 4827
7682 2 2 2 1 535 2718 4625
7683 2 2 2 1 3612 495 5218
7684 2 2 2 1 1873 3938 4190
7685 2 2 2 1 1126 2932 4532
7686 2 2 2 1 3911 744 4342
7687 2 2 2 1 2798 391 4166
7688 2 2 2 1 92 93 4934
7689 2 2 2 1 3112 1713 5307
7690 2 2 2 1 2602 636 4507
7691 2 2 2 1 3380 1682 5223
7692 2 2 2 1 7 336 3540
7693 2 2 2 1 1654 3632 4473
7694 2 2 2 1 2644 2286 5705
7695 2 2 2 1 1558 2619 4347
7696 2 2 2 1 2710 412 4050
7697 2 2 2 1 474 3915 5695
7698 2 2 2 1 2962 1638 3615
7699 2 2 2 1 315 2617 5437
7700 2 2 2 1 5132 1843 5206
7701 2 2 2 1 1551 3090 3470
7702 2 2 2 1 3061 1586 4612
7703 2 2 2 1 2758 1382 4508
7704 2 2 2 1 2049 3166 5618
7705 2 2 2 1 1353 2798 4166
7706 2 2 2 1 2876 1686 3733
7707 2 2 2 1 3954 1352 4553
7708 2 2 2 1 3727 1892 4468
7709 2 2 2 1 3060 480 5497
7710 2 2 2 1 2976 1025 5726
7711 2 2 2 1 422 2599 5120
7712 2 2 2 1 1470 3727 4468
7713 2 2 2 1 575 2603 5172
7714 2 2 2 1 3264 1362 3539
7715 2 2 2 1 1872 2976 5726
7716 2 2 2 1 1382 2758 4622
7717 2 2 2 1 5227 633 5743
7718 2 2 2 1 1526 4385 4716
7719 2 2 2 1 3636 1646 5505
7720 2 2 2 1 687 2737 4018
7721 2 2 2 1 1790 4448 5472
7722 2 2 2 1 1571 2776 5106
7723 2 2 2 1 1871 3060 5497
7724 2 2 2 1 2461 4900 5683
7725 2 2 2 1 2596 1185 4855
7726 2 2 2 1 2776 653 5106
7727 2 2 2 1 3457 1824 4968
7728 2 2 2 1 2623 920 4356
7729 2 2 2 1 1280 3722 5539
7730 2 2 2 1 783 4235 4364
7731 2 2 2 1 3845 857 5565
7732 2 2 2 1 2597 1595 4870
7733 2 2 2 1 2751 1942 3980
7734 2 2 2 1 1093 3125 3637
7735 2 2 2 1 995 4927 5509
7736 2 2 2 1 3141 2132 4490
7737 2 2 2 1 2641 954 4197
7738 2 2 2 1 2823 425 5675
7739 2 2 2 1 3014 1474 4829
7740 2 2 2 1 443 2817 3857
7741 2 2 2 1 1285 3405 3419
7742 2 2 2 1 1743 2823 5675
7743 2 2 2 1 3979 1797 4580
7744 2 2 2 1 3405 1402 3419
7745 2 2 2 1 2658 1426 4759
7746 2 2 2 1 945 2669 4193
7747 2 2 2 1 3461 1603 4255
7748 2 2 2 1 4800 492 5156
7749 2 2 2 1 134 135 5237
7750 2 2 2 1 4146 1826 4187
7751 2 2 2 1 2635 1270 4434
7752 2 2 2 1 719 3061 4612
7753 2 2 2 1 4453 3261 4957
7754 2 2 2 1 3794 1704 4594
7755 2 2 2 1 892 3264 3539
7756 2 2 2 1 3728 1760 5658
7757 2 2 2 1 1621 3119 5284
7758 2 2 2 1 2721 1578 5253
7759 2 2 2 1 654 2721 5253
7760 2 2 2 1 2627 699 4627
7761 2 2 2 1 932 2602 4852
7762 2 2 2 1 362 361 5587
7763 2 2 2 1 4362 1156 5595
7764 2 2 2 1 610 2666 4253
7765 2 2 2 1 1354 3930 5033
7766 2 2 2 1 1535 2865 4631
7767 2 2 2 1 4506 1420 5615
7768 2 2 2 1 4823 1576 4923
7769 2 2 2 1 1579 2841 3898
7770 2 2 2 1 1806 3942 4263
7771 2 2 2 1 517 2880 4652
7772 2 2 2 1 1288 2752 3993
7773 2 2 2 1 2672 1014 4267
7774 2 2 2 1 377 376 3584
7775 2 2 2 1 3832 2962 5541
7776 2 2 2 1 3815 775 4055
7777 2 2 2 1 532 2669 4691
7778 2 2 2 1 759 2864 4801
7779 2 2 2 1 643 2608 4984
7780 2 2 2 1 1748 3815 4055
7781 2 2 2 1 1314 2820 3911
7782 2 2 2 1 2841 503 3898
7783 2 2 2 1 4251 1956 4418
7784 2 2 2 1 2846 490 3830
7785 2 2 2 1 1684 3992 4751
7786 2 2 2 1 690 3098 3747
7787 2 2 2 1 2865 139 4631
7788 2 2 2 1 2969 653 4455
7789 2 2 2 1 1158 2884 3773
7790 2 2 2 1 3973 1953 4908
7791 2 2 2 1 2954 1625 5486
7792 2 2 2 1 1005 2658 4759
7793 2 2 2 1 486 2615 4650
7794 2 2 2 1 3388 810 5604
7795 2 2 2 1 3509 2032 5417
7796 2 2 2 1 786 2675 4637
7797 2 2 2 1 2097 3388 5604
7798 2 2 2 1 2617 1365 5437
7799 2 2 2 1 865 4939 5309
7800 2 2 2 1 3030 728 4022
7801 2 2 2 1 928 2717 5193
7802 2 2 2 1 2941 1010 3690
7803 2 2 2 1 3295 782 4639
7804 2 2 2 1 439 2658 4361
7805 2 2 2 1 1037 2811 3960
7806 2 2 2 1 5449 3641 5512
7807 2 2 2 1 1530 2688 5208
7808 2 2 2 1 1729 3295 4639
7809 2 2 2 1 1816 3665 5552
7810 2 2 2 1 2637 499 4776
7811 2 2 2 1 867 5066 5567
7812 2 2 2 1 3201 1570 4322
7813 2 2 2 1 1584 2611 4849
7814 2 2 2 1 2881 1277 3982
7815 2 2 2 1 837 3533 5569
7816 2 2 2 1 988 3201 4322
7817 2 2 2 1 1583 3413 3424
7818 2 2 2 1 46 47 3596
7819 2 2 2 1 3144 433 4001
7820 2 2 2 1 3111 1437 4613
7821 2 2 2 1 3291 1127 5105
7822 2 2 2 1 3440 1859 4851
7823 2 2 2 1 1893 4159 4499
7824 2 2 2 1 960 2652 5580
7825 2 2 2 1 2612 712 4860
7826 2 2 2 1 5 314 3601
7827 2 2 2 1 2716 1869 5016
7828 2 2 2 1 744 3417 5123
7829 2 2 2 1 2675 1406 4637
7830 2 2 2 1 2721 928 5193
7831 2 2 2 1 2811 1301 3960
7832 2 2 2 1 3413 1202 3424
7833 2 2 2 1 1653 4562 5730
7834 2 2 2 1 4042 1331 5002
7835 2 2 2 1 1877 3291 5105
7836 2 2 2 1 1363 4190 4321
7837 2 2 2 1 2619 1753 5273
7838 2 2 2 1 2336 3003 4536
7839 2 2 2 1 4046 1778 5181
7840 2 2 2 1 1296 4442 4554
7841 2 2 2 1 761 3440 4851
7842 2 2 2 1 2613 23 5047
7843 2 2 2 1 369 2716 5016
7844 2 2 2 1 1686 2876 5377
7845 2 2 2 1 3288 1734 4816
7846 2 2 2 1 212 213 5025
7847 2 2 2 1 469 3955 4192
7848 2 2 2 1 4143 648 5026
7849 2 2 2 1 2660 1455 5572
7850 2 2 2 1 2876 514 5377
7851 2 2 2 1 2996 711 5356
7852 2 2 2 1 1579 2620 5232
7853 2 2 2 1 4223 1475 4594
7854 2 2 2 1 3484 1466 4119
7855 2 2 2 1 974 2797 4222
7856 2 2 2 1 594 2931 4494
7857 2 2 2 1 712 2952 3681
7858 2 2 2 1 3896 2345 4352
7859 2 2 2 1 3910 1899 4662
7860 2 2 2 1 5053 1763 5723
7861 2 2 2 1 2280 4143 5026
7862 2 2 2 1 955 2657 5534
7863 2 2 2 1 3133 2340 4045
7864 2 2 2 1 2683 1475 4309
7865 2 2 2 1 3407 772 5229
7866 2 2 2 1 1641 3209 3811
7867 2 2 2 1 2671 929 4712
7868 2 2 2 1 2774 535 4625
7869 2 2 2 1 459 2967 3680
7870 2 2 2 1 3460 648 4066
7871 2 2 2 1 2618 1986 5372
7872 2 2 2 1 2029 2908 4328
7873 2 2 2 1 1065 2681 4325
7874 2 2 2 1 3522 1430 3526
7875 2 2 2 1 3030 2095 4529
7876 2 2 2 1 722 2750 4102
7877 2 2 2 1 1308 3522 3526
7878 2 2 2 1 926 3597 4752
7879 2 2 2 1 1969 5013 5649
7880 2 2 2 1 1920 3073 4868
7881 2 2 2 1 1645 3484 4119
7882 2 2 2 1 1334 3010 4008
7883 2 2 2 1 1730 3756 5331
7884 2 2 2 1 3209 874 3811
7885 2 2 2 1 3203 1417 5113
7886 2 2 2 1 1544 4458 4702
7887 2 2 2 1 554 2644 4570
7888 2 2 2 1 1047 2624 4929
7889 2 2 2 1 955 2637 4654
7890 2 2 2 1 3119 1621 4653
7891 2 2 2 1 402 3457 4478
7892 2 2 2 1 1628 3030 4529
7893 2 2 2 1 1531 2617 5616
7894 2 2 2 1 938 2673 5666
7895 2 2 2 1 1439 2720 4905
7896 2 2 2 1 3587 1751 4660
7897 2 2 2 1 1292 2970 3698
7898 2 2 2 1 271 272 3630
7899 2 2 2 1 504 4662 4840
7900 2 2 2 1 2499 4876 5049
7901 2 2 2 1 981 2664 5583
7902 2 2 2 1 2707 1383 4275
7903 2 2 2 1 1520 3379 3408
7904 2 2 2 1 732 3119 4653
7905 2 2 2 1 3246 1570 3681
7906 2 2 2 1 4096 754 5508
7907 2 2 2 1 4660 1061 5210
7908 2 2 2 1 1062 2766 4084
7909 2 2 2 1 3643 1701 4668
7910 2 2 2 1 3660 1457 4134
7911 2 2 2 1 3192 715 3496
7912 2 2 2 1 1380 2678 4335
7913 2 2 2 1 589 2632 4844
7914 2 2 2 1 3815 1748 4517
7915 2 2 2 1 308 307 3847
7916 2 2 2 1 2918 624 3791
7917 2 2 2 1 2112 4092 5340
7918 2 2 2 1 3803 1738 4072
7919 2 2 2 1 1232 2995 3674
7920 2 2 2 1 4129 883 5544
7921 2 2 2 1 1269 2957 4327
7922 2 2 2 1 3116 630 4211
7923 2 2 2 1 1327 3767 4474
7924 2 2 2 1 1646 2749 5108
7925 2 2 2 1 866 3864 4519
7926 2 2 2 1 3056 506 5071
7927 2 2 2 1 3864 1950 4519
7928 2 2 2 1 2598 4660 5210
7929 2 2 2 1 56 3223 4983
7930 2 2 2 1 2709 260 4469
7931 2 2 2 1 2819 568 5221
7932 2 2 2 1 1884 3680 4959
7933 2 2 2 1 626 3803 4072
7934 2 2 2 1 3446 1283 4035
7935 2 2 2 1 645 2740 4194
7936 2 2 2 1 1670 2924 5266
7937 2 2 2 1 4876 1601 5049
7938 2 2 2 1 2910 982 5219
7939 2 2 2 1 2317 3667 5053
7940 2 2 2 1 2647 927 4688
7941 2 2 2 1 1054 2699 4336
7942 2 2 2 1 2924 459 5266
7943 2 2 2 1 1674 3964 5074
7944 2 2 2 1 300 299 3648
7945 2 2 2 1 1590 3032 4733
7946 2 2 2 1 1581 3446 4035
7947 2 2 2 1 1602 2819 5221
7948 2 2 2 1 3079 1490 4426
7949 2 2 2 1 1710 3056 5071
7950 2 2 2 1 4043 1561 5037
7951 2 2 2 1 2255 2688 5460
7952 2 2 2 1 2149 3062 4786
7953 2 2 2 1 3032 366 4733
7954 2 2 2 1 3232 2118 4630
7955 2 2 2 1 1736 3088 4061
7956 2 2 2 1 822 3128 4867
7957 2 2 2 1 2688 199 5460
7958 2 2 2 1 976 3232 4630
7959 2 2 2 1 1122 2981 3985
7960 2 2 2 1 2704 394 4369
7961 2 2 2 1 941 2790 4726
7962 2 2 2 1 2684 1022 4410
7963 2 2 2 1 2790 1447 4726
7964 2 2 2 1 2645 1521 5228
7965 2 2 2 1 2852 2063 4471
7966 2 2 2 1 3029 1217 4901
7967 2 2 2 1 5725 1965 5738
7968 2 2 2 1 4962 1059 5678
7969 2 2 2 1 2648 521 5179
7970 2 2 2 1 3573 1630 3593
7971 2 2 2 1 2711 618 4245
7972 2 2 2 1 3147 1008 5631
7973 2 2 2 1 3194 1207 3654
7974 2 2 2 1 2872 1035 3912
7975 2 2 2 1 2636 524 5031
7976 2 2 2 1 2756 1499 4775
7977 2 2 2 1 2692 1512 4424
7978 2 2 2 1 1931 3147 5631
7979 2 2 2 1 481 3573 3593
7980 2 2 2 1 2835 1303 5048
7981 2 2 2 1 1015 3245 5073
7982 2 2 2 1 1294 3468 4894
7983 2 2 2 1 1089 2988 4812
7984 2 2 2 1 3160 1721 5678
7985 2 2 2 1 1503 3985 4158
7986 2 2 2 1 2988 1575 4812
7987 2 2 2 1 3157 362 5587
7988 2 2 2 1 2798 1353 4089
7989 2 2 2 1 626 2654 4896
7990 2 2 2 1 3142 477 4807
7991 2 2 2 1 1663 3142 4807
7992 2 2 2 1 407 3005 3695
7993 2 2 2 1 986 2667 4678
7994 2 2 2 1 1330 3078 3751
7995 2 2 2 1 593 2663 5396
7996 2 2 2 1 1509 4063 5542
7997 2 2 2 1 3096 1891 5623
7998 2 2 2 1 3641 1698 5512
7999 2 2 2 1 1582 3883 4555
8000 2 2 2 1 1586 3061 4522
8001 2 2 2 1 1199 3202 5163
8002 2 2 2 1 4642 1856 4698
8003 2 2 2 1 446 4963 5713
8004 2 2 2 1 1996 2687 5574
8005 2 2 2 1 3432 1296 4554
8006 2 2 2 1 1472 2783 5020
8007 2 2 2 1 2785 266 4326
8008 2 2 2 1 3134 663 4035
8009 2 2 2 1 1383 2707 4585
8010 2 2 2 1 3201 988 5134
8011 2 2 2 1 910 3096 5623
8012 2 2 2 1 1799 3201 5134
8013 2 2 2 1 4283 474 5695
8014 2 2 2 1 394 2704 4471
8015 2 2 2 1 1216 3018 5120
8016 2 2 2 1 752 3580 4603
8017 2 2 2 1 2707 621 4585
8018 2 2 2 1 1894 3221 5399
8019 2 2 2 1 2725 689 4353
8020 2 2 2 1 2692 1470 5001
8021 2 2 2 1 2735 440 4324
8022 2 2 2 1 1165 2663 4957
8023 2 2 2 1 3078 175 3751
8024 2 2 2 1 359 2771 4195
8025 2 2 2 1 736 2692 5001
8026 2 2 2 1 2723 643 4984
8027 2 2 2 1 4900 443 5683
8028 2 2 2 1 2681 2235 5489
8029 2 2 2 1 1160 3348 3417
8030 2 2 2 1 3808 470 4188
8031 2 2 2 1 1728 3604 5485
8032 2 2 2 1 3221 429 5399
8033 2 2 2 1 3218 577 5176
8034 2 2 2 1 2770 634 4205
8035 2 2 2 1 1324 2671 4712
8036 2 2 2 1 3130 1340 4355
8037 2 2 2 1 3607 1311 4112
8038 2 2 2 1 2905 800 4042
8039 2 2 2 1 1817 3218 5176
8040 2 2 2 1 3570 2756 4775
8041 2 2 2 1 2679 707 4621
8042 2 2 2 1 1579 5232 5318
8043 2 2 2 1 3616 534 4495
8044 2 2 2 1 4588 1506 5646
8045 2 2 2 1 3379 1230 3408
8046 2 2 2 1 3318 1472 4665
8047 2 2 2 1 3075 923 4595
8048 2 2 2 1 4226 1523 4443
8049 2 2 2 1 2823 1743 4093
8050 2 2 2 1 1750 3308 4556
8051 2 2 2 1 429 3221 3746
8052 2 2 2 1 3447 1096 5455
8053 2 2 2 1 1137 3023 5410
8054 2 2 2 1 1997 3616 4495
8055 2 2 2 1 3308 793 4556
8056 2 2 2 1 2709 965 5338
8057 2 2 2 1 1407 3723 4155
8058 2 2 2 1 2711 1357 5379
8059 2 2 2 1 1511 4251 4418
8060 2 2 2 1 2673 2265 5187
8061 2 2 2 1 2309 4203 5087
8062 2 2 2 1 2240 4445 4712
8063 2 2 2 1 3806 1770 4460
8064 2 2 2 1 525 2680 5464
8065 2 2 2 1 3233 1640 5288
8066 2 2 2 1 1557 2709 5338
8067 2 2 2 1 2204 4572 5670
8068 2 2 2 1 2730 629 4395
8069 2 2 2 1 3723 1720 4155
8070 2 2 2 1 4764 478 5122
8071 2 2 2 1 5262 2553 5638
8072 2 2 2 1 2583 4764 5122
8073 2 2 2 1 620 3511 5296
8074 2 2 2 1 2983 1425 4299
8075 2 2 2 1 1491 2723 4984
8076 2 2 2 1 133 134 4479
8077 2 2 2 1 4203 1456 5087
8078 2 2 2 1 2795 983 5160
8079 2 2 2 1 4234 1882 5707
8080 2 2 2 1 4466 1629 4615
8081 2 2 2 1 3230 1075 3973
8082 2 2 2 1 52 2983 4299
8083 2 2 2 1 290 289 3725
8084 2 2 2 1 3135 1441 4247
8085 2 2 2 1 1642 5289 5442
8086 2 2 2 1 1981 2832 4267
8087 2 2 2 1 3827 1544 4702
8088 2 2 2 1 4445 1324 4712
8089 2 2 2 1 1068 2660 5572
8090 2 2 2 1 1146 3491 5382
8091 2 2 2 1 3595 1978 4923
8092 2 2 2 1 3008 1337 4534
8093 2 2 2 1 615 2825 4582
8094 2 2 2 1 4425 855 4475
8095 2 2 2 1 2913 1387 4278
8096 2 2 2 1 1060 2772 4255
8097 2 2 2 1 706 3543 3879
8098 2 2 2 1 1934 3520 4503
8099 2 2 2 1 2667 605 5526
8100 2 2 2 1 1665 2880 5390
8101 2 2 2 1 2880 517 5390
8102 2 2 2 1 4201 1547 4269
8103 2 2 2 1 1450 3432 3585
8104 2 2 2 1 374 373 3812
8105 2 2 2 1 4199 2052 5253
8106 2 2 2 1 3403 1316 3828
8107 2 2 2 1 3286 1852 5167
8108 2 2 2 1 1619 4268 5173
8109 2 2 2 1 3374 1467 4495
8110 2 2 2 1 580 2881 3982
8111 2 2 2 1 2146 4425 4475
8112 2 2 2 1 3315 1295 4293
8113 2 2 2 1 1171 3415 3856
8114 2 2 2 1 3098 690 3644
8115 2 2 2 1 1969 4201 4269
8116 2 2 2 1 4462 1516 4782
8117 2 2 2 1 2930 435 5292
8118 2 2 2 1 3003 1641 4536
8119 2 2 2 1 599 2677 5287
8120 2 2 2 1 3143 1060 4333
8121 2 2 2 1 2608 3273 5394
8122 2 2 2 1 1777 4229 4874
8123 2 2 2 1 659 2913 4278
8124 2 2 2 1 3125 1723 3637
8125 2 2 2 1 4546 1576 4823
8126 2 2 2 1 496 2788 4249
8127 2 2 2 1 3548 1435 3950
8128 2 2 2 1 2043 3407 3700
8129 2 2 2 1 1291 3409 5290
8130 2 2 2 1 1011 2745 4383
8131 2 2 2 1 2071 3998 4803
8132 2 2 2 1 3537 1031 4206
8133 2 2 2 1 1370 2713 4967
8134 2 2 2 1 3629 1294 4894
8135 2 2 2 1 1774 3537 4206
8136 2 2 2 1 636 2849 4507
8137 2 2 2 1 1592 2718 5495
8138 2 2 2 1 1305 2873 4142
8139 2 2 2 1 1394 2716 4569
8140 2 2 2 1 1357 2724 5379
8141 2 2 2 1 1559 3548 3950
8142 2 2 2 1 947 2764 5619
8143 2 2 2 1 2849 1416 4507
8144 2 2 2 1 1685 3559 3564
8145 2 2 2 1 4547 1658 4968
8146 2 2 2 1 3724 1858 4156
8147 2 2 2 1 175 176 3751
8148 2 2 2 1 2797 1311 4222
8149 2 2 2 1 4842 1509 5542
8150 2 2 2 1 1300 3185 3923
8151 2 2 2 1 1602 2680 5072
8152 2 2 2 1 1086 3015 4615
8153 2 2 2 1 60 3360 4347
8154 2 2 2 1 2718 1592 4625
8155 2 2 2 1 1062 3390 5650
8156 2 2 2 1 1263 3517 4017
8157 2 2 2 1 709 3891 5083
8158 2 2 2 1 3390 2098 5650
8159 2 2 2 1 2903 1952 3996
8160 2 2 2 1 1322 2935 4388
8161 2 2 2 1 3692 1728 4854
8162 2 2 2 1 3559 1224 3564
8163 2 2 2 1 1679 2687 5188
8164 2 2 2 1 2698 579 5101
8165 2 2 2 1 360 4195 5233
8166 2 2 2 1 1253 2699 4877
8167 2 2 2 1 4272 1374 5522
8168 2 2 2 1 1596 3174 3905
8169 2 2 2 1 4137 1822 4820
8170 2 2 2 1 2729 2091 4953
8171 2 2 2 1 2698 1172 4750
8172 2 2 2 1 1237 3333 4655
8173 2 2 2 1 518 2937 3999
8174 2 2 2 1 2926 1765 5721
8175 2 2 2 1 1035 2872 5672
8176 2 2 2 1 112 113 3767
8177 2 2 2 1 1659 2722 4545
8178 2 2 2 1 3958 708 5257
8179 2 2 2 1 3193 212 5025
8180 2 2 2 1 402 3249 4672
8181 2 2 2 1 620 2794 5481
8182 2 2 2 1 4169 1993 5041
8183 2 2 2 1 3649 1236 4231
8184 2 2 2 1 2794 1637 5481
8185 2 2 2 1 3998 1505 4803
8186 2 2 2 1 2688 1530 5015
8187 2 2 2 1 2231 4402 5643
8188 2 2 2 1 3298 556 4285
8189 2 2 2 1 5204 520 5663
8190 2 2 2 1 3162 2173 3935
8191 2 2 2 1 529 2926 5721
8192 2 2 2 1 3093 404 5664
8193 2 2 2 1 3348 1160 4033
8194 2 2 2 1 385 384 4174
8195 2 2 2 1 3562 1916 4821
8196 2 2 2 1 3257 1317 3692
8197 2 2 2 1 3820 755 5137
8198 2 2 2 1 513 2858 4496
8199 2 2 2 1 3543 1513 3556
8200 2 2 2 1 1888 2700 4930
8201 2 2 2 1 3249 1673 4672
8202 2 2 2 1 655 3718 4196
8203 2 2 2 1 2743 1505 4479
8204 2 2 2 1 1273 3236 3566
8205 2 2 2 1 1162 3349 5746
8206 2 2 2 1 1212 3084 4375
8207 2 2 2 1 520 2760 4925
8208 2 2 2 1 2718 930 5495
8209 2 2 2 1 670 2815 4232
8210 2 2 2 1 2760 1461 4925
8211 2 2 2 1 2820 1314 5756
8212 2 2 2 1 4868 2633 5206
8213 2 2 2 1 680 2701 5350
8214 2 2 2 1 3004 633 5227
8215 2 2 2 1 2293 4058 5305
8216 2 2 2 1 1079 4868 5206
8217 2 2 2 1 123 3031 3756
8218 2 2 2 1 3331 1962 3492
8219 2 2 2 1 4058 558 5305
8220 2 2 2 1 3635 67 4777
8221 2 2 2 1 3337 903 5498
8222 2 2 2 1 3920 1694 3929
8223 2 2 2 1 1287 3543 3556
8224 2 2 2 1 1306 3549 5139
8225 2 2 2 1 3089 647 3683
8226 2 2 2 1 643 2723 5009
8227 2 2 2 1 3651 726 4566
8228 2 2 2 1 537 2747 5435
8229 2 2 2 1 673 2863 5098
8230 2 2 2 1 2878 1048 5304
8231 2 2 2 1 3064 607 5258
8232 2 2 2 1 1313 3920 3929
8233 2 2 2 1 1896 3651 4566
8234 2 2 2 1 1643 3822 5554
8235 2 2 2 1 1201 3175 4445
8236 2 2 2 1 1339 3705 3788
8237 2 2 2 1 1596 3905 4074
8238 2 2 2 1 1301 2811 4256
8239 2 2 2 1 3705 1562 3788
8240 2 2 2 1 4439 709 5083
8241 2 2 2 1 537 2712 5412
8242 2 2 2 1 1600 2730 4624
8243 2 2 2 1 1101 3043 4350
8244 2 2 2 1 2821 807 4259
8245 2 2 2 1 4254 1651 4318
8246 2 2 2 1 1869 2716 5391
8247 2 2 2 1 2725 1129 5557
8248 2 2 2 1 4981 1485 5018
8249 2 2 2 1 2953 91 4404
8250 2 2 2 1 3003 1365 4109
8251 2 2 2 1 949 2714 5465
8252 2 2 2 1 2748 668 5501
8253 2 2 2 1 2741 1398 4700
8254 2 2 2 1 2607 3518 5219
8255 2 2 2 1 1637 2794 5594
8256 2 2 2 1 1925 2705 5086
8257 2 2 2 1 1724 3228 5128
8258 2 2 2 1 2776 1571 5367
8259 2 2 2 1 3025 1448 4776
8260 2 2 2 1 3604 1317 4147
8261 2 2 2 1 2713 1020 4967
8262 2 2 2 1 3744 1572 4502
8263 2 2 2 1 3591 1489 3944
8264 2 2 2 1 6 294 4157
8265 2 2 2 1 2948 2262 5476
8266 2 2 2 1 3120 2222 3782
8267 2 2 2 1 1775 3046 3978
8268 2 2 2 1 3333 1902 4655
8269 2 2 2 1 2744 2003 4526
8270 2 2 2 1 1698 4281 5512
8271 2 2 2 1 3256 1714 5100
8272 2 2 2 1 3478 825 3682
8273 2 2 2 1 2732 1384 5186
8274 2 2 2 1 1294 2970 4604
8275 2 2 2 1 1134 2984 4243
8276 2 2 2 1 2757 209 5553
8277 2 2 2 1 2709 1557 5024
8278 2 2 2 1 2771 1003 5289
8279 2 2 2 1 3715 1344 3796
8280 2 2 2 1 118 119 5430
8281 2 2 2 1 117 2964 4237
8282 2 2 2 1 721 3003 4109
8283 2 2 2 1 2717 500 5247
8284 2 2 2 1 1848 2730 5482
8285 2 2 2 1 1911 3938 5607
8286 2 2 2 1 1165 3261 4400
8287 2 2 2 1 629 2730 5502
8288 2 2 2 1 1560 3715 3796
8289 2 2 2 1 269 2758 4508
8290 2 2 2 1 2966 1071 5324
8291 2 2 2 1 2746 953 5552
8292 2 2 2 1 2873 457 4142
8293 2 2 2 1 2338 4456 5330
8294 2 2 2 1 2749 1074 5108
8295 2 2 2 1 2730 1600 5502
8296 2 2 2 1 390 5262 5638
8297 2 2 2 1 3288 1297 4609
8298 2 2 2 1 2965 4128 5413
8299 2 2 2 1 3774 464 4763
8300 2 2 2 1 2984 1257 4243
8301 2 2 2 1 1179 3212 3968
8302 2 2 2 1 1865 2859 4173
8303 2 2 2 1 2707 945 5088
8304 2 2 2 1 766 2752 4574
8305 2 2 2 1 516 3026 5188
8306 2 2 2 1 2986 1294 4604
8307 2 2 2 1 457 2873 4159
8308 2 2 2 1 1692 2806 5732
8309 2 2 2 1 2806 411 5732
8310 2 2 2 1 2723 979 4884
8311 2 2 2 1 1429 3138 4964
8312 2 2 2 1 1639 3946 4926
8313 2 2 2 1 3026 1679 5188
8314 2 2 2 1 4680 1664 5125
8315 2 2 2 1 2866 2206 5466
8316 2 2 2 1 3065 1333 4004
8317 2 2 2 1 618 2711 5379
8318 2 2 2 1 1679 4540 4974
8319 2 2 2 1 680 2883 4123
8320 2 2 2 1 3087 1637 3753
8321 2 2 2 1 2943 763 4098
8322 2 2 2 1 2714 620 5481
8323 2 2 2 1 1318 2899 4085
8324 2 2 2 1 1442 3685 4181
8325 2 2 2 1 3942 1806 4782
8326 2 2 2 1 1484 3143 4333
8327 2 2 2 1 3849 911 4264
8328 2 2 2 1 1350 2943 4098
8329 2 2 2 1 2864 1907 4784
8330 2 2 2 1 3555 179 3995
8331 2 2 2 1 3685 1692 4181
8332 2 2 2 1 2937 1301 3999
8333 2 2 2 1 4414 1844 5669
8334 2 2 2 1 1310 2942 4215
8335 2 2 2 1 1654 4473 5566
8336 2 2 2 1 4342 744 5123
8337 2 2 2 1 1578 2721 5193
8338 2 2 2 1 4794 1670 5266
8339 2 2 2 1 3196 1290 4607
8340 2 2 2 1 3416 1384 3519
8341 2 2 2 1 2739 700 4856
8342 2 2 2 1 492 3724 5156
8343 2 2 2 1 2502 3907 4714
8344 2 2 2 1 1781 3849 4264
8345 2 2 2 1 5159 2018 5234
8346 2 2 2 1 2900 1304 5320
8347 2 2 2 1 4228 2342 5238
8348 2 2 2 1 2833 1443 4286
8349 2 2 2 1 2872 3912 4593
8350 2 2 2 1 928 2721 5208
8351 2 2 2 1 2727 207 5022
8352 2 2 2 1 1030 4228 5238
8353 2 2 2 1 2965 857 4738
8354 2 2 2 1 156 157 4902
8355 2 2 2 1 320 319 5375
8356 2 2 2 1 1833 4236 5388
8357 2 2 2 1 3100 1086 4615
8358 2 2 2 1 154 155 5346
8359 2 2 2 1 905 3174 5363
8360 2 2 2 1 3391 2412 4975
8361 2 2 2 1 3174 1805 5363
8362 2 2 2 1 3561 2892 5149
8363 2 2 2 1 2733 1604 5054
8364 2 2 2 1 671 3309 3581
8365 2 2 2 1 636 3441 5089
8366 2 2 2 1 783 3971 4810
8367 2 2 2 1 3855 1482 4791
8368 2 2 2 1 3221 1288 3746
8369 2 2 2 1 3441 1885 5089
8370 2 2 2 1 2734 438 5259
8371 2 2 2 1 3971 2035 4810
8372 2 2 2 1 1430 2783 4814
8373 2 2 2 1 691 2928 5452
8374 2 2 2 1 2928 1676 5452
8375 2 2 2 1 2905 1533 4977
8376 2 2 2 1 800 2905 4977
8377 2 2 2 1 209 2757 5702
8378 2 2 2 1 2757 208 5702
8379 2 2 2 1 3019 1397 3879
8380 2 2 2 1 2821 1213 4373
8381 2 2 2 1 3153 1122 3985
8382 2 2 2 1 2783 656 4814
8383 2 2 2 1 948 3416 3519
8384 2 2 2 1 2850 1005 4759
8385 2 2 2 1 3479 1770 3710
8386 2 2 2 1 3253 1606 5076
8387 2 2 2 1 2847 1325 5324
8388 2 2 2 1 1176 3588 5492
8389 2 2 2 1 2935 1322 4054
8390 2 2 2 1 954 2774 5142
8391 2 2 2 1 668 2748 5653
8392 2 2 2 1 3321 1191 4239
8393 2 2 2 1 1559 2923 4099
8394 2 2 2 1 1398 2741 5317
8395 2 2 2 1 1238 2802 4499
8396 2 2 2 1 5549 494 5727
8397 2 2 2 1 1425 2776 4827
8398 2 2 2 1 3634 1572 3744
8399 2 2 2 1 3122 1101 4350
8400 2 2 2 1 3689 706 3879
8401 2 2 2 1 989 2767 5718
8402 2 2 2 1 4092 1266 5340
8403 2 2 2 1 676 3043 4538
8404 2 2 2 1 319 3044 5375
8405 2 2 2 1 991 2738 5226
8406 2 2 2 1 2279 3467 3743
8407 2 2 2 1 3043 1495 4538
8408 2 2 2 1 2764 646 4724
8409 2 2 2 1 757 3634 3744
8410 2 2 2 1 1119 2957 4038
8411 2 2 2 1 811 3085 5352
8412 2 2 2 1 3822 5070 5554
8413 2 2 2 1 116 117 4237
8414 2 2 2 1 14 15 5720
8415 2 2 2 1 5130 2732 5186
8416 2 2 2 1 644 2966 4006
8417 2 2 2 1 91 92 4404
8418 2 2 2 1 2801 1576 4546
8419 2 2 2 1 883 4129 4745
8420 2 2 2 1 4421 1599 5435
8421 2 2 2 1 3025 907 5454
8422 2 2 2 1 3811 1412 4160
8423 2 2 2 1 4129 2082 4745
8424 2 2 2 1 2755 390 5638
8425 2 2 2 1 2754 632 4892
8426 2 2 2 1 1295 3580 4293
8427 2 2 2 1 2882 442 4226
8428 2 2 2 1 328 327 3927
8429 2 2 2 1 126 127 3922
8430 2 2 2 1 1278 3551 5602
8431 2 2 2 1 326 8 3930
8432 2 2 2 1 4963 1979 5713
8433 2 2 2 1 638 2837 4657
8434 2 2 2 1 3625 470 4534
8435 2 2 2 1 2185 5420 5488
8436 2 2 2 1 2382 5227 5743
8437 2 2 2 1 252 2759 5736
8438 2 2 2 1 3360 1558 4347
8439 2 2 2 1 4276 1877 5105
8440 2 2 2 1 2837 1419 4657
8441 2 2 2 1 2814 1004 5057
8442 2 2 2 1 1699 3464 5428
8443 2 2 2 1 1298 3120 3782
8444 2 2 2 1 1155 2867 5093
8445 2 2 2 1 4025 494 5549
8446 2 2 2 1 1103 2750 5085
8447 2 2 2 1 297 296 3953
8448 2 2 2 1 737 3978 5362
8449 2 2 2 1 666 3204 4220
8450 2 2 2 1 211 212 5241
8451 2 2 2 1 3978 2239 5362
8452 2 2 2 1 1804 3406 4720
8453 2 2 2 1 2548 3701 4977
8454 2 2 2 1 2822 852 4486
8455 2 2 2 1 4111 1872 5408
8456 2 2 2 1 501 5130 5186
8457 2 2 2 1 4239 395 5636
8458 2 2 2 1 1414 3277 5628
8459 2 2 2 1 531 4370 4557
8460 2 2 2 1 4024 259 5024
8461 2 2 2 1 961 2785 5716
8462 2 2 2 1 517 4772 5390
8463 2 2 2 1 1818 4184 5680
8464 2 2 2 1 4370 2107 4557
8465 2 2 2 1 1244 2769 4779
8466 2 2 2 1 2767 595 5630
8467 2 2 2 1 1889 3119 4394
8468 2 2 2 1 2248 3286 5167
8469 2 2 2 1 585 3365 3655
8470 2 2 2 1 4456 1626 5330
8471 2 2 2 1 3298 1126 4532
8472 2 2 2 1 2788 496 4695
8473 2 2 2 1 3204 1477 4220
8474 2 2 2 1 1696 4015 4989
8475 2 2 2 1 824 3629 5319
8476 2 2 2 1 3363 1519 4873
8477 2 2 2 1 1218 2781 4793
8478 2 2 2 1 766 2761 5424
8479 2 2 2 1 2398 4848 5263
8480 2 2 2 1 2756 490 5392
8481 2 2 2 1 4661 1627 5380
8482 2 2 2 1 3629 2041 5319
8483 2 2 2 1 1429 2861 4351
8484 2 2 2 1 3262 1709 4102
8485 2 2 2 1 1511 3258 4251
8486 2 2 2 1 4762 2005 5655
8487 2 2 2 1 3735 572 4380
8488 2 2 2 1 3231 658 5359
8489 2 2 2 1 411 2806 4600
8490 2 2 2 1 3258 707 4251
8491 2 2 2 1 3392 588 4296
8492 2 2 2 1 3161 1120 4973
8493 2 2 2 1 2805 677 4530
8494 2 2 2 1 1986 3232 4104
8495 2 2 2 1 2121 3127 4139
8496 2 2 2 1 707 3258 3990
8497 2 2 2 1 4730 1233 5459
8498 2 2 2 1 1717 3488 3924
8499 2 2 2 1 1542 3373 4668
8500 2 2 2 1 455 2779 5634
8501 2 2 2 1 2841 1579 5318
8502 2 2 2 1 4312 1542 4668
8503 2 2 2 1 1669 2995 5326
8504 2 2 2 1 973 2841 5318
8505 2 2 2 1 1499 2756 5392
8506 2 2 2 1 1889 4394 4807
8507 2 2 2 1 304 303 3967
8508 2 2 2 1 3676 1070 5069
8509 2 2 2 1 2222 3172 3816
8510 2 2 2 1 3488 711 3924
8511 2 2 2 1 2787 1501 5298
8512 2 2 2 1 518 3356 4257
8513 2 2 2 1 1348 2868 5294
8514 2 2 2 1 1123 3750 5578
8515 2 2 2 1 1979 3676 5069
8516 2 2 2 1 3241 1304 3689
8517 2 2 2 1 3462 2052 5580
8518 2 2 2 1 3652 1378 3768
8519 2 2 2 1 1910 3447 5455
8520 2 2 2 1 4665 1472 5020
8521 2 2 2 1 994 2778 5217
8522 2 2 2 1 3527 1321 4863
8523 2 2 2 1 1508 3652 3768
8524 2 2 2 1 2995 847 5326
8525 2 2 2 1 2418 4665 5020
8526 2 2 2 1 1194 3322 5017
8527 2 2 2 1 566 3011 5596
8528 2 2 2 1 3826 954 4969
8529 2 2 2 1 1626 3108 4918
8530 2 2 2 1 3108 800 4918
8531 2 2 2 1 3096 1552 5240
8532 2 2 2 1 2785 1793 5528
8533 2 2 2 1 4659 1678 4774
8534 2 2 2 1 2185 2772 5420
8535 2 2 2 1 3099 1056 4490
8536 2 2 2 1 1495 3099 4490
8537 2 2 2 1 601 3619 5376
8538 2 2 2 1 3415 2069 3856
8539 2 2 2 1 4014 2002 5699
8540 2 2 2 1 3432 460 3585
8541 2 2 2 1 3619 2039 5376
8542 2 2 2 1 4839 1956 4978
8543 2 2 2 1 2767 1388 5279
8544 2 2 2 1 1838 4391 4591
8545 2 2 2 1 450 2976 4111
8546 2 2 2 1 2780 1214 5021
8547 2 2 2 1 2814 638 4657
8548 2 2 2 1 1256 3128 3836
8549 2 2 2 1 3356 1549 4257
8550 2 2 2 1 4629 58 5273
8551 2 2 2 1 1913 3176 3846
8552 2 2 2 1 2794 1396 5196
8553 2 2 2 1 390 2960 5262
8554 2 2 2 1 1607 4283 5688
8555 2 2 2 1 383 382 3989
8556 2 2 2 1 2922 1143 4558
8557 2 2 2 1 3444 1602 5244
8558 2 2 2 1 205 206 3991
8559 2 2 2 1 59 60 4347
8560 2 2 2 1 641 3257 3692
8561 2 2 2 1 1067 2799 4762
8562 2 2 2 1 2792 612 4901
8563 2 2 2 1 3183 1498 3789
8564 2 2 2 1 634 3448 3632
8565 2 2 2 1 2960 1632 5262
8566 2 2 2 1 1597 3625 3823
8567 2 2 2 1 2973 732 5166
8568 2 2 2 1 3860 1521 4578
8569 2 2 2 1 3037 1432 4366
8570 2 2 2 1 1380 2869 4408
8571 2 2 2 1 3486 1215 4259
8572 2 2 2 1 3284 2094 5534
8573 2 2 2 1 3448 1479 3632
8574 2 2 2 1 2066 4259 5665
8575 2 2 2 1 63 3037 4366
8576 2 2 2 1 3222 1654 3741
8577 2 2 2 1 3809 1560 4705
8578 2 2 2 1 1195 2777 5102
8579 2 2 2 1 391 2798 5612
8580 2 2 2 1 567 2786 5163
8581 2 2 2 1 956 2782 5018
8582 2 2 2 1 3986 1503 4332
8583 2 2 2 1 454 3117 4997
8584 2 2 2 1 1337 3008 4027
8585 2 2 2 1 1483 3361 4708
8586 2 2 2 1 2831 1976 4584
8587 2 2 2 1 1717 3924 4095
8588 2 2 2 1 3276 2940 5750
8589 2 2 2 1 1508 3441 3652
8590 2 2 2 1 3441 636 3652
8591 2 2 2 1 1362 3264 4397
8592 2 2 2 1 2789 1700 5231
8593 2 2 2 1 634 3632 4205
8594 2 2 2 1 3352 1471 3640
8595 2 2 2 1 3300 1759 3990
8596 2 2 2 1 1322 3300 3990
8597 2 2 2 1 1303 3042 5048
8598 2 2 2 1 3952 1037 3960
8599 2 2 2 1 3117 1651 4997
8600 2 2 2 1 3924 1377 4095
8601 2 2 2 1 491 2781 5119
8602 2 2 2 1 1793 4149 5528
8603 2 2 2 1 1749 3251 5088
8604 2 2 2 1 1875 3860 4578
8605 2 2 2 1 194 195 4032
8606 2 2 2 1 3172 1306 3816
8607 2 2 2 1 1708 4568 5431
8608 2 2 2 1 584 3352 3640
8609 2 2 2 1 1409 3354 3840
8610 2 2 2 1 1424 3059 4310
8611 2 2 2 1 1347 3314 3874
8612 2 2 2 1 3632 1654 4205
8613 2 2 2 1 2795 671 5360
8614 2 2 2 1 3059 399 4310
8615 2 2 2 1 3782 821 4189
8616 2 2 2 1 3007 647 4078
8617 2 2 2 1 1863 3339 4096
8618 2 2 2 1 538 3583 5538
8619 2 2 2 1 2789 1902 5225
8620 2 2 2 1 1431 4077 4457
8621 2 2 2 1 2762 957 5288
8622 2 2 2 1 4077 1924 4457
8623 2 2 2 1 2808 1038 4833
8624 2 2 2 1 719 2850 4586
8625 2 2 2 1 1216 3452 5487
8626 2 2 2 1 1073 2855 4505
8627 2 2 2 1 1850 3952 3960
8628 2 2 2 1 1560 4559 4705
8629 2 2 2 1 3354 651 3840
8630 2 2 2 1 3055 701 3972
8631 2 2 2 1 3206 1271 3774
8632 2 2 2 1 1679 3026 4540
8633 2 2 2 1 1038 2808 4854
8634 2 2 2 1 1387 2913 4342
8635 2 2 2 1 707 3990 4621
8636 2 2 2 1 2858 1307 4496
8637 2 2 2 1 404 3370 5664
8638 2 2 2 1 3701 800 4977
8639 2 2 2 1 765 3844 5398
8640 2 2 2 1 1336 3055 3972
8641 2 2 2 1 800 3108 4042
8642 2 2 2 1 1305 2795 5160
8643 2 2 2 1 983 2795 5081
8644 2 2 2 1 1161 3570 4693
8645 2 2 2 1 2942 725 4215
8646 2 2 2 1 4562 2135 5730
8647 2 2 2 1 2799 1198 5209
8648 2 2 2 1 638 2814 4842
8649 2 2 2 1 1333 3220 4004
8650 2 2 2 1 3570 1767 4693
8651 2 2 2 1 1259 2931 4282
8652 2 2 2 1 2826 968 4728
8653 2 2 2 1 3438 1740 4152
8654 2 2 2 1 2800 1524 5384
8655 2 2 2 1 3835 1278 5602
8656 2 2 2 1 3150 1208 3873
8657 2 2 2 1 12 2866 5466
8658 2 2 2 1 3357 1406 3837
8659 2 2 2 1 1457 3660 4196
8660 2 2 2 1 591 3349 4185
8661 2 2 2 1 1689 3357 3837
8662 2 2 2 1 4848 907 5263
8663 2 2 2 1 4572 479 5670
8664 2 2 2 1 3176 664 3846
8665 2 2 2 1 1095 3591 3944
8666 2 2 2 1 1657 3219 4865
8667 2 2 2 1 846 4248 5624
8668 2 2 2 1 1676 2928 4306
8669 2 2 2 1 2916 611 4321
8670 2 2 2 1 487 3039 4549
8671 2 2 2 1 1644 3466 4002
8672 2 2 2 1 1021 2818 5684
8673 2 2 2 1 3130 823 3988
8674 2 2 2 1 1662 3616 5136
8675 2 2 2 1 2796 542 5076
8676 2 2 2 1 3219 100 4865
8677 2 2 2 1 3400 836 4576
8678 2 2 2 1 3814 1281 3825
8679 2 2 2 1 3965 1277 4376
8680 2 2 2 1 1664 4680 4838
8681 2 2 2 1 3466 1087 4002
8682 2 2 2 1 3366 1262 3661
8683 2 2 2 1 1795 3814 3825
8684 2 2 2 1 447 2800 5384
8685 2 2 2 1 1670 4794 5148
8686 2 2 2 1 1693 3731 4664
8687 2 2 2 1 2916 1349 5477
8688 2 2 2 1 274 1 5274
8689 2 2 2 1 1 11 5274
8690 2 2 2 1 2817 443 4900
8691 2 2 2 1 3896 1327 5335
8692 2 2 2 1 2801 973 5318
8693 2 2 2 1 1321 3664 4863
8694 2 2 2 1 1662 3400 4576
8695 2 2 2 1 1916 3793 4821
8696 2 2 2 1 1641 3811 4160
8697 2 2 2 1 3898 2492 5276
8698 2 2 2 1 916 2982 5342
8699 2 2 2 1 3528 830 4289
8700 2 2 2 1 3035 1525 4640
8701 2 2 2 1 2982 1653 5342
8702 2 2 2 1 2942 2476 4489
8703 2 2 2 1 2254 2968 4513
8704 2 2 2 1 3793 516 4821
8705 2 2 2 1 2818 529 5721
8706 2 2 2 1 121 122 4186
8707 2 2 2 1 1192 2973 5166
8708 2 2 2 1 4362 2088 5299
8709 2 2 2 1 2810 532 5157
8710 2 2 2 1 3447 1910 4349
8711 2 2 2 1 2432 5452 5536
8712 2 2 2 1 1181 3334 3694
8713 2 2 2 1 4220 2266 5171
8714 2 2 2 1 3175 741 4236
8715 2 2 2 1 741 3447 4349
8716 2 2 2 1 1564 4254 4605
8717 2 2 2 1 1644 4002 5199
8718 2 2 2 1 3241 687 5050
8719 2 2 2 1 2969 1040 4219
8720 2 2 2 1 577 2813 5176
8721 2 2 2 1 5198 1969 5668
8722 2 2 2 1 1451 4271 4692
8723 2 2 2 1 3928 1387 5036
8724 2 2 2 1 4959 660 5656
8725 2 2 2 1 2947 1083 4670
8726 2 2 2 1 3076 819 4979
8727 2 2 2 1 234 235 4150
8728 2 2 2 1 1002 2955 5265
8729 2 2 2 1 202 203 4108
8730 2 2 2 1 4474 1973 5335
8731 2 2 2 1 646 2856 4724
8732 2 2 2 1 1788 3963 5586
8733 2 2 2 1 2837 970 4932
8734 2 2 2 1 1364 3350 4472
8735 2 2 2 1 3877 936 5144
8736 2 2 2 1 3963 2268 5586
8737 2 2 2 1 2849 1161 4693
8738 2 2 2 1 506 4030 5071
8739 2 2 2 1 2843 1898 4830
8740 2 2 2 1 1631 3528 4289
8741 2 2 2 1 1454 3028 4931
8742 2 2 2 1 4271 2078 4692
8743 2 2 2 1 3467 1188 3743
8744 2 2 2 1 1673 3249 5491
8745 2 2 2 1 1598 3076 4979
8746 2 2 2 1 735 3206 4974
8747 2 2 2 1 3206 1667 4974
8748 2 2 2 1 248 3035 4640
8749 2 2 2 1 1046 2856 4686
8750 2 2 2 1 3078 1330 4023
8751 2 2 2 1 2495 4413 5563
8752 2 2 2 1 3588 1975 5492
8753 2 2 2 1 2825 1735 5600
8754 2 2 2 1 3102 526 5174
8755 2 2 2 1 2856 1403 4724
8756 2 2 2 1 3174 905 3905
8757 2 2 2 1 1053 3012 4145
8758 2 2 2 1 2402 3966 5603
8759 2 2 2 1 1791 2816 5313
8760 2 2 2 1 4413 1666 5563
8761 2 2 2 1 1499 2846 5301
8762 2 2 2 1 4030 2109 5071
8763 2 2 2 1 3310 4238 5322
8764 2 2 2 1 724 4869 5598
8765 2 2 2 1 3112 675 5027
8766 2 2 2 1 42 43 4140
8767 2 2 2 1 784 4169 5041
8768 2 2 2 1 1634 3112 5027
8769 2 2 2 1 287 286 4141
8770 2 2 2 1 1296 2919 4442
8771 2 2 2 1 2822 1982 5230
8772 2 2 2 1 266 267 4326
8773 2 2 2 1 836 4048 4576
8774 2 2 2 1 3246 1200 3810
8775 2 2 2 1 1740 2942 4489
8776 2 2 2 1 4048 1934 4576
8777 2 2 2 1 2921 1473 4906
8778 2 2 2 1 1222 3242 3904
8779 2 2 2 1 2978 631 5411
8780 2 2 2 1 3234 1442 4181
8781 2 2 2 1 2957 1119 4327
8782 2 2 2 1 2833 996 5061
8783 2 2 2 1 677 2805 5462
8784 2 2 2 1 4286 1443 4441
8785 2 2 2 1 1419 2837 4932
8786 2 2 2 1 2373 3081 5397
8787 2 2 2 1 2830 436 5556
8788 2 2 2 1 2993 1518 4884
8789 2 2 2 1 4402 848 5643
8790 2 2 2 1 714 3234 4181
8791 2 2 2 1 700 2921 4906
8792 2 2 2 1 2998 526 4638
8793 2 2 2 1 4293 1774 4305
8794 2 2 2 1 157 158 4866
8795 2 2 2 1 2857 1655 5494
8796 2 2 2 1 3441 1508 5014
8797 2 2 2 1 1754 2854 5740
8798 2 2 2 1 1656 4787 5503
8799 2 2 2 1 3185 1055 3923
8800 2 2 2 1 3905 1496 4074
8801 2 2 2 1 3287 614 3790
8802 2 2 2 1 222 223 4183
8803 2 2 2 1 3205 14 5720
8804 2 2 2 1 2016 3024 4790
8805 2 2 2 1 2935 106 4388
8806 2 2 2 1 2960 1081 4332
8807 2 2 2 1 3407 1225 3700
8808 2 2 2 1 4983 3223 5669
8809 2 2 2 1 1520 2973 4296
8810 2 2 2 1 3546 2086 4785
8811 2 2 2 1 3138 493 4095
8812 2 2 2 1 779 3250 5029
8813 2 2 2 1 3618 737 5362
8814 2 2 2 1 3318 385 4174
8815 2 2 2 1 1340 3130 3988
8816 2 2 2 1 3250 1705 5029
8817 2 2 2 1 1044 2980 4304
8818 2 2 2 1 1517 4349 5218
8819 2 2 2 1 212 3193 5241
8820 2 2 2 1 979 2993 4884
8821 2 2 2 1 3865 575 5172
8822 2 2 2 1 2054 3865 5172
8823 2 2 2 1 2415 3612 5455
8824 2 2 2 1 1288 3533 3746
8825 2 2 2 1 1696 4989 5632
8826 2 2 2 1 667 3714 4133
8827 2 2 2 1 1377 3138 4095
8828 2 2 2 1 3717 934 4091
8829 2 2 2 1 449 3095 4053
8830 2 2 2 1 3981 1289 4031
8831 2 2 2 1 701 3055 4115
8832 2 2 2 1 3465 1856 4642
8833 2 2 2 1 2356 4153 5521
8834 2 2 2 1 2136 4504 4647
8835 2 2 2 1 2241 3757 3897
8836 2 2 2 1 2870 1147 4789
8837 2 2 2 1 1978 3981 4031
8838 2 2 2 1 3353 780 4467
8839 2 2 2 1 1225 3395 3728
8840 2 2 2 1 3051 1292 4124
8841 2 2 2 1 1612 3717 4091
8842 2 2 2 1 3203 815 4371
8843 2 2 2 1 3266 657 3947
8844 2 2 2 1 4504 816 4647
8845 2 2 2 1 2835 472 5162
8846 2 2 2 1 3207 558 4058
8847 2 2 2 1 2931 1259 4494
8848 2 2 2 1 3609 2050 3613
8849 2 2 2 1 458 2954 5486
8850 2 2 2 1 1290 3567 4607
8851 2 2 2 1 1197 3609 3613
8852 2 2 2 1 1583 3353 4467
8853 2 2 2 1 4303 1933 5369
8854 2 2 2 1 1168 2844 5432
8855 2 2 2 1 3108 1331 4042
8856 2 2 2 1 1503 3153 3985
8857 2 2 2 1 250 251 5535
8858 2 2 2 1 1442 3207 4058
8859 2 2 2 1 2851 1713 5741
8860 2 2 2 1 4202 1488 5378
8861 2 2 2 1 4241 1648 4954
8862 2 2 2 1 3292 1600 4624
8863 2 2 2 1 1227 3530 5225
8864 2 2 2 1 749 3292 4624
8865 2 2 2 1 3197 1423 4460
8866 2 2 2 1 1408 3034 4189
8867 2 2 2 1 574 2842 5224
8868 2 2 2 1 3058 1228 4120
8869 2 2 2 1 1733 3882 4909
8870 2 2 2 1 2066 3486 4259
8871 2 2 2 1 1854 5350 5510
8872 2 2 2 1 802 3662 4946
8873 2 2 2 1 3044 1371 5375
8874 2 2 2 1 3844 2037 5398
8875 2 2 2 1 3662 2034 4946
8876 2 2 2 1 771 3904 5754
8877 2 2 2 1 2590 4792 5438
8878 2 2 2 1 4792 1588 5438
8879 2 2 2 1 652 3301 3931
8880 2 2 2 1 480 3060 4134
8881 2 2 2 1 1343 2922 4558
8882 2 2 2 1 2947 613 4396
8883 2 2 2 1 2849 636 5089
8884 2 2 2 1 1348 3478 3682
8885 2 2 2 1 1936 3918 4815
8886 2 2 2 1 1283 3134 4035
8887 2 2 2 1 3913 1684 4112
8888 2 2 2 1 1311 3913 4112
8889 2 2 2 1 2064 4308 4788
8890 2 2 2 1 1561 2857 5037
8891 2 2 2 1 4176 943 5006
8892 2 2 2 1 1946 3818 4948
8893 2 2 2 1 785 2843 5523
8894 2 2 2 1 530 3469 4838
8895 2 2 2 1 3289 1672 4188
8896 2 2 2 1 2846 1499 5392
8897 2 2 2 1 106 107 4388
8898 2 2 2 1 3818 710 4948
8899 2 2 2 1 1329 3133 4045
8900 2 2 2 1 503 2841 5518
8901 2 2 2 1 647 3089 4078
8902 2 2 2 1 3114 2625 5629
8903 2 2 2 1 879 2927 5269
8904 2 2 2 1 3628 1201 4445
8905 2 2 2 1 1871 3739 4862
8906 2 2 2 1 4227 1423 5706
8907 2 2 2 1 2118 4176 5006
8908 2 2 2 1 389 3687 4913
8909 2 2 2 1 2927 1563 5269
8910 2 2 2 1 490 2846 5392
8911 2 2 2 1 1889 3468 5395
8912 2 2 2 1 3708 632 4208
8913 2 2 2 1 621 3251 5114
8914 2 2 2 1 444 3605 3776
8915 2 2 2 1 3918 1623 4815
8916 2 2 2 1 3472 705 4354
8917 2 2 2 1 3739 1193 4862
8918 2 2 2 1 1071 2847 5324
8919 2 2 2 1 2859 745 5658
8920 2 2 2 1 1401 3839 3937
8921 2 2 2 1 260 261 4469
8922 2 2 2 1 3150 791 4029
8923 2 2 2 1 3687 1870 4913
8924 2 2 2 1 119 3357 5430
8925 2 2 2 1 2855 1073 5111
8926 2 2 2 1 3476 1328 5637
8927 2 2 2 1 3605 1856 3776
8928 2 2 2 1 1932 5245 5349
8929 2 2 2 1 683 3789 5065
8930 2 2 2 1 2088 4362 5595
8931 2 2 2 1 1591 3472 4354
8932 2 2 2 1 3286 1449 4178
8933 2 2 2 1 166 167 4268
8934 2 2 2 1 1178 2854 5234
8935 2 2 2 1 2845 238 5522
8936 2 2 2 1 3163 1745 5453
8937 2 2 2 1 2372 3275 5118
8938 2 2 2 1 268 269 4508
8939 2 2 2 1 672 3286 4178
8940 2 2 2 1 2408 5261 5405
8941 2 2 2 1 145 146 4533
8942 2 2 2 1 704 3163 5453
8943 2 2 2 1 746 3504 3941
8944 2 2 2 1 1262 3366 5178
8945 2 2 2 1 681 2891 4774
8946 2 2 2 1 3583 1972 5538
8947 2 2 2 1 596 2980 5099
8948 2 2 2 1 587 2874 5685
8949 2 2 2 1 1818 4988 5236
8950 2 2 2 1 4013 1769 4671
8951 2 2 2 1 656 2884 4814
8952 2 2 2 1 3165 1361 4113
8953 2 2 2 1 2898 1168 4805
8954 2 2 2 1 1359 3362 4146
8955 2 2 2 1 3504 1460 3941
8956 2 2 2 1 462 3722 4742
8957 2 2 2 1 2920 1402 5657
8958 2 2 2 1 4921 638 5542
8959 2 2 2 1 933 3479 3710
8960 2 2 2 1 4121 2363 4131
8961 2 2 2 1 1289 4121 4131
8962 2 2 2 1 1080 4014 4696
8963 2 2 2 1 3361 2171 5696
8964 2 2 2 1 2587 3483 5305
8965 2 2 2 1 1926 3669 5336
8966 2 2 2 1 3508 1826 4385
8967 2 2 2 1 4014 1944 4696
8968 2 2 2 1 994 2863 5530
8969 2 2 2 1 3655 1215 4298
8970 2 2 2 1 2872 1297 5672
8971 2 2 2 1 1637 3087 5465
8972 2 2 2 1 2868 999 5618
8973 2 2 2 1 4308 1501 4788
8974 2 2 2 1 1853 4087 4525
8975 2 2 2 1 3651 1175 5581
8976 2 2 2 1 518 3999 4645
8977 2 2 2 1 1376 2945 5444
8978 2 2 2 1 51 52 4299
8979 2 2 2 1 4057 1433 5067
8980 2 2 2 1 4069 433 4450
8981 2 2 2 1 595 3423 5630
8982 2 2 2 1 2890 1052 5692
8983 2 2 2 1 3094 1362 4118
8984 2 2 2 1 3688 2637 5719
8985 2 2 2 1 1862 4069 4450
8986 2 2 2 1 3385 1343 4820
8987 2 2 2 1 2868 583 5294
8988 2 2 2 1 3839 1565 3937
8989 2 2 2 1 2419 3516 5046
8990 2 2 2 1 814 4225 5249
8991 2 2 2 1 2907 1227 4799
8992 2 2 2 1 1361 3186 4113
8993 2 2 2 1 3126 2046 4596
8994 2 2 2 1 3379 1520 4296
8995 2 2 2 1 883 3126 4596
8996 2 2 2 1 3165 416 4213
8997 2 2 2 1 2917 1097 4765
8998 2 2 2 1 3216 475 4545
8999 2 2 2 1 3028 1342 4280
9000 2 2 2 1 588 3379 4296
9001 2 2 2 1 859 2944 4588
9002 2 2 2 1 1385 3590 5670
9003 2 2 2 1 3289 1234 3980
9004 2 2 2 1 2337 2889 4958
9005 2 2 2 1 3752 2129 5621
9006 2 2 2 1 3739 816 5742
9007 2 2 2 1 2338 3097 4456
9008 2 2 2 1 1164 3502 4512
9009 2 2 2 1 3370 2601 5664
9010 2 2 2 1 3314 652 3874
9011 2 2 2 1 3188 1594 4904
9012 2 2 2 1 3300 1322 4388
9013 2 2 2 1 2873 1305 5450
9014 2 2 2 1 1042 2991 4731
9015 2 2 2 1 3502 1649 4512
9016 2 2 2 1 2274 3388 5124
9017 2 2 2 1 1422 2961 5570
9018 2 2 2 1 1497 3230 3973
9019 2 2 2 1 4283 2143 5688
9020 2 2 2 1 337 3188 4904
9021 2 2 2 1 2963 1537 4742
9022 2 2 2 1 404 3238 4234
9023 2 2 2 1 3783 1243 4214
9024 2 2 2 1 517 4341 4772
9025 2 2 2 1 4256 727 5706
9026 2 2 2 1 4341 2091 4772
9027 2 2 2 1 3220 728 4004
9028 2 2 2 1 1419 4140 5082
9029 2 2 2 1 3238 1438 4234
9030 2 2 2 1 2888 1015 5073
9031 2 2 2 1 353 352 4372
9032 2 2 2 1 1423 4227 4709
9033 2 2 2 1 1383 2991 4691
9034 2 2 2 1 1836 4337 5544
9035 2 2 2 1 3313 1588 4633
9036 2 2 2 1 3195 1119 4038
9037 2 2 2 1 62 63 4366
9038 2 2 2 1 3115 1082 5451
9039 2 2 2 1 2090 4650 5746
9040 2 2 2 1 1402 2939 5657
9041 2 2 2 1 1052 2964 5692
9042 2 2 2 1 427 3313 4633
9043 2 2 2 1 1233 2882 5639
9044 2 2 2 1 34 3403 3828
9045 2 2 2 1 2387 4051 4380
9046 2 2 2 1 3156 2299 4741
9047 2 2 2 1 2656 4138 5576
9048 2 2 2 1 2966 644 4663
9049 2 2 2 1 2879 692 5442
9050 2 2 2 1 2989 1386 5584
9051 2 2 2 1 1005 2951 5694
9052 2 2 2 1 2964 1689 5692
9053 2 2 2 1 1524 3195 4038
9054 2 2 2 1 1427 2966 4663
9055 2 2 2 1 1379 3889 5499
9056 2 2 2 1 1533 2905 4987
9057 2 2 2 1 450 3466 5449
9058 2 2 2 1 3301 1355 3931
9059 2 2 2 1 3533 1529 3746
9060 2 2 2 1 607 3064 4561
9061 2 2 2 1 1148 3380 5223
9062 2 2 2 1 4451 1742 4612
9063 2 2 2 1 2933 1063 4804
9064 2 2 2 1 4087 699 4525
9065 2 2 2 1 3455 2042 4020
9066 2 2 2 1 1121 3455 4020
9067 2 2 2 1 1045 2914 4947
9068 2 2 2 1 1625 4740 5062
9069 2 2 2 1 1489 3738 3749
9070 2 2 2 1 3369 332 4834
9071 2 2 2 1 3738 1400 3749
9072 2 2 2 1 3185 1300 5575
9073 2 2 2 1 2970 603 4604
9074 2 2 2 1 1796 3458 5610
9075 2 2 2 1 2164 3955 4550
9076 2 2 2 1 695 5197 5228
9077 2 2 2 1 2892 1036 5149
9078 2 2 2 1 3106 1464 4428
9079 2 2 2 1 95 3106 4428
9080 2 2 2 1 3374 946 4175
9081 2 2 2 1 2142 3785 5102
9082 2 2 2 1 5197 2645 5228
9083 2 2 2 1 4105 1679 4974
9084 2 2 2 1 1614 2923 5044
9085 2 2 2 1 1467 3374 4175
9086 2 2 2 1 504 2893 5633
9087 2 2 2 1 1048 3231 5304
9088 2 2 2 1 94 95 4428
9089 2 2 2 1 2548 4977 5250
9090 2 2 2 1 3999 1846 4645
9091 2 2 2 1 1499 3777 4107
9092 2 2 2 1 653 2969 5106
9093 2 2 2 1 1934 4503 4970
9094 2 2 2 1 702 2890 5306
9095 2 2 2 1 1142 3026 4406
9096 2 2 2 1 4977 1533 5250
9097 2 2 2 1 3777 1607 4107
9098 2 2 2 1 4089 1353 5044
9099 2 2 2 1 870 4362 5299
9100 2 2 2 1 187 188 4438
9101 2 2 2 1 10 362 4511
9102 2 2 2 1 1275 3116 4211
9103 2 2 2 1 544 2900 5320
9104 2 2 2 1 681 2894 5402
9105 2 2 2 1 1059 2897 5380
9106 2 2 2 1 3258 1322 3990
9107 2 2 2 1 1012 2928 4953
9108 2 2 2 1 460 4015 4101
9109 2 2 2 1 3186 725 4113
9110 2 2 2 1 4015 1696 4101
9111 2 2 2 1 644 3290 3965
9112 2 2 2 1 515 4043 4841
9113 2 2 2 1 449 2889 5478
9114 2 2 2 1 987 3541 3921
9115 2 2 2 1 3974 1563 4667
9116 2 2 2 1 1917 3974 4667
9117 2 2 2 1 4284 2214 5216
9118 2 2 2 1 3785 1195 5102
9119 2 2 2 1 2115 4426 4819
9120 2 2 2 1 796 4284 5216
9121 2 2 2 1 3387 1961 5745
9122 2 2 2 1 720 3210 4081
9123 2 2 2 1 802 3387 5745
9124 2 2 2 1 13 14 5141
9125 2 2 2 1 3171 1286 4628
9126 2 2 2 1 3145 714 5640
9127 2 2 2 1 3003 721 5434
9128 2 2 2 1 3421 1235 3868
9129 2 2 2 1 226 2897 5475
9130 2 2 2 1 4043 1974 4841
9131 2 2 2 1 3397 1796 5506
9132 2 2 2 1 430 3310 5389
9133 2 2 2 1 1765 3145 5640
9134 2 2 2 1 109 3158 4179
9135 2 2 2 1 3310 1794 5389
9136 2 2 2 1 3475 1139 4247
9137 2 2 2 1 4426 1490 4819
9138 2 2 2 1 1372 3167 4593
9139 2 2 2 1 3317 2418 4274
9140 2 2 2 1 1641 3003 5434
9141 2 2 2 1 3336 1527 4553
9142 2 2 2 1 897 2904 5476
9143 2 2 2 1 2912 695 5228
9144 2 2 2 1 1031 3537 5366
9145 2 2 2 1 3537 1903 5366
9146 2 2 2 1 209 210 5553
9147 2 2 2 1 2079 3475 4247
9148 2 2 2 1 1995 4365 5390
9149 2 2 2 1 3499 1245 3820
9150 2 2 2 1 1290 3196 4126
9151 2 2 2 1 1307 2965 4738
9152 2 2 2 1 3004 1113 4564
9153 2 2 2 1 2904 2228 5596
9154 2 2 2 1 3600 515 4841
9155 2 2 2 1 710 3362 4223
9156 2 2 2 1 4114 1742 4216
9157 2 2 2 1 1521 2912 5228
9158 2 2 2 1 241 242 4999
9159 2 2 2 1 3105 607 4561
9160 2 2 2 1 2912 1099 5422
9161 2 2 2 1 1546 4729 5304
9162 2 2 2 1 1755 3600 4841
9163 2 2 2 1 1875 3675 4516
9164 2 2 2 1 1127 2921 5105
9165 2 2 2 1 4025 1797 4405
9166 2 2 2 1 24 25 4811
9167 2 2 2 1 494 4025 4405
9168 2 2 2 1 2909 1045 5461
9169 2 2 2 1 4258 1414 5628
9170 2 2 2 1 1385 3858 5671
9171 2 2 2 1 3536 1213 3882
9172 2 2 2 1 3362 1475 4223
9173 2 2 2 1 3990 1759 4621
9174 2 2 2 1 626 4072 5183
9175 2 2 2 1 5452 1676 5536
9176 2 2 2 1 628 4293 4305
9177 2 2 2 1 1784 3077 4363
9178 2 2 2 1 3961 1933 4303
9179 2 2 2 1 661 3302 5691
9180 2 2 2 1 3719 1445 3780
9181 2 2 2 1 1462 3719 3780
9182 2 2 2 1 1476 3323 4210
9183 2 2 2 1 3323 2108 4210
9184 2 2 2 1 3248 1597 4110
9185 2 2 2 1 354 3149 4643
9186 2 2 2 1 3861 1385 5670
9187 2 2 2 1 3268 193 4046
9188 2 2 2 1 1361 3165 4213
9189 2 2 2 1 3675 713 4516
9190 2 2 2 1 1184 3830 5609
9191 2 2 2 1 2259 4039 5712
9192 2 2 2 1 1433 4163 5067
9193 2 2 2 1 2920 1002 5265
9194 2 2 2 1 3518 171 5471
9195 2 2 2 1 1869 3730 5016
9196 2 2 2 1 1059 3160 5678
9197 2 2 2 1 699 3413 4525
9198 2 2 2 1 1506 4114 4216
9199 2 2 2 1 1500 4753 5055
9200 2 2 2 1 2991 532 4691
9201 2 2 2 1 4753 2354 5055
9202 2 2 2 1 3279 1255 4039
9203 2 2 2 1 446 3589 4963
9204 2 2 2 1 3390 1062 4084
9205 2 2 2 1 1002 2920 5657
9206 2 2 2 1 3906 1385 5671
9207 2 2 2 1 3413 1583 4525
9208 2 2 2 1 3437 1401 3937
9209 2 2 2 1 1211 3633 3844
9210 2 2 2 1 1156 2924 5595
9211 2 2 2 1 4376 2536 4980
9212 2 2 2 1 3586 1078 4580
9213 2 2 2 1 3730 370 5016
9214 2 2 2 1 136 137 4567
9215 2 2 2 1 2925 527 5479
9216 2 2 2 1 577 3218 4138
9217 2 2 2 1 3232 976 4104
9218 2 2 2 1 3040 649 4487
9219 2 2 2 1 611 2916 5477
9220 2 2 2 1 903 3337 5725
9221 2 2 2 1 1769 3390 4084
9222 2 2 2 1 2922 574 5543
9223 2 2 2 1 3517 1263 5300
9224 2 2 2 1 3001 1408 5344
9225 2 2 2 1 3052 1089 4890
9226 2 2 2 1 1212 2954 4899
9227 2 2 2 1 73 74 4581
9228 2 2 2 1 1248 3386 4535
9229 2 2 2 1 3540 2244 4524
9230 2 2 2 1 4674 791 4749
9231 2 2 2 1 3337 1900 5725
9232 2 2 2 1 1651 3117 4318
9233 2 2 2 1 782 3295 4037
9234 2 2 2 1 4391 1606 4591
9235 2 2 2 1 3667 1184 5053
9236 2 2 2 1 4022 728 4309
9237 2 2 2 1 3001 474 4679
9238 2 2 2 1 1480 2930 5292
9239 2 2 2 1 2991 1383 4731
9240 2 2 2 1 3102 1045 4947
9241 2 2 2 1 542 3253 5076
9242 2 2 2 1 3085 1424 5352
9243 2 2 2 1 3303 1601 4876
9244 2 2 2 1 1636 4642 4698
9245 2 2 2 1 1324 3175 4236
9246 2 2 2 1 27 28 4632
9247 2 2 2 1 4587 1094 5080
9248 2 2 2 1 1020 2946 5019
9249 2 2 2 1 3761 1536 3875
9250 2 2 2 1 3189 1536 4836
9251 2 2 2 1 3329 854 4510
9252 2 2 2 1 1620 3102 4947
9253 2 2 2 1 1534 3329 4510
9254 2 2 2 1 675 3112 5307
9255 2 2 2 1 1879 3274 5061
9256 2 2 2 1 323 322 4694
9257 2 2 2 1 3750 2156 5578
9258 2 2 2 1 2389 3759 5428
9259 2 2 2 1 3558 1109 5343
9260 2 2 2 1 1089 3072 4890
9261 2 2 2 1 3285 1726 4249
9262 2 2 2 1 1445 3706 3780
9263 2 2 2 1 1417 3203 4371
9264 2 2 2 1 3706 641 3780
9265 2 2 2 1 3387 802 4946
9266 2 2 2 1 412 4908 5378
9267 2 2 2 1 295 3067 4480
9268 2 2 2 1 1688 3387 4946
9269 2 2 2 1 764 3382 4573
9270 2 2 2 1 3382 1574 4573
9271 2 2 2 1 566 3437 3937
9272 2 2 2 1 139 140 4631
9273 2 2 2 1 3039 1391 4549
9274 2 2 2 1 3123 537 4339
9275 2 2 2 1 2355 3048 4589
9276 2 2 2 1 3306 1375 4597
9277 2 2 2 1 3715 1560 3809
9278 2 2 2 1 1533 3122 4350
9279 2 2 2 1 3480 1864 5436
9280 2 2 2 1 1882 4234 4440
9281 2 2 2 1 4201 1969 5649
9282 2 2 2 1 5261 1566 5405
9283 2 2 2 1 247 248 4640
9284 2 2 2 1 4234 1438 4440
9285 2 2 2 1 865 3081 4939
9286 2 2 2 1 3567 1945 4607
9287 2 2 2 1 4337 1836 5091
9288 2 2 2 1 896 3819 5527
9289 2 2 2 1 3457 1231 4478
9290 2 2 2 1 3013 1474 4888
9291 2 2 2 1 769 3715 3809
9292 2 2 2 1 355 354 4643
9293 2 2 2 1 3819 2083 5527
9294 2 2 2 1 1413 3875 4273
9295 2 2 2 1 1426 3061 4586
9296 2 2 2 1 1386 3072 5584
9297 2 2 2 1 1591 4354 4664
9298 2 2 2 1 2951 520 4925
9299 2 2 2 1 3341 133 4479
9300 2 2 2 1 3309 671 4068
9301 2 2 2 1 3083 1563 4632
9302 2 2 2 1 1443 3154 4320
9303 2 2 2 1 639 3778 4710
9304 2 2 2 1 227 228 4661
9305 2 2 2 1 1231 3472 4478
9306 2 2 2 1 687 3729 5050
9307 2 2 2 1 1537 2963 5447
9308 2 2 2 1 4165 545 5561
9309 2 2 2 1 869 3350 4883
9310 2 2 2 1 3405 1285 5358
9311 2 2 2 1 3061 719 4586
9312 2 2 2 1 77 78 4916
9313 2 2 2 1 75 76 4915
9314 2 2 2 1 3275 1908 5118
9315 2 2 2 1 489 3189 4836
9316 2 2 2 1 4938 1539 5343
9317 2 2 2 1 3362 1359 4022
9318 2 2 2 1 732 3726 4394
9319 2 2 2 1 617 3530 4644
9320 2 2 2 1 3625 1337 3823
9321 2 2 2 1 1733 3536 3882
9322 2 2 2 1 2261 4165 5561
9323 2 2 2 1 1777 3507 4564
9324 2 2 2 1 1137 3303 4876
9325 2 2 2 1 1279 3531 3884
9326 2 2 2 1 3797 1857 5530
9327 2 2 2 1 3992 729 4751
9328 2 2 2 1 4394 1663 4807
9329 2 2 2 1 164 3480 5436
9330 2 2 2 1 3161 1787 4319
9331 2 2 2 1 3726 1663 4394
9332 2 2 2 1 1589 3858 3861
9333 2 2 2 1 2592 3623 4992
9334 2 2 2 1 3414 458 5036
9335 2 2 2 1 3048 931 4589
9336 2 2 2 1 1776 2944 5663
9337 2 2 2 1 2030 4290 4824
9338 2 2 2 1 3528 2166 5316
9339 2 2 2 1 3119 732 4394
9340 2 2 2 1 3975 1468 4416
9341 2 2 2 1 148 3013 5337
9342 2 2 2 1 1568 3327 4406
9343 2 2 2 1 3858 1385 3861
9344 2 2 2 1 1505 3341 4479
9345 2 2 2 1 3097 500 4456
9346 2 2 2 1 1620 4947 5239
9347 2 2 2 1 3327 1142 4406
9348 2 2 2 1 2945 835 5444
9349 2 2 2 1 147 148 5337
9350 2 2 2 1 3633 2037 3844
9351 2 2 2 1 1390 3770 4902
9352 2 2 2 1 4062 1429 4964
9353 2 2 2 1 2940 2139 5750
9354 2 2 2 1 2037 2936 5398
9355 2 2 2 1 366 365 4733
9356 2 2 2 1 2323 3576 5370
9357 2 2 2 1 4290 1535 4824
9358 2 2 2 1 1474 3013 4829
9359 2 2 2 1 318 317 4729
9360 2 2 2 1 3064 1994 4561
9361 2 2 2 1 79 80 4744
9362 2 2 2 1 470 3248 4188
9363 2 2 2 1 794 3042 4655
9364 2 2 2 1 2479 4938 5343
9365 2 2 2 1 251 252 5736
9366 2 2 2 1 1600 3139 5502
9367 2 2 2 1 1006 3606 5686
9368 2 2 2 1 3411 752 4669
9369 2 2 2 1 466 3183 4313
9370 2 2 2 1 2924 3869 5595
9371 2 2 2 1 526 3227 4638
9372 2 2 2 1 589 3381 4209
9373 2 2 2 1 3541 1399 3921
9374 2 2 2 1 3795 1262 5178
9375 2 2 2 1 2980 1360 5099
9376 2 2 2 1 16 17 4787
9377 2 2 2 1 3963 2353 5753
9378 2 2 2 1 3058 431 4626
9379 2 2 2 1 481 4441 5161
9380 2 2 2 1 2958 400 5195
9381 2 2 2 1 3383 817 5030
9382 2 2 2 1 4284 796 5391
9383 2 2 2 1 4780 1448 5454
9384 2 2 2 1 1221 2997 4959
9385 2 2 2 1 734 3239 4288
9386 2 2 2 1 3047 1118 5589
9387 2 2 2 1 3196 1669 5715
9388 2 2 2 1 4266 1795 5154
9389 2 2 2 1 1815 3899 4359
9390 2 2 2 1 3899 941 4359
9391 2 2 2 1 443 4334 5683
9392 2 2 2 1 1691 3383 5030
9393 2 2 2 1 2985 1068 5572
9394 2 2 2 1 1975 4606 5492
9395 2 2 2 1 1016 3760 3863
9396 2 2 2 1 4441 2219 5161
9397 2 2 2 1 1694 2950 5565
9398 2 2 2 1 358 357 4825
9399 2 2 2 1 3217 751 4363
9400 2 2 2 1 2952 712 5418
9401 2 2 2 1 219 220 4831
9402 2 2 2 1 4259 807 5665
9403 2 2 2 1 1640 3233 5577
9404 2 2 2 1 345 344 4835
9405 2 2 2 1 2953 1728 5485
9406 2 2 2 1 4102 1709 4847
9407 2 2 2 1 3885 2143 5695
9408 2 2 2 1 1747 4164 4446
9409 2 2 2 1 3001 1190 4972
9410 2 2 2 1 3760 1904 3863
9411 2 2 2 1 1392 3885 5695
9412 2 2 2 1 482 4384 4528
9413 2 2 2 1 3354 1463 4302
9414 2 2 2 1 3954 1993 4169
9415 2 2 2 1 651 3354 4302
9416 2 2 2 1 887 3487 4704
9417 2 2 2 1 2967 459 5354
9418 2 2 2 1 1081 2960 5510
9419 2 2 2 1 3745 2649 4429
9420 2 2 2 1 100 101 4865
9421 2 2 2 1 678 3299 4170
9422 2 2 2 1 1846 3197 4645
9423 2 2 2 1 3225 1367 5341
9424 2 2 2 1 1323 3555 3995
9425 2 2 2 1 279 278 4861
9426 2 2 2 1 28 3083 4632
9427 2 2 2 1 2976 450 5512
9428 2 2 2 1 1758 3170 4747
9429 2 2 2 1 3122 1533 4987
9430 2 2 2 1 4039 1255 5712
9431 2 2 2 1 3239 1421 4288
9432 2 2 2 1 1615 3215 5518
9433 2 2 2 1 244 245 5040
9434 2 2 2 1 457 3122 4987
9435 2 2 2 1 3487 1652 4704
9436 2 2 2 1 362 3157 4511
9437 2 2 2 1 693 4155 4168
9438 2 2 2 1 3015 1510 5130
9439 2 2 2 1 3826 1354 5257
9440 2 2 2 1 1412 3505 4160
9441 2 2 2 1 5054 1604 5080
9442 2 2 2 1 338 337 4904
9443 2 2 2 1 3449 1501 4308
9444 2 2 2 1 1342 3318 4174
9445 2 2 2 1 3197 2116 4645
9446 2 2 2 1 1196 3449 4308
9447 2 2 2 1 3036 1988 4801
9448 2 2 2 1 1685 2965 5413
9449 2 2 2 1 1214 3865 5021
9450 2 2 2 1 1676 4306 5283
9451 2 2 2 1 3446 508 4034
9452 2 2 2 1 1704 3794 4225
9453 2 2 2 1 4155 1720 4168
9454 2 2 2 1 1531 3540 4524
9455 2 2 2 1 3865 2054 5021
9456 2 2 2 1 3108 1626 5571
9457 2 2 2 1 168 169 4928
9458 2 2 2 1 3316 2179 5224
9459 2 2 2 1 1747 3485 4164
9460 2 2 2 1 3794 1537 4225
9461 2 2 2 1 2975 592 5749
9462 2 2 2 1 341 340 4924
9463 2 2 2 1 883 4596 5544
9464 2 2 2 1 3277 1414 4728
9465 2 2 2 1 456 2984 5374
9466 2 2 2 1 1056 3141 4490
9467 2 2 2 1 751 3217 4634
9468 2 2 2 1 3393 1488 4202
9469 2 2 2 1 1455 2985 5572
9470 2 2 2 1 539 3796 5112
9471 2 2 2 1 1660 4028 4837
9472 2 2 2 1 804 3393 4202
9473 2 2 2 1 282 281 5697
9474 2 2 2 1 21 22 4941
9475 2 2 2 1 1649 3941 4198
9476 2 2 2 1 2962 1043 5541
9477 2 2 2 1 3121 2396 4944
9478 2 2 2 1 532 4049 5157
9479 2 2 2 1 1415 3948 4714
9480 2 2 2 1 870 3397 5506
9481 2 2 2 1 2211 4409 5223
9482 2 2 2 1 3254 2546 4685
9483 2 2 2 1 1857 3678 5145
9484 2 2 2 1 814 3456 4044
9485 2 2 2 1 4028 1906 4837
9486 2 2 2 1 501 3015 5130
9487 2 2 2 1 3678 83 5145
9488 2 2 2 1 1371 3363 5375
9489 2 2 2 1 3539 3094 5514
9490 2 2 2 1 3082 1400 4966
9491 2 2 2 1 4409 1148 5223
9492 2 2 2 1 1143 3276 4558
9493 2 2 2 1 3175 1324 4445
9494 2 2 2 1 1588 3428 5153
9495 2 2 2 1 1317 3257 4270
9496 2 2 2 1 3362 710 4146
9497 2 2 2 1 3547 613 4886
9498 2 2 2 1 3401 230 5417
9499 2 2 2 1 5245 1768 5323
9500 2 2 2 1 1217 3203 5113
9501 2 2 2 1 1629 3100 4615
9502 2 2 2 1 2986 881 5395
9503 2 2 2 1 1558 3360 5263
9504 2 2 2 1 1444 3178 4444
9505 2 2 2 1 2990 1585 5635
9506 2 2 2 1 55 56 4983
9507 2 2 2 1 667 3002 5199
9508 2 2 2 1 1285 3419 5180
9509 2 2 2 1 526 2998 5174
9510 2 2 2 1 159 3023 4919
9511 2 2 2 1 343 342 4993
9512 2 2 2 1 1417 3126 4745
9513 2 2 2 1 3519 1384 4005
9514 2 2 2 1 4869 2152 5598
9515 2 2 2 1 1715 3769 4677
9516 2 2 2 1 3489 1263 4026
9517 2 2 2 1 2992 1621 5284
9518 2 2 2 1 622 3137 4911
9519 2 2 2 1 2974 154 5346
9520 2 2 2 1 3458 1027 4795
9521 2 2 2 1 4061 2165 5579
9522 2 2 2 1 370 369 5016
9523 2 2 2 1 4619 2501 4911
9524 2 2 2 1 2982 1672 5724
9525 2 2 2 1 1905 3460 4066
9526 2 2 2 1 3635 1373 4669
9527 2 2 2 1 2012 3635 4669
9528 2 2 2 1 3320 1135 5278
9529 2 2 2 1 3085 1169 5729
9530 2 2 2 1 1153 3239 5220
9531 2 2 2 1 143 144 5674
9532 2 2 2 1 1952 3458 4795
9533 2 2 2 1 754 3494 4436
9534 2 2 2 1 417 4061 5579
9535 2 2 2 1 214 215 5038
9536 2 2 2 1 3337 1293 4182
9537 2 2 2 1 1712 3547 4886
9538 2 2 2 1 3157 1528 4511
9539 2 2 2 1 3517 1711 4017
9540 2 2 2 1 3434 1710 5078
9541 2 2 2 1 3112 1634 5371
9542 2 2 2 1 107 3300 4388
9543 2 2 2 1 1716 3320 5278
9544 2 2 2 1 2998 1047 5371
9545 2 2 2 1 2162 3382 5448
9546 2 2 2 1 1488 4387 5378
9547 2 2 2 1 1047 3112 5371
9548 2 2 2 1 4206 1440 4305
9549 2 2 2 1 141 142 5064
9550 2 2 2 1 1774 4206 4305
9551 2 2 2 1 3872 1752 4618
9552 2 2 2 1 1859 3440 4369
9553 2 2 2 1 3217 1150 4975
9554 2 2 2 1 843 3872 4618
9555 2 2 2 1 3382 764 5448
9556 2 2 2 1 1409 3146 5251
9557 2 2 2 1 862 3434 5078
9558 2 2 2 1 3258 1511 4316
9559 2 2 2 1 918 3214 4393
9560 2 2 2 1 1413 3761 3875
9561 2 2 2 1 251 3345 5535
9562 2 2 2 1 1295 3199 4603
9563 2 2 2 1 1767 3560 4693
9564 2 2 2 1 1192 3067 5433
9565 2 2 2 1 3580 1774 4293
9566 2 2 2 1 3067 1617 5433
9567 2 2 2 1 474 3001 5344
9568 2 2 2 1 3072 1089 4812
9569 2 2 2 1 1745 3697 5533
9570 2 2 2 1 115 116 5116
9571 2 2 2 1 4169 784 5313
9572 2 2 2 1 1438 3244 4449
9573 2 2 2 1 1390 4619 4911
9574 2 2 2 1 931 3048 5155
9575 2 2 2 1 2032 3523 4789
9576 2 2 2 1 1382 3684 4508
9577 2 2 2 1 3642 1706 4755
9578 2 2 2 1 238 239 5522
9579 2 2 2 1 3244 676 4449
9580 2 2 2 1 3364 1622 5403
9581 2 2 2 1 1325 3642 4755
9582 2 2 2 1 5420 546 5488
9583 2 2 2 1 500 3097 5247
9584 2 2 2 1 3478 1794 5322
9585 2 2 2 1 825 3478 5322
9586 2 2 2 1 3097 1578 5247
9587 2 2 2 1 83 84 5145
9588 2 2 2 1 684 4982 5012
9589 2 2 2 1 3977 1833 4737
9590 2 2 2 1 4128 604 5413
9591 2 2 2 1 160 161 5214
9592 2 2 2 1 325 3000 5545
9593 2 2 2 1 3072 1386 4890
9594 2 2 2 1 3880 1477 3909
9595 2 2 2 1 1515 4230 4482
9596 2 2 2 1 14 3205 5141
9597 2 2 2 1 508 3977 4737
9598 2 2 2 1 3005 1643 5554
9599 2 2 2 1 3757 1251 3897
9600 2 2 2 1 3194 479 5034
9601 2 2 2 1 208 4 5702
9602 2 2 2 1 4 209 5702
9603 2 2 2 1 1613 4839 4978
9604 2 2 2 1 1422 3317 4274
9605 2 2 2 1 3006 1673 5491
9606 2 2 2 1 3307 570 5270
9607 2 2 2 1 4349 1910 5218
9608 2 2 2 1 1514 3880 3909
9609 2 2 2 1 3224 1566 5261
9610 2 2 2 1 1697 3307 5270
9611 2 2 2 1 3813 2691 4397
9612 2 2 2 1 4045 861 4320
9613 2 2 2 1 2022 3045 5116
9614 2 2 2 1 853 3833 4956
9615 2 2 2 1 3013 2058 5337
9616 2 2 2 1 3042 794 5048
9617 2 2 2 1 3409 1291 4769
9618 2 2 2 1 3833 1843 4956
9619 2 2 2 1 4076 777 5094
9620 2 2 2 1 3341 1505 4493
9621 2 2 2 1 3326 947 5619
9622 2 2 2 1 738 3017 5310
9623 2 2 2 1 1257 3765 4243
9624 2 2 2 1 726 3477 4110
9625 2 2 2 1 4304 1561 5293
9626 2 2 2 1 3454 1389 5470
9627 2 2 2 1 3045 115 5116
9628 2 2 2 1 1094 3039 5080
9629 2 2 2 1 628 3315 4293
9630 2 2 2 1 1447 3118 4726
9631 2 2 2 1 1473 3076 4906
9632 2 2 2 1 4230 1851 4482
9633 2 2 2 1 4164 1556 4446
9634 2 2 2 1 1228 3283 5005
9635 2 2 2 1 897 3276 5750
9636 2 2 2 1 3101 1204 4809
9637 2 2 2 1 3221 1894 4574
9638 2 2 2 1 1605 3173 5446
9639 2 2 2 1 3102 1620 5409
9640 2 2 2 1 3376 1964 4737
9641 2 2 2 1 526 3102 5409
9642 2 2 2 1 4602 1631 5185
9643 2 2 2 1 4295 1146 5382
9644 2 2 2 1 310 309 5327
9645 2 2 2 1 3283 1608 5005
9646 2 2 2 1 2093 3038 5597
9647 2 2 2 1 69 70 5365
9648 2 2 2 1 1027 3458 5386
9649 2 2 2 1 2184 4295 5382
9650 2 2 2 1 163 164 5436
9651 2 2 2 1 3126 883 4745
9652 2 2 2 1 3458 1796 5386
9653 2 2 2 1 230 231 5417
9654 2 2 2 1 3261 1639 4400
9655 2 2 2 1 1416 3236 4852
9656 2 2 2 1 3092 681 5402
9657 2 2 2 1 3553 1284 4172
9658 2 2 2 1 124 125 5473
9659 2 2 2 1 3081 1798 5397
9660 2 2 2 1 835 3427 4514
9661 2 2 2 1 1492 3970 4000
9662 2 2 2 1 199 200 5460
9663 2 2 2 1 1610 3092 5402
9664 2 2 2 1 1703 3618 5000
9665 2 2 2 1 3065 1628 5525
9666 2 2 2 1 11 12 5466
9667 2 2 2 1 4891 1620 5239
9668 2 2 2 1 1261 3512 4204
9669 2 2 2 1 3245 1529 5073
9670 2 2 2 1 870 5299 5625
9671 2 2 2 1 3562 1567 5613
9672 2 2 2 1 4128 1904 5132
9673 2 2 2 1 2225 3269 4843
9674 2 2 2 1 923 3910 4544
9675 2 2 2 1 1916 3562 5613
9676 2 2 2 1 3843 2011 5412
9677 2 2 2 1 3048 1458 5155
9678 2 2 2 1 275 5 5443
9679 2 2 2 1 432 3065 5525
9680 2 2 2 1 1154 3218 4527
9681 2 2 2 1 3485 463 4164
9682 2 2 2 1 3049 1555 5333
9683 2 2 2 1 3618 2305 5000
9684 2 2 2 1 29 30 5551
9685 2 2 2 1 351 350 5524
9686 2 2 2 1 4132 1919 4521
9687 2 2 2 1 482 3526 4384
9688 2 2 2 1 257 258 5648
9689 2 2 2 1 3786 1715 4677
9690 2 2 2 1 306 305 5747
9691 2 2 2 1 3784 1719 4666
9692 2 2 2 1 3257 1714 5734
9693 2 2 2 1 4227 1744 4709
9694 2 2 2 1 793 3784 4666
9695 2 2 2 1 1487 3862 4433
9696 2 2 2 1 376 375 5709
9697 2 2 2 1 3103 822 5087
9698 2 2 2 1 3744 1547 4201
9699 2 2 2 1 1448 3025 5454
9700 2 2 2 1 1033 3049 5333
9701 2 2 2 1 757 3744 4201
9702 2 2 2 1 1371 3671 4133
9703 2 2 2 1 3313 1078 5438
9704 2 2 2 1 476 3196 4607
9705 2 2 2 1 452 3261 4453
9706 2 2 2 1 3505 560 4160
9707 2 2 2 1 4503 534 4970
9708 2 2 2 1 299 298 5748
9709 2 2 2 1 4281 1698 5677
9710 2 2 2 1 3213 1157 4560
9711 2 2 2 1 3312 1154 4527
9712 2 2 2 1 3970 1551 4000
9713 2 2 2 1 433 3144 4784
9714 2 2 2 1 4289 830 4482
9715 2 2 2 1 1139 3038 5323
9716 2 2 2 1 3128 1256 4867
9717 2 2 2 1 1851 4289 4482
9718 2 2 2 1 3199 2012 4603
9719 2 2 2 1 5098 2431 5115
9720 2 2 2 1 1481 3312 4527
9721 2 2 2 1 673 5098 5115
9722 2 2 2 1 4006 2966 5324
9723 2 2 2 1 1668 3027 5642
9724 2 2 2 1 1118 3184 5589
9725 2 2 2 1 3314 1347 4360
9726 2 2 2 1 3512 1455 4204
9727 2 2 2 1 3711 2391 5242
9728 2 2 2 1 647 3425 5131
9729 2 2 2 1 426 4343 5514
9730 2 2 2 1 437 3771 4880
9731 2 2 2 1 3586 1363 4321
9732 2 2 2 1 3160 1059 5380
9733 2 2 2 1 1261 3786 4677
9734 2 2 2 1 4552 1486 4648
9735 2 2 2 1 4568 940 5092
9736 2 2 2 1 2018 4552 4648
9737 2 2 2 1 1627 3160 5380
9738 2 2 2 1 1399 3541 4557
9739 2 2 2 1 4233 1632 5653
9740 2 2 2 1 4384 1820 4528
9741 2 2 2 1 3610 1587 4516
9742 2 2 2 1 3772 509 4148
9743 2 2 2 1 3671 1510 4133
9744 2 2 2 1 713 3610 4516
9745 2 2 2 1 3355 1149 4922
9746 2 2 2 1 717 4457 4498
9747 2 2 2 1 1314 3515 5756
9748 2 2 2 1 4457 1924 4498
9749 2 2 2 1 2183 4568 5092
9750 2 2 2 1 5013 1809 5649
9751 2 2 2 1 392 3787 4317
9752 2 2 2 1 3569 792 4171
9753 2 2 2 1 2772 3143 5420
9754 2 2 2 1 3787 1595 4317
9755 2 2 2 1 4484 1949 4543
9756 2 2 2 1 3143 546 5420
9757 2 2 2 1 3074 620 5296
9758 2 2 2 1 1457 3569 4171
9759 2 2 2 1 1453 4484 4543
9760 2 2 2 1 4343 2263 5514
9761 2 2 2 1 1977 3121 4944
9762 2 2 2 1 3273 2203 5394
9763 2 2 2 1 1498 3103 5065
9764 2 2 2 1 3217 1398 4634
9765 2 2 2 1 689 3181 4730
9766 2 2 2 1 901 3948 4783
9767 2 2 2 1 475 3216 4802
9768 2 2 2 1 1620 4891 5409
9769 2 2 2 1 3281 1915 4470
9770 2 2 2 1 4891 2442 5409
9771 2 2 2 1 4464 1893 5453
9772 2 2 2 1 3216 1493 4802
9773 2 2 2 1 3419 463 5180
9774 2 2 2 1 3343 1125 4985
9775 2 2 2 1 1603 3343 4985
9776 2 2 2 1 3464 1699 4273
9777 2 2 2 1 146 3436 4533
9778 2 2 2 1 685 3464 4273
9779 2 2 2 1 1226 3428 4792
9780 2 2 2 1 1466 4111 5408
9781 2 2 2 1 3582 599 5287
9782 2 2 2 1 3428 1588 4792
9783 2 2 2 1 3801 1492 4000
9784 2 2 2 1 1601 3355 4922
9785 2 2 2 1 2002 4372 5699
9786 2 2 2 1 4372 2319 5699
9787 2 2 2 1 3049 452 5661
9788 2 2 2 1 3223 57 4629
9789 2 2 2 1 5190 1844 5297
9790 2 2 2 1 3414 1153 5220
9791 2 2 2 1 1760 3561 5149
9792 2 2 2 1 4171 792 4837
9793 2 2 2 1 2355 4589 5620
9794 2 2 2 1 5215 765 5398
9795 2 2 2 1 3996 1952 5137
9796 2 2 2 1 1456 3103 5087
9797 2 2 2 1 755 3996 5137
9798 2 2 2 1 679 3801 4000
9799 2 2 2 1 777 4986 5094
9800 2 2 2 1 1563 3083 5269
9801 2 2 2 1 1906 4171 4837
9802 2 2 2 1 2023 3053 5550
9803 2 2 2 1 1555 3049 5661
9804 2 2 2 1 1285 3936 5358
9805 2 2 2 1 550 3054 5533
9806 2 2 2 1 1477 3880 4212
9807 2 2 2 1 4151 767 4930
9808 2 2 2 1 3491 2135 4562
9809 2 2 2 1 3443 391 4998
9810 2 2 2 1 740 3491 4562
9811 2 2 2 1 3838 1838 4591
9812 2 2 2 1 660 3050 5656
9813 2 2 2 1 3569 1457 4196
9814 2 2 2 1 3543 706 4381
9815 2 2 2 1 4136 469 5484
9816 2 2 2 1 3069 1129 5503
9817 2 2 2 1 1150 3391 4975
9818 2 2 2 1 1513 3543 4381
9819 2 2 2 1 1954 4154 4452
9820 2 2 2 1 3077 430 5389
9821 2 2 2 1 1114 3117 5068
9822 2 2 2 1 1631 4289 5185
9823 2 2 2 1 1718 3254 5559
9824 2 2 2 1 3200 885 4791
9825 2 2 2 1 4589 1835 5620
9826 2 2 2 1 3254 1090 5559
9827 2 2 2 1 746 3502 5499
9828 2 2 2 1 3177 1077 4914
9829 2 2 2 1 1827 4287 5614
9830 2 2 2 1 2024 3298 4532
9831 2 2 2 1 1090 3068 5559
9832 2 2 2 1 1418 3338 5537
9833 2 2 2 1 3123 1066 5458
9834 2 2 2 1 4237 2022 5116
9835 2 2 2 1 3412 2562 5439
9836 2 2 2 1 3072 625 5584
9837 2 2 2 1 3452 587 5487
9838 2 2 2 1 1482 3855 4263
9839 2 2 2 1 469 4192 5484
9840 2 2 2 1 1909 3800 4282
9841 2 2 2 1 701 3517 5300
9842 2 2 2 1 1149 3189 4922
9843 2 2 2 1 1839 3084 5406
9844 2 2 2 1 3374 2313 5325
9845 2 2 2 1 3280 2698 5101
9846 2 2 2 1 1446 3493 4291
9847 2 2 2 1 1751 3587 5235
9848 2 2 2 1 4075 2316 5685
9849 2 2 2 1 3388 2097 5124
9850 2 2 2 1 1519 3714 4950
9851 2 2 2 1 2439 5190 5297
9852 2 2 2 1 4442 1635 4554
9853 2 2 2 1 4982 2154 5012
9854 2 2 2 1 3317 1422 5570
9855 2 2 2 1 3090 1551 5647
9856 2 2 2 1 116 4237 5116
9857 2 2 2 1 946 3374 5325
9858 2 2 2 1 3800 1259 4282
9859 2 2 2 1 2155 3341 4493
9860 2 2 2 1 3324 1436 4917
9861 2 2 2 1 2341 3712 4798
9862 2 2 2 1 3494 1379 4436
9863 2 2 2 1 3673 2078 4271
9864 2 2 2 1 1586 4451 4612
9865 2 2 2 1 4047 1651 4254
9866 2 2 2 1 1167 3222 4766
9867 2 2 2 1 789 4303 5369
9868 2 2 2 1 3129 1575 5140
9869 2 2 2 1 3525 1642 5442
9870 2 2 2 1 1564 4047 4254
9871 2 2 2 1 3587 786 5235
9872 2 2 2 1 1761 4765 5195
9873 2 2 2 1 780 3353 5046
9874 2 2 2 1 3456 814 5249
9875 2 2 2 1 3142 1663 5109
9876 2 2 2 1 1827 3263 4670
9877 2 2 2 1 1412 3497 5704
9878 2 2 2 1 604 4128 5132
9879 2 2 2 1 1717 3456 5249
9880 2 2 2 1 461 3288 4609
9881 2 2 2 1 3714 1371 4133
9882 2 2 2 1 1090 3254 4685
9883 2 2 2 1 1444 3610 4606
9884 2 2 2 1 1418 3397 5625
9885 2 2 2 1 3908 1253 4877
9886 2 2 2 1 939 3673 4271
9887 2 2 2 1 3332 735 4540
9888 2 2 2 1 686 3650 4217
9889 2 2 2 1 674 3179 4981
9890 2 2 2 1 3718 655 4912
9891 2 2 2 1 3505 1412 5704
9892 2 2 2 1 276 3394 4465
9893 2 2 2 1 1833 3977 4236
9894 2 2 2 1 4180 1677 4614
9895 2 2 2 1 1091 4443 5127
9896 2 2 2 1 1413 3369 4834
9897 2 2 2 1 1967 5416 5515
9898 2 2 2 1 513 4828 5573
9899 2 2 2 1 4443 2106 5127
9900 2 2 2 1 3366 864 5178
9901 2 2 2 1 860 3943 4071
9902 2 2 2 1 4030 1647 5423
9903 2 2 2 1 30 3659 5551
9904 2 2 2 1 3977 1324 4236
9905 2 2 2 1 3086 1960 5742
9906 2 2 2 1 3322 1590 4733
9907 2 2 2 1 3943 1540 4071
9908 2 2 2 1 3739 1871 5357
9909 2 2 2 1 2215 4207 5520
9910 2 2 2 1 1436 3353 4917
9911 2 2 2 1 1391 3435 5051
9912 2 2 2 1 1767 3570 5310
9913 2 2 2 1 1086 3100 5562
9914 2 2 2 1 1424 3085 5729
9915 2 2 2 1 365 3322 4733
9916 2 2 2 1 3448 1241 4515
9917 2 2 2 1 3570 738 5310
9918 2 2 2 1 1742 4114 4612
9919 2 2 2 1 1334 3724 4156
9920 2 2 2 1 816 3739 5357
9921 2 2 2 1 3619 1326 4244
9922 2 2 2 1 3152 709 5148
9923 2 2 2 1 3686 874 4242
9924 2 2 2 1 3842 1285 5180
9925 2 2 2 1 3645 678 4673
9926 2 2 2 1 454 3090 5647
9927 2 2 2 1 851 3109 5404
9928 2 2 2 1 1901 3280 5101
9929 2 2 2 1 1074 3163 5108
9930 2 2 2 1 235 3792 4150
9931 2 2 2 1 3094 426 5514
9932 2 2 2 1 3100 688 5677
9933 2 2 2 1 745 3728 5658
9934 2 2 2 1 682 3832 4262
9935 2 2 2 1 3583 1155 5093
9936 2 2 2 1 1275 3093 5664
9937 2 2 2 1 3945 2047 5440
9938 2 2 2 1 769 3809 4571
9939 2 2 2 1 1630 3645 4673
9940 2 2 2 1 3508 898 5620
9941 2 2 2 1 1695 4936 5255
9942 2 2 2 1 1744 3686 4242
9943 2 2 2 1 453 3140 5283
9944 2 2 2 1 3650 1467 4217
9945 2 2 2 1 3809 1659 4571
9946 2 2 2 1 1520 3408 4813
9947 2 2 2 1 3146 1104 5251
9948 2 2 2 1 3389 1178 4648
9949 2 2 2 1 1835 3508 5620
9950 2 2 2 1 3168 1149 5062
9951 2 2 2 1 1332 3521 4348
9952 2 2 2 1 3657 1532 5179
9953 2 2 2 1 3319 2164 5666
9954 2 2 2 1 3942 694 4541
9955 2 2 2 1 1573 4630 5006
9956 2 2 2 1 2416 3510 4559
9957 2 2 2 1 3236 932 4852
9958 2 2 2 1 3443 1418 5625
9959 2 2 2 1 3216 1102 5191
9960 2 2 2 1 2673 3319 5666
9961 2 2 2 1 3832 1557 4262
9962 2 2 2 1 3427 1405 4514
9963 2 2 2 1 1349 3579 5477
9964 2 2 2 1 1462 3772 4148
9965 2 2 2 1 2209 3649 4231
9966 2 2 2 1 3614 1611 4702
9967 2 2 2 1 1956 4251 4978
9968 2 2 2 1 4630 2118 5006
9969 2 2 2 1 772 3614 4702
9970 2 2 2 1 3510 747 4559
9971 2 2 2 1 3909 832 4162
9972 2 2 2 1 2064 3653 4308
9973 2 2 2 1 541 4337 5091
9974 2 2 2 1 2291 3463 5450
9975 2 2 2 1 1507 3123 5458
9976 2 2 2 1 1561 4417 5293
9977 2 2 2 1 697 4119 5408
9978 2 2 2 1 1288 3993 5569
9979 2 2 2 1 1815 4359 4459
9980 2 2 2 1 3792 1494 4150
9981 2 2 2 1 4359 1502 4459
9982 2 2 2 1 609 3132 5407
9983 2 2 2 1 3139 629 5502
9984 2 2 2 1 898 3508 4385
9985 2 2 2 1 3806 1423 4709
9986 2 2 2 1 1474 3280 4888
9987 2 2 2 1 4523 1543 5097
9988 2 2 2 1 1504 3295 4725
9989 2 2 2 1 1398 3217 4975
9990 2 2 2 1 1600 3292 5168
9991 2 2 2 1 1846 3999 4256
9992 2 2 2 1 25 3410 4811
9993 2 2 2 1 1469 3272 5075
9994 2 2 2 1 1938 4163 4364
9995 2 2 2 1 1382 3708 4208
9996 2 2 2 1 849 3444 5244
9997 2 2 2 1 3433 2152 4869
9998 2 2 2 1 3999 1301 4256
9999 2 2 2 1 1551 3151 5647
10000 2 2 2 1 1393 3598 4611
10001 2 2 2 1 3292 1112 5168
10002 2 2 2 1 2207 3528 5316
10003 2 2 2 1 3984 2362 4434
10004 2 2 2 1 678 3328 4673
10005 2 2 2 1 3500 1187 5007
10006 2 2 2 1 4242 1623 4390
10007 2 2 2 1 3526 1430 4384
10008 2 2 2 1 1102 3226 5191
10009 2 2 2 1 1706 3290 4755
10010 2 2 2 1 3729 2250 5050
10011 2 2 2 1 1969 4269 5668
10012 2 2 2 1 1939 3832 5541
10013 2 2 2 1 1112 3307 4907
10014 2 2 2 1 1923 4106 4213
10015 2 2 2 1 1623 3918 4390
10016 2 2 2 1 3131 1176 5492
10017 2 2 2 1 1270 3984 4434
10018 2 2 2 1 3330 1244 4753
10019 2 2 2 1 1479 3448 4515
10020 2 2 2 1 930 4692 4859
10021 2 2 2 1 1954 3807 4972
10022 2 2 2 1 4727 2234 5678
10023 2 2 2 1 1744 4242 4390
10024 2 2 2 1 1468 3975 5107
10025 2 2 2 1 3830 490 4191
10026 2 2 2 1 4168 1720 4458
10027 2 2 2 1 3307 1697 4907
10028 2 2 2 1 3269 1825 4843
10029 2 2 2 1 4498 1924 5353
10030 2 2 2 1 4106 1361 4213
10031 2 2 2 1 1527 4285 4553
10032 2 2 2 1 210 3136 5553
10033 2 2 2 1 1187 3465 5007
10034 2 2 2 1 3472 1591 4478
10035 2 2 2 1 1500 3330 4753
10036 2 2 2 1 3490 1042 4731
10037 2 2 2 1 888 3405 5358
10038 2 2 2 1 3918 484 4390
10039 2 2 2 1 3427 1538 4548
10040 2 2 2 1 4857 1965 4893
10041 2 2 2 1 3548 724 5598
10042 2 2 2 1 3684 268 4508
10043 2 2 2 1 1780 3908 4877
10044 2 2 2 1 3340 1539 4938
10045 2 2 2 1 3204 1548 5121
10046 2 2 2 1 3171 571 5347
10047 2 2 2 1 2016 4790 5468
10048 2 2 2 1 460 3432 4554
10049 2 2 2 1 1486 3389 4648
10050 2 2 2 1 4692 2078 4859
10051 2 2 2 1 3545 2449 5315
10052 2 2 2 1 3153 555 5690
10053 2 2 2 1 3254 1718 5710
10054 2 2 2 1 571 3254 5710
10055 2 2 2 1 1198 3340 4938
10056 2 2 2 1 2680 3444 5464
10057 2 2 2 1 2189 3655 4298
10058 2 2 2 1 262 3398 4617
10059 2 2 2 1 3653 1196 4308
10060 2 2 2 1 1169 3359 5729
10061 2 2 2 1 3669 1926 5709
10062 2 2 2 1 697 3779 4312
10063 2 2 2 1 3336 806 4903
10064 2 2 2 1 2436 3783 4214
10065 2 2 2 1 1527 3336 4903
10066 2 2 2 1 903 5725 5738
10067 2 2 2 1 3364 475 5152
10068 2 2 2 1 421 3536 5314
10069 2 2 2 1 3205 1762 5141
10070 2 2 2 1 528 3545 5315
10071 2 2 2 1 1891 4311 4754
10072 2 2 2 1 3193 1690 5241
10073 2 2 2 1 1512 3830 4191
10074 2 2 2 1 4472 3350 5727
10075 2 2 2 1 4311 770 4754
10076 2 2 2 1 1596 4074 4123
10077 2 2 2 1 4074 680 4123
10078 2 2 2 1 3685 1442 5519
10079 2 2 2 1 1622 3364 5152
10080 2 2 2 1 3779 1542 4312
10081 2 2 2 1 3664 1958 4863
10082 2 2 2 1 3536 1733 5314
10083 2 2 2 1 375 3669 5709
10084 2 2 2 1 4387 2317 5723
10085 2 2 2 1 3175 1201 5387
10086 2 2 2 1 792 3569 4990
10087 2 2 2 1 3765 2068 4243
10088 2 2 2 1 3510 2533 5107
10089 2 2 2 1 1304 3241 5050
10090 2 2 2 1 1956 3951 4418
10091 2 2 2 1 3163 704 5505
10092 2 2 2 1 3280 785 4888
10093 2 2 2 1 1384 3416 5186
10094 2 2 2 1 3408 803 4813
10095 2 2 2 1 4134 1457 4960
10096 2 2 2 1 1514 3909 4162
10097 2 2 2 1 1373 3635 4777
10098 2 2 2 1 2096 3347 5146
10099 2 2 2 1 3516 780 5046
10100 2 2 2 1 995 3271 4927
10101 2 2 2 1 4659 2185 5488
10102 2 2 2 1 664 3176 5446
10103 2 2 2 1 3580 1295 4603
10104 2 2 2 1 1455 3512 5039
10105 2 2 2 1 3472 1231 4605
10106 2 2 2 1 1546 3231 5359
10107 2 2 2 1 1067 4762 5655
10108 2 2 2 1 3852 2028 5110
10109 2 2 2 1 958 5403 5576
10110 2 2 2 1 741 4349 5388
10111 2 2 2 1 3345 251 5736
10112 2 2 2 1 3616 1662 4970
10113 2 2 2 1 1113 4229 4564
10114 2 2 2 1 1493 3216 5191
10115 2 2 2 1 1826 4146 4716
10116 2 2 2 1 4114 1506 5004
10117 2 2 2 1 534 3616 4970
10118 2 2 2 1 1457 4171 4960
10119 2 2 2 1 5403 2656 5576
10120 2 2 2 1 4229 1777 4564
10121 2 2 2 1 1245 3499 4520
10122 2 2 2 1 1714 3256 5734
10123 2 2 2 1 3204 666 5582
10124 2 2 2 1 3256 788 5734
10125 2 2 2 1 1363 3586 4580
10126 2 2 2 1 1373 3411 4669
10127 2 2 2 1 2240 3628 4445
10128 2 2 2 1 1739 4800 5156
10129 2 2 2 1 3484 827 5059
10130 2 2 2 1 3352 584 4790
10131 2 2 2 1 3383 2618 5372
10132 2 2 2 1 1671 4840 5222
10133 2 2 2 1 753 3627 4845
10134 2 2 2 1 693 3190 5431
10135 2 2 2 1 1833 3376 4737
10136 2 2 2 1 1352 3954 4169
10137 2 2 2 1 39 3351 4822
10138 2 2 2 1 4228 1678 5488
10139 2 2 2 1 3360 2398 5263
10140 2 2 2 1 1478 3864 5045
10141 2 2 2 1 242 3546 4999
10142 2 2 2 1 587 3737 5487
10143 2 2 2 1 4216 415 5646
10144 2 2 2 1 3225 666 5171
10145 2 2 2 1 4127 1509 5057
10146 2 2 2 1 1543 3225 5171
10147 2 2 2 1 3880 435 4212
10148 2 2 2 1 3534 691 4649
10149 2 2 2 1 3736 1775 5432
10150 2 2 2 1 722 4102 4847
10151 2 2 2 1 1527 3534 4649
10152 2 2 2 1 3200 1686 5377
10153 2 2 2 1 3493 1005 5694
10154 2 2 2 1 471 3324 4917
10155 2 2 2 1 1707 3442 5393
10156 2 2 2 1 4903 806 4942
10157 2 2 2 1 4943 851 5404
10158 2 2 2 1 860 4071 4748
10159 2 2 2 1 3442 1140 5393
10160 2 2 2 1 4180 756 4346
10161 2 2 2 1 1677 4180 4346
10162 2 2 2 1 3184 1427 5589
10163 2 2 2 1 3251 1323 5114
10164 2 2 2 1 4334 2021 5683
10165 2 2 2 1 1522 3563 4520
10166 2 2 2 1 3941 1460 4198
10167 2 2 2 1 3627 2104 4845
10168 2 2 2 1 3272 1469 5479
10169 2 2 2 1 4071 1768 4748
10170 2 2 2 1 4968 1658 5150
10171 2 2 2 1 703 3465 4642
10172 2 2 2 1 3709 1217 5113
10173 2 2 2 1 3209 1641 5434
10174 2 2 2 1 4362 870 5506
10175 2 2 2 1 3590 2204 5670
10176 2 2 2 1 3563 1245 4520
10177 2 2 2 1 3272 984 5075
10178 2 2 2 1 3855 396 4263
10179 2 2 2 1 2275 4362 5506
10180 2 2 2 1 1920 3895 5439
10181 2 2 2 1 3665 1410 4982
10182 2 2 2 1 3038 3475 5597
10183 2 2 2 1 1401 3437 4689
10184 2 2 2 1 3895 777 5439
10185 2 2 2 1 3350 1364 4883
10186 2 2 2 1 1051 3385 4820
10187 2 2 2 1 4540 735 4974
10188 2 2 2 1 496 3378 5740
10189 2 2 2 1 3378 1754 5740
10190 2 2 2 1 1066 3267 5458
10191 2 2 2 1 3231 1546 5304
10192 2 2 2 1 1415 3907 5183
10193 2 2 2 1 429 3961 5399
10194 2 2 2 1 3435 856 5051
10195 2 2 2 1 3270 104 5095
10196 2 2 2 1 1755 4357 5117
10197 2 2 2 1 3626 1935 4855
10198 2 2 2 1 1541 4943 5728
10199 2 2 2 1 3515 1722 5214
10200 2 2 2 1 4073 545 4165
10201 2 2 2 1 1811 3734 5365
10202 2 2 2 1 3734 69 5365
10203 2 2 2 1 4357 2009 5117
10204 2 2 2 1 3875 685 4273
10205 2 2 2 1 1231 3572 4605
10206 2 2 2 1 1601 4922 5049
10207 2 2 2 1 1573 4073 4165
10208 2 2 2 1 2289 3497 4935
10209 2 2 2 1 1185 3626 4855
10210 2 2 2 1 3632 1479 4473
10211 2 2 2 1 4036 1077 4427
10212 2 2 2 1 5517 2197 5703
10213 2 2 2 1 847 4798 5326
10214 2 2 2 1 750 4054 4316
10215 2 2 2 1 1376 4052 4330
10216 2 2 2 1 1465 3965 4376
10217 2 2 2 1 4341 517 4652
10218 2 2 2 1 1499 4107 4775
10219 2 2 2 1 1834 4341 4652
10220 2 2 2 1 2145 3589 5461
10221 2 2 2 1 666 3225 5341
10222 2 2 2 1 3449 640 4897
10223 2 2 2 1 1548 3204 5582
10224 2 2 2 1 553 3631 4995
10225 2 2 2 1 695 3987 5197
10226 2 2 2 1 4602 511 4717
10227 2 2 2 1 4052 2384 4330
10228 2 2 2 1 3631 1660 4995
10229 2 2 2 1 3612 1516 4542
10230 2 2 2 1 1851 4230 5260
10231 2 2 2 1 495 3612 4542
10232 2 2 2 1 3196 476 5752
10233 2 2 2 1 3607 1486 4832
10234 2 2 2 1 762 3340 5158
10235 2 2 2 1 3512 1261 4677
10236 2 2 2 1 161 3515 5214
10237 2 2 2 1 3572 1564 4605
10238 2 2 2 1 3277 608 5628
10239 2 2 2 1 581 3343 5268
10240 2 2 2 1 3972 701 5300
10241 2 2 2 1 2041 3629 4894
10242 2 2 2 1 3028 4280 4931
10243 2 2 2 1 1965 4602 4717
10244 2 2 2 1 3343 1603 5268
10245 2 2 2 1 3308 1750 5112
10246 2 2 2 1 4099 486 4241
10247 2 2 2 1 1669 3196 5752
10248 2 2 2 1 3959 1702 4810
10249 2 2 2 1 2035 3959 4810
10250 2 2 2 1 3701 2567 4918
10251 2 2 2 1 3594 1370 4967
10252 2 2 2 1 1549 3876 4358
10253 2 2 2 1 4374 1075 5507
10254 2 2 2 1 2131 4374 5507
10255 2 2 2 1 1814 4845 4920
10256 2 2 2 1 3466 1644 5449
10257 2 2 2 1 1337 3625 4534
10258 2 2 2 1 3305 591 5563
10259 2 2 2 1 1907 4450 4784
10260 2 2 2 1 4450 433 4784
10261 2 2 2 1 3876 761 4358
10262 2 2 2 1 4845 2104 4920
10263 2 2 2 1 1325 4006 5324
10264 2 2 2 1 1666 3305 5563
10265 2 2 2 1 738 3570 4775
10266 2 2 2 1 3998 813 4493
10267 2 2 2 1 2080 3772 4833
10268 2 2 2 1 3603 323 4694
10269 2 2 2 1 1368 3745 4429
10270 2 2 2 1 3574 1819 5002
10271 2 2 2 1 3667 739 5301
10272 2 2 2 1 1832 5198 5668
10273 2 2 2 1 4184 829 5135
10274 2 2 2 1 5068 1708 5431
10275 2 2 2 1 1140 3259 5393
10276 2 2 2 1 1925 4184 5135
10277 2 2 2 1 1587 3610 4601
10278 2 2 2 1 3353 1436 5046
10279 2 2 2 1 2106 4443 4850
10280 2 2 2 1 5245 393 5349
10281 2 2 2 1 4652 2347 5754
10282 2 2 2 1 4017 1711 5711
10283 2 2 2 1 1505 3998 4493
10284 2 2 2 1 1834 4652 5754
10285 2 2 2 1 4405 1541 5728
10286 2 2 2 1 3610 713 4606
10287 2 2 2 1 1518 4336 5009
10288 2 2 2 1 2534 3702 5162
10289 2 2 2 1 1365 3693 5437
10290 2 2 2 1 3223 1128 5669
10291 2 2 2 1 3259 1140 5429
10292 2 2 2 1 1201 3628 5187
10293 2 2 2 1 3802 974 4697
10294 2 2 2 1 3469 1664 4838
10295 2 2 2 1 1825 3876 4396
10296 2 2 2 1 1752 3802 4697
10297 2 2 2 1 899 4063 5415
10298 2 2 2 1 484 3806 4709
10299 2 2 2 1 3428 876 5153
10300 2 2 2 1 1388 3961 4303
10301 2 2 2 1 1483 3631 5673
10302 2 2 2 1 4524 838 5701
10303 2 2 2 1 1327 3896 4352
10304 2 2 2 1 1410 4161 4723
10305 2 2 2 1 514 3800 5645
10306 2 2 2 1 3800 1909 5645
10307 2 2 2 1 1559 4099 4241
10308 2 2 2 1 579 3813 4397
10309 2 2 2 1 1927 5151 5309
10310 2 2 2 1 1501 3449 4897
10311 2 2 2 1 5561 545 5711
10312 2 2 2 1 4138 1937 5576
10313 2 2 2 1 4126 3196 5715
10314 2 2 2 1 3767 113 4474
10315 2 2 2 1 4633 1588 5153
10316 2 2 2 1 2019 4537 5381
10317 2 2 2 1 4491 886 4768
10318 2 2 2 1 4076 1810 4800
10319 2 2 2 1 2529 3881 5472
10320 2 2 2 1 1367 4122 5341
10321 2 2 2 1 1442 4058 5519
10322 2 2 2 1 684 3665 4982
10323 2 2 2 1 4431 1558 5263
10324 2 2 2 1 4475 1519 4950
10325 2 2 2 1 4137 502 4971
10326 2 2 2 1 1909 4491 4768
10327 2 2 2 1 5001 2428 5629
10328 2 2 2 1 1547 3744 4502
10329 2 2 2 1 736 5001 5629
10330 2 2 2 1 1822 4137 4971
10331 2 2 2 1 3468 477 4894
10332 2 2 2 1 4331 1700 4749
10333 2 2 2 1 3798 1989 5387
10334 2 2 2 1 1794 3310 5322
10335 2 2 2 1 768 3620 4785
10336 2 2 2 1 1423 3806 4460
10337 2 2 2 1 1569 3546 4785
10338 2 2 2 1 1829 4331 4749
10339 2 2 2 1 1201 3798 5387
10340 2 2 2 1 3373 1542 5445
10341 2 2 2 1 4097 1870 5170
10342 2 2 2 1 4013 1517 5218
10343 2 2 2 1 4458 772 4702
10344 2 2 2 1 4043 515 4417
10345 2 2 2 1 4476 834 4497
10346 2 2 2 1 4788 409 4940
10347 2 2 2 1 3240 1711 5744
10348 2 2 2 1 747 3510 5107
10349 2 2 2 1 637 3527 4863
10350 2 2 2 1 2064 4788 4940
10351 2 2 2 1 775 4097 5170
10352 2 2 2 1 732 4653 5166
10353 2 2 2 1 3263 1827 5614
10354 2 2 2 1 3453 2506 5667
10355 2 2 2 1 833 4857 4893
10356 2 2 2 1 1379 4069 4436
10357 2 2 2 1 3824 1534 4510
10358 2 2 2 1 739 3777 5301
10359 2 2 2 1 2281 3824 4510
10360 2 2 2 1 1802 4476 4497
10361 2 2 2 1 4935 2407 5675
10362 2 2 2 1 3620 1569 4785
10363 2 2 2 1 2270 3923 5556
10364 2 2 2 1 3693 1365 4575
10365 2 2 2 1 4924 1707 5393
10366 2 2 2 1 425 4935 5675
10367 2 2 2 1 1515 3603 4694
10368 2 2 2 1 3589 1350 4963
10369 2 2 2 1 710 3818 4716
10370 2 2 2 1 3366 1554 5285
10371 2 2 2 1 1418 3443 4998
10372 2 2 2 1 3327 675 5307
10373 2 2 2 1 1231 3457 4968
10374 2 2 2 1 1727 4257 4358
10375 2 2 2 1 4233 2553 5262
10376 2 2 2 1 4199 960 5580
10377 2 2 2 1 1037 3952 5737
10378 2 2 2 1 1870 3687 5170
10379 2 2 2 1 2052 4199 5580
10380 2 2 2 1 3952 2228 5737
10381 2 2 2 1 2268 3963 5753
10382 2 2 2 1 1588 3313 5438
10383 2 2 2 1 1014 3643 4668
10384 2 2 2 1 2342 3544 5557
10385 2 2 2 1 4488 763 5613
10386 2 2 2 1 1690 3791 4560
10387 2 2 2 1 3386 1248 5169
10388 2 2 2 1 1832 4610 5425
10389 2 2 2 1 4006 1325 4755
10390 2 2 2 1 452 3311 5661
10391 2 2 2 1 4681 1967 5515
10392 2 2 2 1 3682 2141 4764
10393 2 2 2 1 668 3804 5501
10394 2 2 2 1 4828 2061 5573
10395 2 2 2 1 3556 1513 5526
10396 2 2 2 1 3558 1539 4879
10397 2 2 2 1 3631 1483 4708
10398 2 2 2 1 1672 3289 5724
10399 2 2 2 1 3289 740 5724
10400 2 2 2 1 3321 818 5421
10401 2 2 2 1 1311 3607 4832
10402 2 2 2 1 1103 3305 5682
10403 2 2 2 1 3305 1666 5682
10404 2 2 2 1 3613 769 4747
10405 2 2 2 1 3708 1382 4622
10406 2 2 2 1 3930 1354 4969
10407 2 2 2 1 1439 3815 4517
10408 2 2 2 1 3303 1137 5410
10409 2 2 2 1 3951 468 4418
10410 2 2 2 1 3829 1476 5217
10411 2 2 2 1 3534 1527 4903
10412 2 2 2 1 3546 1569 4999
10413 2 2 2 1 1460 3504 4939
10414 2 2 2 1 4425 1984 5260
10415 2 2 2 1 864 3366 5285
10416 2 2 2 1 1537 3794 4742
10417 2 2 2 1 427 3558 4879
10418 2 2 2 1 1751 5235 5256
10419 2 2 2 1 731 4446 5626
10420 2 2 2 1 1476 3843 5217
10421 2 2 2 1 3740 2120 5404
10422 2 2 2 1 4813 803 5109
10423 2 2 2 1 721 4590 4815
10424 2 2 2 1 3600 1755 5615
10425 2 2 2 1 3363 320 5375
10426 2 2 2 1 3606 2755 5638
10427 2 2 2 1 4590 1936 4815
10428 2 2 2 1 4367 1727 4851
10429 2 2 2 1 3483 2293 5305
10430 2 2 2 1 3482 1184 5609
10431 2 2 2 1 1890 3414 5220
10432 2 2 2 1 4087 1658 4547
10433 2 2 2 1 1859 4367 4851
10434 2 2 2 1 1529 3533 5490
10435 2 2 2 1 1685 3564 5383
10436 2 2 2 1 704 3636 5505
10437 2 2 2 1 4051 1351 4380
10438 2 2 2 1 3488 1537 5447
10439 2 2 2 1 3564 716 5383
10440 2 2 2 1 657 4060 5687
10441 2 2 2 1 4269 1547 5448
10442 2 2 2 1 4060 2008 5687
10443 2 2 2 1 4302 1463 4311
10444 2 2 2 1 699 4087 4547
10445 2 2 2 1 1405 3925 4514
10446 2 2 2 1 816 4504 5742
10447 2 2 2 1 462 3794 4594
10448 2 2 2 1 4797 1851 5260
10449 2 2 2 1 3540 1531 5616
10450 2 2 2 1 1466 3484 5059
10451 2 2 2 1 3948 1415 4783
10452 2 2 2 1 1901 4736 5714
10453 2 2 2 1 1891 4302 4311
10454 2 2 2 1 1655 3500 5007
10455 2 2 2 1 3731 922 4664
10456 2 2 2 1 3302 1346 5691
10457 2 2 2 1 4015 460 4554
10458 2 2 2 1 1635 4015 4554
10459 2 2 2 1 4370 1417 4371
10460 2 2 2 1 1792 4036 4427
10461 2 2 2 1 3512 465 5039
10462 2 2 2 1 2107 4370 4371
10463 2 2 2 1 5389 1794 5652
10464 2 2 2 1 1673 4761 5605
10465 2 2 2 1 388 3317 5570
10466 2 2 2 1 3732 1480 4674
10467 2 2 2 1 3357 1689 5430
10468 2 2 2 1 4412 1478 5045
10469 2 2 2 1 1563 3974 4632
10470 2 2 2 1 2669 4275 4691
10471 2 2 2 1 2120 4943 5404
10472 2 2 2 1 724 3548 4954
10473 2 2 2 1 4633 2268 5753
10474 2 2 2 1 4122 2572 5341
10475 2 2 2 1 3895 2459 4986
10476 2 2 2 1 2846 3667 5301
10477 2 2 2 1 3338 663 5537
10478 2 2 2 1 1561 4043 4417
10479 2 2 2 1 2499 3854 4876
10480 2 2 2 1 427 4633 5753
10481 2 2 2 1 855 4425 5260
10482 2 2 2 1 1293 3337 5498
10483 2 2 2 1 3966 851 4943
10484 2 2 2 1 1291 3575 5385
10485 2 2 2 1 3409 441 5290
10486 2 2 2 1 1403 3326 5619
10487 2 2 2 1 3925 2198 4514
10488 2 2 2 1 777 3895 4986
10489 2 2 2 1 817 3383 5372
10490 2 2 2 1 1196 3688 5719
10491 2 2 2 1 3345 1807 5535
10492 2 2 2 1 3592 244 5040
10493 2 2 2 1 4058 2293 5519
10494 2 2 2 1 4025 1363 4580
10495 2 2 2 1 702 3838 4591
10496 2 2 2 1 3559 1685 5413
10497 2 2 2 1 604 3559 5413
10498 2 2 2 1 1260 3595 4923
10499 2 2 2 1 2576 4153 5708
10500 2 2 2 1 727 4093 5627
10501 2 2 2 1 1536 3761 5143
10502 2 2 2 1 1574 3382 5441
10503 2 2 2 1 947 3326 5667
10504 2 2 2 1 4163 1433 4364
10505 2 2 2 1 3910 1441 4544
10506 2 2 2 1 540 3373 5445
10507 2 2 2 1 4537 533 5381
10508 2 2 2 1 4405 1797 4411
10509 2 2 2 1 4683 1863 5508
10510 2 2 2 1 3569 1452 4990
10511 2 2 2 1 3573 1598 4979
10512 2 2 2 1 556 3954 4553
10513 2 2 2 1 1612 4340 4346
10514 2 2 2 1 1647 5212 5423
10515 2 2 2 1 3456 1717 5182
10516 2 2 2 1 1832 5425 5546
10517 2 2 2 1 4069 1862 4436
10518 2 2 2 1 1541 4405 4411
10519 2 2 2 1 3392 1192 5433
10520 2 2 2 1 4340 1677 4346
10521 2 2 2 1 3532 2233 5063
10522 2 2 2 1 754 4436 5508
10523 2 2 2 1 5212 2383 5423
10524 2 2 2 1 1731 4399 4871
10525 2 2 2 1 1949 4484 4757
10526 2 2 2 1 4484 498 4757
10527 2 2 2 1 3987 695 4565
10528 2 2 2 1 2115 4116 4426
10529 2 2 2 1 1482 3942 4541
10530 2 2 2 1 671 3581 5360
10531 2 2 2 1 764 4573 4610
10532 2 2 2 1 4399 1861 4871
10533 2 2 2 1 1965 4717 5738
10534 2 2 2 1 4573 1831 4610
10535 2 2 2 1 1434 4368 4379
10536 2 2 2 1 4368 2062 4379
10537 2 2 2 1 4483 1800 4488
10538 2 2 2 1 4699 1943 4806
10539 2 2 2 1 1567 4483 4488
10540 2 2 2 1 4116 1098 4426
10541 2 2 2 1 2230 3565 5034
10542 2 2 2 1 692 3525 5442
10543 2 2 2 1 3712 1569 4798
10544 2 2 2 1 3781 351 5524
10545 2 2 2 1 5421 1754 5483
10546 2 2 2 1 4166 1823 5083
10547 2 2 2 1 1353 4166 5083
10548 2 2 2 1 4573 1574 4579
10549 2 2 2 1 3778 1399 4710
10550 2 2 2 1 3862 1487 5717
10551 2 2 2 1 1415 4072 4783
10552 2 2 2 1 3912 1372 4593
10553 2 2 2 1 1664 3713 5125
10554 2 2 2 1 3955 469 4550
10555 2 2 2 1 1831 4573 4579
10556 2 2 2 1 1753 4629 5273
10557 2 2 2 1 2893 3833 5633
10558 2 2 2 1 4257 1549 4358
10559 2 2 2 1 1603 3461 5268
10560 2 2 2 1 1874 3947 5517
10561 2 2 2 1 777 3412 5439
10562 2 2 2 1 3713 670 5125
10563 2 2 2 1 1609 4699 4806
10564 2 2 2 1 3350 1873 5727
10565 2 2 2 1 4754 1895 5623
10566 2 2 2 1 4468 1892 4763
10567 2 2 2 1 464 4468 4763
10568 2 2 2 1 4570 2644 5705
10569 2 2 2 1 4195 2771 5289
10570 2 2 2 1 3726 1520 4813
10571 2 2 2 1 3947 657 5517
10572 2 2 2 1 1659 3809 4705
10573 2 2 2 1 1729 4556 4666
10574 2 2 2 1 3663 1439 4905
10575 2 2 2 1 1732 4993 5429
10576 2 2 2 1 3818 1526 4716
10577 2 2 2 1 3656 1260 4923
10578 2 2 2 1 2468 4120 5005
10579 2 2 2 1 3572 597 5400
10580 2 2 2 1 3551 916 5602
10581 2 2 2 1 1611 3827 4702
10582 2 2 2 1 3488 1717 5249
10583 2 2 2 1 2031 3361 5696
10584 2 2 2 1 3518 1593 5219
10585 2 2 2 1 4658 398 5662
10586 2 2 2 1 3623 1550 4992
10587 2 2 2 1 4154 1437 4452
10588 2 2 2 1 1846 4256 5706
10589 2 2 2 1 4672 1673 5605
10590 2 2 2 1 1577 3987 4565
10591 2 2 2 1 3794 462 4742
10592 2 2 2 1 1424 4310 5352
10593 2 2 2 1 2221 4658 5662
10594 2 2 2 1 1576 3656 4923
10595 2 2 2 1 411 3368 5732
10596 2 2 2 1 4270 3257 5734
10597 2 2 2 1 1180 3370 5707
10598 2 2 2 1 3549 646 5139
10599 2 2 2 1 4869 724 5751
10600 2 2 2 1 1194 4021 4891
10601 2 2 2 1 4021 2442 4891
10602 2 2 2 1 1972 3583 5093
10603 2 2 2 1 3430 1593 5471
10604 2 2 2 1 2344 4869 5751
10605 2 2 2 1 1544 4168 4458
10606 2 2 2 1 4094 722 5129
10607 2 2 2 1 4458 1720 5229
10608 2 2 2 1 3408 1230 5599
10609 2 2 2 1 1441 3910 4662
10610 2 2 2 1 1569 3712 4999
10611 2 2 2 1 3812 2512 5248
10612 2 2 2 1 1791 4430 4431
10613 2 2 2 1 4586 2850 4759
10614 2 2 2 1 4430 1558 4431
10615 2 2 2 1 4146 710 4716
10616 2 2 2 1 1553 3645 4991
10617 2 2 2 1 670 3575 5125
10618 2 2 2 1 450 5449 5512
10619 2 2 2 1 3397 870 5625
10620 2 2 2 1 4024 1939 5648
10621 2 2 2 1 3573 481 5161
10622 2 2 2 1 1557 4024 5024
10623 2 2 2 1 1598 3573 5161
10624 2 2 2 1 4940 1580 4942
10625 2 2 2 1 2064 4940 4942
10626 2 2 2 1 5153 876 5586
10627 2 2 2 1 597 3572 5150
10628 2 2 2 1 1797 4025 4580
10629 2 2 2 1 2326 3506 5347
10630 2 2 2 1 943 4176 4529
10631 2 2 2 1 3444 1943 5464
10632 2 2 2 1 4790 584 5468
10633 2 2 2 1 4559 747 4705
10634 2 2 2 1 1235 3421 5588
10635 2 2 2 1 800 3701 4918
10636 2 2 2 1 1410 4315 4982
10637 2 2 2 1 258 4024 5648
10638 2 2 2 1 3640 1471 5111
10639 2 2 2 1 3974 27 4632
10640 2 2 2 1 1727 4358 4851
10641 2 2 2 1 4835 1653 5730
10642 2 2 2 1 356 3454 5470
10643 2 2 2 1 3988 823 5281
10644 2 2 2 1 1585 3561 5635
10645 2 2 2 1 665 3552 5239
10646 2 2 2 1 4707 2288 5168
10647 2 2 2 1 3907 1415 4714
10648 2 2 2 1 1539 3558 5343
10649 2 2 2 1 2544 3775 5210
10650 2 2 2 1 4444 801 4601
10651 2 2 2 1 1459 4132 4521
10652 2 2 2 1 3670 1468 5003
10653 2 2 2 1 1602 5221 5244
10654 2 2 2 1 4576 1934 4970
10655 2 2 2 1 4583 833 4893
10656 2 2 2 1 2082 4129 5636
10657 2 2 2 1 3771 1991 4880
10658 2 2 2 1 1650 3571 5373
10659 2 2 2 1 3571 428 5373
10660 2 2 2 1 4216 1742 5126
10661 2 2 2 1 3563 686 5255
10662 2 2 2 1 1725 5033 5545
10663 2 2 2 1 2137 4149 5194
10664 2 2 2 1 2432 4649 5452
10665 2 2 2 1 4497 1577 4565
10666 2 2 2 1 3487 887 5494
10667 2 2 2 1 1655 3487 5494
10668 2 2 2 1 4853 2134 5314
10669 2 2 2 1 3714 667 4950
10670 2 2 2 1 5221 2260 5244
10671 2 2 2 1 4160 560 4536
10672 2 2 2 1 4451 833 4583
10673 2 2 2 1 1900 4583 4893
10674 2 2 2 1 1802 4497 4565
10675 2 2 2 1 1641 4160 4536
10676 2 2 2 1 3764 757 5649
10677 2 2 2 1 4279 2364 5607
10678 2 2 2 1 1260 3524 5361
10679 2 2 2 1 3805 1697 5201
10680 2 2 2 1 1733 4853 5314
10681 2 2 2 1 1836 4596 5303
10682 2 2 2 1 4596 2046 5303
10683 2 2 2 1 1054 4336 5532
10684 2 2 2 1 1836 4618 5091
10685 2 2 2 1 1809 3764 5649
10686 2 2 2 1 1593 3518 5471
10687 2 2 2 1 4180 1616 4778
10688 2 2 2 1 4275 1383 4691
10689 2 2 2 1 1713 4929 5741
10690 2 2 2 1 831 3805 5201
10691 2 2 2 1 4176 1628 4529
10692 2 2 2 1 4447 1847 4539
10693 2 2 2 1 3926 1226 4792
10694 2 2 2 1 4616 1842 5339
10695 2 2 2 1 869 4279 5607
10696 2 2 2 1 711 3488 5447
10697 2 2 2 1 3931 1355 5405
10698 2 2 2 1 906 3762 5272
10699 2 2 2 1 2590 3926 4792
10700 2 2 2 1 1676 5283 5536
10701 2 2 2 1 5235 2157 5256
10702 2 2 2 1 4390 484 4709
10703 2 2 2 1 1742 4451 4583
10704 2 2 2 1 3712 241 4999
10705 2 2 2 1 1540 3582 5287
10706 2 2 2 1 4195 1642 5233
10707 2 2 2 1 3770 156 4902
10708 2 2 2 1 2059 4616 5339
10709 2 2 2 1 874 3686 5555
10710 2 2 2 1 4840 1899 5222
10711 2 2 2 1 3581 1545 5360
10712 2 2 2 1 3471 1640 5577
10713 2 2 2 1 2263 3539 5514
10714 2 2 2 1 1517 4013 4671
10715 2 2 2 1 4898 1756 5456
10716 2 2 2 1 1584 3691 5414
10717 2 2 2 1 4339 537 5435
10718 2 2 2 1 2199 3906 5671
10719 2 2 2 1 3686 1743 5555
10720 2 2 2 1 4114 719 4612
10721 2 2 2 1 3601 314 5267
10722 2 2 2 1 2196 4898 5456
10723 2 2 2 1 3487 1655 5531
10724 2 2 2 1 3475 853 5597
10725 2 2 2 1 4413 743 4531
10726 2 2 2 1 4135 2408 5405
10727 2 2 2 1 694 3942 4782
10728 2 2 2 1 3854 1137 4876
10729 2 2 2 1 985 4377 5280
10730 2 2 2 1 4107 738 4775
10731 2 2 2 1 3789 1498 5065
10732 2 2 2 1 4285 556 4553
10733 2 2 2 1 4379 2062 5665
10734 2 2 2 1 3544 2725 5557
10735 2 2 2 1 3576 1773 5370
10736 2 2 2 1 4472 494 5728
10737 2 2 2 1 653 3476 5637
10738 2 2 2 1 4467 1853 4525
10739 2 2 2 1 4545 475 4895
10740 2 2 2 1 807 4379 5665
10741 2 2 2 1 144 3752 5674
10742 2 2 2 1 3567 1290 5368
10743 2 2 2 1 4893 1965 5725
10744 2 2 2 1 1564 3572 5400
10745 2 2 2 1 2120 4472 5728
10746 2 2 2 1 1683 3638 5469
10747 2 2 2 1 4549 1391 5051
10748 2 2 2 1 3533 837 5490
10749 2 2 2 1 4053 1335 4958
10750 2 2 2 1 4392 1668 5642
10751 2 2 2 1 4377 1987 5280
10752 2 2 2 1 500 4100 5571
10753 2 2 2 1 3869 2088 5595
10754 2 2 2 1 767 4151 5211
10755 2 2 2 1 1953 4202 5378
10756 2 2 2 1 3638 1218 5469
10757 2 2 2 1 935 3520 5539
10758 2 2 2 1 1616 4180 4614
10759 2 2 2 1 4117 842 5194
10760 2 2 2 1 1354 3826 4969
10761 2 2 2 1 4049 1636 5157
10762 2 2 2 1 1256 3940 4867
10763 2 2 2 1 4500 1729 4666
10764 2 2 2 1 3517 701 5744
10765 2 2 2 1 1554 3675 5285
10766 2 2 2 1 1793 4117 5194
10767 2 2 2 1 4778 1616 5573
10768 2 2 2 1 3843 994 5217
10769 2 2 2 1 2082 3709 5113
10770 2 2 2 1 3683 647 5131
10771 2 2 2 1 4422 2371 5581
10772 2 2 2 1 1175 4422 5581
10773 2 2 2 1 4808 2145 5461
10774 2 2 2 1 1711 3517 5744
10775 2 2 2 1 3864 1478 4921
10776 2 2 2 1 1045 4808 5461
10777 2 2 2 1 2268 5153 5586
10778 2 2 2 1 4008 1739 5156
10779 2 2 2 1 3620 1669 5326
10780 2 2 2 1 4732 1927 5309
10781 2 2 2 1 5243 1661 5356
10782 2 2 2 1 2284 5243 5356
10783 2 2 2 1 3940 2271 4867
10784 2 2 2 1 2969 4219 5106
10785 2 2 2 1 3533 1288 5569
10786 2 2 2 1 4507 1416 4852
10787 2 2 2 1 480 4134 4960
10788 2 2 2 1 1334 4008 5156
10789 2 2 2 1 1884 4959 5656
10790 2 2 2 1 1734 4501 4682
10791 2 2 2 1 3497 873 5704
10792 2 2 2 1 2339 4651 5414
10793 2 2 2 1 3571 1650 5700
10794 2 2 2 1 4501 1771 4682
10795 2 2 2 1 3891 1614 5044
10796 2 2 2 1 699 4547 4627
10797 2 2 2 1 1741 3988 5281
10798 2 2 2 1 3716 592 5146
10799 2 2 2 1 5459 2511 5710
10800 2 2 2 1 1718 5459 5710
10801 2 2 2 1 4177 748 4964
10802 2 2 2 1 1305 5160 5450
10803 2 2 2 1 4556 793 4666
10804 2 2 2 1 5160 2291 5450
10805 2 2 2 1 605 3556 5526
10806 2 2 2 1 3611 1894 5399
10807 2 2 2 1 1461 3493 5694
10808 2 2 2 1 812 4105 4817
10809 2 2 2 1 7 3540 5616
10810 2 2 2 1 3724 1334 5156
10811 2 2 2 1 3859 1785 5548
10812 2 2 2 1 1250 3859 5548
10813 2 2 2 1 1626 4456 5571
10814 2 2 2 1 4105 1667 4817
10815 2 2 2 1 4314 2595 5258
10816 2 2 2 1 1435 3548 5598
10817 2 2 2 1 1899 4130 5222
10818 2 2 2 1 4760 1932 5349
10819 2 2 2 1 1350 4098 4963
10820 2 2 2 1 4130 776 5222
10821 2 2 2 1 459 3680 5266
10822 2 2 2 1 1874 5517 5703
10823 2 2 2 1 1666 4413 4531
10824 2 2 2 1 4072 1738 4783
10825 2 2 2 1 2132 4449 4538
10826 2 2 2 1 4326 1821 5716
10827 2 2 2 1 4465 1737 5676
10828 2 2 2 1 2785 4326 5716
10829 2 2 2 1 3822 1629 5070
10830 2 2 2 1 4449 676 4538
10831 2 2 2 1 607 4314 5258
10832 2 2 2 1 4358 761 4851
10833 2 2 2 1 1273 3566 5591
10834 2 2 2 1 1697 3805 5311
10835 2 2 2 1 3805 1265 5311
10836 2 2 2 1 4602 1965 4857
10837 2 2 2 1 4218 1858 5328
10838 2 2 2 1 1355 4135 5405
10839 2 2 2 1 1739 4076 4800
10840 2 2 2 1 845 4218 5328
10841 2 2 2 1 3561 406 5635
10842 2 2 2 1 3761 890 5143
10843 2 2 2 1 3946 1638 4926
10844 2 2 2 1 1702 3711 5242
10845 2 2 2 1 4675 1671 5222
10846 2 2 2 1 1944 4057 5067
10847 2 2 2 1 1497 3973 4908
10848 2 2 2 1 1582 4447 4539
10849 2 2 2 1 1742 4583 5126
10850 2 2 2 1 1583 4467 4525
10851 2 2 2 1 4162 2140 5407
10852 2 2 2 1 3624 1574 5441
10853 2 2 2 1 3669 1813 5336
10854 2 2 2 1 3864 866 5045
10855 2 2 2 1 1932 4748 5245
10856 2 2 2 1 3621 1592 5495
10857 2 2 2 1 3722 2510 5539
10858 2 2 2 1 4763 1892 4817
10859 2 2 2 1 1667 4763 4817
10860 2 2 2 1 1986 4506 5372
10861 2 2 2 1 1541 3966 4943
10862 2 2 2 1 4556 1729 4639
10863 2 2 2 1 3641 1086 5562
10864 2 2 2 1 1644 3641 5449
10865 2 2 2 1 4235 783 4810
10866 2 2 2 1 3964 724 4954
10867 2 2 2 1 1781 5056 5561
10868 2 2 2 1 1702 4235 4810
10869 2 2 2 1 709 3869 5148
10870 2 2 2 1 1750 4556 4639
10871 2 2 2 1 1648 3964 4954
10872 2 2 2 1 1183 3571 5700
10873 2 2 2 1 4506 817 5372
10874 2 2 2 1 5056 2261 5561
10875 2 2 2 1 4654 2637 4776
10876 2 2 2 1 3869 1670 5148
10877 2 2 2 1 1353 3891 5044
10878 2 2 2 1 458 3928 5036
10879 2 2 2 1 4696 1944 4701
10880 2 2 2 1 1605 4696 4701
10881 2 2 2 1 1698 3641 5562
10882 2 2 2 1 2072 5204 5211
10883 2 2 2 1 3930 8 5033
10884 2 2 2 1 1487 4401 5717
10885 2 2 2 1 3721 2201 5368
10886 2 2 2 1 2324 3795 5178
10887 2 2 2 1 2056 3603 5558
10888 2 2 2 1 756 4180 4778
10889 2 2 2 1 1688 4946 5079
10890 2 2 2 1 4946 2034 5079
10891 2 2 2 1 1790 3852 5110
10892 2 2 2 1 4241 486 4952
10893 2 2 2 1 4130 2134 4853
10894 2 2 2 1 4240 513 5573
10895 2 2 2 1 1290 3721 5368
10896 2 2 2 1 4886 2181 5401
10897 2 2 2 1 3762 1735 5272
10898 2 2 2 1 4107 1607 5688
10899 2 2 2 1 3620 768 5715
10900 2 2 2 1 1735 3762 5600
10901 2 2 2 1 776 4130 4853
10902 2 2 2 1 3891 1353 5083
10903 2 2 2 1 3837 702 5306
10904 2 2 2 1 3915 1392 5695
10905 2 2 2 1 4222 1311 4832
10906 2 2 2 1 2454 4883 5749
10907 2 2 2 1 3762 1274 5600
10908 2 2 2 1 4701 1944 5067
10909 2 2 2 1 497 4701 5067
10910 2 2 2 1 1880 4704 4718
10911 2 2 2 1 1689 3837 5306
10912 2 2 2 1 3691 679 5414
10913 2 2 2 1 3786 677 5462
10914 2 2 2 1 4704 1652 4718
10915 2 2 2 1 4773 1815 5254
10916 2 2 2 1 2027 4773 5254
10917 2 2 2 1 2311 3842 5180
10918 2 2 2 1 2778 3829 5217
10919 2 2 2 1 931 4858 4937
10920 2 2 2 1 2013 3878 5588
10921 2 2 2 1 3963 1788 5515
10922 2 2 2 1 4858 1947 4937
10923 2 2 2 1 2088 4439 5299
10924 2 2 2 1 4015 1635 4989
10925 2 2 2 1 1813 3812 5248
10926 2 2 2 1 3606 1367 5686
10927 2 2 2 1 3777 1499 5301
10928 2 2 2 1 4721 2117 4996
10929 2 2 2 1 886 3963 5515
10930 2 2 2 1 3878 1235 5588
10931 2 2 2 1 4398 77 4916
10932 2 2 2 1 76 4398 4915
10933 2 2 2 1 4842 2814 5057
10934 2 2 2 1 1715 3786 5462
10935 2 2 2 1 3833 2079 5633
10936 2 2 2 1 1669 3620 5715
10937 2 2 2 1 4337 541 4994
10938 2 2 2 1 4238 825 5322
10939 2 2 2 1 1764 4337 4994
10940 2 2 2 1 748 4062 4964
10941 2 2 2 1 3964 1648 5074
10942 2 2 2 1 4401 890 5717
10943 2 2 2 1 3631 553 5673
10944 2 2 2 1 3892 2040 5158
10945 2 2 2 1 2375 4222 4832
10946 2 2 2 1 1571 3763 5367
10947 2 2 2 1 2328 5357 5497
10948 2 2 2 1 913 3685 5519
10949 2 2 2 1 281 4161 5697
10950 2 2 2 1 646 4200 5139
10951 2 2 2 1 4200 1786 5139
10952 2 2 2 1 5357 1871 5497
10953 2 2 2 1 4547 1824 4627
10954 2 2 2 1 2061 4778 5573
10955 2 2 2 1 4098 1979 4963
10956 2 2 2 1 1744 4390 4709
10957 2 2 2 1 1331 4068 5002
10958 2 2 2 1 5611 1696 5632
10959 2 2 2 1 2482 5611 5632
10960 2 2 2 1 1835 4589 4937
10961 2 2 2 1 4589 931 4937
10962 2 2 2 1 1677 4340 5042
10963 2 2 2 1 4881 2027 4882
10964 2 2 2 1 1624 4881 4882
10965 2 2 2 1 4583 1900 5126
10966 2 2 2 1 4158 668 5653
10967 2 2 2 1 3752 1828 5674
10968 2 2 2 1 1667 4105 4974
10969 2 2 2 1 1719 4500 4666
10970 2 2 2 1 3737 2051 5487
10971 2 2 2 1 4061 417 5252
10972 2 2 2 1 1648 4241 4952
10973 2 2 2 1 2018 4648 5234
10974 2 2 2 1 3975 747 5107
10975 2 2 2 1 4648 1178 5234
10976 2 2 2 1 1345 4167 5482
10977 2 2 2 1 4582 2825 5600
10978 2 2 2 1 1736 4061 5252
10979 2 2 2 1 4167 1848 5482
10980 2 2 2 1 4836 1536 5143
10981 2 2 2 1 1274 4582 5600
10982 2 2 2 1 3759 1699 5428
10983 2 2 2 1 769 4571 4747
10984 2 2 2 1 4248 2334 5114
10985 2 2 2 1 1687 4885 4887
10986 2 2 2 1 887 4704 4961
10987 2 2 2 1 4768 2060 5645
10988 2 2 2 1 4571 1758 4747
10989 2 2 2 1 719 4114 5004
10990 2 2 2 1 1044 4304 5293
10991 2 2 2 1 4151 2072 5211
10992 2 2 2 1 4436 1862 5508
10993 2 2 2 1 4704 1880 4961
10994 2 2 2 1 3894 1811 5365
10995 2 2 2 1 1323 4248 5114
10996 2 2 2 1 70 3894 5365
10997 2 2 2 1 585 3871 5351
10998 2 2 2 1 4218 845 5336
10999 2 2 2 1 3902 2570 5496
11000 2 2 2 1 1743 3686 5627
11001 2 2 2 1 1579 3898 5276
11002 2 2 2 1 3841 1033 5333
11003 2 2 2 1 4171 1906 4960
11004 2 2 2 1 4120 1228 5005
11005 2 2 2 1 480 4960 5189
11006 2 2 2 1 1813 4218 5336
11007 2 2 2 1 3871 2558 5351
11008 2 2 2 1 5204 1731 5211
11009 2 2 2 1 710 4223 4948
11010 2 2 2 1 4753 1244 4779
11011 2 2 2 1 4885 1914 4887
11012 2 2 2 1 2388 4496 4738
11013 2 2 2 1 4225 814 4949
11014 2 2 2 1 4793 2539 5469
11015 2 2 2 1 1082 4221 5275
11016 2 2 2 1 1704 4225 4949
11017 2 2 2 1 4496 1307 4738
11018 2 2 2 1 4223 1704 4948
11019 2 2 2 1 4221 2097 5275
11020 2 2 2 1 2354 4753 4779
11021 2 2 2 1 476 3674 5752
11022 2 2 2 1 3741 1654 5566
11023 2 2 2 1 4682 720 4816
11024 2 2 2 1 1191 5483 5606
11025 2 2 2 1 5201 1697 5270
11026 2 2 2 1 5483 2401 5606
11027 2 2 2 1 4095 493 5182
11028 2 2 2 1 2197 4796 5703
11029 2 2 2 1 2147 5201 5270
11030 2 2 2 1 1585 3983 5164
11031 2 2 2 1 4882 2027 5254
11032 2 2 2 1 797 4882 5254
11033 2 2 2 1 1717 4095 5182
11034 2 2 2 1 4841 1974 5207
11035 2 2 2 1 2157 5177 5331
11036 2 2 2 1 1691 5030 5058
11037 2 2 2 1 5416 886 5515
11038 2 2 2 1 1773 3945 5440
11039 2 2 2 1 1810 4076 5094
11040 2 2 2 1 5030 2009 5058
11041 2 2 2 1 5151 865 5309
11042 2 2 2 1 1354 3958 5257
11043 2 2 2 1 541 4552 4994
11044 2 2 2 1 1844 4983 5669
11045 2 2 2 1 4552 2018 4994
11046 2 2 2 1 3753 1637 5594
11047 2 2 2 1 2145 4808 5027
11048 2 2 2 1 5207 1974 5590
11049 2 2 2 1 511 4602 5185
11050 2 2 2 1 1880 5419 5590
11051 2 2 2 1 1946 4948 4949
11052 2 2 2 1 1823 4439 5083
11053 2 2 2 1 309 3919 5327
11054 2 2 2 1 5177 1730 5331
11055 2 2 2 1 1828 3752 5621
11056 2 2 2 1 4280 760 4931
11057 2 2 2 1 3919 1808 5327
11058 2 2 2 1 4948 1704 4949
11059 2 2 2 1 2774 4625 5142
11060 2 2 2 1 3804 1504 5501
11061 2 2 2 1 3754 1675 5644
11062 2 2 2 1 4961 1880 5590
11063 2 2 2 1 4353 1656 5503
11064 2 2 2 1 4936 1695 4945
11065 2 2 2 1 495 4013 5218
11066 2 2 2 1 4251 707 4978
11067 2 2 2 1 3887 1685 5383
11068 2 2 2 1 4163 497 5067
11069 2 2 2 1 1955 4936 4945
11070 2 2 2 1 1426 4586 4759
11071 2 2 2 1 4055 775 5170
11072 2 2 2 1 4482 830 5558
11073 2 2 2 1 4443 1523 4850
11074 2 2 2 1 4140 43 5082
11075 2 2 2 1 2105 4094 5129
11076 2 2 2 1 3936 2443 5358
11077 2 2 2 1 4086 455 5634
11078 2 2 2 1 4871 767 5211
11079 2 2 2 1 2147 5181 5345
11080 2 2 2 1 4072 1415 5183
11081 2 2 2 1 1982 3972 5300
11082 2 2 2 1 5181 1778 5345
11083 2 2 2 1 4795 1855 5137
11084 2 2 2 1 1838 4086 5634
11085 2 2 2 1 1718 4730 5459
11086 2 2 2 1 1952 4795 5137
11087 2 2 2 1 4447 991 5226
11088 2 2 2 1 2249 5123 5679
11089 2 2 2 1 1847 4447 5226
11090 2 2 2 1 4748 1932 5192
11091 2 2 2 1 4093 1743 5627
11092 2 2 2 1 3881 1790 5472
11093 2 2 2 1 821 3816 5601
11094 2 2 2 1 3887 1694 5565
11095 2 2 2 1 2602 4507 4852
11096 2 2 2 1 3964 1674 5751
11097 2 2 2 1 892 4965 5200
11098 2 2 2 1 1566 3931 5405
11099 2 2 2 1 697 4312 5291
11100 2 2 2 1 4994 2018 5159
11101 2 2 2 1 4398 1681 4915
11102 2 2 2 1 1681 4398 4916
11103 2 2 2 1 1764 4994 5159
11104 2 2 2 1 4315 2154 4982
11105 2 2 2 1 5465 2714 5481
11106 2 2 2 1 5123 1883 5679
11107 2 2 2 1 4192 1435 5484
11108 2 2 2 1 1700 4331 5231
11109 2 2 2 1 3830 1512 5609
11110 2 2 2 1 4965 2019 5200
11111 2 2 2 1 4715 863 5419
11112 2 2 2 1 2519 3835 5602
11113 2 2 2 1 860 4748 5192
11114 2 2 2 1 1637 5465 5481
11115 2 2 2 1 1448 4654 4776
11116 2 2 2 1 2165 4715 5419
11117 2 2 2 1 3928 458 5486
11118 2 2 2 1 3889 746 5499
11119 2 2 2 1 4184 1818 5504
11120 2 2 2 1 829 4184 5504
11121 2 2 2 1 858 3902 5496
11122 2 2 2 1 1524 4038 5384
11123 2 2 2 1 1552 4080 5240
11124 2 2 2 1 930 4859 4933
11125 2 2 2 1 1873 5549 5727
11126 2 2 2 1 2497 4846 4955
11127 2 2 2 1 782 4265 5568
11128 2 2 2 1 4336 1518 5532
11129 2 2 2 1 4414 758 5297
11130 2 2 2 1 1465 4376 4980
11131 2 2 2 1 1844 4414 5297
11132 2 2 2 1 4149 1793 5194
11133 2 2 2 1 3901 1273 5591
11134 2 2 2 1 4571 1659 4895
11135 2 2 2 1 4265 2417 5568
11136 2 2 2 1 828 4448 5110
11137 2 2 2 1 4219 1571 5106
11138 2 2 2 1 521 5079 5593
11139 2 2 2 1 4760 865 5151
11140 2 2 2 1 2206 5274 5466
11141 2 2 2 1 2854 4695 5740
11142 2 2 2 1 1758 4571 4895
11143 2 2 2 1 5274 11 5466
11144 2 2 2 1 4448 1790 5110
11145 2 2 2 1 4889 1878 5165
11146 2 2 2 1 2160 3901 5591
11147 2 2 2 1 1631 4602 4857
11148 2 2 2 1 1932 4760 5151
11149 2 2 2 1 4859 1886 4933
11150 2 2 2 1 415 4216 5126
11151 2 2 2 1 2111 4757 5427
11152 2 2 2 1 1979 5069 5713
11153 2 2 2 1 1659 4545 4895
11154 2 2 2 1 857 3887 5565
11155 2 2 2 1 4757 498 5427
11156 2 2 2 1 1230 3914 5599
11157 2 2 2 1 4340 485 5042
11158 2 2 2 1 4735 1963 5332
11159 2 2 2 1 1734 4682 4816
11160 2 2 2 1 2347 5348 5754
11161 2 2 2 1 2407 5555 5675
11162 2 2 2 1 2283 4323 5205
11163 2 2 2 1 1449 4453 4957
11164 2 2 2 1 486 4650 4952
11165 2 2 2 1 5031 524 5733
11166 2 2 2 1 5348 771 5754
11167 2 2 2 1 5484 1435 5598
11168 2 2 2 1 1513 4678 5526
11169 2 2 2 1 5236 2202 5504
11170 2 2 2 1 666 4220 5171
11171 2 2 2 1 5555 1743 5675
11172 2 2 2 1 3858 893 5671
11173 2 2 2 1 1818 5236 5504
11174 2 2 2 1 4937 1947 5295
11175 2 2 2 1 4063 1950 5542
11176 2 2 2 1 524 4735 5332
11177 2 2 2 1 2184 4412 5045
11178 2 2 2 1 1711 3849 5711
11179 2 2 2 1 2146 4475 4950
11180 2 2 2 1 4678 2667 5526
11181 2 2 2 1 2203 5031 5733
11182 2 2 2 1 479 3861 5670
11183 2 2 2 1 3914 2243 5599
11184 2 2 2 1 758 4297 5297
11185 2 2 2 1 4297 2439 5297
11186 2 2 2 1 4800 1810 5708
11187 2 2 2 1 2723 4884 5009
11188 2 2 2 1 494 4472 5727
11189 2 2 2 1 239 4272 5522
11190 2 2 2 1 996 4786 5061
11191 2 2 2 1 5030 817 5117
11192 2 2 2 1 4786 1879 5061
11193 2 2 2 1 772 4458 5229
11194 2 2 2 1 3860 1875 5722
11195 2 2 2 1 1533 4350 5250
11196 2 2 2 1 2009 5030 5117
11197 2 2 2 1 436 5364 5556
11198 2 2 2 1 1682 4266 5154
11199 2 2 2 1 2374 3862 5717
11200 2 2 2 1 1878 4889 4976
11201 2 2 2 1 4889 841 4976
11202 2 2 2 1 5364 2270 5556
11203 2 2 2 1 2030 4824 5496
11204 2 2 2 1 1578 4199 5253
11205 2 2 2 1 1578 5193 5247
11206 2 2 2 1 4063 1509 5415
11207 2 2 2 1 4746 1751 5256
11208 2 2 2 1 5193 2717 5247
11209 2 2 2 1 5037 2857 5494
11210 2 2 2 1 4824 858 5496
11211 2 2 2 1 4960 1906 5189
11212 2 2 2 1 4608 980 5167
11213 2 2 2 1 1501 4897 5298
11214 2 2 2 1 1815 4459 5254
11215 2 2 2 1 4459 797 5254
11216 2 2 2 1 1363 4025 5549
11217 2 2 2 1 4289 1851 5185
11218 2 2 2 1 1852 4608 5167
11219 2 2 2 1 1662 4576 4970
11220 2 2 2 1 1642 4195 5289
11221 2 2 2 1 4357 1755 5207
11222 2 2 2 1 1632 4233 5262
11223 2 2 2 1 4230 855 5260
11224 2 2 2 1 1518 4537 5532
11225 2 2 2 1 4690 1828 5064
11226 2 2 2 1 863 4357 5207
11227 2 2 2 1 142 4690 5064
11228 2 2 2 1 4119 1466 5408
11229 2 2 2 1 4933 1886 5215
11230 2 2 2 1 4722 2405 4985
11231 2 2 2 1 4650 2090 4952
11232 2 2 2 1 4986 1671 5094
11233 2 2 2 1 4323 547 5205
11234 2 2 2 1 4736 892 5200
11235 2 2 2 1 5135 2111 5427
11236 2 2 2 1 1925 5135 5427
11237 2 2 2 1 2331 4549 5051
11238 2 2 2 1 2057 4382 5169
11239 2 2 2 1 1898 4736 5200
11240 2 2 2 1 4802 2585 5152
11241 2 2 2 1 4331 794 5231
11242 2 2 2 1 5474 1940 5624
11243 2 2 2 1 4752 2128 5689
11244 2 2 2 1 2304 5474 5624
11245 2 2 2 1 1587 5028 5722
11246 2 2 2 1 1755 5117 5615
11247 2 2 2 1 926 4752 5689
11248 2 2 2 1 1904 4956 5132
11249 2 2 2 1 724 3964 5751
11250 2 2 2 1 2060 5416 5480
11251 2 2 2 1 1125 4722 4985
11252 2 2 2 1 5133 1772 5144
11253 2 2 2 1 2152 4136 5484
11254 2 2 2 1 4312 1701 5291
11255 2 2 2 1 1615 4721 4996
11256 2 2 2 1 4262 1557 5338
11257 2 2 2 1 2004 5133 5144
11258 2 2 2 1 4232 2036 5385
11259 2 2 2 1 4799 1227 5225
11260 2 2 2 1 4651 1584 5414
11261 2 2 2 1 1902 4799 5225
11262 2 2 2 1 555 4152 5690
11263 2 2 2 1 5308 2000 5651
11264 2 2 2 1 2238 5308 5651
11265 2 2 2 1 4846 1532 4955
11266 2 2 2 1 4805 1168 5432
11267 2 2 2 1 1933 5023 5369
11268 2 2 2 1 5306 2890 5692
11269 2 2 2 1 1763 4050 5723
11270 2 2 2 1 4310 2171 5352
11271 2 2 2 1 5023 2025 5369
11272 2 2 2 1 4050 412 5723
11273 2 2 2 1 4618 1752 5091
11274 2 2 2 1 4430 1791 5313
11275 2 2 2 1 784 4430 5313
11276 2 2 2 1 1798 4951 5397
11277 2 2 2 1 5079 2034 5593
11278 2 2 2 1 1750 4639 5568
11279 2 2 2 1 4190 1363 5549
11280 2 2 2 1 1671 4675 5094
11281 2 2 2 1 5108 3163 5505
11282 2 2 2 1 1646 5108 5505
11283 2 2 2 1 907 4431 5263
11284 2 2 2 1 1628 4176 5525
11285 2 2 2 1 4419 456 5374
11286 2 2 2 1 4675 1810 5094
11287 2 2 2 1 768 4126 5715
11288 2 2 2 1 1655 5007 5531
11289 2 2 2 1 4417 1977 5293
11290 2 2 2 1 4808 1634 5027
11291 2 2 2 1 4329 2220 5693
11292 2 2 2 1 547 4329 5693
11293 2 2 2 1 1522 4520 5478
11294 2 2 2 1 764 4269 5448
11295 2 2 2 1 4884 1518 5009
11296 2 2 2 1 5013 1969 5198
11297 2 2 2 1 1822 4971 4976
11298 2 2 2 1 2370 4836 5143
11299 2 2 2 1 4439 1823 5299
11300 2 2 2 1 4129 2044 5636
11301 2 2 2 1 1873 4190 5549
11302 2 2 2 1 4971 1878 4976
11303 2 2 2 1 5041 1993 5043
11304 2 2 2 1 5201 2147 5345
11305 2 2 2 1 4395 1345 5482
11306 2 2 2 1 1753 5041 5043
11307 2 2 2 1 831 5201 5345
11308 2 2 2 1 414 4287 5641
11309 2 2 2 1 4625 1592 5142
11310 2 2 2 1 738 4107 5688
11311 2 2 2 1 4349 1517 5388
11312 2 2 2 1 2730 4395 5482
11313 2 2 2 1 2060 4768 5416
11314 2 2 2 1 4287 1827 5641
11315 2 2 2 1 2268 4633 5153
11316 2 2 2 1 1509 4842 5057
11317 2 2 2 1 1710 5071 5078
11318 2 2 2 1 5506 1796 5610
11319 2 2 2 1 5071 2109 5078
11320 2 2 2 1 1851 4797 5185
11321 2 2 2 1 4365 1665 5390
11322 2 2 2 1 1632 4158 5653
11323 2 2 2 1 2275 5506 5610
11324 2 2 2 1 4519 1773 5440
11325 2 2 2 1 2152 5484 5598
11326 2 2 2 1 4387 412 5378
11327 2 2 2 1 4269 764 5668
11328 2 2 2 1 4653 2212 5166
11329 2 2 2 1 1599 4339 5435
11330 2 2 2 1 5165 1878 5500
11331 2 2 2 1 4634 1398 5317
11332 2 2 2 1 2055 4634 5317
11333 2 2 2 1 4152 1740 5690
11334 2 2 2 1 1921 4419 5374
11335 2 2 2 1 4797 511 5185
11336 2 2 2 1 843 4618 5303
11337 2 2 2 1 1616 4240 5573
11338 2 2 2 1 4618 1836 5303
11339 2 2 2 1 4153 492 5708
11340 2 2 2 1 4161 1816 5697
11341 2 2 2 1 4983 1844 5190
11342 2 2 2 1 2475 4988 5680
11343 2 2 2 1 757 4201 5649
11344 2 2 2 1 1112 4707 5168
11345 2 2 2 1 1984 4797 5260
11346 2 2 2 1 1726 4498 5353
11347 2 2 2 1 1506 4216 5646
11348 2 2 2 1 5144 936 5282
11349 2 2 2 1 1840 5205 5693
11350 2 2 2 1 776 4675 5222
11351 2 2 2 1 2609 4486 5500
11352 2 2 2 1 2004 5144 5282
11353 2 2 2 1 2593 4258 5628
11354 2 2 2 1 4486 852 5500
11355 2 2 2 1 2328 4647 5357
11356 2 2 2 1 475 4802 5152
11357 2 2 2 1 2556 4907 5311
11358 2 2 2 1 4473 848 5566
11359 2 2 2 1 4647 816 5357
11360 2 2 2 1 5052 2393 5060
11361 2 2 2 1 4337 1764 5544
11362 2 2 2 1 2469 5011 5698
11363 2 2 2 1 5011 840 5698
11364 2 2 2 1 1618 5052 5060
11365 2 2 2 1 727 4227 5706
11366 2 2 2 1 817 4506 5615
11367 2 2 2 1 1745 4464 5453
11368 2 2 2 1 305 4386 5747
11369 2 2 2 1 4748 1768 5245
11370 2 2 2 1 549 4746 5256
11371 2 2 2 1 4717 511 5286
11372 2 2 2 1 1840 4889 5165
11373 2 2 2 1 1755 4841 5207
11374 2 2 2 1 1731 4871 5211
11375 2 2 2 1 1842 4717 5286
11376 2 2 2 1 4956 1843 5132
11377 2 2 2 1 2143 4283 5695
11378 2 2 2 1 866 4519 5440
11379 2 2 2 1 5416 1967 5480
11380 2 2 2 1 863 5207 5590
11381 2 2 2 1 788 4270 5734
11382 2 2 2 1 4943 2120 5728
11383 2 2 2 1 1198 4938 5209
11384 2 2 2 1 1531 4524 5701
11385 2 2 2 1 5177 2157 5235
11386 2 2 2 1 4830 1898 5381
11387 2 2 2 1 786 5177 5235
11388 2 2 2 1 4724 1403 5619
11389 2 2 2 1 2764 4724 5619
11390 2 2 2 1 533 4830 5381
11391 2 2 2 1 1783 4732 5309
11392 2 2 2 1 5213 1980 5527
11393 2 2 2 1 2083 5213 5527
11394 2 2 2 1 4462 1806 5698
11395 2 2 2 1 4455 653 5637
11396 2 2 2 1 2410 4455 5637
11397 2 2 2 1 1866 4933 5215
11398 2 2 2 1 4938 2479 5209
11399 2 2 2 1 5419 1880 5579
11400 2 2 2 1 4590 1531 5701
11401 2 2 2 1 4610 1831 5425
11402 2 2 2 1 55 4983 5190
11403 2 2 2 1 2165 5419 5579
11404 2 2 2 1 4456 500 5571
11405 2 2 2 1 4761 888 5605
11406 2 2 2 1 929 4687 5757
11407 2 2 2 1 4687 1971 5757
11408 2 2 2 1 1798 4760 5349
11409 2 2 2 1 505 5013 5198
11410 2 2 2 1 4446 1556 5626
11411 2 2 2 1 5200 2019 5381
11412 2 2 2 1 1875 4516 5722
11413 2 2 2 1 4537 2019 5532
11414 2 2 2 1 4649 691 5452
11415 2 2 2 1 4897 2514 5298
11416 2 2 2 1 4516 1587 5722
11417 2 2 2 1 412 4387 5723
11418 2 2 2 1 1567 4488 5613
11419 2 2 2 1 1828 4690 5674
11420 2 2 2 1 1932 5151 5192
11421 2 2 2 1 764 4610 5668
11422 2 2 2 1 1835 4937 5295
11423 2 2 2 1 494 4405 5728
11424 2 2 2 1 4907 1697 5311
11425 2 2 2 1 4386 1911 5747
11426 2 2 2 1 1678 4659 5488
11427 2 2 2 1 4768 886 5416
11428 2 2 2 1 5151 1927 5192
11429 2 2 2 1 840 4462 5698
11430 2 2 2 1 2016 5275 5604
11431 2 2 2 1 5275 2097 5604
11432 2 2 2 1 1736 5252 5271
11433 2 2 2 1 5252 2251 5271
11434 2 2 2 1 1862 4683 5508
11435 2 2 2 1 1775 4805 5432
11436 2 2 2 1 1788 4681 5515
11437 2 2 2 1 4639 782 5568
11438 2 2 2 1 1842 4616 5738
11439 2 2 2 1 1218 4793 5469
11440 2 2 2 1 1712 4886 5401
11441 2 2 2 1 2229 5329 5386
11442 2 2 2 1 5329 1027 5386
11443 2 2 2 1 5278 1135 5312
11444 2 2 2 1 2321 5278 5312
11445 2 2 2 1 1880 4718 5579
11446 2 2 2 1 5202 521 5593
11447 2 2 2 1 4718 417 5579
11448 2 2 2 1 4951 774 5397
11449 2 2 2 1 5174 2998 5371
11450 2 2 2 1 2099 4672 5605
11451 2 2 2 1 4610 1832 5668
11452 2 2 2 1 1936 4590 5701
11453 2 2 2 1 1545 5081 5360
11454 2 2 2 1 5081 2795 5360
11455 2 2 2 1 1963 5280 5332
11456 2 2 2 1 4717 1842 5738
11457 2 2 2 1 4989 889 5632
11458 2 2 2 1 5264 1067 5655
11459 2 2 2 1 5425 872 5546
11460 2 2 2 1 5302 524 5332
11461 2 2 2 1 2186 5264 5655
11462 2 2 2 1 1987 5302 5332
11463 2 2 2 1 5280 1987 5332
11464 2 2 2 1 638 4842 5542
11465 2 2 2 1 1891 4754 5623
11466 2 2 2 1 4616 903 5738
11467 2 2 2 1 4690 143 5674
11468 2 2 2 1 5457 1812 5467
11469 2 2 2 1 2237 5457 5467
11470 2 2 2 1 5117 817 5615
11471 2 2 2 1 1634 5174 5371
11472 2 2 2 1 5070 904 5554
11473 2 2 2 1 1721 4727 5678
11474 2 2 2 1 1909 4768 5645
11475 2 2 2 1 1898 5200 5381
11476 2 2 2 1 492 4800 5708
11477 2 2 2 1 4695 496 5740
11478 2 2 2 1 2347 5334 5348
11479 2 2 2 1 887 5037 5494
11480 2 2 2 1 4736 1898 5714
11481 2 2 2 1 5334 1746 5348
11482 2 2 2 1 4796 948 5703
11483 2 2 2 1 5419 863 5590
11484 2 2 2 1 852 5165 5500
11485 2 2 2 1 1974 4961 5590
11486 2 2 2 1 5362 2239 5363
11487 2 2 2 1 1805 5362 5363
11488 2 2 2 1 2951 4925 5694
11489 2 2 2 1 345 4835 5730
11490 2 2 2 1 4925 1461 5694
11491 2 2 2 1 1900 4893 5725
11492 2 2 2 1 4988 1818 5680
11493 2 2 2 1 524 5302 5733
11494 2 2 2 1 5459 1233 5639
11495 2 2 2 1 2511 5459 5639
11496 2 2 2 1 2103 5538 5547
11497 2 2 2 1 5538 1972 5547
11498 2 2 2 1 5302 2071 5733
11499 2 2 2 1 1903 5202 5593
11500 2 2 2 1 2034 5366 5593
11501 2 2 2 1 5366 1903 5593
11502 2 2 2 1 5630 1757 5718
11503 2 2 2 1 2767 5630 5718
11504 2 2 2 1 5069 1962 5713
11505 2 2 2 1 5562 3100 5677
11506 2 2 2 1 5608 2223 5617
11507 2 2 2 1 1922 5608 5617
11508 2 2 2 1 5205 547 5693
11509 2 2 2 1 2197 5517 5687
11510 2 2 2 1 5517 657 5687
11511 2 2 2 1 5560 2066 5665
11512 2 2 2 1 1689 5306 5692
11513 2 2 2 1 2062 5560 5665
11514 2 2 2 1 2087 5650 5681
11515 2 2 2 1 5650 2098 5681
11516 2 2 2 1 1698 5562 5677
11517 2 2 2 1 5684 2818 5721
11518 2 2 2 1 1765 5684 5721
$EndElements
