$MeshFormat
2.2 0 8
$EndMeshFormat
$Nodes
5598
1 -1 -1 0
2 1 -1 0
3 1 1 0
4 -1 1 0
5 -0.4626210942102397 -0.03057035066213953 0
6 0.01284337891206846 -0.03057035066213953 0
7 0.4653969952786441 0.6691767461794316 0
8 0.7521258503296613 0.6691767461794316 0
9 -0.09749160556560232 0.584164098088616 0
10 0.3060959787012034 0.584164098088616 0
11 -0.9701492537314261 -1 0
12 -0.9402985074628523 -1 0
13 -0.9104477611942784 -1 0
14 -0.8805970149257045 -1 0
15 -0.8507462686571307 -1 0
16 -0.8208955223885568 -1 0
17 -0.791044776119983 -1 0
18 -0.7611940298514092 -1 0
19 -0.7313432835828353 -1 0
20 -0.7014925373142613 -1 0
21 -0.6716417910456876 -1 0
22 -0.6417910447771137 -1 0
23 -0.6119402985085398 -1 0
24 -0.5820895522399659 -1 0
25 -0.5522388059713921 -1 0
26 -0.5223880597028182 -1 0
27 -0.4925373134342443 -1 0
28 -0.4626865671656705 -1 0
29 -0.4328358208970966 -1 0
30 -0.4029850746285227 -1 0
31 -0.373134328359949 -1 0
32 -0.3432835820913751 -1 0
33 -0.3134328358228012 -1 0
34 -0.2835820895542274 -1 0
35 -0.2537313432856535 -1 0
36 -0.2238805970170796 -1 0
37 -0.1940298507485058 -1 0
38 -0.1641791044799319 -1 0
39 -0.134328358211358 -1 0
40 -0.1044776119427843 -1 0
41 -0.0746268656742104 -1 0
42 -0.04477611940563653 -1 0
43 -0.01492537313706166 -1 0
44 0.01492537313159503 -1 0
45 0.04477611940033377 -1 0
46 0.07462686566907339 -1 0
47 0.104477611937813 -1 0
48 0.1343283582065526 -1 0
49 0.1641791044752923 -1 0
50 0.1940298507440319 -1 0
51 0.2238805970127715 -1 0
52 0.2537313432815109 -1 0
53 0.2835820895502505 -1 0
54 0.3134328358189902 -1 0
55 0.3432835820877298 -1 0
56 0.3731343283564694 -1 0
57 0.402985074625209 -1 0
58 0.4328358208939487 -1 0
59 0.4626865671626883 -1 0
60 0.4925373134314279 -1 0
61 0.5223880597001673 -1 0
62 0.552238805968907 -1 0
63 0.5820895522376466 -1 0
64 0.6119402985063862 -1 0
65 0.6417910447751258 -1 0
66 0.6716417910438655 -1 0
67 0.7014925373126051 -1 0
68 0.7313432835813447 -1 0
69 0.7611940298500843 -1 0
70 0.7910447761188237 -1 0
71 0.8208955223875634 -1 0
72 0.850746268656303 -1 0
73 0.8805970149250426 -1 0
74 0.9104477611937822 -1 0
75 0.9402985074625216 -1 0
76 0.9701492537312606 -1 0
77 1 -0.9701492537314261 0
78 1 -0.9402985074628523 0
79 1 -0.9104477611942784 0
80 1 -0.8805970149257045 0
81 1 -0.8507462686571307 0
82 1 -0.8208955223885568 0
83 1 -0.791044776119983 0
84 1 -0.7611940298514092 0
85 1 -0.7313432835828353 0
86 1 -0.7014925373142613 0
87 1 -0.6716417910456876 0
88 1 -0.6417910447771137 0
89 1 -0.6119402985085398 0
90 1 -0.5820895522399659 0
91 1 -0.5522388059713921 0
92 1 -0.5223880597028182 0
93 1 -0.4925373134342443 0
94 1 -0.4626865671656705 0
95 1 -0.4328358208970966 0
96 1 -0.4029850746285227 0
97 1 -0.373134328359949 0
98 1 -0.3432835820913751 0
99 1 -0.3134328358228012 0
100 1 -0.2835820895542274 0
101 1 -0.2537313432856535 0
102 1 -0.2238805970170796 0
103 1 -0.1940298507485058 0
104 1 -0.1641791044799319 0
105 1 -0.134328358211358 0
106 1 -0.1044776119427843 0
107 1 -0.0746268656742104 0
108 1 -0.04477611940563653 0
109 1 -0.01492537313706166 0
110 1 0.01492537313159503 0
111 1 0.04477611940033377 0
112 1 0.07462686566907339 0
113 1 0.104477611937813 0
114 1 0.1343283582065526 0
115 1 0.1641791044752923 0
116 1 0.1940298507440319 0
117 1 0.2238805970127715 0
118 1 0.2537313432815109 0
119 1 0.2835820895502505 0
120 1 0.3134328358189902 0
121 1 0.3432835820877298 0
122 1 0.3731343283564694 0
123 1 0.402985074625209 0
124 1 0.4328358208939487 0
125 1 0.4626865671626883 0
126 1 0.4925373134314279 0
127 1 0.5223880597001673 0
128 1 0.552238805968907 0
129 1 0.5820895522376466 0
130 1 0.6119402985063862 0
131 1 0.6417910447751258 0
132 1 0.6716417910438655 0
133 1 0.7014925373126051 0
134 1 0.7313432835813447 0
135 1 0.7611940298500843 0
136 1 0.7910447761188237 0
137 1 0.8208955223875634 0
138 1 0.850746268656303 0
139 1 0.8805970149250426 0
140 1 0.9104477611937822 0
141 1 0.9402985074625216 0
142 1 0.9701492537312606 0
143 0.9701492537314261 1 0
144 0.9402985074628523 1 0
145 0.9104477611942784 1 0
146 0.8805970149257045 1 0
147 0.8507462686571307 1 0
148 0.8208955223885568 1 0
149 0.791044776119983 1 0
150 0.7611940298514092 1 0
151 0.7313432835828353 1 0
152 0.7014925373142613 1 0
153 0.6716417910456876 1 0
154 0.6417910447771137 1 0
155 0.6119402985085398 1 0
156 0.5820895522399659 1 0
157 0.5522388059713921 1 0
158 0.5223880597028182 1 0
159 0.4925373134342443 1 0
160 0.4626865671656705 1 0
161 0.4328358208970966 1 0
162 0.4029850746285227 1 0
163 0.373134328359949 1 0
164 0.3432835820913751 1 0
165 0.3134328358228012 1 0
166 0.2835820895542274 1 0
167 0.2537313432856535 1 0
168 0.2238805970170796 1 0
169 0.1940298507485058 1 0
170 0.1641791044799319 1 0
171 0.134328358211358 1 0
172 0.1044776119427843 1 0
173 0.0746268656742104 1 0
174 0.04477611940563653 1 0
175 0.01492537313706166 1 0
176 -0.01492537313159503 1 0
177 -0.04477611940033377 1 0
178 -0.07462686566907339 1 0
179 -0.104477611937813 1 0
180 -0.1343283582065526 1 0
181 -0.1641791044752923 1 0
182 -0.1940298507440319 1 0
183 -0.2238805970127715 1 0
184 -0.2537313432815109 1 0
185 -0.2835820895502505 1 0
186 -0.3134328358189902 1 0
187 -0.3432835820877298 1 0
188 -0.3731343283564694 1 0
189 -0.402985074625209 1 0
190 -0.4328358208939487 1 0
191 -0.4626865671626883 1 0
192 -0.4925373134314279 1 0
193 -0.5223880597001673 1 0
194 -0.552238805968907 1 0
195 -0.5820895522376466 1 0
196 -0.6119402985063862 1 0
197 -0.6417910447751258 1 0
198 -0.6716417910438655 1 0
199 -0.7014925373126051 1 0
200 -0.7313432835813447 1 0
201 -0.7611940298500843 1 0
202 -0.7910447761188237 1 0
203 -0.8208955223875634 1 0
204 -0.850746268656303 1 0
205 -0.8805970149250426 1 0
206 -0.9104477611937822 1 0
207 -0.9402985074625216 1 0
208 -0.9701492537312606 1 0
209 -1 0.9701492537314261 0
210 -1 0.9402985074628523 0
211 -1 0.9104477611942784 0
212 -1 0.8805970149257045 0
213 -1 0.8507462686571307 0
214 -1 0.8208955223885568 0
215 -1 0.791044776119983 0
216 -1 0.7611940298514092 0
217 -1 0.7313432835828353 0
218 -1 0.7014925373142613 0
219 -1 0.6716417910456876 0
220 -1 0.6417910447771137 0
221 -1 0.6119402985085398 0
222 -1 0.5820895522399659 0
223 -1 0.5522388059713921 0
224 -1 0.5223880597028182 0
225 -1 0.4925373134342443 0
226 -1 0.4626865671656705 0
227 -1 0.4328358208970966 0
228 -1 0.4029850746285227 0
229 -1 0.373134328359949 0
230 -1 0.3432835820913751 0
231 -1 0.3134328358228012 0
232 -1 0.2835820895542274 0
233 -1 0.2537313432856535 0
234 -1 0.2238805970170796 0
235 -1 0.1940298507485058 0
236 -1 0.1641791044799319 0
237 -1 0.134328358211358 0
238 -1 0.1044776119427843 0
239 -1 0.0746268656742104 0
240 -1 0.04477611940563653 0
241 -1 0.01492537313706166 0
242 -1 -0.01492537313159503 0
243 -1 -0.04477611940033377 0
244 -1 -0.07462686566907339 0
245 -1 -0.104477611937813 0
246 -1 -0.1343283582065526 0
247 -1 -0.1641791044752923 0
248 -1 -0.1940298507440319 0
249 -1 -0.2238805970127715 0
250 -1 -0.2537313432815109 0
251 -1 -0.2835820895502505 0
252 -1 -0.3134328358189902 0
253 -1 -0.3432835820877298 0
254 -1 -0.3731343283564694 0
255 -1 -0.402985074625209 0
256 -1 -0.4328358208939487 0
257 -1 -0.4626865671626883 0
258 -1 -0.4925373134314279 0
259 -1 -0.5223880597001673 0
260 -1 -0.552238805968907 0
261 -1 -0.5820895522376466 0
262 -1 -0.6119402985063862 0
263 -1 -0.6417910447751258 0
264 -1 -0.6716417910438655 0
265 -1 -0.7014925373126051 0
266 -1 -0.7313432835813447 0
267 -1 -0.7611940298500843 0
268 -1 -0.7910447761188237 0
269 -1 -0.8208955223875634 0
270 -1 -0.850746268656303 0
271 -1 -0.8805970149250426 0
272 -1 -0.9104477611937822 0
273 -1 -0.9402985074625216 0
274 -1 -0.9701492537312606 0
275 -0.4607465045081561 -0.06036610066898646 0
276 -0.4551522988041209 -0.08969195388642726 0
277 -0.4459267010536782 -0.1180854241261739 0
278 -0.4332152044611063 -0.145098729347626 0
279 -0.4172182769033111 -0.1703058536300713 0
280 -0.3981881994801447 -0.1933092655574105 0
281 -0.3764250879232718 -0.2137461875365956 0
282 -0.3522721594672075 -0.2312943171391942 0
283 -0.3261103202162987 -0.2456769098743654 0
284 -0.2983521580564475 -0.2566671436372417 0
285 -0.2694354357505765 -0.2640916958959667 0
286 -0.2398161872910706 -0.2678334770221537 0
287 -0.2099615260175871 -0.2678334768969841 0
288 -0.1803422777615382 -0.2640916955552581 0
289 -0.1514255556397398 -0.2566671431167256 0
290 -0.1236673936972343 -0.245676909222804 0
291 -0.09750555469857949 -0.2312943164205613 0
292 -0.0733526264550407 -0.2137461867756223 0
293 -0.05158951512076196 -0.1933092648148992 0
294 -0.03255943791444438 -0.1703058529688357 0
295 -0.0165625105261179 -0.1450987287820155 0
296 -0.003851014065095776 -0.1180854236730681 0
297 0.005374583581435444 -0.08969195359242962 0
298 0.01096878923058089 -0.06036610050595184 0
299 0.01096878921132022 -0.0007746006658628964 0
300 0.005374583511748132 0.02855125253956479 0
301 -0.003851014231851219 0.05694472276996526 0
302 -0.0165625108274052 0.08395802800577602 0
303 -0.03255943838525793 0.109165152292576 0
304 -0.05158951581454291 0.1321685642294218 0
305 -0.07335262740130585 0.1526054862341618 0
306 -0.09750555586069978 0.1701536158337863 0
307 -0.1236673951012201 0.1845362085591906 0
308 -0.151425557280055 0.1955264423254172 0
309 -0.1803422795782865 0.2029509945775424 0
310 -0.2099615280507781 0.2066927757006226 0
311 -0.239816189325193 0.2066927755698985 0
312 -0.2694354376104806 0.202950994216892 0
313 -0.2983521597109126 0.1955264417753944 0
314 -0.3261103216192038 0.1845362078899292 0
315 -0.3522721606131908 0.1701536150876521 0
316 -0.3764250888609075 0.1526054854366369 0
317 -0.3981882001988994 0.1321685634677354 0
318 -0.4172182774115893 0.1091651516062073 0
319 -0.4332152047993236 0.08395802740813195 0
320 -0.4459267012476368 0.05694472231201129 0
321 -0.4551522988871071 0.02855125223893847 0
322 -0.46074650452958 -0.0007746008248806016 0
323 0.4681517025632527 0.6412077337997881 0
324 0.4763099625843976 0.6143135548270191 0
325 0.4895582579599634 0.5895277375801662 0
326 0.5073874641449829 0.5678027870701725 0
327 0.5291124147354933 0.5499735809807027 0
328 0.553898232026939 0.5367252857214213 0
329 0.5807924110868363 0.5285670258067865 0
330 0.608761423593889 0.525812318653923 0
331 0.6367304358916365 0.5285670260793298 0
332 0.6636246146414904 0.5367252861605391 0
333 0.6884104317019858 0.5499735815347389 0
334 0.7101353819495084 0.5678027875563584 0
335 0.72796458790367 0.5895277379622916 0
336 0.7412128831539888 0.6143135551410625 0
337 0.7493711430640381 0.641207733895234 0
338 0.7493711430455541 0.6971457585565541 0
339 0.7412128830264655 0.7240399375256692 0
340 0.727964587662534 0.7488257547574571 0
341 0.7101353814780399 0.7705507052739733 0
342 0.6884104308922546 0.7883799113651694 0
343 0.663624613605344 0.80162820662751 0
344 0.6367304345494441 0.809786466546512 0
345 0.6087614220455093 0.8125411737049402 0
346 0.5807924097496849 0.8097864662861006 0
347 0.5538982310002896 0.8016282062121898 0
348 0.5291124139385828 0.7883799108456818 0
349 0.5073874636880517 0.7705507048317595 0
350 0.4895582577135106 0.7488257544098543 0
351 0.4763099624626672 0.7240399372379611 0
352 0.4681517025434814 0.6971457584596781 0
353 -0.09543763570123373 0.5554458470361302 0
354 -0.08931753901381775 0.527312216771655 0
355 -0.07925590306684313 0.500335926969003 0
356 -0.06545755372599865 0.475066136975858 0
357 -0.04820338557645523 0.45201726684196 0
358 -0.02784464376245863 0.4316585251502978 0
359 -0.004795773568336353 0.4144043571671805 0
360 0.02047401650989589 0.4006060079691064 0
361 0.04745030642056259 0.390544372163536 0
362 0.07558393663889783 0.3844242756580349 0
363 0.1043021876243249 0.3823703059552132 0
364 0.1330204384247963 0.3844242759352528 0
365 0.1611540684339845 0.3905443726682641 0
366 0.1881303580694226 0.40060600862843 0
367 0.2134001478997421 0.4144043579356775 0
368 0.2364490178620293 0.4316585259855822 0
369 0.2568077594348872 0.4520172676761512 0
370 0.2740619273428264 0.4750661377246612 0
371 0.2878602764878344 0.5003359275939204 0
372 0.2979219122953527 0.5273122172686598 0
373 0.304042008875424 0.555445847304524 0
374 0.3040420088376521 0.6128823491354176 0
375 0.2979219121513416 0.6410159793990288 0
376 0.2878602761985882 0.6679922692166727 0
377 0.2740619268575502 0.6932620592076753 0
378 0.2568077587245 0.7163109293209113 0
379 0.2364490169010182 0.7366696710243708 0
380 0.2134001467172445 0.7539238390014996 0
381 0.1881303566180033 0.7677221882116431 0
382 0.1611540667407725 0.7777838240061399 0
383 0.1330204365010715 0.7839039205185692 0
384 0.1043021855250199 0.7859578902220189 0
385 0.07558393473855327 0.7839039202459689 0
386 0.04745030472243605 0.7777838235150811 0
387 0.02047401507323485 0.7677221875520246 0
388 -0.004795774766641045 0.7539238382399478 0
389 -0.02784464470085407 0.7366696702138099 0
390 -0.04820338625444912 0.7163109285528255 0
391 -0.06545755420075899 0.6932620584626326 0
392 -0.07925590335696286 0.6679922685729555 0
393 -0.08931753916246118 0.641015978899344 0
394 -0.095437635740177 0.6128823488702455 0
395 0.4471367243985969 -0.4482979593963459 0
396 0.5187603925375565 0.0347671096387475 0
397 -0.5590566649315962 0.559152016990388 0
398 -0.5779592321226441 -0.5831752070130702 0
399 0.07241700745700688 -0.5969231979805151 0
400 -0.2540007488615452 -0.6691193045671746 0
401 0.6711780406330005 -0.6794898148935468 0
402 0.6839048019430429 -0.2307962823883223 0
403 -0.6883388237451143 0.2729755871856812 0
404 0.2977058981022062 -0.1799392993829114 0
405 -0.6969346350547682 -0.2992686660802016 0
406 0.7106125027750723 0.2487248769155331 0
407 0.3354658269920804 -0.7057940498783266 0
408 0.2591701943371619 0.1346250583362495 0
409 -0.3455623761319327 0.7274714953707656 0
410 -0.7305430662353035 0.001242715515926976 0
411 0.4620789375782856 0.2982876948454624 0
412 -0.7457555980510058 0.743170184415435 0
413 -0.3313622437150326 0.4503847872456928 0
414 0.7569012162379266 0.01082595646999562 0
415 0.1296376895258162 -0.3585161614503259 0
416 -0.7506184922363391 -0.7514669509075856 0
417 0.7637262536576155 -0.4565709052004833 0
418 -0.3801926200797617 -0.4711290843179662 0
419 -0.4566348272922828 -0.7721624558488109 0
420 -0.7680422275198731 0.4757906696828412 0
421 -0.1224752016062662 -0.4874809592323232 0
422 -0.0630787929962143 -0.7762294854801282 0
423 -0.7764133030875092 -0.5000578200495414 0
424 0.1457706016120505 -0.7901440400472682 0
425 -0.5422382765107018 0.7939017288829869 0
426 -0.4918539194110652 0.3227796369256254 0
427 0.251246035758842 -0.5194584903094306 0
428 0.4985896940979319 -0.1616761255124479 0
429 0.5181128836115992 -0.7954380122383117 0
430 0.8061330373243587 0.4072084323598547 0
431 0.8095013894992678 -0.8059300411251181 0
432 -0.51219524087686 -0.339458841913799 0
433 -0.8165051120448902 -0.1655838861762346 0
434 -0.1949460763169407 0.8178155252050232 0
435 0.1921612921433712 -0.03421491161339953 0
436 0.5086028650706482 -0.6184431934735117 0
437 -0.8214739808343337 0.1551413487703822 0
438 -0.625599808640803 -0.1377231046723831 0
439 0.1067166183286541 0.2122211389880533 0
440 0.8294670107383966 -0.1459130983083699 0
441 -0.6031872546100123 0.1202638778242614 0
442 0.3038780893495745 -0.3498285959670264 0
443 0.6084652609137028 -0.3843216363465646 0
444 -0.2961405890748406 -0.8298993447186251 0
445 0.8309135644743376 -0.6105954063273095 0
446 0.3623452083900956 -0.03164098277982466 0
447 0.3586773276449889 0.8397634673945285 0
448 -0.1859731531584297 0.3668666994653201 0
449 -0.6097568869328995 -0.8363063130461114 0
450 0.6045451325619708 0.365828297456938 0
451 -0.2565699234225742 0.5960039778200674 0
452 0.8400095487339796 -0.3105314760972543 0
453 0.8369419629802094 0.148079353123421 0
454 -0.8374182439522846 0.3321352327646717 0
455 0.1367003142609639 -0.1994529967604333 0
456 0.3046584209049437 0.2863886009196324 0
457 0.5673650544895484 0.1836097038176022 0
458 0.6260511007758737 -0.07557089186531175 0
459 0.4083115146738292 0.1547973849886782 0
460 -0.6151456225077681 0.4174528509978046 0
461 -0.8443520027987547 -0.3526750281481476 0
462 -0.8421422391756993 0.6202991304500655 0
463 0.8464857986416692 0.8464857986416926 0
464 -0.4066571023167556 -0.6234244032021115 0
465 0.4294237792723468 0.4468989226370416 0
466 -0.4077906195985151 0.5901165514165534 0
467 -0.02460195572906446 -0.3655746334164206 0
468 0.6651189150999528 -0.8473189759231663 0
469 -0.6313199104508118 -0.4373948218470213 0
470 -0.8472904819056535 -0.633736444684034 0
471 -0.8484857455774374 0.8520780913761207 0
472 -0.107413408064781 -0.6353422793262782 0
473 0.6314864669936637 -0.5377959823359764 0
474 0.2779478416159668 -0.852872256786766 0
475 0.4415611846789753 -0.2998756626030976 0
476 -0.4075763276145663 0.855964525624628 0
477 -0.2509108804560629 -0.4082000791309965 0
478 -0.697352413486227 0.6038953397854584 0
479 0.8604423708621854 0.5391299998840193 0
480 0.2023369219061075 -0.6606482032330462 0
481 -0.8557903741101334 -0.8568909171540833 0
482 -0.6649760764309529 0.8598124567327941 0
483 -0.4678223663264887 0.4594244676582091 0
484 -0.7115836497703375 -0.6251311671017736 0
485 -0.863181669414381 -0.03026261078865368 0
486 0.8617487993750861 0.2853595465690443 0
487 -0.01215695110736067 0.273842600960555 0
488 -0.1701883116123417 -0.8612178696427408 0
489 0.3689349841817073 -0.5770796462459019 0
490 -0.3549440441733528 0.3171904006133978 0
491 0.6829078903946211 0.1195492458832049 0
492 -0.07165914134301216 0.869035207216673 0
493 0.03277407389010199 -0.8668486738059639 0
494 0.1264985401403909 0.08056805570388899 0
495 -0.5909582058658629 -0.0118223641461686 0
496 0.06021262965554577 -0.4665510564715424 0
497 0.8753418789279688 0.6957313865274103 0
498 -0.5754789358507364 -0.7089757067764529 0
499 0.4133288339887501 -0.8698890767631602 0
500 -0.5037385452042493 -0.4757437435082606 0
501 -0.2765267815523321 -0.5381486610043834 0
502 -0.5090418229483848 0.6774890479962716 0
503 -0.5068145138658279 0.1989159325037653 0
504 0.8692278581665738 -0.03234887244116773 0
505 0.2422658514091644 0.8778355631462297 0
506 -0.1984351634364119 0.6985408669631324 0
507 0.5632873827813037 -0.2679668424438063 0
508 -0.7269829208899113 -0.8758869097030165 0
509 -0.2027633349716533 0.48631784737648 0
510 0.04701674999355249 -0.7178052915391999 0
511 -0.5312129757810917 -0.218987963615969 0
512 -0.6212767833994705 0.7007143464580357 0
513 -0.3915085189496834 -0.3492017666343703 0
514 0.878922121136489 -0.4994092398038697 0
515 -0.2960025828294183 0.8822333612970163 0
516 -0.4058481057864565 -0.8817811265987989 0
517 0.46452209018881 0.8843408413949847 0
518 -0.8813108069806886 0.7346234782729696 0
519 0.719735900972026 -0.3420052542595143 0
520 0.7000271101169243 0.4289889733303178 0
521 0.04047839308019488 -0.2681862979314031 0
522 0.8828131135921006 -0.717172580392439 0
523 -0.8828329362326691 0.4404078626051055 0
524 -0.173384353599463 -0.7501820132913117 0
525 0.7450319118734752 0.8895444542860563 0
526 -0.8853710442360516 -0.7447266025806021 0
527 0.1895016467770088 0.2836831095159891 0
528 0.2144271224795636 -0.2815481152202414 0
529 -0.3512916489110779 -0.7270035961218921 0
530 -0.1365856423760204 -0.3741106668753534 0
531 -0.7210979521482886 0.3745030301686311 0
532 0.03996659319614244 0.8866033066869234 0
533 -0.03155514982455364 -0.553559937279428 0
534 -0.8828153840900204 -0.2518022966059173 0
535 -0.8958922625625426 -0.4561554066678978 0
536 -0.7111367882337026 0.1640960455862699 0
537 0.8890477693930756 -0.8890477693931225 0
538 0.4474552627066819 -0.7094187039149616 0
539 -0.5139817646872378 -0.8893478202798144 0
540 0.7174240399429591 -0.1325611375476261 0
541 0.4626579947392621 -0.06004523960897266 0
542 0.7359873910210029 -0.5609021813072035 0
543 0.3710155977792617 0.7363063758349065 0
544 0.342403614251489 0.3955769304546953 0
545 -0.73382657960227 -0.4021937897138123 0
546 -0.8913229157182244 0.2396916089608909 0
547 0.5730587551016769 -0.7042868528986082 0
548 -0.8883371793377695 0.07426037891196513 0
549 0.5267328412888084 0.4383565164929984 0
550 0.6222641504309405 0.0313765274027564 0
551 0.1883836282055342 -0.8970086354566326 0
552 0.166063041703401 -0.4598778711514826 0
553 0.5633791578096511 -0.8923958969500055 0
554 -0.7177748691459709 -0.1956422400965697 0
555 0.7768659847419249 -0.7095664874786669 0
556 -0.5139501372726791 0.8947892432589086 0
557 0.3464874091132173 -0.4457401370931719 0
558 -0.08610489307400278 0.3454938434203569 0
559 0.4019389435825825 -0.2036857335478952 0
560 -0.5780146674489016 0.2736397869939778 0
561 0.1072623887439325 -0.09599963573644472 0
562 -0.6741483480913232 0.5059217254769349 0
563 0.893631254577176 -0.3935780444809788 0
564 0.1414774229956725 0.8775772773935533 0
565 0.2733699441096915 0.03187279433581533 0
566 -0.06896178159636335 -0.895392604732861 0
567 0.5260083166360443 -0.5149979862226998 0
568 0.8898083907232898 -0.2207781271199224 0
569 -0.4456417426028815 0.7574583013740397 0
570 0.4025829166983363 0.5431523636070148 0
571 0.7528630945157617 -0.8989787590489224 0
572 0.2362783326422466 -0.7594239692714873 0
573 -0.6835234119360915 -0.5258786651771459 0
574 0.5981147029028413 -0.1767725990077027 0
575 -0.7666884784871175 0.9034928491718622 0
576 0.8991839646630859 0.06897290485831944 0
577 0.1707354554775194 -0.5628193949396105 0
578 0.9035613021728085 0.453321808982927 0
579 0.5593162894428885 0.2815674140609493 0
580 -0.8984331206721872 0.5378371402102022 0
581 -0.7825191573782452 0.2520419744287235 0
582 0.7404376637675975 0.3396613467144345 0
583 0.7792324012053485 0.4917177411744985 0
584 0.2094556602090351 -0.1340318693668194 0
585 0.4176965820266331 0.05340699391557108 0
586 -0.789535210265832 -0.266132613085472 0
587 -0.7446653136872965 -0.09589529197189377 0
588 0.5592940566805209 0.9042240267127035 0
589 -0.4199128321022058 0.2411608314174572 0
590 0.5107603651836196 -0.3742276317708497 0
591 -0.5974947243363212 -0.2904656241713153 0
592 -0.2593334132860202 0.3034644979929184 0
593 -0.5003357168498199 -0.6365550458234035 0
594 -0.1724334633880859 -0.5612116394168435 0
595 -0.9023169525102167 -0.553923643360038 0
596 0.7805287534853235 -0.2314382006556305 0
597 -0.6739288776196539 -0.7130602208204042 0
598 -0.9042353793878606 -0.1200096278206084 0
599 0.3869615197249913 0.2417893782959416 0
600 0.2815935956487635 -0.6071244020892463 0
601 -0.01667202612077958 -0.6472346392689496 0
602 0.6474167887645392 0.901392611762263 0
603 -0.1557633649124383 0.9067299889515894 0
604 -0.1125973952101155 0.7853507365601496 0
605 -0.4477164320719519 -0.2753824943419462 0
606 0.3673669898923156 -0.1157254508257098 0
607 -0.7949842643388633 0.06770265991364263 0
608 0.2189705368446698 -0.3843349743580067 0
609 0.9066892138217453 0.7785443208484328 0
610 -0.3334234925755079 0.5417288299859294 0
611 -0.2829179842939257 0.7938407568857134 0
612 0.2773672780329071 -0.06479628970076474 0
613 -0.246455989849479 -0.9078490864486713 0
614 0.6707809927931584 -0.4563004997289162 0
615 0.7036552130378702 -0.7631888695318287 0
616 0.4796308526309822 0.2120407663253218 0
617 -0.438562721244209 -0.542208092731763 0
618 -0.03344487703757384 -0.4563944744601173 0
619 0.07451428261725954 0.2947769771056623 0
620 0.4986152635717197 0.1260238711792984 0
621 0.9105481638116378 0.6133839248716163 0
622 -0.4002472035314233 0.395602372883239 0
623 -0.5507978844209637 -0.0892989966329706 0
624 0.9103389882062892 0.2050181407206186 0
625 0.8198770269569271 0.7636846005396394 0
626 0.9069100746960191 0.3608698896268284 0
627 -0.3366362179680722 0.6342930735397551 0
628 0.3415119760911245 0.09882783038743154 0
629 0.01899393916638117 0.1876772729843153 0
630 0.332109357402259 -0.2635123995351264 0
631 0.1012185942559657 -0.006241129182874947 0
632 0.1959760706412136 0.1962446022097805 0
633 0.9071858312548968 0.9135361853435096 0
634 0.3926611010145576 -0.3748922357182098 0
635 0.3830302375860153 0.6469441649268909 0
636 0.9110923920235742 -0.8021974422188327 0
637 0.7961558479428547 0.2271342374125048 0
638 -0.5382296145025831 0.05883530656585857 0
639 0.3959776525452093 -0.785067359833327 0
640 0.6024510041763105 -0.6242549719772615 0
641 -0.1529535609909397 0.2842629215362799 0
642 0.912067446796937 -0.1101113653390579 0
643 -0.6822898310686387 0.07590209582222018 0
644 0.7699783262298081 0.1010421858484092 0
645 -0.909687442172163 0.9135732649034416 0
646 -0.5966471925290314 0.913518147231395 0
647 -0.302230059227349 -0.3410146031547511 0
648 -0.2652290086673884 0.3905024949633931 0
649 0.9126871279359009 -0.5786259050308398 0
650 -0.5306005404728027 0.3985481811837955 0
651 -0.648040180583153 -0.9129948191596594 0
652 -0.4180231631154824 0.6725357393126554 0
653 0.3214407962487497 0.9125136099713312 0
654 0.3124638729086503 0.2008335431006215 0
655 0.7848995199593147 -0.06971155062640427 0
656 -0.4579200633964062 -0.4061221627801703 0
657 -0.7646171232665768 0.6582978972547801 0
658 -0.7753406437880764 0.5684294788075617 0
659 -0.6348826793614326 0.2004877396000194 0
660 -0.2620293394608211 -0.750191945880934 0
661 -0.3209701458454868 -0.6085621150979514 0
662 0.6033476919719728 -0.7858802394504723 0
663 0.5472846524480983 -0.04394166283460145 0
664 0.6389741143341147 -0.3081777470119383 0
665 -0.9146452314611528 0.1551934044664432 0
666 -0.1801740849219317 0.5658534138708595 0
667 -0.6617897738990449 -0.06172311304349928 0
668 0.8283314405116431 0.6156870336034646 0
669 0.4833040561745371 -0.9149102948046013 0
670 0.6396115170623178 0.2917423002476436 0
671 0.1333362748722664 -0.7096241627022225 0
672 0.2860765346249358 0.8056370146204582 0
673 -0.1363284105420092 0.4319432159604265 0
674 0.3375856819460242 -0.9157736242522301 0
675 0.4343123380095497 0.8086894073961953 0
676 0.4428733173064854 -0.5321238807703512 0
677 0.5213650942207309 0.3548559643233063 0
678 -0.9161530242814805 0.3627709761489151 0
679 0.6224880838380801 0.4452384697454784 0
680 -0.5397142281413346 -0.7922374225543241 0
681 -0.9159872163329796 -0.9159872163329492 0
682 -0.477685455355412 0.540400085615363 0
683 -0.665322162716508 0.7760160514559437 0
684 0.6488807357010162 0.1944058860543808 0
685 0.5815422574433404 0.1027310763713642 0
686 -0.3297242751883021 -0.9173011811791171 0
687 -0.2047061052851271 -0.484905977144106 0
688 0.1028943780398306 -0.916345718386312 0
689 -0.5635078855789486 0.4729411065347528 0
690 -0.78444355718901 -0.5781778568362503 0
691 0.8126069940876903 -0.3891553826313522 0
692 -0.7995551216079777 -0.9175319956800958 0
693 -0.6858543007926509 -0.8056828894826669 0
694 -0.9145506778646341 0.6569969334864296 0
695 -0.6127916273639791 0.6252640954261941 0
696 0.4176266554848546 0.3665339897245126 0
697 0.2476361184832676 0.3423122833241002 0
698 0.05553216638665564 -0.1850371942040957 0
699 0.9189501531524265 -0.3057392706048749 0
700 -0.7764756471765283 -0.6754344789525976 0
701 0.6987631444612517 -0.04770394171476287 0
702 -0.9192934098961064 0.8071483690770145 0
703 -0.7746896930274886 0.8150165895033511 0
704 0.1221044080186142 -0.2773027721115903 0
705 -0.6371290629042758 -0.2184915823196457 0
706 -0.806139683779282 0.4009647095083899 0
707 0.8149120395062546 0.914674311554027 0
708 -0.9198522896549406 -0.3227762917876872 0
709 -0.6360961613930045 0.3361087844047426 0
710 -0.5588700499887695 -0.4084874714265977 0
711 0.2061285304281346 0.07490322482637345 0
712 -0.03917380924167271 -0.2861592579504287 0
713 0.0542797528385501 -0.3870139609285412 0
714 -0.3730944040325742 -0.8062353123396492 0
715 0.5881725882277549 -0.4657517950603683 0
716 -0.2782231936471786 0.6930184001351045 0
717 -0.9197383989469268 -0.672193069359335 0
718 -0.4053432591790801 0.5041045452955412 0
719 0.05574145433974027 0.1172537510102779 0
720 -0.6439721562665103 -0.3605822114345472 0
721 -0.3684113443661062 0.9219741656135425 0
722 -0.5857772232483707 -0.5005451675033579 0
723 0.7401905401669714 0.175719674344604 0
724 0.8033021119310622 -0.5267973196175945 0
725 -0.4416646349232197 -0.6919948916389362 0
726 0.06606271245145247 -0.794580968518532 0
727 -0.6355239797674234 -0.6397991843718402 0
728 0.3954775134790138 0.9226929907276932 0
729 -0.8082463348156529 -0.424256735082997 0
730 -0.1057256362255027 -0.7111398311510119 0
731 -0.1776271845135384 -0.6696523080948512 0
732 0.478618369260891 0.5049914140970522 0
733 -0.9220727554229859 -0.8138318505909186 0
734 0.3534663131428571 0.4663090867904327 0
735 0.7688868390052885 0.8176400138313986 0
736 0.6396512755660754 -0.9206234652283393 0
737 0.3974474917376068 -0.6594543278834415 0
738 0.7451319914475812 -0.6433662547886108 0
739 0.8266211031714412 0.04801139556878306 0
740 -0.2280958384493132 0.9198966423260881 0
741 -0.3624012294927756 0.8102623686163399 0
742 -0.306129567706439 -0.4687434944244401 0
743 0.4899308904822749 -0.2389859934514316 0
744 -0.7897955356047804 -0.8283551941433616 0
745 -0.2101623188178127 -0.34501524875601 0
746 0.2543172474610289 -0.9229558241323794 0
747 -0.8342236799107083 0.9307312844672776 0
748 0.2258390193349579 -0.2059691991429126 0
749 -0.08444979599583305 0.2499214353668995 0
750 -0.3658017218959909 -0.5469544956654395 0
751 0.9217554681372875 -0.6579282012098617 0
752 0.1056020642077925 -0.5284391248464934 0
753 -0.2220297254178497 -0.8153734671043408 0
754 -0.4422279046971435 0.9254004355977553 0
755 -0.7702069598425124 -0.3351462693635659 0
756 0.8219435684346147 -0.9234424215755664 0
757 -0.4974438702015233 0.1216944627053543 0
758 -0.02500180595393981 0.925931131026436 0
759 0.3171229095306187 -0.7811872173751465 0
760 0.2665992676984518 -0.4411657894468513 0
761 0.2044621196089457 -0.8302199545100227 0
762 0.8094253503302049 0.334692203219105 0
763 -0.8064318903425887 -0.08581163848201907 0
764 -0.2744060952526752 0.4990846180223769 0
765 0.5542842776347974 -0.1174072330287846 0
766 -0.9264418101952024 0.007136764527976341 0
767 0.6937911640772476 0.04712266916280727 0
768 -0.6944143165486412 0.6821720427460397 0
769 -0.5136556601873571 -0.5491271723900584 0
770 -0.3430553848545461 -0.4063911764208432 0
771 0.3286155502865213 -0.5234870767199548 0
772 -0.1007381229542602 -0.5590560489212196 0
773 0.25078923460176 0.2394458192265622 0
774 -0.1637596449211969 0.6368024015847034 0
775 -0.8105794576494146 0.7190422001209857 0
776 -0.008026734351677755 0.8332874104641056 0
777 0.3753793703484404 0.3122564143414968 0
778 0.9256670128841755 0.5166465849140449 0
779 -0.6936635627969949 0.9231797585505056 0
780 -0.9267908437821983 -0.3990761856663811 0
781 -0.9279401487891783 -0.1884111586157781 0
782 -0.5792696553477622 -0.9283259662592365 0
783 -0.7663685100269868 0.3150995138723887 0
784 0.6775232330529938 0.3587418407244654 0
785 -0.4796483926337768 0.8298529065823096 0
786 0.2738424127593609 -0.6751014567696941 0
787 0.1324670067963239 -0.6371994270829288 0
788 0.927909568639817 0.1350974959170702 0
789 -0.1322157796270649 -0.926589448862938 0
790 0.6738830983496423 -0.5992267743324223 0
791 -0.6023492266951213 0.8410605690558474 0
792 0.5104746983792601 -0.4409921078037256 0
793 0.7445969653529227 -0.8201875055013848 0
794 -0.001589404761107989 -0.9292844638393979 0
795 -0.1278859068930548 -0.8041401594208648 0
796 -0.02587907888534402 -0.7109338571973081 0
797 -0.1311220942249881 0.7199751215215289 0
798 -0.5558035690371335 0.7238508480687921 0
799 -0.6196738198120402 -0.7645256498094133 0
800 -0.5111258455977 -0.150567286960186 0
801 -0.8325302538185687 0.5218252353045496 0
802 -0.01402839207531888 0.3413479519594175 0
803 0.1971306400930876 0.9284359722833019 0
804 0.4339269084945039 -0.1272774964703956 0
805 0.1446792268271802 0.148715330762137 0
806 -0.6600115300717748 0.009458036988547577 0
807 -0.4640693966270776 -0.9352264385464888 0
808 -0.4618038825608587 -0.8411116246318024 0
809 0.7873787043883596 0.5605932965797359 0
810 -0.6849561680612644 0.4338294666369574 0
811 -0.4758850201740084 0.6127393875461166 0
812 0.8375506208638128 0.4782897442788847 0
813 -0.02731302986135095 -0.8381916270712809 0
814 0.7646422228705454 -0.2950464882133711 0
815 0.08967931414505061 0.9307720103834948 0
816 -0.7997293824341968 -0.004677690006147287 0
817 0.9371574453164692 0.27117368274139 0
818 -0.9315863085562046 0.2931649062383656 0
819 0.9325031615723964 0.844425979926692 0
820 -0.2399218990293849 -0.5957008404404686 0
821 0.9301949929182736 -0.4528820930691496 0
822 -0.09270967142331292 0.932686239755218 0
823 -0.1022502682239866 -0.3135071693526721 0
824 -0.3507638144922808 0.249209866015115 0
825 0.473057153198326 0.3999209502828791 0
826 -0.5649731518711162 0.3381396614762807 0
827 -0.834064913062637 0.7873985663855161 0
828 -0.719041696910019 -0.470883724889132 0
829 -0.8185449642198545 -0.7295336718923834 0
830 0.4428011892398553 -0.8206695090634346 0
831 0.1880518995079919 0.8405446645839165 0
832 0.9320476018375817 0.009223224835053591 0
833 -0.0798144780330097 -0.4038243409943816 0
834 0.03533761485486286 -0.5318268389496373 0
835 -0.4209568892711995 0.328683937823234 0
836 0.1391930750599064 0.3188937504844629 0
837 0.4298247324238355 -0.6116121377429136 0
838 0.1096649946540383 -0.8496437407287684 0
839 -0.3415552917226894 0.3826947201788048 0
840 -0.1794119726228583 -0.4212089604584409 0
841 -0.8463875460270334 -0.5144443486188317 0
842 -0.5031903042759798 -0.7197337923091572 0
843 -0.2212279689494289 0.7608095114431392 0
844 -0.6255386481161551 0.5519428203854763 0
845 -0.9342839049602444 -0.05911252947314066 0
846 -0.7450684107594163 0.1051614322796853 0
847 0.5684410265298356 -0.3342937709342322 0
848 0.5493898394292209 -0.5727623663998045 0
849 0.350386010514119 -0.8398579607746699 0
850 -0.569242926801194 0.1796035262051076 0
851 0.1599196421191563 0.03233477743254148 0
852 0.9388949911720799 0.7189732476588629 0
853 0.5090247907009228 -0.7327309114518668 0
854 -0.6094639849813989 0.05326796272796362 0
855 -0.931513604650854 0.4825035398082588 0
856 0.0676253750443245 0.05062716064734725 0
857 -0.5262347974184769 -0.01161127119322875 0
858 0.8114684600270485 0.6907257751670183 0
859 0.8298623341486149 -0.4530953087553569 0
860 -0.1317058939285048 0.8461401454494745 0
861 -0.934442261165862 0.594568115542358 0
862 0.1105525405049296 -0.4219334841888693 0
863 0.655725587146364 -0.1345431478377859 0
864 0.7123121204631326 0.4882821088907168 0
865 -0.438408757574286 0.183814480643168 0
866 0.3784627370365888 -0.3085066720958013 0
867 0.07048857891746788 -0.327220427889051 0
868 0.6341849595815013 -0.715775604960296 0
869 -0.5546458168887828 0.6272667337931366 0
870 0.5031009812095185 0.9362187097732281 0
871 -0.4690446016963205 0.3811092372206608 0
872 -0.5153389893566515 0.2611878978934731 0
873 0.4179104477595785 -0.9360544122069033 0
874 0.08875059866186391 0.8469805793391509 0
875 0.003785684860953294 -0.7740220139601011 0
876 0.9336992979724639 -0.1726219836801122 0
877 0.5065957144812364 -0.3046345117993086 0
878 0.5178075158756641 0.8535922555315967 0
879 -0.5631064791566871 -0.6471066512420598 0
880 -0.2203685793279243 0.4247390428266279 0
881 0.9350920426613669 -0.9350920426613385 0
882 -0.3547916989422674 -0.6640223170656108 0
883 0.8372667799224427 -0.6760552552209577 0
884 -0.8389456201289638 -0.8032432562673133 0
885 0.4592369952356748 0.003996884955957517 0
886 0.3955381290521737 -0.4842691261931099 0
887 0.7732110000167706 0.2883515011038737 0
888 0.3373148655430767 0.03494679471561207 0
889 0.6033321988173865 0.2398483843955222 0
890 0.31284699178008 0.7496107212922636 0
891 -0.9334674111259647 -0.6074169350457118 0
892 0.5435297444567969 -0.2045183403179554 0
893 -0.6008487557601984 0.7672640871560332 0
894 -0.4425215187496829 -0.4703917312229344 0
895 0.7021025449419083 -0.9356289131503543 0
896 -0.3898645674306314 -0.2795023563808591 0
897 0.6186812959702881 -0.2356974703282965 0
898 0.7169841581246603 -0.4997104337410584 0
899 -0.942104780953793 -0.5010260341326271 0
900 0.7021572339604963 0.9369493624000013 0
901 -0.6942332222199646 -0.1371364261226093 0
902 -0.4635513999665103 -0.2110387441861304 0
903 0.6726869156702866 -0.3902795390575962 0
904 -0.6455861122694783 -0.5756049221139536 0
905 0.8215155497560869 -0.7510898170649686 0
906 -0.7087804991892765 -0.9394793901755458 0
907 0.3308141108902627 -0.6475116040456635 0
908 0.07259892649472209 -0.6612139310171827 0
909 0.2643184053253932 0.9386154838289384 0
910 0.8135152928939663 -0.02638278045508723 0
911 0.2762287743033612 -0.2948060836677673 0
912 0.8433730061037275 -0.08685013780537534 0
913 -0.5824536759750762 -0.3493402685353548 0
914 0.9356772352249502 -0.05056932743036689 0
915 -0.1420684351384219 0.4958231100477793 0
916 0.9381548283398298 -0.5220653392263639 0
917 0.9388058782705472 -0.7457646571555285 0
918 -0.535919236505066 -0.2816729686195558 0
919 -0.767355331915361 0.187037105239201 0
920 -0.7287526928250054 0.5263659096878736 0
921 0.4213307794595637 0.5986358302646064 0
922 -0.5600284964409304 -0.1734511319541045 0
923 -0.2238980190520568 0.6464073221659288 0
924 0.6909513057292169 0.8557461118844323 0
925 0.7304983093059675 -0.1935800532958567 0
926 -0.04234835260354788 0.2050501120200628 0
927 0.7598624767219981 0.4388172474313089 0
928 -0.4517522870678098 -0.33329935925058 0
929 -0.1917965986316643 -0.937740972609904 0
930 -0.8585891790208786 -0.9399404906101314 0
931 0.2319847119528444 -0.5734241320208519 0
932 -0.3853185760303981 -0.9412830554871791 0
933 -0.7112506807436112 0.8175615438346436 0
934 0.5120003108566863 -0.8587681648276753 0
935 0.8375928594024172 -0.2078822755118936 0
936 -0.8426808316119752 -0.2858106940252834 0
937 0.04184335026871491 0.244724122162635 0
938 -0.2379087100486466 0.8653113220705738 0
939 -0.0846994302230057 0.4136580892113539 0
940 -0.9402115242453271 0.7169222399390452 0
941 -0.8347515424682029 -0.2192900866895912 0
942 0.7666814928183254 -0.7660589142030083 0
943 -0.8402088371450905 0.2708233303983758 0
944 -0.2067348541123938 0.2717155673786018 0
945 0.4017573435672731 -0.06703583150987122 0
946 -0.2313924173676802 0.5396672924913501 0
947 -0.9415651422992046 0.4278992955063559 0
948 0.2767841519672611 0.3934907923133449 0
949 -0.8445117495364214 -0.5742488598102227 0
950 0.1817783914214507 -0.7437341856783425 0
951 0.3512856913160183 0.1608278502247327 0
952 0.6062446702455544 0.9404632881830086 0
953 0.8547946052335449 -0.5550962991618229 0
954 -0.04721921435143856 0.7898770330698666 0
955 0.6474375732552894 -0.01649510442846851 0
956 0.422923818682203 0.7456884717002352 0
957 0.199824007764353 0.1358886916731815 0
958 -0.8491296332884746 0.02249314810190553 0
959 0.727853473387718 -0.4003657614337991 0
960 0.9395811051354892 -0.8531313401822871 0
961 0.6288874199730043 0.1355128137330549 0
962 0.0050201350439259 -0.2182295874996498 0
963 -0.4605907774624102 -0.5971701628253152 0
964 0.0572254303046945 -0.1216217233434601 0
965 0.1829972404457522 -0.3365044400668986 0
966 0.4511808380631623 -0.3614679545814089 0
967 0.1973192796677335 -0.5090039769277803 0
968 0.6071162885234771 -0.8420247417325913 0
969 -0.3003253197573001 0.9424865835048698 0
970 0.3069144507446359 -0.1206468504306372 0
971 0.1694147783608277 -0.08879548164839068 0
972 0.836710117932012 -0.8643564141147063 0
973 0.1404165917690727 0.2610847302289467 0
974 -0.7756938768945846 -0.2029734536153942 0
975 0.3648013984328207 0.5825970129200488 0
976 0.7095472535570979 -0.2890022205439186 0
977 0.01127075134581444 -0.5885413167424728 0
978 -0.7233153689402785 0.2199886615997205 0
979 0.4096684567184651 0.8631048702397257 0
980 -0.3475983208601507 -0.8602800814395155 0
981 0.8549436804168605 0.2248338176685463 0
982 -0.8602399359872944 0.6813722059899966 0
983 0.9460564518716712 -0.3549336770524631 0
984 0.4093483429921945 0.6905527300943016 0
985 -0.6069655400705688 -0.08215936453326644 0
986 0.5666533342222529 0.4721610691308496 0
987 0.277199127203819 -0.2355462885728244 0
988 -0.743495443243691 -0.5385663015943879 0
989 0.01734401293863826 -0.3113697830708757 0
990 -0.05450211144617546 -0.6026643192452465 0
991 0.6951933497475919 0.3050842279274341 0
992 -0.3503865965653839 0.8663560742692584 0
993 0.8724183846925775 0.4000274773438055 0
994 0.3069191600019361 0.8566602721620139 0
995 -0.8420475335877535 0.2157899894628026 0
996 0.1870695739054476 0.3407439439202555 0
997 -0.1630357841689667 0.7639684060795573 0
998 -0.9424617795652805 -0.2698774339539826 0
999 0.5656792246316362 0.007350578579649731 0
1000 0.3435451111072418 0.6837013376472854 0
1001 0.4933779445256958 -0.6767501505276523 0
1002 -0.9424679095306232 0.2072593111828688 0
1003 -0.7301785700624426 -0.2513221415907676 0
1004 0.9431597379158519 0.6643466651103414 0
1005 -0.6192602095713196 0.4718029234159271 0
1006 0.6022988204147546 0.8674286175479533 0
1007 -0.3874997541990205 0.4532907299014702 0
1008 -0.8268046906231703 0.467158589455577 0
1009 -0.9421624262252841 0.8613134770932902 0
1010 -0.942808176779135 -0.727122276834428 0
1011 -0.858008135098238 0.3871597090523795 0
1012 -0.4956116279511964 0.7314105292224631 0
1013 -0.6906268908305128 0.328609684064172 0
1014 -0.07124772855258268 -0.5058408878519515 0
1015 0.757651635195088 0.9445950326747189 0
1016 0.4443504932140424 0.1058732705438218 0
1017 -0.4125670786105914 -0.7349338479543384 0
1018 -0.9442513376113816 0.09967717164910958 0
1019 -0.5443248201675468 0.9464643799910901 0
1020 -0.6739885542743816 -0.8577037085886676 0
1021 0.3528402892783996 0.5154886711989329 0
1022 -0.5527195158643496 -0.8445509108178202 0
1023 0.06805684254671954 -0.05260328710669888 0
1024 0.9411890913089953 0.412861960723025 0
1025 0.5312873254595641 -0.9469478020974132 0
1026 -0.2187262110666846 -0.7107569859009963 0
1027 -0.7290893976799664 -0.7034709149945764 0
1028 -0.3134052169649424 -0.7808238318087248 0
1029 -0.2966654258968686 -0.706623533447552 0
1030 -0.2944256882232668 0.2542455263578429 0
1031 0.5536535092962581 -0.6496756697861169 0
1032 0.4978250479079772 -0.1072063065436981 0
1033 -0.0834197339375492 -0.8458454200008211 0
1034 0.03330256888621818 0.9408177934504067 0
1035 -0.867324612716812 -0.6958490312439879 0
1036 0.1698627908785803 -0.2461938438356443 0
1037 0.7942284265633306 0.8677257012140475 0
1038 0.1602824638652997 -0.9402530233538953 0
1039 0.491805581736922 -0.555905666277472 0
1040 0.5039193929551481 0.2631156531019975 0
1041 -0.06475204172550794 -0.6740876281774466 0
1042 0.3846323026687081 0.7942215929568558 0
1043 0.7769846563144095 -0.15863614312685 0
1044 -0.8736587897207577 -0.1694495643702021 0
1045 -0.7381027272357392 0.4299540141530669 0
1046 0.3032826025608084 -0.01667457136103114 0
1047 0.1459338494813238 -0.1405670304252068 0
1048 0.3002473289541898 0.342099992537361 0
1049 -0.3992998741854407 -0.4169708613466148 0
1050 -0.8424168293259758 0.1018268028893486 0
1051 -0.659521773374883 0.1289659010672466 0
1052 -0.9442848291061519 -0.865480448676658 0
1053 -0.6784623012955748 -0.4048643684165948 0
1054 0.8644942732193943 0.9465379937585383 0
1055 0.216181502037006 0.01603675633227117 0
1056 -0.164212934084726 -0.311014362020497 0
1057 0.09605843874129741 -0.2317178955318976 0
1058 0.1651818638877108 -0.4029884637900005 0
1059 0.3918179088297721 -0.7264291443891427 0
1060 -0.6628490673108731 0.3818436673549275 0
1061 0.05445376948034262 -0.9441988777425794 0
1062 0.637690017535804 0.0852600198241676 0
1063 0.4528547234100664 0.943890010497884 0
1064 0.01431307239024473 -0.4273187089386367 0
1065 -0.8739259894638076 -0.4067483705760294 0
1066 -0.3024285500874955 0.3421752234871065 0
1067 0.5803401117873815 0.4164561702936801 0
1068 0.3517408463415138 -0.1708933448416031 0
1069 0.9463360529560532 0.5693652049352578 0
1070 0.2901131485522113 0.08324219178520764 0
1071 0.7213719541455483 -0.7147809985873116 0
1072 0.03900280533879739 0.3364492456652023 0
1073 -0.7616654626208591 -0.04362732684758656 0
1074 0.8769271315262113 -0.9478814643183588 0
1075 -0.1319118529601563 0.3745689425497107 0
1076 0.4038804271976259 -0.2606104090742447 0
1077 0.9405803502580861 -0.25179012313206 0
1078 0.4410015501881198 0.2484013883234643 0
1079 -0.5082290179261219 0.4949318801435167 0
1080 0.3422724438722289 -0.3949776419636057 0
1081 0.8503928811637417 0.09555362487827118 0
1082 0.8777679058376819 -0.1723180188446731 0
1083 -0.761823829660968 -0.1491373520642582 0
1084 -0.5932730981964724 -0.2389859848582022 0
1085 -0.5076974944961916 -0.9462843535057026 0
1086 -0.4110935938865473 0.800872323381529 0
1087 -0.5803887340561508 0.6706708772439418 0
1088 0.3960541552393821 -0.4299454321998618 0
1089 -0.6352077280439908 -0.490297481146573 0
1090 -0.7040905540822746 -0.3542967164126029 0
1091 -0.1615570351119637 -0.6164064916142061 0
1092 0.7869157736761538 -0.5777562345491941 0
1093 -0.2675680818374475 0.4425226534113173 0
1094 -0.5483287364435924 0.8426953837307816 0
1095 0.4582177738783525 -0.2043216133444951 0
1096 0.6597876522719517 0.4814809579163448 0
1097 0.5236132039491134 0.4941111232667819 0
1098 0.3856287158809407 0.4093774499824778 0
1099 0.6818224234473862 -0.5452983033273272 0
1100 0.4527003937548136 0.551993187098937 0
1101 0.5893579868232812 -0.9454591994951503 0
1102 0.3346790286448029 -0.07360092775258875 0
1103 0.06539387071488453 0.1627131830830539 0
1104 0.2296707174101765 0.8036989228949578 0
1105 -0.05699245138601716 0.3010648618169198 0
1106 0.2304441656326072 -0.08035247678550379 0
1107 0.1416540995021825 0.9442971083484215 0
1108 0.88177264677244 -0.3429558893637961 0
1109 -0.551401594082456 0.1138885841948761 0
1110 -0.311087460544716 0.5902291468677778 0
1111 -0.64068401130621 0.9465730586658575 0
1112 -0.3371392525792475 -0.2998132700693306 0
1113 0.784734161921105 0.1489201940302278 0
1114 0.1050552957216391 -0.7560756930293977 0
1115 -0.6334140628129565 0.2561150759415377 0
1116 0.7744152339839547 -0.3501100253675082 0
1117 0.5547897652003837 -0.3974496781929024 0
1118 0.6565873694061227 -0.7935418515027235 0
1119 -0.461426969299884 0.2749924055565975 0
1120 0.6484123665039133 -0.188731324271335 0
1121 0.3968564738022639 0.4930183874419468 0
1122 -0.3955629544109504 0.7257142273259497 0
1123 0.6240748829107556 -0.6730642991284516 0
1124 0.7735901660197022 -0.9471781442531334 0
1125 0.2458047673930278 0.1858107482354523 0
1126 0.8519620212388725 -0.2590660733650568 0
1127 0.4688706524955122 -0.7668719325917177 0
1128 0.2390400171658887 -0.3331362098983802 0
1129 -0.6438224879943318 -0.2700806022037048 0
1130 -0.1269268107316987 -0.4363450782901812 0
1131 0.4064922434256596 0.007293638899262477 0
1132 0.4793484936601634 0.4503636525443791 0
1133 -0.9494756994784327 -0.4464597614917053 0
1134 0.1402996854048697 -0.04298373304904907 0
1135 -0.4937170765019369 0.9442490455216304 0
1136 0.4850358067173104 0.8168007619194082 0
1137 0.1579571621508816 -0.8386012968068256 0
1138 -0.2865841770438198 -0.9433502612845853 0
1139 -0.7871255624858442 0.9477578468824269 0
1140 0.4773675985340999 -0.4913620012648862 0
1141 0.2117123766314148 -0.432391890289884 0
1142 -0.2528379922190351 -0.3191937917044779 0
1143 -0.3151514501977185 -0.5164731620292101 0
1144 0.8689527860708943 0.747095345058037 0
1145 0.1133536782341423 -0.4757101165580544 0
1146 -0.8568887871224506 0.5703636526931781 0
1147 0.5449169767028175 0.2296905795662392 0
1148 0.9474558006952574 0.3212896455623765 0
1149 0.2331260042145623 -0.8739160989922515 0
1150 -0.2804233974103447 0.6417044931605743 0
1151 0.2081419333713435 -0.9507326623084058 0
1152 -0.2944726192269956 0.7391996273933245 0
1153 0.4644831624902868 0.1630238689137595 0
1154 -0.08059558939621593 -0.9470438727573447 0
1155 -0.7500110616119393 0.05153696466280954 0
1156 0.309704323912571 0.4402901190765933 0
1157 0.3926043822216136 0.103441895482145 0
1158 0.5672614653423939 0.3341627505998167 0
1159 0.7338034029606125 0.3913788259610003 0
1160 -0.8766491072170802 0.489700391478156 0
1161 0.949703409640072 0.9486308415641324 0
1162 0.707311874552655 -0.879601028367069 0
1163 0.5150076651435753 0.1741942856648283 0
1164 -0.7079455744456743 -0.7580980586420277 0
1165 -0.208781766201409 0.3209365771618106 0
1166 0.5767777340574627 -0.5185113039178837 0
1167 0.8597579825346837 -0.788462853423149 0
1168 0.5509124721519544 -0.7570058118393492 0
1169 0.8731753738767465 0.02232592020381149 0
1170 0.9487540795812209 0.08674056775387101 0
1171 0.2573218677276095 0.2910141045745671 0
1172 0.8659224263203488 0.3387643823133082 0
1173 -0.6223081664502349 -0.6913299777067383 0
1174 0.8733810329723549 -0.6427282784286364 0
1175 0.8700570644030475 0.6445156089231727 0
1176 -0.6795994144489916 0.5510903260409616 0
1177 0.2515481990644631 -0.02315235481856182 0
1178 -0.01436796615234417 -0.5052730349146806 0
1179 0.8593054087371701 0.7957517640235269 0
1180 0.3323657405323622 0.7947595809183368 0
1181 0.2867393381789975 -0.738948611430008 0
1182 -0.8709678158225338 -0.08126330146648915 0
1183 -0.6633278818071269 0.6434869201697812 0
1184 0.6629352890403037 0.2444537003541538 0
1185 -0.553616708629552 0.2254151372162743 0
1186 0.4711622770609179 0.3522171133353575 0
1187 0.6008728496053514 -0.0301842930256328 0
1188 -0.9484248965232933 0.9486524833320014 0
1189 -0.7383585565529948 0.2697660253822122 0
1190 0.1399013919559844 0.8322643220692658 0
1191 -0.7966859486422333 0.8605382726533979 0
1192 0.3351064376766065 0.2452850418142321 0
1193 0.4626496298171873 -0.8674694110973812 0
1194 0.2893881148801326 -0.5555936729020384 0
1195 0.4697864777417063 0.05886235977325906 0
1196 -0.2958996880899503 -0.8856453636856196 0
1197 -0.1882156101697209 0.9499056956603102 0
1198 0.5316535206265959 0.08530269969672523 0
1199 0.2931840568113478 -0.9478850837443402 0
1200 -0.3571508690682662 0.4955156463068829 0
1201 -0.2854140875728208 0.547166608819417 0
1202 0.4193164711130916 0.2025313856499909 0
1203 0.4450154079823022 -0.6582466422919225 0
1204 0.2274397937711859 -0.7093263205690825 0
1205 0.2706809248435175 -0.3891009316017187 0
1206 0.0440159760597084 0.8289364649292855 0
1207 -0.7157324527061901 0.8653323143253719 0
1208 0.2645313456915526 -0.8011059181982979 0
1209 -0.757837821338885 -0.9482226922301533 0
1210 0.9534148401021181 0.4665909260674656 0
1211 0.2979057014333621 -0.4842017184820421 0
1212 0.1843786551090066 -0.1751102457616903 0
1213 -0.3126472541749617 0.828023179103748 0
1214 0.6540562286241741 0.4115852382851153 0
1215 -0.5048920728481875 -0.4241416072238292 0
1216 0.1925049354420715 -0.6130067782968128 0
1217 -0.8797462711745869 0.2988127053392389 0
1218 -0.7340233074991924 -0.8273540887953363 0
1219 -0.2221515856656237 -0.533452860304092 0
1220 0.7806324007659292 -0.8545893827804392 0
1221 0.2622179874011315 -0.1424023249478876 0
1222 0.8779610897433259 -0.4484966904904457 0
1223 -0.5324896958757355 -0.5976963438045916 0
1224 -0.1632671273192028 -0.513733487826183 0
1225 -0.4607117468298062 0.8772488047100226 0
1226 -0.7009011799248982 -0.5732050401743044 0
1227 -0.2152647973986107 -0.8659631159739983 0
1228 -0.3649132837017717 0.6808400848081182 0
1229 0.6074831872906729 -0.1196082844643827 0
1230 0.8617649102726503 0.8947946733327291 0
1231 -0.07340443455869243 -0.3540353803687561 0
1232 -0.2553948558442554 -0.4937261798709104 0
1233 -0.3861783164921109 0.6335684178634884 0
1234 0.09626877843068066 -0.1565995242461002 0
1235 -0.9502196168691852 0.05366427484759143 0
1236 -0.5904307672458069 0.5179398151316703 0
1237 0.3546629225953646 0.9501028251405245 0
1238 0.009400485380971671 0.1377948225203745 0
1239 -0.7134740082285239 -0.05102078648229464 0
1240 -0.7134499774155744 0.4796240975582835 0
1241 -0.8765159036747066 0.9491616265031793 0
1242 -0.9509745378275229 -0.1433121223906084 0
1243 -0.9495269072247124 0.5370490684784441 0
1244 0.12299121306765 -0.5864315499463948 0
1245 0.5061653313656925 -0.01704966399323811 0
1246 -0.6061999118625225 -0.8855276668413177 0
1247 0.7482468704699732 0.5362098907915961 0
1248 0.7052356658215408 -0.003680155052678712 0
1249 -0.7929081979371507 0.6160997211990638 0
1250 -0.4211129072269393 -0.8077652841971289 0
1251 -0.6083294996985756 -0.3950523105729116 0
1252 0.8771430765502838 -0.8398032016522355 0
1253 0.3614021524814895 0.8878285316496459 0
1254 -0.9505879257265702 0.7669639474963601 0
1255 -0.4912029837303012 0.7810633421488082 0
1256 -0.0433720194387535 0.3847462453329164 0
1257 0.8683550318995794 0.589703041428986 0
1258 -0.2971687422719473 -0.3982220223643992 0
1259 -0.3950057447670201 0.2852663336296996 0
1260 0.7715832870909466 0.7695930297510758 0
1261 0.8833570424241834 0.4960551420983252 0
1262 -0.4577121984372366 0.7018675485731586 0
1263 -0.3615869914440731 0.5826576865942418 0
1264 0.3091538519601326 0.13486534707605 0
1265 0.7329202632882946 -0.249087593503586 0
1266 0.654685122957408 0.9519217631770908 0
1267 0.7782418584352053 0.3726627461861025 0
1268 -0.5867022909449642 -0.45305760113889 0
1269 -0.7993833395097599 -0.6284228510615073 0
1270 -0.392488680260299 0.2001110136976509 0
1271 -0.3052861107437543 -0.6553078222427414 0
1272 0.9515110371255115 -0.4021220878912351 0
1273 0.8156265479067005 0.5220542780447979 0
1274 0.9501290872566914 -0.6982856010163441 0
1275 -0.1282276934436789 0.670113035982013 0
1276 -0.6764550904150758 -0.6641622675924796 0
1277 -0.1866707890933428 0.865386981111526 0
1278 -0.884037093253512 -0.6002729243106154 0
1279 -0.6681114537463813 0.7273494513955938 0
1280 0.794089815644235 -0.6440110892367056 0
1281 0.4126806525037088 0.285388185182594 0
1282 0.3910628647268231 -0.5340465739351818 0
1283 -0.9526845182947722 -0.9536135123943891 0
1284 -0.7869354562749902 0.7649067122475768 0
1285 0.9523493398204169 0.1784070492982139 0
1286 -0.5158449826154424 0.4451349830487769 0
1287 0.6285922431247823 -0.4329156785035595 0
1288 0.6324181049705521 -0.4848441415947237 0
1289 -0.4068916231928102 -0.5747917117796746 0
1290 -0.5310563106023906 -0.6811425836339668 0
1291 -0.8052848237467485 -0.3747157482628273 0
1292 -0.1168951056359203 -0.8805264008232583 0
1293 -0.9541712356247408 -0.5586890918333598 0
1294 0.9503177786660512 -0.6110759338229769 0
1295 0.4773711448395087 -0.4060309585196154 0
1296 0.02696415866217288 -0.6768152650396859 0
1297 0.8860537505838262 0.1627524241805583 0
1298 -0.5122310685800552 0.5763571317310839 0
1299 0.6968425757011696 0.2002899200785834 0
1300 -0.467131949838926 0.2230304696624674 0
1301 -0.7963744276137052 0.1133714307261463 0
1302 -0.7676256544939274 -0.4532915256431108 0
1303 -0.8398589640277474 -0.463785101091668 0
1304 0.553954267708852 -0.8334205412633903 0
1305 0.5495951734093181 0.9515746306376827 0
1306 -0.8678301462416469 0.1658599694140094 0
1307 -0.9534321075716123 -0.7752066228097499 0
1308 0.02252960706366869 -0.8160878294687288 0
1309 0.7202177172168334 0.08812467250909484 0
1310 -0.6385492903299151 0.8180532932829763 0
1311 -0.3969593805952741 -0.6906733839876955 0
1312 0.6729851578335301 -0.08961477910942688 0
1313 -0.131707563600241 0.2381868497480288 0
1314 -0.08530667512664859 0.7433726607673126 0
1315 -0.6816019230915363 -0.2368856421663989 0
1316 -0.8119865378879921 -0.8684693284761936 0
1317 -0.5101537108772938 -0.05729931470783832 0
1318 0.3699527993789998 -0.9522442804436968 0
1319 -0.5656659780348634 0.4251318039903805 0
1320 -0.6665564369940762 -0.1796715322599868 0
1321 -0.4962903379399076 0.07423298227116568 0
1322 -0.452241464159002 -0.647285608162423 0
1323 0.8220405654877478 0.263203147289352 0
1324 -0.4954687924441488 -0.2531747125637345 0
1325 0.9527071785093253 0.8013465775599153 0
1326 -0.7988739475556276 0.3584076820467332 0
1327 -0.6139477947863722 -0.5413078568006144 0
1328 -0.009258874342928278 0.8812341126426879 0
1329 -0.8083202408471618 -0.5401467056614669 0
1330 -0.1373648148505178 0.951599761622657 0
1331 -0.1792680428971976 -0.8004137007546891 0
1332 -0.07965165619216842 -0.4499461531637209 0
1333 0.3981465666313977 -0.1535116643359237 0
1334 0.3583545334100964 -0.2229853086912829 0
1335 -0.8132962036525494 0.6604711469327464 0
1336 -0.8922241505904271 0.6132647816807169 0
1337 0.7211390478010835 0.8188334192782768 0
1338 -0.7463634837973163 0.6109134247753338 0
1339 -0.6189220588191813 -0.9519050391582758 0
1340 -0.7357894707557313 0.95243034208418 0
1341 0.5481810940688866 0.1356888098356189 0
1342 0.1521847428211923 -0.5130002240341786 0
1343 -0.4317801002324309 0.6275694625798638 0
1344 0.5179020493691696 0.3068698435233896 0
1345 0.8083727787026597 -0.2681756796449271 0
1346 0.325849408997438 -0.5874636575579593 0
1347 -0.893995974242907 0.8662806222284135 0
1348 0.7495173224486743 -0.03341825386406581 0
1349 0.7342507985708711 -0.08213536438873689 0
1350 -0.4932287586331067 -0.8037307466622411 0
1351 0.9519622281341458 0.8893839664137615 0
1352 -0.1069932080088978 -0.7593764743387588 0
1353 0.2434709997880677 -0.6381537445873454 0
1354 -0.402067418927107 0.9518957141920404 0
1355 0.7477246071688154 0.2222325391739345 0
1356 -0.01872121955811893 -0.8843622904854956 0
1357 -0.6740150010125353 -0.4595954105964954 0
1358 0.7959913841201383 0.6443232299854956 0
1359 -0.4299536355922057 0.5454684532490794 0
1360 -0.1297070088440637 0.3287173051184853 0
1361 0.09431776599927051 0.3365819351415467 0
1362 0.3624500431754052 0.2018834392364794 0
1363 -0.4032590526752373 -0.5159468123086639 0
1364 0.9524868188064531 0.2272012277810303 0
1365 -0.7994541415750878 -0.7780061122519375 0
1366 -0.9554789170873226 -0.3580711075003709 0
1367 -0.1369079845863689 0.5423096711446703 0
1368 0.8129863413666848 0.8123290764935394 0
1369 0.7878697169137782 0.7277142308155335 0
1370 0.5803921928158688 0.05682212162684901 0
1371 -0.2117936348811307 -0.6366511144423498 0
1372 0.6330188291530172 -0.5804558772659544 0
1373 -0.1425373428467346 0.5947382661659414 0
1374 -0.488654364466949 -0.3027563983959174 0
1375 0.181966935668072 0.2405017931521923 0
1376 -0.1128813940091194 0.8898082336249754 0
1377 -0.2375144695020506 -0.9544993161090018 0
1378 -0.238816799615823 0.8141593682493971 0
1379 0.6684180884389284 -0.341618188027933 0
1380 -0.4196452985771634 -0.2380257687272477 0
1381 -0.08713792608563539 0.8259394926517015 0
1382 -0.5002560242518783 -0.1043520417928441 0
1383 0.2927677307579535 -0.898435903215051 0
1384 -0.5999066820009848 0.3703532085468942 0
1385 -0.2124696223435437 0.598843570062813 0
1386 0.7789047098064519 0.05177459108111511 0
1387 -0.8709698301123835 0.8060941215546984 0
1388 -0.2562937220219509 -0.3658174928370607 0
1389 -0.4834921559720372 -0.5162732900969176 0
1390 0.5792215964520847 -0.07800870473496969 0
1391 0.3289227770655174 -0.3101363108503585 0
1392 0.1023527939803522 0.1207301754340371 0
1393 -0.217534404376424 -0.7665676598194615 0
1394 -0.7424145223218261 -0.2973485377418142 0
1395 -0.2320782738816807 0.3609450734259905 0
1396 -0.9529317632317785 0.253153328002684 0
1397 -0.4519514551924689 0.5013289161245444 0
1398 -0.5628063018275147 -0.0475346752321767 0
1399 0.6462908614867218 0.8527736323386212 0
1400 -0.280947851612003 -0.5830592360084375 0
1401 -0.5796882653673058 -0.1235628276516302 0
1402 -0.5017188792746078 0.03121617146008232 0
1403 0.1640864134308639 -0.2932098448302004 0
1404 0.02922809962012291 0.2920370009471667 0
1405 0.1969833122916903 0.8842055227951804 0
1406 -0.6720454803383045 0.2272389714078773 0
1407 0.9010121158189934 0.3075104077160407 0
1408 0.1373306204045172 -0.884809141082014 0
1409 0.6382818690070966 0.3368865034135068 0
1410 0.3528415200381888 -0.7555354400475205 0
1411 -0.2388050425041004 0.7184831450635061 0
1412 -0.8893862664504968 -0.3627905285475483 0
1413 -0.8523176290238907 -0.1280706031484305 0
1414 -0.884991916791166 0.118791056339825 0
1415 -0.9540735061341198 0.3358038398831117 0
1416 -0.3653102515845699 -0.5979811911560288 0
1417 0.9531289614075888 -0.1303126457891882 0
1418 -0.6409282666352398 0.9007172057705998 0
1419 0.760470916515785 -0.5026454105673559 0
1420 -0.5851588184859414 -0.7952595450533544 0
1421 0.9018440210564468 0.5571752143008853 0
1422 0.7177028578426697 -0.4516237810293438 0
1423 -0.5322853412352477 0.3054868288722302 0
1424 0.8903076712604735 0.8251804911704419 0
1425 -0.5275547963608277 0.1516904829494815 0
1426 0.05723962109819448 0.004817991623136965 0
1427 0.3763248149852013 0.06129560462580325 0
1428 -0.1525762845439909 -0.708410313567114 0
1429 0.3721958273575635 0.3558228043202994 0
1430 -0.6531872420017765 0.5951397489017645 0
1431 0.5637393230810996 0.8503901574497499 0
1432 -0.03276938123372248 -0.410252223905745 0
1433 -0.1643771805351638 -0.4627493993183567 0
1434 -0.4312942962790198 0.4303005766763672 0
1435 -0.2651277381716308 -0.7964039660824931 0
1436 0.147802634933194 0.1937931437124744 0
1437 -0.6387638273142033 0.08954960230845625 0
1438 0.08897856053146527 0.2509809399806802 0
1439 -0.8995294219169718 -0.8725093483890658 0
1440 0.1655204979580285 0.1032894258032499 0
1441 -0.3464971785330276 -0.3604947927911484 0
1442 0.7849364385556055 0.6042739896023709 0
1443 -0.1038524204587697 0.2931831750233846 0
1444 0.3537660961719598 -0.3508218844638303 0
1445 -0.5588544803860157 -0.54457306166713 0
1446 0.1172665959141865 0.03771471044672888 0
1447 0.4584915830437933 -0.9522534171946717 0
1448 -0.001942770639735816 0.2269144168146892 0
1449 0.9567189496690315 -0.8059701492542699 0
1450 -0.376570215249165 0.3579790363752184 0
1451 0.7368827237074191 0.131632001659388 0
1452 0.4239041345005465 0.64977831945409 0
1453 0.1761049710751995 -0.6950612783274397 0
1454 0.04003633181995901 -0.6283588931636463 0
1455 -0.5224741284766047 0.3523983058767089 0
1456 0.955351720851048 -0.5610878940655404 0
1457 0.445800455293501 -0.2449660309941076 0
1458 -0.9551232962908014 -0.2257453579381226 0
1459 -0.5592552786097144 0.8912987165775597 0
1460 0.9553738677950596 0.6188451734792484 0
1461 -0.45188601911971 0.136290488368107 0
1462 -0.7432504063915151 0.6972373346461352 0
1463 0.3920109332371269 -0.8289577311039933 0
1464 -0.3199591069679034 0.6816070092423727 0
1465 0.8018707354268899 0.4507169747958648 0
1466 -0.6994728183171907 0.0314711341398697 0
1467 -0.5591715583725024 0.01979137009297689 0
1468 0.3031077852208752 0.9556533465167972 0
1469 -0.6681507551322288 -0.9552350002187515 0
1470 0.3810907016146135 -0.9028794629850656 0
1471 0.6995778524089 -0.8194850109205528 0
1472 0.3458619934947524 0.627657679422388 0
1473 -0.7279363837125322 0.5717566791065716 0
1474 -0.3223182053456877 -0.5641636157697077 0
1475 0.7946626661355166 -0.1158723840675593 0
1476 0.8941135629834931 0.2482195697297264 0
1477 0.8254543948862284 0.1913068017000383 0
1478 0.9566604807261482 0.3657721410434804 0
1479 -0.314318662548848 0.2929776083450775 0
1480 -0.8202242232899964 -0.6739587104913326 0
1481 -0.03781770294983447 -0.2417943532775905 0
1482 -0.1083339662447262 0.4651876883612429 0
1483 0.6926677360888427 -0.1671062871763407 0
1484 0.7740645609574034 -0.4126382097965977 0
1485 -0.1798389306206383 0.4485108793578629 0
1486 -0.6378464862537762 -0.8031218702435688 0
1487 0.592466638273543 -0.3037363116824888 0
1488 0.5341457320407095 0.3948737564202834 0
1489 -0.4711039466854435 -0.8852010366182126 0
1490 0.6081320182118464 -0.3423975021656227 0
1491 0.5411532920351581 -0.1604792987051621 0
1492 0.8518947307091224 -0.4109791740420368 0
1493 0.8889082852727307 -0.07209295888960207 0
1494 0.8694003348609648 -0.1221828759190036 0
1495 -0.3736099459479366 0.7637725317345537 0
1496 0.8931646397390237 -0.7609449381305875 0
1497 0.4292980562225091 -0.4022769970800508 0
1498 0.6821855180656327 -0.7255608114995282 0
1499 0.9569498314026674 -0.2110832907428154 0
1500 -0.7859110890342287 0.5247973374187842 0
1501 0.5985865922700193 0.2994758153272049 0
1502 -0.6912164254781733 -0.09180389738554129 0
1503 -0.9555421367900484 0.6357428132738102 0
1504 -0.6124531606377206 -0.1816040171785479 0
1505 -0.9556461301224807 0.9040497604571586 0
1506 -0.4052397510130265 0.900391869632354 0
1507 -0.4932179393748832 -0.3796325053474143 0
1508 0.2298302303285975 -0.4788902993754752 0
1509 -0.1790249204300871 0.5229290256003057 0
1510 0.2925362544608791 0.2432797190732454 0
1511 -0.7557335159605805 -0.617148938798697 0
1512 -0.06784164573589807 -0.7300261237184393 0
1513 0.836855451934585 0.3718658761105429 0
1514 -0.709644310879082 0.7705831617922545 0
1515 -0.6336043092292919 -0.02908299646595371 0
1516 -0.9001150741704598 -0.9566025232738573 0
1517 0.9575815589550518 -0.8965255620534893 0
1518 -0.3247046517285598 0.7747030502215339 0
1519 -0.9557592943641388 -0.09889133814272365 0
1520 -0.2492860342043422 0.2501201983489252 0
1521 0.2616983808890198 0.7668211980953258 0
1522 0.8113627875451157 0.1161083677101199 0
1523 -0.5963457052829843 0.9565356842168187 0
1524 -0.5070773042425558 -0.8462768958303024 0
1525 -0.0792988221305486 -0.2719371567512147 0
1526 -0.3791410910846132 0.5405729660328283 0
1527 -0.8876298837899086 -0.2926508151060964 0
1528 -0.0370884793459763 -0.9579542307519868 0
1529 -0.8052502188114976 0.2987654473804977 0
1530 -0.8929893190529099 -0.5069186630589386 0
1531 0.6512944641077616 -0.2656474304372305 0
1532 0.5077833813445 -0.06304100494628775 0
1533 -0.05619250548910646 0.9574629177945442 0
1534 -0.3049373991662296 0.4151894452906809 0
1535 -0.652841007237584 -0.1050796113319595 0
1536 0.4153901064701361 -0.3343491737234269 0
1537 -0.6669966360776445 0.1740194935936231 0
1538 -0.6548716938728666 -0.3158823484480707 0
1539 0.6788169718184565 0.1605486225311556 0
1540 -0.5977466432468187 0.2253467133662224 0
1541 -0.958420896761767 0.149253731345645 0
1542 -0.5674139614270174 -0.7548159974028666 0
1543 -0.152076580690659 0.8078291716380568 0
1544 0.6108202938883952 -0.8897778688350485 0
1545 0.1883938787551414 -0.787128814251842 0
1546 -0.2578433741649663 -0.8507242128353052 0
1547 -0.4295975389036201 -0.3714328036455776 0
1548 -0.8794729099864151 -0.8227985600219015 0
1549 -0.8179293251255186 -0.04321098091639456 0
1550 0.03128899053103685 0.07833173554635714 0
1551 0.07692059917810756 -0.8808573114901179 0
1552 -0.9564817563601651 -0.6480491787073881 0
1553 -0.3402491788632706 0.9558401118542994 0
1554 0.7182006654331339 -0.5993262353223631 0
1555 0.8733602607498454 -0.5984390532714198 0
1556 0.8899241747164564 0.1133162578863931 0
1557 -0.6124529936349601 0.1630918406409112 0
1558 0.09752304539407279 0.8902722562369803 0
1559 -0.2133449493036519 -0.3888454901256662 0
1560 0.08802375063983035 -0.7023455278057799 0
1561 0.6470954705453426 -0.6361641630793943 0
1562 0.9587599343874688 0.7561117826850148 0
1563 0.8280407935764085 0.5687834091307129 0
1564 -0.6693921868503765 -0.6140472881494095 0
1565 -0.5500584021031666 0.5168605875155712 0
1566 -0.1263245900534491 -0.6725582621534906 0
1567 0.8969133475268612 -0.5378515231299417 0
1568 0.8364711397162186 -0.354788491050544 0
1569 0.3058553999732239 -0.4223460557446728 0
1570 -0.1741250112165852 0.4058390923727141 0
1571 -0.7364400812732382 -0.6587532852859747 0
1572 0.2448594152400041 0.09377883287405453 0
1573 -0.8418417609605801 -0.8974507159063395 0
1574 0.2812264153669136 0.8947353466426289 0
1575 -0.4849758470826662 -0.6814731513458419 0
1576 -0.8182506881239147 -0.9564485416197309 0
1577 -0.361051638897537 0.4182977055851834 0
1578 0.5450843837876165 -0.4789932687797371 0
1579 -0.714028763422938 0.6454042048554629 0
1580 -0.8109368738417853 -0.3252295486284092 0
1581 0.5174855435310951 0.8966053682283676 0
1582 0.01294143948642013 -0.1762242107313314 0
1583 -0.3476371340598839 -0.9568251890752717 0
1584 0.4250057198212404 -0.7556821420823134 0
1585 -0.02389284253638429 0.1653162385987124 0
1586 -0.9563746822595502 0.3789751178742015 0
1587 0.6086279668859267 0.1801860775385988 0
1588 -0.3433362234961932 -0.4494785644163772 0
1589 -0.2580856092361914 0.9569916125987973 0
1590 -0.7681793302693201 -0.8837412258961208 0
1591 0.6671207398694776 -0.9603271682814607 0
1592 -0.9574403944384174 -0.0231192174291257 0
1593 -0.557929021536273 -0.8885993810319074 0
1594 0.2597169659143231 0.840268976760826 0
1595 -0.7041991217749021 0.119334585504687 0
1596 0.3651745476796527 -0.6248690630372247 0
1597 0.4322192886944528 0.5133866547376931 0
1598 0.9569070889012425 0.04442448246080239 0
1599 0.4284144238904202 -0.03446822787540367 0
1600 0.2232722592916594 0.3728799482178458 0
1601 0.8304662819616493 0.7250227051347209 0
1602 0.4316862592522527 0.4041530372766355 0
1603 0.6733517422876132 -0.5007417767114786 0
1604 0.4586136566427912 0.7756921628254199 0
1605 -0.8704867288116062 0.9042547721502969 0
1606 0.5958552248604826 -0.7428035653485219 0
1607 0.7367836869478659 0.04858483117260504 0
1608 -0.2167880993056275 -0.4371779918007448 0
1609 0.1115622801557019 -0.9586677934067858 0
1610 0.7974276996581366 -0.1897140796007666 0
1611 -0.7640531987848509 0.145164908912855 0
1612 0.8353402408294194 -0.4957283450405855 0
1613 0.8762930098218776 -0.2953773949192429 0
1614 0.02583426721120772 -0.3594073348286969 0
1615 0.610103485388051 0.4851812023504597 0
1616 -0.7766457369407518 -0.7189148202010083 0
1617 0.06569844371531525 -0.8371376575374835 0
1618 -0.2734935186456623 -0.6260601463993271 0
1619 0.4516976045054061 0.8458785647968763 0
1620 -0.5955940426326254 0.5849714019873608 0
1621 -0.816309501349334 0.8214722430272577 0
1622 -0.6884923907457208 -0.8987213169971683 0
1623 0.4182340060096815 -0.5690687162470474 0
1624 0.9074900374948509 0.9598768430428544 0
1625 0.7019210267193231 -0.6421916000505838 0
1626 -0.4706935054422399 -0.1626067026967505 0
1627 0.846273747163334 0.4346241076467515 0
1628 -0.5981506084916424 0.311083783566618 0
1629 0.7009389447345262 0.8955638827252534 0
1630 -0.5398037232806525 -0.5024737798224902 0
1631 0.4320681746058846 0.3266602638373959 0
1632 -0.9569110661543199 -0.9083832623897656 0
1633 -0.9579529412899102 0.6782353849604742 0
1634 0.2808536390967999 0.1682732309463215 0
1635 0.9591981436539073 -0.2993445971067624 0
1636 0.7757229127898211 0.1912340158703308 0
1637 -0.6607994103756371 -0.7619681610604034 0
1638 -0.000998708311704089 -0.2631292349486907 0
1639 -0.5764708513748107 0.07978353173114083 0
1640 0.07081162404004997 -0.5549029123020954 0
1641 0.6637860531249555 0.02066215797463973 0
1642 -0.9014177107272121 0.4024154724512972 0
1643 -0.8775207628074861 0.3455638016498594 0
1644 0.7327157302740425 0.2833470157202277 0
1645 0.06501348323149844 -0.4273833392449272 0
1646 -0.6500461375087083 0.2957914380092882 0
1647 0.8950024452505514 0.8700304983588829 0
1648 -0.8151868591209436 0.5801513192076333 0
1649 0.8033479336433671 0.9570623527626738 0
1650 -0.3741436581954108 -0.7651427537116692 0
1651 0.1153077093918866 -0.3188893127134583 0
1652 0.07948139680487704 -0.2780987005121257 0
1653 0.5243336516711783 -0.9026360546472436 0
1654 -0.4252316780821758 -0.9585355849333393 0
1655 -0.9016402825860451 0.1970039079445069 0
1656 -0.3678714895186012 -0.903230679183225 0
1657 -0.757151711173625 0.856414193089481 0
1658 -0.8897247876544256 -0.2074839509453755 0
1659 -0.9609140307279871 -0.3088566729300749 0
1660 -0.9042683256608712 -0.0328431441113101 0
1661 -0.5410682038716027 -0.4522165860670226 0
1662 0.595625135177553 -0.5623329879927221 0
1663 0.04310296778110717 -0.7595264264858852 0
1664 -0.1220464053174007 -0.5959760728286132 0
1665 -0.1743776828163901 0.2462928780290834 0
1666 0.2368222057935605 -0.2462786018409229 0
1667 -0.04120812398921678 -0.3272929570774042 0
1668 0.2239638546656258 0.9601562388231673 0
1669 -0.95794624591271 0.8212687117203865 0
1670 -0.9078590822026632 0.7669281992227631 0
1671 -0.4525408787249106 0.79840194681071 0
1672 -0.9034849223469065 0.6949815543259434 0
1673 -0.6231480257265268 0.663502334676489 0
1674 -0.7917093095318428 -0.126722392991712 0
1675 0.09536215301913235 -0.3783659785273632 0
1676 -0.292560218522989 -0.298680333876441 0
1677 0.1059168249275209 -0.8069603567772337 0
1678 0.9606360271938765 -0.08830799495166534 0
1679 0.5308746877949316 -0.6943645584850519 0
1680 -0.9600502217456008 -0.6895832769773752 0
1681 -0.5538483748747601 -0.9598427584644219 0
1682 -0.463719676732182 -0.7310997880736153 0
1683 -0.8892039434466305 -0.6438461087945321 0
1684 -0.3126149036120049 0.5085748201204493 0
1685 -0.1676952156460784 0.3310006716976333 0
1686 0.06480283646902255 0.2101477391823934 0
1687 -0.8383126380896557 0.4244117861404778 0
1688 0.9564232424771966 -0.4867509426169134 0
1689 0.3540829779437676 -0.8020933685411132 0
1690 0.7967647311315423 -0.9007719071391448 0
1691 -0.4658266947636109 0.6555594559575316 0
1692 -0.5547449661666946 -0.320023825406829 0
1693 -0.3254825692071389 0.9104377664581677 0
1694 0.04305278235620286 -0.2248691931050104 0
1695 -0.1654058911854148 -0.9057753322957559 0
1696 -0.8925591144875642 0.03107788709922697 0
1697 -0.2433956838293335 0.4675396505573629 0
1698 -0.5404845896055773 -0.3699358629421783 0
1699 -0.07968627760363507 0.2090056263870934 0
1700 0.7450512596601553 -0.674540275186113 0
1701 0.4818381810481178 -0.3340622111125039 0
1702 0.3574606532032974 -0.4934433255796432 0
1703 -0.04214683109823099 0.2477784970924853 0
1704 0.2547705372077946 -0.1066986179124413 0
1705 0.218230198022443 0.3128798113892003 0
1706 -0.7642092334340117 0.387556883904988 0
1707 -0.781870260521268 0.4439731614416796 0
1708 -0.1597745523306909 -0.9648973186547228 0
1709 0.3101773465258787 0.7096876670864678 0
1710 -0.01430930516500517 0.7936248998048612 0
1711 0.5776900162443296 -0.2296278566356929 0
1712 0.4393949914660593 -0.4919662939357995 0
1713 0.7973966197389428 -0.4826958861580776 0
1714 -0.5993275283012112 -0.6184921216519863 0
1715 -0.06650651534094426 0.9117481634824575 0
1716 -0.4852841168873351 0.1623438416951649 0
1717 0.4436981862843981 -0.9041142950917413 0
1718 -0.6320108711176481 0.5132021937076655 0
1719 0.01687759621462523 -0.4692532840238381 0
1720 0.778049795044586 0.9043745223665554 0
1721 0.9070595549312446 -0.2640098544493935 0
1722 -0.4269785176337489 0.4685537125526881 0
1723 0.06933766055618554 -0.5102795450199271 0
1724 -0.1197493294710817 -0.5187920343490428 0
1725 -0.4184624288513411 -0.316193297203101 0
1726 -0.3916441180520517 -0.8425696738124565 0
1727 -0.8413559460628877 0.7411315576747461 0
1728 -0.3321783650380652 -0.8060878349087018 0
1729 -0.2686190452233757 -0.4484686891134865 0
1730 0.9090744531163877 0.6686514771463267 0
1731 0.02533061561278913 -0.9103489866481067 0
1732 0.3982648901676157 0.8245673326692674 0
1733 -0.6044126277117833 -0.3343453202186515 0
1734 0.3136024502674641 -0.2173863799277427 0
1735 0.6088970463553003 0.4057771438206255 0
1736 -0.7268110807284422 -0.7844430109117626 0
1737 -0.9515585097061174 -0.8234633187445778 0
1738 0.8420726842558699 0.656330461210259 0
1739 0.6614349828162143 -0.8918371957538545 0
1740 -0.270808110652864 0.9114619169548962 0
1741 -0.2709622412710034 0.8375029951281369 0
1742 0.5228408967489627 -0.2658954925227014 0
1743 0.4038659185191704 0.9589317010132004 0
1744 0.4774022441695478 -0.2781511031507426 0
1745 0.1156039003609123 -0.6735873740120971 0
1746 -0.5303544355443957 0.7552615393568741 0
1747 0.7349145516198579 -0.9595508565732401 0
1748 -0.5100152078867828 0.6336056210946979 0
1749 -0.7061439338745104 -0.4308741783364036 0
1750 -0.1706823655707089 0.7299915350827553 0
1751 -0.4839922343385749 0.4203678832658337 0
1752 -0.6536869521749096 0.05024869315364995 0
1753 -0.5783411782858581 0.8096791014736044 0
1754 0.4920163478168116 -0.8331476663767541 0
1755 0.3233284178215554 0.4871908761739783 0
1756 -0.3575645200840592 -0.5008800680950187 0
1757 -0.5019946043634569 -0.7606036314038072 0
1758 0.9621391070576875 -0.01789013496693499 0
1759 0.3136583238236161 -0.8237073913160364 0
1760 0.1354775626411132 -0.2329858253624068 0
1761 -0.8240011402240919 -0.8275968648656327 0
1762 0.4274441204769108 0.8976813678031024 0
1763 0.2402202845378893 0.05412409062689641 0
1764 0.8910319429997218 -0.6683674707225458 0
1765 -0.9122632254037061 -0.7747429392066802 0
1766 0.5052590399928603 -0.20253009478109 0
1767 -0.9003837488207429 -0.7004318227227361 0
1768 0.3574946163567633 -0.6781012807435032 0
1769 -0.7313636833464762 0.3386947339827482 0
1770 -0.7485942056660391 0.7855758033341659 0
1771 -0.4765766047901692 -0.5602460582261639 0
1772 -0.6366432162905894 0.7416714675762843 0
1773 -0.2005882076168054 -0.3110663470631059 0
1774 0.008698164285333133 -0.7338702759157735 0
1775 0.8443431978217799 -0.9619371727445634 0
1776 0.409341255456394 -0.6928848509049234 0
1777 -0.1762375036367669 -0.3647102308580725 0
1778 0.3308449962085505 0.3118029456740948 0
1779 -0.5102782325259692 -0.1937680788365607 0
1780 0.4953892009057613 0.5294941787077488 0
1781 -0.1991316217714699 -0.5958338130711712 0
1782 -0.8001268098436979 0.2108416400321317 0
1783 -0.03997320801961712 0.8380278503641236 0
1784 -0.1671346967325248 0.6738019691747552 0
1785 -0.1323766846914969 -0.838108382183767 0
1786 -0.961037961582212 0.4508596938297609 0
1787 -0.7734834180133195 -0.406828850492673 0
1788 -0.01024834234888344 0.9603865181733124 0
1789 0.4570265927742859 -0.1597714607945885 0
1790 0.04500137005882893 -0.08644765802603056 0
1791 -0.9009708246685674 0.5800003692869442 0
1792 0.7442764217421648 0.8550316014993982 0
1793 0.3421306219347352 0.5521857263756231 0
1794 -0.4490465978290574 0.5821892017847532 0
1795 0.2258009053361367 -0.1605707037874977 0
1796 0.6197919756915151 -0.9603151134045531 0
1797 -0.7752889276719981 0.0328565976984025 0
1798 -0.02825062742250548 -0.7974621928331316 0
1799 -0.2371631684782056 0.6719388682686251 0
1800 0.5015858237794564 -0.9600309000035654 0
1801 0.3634500604649182 0.2778187618424862 0
1802 -0.7439703584066399 -0.5027103195199911 0
1803 0.2430615028844163 -0.9611713168386286 0
1804 0.7970278640210838 -0.3247111213852788 0
1805 0.7752018397337763 0.3243986322791235 0
1806 -0.6987733513866623 0.7243961744274172 0
1807 -0.2608968092979828 0.7568008506251762 0
1808 -0.7203174630484162 -0.1497383470212506 0
1809 -0.4314724078085904 0.3672813931580151 0
1810 0.7654996989484293 -0.5493861428959975 0
1811 0.7436518988286489 0.4722898218047691 0
1812 0.586905729354753 0.146476487574245 0
1813 0.5877473049080852 -0.4243544025565486 0
1814 -0.7406938730765653 -0.5816012682909718 0
1815 -0.8351070965585382 0.9612506193855231 0
1816 0.07691885625058408 0.07974305908402957 0
1817 0.3256690651700883 -0.8707062738856279 0
1818 -0.794367626236022 0.9015949601885619 0
1819 0.9068262647767862 -0.6196880200562278 0
1820 -0.7369601185456314 -0.91650622966659 0
1821 0.3902147952583883 0.43916880395188 0
1822 0.9600577493503988 0.5417113283652825 0
1823 -0.1987670905500844 0.9087097005386715 0
1824 -0.2638108656172719 -0.7008377516313665 0
1825 0.3459621771242738 0.420239564778193 0
1826 0.4419914771816942 0.475590083068784 0
1827 0.1049914150517124 0.2920794268137499 0
1828 -0.5954514993553747 0.7259866314700565 0
1829 0.06055777630381314 0.9615079352887715 0
1830 -0.6409703053706612 0.4339121952537036 0
1831 -0.6213030788103078 0.01578866862836998 0
1832 -0.38007018944035 0.8331020894594239 0
1833 -0.68111356616122 -0.01999158305293714 0
1834 -0.7481714983501001 -0.3665472513315354 0
1835 0.5669252446067312 0.3694580216202075 0
1836 0.1437128595402616 -0.7561066626386348 0
1837 -0.03022938798603774 -0.7532743543050913 0
1838 0.8401450093004548 -0.7075216524213163 0
1839 0.1521665670728894 0.3474346835896743 0
1840 0.9638480603412227 -0.6567164179114001 0
1841 0.8138121322899052 -0.05370839275430928 0
1842 0.6682433330568818 0.4411191830860671 0
1843 -0.381886932436311 -0.3839342935054356 0
1844 0.2304449950626037 0.9145031951928269 0
1845 -0.5372059265861584 0.6809059334370489 0
1846 0.3747397481533059 0.0138435064646034 0
1847 -0.8358172583825125 0.8775058394342278 0
1848 -0.4224250243534666 -0.9104444226714536 0
1849 -0.447641194633506 0.9701723380614335 0
1850 -0.8321356034961183 -0.3931599492949895 0
1851 0.7988771721381215 0.02118923186661304 0
1852 0.1573381414316099 -0.6048032655208697 0
1853 0.1085262692783035 0.1724832210222625 0
1854 0.2639956600611181 -0.1990923651539589 0
1855 0.163499377318231 -0.6616512791441798 0
1856 -0.5398594525183035 -0.1275936513203625 0
1857 0.2888843892023626 -0.6434466880966376 0
1858 0.3153026175323244 -0.6885425651238555 0
1859 -0.6306398527866915 -0.7217834985624459 0
1860 -0.6565341837052975 0.6854938001234847 0
1861 0.6788492159884705 0.08170627400504249 0
1862 -0.08640936209223546 -0.8012663510611836 0
1863 -0.8451947897076891 -0.7554962027550411 0
1864 -0.3551176217592668 0.2101463868503824 0
1865 -0.8378550247627479 0.06504560089342627 0
1866 0.5672901453491145 -0.6129299227742521 0
1867 -0.475316490731531 -0.9619498930304367 0
1868 0.1021638212853335 -0.6286928131407653 0
1869 0.2824569954282839 0.2122909666780768 0
1870 -0.565883549711192 0.376363422869936 0
1871 0.5316136276083951 -0.340041740634297 0
1872 0.1772114346918029 0.9638394421955776 0
1873 0.4405279485333697 -0.08606058949007936 0
1874 0.2215403143806164 -0.9116614660441265 0
1875 0.5373709997066808 -0.08208101351098809 0
1876 -0.06827089310926396 -0.5430561958193578 0
1877 0.6902738110403712 -0.4182807037197137 0
1878 -0.2642955272069048 0.3400672720922824 0
1879 -0.7621489867677905 0.7181753342905222 0
1880 -0.1807236840451958 -0.8335288607936995 0
1881 0.6406877332664491 -0.3720734235097296 0
1882 -0.775264273965891 -0.08388875206220368 0
1883 0.7568020084371488 -0.5999674735094617 0
1884 0.01914475359651934 -0.9617284298497022 0
1885 0.3906854504703122 0.1840420003908322 0
1886 -0.4192665332827632 -0.6614507857310664 0
1887 0.9593800718220189 -0.9588276049878532 0
1888 0.852092618498965 -0.8988103978961091 0
1889 -0.4885779840545726 -0.4512754822023558 0
1890 0.213068980565807 0.2516559176508212 0
1891 0.7009931240610616 0.3942343797080997 0
1892 -0.9642152337168792 -0.1771763936892442 0
1893 0.7636986270628611 -0.1176625934539521 0
1894 0.7426056936306894 0.7923379526954888 0
1895 -0.6759683847136415 0.9618405769531667 0
1896 -0.3677270739453056 -0.3177262722817301 0
1897 -0.1121124052938244 -0.9639313014927657 0
1898 0.01394013988629739 0.3639650083586483 0
1899 0.1338345633315636 -0.01006789204355778 0
1900 0.9613430206971663 0.1242075961534558 0
1901 0.9110077001446781 -0.488153601149229 0
1902 0.4008910974868444 -0.1089998120027944 0
1903 -0.3172934480030573 0.2278201290381353 0
1904 -0.9592847706145307 -0.4125620986192412 0
1905 0.3368531253892987 -0.9622844020756222 0
1906 0.8910215630924118 0.7252247191803519 0
1907 -0.6131292066779036 0.8756854604025659 0
1908 -0.8828803956522822 -0.9069089183187875 0
1909 -0.1313006905397702 -0.2919960254191589 0
1910 0.9134928146047648 -0.02406002888398397 0
1911 -0.2989854606264211 0.4617240245500442 0
1912 0.9571761367930723 0.6958772879434323 0
1913 0.7027208658286842 0.3412683529027407 0
1914 0.3681662430347015 -0.2737633145015552 0
1915 -0.2137919688201828 -0.8989400867742741 0
1916 0.5467157991864477 -0.3022138074211564 0
1917 -0.5397300363031367 -0.9211196332706759 0
1918 0.8603981791008969 0.0633728718290433 0
1919 -0.8492336101237307 -0.2545307383823934 0
1920 -0.1258115221842826 0.6345744709026566 0
1921 -0.9128294244500358 0.9619995108516162 0
1922 0.4966425569828578 0.08353124643309082 0
1923 0.6338046794149244 -0.8219425093015695 0
1924 -0.9017284827385239 -0.08382656039583705 0
1925 0.1295351452991681 -0.553501005104259 0
1926 -0.3065382527091857 -0.4247121018041727 0
1927 0.5938821592430064 0.9039951591127271 0
1928 0.733946372910893 -0.795440637640131 0
1929 0.3778023264458441 0.6822241073184856 0
1930 0.344692175369929 0.7555893278129611 0
1931 0.7308640262537577 0.9639668059797867 0
1932 0.1003489545606078 -0.1932339254474677 0
1933 0.9035869899362786 0.4081970135692982 0
1934 0.4544229160678466 0.5799559614435481 0
1935 0.7326098280323827 -0.8636608708333054 0
1936 0.7742905503451744 -0.8093915997282457 0
1937 0.3201240817902432 0.06815466032450425 0
1938 0.6401799005825386 0.3754426105089059 0
1939 0.1752689984731201 0.05565724793646479 0
1940 -0.8694925546860022 0.7762093292702736 0
1941 -0.7827376747978804 -0.2994388608803855 0
1942 0.4469527849086993 0.7188766561877371 0
1943 -0.5156182904566441 0.8226165118519526 0
1944 0.4736564233109466 -0.5966153419367669 0
1945 0.833944064724615 0.3022742903304542 0
1946 -0.5065547584623395 0.8645913797548108 0
1947 0.2814982119779392 -0.7686273100328544 0
1948 -0.9624642072084907 -0.5263068273025501 0
1949 0.7307396657765511 -0.7405755152494092 0
1950 0.01062274320429244 0.9126512202811118 0
1951 0.9090015806344047 -0.9623184591149201 0
1952 -0.4707828865665656 0.9117344829920496 0
1953 0.110556602982131 -0.0604000550917253 0
1954 -0.6461076566012819 -0.5427942118751945 0
1955 0.4033603483234606 -0.6106992760666896 0
1956 -0.2209685236609448 0.9625780056897036 0
1957 0.1913945954407306 -0.207290787138658 0
1958 -0.7615592224770187 -0.7952192625977149 0
1959 -0.9643481173466084 0.01663936279410339 0
1960 -0.3329766988254213 -0.6950355080391041 0
1961 0.2754447379582012 0.3157792205229707 0
1962 -0.8699425252318318 -0.3281898968158518 0
1963 0.001305139960926892 -0.3945062757120027 0
1964 0.4762544615580416 0.9707209342427705 0
1965 -0.08095287926515342 0.4502148517205662 0
1966 -0.09861126181240321 0.6894699382754307 0
1967 -0.5169351949808865 0.5385953163007851 0
1968 -0.4349826217912037 0.8377669440795819 0
1969 -0.1425809693592534 -0.7678750205352579 0
1970 0.2544288590773823 -0.8334088851121513 0
1971 0.2357555714399214 -0.7867865900726538 0
1972 0.5707995039065599 -0.8021995525965211 0
1973 0.6346584974757354 -0.7671530089077405 0
1974 0.1725736901453275 0.1580950102109731 0
1975 -0.4440641250921413 0.3094575502060563 0
1976 0.8191951986796182 -0.5588740059310808 0
1977 0.2310836717003874 0.1568380601688809 0
1978 0.3470738745829403 -0.5566938916304641 0
1979 -0.9103186485446927 0.3258513959043943 0
1980 -0.7504442572851862 0.2260342770160813 0
1981 0.8236809907207712 0.8844162808191385 0
1982 0.2008757432613811 -0.8639990347232916 0
1983 -0.6829268063624858 0.8974050628331574 0
1984 0.8403612788669812 0.01137102694909905 0
1985 -0.7215075193104443 0.9071096186937947 0
1986 0.2479697105229783 -0.4182726825048669 0
1987 0.8595639191260086 0.1913030753837786 0
1988 -0.4660605598844669 0.1034919253705818 0
1989 0.579610178872025 -0.6688356425673846 0
1990 -0.007052177329430954 -0.6822527614367306 0
1991 -0.01952369321103237 -0.6050712984534646 0
1992 -0.9621733201963945 0.5712245170722676 0
1993 -0.9135160922983272 -0.4302869150736655 0
1994 0.479746127544563 -0.4562618508741477 0
1995 -0.4021021686641217 -0.7781077038466592 0
1996 0.5753502375478466 -0.3727901758227445 0
1997 0.531576187093464 -0.5574438789596461 0
1998 -0.1458981973593828 -0.556468309653367 0
1999 0.1105265100086456 0.96358705072893 0
2000 0.3832654966604445 0.6130656226887603 0
2001 -0.907890258059584 -0.1562246193025769 0
2002 -0.1288466604591397 0.7532697893655091 0
2003 -0.8014409764698232 -0.4666877112888456 0
2004 -0.05175977461437886 0.3325741814770019 0
2005 0.01806367754571437 0.8565649131210112 0
2006 0.5758609883788369 -0.1558174486106553 0
2007 -0.6209021199276296 -0.2536044650105896 0
2008 0.1973670215238411 0.8000691015231292 0
2009 -0.0247730068987159 0.3007208866122279 0
2010 0.677869744839382 -0.3090225576260932 0
2011 0.2224052382113697 -0.5354950924765091 0
2012 0.1682665638008368 -0.3664434704618595 0
2013 -0.4636721793806342 0.3522744094047742 0
2014 -0.296990593223853 -0.7430960838907271 0
2015 -0.8157325511374574 0.4947181547010823 0
2016 -0.8378589565911633 -0.00691217626744824 0
2017 -0.8539425584864109 0.1374552779458331 0
2018 -0.6388218467812319 -0.3956437760247567 0
2019 0.3728110566745306 -0.8744940003732722 0
2020 0.05539956738465368 0.9168489755852753 0
2021 0.7894969516922012 -0.749408326221416 0
2022 -0.6320977400400123 -0.8628077581980502 0
2023 0.8356122026903698 0.9687232385916666 0
2024 0.004764687175398134 -0.5536784467682645 0
2025 0.2997967506478708 -0.5132456033431292 0
2026 -0.9130859528458383 0.4490494727632169 0
2027 0.8368613679754999 -0.8297168217993393 0
2028 0.2228749757180968 0.2110302887676733 0
2029 0.7208110769660807 0.5303666165352525 0
2030 0.7358905076102092 -0.3136280794758607 0
2031 -0.9647461460036165 0.5030754815546155 0
2032 -0.8666583028755588 -0.544871955125401 0
2033 -0.3549448009723181 -0.269139282822539 0
2034 0.1617660052780958 0.9169378861453263 0
2035 -0.03620727000534821 -0.9162031945572873 0
2036 -0.826160137798396 -0.6061164738407226 0
2037 -0.9018197687208136 0.2734496958250544 0
2038 -0.7207713287943731 0.07760251036409516 0
2039 -0.1964664428206258 0.7823266065976107 0
2040 -0.7066493113834512 0.3003395042434938 0
2041 0.7768718350472565 0.4056041920275918 0
2042 0.4885635852369332 -0.5254116819916674 0
2043 0.02213698540249735 -0.1379370927408454 0
2044 -0.9679420639511769 -0.4765241808375949 0
2045 -0.4209213702239876 -0.4547229217491293 0
2046 0.6724936032356044 0.2778099473589226 0
2047 -0.4082450773986338 0.7695837172744723 0
2048 -0.2375694605885318 -0.566735049470197 0
2049 0.9638747282497131 0.2887058067077586 0
2050 0.8056763639521534 0.07124907137846898 0
2051 -0.1759996065509072 0.6045571032363383 0
2052 0.4661500950146534 -0.6376278570928435 0
2053 -0.4964905191290236 -0.604226804386659 0
2054 -0.8757562285059119 -0.7798302500289882 0
2055 -0.6037480349276055 -0.6627512784126988 0
2056 0.3383762046671224 -0.1376313376986063 0
2057 0.3090783025287168 0.8276325728244146 0
2058 0.9075334778183696 -0.1465699263316446 0
2059 -0.5719473734591872 0.7676753476942966 0
2060 0.9663640309797334 0.8348123091238386 0
2061 -0.7598594857945048 -0.8477181821261048 0
2062 -0.9191792048740623 -0.2322300410502382 0
2063 0.6550672077865705 -0.06354648123120625 0
2064 -0.05597905030490598 0.7583391275660761 0
2065 -0.5650988201079346 -0.2055018871663019 0
2066 -0.6934523881166547 0.3997026183609325 0
2067 -0.5768197333296775 0.1347347619916864 0
2068 -0.6739257305789701 0.8111946960220422 0
2069 0.5061841293447673 -0.4126565376818526 0
2070 -0.1029446254656691 -0.3447587443809167 0
2071 -0.6067371621283602 -0.03832648545465017 0
2072 0.4756779996618783 0.9188784310055151 0
2073 0.158473791513518 0.2932104636292432 0
2074 -0.8482621587503987 -0.4300692406467544 0
2075 0.24212264930286 0.3980366935540024 0
2076 -0.7089354254239604 -0.8481540377736876 0
2077 0.1236167005375221 0.9194223950491017 0
2078 0.5116541233558433 0.4112263731469292 0
2079 -0.7735259165022494 0.2827860371565802 0
2080 -0.4398567095525071 0.7241337202597047 0
2081 0.7631428937442716 -0.2599319626602873 0
2082 0.7716239442298547 0.249943038225609 0
2083 0.2797908719943501 -0.329638087660921 0
2084 0.318799840077413 -0.7493839466426047 0
2085 0.7489308158032943 -0.3732069829552811 0
2086 -0.05501453851395624 -0.8611966788761956 0
2087 -0.0894057170817233 -0.9179087238135306 0
2088 0.5154405680843078 0.2079517576738378 0
2089 0.555487767617305 -0.4421751474358555 0
2090 -0.6922442658329855 -0.4891646565975646 0
2091 0.9696442497489227 -0.7767100613834386 0
2092 -0.5819514368389112 -0.9624780282068117 0
2093 -0.4318850965223116 -0.8570971952084236 0
2094 0.9189835876859663 -0.7154610373775676 0
2095 -0.407413361733743 0.1676572147931753 0
2096 0.9754670893819318 -0.4467595875515907 0
2097 0.2157720375265945 0.8464695242269756 0
2098 -0.5416718023284844 -0.7336070555065721 0
2099 0.8013310143647563 -0.9695639007964584 0
2100 -0.8180338813850754 0.2419692637590756 0
2101 0.964322161364966 0.4367791946260587 0
2102 -0.8824915310903449 0.6565044541442249 0
2103 -0.5831273510355022 0.6359646106399592 0
2104 0.3670141412629377 -0.06220178952895319 0
2105 -0.3884283246870441 0.2375231558730087 0
2106 0.9158907460279649 0.4819273769147882 0
2107 0.815525530561896 -0.2349902245688996 0
2108 -0.8135685854875176 0.03346131558206403 0
2109 0.6801783807345949 0.5079535272141925 0
2110 0.8050783257072303 -0.4272623037953923 0
2111 -0.3021957137614217 0.3712417273391454 0
2112 -0.965593850198649 0.3031053608126921 0
2113 -0.5865847410555497 -0.7362078960623754 0
2114 -0.180089229499804 0.2920467911597738 0
2115 0.150852067315112 -0.3235151630352857 0
2116 0.756000730362975 0.5688632737737853 0
2117 0.6194736637642253 -0.267040482700568 0
2118 0.577151583394241 0.2173047629238253 0
2119 -0.4319393918453934 -0.5005239356285195 0
2120 -0.8644087749594613 0.5368908614073442 0
2121 0.3390055539862092 0.3505639357663107 0
2122 0.7943080037863539 -0.6802010198245805 0
2123 -0.6657438607161379 0.4687751157314824 0
2124 -0.04901194326753474 -0.6382920546003833 0
2125 -0.5189994132601339 0.09951951982365083 0
2126 -0.4278660927843815 -0.2066813355476436 0
2127 0.8667851160412119 -0.3718692239493268 0
2128 -0.5698292285402895 -0.2658975862451605 0
2129 -0.3845231391127006 -0.2486104878946162 0
2130 -0.7574165117047823 -0.01171557236196603 0
2131 -0.7903023695791723 0.6771684251732442 0
2132 0.04546618838367223 -0.3016855825381548 0
2133 0.4829587193452138 -0.7109297267411859 0
2134 0.3870100447571146 0.1315223572212747 0
2135 0.4256457019455454 -0.7853433017551834 0
2136 0.5464797247962615 0.05401243043412417 0
2137 0.2643601170467422 -0.4764715805227343 0
2138 0.7053715353880226 -0.3804392312393287 0
2139 0.3043221084891004 0.02114461483185293 0
2140 0.5547410404637554 0.5056365732019359 0
2141 0.9068440447220281 0.03427341587331084 0
2142 0.2524527440515698 -0.6059999254764086 0
2143 0.9223301564119278 -0.9018096556425075 0
2144 0.7124728078247055 -0.6762290050134745 0
2145 -0.8408094052804316 -0.1844227904694224 0
2146 -0.1078722025524166 -0.3937089128237271 0
2147 -0.2219549604818204 -0.6748095769213049 0
2148 0.5187435376375578 0.8242054591610595 0
2149 0.1748073974360271 -0.1246159525769915 0
2150 0.6945689783935772 -0.5801977035211502 0
2151 -0.4864374799718969 -0.9169974361137724 0
2152 0.518679733085523 -0.6524312359017221 0
2153 -0.1628717003705722 0.8465058057237955 0
2154 -0.7341417728212907 -0.3223040485030401 0
2155 -0.7627044858628965 -0.2343120226599651 0
2156 -0.2873538043441434 -0.5058746960808924 0
2157 -0.4836512085339503 -0.1352582120150495 0
2158 0.6574245608356387 0.05203077429209264 0
2159 0.3318655665248387 0.6572789600527118 0
2160 0.5023613114408747 -0.7664296773754808 0
2161 0.296044582964211 -0.265492716661841 0
2162 -0.3362438761309335 0.3432919998554429 0
2163 0.3048842606322186 -0.3893184209849982 0
2164 0.7301665002314157 0.9212524141077201 0
2165 -0.09043287072950806 -0.5921775953557464 0
2166 0.5114212535489064 -0.4743942910358371 0
2167 -0.15552079682272 -0.4021212213539747 0
2168 -0.08620968209225964 0.9669762243878113 0
2169 0.6680115225032349 0.3309818965562696 0
2170 -0.06018361442796623 -0.8163657294929831 0
2171 0.4250764670494969 -0.1801502690662878 0
2172 0.6849531918506313 0.968462022265937 0
2173 0.4546636460188475 -0.5637026017093478 0
2174 0.5240827641994665 -0.5890418436653708 0
2175 0.3891964698571096 -0.03990990777974019 0
2176 0.4865495666219247 0.8594250177976982 0
2177 0.6038513056625977 0.3330475628143204 0
2178 0.7822058139760409 -0.02157092528922838 0
2179 0.5809504165555236 0.9645860052475355 0
2180 0.5265426734990286 -0.131717457463706 0
2181 0.8018987577132477 0.4886375220691194 0
2182 -0.6948327120375986 0.196257083969647 0
2183 0.1342759373280261 0.113030581095085 0
2184 -0.3626312434858693 0.28588559046846 0
2185 -0.4298500655607566 0.2842981278638383 0
2186 0.3299039146062271 0.003658767878484085 0
2187 -0.8298221141504182 0.3658540879525797 0
2188 0.1298237114488308 -0.3944261158846456 0
2189 -0.9074723448117452 0.5059741381214742 0
2190 0.3978888888909409 0.5735600837293566 0
2191 -0.882793731706627 -0.001516522501061882 0
2192 0.1467149583953614 -0.4331143841036496 0
2193 -0.7322642272394466 0.1891513703844697 0
2194 -0.9658755332095197 -0.5951495064988139 0
2195 0.002117576922200482 -0.8591132759839076 0
2196 0.8452978231309611 0.5095780206381819 0
2197 0.1897620563701672 -0.005068206379079413 0
2198 0.6981253236325144 -0.2032385859347134 0
2199 0.5608870086411684 -0.9659841432968543 0
2200 -0.2163094165648945 0.3867962370652787 0
2201 0.6821700794055908 -0.1179229946842084 0
2202 -0.7986314939489958 -0.2267194134478108 0
2203 -0.5312720704932732 -0.174216547829223 0
2204 0.4473445918617952 0.3706597394201641 0
2205 0.9661742026257834 0.4966952354510941 0
2206 0.8706081685758292 0.4555037398026645 0
2207 0.032705811398143 0.1575339011144017 0
2208 0.9721304800515915 -0.3270899187554286 0
2209 0.7808604571988781 0.5305725255051837 0
2210 0.8067573518632912 -0.774273465006127 0
2211 0.6977939370150815 0.4598972401412556 0
2212 -0.7490674874654907 -0.1807190071126685 0
2213 -0.6140946972364919 -0.4678769409613461 0
2214 0.4739940230087194 -0.02732725844401501 0
2215 -0.3732554371030782 -0.6332455655164667 0
2216 0.8780344830040749 0.3666333932379887 0
2217 -0.7272658225020173 -0.965246251891788 0
2218 0.06811113440517762 -0.7448438790858848 0
2219 0.9191169930268767 -0.4186270482817209 0
2220 0.6058464292239021 -0.7066241103834829 0
2221 -0.4584471502754491 -0.807355118400478 0
2222 0.1795690024133465 -0.9686999200447506 0
2223 -0.8084882503462073 -0.1949695158904357 0
2224 -0.3148071047571144 -0.9637093004429462 0
2225 0.5477841290152629 -0.728809567460299 0
2226 0.4700396792081734 0.2666707357201944 0
2227 0.3106010095424102 -0.05146843187292634 0
2228 0.9190616537894465 0.8129753075382088 0
2229 0.8611698746284729 -0.7452492309312717 0
2230 -0.4987439390624335 0.2318109300552398 0
2231 0.0505689768426876 -0.3500394757222557 0
2232 0.621303954790146 -0.00378824034598492 0
2233 0.4186949648616839 -0.8403270632806958 0
2234 0.7713865545626862 -0.2007716591390637 0
2235 0.5081320042598405 0.4631125089545558 0
2236 0.1069889441676613 0.8196930245919117 0
2237 0.4529622463293316 0.1931101048480289 0
2238 0.5324702723498956 0.006679081865057997 0
2239 0.05759301971061566 0.8591686022583612 0
2240 0.4737210684470972 -0.1220329720525564 0
2241 -0.3334576750500899 -0.4814395747536688 0
2242 -0.9205119712733311 -0.4681829850783222 0
2243 0.7114680309287611 0.1532035033460721 0
2244 -0.8138146478869613 -0.4968236628522757 0
2245 0.9142984233665917 -0.3393308959945081 0
2246 0.5676850264145473 0.2504317837865558 0
2247 0.4095015735662302 -0.2943472844893822 0
2248 0.9049895448462021 -0.1917930731254865 0
2249 0.6137711469586928 0.1074909226043313 0
2250 0.3897893189065226 0.3366384154446957 0
2251 0.6706325568755168 -0.7665111388370858 0
2252 -0.9711252958360146 0.1778109460548294 0
2253 0.3987971397139212 0.7324229786665166 0
2254 0.04840101785580792 -0.02769854654639555 0
2255 0.3212700492869035 0.1731304062481757 0
2256 0.1363983076757348 0.2249174267163719 0
2257 -0.7771767057484014 -0.547494293805724 0
2258 -0.5437203565740469 0.5921928101981557 0
2259 -0.6982341651953228 -0.264702656792996 0
2260 0.23830904971215 -0.6728981704334485 0
2261 0.4538048335689669 0.4262323383724398 0
2262 0.07912455256188369 -0.9653688050051566 0
2263 -0.6290792600485734 0.8496286848315355 0
2264 -0.06593988151218602 -0.3045716393640867 0
2265 -0.1177308409902444 0.4043479171092006 0
2266 -0.8591894165264045 0.2426918338817287 0
2267 0.4945170383924312 0.3703420401192028 0
2268 -0.2058822394237008 0.7283159918641248 0
2269 0.1607404181609104 0.8588682919769287 0
2270 0.6369410957447252 -0.4028936072670378 0
2271 0.274410702089296 0.4236966801737785 0
2272 -0.5926665868672729 0.4583626551158974 0
2273 -0.9772353495847816 -0.05992704841555625 0
2274 -0.5203296102189789 0.9646435504034926 0
2275 0.6898228384606678 0.8231408105495391 0
2276 -0.5407120384649255 0.1959750375727344 0
2277 0.9668791121525313 -0.1808201004639304 0
2278 0.3398779620435077 0.7306477805186244 0
2279 -0.5405782590995775 -0.6305789017588692 0
2280 0.4873306313696599 0.320047460371334 0
2281 0.04036374940321636 -0.5630558758712109 0
2282 0.02066671855543241 0.7981705698494759 0
2283 -0.5642613907023005 -0.6113011446576723 0
2284 0.7387422762355639 -0.5274800382995056 0
2285 0.4381316282409273 0.6296472639366331 0
2286 -0.5043710826245648 0.3813266143961833 0
2287 -0.6268076757135184 0.7867179041964663 0
2288 0.4857199466255827 -0.7902519667943275 0
2289 -0.05325487126243629 -0.3819114320649457 0
2290 0.9702427830870004 0.9211374273684465 0
2291 0.07374503695153864 0.8171910876025058 0
2292 0.02014860699207545 0.3161729404592518 0
2293 0.5444772983901086 -0.2393369401611689 0
2294 0.1989590950123044 -0.4797414527258066 0
2295 0.5896180289976291 0.4457812631911697 0
2296 0.6184051019894049 -0.2043309573765399 0
2297 -0.5822642599202386 -0.852224329587478 0
2298 0.2742340407852649 0.3596237835906797 0
2299 0.6491403274320153 -0.2225915098609557 0
2300 0.4154004528036683 -0.4561681844654661 0
2301 -0.1820896914736019 -0.7177389646065074 0
2302 -0.7666768969964129 0.0813122787854635 0
2303 0.6251416855455268 0.9686962841264708 0
2304 0.335223319595895 0.8624669166273691 0
2305 -0.2246932778292063 0.5089048486061062 0
2306 0.7365674754411964 -0.161192127648122 0
2307 0.5202704904634108 0.9668221347750461 0
2308 -0.248173376429325 0.4153209289075886 0
2309 0.6382445567351142 -0.1577513872922092 0
2310 0.9079980204608875 -0.8370902040159595 0
2311 -0.1269625083427343 -0.7303996882377948 0
2312 0.3736468327393334 -0.4598078473292545 0
2313 0.1546934264531744 0.807503296545078 0
2314 -0.3871547944744433 0.3279724915362936 0
2315 -0.5983458097996907 0.1942438587244636 0
2316 -0.8951542352234634 0.8311653386030025 0
2317 0.1016780053020913 -0.3474838859105803 0
2318 0.7790770458698393 0.6865378432754485 0
2319 0.646344063084904 -0.6908317031296942 0
2320 -0.4692733769700703 -0.3608174711705281 0
2321 0.91859304171362 0.1706286410589083 0
2322 0.7325133645387382 -0.9262816096689964 0
2323 -0.4943593340060433 0.2833242981342893 0
2324 0.414820500623966 0.782458360636112 0
2325 -0.2522843460592664 0.6262046996622009 0
2326 -0.9274337204238401 -0.5356200651481383 0
2327 -0.1921542533429539 0.6555400397325343 0
2328 -0.1507084012614838 -0.648728702405086 0
2329 0.01228506975825064 0.102752919655939 0
2330 0.6268574943440564 -0.866178586636462 0
2331 -0.6107083850704252 -0.919146339171089 0
2332 -0.15131823317995 0.8734239630805665 0
2333 0.3739509997927098 -0.4050758425031311 0
2334 -0.1248374742948087 0.920256021937723 0
2335 -0.4902493165051126 -0.01303163689522794 0
2336 -0.2124937428207463 0.5655744902401484 0
2337 0.7974405331614404 -0.6101324470965965 0
2338 0.3103277251114369 -0.6219333977915461 0
2339 0.6137069141028691 0.2711038707927927 0
2340 0.2415876056398069 -0.3011531320580163 0
2341 0.3111296567076609 0.3963121998700696 0
2342 0.4017187195568598 -0.9640485748388972 0
2343 -0.6551317315057487 -0.1489759099034937 0
2344 0.2276954978522103 -0.04599845515891694 0
2345 0.5503936296775924 -0.8646537035089854 0
2346 0.9695235159766449 -0.8332551570219489 0
2347 -0.2079615359378695 -0.9665920649946304 0
2348 0.1372995286206107 -0.07669559806792153 0
2349 -0.6758344337402151 -0.3692411466899868 0
2350 -0.5474802140907541 0.2752363500983982 0
2351 0.4826192706516184 0.02794792252485891 0
2352 0.4468890843006237 0.03430435720370281 0
2353 0.07013713334381508 -0.9134719037727119 0
2354 -0.9285481854228441 0.5625055709227542 0
2355 0.8589438176422942 -0.47047523601394 0
2356 0.5677951486245 -0.1814954707472603 0
2357 -0.3828416305905688 0.8764501075962784 0
2358 0.7391130982857173 0.5050512771107042 0
2359 0.8101179504999588 -0.7160187545006222 0
2360 -0.3593606494714672 0.6159779519112769 0
2361 -0.8682390395436785 -0.4852856081620933 0
2362 0.6197495273140861 0.2096943624602238 0
2363 0.8693909241688047 -0.2001154964118036 0
2364 0.2032443956241772 -0.2497025591772126 0
2365 0.9688575038907623 -0.9275290793685187 0
2366 -0.6901476701239988 0.3629585295358121 0
2367 0.9665616906224207 -0.7264977188281798 0
2368 0.2563583601016941 -0.5496316316055978 0
2369 -0.3166789674070129 0.7130060416958971 0
2370 -0.9696323286974715 -0.7470673145350938 0
2371 -0.4256749644921602 0.2098635935454871 0
2372 -0.7621486157172591 0.3525414817366074 0
2373 0.0336169382970942 -0.5031919716905429 0
2374 -0.9677371839450355 0.7420178521153864 0
2375 -0.6308747669503896 0.3796717988966283 0
2376 -0.7840560082031767 -0.9689576333163465 0
2377 -0.443113350148916 -0.4341429994289753 0
2378 -0.2044242000695422 -0.5663899755208494 0
2379 0.03445052784811452 0.04536835611234837 0
2380 0.6136755040027282 0.06344643845043937 0
2381 -0.9665163102919425 0.07873777981277205 0
2382 -0.114379544671412 0.8205258194887277 0
2383 0.6351411261697225 -0.1077379378790351 0
2384 0.7048992870268544 -0.851965029532991 0
2385 -0.3721252626125177 0.9642498672941039 0
2386 0.3915558888769211 0.8837714422066295 0
2387 -0.5699711544986455 0.9711587739290108 0
2388 0.1143027284392993 0.8660464911932845 0
2389 -0.09548286915437856 0.3789699309563131 0
2390 -0.3742074228194288 -0.4380984989176579 0
2391 0.4450387722691871 0.1402809252010693 0
2392 0.8490827181702821 -0.1757603315232675 0
2393 -0.1535834863771711 0.4624577347201504 0
2394 -0.09939575580439886 0.8514469542839751 0
2395 0.6490173812581506 0.1150820500285425 0
2396 -0.7417704045373457 0.4953720539627318 0
2397 -0.5356038824952134 0.6547698559841344 0
2398 -0.6958457059570925 0.5250343869222054 0
2399 0.7281266231201818 0.4448184521257122 0
2400 0.4267651291564813 0.5671145917002048 0
2401 0.8399145897307189 -0.6432697143725488 0
2402 -0.2990414165795363 -0.9152129669845523 0
2403 0.2110239023272658 -0.7428136050880429 0
2404 0.9200098057557929 0.748978993742296 0
2405 0.8009580170103118 0.3032380912951595 0
2406 0.2680251887022588 0.9700472297489116 0
2407 0.6633827208215016 -0.570631823055865 0
2408 0.3936116109107152 0.7595933034808865 0
2409 0.07416348750969584 -0.09695429815662429 0
2410 -0.05271510056691985 0.4110381862701166 0
2411 0.6725211212845886 -0.9200975240876266 0
2412 -0.5317530596263662 -0.8188197124373933 0
2413 -0.6513300044067918 -0.6814851618152108 0
2414 0.08630411192179002 0.023982095263163 0
2415 0.4182547450798126 -0.6387994319827167 0
2416 0.8439621996618288 0.6861514424522966 0
2417 0.1206897618561782 0.3598232077336734 0
2418 0.08922562493876655 -0.4574133597788496 0
2419 0.2128079744046951 -0.3188385639408333 0
2420 0.2364154249184157 0.776361596337183 0
2421 0.9616727381605792 0.01232844927928756 0
2422 0.8422473062193561 -0.0355157375195819 0
2423 -0.6949832751045607 -0.6918261914228554 0
2424 -0.6975459836819616 0.001806351706021794 0
2425 0.3044096213800092 0.7797691014742405 0
2426 -0.6271253779811167 -0.6075273298944345 0
2427 -0.417149848288495 -0.2683946439331889 0
2428 -0.5633171744373947 -0.6783951296122042 0
2429 0.1980032267039915 0.04297292686929127 0
2430 0.3076612662153339 -0.08496936167855576 0
2431 -0.3276692483711625 -0.8865675480665074 0
2432 0.6893650796800962 -0.0242642288681056 0
2433 0.54291232028717 0.8755496812323637 0
2434 -0.6646774085613466 0.3491470941126603 0
2435 -0.7363438619136792 -0.4328059007337681 0
2436 0.06766898371920696 0.3511897646055141 0
2437 -0.565299342484089 0.3031283781952593 0
2438 0.2173251118267885 0.1027999327634546 0
2439 0.1963747385321801 -0.06748989171302197 0
2440 0.854860072838763 -0.5190343594607993 0
2441 -0.8562237658667317 0.7129395481078074 0
2442 0.128965336573118 -0.8280319679022814 0
2443 0.9685996751407753 -0.5333442712304346 0
2444 -0.8631463765667162 -0.9716694493110186 0
2445 0.8274847950488785 -0.1122914509620618 0
2446 -0.9236133803596707 0.0711610984766633 0
2447 0.2462615924635459 -0.3651791952280987 0
2448 0.3852378122724022 -0.2337418269701751 0
2449 -0.1108133304539775 0.5000413012644311 0
2450 0.2010933734830674 -0.5590302019570346 0
2451 0.179896203670871 -0.9242933808902996 0
2452 -0.2124896665865794 0.4559939105093936 0
2453 -0.4496494417356424 -0.2357975145798239 0
2454 -0.2208029142333669 0.8922937184254016 0
2455 -0.9230929860932759 0.235046002603648 0
2456 0.966902048843466 -0.3770646866675316 0
2457 0.2661644908052691 -0.879923159900276 0
2458 0.9649189332724073 0.7287313206604761 0
2459 -0.5629891837343047 -0.4765887332166405 0
2460 0.5378249826094275 0.4653585506376302 0
2461 0.368125445918156 0.4899864080453701 0
2462 -0.4382687575691947 -0.8865201675174884 0
2463 0.5748386079955006 0.9317813547380047 0
2464 -0.9036578080996087 -0.8392448120225118 0
2465 -0.663786242810156 -0.8263656179448209 0
2466 -0.9669146369246688 0.6054871276788859 0
2467 0.2009988877970268 -0.1001928072425534 0
2468 0.8604128850347703 0.1269449649784102 0
2469 0.6667019087500011 0.9239607415813555 0
2470 -0.9238115192408934 0.6267564238921427 0
2471 -0.8122019388637048 0.5479003324406431 0
2472 -0.3331063005669688 -0.6390905855458713 0
2473 0.7050402503285557 -0.09587909424042111 0
2474 -0.5681543010794272 0.8649437571784078 0
2475 -0.05605870707738658 -0.4306398824271676 0
2476 -0.8685728752506521 0.2152083376768215 0
2477 0.1971291861831826 -0.4066086479618296 0
2478 0.3928458275476722 0.03592525948443839 0
2479 0.4679823917502166 -0.09223916208103006 0
2480 -0.9220152340604231 -0.3598713189552843 0
2481 0.336255632289941 -0.1062470947442595 0
2482 0.2553902724639025 -0.7239270993996194 0
2483 -0.0381709878851194 -0.4889349955517987 0
2484 -0.7200391001190148 -0.1184798188946274 0
2485 -0.6207607850628267 0.2853225763908143 0
2486 -0.9124915318210745 -0.5849646998928004 0
2487 0.8984443504403912 0.5252146746374852 0
2488 -0.9217718776388609 -0.6393838115383926 0
2489 -0.4745622074803199 0.1912090231381295 0
2490 -0.8086811317429414 -0.7006998460886287 0
2491 -0.7122157058559466 -0.5208639783205382 0
2492 -0.4405688665259894 0.3986376361288133 0
2493 -0.5414019121671348 -0.2499423525939756 0
2494 0.3646676818325144 0.9199767080369705 0
2495 -0.9717663602201785 0.1221834544792747 0
2496 0.2712726452471738 -0.002080788239661641 0
2497 0.5922209151471547 0.8391271387906321 0
2498 -0.5870511377848356 0.4014272941456702 0
2499 0.6009362244835632 -0.494709733721178 0
2500 0.69557798076927 -0.9677555173921533 0
2501 0.1716863170324283 -0.5322668450463801 0
2502 0.1177108633343319 -0.132636467366993 0
2503 -0.8600080014411254 -0.7259638817060292 0
2504 0.9674358415314539 0.2562398907445008 0
2505 -0.5817985430072807 0.04763354552824804 0
2506 0.9344961100992543 -0.7803638539044258 0
2507 -0.4287227078837793 -0.601773834669198 0
2508 0.5573645858020362 -0.5432297588667855 0
2509 -0.7897677358487034 0.1632046339318975 0
2510 -0.7843116001769289 -0.1738299477979202 0
2511 0.1006340342520321 -0.5566230037886293 0
2512 -0.3486795660509803 -0.7822400959383224 0
2513 0.2874852951920745 0.7261001856974898 0
2514 -0.2310004832100432 -0.3001478526922957 0
2515 0.6846996135776102 -0.2660302792582059 0
2516 -0.6105236757661593 -0.3619422117639953 0
2517 -0.4795039009686148 0.5706316580607096 0
2518 0.2113470391973302 -0.3538498864215081 0
2519 0.5605313674369397 -0.9273936888462595 0
2520 -0.04198887873637677 0.8675762679376443 0
2521 0.3628379303156458 -0.521075364764556 0
2522 -0.7318741314933905 0.135173801363018 0
2523 0.3748819222171196 0.550951387727824 0
2524 -0.0521567945741703 -0.7066756813858174 0
2525 0.7981571543075685 0.7862089031087635 0
2526 -0.8147510660219783 0.7458166714683038 0
2527 0.8058266785345156 -0.3575216386277179 0
2528 0.2634021068973589 -0.2649582105725297 0
2529 0.9694971997919202 -0.06094729391572763 0
2530 -0.4737532626471154 -0.4836179397351906 0
2531 -0.711223843956609 0.252092498103946 0
2532 0.2730793041780061 0.8643100315097092 0
2533 0.8260494528687879 0.2387537036012215 0
2534 0.9275202328961296 0.6930895726108572 0
2535 -0.7377175850463871 0.8305735958557094 0
2536 0.9329628937749919 0.4414496225343597 0
2537 -0.7598555581092142 0.5433974764227784 0
2538 0.5335184531655545 0.9228739107917013 0
2539 0.1806132060885962 -0.8172024225282409 0
2540 0.37918814874206 0.8634258652489044 0
2541 -0.2287805036914737 0.2939411703200968 0
2542 -0.009907435479951581 0.383480066325713 0
2543 -0.5917716000840667 0.5542523077298153 0
2544 -0.1564427821050575 -0.8215437696565893 0
2545 0.422044253812565 0.08481091637363332 0
2546 0.4917753229203042 -0.8819485243152438 0
2547 0.5699156155044206 -0.02259692916225637 0
2548 -0.7050166714314442 -0.386718852583632 0
2549 -0.5723288073778638 -0.379057034001032 0
2550 -0.5198783916174547 -0.3952326581337318 0
2551 0.1425759075900078 -0.1094410669783635 0
2552 -0.7352292099727127 -0.2213605498770976 0
2553 -0.8225483121641863 -0.2688435015820795 0
2554 -0.735709771749218 -0.06569083718093449 0
2555 0.0172467718971076 -0.704794194077253 0
2556 -0.6950222635267111 0.8455442048336277 0
2557 -0.7103756997887867 0.9692707880089571 0
2558 -0.5737763370799764 -0.0737071791706958 0
2559 0.5402894048365803 -0.3675238469932967 0
2560 0.05908646758346953 -0.6879728467495527 0
2561 -0.2225603193899761 0.2387442484042059 0
2562 0.7972807091540527 0.834239532861077 0
2563 -0.2591020041054625 0.5246487704811287 0
2564 -0.6643655054103477 0.4167023927383325 0
2565 -0.3884125168372402 -0.7169789670851078 0
2566 -0.6936793129701091 -0.9703716959699731 0
2567 0.1661441202248078 0.1299513861710935 0
2568 -0.1129769779916483 0.2148916167144044 0
2569 -0.915438166879911 -0.2901213675169373 0
2570 -0.6126945896375867 -0.5743580180162171 0
2571 0.3802350363013927 0.5210945439474224 0
2572 -0.9093989940550453 0.7347716055652103 0
2573 -0.2677435556988641 0.8789908266510343 0
2574 0.1330404377381815 -0.9176834437261819 0
2575 -0.5585191234976592 -0.01338229953278066 0
2576 -0.5181647467234827 0.9281695458351231 0
2577 0.9297993302122014 -0.2255392919385231 0
2578 0.7428312473728307 -0.4801531951496263 0
2579 0.6951061045675287 -0.4756241894643101 0
2580 -0.5822899086862215 -0.3187447815924725 0
2581 0.5364055562182226 -0.6213979925715869 0
2582 -0.7935371322572793 -0.7455869410730857 0
2583 -0.2830508165380445 0.6087358186069044 0
2584 0.3036587819393518 0.4656717701465043 0
2585 -0.2548566026891174 0.5612164093326708 0
2586 0.127112115743531 -0.1665880810356161 0
2587 -0.2419316655545403 0.7850529538791985 0
2588 0.7745367784749737 0.465227681378853 0
2589 -0.848602123252267 0.3011875097438944 0
2590 -0.3597304992466432 0.4622950024351956 0
2591 -0.09784487543063927 -0.6812630140922753 0
2592 -0.6841134696036379 -0.3291542851806198 0
2593 0.4628371814652256 -0.6837896248556239 0
2594 0.7149890822849512 0.8738446259300834 0
2595 0.9219903850426512 -0.3872384532572345 0
2596 -0.3818167931961619 0.4820821590656351 0
2597 -0.8832191397304697 -0.05215355046359763 0
2598 0.9171774770337727 -0.08024492879946983 0
2599 -0.3698932971183019 0.7118358469996533 0
2600 -0.1229330617865145 0.5717499784898513 0
2601 -0.8092416238568811 0.9736671461944627 0
2602 -0.6467006536449541 0.5361166537658051 0
2603 0.3339213245480415 0.5988276760765177 0
2604 -0.5523574282608008 -0.571936147903352 0
2605 0.9151160917908511 0.09301477976968477 0
2606 0.2766979487810129 0.2702178401352663 0
2607 0.7444720454707907 0.3037430808801457 0
2608 -0.4662475941779364 0.7323816052645542 0
2609 0.09794353222539472 0.06022125354745374 0
2610 -0.5806624594131138 -0.8252741365263904 0
2611 -0.5172472014984454 -0.3090432059412532 0
2612 0.647117466436271 0.1630230830949156 0
2613 0.9038937924818458 -0.9279668628161942 0
2614 -0.5147365311173115 0.7043227279373107 0
2615 0.6348691442441508 0.9275736649873131 0
2616 -0.3937047563171289 -0.9689988424492091 0
2617 -0.4446612620911464 -0.3031658776535806 0
2618 0.4401896403084088 0.6880684637632388 0
2619 0.3833756580126603 -0.3426466424347013 0
2620 -0.6074409739855715 0.08774591593387594 0
2621 0.5575684516599245 0.4427381380443385 0
2622 -0.3346833344024689 -0.3329699187295292 0
2623 -0.671953505891618 -0.5556158137280245 0
2624 -0.008627149322450792 -0.2907018193075033 0
2625 0.4175911876626956 -0.2316370161794397 0
2626 0.2666678518052714 -0.5788836818577591 0
2627 -0.8444948642573746 0.4921652108153099 0
2628 0.9707586326704221 0.5949319518385384 0
2629 -0.8611804563461566 0.4638641820762392 0
2630 0.3280011339199658 0.9722514142354159 0
2631 0.458363922773475 0.750407012374707 0
2632 -0.07854471882821749 0.7791267759007426 0
2633 -0.2665847181469967 0.7229840693459244 0
2634 0.896952972944559 0.003518757755407186 0
2635 -0.06716614682558968 0.1821191334498093 0
2636 -0.1865301191225033 -0.5371650679349138 0
2637 -0.6072521668913101 -0.2121791358030377 0
2638 -0.05389328106487205 -0.5715107902131058 0
2639 0.2974962974947932 0.3718900961233639 0
2640 -0.7670799566544347 -0.1153468872678111 0
2641 0.9217060961199857 0.2345526030508841 0
2642 0.2900540055957431 0.9252372750227934 0
2643 0.8672695022506118 -0.693721998967097 0
2644 0.5282348266169054 0.1158153283117494 0
2645 0.7389211851968414 -0.2812398861127571 0
2646 0.1794591171162887 0.3110711718538453 0
2647 0.9299487355694782 0.06117389599648911 0
2648 0.2221408967162884 0.2826465801139054 0
2649 -0.4420615195953798 -0.5713129653368366 0
2650 0.2930960445515161 -0.1482684873577157 0
2651 -0.867956315061792 -0.2268533974205981 0
2652 -0.210610083213832 0.8472865818112255 0
2653 -0.9673281703468423 0.7919965632571584 0
2654 -0.7285391250027529 -0.7363241118480652 0
2655 -0.345266646828785 0.8362527201809317 0
2656 -0.6319133024928 -0.2975956016256081 0
2657 0.5344688100826139 0.2619792000782705 0
2658 -0.8247628011838037 0.6913613792181221 0
2659 0.8123820063251848 -0.8420478820292207 0
2660 0.9718549786324435 -0.2390896715398763 0
2661 -0.916716016489068 0.1273787179018941 0
2662 -0.2323761536753784 -0.7430687014476112 0
2663 -0.974499511561537 0.421765992858919 0
2664 -0.9246143704679124 -0.973230265143059 0
2665 0.06541098627177012 -0.1538400453702563 0
2666 0.4771054677361924 -0.3048723880420658 0
2667 0.5217813856142359 -0.8279133912681623 0
2668 0.4115534302172487 -0.5078833193730181 0
2669 -0.1730379872809717 0.4948538846424133 0
2670 -0.757128882699461 -0.2683903021495889 0
2671 -0.8194833427752694 0.1874426095718601 0
2672 0.6622878334188133 -0.4292707057400355 0
2673 -0.9678271320984531 0.2261235271023203 0
2674 -0.4965093177269 -0.220515170640614 0
2675 -0.4834122200666152 -0.3323431060583513 0
2676 -0.7907547841816931 -0.05763612170014203 0
2677 0.173848358136694 -0.6317717610391618 0
2678 0.3382614329843335 0.1262264824124104 0
2679 0.3358086604056125 0.27805554615544 0
2680 0.3840394824462156 0.9730800345285859 0
2681 -0.6290539044939656 0.1375911386764794 0
2682 0.9745580591885413 0.150351848549393 0
2683 -0.3211295862568584 0.8588718495162957 0
2684 0.971488404620775 0.388432645678262 0
2685 -0.6862089872034041 0.7549089468072495 0
2686 0.6675359848029201 0.8751152923516927 0
2687 -0.3143095946284861 -0.8526358101740839 0
2688 -0.4019808314814468 0.5604871424027003 0
2689 -0.2863409986761529 0.2858721462085669 0
2690 0.05335535531671946 0.2743341912211876 0
2691 -0.9022396654673805 0.4778057947073064 0
2692 0.03438184769918048 -0.7872288871534971 0
2693 -0.08433761753301494 0.3129749893232195 0
2694 0.006029249958164122 -0.6205853783354232 0
2695 0.7807137770995241 -0.3835693252252986 0
2696 -0.3236239965906333 0.2641933283395941 0
2697 0.9264089071959025 -0.5502617623921329 0
2698 -0.6593933937484737 0.9183167196196008 0
2699 -0.5956633926684558 -0.154760514582919 0
2700 -0.4075014092582145 -0.4801836551077538 0
2701 -0.6008467121043962 -0.4269860329340113 0
2702 0.01697113778245287 0.266741883649304 0
2703 0.5936085896727648 -0.8150785526736841 0
2704 0.1820407838154636 0.3710635192790283 0
2705 0.8649572404762027 -0.8688103243229973 0
2706 -0.8625834858124364 0.6016623786544721 0
2707 0.6313134027758152 -0.04089415388940912 0
2708 -0.8141267934996972 -0.571430911814277 0
2709 -0.5138343374716662 -0.5176468023255385 0
2710 -0.3244185358402244 -0.3830346730274681 0
2711 0.3890592453260159 0.2141954886710173 0
2712 0.5920267775682312 -0.9129207776050318 0
2713 -0.08751938489253754 -0.8725646963840827 0
2714 -0.5916151218920064 0.4863533267263267 0
2715 -0.6596456513460367 -0.4365799556732895 0
2716 0.8458780853401437 0.9214316897258834 0
2717 -0.01243143630976812 0.1960035351907571 0
2718 0.07993089934726667 0.1367665861263663 0
2719 0.2192450235135318 -0.01628307605249987 0
2720 0.2836298163019041 0.1148771688677777 0
2721 -0.6278054574487849 -0.05725807714783619 0
2722 -0.04011086353558783 -0.5209830281483487 0
2723 0.2793646143887183 -0.03594640566661653 0
2724 -0.1811547618027253 -0.6414266021470589 0
2725 -0.2642517630326056 -0.9700216626825583 0
2726 -0.3699536042767151 0.389573390489714 0
2727 0.8583028691209895 0.6165097216224502 0
2728 -0.1006755435434407 -0.5042348920846629 0
2729 -0.7389343814396874 0.4622354331075418 0
2730 0.9185799360804892 0.5823447111307685 0
2731 -0.6132968592475879 -0.5112542136018862 0
2732 0.5915246161596667 -0.5908884917571177 0
2733 0.3596046544266027 0.8080100639578839 0
2734 0.7207995062193011 0.367420822532896 0
2735 0.4806315510326057 -0.3747301269575639 0
2736 -0.7671552626528342 -0.6445609538109286 0
2737 -0.4118893478691734 -0.5439773705464465 0
2738 0.3840688274416704 -0.08844170283125666 0
2739 0.3273912582842202 -0.1894352927737274 0
2740 -0.4819882410978826 0.5095557205864547 0
2741 -0.5469130223938035 0.4482545803552214 0
2742 0.5750578593375624 0.8782891949719004 0
2743 -0.7612910011069852 0.9675086679842421 0
2744 -0.7565180967027654 0.9338089880690088 0
2745 -0.1599391636934727 0.3545706202892481 0
2746 0.268679219945059 -0.9734134875092786 0
2747 0.9678739777934966 0.6449508476369912 0
2748 -0.2455996735468364 -0.5181639602617766 0
2749 -0.02141695111916532 -0.1989557416968632 0
2750 0.8114091293263378 -0.08577207829307375 0
2751 0.06942629115301002 -0.2565770288876912 0
2752 -0.07921145484425321 -0.6259880439839407 0
2753 -0.7124567473948975 0.4474462924947007 0
2754 0.7038710179853634 -0.3198008924659535 0
2755 -0.386689238599069 -0.6632338695797042 0
2756 -0.1503147549719626 -0.5865804891579753 0
2757 -0.8909954957178534 -0.6715227623904054 0
2758 -0.6237026195571718 0.9719263342102145 0
2759 0.6361183950910447 0.4990789305030399 0
2760 0.8128678349820637 0.1675871088951346 0
2761 -0.829890639708445 -0.9262309304048355 0
2762 -0.9688647800896477 -0.2533725183991424 0
2763 0.3808628567147443 -0.6977171604416548 0
2764 -0.8486582341984641 -0.05766325448446375 0
2765 0.4896367611505268 0.2898367031457699 0
2766 -0.2979019829966144 0.9705820698747774 0
2767 -0.7966920858569945 0.7972130457603132 0
2768 -0.5741112147398643 0.6047224912257738 0
2769 -0.129633028864823 -0.3230837327621197 0
2770 0.03655065584981222 0.2153057826006109 0
2771 0.4130491938213938 0.2581931630795736 0
2772 -0.01561690321639696 -0.3383907692275022 0
2773 -0.2426193255636115 -0.6244831064385213 0
2774 -0.5561991295067001 0.8198112353649839 0
2775 0.9699078371844554 -0.8697244233959045 0
2776 -0.8706425364849271 0.2699677795396489 0
2777 -0.366202979898128 -0.6939897723919914 0
2778 0.4322805606303115 -0.9651427614630368 0
2779 0.8788719653764783 0.7750705649053033 0
2780 -0.2749639063520221 -0.4220625684501974 0
2781 -0.1647742811830583 0.9682510580314261 0
2782 -0.8865979550202391 0.3751965474088192 0
2783 -0.9693190424252007 0.8762405664742522 0
2784 0.4107357815545287 -0.9012249481293176 0
2785 0.6911939054504066 0.2298169025385125 0
2786 0.4697164242921753 0.1210688082610896 0
2787 0.5775376717844797 -0.8603581832640852 0
2788 -0.290784252757622 -0.8016909972274646 0
2789 -0.9378859721115886 0.1746098762074353 0
2790 0.8104718270659461 0.5931908651258233 0
2791 -0.8777712119505668 -0.1396480699386849 0
2792 0.1640920667605973 -0.02505408586813799 0
2793 -0.8670731384335708 0.04958716079263331 0
2794 0.9707689964487183 -0.2718352010488942 0
2795 0.850251808148295 0.2561512979808038 0
2796 0.06584891275481879 0.3208629520456739 0
2797 0.8758913809660954 0.9186295735450252 0
2798 0.9043962833498356 0.2765247758099135 0
2799 -0.969580074666582 0.7068518884362808 0
2800 0.9139957395756554 -0.8705823738084133 0
2801 0.7695452384794428 0.970864290411447 0
2802 0.2933997817089614 0.05403548850378581 0
2803 0.4871297756204391 0.1828579771146605 0
2804 -0.4381009103434386 -0.7500362134174915 0
2805 0.4308551537400611 -0.2717086327158518 0
2806 -0.01500316142428269 -0.5768631961121747 0
2807 0.2122484662061509 -0.7689828180375839 0
2808 0.36807692413066 0.3853179121936881 0
2809 0.862368246014075 -0.06088779089550574 0
2810 0.9704719679501155 0.9703448289467849 0
2811 0.3018265081272302 -0.3148401570352316 0
2812 -0.812814065153679 0.4409069119598448 0
2813 -0.2837608194528422 -0.6773053932849825 0
2814 -0.8439942705898337 0.6532207712045496 0
2815 -0.9218514284270505 0.03747274081976659 0
2816 -0.8104352863721337 0.264689711660797 0
2817 0.9740670168480086 0.8690529441421481 0
2818 -0.02498067764943541 0.7678550864582956 0
2819 0.9208909594682253 0.6421164995222824 0
2820 0.1586544693787996 -0.7234537390080308 0
2821 0.8387627465323111 -0.5817173828411251 0
2822 0.878957636143884 0.4295492546459553 0
2823 0.02803746609531739 -0.1108713459075421 0
2824 -0.3789278692441471 -0.8643691463288143 0
2825 -0.5741284526103293 0.9356744189325183 0
2826 -0.972833407828976 -0.8030841411856778 0
2827 -0.9151815801612855 -0.7476129849315877 0
2828 0.5901814518993683 0.4986713908818568 0
2829 -0.5801716708857714 0.7044302933256856 0
2830 -0.6222775132527412 -0.1080487272064613 0
2831 0.1798425599682262 -0.4310839302969756 0
2832 -0.3033742159831024 -0.54008895591299 0
2833 -0.5914780453995188 0.01806330938491709 0
2834 -0.4768800415726809 0.9723308165786279 0
2835 -0.4179383250098988 -0.7077286173011974 0
2836 -0.3531186674829138 0.8967139245096325 0
2837 0.5625655970038742 0.07854895093540452 0
2838 -0.06828189289457785 -0.2425421533222452 0
2839 0.745337657578132 -0.4309830290380053 0
2840 0.2148070104218173 -0.6336782833351711 0
2841 0.4231388106958008 -0.3732981571846781 0
2842 -0.7351162195608427 -0.03182373720761322 0
2843 -0.3104078403381564 0.5606234334223538 0
2844 0.8841778735452173 -0.5678832966703758 0
2845 -0.4276850395934967 0.8819301601513995 0
2846 0.9711686644160311 0.2053484698239108 0
2847 0.2841098499822781 0.8356736284742223 0
2848 -0.2840494225969216 0.5778561585927666 0
2849 0.7389366043464706 0.2545513006226752 0
2850 0.8490152359064733 0.7698067043025789 0
2851 0.6215287367219233 0.8887276224660714 0
2852 -0.2645121665966487 0.6689646060829691 0
2853 0.5377770323458289 0.3302775102403482 0
2854 -0.4861859059611756 -0.07725295202445479 0
2855 -0.7364764962080861 0.6703837671848201 0
2856 -0.6797621765535332 0.3014393268820656 0
2857 0.407445399071603 0.625795439517008 0
2858 0.248733179550208 0.0143539610100051 0
2859 0.07966282330603476 -0.02228675481522422 0
2860 0.8011618631074687 -0.1597257630583545 0
2861 0.311780819595311 0.1032623893827554 0
2862 0.107474960762515 -0.8780721256243947 0
2863 -0.6776111584504176 -0.926880254957988 0
2864 0.4500551262805164 -0.3306746315709619 0
2865 0.4170252367388799 0.1222018356887327 0
2866 0.1427997065593464 -0.9699147063170394 0
2867 -0.9196974877187588 0.8824197183314518 0
2868 0.01462446271432349 -0.8856741342111756 0
2869 -0.2268955239420161 -0.4691632861825656 0
2870 -0.7693869780534117 -0.9130559688024374 0
2871 0.6566570502637574 -0.5261880786280979 0
2872 -0.4283573922616632 -0.4034524676070148 0
2873 -0.7016863689104179 -0.7237270407620292 0
2874 -0.8223266336862224 0.124705660977972 0
2875 -0.8144700456272536 0.0881830209115043 0
2876 0.2944924599378288 -0.4514549988467583 0
2877 0.9220375309018017 -0.6846304566331252 0
2878 -0.61430479527945 0.8086629310026167 0
2879 -0.3672492291701402 -0.8353451275331718 0
2880 0.9252407476437852 0.8729977131950273 0
2881 0.4029685766272968 0.6673393616288431 0
2882 -0.06060919930142852 -0.97221084428805 0
2883 0.3582878272534805 0.6563085871370786 0
2884 0.5977600836688003 0.01397586640864693 0
2885 -0.06933919046209548 0.3706973179299611 0
2886 0.5912884975766987 -0.2024785012753167 0
2887 -0.8785379597439247 -0.5728362031443033 0
2888 -0.3507700772339589 -0.5674047192527094 0
2889 -0.2837080768700065 -0.7715801186698464 0
2890 0.4934707094857399 0.1556556360204726 0
2891 -0.9749026529841934 -0.3862128502347643 0
2892 0.06800056508284877 0.886379727712467 0
2893 -0.0103934850562783 -0.9697233851377176 0
2894 0.1416677794092888 0.05402110642061423 0
2895 -0.8370243672773963 -0.7053006528108015 0
2896 -0.7616862422171622 -0.6986633308696281 0
2897 -0.8981022042984466 -0.3891684459776433 0
2898 0.4845744263057546 0.7880517208285716 0
2899 0.3594449050175507 0.7073705417956516 0
2900 0.8998193223428308 -0.3657006808981427 0
2901 0.4991949033242198 0.2342381421803803 0
2902 -0.69867187243986 -0.1712509425029885 0
2903 0.3344612778795965 -0.02517452151530187 0
2904 -0.3133314950489151 0.6521288088857334 0
2905 -0.03946617064474425 -0.6635529486551748 0
2906 -0.3317374415017088 0.8045581315850339 0
2907 0.4239372918070603 0.8357667499780425 0
2908 0.04295262721597629 -0.5982590896599798 0
2909 0.3704212074165082 -0.1476117128234075 0
2910 0.6217457118088476 0.8381663154279463 0
2911 -0.9682538743720367 0.9689556551871754 0
2912 -0.5293472767770605 0.4703985693062795 0
2913 -0.2738979902641765 0.2327455166714779 0
2914 0.9673267879141918 -0.5856463485156296 0
2915 -0.01439471624168456 -0.4327432250916214 0
2916 -0.4910606706002341 0.3499587684980343 0
2917 0.8098629047842436 0.3636068359369872 0
2918 -0.9292243083814175 0.3916336271691008 0
2919 0.4401883350521271 0.2774053388256513 0
2920 -0.9723208357004831 0.9264621157457742 0
2921 -0.648454732377807 -0.2410964416486903 0
2922 0.8843817539992093 0.219791373626105 0
2923 -0.4967158255102516 0.4666930333411164 0
2924 -0.2476500108396349 -0.818782605287012 0
2925 0.4373955924169217 0.8679993630981715 0
2926 -0.1531211280744772 0.7038476762424135 0
2927 -0.4099338535256905 0.3552096166563456 0
2928 0.8680542486541478 -0.974041239294451 0
2929 -0.7654355944112667 0.4161576243145833 0
2930 -0.1090932178570974 -0.27012279663852 0
2931 0.1028188965748907 -0.7237046752968357 0
2932 -0.234960251684108 0.326914027568925 0
2933 0.7194103123498329 0.2224739397132263 0
2934 -0.1982165099275345 0.6249130610460809 0
2935 0.72884559267449 0.01985249801140556 0
2936 -0.8398469323462613 -0.09844367840317109 0
2937 0.5545468764294267 -0.6800942694731084 0
2938 -0.798616303967614 0.4693285510202663 0
2939 -0.7203042135449985 0.4041619858337826 0
2940 0.7930700309040987 -0.9243461463248679 0
2941 -0.856171547912301 -0.6064089638870647 0
2942 -0.4792242173389226 0.0483330220884081 0
2943 0.7949157393848602 -0.458787961729704 0
2944 0.7356808696430037 -0.00850604560529499 0
2945 -0.7725960269890471 -0.3780952508146102 0
2946 0.3305398674763249 0.5272281888239693 0
2947 0.8833167845647099 -0.8108141480540987 0
2948 0.7460810290650626 0.07688473905094749 0
2949 -0.3829563691623106 0.7909247137253737 0
2950 0.5245534188849097 0.5248216920271296 0
2951 0.7619505371540157 0.7436050093769641 0
2952 -0.3268883258072824 -0.7474326503617045 0
2953 0.8396267579023922 0.4040979539680677 0
2954 0.4825018840422651 0.556519706360969 0
2955 -0.9261468866189346 0.8362124674287191 0
2956 -0.3889951770540475 0.422048139822661 0
2957 0.3169833701906647 0.8853850819570074 0
2958 0.3813074831553371 -0.1803924735090407 0
2959 0.2504865355791109 -0.06252103918623586 0
2960 -0.9738924365408331 -0.7161100478801964 0
2961 -0.8081875799329861 0.3266193946225339 0
2962 0.6615048907238822 0.8299692182860037 0
2963 -0.7693237231399199 0.5977189892751794 0
2964 -0.3488352549854413 0.7541913278075036 0
2965 0.09838441090202645 -0.2658532128934739 0
2966 0.920911775142063 0.384542254041149 0
2967 0.4685856456529433 0.2378561099148314 0
2968 0.6391078510336834 -0.3414377006188095 0
2969 -0.3111350777715888 0.6208424713369611 0
2970 0.1635488035416932 -0.2184095135537234 0
2971 -0.1006877255854129 -0.4255896164151088 0
2972 -0.5301848001785552 0.03155046872344841 0
2973 -0.125452139616676 0.2703764339802183 0
2974 0.7702759955336793 -0.6591464207201672 0
2975 0.0318116815140722 0.9751707872094433 0
2976 0.0863403224325176 -0.1262752823699798 0
2977 0.2390447805898838 -0.4514578258211994 0
2978 0.3150531266050803 0.682206986276832 0
2979 0.2196325992956235 0.3430495208312204 0
2980 -0.2617135859525773 -0.8787567906901128 0
2981 0.148503578705998 -0.2681142746999007 0
2982 0.5212927724717115 0.1457385879964659 0
2983 0.5980676564801894 -0.9754933880407715 0
2984 0.9705481783163976 0.3398830687820849 0
2985 -0.110600699799358 -0.4553930886966191 0
2986 -0.8647938375446977 -0.657377593681064 0
2987 0.1438446660526189 -0.4833563913099156 0
2988 -0.9124960275365616 -0.2557854764714573 0
2989 -0.1871297365542369 -0.8829130423403619 0
2990 -0.5147232653205984 0.6055991183421212 0
2991 -0.9729681555772525 -0.1211997734172145 0
2992 0.3523652626069551 -0.4192859997228575 0
2993 -0.3902205185302511 0.6642044406797185 0
2994 -0.6543127196373129 -0.8819558748359435 0
2995 -0.3272053895637705 0.4836876496480778 0
2996 -0.9742904369073426 -0.865671641790672 0
2997 -0.811192057665859 -0.8032594602978651 0
2998 -0.8194828749347264 -0.7556467535545353 0
2999 0.7656418733477702 0.8717700333052755 0
3000 0.4257617251423159 0.9268314697196475 0
3001 0.6999926999475625 0.2754295466173849 0
3002 0.04179273283799206 -0.413960830017494 0
3003 0.3830379928010701 -0.7548148586849316 0
3004 0.363116693914695 -0.7256120340202218 0
3005 0.5468014058246899 0.8271556491040746 0
3006 0.8610390543659965 -0.2287403588319416 0
3007 0.9287826205951811 0.5440662826331398 0
3008 -0.4483568902828132 0.24781720401935 0
3009 -0.7372497676379675 0.3049084289133776 0
3010 -0.9738364059282549 -0.6256694476072953 0
3011 -0.021444278378182 0.1393541897238481 0
3012 -0.7512100146352519 0.02253440973696198 0
3013 -0.03394968523095032 0.8991615858690178 0
3014 -0.1404987819356217 0.783225161412658 0
3015 0.6981981898721288 -0.6988483278871865 0
3016 -0.03563964506760546 0.2718051867985747 0
3017 0.8216921454754103 0.855698188709918 0
3018 -0.3622958155848095 0.6506905143442088 0
3019 0.1656343588635279 -0.05786010973026282 0
3020 0.02072319797986527 -0.2448147818228368 0
3021 -0.2910810809772302 0.5194898156121203 0
3022 0.7463344817479545 -0.7162563972162441 0
3023 0.590306995610448 -0.2517553080782959 0
3024 0.7538164684538844 0.1517853962867337 0
3025 -0.1550230603290385 -0.3473280568186168 0
3026 0.9188605578281331 0.3298768417793895 0
3027 -0.2079789528903904 0.5238984608497368 0
3028 -0.1575207417239823 -0.2797023801459899 0
3029 -0.4769760908080403 -0.6264855464073696 0
3030 -0.6665106789643321 0.09923232296905833 0
3031 -0.9362082914503609 0.5118434260099338 0
3032 0.7917888186021438 -0.04378768423073968 0
3033 0.6844383380670351 -0.7915391785636193 0
3034 -0.8763057611041081 0.4107094121601058 0
3035 0.5812262472724151 -0.6411882603626364 0
3036 0.2773100723118327 -0.3616077042778764 0
3037 -0.008583907152805754 -0.8169732581410674 0
3038 0.4367101529151587 0.1692357367929046 0
3039 -0.2406339690034091 -0.3432538320419365 0
3040 0.7500162556610462 0.3679956876490744 0
3041 -0.9292000926908925 0.6867919316596716 0
3042 -0.5351111649976703 -0.7615764305577482 0
3043 -0.690011079649935 -0.2052457759231552 0
3044 0.5460613642044941 0.1993981284564576 0
3045 -0.8717484297002338 0.09464292830657678 0
3046 0.07997004054902611 -0.4842466631730035 0
3047 -0.0283394083043934 0.8138376010238721 0
3048 -0.8380955951849911 -0.3207046002110787 0
3049 -0.5103563754522012 -0.5781743680742732 0
3050 -0.8870457609512703 0.1474399394112955 0
3051 -0.6477254466686613 0.4897518345961838 0
3052 0.7045502926378719 -0.5266480147493825 0
3053 -0.9341739910188593 -0.6986030563339407 0
3054 -0.2203870460086458 -0.9304842002185029 0
3055 0.2826797386192346 -0.9242972480063956 0
3056 -0.5319381436517057 -0.8683718944100304 0
3057 -0.1186494244653313 0.9742562358628285 0
3058 -0.9297950509035626 -0.1005694573590342 0
3059 -0.8412965113975548 0.808926643299209 0
3060 -0.6446997017828126 -0.4636395572909223 0
3061 0.8643952167226386 0.9784700724382036 0
3062 0.8911303821933965 -0.4698094144426255 0
3063 0.3228615876291633 -0.5573069967613762 0
3064 -0.3594436867007285 -0.9291522034985131 0
3065 -0.8341935242240435 -0.5444412774312066 0
3066 0.601730341316662 -0.05938572550391763 0
3067 0.9376167951392005 0.919346363910301 0
3068 0.504323741324307 -0.9314038972381239 0
3069 0.8672883847565106 0.8697823686090508 0
3070 0.7873663933294271 0.9319355962942144 0
3071 0.1131435016239679 0.2414389092924174 0
3072 -0.5938923953052025 0.3408276749454753 0
3073 0.5301263941508844 -0.9748582228064115 0
3074 -0.8302287950220677 0.3979051045512155 0
3075 0.71157139777748 0.1192285484172239 0
3076 0.1539349407682485 0.9786341953931319 0
3077 -0.8603986736614784 -0.3793273167586341 0
3078 0.9738954221482121 -0.6297811100772032 0
3079 -0.3427888478194108 0.6966092072400665 0
3080 -0.1941296228890963 -0.4595611661838463 0
3081 0.8322010862838704 -0.2807180845098655 0
3082 0.2006929749902517 0.1676316553840796 0
3083 -0.4260577319757684 0.136346782221969 0
3084 -0.9247918928216379 -0.8865209009611542 0
3085 0.6331324309840358 0.4711129977528332 0
3086 -0.270023310422178 -0.3426015822135287 0
3087 -0.6243438459672433 0.5954923762683449 0
3088 0.2497349632441345 0.3695676550420147 0
3089 0.2270684638522831 -0.1096196424210774 0
3090 0.4962438351896902 0.488725848826094 0
3091 -0.7087174007277258 -0.6558174176848198 0
3092 0.9317220568923716 0.9720842783357507 0
3093 -0.6112340774995795 -0.809291573758245 0
3094 0.6441339215886703 -0.4571825827564879 0
3095 0.3306132673893427 -0.3671580045665241 0
3096 -0.3859339799132232 0.6057346190044158 0
3097 -0.5013126337345376 -0.9783106172058014 0
3098 -0.1531066298220551 -0.43273085906395 0
3099 -0.7643488149847052 -0.5215235844241167 0
3100 0.4477611940313834 0.9750154836028527 0
3101 -0.2112339400901854 0.6739604277999349 0
3102 0.1552293744454194 -0.1743166114118813 0
3103 -0.08909897139928415 -0.3764209381322824 0
3104 -0.4467709372326065 0.6757715928121306 0
3105 -0.6444012467479955 0.6208259871856447 0
3106 0.9744320020148152 -0.1500816507900705 0
3107 0.03909033525335167 -0.05880914138398467 0
3108 -0.6378017747159964 -0.9712337656590553 0
3109 0.6317715220024658 0.245520083706823 0
3110 -0.8662724037761798 0.877936644370432 0
3111 -0.4878953872905497 0.2594200974014997 0
3112 0.03935423982638356 -0.4461376430336597 0
3113 -0.5912807153887919 -0.686907265861225 0
3114 0.4209959973769882 -0.726259703114021 0
3115 0.7210107249699136 0.318144592082261 0
3116 -0.970752420554329 -0.2818479196247509 0
3117 -0.6810996589626038 -0.7437069860676085 0
3118 -0.6403535107654864 -0.1901641344035085 0
3119 -0.6166497441640382 0.4437707105267727 0
3120 -0.2019375861618345 -0.7433924530823331 0
3121 -0.03129908188540273 0.9759511362117581 0
3122 0.4797753101005798 -0.7407121782997783 0
3123 -0.2389404334073028 0.441292971447103 0
3124 0.1197001239109839 -0.503773222491581 0
3125 0.8299058334778073 0.7903254154277354 0
3126 0.1352824017772173 -0.6834966782887287 0
3127 -0.9743915776267085 -0.3309972129904954 0
3128 0.3274487933548952 0.9422690470934109 0
3129 0.4982142647681384 0.05307076145514572 0
3130 0.4445417158235384 0.2204889718559316 0
3131 0.6645220449028271 -0.1624606425073352 0
3132 0.3282150149829879 -0.4745838644437842 0
3133 -0.6425657296276084 0.227121559095652 0
3134 -0.526368629237262 0.2194504456145245 0
3135 -0.5253559646233361 0.1286205594241869 0
3136 -0.6624053670325104 0.2556668181668986 0
3137 0.7650807452791288 0.1267196629089111 0
3138 -0.2836262995468853 0.3169629489977725 0
3139 0.6753096795473329 -0.6469336057901272 0
3140 0.8907083832405781 0.8016014270930708 0
3141 0.05066716576649394 0.1876080663763283 0
3142 -0.6806787013870085 0.1502951407157231 0
3143 0.2597603908892194 0.7921556665699079 0
3144 0.3655854943781944 0.1131778573429366 0
3145 0.5418167954609038 0.169760467359752 0
3146 0.8319044222386914 -0.778757304832997 0
3147 -0.1840053352083253 -0.3395319082096171 0
3148 -0.8823718129331626 -0.4309174888928953 0
3149 0.204003075782076 -0.6895813419222269 0
3150 0.2611977327667868 0.06460492629301842 0
3151 0.9417006965658574 -0.3215559993943955 0
3152 -0.6640787293298964 -0.5035587707674873 0
3153 0.5819576002772517 -0.1051083336167875 0
3154 -0.7012100410018228 0.5757708738989824 0
3155 0.2129967334375362 0.7803551295936825 0
3156 0.8227753284352191 -0.8913506698666818 0
3157 -0.420936709522003 -0.3440849629025073 0
3158 0.1692587219866394 0.2147280538055016 0
3159 -0.1090479866059963 0.4364846144063417 0
3160 0.6463297905412467 -0.6079745213412897 0
3161 -0.3198313594439507 -0.273710628783728 0
3162 -0.1597771766647725 0.9361713824681602 0
3163 0.5132674134987346 -0.2333373657046909 0
3164 0.3040717916946863 -0.8471773802782165 0
3165 0.4484684930139172 0.07828318416446906 0
3166 0.4147797998115988 0.2306585326541493 0
3167 0.06776304881990218 -0.2073217983623596 0
3168 0.9724063811897394 0.06534468814768621 0
3169 0.7057472504483443 -0.7358235112025742 0
3170 0.3137161626804721 -0.2888315519834881 0
3171 0.4907970002623114 0.8943547075343108 0
3172 0.8495913919032927 -0.9314307150141059 0
3173 0.1909946612655797 -0.3799438467025554 0
3174 -0.9726796693185122 -0.9296579163467237 0
3175 0.8644583962448471 -0.008490807302192456 0
3176 0.2703656410916869 -0.1710615283068199 0
3177 0.4815485239854303 -0.1817914936674559 0
3178 -0.1028273967745736 -0.8276291502360869 0
3179 0.1697416287374196 0.2637748030272251 0
3180 -0.4200135155277073 0.9739618352364789 0
3181 0.8537924342907719 0.7185395989134669 0
3182 0.7459450219946725 -0.3429473960125154 0
3183 -0.2567654643442747 -0.9346528891069634 0
3184 -0.8471455691619763 -0.1558490958307756 0
3185 -0.3561750011637669 0.5267281880230896 0
3186 0.1190405981146941 -0.7822876241403764 0
3187 0.9767873651332568 0.5632048028043153 0
3188 0.166927750875097 0.8886244689331237 0
3189 0.9351762407133108 -0.2826959410543178 0
3190 0.4601755192587519 0.8012020862569914 0
3191 -0.2772277674267903 0.4157929208747252 0
3192 -0.6240872454285731 0.9226696624975779 0
3193 0.9088476971008234 -0.05240078623377018 0
3194 0.7933822379379866 0.7537503136016902 0
3195 -0.2374284821122906 -0.7900884763794609 0
3196 0.03070242788761326 -0.1995041126375364 0
3197 0.9722644193047587 0.7776012403265948 0
3198 -0.06378564491316611 -0.4758903130949527 0
3199 -0.8178941627737886 -0.3502022242235655 0
3200 0.3607783102567408 0.2290048294690906 0
3201 0.2974456796761629 -0.5831673198594767 0
3202 -0.5790288041363445 0.1071462984924795 0
3203 -0.9730096790507243 0.3580016337118864 0
3204 -0.8606297233423156 0.9744847144573647 0
3205 0.6478811803411249 -0.6629854211809031 0
3206 0.3359475281694591 0.2161570375028233 0
3207 -0.4786041363163446 0.7570142404270419 0
3208 0.07329365931098691 -0.6351489448733636 0
3209 -0.6052338618294532 0.6832208108975617 0
3210 0.8777785696736486 -0.9158288232634797 0
3211 -0.9335673988965243 -0.8425137320163418 0
3212 0.3198440256685855 -0.1618810474761624 0
3213 0.4663334934145876 -0.2302683270510522 0
3214 -0.5358041944885064 0.8743972833684779 0
3215 0.4118920050879243 0.424408408341013 0
3216 0.9300867827742204 0.2987357471555411 0
3217 0.8824387911349443 -0.2476549329677477 0
3218 0.5711300532331826 -0.48850533088854 0
3219 0.1341055490734523 -0.8586525771446075 0
3220 -0.3989567776600008 0.6980730159630222 0
3221 -0.09025397875752247 0.904220685793641 0
3222 -0.08749425937942136 -0.6543847020497193 0
3223 -0.905433037131014 0.09743696243289326 0
3224 -0.4484659619004654 -0.9768379013318944 0
3225 0.3025775813548588 0.3132834955509391 0
3226 0.4322933832926535 -0.008745111246004689 0
3227 -0.7607404402726332 -0.4792477905397673 0
3228 0.8668067747819818 -0.3169204461546621 0
3229 -0.4980917589412486 -0.8718849048753605 0
3230 0.02117700639805102 -0.2865600137720516 0
3231 0.8930275876161854 -0.3168815515355159 0
3232 0.07932108769619821 -0.7692013289302875 0
3233 -0.4795245872097238 -0.7549692625245086 0
3234 0.4099784047953288 0.392813694115965 0
3235 0.5889324504090285 0.3849388459047167 0
3236 -0.1123800471832521 0.3507164564547738 0
3237 -0.6924284309456833 0.6572132124783053 0
3238 0.5761973971799764 -0.05023684899522333 0
3239 -0.0819289077612495 0.2809492739422479 0
3240 0.7228071889211714 0.4145274151804939 0
3241 -0.4852667543319824 -0.7095076500503454 0
3242 0.1105566787596193 -0.03125124921500924 0
3243 0.7171728859292612 -0.2252172837420037 0
3244 0.1660027768735773 -0.8704004991299994 0
3245 -0.09579525785180706 -0.5306664315570564 0
3246 0.7790625157265052 -0.973389188781949 0
3247 0.05156141873289019 -0.9735840973548791 0
3248 -0.8165219789807314 0.6326174798767965 0
3249 -0.7903029703879607 0.6449372590558445 0
3250 0.4234274528033681 -0.428988474825463 0
3251 -0.2649533598049641 -0.292192516467309 0
3252 -0.9714816726566902 -0.9714816726566828 0
3253 -0.3323130863729897 0.4218519324264876 0
3254 0.2785340285360094 -0.1215344982111263 0
3255 -0.9709312812278191 0.8425995266353774 0
3256 -0.7573332878269665 0.2501430885957247 0
3257 0.8414071487817711 0.8192033947745585 0
3258 -0.240647799043346 0.3877925787617096 0
3259 0.169526241370423 -0.4903819545923847 0
3260 -0.137444953146491 -0.9002103400193527 0
3261 -0.2089486477687977 0.3482497558990904 0
3262 0.7687127026021578 -0.6239883535460564 0
3263 -0.5393701021732796 -0.0640453956670709 0
3264 -0.7134053164218921 -0.5483094974121828 0
3265 0.5008649848542989 0.4374677278403759 0
3266 0.3505510400829961 -0.8929980803652495 0
3267 0.7280491765140753 -0.05438305086290754 0
3268 0.3530607412098237 -0.5997647620985005 0
3269 0.8773759350354472 0.08701285479313228 0
3270 -0.1977501331922049 -0.689773231526227 0
3271 0.009200845448620112 -0.5193373567339726 0
3272 -0.009955637798853736 -0.4756528329793163 0
3273 -0.5064639733611866 -0.2806988723726621 0
3274 0.8102769056694843 0.5482871905515471 0
3275 -0.1783964920084852 -0.4862817676331171 0
3276 -0.6385922512357303 0.1742086783751637 0
3277 0.4691471959997794 0.5293593878987879 0
3278 0.7727298084342319 0.6262484698250361 0
3279 -0.1914589601866862 0.7530824102134375 0
3280 -0.8150394986907252 0.9470653880209389 0
3281 0.8337335159965862 0.07335591856326655 0
3282 0.1184098184993728 -0.447121223851543 0
3283 0.9354625111367264 -0.9723455290180617 0
3284 0.6664102005216929 -0.8220805943734144 0
3285 -0.4068043163732522 0.8287316854245946 0
3286 0.08431178917109766 -0.9377672692643927 0
3287 -0.6989553437342987 -0.604058715787239 0
3288 0.936962021827167 -0.8236123659167043 0
3289 -0.3253968061070003 0.3212030588759515 0
3290 -0.9754362968559478 0.6559287975243892 0
3291 0.4502879387866409 -0.7417256765144578 0
3292 -0.9241674246999404 -0.9431139640153795 0
3293 0.4290350415406258 -0.1560598756006249 0
3294 -0.291580653084232 -0.368752784055678 0
3295 0.93867429646427 0.7738905127714352 0
3296 0.8756521854737368 0.3096556732994005 0
3297 0.8538158497821681 -0.4377323350840074 0
3298 0.750133894914936 -0.2260579687493429 0
3299 0.1682477249250673 -0.7729294599449894 0
3300 0.4293083557416802 0.5401745767455389 0
3301 0.868138506987263 -0.0906572101381818 0
3302 -0.1574702947514756 0.224785715744282 0
3303 -0.07982670816295831 0.7159815742890876 0
3304 -0.7108578914183219 0.5497884560380658 0
3305 -0.8777563915302881 -0.1100883352302268 0
3306 0.9383950331577502 0.2028436488711118 0
3307 -0.9743802851983189 -0.2088692248500267 0
3308 -0.8107923021009575 -0.2982646813926541 0
3309 0.2579623499330392 0.9099815128221383 0
3310 -0.9767470567854191 -0.4414964794607928 0
3311 0.4205193021738562 0.02909142568205923 0
3312 -0.6032445108480616 0.2585591810578446 0
3313 -0.2177092121741513 0.8019517855395801 0
3314 -0.9744207028949564 0.270082369402229 0
3315 0.2799736512819844 -0.4157140209771686 0
3316 -0.1506503286555253 -0.4867501008604336 0
3317 0.7602223040094644 -0.5787644767742691 0
3318 0.3511073661858478 0.06474154395536819 0
3319 -0.5724992627409398 0.2047691711766751 0
3320 0.5299202449587368 -0.7719852382708627 0
3321 -0.975802266052752 0.4771456320544799 0
3322 0.8395804570291276 0.3443446679878776 0
3323 -0.4300093324536324 0.5185845524460505 0
3324 0.7065472104647501 -0.9084731507127124 0
3325 -0.3348022499987538 0.5719071856240696 0
3326 -0.4891305059259932 0.8867474547732537 0
3327 0.8920671559551721 0.3370499463762888 0
3328 0.4132612223805815 0.4723588785619464 0
3329 0.3084195097616499 -0.7152336606006363 0
3330 0.6461834184454107 0.2208442751288811 0
3331 -0.1519301152741928 0.5666167303979486 0
3332 0.519902655438913 -0.1786848442724908 0
3333 -0.6599275275437269 0.2008822817935916 0
3334 -0.3735513016675794 0.2605906593297056 0
3335 -0.2053401103938617 -0.7929809532513787 0
3336 -0.8969348626386268 0.7883690250059491 0
3337 -0.3360423622307003 -0.5380612221836397 0
3338 -0.6453457005806593 0.5688549761877695 0
3339 -0.1807549919774769 -0.9771673183495519 0
3340 0.975118130091126 -0.6824791090338762 0
3341 0.5499005200414158 0.3081625835669052 0
3342 0.8589347718340783 -0.1488756582750737 0
3343 0.3587096550725369 -0.2480379985369749 0
3344 -0.4581483860911889 0.4309715984986887 0
3345 0.3855085337534994 0.2896321121855434 0
3346 0.6239207146457924 0.3122952502787159 0
3347 -0.449964695477591 -0.1756844874947589 0
3348 0.04111462881717983 0.3640564240003352 0
3349 0.9409476865114029 -0.1038913368821934 0
3350 -0.8224202221832659 -0.1335545779430429 0
3351 0.284700195869363 -0.8260656480677336 0
3352 -0.5632570102037443 -0.2965561253722463 0
3353 0.2145814760955085 -0.9772905928066146 0
3354 0.9754425114969243 -0.4191390924941381 0
3355 -0.06655795246991218 -0.9244873113675732 0
3356 -0.4114825470046737 0.645079214314111 0
3357 -0.3929750926283652 0.9254860599666607 0
3358 0.1843943877995916 -0.2737726283240033 0
3359 -0.58480919339682 -0.5549670675049909 0
3360 -0.1322421506525896 -0.6200748621223499 0
3361 0.6286795185431362 -0.7957678031311203 0
3362 0.5865222633076219 0.2754934639113738 0
3363 -0.3209732153617866 -0.7219989678722929 0
3364 -0.2682488528804088 -0.391525892441328 0
3365 0.6055173369798054 -0.09348452537731922 0
3366 0.6159323916656918 -0.4617221457376937 0
3367 0.6626223429564563 0.1403185343851377 0
3368 -0.6689428844961044 -0.2912943086290171 0
3369 0.7601885363409694 -0.08963600397922561 0
3370 -0.5193383700156236 -0.08305899732846447 0
3371 -0.7458072314054034 0.1643270124604596 0
3372 -0.6901658620348624 -0.06706173737814672 0
3373 0.6209611609205976 -0.6456844803304888 0
3374 -0.2045804633729892 -0.4145750666987069 0
3375 -0.5080543756811182 0.4163371737559465 0
3376 -0.2995897160913752 0.9116028526518327 0
3377 -0.6714079773526149 0.6138054484132844 0
3378 0.692923040112864 0.02252335437182422 0
3379 -0.272199936246745 0.4758865417686381 0
3380 -0.8402919350287921 0.5498273804737058 0
3381 -0.2883143868444006 0.8196760480508634 0
3382 -0.4085501728589431 0.6176854805022829 0
3383 0.364850275198095 -0.3763712585552368 0
3384 -0.8984805112182447 -0.7989770979797332 0
3385 0.1884406358576977 -0.1492786308981197 0
3386 -0.2318451009824418 -0.841100445964073 0
3387 0.6024087667990446 -0.5322367504365886 0
3388 -0.2928801940894081 0.4338299805707535 0
3389 0.3125299889368069 -0.9244508759835218 0
3390 0.5199333802184315 -0.04104862285656025 0
3391 -0.2741028312962808 -0.7253405481994847 0
3392 0.4567139240017333 0.3262179923681762 0
3393 -0.5113934100171627 0.0538203722442244 0
3394 -0.928361565970874 0.2643867451934381 0
3395 -0.08648433432169271 -0.9766372037076322 0
3396 0.9003690189345107 0.1378833703974476 0
3397 0.8108951455898051 -0.2972436197695837 0
3398 -0.2933374664687542 0.7684013015153062 0
3399 0.9398302647329836 -0.5836602560237529 0
3400 -0.2392502445205868 -0.3865177230044127 0
3401 0.8832422736409695 0.6183591840338656 0
3402 0.03244798525364786 0.0171775564557147 0
3403 0.08598815498355498 0.1917967584993721 0
3404 -0.5495122798840019 0.08530149295272825 0
3405 -0.5926491788447459 -0.7652910960487538 0
3406 0.4890029530253407 -0.4274642955692321 0
3407 -0.5280052445580123 0.7294052908797862 0
3408 -0.3018880575760812 -0.6285198307163965 0
3409 -0.6614565627386704 -0.6392487076697266 0
3410 -0.4621280486525829 0.9435686353980423 0
3411 0.2584130901836448 0.1615991257378774 0
3412 0.2344558051841993 0.1245038618898442 0
3413 0.003669683451044584 0.1647607149508317 0
3414 -0.4781535406112777 -0.2748357529820089 0
3415 -0.7694714608442638 0.7448558229750835 0
3416 0.3566583785913411 -0.9784988550002964 0
3417 0.8141755820487515 -0.5876323351365121 0
3418 -0.427646758911124 -0.6332099029651548 0
3419 0.1105012405284885 0.3151724688601352 0
3420 -0.6364379181073574 -0.8335591409081451 0
3421 0.5487711428928163 -0.5102838319208178 0
3422 0.02631980248087456 -0.9354991381454416 0
3423 -0.5883263507926212 0.888538612940582 0
3424 0.04753968091182898 -0.6563947074825249 0
3425 -0.9237982029245722 0.9354419621722245 0
3426 0.6158990809394355 -0.9356454205894166 0
3427 -0.72312360396217 -0.2791542462016853 0
3428 0.6639058133587791 0.3033107784196559 0
3429 -0.2249362775021987 -0.501233529174981 0
3430 0.8299643889429248 -0.5283422377256637 0
3431 -0.7892416594582171 -0.02488841448149318 0
3432 0.8766774624119102 0.5650800665130293 0
3433 0.4566187862474214 -0.7909984286132286 0
3434 -0.1132896174279533 0.5318247075622372 0
3435 -0.8872337788274869 -0.932864022178485 0
3436 -0.2329356211857106 0.5834731987451456 0
3437 0.7592758573126303 0.5953612210687902 0
3438 -0.833547422087238 -0.9766333374548998 0
3439 -0.8973087406373499 -0.4831553995283292 0
3440 0.2083821742221479 0.8234768161613943 0
3441 0.4492859590225034 -0.4180727716998257 0
3442 -0.8220223349158803 -0.6430924040745576 0
3443 -0.7977839901147394 -0.6578994025186389 0
3444 -0.8708219494620104 -0.8816436878504506 0
3445 -0.5727515609045919 0.2445929510986677 0
3446 0.4556728886318855 -0.4711599788597255 0
3447 0.2058000948510609 -0.5862365518890414 0
3448 0.469831117454633 0.4775121329940786 0
3449 -0.4738446475999399 -0.4285104705435487 0
3450 -0.3212157054176699 0.7448487915614426 0
3451 0.7984217512178274 0.2739163609235894 0
3452 0.4584383528037004 -0.5156867387993642 0
3453 0.1378181660479177 -0.2974378481727415 0
3454 0.3339968716267866 0.441257526702971 0
3455 -0.6841534521269235 -0.7748956033696188 0
3456 0.8411740186203405 0.5923308059324254 0
3457 0.3133911676846849 0.2602701797540291 0
3458 0.4516357406245575 -0.3885137946354354 0
3459 -0.3934347426395393 -0.6002008949400519 0
3460 -0.378507143321144 -0.5727228576370762 0
3461 -0.452099900782382 0.6082516685292745 0
3462 -0.8614348343891394 0.9270767156406718 0
3463 0.2855301468312605 0.4455646205540854 0
3464 -0.4867546694500277 -0.04366478003670314 0
3465 0.5370775695556598 -0.4234792872227672 0
3466 0.8038419969421335 -0.8736502975618016 0
3467 0.2000896615497621 0.97670944382798 0
3468 -0.1479178248555227 0.4048037419621845 0
3469 -0.2546844680317867 0.2762823647030756 0
3470 -0.03632779850203804 0.356355887450575 0
3471 0.402224197617391 -0.4014709809693761 0
3472 0.5829235353778429 -0.4009122096785374 0
3473 -0.5573288989876719 -0.8101186098347085 0
3474 0.8803652386643583 -0.418726029016412 0
3475 0.8895041451598842 0.189389991182714 0
3476 -0.07979928687339329 -0.7554591079770567 0
3477 0.707868112774763 -0.2478577959998054 0
3478 0.2241842483188679 -0.5053801107197317 0
3479 -0.5440844461994576 -0.6583475431784962 0
3480 -0.8386363933463339 0.5933994312083141 0
3481 0.5807541285261957 -0.7671196918777847 0
3482 -0.5824551197144878 -0.9016795414188399 0
3483 -0.4870870645187631 0.7057197575368985 0
3484 -0.8699279118273757 -0.2768342609406685 0
3485 0.4374206248924553 -0.8788048401712021 0
3486 -0.1642338354036873 -0.936344488603664 0
3487 0.5241650911413864 -0.3941924135781104 0
3488 0.8571014350881634 -0.6206558741975372 0
3489 -0.4096713581563119 -0.3876800201143598 0
3490 0.4846155942243202 -0.8562937437269099 0
3491 -0.9764661483578299 -0.1500826821852692 0
3492 -0.7877833584585936 -0.8590680825855964 0
3493 0.712132343072249 0.7971743788293979 0
3494 -0.152516705837704 -0.6806530599352212 0
3495 -0.4341774670554766 0.7839287105912511 0
3496 0.2483344412363222 -0.2214908320682911 0
3497 0.1128120913892568 0.1455119869465137 0
3498 0.4787908235739129 -0.9742781902551729 0
3499 -0.8541889213585288 -0.8307522519730899 0
3500 -0.311498613041132 -0.9377504250658628 0
3501 0.6799024566171126 0.4117243920691336 0
3502 0.8331769944418779 0.120089539704208 0
3503 0.2440899530444835 0.2634203460741 0
3504 0.8632761515597611 0.6720199655170342 0
3505 -0.5062970303402949 -0.6952201193023472 0
3506 0.4443248276890305 -0.9323487085307901 0
3507 -0.7680405483282703 0.6278042755977388 0
3508 -0.7258353669078645 0.03397480549095687 0
3509 -0.8865726258337611 0.9230497648337243 0
3510 0.4662071446284324 -0.8413123922269051 0
3511 -0.2840599048020823 -0.8533876233896835 0
3512 -0.4759876141837217 0.4847856151258454 0
3513 0.7704899839700207 -0.3239295176066754 0
3514 -0.06272566583578314 0.2315518498785074 0
3515 0.7585761052528606 -0.7416395662168737 0
3516 -0.6993917954245021 -0.8744509894368501 0
3517 -0.1839490611829825 -0.3912278035024399 0
3518 0.3614458897599144 -0.6520682210490883 0
3519 0.4972062612179089 0.3448991614527559 0
3520 0.01400883524050471 -0.6496606105296036 0
3521 0.4306049949428848 -0.2052078633684216 0
3522 0.1609565319298727 -0.9067443341346546 0
3523 0.7668330550962251 -0.9196618223234163 0
3524 -0.7926645039313603 0.8356505996606429 0
3525 -0.8201372493593934 0.8506599660692518 0
3526 -0.6969683494557939 0.4999230727919063 0
3527 0.03872546393020539 -0.3296131693587712 0
3528 0.2191400229276978 0.1857355738856212 0
3529 -0.2881196645319613 0.8521055712636607 0
3530 -0.3811636651913033 0.5138011070974322 0
3531 0.3454235106406271 -0.291253384530031 0
3532 0.1224652091563768 -0.6108583388558758 0
3533 -0.5552259454537812 0.4007357254140963 0
3534 0.9772047438238496 0.4744493647395631 0
3535 -0.7163286309929038 -0.8953569885924272 0
3536 0.7687343671252567 -0.8324314018209865 0
3537 0.3936626776832405 -0.5606660896878563 0
3538 0.9341815149505164 -0.1988941699291125 0
3539 -0.6576754063459619 0.9723468156283199 0
3540 -0.5156680325914688 0.326908765701896 0
3541 0.7535241487127566 -0.8742464626480088 0
3542 0.8395308835781314 -0.3855502425442451 0
3543 0.329196920642417 -0.3367028721212499 0
3544 0.34124745429326 0.1887833163122128 0
3545 0.8103572000224041 0.7151273034950378 0
3546 0.435718688839848 -0.06040083992032103 0
3547 0.5316988566208605 -0.1027200017164726 0
3548 0.9724300835517891 0.0980383766624638 0
3549 0.8020812431063861 0.6201501545237138 0
3550 0.003144243688440572 0.2951188681435228 0
3551 0.7418135538879551 0.1055821733981408 0
3552 -0.6431876941501458 -0.9397137589889326 0
3553 -0.6572975198711657 0.3203429630095728 0
3554 -0.4045986358303802 0.5305031277539386 0
3555 0.2729937488304429 -0.7061006822785526 0
3556 -0.882701416472688 0.5597657874718868 0
3557 0.1932834090556692 -0.7178900715483389 0
3558 -0.5443991337532177 0.9127083720012628 0
3559 0.8959138301965384 0.385045793577025 0
3560 0.9765044052097961 -0.5060779546965887 0
3561 -0.5683740142269106 0.501986959840542 0
3562 0.4400688050117095 0.3476451900096243 0
3563 -0.8997515401722531 -0.1842427045618495 0
3564 -0.5394630095670664 0.2457866379170587 0
3565 0.6433387282852721 0.4348042873181527 0
3566 0.3906718062853807 -0.9303146838177847 0
3567 0.6712317527969401 0.2087095331059007 0
3568 0.4214237216308475 -0.6665690269026441 0
3569 0.3128311098895661 -0.2443621624380319 0
3570 0.3877861681333619 0.7078268391010284 0
3571 -0.6336741763539455 -0.1642754503391548 0
3572 0.4721242009222225 -0.6603743968547283 0
3573 -0.1517130075812933 0.2592184086902757 0
3574 0.9389686530611014 0.6001844344869909 0
3575 0.906870328151852 -0.7421807048552033 0
3576 -0.4538789424626738 0.556242951857556 0
3577 -0.9298842043013145 -0.02666272036424115 0
3578 -0.9374692612371797 0.9731167394946969 0
3579 0.3531912832616283 -0.3233446277493287 0
3580 0.7848369584441861 0.4308488370080875 0
3581 -0.4607824304776863 -0.6728495644139959 0
3582 -0.7096350711766946 -0.2299044430401334 0
3583 -0.7800466265966266 -0.6095425302463964 0
3584 0.715235673901663 0.1775687877410291 0
3585 -0.1904283576712717 -0.7712965508999745 0
3586 -0.7320155784181168 -0.6062105188015761 0
3587 0.244075113225677 0.3171992329625705 0
3588 -0.08022524727816854 -0.3279107624189667 0
3589 -0.3554268688537741 0.5559007287092628 0
3590 0.3620470090171656 -0.9222659652507886 0
3591 -0.1280664283794353 0.3027061318352577 0
3592 0.02589036438404893 -0.3862843215823097 0
3593 0.7544722311155725 -0.06240263469933139 0
3594 0.7177685430947736 -0.02865927932796925 0
3595 -0.5677992105971773 0.533730355476117 0
3596 -0.8653583556553842 -0.4523831010708314 0
3597 -0.8162095834149165 -0.8955118109709364 0
3598 0.9006288950966155 0.6954577523226084 0
3599 0.9740470918982225 -0.1116589901078714 0
3600 0.05187637956745726 0.8023720811918615 0
3601 0.6079163556202719 -0.15003797509938 0
3602 0.2269156505695891 -0.8474641055180293 0
3603 -0.02772699456328398 0.4050654760492449 0
3604 -0.1546934846360626 0.519283223871566 0
3605 0.03385380251035661 -0.1639058530974136 0
3606 -0.5151817508764769 -0.449702680340308 0
3607 -0.535191640313057 -0.4223401130075157 0
3608 0.7924141185535796 -0.5503947856090081 0
3609 0.2506362445006402 0.2133982454577273 0
3610 0.1164540662535054 -0.2141164007891704 0
3611 -0.7524817655330877 -0.9745673008353122 0
3612 -0.7233357711114957 0.5965857438420532 0
3613 0.3833043263387466 -0.01248994814474313 0
3614 -0.9043959159136664 -0.6163738603211777 0
3615 0.4690680525581963 0.09243534199946424 0
3616 0.749966505674198 0.4134642398726613 0
3617 -0.3084918450947741 -0.5845924570925943 0
3618 -0.3267976944115788 -0.6671863978889189 0
3619 0.6799933908907444 -0.8678403369505736 0
3620 -0.1620344175632317 -0.5402135332550801 0
3621 0.8931090668234646 0.7549827887468843 0
3622 0.2116658442858019 -0.1836588988477858 0
3623 -0.7418613472743432 0.6391596842870997 0
3624 0.5428443579834838 -0.8085754674687753 0
3625 -0.9796406979353716 -0.5663782602423497 0
3626 -0.7781494534652053 0.8766876385740594 0
3627 -0.6594276517244206 0.7527679241023935 0
3628 0.3554034005107343 0.3336068286893926 0
3629 0.6347940376503569 -0.8914342596180707 0
3630 0.2325660404443174 -0.93712481638262 0
3631 -0.7126081605557122 -0.812778326061673 0
3632 0.2421856299818417 -0.8971997472241469 0
3633 0.2119982564685174 -0.8867507042347118 0
3634 -0.1965192364892299 0.9733849531981209 0
3635 -0.09140607910116368 -0.4797977156873717 0
3636 -0.1900340290036694 0.4242861010835985 0
3637 0.9002966976372342 -0.6402719414631042 0
3638 0.08479330369209269 0.9768321194204546 0
3639 -0.5867044273156249 -0.1896803724198135 0
3640 -0.9435352783522545 0.7966695004478385 0
3641 0.5850957249007529 0.3524864018182867 0
3642 -0.7410108064687518 0.8837067138279182 0
3643 -0.6729487249516041 -0.5870036991548918 0
3644 0.0343085831167939 -0.8416608531607718 0
3645 0.04915432023016913 -0.8154321455220572 0
3646 -0.3368808462362954 0.600303288164853 0
3647 -0.2787484073713883 0.3645612807472232 0
3648 -0.3697915416245223 -0.4107772100252376 0
3649 -0.945291692612643 -0.3303555335741853 0
3650 0.2017845907020695 0.2248952076706598 0
3651 0.2898577669142139 -0.2053685269491728 0
3652 0.3838332913112039 0.9437499681982716 0
3653 0.390256619059991 -0.1316389182587225 0
3654 0.7309431423726951 0.5570358617983622 0
3655 -0.5340684812934495 -0.03730560904035082 0
3656 -0.4329300365745848 -0.7809170647884336 0
3657 0.5948192873289773 0.08241685707520213 0
3658 -0.5498815202815842 -0.7079628778013263 0
3659 -0.5318002262539548 0.5585771890952811 0
3660 0.04700451009316816 -0.8917067848024626 0
3661 0.3063841214481743 -0.973287310573018 0
3662 -0.6638977894384824 0.8295924727658176 0
3663 -0.4807087171801003 -0.6551328388008109 0
3664 -0.979295438148478 0.05698942541161051 0
3665 0.411104751675933 -0.8122367917952433 0
3666 0.8361822138107543 -0.8037182587467022 0
3667 0.8027178129587356 0.892797703988442 0
3668 -0.9771683374187372 0.5407967084159845 0
3669 -0.5047797462959488 0.7566751146949977 0
3670 -0.475643752804746 0.8024713648721781 0
3671 -0.761270899847785 0.5146629680637183 0
3672 -0.8555553058969599 0.3606344499988547 0
3673 0.3694803059962316 0.7664620410906929 0
3674 -0.5215561870250358 0.7823174168259601 0
3675 -0.4607862158116401 0.8481079669205525 0
3676 0.2830493219014172 0.1445118254310352 0
3677 0.5343774113220869 0.2884564953092016 0
3678 0.553947551276688 0.1061060712864829 0
3679 0.9013053286805984 -0.5116035284480096 0
3680 0.97344106098196 0.3134821048019584 0
3681 0.5042738151648851 0.01031504146462701 0
3682 0.3955133623268237 0.07616924012093504 0
3683 0.0804547328027396 -0.4031510687064255 0
3684 -0.9756270611088323 -0.5031919032849772 0
3685 -0.4538871697513812 -0.865665940659641 0
3686 0.946299947953827 -0.64162707787661 0
3687 -0.6296965297901665 -0.6633827493129218 0
3688 0.1294302017133108 0.8100680904132047 0
3689 0.3634256029269338 0.0379573990612637 0
3690 -0.5045202104986369 -0.6665524468187631 0
3691 -0.7352742481338055 -0.6346037135806282 0
3692 -0.6606844576305194 -0.2119258514535642 0
3693 -0.4852937263517799 -0.8284106524793204 0
3694 0.8935548833896521 0.5904904332818985 0
3695 0.5402414127530291 -0.01843453640032474 0
3696 -0.3710900812280489 0.7380382804644224 0
3697 0.2998083257293549 -0.7951793111481177 0
3698 -0.1209374849524803 0.60679209265542 0
3699 -0.7887857983451371 -0.9400917338451091 0
3700 0.3355441564269095 0.8207358400719709 0
3701 -0.0463593593716799 -0.3525118166761954 0
3702 0.6556425672352736 0.9778160139138997 0
3703 0.979254405613831 0.8941238228086363 0
3704 -0.5372888550588523 0.423142390902512 0
3705 0.2377553359286053 -0.1328736560380027 0
3706 0.07209364893273411 -0.3659017050632211 0
3707 -0.04908435156986164 0.9312813106668223 0
3708 -0.8844881368556373 0.6794148652927617 0
3709 0.692642174359089 -0.3543272921362911 0
3710 -0.3913917870088193 -0.913256391366556 0
3711 -0.5966324080877113 -0.2644728744643828 0
3712 -0.1380228085250112 -0.4602415809103105 0
3713 -0.4832392780804172 0.6343706910433048 0
3714 0.8508058758335357 0.03612435469999309 0
3715 0.6604465342390232 -0.4788085324711718 0
3716 -0.8516542633465468 0.1883581214768419 0
3717 -0.4324304156302414 0.6967027074019233 0
3718 -0.717684038136068 0.746380642077102 0
3719 0.4980389446448549 -0.137717099208118 0
3720 -0.08075967077225171 -0.7054061932565032 0
3721 -0.4661846022226471 0.0756205569425069 0
3722 -0.3990244794212921 -0.8010430581438251 0
3723 0.939677433363276 0.110596569013029 0
3724 -0.8661014973875603 -0.1993062332817396 0
3725 -0.882038740816682 0.5167258340086025 0
3726 -0.1654138878099676 0.5447334150975466 0
3727 -0.8691268772355548 0.6305507396150016 0
3728 0.7458010319594088 0.7652699533982654 0
3729 -0.3100568636854249 -0.3172395262445249 0
3730 0.4533682942097434 0.4541909474378874 0
3731 -0.1954889903837249 0.5456848413031953 0
3732 -0.1040525722436417 0.6618764049650471 0
3733 -0.5491461577198801 0.1416143267223799 0
3734 -0.2089409585111757 0.9355796103791448 0
3735 0.1021474143181547 -0.2935133293617877 0
3736 -0.5626496321860437 -0.1437384035800786 0
3737 0.6557982564872155 0.5112978202088434 0
3738 -0.8351552259188875 -0.8720598436809512 0
3739 -0.1098478447241794 -0.8551482532211322 0
3740 0.01661329043335042 0.8260432405228759 0
3741 -0.5878259222819993 -0.5278443340404109 0
3742 -0.1949624034809924 0.2283158099558856 0
3743 0.6671219479592674 0.3843005134941397 0
3744 -0.5817526755995295 -0.4091835032073612 0
3745 -0.2640143169596725 -0.6022756808689402 0
3746 0.2567760478226901 -0.7728422708220155 0
3747 0.4650074086360072 -0.5446013649429955 0
3748 0.09237840443138573 -0.8303955399455111 0
3749 -0.9368281242097705 -0.4246549130527603 0
3750 -0.5850494919029391 -0.100639938915629 0
3751 0.1616957037487085 0.3249341706776229 0
3752 0.4182954434755699 -0.5383207991998292 0
3753 -0.3459078344134492 -0.6144204094682355 0
3754 -0.7688484335546 0.1173570785135904 0
3755 0.7874940407703562 0.3485494688173987 0
3756 0.6464418507687468 0.2669663530406359 0
3757 -0.2469028464185118 0.9009826218917292 0
3758 0.5035538887769736 -0.5037344636337633 0
3759 -0.515501570418797 -0.3624667077325854 0
3760 0.1787006566931426 -0.5894677783885443 0
3761 0.5463288364481625 0.3524358837853191 0
3762 0.03126365866907173 0.1233579862526954 0
3763 0.8121380542080882 0.1379480862185661 0
3764 -0.3737097470999327 0.1843767044559117 0
3765 -0.7191585392022963 0.843455880216665 0
3766 0.5932085149177739 0.1966988122049802 0
3767 -0.2789556575799795 -0.6514836579652747 0
3768 0.715518394534183 0.06267460493106557 0
3769 -0.6302403186433069 -0.8928497334564987 0
3770 -0.8634575490885946 0.3233893772496241 0
3771 -0.6894391438406569 0.7935038373210104 0
3772 -0.9464538773673022 -0.7995400814716848 0
3773 -0.2356034646481283 -0.8839469820969756 0
3774 -0.2816370922500462 -0.4744045959210831 0
3775 -0.8732506344257257 0.8501306649193484 0
3776 0.8006659265099746 0.1982813960741617 0
3777 0.8826922529171233 0.04684931848364998 0
3778 -0.687760039039414 -0.6337442606642414 0
3779 -0.6784078802390121 -0.1114995659396416 0
3780 -0.5606387742972176 0.654624146717271 0
3781 -0.9702888598457508 -0.6688796838502721 0
3782 0.7284260892345729 -0.8889584073323279 0
3783 -0.1647854458831928 0.3822955411625972 0
3784 -0.3397260555895419 0.6648947653235923 0
3785 0.44364255402877 -0.6320103127491798 0
3786 0.5063952809336355 0.8750645614249826 0
3787 -0.002907007338452706 0.9361215556516468 0
3788 -0.5354784526594268 -0.5324273880175794 0
3789 -0.6441138436491408 0.7090284727743204 0
3790 -0.1768222288552364 0.2673014085943429 0
3791 0.1866633469246625 -0.3082342696294129 0
3792 -0.6762873840028027 0.7008407349843828 0
3793 -0.7938074017204025 0.1364908436388072 0
3794 -0.7327110653939525 -0.9423636409910192 0
3795 -0.564022939117224 -0.4349330296777376 0
3796 -0.7859726808016314 -0.4314709402402525 0
3797 0.3400762094975199 -0.6235091827417143 0
3798 -0.4319455919168911 0.9478289771173785 0
3799 0.095502204891441 -0.5854952496779422 0
3800 0.6874456000897898 0.2552469947569014 0
3801 0.6145684442985307 -0.3177181475874564 0
3802 0.3177410913396894 -0.5003591684477962 0
3803 0.4976871121966391 0.8379340454946476 0
3804 0.5154419163296277 0.3831348845359389 0
3805 -0.9341012763886268 0.7502668681361412 0
3806 -0.4553727265708091 0.527085875534529 0
3807 -0.9295608967480695 -0.1318464089170222 0
3808 0.08001910890072192 0.9100186051066079 0
3809 -0.5318200637640339 -0.4758527995173966 0
3810 0.904364944718774 -0.4456763941372927 0
3811 0.6835814562555096 -0.06653644599581193 0
3812 -0.1112206933638729 -0.9359991215829344 0
3813 0.6407151993934298 -0.5581400113704396 0
3814 0.5090086050802933 0.7992280088685151 0
3815 0.9781553163396142 0.8064104425397125 0
3816 -0.557062884554498 -0.3460124409651808 0
3817 -0.476122925802327 0.6788653997662886 0
3818 -0.1090867855007951 -0.784593792641346 0
3819 -0.7609646377213521 -0.8194539557997829 0
3820 -0.6134904792888578 0.5308191798129578 0
3821 0.8288040540628098 0.9414216052818345 0
3822 -0.4102302730109285 0.3059755104977742 0
3823 -0.893075677547321 0.8929138824839523 0
3824 -0.09586944668243391 -0.7342228937308082 0
3825 -0.9344459467419082 -0.1625916419760849 0
3826 0.9366332955939409 0.4923874627420095 0
3827 -0.9751503966981334 -0.00629032129186151 0
3828 -0.7343436150709792 -0.8521453430493146 0
3829 0.8274736224653841 0.4534108540684605 0
3830 -0.8951715163843148 -0.3365396601443319 0
3831 -0.04974410327719468 -0.2630077056805563 0
3832 0.482244249518149 -0.9409122000681418 0
3833 -0.7201964025634305 0.9329427110991098 0
3834 -0.02719134516595894 0.2265080885085583 0
3835 -0.7429101671497906 -0.1314573906672835 0
3836 0.6759190240400088 0.8989278367663476 0
3837 -0.6431520097259562 0.1119518067325258 0
3838 0.3941132933729917 0.3700123295933968 0
3839 0.1513268932034104 -0.5758971248935105 0
3840 0.06540922585752922 0.2352749435164287 0
3841 -0.6791569683757057 0.0530982107322367 0
3842 -0.5153103053647157 -0.125545612235004 0
3843 0.8354122441507132 0.5412718741605265 0
3844 0.6092435564618908 -0.4138507960246537 0
3845 0.3563215086778199 0.9785525410361686 0
3846 -0.1078117835289543 0.7253038153336111 0
3847 -0.1966646178171901 -0.5094621150028988 0
3848 -0.447629404688613 0.9000779719446895 0
3849 0.4832954358305874 0.4211390541191952 0
3850 -0.4400393043812133 0.113567178817836 0
3851 0.6272366076598075 -0.5121922708821131 0
3852 0.9327335748045341 0.03511742416577958 0
3853 -0.2926661481085514 0.67130626867911 0
3854 -0.3093224734197322 -0.4920404261276052 0
3855 -0.8105416744886024 0.3824996670739961 0
3856 -0.5637938046083685 -0.7805189704348268 0
3857 0.3821015560758701 -0.5036029844059626 0
3858 0.239396277517528 -0.2746750776119369 0
3859 -0.06308451921023711 0.8130358183608081 0
3860 0.758691290072101 0.03586533482699319 0
3861 0.821861510556111 -0.1799194540464651 0
3862 0.3682080812608458 -0.7802583039143867 0
3863 0.9279396496443157 -0.1306788313384093 0
3864 -0.6632381920808056 -0.3431077533178397 0
3865 -0.481058361108223 -0.7808446895493352 0
3866 -0.33768914593925 -0.8308809727733492 0
3867 0.0925125271675757 0.3628778978187964 0
3868 -0.752304106331364 -0.7238110284522878 0
3869 -0.9065462732085743 0.3017836062495662 0
3870 0.5425059025470542 0.9762182378417563 0
3871 -0.2163115389518971 -0.6117362452601554 0
3872 0.2624146343609006 -0.944474629435607 0
3873 -0.2227446470112097 0.6987894435977369 0
3874 0.9757441601703107 0.9461825296715948 0
3875 -0.323706696743675 0.9361691797706361 0
3876 0.979615212684998 0.1784632645781684 0
3877 -0.9787743676297276 0.3289744213444488 0
3878 0.3459433877883883 0.9067416787087652 0
3879 0.1529315233279511 0.07990017663684706 0
3880 0.174459824927246 0.9370510436435175 0
3881 0.8601508610051939 0.1573471679727507 0
3882 -0.228548493435913 0.6165567634502876 0
3883 0.572264395083534 0.12878255551379 0
3884 0.2621984972525453 0.7417184582122625 0
3885 0.823963918494504 -0.3311417479752445 0
3886 -0.4393519368115885 -0.8297468603886575 0
3887 0.2662883346322436 -0.629914192139804 0
3888 0.753300465173955 -0.3973268645560461 0
3889 0.3212112305606267 0.6314831297939465 0
3890 -0.8911863789354127 0.9751941274266812 0
3891 -0.5906479423191769 -0.4770221911735962 0
3892 -0.4745303674284148 -0.1067866007948961 0
3893 -0.7180219068747271 -0.4941796087654031 0
3894 0.07881191421531394 -0.17736164708111 0
3895 -0.9456023875041066 0.1306212943219625 0
3896 0.7682985210691655 0.7140392694454483 0
3897 -0.364882677410701 -0.293294882083169 0
3898 -0.9415913043925829 0.3583966573232435 0
3899 -0.6201757420528895 0.3535853314729837 0
3900 0.2432103786724242 0.9758261250313474 0
3901 0.5900252572897804 -0.326532394125524 0
3902 -0.9787820578303941 -0.7753951093976421 0
3903 0.3645662876086433 -0.824086118800188 0
3904 0.7532929752405947 0.1961047899003378 0
3905 -0.2721709528890799 -0.9059343031647948 0
3906 -0.2898863314367986 -0.9749989859372583 0
3907 -0.7254156911703249 0.7956156476611607 0
3908 -0.4914234352054739 -0.5391703945215267 0
3909 0.7760511776125532 0.6586434136500887 0
3910 0.7737955390700643 0.2151669073244822 0
3911 0.3704412326981342 0.08627566198576993 0
3912 0.355335193459037 -0.197712958903027 0
3913 -0.3253876847608888 0.9766148361656484 0
3914 0.3109189126944673 0.2260091098907474 0
3915 0.7204711448567611 0.4663219057406134 0
3916 -0.8201794347830371 -0.2438009300130474 0
3917 -0.1272913820749971 -0.6976497625217816 0
3918 0.6931636884482645 -0.6172567373754358 0
3919 -0.4814052150641974 0.01689297293335273 0
3920 -0.7638653105470521 0.6868584015768614 0
3921 -0.0795110959682175 -0.5688526521766857 0
3922 0.4917655518977614 -0.6444910672542903 0
3923 0.04158846254557259 0.311789391277602 0
3924 -0.4611952647486569 0.1620487126510806 0
3925 -0.2431188078257119 -0.4375076403758302 0
3926 -0.5380329376365131 0.3741211784276412 0
3927 0.4492521317759963 0.9143244240842267 0
3928 0.1037047597854392 0.09459199935143182 0
3929 0.8898134331700901 0.4734518556843237 0
3930 -0.2421333065906495 0.9771011771135455 0
3931 0.8168137821194558 -0.6319940264279876 0
3932 0.6053310711739729 0.4271643273542415 0
3933 -0.4078495175577578 0.2633350799997969 0
3934 -0.1118772138407662 0.949603883037699 0
3935 0.9770177961533458 -0.3551012385853495 0
3936 0.4345093906254416 0.3020925261082947 0
3937 -0.0490977733323092 0.1608093206811931 0
3938 -0.8953231982918251 0.1721111963080929 0
3939 0.9052746025872918 0.844788879357401 0
3940 -0.6683448024260553 -0.08734276250914344 0
3941 -0.1528166143322298 0.3116981978616567 0
3942 0.7747844269701926 0.7940312376206516 0
3943 0.08557006916758986 -0.07255636814547235 0
3944 0.9508725698282194 -0.4340069643370568 0
3945 -0.9234287108700163 0.5355262525570543 0
3946 -0.3802846886913108 0.9028464476901845 0
3947 0.4719601361452182 -0.256059423965267 0
3948 0.05572321285095366 0.09280685923054117 0
3949 -0.6635439181217573 -0.7909744538034456 0
3950 -0.3867529197254383 0.5803827340896444 0
3951 -0.6682112386310205 -0.2608119302881615 0
3952 0.2193396643171338 0.8913211578528171 0
3953 0.4081940607795189 0.5181109223501914 0
3954 -0.9752608907102099 0.7678400302657084 0
3955 -0.9383975504177084 -0.757112964107616 0
3956 0.5674562889370222 -0.2909594956511078 0
3957 -0.4528086201873311 -0.5138414266294268 0
3958 0.5703603468429597 0.03363646711926641 0
3959 0.4951106531764053 -0.5887067081875635 0
3960 -0.6037587825414923 0.6541289302671802 0
3961 0.7913258364972786 -0.8274826946424224 0
3962 0.9451330589116875 0.1539287165109179 0
3963 0.08594485487261153 0.2734166266725053 0
3964 0.9204811983726918 0.942426538632831 0
3965 -0.6993825136711082 -0.4556639801120238 0
3966 0.8139542410561268 0.7393222046446101 0
3967 -0.1486106440549477 0.6576676847238112 0
3968 0.7882626722081967 -0.5044661032107699 0
3969 -0.3665103278982355 -0.3437583371533827 0
3970 -0.7759723100984086 0.05511375332189757 0
3971 0.8603978226374643 -0.664112869523182 0
3972 0.6708746591371397 -0.2072639945822738 0
3973 0.558816715937171 0.3929112041502512 0
3974 -0.7097994247538272 -0.021998421639335 0
3975 -0.4411853363794192 0.4525144097033978 0
3976 0.709566389592947 -0.5535328688161016 0
3977 -0.4937397344957569 -0.3550330725506582 0
3978 -0.7828398589106806 0.9217149374973728 0
3979 -0.5410268095747084 0.3294238259571497 0
3980 -0.1629475437005694 0.4301629301358975 0
3981 -0.5175727972127444 -0.2411781836754242 0
3982 0.3301982664984449 0.5746440721530658 0
3983 0.1850707884380489 0.9080995406386722 0
3984 0.4674989757036577 -0.8948458899504137 0
3985 0.2808889177983956 0.2947392233484937 0
3986 0.9381997378466514 -0.8818904171684403 0
3987 0.2741215129922311 -0.5021737504472344 0
3988 0.4842943984720042 -0.001990281751783455 0
3989 -0.01590292612347961 0.856624507884304 0
3990 0.9764421818759956 0.6735076879721719 0
3991 -0.1696924898080215 0.7943834059121074 0
3992 0.1931829523536981 -0.4522405117122013 0
3993 0.1514863110751793 -0.8127826317050442 0
3994 0.8628954802154383 0.4825234027280491 0
3995 -0.800889371241071 -0.4033706774013711 0
3996 -0.4766943391413502 -0.2366969450506636 0
3997 -0.1395047450976392 -0.866624536212906 0
3998 -0.6067034875117236 -0.9735592647262463 0
3999 -0.7900846431028659 -0.3487281867475397 0
4000 0.8879774441752679 -0.7843422645223344 0
4001 -0.1043382506891121 0.7596832037469665 0
4002 -0.2392466745706848 0.7419786877414792 0
4003 -0.1542566699706825 -0.793643035113615 0
4004 0.4372145658482902 -0.6821817697740151 0
4005 -0.1776786649901571 0.8934334846911804 0
4006 -0.6743435933585877 0.5817763284169937 0
4007 -0.7245954354877536 -0.6768793754477793 0
4008 0.5444066854946263 0.4177369668109644 0
4009 -0.8189631152355199 -0.4451546613385761 0
4010 0.6289021625924291 -0.1339357465145586 0
4011 -0.8165155335582472 0.6063774145540366 0
4012 0.7692876565394206 0.845347123342026 0
4013 -0.6620294043387163 0.8849697124415824 0
4014 0.886856125894728 0.8943921795090529 0
4015 0.08128294034334757 -0.5318186615327781 0
4016 -0.9158711500701756 0.4186714425036042 0
4017 -0.1474018669046226 0.7365455122899658 0
4018 -0.9785928451469881 -0.0894453633567288 0
4019 -0.5642284404910365 -0.2323704508469548 0
4020 -0.3784336104416809 0.3040275911227359 0
4021 -0.696955319268359 0.2292858707368868 0
4022 -0.06529015825722376 0.7340070742657061 0
4023 -0.3781847697911253 -0.523653423506075 0
4024 -0.3803383822894733 -0.4937715867900679 0
4025 0.4135206299740368 0.1783125689591906 0
4026 -0.6289753219607436 0.04081134498852031 0
4027 -0.5147051135130404 -0.9155002035457985 0
4028 -0.01118911012593999 -0.2405887642424672 0
4029 0.3886601862235779 -0.6327942016009704 0
4030 0.6857399821060032 0.4844979352377548 0
4031 -0.9429291150554505 0.6577730836443335 0
4032 -0.5923263707807868 0.4309019399821985 0
4033 0.2621953770389491 -0.7491170819116979 0
4034 -0.7493770659798471 0.5774543468625083 0
4035 0.2804207009140056 -0.09434529633447028 0
4036 0.8699573408927399 0.5168268135513547 0
4037 0.05766014631486345 -0.8624473117451521 0
4038 0.7986968714851101 0.3866115226633884 0
4039 0.3135138385504944 0.04302112171250938 0
4040 -0.5108151882794914 0.1730835400676043 0
4041 -0.7929016067554735 -0.5217627439850814 0
4042 -0.504127093188492 0.1460211653636742 0
4043 -0.8785259333193776 -0.8518575098129723 0
4044 -0.108294262262971 0.2465977923926956 0
4045 0.8661103384955585 0.8200858466551261 0
4046 0.5219838530238212 0.06073758889374464 0
4047 0.2228813899504983 -0.6083986407051499 0
4048 -0.4492820684570816 0.2068855098412446 0
4049 -0.3604734016207323 -0.9763533261676467 0
4050 0.1380036195886388 0.0201980434728102 0
4051 -0.5704394123672553 0.5815044843651055 0
4052 -0.9384081227768384 -0.5817818170852388 0
4053 -0.9260349021028924 -0.5626888521555078 0
4054 0.008164295080088426 0.07619123033304298 0
4055 -0.2246341389458128 -0.3235107080104705 0
4056 0.1219628979885313 0.1930631507603812 0
4057 -0.6039722880210772 -0.7145938341429822 0
4058 0.6705059617199512 -0.004259276805376992 0
4059 -0.7037982461812758 0.0588899181577207 0
4060 0.7146484427895634 0.8423719196270865 0
4061 -0.5630790677635932 -0.5157685365035599 0
4062 -0.2717550423707514 0.9759553062061532 0
4063 -0.1268030106021487 0.6964902199325661 0
4064 0.8162141162050741 -0.6602382011525505 0
4065 0.7893633887089511 -0.2542586428517252 0
4066 -0.980954629539645 -0.358339816233966 0
4067 0.5091091501014635 -0.7040869853942232 0
4068 0.5728227583107977 -0.7365509781769904 0
4069 0.4895209876501173 -0.04897909376275444 0
4070 -0.976611626144013 -0.8966565209552165 0
4071 0.9779098395191425 -0.7490221408663348 0
4072 -0.6245442915676581 -0.4140285666377456 0
4073 -0.5129363077970878 -0.7912278537953324 0
4074 0.6493104306798485 -0.9754855299352841 0
4075 0.2629821535764419 -0.6527438075608135 0
4076 -0.3590358042434001 -0.8845717523140915 0
4077 -0.2374679417550517 -0.9782226087572381 0
4078 -0.3940651200098021 0.9780214833445247 0
4079 0.7231669730518229 -0.654092484940074 0
4080 0.8252426939543145 -0.4087116901049233 0
4081 0.3434997971432601 -0.04994936707864464 0
4082 0.6558110319965007 -0.737994419151522 0
4083 -0.6549686533138463 0.1530160704856472 0
4084 0.7662783316735964 0.3506535763292267 0
4085 0.6621686407861073 -0.2913879598196711 0
4086 -0.9793812330759837 0.6281541352687766 0
4087 -0.9507799854876963 -0.2027548569702571 0
4088 0.8104062144359228 0.6651575136596292 0
4089 -0.2531135553646581 0.9302248642317865 0
4090 0.5672948489793723 0.1559564686711228 0
4091 0.7875991116033016 -0.2794400518487575 0
4092 -0.9122207495252722 0.6030204523750793 0
4093 0.7194515556270227 -0.977774029922178 0
4094 0.2141224607234237 -0.2269138562656178 0
4095 0.1897573899709363 0.1047582397355914 0
4096 -0.5784705338241694 0.7407839020545255 0
4097 0.6418059944009351 0.8766918339698238 0
4098 0.2520796057079355 -0.696201677348723 0
4099 0.3405627741757327 -0.7777126122831496 0
4100 0.3646039379805583 0.1790446814978872 0
4101 0.4898534753295882 -0.07600846413632464 0
4102 0.7942115354030149 0.5097939422509031 0
4103 -0.6904448607280852 0.4615523775871641 0
4104 -0.0468616785814477 -0.2185398614197791 0
4105 -0.8208472272653501 -0.5229469293804205 0
4106 0.8957520867534723 -0.1264440542662963 0
4107 -0.2265856022979565 -0.3645974352563167 0
4108 0.3693344277849686 -0.5483693329730445 0
4109 -0.7207136609709428 -0.3047717503773075 0
4110 0.5299450280161064 -0.747905812171028 0
4111 -0.1459192460884119 0.6188733273433727 0
4112 -0.6390114193851131 -0.7503368279126532 0
4113 0.3926362885553072 -0.8565688819553234 0
4114 -0.6272869247360375 0.3124466454940491 0
4115 -0.2026226157734458 -0.660971365145786 0
4116 -0.812486327404924 0.774970764432058 0
4117 0.7447055278401407 0.8267392007707408 0
4118 0.9753999314589473 0.4147789393093007 0
4119 0.5479918699443596 -0.5983068058933371 0
4120 -0.7700995431298714 0.7895996769603359 0
4121 -0.9384326499438643 -0.2451389491330713 0
4122 0.7962610901056014 -0.2114870680480999 0
4123 -0.9341074555398108 0.3191337989554306 0
4124 0.1581791929764545 0.2412837850581114 0
4125 -0.6996875905995854 0.09388228049908462 0
4126 -0.2324092358859945 0.266160709830981 0
4127 -0.7342143288768982 0.7668434902494534 0
4128 -0.6386881928741642 -0.776276787778826 0
4129 -0.4383483903281426 0.8602036802972368 0
4130 0.5044060270702229 0.5089652931560846 0
4131 0.3404307858304619 -0.8216113093024823 0
4132 0.976769452153846 0.2330677849310806 0
4133 0.8901291434680247 0.9745520450465723 0
4134 -0.2911014054817004 0.7117244866276313 0
4135 -0.2431292076595857 0.8371270232774843 0
4136 0.8964599741650596 0.6440662704948827 0
4137 -0.6387594014210893 -0.08454100187080232 0
4138 0.9358196661856752 0.3533940571029872 0
4139 -0.466708987556521 -0.3126536151548094 0
4140 0.722623938094457 -0.8130409440396824 0
4141 0.9500274370356139 0.8621345825602934 0
4142 -0.4012477552929067 -0.219526352226521 0
4143 -0.3542011322814668 -0.7535302396102853 0
4144 0.6483040085662185 -0.08665037390421786 0
4145 -0.8737672883023674 -0.624175009672325 0
4146 -0.4213048070490811 -0.6859510320603617 0
4147 -0.9505788381704925 0.2767785419298818 0
4148 -0.0437086616856573 -0.8834968665828431 0
4149 -0.02948076918268539 -0.8632319442588399 0
4150 0.7710399225516111 -0.684829839190305 0
4151 0.6595731387198464 -0.1098150835045616 0
4152 -0.4185267076042651 0.7411113513244248 0
4153 -0.1373412125174655 -0.9751954338090797 0
4154 0.5798600149101674 -0.8329637170926022 0
4155 -0.2613150741783615 0.8094290518668156 0
4156 -0.6326689799423851 0.06549323050973126 0
4157 0.7108457074166841 0.9723381691303472 0
4158 0.005320164091226239 -0.7962998148846832 0
4159 0.4967216037511637 -0.261901665663785 0
4160 0.7575963495313756 0.9179044303031644 0
4161 -0.5333808112419096 -0.9722724828649744 0
4162 -0.4568043663203282 0.6321796777277392 0
4163 0.5992127992647244 -0.3617582521371548 0
4164 -0.9437508509260272 -0.6694486794611172 0
4165 -0.5617203290111016 -0.9786961447945497 0
4166 -0.7135348927197652 -0.08608906921284076 0
4167 -0.4168413465243473 0.9256287123042346 0
4168 0.7739302893497224 -0.4806250518149711 0
4169 0.6090069865096199 -0.7608360985551541 0
4170 0.7767433467705462 0.07608811575693934 0
4171 -0.7953540147195791 -0.1497656313946336 0
4172 -0.7911222778038651 -0.1044771175852384 0
4173 0.944701068671429 -0.6726599856044919 0
4174 -0.582605108862401 -0.03511774970216363 0
4175 -0.4266659960765719 0.5717047295627561 0
4176 0.2423019985635319 -0.1863818685377675 0
4177 -0.09088258074049625 0.8035534173178628 0
4178 -0.9434200960006562 -0.9271023107008523 0
4179 -0.773027361491579 -0.7697643385983257 0
4180 0.2527053499041362 -0.8585514919708797 0
4181 -0.3197926980229729 -0.4066033097528846 0
4182 -0.8407803513914759 -0.4891716080719753 0
4183 -0.2929672620063196 0.2214521278800282 0
4184 -0.6074749440452344 -0.861378288180829 0
4185 -0.2923056720498222 -0.4473223347685181 0
4186 0.7199785775172174 -0.6282145528615934 0
4187 -0.3553279218484416 -0.4708364774049301 0
4188 -0.2660053615819307 -0.5622000251060872 0
4189 0.4064903782569383 0.3137499940674514 0
4190 -0.8095588833845739 -0.9804079024781954 0
4191 -0.7941547393091545 0.5899199755406663 0
4192 -0.6314044358222097 -0.3315816868032093 0
4193 -0.8449282038892112 0.1624330519811558 0
4194 0.2001501079861139 0.8604723403137269 0
4195 -0.4935781511016701 0.5943608330282466 0
4196 0.7488025294896599 0.9779128066743732 0
4197 -0.4492187790491166 0.4767796729012312 0
4198 0.1615080529190942 0.8355300671004339 0
4199 -0.4132333463740545 0.4456947008539472 0
4200 0.3578769239063335 -0.08924339313655359 0
4201 -0.3242849530721813 0.8877026381170339 0
4202 0.7371674979862097 -0.5863340436053979 0
4203 -0.9783318959352375 0.3887795236109995 0
4204 -0.741625985782938 -0.4598895919510709 0
4205 -0.3047729203390563 0.7951342244219108 0
4206 -0.5725512816589828 0.9083476535366636 0
4207 0.01381668995362875 0.8920389976902783 0
4208 0.7283380715456917 0.198412321668777 0
4209 0.710883640385096 -0.1567542243899623 0
4210 0.5942096520167389 0.4734409313651989 0
4211 -0.3540408154697887 0.783068687281723 0
4212 -0.9462740190040827 -0.3804038295562985 0
4213 -0.03503592629469372 -0.6887845559406628 0
4214 0.8289865980316734 -0.2557843289539857 0
4215 -0.4901745151749983 0.09750785289776348 0
4216 0.693194563475511 0.09767046844385303 0
4217 -0.8668461596664363 -0.3030785409100805 0
4218 0.3277104605227596 0.4645890113949551 0
4219 0.353609702130571 0.7838398404348287 0
4220 0.839145450314227 0.2799359901513016 0
4221 -0.0672065715332129 0.8441769318024877 0
4222 -0.6551781027048446 0.798018619860459 0
4223 -0.6395777609017316 -0.0001914282476997038 0
4224 -0.6180597110696922 0.8302926303180113 0
4225 -0.7380187764453303 0.9761839147901805 0
4226 -0.03608172170238495 -0.5872265184072415 0
4227 -0.6295840383236797 -0.5585162522014949 0
4228 0.8325070984257189 0.2152096080225945 0
4229 -0.5420828336938032 0.9774766430330387 0
4230 0.8177024764544242 0.4301511933078477 0
4231 -0.6391789890487047 -0.5188117978586912 0
4232 -0.6942181821139801 0.6292002238915374 0
4233 -0.4817433024870335 -0.5844053989826173 0
4234 -0.3375211457660265 0.291669955030649 0
4235 0.7374346525997885 -0.1102616441448219 0
4236 0.8437581236484605 0.6340440328718877 0
4237 -0.01570614634682149 -0.5299133436443366 0
4238 0.3846939165516762 0.4649582771653519 0
4239 -0.4986155500583149 0.5543523790416036 0
4240 0.767592125673888 0.5489994330424512 0
4241 -0.4776661540050307 0.1386484326923271 0
4242 0.05385336057923044 0.03023692183214164 0
4243 0.3188286579260856 -0.8969102788305245 0
4244 0.2947451173831817 -0.8723121186820071 0
4245 0.1031377206321814 -0.653441573135366 0
4246 0.2688761418713442 -0.9043139281334355 0
4247 0.3126505446130018 0.5086557863454342 0
4248 -0.2424081205255558 -0.7648930519449766 0
4249 -0.7836055374787011 0.33574555888804 0
4250 -0.172511999912208 -0.6932455755459843 0
4251 -0.8876658590595093 0.7074154670651264 0
4252 -0.761677860547937 -0.5932333936597742 0
4253 0.4174568549334431 -0.5919506525475761 0
4254 0.6639060284958456 -0.3641270176085595 0
4255 -0.005114907916269194 -0.9049011355264782 0
4256 -0.4838745460585039 -0.9403314302225956 0
4257 0.365506894191206 0.4353725150684966 0
4258 -0.3087345821842042 -0.6809157382865474 0
4259 0.07932344782272926 0.1092976208365115 0
4260 -0.6476573916975097 -0.7050318475947243 0
4261 0.2972584338573201 0.9775657030861089 0
4262 -0.6590663858754038 0.07278670080923824 0
4263 -0.800832090918698 -0.5987381247598308 0
4264 -0.9112343473690925 -0.05394813844999214 0
4265 -0.859434982982199 0.003102869942288774 0
4266 -0.79191589133396 0.187679502285597 0
4267 0.1692680670418791 -0.1943981750471892 0
4268 0.5982220972972776 0.03880436462488734 0
4269 -0.1562697579064415 -0.7322161867817797 0
4270 0.9791523500113091 0.7497979611984633 0
4271 0.9445979447066093 0.8243084192875904 0
4272 0.8709427279473365 -0.7657015707797036 0
4273 0.3399279863895348 -0.9371100806030263 0
4274 0.6021209700030097 0.9768203868750891 0
4275 0.1110855097163911 0.9383809217937593 0
4276 0.08496625817603755 -0.8564256145119045 0
4277 0.3334179804907734 -0.6733970571305148 0
4278 0.03306772889123446 -0.007160457660986729 0
4279 -0.2923631834089727 -0.6052281864255472 0
4280 0.8374064009288938 0.7477861384091824 0
4281 -0.6181530085677589 -0.2752438334951201 0
4282 -0.4574640927002009 -0.1459775122455786 0
4283 -0.02912218243094113 0.9478557615874199 0
4284 0.8016341340049833 0.04104749615605137 0
4285 -0.2527307034818512 0.6982748011853328 0
4286 0.08750648296569898 0.2236434049098908 0
4287 0.7505099395842157 -0.9731663867054705 0
4288 -0.4274474686852544 0.4912781320709502 0
4289 0.1319080664276215 -0.528289909795238 0
4290 0.162285760530585 0.004607043203683572 0
4291 0.978255636781203 -0.5628813744045925 0
4292 -0.1256919031339241 0.8703063286438937 0
4293 -0.5971968255979681 -0.9435724579083731 0
4294 -0.01402556690629931 0.2485812966520771 0
4295 -0.4401052959608768 -0.7181183620746745 0
4296 0.4487192515010963 -0.03116496535645992 0
4297 -0.6032349114034165 -0.1246462789192345 0
4298 0.7581700815517902 -0.1742545080945316 0
4299 -0.4882980190188617 0.444349580785783 0
4300 -0.7318053358461846 -0.7609436982978217 0
4301 -0.7152336688220898 0.6989229608354014 0
4302 -0.8996307202734777 0.6384464877264566 0
4303 -0.1908191619941369 0.3876580506080742 0
4304 0.3827455700611067 -0.8063261840962783 0
4305 -0.7616195795033961 -0.3143570568779921 0
4306 -0.5113405170669852 0.01062956430575497 0
4307 -0.7304743415925218 0.7213804384486687 0
4308 0.367128171214909 0.6295879605515307 0
4309 -0.1363306590695498 0.8923241017963934 0
4310 0.9387419497961812 -0.01624152368368295 0
4311 -0.4325682413932651 0.8122372876987145 0
4312 0.9790622214364 0.6242812044691627 0
4313 -0.5165474112673961 -0.620412278243258 0
4314 0.7904190941607574 0.8088897527830859 0
4315 0.5335796420352824 -0.6718538527320875 0
4316 0.9436200609589064 -0.721502253594405 0
4317 0.8211240981394302 -0.4758865276862127 0
4318 0.1287155592175715 -0.7337929865350244 0
4319 -0.05401573423700923 -0.7530761865318909 0
4320 -0.3926228363237133 -0.3259412746078139 0
4321 -0.02537415454081522 -0.2641709926067297 0
4322 0.6872321879786132 -0.1452247390238764 0
4323 -0.7065059500633976 0.4229423896004559 0
4324 0.6177661626819451 -0.9111414529781141 0
4325 -0.8582533996897537 0.432118273176525 0
4326 -0.3612701648431551 0.9421088679606888 0
4327 0.277583028928272 -0.5322415506911327 0
4328 0.8841085670637787 -0.6208502129300653 0
4329 0.3290884532396893 0.8414518138160594 0
4330 -0.7863754986775142 -0.8013243199031332 0
4331 -0.788270813626167 0.09358529377006941 0
4332 0.6260534708940285 0.3573728578065721 0
4333 -0.5578852198007842 -0.1151565168743798 0
4334 0.3575277499341381 -0.700779850273667 0
4335 -0.6558888001539651 -0.0381030064163695 0
4336 0.6855617160017905 -0.8935698471743673 0
4337 -0.3107131223437678 0.533682428605743 0
4338 0.5901675907925591 -0.008323671845245195 0
4339 0.652631727624612 0.3555048632124171 0
4340 -0.02675404117671971 -0.3077407698314787 0
4341 0.7805732959649916 0.5821604098666351 0
4342 -0.5257050976296633 0.5175049903708293 0
4343 -0.8589489562776945 0.5117114665073678 0
4344 -0.9768977672939787 -0.0323445068468841 0
4345 0.4398881054200199 0.7690142938164033 0
4346 0.2173712281444541 0.9346516611510532 0
4347 0.1713252435008241 0.1851652564988113 0
4348 -0.3551818998780756 -0.3846755286435663 0
4349 -0.04151419559556362 -0.7315616063625265 0
4350 -0.3355552143756706 -0.9787897249104796 0
4351 0.6492287932138762 -0.944814162129105 0
4352 -0.2736009783017961 -0.8251481249234307 0
4353 -0.4674869137546934 0.4057081922140569 0
4354 0.387350983342995 0.2669873749060901 0
4355 0.1531857527023142 0.1708466972101385 0
4356 0.5988280414416636 0.1293141468026376 0
4357 0.7136530352430618 -0.4251372491531109 0
4358 0.4453082022192929 -0.5843436332242902 0
4359 0.6184908529424159 -0.6015175807123264 0
4360 0.6453061079316599 0.01032436808913303 0
4361 0.09487441796691296 -0.5057112222703062 0
4362 0.4432342832033474 0.6583707916611714 0
4363 0.8389957945959408 0.1711247014150247 0
4364 0.2618681796485112 0.1105543653975166 0
4365 0.2366431461425862 0.8311469314675677 0
4366 -0.1130414124341951 -0.369419605810526 0
4367 -0.7904524864326153 0.7322551931447017 0
4368 0.9804759626231502 -0.805867323343027 0
4369 -0.4038171635411921 0.2192186818843418 0
4370 0.7637176994872492 0.5129111004798248 0
4371 0.9006215571205922 -0.289291448342861 0
4372 -0.8962069868790012 -0.5287152052676961 0
4373 0.7577799715556637 0.3902211383392861 0
4374 -0.4531476434179552 -0.9096483031232838 0
4375 0.3357286781568054 -0.7303118262378621 0
4376 0.9497028103130092 -0.153186160306469 0
4377 -0.2561998032341416 0.3687737399981197 0
4378 -0.1913586622374472 0.5852366080462861 0
4379 0.9785425695238913 0.03369032778289902 0
4380 0.6899400511247546 0.1403077118458357 0
4381 0.9803270938446778 -0.2092560541377667 0
4382 -0.8945092187910437 -0.9790743003233706 0
4383 -0.1010554742106314 0.1939701589621923 0
4384 0.1110987487380365 -0.6952705189111393 0
4385 0.09152726820310217 -0.6788646953611727 0
4386 -0.979110915277651 0.8983207935954258 0
4387 -0.736135062912407 0.243604910139537 0
4388 0.5571154430741527 -0.09210484421966073 0
4389 -0.4997161020350948 -0.4980563967933429 0
4390 0.4113428579039206 0.8054000839034399 0
4391 0.6923756500748477 -0.4436826697175931 0
4392 0.5445671194164982 -0.9071974157821853 0
4393 0.6706261395388087 0.1850410890655139 0
4394 -0.08845336547590545 0.4789116031051642 0
4395 -0.7564795579616059 -0.5666385325204566 0
4396 -0.6389435992176267 0.8766179624211523 0
4397 -0.1258067199878009 -0.6479154722856643 0
4398 0.3770066419840477 0.1578098036408586 0
4399 0.3263107942329172 0.7706501978225395 0
4400 0.06250747864190209 -0.5782306306877815 0
4401 -0.2492719296297228 0.6501311693805496 0
4402 0.8122176794898602 -0.5023397633559713 0
4403 -0.5773473360186687 0.8373311882726313 0
4404 0.05376666305733536 0.140875653530041 0
4405 0.5467499922316619 0.02728913352736916 0
4406 0.8928187628965922 0.9421622031440932 0
4407 -0.720870892958942 0.6216826826233502 0
4408 -0.9211662701681789 -0.8612538484131463 0
4409 -0.518222074030804 0.2860572981826824 0
4410 0.6497400613798765 -0.5018787451118243 0
4411 0.7837670132200711 -0.137292537567727 0
4412 -0.1299841172695076 0.4754284360554156 0
4413 -0.08907348709430719 -0.7753850422996947 0
4414 0.8209895603117217 0.09562123494167218 0
4415 -0.09395677850423734 0.8767753748957501 0
4416 -0.05915014476558705 0.9806314260851068 0
4417 0.3350444361080872 -0.2344469659671138 0
4418 0.4807171527460116 0.9434183649807781 0
4419 0.1845296335327594 -0.6737553946420436 0
4420 0.8890055473867178 -0.9768482325455459 0
4421 -0.24961124703938 0.4935830537261348 0
4422 -0.1061714694698756 0.325255252095654 0
4423 0.3229556716485687 0.4183870149015576 0
4424 0.9444240266546639 0.2497191197892096 0
4425 -0.6173493620439356 0.9452874123279486 0
4426 -0.5357867334792321 -0.1497532760000429 0
4427 0.1306002594577555 -0.94361925012031 0
4428 0.9058173149600299 0.5032535941245511 0
4429 -0.5422646876219851 0.4951533830673719 0
4430 0.8438055748909654 0.8737464014143774 0
4431 -0.3356280599196544 -0.5895207513062044 0
4432 -0.2809786559590461 -0.3188549449167812 0
4433 0.8898123429593667 -0.8611424654970075 0
4434 0.2707686509552455 0.2324646134452313 0
4435 -0.03204077425128375 -0.9796536788195072 0
4436 -0.5784750955751983 0.3579314202063962 0
4437 -0.8103061264415647 -0.1098018810810367 0
4438 -0.06238109936087931 0.2606573766369769 0
4439 0.2305598309301176 0.07410748138781527 0
4440 0.2092853232046003 -0.8009503231601074 0
4441 0.7834079925573811 -0.783354071391305 0
4442 0.8516836535868562 0.5660498661749498 0
4443 -0.2326340169301127 -0.6522423838635731 0
4444 0.0341895339822215 0.9110453832164086 0
4445 -0.006165241871911129 -0.7546961496319616 0
4446 0.004111346806794937 -0.4496682141765947 0
4447 0.1194029850721828 -0.981266287573867 0
4448 0.9769829220147873 -0.4765540403665856 0
4449 -0.1995922759981112 -0.3660734151965416 0
4450 0.1511763234681662 -0.3487775200940426 0
4451 -0.5403909805312146 -0.1945152223238902 0
4452 -0.5305745427287114 -0.1075009693640042 0
4453 -0.4179104477628098 -0.9813076904073076 0
4454 0.9330904526687132 -0.4764120650908455 0
4455 -0.02193518350178563 -0.3889557077980857 0
4456 0.3589956768701936 0.6103471903318491 0
4457 -0.9806607789377896 0.6856793479876921 0
4458 0.2437641058428852 -0.3915223334984029 0
4459 -0.8988021752371763 -0.8927140143704814 0
4460 -0.8217019187948298 0.01203987818694064 0
4461 0.8750245195366223 -0.5358530587566772 0
4462 -0.6444866540218896 -0.125943012719037 0
4463 -0.5869996593387656 0.1618569294200165 0
4464 -0.6139430937225121 -0.007595216050197519 0
4465 0.8964271354860407 -0.6958707088185551 0
4466 -0.9157608992947088 0.8563621785242319 0
4467 0.6786752519733467 -0.1850368624359489 0
4468 0.6839668636109393 -0.8375433377151912 0
4469 -0.4892882767131929 -0.4039628215666233 0
4470 0.9808488895330552 -0.8958978514418088 0
4471 0.1283133549390964 0.2911176973982317 0
4472 -0.3523326952173778 0.3646414809484467 0
4473 -0.4093885671483151 -0.9381416051272877 0
4474 -0.1926370337079913 -0.8554624336507101 0
4475 -0.5453817709274322 0.1690119167239578 0
4476 0.875874510405844 0.8452202106053526 0
4477 0.5555584414228716 -0.06769947025266984 0
4478 -0.2403354252453707 -0.6955626071503812 0
4479 -0.05511153985443006 0.8857273821225902 0
4480 -0.3599696483375477 0.3411192633880782 0
4481 -0.2948461888772278 -0.5635163298881568 0
4482 0.9273212439668511 0.8969779460788425 0
4483 -0.9777905982161061 0.2043763208815614 0
4484 -0.3507859364722123 0.9784007459545563 0
4485 0.3540673556224766 0.3000442809874034 0
4486 -0.9466479675394596 0.9238768146281648 0
4487 -0.9058542196672283 -0.00906372300986265 0
4488 0.1815318516556223 0.08244013206377192 0
4489 0.8209825590536848 -0.9496660291820922 0
4490 0.9790445879826327 0.3620263890312018 0
4491 -0.744651315865611 -0.8917548588015465 0
4492 -0.3516282334201068 0.4376946692685311 0
4493 -0.4936305046047595 -0.1686263560947278 0
4494 -0.4807712759573283 -0.1887065899915903 0
4495 0.1669862150641469 -0.1530843142052769 0
4496 -0.3320424944831883 -0.4274494506754947 0
4497 0.7176574310454608 -0.2673850992583099 0
4498 -0.7921834849487018 -0.8895630687352301 0
4499 0.2145458869831798 -0.4589443959849133 0
4500 -0.8986868482091253 0.05271185322005106 0
4501 0.4218101240920439 0.4943105566745101 0
4502 -0.73537167326312 0.5524485180074282 0
4503 0.9322152650529478 0.6222356406665166 0
4504 0.5888332357440051 0.1696364291375982 0
4505 -0.6155304574621906 0.4967937000742947 0
4506 0.1153254970024289 0.01311716559125387 0
4507 -0.422063467799479 -0.292976072877899 0
4508 -0.008718932603319964 -0.1714330804616069 0
4509 0.576506558798021 0.3105335151052182 0
4510 0.8981644786355105 -0.59847184215378 0
4511 0.977585789678492 -0.03109866686849957 0
4512 -0.3198819522174604 -0.357253354351715 0
4513 -0.9770484468043709 0.2476058712812598 0
4514 -0.6463920141447743 0.3636842795128612 0
4515 0.3496011592770365 -0.8625760529973574 0
4516 -0.7749494313613957 0.2184634914269449 0
4517 -0.6736913399301577 0.0244616155698477 0
4518 0.7529036748295799 0.2744989225516481 0
4519 0.5214443871677026 0.2395510324696287 0
4520 -0.860839655989255 0.8298814035540377 0
4521 0.7959032047084326 0.09772641139628466 0
4522 -0.1904575127673053 -0.9153663538070771 0
4523 0.5179342421798578 -0.1544489398169905 0
4524 0.0195958382269745 -0.7563357267519277 0
4525 -0.9796736723157535 -0.2331198082963148 0
4526 -0.7177849415532427 0.5047444784077867 0
4527 0.6405624494065919 -0.2446021795905083 0
4528 -0.7143260798427588 0.3222193854208283 0
4529 0.3207935548926706 -0.4417780347841977 0
4530 -0.01849240496688209 -0.7750387677128512 0
4531 0.1888791365862789 -0.3580585901390884 0
4532 0.8130489483377793 0.9781945203623257 0
4533 0.7902593382749392 0.1237807811485549 0
4534 -0.7433375908131271 0.3946290099431407 0
4535 0.669857888936906 0.849396101739168 0
4536 -0.6110509123021848 0.3921911354960554 0
4537 -0.1064932051940399 -0.6125193094033934 0
4538 0.6924126374654027 0.5286568497274562 0
4539 0.818680942888659 -0.6894884361309708 0
4540 0.03410383592693557 -0.7376380948389084 0
4541 -0.7426207195539779 0.08099520687496423 0
4542 0.8204401816797368 0.6392820709757416 0
4543 0.5424453247855119 -0.2790145393823438 0
4544 -0.8321612231447846 0.7208014153465894 0
4545 -0.2972695145197518 0.4893292206908348 0
4546 -0.6160320299972972 0.9000132160503489 0
4547 -0.3312218263816806 0.2068112428915029 0
4548 -0.8697154436053129 -0.3515770700501747 0
4549 -0.538250093960962 0.008760680806103033 0
4550 0.6130252518049351 0.1576805347406913 0
4551 0.5682227188822606 0.8283902360693852 0
4552 -0.9416487244032454 -0.4705290551703026 0
4553 0.8751724588667265 -0.2724187858230182 0
4554 -0.5969103032518891 0.9807831942643037 0
4555 -0.8229918792590536 -0.06757148228893635 0
4556 -0.5001824086083994 0.9776684930728941 0
4557 0.3908154335766739 -0.2801988831919445 0
4558 0.2342386971288462 -0.8153813395603009 0
4559 0.2946706057055269 0.1830627430085195 0
4560 0.5299184324833482 -0.06077340692307443 0
4561 0.3708656165465961 -0.4357089137787453 0
4562 -0.8628710035202017 0.1137607579440544 0
4563 0.5135848137909791 0.3309331751300648 0
4564 -0.6008697655742572 -0.5949362151386181 0
4565 0.471501861027147 0.3789234427015404 0
4566 0.8583333482527954 0.3805778786455675 0
4567 0.5128634314139325 -0.5374150800003608 0
4568 -0.9152643710357534 -0.5122791415027627 0
4569 0.2243819185379927 0.04260796691628065 0
4570 -0.4416131622034741 0.3437324499798125 0
4571 -0.917223896406719 0.2097871380830592 0
4572 -0.8529640819431679 0.7888717931413909 0
4573 0.5649561410584868 -0.2114914218274788 0
4574 -0.2485634710603012 -0.7209597567017956 0
4575 0.8507362486283961 -0.1079806285313402 0
4576 0.8779858851590878 0.2658093959951776 0
4577 0.4515960858186308 0.5033936394666265 0
4578 0.4129578054653587 -0.130721712582502 0
4579 -0.2121874090172902 0.8708274275595853 0
4580 -0.009764547082686431 0.1148879520880141 0
4581 -0.9495718698166209 -0.0002704660433750962 0
4582 -0.9502812088875491 -0.07600344859022096 0
4583 0.08506255358186279 0.8708762039406895 0
4584 -0.2906515803313482 0.391592502667212 0
4585 0.9107329309672627 -0.2384258124931781 0
4586 0.6670136765208785 -0.7065451828596956 0
4587 -0.4488582042206769 -0.9527828183388192 0
4588 -0.4868131525618767 0.2112415888399005 0
4589 0.4729132770291004 0.8409525847566439 0
4590 -0.3199460263469757 0.3928741187139426 0
4591 -0.6201657251772131 0.2366335350581584 0
4592 -0.5540301869534954 0.04436641103343432 0
4593 -0.4763699682939276 0.302816286942085 0
4594 -0.4716506082566741 -0.3870177722696154 0
4595 0.6267340249666365 0.8647576043500833 0
4596 0.3527360302000852 0.3675796720566151 0
4597 -0.4242094068602545 -0.52430177913216 0
4598 -0.4160728892930555 0.4130675716525915 0
4599 0.09122354104101812 -0.7875004414481929 0
4600 0.6150896512526585 -0.2928253778467231 0
4601 -0.06697077753783538 0.3929203933552827 0
4602 -0.8385358376353966 -0.03080531763870113 0
4603 -0.9818892791618322 0.149253731345645 0
4604 -0.8174297378682953 -0.01877698050655576 0
4605 0.9276461517346251 0.4636450648102966 0
4606 -0.6619759755967061 -0.4808081831285013 0
4607 -0.6884875734926634 -0.8306143146937484 0
4608 0.7573769047874839 -0.7904007475660954 0
4609 -0.5363604876115099 -0.8991113810669591 0
4610 -0.1288714233613551 -0.3502042415374528 0
4611 -0.9792552281537206 -0.5452002090094669 0
4612 0.7761512106438219 -0.4369013618419348 0
4613 0.3323979063771111 0.7060579497451558 0
4614 0.0141644099544852 0.3424833340522426 0
4615 0.8581645042724357 -0.8200640382307763 0
4616 0.4063494749302649 -0.3559234992881118 0
4617 -0.9497887701661127 -0.9786389979028283 0
4618 -0.9126471209620826 -0.2080873383038909 0
4619 0.07043773222778103 -0.7179973227036451 0
4620 0.3928701236800602 -0.8831822265793283 0
4621 0.3068803431508167 -0.6622583109584635 0
4622 0.7198965174805222 0.9002210321612594 0
4623 -0.8462906307289711 0.9050137550605891 0
4624 0.7135723756693302 0.04015159152994153 0
4625 -0.7601125400099044 0.766474042371873 0
4626 0.5067262545217259 -0.3271137928411353 0
4627 -0.1873884411557251 -0.2871585659136296 0
4628 0.73939555789371 -0.504246975056204 0
4629 0.117494951827248 -0.8991452502087167 0
4630 0.5275757765084759 -0.8824759170353327 0
4631 0.06680392351706374 0.8385983892233015 0
4632 -0.09263488306871193 0.2285167438993243 0
4633 -0.4420717410346374 0.2257515216972013 0
4634 -0.8307963851511152 -0.3703725651959196 0
4635 0.5272017911735806 -0.4955442793853488 0
4636 0.4492112810866631 -0.1104922064594202 0
4637 0.08909786521308741 0.3124808824434341 0
4638 -0.7474174091645759 0.3706865560851837 0
4639 0.01888134607936749 0.2402543231411657 0
4640 -0.393406953317967 0.7476440216247646 0
4641 -0.8597931366735392 -0.9145017888441607 0
4642 -0.06070004752856796 0.4331117808565864 0
4643 -0.9797412635812622 0.03314208731784212 0
4644 -0.6633643055512591 -0.9781544365737563 0
4645 0.2688058903846539 0.1874058433439958 0
4646 0.5542340091987766 -0.1402347344084241 0
4647 0.7507335889597745 -0.9423652479658348 0
4648 0.06770871842979861 0.9375141995557276 0
4649 -0.1361497464227676 -0.9504928521676841 0
4650 -0.5021035661706154 0.8048366451258812 0
4651 0.8937290386524288 -0.09624671343426759 0
4652 0.2487484288890562 -0.4964748462749213 0
4653 -0.2513495648843121 0.2269240067121301 0
4654 0.1938690123258764 0.2622229695539611 0
4655 0.6599892072966629 -0.3203917288709111 0
4656 -0.2210422757960665 0.8236680568165421 0
4657 0.08035048065817295 0.001059046790778989 0
4658 0.6178457605113653 0.9134753998008132 0
4659 0.376658384813928 0.8234863122347131 0
4660 -0.3932435286039295 0.3743160722016472 0
4661 -0.8251378605329815 0.3094713145048277 0
4662 -0.01068353386366999 0.9041350501935274 0
4663 0.46741947602718 -0.4341364057726694 0
4664 -0.3852463122368887 -0.7437122001251358 0
4665 -0.808180440855684 0.5180104887977588 0
4666 -0.7896255853937736 0.4995513616140751 0
4667 0.8551085676479127 -0.2912877840360656 0
4668 -0.135217929732679 0.3496070640147947 0
4669 -0.5157736039354556 -0.7393460045453066 0
4670 -0.711427235487388 0.6690076612473235 0
4671 0.8526969265135682 0.3161567585805883 0
4672 0.5106686496954536 0.1032374533125678 0
4673 -0.3886651396710472 0.8127786361214522 0
4674 -0.9762853293897411 -0.8356988905598577 0
4675 -0.1866851480973255 0.4702132839169957 0
4676 0.09037154485862375 0.1583932693194114 0
4677 0.4551020820800515 -0.2787687258484324 0
4678 0.4239542128017891 -0.3127939823306827 0
4679 -0.8460112645283732 -0.6776165932995789 0
4680 0.4006644341050397 -0.3164292192973261 0
4681 -0.6316264835858902 0.6430726072004807 0
4682 -0.8719931234120897 -0.5178022606375039 0
4683 0.1312299044046634 -0.6611634263690578 0
4684 0.3288660684659315 -0.4162748106702676 0
4685 0.7099369652260528 -0.06932757944052807 0
4686 0.7534352208761537 -0.1416943845119472 0
4687 -0.09486276204542647 -0.2535945132081716 0
4688 -0.6882425537625323 0.8737710594138505 0
4689 -0.05651952487319299 -0.4064744775367832 0
4690 0.3838877861180305 -0.9789754744285075 0
4691 0.8040062388928171 0.2493825502666475 0
4692 -0.9430834205013177 0.8845181547373323 0
4693 -0.6835298802399531 -0.4375155786269614 0
4694 -0.8085756658777367 -0.8457129856948034 0
4695 0.1948128529628539 -0.5343214969204099 0
4696 -0.1230463608445566 -0.5715230330934556 0
4697 -0.6038484202934002 0.7078252680929714 0
4698 0.9248966891506761 -0.6046238194481359 0
4699 -0.5595521008114939 -0.9119560495674596 0
4700 0.4174265630537095 0.9791675739694121 0
4701 -0.4135477845951318 -0.835948495444464 0
4702 0.6374956490676248 0.05534592151861341 0
4703 0.01218541618737282 -0.4915066144583108 0
4704 -0.7474184256842864 -0.7774217399993002 0
4705 -0.4366659497719881 -0.2543791319459596 0
4706 -0.7826933180212223 0.9783662785482279 0
4707 0.5244844613651967 0.9441754538993428 0
4708 -0.03964062845529354 0.1821555100225023 0
4709 0.4445349002294962 -0.7679630500458623 0
4710 -0.9100657478537602 -0.7234385224798934 0
4711 -0.7092639827481898 0.3456890972117041 0
4712 0.4988937524083813 0.9778548570573424 0
4713 -0.1450591442200348 0.8258872258204629 0
4714 -0.9000983296651084 0.9430700427818111 0
4715 -0.809913376731466 0.8811612307429563 0
4716 0.03260191621533459 -0.9838281318011454 0
4717 0.5637485032062126 -0.4640064335524289 0
4718 0.2247309954570356 -0.6513446003972527 0
4719 -0.1689145586700962 0.8225280150014248 0
4720 -0.1431739845498808 0.9785894538776543 0
4721 0.2079519094585272 0.9100994809017324 0
4722 0.5406776460133988 0.8492779923131814 0
4723 0.9448295088030989 0.3832311309240825 0
4724 -0.6087846082037344 0.7440227150882551 0
4725 0.6671563454863658 -0.6215111603837338 0
4726 -0.940008657158078 0.4577757929121997 0
4727 -0.2754541015665716 0.9418318252716087 0
4728 -0.3195138342159133 -0.4507695559647346 0
4729 0.1669023444912069 -0.7960374736954769 0
4730 0.3111247631252638 0.8019108535538938 0
4731 -0.8669114975716764 -0.8018450598985926 0
4732 0.7371035619844551 -0.7691517058279438 0
4733 0.6811047878255947 0.945672273385014 0
4734 0.4414891273381024 -0.8544493388729157 0
4735 -0.7886779161315419 -0.3213027882039859 0
4736 0.2849682416071128 0.7578833243978398 0
4737 -0.8869619781926493 0.7570404528358107 0
4738 0.914216048570478 0.1178036605917324 0
4739 0.8218491089902654 0.4987823096548386 0
4740 0.7968121188956978 -0.4048286532933907 0
4741 0.6950346044660295 -0.5086710549506542 0
4742 -0.7873875525504842 0.3118031903840082 0
4743 -0.6865671641782355 0.9823672788690426 0
4744 -0.7861142902628535 0.5496955958616285 0
4745 -0.02324390110987108 -0.9396708413912308 0
4746 0.5074626865657972 -0.9823774465656367 0
4747 0.787685077869089 0.1747161072334998 0
4748 -0.1599347275192247 -0.8833482241022236 0
4749 0.9344927965536542 -0.8020740479030943 0
4750 -0.7594034095991955 -0.4219465111688318 0
4751 -0.7108418197876176 -0.3267143137315607 0
4752 -0.1595678094468703 -0.3779145287376989 0
4753 0.01212518713696605 0.2094194480040702 0
4754 0.7065209008915139 -0.4034463460343229 0
4755 0.8468418767090646 -0.128084001847266 0
4756 -0.4863300240482942 0.3999654732521796 0
4757 -0.6333577588225422 0.6830700462015759 0
4758 -0.563107214401857 -0.8661267966046131 0
4759 -0.6473451068148549 0.6644612488083755 0
4760 0.7105014995611132 -0.7886588203806194 0
4761 -0.4485533848288178 -0.3845539004833408 0
4762 -0.8989413885551886 -0.411239481237323 0
4763 0.357421216125007 0.5356548466900055 0
4764 0.2813383591612479 0.9512148117597725 0
4765 0.4534339416463025 -0.9788947746844293 0
4766 0.5631647703626427 0.9796758719646694 0
4767 -0.4931930724624086 -0.8942422368577674 0
4768 0.1853848560283105 0.02393217557703341 0
4769 0.5133510485854562 -0.08453997787520483 0
4770 -0.332880463054514 0.5149862604483619 0
4771 -0.1683999623662427 0.5834004243434748 0
4772 0.1102980464646544 0.2683530550644219 0
4773 -0.6018833601581182 0.1431963721752137 0
4774 0.0001836363313704749 -0.3677611456064275 0
4775 -0.5502840249410261 0.3538730415640234 0
4776 0.130612045427344 -0.3369831991437576 0
4777 -0.1890142470757264 0.6815013936247599 0
4778 0.7815670973498451 0.005460104808922006 0
4779 0.9785864120652359 -0.9785864120652827 0
4780 0.2088031848958217 0.3909561443749667 0
4781 -0.05268916212815912 -0.9437740335068923 0
4782 -0.712231280413168 -0.4085565849031007 0
4783 0.8297088813310343 0.7049837767548403 0
4784 0.7642893584733788 0.1735348366685632 0
4785 0.9446772798472696 0.6388694500768695 0
4786 0.3792421893668455 -0.6050875863519019 0
4787 -0.7786056752457617 0.005372686833486046 0
4788 -0.4641541761657667 -0.540508704590439 0
4789 0.2802584033168621 0.7818379241746903 0
4790 0.2601547636479213 -0.3421815850828997 0
4791 0.7914141887804471 0.7068288844396973 0
4792 0.617679446283416 -0.5559821584069328 0
4793 0.5738300131716564 -0.5667318392249353 0
4794 0.4969131422725679 -0.3904812944046318 0
4795 -0.5649645928319552 0.7911876501997798 0
4796 -0.1274555934078821 0.4543003379007154 0
4797 0.708458540952784 -0.1813140641921906 0
4798 -0.6275096937509244 -0.3762220527525951 0
4799 0.4525217392253097 0.8234900447796609 0
4800 -0.6780510733976975 -0.1567596516406778 0
4801 -0.9421407888258553 -0.2968009161396324 0
4802 0.6670278714945064 0.09758142540475753 0
4803 -0.9555211794968126 0.4019611696250779 0
4804 -0.7405641391110006 -0.8027783973609283 0
4805 -0.6383955551850612 0.404747461937114 0
4806 0.8893582087022099 -0.04314671420438619 0
4807 -0.6426531858180649 0.4590319544017383 0
4808 0.1534442430534824 -0.6964962595353178 0
4809 0.9166801392918356 0.2561104346669369 0
4810 0.6308063714654992 0.1799747853417871 0
4811 -0.3823901433218745 -0.785314738733823 0
4812 -0.3693155109457743 -0.9545225233355638 0
4813 0.3440383590977616 0.49446467695296 0
4814 0.8557256001986835 -0.8478689457091337 0
4815 0.120024490902677 0.8953584836505273 0
4816 -0.2359839373767605 0.9454499869731275 0
4817 0.8723922749855723 0.2418518963324425 0
4818 -0.7163640606552273 0.2800164087657421 0
4819 0.1983711073453298 0.9501406336540996 0
4820 -0.8535822475750816 0.9485409920908033 0
4821 -0.8603045536752105 0.07640164061157864 0
4822 -0.6175619215174684 0.7235961334094125 0
4823 -0.7285430694552769 -0.3758070978053035 0
4824 -0.4629684935391101 0.7800563177040047 0
4825 0.6930307300033189 0.9165073531861292 0
4826 0.4348508932980948 -0.4696289524336794 0
4827 0.9426856640044224 -0.9120873484419378 0
4828 0.8354016308897918 -0.01134762186514257 0
4829 0.4777665589089931 -0.150486323003251 0
4830 0.1437343818582343 -0.379691704473021 0
4831 -0.3888344433799946 -0.5490041330285531 0
4832 -0.07014054518309698 0.9400309712173706 0
4833 0.6632766224398161 -0.2462781169653208 0
4834 0.2593296008272531 0.8180968567979898 0
4835 0.9471287828818888 -0.5416898167286179 0
4836 0.6357893431085372 0.3971570049868266 0
4837 -0.7222207209926987 0.1052898223059676 0
4838 0.979807373803375 -0.00720954059089057 0
4839 0.4091359855963873 -0.02199911207283256 0
4840 -0.5979906203673887 0.6069256908865386 0
4841 0.2228447608441261 -0.406765298014492 0
4842 0.4879426696156228 0.1057547266896602 0
4843 0.09145725250129069 0.8039554535231689 0
4844 -0.5642061921886744 -0.7283139067099187 0
4845 0.6461599827267055 0.3157001190930447 0
4846 -0.0597308428504417 -0.8365194587077028 0
4847 0.8795777988721565 -0.7425139481600189 0
4848 0.07295123280542219 -0.3001867574809196 0
4849 0.6105910564952646 -0.7270074528791207 0
4850 0.5916348447984249 -0.7234545919373448 0
4851 -0.557710875522391 -0.9378420357724466 0
4852 0.2612769449393532 -0.3145353917423022 0
4853 -0.9003176579992869 0.34635263682869 0
4854 -0.8875217533528919 0.3250625607255638 0
4855 -0.6490835568111762 -0.6199117937099603 0
4856 -0.6525679017571914 -0.6002811357073474 0
4857 0.7829716957649998 -0.095730922084043 0
4858 -0.6825494321966324 0.1188428579338281 0
4859 -0.9787118644256971 0.8127251814399845 0
4860 0.8566551812958921 -0.3415459647678748 0
4861 0.478507137547559 0.7673512530798102 0
4862 0.8190021896940591 0.3868771386002339 0
4863 -0.8835752751407786 -0.7200668305937105 0
4864 0.6755146622482977 -0.9783164713227641 0
4865 -0.5328606127703408 -0.9428974898857283 0
4866 0.4139702288775087 0.3435520335678823 0
4867 -0.1761131817765559 0.7056636644534428 0
4868 -0.135449557744928 0.2115853666182646 0
4869 0.05320139250500271 0.0693754341241247 0
4870 0.9427705852573993 0.7435436344567435 0
4871 -0.7537470226532769 -0.6745290678506698 0
4872 -0.09544395604721659 -0.2895818260552616 0
4873 0.5053668331939664 -0.3506622210222523 0
4874 0.2039483401595356 -0.1605300697323826 0
4875 -0.8971104602172546 -0.3123953005951268 0
4876 -0.3447410060299446 0.9264580480796383 0
4877 -0.4384479681115221 0.6514491904506718 0
4878 0.8113383909818181 -0.1307327888886275 0
4879 -0.5957141015157229 0.2876161460956912 0
4880 0.824012396601328 -0.9774933130657446 0
4881 0.9038827489033567 -0.1663775346993254 0
4882 -0.6117055239432007 -0.6375406439345147 0
4883 0.1389809284908626 -0.45913855786261 0
4884 0.9416371516051074 -0.07592460184969209 0
4885 -0.9101426647531532 0.2524384403086197 0
4886 0.4469942640018714 0.5276614891895166 0
4887 0.6956461861024932 0.3701532821506618 0
4888 -0.551135691631933 0.7467463919719597 0
4889 0.2533404885694261 0.4177155842926005 0
4890 0.3943284430927012 0.8451803599835802 0
4891 -0.9543371382443808 -0.0461949118531948 0
4892 0.5372007056646924 -0.4548462165206587 0
4893 0.002356796432048002 -0.1952315635776644 0
4894 0.8626713159763297 -0.5790079057134281 0
4895 -0.1323914421626347 -0.2679957456215352 0
4896 0.5041159955660715 0.9137862254666246 0
4897 0.9822805735304007 -0.2986504931365331 0
4898 0.5448454624127361 -0.1820868613043741 0
4899 -0.8281490463740534 -0.7785201213745367 0
4900 0.5992743814782339 -0.2247780187388284 0
4901 0.8557452333081863 0.360437239659057 0
4902 -0.5243522120453638 -0.7133154218229405 0
4903 -0.8262311367158722 0.2886489880125409 0
4904 -0.6554011021832564 -0.7318972315553161 0
4905 -0.7503950513490547 -0.2046984247013557 0
4906 -0.1965175797396893 0.5071799098138505 0
4907 0.6191688502384697 0.3832679340919198 0
4908 0.6183210067762025 0.2932198764173227 0
4909 0.4054101955239107 -0.7645694613630479 0
4910 -0.689592018211695 0.1727582210753189 0
4911 0.3770412891131947 -0.2089808393541984 0
4912 0.588333915635555 -0.8856159319484516 0
4913 0.6021331328351927 -0.8687910624833277 0
4914 -0.8216853504385556 0.9029878521781027 0
4915 -0.9453453328975087 0.02910041238260601 0
4916 0.3097769328896199 0.6579129419276597 0
4917 -0.4354232779411801 -0.9339897883050954 0
4918 0.6728714623989381 0.03919865918068032 0
4919 -0.8406039895710019 -0.9532638950251295 0
4920 -0.4492355598448711 -0.6211850110058921 0
4921 -0.0508135979313877 -0.7959687036016567 0
4922 -0.9330497724264689 0.9047777514336658 0
4923 -0.9269273062215221 0.3411897175191308 0
4924 -0.4059234674877207 0.8784643512978296 0
4925 0.9120677987432533 -0.7692989767978187 0
4926 0.06045765116251957 -0.2811670664683684 0
4927 0.430629112254738 -0.3509678401870387 0
4928 0.48575952254204 -0.2152058146667026 0
4929 0.6159588028958856 0.08504935033308499 0
4930 -0.692294101283328 -0.546597347642666 0
4931 0.4569575825177655 -0.6129934988422895 0
4932 0.8048479905050259 0.5704462330279976 0
4933 0.6105629286995968 -0.5790352549451472 0
4934 -0.4127684217067377 0.1902625070425587 0
4935 -0.007135860518710097 0.3596079928820766 0
4936 0.1900222377709548 -0.7647468979155673 0
4937 -0.1878106803857907 -0.6153981033958809 0
4938 -0.4560283505265904 0.8214730694940077 0
4939 0.6896587924286524 0.8785360167132961 0
4940 -0.4188801868673225 -0.4311866881572101 0
4941 0.0004399078489575158 0.9807706708358632 0
4942 -0.1867807896544551 0.8412967649241525 0
4943 -0.2996748399389976 0.6930701136451325 0
4944 0.6158568016384814 0.5057089592218795 0
4945 -0.02342795244920595 -0.222617702638374 0
4946 -0.8425285321406187 0.7656221961023573 0
4947 -0.8629789306549296 0.7479277603773273 0
4948 0.527476322061287 -0.3148572660517197 0
4949 -0.9451776385303681 0.6156386200967991 0
4950 -0.3415841763294208 0.2281238970624255 0
4951 0.1289843040866438 0.9773036708940968 0
4952 -0.4931020443719447 0.6556505008408743 0
4953 0.820500542443933 0.02489343164078 0
4954 0.981958608474353 -0.08876219417071901 0
4955 -0.4293222312296501 0.5995861823959139 0
4956 -0.5815254732586634 -0.6634651286377771 0
4957 0.2381215936139731 -0.005301284677312742 0
4958 -0.7034745137298807 -0.78717957769355 0
4959 -0.8932638010594386 -0.2723872071027729 0
4960 0.2410664257151403 0.8550087201374743 0
4961 0.2388059701471411 -0.9831396576479027 0
4962 -0.167161384385081 -0.7759850529994565 0
4963 -0.9803356265062139 -0.3032210345745283 0
4964 -0.9502467459188775 -0.6247471703506766 0
4965 -0.6080631985365563 -0.4895641092025814 0
4966 0.6733337548598871 0.464808239450907 0
4967 0.4854349052851211 0.2504701602293509 0
4968 -0.02849781258505426 -0.6264713322464237 0
4969 -0.5431337004787392 0.5381603323102995 0
4970 0.5495737490761718 -0.783905839977491 0
4971 0.6795268648337562 -0.9423814397283365 0
4972 -0.1315983196262716 0.5170546410405781 0
4973 -0.6240672773112345 0.7631217231001157 0
4974 0.599120932004234 0.2179771785639021 0
4975 0.9492394092546148 0.5183243297679871 0
4976 -0.0969125753452182 -0.8943558550993695 0
4977 0.8793821380549516 0.139648837083112 0
4978 0.9497961226263496 -0.2318755943383187 0
4979 0.4239289955263588 0.670821933320329 0
4980 0.7336118416549882 0.1535929598024739 0
4981 -0.2556163437656707 -0.5806617928570758 0
4982 -0.6705725023832816 0.5262812437970966 0
4983 -0.758477038225567 0.4456221805399426 0
4984 0.2586978434732851 -0.0817427439838832 0
4985 0.5903999155272034 -0.2789664718582597 0
4986 0.01018878767733632 -0.3390891658793534 0
4987 -0.9832024982765283 0.4477611940313834 0
4988 -0.6486197400050835 0.2733471473981218 0
4989 0.1161722235155444 0.8395523669282163 0
4990 -0.1854941583012922 0.3164383753820504 0
4991 -0.3249495313523365 0.3657754748506749 0
4992 -0.6113526057624286 -0.7845125863899084 0
4993 -0.6577497297118495 -0.01363923828505965 0
4994 -0.05934403818546585 -0.2824753922764841 0
4995 -0.4057788294104321 0.4725841269800839 0
4996 0.3813619142307881 -0.2592704864549789 0
4997 0.8819647879527739 0.5409375327540912 0
4998 0.8855452210013205 -0.1471280113893361 0
4999 0.2956694069954746 0.6936698890363724 0
5000 -0.5047931115947594 0.3045621857931347 0
5001 -0.1815816094995018 0.9250489087939198 0
5002 -0.2611342097866438 0.8557027452268502 0
5003 0.7085425340911345 0.5467671394304336 0
5004 -0.271727035879945 0.2598531504579777 0
5005 -0.178127360774162 -0.585352296837459 0
5006 0.4147424175746324 -0.08629688076347888 0
5007 0.323934706398432 0.3653562617981265 0
5008 -0.618625957538574 0.1846192545266091 0
5009 0.451387623972308 0.394944530086046 0
5010 -0.8796351656608026 0.1925155108054588 0
5011 0.6490654011587987 0.4555938129855978 0
5012 -0.6160499096379569 0.212202234628651 0
5013 -0.6933367253139062 0.9472402469936478 0
5014 0.3965443939741157 -0.5855431058626541 0
5015 -0.8766350476277841 0.5806175283809418 0
5016 0.1825706977643607 0.8665430577205754 0
5017 -0.2899433756531011 -0.2777901043682373 0
5018 -0.1407053748446809 -0.5095317598290661 0
5019 0.9789883490581867 0.4546683746979449 0
5020 0.1208441119223152 0.05813128152967146 0
5021 0.5658550217741445 -0.422395018629273 0
5022 -0.1854849502440121 0.3429569693053675 0
5023 -0.4439434870117879 -0.3554433789570169 0
5024 0.09088060335241889 -0.047819542874826 0
5025 -0.5076939777094578 -0.8207823434024782 0
5026 -0.7487456104678267 -0.3414231744055441 0
5027 0.4449499622758083 -0.2221358987663199 0
5028 0.3030288118132258 0.158121365668345 0
5029 -0.4998324762719405 0.526257623309887 0
5030 -0.3337962155805736 -0.9392769070535287 0
5031 0.2930207368638678 -0.6907695588128266 0
5032 -0.7960168243210677 -0.5593124420294295 0
5033 0.6943275250733028 -0.663199884275647 0
5034 -0.4645559425454192 -0.2928631487438882 0
5035 0.08849746883309535 -0.4342032944126638 0
5036 0.3428327163639824 0.9263207737902004 0
5037 -0.7965996942689467 0.5672193403716266 0
5038 0.09304627836293441 -0.8963042511810272 0
5039 0.9769684399763292 0.5184288146430789 0
5040 -0.5204812410827393 -0.2618869325358583 0
5041 0.5833292294951429 0.858808777190059 0
5042 -0.8966917167276076 -0.2296720145268892 0
5043 -0.003058693070251148 -0.7154369517667023 0
5044 0.7243936368306205 0.943005567954608 0
5045 -0.5304876692469405 -0.5653262914883892 0
5046 0.4122972160713428 -0.04568398202718397 0
5047 -0.4390519739783505 -0.6719063764013566 0
5048 0.08605048337371898 0.9532970410517315 0
5049 -0.153759151865078 -0.8450045426801323 0
5050 0.6863332236223496 -0.747685826845534 0
5051 -0.7530376656333796 0.8080398727449284 0
5052 0.9552238805968903 -0.98344478034646 0
5053 0.9819590783530043 -0.9551198026871731 0
5054 0.9135354299614135 -0.466731514764317 0
5055 0.05688267500646489 -0.5375108901659195 0
5056 0.6531424858143662 -0.8679416813985519 0
5057 0.2296895764584606 0.2343275287974667 0
5058 0.7810261710388982 -0.1766204306039133 0
5059 -0.6870554314355078 -0.9479915853305645 0
5060 0.787623457150197 -0.3030503678567747 0
5061 0.337006698963158 -0.2118231428014202 0
5062 -0.1210836506462678 -0.5451918919129519 0
5063 -0.5872790717149446 -0.6401094947561181 0
5064 -0.9465799477385326 0.2303955422228803 0
5065 0.2041636802408032 0.3637386153246633 0
5066 -0.3451049838688457 0.4027173705024432 0
5067 0.02471725522617281 -0.07893119075240748 0
5068 -0.5604901346095729 0.06371622333303995 0
5069 0.6589889862597893 -0.5479690674457174 0
5070 -0.1998455093560883 -0.8146293852011807 0
5071 0.3177758557950325 -0.9490035505959057 0
5072 -0.6713957328945007 -0.6902232345410912 0
5073 -0.05360641889140023 -0.4489045775542121 0
5074 0.5450049984896402 0.4848971773400749 0
5075 0.8359917235392706 -0.06404887712200223 0
5076 -0.0006174870586252001 0.8129620489627329 0
5077 0.5775842191908594 -0.4431026788223736 0
5078 0.2395735876432658 0.9417452114267126 0
5079 -0.9822287289217631 -0.6881458399690807 0
5080 -0.7135709128116237 0.01624259430444838 0
5081 -0.9352835938862798 0.1494691166730226 0
5082 0.8328873045956915 -0.4285470011316632 0
5083 0.5835606937091177 -0.3488320565412156 0
5084 0.4307854321026023 0.3849836538846677 0
5085 -0.406720211593586 -0.3672667693604501 0
5086 -0.980074172316897 0.9500988813955781 0
5087 -0.4992485509749275 0.9137056709088157 0
5088 -0.8717672429673615 0.02111750257159112 0
5089 0.5112903099701724 -0.5698657651994921 0
5090 -0.3683169715390666 -0.3644129437455808 0
5091 0.3249383057324703 0.3348219773214467 0
5092 0.2961933745491549 0.8789864299697783 0
5093 -0.2194717440821652 -0.5872791847525684 0
5094 0.4043370869463653 0.647464321381708 0
5095 0.4254089163845792 -0.1078893713038562 0
5096 0.6032980365489932 -0.4400606956770874 0
5097 0.03757853703407562 -0.6968468993514227 0
5098 -0.7587778343229741 -0.06819801068909577 0
5099 0.3587930838753964 0.1399990364301145 0
5100 0.8684664591641941 -0.3960220246564756 0
5101 0.04600156179330631 -0.1441959111540231 0
5102 -0.7854483784665101 -0.6983524355314723 0
5103 0.1175296831747903 -0.3765895753253731 0
5104 0.4320467656651416 0.4254241857375832 0
5105 0.1067445641900845 -0.3948932445265353 0
5106 0.7261889922634157 -0.8364741978800595 0
5107 -0.7207911766235822 -0.5851667247979447 0
5108 -0.5094921951088721 -0.03258252237466979 0
5109 -0.770213022428349 -0.7403615169309808 0
5110 0.1885877061262801 -0.6457519499484025 0
5111 0.5144147428897484 0.2825235379702309 0
5112 0.4651193077347791 -0.7256965713675958 0
5113 0.3018842135018776 0.9006754852528949 0
5114 0.538302593416085 0.8998132467412839 0
5115 4.189918806867541e-05 0.7751029069891429 0
5116 -0.8369758031529867 0.8321150672099387 0
5117 -0.3175141726243498 0.9563385562340461 0
5118 -0.5294462733641746 -0.8421791081083347 0
5119 -0.5749935006182978 0.003470245758158156 0
5120 -0.9263646322359449 0.7778499504920789 0
5121 -0.2494348634232715 -0.5402337996388988 0
5122 0.07655971338094181 -0.8131141827682146 0
5123 0.4638934848617429 0.8613188315288983 0
5124 0.4564367470545287 0.6078984764687103 0
5125 -0.8190322913048359 0.7994144984542019 0
5126 0.05970149253992346 0.9837574352937996 0
5127 0.7133668339886465 -0.9546424039949878 0
5128 0.954427353415464 -0.5069215718532778 0
5129 0.5035446114636714 -0.9032702469913679 0
5130 -0.220560190645185 0.7825598260187225 0
5131 -0.2019761023612745 0.2990156962804666 0
5132 -0.6512649749842552 -0.6588222282839515 0
5133 0.1984169551687626 0.3211439765812901 0
5134 0.2945373862686311 0.4166457485268238 0
5135 -0.7544648782662302 -0.3938946978420058 0
5136 -0.6658318006125643 0.9441562243182382 0
5137 -0.79793891421699 0.01974212746370568 0
5138 -0.621909864482397 0.1044200686413882 0
5139 0.263494386948859 0.8858093439202487 0
5140 0.4358224817916522 0.01384389941327755 0
5141 0.3704137716770575 -0.847359050872904 0
5142 0.6680048322763547 -0.03767137613330589 0
5143 0.7794292699349048 0.02769378586828172 0
5144 -0.5228537257528798 -0.6489314665761261 0
5145 -0.06336196942123425 0.3483651755359203 0
5146 -0.2614925396483241 -0.7745700910438666 0
5147 0.419347579367449 -0.4819831752802145 0
5148 -0.1950650381305974 0.2502718847720428 0
5149 -0.2389376923919685 -0.8625979819695851 0
5150 -0.8334505087229596 -0.8501294002144903 0
5151 -0.8390474015524796 -0.7342361334169411 0
5152 0.005390130743546886 -0.8344445454389569 0
5153 -0.1942466796005534 -0.4351187154325121 0
5154 -0.7071806169012331 0.891750754607433 0
5155 -0.227998907464105 -0.4121373318560596 0
5156 -0.9821868960768285 -0.4152184647667911 0
5157 0.1392813417468846 0.8543278292931338 0
5158 -0.351778142046202 -0.8121578686986389 0
5159 -0.5697525427074708 0.4488769055488775 0
5160 0.3283582089533599 -0.9837868650695866 0
5161 0.9792590710507535 0.7085886171714648 0
5162 -0.1447794345815555 0.6803841172111118 0
5163 0.3623927521550869 0.4083540235276986 0
5164 -0.2273925219803202 0.4048518107698686 0
5165 0.6250342613561539 -0.6947564993416397 0
5166 0.9083212788021625 0.889586904497063 0
5167 0.03632806012499298 0.1007555611188242 0
5168 0.794828208535433 0.4720378417198342 0
5169 0.979092661945327 -0.7083944580244744 0
5170 0.02495995637187137 0.3804994815854351 0
5171 0.7515558691248347 -0.8479528339226241 0
5172 -0.3046773365097253 0.2743221523127704 0
5173 -0.9792670425067368 -0.6485912221466137 0
5174 0.8570165631117413 -0.4961617950797986 0
5175 -0.5976782975471636 0.9354760647565978 0
5176 0.9050468140509705 -0.5586556218058225 0
5177 0.9828276424452917 0.2705647825710052 0
5178 -0.5199786418058533 0.239558977870074 0
5179 0.7764396225538788 -0.5981800767767047 0
5180 0.09763925193379408 -0.9798450936411982 0
5181 -0.9807824779094536 -0.952130460881772 0
5182 0.3447419836939357 -0.577121723621596 0
5183 -0.54625461098921 0.772639464511133 0
5184 0.3573504335372794 0.8617902190370134 0
5185 0.8231345870362784 -0.3703209088182315 0
5186 0.7975310628702814 -0.947429012848336 0
5187 0.2507635640961851 0.03873842347488229 0
5188 0.4632603130689276 -0.92323080094006 0
5189 -0.608240902684166 -0.4463288492203172 0
5190 -0.417066712971593 0.717147004455005 0
5191 -0.7501236718724243 0.2047487432177392 0
5192 0.09308092137952073 -0.3164274034043878 0
5193 0.2492290584330721 -0.1613093133413953 0
5194 0.5405039232638554 0.3746116191392177 0
5195 -0.77848911763076 0.8534032135505679 0
5196 -0.4621868117966634 -0.4528373861844243 0
5197 -0.4514246530146412 -0.4908733223627071 0
5198 0.9185297834140531 -0.5251832735982377 0
5199 0.1233736821033466 0.3355812091618985 0
5200 -0.6588421490935483 -0.3872877981358466 0
5201 -0.4053940998169075 -0.8569638789432346 0
5202 -0.4795429647555446 -0.8564251758491064 0
5203 -0.5008561539947225 0.8365994211463136 0
5204 -0.7869664525792521 0.3905575416002897 0
5205 -0.9498672315728314 -0.1199321069255614 0
5206 0.3027782854721573 -0.7663019441034424 0
5207 -0.916207220281035 0.7109333526204834 0
5208 0.3276110161722586 -0.8002485349943408 0
5209 0.5353167327676586 -0.5326741071940621 0
5210 -0.885983038201352 -0.02483659049505436 0
5211 -0.7033949441084243 0.1412377719385873 0
5212 -0.6139015780789481 0.5721370862940479 0
5213 0.1025884834833687 0.9127911684925194 0
5214 -0.7277334148940647 0.05934717367372408 0
5215 -0.8924070889533693 -0.7654776474106041 0
5216 0.1525758355701348 -0.5452120465225482 0
5217 -0.720507598430451 -0.4500234752044797 0
5218 0.314557681407965 -0.1421069307407804 0
5219 -0.4522316105689189 0.3673883812453971 0
5220 0.1417526737147768 0.9073395186185168 0
5221 0.04184969879511201 -0.3699551573561511 0
5222 0.5467157928305543 -0.7049849855864362 0
5223 0.601164247309335 -0.6835462679170609 0
5224 -0.6486060250891436 -0.4126332144558756 0
5225 0.7595284866615284 -0.01046527165146348 0
5226 0.6474029284017505 0.03454721974220093 0
5227 0.7296862615787975 -0.6949936184380394 0
5228 0.446918232361846 -0.1812170959736456 0
5229 -0.729294424542039 -0.5655812274650411 0
5230 0.03774072111509529 -0.4763312064075141 0
5231 -0.3722614545881343 0.4367668525978046 0
5232 0.2683336585018835 0.09341149704351499 0
5233 0.7747852750209812 -0.8878659252618781 0
5234 0.4404658501911172 0.0578736181747609 0
5235 0.05486101854387097 -0.4926020285614925 0
5236 0.922634645506526 -0.364963109415902 0
5237 -0.9544466553563202 -0.8862945260042394 0
5238 -0.8098851489436979 -0.9362649618980742 0
5239 -0.1765897038361569 -0.4427800961281828 0
5240 -0.5805788745380126 0.3232948745459083 0
5241 0.1819822015966764 -0.8440846415396761 0
5242 0.4057890335988659 -0.7441742275590608 0
5243 0.3029856990609555 0.4868973627429796 0
5244 0.6410027212305561 0.8307575538882377 0
5245 -0.2541623598639444 -0.4662667456260721 0
5246 0.316767906818949 0.7277114374604945 0
5247 -0.9374640788581963 -0.9057604046168042 0
5248 0.3589890550573336 0.254775204437225 0
5249 0.5999389414369836 -0.6543311555284571 0
5250 0.7382871200031786 -0.6130540046924933 0
5251 0.12951489793578 -0.8045576993830121 0
5252 -0.7634179204678095 -0.2892884366142846 0
5253 -0.1151213254853429 -0.9094372283579942 0
5254 0.380683688957181 0.9031993776711211 0
5255 0.5328386080075281 -0.8508533144548838 0
5256 0.06261539599371227 -0.61321868526099 0
5257 0.3543455091843946 -0.4678233293592348 0
5258 0.7746353765142741 -0.5241598605811428 0
5259 0.3726185360510139 -0.4817893225734411 0
5260 -0.4658129654571572 -0.2557030175894391 0
5261 -0.5187706340970533 -0.4941367192446831 0
5262 -0.8692493307537846 -0.7593997236870235 0
5263 0.4364890255767568 -0.5527106845225782 0
5264 -0.3774709353965603 0.214367799557845 0
5265 -0.7375059284116404 -0.4809856446900459 0
5266 0.7594408125324055 0.05783952237772003 0
5267 0.06340043724602644 -0.07498949681730969 0
5268 -0.805880262778756 0.9253087115391133 0
5269 -0.7134452390923057 -0.9839044869654403 0
5270 -0.4954881845126954 0.6161351302108974 0
5271 -0.9464583546239953 0.07423762244699821 0
5272 0.1746015614481392 0.794495918276373 0
5273 0.06486944724718138 -0.2323207219347391 0
5274 -0.5397455109768597 0.7053528418837431 0
5275 -0.2330982425810303 0.5609412119177699 0
5276 0.6302351557481599 0.9471637501184708 0
5277 0.4261314568797099 0.9538970518636638 0
5278 -0.313189091536989 -0.8161347009562645 0
5279 -0.5216892631251292 0.07391584560445223 0
5280 0.3974456402442653 0.5962161103557606 0
5281 0.3302988202060017 0.1488617480099714 0
5282 0.4036125116541074 -0.177406427292681 0
5283 -0.3723753941810115 0.8559985720178807 0
5284 -0.3815910397680977 -0.8885701845192608 0
5285 0.0007471638332720208 -0.9499549175810268 0
5286 -0.8540344188403465 -0.7797224356685826 0
5287 -0.6673061432130191 -0.9014894756187064 0
5288 -0.6766983206589874 -0.8828642730954673 0
5289 0.2190101836146853 0.869812399250778 0
5290 0.3796291508187789 -0.6754881733822637 0
5291 0.1314948121864633 0.1707355884023179 0
5292 0.6254955744906827 -0.9832211633333452 0
5293 0.8520011659213357 -0.5995552453079698 0
5294 -0.7691020699628743 0.1664175056283229 0
5295 0.01652638902294765 -0.407129866940956 0
5296 -0.8190099353140949 0.2199312535377811 0
5297 -0.40343125543783 -0.6461067606227376 0
5298 -0.1809043028562778 -0.9565484326424948 0
5299 0.4736212877793237 -0.8142246428501387 0
5300 -0.4884625106332932 -0.7349735936078938 0
5301 -0.4680148914937854 0.3282551741162044 0
5302 0.419021640307485 0.7149568065074243 0
5303 0.9516008550393733 0.9805303151465641 0
5304 0.9563063088950077 -0.03700666783740927 0
5305 0.8400627681226083 0.8995904380710087 0
5306 -0.3524866134555757 -0.4264389800911221 0
5307 0.6763276695990245 0.06164362749728459 0
5308 0.3974311338772046 0.05594083848498212 0
5309 0.9250654743869771 -0.6292024989794861 0
5310 -0.5824423204066509 -0.8768367629913201 0
5311 -0.7987192038455877 -0.7207803807921006 0
5312 -0.03059979418898144 0.3263538550701281 0
5313 -0.5931077165537875 0.8628434303221818 0
5314 0.1863530243625795 -0.942253151867212 0
5315 -0.9181977483979923 0.1859941390320677 0
5316 0.1124818289125134 -0.9348166949807966 0
5317 -0.3364376541298263 -0.5068507493563184 0
5318 0.6220683729066727 -0.1800669365275536 0
5319 0.884159053835348 0.2889719598779153 0
5320 -0.1314796644709266 0.8027414473327751 0
5321 0.5685610710695183 -0.314081142850301 0
5322 0.8154517904658205 -0.2020800115819283 0
5323 -0.5231374855932955 0.8424260741586618 0
5324 -0.3138523712900827 0.4352857440789037 0
5325 -0.9559973008011755 -0.8465656063576215 0
5326 0.01672236013302632 0.05827950143538383 0
5327 0.4131880608890172 -0.9820676069934577 0
5328 0.8593191314755468 0.417074698401145 0
5329 -0.4627524399181022 -0.7008405679329015 0
5330 0.5812012470015505 -0.544608528087783 0
5331 0.7708933055857765 -0.04551300767701909 0
5332 -0.008642475961821661 -0.411117079182474 0
5333 0.2675271689315152 0.3375856644558051 0
5334 -0.1992213735768483 0.886130262465273 0
5335 -0.8400684284369202 -0.6571563492461134 0
5336 -0.266351015310387 -0.5172935351911219 0
5337 -0.1089767705832183 -0.6582927459814855 0
5338 0.188434609241721 -0.2297021119941712 0
5339 -0.5931664906994804 0.793067408929344 0
5340 -0.5842309884238033 -0.2151247137176816 0
5341 0.554590750492011 0.9267306728078091 0
5342 -0.8495324697866478 -0.4065916880831282 0
5343 -0.8274003152786814 -0.4161046269852217 0
5344 0.5239234199333793 -0.2920399601730154 0
5345 -0.7903519020266414 0.7041434889207394 0
5346 -0.7659609477504704 -0.353988026532559 0
5347 -0.7429858067971196 0.9125773567087971 0
5348 -0.2563406535161822 -0.6446777198467741 0
5349 0.4249268422081734 -0.2519063404264411 0
5350 0.5086165050582868 0.5470407533274653 0
5351 -0.7471121045537388 -0.869630167225744 0
5352 -0.4829479622763797 0.8571913223145435 0
5353 -0.6532321942557384 0.5144870649473777 0
5354 -0.8352365350237407 0.04130053028370095 0
5355 -0.815485451943373 0.05649498549805668 0
5356 -0.7056345595847902 -0.9153888360779439 0
5357 0.8242791957270844 0.8320103619602091 0
5358 0.04599878894014944 -0.9200792272360422 0
5359 -0.433154053548803 0.2624995752577978 0
5360 0.5647264359572405 -0.2465272302725258 0
5361 0.7190981844853742 -0.5760586065144433 0
5362 -0.7955397422928583 0.04422857324629485 0
5363 0.2664462362240775 0.2505764081416713 0
5364 0.4424639109586295 0.7883867477174581 0
5365 0.1805307108450003 0.8176974376696748 0
5366 -0.5937935883372655 0.0671077389803071 0
5367 0.5814441490001694 -0.1303678200644346 0
5368 0.5492902462794418 -0.32677506636229 0
5369 -0.7928464501383313 0.4191131884684268 0
5370 -0.818575471397829 0.3457540993466297 0
5371 0.04860907105692587 -0.2459597655516809 0
5372 -0.6471948214496548 0.0250420160195434 0
5373 0.6822832226205316 -0.5215094456733881 0
5374 -0.79930001372273 0.2327089317623861 0
5375 0.06732861302126508 -0.4482172907053688 0
5376 0.08929196284047702 -0.6103790424706292 0
5377 0.7166244645699551 0.2963284658809475 0
5378 0.9537426163496001 -0.4628802615708281 0
5379 -0.4704155250180279 0.2462090666681726 0
5380 -0.2070576418180296 -0.8376762847813335 0
5381 0.6270656558251827 -0.6231191434881522 0
5382 0.7019400508204733 0.5092996011230523 0
5383 0.004251050344233485 -0.1506024048438071 0
5384 0.1201056798018098 -0.2551947961198539 0
5385 -0.03509120923670624 -0.4316520646251022 0
5386 -0.7976787662153724 -0.6803683860251631 0
5387 -0.2258134543145526 0.4833152995168384 0
5388 0.2213822714441356 -0.2612195663941335 0
5389 0.4983061785319569 -0.8106144460054461 0
5390 -0.3763935405562248 0.5630862136933128 0
5391 0.3392546830742714 0.8859421126194102 0
5392 0.1531386066763848 -0.6259122937040568 0
5393 -0.9251104545989588 -0.0768262709930177 0
5394 0.9315336989288998 -0.5015414897326158 0
5395 0.5345849648650083 0.8079511368389936 0
5396 -0.8218314201365777 -0.4743045759038124 0
5397 -0.1007955052190998 0.2682056221410892 0
5398 0.4883888626410818 0.4699285358297768 0
5399 -0.4776119402999573 -0.9845291247262137 0
5400 -0.9784941100245774 0.09825789874911506 0
5401 0.8320484435732723 0.3246505392687596 0
5402 -0.9340170677246142 -0.2170612836685597 0
5403 0.1757672459201471 -0.5123092019057106 0
5404 -0.1421230162006413 -0.5306551694709485 0
5405 0.1501480977578064 0.372297083344454 0
5406 -0.06142740934198873 -0.3332645111810819 0
5407 0.8982625719901245 -0.9086632777788259 0
5408 -0.7833728543541327 -0.4782340736526485 0
5409 -0.2117049597297119 -0.2892431337999431 0
5410 0.4974664623368307 -0.2856241438608628 0
5411 -0.3973705619445775 -0.4497182666089684 0
5412 0.058427635947801 -0.7735955133382589 0
5413 0.7230214374894324 -0.4725216568823485 0
5414 -0.6864001183420084 -0.04321518707903708 0
5415 -0.9546217270895024 0.4742720280318629 0
5416 -0.5345147088815083 -0.3354142366471867 0
5417 0.6420750106197449 -0.8445811815609591 0
5418 -0.07851419001655324 -0.8255252218997555 0
5419 -0.8948945439136713 0.2156963716382886 0
5420 -0.6746738532947417 -0.0008219603007815179 0
5421 -0.5433963504329807 -0.3918843837290459 0
5422 -0.1490751864497047 0.3351187717963636 0
5423 -0.2656569921467322 0.7807160366568783 0
5424 -0.5609436717085734 0.6891432259411703 0
5425 -0.6655695484175718 0.4461789468863602 0
5426 -0.555795421006543 -0.5915459813291176 0
5427 0.6140551883409124 -0.8121282942358661 0
5428 0.5273145158114739 -0.7173696796151136 0
5429 0.5660052968108036 -0.5883238852098893 0
5430 0.8885855646816485 -0.01981533726298544 0
5431 -0.6671919281036494 -0.1308990296095698 0
5432 -0.9285166712335933 -0.7865685926943971 0
5433 0.8390212127201711 -0.2372926522463555 0
5434 0.7900682525310201 0.9780326260997041 0
5435 0.4722519325090889 -0.3531050127933628 0
5436 0.6374001068489735 -0.2850157995632262 0
5437 0.8480087480120349 0.4573793997261709 0
5438 -0.8848856371024261 0.4630076096106193 0
5439 -0.90429050663194 0.6762166847466926 0
5440 -0.8326411826964449 0.5683284232046949 0
5441 0.9786108909317275 -0.6061644439029952 0
5442 0.8481141914696428 -0.760662299217941 0
5443 -0.07549759076002927 0.8895013627022224 0
5444 0.3306361893850013 -0.8442727280923983 0
5445 -0.03914593660774297 -0.8169134949746371 0
5446 0.8623949817260638 -0.7234820715246164 0
5447 0.8433945917125867 -0.7347130182755568 0
5448 0.7234131536508037 -0.3655486530061217 0
5449 0.4831634881090951 -0.6157517103077432 0
5450 -0.3111893183142174 -0.2937253082305644 0
5451 -0.3130836570572378 -0.9011817649789491 0
5452 0.1450164245684442 -0.4099816798065853 0
5453 0.8695264689876039 0.1057069256340517 0
5454 0.6192747749945902 -0.3616031794958254 0
5455 -0.1155535222417633 0.5507889724598556 0
5456 0.6966248071761996 0.07369883942933471 0
5457 0.4062293049495065 0.4523951915191466 0
5458 -0.9068164516212605 0.5551270240897684 0
5459 0.05341984084597345 0.295369163206846 0
5460 0.9156150976026061 0.7163448571029953 0
5461 -0.8355674013578455 0.9832806520780619 0
5462 -0.7401713001111208 -0.1574890528781975 0
5463 -0.7256397283818192 -0.1725179892375326 0
5464 -0.3057330084778528 0.313235605207988 0
5465 0.7537955820560887 -0.6960373235018736 0
5466 -0.6120885499842028 -0.7421231337564371 0
5467 -0.5126337672325997 0.6549884801098966 0
5468 0.6872457770303715 -0.2898907958919052 0
5469 -0.9847600337240728 0.5671641791056784 0
5470 -0.777008896500744 0.3678386944391827 0
5471 0.6128222717733736 0.4649510000797382 0
5472 -0.9466693124277774 0.8381753345152148 0
5473 -0.9372429700741777 0.8186420466580298 0
5474 -0.9492361582231779 0.697200361248868 0
5475 -0.6994863041551861 -0.1090017555110521 0
5476 -0.7645627849238061 0.8338872852971184 0
5477 -0.7279369890270342 -0.3486035238327391 0
5478 -0.4700227141711466 0.59363454978982 0
5479 -0.4176949476367339 -0.7576616608318517 0
5480 -0.3465118608037075 0.1906610691686862 0
5481 -0.3942788204163548 -0.8214844919117825 0
5482 -0.04081342425667275 -0.7751749484107915 0
5483 -0.4248513029753931 -0.5580725350986802 0
5484 0.741452277902827 -0.4562447661479154 0
5485 0.4725880136780394 -0.5745396787111487 0
5486 0.9510623507693862 0.06528353903565037 0
5487 0.5266172319957452 -0.9224320308858576 0
5488 0.2420322933356487 0.7550989525341283 0
5489 -0.5966013441198973 0.8200925532059911 0
5490 -0.0672159573983788 -0.6493285727462854 0
5491 -0.8525586989018614 0.4087617562091582 0
5492 0.6283167502308894 0.42028774525174 0
5493 -0.1785371618109592 0.9843063789504825 0
5494 -0.3483471486516433 -0.9057073807347124 0
5495 -0.3802368336910404 0.941929344098815 0
5496 0.258763380124476 -0.04376210634756039 0
5497 -0.8798084931083456 -0.9550934429228795 0
5498 -0.427544012349104 0.9055667977526958 0
5499 -0.4380915302417135 0.1589531643506113 0
5500 0.8858064028781399 0.6700737434885724 0
5501 -0.3644860290553587 0.2333269607814137 0
5502 -0.5003772567272173 -0.3209003880773302 0
5503 0.2028135240725437 -0.9271790188248827 0
5504 0.2579537147473365 -0.2444603648464235 0
5505 0.6234380803852388 -0.7440518711520048 0
5506 -0.8950622368101364 0.4228516884089271 0
5507 0.303649006474392 -0.5363749800835262 0
5508 -0.07143224810965595 0.3294756608264611 0
5509 -0.203174786681255 0.4056950557876936 0
5510 -0.9079014735893371 0.3826742661000415 0
5511 -0.9073157631332119 -0.6549554839958622 0
5512 0.982762710891997 0.5395943622963502 0
5513 0.98259044846729 0.1214585373791491 0
5514 -0.3947680289764925 -0.3041877073180203 0
5515 0.7585620910090868 0.4896367425414148 0
5516 -0.01635807218729575 -0.7332955325298938 0
5517 0.5006202166250934 0.9565350757880845 0
5518 0.4135210558577564 0.8823401235602686 0
5519 0.4083516214746277 0.9401563362002368 0
5520 0.8113459745302128 0.001499109238960879 0
5521 0.3523112312345969 0.01721660553519941 0
5522 0.1791044776142189 0.984950414828746 0
5523 -0.2067883388538319 0.3689985390083129 0
5524 -0.8168914885383404 0.4172844608086298 0
5525 0.5161476113094041 -0.6807488392947769 0
5526 0.02009936726179423 -0.2653706011077935 0
5527 -0.3553264884471565 -0.5243637885386265 0
5528 0.4926541642429236 0.3940860010629954 0
5529 0.04916519270324665 -0.5150477113977917 0
5530 -0.6813193705376241 0.4844219535250427 0
5531 0.3561776177670948 -0.005764428760263793 0
5532 0.9116415869192815 0.9788454766686731 0
5533 0.4533842725821881 -0.1380700728877639 0
5534 -0.6445743477435192 0.7697189483819435 0
5535 -0.609901972025489 -0.3125665337198232 0
5536 -0.496668444253988 -0.5615135326545717 0
5537 0.5586942872258134 -0.3503315765520136 0
5538 -0.6613875179105418 -0.5277108236181898 0
5539 -0.5937213667631827 -0.06001322910852304 0
5540 0.8085996579474259 0.9373667747089103 0
5541 0.6591358307535113 0.0722613404236597 0
5542 0.9447432241967328 -0.3784189805764908 0
5543 -0.5345475334038312 0.8144838814058636 0
5544 0.9133486921082885 -0.2133332057959691 0
5545 -0.7353716472724258 0.857403601282462 0
5546 0.8189019697509459 0.2845135759979713 0
5547 -0.5647418939073782 0.1572743689008383 0
5548 -0.6075419205668644 0.03292540093464752 0
5549 0.7200152134149133 0.2671408389181635 0
5550 0.0117452752239142 0.9588863245604136 0
5551 -0.8381367004106901 0.4455288949179391 0
5552 0.9387563085213755 -0.3023339520400876 0
5553 -0.682764452304142 -0.3498100199066886 0
5554 0.7810130249788902 0.9537209079374416 0
5555 -0.00563214076017058 -0.3166376719983265 0
5556 0.2363686999835712 -0.7361115224262206 0
5557 -0.6199915759610299 -0.2309798225522141 0
5558 -0.5301313595698289 0.6227549281705608 0
5559 -0.9059000608967346 0.01302142938720907 0
5560 0.4069056716807941 0.9039260591611045 0
5561 0.9793608849123847 -0.3962525524157692 0
5562 0.9850050095772533 -0.6567164179114 0
5563 -0.8639685534644169 -0.5872877053943424 0
5564 0.815037986722556 0.470957643944776 0
5565 0.9851553054203854 0.9851235206695114 0
5566 -0.005323988754669167 0.3203663060494651 0
5567 -0.4172113118659279 0.3846199370478456 0
5568 0.2015588407403177 0.3013449658346825 0
5569 0.6820695945261536 -0.3274394809418789 0
5570 -0.3633868955085403 -0.2492848190479876 0
5571 0.06710626936940808 0.2557461647106873 0
5572 -0.6664219002513541 0.2806418664493396 0
5573 -0.9177738459108828 -0.4894366495548582 0
5574 -0.6731254602869076 0.673069129407369 0
5575 0.3385737458935972 -0.5038613905443996 0
5576 0.4743932503142382 0.1435517764580039 0
5577 0.912642420442094 0.4316758674506176 0
5578 0.9245515969303031 -0.1538868872711921 0
5579 -0.8384131293163102 0.249773720388196 0
5580 0.3471297747053195 -0.5370873225479242 0
5581 0.394072149749813 -0.451630298276697 0
5582 -0.5397514573333593 -0.3040964461542228 0
5583 0.4341630175919386 -0.5137324364782607 0
5584 -0.6853838880684151 0.2484234318296823 0
5585 0.5295815982233202 0.1878261597887189 0
5586 -0.9527312065211071 -0.7078546645064852 0
5587 -0.1306146125403063 -0.4077014823127414 0
5588 0.6945978783777718 0.1753303845524709 0
5589 -0.7534880085526077 0.3323491847625225 0
5590 -0.613922992949818 0.3302150242491249 0
5591 -0.3496183004004778 0.2703098798367047 0
5592 -0.9267379689473587 -0.4480069520024841 0
5593 -0.9831431623272118 0.9847335263311271 0
5594 -0.9796300247294677 0.5876455988308098 0
5595 -0.6897037505920038 0.8228350059565959 0
5596 -0.07654644955521402 -0.4261373921560289 0
5597 -0.6516878493000584 -0.8505243716523748 0
5598 -0.9552238805968902 0.9850698115676481 0
$EndNodes
$Elements
11200
1 1 2 10 1 1 11
2 1 2 10 1 11 12
3 1 2 10 1 12 13
4 1 2 10 1 13 14
5 1 2 10 1 14 15
6 1 2 10 1 15 16
7 1 2 10 1 16 17
8 1 2 10 1 17 18
9 1 2 10 1 18 19
10 1 2 10 1 19 20
11 1 2 10 1 20 21
12 1 2 10 1 21 22
13 1 2 10 1 22 23
14 1 2 10 1 23 24
15 1 2 10 1 24 25
16 1 2 10 1 25 26
17 1 2 10 1 26 27
18 1 2 10 1 27 28
19 1 2 10 1 28 29
20 1 2 10 1 29 30
21 1 2 10 1 30 31
22 1 2 10 1 31 32
23 1 2 10 1 32 33
24 1 2 10 1 33 34
25 1 2 10 1 34 35
26 1 2 10 1 35 36
27 1 2 10 1 36 37
28 1 2 10 1 37 38
29 1 2 10 1 38 39
30 1 2 10 1 39 40
31 1 2 10 1 40 41
32 1 2 10 1 41 42
33 1 2 10 1 42 43
34 1 2 10 1 43 44
35 1 2 10 1 44 45
36 1 2 10 1 45 46
37 1 2 10 1 46 47
38 1 2 10 1 47 48
39 1 2 10 1 48 49
40 1 2 10 1 49 50
41 1 2 10 1 50 51
42 1 2 10 1 51 52
43 1 2 10 1 52 53
44 1 2 10 1 53 54
45 1 2 10 1 54 55
46 1 2 10 1 55 56
47 1 2 10 1 56 57
48 1 2 10 1 57 58
49 1 2 10 1 58 59
50 1 2 10 1 59 60
51 1 2 10 1 60 61
52 1 2 10 1 61 62
53 1 2 10 1 62 63
54 1 2 10 1 63 64
55 1 2 10 1 64 65
56 1 2 10 1 65 66
57 1 2 10 1 66 67
58 1 2 10 1 67 68
59 1 2 10 1 68 69
60 1 2 10 1 69 70
61 1 2 10 1 70 71
62 1 2 10 1 71 72
63 1 2 10 1 72 73
64 1 2 10 1 73 74
65 1 2 10 1 74 75
66 1 2 10 1 75 76
67 1 2 10 1 76 2
68 1 2 11 2 2 77
69 1 2 11 2 77 78
70 1 2 11 2 78 79
71 1 2 11 2 79 80
72 1 2 11 2 80 81
73 1 2 11 2 81 82
74 1 2 11 2 82 83
75 1 2 11 2 83 84
76 1 2 11 2 84 85
77 1 2 11 2 85 86
78 1 2 11 2 86 87
79 1 2 11 2 87 88
80 1 2 11 2 88 89
81 1 2 11 2 89 90
82 1 2 11 2 90 91
83 1 2 11 2 91 92
84 1 2 11 2 92 93
85 1 2 11 2 93 94
86 1 2 11 2 94 95
87 1 2 11 2 95 96
88 1 2 11 2 96 97
89 1 2 11 2 97 98
90 1 2 11 2 98 99
91 1 2 11 2 99 100
92 1 2 11 2 100 101
93 1 2 11 2 101 102
94 1 2 11 2 102 103
95 1 2 11 2 103 104
96 1 2 11 2 104 105
97 1 2 11 2 105 106
98 1 2 11 2 106 107
99 1 2 11 2 107 108
100 1 2 11 2 108 109
101 1 2 11 2 109 110
102 1 2 11 2 110 111
103 1 2 11 2 111 112
104 1 2 11 2 112 113
105 1 2 11 2 113 114
106 1 2 11 2 114 115
107 1 2 11 2 115 116
108 1 2 11 2 116 117
109 1 2 11 2 117 118
110 1 2 11 2 118 119
111 1 2 11 2 119 120
112 1 2 11 2 120 121
113 1 2 11 2 121 122
114 1 2 11 2 122 123
115 1 2 11 2 123 124
116 1 2 11 2 124 125
117 1 2 11 2 125 126
118 1 2 11 2 126 127
119 1 2 11 2 127 128
120 1 2 11 2 128 129
121 1 2 11 2 129 130
122 1 2 11 2 130 131
123 1 2 11 2 131 132
124 1 2 11 2 132 133
125 1 2 11 2 133 134
126 1 2 11 2 134 135
127 1 2 11 2 135 136
128 1 2 11 2 136 137
129 1 2 11 2 137 138
130 1 2 11 2 138 139
131 1 2 11 2 139 140
132 1 2 11 2 140 141
133 1 2 11 2 141 142
134 1 2 11 2 142 3
135 1 2 12 3 3 143
136 1 2 12 3 143 144
137 1 2 12 3 144 145
138 1 2 12 3 145 146
139 1 2 12 3 146 147
140 1 2 12 3 147 148
141 1 2 12 3 148 149
142 1 2 12 3 149 150
143 1 2 12 3 150 151
144 1 2 12 3 151 152
145 1 2 12 3 152 153
146 1 2 12 3 153 154
147 1 2 12 3 154 155
148 1 2 12 3 155 156
149 1 2 12 3 156 157
150 1 2 12 3 157 158
151 1 2 12 3 158 159
152 1 2 12 3 159 160
153 1 2 12 3 160 161
154 1 2 12 3 161 162
155 1 2 12 3 162 163
156 1 2 12 3 163 164
157 1 2 12 3 164 165
158 1 2 12 3 165 166
159 1 2 12 3 166 167
160 1 2 12 3 167 168
161 1 2 12 3 168 169
162 1 2 12 3 169 170
163 1 2 12 3 170 171
164 1 2 12 3 171 172
165 1 2 12 3 172 173
166 1 2 12 3 173 174
167 1 2 12 3 174 175
168 1 2 12 3 175 176
169 1 2 12 3 176 177
170 1 2 12 3 177 178
171 1 2 12 3 178 179
172 1 2 12 3 179 180
173 1 2 12 3 180 181
174 1 2 12 3 181 182
175 1 2 12 3 182 183
176 1 2 12 3 183 184
177 1 2 12 3 184 185
178 1 2 12 3 185 186
179 1 2 12 3 186 187
180 1 2 12 3 187 188
181 1 2 12 3 188 189
182 1 2 12 3 189 190
183 1 2 12 3 190 191
184 1 2 12 3 191 192
185 1 2 12 3 192 193
186 1 2 12 3 193 194
187 1 2 12 3 194 195
188 1 2 12 3 195 196
189 1 2 12 3 196 197
190 1 2 12 3 197 198
191 1 2 12 3 198 199
192 1 2 12 3 199 200
193 1 2 12 3 200 201
194 1 2 12 3 201 202
195 1 2 12 3 202 203
196 1 2 12 3 203 204
197 1 2 12 3 204 205
198 1 2 12 3 205 206
199 1 2 12 3 206 207
200 1 2 12 3 207 208
201 1 2 12 3 208 4
202 1 2 13 4 4 209
203 1 2 13 4 209 210
204 1 2 13 4 210 211
205 1 2 13 4 211 212
206 1 2 13 4 212 213
207 1 2 13 4 213 214
208 1 2 13 4 214 215
209 1 2 13 4 215 216
210 1 2 13 4 216 217
211 1 2 13 4 217 218
212 1 2 13 4 218 219
213 1 2 13 4 219 220
214 1 2 13 4 220 221
215 1 2 13 4 221 222
216 1 2 13 4 222 223
217 1 2 13 4 223 224
218 1 2 13 4 224 225
219 1 2 13 4 225 226
220 1 2 13 4 226 227
221 1 2 13 4 227 228
222 1 2 13 4 228 229
223 1 2 13 4 229 230
224 1 2 13 4 230 231
225 1 2 13 4 231 232
226 1 2 13 4 232 233
227 1 2 13 4 233 234
228 1 2 13 4 234 235
229 1 2 13 4 235 236
230 1 2 13 4 236 237
231 1 2 13 4 237 238
232 1 2 13 4 238 239
233 1 2 13 4 239 240
234 1 2 13 4 240 241
235 1 2 13 4 241 242
236 1 2 13 4 242 243
237 1 2 13 4 243 244
238 1 2 13 4 244 245
239 1 2 13 4 245 246
240 1 2 13 4 246 247
241 1 2 13 4 247 248
242 1 2 13 4 248 249
243 1 2 13 4 249 250
244 1 2 13 4 250 251
245 1 2 13 4 251 252
246 1 2 13 4 252 253
247 1 2 13 4 253 254
248 1 2 13 4 254 255
249 1 2 13 4 255 256
250 1 2 13 4 256 257
251 1 2 13 4 257 258
252 1 2 13 4 258 259
253 1 2 13 4 259 260
254 1 2 13 4 260 261
255 1 2 13 4 261 262
256 1 2 13 4 262 263
257 1 2 13 4 263 264
258 1 2 13 4 264 265
259 1 2 13 4 265 266
260 1 2 13 4 266 267
261 1 2 13 4 267 268
262 1 2 13 4 268 269
263 1 2 13 4 269 270
264 1 2 13 4 270 271
265 1 2 13 4 271 272
266 1 2 13 4 272 273
267 1 2 13 4 273 274
268 1 2 13 4 274 1
269 1 2 14 5 5 275
270 1 2 14 5 275 276
271 1 2 14 5 276 277
272 1 2 14 5 277 278
273 1 2 14 5 278 279
274 1 2 14 5 279 280
275 1 2 14 5 280 281
276 1 2 14 5 281 282
277 1 2 14 5 282 283
278 1 2 14 5 283 284
279 1 2 14 5 284 285
280 1 2 14 5 285 286
281 1 2 14 5 286 287
282 1 2 14 5 287 288
283 1 2 14 5 288 289
284 1 2 14 5 289 290
285 1 2 14 5 290 291
286 1 2 14 5 291 292
287 1 2 14 5 292 293
288 1 2 14 5 293 294
289 1 2 14 5 294 295
290 1 2 14 5 295 296
291 1 2 14 5 296 297
292 1 2 14 5 297 298
293 1 2 14 5 298 6
294 1 2 14 6 6 299
295 1 2 14 6 299 300
296 1 2 14 6 300 301
297 1 2 14 6 301 302
298 1 2 14 6 302 303
299 1 2 14 6 303 304
300 1 2 14 6 304 305
301 1 2 14 6 305 306
302 1 2 14 6 306 307
303 1 2 14 6 307 308
304 1 2 14 6 308 309
305 1 2 14 6 309 310
306 1 2 14 6 310 311
307 1 2 14 6 311 312
308 1 2 14 6 312 313
309 1 2 14 6 313 314
310 1 2 14 6 314 315
311 1 2 14 6 315 316
312 1 2 14 6 316 317
313 1 2 14 6 317 318
314 1 2 14 6 318 319
315 1 2 14 6 319 320
316 1 2 14 6 320 321
317 1 2 14 6 321 322
318 1 2 14 6 322 5
319 1 2 15 7 7 323
320 1 2 15 7 323 324
321 1 2 15 7 324 325
322 1 2 15 7 325 326
323 1 2 15 7 326 327
324 1 2 15 7 327 328
325 1 2 15 7 328 329
326 1 2 15 7 329 330
327 1 2 15 7 330 331
328 1 2 15 7 331 332
329 1 2 15 7 332 333
330 1 2 15 7 333 334
331 1 2 15 7 334 335
332 1 2 15 7 335 336
333 1 2 15 7 336 337
334 1 2 15 7 337 8
335 1 2 15 8 8 338
336 1 2 15 8 338 339
337 1 2 15 8 339 340
338 1 2 15 8 340 341
339 1 2 15 8 341 342
340 1 2 15 8 342 343
341 1 2 15 8 343 344
342 1 2 15 8 344 345
343 1 2 15 8 345 346
344 1 2 15 8 346 347
345 1 2 15 8 347 348
346 1 2 15 8 348 349
347 1 2 15 8 349 350
348 1 2 15 8 350 351
349 1 2 15 8 351 352
350 1 2 15 8 352 7
351 1 2 16 9 9 353
352 1 2 16 9 353 354
353 1 2 16 9 354 355
354 1 2 16 9 355 356
355 1 2 16 9 356 357
356 1 2 16 9 357 358
357 1 2 16 9 358 359
358 1 2 16 9 359 360
359 1 2 16 9 360 361
360 1 2 16 9 361 362
361 1 2 16 9 362 363
362 1 2 16 9 363 364
363 1 2 16 9 364 365
364 1 2 16 9 365 366
365 1 2 16 9 366 367
366 1 2 16 9 367 368
367 1 2 16 9 368 369
368 1 2 16 9 369 370
369 1 2 16 9 370 371
370 1 2 16 9 371 372
371 1 2 16 9 372 373
372 1 2 16 9 373 10
373 1 2 16 10 10 374
374 1 2 16 10 374 375
375 1 2 16 10 375 376
376 1 2 16 10 376 377
377 1 2 16 10 377 378
378 1 2 16 10 378 379
379 1 2 16 10 379 380
380 1 2 16 10 380 381
381 1 2 16 10 381 382
382 1 2 16 10 382 383
383 1 2 16 10 383 384
384 1 2 16 10 384 385
385 1 2 16 10 385 386
386 1 2 16 10 386 387
387 1 2 16 10 387 388
388 1 2 16 10 388 389
389 1 2 16 10 389 390
390 1 2 16 10 390 391
391 1 2 16 10 391 392
392 1 2 16 10 392 393
393 1 2 16 10 393 394
394 1 2 16 10 394 9
395 2 2 2 1 190 191 1849
396 2 2 2 1 2589 1217 2776
397 2 2 2 1 2005 1206 2239
398 2 2 2 1 1913 784 2169
399 2 2 2 1 1590 3492 4498
400 2 2 2 1 1140 1712 3452
401 2 2 2 1 2182 1406 4021
402 2 2 2 1 2088 616 2803
403 2 2 2 1 913 1733 2516
404 2 2 2 1 2480 708 3649
405 2 2 2 1 1674 1083 2640
406 2 2 2 1 947 1786 2663
407 2 2 2 1 2575 1398 3655
408 2 2 2 1 1163 2088 2803
409 2 2 2 1 1806 1279 2685
410 2 2 2 1 1077 1721 3189
411 2 2 2 1 1842 520 2211
412 2 2 2 1 1772 1279 3789
413 2 2 2 1 2021 942 4441
414 2 2 2 1 868 4082 4586
415 2 2 2 1 1508 2294 3478
416 2 2 2 1 896 2129 2427
417 2 2 2 1 2294 967 3478
418 2 2 2 1 1739 736 2411
419 2 2 2 1 1750 997 3279
420 2 2 2 1 1720 525 2999
421 2 2 2 1 1807 1152 2633
422 2 2 2 1 1832 741 2655
423 2 2 2 1 2764 2936 4555
424 2 2 2 1 779 1983 2698
425 2 2 2 1 1314 2064 2632
426 2 2 2 1 866 1914 3531
427 2 2 2 1 1600 2979 3088
428 2 2 2 1 44 1884 2893
429 2 2 2 1 1304 2345 2787
430 2 2 2 1 1037 1720 2999
431 2 2 2 1 708 2480 3830
432 2 2 2 1 40 1897 4153
433 2 2 2 1 873 1717 2784
434 2 2 2 1 889 2362 3109
435 2 2 2 1 1355 2849 2933
436 2 2 2 1 3390 1245 4069
437 2 2 2 1 1912 852 2534
438 2 2 2 1 1930 890 2278
439 2 2 2 1 1234 1932 2586
440 2 2 2 1 1932 455 2586
441 2 2 2 1 1846 1131 2478
442 2 2 2 1 2237 616 3130
443 2 2 2 1 2004 1105 5312
444 2 2 2 1 1804 1116 2527
445 2 2 2 1 17 18 2376
446 2 2 2 1 542 1810 2284
447 2 2 2 1 1948 1293 2326
448 2 2 2 1 2340 911 3858
449 2 2 2 1 532 2005 2239
450 2 2 2 1 352 351 1942
451 2 2 2 1 1117 1996 2559
452 2 2 2 1 325 1934 2954
453 2 2 2 1 1105 2009 5312
454 2 2 2 1 1004 1912 2534
455 2 2 2 1 911 2528 3858
456 2 2 2 1 1112 1896 2622
457 2 2 2 1 272 3174 4070
458 2 2 2 1 2764 1182 2936
459 2 2 2 1 1785 795 2544
460 2 2 2 1 2658 2131 5345
461 2 2 2 1 2268 1411 3873
462 2 2 2 1 763 1882 2676
463 2 2 2 1 589 2105 3933
464 2 2 2 1 2159 1472 2883
465 2 2 2 1 2201 540 2473
466 2 2 2 1 1138 3183 3905
467 2 2 2 1 774 1784 2327
468 2 2 2 1 1773 1056 4627
469 2 2 2 1 1786 947 4726
470 2 2 2 1 2319 868 4586
471 2 2 2 1 2402 1138 3905
472 2 2 2 1 2993 1228 3220
473 2 2 2 1 2979 697 3088
474 2 2 2 1 3679 514 4461
475 2 2 2 1 991 1913 2169
476 2 2 2 1 3546 541 4296
477 2 2 2 1 2649 1771 4233
478 2 2 2 1 451 3436 3882
479 2 2 2 1 896 2033 2129
480 2 2 2 1 1764 1174 3971
481 2 2 2 1 2013 871 2916
482 2 2 2 1 1803 1151 3353
483 2 2 2 1 2600 9 3698
484 2 2 2 1 2199 63 2983
485 2 2 2 1 1793 975 3982
486 2 2 2 1 224 225 2031
487 2 2 2 1 3492 1316 4498
488 2 2 2 1 794 1731 4255
489 2 2 2 1 2210 2021 4441
490 2 2 2 1 866 3531 3579
491 2 2 2 1 1336 1791 5015
492 2 2 2 1 2131 1335 3249
493 2 2 2 1 657 2131 3249
494 2 2 2 1 1761 884 3499
495 2 2 2 1 2232 1187 2707
496 2 2 2 1 926 1699 2635
497 2 2 2 1 1335 2131 2658
498 2 2 2 1 963 2649 4233
499 2 2 2 1 955 2232 2707
500 2 2 2 1 762 1805 2405
501 2 2 2 1 1219 2378 2636
502 2 2 2 1 83 84 2091
503 2 2 2 1 1499 2277 3538
504 2 2 2 1 511 1779 4451
505 2 2 2 1 2129 1380 2427
506 2 2 2 1 2126 902 2453
507 2 2 2 1 502 1845 2397
508 2 2 2 1 1380 2126 2453
509 2 2 2 1 1791 861 2354
510 2 2 2 1 394 393 1920
511 2 2 2 1 2350 3445 3564
512 2 2 2 1 2122 555 2359
513 2 2 2 1 1395 2932 3261
514 2 2 2 1 1742 3163 4159
515 2 2 2 1 760 2137 2876
516 2 2 2 1 2277 876 3538
517 2 2 2 1 1728 1028 2512
518 2 2 2 1 1941 586 3308
519 2 2 2 1 2137 1211 2876
520 2 2 2 1 1468 2642 3128
521 2 2 2 1 2549 1698 3816
522 2 2 2 1 1761 744 2997
523 2 2 2 1 1857 786 4621
524 2 2 2 1 838 2442 3748
525 2 2 2 1 2442 1677 3748
526 2 2 2 1 981 1987 2922
527 2 2 2 1 565 2139 2802
528 2 2 2 1 1668 168 3467
529 2 2 2 1 1793 373 2946
530 2 2 2 1 1699 926 3514
531 2 2 2 1 1147 2246 2657
532 2 2 2 1 1839 996 2704
533 2 2 2 1 2376 18 3611
534 2 2 2 1 517 2176 3171
535 2 2 2 1 913 2549 3816
536 2 2 2 1 790 2407 3160
537 2 2 2 1 1682 419 2804
538 2 2 2 1 962 1694 3196
539 2 2 2 1 168 1668 3900
540 2 2 2 1 2002 3846 4001
541 2 2 2 1 616 2967 3130
542 2 2 2 1 2382 1381 2394
543 2 2 2 1 789 1695 3486
544 2 2 2 1 1116 2085 2695
545 2 2 2 1 2219 3474 3810
546 2 2 2 1 2211 520 2399
547 2 2 2 1 846 2522 3754
548 2 2 2 1 864 1811 2358
549 2 2 2 1 1083 1674 4171
550 2 2 2 1 2516 1251 2549
551 2 2 2 1 913 2516 2549
552 2 2 2 1 1028 1728 5278
553 2 2 2 1 2105 3334 3933
554 2 2 2 1 1710 954 2818
555 2 2 2 1 2209 1273 3274
556 2 2 2 1 2003 3796 4009
557 2 2 2 1 2378 594 2636
558 2 2 2 1 1734 987 3569
559 2 2 2 1 1036 1760 2981
560 2 2 2 1 1277 2153 2332
561 2 2 2 1 2632 954 3859
562 2 2 2 1 733 2464 3384
563 2 2 2 1 2464 1548 3384
564 2 2 2 1 4251 2572 5207
565 2 2 2 1 860 2382 2394
566 2 2 2 1 1504 2699 3571
567 2 2 2 1 2215 882 2472
568 2 2 2 1 419 1682 3233
569 2 2 2 1 1554 2150 3918
570 2 2 2 1 2150 790 3918
571 2 2 2 1 3214 556 3558
572 2 2 2 1 2632 3859 4177
573 2 2 2 1 2869 1232 3429
574 2 2 2 1 887 1805 2607
575 2 2 2 1 3109 2362 3330
576 2 2 2 1 2081 1265 2645
577 2 2 2 1 2642 653 3128
578 2 2 2 1 3087 3338 5212
579 2 2 2 1 882 2755 2777
580 2 2 2 1 2694 1454 2908
581 2 2 2 1 977 2694 2908
582 2 2 2 1 2802 2139 4039
583 2 2 2 1 247 248 1892
584 2 2 2 1 867 2231 3706
585 2 2 2 1 357 356 1965
586 2 2 2 1 1876 1014 3245
587 2 2 2 1 835 1975 3822
588 2 2 2 1 1510 1869 3914
589 2 2 2 1 2246 579 2657
590 2 2 2 1 1029 1824 2813
591 2 2 2 1 1824 400 2813
592 2 2 2 1 2203 1779 4493
593 2 2 2 1 800 2203 4493
594 2 2 2 1 3838 2250 4866
595 2 2 2 1 2756 1091 3360
596 2 2 2 1 1664 2756 3360
597 2 2 2 1 1733 913 2580
598 2 2 2 1 2210 431 3146
599 2 2 2 1 1992 1243 2354
600 2 2 2 1 861 1992 2354
601 2 2 2 1 3174 1632 4070
602 2 2 2 1 1720 1037 3667
603 2 2 2 1 857 2575 3655
604 2 2 2 1 1708 38 4153
605 2 2 2 1 2350 560 3445
606 2 2 2 1 1869 654 3914
607 2 2 2 1 455 1760 2970
608 2 2 2 1 1760 1036 2970
609 2 2 2 1 1697 1093 3123
610 2 2 2 1 903 1881 2270
611 2 2 2 1 1690 756 3156
612 2 2 2 1 1852 1244 3532
613 2 2 2 1 1881 443 2270
614 2 2 2 1 2199 1101 2519
615 2 2 2 1 1025 2199 2519
616 2 2 2 1 420 1707 4983
617 2 2 2 1 1738 1175 3504
618 2 2 2 1 792 1994 2166
619 2 2 2 1 1654 2616 4473
620 2 2 2 1 1884 44 4716
621 2 2 2 1 1730 1004 2534
622 2 2 2 1 3278 336 3437
623 2 2 2 1 1994 1140 2166
624 2 2 2 1 83 2091 4368
625 2 2 2 1 1453 1855 4808
626 2 2 2 1 1766 892 3332
627 2 2 2 1 1740 515 2573
628 2 2 2 1 1790 964 2409
629 2 2 2 1 2317 867 3706
630 2 2 2 1 1855 3126 4808
631 2 2 2 1 928 1725 2617
632 2 2 2 1 892 1766 3163
633 2 2 2 1 587 1882 2640
634 2 2 2 1 1411 2268 4002
635 2 2 2 1 756 1690 2940
636 2 2 2 1 2021 905 2359
637 2 2 2 1 2049 817 2504
638 2 2 2 1 775 2658 5345
639 2 2 2 1 3163 743 4159
640 2 2 2 1 1279 1806 3792
641 2 2 2 1 848 1997 2174
642 2 2 2 1 2436 362 3348
643 2 2 2 1 1034 1829 2975
644 2 2 2 1 2605 1556 3269
645 2 2 2 1 586 2155 2202
646 2 2 2 1 2155 974 2202
647 2 2 2 1 1975 1119 2185
648 2 2 2 1 1134 1953 2348
649 2 2 2 1 1700 738 4079
650 2 2 2 1 2869 687 3080
651 2 2 2 1 1608 2869 3080
652 2 2 2 1 1304 2787 4154
653 2 2 2 1 2165 990 3921
654 2 2 2 1 2331 651 3552
655 2 2 2 1 576 2605 3269
656 2 2 2 1 2526 4116 4946
657 2 2 2 1 1093 1697 3379
658 2 2 2 1 4622 2164 4825
659 2 2 2 1 788 2321 3396
660 2 2 2 1 3171 2176 3786
661 2 2 2 1 1973 1118 2251
662 2 2 2 1 1221 1704 3705
663 2 2 2 1 1346 3063 3201
664 2 2 2 1 1695 789 3260
665 2 2 2 1 1953 561 2348
666 2 2 2 1 446 2104 2175
667 2 2 2 1 2002 797 3846
668 2 2 2 1 975 1793 2523
669 2 2 2 1 1894 735 4117
670 2 2 2 1 2522 1611 3754
671 2 2 2 1 2104 945 2175
672 2 2 2 1 1805 887 2405
673 2 2 2 1 1760 1057 5384
674 2 2 2 1 1415 2112 4123
675 2 2 2 1 159 160 1964
676 2 2 2 1 1847 471 3525
677 2 2 2 1 3649 708 4801
678 2 2 2 1 1939 851 4768
679 2 2 2 1 39 40 4153
680 2 2 2 1 600 1857 2338
681 2 2 2 1 2407 1372 3160
682 2 2 2 1 2139 1046 2186
683 2 2 2 1 927 1811 2399
684 2 2 2 1 1903 1030 2696
685 2 2 2 1 1694 962 3020
686 2 2 2 1 1779 511 2674
687 2 2 2 1 705 2637 3118
688 2 2 2 1 2637 1504 3118
689 2 2 2 1 3146 431 3666
690 2 2 2 1 1245 2214 4069
691 2 2 2 1 518 2572 4251
692 2 2 2 1 464 2215 3459
693 2 2 2 1 2215 1416 3459
694 2 2 2 1 3792 1806 4301
695 2 2 2 1 1754 934 2667
696 2 2 2 1 2164 900 4825
697 2 2 2 1 362 361 3348
698 2 2 2 1 954 1710 3047
699 2 2 2 1 2066 1060 2564
700 2 2 2 1 810 2066 2564
701 2 2 2 1 476 1832 5283
702 2 2 2 1 2474 1094 3214
703 2 2 2 1 1934 1100 2954
704 2 2 2 1 1712 1140 3446
705 2 2 2 1 777 3345 4189
706 2 2 2 1 717 1767 2757
707 2 2 2 1 1767 1035 2757
708 2 2 2 1 1027 4007 4871
709 2 2 2 1 1459 2474 3214
710 2 2 2 1 1735 1067 3235
711 2 2 2 1 1395 1878 2932
712 2 2 2 1 1879 1462 4307
713 2 2 2 1 412 1879 4307
714 2 2 2 1 1485 2452 3636
715 2 2 2 1 1889 500 2530
716 2 2 2 1 216 217 2374
717 2 2 2 1 421 1724 2728
718 2 2 2 1 2182 978 2193
719 2 2 2 1 536 2182 2193
720 2 2 2 1 738 1700 2974
721 2 2 2 1 1325 2228 3295
722 2 2 2 1 1717 873 3506
723 2 2 2 1 2074 1065 3148
724 2 2 2 1 1707 420 2938
725 2 2 2 1 3108 23 3998
726 2 2 2 1 921 1934 5124
727 2 2 2 1 2896 1027 4871
728 2 2 2 1 681 3292 3435
729 2 2 2 1 1986 1141 2977
730 2 2 2 1 760 1986 2977
731 2 2 2 1 1133 1904 3310
732 2 2 2 1 62 63 2199
733 2 2 2 1 543 1930 2278
734 2 2 2 1 1152 1807 3398
735 2 2 2 1 424 1836 3186
736 2 2 2 1 1836 1114 3186
737 2 2 2 1 1106 1704 4984
738 2 2 2 1 22 23 3108
739 2 2 2 1 540 2201 4322
740 2 2 2 1 2047 1495 2949
741 2 2 2 1 1934 325 5124
742 2 2 2 1 1913 582 2734
743 2 2 2 1 1429 2250 3838
744 2 2 2 1 1983 779 5154
745 2 2 2 1 2421 832 4310
746 2 2 2 1 779 1985 5154
747 2 2 2 1 768 3792 4301
748 2 2 2 1 1822 1069 3007
749 2 2 2 1 4778 2178 5520
750 2 2 2 1 1014 1876 2722
751 2 2 2 1 1783 776 3989
752 2 2 2 1 1876 533 2722
753 2 2 2 1 1948 899 3684
754 2 2 2 1 2416 858 4088
755 2 2 2 1 4157 900 5044
756 2 2 2 1 38 1708 3339
757 2 2 2 1 1129 2007 2921
758 2 2 2 1 1042 1732 4659
759 2 2 2 1 1894 341 3728
760 2 2 2 1 1135 2274 2576
761 2 2 2 1 1086 2047 2949
762 2 2 2 1 2274 1019 2576
763 2 2 2 1 2883 1472 4308
764 2 2 2 1 783 2079 3009
765 2 2 2 1 2079 1189 3009
766 2 2 2 1 3780 1845 5424
767 2 2 2 1 2178 910 5520
768 2 2 2 1 982 2102 2814
769 2 2 2 1 2397 1845 3780
770 2 2 2 1 1704 1221 3254
771 2 2 2 1 4209 540 4322
772 2 2 2 1 1842 1214 3501
773 2 2 2 1 1704 1106 3089
774 2 2 2 1 520 1891 3240
775 2 2 2 1 520 1842 3501
776 2 2 2 1 881 1887 2365
777 2 2 2 1 3799 1640 4400
778 2 2 2 1 224 2031 3668
779 2 2 2 1 939 2265 2389
780 2 2 2 1 579 3362 4509
781 2 2 2 1 990 2638 3921
782 2 2 2 1 2190 570 2400
783 2 2 2 1 901 1808 2902
784 2 2 2 1 1738 2416 4088
785 2 2 2 1 1406 2182 3333
786 2 2 2 1 986 2460 2621
787 2 2 2 1 2406 3900 5078
788 2 2 2 1 1268 2459 3795
789 2 2 2 1 2459 1661 3795
790 2 2 2 1 1044 3563 3724
791 2 2 2 1 2320 928 2675
792 2 2 2 1 1758 2421 4310
793 2 2 2 1 4621 786 5031
794 2 2 2 1 736 1739 3629
795 2 2 2 1 905 2021 2210
796 2 2 2 1 1047 2502 2586
797 2 2 2 1 837 1955 2415
798 2 2 2 1 1802 988 2491
799 2 2 2 1 832 2421 3852
800 2 2 2 1 2502 1234 2586
801 2 2 2 1 2263 791 5313
802 2 2 2 1 1569 2163 3315
803 2 2 2 1 1808 901 2484
804 2 2 2 1 383 382 2313
805 2 2 2 1 1937 888 3318
806 2 2 2 1 2573 3529 5002
807 2 2 2 1 1891 1159 3240
808 2 2 2 1 2489 503 4040
809 2 2 2 1 1050 1865 2875
810 2 2 2 1 1924 1182 2597
811 2 2 2 1 2573 515 3529
812 2 2 2 1 1377 2347 3054
813 2 2 2 1 2347 929 3054
814 2 2 2 1 497 1906 3181
815 2 2 2 1 1164 1736 4958
816 2 2 2 1 766 3577 4487
817 2 2 2 1 2260 480 3149
818 2 2 2 1 893 2059 5339
819 2 2 2 1 573 2090 2491
820 2 2 2 1 2265 1075 2389
821 2 2 2 1 2672 1287 3094
822 2 2 2 1 1181 1947 5206
823 2 2 2 1 3631 1736 4804
824 2 2 2 1 871 2286 2916
825 2 2 2 1 525 1720 4160
826 2 2 2 1 903 2138 3709
827 2 2 2 1 1161 3092 3964
828 2 2 2 1 654 1869 4559
829 2 2 2 1 910 1841 2422
830 2 2 2 1 1906 1144 3181
831 2 2 2 1 1060 2066 2366
832 2 2 2 1 2597 1182 2764
833 2 2 2 1 1823 740 2454
834 2 2 2 1 2066 531 2366
835 2 2 2 1 2049 119 3680
836 2 2 2 1 2003 1302 3796
837 2 2 2 1 1775 1074 3172
838 2 2 2 1 1247 2029 2358
839 2 2 2 1 2338 1857 4621
840 2 2 2 1 1540 3319 3445
841 2 2 2 1 907 2338 4621
842 2 2 2 1 1858 407 4277
843 2 2 2 1 861 1791 4092
844 2 2 2 1 1791 1336 4092
845 2 2 2 1 1716 2489 4040
846 2 2 2 1 2088 1163 5585
847 2 2 2 1 1975 2185 3822
848 2 2 2 1 529 1960 2777
849 2 2 2 1 1965 356 4394
850 2 2 2 1 4266 919 4516
851 2 2 2 1 451 2325 2583
852 2 2 2 1 2059 4795 5339
853 2 2 2 1 834 2024 2281
854 2 2 2 1 1098 1821 4257
855 2 2 2 1 1877 903 2672
856 2 2 2 1 2762 250 3116
857 2 2 2 1 1982 1149 3602
858 2 2 2 1 538 1776 3114
859 2 2 2 1 1776 1059 3114
860 2 2 2 1 2250 777 4189
861 2 2 2 1 2358 2029 5382
862 2 2 2 1 1995 1650 4664
863 2 2 2 1 162 2680 4700
864 2 2 2 1 1829 1034 4648
865 2 2 2 1 2411 895 3324
866 2 2 2 1 2325 1150 2583
867 2 2 2 1 2876 1211 3132
868 2 2 2 1 2946 4247 4813
869 2 2 2 1 1149 1982 3633
870 2 2 2 1 844 2602 3820
871 2 2 2 1 961 2249 2395
872 2 2 2 1 1715 822 3221
873 2 2 2 1 1475 1893 4411
874 2 2 2 1 909 2406 5078
875 2 2 2 1 2849 406 2933
876 2 2 2 1 1384 1870 2498
877 2 2 2 1 2344 435 2439
878 2 2 2 1 2699 438 3571
879 2 2 2 1 2246 889 3362
880 2 2 2 1 1931 1015 4196
881 2 2 2 1 2228 609 3295
882 2 2 2 1 2602 1718 3820
883 2 2 2 1 787 1868 4245
884 2 2 2 1 1106 2344 2439
885 2 2 2 1 2411 3324 4336
886 2 2 2 1 1174 1764 3637
887 2 2 2 1 1764 751 3637
888 2 2 2 1 2433 1581 3786
889 2 2 2 1 947 2026 4726
890 2 2 2 1 1942 351 2631
891 2 2 2 1 549 2078 4008
892 2 2 2 1 2876 3132 4529
893 2 2 2 1 3048 461 3199
894 2 2 2 1 735 1894 3942
895 2 2 2 1 2755 1311 2777
896 2 2 2 1 822 1715 4832
897 2 2 2 1 1721 1077 4585
898 2 2 2 1 2249 1062 2395
899 2 2 2 1 4040 2276 4475
900 2 2 2 1 1924 598 3305
901 2 2 2 1 1182 1924 3305
902 2 2 2 1 588 1927 2463
903 2 2 2 1 1198 1922 4046
904 2 2 2 1 4133 1054 4406
905 2 2 2 1 2295 986 2621
906 2 2 2 1 1025 1800 3073
907 2 2 2 1 309 3302 3742
908 2 2 2 1 1736 1164 4300
909 2 2 2 1 1724 421 5018
910 2 2 2 1 3329 2084 4375
911 2 2 2 1 1821 1098 3215
912 2 2 2 1 1990 1296 3520
913 2 2 2 1 601 1990 3520
914 2 2 2 1 864 2358 5382
915 2 2 2 1 2421 1598 3852
916 2 2 2 1 250 251 3116
917 2 2 2 1 943 2589 2776
918 2 2 2 1 974 2212 2510
919 2 2 2 1 2212 1083 2510
920 2 2 2 1 1518 2906 4211
921 2 2 2 1 2706 1336 5015
922 2 2 2 1 1732 1042 4390
923 2 2 2 1 2078 1488 4008
924 2 2 2 1 4277 407 4334
925 2 2 2 1 1736 3631 4958
926 2 2 2 1 871 2013 5219
927 2 2 2 1 2429 1939 4768
928 2 2 2 1 899 2044 3684
929 2 2 2 1 899 1948 2326
930 2 2 2 1 1004 1730 2819
931 2 2 2 1 2641 1476 2922
932 2 2 2 1 392 391 1966
933 2 2 2 1 2739 404 3651
934 2 2 2 1 1848 516 2462
935 2 2 2 1 1734 2739 3651
936 2 2 2 1 561 2409 2976
937 2 2 2 1 1776 737 5290
938 2 2 2 1 1969 1352 2311
939 2 2 2 1 987 1734 3651
940 2 2 2 1 917 3575 4925
941 2 2 2 1 1784 774 3967
942 2 2 2 1 3563 1658 3724
943 2 2 2 1 2285 921 5124
944 2 2 2 1 1067 1735 3932
945 2 2 2 1 624 2641 2922
946 2 2 2 1 2804 1017 4295
947 2 2 2 1 1725 928 3157
948 2 2 2 1 1792 4060 4117
949 2 2 2 1 809 2209 3274
950 2 2 2 1 695 2103 3960
951 2 2 2 1 878 2433 3786
952 2 2 2 1 1972 1304 4154
953 2 2 2 1 422 1862 4921
954 2 2 2 1 733 1737 3211
955 2 2 2 1 306 2635 4383
956 2 2 2 1 936 3048 3308
957 2 2 2 1 517 1762 2925
958 2 2 2 1 949 2036 2708
959 2 2 2 1 1731 794 3422
960 2 2 2 1 435 2792 3019
961 2 2 2 1 2122 2359 4539
962 2 2 2 1 1705 2648 3587
963 2 2 2 1 1844 505 3309
964 2 2 2 1 1807 843 2587
965 2 2 2 1 889 2339 3362
966 2 2 2 1 1937 628 2861
967 2 2 2 1 449 2610 3093
968 2 2 2 1 2543 397 4051
969 2 2 2 1 2172 900 4157
970 2 2 2 1 1874 551 5503
971 2 2 2 1 1147 2118 2246
972 2 2 2 1 2183 805 3497
973 2 2 2 1 2248 1082 2363
974 2 2 2 1 2084 1181 5206
975 2 2 2 1 2326 4372 4568
976 2 2 2 1 888 2139 2186
977 2 2 2 1 568 2248 2363
978 2 2 2 1 1070 1937 2861
979 2 2 2 1 459 2134 2865
980 2 2 2 1 1780 732 4130
981 2 2 2 1 3754 1611 3793
982 2 2 2 1 1240 2729 2753
983 2 2 2 1 3939 1647 4476
984 2 2 2 1 1903 2696 4950
985 2 2 2 1 325 324 5124
986 2 2 2 1 1773 745 3147
987 2 2 2 1 1056 1773 3147
988 2 2 2 1 1778 456 2679
989 2 2 2 1 1737 733 3772
990 2 2 2 1 1265 2081 3298
991 2 2 2 1 707 1720 3667
992 2 2 2 1 515 1740 3376
993 2 2 2 1 1907 2263 5313
994 2 2 2 1 2081 596 3298
995 2 2 2 1 1927 952 2463
996 2 2 2 1 1855 1453 4419
997 2 2 2 1 2648 1171 3587
998 2 2 2 1 2710 3294 4512
999 2 2 2 1 2195 493 3644
1000 2 2 2 1 1805 582 2607
1001 2 2 2 1 4060 1337 4117
1002 2 2 2 1 2416 3181 4783
1003 2 2 2 1 2134 1157 2865
1004 2 2 2 1 3511 1546 4352
1005 2 2 2 1 1820 906 5356
1006 2 2 2 1 429 2160 2288
1007 2 2 2 1 1920 393 3732
1008 2 2 2 1 3043 554 3582
1009 2 2 2 1 1392 2183 3497
1010 2 2 2 1 1205 1986 3315
1011 2 2 2 1 712 2264 4340
1012 2 2 2 1 2024 977 2281
1013 2 2 2 1 2452 880 3636
1014 2 2 2 1 1017 2835 4295
1015 2 2 2 1 1322 1886 3418
1016 2 2 2 1 757 1988 4241
1017 2 2 2 1 1811 927 2588
1018 2 2 2 1 873 2778 3506
1019 2 2 2 1 1792 525 2594
1020 2 2 2 1 2161 911 3170
1021 2 2 2 1 1720 707 3070
1022 2 2 2 1 2423 1276 3091
1023 2 2 2 1 1762 517 3927
1024 2 2 2 1 1580 3048 3199
1025 2 2 2 1 3302 1665 3742
1026 2 2 2 1 852 1912 2458
1027 2 2 2 1 1449 2091 2506
1028 2 2 2 1 1760 455 3610
1029 2 2 2 1 1092 1810 3317
1030 2 2 2 1 2979 1705 3587
1031 2 2 2 1 3591 1443 4422
1032 2 2 2 1 1749 1053 4782
1033 2 2 2 1 927 2399 3616
1034 2 2 2 1 1921 206 3578
1035 2 2 2 1 2037 546 2776
1036 2 2 2 1 1887 881 3283
1037 2 2 2 1 2610 1420 3093
1038 2 2 2 1 902 2126 3347
1039 2 2 2 1 1200 2995 4770
1040 2 2 2 1 3674 4650 5543
1041 2 2 2 1 584 1795 3705
1042 2 2 2 1 535 1993 5592
1043 2 2 2 1 3087 1430 3338
1044 2 2 2 1 1053 1749 4693
1045 2 2 2 1 1775 72 2928
1046 2 2 2 1 1841 910 3032
1047 2 2 2 1 2325 451 3882
1048 2 2 2 1 3061 1054 4133
1049 2 2 2 1 531 1769 4711
1050 2 2 2 1 1893 1475 4857
1051 2 2 2 1 3092 1624 3964
1052 2 2 2 1 2643 522 4465
1053 2 2 2 1 413 1911 2995
1054 2 2 2 1 2259 405 3368
1055 2 2 2 1 2163 1205 3315
1056 2 2 2 1 1084 2128 4019
1057 2 2 2 1 2326 595 4372
1058 2 2 2 1 1477 1987 4228
1059 2 2 2 1 1102 2227 2430
1060 2 2 2 1 2506 917 4925
1061 2 2 2 1 1162 1935 2384
1062 2 2 2 1 1987 981 4228
1063 2 2 2 1 2139 565 2496
1064 2 2 2 1 2678 1264 2861
1065 2 2 2 1 697 2979 3587
1066 2 2 2 1 822 2334 3221
1067 2 2 2 1 2227 612 2430
1068 2 2 2 1 939 1965 3159
1069 2 2 2 1 744 1761 4694
1070 2 2 2 1 2145 941 2223
1071 2 2 2 1 140 141 2290
1072 2 2 2 1 1387 2316 3336
1073 2 2 2 1 2316 702 3336
1074 2 2 2 1 1035 1767 4863
1075 2 2 2 1 1951 74 3283
1076 2 2 2 1 216 2374 3954
1077 2 2 2 1 1059 1776 2763
1078 2 2 2 1 1056 3028 4627
1079 2 2 2 1 997 1750 4017
1080 2 2 2 1 541 1873 2479
1081 2 2 2 1 1046 2139 2496
1082 2 2 2 1 1869 1510 4434
1083 2 2 2 1 1816 856 2609
1084 2 2 2 1 501 2156 2832
1085 2 2 2 1 2156 1143 2832
1086 2 2 2 1 1995 4664 5479
1087 2 2 2 1 3318 888 3689
1088 2 2 2 1 1899 631 3242
1089 2 2 2 1 2351 1195 2352
1090 2 2 2 1 1134 1899 3242
1091 2 2 2 1 1006 1927 2742
1092 2 2 2 1 851 1939 2894
1093 2 2 2 1 2264 1667 4340
1094 2 2 2 1 2051 774 2934
1095 2 2 2 1 1843 513 5085
1096 2 2 2 1 2083 442 2811
1097 2 2 2 1 2516 1733 4192
1098 2 2 2 1 1910 914 4310
1099 2 2 2 1 3866 2687 5278
1100 2 2 2 1 2953 1627 4230
1101 2 2 2 1 516 2093 2462
1102 2 2 2 1 1262 2080 2608
1103 2 2 2 1 2029 1247 3654
1104 2 2 2 1 885 2351 2352
1105 2 2 2 1 4392 553 4630
1106 2 2 2 1 433 2145 2223
1107 2 2 2 1 1045 2929 4534
1108 2 2 2 1 843 1807 4002
1109 2 2 2 1 1610 2234 4122
1110 2 2 2 1 405 2592 3368
1111 2 2 2 1 2592 1538 3368
1112 2 2 2 1 2234 596 4122
1113 2 2 2 1 751 1764 2877
1114 2 2 2 1 2811 442 3543
1115 2 2 2 1 1986 760 3315
1116 2 2 2 1 2580 913 3816
1117 2 2 2 1 934 1754 3490
1118 2 2 2 1 1910 832 2634
1119 2 2 2 1 1692 2580 3816
1120 2 2 2 1 1175 1738 4236
1121 2 2 2 1 2839 1484 3888
1122 2 2 2 1 1599 3546 4296
1123 2 2 2 1 2687 444 5278
1124 2 2 2 1 2118 889 2246
1125 2 2 2 1 568 2363 3006
1126 2 2 2 1 2511 1640 3799
1127 2 2 2 1 570 2523 2571
1128 2 2 2 1 964 1790 2823
1129 2 2 2 1 3788 1445 5045
1130 2 2 2 1 575 1818 3626
1131 2 2 2 1 2374 217 2799
1132 2 2 2 1 935 2363 2392
1133 2 2 2 1 4140 1471 5106
1134 2 2 2 1 1836 950 2820
1135 2 2 2 1 3048 1580 3308
1136 2 2 2 1 1783 2520 4221
1137 2 2 2 1 1100 1934 2400
1138 2 2 2 1 2363 1082 2392
1139 2 2 2 1 2698 1983 4013
1140 2 2 2 1 903 3709 4254
1141 2 2 2 1 3063 1346 5182
1142 2 2 2 1 2696 824 4950
1143 2 2 2 1 2334 1376 3221
1144 2 2 2 1 1769 531 4638
1145 2 2 2 1 582 1805 4084
1146 2 2 2 1 3432 1421 3694
1147 2 2 2 1 1471 2384 5106
1148 2 2 2 1 553 2345 4630
1149 2 2 2 1 1988 1461 4241
1150 2 2 2 1 1934 921 2400
1151 2 2 2 1 1799 923 3101
1152 2 2 2 1 352 1942 2618
1153 2 2 2 1 2399 3240 3616
1154 2 2 2 1 3577 766 4581
1155 2 2 2 1 2513 377 4999
1156 2 2 2 1 836 2073 3751
1157 2 2 2 1 4411 1893 4686
1158 2 2 2 1 434 2039 3991
1159 2 2 2 1 98 99 2208
1160 2 2 2 1 2310 636 2947
1161 2 2 2 1 1252 2310 2947
1162 2 2 2 1 183 1956 3634
1163 2 2 2 1 2006 1491 2356
1164 2 2 2 1 720 2516 4192
1165 2 2 2 1 574 2006 2356
1166 2 2 2 1 695 3960 4681
1167 2 2 2 1 1969 795 3818
1168 2 2 2 1 1352 1969 3818
1169 2 2 2 1 884 1761 2997
1170 2 2 2 1 1810 1092 3608
1171 2 2 2 1 2520 492 4221
1172 2 2 2 1 1927 588 2742
1173 2 2 2 1 2736 1571 3691
1174 2 2 2 1 2202 974 2223
1175 2 2 2 1 1279 1772 3627
1176 2 2 2 1 836 1839 5199
1177 2 2 2 1 3292 1516 3435
1178 2 2 2 1 2135 639 3665
1179 2 2 2 1 2035 1356 4148
1180 2 2 2 1 480 2260 4718
1181 2 2 2 1 1909 823 4872
1182 2 2 2 1 3372 1239 4166
1183 2 2 2 1 1890 1375 3650
1184 2 2 2 1 3499 1548 4043
1185 2 2 2 1 427 2011 2368
1186 2 2 2 1 1951 881 2613
1187 2 2 2 1 1074 1951 2613
1188 2 2 2 1 506 2268 3873
1189 2 2 2 1 1714 2283 4564
1190 2 2 2 1 2699 1504 3639
1191 2 2 2 1 711 1939 2429
1192 2 2 2 1 834 2373 3271
1193 2 2 2 1 941 2202 2223
1194 2 2 2 1 1970 474 3351
1195 2 2 2 1 1208 1970 3351
1196 2 2 2 1 814 2030 3513
1197 2 2 2 1 2730 1421 3007
1198 2 2 2 1 1373 2600 3698
1199 2 2 2 1 3338 844 5212
1200 2 2 2 1 1782 4266 4516
1201 2 2 2 1 922 2203 4426
1202 2 2 2 1 2939 1045 4534
1203 2 2 2 1 1120 2296 2299
1204 2 2 2 1 2318 3909 4088
1205 2 2 2 1 2921 2007 5557
1206 2 2 2 1 2036 470 3442
1207 2 2 2 1 1269 2036 3442
1208 2 2 2 1 2296 897 2299
1209 2 2 2 1 3697 1759 5208
1210 2 2 2 1 3535 1820 5356
1211 2 2 2 1 2995 1684 4770
1212 2 2 2 1 2502 561 2976
1213 2 2 2 1 2011 931 2368
1214 2 2 2 1 2242 535 5592
1215 2 2 2 1 1923 968 5417
1216 2 2 2 1 257 258 2044
1217 2 2 2 1 2545 1016 2865
1218 2 2 2 1 1780 2954 3277
1219 2 2 2 1 586 2553 3308
1220 2 2 2 1 1057 1760 3610
1221 2 2 2 1 2459 722 4061
1222 2 2 2 1 555 2021 2359
1223 2 2 2 1 1845 502 2614
1224 2 2 2 1 2255 4559 5028
1225 2 2 2 1 1659 3649 4801
1226 2 2 2 1 776 1783 3047
1227 2 2 2 1 2338 1346 3201
1228 2 2 2 1 600 2338 3201
1229 2 2 2 1 2059 893 4096
1230 2 2 2 1 1074 1775 2928
1231 2 2 2 1 1 11 3252
1232 2 2 2 1 274 1 3252
1233 2 2 2 1 1767 717 3053
1234 2 2 2 1 2416 497 3181
1235 2 2 2 1 4710 526 4863
1236 2 2 2 1 1413 2936 3305
1237 2 2 2 1 1331 1880 2544
1238 2 2 2 1 881 1951 3283
1239 2 2 2 1 1482 1965 4394
1240 2 2 2 1 3990 133 5161
1241 2 2 2 1 883 1838 2643
1242 2 2 2 1 199 200 2557
1243 2 2 2 1 2250 1429 3628
1244 2 2 2 1 2278 890 5246
1245 2 2 2 1 1069 2730 3007
1246 2 2 2 1 1931 4157 5044
1247 2 2 2 1 2357 476 5283
1248 2 2 2 1 782 2092 4851
1249 2 2 2 1 2411 4351 4971
1250 2 2 2 1 2219 563 3474
1251 2 2 2 1 2512 1028 2952
1252 2 2 2 1 2827 526 4710
1253 2 2 2 1 978 2182 4021
1254 2 2 2 1 1977 957 3412
1255 2 2 2 1 2071 1515 2721
1256 2 2 2 1 603 2334 3162
1257 2 2 2 1 1219 2048 2378
1258 2 2 2 1 2932 1165 3261
1259 2 2 2 1 147 148 2023
1260 2 2 2 1 616 2237 2803
1261 2 2 2 1 2163 442 3036
1262 2 2 2 1 317 316 2095
1263 2 2 2 1 2099 70 4880
1264 2 2 2 1 1031 1866 2581
1265 2 2 2 1 1205 2163 3036
1266 2 2 2 1 777 2250 3628
1267 2 2 2 1 759 3697 5208
1268 2 2 2 1 2045 894 2700
1269 2 2 2 1 1810 542 3317
1270 2 2 2 1 70 71 4880
1271 2 2 2 1 1888 537 2705
1272 2 2 2 1 972 1888 2705
1273 2 2 2 1 619 1827 4637
1274 2 2 2 1 1509 2669 3604
1275 2 2 2 1 1727 2526 4946
1276 2 2 2 1 948 2075 3088
1277 2 2 2 1 212 213 2783
1278 2 2 2 1 3468 673 3980
1279 2 2 2 1 2237 1153 2803
1280 2 2 2 1 1275 1920 3732
1281 2 2 2 1 1620 2543 4051
1282 2 2 2 1 428 3177 3332
1283 2 2 2 1 602 2469 2615
1284 2 2 2 1 1867 1085 3097
1285 2 2 2 1 1021 2946 4813
1286 2 2 2 1 2334 1330 3162
1287 2 2 2 1 3177 1766 3332
1288 2 2 2 1 1992 861 2466
1289 2 2 2 1 3925 1608 5155
1290 2 2 2 1 1340 2743 2744
1291 2 2 2 1 2743 1139 2744
1292 2 2 2 1 72 1775 4880
1293 2 2 2 1 2234 925 3298
1294 2 2 2 1 745 1773 4055
1295 2 2 2 1 917 2091 4071
1296 2 2 2 1 1181 2084 3329
1297 2 2 2 1 1672 4251 5207
1298 2 2 2 1 737 1776 3568
1299 2 2 2 1 925 3243 3298
1300 2 2 2 1 1925 752 2511
1301 2 2 2 1 2003 2244 5408
1302 2 2 2 1 2244 423 5408
1303 2 2 2 1 1244 1925 2511
1304 2 2 2 1 665 2661 3050
1305 2 2 2 1 2661 1414 3050
1306 2 2 2 1 3811 701 5142
1307 2 2 2 1 2208 99 4897
1308 2 2 2 1 902 3347 4494
1309 2 2 2 1 2357 992 2836
1310 2 2 2 1 3398 1518 3450
1311 2 2 2 1 931 2142 2626
1312 2 2 2 1 1337 1894 4117
1313 2 2 2 1 1779 2203 4451
1314 2 2 2 1 3106 105 3599
1315 2 2 2 1 2305 946 2563
1316 2 2 2 1 1978 3063 5182
1317 2 2 2 1 1764 2643 4465
1318 2 2 2 1 2283 398 4564
1319 2 2 2 1 510 2555 4540
1320 2 2 2 1 1128 2419 2518
1321 2 2 2 1 514 2440 4461
1322 2 2 2 1 2419 965 2518
1323 2 2 2 1 3514 926 3834
1324 2 2 2 1 137 138 2060
1325 2 2 2 1 2240 1032 2479
1326 2 2 2 1 1862 422 4413
1327 2 2 2 1 2414 1446 2609
1328 2 2 2 1 2183 494 3879
1329 2 2 2 1 701 2432 5142
1330 2 2 2 1 1445 2604 5045
1331 2 2 2 1 1538 2656 3368
1332 2 2 2 1 2656 1129 3368
1333 2 2 2 1 329 328 2140
1334 2 2 2 1 2195 3644 5152
1335 2 2 2 1 20 21 2566
1336 2 2 2 1 1949 615 4732
1337 2 2 2 1 1772 3789 4822
1338 2 2 2 1 2127 563 2900
1339 2 2 2 1 2710 1258 3294
1340 2 2 2 1 855 2026 2691
1341 2 2 2 1 544 1825 4423
1342 2 2 2 1 2423 3091 4007
1343 2 2 2 1 2635 1699 4383
1344 2 2 2 1 788 1900 3962
1345 2 2 2 1 2198 402 3243
1346 2 2 2 1 1228 2599 3220
1347 2 2 2 1 2237 1202 3038
1348 2 2 2 1 516 1848 3710
1349 2 2 2 1 856 2414 2609
1350 2 2 2 1 1403 2115 3791
1351 2 2 2 1 2115 965 3791
1352 2 2 2 1 3736 922 4426
1353 2 2 2 1 2149 971 2551
1354 2 2 2 1 2236 874 2291
1355 2 2 2 1 1918 576 3269
1356 2 2 2 1 3369 1893 4857
1357 2 2 2 1 894 2045 2377
1358 2 2 2 1 1017 2565 2835
1359 2 2 2 1 2565 1311 2835
1360 2 2 2 1 471 1847 3110
1361 2 2 2 1 1047 2149 2551
1362 2 2 2 1 1217 2037 2776
1363 2 2 2 1 830 2233 4734
1364 2 2 2 1 368 367 2075
1365 2 2 2 1 2015 801 2627
1366 2 2 2 1 1008 2015 2627
1367 2 2 2 1 2160 1127 2288
1368 2 2 2 1 389 2064 4022
1369 2 2 2 1 2128 2493 4019
1370 2 2 2 1 4732 615 4760
1371 2 2 2 1 1614 2231 3527
1372 2 2 2 1 383 2313 3688
1373 2 2 2 1 2499 3387 3851
1374 2 2 2 1 2005 1328 3989
1375 2 2 2 1 790 2150 2407
1376 2 2 2 1 1426 2254 2859
1377 2 2 2 1 627 2360 3646
1378 2 2 2 1 1964 160 3100
1379 2 2 2 1 2321 1297 3396
1380 2 2 2 1 1942 956 5302
1381 2 2 2 1 1216 1852 2677
1382 2 2 2 1 563 2219 2595
1383 2 2 2 1 474 3164 3351
1384 2 2 2 1 3164 1759 3351
1385 2 2 2 1 378 377 2513
1386 2 2 2 1 903 1877 4754
1387 2 2 2 1 2658 982 2814
1388 2 2 2 1 1335 2658 2814
1389 2 2 2 1 2219 1272 2595
1390 2 2 2 1 2499 1166 3387
1391 2 2 2 1 374 2603 3889
1392 2 2 2 1 922 2065 4451
1393 2 2 2 1 2680 1743 4700
1394 2 2 2 1 459 1885 4398
1395 2 2 2 1 360 2542 5170
1396 2 2 2 1 1630 2459 4061
1397 2 2 2 1 528 3358 3791
1398 2 2 2 1 3510 830 4734
1399 2 2 2 1 1776 538 4004
1400 2 2 2 1 2969 627 3646
1401 2 2 2 1 456 1778 3225
1402 2 2 2 1 460 1830 4805
1403 2 2 2 1 1798 4158 4530
1404 2 2 2 1 2469 1266 2615
1405 2 2 2 1 907 3518 3797
1406 2 2 2 1 1981 1037 3017
1407 2 2 2 1 2450 577 3760
1408 2 2 2 1 1694 3167 3196
1409 2 2 2 1 3167 698 3196
1410 2 2 2 1 1231 2070 3103
1411 2 2 2 1 1966 1275 3732
1412 2 2 2 1 1608 3374 5155
1413 2 2 2 1 2542 1256 3470
1414 2 2 2 1 1459 3214 3558
1415 2 2 2 1 533 1876 2638
1416 2 2 2 1 561 2502 2551
1417 2 2 2 1 1346 2338 3797
1418 2 2 2 1 1065 2074 5342
1419 2 2 2 1 1243 1992 3668
1420 2 2 2 1 2157 800 4493
1421 2 2 2 1 524 1969 4269
1422 2 2 2 1 2029 3654 5003
1423 2 2 2 1 2092 1681 4851
1424 2 2 2 1 1796 1101 2983
1425 2 2 2 1 576 1918 3777
1426 2 2 2 1 476 1968 3285
1427 2 2 2 1 1919 936 2553
1428 2 2 2 1 938 2454 3757
1429 2 2 2 1 407 3329 4375
1430 2 2 2 1 1034 2020 4648
1431 2 2 2 1 2020 532 2892
1432 2 2 2 1 2293 1742 4543
1433 2 2 2 1 1841 655 2750
1434 2 2 2 1 507 2293 4543
1435 2 2 2 1 1061 1884 3247
1436 2 2 2 1 261 262 2194
1437 2 2 2 1 1440 2183 3879
1438 2 2 2 1 119 120 3680
1439 2 2 2 1 3518 907 4277
1440 2 2 2 1 1356 2035 4255
1441 2 2 2 1 2112 818 4123
1442 2 2 2 1 635 2000 2857
1443 2 2 2 1 2101 1210 2536
1444 2 2 2 1 637 3776 4228
1445 2 2 2 1 3530 1526 3554
1446 2 2 2 1 2563 946 2585
1447 2 2 2 1 2616 932 4473
1448 2 2 2 1 2473 540 4235
1449 2 2 2 1 950 1836 3299
1450 2 2 2 1 1209 1820 2870
1451 2 2 2 1 3319 1185 3445
1452 2 2 2 1 2094 522 3575
1453 2 2 2 1 2218 1114 2931
1454 2 2 2 1 503 2276 4040
1455 2 2 2 1 1339 2331 3552
1456 2 2 2 1 2074 3148 3596
1457 2 2 2 1 4096 893 4724
1458 2 2 2 1 1915 613 3054
1459 2 2 2 1 4516 919 5191
1460 2 2 2 1 894 2119 2700
1461 2 2 2 1 795 1785 3178
1462 2 2 2 1 500 1889 3606
1463 2 2 2 1 1889 1215 3606
1464 2 2 2 1 1314 2632 4001
1465 2 2 2 1 4116 827 4946
1466 2 2 2 1 1291 1850 3995
1467 2 2 2 1 1201 2563 2585
1468 2 2 2 1 2034 1107 5220
1469 2 2 2 1 859 2110 2943
1470 2 2 2 1 2153 860 2332
1471 2 2 2 1 1258 1926 2780
1472 2 2 2 1 956 1942 2631
1473 2 2 2 1 931 2011 2450
1474 2 2 2 1 1811 864 3915
1475 2 2 2 1 577 2450 4695
1476 2 2 2 1 1353 2142 4047
1477 2 2 2 1 2174 436 2581
1478 2 2 2 1 1057 2965 5384
1479 2 2 2 1 2645 1265 4497
1480 2 2 2 1 2270 1287 2672
1481 2 2 2 1 2501 577 4695
1482 2 2 2 1 2447 1128 2518
1483 2 2 2 1 487 2009 3016
1484 2 2 2 1 1827 619 3963
1485 2 2 2 1 988 1802 3099
1486 2 2 2 1 2009 1105 3016
1487 2 2 2 1 608 2447 2518
1488 2 2 2 1 1362 1885 2711
1489 2 2 2 1 2499 1288 3366
1490 2 2 2 1 2555 1774 4540
1491 2 2 2 1 2573 938 3757
1492 2 2 2 1 1328 2005 4207
1493 2 2 2 1 235 236 2252
1494 2 2 2 1 2729 1045 2753
1495 2 2 2 1 400 1824 4478
1496 2 2 2 1 1155 1797 3012
1497 2 2 2 1 1066 1878 3647
1498 2 2 2 1 120 2984 3680
1499 2 2 2 1 1928 793 4608
1500 2 2 2 1 1965 939 4642
1501 2 2 2 1 823 1909 2769
1502 2 2 2 1 1909 1056 2769
1503 2 2 2 1 598 2001 2791
1504 2 2 2 1 2001 1044 2791
1505 2 2 2 1 551 2451 5503
1506 2 2 2 1 1355 2082 2849
1507 2 2 2 1 546 2266 2776
1508 2 2 2 1 2783 213 3255
1509 2 2 2 1 1036 2981 3358
1510 2 2 2 1 120 121 2984
1511 2 2 2 1 2259 3368 3951
1512 2 2 2 1 2255 654 4559
1513 2 2 2 1 1626 2157 4493
1514 2 2 2 1 2079 1529 2816
1515 2 2 2 1 1451 2243 3075
1516 2 2 2 1 990 2165 2752
1517 2 2 2 1 628 2678 2861
1518 2 2 2 1 485 2597 2764
1519 2 2 2 1 793 1936 4608
1520 2 2 2 1 1204 2260 3149
1521 2 2 2 1 430 2953 4230
1522 2 2 2 1 2480 1412 3830
1523 2 2 2 1 718 4288 4995
1524 2 2 2 1 1965 1482 3159
1525 2 2 2 1 957 1974 2567
1526 2 2 2 1 1974 805 2567
1527 2 2 2 1 2211 2399 3915
1528 2 2 2 1 2559 1871 4873
1529 2 2 2 1 2056 606 2481
1530 2 2 2 1 534 1919 2651
1531 2 2 2 1 2293 1711 4573
1532 2 2 2 1 3744 2701 3795
1533 2 2 2 1 1225 1952 3326
1534 2 2 2 1 970 2056 2481
1535 2 2 2 1 1642 2782 3034
1536 2 2 2 1 2782 1011 3034
1537 2 2 2 1 1797 1155 3970
1538 2 2 2 1 1866 640 2732
1539 2 2 2 1 1366 2480 3649
1540 2 2 2 1 425 3674 5543
1541 2 2 2 1 732 1780 3277
1542 2 2 2 1 2290 141 3874
1543 2 2 2 1 1820 1209 3794
1544 2 2 2 1 906 1820 3794
1545 2 2 2 1 1148 2984 4138
1546 2 2 2 1 1015 1931 5044
1547 2 2 2 1 2122 1280 2974
1548 2 2 2 1 576 2141 2647
1549 2 2 2 1 1107 2077 5220
1550 2 2 2 1 1108 2127 2900
1551 2 2 2 1 537 2143 2800
1552 2 2 2 1 1085 1867 4256
1553 2 2 2 1 3489 1843 5085
1554 2 2 2 1 437 2509 2671
1555 2 2 2 1 2542 3470 4935
1556 2 2 2 1 2279 1223 2283
1557 2 2 2 1 568 3006 3217
1558 2 2 2 1 1800 1025 3068
1559 2 2 2 1 3447 2450 3760
1560 2 2 2 1 1102 2430 2481
1561 2 2 2 1 2701 1268 3795
1562 2 2 2 1 787 4245 4683
1563 2 2 2 1 525 1792 2999
1564 2 2 2 1 1870 1384 4436
1565 2 2 2 1 2256 1436 3158
1566 2 2 2 1 1057 1932 3167
1567 2 2 2 1 1862 2170 4921
1568 2 2 2 1 1908 681 3435
1569 2 2 2 1 1151 1803 3630
1570 2 2 2 1 1928 4732 4760
1571 2 2 2 1 1940 1387 3336
1572 2 2 2 1 1815 747 3280
1573 2 2 2 1 590 2559 4873
1574 2 2 2 1 1975 835 4570
1575 2 2 2 1 2275 342 3493
1576 2 2 2 1 3271 2373 4703
1577 2 2 2 1 2430 970 2481
1578 2 2 2 1 911 2811 3170
1579 2 2 2 1 1398 4174 5539
1580 2 2 2 1 1019 2825 3558
1581 2 2 2 1 2302 3754 4331
1582 2 2 2 1 1049 1843 3489
1583 2 2 2 1 3376 1740 4727
1584 2 2 2 1 1885 1202 2711
1585 2 2 2 1 955 4058 4360
1586 2 2 2 1 2868 1731 3660
1587 2 2 2 1 493 2868 3660
1588 2 2 2 1 1951 1074 4420
1589 2 2 2 1 879 2279 2283
1590 2 2 2 1 1802 423 3099
1591 2 2 2 1 2268 843 4002
1592 2 2 2 1 1590 2061 3492
1593 2 2 2 1 3474 1222 3810
1594 2 2 2 1 2431 1196 2687
1595 2 2 2 1 280 279 2126
1596 2 2 2 1 681 1908 4459
1597 2 2 2 1 1097 2235 2460
1598 2 2 2 1 505 1844 3952
1599 2 2 2 1 2118 1147 3044
1600 2 2 2 1 2906 741 4211
1601 2 2 2 1 1997 848 2508
1602 2 2 2 1 2302 846 3754
1603 2 2 2 1 787 1855 5392
1604 2 2 2 1 2441 982 2658
1605 2 2 2 1 373 1793 3982
1606 2 2 2 1 2203 922 4451
1607 2 2 2 1 1936 431 4441
1608 2 2 2 1 543 2253 2408
1609 2 2 2 1 2056 970 5218
1610 2 2 2 1 923 1799 4401
1611 2 2 2 1 1849 191 2834
1612 2 2 2 1 878 2148 4722
1613 2 2 2 1 3558 2825 4206
1614 2 2 2 1 2091 1449 4368
1615 2 2 2 1 2833 1831 4464
1616 2 2 2 1 94 95 2096
1617 2 2 2 1 513 1843 5090
1618 2 2 2 1 1805 762 3755
1619 2 2 2 1 2377 656 3449
1620 2 2 2 1 975 2603 3982
1621 2 2 2 1 1101 1796 3426
1622 2 2 2 1 2001 3807 3825
1623 2 2 2 1 3466 1220 5233
1624 2 2 2 1 1014 3198 3635
1625 2 2 2 1 774 2327 2934
1626 2 2 2 1 892 2293 4573
1627 2 2 2 1 457 2118 3044
1628 2 2 2 1 1795 584 4874
1629 2 2 2 1 959 2085 5448
1630 2 2 2 1 2922 1987 3475
1631 2 2 2 1 1919 941 2651
1632 2 2 2 1 3553 1646 4114
1633 2 2 2 1 969 3376 4727
1634 2 2 2 1 1114 1836 4318
1635 2 2 2 1 495 2833 4464
1636 2 2 2 1 1768 4277 4334
1637 2 2 2 1 2112 1415 3877
1638 2 2 2 1 1242 1892 3825
1639 2 2 2 1 2703 1972 4154
1640 2 2 2 1 2129 2033 5570
1641 2 2 2 1 1116 1804 3513
1642 2 2 2 1 2079 581 3256
1643 2 2 2 1 1189 2079 3256
1644 2 2 2 1 3683 862 5105
1645 2 2 2 1 2814 2102 3727
1646 2 2 2 1 2017 1050 2874
1647 2 2 2 1 2177 1158 4509
1648 2 2 2 1 423 1802 3227
1649 2 2 2 1 2558 1398 5539
1650 2 2 2 1 2767 703 3524
1651 2 2 2 1 1621 2767 3524
1652 2 2 2 1 862 3683 5035
1653 2 2 2 1 2348 561 2551
1654 2 2 2 1 2695 2085 3888
1655 2 2 2 1 2405 887 3451
1656 2 2 2 1 452 3885 4860
1657 2 2 2 1 2142 931 4047
1658 2 2 2 1 1101 2199 2983
1659 2 2 2 1 1150 2904 2969
1660 2 2 2 1 922 2699 3639
1661 2 2 2 1 3255 214 4859
1662 2 2 2 1 1118 1923 3284
1663 2 2 2 1 1703 3514 3834
1664 2 2 2 1 217 218 2799
1665 2 2 2 1 2218 2931 4619
1666 2 2 2 1 2778 1447 3506
1667 2 2 2 1 1742 2293 3163
1668 2 2 2 1 1824 1029 3391
1669 2 2 2 1 650 2286 3375
1670 2 2 2 1 936 1919 3484
1671 2 2 2 1 2336 946 3731
1672 2 2 2 1 1159 1891 2734
1673 2 2 2 1 1886 1311 2755
1674 2 2 2 1 2439 435 3019
1675 2 2 2 1 2512 2952 4143
1676 2 2 2 1 551 1982 3244
1677 2 2 2 1 2367 917 4071
1678 2 2 2 1 2320 2675 3977
1679 2 2 2 1 2760 1477 3776
1680 2 2 2 1 1961 1048 5333
1681 2 2 2 1 3177 1095 4928
1682 2 2 2 1 4559 1634 5028
1683 2 2 2 1 3054 613 3183
1684 2 2 2 1 2557 200 4225
1685 2 2 2 1 2788 1028 5278
1686 2 2 2 1 1683 2986 4145
1687 2 2 2 1 1141 2477 2831
1688 2 2 2 1 3796 729 4009
1689 2 2 2 1 3665 639 4304
1690 2 2 2 1 741 1832 4673
1691 2 2 2 1 4238 734 4257
1692 2 2 2 1 2215 2472 3753
1693 2 2 2 1 614 2672 3094
1694 2 2 2 1 1877 2672 4391
1695 2 2 2 1 952 2179 2463
1696 2 2 2 1 904 2426 2570
1697 2 2 2 1 1015 2801 4196
1698 2 2 2 1 1571 2736 4871
1699 2 2 2 1 747 1815 4820
1700 2 2 2 1 2672 614 4391
1701 2 2 2 1 1462 1879 3920
1702 2 2 2 1 1609 2866 4427
1703 2 2 2 1 563 2127 5100
1704 2 2 2 1 1933 1024 5577
1705 2 2 2 1 1852 3532 5392
1706 2 2 2 1 3268 1346 3797
1707 2 2 2 1 1296 1990 2555
1708 2 2 2 1 1425 4040 4475
1709 2 2 2 1 2075 948 4889
1710 2 2 2 1 1881 903 4254
1711 2 2 2 1 541 2214 4296
1712 2 2 2 1 2760 3776 4747
1713 2 2 2 1 1954 1327 4231
1714 2 2 2 1 2311 730 3917
1715 2 2 2 1 606 1902 2738
1716 2 2 2 1 4062 2766 4727
1717 2 2 2 1 1069 1822 3187
1718 2 2 2 1 2138 959 5448
1719 2 2 2 1 2148 3005 4722
1720 2 2 2 1 1818 575 3978
1721 2 2 2 1 2179 1305 2463
1722 2 2 2 1 904 1954 2623
1723 2 2 2 1 119 2049 5177
1724 2 2 2 1 1053 2349 2548
1725 2 2 2 1 2349 1090 2548
1726 2 2 2 1 705 2921 5557
1727 2 2 2 1 2001 598 3807
1728 2 2 2 1 2268 1750 3279
1729 2 2 2 1 3093 1486 3420
1730 2 2 2 1 740 1823 3734
1731 2 2 2 1 2265 939 3159
1732 2 2 2 1 2986 470 4145
1733 2 2 2 1 1878 1066 3138
1734 2 2 2 1 592 1878 3138
1735 2 2 2 1 1421 2487 3007
1736 2 2 2 1 2298 948 3088
1737 2 2 2 1 2368 931 2626
1738 2 2 2 1 1807 2633 4002
1739 2 2 2 1 1825 544 5163
1740 2 2 2 1 533 2638 4226
1741 2 2 2 1 1663 2218 4540
1742 2 2 2 1 2218 510 4540
1743 2 2 2 1 2717 1585 3413
1744 2 2 2 1 2411 736 4351
1745 2 2 2 1 2265 673 3468
1746 2 2 2 1 1719 3112 4446
1747 2 2 2 1 560 2350 2437
1748 2 2 2 1 43 44 2893
1749 2 2 2 1 3336 702 5120
1750 2 2 2 1 2150 1099 2407
1751 2 2 2 1 1911 413 5324
1752 2 2 2 1 1095 3213 4928
1753 2 2 2 1 1563 3843 4442
1754 2 2 2 1 231 232 2112
1755 2 2 2 1 968 2330 5417
1756 2 2 2 1 2000 975 5280
1757 2 2 2 1 2064 389 2818
1758 2 2 2 1 1855 4419 5110
1759 2 2 2 1 1894 1260 3942
1760 2 2 2 1 1998 594 2756
1761 2 2 2 1 2566 21 4644
1762 2 2 2 1 1098 2808 3838
1763 2 2 2 1 2238 1245 3695
1764 2 2 2 1 2806 533 4226
1765 2 2 2 1 1830 460 3119
1766 2 2 2 1 3267 1348 3594
1767 2 2 2 1 2542 1898 5170
1768 2 2 2 1 1060 2366 2434
1769 2 2 2 1 996 1839 3751
1770 2 2 2 1 2366 1013 2434
1771 2 2 2 1 3243 402 3477
1772 2 2 2 1 856 1816 4869
1773 2 2 2 1 1771 2649 4788
1774 2 2 2 1 2189 855 2691
1775 2 2 2 1 1666 3496 4094
1776 2 2 2 1 2487 778 3007
1777 2 2 2 1 132 133 3990
1778 2 2 2 1 2152 1031 2581
1779 2 2 2 1 436 2152 2581
1780 2 2 2 1 392 1966 3732
1781 2 2 2 1 1567 3679 4461
1782 2 2 2 1 2114 641 3941
1783 2 2 2 1 993 1933 2822
1784 2 2 2 1 437 2017 2874
1785 2 2 2 1 2616 1654 4453
1786 2 2 2 1 456 2606 3457
1787 2 2 2 1 640 1866 3035
1788 2 2 2 1 859 2943 4317
1789 2 2 2 1 711 2438 4095
1790 2 2 2 1 2073 2646 3751
1791 2 2 2 1 1866 1031 3035
1792 2 2 2 1 2031 1243 3668
1793 2 2 2 1 2734 582 3040
1794 2 2 2 1 978 1980 5191
1795 2 2 2 1 1880 488 5049
1796 2 2 2 1 2488 1552 4164
1797 2 2 2 1 1239 2554 4166
1798 2 2 2 1 1847 3525 4715
1799 2 2 2 1 2728 1014 3635
1800 2 2 2 1 655 1841 3032
1801 2 2 2 1 1443 2693 4422
1802 2 2 2 1 1899 1134 2792
1803 2 2 2 1 858 2318 4088
1804 2 2 2 1 1838 883 4539
1805 2 2 2 1 2041 430 3580
1806 2 2 2 1 1030 1903 4183
1807 2 2 2 1 1442 3278 3437
1808 2 2 2 1 581 2079 2816
1809 2 2 2 1 1014 2728 3245
1810 2 2 2 1 800 2157 3842
1811 2 2 2 1 429 2288 5389
1812 2 2 2 1 2405 3451 5546
1813 2 2 2 1 1854 987 3651
1814 2 2 2 1 832 2141 2634
1815 2 2 2 1 2606 1510 3457
1816 2 2 2 1 4351 1591 4971
1817 2 2 2 1 2936 1182 3305
1818 2 2 2 1 434 3991 4719
1819 2 2 2 1 987 1854 3496
1820 2 2 2 1 2622 1896 3969
1821 2 2 2 1 841 2032 3065
1822 2 2 2 1 2206 1627 2822
1823 2 2 2 1 566 2086 2713
1824 2 2 2 1 3444 1573 3738
1825 2 2 2 1 2086 1033 2713
1826 2 2 2 1 1105 2693 3239
1827 2 2 2 1 696 3838 4866
1828 2 2 2 1 91 92 2443
1829 2 2 2 1 2253 956 2408
1830 2 2 2 1 1922 3129 4046
1831 2 2 2 1 2940 1690 3523
1832 2 2 2 1 3189 1721 4371
1833 2 2 2 1 921 2190 2400
1834 2 2 2 1 1054 2023 3821
1835 2 2 2 1 52 2746 4961
1836 2 2 2 1 2026 523 5438
1837 2 2 2 1 1892 781 3825
1838 2 2 2 1 1826 465 3730
1839 2 2 2 1 4439 711 4569
1840 2 2 2 1 2101 1024 4118
1841 2 2 2 1 3843 479 4442
1842 2 2 2 1 3381 1213 4205
1843 2 2 2 1 1882 763 4172
1844 2 2 2 1 709 3553 4114
1845 2 2 2 1 1939 711 4488
1846 2 2 2 1 2149 584 2467
1847 2 2 2 1 467 2772 3701
1848 2 2 2 1 817 2049 3216
1849 2 2 2 1 1960 882 2777
1850 2 2 2 1 1063 1964 3100
1851 2 2 2 1 1573 3444 4641
1852 2 2 2 1 2772 1667 3701
1853 2 2 2 1 1158 1835 3761
1854 2 2 2 1 2256 3158 4124
1855 2 2 2 1 2049 1148 3216
1856 2 2 2 1 2511 752 4015
1857 2 2 2 1 1640 2511 4015
1858 2 2 2 1 213 214 3255
1859 2 2 2 1 357 1965 4642
1860 2 2 2 1 949 2032 2887
1861 2 2 2 1 2693 1443 3239
1862 2 2 2 1 756 1888 3156
1863 2 2 2 1 1248 2935 3378
1864 2 2 2 1 1068 2056 3212
1865 2 2 2 1 1977 1125 3528
1866 2 2 2 1 833 2146 2971
1867 2 2 2 1 2091 917 2506
1868 2 2 2 1 1275 1966 4063
1869 2 2 2 1 2971 2146 5587
1870 2 2 2 1 341 340 3728
1871 2 2 2 1 1130 2971 5587
1872 2 2 2 1 3523 1690 5233
1873 2 2 2 1 443 1881 5454
1874 2 2 2 1 1832 476 3285
1875 2 2 2 1 4550 2612 4810
1876 2 2 2 1 1664 2165 4696
1877 2 2 2 1 2165 772 4696
1878 2 2 2 1 2876 1569 3315
1879 2 2 2 1 760 2876 3315
1880 2 2 2 1 1835 1158 3641
1881 2 2 2 1 2252 236 4603
1882 2 2 2 1 2504 817 4424
1883 2 2 2 1 3234 1098 3838
1884 2 2 2 1 2930 1909 4872
1885 2 2 2 1 2254 6 3107
1886 2 2 2 1 2461 1121 2571
1887 2 2 2 1 1375 1890 4654
1888 2 2 2 1 1989 547 5223
1889 2 2 2 1 1342 4289 5216
1890 2 2 2 1 2829 798 4096
1891 2 2 2 1 2036 949 2941
1892 2 2 2 1 956 2253 5302
1893 2 2 2 1 2446 1235 2815
1894 2 2 2 1 1021 2461 2571
1895 2 2 2 1 2359 905 5447
1896 2 2 2 1 2690 1404 2702
1897 2 2 2 1 1828 2829 4096
1898 2 2 2 1 977 1991 2694
1899 2 2 2 1 1244 1852 3839
1900 2 2 2 1 1839 836 3751
1901 2 2 2 1 2643 1764 3971
1902 2 2 2 1 4024 1756 4187
1903 2 2 2 1 2747 131 3990
1904 2 2 2 1 873 2784 3566
1905 2 2 2 1 162 163 2680
1906 2 2 2 1 1213 2906 4205
1907 2 2 2 1 3430 1612 4402
1908 2 2 2 1 1836 424 3299
1909 2 2 2 1 465 1826 3328
1910 2 2 2 1 454 3672 3770
1911 2 2 2 1 3063 1194 3201
1912 2 2 2 1 1878 592 2932
1913 2 2 2 1 711 4095 4488
1914 2 2 2 1 776 2005 3989
1915 2 2 2 1 903 2270 2672
1916 2 2 2 1 458 2063 2707
1917 2 2 2 1 1398 2558 3263
1918 2 2 2 1 2558 623 3263
1919 2 2 2 1 2258 869 2768
1920 2 2 2 1 2419 528 3791
1921 2 2 2 1 2572 1670 3805
1922 2 2 2 1 398 2604 3359
1923 2 2 2 1 2604 1445 3359
1924 2 2 2 1 656 2377 2872
1925 2 2 2 1 569 3495 4824
1926 2 2 2 1 3871 1371 4937
1927 2 2 2 1 1904 780 4212
1928 2 2 2 1 1046 2496 2723
1929 2 2 2 1 1946 556 3214
1930 2 2 2 1 159 1964 4712
1931 2 2 2 1 1173 1859 4057
1932 2 2 2 1 3378 2935 4624
1933 2 2 2 1 2075 367 4780
1934 2 2 2 1 1529 2079 4742
1935 2 2 2 1 2128 918 2493
1936 2 2 2 1 2360 627 3018
1937 2 2 2 1 937 2690 2702
1938 2 2 2 1 4143 529 4664
1939 2 2 2 1 2114 3941 4990
1940 2 2 2 1 971 2149 2467
1941 2 2 2 1 976 2030 2645
1942 2 2 2 1 1107 1872 3076
1943 2 2 2 1 2530 1389 3957
1944 2 2 2 1 1843 1049 3648
1945 2 2 2 1 2496 1177 2723
1946 2 2 2 1 2530 3957 5197
1947 2 2 2 1 2030 814 2645
1948 2 2 2 1 1832 2655 5283
1949 2 2 2 1 3750 2830 4297
1950 2 2 2 1 3181 1144 4280
1951 2 2 2 1 1892 1242 3491
1952 2 2 2 1 1323 2533 2795
1953 2 2 2 1 3377 478 4006
1954 2 2 2 1 2679 1192 5248
1955 2 2 2 1 1232 2748 3429
1956 2 2 2 1 2727 1257 3401
1957 2 2 2 1 190 1849 3180
1958 2 2 2 1 1768 3518 4277
1959 2 2 2 1 1857 600 3887
1960 2 2 2 1 662 1972 2703
1961 2 2 2 1 1233 2360 3018
1962 2 2 2 1 4630 2546 5129
1963 2 2 2 1 1489 3685 5202
1964 2 2 2 1 1927 1006 2851
1965 2 2 2 1 2190 975 2523
1966 2 2 2 1 2565 529 2777
1967 2 2 2 1 2289 1231 3103
1968 2 2 2 1 833 2289 3103
1969 2 2 2 1 343 342 2275
1970 2 2 2 1 832 1910 4310
1971 2 2 2 1 2157 1382 3842
1972 2 2 2 1 2343 1320 3571
1973 2 2 2 1 4161 1085 4865
1974 2 2 2 1 1852 1216 3760
1975 2 2 2 1 433 2223 2510
1976 2 2 2 1 2130 410 3012
1977 2 2 2 1 873 2342 2778
1978 2 2 2 1 178 179 2168
1979 2 2 2 1 447 4659 4890
1980 2 2 2 1 956 2324 2408
1981 2 2 2 1 1006 2497 2910
1982 2 2 2 1 941 2145 3724
1983 2 2 2 1 1647 3069 4476
1984 2 2 2 1 587 2484 4166
1985 2 2 2 1 970 2430 4035
1986 2 2 2 1 2021 555 3515
1987 2 2 2 1 2571 2523 4763
1988 2 2 2 1 152 153 2172
1989 2 2 2 1 91 2443 4291
1990 2 2 2 1 586 2202 3916
1991 2 2 2 1 961 2612 4550
1992 2 2 2 1 1131 1846 3613
1993 2 2 2 1 1024 2101 2536
1994 2 2 2 1 948 2271 4889
1995 2 2 2 1 2440 1612 3430
1996 2 2 2 1 1952 1225 3848
1997 2 2 2 1 1937 1070 2802
1998 2 2 2 1 1614 3527 4986
1999 2 2 2 1 595 2486 2887
2000 2 2 2 1 2486 1278 2887
2001 2 2 2 1 1081 1918 3269
2002 2 2 2 1 2117 897 3023
2003 2 2 2 1 2084 759 4099
2004 2 2 2 1 1410 2084 4099
2005 2 2 2 1 1850 1291 4634
2006 2 2 2 1 131 132 3990
2007 2 2 2 1 1214 1842 3565
2008 2 2 2 1 1157 2545 2865
2009 2 2 2 1 1301 3754 3793
2010 2 2 2 1 1885 1362 4100
2011 2 2 2 1 586 1941 5252
2012 2 2 2 1 1974 957 3082
2013 2 2 2 1 759 2084 5206
2014 2 2 2 1 906 2217 2566
2015 2 2 2 1 890 1930 4399
2016 2 2 2 1 1682 4295 5329
2017 2 2 2 1 1414 2017 3050
2018 2 2 2 1 2017 1306 3050
2019 2 2 2 1 1337 2275 3493
2020 2 2 2 1 2146 530 5587
2021 2 2 2 1 1854 404 3176
2022 2 2 2 1 304 3011 3937
2023 2 2 2 1 1178 2483 2722
2024 2 2 2 1 2377 3449 5196
2025 2 2 2 1 2540 447 4890
2026 2 2 2 1 313 1903 4547
2027 2 2 2 1 651 2331 3769
2028 2 2 2 1 3958 2884 4268
2029 2 2 2 1 957 1977 3082
2030 2 2 2 1 2780 1729 3925
2031 2 2 2 1 477 2780 3925
2032 2 2 2 1 1976 953 3430
2033 2 2 2 1 733 3384 5432
2034 2 2 2 1 999 2238 3695
2035 2 2 2 1 635 1929 2883
2036 2 2 2 1 1549 2676 3431
2037 2 2 2 1 4041 2244 4105
2038 2 2 2 1 985 2830 3750
2039 2 2 2 1 763 2676 4555
2040 2 2 2 1 3362 1501 4509
2041 2 2 2 1 606 2056 2909
2042 2 2 2 1 1128 2340 2419
2043 2 2 2 1 2340 528 2419
2044 2 2 2 1 2698 1418 3192
2045 2 2 2 1 2344 1177 2719
2046 2 2 2 1 1111 2698 3192
2047 2 2 2 1 2826 269 4674
2048 2 2 2 1 1882 587 5098
2049 2 2 2 1 1862 795 3178
2050 2 2 2 1 530 2167 5587
2051 2 2 2 1 111 3168 4379
2052 2 2 2 1 958 2016 4460
2053 2 2 2 1 972 2027 2659
2054 2 2 2 1 2207 1238 3762
2055 2 2 2 1 4166 2484 5475
2056 2 2 2 1 987 2161 3569
2057 2 2 2 1 2840 1353 4047
2058 2 2 2 1 2533 637 4228
2059 2 2 2 1 2056 1068 2909
2060 2 2 2 1 573 2623 5538
2061 2 2 2 1 4218 734 4813
2062 2 2 2 1 1702 2521 3857
2063 2 2 2 1 1612 2355 4317
2064 2 2 2 1 450 3235 3641
2065 2 2 2 1 3097 1085 4161
2066 2 2 2 1 566 2035 4148
2067 2 2 2 1 3444 1908 4641
2068 2 2 2 1 3235 1835 3641
2069 2 2 2 1 2027 431 2659
2070 2 2 2 1 623 2558 3750
2071 2 2 2 1 1855 787 4683
2072 2 2 2 1 3764 1864 5264
2073 2 2 2 1 404 1854 3651
2074 2 2 2 1 1920 1275 3967
2075 2 2 2 1 795 1862 3818
2076 2 2 2 1 2012 965 4450
2077 2 2 2 1 984 1929 2881
2078 2 2 2 1 1930 543 3673
2079 2 2 2 1 1991 977 2806
2080 2 2 2 1 1494 4106 4651
2081 2 2 2 1 2541 592 3469
2082 2 2 2 1 1929 1000 2883
2083 2 2 2 1 2255 951 3544
2084 2 2 2 1 1012 2608 3207
2085 2 2 2 1 1929 635 2881
2086 2 2 2 1 2048 820 5093
2087 2 2 2 1 78 79 2365
2088 2 2 2 1 1969 2311 4269
2089 2 2 2 1 1629 2594 4622
2090 2 2 2 1 515 3376 4201
2091 2 2 2 1 582 1913 3115
2092 2 2 2 1 1957 748 3622
2093 2 2 2 1 1912 3990 5161
2094 2 2 2 1 1212 1957 3622
2095 2 2 2 1 1971 572 2807
2096 2 2 2 1 946 3027 3731
2097 2 2 2 1 494 2183 3928
2098 2 2 2 1 2854 275 3464
2099 2 2 2 1 1821 4238 4257
2100 2 2 2 1 1962 461 3048
2101 2 2 2 1 1312 2201 2473
2102 2 2 2 1 774 1920 3967
2103 2 2 2 1 1789 3177 4829
2104 2 2 2 1 1750 2268 4867
2105 2 2 2 1 2619 1444 3383
2106 2 2 2 1 1117 2559 3487
2107 2 2 2 1 2501 1342 5216
2108 2 2 2 1 1991 990 4968
2109 2 2 2 1 1202 1885 4025
2110 2 2 2 1 619 2690 3963
2111 2 2 2 1 1424 2228 3939
2112 2 2 2 1 2179 952 4274
2113 2 2 2 1 1245 3390 3695
2114 2 2 2 1 634 2619 3383
2115 2 2 2 1 715 2499 3366
2116 2 2 2 1 786 1857 4075
2117 2 2 2 1 1515 2071 4464
2118 2 2 2 1 2252 1541 2789
2119 2 2 2 1 2071 495 4464
2120 2 2 2 1 1340 2744 3833
2121 2 2 2 1 1428 2311 3917
2122 2 2 2 1 613 1915 3773
2123 2 2 2 1 1915 1227 3773
2124 2 2 2 1 1482 2449 4412
2125 2 2 2 1 1600 2075 4780
2126 2 2 2 1 2268 506 4867
2127 2 2 2 1 3771 933 3907
2128 2 2 2 1 1912 1004 3990
2129 2 2 2 1 1801 3345 4485
2130 2 2 2 1 805 2183 2567
2131 2 2 2 1 485 2016 4265
2132 2 2 2 1 2134 459 4398
2133 2 2 2 1 636 2310 3288
2134 2 2 2 1 542 2284 3976
2135 2 2 2 1 2164 1015 5044
2136 2 2 2 1 2082 1355 3910
2137 2 2 2 1 3805 1670 5120
2138 2 2 2 1 3118 1320 3692
2139 2 2 2 1 2161 987 2528
2140 2 2 2 1 1184 3330 3567
2141 2 2 2 1 2033 1112 3161
2142 2 2 2 1 283 2033 3161
2143 2 2 2 1 1986 1205 4458
2144 2 2 2 1 390 389 4022
2145 2 2 2 1 975 2190 5280
2146 2 2 2 1 911 2161 2528
2147 2 2 2 1 4247 1755 4813
2148 2 2 2 1 2080 569 2608
2149 2 2 2 1 1972 662 3481
2150 2 2 2 1 830 2135 3665
2151 2 2 2 1 2235 549 2460
2152 2 2 2 1 2183 1440 2567
2153 2 2 2 1 1344 2280 2765
2154 2 2 2 1 2266 546 2476
2155 2 2 2 1 2232 955 4360
2156 2 2 2 1 2130 1073 2842
2157 2 2 2 1 410 2130 2842
2158 2 2 2 1 49 50 2222
2159 2 2 2 1 637 2082 3910
2160 2 2 2 1 407 1858 3329
2161 2 2 2 1 1686 3141 3403
2162 2 2 2 1 129 130 2628
2163 2 2 2 1 4310 914 5304
2164 2 2 2 1 2557 1340 3833
2165 2 2 2 1 1152 3398 3450
2166 2 2 2 1 2138 903 4754
2167 2 2 2 1 2093 516 5201
2168 2 2 2 1 3301 1494 4651
2169 2 2 2 1 538 2133 2593
2170 2 2 2 1 2133 1001 2593
2171 2 2 2 1 1859 1173 4260
2172 2 2 2 1 1980 4516 5191
2173 2 2 2 1 2064 954 2632
2174 2 2 2 1 1880 1331 5070
2175 2 2 2 1 1311 1886 4146
2176 2 2 2 1 2603 1472 3889
2177 2 2 2 1 2030 3182 3513
2178 2 2 2 1 3016 1703 4294
2179 2 2 2 1 1994 792 3406
2180 2 2 2 1 1098 4257 5163
2181 2 2 2 1 1952 754 3410
2182 2 2 2 1 1925 1244 3839
2183 2 2 2 1 2228 819 3939
2184 2 2 2 1 423 2244 4041
2185 2 2 2 1 2324 1042 2408
2186 2 2 2 1 963 2053 3029
2187 2 2 2 1 2785 1184 3567
2188 2 2 2 1 3251 1676 4432
2189 2 2 2 1 3141 1103 3403
2190 2 2 2 1 746 1874 3630
2191 2 2 2 1 762 2405 5401
2192 2 2 2 1 2628 130 4312
2193 2 2 2 1 1135 1952 3410
2194 2 2 2 1 937 2770 3840
2195 2 2 2 1 1073 2554 2842
2196 2 2 2 1 2554 1239 2842
2197 2 2 2 1 2156 3774 3854
2198 2 2 2 1 2355 859 4317
2199 2 2 2 1 544 2341 5007
2200 2 2 2 1 4034 2537 4502
2201 2 2 2 1 2030 976 2754
2202 2 2 2 1 2163 1569 4684
2203 2 2 2 1 2223 974 2510
2204 2 2 2 1 537 1888 3210
2205 2 2 2 1 329 2140 2828
2206 2 2 2 1 910 2178 3032
2207 2 2 2 1 3254 970 4035
2208 2 2 2 1 2912 1286 2923
2209 2 2 2 1 435 2197 2792
2210 2 2 2 1 1903 313 4183
2211 2 2 2 1 1000 1929 2899
2212 2 2 2 1 2073 527 2646
2213 2 2 2 1 3401 1257 3694
2214 2 2 2 1 341 1894 3493
2215 2 2 2 1 2137 760 2977
2216 2 2 2 1 1970 1208 4558
2217 2 2 2 1 1208 1971 4558
2218 2 2 2 1 2794 1077 3189
2219 2 2 2 1 1508 2137 2977
2220 2 2 2 1 995 5296 5579
2221 2 2 2 1 2770 1686 3840
2222 2 2 2 1 1635 2208 4897
2223 2 2 2 1 1867 807 4256
2224 2 2 2 1 1371 2724 4937
2225 2 2 2 1 2655 1213 2683
2226 2 2 2 1 514 1901 3062
2227 2 2 2 1 36 37 2347
2228 2 2 2 1 3833 2744 5347
2229 2 2 2 1 1858 4621 5031
2230 2 2 2 1 708 2569 4801
2231 2 2 2 1 4128 1486 4992
2232 2 2 2 1 1455 2286 3926
2233 2 2 2 1 772 1876 3245
2234 2 2 2 1 2656 4192 5535
2235 2 2 2 1 2286 650 3926
2236 2 2 2 1 957 2438 3412
2237 2 2 2 1 1839 2417 5199
2238 2 2 2 1 1227 1915 2989
2239 2 2 2 1 2596 718 4995
2240 2 2 2 1 807 1867 4587
2241 2 2 2 1 1195 1922 3615
2242 2 2 2 1 3244 1408 3522
2243 2 2 2 1 814 2081 2645
2244 2 2 2 1 977 2024 2806
2245 2 2 2 1 2012 1058 3173
2246 2 2 2 1 1050 2017 4562
2247 2 2 2 1 1486 3093 4992
2248 2 2 2 1 3310 1904 5156
2249 2 2 2 1 2891 255 5156
2250 2 2 2 1 1154 1897 3395
2251 2 2 2 1 992 2655 2683
2252 2 2 2 1 1888 972 3156
2253 2 2 2 1 1872 1107 3880
2254 2 2 2 1 2155 1003 2552
2255 2 2 2 1 1549 3431 4604
2256 2 2 2 1 1056 1909 3028
2257 2 2 2 1 953 1976 2821
2258 2 2 2 1 2583 1150 2969
2259 2 2 2 1 1803 3353 4961
2260 2 2 2 1 2492 1434 3344
2261 2 2 2 1 1865 1050 4821
2262 2 2 2 1 2804 419 3656
2263 2 2 2 1 2033 283 5570
2264 2 2 2 1 3661 1905 5071
2265 2 2 2 1 4664 1017 5479
2266 2 2 2 1 2293 892 3163
2267 2 2 2 1 247 1892 3491
2268 2 2 2 1 968 1923 5427
2269 2 2 2 1 2726 1577 2956
2270 2 2 2 1 2011 427 3478
2271 2 2 2 1 1888 756 3172
2272 2 2 2 1 2966 4138 4723
2273 2 2 2 1 3345 777 4485
2274 2 2 2 1 1698 3759 5416
2275 2 2 2 1 1197 1956 3734
2276 2 2 2 1 2140 328 2950
2277 2 2 2 1 999 2884 3958
2278 2 2 2 1 570 2190 2523
2279 2 2 2 1 3120 1393 3585
2280 2 2 2 1 1043 4411 4686
2281 2 2 2 1 449 3093 3420
2282 2 2 2 1 1868 787 3532
2283 2 2 2 1 3241 1682 5329
2284 2 2 2 1 939 2410 4642
2285 2 2 2 1 1878 1395 4377
2286 2 2 2 1 3963 2690 5571
2287 2 2 2 1 1419 2284 5258
2288 2 2 2 1 2981 1403 3358
2289 2 2 2 1 2809 912 3301
2290 2 2 2 1 3407 1012 3669
2291 2 2 2 1 2449 1482 4394
2292 2 2 2 1 3016 1105 4438
2293 2 2 2 1 934 2546 4630
2294 2 2 2 1 2006 574 3601
2295 2 2 2 1 1873 541 3546
2296 2 2 2 1 995 2266 2476
2297 2 2 2 1 546 2037 4885
2298 2 2 2 1 1284 2526 4367
2299 2 2 2 1 1493 2809 3301
2300 2 2 2 1 1470 2019 3266
2301 2 2 2 1 2816 943 5579
2302 2 2 2 1 622 2726 2956
2303 2 2 2 1 3846 1314 4001
2304 2 2 2 1 3038 1202 4025
2305 2 2 2 1 1874 746 3632
2306 2 2 2 1 551 1874 3633
2307 2 2 2 1 2766 969 4727
2308 2 2 2 1 2669 915 3604
2309 2 2 2 1 2023 1649 3821
2310 2 2 2 1 1918 1081 3281
2311 2 2 2 1 624 2321 3306
2312 2 2 2 1 1999 1107 4951
2313 2 2 2 1 1055 2197 2719
2314 2 2 2 1 658 2537 4034
2315 2 2 2 1 1312 2473 3811
2316 2 2 2 1 3075 2243 4380
2317 2 2 2 1 2183 1392 3928
2318 2 2 2 1 1175 4136 5500
2319 2 2 2 1 739 1918 3281
2320 2 2 2 1 1731 2868 4255
2321 2 2 2 1 519 2754 3709
2322 2 2 2 1 360 359 2542
2323 2 2 2 1 1006 2910 4595
2324 2 2 2 1 2051 1373 4111
2325 2 2 2 1 1387 1940 4572
2326 2 2 2 1 877 2666 4626
2327 2 2 2 1 3186 1114 4599
2328 2 2 2 1 3228 452 4860
2329 2 2 2 1 1106 2439 2467
2330 2 2 2 1 2700 418 5411
2331 2 2 2 1 1876 772 3921
2332 2 2 2 1 337 336 3278
2333 2 2 2 1 1512 3720 3824
2334 2 2 2 1 828 2090 3965
2335 2 2 2 1 2090 1357 3965
2336 2 2 2 1 1048 2298 5333
2337 2 2 2 1 519 2030 2754
2338 2 2 2 1 2584 1156 4218
2339 2 2 2 1 2361 1530 4682
2340 2 2 2 1 1879 412 3415
2341 2 2 2 1 2197 435 2719
2342 2 2 2 1 2193 978 5191
2343 2 2 2 1 2439 971 2467
2344 2 2 2 1 2321 1285 3306
2345 2 2 2 1 1105 3239 4438
2346 2 2 2 1 4419 480 5110
2347 2 2 2 1 2321 788 3962
2348 2 2 2 1 2014 1028 2889
2349 2 2 2 1 660 2014 2889
2350 2 2 2 1 931 3447 4047
2351 2 2 2 1 1262 2608 3483
2352 2 2 2 1 4235 540 4686
2353 2 2 2 1 781 1892 4087
2354 2 2 2 1 2614 502 3483
2355 2 2 2 1 387 386 2282
2356 2 2 2 1 717 2488 4164
2357 2 2 2 1 1277 2332 4005
2358 2 2 2 1 81 82 2346
2359 2 2 2 1 774 2051 4111
2360 2 2 2 1 2605 576 2647
2361 2 2 2 1 3418 1886 5297
2362 2 2 2 1 1391 2811 3543
2363 2 2 2 1 2350 1423 2437
2364 2 2 2 1 1949 1071 3169
2365 2 2 2 1 615 1949 3169
2366 2 2 2 1 1097 2140 2950
2367 2 2 2 1 1885 459 4025
2368 2 2 2 1 1947 1208 3697
2369 2 2 2 1 952 2303 4274
2370 2 2 2 1 2822 1627 5328
2371 2 2 2 1 1894 1337 3493
2372 2 2 2 1 1424 3939 4476
2373 2 2 2 1 2236 384 3688
2374 2 2 2 1 281 2129 5570
2375 2 2 2 1 154 155 2303
2376 2 2 2 1 311 310 2561
2377 2 2 2 1 3139 3918 4725
2378 2 2 2 1 488 1880 4474
2379 2 2 2 1 598 1924 3058
2380 2 2 2 1 1351 2290 3067
2381 2 2 2 1 1170 2605 2647
2382 2 2 2 1 2649 617 4788
2383 2 2 2 1 2060 138 2817
2384 2 2 2 1 1945 486 4671
2385 2 2 2 1 1024 1933 2966
2386 2 2 2 1 1150 2325 4401
2387 2 2 2 1 4192 1733 5535
2388 2 2 2 1 24 2092 3998
2389 2 2 2 1 296 2043 2823
2390 2 2 2 1 1775 3172 4489
2391 2 2 2 1 4158 875 4530
2392 2 2 2 1 1702 3857 5259
2393 2 2 2 1 2507 1289 2649
2394 2 2 2 1 1822 3007 4975
2395 2 2 2 1 1989 1031 2937
2396 2 2 2 1 547 1989 2937
2397 2 2 2 1 2715 1357 3060
2398 2 2 2 1 1891 520 3501
2399 2 2 2 1 469 2715 3060
2400 2 2 2 1 2341 2639 5007
2401 2 2 2 1 3743 1938 4339
2402 2 2 2 1 718 3530 3554
2403 2 2 2 1 2405 1945 5401
2404 2 2 2 1 1975 4570 5301
2405 2 2 2 1 939 2389 4601
2406 2 2 2 1 3496 748 4094
2407 2 2 2 1 3547 765 4388
2408 2 2 2 1 651 2863 3552
2409 2 2 2 1 502 2397 5467
2410 2 2 2 1 306 305 2635
2411 2 2 2 1 959 2839 3888
2412 2 2 2 1 973 2073 4471
2413 2 2 2 1 1892 248 3307
2414 2 2 2 1 623 3750 4333
2415 2 2 2 1 2233 830 3665
2416 2 2 2 1 1041 2524 4213
2417 2 2 2 1 431 2210 4441
2418 2 2 2 1 1913 991 3115
2419 2 2 2 1 1144 1906 3621
2420 2 2 2 1 3139 1625 3918
2421 2 2 2 1 881 2143 2613
2422 2 2 2 1 1884 1061 3422
2423 2 2 2 1 1886 1322 5047
2424 2 2 2 1 1417 3106 3599
2425 2 2 2 1 887 2607 4518
2426 2 2 2 1 2182 1537 3333
2427 2 2 2 1 2648 527 4654
2428 2 2 2 1 2055 1173 3113
2429 2 2 2 1 461 1962 4548
2430 2 2 2 1 1430 3377 4006
2431 2 2 2 1 1088 3250 3471
2432 2 2 2 1 1709 2513 4999
2433 2 2 2 1 2502 1047 2551
2434 2 2 2 1 1897 1154 3812
2435 2 2 2 1 933 3771 5595
2436 2 2 2 1 1118 1973 3361
2437 2 2 2 1 1973 662 3361
2438 2 2 2 1 5296 2100 5579
2439 2 2 2 1 2804 3656 5479
2440 2 2 2 1 3375 2286 4756
2441 2 2 2 1 2740 1079 3512
2442 2 2 2 1 2142 600 2626
2443 2 2 2 1 374 10 2603
2444 2 2 2 1 2432 1248 4058
2445 2 2 2 1 1890 2648 4654
2446 2 2 2 1 1248 3378 4058
2447 2 2 2 1 2416 1738 3504
2448 2 2 2 1 784 3743 4339
2449 2 2 2 1 1215 1889 3449
2450 2 2 2 1 3612 1338 4034
2451 2 2 2 1 2390 418 4187
2452 2 2 2 1 1588 2390 4187
2453 2 2 2 1 1611 2509 3793
2454 2 2 2 1 2557 3833 5013
2455 2 2 2 1 2111 1066 3647
2456 2 2 2 1 2357 2836 3946
2457 2 2 2 1 1491 2006 4646
2458 2 2 2 1 1690 3466 5233
2459 2 2 2 1 3415 1284 4367
2460 2 2 2 1 554 2212 4905
2461 2 2 2 1 1540 2315 3319
2462 2 2 2 1 2143 537 5407
2463 2 2 2 1 731 2328 2724
2464 2 2 2 1 2328 1091 2724
2465 2 2 2 1 1156 3454 4218
2466 2 2 2 1 2141 1169 2634
2467 2 2 2 1 2024 533 2806
2468 2 2 2 1 2400 570 3300
2469 2 2 2 1 2262 1609 3286
2470 2 2 2 1 925 2306 4797
2471 2 2 2 1 1236 3820 4505
2472 2 2 2 1 914 1910 3193
2473 2 2 2 1 2266 995 5579
2474 2 2 2 1 672 2057 2847
2475 2 2 2 1 965 2115 4450
2476 2 2 2 1 487 3016 4294
2477 2 2 2 1 1079 2923 3512
2478 2 2 2 1 481 3499 4043
2479 2 2 2 1 730 2311 3824
2480 2 2 2 1 2694 1991 4968
2481 2 2 2 1 2073 973 3179
2482 2 2 2 1 2194 262 3010
2483 2 2 2 1 2045 2700 5411
2484 2 2 2 1 1920 774 4111
2485 2 2 2 1 1897 40 3395
2486 2 2 2 1 2100 2816 5579
2487 2 2 2 1 1260 1894 3728
2488 2 2 2 1 793 1928 4140
2489 2 2 2 1 1746 3407 3669
2490 2 2 2 1 1922 1195 3129
2491 2 2 2 1 1701 2666 2864
2492 2 2 2 1 330 329 2828
2493 2 2 2 1 340 339 2951
2494 2 2 2 1 1071 1949 3022
2495 2 2 2 1 1900 788 3723
2496 2 2 2 1 1798 3037 4158
2497 2 2 2 1 547 2220 5223
2498 2 2 2 1 808 2221 3693
2499 2 2 2 1 2221 1350 3693
2500 2 2 2 1 945 2104 2738
2501 2 2 2 1 2618 1942 5302
2502 2 2 2 1 2314 3822 4020
2503 2 2 2 1 1914 866 4557
2504 2 2 2 1 2082 637 4691
2505 2 2 2 1 882 2215 2755
2506 2 2 2 1 618 3272 4446
2507 2 2 2 1 2691 2026 5438
2508 2 2 2 1 1896 1112 3897
2509 2 2 2 1 3518 1596 3797
2510 2 2 2 1 2322 571 3782
2511 2 2 2 1 601 2694 4968
2512 2 2 2 1 3575 522 4847
2513 2 2 2 1 499 2233 4113
2514 2 2 2 1 2233 1463 4113
2515 2 2 2 1 554 2552 3582
2516 2 2 2 1 1988 757 4215
2517 2 2 2 1 4571 1002 5315
2518 2 2 2 1 2251 1118 3033
2519 2 2 2 1 1990 601 2905
2520 2 2 2 1 792 2069 3406
2521 2 2 2 1 351 350 2631
2522 2 2 2 1 46 2262 3247
2523 2 2 2 1 1990 796 5043
2524 2 2 2 1 997 2002 3014
2525 2 2 2 1 1240 2396 2729
2526 2 2 2 1 444 3511 4352
2527 2 2 2 1 257 2044 3310
2528 2 2 2 1 4287 1124 4647
2529 2 2 2 1 319 1988 3721
2530 2 2 2 1 1530 2361 3439
2531 2 2 2 1 2284 1810 5258
2532 2 2 2 1 1911 1093 3379
2533 2 2 2 1 2945 1291 3995
2534 2 2 2 1 1787 2945 3995
2535 2 2 2 1 1034 1950 4444
2536 2 2 2 1 2520 1783 3989
2537 2 2 2 1 3709 2754 5569
2538 2 2 2 1 3150 1572 4439
2539 2 2 2 1 3384 1765 5432
2540 2 2 2 1 961 2395 3367
2541 2 2 2 1 1125 1977 3411
2542 2 2 2 1 103 104 2277
2543 2 2 2 1 1838 2359 5447
2544 2 2 2 1 2763 1776 5290
2545 2 2 2 1 1944 4358 4931
2546 2 2 2 1 182 183 3634
2547 2 2 2 1 2154 1394 4305
2548 2 2 2 1 631 1899 4506
2549 2 2 2 1 2186 1046 2903
2550 2 2 2 1 1635 2794 3189
2551 2 2 2 1 1462 2855 4301
2552 2 2 2 1 561 1953 3943
2553 2 2 2 1 958 4460 5354
2554 2 2 2 1 1158 2177 3641
2555 2 2 2 1 2697 649 3399
2556 2 2 2 1 1901 514 3679
2557 2 2 2 1 1456 2697 3399
2558 2 2 2 1 2070 823 2769
2559 2 2 2 1 2609 494 3928
2560 2 2 2 1 3011 1585 3937
2561 2 2 2 1 1875 3547 4388
2562 2 2 2 1 711 2429 4569
2563 2 2 2 1 4301 2855 4670
2564 2 2 2 1 2553 586 3916
2565 2 2 2 1 2346 960 2775
2566 2 2 2 1 3286 1609 5316
2567 2 2 2 1 2085 1116 3182
2568 2 2 2 1 2627 1160 2629
2569 2 2 2 1 1008 2627 2629
2570 2 2 2 1 1977 408 3411
2571 2 2 2 1 933 2535 3907
2572 2 2 2 1 1003 2155 2670
2573 2 2 2 1 1059 2763 3004
2574 2 2 2 1 2547 999 3695
2575 2 2 2 1 2403 1204 3557
2576 2 2 2 1 4569 2858 5187
2577 2 2 2 1 206 207 3578
2578 2 2 2 1 801 2015 4665
2579 2 2 2 1 2119 1363 2700
2580 2 2 2 1 990 2124 4968
2581 2 2 2 1 1377 3054 3183
2582 2 2 2 1 4650 1943 5543
2583 2 2 2 1 2272 689 2714
2584 2 2 2 1 2875 1865 5355
2585 2 2 2 1 1055 2858 4569
2586 2 2 2 1 439 2256 3071
2587 2 2 2 1 982 2441 4251
2588 2 2 2 1 1905 1318 4273
2589 2 2 2 1 1421 2730 3694
2590 2 2 2 1 897 2117 4527
2591 2 2 2 1 941 1919 3916
2592 2 2 2 1 2035 794 4255
2593 2 2 2 1 2117 1531 4527
2594 2 2 2 1 147 2023 3061
2595 2 2 2 1 1171 1961 3587
2596 2 2 2 1 1691 4162 4877
2597 2 2 2 1 2283 1714 5063
2598 2 2 2 1 2023 1054 3061
2599 2 2 2 1 243 244 2273
2600 2 2 2 1 1902 606 3653
2601 2 2 2 1 2002 997 4017
2602 2 2 2 1 3077 1850 4634
2603 2 2 2 1 1715 3013 3707
2604 2 2 2 1 1893 4235 4686
2605 2 2 2 1 3244 1982 5241
2606 2 2 2 1 517 2072 3927
2607 2 2 2 1 2791 1044 3184
2608 2 2 2 1 1413 2791 3184
2609 2 2 2 1 784 1913 4887
2610 2 2 2 1 2167 840 3098
2611 2 2 2 1 630 1914 3343
2612 2 2 2 1 2070 1231 3588
2613 2 2 2 1 62 2199 3073
2614 2 2 2 1 3376 969 3875
2615 2 2 2 1 823 2070 3588
2616 2 2 2 1 2560 1560 4385
2617 2 2 2 1 2249 685 3657
2618 2 2 2 1 2316 1387 4520
2619 2 2 2 1 1864 3764 5480
2620 2 2 2 1 1019 2387 2825
2621 2 2 2 1 2746 1803 4961
2622 2 2 2 1 1904 1133 3749
2623 2 2 2 1 1670 3336 5120
2624 2 2 2 1 1318 1905 3416
2625 2 2 2 1 3013 758 3707
2626 2 2 2 1 2387 1523 2825
2627 2 2 2 1 2155 586 2670
2628 2 2 2 1 2732 1662 4793
2629 2 2 2 1 1273 2209 4102
2630 2 2 2 1 2422 504 3175
2631 2 2 2 1 2984 1478 4138
2632 2 2 2 1 1416 3753 4431
2633 2 2 2 1 2026 855 4726
2634 2 2 2 1 1848 4374 4917
2635 2 2 2 1 1906 497 3598
2636 2 2 2 1 2098 1542 3042
2637 2 2 2 1 1093 1911 3388
2638 2 2 2 1 3229 1489 5202
2639 2 2 2 1 486 1945 4220
2640 2 2 2 1 1002 2789 5315
2641 2 2 2 1 1012 3207 3669
2642 2 2 2 1 1501 2177 4509
2643 2 2 2 1 2365 79 4470
2644 2 2 2 1 1960 529 3363
2645 2 2 2 1 1931 151 4157
2646 2 2 2 1 2732 4793 5429
2647 2 2 2 1 2159 1000 2978
2648 2 2 2 1 600 2142 3887
2649 2 2 2 1 2905 1041 4213
2650 2 2 2 1 2142 1353 3887
2651 2 2 2 1 2784 1470 3566
2652 2 2 2 1 2954 1780 5350
2653 2 2 2 1 687 2869 3429
2654 2 2 2 1 1780 2950 5350
2655 2 2 2 1 4669 1757 5300
2656 2 2 2 1 2040 403 2856
2657 2 2 2 1 2062 2988 5042
2658 2 2 2 1 652 2993 3220
2659 2 2 2 1 780 1904 3749
2660 2 2 2 1 2623 1954 5538
2661 2 2 2 1 2492 3344 4353
2662 2 2 2 1 983 2208 3151
2663 2 2 2 1 523 2026 5506
2664 2 2 2 1 1932 1057 3610
2665 2 2 2 1 1192 2679 3457
2666 2 2 2 1 752 1925 4289
2667 2 2 2 1 1955 837 4253
2668 2 2 2 1 1024 2536 5577
2669 2 2 2 1 1013 2040 2856
2670 2 2 2 1 754 1952 3848
2671 2 2 2 1 394 1920 3698
2672 2 2 2 1 2388 1558 4583
2673 2 2 2 1 2460 549 2621
2674 2 2 2 1 206 1921 3890
2675 2 2 2 1 2094 1274 2877
2676 2 2 2 1 3376 1693 4201
2677 2 2 2 1 2541 3469 4126
2678 2 2 2 1 2995 1911 4545
2679 2 2 2 1 2619 866 3579
2680 2 2 2 1 418 4024 4187
2681 2 2 2 1 2046 991 3428
2682 2 2 2 1 194 195 2387
2683 2 2 2 1 1590 2870 4491
2684 2 2 2 1 2420 1521 3143
2685 2 2 2 1 533 2024 4237
2686 2 2 2 1 794 2035 4745
2687 2 2 2 1 1484 2839 4612
2688 2 2 2 1 74 75 3283
2689 2 2 2 1 1601 3181 4280
2690 2 2 2 1 52 53 2746
2691 2 2 2 1 2032 595 2887
2692 2 2 2 1 1914 630 3531
2693 2 2 2 1 2915 618 4446
2694 2 2 2 1 1412 2897 3077
2695 2 2 2 1 2897 1065 3077
2696 2 2 2 1 1954 904 4227
2697 2 2 2 1 1327 1954 4227
2698 2 2 2 1 875 2692 4524
2699 2 2 2 1 449 2297 2610
2700 2 2 2 1 714 2512 4811
2701 2 2 2 1 1542 2113 3405
2702 2 2 2 1 1140 1994 3446
2703 2 2 2 1 2988 534 5042
2704 2 2 2 1 1080 2163 4684
2705 2 2 2 1 1994 395 3446
2706 2 2 2 1 259 1948 3684
2707 2 2 2 1 869 2103 2768
2708 2 2 2 1 1923 1118 3361
2709 2 2 2 1 2015 1008 2938
2710 2 2 2 1 1204 3149 3557
2711 2 2 2 1 3181 1601 4783
2712 2 2 2 1 954 2064 2818
2713 2 2 2 1 2014 1029 3363
2714 2 2 2 1 3112 1064 4446
2715 2 2 2 1 1109 2067 3202
2716 2 2 2 1 2227 1046 2723
2717 2 2 2 1 2151 807 4374
2718 2 2 2 1 1489 2151 4374
2719 2 2 2 1 3626 1818 4715
2720 2 2 2 1 2067 441 3202
2721 2 2 2 1 761 1982 3602
2722 2 2 2 1 851 2894 4050
2723 2 2 2 1 1950 1034 3787
2724 2 2 2 1 2381 1018 5400
2725 2 2 2 1 2687 1196 3511
2726 2 2 2 1 2588 927 3580
2727 2 2 2 1 3811 2473 4685
2728 2 2 2 1 373 372 2946
2729 2 2 2 1 2087 1154 3355
2730 2 2 2 1 566 2087 3355
2731 2 2 2 1 2649 1289 5483
2732 2 2 2 1 1076 2247 2805
2733 2 2 2 1 948 2298 2639
2734 2 2 2 1 317 2095 3083
2735 2 2 2 1 2124 990 2752
2736 2 2 2 1 2247 475 2805
2737 2 2 2 1 1362 2711 3200
2738 2 2 2 1 81 2346 2775
2739 2 2 2 1 1921 1188 3425
2740 2 2 2 1 2389 2885 4601
2741 2 2 2 1 2119 894 5197
2742 2 2 2 1 2938 420 4666
2743 2 2 2 1 612 2227 2723
2744 2 2 2 1 911 2083 2811
2745 2 2 2 1 2015 2938 4666
2746 2 2 2 1 1016 2391 2865
2747 2 2 2 1 3403 1853 4056
2748 2 2 2 1 1071 3015 3169
2749 2 2 2 1 3015 1498 3169
2750 2 2 2 1 2128 591 3352
2751 2 2 2 1 2917 762 3322
2752 2 2 2 1 1933 993 3559
2753 2 2 2 1 608 2518 3173
2754 2 2 2 1 3110 1847 4623
2755 2 2 2 1 556 2576 3558
2756 2 2 2 1 1320 3118 3571
2757 2 2 2 1 1513 2917 3322
2758 2 2 2 1 111 112 3168
2759 2 2 2 1 2016 485 4602
2760 2 2 2 1 1919 534 3484
2761 2 2 2 1 1127 2160 3122
2762 2 2 2 1 2160 853 3122
2763 2 2 2 1 2227 1102 4081
2764 2 2 2 1 2245 983 3151
2765 2 2 2 1 1918 739 3714
2766 2 2 2 1 805 1974 4355
2767 2 2 2 1 3672 1643 3770
2768 2 2 2 1 1926 1258 4181
2769 2 2 2 1 3708 982 4251
2770 2 2 2 1 2298 1048 2639
2771 2 2 2 1 2057 994 2847
2772 2 2 2 1 2721 1515 4335
2773 2 2 2 1 1373 2051 4771
2774 2 2 2 1 1031 1989 3035
2775 2 2 2 1 628 1937 3318
2776 2 2 2 1 2725 1377 3183
2777 2 2 2 1 1138 2725 3183
2778 2 2 2 1 3082 632 4347
2779 2 2 2 1 2191 485 4265
2780 2 2 2 1 2483 618 3198
2781 2 2 2 1 2116 335 3654
2782 2 2 2 1 1792 2594 4060
2783 2 2 2 1 2936 1413 3350
2784 2 2 2 1 2140 986 2828
2785 2 2 2 1 1922 1198 4672
2786 2 2 2 1 1188 1921 3578
2787 2 2 2 1 1929 984 3570
2788 2 2 2 1 1003 2259 3582
2789 2 2 2 1 2259 1315 3582
2790 2 2 2 1 1028 2014 2952
2791 2 2 2 1 1964 1063 4418
2792 2 2 2 1 2019 1470 4620
2793 2 2 2 1 1024 2684 4118
2794 2 2 2 1 971 2348 2551
2795 2 2 2 1 338 8 2318
2796 2 2 2 1 335 2116 3437
2797 2 2 2 1 2275 924 4535
2798 2 2 2 1 3614 1683 4145
2799 2 2 2 1 1141 2831 3992
2800 2 2 2 1 1426 2859 4657
2801 2 2 2 1 1974 3082 4347
2802 2 2 2 1 323 2285 5124
2803 2 2 2 1 2681 1557 3276
2804 2 2 2 1 522 2643 5446
2805 2 2 2 1 2044 1133 3310
2806 2 2 2 1 1953 1134 3242
2807 2 2 2 1 1293 1948 4611
2808 2 2 2 1 826 2437 3979
2809 2 2 2 1 2039 843 3279
2810 2 2 2 1 2007 1084 5557
2811 2 2 2 1 2002 604 3014
2812 2 2 2 1 631 2859 3242
2813 2 2 2 1 2966 626 4138
2814 2 2 2 1 1890 3650 5057
2815 2 2 2 1 2378 2048 5093
2816 2 2 2 1 337 3278 3909
2817 2 2 2 1 1018 2495 5400
2818 2 2 2 1 1971 1208 3746
2819 2 2 2 1 572 1971 3746
2820 2 2 2 1 791 2263 4224
2821 2 2 2 1 670 2339 3756
2822 2 2 2 1 989 2132 3230
2823 2 2 2 1 2256 439 4056
2824 2 2 2 1 1436 2256 4056
2825 2 2 2 1 667 3940 4137
2826 2 2 2 1 122 123 2684
2827 2 2 2 1 3198 618 5073
2828 2 2 2 1 1465 2588 3580
2829 2 2 2 1 2445 912 2750
2830 2 2 2 1 2207 629 3413
2831 2 2 2 1 439 3403 4056
2832 2 2 2 1 615 2251 3033
2833 2 2 2 1 1160 2189 2691
2834 2 2 2 1 1651 2317 4776
2835 2 2 2 1 984 2618 5302
2836 2 2 2 1 2285 1452 2857
2837 2 2 2 1 819 2060 4141
2838 2 2 2 1 2711 599 3200
2839 2 2 2 1 3167 1932 3894
2840 2 2 2 1 4460 2108 5354
2841 2 2 2 1 529 2565 4664
2842 2 2 2 1 1952 1135 5087
2843 2 2 2 1 979 2386 2540
2844 2 2 2 1 1474 2832 3337
2845 2 2 2 1 368 2075 4889
2846 2 2 2 1 2832 1143 3337
2847 2 2 2 1 2633 1411 4002
2848 2 2 2 1 955 2707 5142
2849 2 2 2 1 1959 241 3827
2850 2 2 2 1 2623 573 4930
2851 2 2 2 1 4365 1104 4834
2852 2 2 2 1 2386 1253 2540
2853 2 2 2 1 318 3083 3850
2854 2 2 2 1 556 1946 3326
2855 2 2 2 1 470 2036 2941
2856 2 2 2 1 2652 938 4135
2857 2 2 2 1 1651 3453 3735
2858 2 2 2 1 1475 2445 2750
2859 2 2 2 1 1546 2924 4352
2860 2 2 2 1 2707 2063 5142
2861 2 2 2 1 888 2186 5521
2862 2 2 2 1 2193 919 3371
2863 2 2 2 1 2167 3098 5587
2864 2 2 2 1 1696 2793 4500
2865 2 2 2 1 1757 3233 5300
2866 2 2 2 1 2050 1386 4284
2867 2 2 2 1 921 2285 2857
2868 2 2 2 1 282 281 5570
2869 2 2 2 1 1904 2891 5156
2870 2 2 2 1 2315 1557 4463
2871 2 2 2 1 3388 1911 5324
2872 2 2 2 1 3499 884 4731
2873 2 2 2 1 2512 714 5158
2874 2 2 2 1 1048 1961 3225
2875 2 2 2 1 1238 2207 3413
2876 2 2 2 1 2170 1862 5418
2877 2 2 2 1 2125 757 3135
2878 2 2 2 1 1817 4515 5444
2879 2 2 2 1 2852 1150 4401
2880 2 2 2 1 1109 2125 3135
2881 2 2 2 1 2775 960 3986
2882 2 2 2 1 1932 1234 3894
2883 2 2 2 1 964 2823 5101
2884 2 2 2 1 1585 3011 3413
2885 2 2 2 1 3011 1238 3413
2886 2 2 2 1 2195 1356 2868
2887 2 2 2 1 493 2195 2868
2888 2 2 2 1 739 2050 4284
2889 2 2 2 1 2671 2509 4266
2890 2 2 2 1 2020 1034 4444
2891 2 2 2 1 2075 1600 3088
2892 2 2 2 1 455 1932 3610
2893 2 2 2 1 3295 2404 4870
2894 2 2 2 1 2144 1700 4079
2895 2 2 2 1 2297 1022 2610
2896 2 2 2 1 2284 3052 3976
2897 2 2 2 1 597 2423 2873
2898 2 2 2 1 1341 2644 3678
2899 2 2 2 1 2306 4209 4797
2900 2 2 2 1 2651 941 3724
2901 2 2 2 1 1978 489 4108
2902 2 2 2 1 1982 761 5241
2903 2 2 2 1 1936 793 3536
2904 2 2 2 1 3056 539 3229
2905 2 2 2 1 1524 3056 3229
2906 2 2 2 1 547 2225 4068
2907 2 2 2 1 2716 1230 2797
2908 2 2 2 1 4356 961 4550
2909 2 2 2 1 1270 2095 3764
2910 2 2 2 1 1114 3232 4599
2911 2 2 2 1 1541 2252 4603
2912 2 2 2 1 1079 2912 2923
2913 2 2 2 1 673 2393 3980
2914 2 2 2 1 2954 1100 3277
2915 2 2 2 1 1935 1162 3782
2916 2 2 2 1 3124 1145 4361
2917 2 2 2 1 1029 2014 3391
2918 2 2 2 1 867 2132 3527
2919 2 2 2 1 888 1937 4039
2920 2 2 2 1 2612 961 3367
2921 2 2 2 1 431 1936 3961
2922 2 2 2 1 3483 502 3817
2923 2 2 2 1 1198 2136 2837
2924 2 2 2 1 2095 316 3764
2925 2 2 2 1 1982 551 3633
2926 2 2 2 1 5 322 2335
2927 2 2 2 1 3577 1660 4487
2928 2 2 2 1 1058 2192 2831
2929 2 2 2 1 748 1957 4094
2930 2 2 2 1 2305 509 4906
2931 2 2 2 1 1548 2464 4043
2932 2 2 2 1 2192 552 2831
2933 2 2 2 1 1067 2295 2621
2934 2 2 2 1 1297 2321 3475
2935 2 2 2 1 2552 554 4905
2936 2 2 2 1 2156 501 5336
2937 2 2 2 1 2321 624 3475
2938 2 2 2 1 2189 580 3945
2939 2 2 2 1 2370 1010 2960
2940 2 2 2 1 3117 1164 3455
2941 2 2 2 1 1637 3117 3455
2942 2 2 2 1 266 267 2370
2943 2 2 2 1 1447 3832 5188
2944 2 2 2 1 2823 2043 5101
2945 2 2 2 1 1263 2360 3096
2946 2 2 2 1 1981 707 3667
2947 2 2 2 1 1195 2351 3129
2948 2 2 2 1 1218 3631 4804
2949 2 2 2 1 2136 1370 2837
2950 2 2 2 1 1940 3336 4737
2951 2 2 2 1 629 2717 3413
2952 2 2 2 1 3157 513 4320
2953 2 2 2 1 2156 1232 3774
2954 2 2 2 1 2351 396 3129
2955 2 2 2 1 2797 633 4406
2956 2 2 2 1 2393 1485 3980
2957 2 2 2 1 1194 2368 2626
2958 2 2 2 1 1839 2704 5405
2959 2 2 2 1 3560 93 4448
2960 2 2 2 1 1603 2579 3715
2961 2 2 2 1 1058 2012 4830
2962 2 2 2 1 453 2468 3881
2963 2 2 2 1 3907 2535 5051
2964 2 2 2 1 1385 2051 2934
2965 2 2 2 1 1243 2031 3031
2966 2 2 2 1 2031 855 3031
2967 2 2 2 1 2208 983 3935
2968 2 2 2 1 3436 1385 3882
2969 2 2 2 1 151 1931 4196
2970 2 2 2 1 730 2591 3917
2971 2 2 2 1 2591 1566 3917
2972 2 2 2 1 891 2194 4964
2973 2 2 2 1 2480 780 2897
2974 2 2 2 1 1412 2480 2897
2975 2 2 2 1 3177 1789 5228
2976 2 2 2 1 3098 1130 5587
2977 2 2 2 1 3398 1807 5423
2978 2 2 2 1 3424 1454 3520
2979 2 2 2 1 973 4471 4772
2980 2 2 2 1 1848 2462 4374
2981 2 2 2 1 1449 2506 4749
2982 2 2 2 1 543 2278 2899
2983 2 2 2 1 1269 2736 3583
2984 2 2 2 1 2736 1511 3583
2985 2 2 2 1 840 2167 3517
2986 2 2 2 1 1206 2005 3740
2987 2 2 2 1 4529 557 4684
2988 2 2 2 1 879 2283 5063
2989 2 2 2 1 338 2318 3896
2990 2 2 2 1 2585 451 2848
2991 2 2 2 1 2863 1469 3552
2992 2 2 2 1 2634 1169 3175
2993 2 2 2 1 1737 2826 4674
2994 2 2 2 1 616 2088 2901
2995 2 2 2 1 2866 1609 4447
2996 2 2 2 1 1054 2716 2797
2997 2 2 2 1 1966 391 3303
2998 2 2 2 1 1213 3381 3529
2999 2 2 2 1 3628 1778 4485
3000 2 2 2 1 2729 420 4983
3001 2 2 2 1 952 1927 4658
3002 2 2 2 1 2702 4294 4639
3003 2 2 2 1 1993 535 3148
3004 2 2 2 1 6 298 3107
3005 2 2 2 1 2852 1799 4285
3006 2 2 2 1 1169 1984 3175
3007 2 2 2 1 3821 1649 5540
3008 2 2 2 1 1044 2001 3563
3009 2 2 2 1 2005 776 3740
3010 2 2 2 1 2907 1619 2925
3011 2 2 2 1 1208 1947 3746
3012 2 2 2 1 3495 1671 4824
3013 2 2 2 1 2677 1855 5110
3014 2 2 2 1 1576 2376 3699
3015 2 2 2 1 1105 2004 5508
3016 2 2 2 1 531 2066 2939
3017 2 2 2 1 1018 2446 3223
3018 2 2 2 1 1201 2585 2848
3019 2 2 2 1 2095 1270 4934
3020 2 2 2 1 241 1959 4643
3021 2 2 2 1 1947 1181 4033
3022 2 2 2 1 3381 1741 3529
3023 2 2 2 1 2008 381 3155
3024 2 2 2 1 2926 797 4017
3025 2 2 2 1 1235 4643 4915
3026 2 2 2 1 2931 1560 4619
3027 2 2 2 1 3531 1391 3579
3028 2 2 2 1 1948 259 4611
3029 2 2 2 1 2378 1781 5005
3030 2 2 2 1 594 2378 5005
3031 2 2 2 1 2403 950 4936
3032 2 2 2 1 1177 2496 4957
3033 2 2 2 1 2655 992 5283
3034 2 2 2 1 1029 1960 3363
3035 2 2 2 1 2126 1380 4142
3036 2 2 2 1 1072 2292 3923
3037 2 2 2 1 280 2126 4142
3038 2 2 2 1 716 2852 4285
3039 2 2 2 1 268 269 2826
3040 2 2 2 1 4806 1910 5430
3041 2 2 2 1 2042 1039 4567
3042 2 2 2 1 1315 3043 3582
3043 2 2 2 1 1649 2023 4532
3044 2 2 2 1 991 2046 3001
3045 2 2 2 1 2656 1538 4192
3046 2 2 2 1 557 2992 4684
3047 2 2 2 1 2208 1635 3151
3048 2 2 2 1 1104 2008 3155
3049 2 2 2 1 2594 1629 4939
3050 2 2 2 1 1962 4217 4875
3051 2 2 2 1 36 2347 4077
3052 2 2 2 1 967 2294 3259
3053 2 2 2 1 1976 1092 3417
3054 2 2 2 1 1850 3077 5342
3055 2 2 2 1 662 1973 4169
3056 2 2 2 1 1957 1212 4267
3057 2 2 2 1 633 3964 4406
3058 2 2 2 1 2470 694 4031
3059 2 2 2 1 1074 2928 4420
3060 2 2 2 1 481 3444 3738
3061 2 2 2 1 1109 3202 3404
3062 2 2 2 1 1750 2926 4017
3063 2 2 2 1 3202 1639 3404
3064 2 2 2 1 2221 419 3865
3065 2 2 2 1 2086 813 4846
3066 2 2 2 1 3103 2070 4366
3067 2 2 2 1 2147 400 4478
3068 2 2 2 1 289 3028 4895
3069 2 2 2 1 2936 3350 4437
3070 2 2 2 1 532 2020 4444
3071 2 2 2 1 2526 1727 4544
3072 2 2 2 1 775 2526 4544
3073 2 2 2 1 2017 1414 4562
3074 2 2 2 1 473 2871 3851
3075 2 2 2 1 1495 2047 4640
3076 2 2 2 1 74 1951 4420
3077 2 2 2 1 395 1994 4663
3078 2 2 2 1 1900 2682 3962
3079 2 2 2 1 1700 2144 5227
3080 2 2 2 1 1049 4940 5411
3081 2 2 2 1 2032 949 3065
3082 2 2 2 1 2490 1480 2895
3083 2 2 2 1 1570 3468 3980
3084 2 2 2 1 1380 2129 4142
3085 2 2 2 1 2129 281 4142
3086 2 2 2 1 2578 1419 4168
3087 2 2 2 1 2083 911 4852
3088 2 2 2 1 399 3799 4400
3089 2 2 2 1 2652 4135 4656
3090 2 2 2 1 979 2907 2925
3091 2 2 2 1 2164 525 4160
3092 2 2 2 1 1956 183 3930
3093 2 2 2 1 2341 948 2639
3094 2 2 2 1 1257 3432 3694
3095 2 2 2 1 2292 1404 3923
3096 2 2 2 1 918 2128 3352
3097 2 2 2 1 3920 1879 5345
3098 2 2 2 1 1001 2133 4067
3099 2 2 2 1 1020 2076 3516
3100 2 2 2 1 1104 3143 4834
3101 2 2 2 1 2441 2658 4544
3102 2 2 2 1 2317 415 4776
3103 2 2 2 1 545 2435 4782
3104 2 2 2 1 2435 1749 4782
3105 2 2 2 1 2943 1713 4317
3106 2 2 2 1 116 117 2846
3107 2 2 2 1 2696 1479 4234
3108 2 2 2 1 601 2124 2905
3109 2 2 2 1 995 2476 3716
3110 2 2 2 1 2036 1269 4263
3111 2 2 2 1 330 2828 4944
3112 2 2 2 1 1956 1197 3634
3113 2 2 2 1 2666 1701 4626
3114 2 2 2 1 2341 544 4423
3115 2 2 2 1 340 2951 3728
3116 2 2 2 1 2023 148 4532
3117 2 2 2 1 2753 1045 4323
3118 2 2 2 1 2305 2563 4421
3119 2 2 2 1 1246 2022 3769
3120 2 2 2 1 3095 1080 3383
3121 2 2 2 1 107 108 2529
3122 2 2 2 1 2207 3762 4404
3123 2 2 2 1 2053 593 3029
3124 2 2 2 1 1844 3309 5078
3125 2 2 2 1 1210 2101 5019
3126 2 2 2 1 1145 3046 4361
3127 2 2 2 1 1470 3266 3590
3128 2 2 2 1 3668 1992 5469
3129 2 2 2 1 2750 912 5075
3130 2 2 2 1 699 3189 4371
3131 2 2 2 1 1574 2642 3309
3132 2 2 2 1 571 3541 3782
3133 2 2 2 1 3541 1935 3782
3134 2 2 2 1 2527 1116 2695
3135 2 2 2 1 1969 524 4962
3136 2 2 2 1 4217 1527 4875
3137 2 2 2 1 691 2527 2695
3138 2 2 2 1 599 4354 5248
3139 2 2 2 1 474 1970 4180
3140 2 2 2 1 1779 2674 4494
3141 2 2 2 1 2674 902 4494
3142 2 2 2 1 2888 1474 3337
3143 2 2 2 1 750 2888 3337
3144 2 2 2 1 2641 624 3306
3145 2 2 2 1 1033 2086 4846
3146 2 2 2 1 1988 319 3850
3147 2 2 2 1 965 2012 4531
3148 2 2 2 1 2092 782 4293
3149 2 2 2 1 565 2802 3150
3150 2 2 2 1 707 1981 5305
3151 2 2 2 1 2249 961 4356
3152 2 2 2 1 559 2448 2625
3153 2 2 2 1 3504 1175 5500
3154 2 2 2 1 602 2615 4658
3155 2 2 2 1 3506 1447 5188
3156 2 2 2 1 2792 1134 3019
3157 2 2 2 1 2924 753 3195
3158 2 2 2 1 1435 2924 3195
3159 2 2 2 1 411 2226 2765
3160 2 2 2 1 1005 2272 2714
3161 2 2 2 1 1693 3376 3875
3162 2 2 2 1 3015 2144 5033
3163 2 2 2 1 1223 2053 3049
3164 2 2 2 1 1756 2241 4187
3165 2 2 2 1 2311 1352 3824
3166 2 2 2 1 2144 3015 5227
3167 2 2 2 1 4899 1863 5286
3168 2 2 2 1 2192 1058 5452
3169 2 2 2 1 2188 862 5452
3170 2 2 2 1 2448 1076 2625
3171 2 2 2 1 2226 1040 2765
3172 2 2 2 1 862 2192 5452
3173 2 2 2 1 3015 1071 5227
3174 2 2 2 1 2252 1002 4483
3175 2 2 2 1 1976 724 3608
3176 2 2 2 1 2226 411 2919
3177 2 2 2 1 1960 1029 4258
3178 2 2 2 1 2956 4199 4598
3179 2 2 2 1 795 1969 4003
3180 2 2 2 1 2404 1906 5460
3181 2 2 2 1 1350 2221 3865
3182 2 2 2 1 1318 2342 3566
3183 2 2 2 1 2342 873 3566
3184 2 2 2 1 2327 923 2934
3185 2 2 2 1 882 1960 3618
3186 2 2 2 1 3172 756 4489
3187 2 2 2 1 1961 1171 3985
3188 2 2 2 1 990 1991 4226
3189 2 2 2 1 405 2259 3427
3190 2 2 2 1 2989 1695 4748
3191 2 2 2 1 2965 1652 3735
3192 2 2 2 1 1364 2641 3306
3193 2 2 2 1 4577 3277 4886
3194 2 2 2 1 2009 487 3550
3195 2 2 2 1 732 3277 4577
3196 2 2 2 1 2072 1063 3927
3197 2 2 2 1 546 2455 5419
3198 2 2 2 1 850 2315 4463
3199 2 2 2 1 2438 1572 3412
3200 2 2 2 1 2114 944 3790
3201 2 2 2 1 4798 720 5200
3202 2 2 2 1 1281 2771 2919
3203 2 2 2 1 1019 2274 4229
3204 2 2 2 1 1078 2226 2919
3205 2 2 2 1 2870 1820 4491
3206 2 2 2 1 1972 3481 4970
3207 2 2 2 1 311 2561 4653
3208 2 2 2 1 3250 1497 3471
3209 2 2 2 1 2607 1644 4518
3210 2 2 2 1 724 1976 3430
3211 2 2 2 1 1427 3318 3689
3212 2 2 2 1 401 3015 5033
3213 2 2 2 1 2642 909 3309
3214 2 2 2 1 1503 2470 4031
3215 2 2 2 1 1801 2679 5248
3216 2 2 2 1 2127 1568 3542
3217 2 2 2 1 704 2965 3735
3218 2 2 2 1 1119 1975 4593
3219 2 2 2 1 2000 635 4308
3220 2 2 2 1 443 1996 3472
3221 2 2 2 1 1996 1117 3472
3222 2 2 2 1 408 1977 3412
3223 2 2 2 1 1605 3110 4623
3224 2 2 2 1 1026 4478 4574
3225 2 2 2 1 3807 1242 3825
3226 2 2 2 1 2110 1484 4612
3227 2 2 2 1 489 1978 5182
3228 2 2 2 1 2771 1078 2919
3229 2 2 2 1 3193 1910 4806
3230 2 2 2 1 2851 602 4658
3231 2 2 2 1 2496 2858 4957
3232 2 2 2 1 2007 1129 4281
3233 2 2 2 1 2733 1042 4659
3234 2 2 2 1 2435 545 4750
3235 2 2 2 1 693 2465 3949
3236 2 2 2 1 2465 1486 3949
3237 2 2 2 1 1045 2939 4323
3238 2 2 2 1 406 2785 2933
3239 2 2 2 1 1485 2393 4675
3240 2 2 2 1 1806 2685 3718
3241 2 2 2 1 3045 1414 3223
3242 2 2 2 1 2515 976 4497
3243 2 2 2 1 4243 1817 4244
3244 2 2 2 1 1170 3548 3723
3245 2 2 2 1 2107 596 4065
3246 2 2 2 1 2133 538 5112
3247 2 2 2 1 1137 3244 5241
3248 2 2 2 1 2216 1172 3327
3249 2 2 2 1 974 2155 4905
3250 2 2 2 1 852 2404 5460
3251 2 2 2 1 283 282 5570
3252 2 2 2 1 3548 1900 3723
3253 2 2 2 1 1345 2107 4065
3254 2 2 2 1 991 2169 3428
3255 2 2 2 1 2752 2165 4537
3256 2 2 2 1 1426 2414 4242
3257 2 2 2 1 2478 1131 3311
3258 2 2 2 1 3775 2316 4520
3259 2 2 2 1 2074 1303 4009
3260 2 2 2 1 2233 499 4734
3261 2 2 2 1 1651 2115 3453
3262 2 2 2 1 2231 867 3527
3263 2 2 2 1 3455 1164 4958
3264 2 2 2 1 2455 4571 5419
3265 2 2 2 1 1987 1477 4363
3266 2 2 2 1 2888 1416 4431
3267 2 2 2 1 3851 2871 4410
3268 2 2 2 1 2366 531 4711
3269 2 2 2 1 1037 1981 3667
3270 2 2 2 1 1084 2007 3711
3271 2 2 2 1 1096 2109 3737
3272 2 2 2 1 1968 476 4129
3273 2 2 2 1 2040 1013 4528
3274 2 2 2 1 346 345 2497
3275 2 2 2 1 324 323 5124
3276 2 2 2 1 2785 1299 2933
3277 2 2 2 1 442 2083 3036
3278 2 2 2 1 1047 2586 3102
3279 2 2 2 1 2096 95 3354
3280 2 2 2 1 2640 1882 4172
3281 2 2 2 1 2030 519 3182
3282 2 2 2 1 1363 2737 4831
3283 2 2 2 1 734 2461 4813
3284 2 2 2 1 2491 2090 3893
3285 2 2 2 1 3716 2476 5010
3286 2 2 2 1 2461 734 4238
3287 2 2 2 1 1444 2619 3579
3288 2 2 2 1 1133 2044 4552
3289 2 2 2 1 2103 695 4840
3290 2 2 2 1 1000 2159 2883
3291 2 2 2 1 49 2222 2866
3292 2 2 2 1 1304 1972 3624
3293 2 2 2 1 3774 742 3854
3294 2 2 2 1 713 3002 3683
3295 2 2 2 1 1950 4207 4444
3296 2 2 2 1 3002 1645 3683
3297 2 2 2 1 1146 2120 3380
3298 2 2 2 1 2120 801 3380
3299 2 2 2 1 1488 2078 3804
3300 2 2 2 1 626 2216 3327
3301 2 2 2 1 2841 634 3471
3302 2 2 2 1 364 363 2417
3303 2 2 2 1 536 2193 3371
3304 2 2 2 1 1497 2841 3471
3305 2 2 2 1 1147 2088 3044
3306 2 2 2 1 3341 1344 3677
3307 2 2 2 1 1092 1976 3608
3308 2 2 2 1 573 2491 4930
3309 2 2 2 1 2326 1293 4053
3310 2 2 2 1 4358 1944 5485
3311 2 2 2 1 1558 2388 4815
3312 2 2 2 1 454 2187 3672
3313 2 2 2 1 2716 1054 3821
3314 2 2 2 1 2696 4234 5591
3315 2 2 2 1 1763 3150 4439
3316 2 2 2 1 3066 1390 3365
3317 2 2 2 1 923 2327 3101
3318 2 2 2 1 1310 2263 3662
3319 2 2 2 1 3296 1407 3327
3320 2 2 2 1 1141 1986 4841
3321 2 2 2 1 2263 482 3662
3322 2 2 2 1 2301 1026 3120
3323 2 2 2 1 2393 915 2669
3324 2 2 2 1 2631 350 4861
3325 2 2 2 1 2131 3920 5345
3326 2 2 2 1 1341 3678 3883
3327 2 2 2 1 853 2160 4110
3328 2 2 2 1 1134 2348 3019
3329 2 2 2 1 2950 1780 4130
3330 2 2 2 1 2079 783 4742
3331 2 2 2 1 1996 443 4163
3332 2 2 2 1 2314 1450 2927
3333 2 2 2 1 2348 971 3019
3334 2 2 2 1 437 2671 4193
3335 2 2 2 1 3941 1685 4990
3336 2 2 2 1 254 255 2891
3337 2 2 2 1 34 35 2725
3338 2 2 2 1 2218 1663 5412
3339 2 2 2 1 835 2314 2927
3340 2 2 2 1 1107 1999 4275
3341 2 2 2 1 154 2303 3702
3342 2 2 2 1 1327 2731 4231
3343 2 2 2 1 1585 2717 4708
3344 2 2 2 1 2433 1431 2742
3345 2 2 2 1 1003 2670 3427
3346 2 2 2 1 1531 2117 5436
3347 2 2 2 1 1002 2252 2789
3348 2 2 2 1 796 1990 4213
3349 2 2 2 1 2266 943 2776
3350 2 2 2 1 1980 978 4387
3351 2 2 2 1 1568 2127 4860
3352 2 2 2 1 3544 951 4100
3353 2 2 2 1 3822 1259 4020
3354 2 2 2 1 1022 2412 3473
3355 2 2 2 1 2127 1108 4860
3356 2 2 2 1 2024 834 3271
3357 2 2 2 1 2524 1041 3720
3358 2 2 2 1 1542 2098 4844
3359 2 2 2 1 1418 2698 4013
3360 2 2 2 1 1298 2258 3659
3361 2 2 2 1 4023 1363 4831
3362 2 2 2 1 2280 411 2765
3363 2 2 2 1 435 2344 2719
3364 2 2 2 1 2927 4660 5567
3365 2 2 2 1 1999 172 3638
3366 2 2 2 1 166 167 2406
3367 2 2 2 1 3177 428 4829
3368 2 2 2 1 3246 1124 4287
3369 2 2 2 1 2866 1038 4427
3370 2 2 2 1 2769 1056 3025
3371 2 2 2 1 3771 2068 5595
3372 2 2 2 1 2998 1863 4899
3373 2 2 2 1 2008 1104 3440
3374 2 2 2 1 2807 2403 4936
3375 2 2 2 1 2590 1200 2596
3376 2 2 2 1 578 2206 2822
3377 2 2 2 1 1987 1297 3475
3378 2 2 2 1 3347 278 4282
3379 2 2 2 1 889 2118 4974
3380 2 2 2 1 2224 33 3906
3381 2 2 2 1 2594 525 4622
3382 2 2 2 1 2072 517 3171
3383 2 2 2 1 2670 1394 3427
3384 2 2 2 1 2187 454 5370
3385 2 2 2 1 2258 397 3659
3386 2 2 2 1 3294 647 4512
3387 2 2 2 1 2437 1423 3979
3388 2 2 2 1 2346 82 4368
3389 2 2 2 1 1560 2560 4619
3390 2 2 2 1 3789 512 4822
3391 2 2 2 1 2016 958 4265
3392 2 2 2 1 2661 1018 3223
3393 2 2 2 1 1984 1169 3714
3394 2 2 2 1 609 2404 3295
3395 2 2 2 1 1985 779 3833
3396 2 2 2 1 2735 4873 5435
3397 2 2 2 1 1083 2212 5462
3398 2 2 2 1 2212 554 5463
3399 2 2 2 1 1007 2590 2596
3400 2 2 2 1 2525 1260 3194
3401 2 2 2 1 1192 3457 3914
3402 2 2 2 1 2204 696 3562
3403 2 2 2 1 1461 1988 3850
3404 2 2 2 1 2031 225 3321
3405 2 2 2 1 1348 2944 3594
3406 2 2 2 1 1871 2559 5537
3407 2 2 2 1 997 2039 3279
3408 2 2 2 1 1039 2042 3747
3409 2 2 2 1 1855 2677 5392
3410 2 2 2 1 2124 601 4968
3411 2 2 2 1 2853 1344 3341
3412 2 2 2 1 3452 1712 5583
3413 2 2 2 1 2253 543 3570
3414 2 2 2 1 2281 977 2908
3415 2 2 2 1 1650 1995 4811
3416 2 2 2 1 639 2135 4909
3417 2 2 2 1 2135 1584 4909
3418 2 2 2 1 114 2682 5513
3419 2 2 2 1 780 1993 4762
3420 2 2 2 1 565 3150 5187
3421 2 2 2 1 1060 2375 4805
3422 2 2 2 1 797 2002 4017
3423 2 2 2 1 2113 1542 4844
3424 2 2 2 1 1993 780 3749
3425 2 2 2 1 604 2002 4001
3426 2 2 2 1 2692 1663 4524
3427 2 2 2 1 2739 1068 3212
3428 2 2 2 1 504 2422 2809
3429 2 2 2 1 1317 2854 3464
3430 2 2 2 1 2014 660 3391
3431 2 2 2 1 595 2032 4372
3432 2 2 2 1 3028 1909 4895
3433 2 2 2 1 949 2708 3065
3434 2 2 2 1 2708 1329 3065
3435 2 2 2 1 975 2000 4456
3436 2 2 2 1 3410 754 3798
3437 2 2 2 1 2962 2275 4535
3438 2 2 2 1 3056 1593 4609
3439 2 2 2 1 543 2408 3673
3440 2 2 2 1 2391 1153 3038
3441 2 2 2 1 2579 614 3715
3442 2 2 2 1 2446 2815 4500
3443 2 2 2 1 381 2008 5272
3444 2 2 2 1 5368 1871 5537
3445 2 2 2 1 1297 1987 3881
3446 2 2 2 1 3580 430 4230
3447 2 2 2 1 1087 3780 5424
3448 2 2 2 1 563 2595 2900
3449 2 2 2 1 459 2391 3038
3450 2 2 2 1 142 2810 3874
3451 2 2 2 1 1695 2989 4522
3452 2 2 2 1 1849 3410 3798
3453 2 2 2 1 1833 2424 3974
3454 2 2 2 1 2708 2036 4263
3455 2 2 2 1 114 115 2682
3456 2 2 2 1 967 2011 3478
3457 2 2 2 1 820 2048 4981
3458 2 2 2 1 3007 778 4975
3459 2 2 2 1 1199 3661 5071
3460 2 2 2 1 594 1998 3620
3461 2 2 2 1 2113 498 4057
3462 2 2 2 1 1041 2591 3720
3463 2 2 2 1 1250 1995 3656
3464 2 2 2 1 3947 1457 4677
3465 2 2 2 1 4005 603 5001
3466 2 2 2 1 3309 909 5078
3467 2 2 2 1 2005 532 4207
3468 2 2 2 1 2145 433 3184
3469 2 2 2 1 2043 296 5383
3470 2 2 2 1 2169 784 4339
3471 2 2 2 1 2001 781 3563
3472 2 2 2 1 2387 1019 4229
3473 2 2 2 1 1995 1250 3722
3474 2 2 2 1 1079 4342 4429
3475 2 2 2 1 2011 967 4695
3476 2 2 2 1 1747 2322 5127
3477 2 2 2 1 2322 895 5127
3478 2 2 2 1 2222 1038 2866
3479 2 2 2 1 1063 2072 4418
3480 2 2 2 1 2570 2426 4564
3481 2 2 2 1 3242 2859 5024
3482 2 2 2 1 2508 1166 3421
3483 2 2 2 1 621 2730 3574
3484 2 2 2 1 3004 2763 4334
3485 2 2 2 1 625 2525 3194
3486 2 2 2 1 588 2433 2742
3487 2 2 2 1 1211 2025 3802
3488 2 2 2 1 1306 2017 4193
3489 2 2 2 1 2017 437 4193
3490 2 2 2 1 2145 1044 3724
3491 2 2 2 1 2025 771 3802
3492 2 2 2 1 482 2556 3662
3493 2 2 2 1 4069 541 4101
3494 2 2 2 1 2772 4774 4986
3495 2 2 2 1 3405 2113 5466
3496 2 2 2 1 527 2073 3179
3497 2 2 2 1 4750 545 5135
3498 2 2 2 1 498 2113 4844
3499 2 2 2 1 3453 704 3735
3500 2 2 2 1 1827 3419 4637
3501 2 2 2 1 420 2396 3671
3502 2 2 2 1 3112 1719 5230
3503 2 2 2 1 870 2072 4896
3504 2 2 2 1 2271 369 4889
3505 2 2 2 1 1830 2564 4805
3506 2 2 2 1 1323 2795 4220
3507 2 2 2 1 869 2258 5558
3508 2 2 2 1 574 2356 2886
3509 2 2 2 1 1580 3999 4735
3510 2 2 2 1 1816 2609 3928
3511 2 2 2 1 1580 3199 3999
3512 2 2 2 1 5007 1048 5091
3513 2 2 2 1 1209 2376 3611
3514 2 2 2 1 384 383 3688
3515 2 2 2 1 980 2431 2687
3516 2 2 2 1 1333 2909 2958
3517 2 2 2 1 2022 449 3420
3518 2 2 2 1 1302 2003 5408
3519 2 2 2 1 859 2355 3297
3520 2 2 2 1 560 2437 4879
3521 2 2 2 1 781 2001 3825
3522 2 2 2 1 2035 566 3355
3523 2 2 2 1 2241 742 4728
3524 2 2 2 1 1588 2241 4728
3525 2 2 2 1 2355 1222 3297
3526 2 2 2 1 2087 566 4976
3527 2 2 2 1 2232 550 2884
3528 2 2 2 1 172 1999 4951
3529 2 2 2 1 2180 765 3547
3530 2 2 2 1 1889 2530 5196
3531 2 2 2 1 2530 894 5196
3532 2 2 2 1 2039 434 3313
3533 2 2 2 1 2909 1068 2958
3534 2 2 2 1 2090 573 3152
3535 2 2 2 1 2050 739 3281
3536 2 2 2 1 237 238 2495
3537 2 2 2 1 2107 935 5322
3538 2 2 2 1 548 3045 3223
3539 2 2 2 1 825 2261 5009
3540 2 2 2 1 1066 2111 4991
3541 2 2 2 1 2503 1035 4863
3542 2 2 2 1 3027 2305 4906
3543 2 2 2 1 2276 1185 3319
3544 2 2 2 1 2685 683 3771
3545 2 2 2 1 960 2310 2800
3546 2 2 2 1 1562 3295 4870
3547 2 2 2 1 14 15 2444
3548 2 2 2 1 2793 548 4500
3549 2 2 2 1 1514 2685 3771
3550 2 2 2 1 355 354 2449
3551 2 2 2 1 850 2276 3319
3552 2 2 2 1 70 2099 3246
3553 2 2 2 1 19 2217 3611
3554 2 2 2 1 541 2479 4101
3555 2 2 2 1 2427 605 4507
3556 2 2 2 1 1676 3251 5017
3557 2 2 2 1 2041 1267 4038
3558 2 2 2 1 430 2041 4038
3559 2 2 2 1 771 2025 5507
3560 2 2 2 1 397 2543 3595
3561 2 2 2 1 2060 1325 3815
3562 2 2 2 1 1711 2293 5360
3563 2 2 2 1 2222 50 3353
3564 2 2 2 1 2443 1456 4291
3565 2 2 2 1 1159 2734 3040
3566 2 2 2 1 2254 1023 2859
3567 2 2 2 1 2393 2669 4675
3568 2 2 2 1 4058 1641 4360
3569 2 2 2 1 2418 1145 3282
3570 2 2 2 1 2140 1097 5074
3571 2 2 2 1 2396 420 2729
3572 2 2 2 1 963 2507 2649
3573 2 2 2 1 2515 1531 4085
3574 2 2 2 1 2047 1086 3495
3575 2 2 2 1 581 2816 5374
3576 2 2 2 1 3087 695 3105
3577 2 2 2 1 1313 2568 4044
3578 2 2 2 1 1222 2355 3062
3579 2 2 2 1 2355 514 3062
3580 2 2 2 1 1430 3087 3105
3581 2 2 2 1 2022 1246 4184
3582 2 2 2 1 636 3288 4749
3583 2 2 2 1 713 3683 3706
3584 2 2 2 1 1804 2527 3885
3585 2 2 2 1 2037 818 3394
3586 2 2 2 1 1046 2227 2903
3587 2 2 2 1 932 3064 3710
3588 2 2 2 1 3064 1656 3710
3589 2 2 2 1 1327 2570 3359
3590 2 2 2 1 2570 398 3359
3591 2 2 2 1 2816 2100 5374
3592 2 2 2 1 1562 3197 3295
3593 2 2 2 1 3324 2322 3782
3594 2 2 2 1 442 2163 3095
3595 2 2 2 1 3332 892 4898
3596 2 2 2 1 2669 1509 4906
3597 2 2 2 1 2718 1392 3497
3598 2 2 2 1 983 2456 3935
3599 2 2 2 1 4288 1722 4995
3600 2 2 2 1 3197 1325 3295
3601 2 2 2 1 813 2195 5152
3602 2 2 2 1 150 2801 5434
3603 2 2 2 1 2163 1080 3095
3604 2 2 2 1 2186 2903 5531
3605 2 2 2 1 3130 1078 3166
3606 2 2 2 1 4940 2045 5411
3607 2 2 2 1 4358 837 4931
3608 2 2 2 1 1089 2213 3060
3609 2 2 2 1 2213 469 3060
3610 2 2 2 1 988 2257 4395
3611 2 2 2 1 2190 921 5280
3612 2 2 2 1 942 2021 3515
3613 2 2 2 1 680 2412 4073
3614 2 2 2 1 2345 553 2787
3615 2 2 2 1 4207 532 4444
3616 2 2 2 1 2491 3264 4930
3617 2 2 2 1 231 2112 3877
3618 2 2 2 1 3326 1952 5087
3619 2 2 2 1 2196 3994 4036
3620 2 2 2 1 2364 1036 3358
3621 2 2 2 1 2104 1102 4200
3622 2 2 2 1 1444 3095 3383
3623 2 2 2 1 2975 1829 5126
3624 2 2 2 1 2088 1147 4519
3625 2 2 2 1 2248 568 5544
3626 2 2 2 1 141 142 3874
3627 2 2 2 1 2078 549 3265
3628 2 2 2 1 2372 1769 4638
3629 2 2 2 1 1517 2365 4470
3630 2 2 2 1 2063 458 4144
3631 2 2 2 1 2903 446 5531
3632 2 2 2 1 122 2684 4490
3633 2 2 2 1 732 3090 4130
3634 2 2 2 1 387 2282 5115
3635 2 2 2 1 1409 2169 4339
3636 2 2 2 1 3042 1542 3856
3637 2 2 2 1 953 2440 3430
3638 2 2 2 1 2177 1501 3346
3639 2 2 2 1 1312 2063 4144
3640 2 2 2 1 2620 1639 3202
3641 2 2 2 1 1905 3661 5160
3642 2 2 2 1 441 2620 3202
3643 2 2 2 1 2126 279 3347
3644 2 2 2 1 2040 3009 4818
3645 2 2 2 1 3009 1189 4818
3646 2 2 2 1 908 2560 4385
3647 2 2 2 1 2396 920 3671
3648 2 2 2 1 1755 4218 4813
3649 2 2 2 1 1219 2636 3847
3650 2 2 2 1 553 2519 2712
3651 2 2 2 1 1725 3157 4320
3652 2 2 2 1 1841 2750 5075
3653 2 2 2 1 1125 2028 3528
3654 2 2 2 1 1025 2519 5487
3655 2 2 2 1 3820 1718 4505
3656 2 2 2 1 2862 1408 3219
3657 2 2 2 1 137 2060 3815
3658 2 2 2 1 838 2862 3219
3659 2 2 2 1 2670 586 5252
3660 2 2 2 1 2028 632 3528
3661 2 2 2 1 2207 1103 3141
3662 2 2 2 1 1038 2451 3522
3663 2 2 2 1 532 2239 2892
3664 2 2 2 1 2245 1108 2900
3665 2 2 2 1 3546 945 5006
3666 2 2 2 1 2874 1050 2875
3667 2 2 2 1 1301 2874 2875
3668 2 2 2 1 947 2918 4016
3669 2 2 2 1 419 2221 3656
3670 2 2 2 1 2018 1251 4798
3671 2 2 2 1 2661 665 5081
3672 2 2 2 1 2026 4016 5506
3673 2 2 2 1 1777 3147 4449
3674 2 2 2 1 2665 1234 2976
3675 2 2 2 1 1112 2033 3897
3676 2 2 2 1 149 150 5434
3677 2 2 2 1 1576 3699 5238
3678 2 2 2 1 2073 836 4471
3679 2 2 2 1 1107 2034 3880
3680 2 2 2 1 964 2665 2976
3681 2 2 2 1 2541 1165 2932
3682 2 2 2 1 3137 644 4533
3683 2 2 2 1 629 2207 3141
3684 2 2 2 1 1457 2805 4677
3685 2 2 2 1 3477 2515 4497
3686 2 2 2 1 2125 1109 3404
3687 2 2 2 1 670 2046 3428
3688 2 2 2 1 2028 1125 3609
3689 2 2 2 1 2025 1211 3987
3690 2 2 2 1 2772 467 4774
3691 2 2 2 1 511 2065 4019
3692 2 2 2 1 644 4521 4533
3693 2 2 2 1 2282 1710 5115
3694 2 2 2 1 2065 511 4451
3695 2 2 2 1 694 2102 5439
3696 2 2 2 1 2335 322 3919
3697 2 2 2 1 1973 2251 4082
3698 2 2 2 1 1471 3033 3284
3699 2 2 2 1 3033 1118 3284
3700 2 2 2 1 1251 2018 4072
3701 2 2 2 1 2721 667 4137
3702 2 2 2 1 1357 2090 4606
3703 2 2 2 1 874 2388 4583
3704 2 2 2 1 389 388 2818
3705 2 2 2 1 3481 1168 4970
3706 2 2 2 1 2042 1140 3452
3707 2 2 2 1 245 2991 4018
3708 2 2 2 1 4007 1571 4871
3709 2 2 2 1 2046 1184 3800
3710 2 2 2 1 1511 2736 3691
3711 2 2 2 1 535 2361 3596
3712 2 2 2 1 2361 1303 3596
3713 2 2 2 1 2051 1385 4378
3714 2 2 2 1 2154 4305 5026
3715 2 2 2 1 592 2541 2932
3716 2 2 2 1 551 3244 3522
3717 2 2 2 1 1517 2775 3986
3718 2 2 2 1 449 2022 4184
3719 2 2 2 1 2085 3182 5448
3720 2 2 2 1 940 2374 2799
3721 2 2 2 1 925 2234 4298
3722 2 2 2 1 1173 2055 3687
3723 2 2 2 1 3079 1228 3784
3724 2 2 2 1 2314 835 3822
3725 2 2 2 1 107 2529 4954
3726 2 2 2 1 2545 585 5234
3727 2 2 2 1 2663 1786 4987
3728 2 2 2 1 2018 4798 5200
3729 2 2 2 1 2216 626 3559
3730 2 2 2 1 2121 5007 5091
3731 2 2 2 1 927 2041 3580
3732 2 2 2 1 1196 2980 3511
3733 2 2 2 1 2980 1546 3511
3734 2 2 2 1 2041 927 3616
3735 2 2 2 1 2026 947 4016
3736 2 2 2 1 3714 1169 3777
3737 2 2 2 1 3909 1358 4088
3738 2 2 2 1 353 9 2600
3739 2 2 2 1 1407 2798 3216
3740 2 2 2 1 1310 2287 2878
3741 2 2 2 1 178 2168 4416
3742 2 2 2 1 1078 2771 3166
3743 2 2 2 1 1918 3714 3777
3744 2 2 2 1 524 3120 3585
3745 2 2 2 1 2032 841 4682
3746 2 2 2 1 431 2027 3666
3747 2 2 2 1 792 2166 4892
3748 2 2 2 1 1763 4439 4569
3749 2 2 2 1 1035 2503 2895
3750 2 2 2 1 834 2281 5055
3751 2 2 2 1 1142 3251 4432
3752 2 2 2 1 635 2883 4308
3753 2 2 2 1 572 2403 2807
3754 2 2 2 1 2519 4392 5487
3755 2 2 2 1 1809 2927 5567
3756 2 2 2 1 2166 1578 4892
3757 2 2 2 1 2702 487 4294
3758 2 2 2 1 2387 195 4554
3759 2 2 2 1 2162 1066 4991
3760 2 2 2 1 3705 1795 5193
3761 2 2 2 1 1361 2436 2796
3762 2 2 2 1 1379 2968 4254
3763 2 2 2 1 1264 2720 2861
3764 2 2 2 1 632 2028 3650
3765 2 2 2 1 853 2133 3122
3766 2 2 2 1 843 2039 5130
3767 2 2 2 1 2392 440 3861
3768 2 2 2 1 2968 1881 4254
3769 2 2 2 1 2681 3276 4083
3770 2 2 2 1 2671 3716 4193
3771 2 2 2 1 2452 1697 3123
3772 2 2 2 1 2228 1424 3140
3773 2 2 2 1 2240 2479 4636
3774 2 2 2 1 2564 1060 4805
3775 2 2 2 1 2146 833 3103
3776 2 2 2 1 2027 972 4814
3777 2 2 2 1 5256 3208 5376
3778 2 2 2 1 4292 2394 4415
3779 2 2 2 1 593 2053 4313
3780 2 2 2 1 2610 1022 3473
3781 2 2 2 1 569 2047 3495
3782 2 2 2 1 3608 724 5258
3783 2 2 2 1 2798 817 3216
3784 2 2 2 1 450 2177 4332
3785 2 2 2 1 1593 3056 4758
3786 2 2 2 1 4354 1801 5248
3787 2 2 2 1 2483 1014 2722
3788 2 2 2 1 2872 2377 4940
3789 2 2 2 1 164 165 2630
3790 2 2 2 1 318 317 3083
3791 2 2 2 1 609 2228 3140
3792 2 2 2 1 3023 897 4900
3793 2 2 2 1 1946 3214 5323
3794 2 2 2 1 2512 1650 4811
3795 2 2 2 1 2044 899 4552
3796 2 2 2 1 2544 1880 5049
3797 2 2 2 1 2912 1079 4429
3798 2 2 2 1 3285 1968 4311
3799 2 2 2 1 2221 1250 3656
3800 2 2 2 1 635 2857 5094
3801 2 2 2 1 3412 1572 4364
3802 2 2 2 1 2488 1683 3614
3803 2 2 2 1 2503 526 5262
3804 2 2 2 1 1863 2503 5262
3805 2 2 2 1 2296 574 2886
3806 2 2 2 1 2390 1049 5411
3807 2 2 2 1 2076 1020 4607
3808 2 2 2 1 2391 1016 2786
3809 2 2 2 1 3042 680 4073
3810 2 2 2 1 1757 3042 4073
3811 2 2 2 1 843 2268 3279
3812 2 2 2 1 2060 819 4271
3813 2 2 2 1 1151 2222 3353
3814 2 2 2 1 458 2707 3066
3815 2 2 2 1 943 2266 5579
3816 2 2 2 1 1821 3215 5457
3817 2 2 2 1 3630 1803 3872
3818 2 2 2 1 2147 1026 3270
3819 2 2 2 1 2047 569 4152
3820 2 2 2 1 2426 727 4882
3821 2 2 2 1 1714 2426 4882
3822 2 2 2 1 2168 179 3057
3823 2 2 2 1 607 2875 5355
3824 2 2 2 1 38 39 4153
3825 2 2 2 1 3347 1626 4494
3826 2 2 2 1 744 2061 3819
3827 2 2 2 1 2061 1218 3819
3828 2 2 2 1 2039 997 3991
3829 2 2 2 1 2936 763 4555
3830 2 2 2 1 1325 2060 4271
3831 2 2 2 1 2330 1544 3629
3832 2 2 2 1 2226 1078 2967
3833 2 2 2 1 818 2037 3869
3834 2 2 2 1 2037 1217 3869
3835 2 2 2 1 4846 813 5445
3836 2 2 2 1 855 2031 5415
3837 2 2 2 1 2069 1295 3406
3838 2 2 2 1 2177 1409 4332
3839 2 2 2 1 1140 2042 3758
3840 2 2 2 1 1061 2262 3286
3841 2 2 2 1 2235 1132 3265
3842 2 2 2 1 549 2235 3265
3843 2 2 2 1 2033 896 3897
3844 2 2 2 1 2519 1101 2712
3845 2 2 2 1 855 2189 3031
3846 2 2 2 1 789 3486 4649
3847 2 2 2 1 1157 2134 3144
3848 2 2 2 1 45 46 3247
3849 2 2 2 1 1256 2885 3470
3850 2 2 2 1 2280 1186 3392
3851 2 2 2 1 2303 1266 3702
3852 2 2 2 1 3895 2661 5081
3853 2 2 2 1 2106 3826 4428
3854 2 2 2 1 2956 1007 4199
3855 2 2 2 1 2052 1203 3572
3856 2 2 2 1 1998 2756 4696
3857 2 2 2 1 2197 1055 4768
3858 2 2 2 1 2918 1642 4016
3859 2 2 2 1 3826 778 4428
3860 2 2 2 1 2907 1732 4390
3861 2 2 2 1 2634 3175 5430
3862 2 2 2 1 2624 1638 4321
3863 2 2 2 1 2904 627 2969
3864 2 2 2 1 484 3287 3586
3865 2 2 2 1 3881 2468 4977
3866 2 2 2 1 712 2624 4321
3867 2 2 2 1 1386 2050 4170
3868 2 2 2 1 2061 744 3492
3869 2 2 2 1 1484 2110 4740
3870 2 2 2 1 343 2275 2962
3871 2 2 2 1 2168 1533 4416
3872 2 2 2 1 1058 2477 3173
3873 2 2 2 1 2053 963 4233
3874 2 2 2 1 1701 2864 5435
3875 2 2 2 1 2122 2974 4150
3876 2 2 2 1 540 2306 4686
3877 2 2 2 1 3104 1262 3817
3878 2 2 2 1 403 2040 4818
3879 2 2 2 1 2286 1455 2916
3880 2 2 2 1 1148 2049 3680
3881 2 2 2 1 1691 3104 3817
3882 2 2 2 1 1267 2041 4373
3883 2 2 2 1 2089 3465 4892
3884 2 2 2 1 4745 2035 4781
3885 2 2 2 1 3173 2518 4531
3886 2 2 2 1 1441 2622 3969
3887 2 2 2 1 2331 782 3482
3888 2 2 2 1 1246 2331 3482
3889 2 2 2 1 2719 1177 4957
3890 2 2 2 1 643 3030 4125
3891 2 2 2 1 854 2620 4156
3892 2 2 2 1 2903 2227 4081
3893 2 2 2 1 2080 1262 3717
3894 2 2 2 1 2846 117 4132
3895 2 2 2 1 2449 915 4412
3896 2 2 2 1 605 2617 4507
3897 2 2 2 1 3164 1817 5444
3898 2 2 2 1 1378 2587 3313
3899 2 2 2 1 202 203 2601
3900 2 2 2 1 2162 490 3289
3901 2 2 2 1 4125 3030 4858
3902 2 2 2 1 2044 258 3684
3903 2 2 2 1 1073 2130 3431
3904 2 2 2 1 436 2174 3959
3905 2 2 2 1 2339 3109 3756
3906 2 2 2 1 411 2280 3392
3907 2 2 2 1 799 3405 5466
3908 2 2 2 1 1042 2324 4390
3909 2 2 2 1 2347 1377 4077
3910 2 2 2 1 1981 3017 4430
3911 2 2 2 1 457 3044 3145
3912 2 2 2 1 2069 792 3465
3913 2 2 2 1 2132 867 4848
3914 2 2 2 1 1280 2337 3262
3915 2 2 2 1 2115 1651 4776
3916 2 2 2 1 485 2191 5210
3917 2 2 2 1 2643 1838 5446
3918 2 2 2 1 1743 2680 3652
3919 2 2 2 1 2046 670 3756
3920 2 2 2 1 2590 413 2995
3921 2 2 2 1 1011 2187 3074
3922 2 2 2 1 1200 2590 2995
3923 2 2 2 1 887 2082 3451
3924 2 2 2 1 2702 1404 3550
3925 2 2 2 1 2048 1219 5121
3926 2 2 2 1 2174 1997 5089
3927 2 2 2 1 839 2726 4472
3928 2 2 2 1 3054 929 4522
3929 2 2 2 1 1915 3054 4522
3930 2 2 2 1 2574 1038 3522
3931 2 2 2 1 2346 1449 3288
3932 2 2 2 1 960 2346 3288
3933 2 2 2 1 1305 2179 4766
3934 2 2 2 1 2257 988 3099
3935 2 2 2 1 2103 869 3780
3936 2 2 2 1 2072 870 4418
3937 2 2 2 1 1388 3039 3086
3938 2 2 2 1 3039 1142 3086
3939 2 2 2 1 1119 2323 3111
3940 2 2 2 1 2061 1590 5351
3941 2 2 2 1 2660 1077 2794
3942 2 2 2 1 2077 1107 4275
3943 2 2 2 1 2522 846 4837
3944 2 2 2 1 2222 1151 5314
3945 2 2 2 1 2066 810 4323
3946 2 2 2 1 2323 872 3111
3947 2 2 2 1 1068 2739 3912
3948 2 2 2 1 1044 2145 3184
3949 2 2 2 1 2180 1032 3719
3950 2 2 2 1 2057 672 4730
3951 2 2 2 1 597 2873 3117
3952 2 2 2 1 1273 2196 3843
3953 2 2 2 1 720 2349 5200
3954 2 2 2 1 824 3334 5501
3955 2 2 2 1 936 3484 4217
3956 2 2 2 1 1686 3403 4286
3957 2 2 2 1 2132 521 3230
3958 2 2 2 1 4249 2961 4742
3959 2 2 2 1 2437 826 5240
3960 2 2 2 1 1896 3897 5514
3961 2 2 2 1 1467 2505 2833
3962 2 2 2 1 919 2193 5191
3963 2 2 2 1 2800 2143 3986
3964 2 2 2 1 2199 1025 3073
3965 2 2 2 1 2306 925 4298
3966 2 2 2 1 2176 517 5123
3967 2 2 2 1 1184 2046 3756
3968 2 2 2 1 1753 2774 4403
3969 2 2 2 1 1103 2207 4404
3970 2 2 2 1 522 2094 4465
3971 2 2 2 1 2436 1072 2796
3972 2 2 2 1 2382 860 4713
3973 2 2 2 1 863 2309 3131
3974 2 2 2 1 501 2832 4481
3975 2 2 2 1 1680 3053 4164
3976 2 2 2 1 487 2702 3550
3977 2 2 2 1 1728 2512 5158
3978 2 2 2 1 2309 1120 3131
3979 2 2 2 1 3465 792 4892
3980 2 2 2 1 920 2537 3671
3981 2 2 2 1 80 81 2775
3982 2 2 2 1 1002 2673 4483
3983 2 2 2 1 364 2417 5405
3984 2 2 2 1 4207 1950 4662
3985 2 2 2 1 1769 3009 4528
3986 2 2 2 1 2097 831 3440
3987 2 2 2 1 2194 3010 4964
3988 2 2 2 1 2181 583 5168
3989 2 2 2 1 2258 1298 2990
3990 2 2 2 1 1266 2172 3702
3991 2 2 2 1 3284 1923 5417
3992 2 2 2 1 1778 3628 5091
3993 2 2 2 1 3165 2545 5234
3994 2 2 2 1 2599 1228 3079
3995 2 2 2 1 3334 824 5591
3996 2 2 2 1 841 2361 4682
3997 2 2 2 1 409 2599 3079
3998 2 2 2 1 1203 2052 3785
3999 2 2 2 1 2544 795 4003
4000 2 2 2 1 579 2246 3362
4001 2 2 2 1 3759 432 5416
4002 2 2 2 1 3208 908 4245
4003 2 2 2 1 1868 3208 4245
4004 2 2 2 1 2112 232 3314
4005 2 2 2 1 2448 1334 3343
4006 2 2 2 1 2441 1727 4947
4007 2 2 2 1 518 2441 4947
4008 2 2 2 1 1187 2232 4338
4009 2 2 2 1 441 2067 4773
4010 2 2 2 1 1765 2827 3955
4011 2 2 2 1 2084 1410 4375
4012 2 2 2 1 630 2161 3170
4013 2 2 2 1 3451 2082 4691
4014 2 2 2 1 1187 2547 3238
4015 2 2 2 1 2076 508 3516
4016 2 2 2 1 3316 421 3712
4017 2 2 2 1 2418 3282 5035
4018 2 2 2 1 2244 2003 5396
4019 2 2 2 1 5274 798 5424
4020 2 2 2 1 2053 1223 4313
4021 2 2 2 1 1688 3560 4448
4022 2 2 2 1 1330 2781 3162
4023 2 2 2 1 746 3630 3872
4024 2 2 2 1 765 2180 4646
4025 2 2 2 1 2781 1197 3162
4026 2 2 2 1 896 2427 4507
4027 2 2 2 1 1091 2328 3360
4028 2 2 2 1 1153 2237 3038
4029 2 2 2 1 2735 590 4873
4030 2 2 2 1 2666 877 5410
4031 2 2 2 1 2417 1839 5405
4032 2 2 2 1 1178 2722 4237
4033 2 2 2 1 865 2095 4934
4034 2 2 2 1 1536 2864 4678
4035 2 2 2 1 2196 479 3843
4036 2 2 2 1 2071 2721 5539
4037 2 2 2 1 2721 985 5539
4038 2 2 2 1 2217 19 5269
4039 2 2 2 1 1938 3743 4836
4040 2 2 2 1 2180 1491 4646
4041 2 2 2 1 508 2076 3828
4042 2 2 2 1 2076 1218 3828
4043 2 2 2 1 2065 922 3639
4044 2 2 2 1 2948 1309 3768
4045 2 2 2 1 2410 358 4642
4046 2 2 2 1 641 2114 3790
4047 2 2 2 1 1001 2152 3922
4048 2 2 2 1 2128 1084 3711
4049 2 2 2 1 569 2080 4152
4050 2 2 2 1 94 2096 4448
4051 2 2 2 1 2383 458 3365
4052 2 2 2 1 2310 1252 4433
4053 2 2 2 1 2168 822 4832
4054 2 2 2 1 2175 945 5046
4055 2 2 2 1 129 2628 3187
4056 2 2 2 1 1053 2548 4782
4057 2 2 2 1 3205 1561 3373
4058 2 2 2 1 1229 2383 3365
4059 2 2 2 1 1828 4096 4724
4060 2 2 2 1 1123 3205 3373
4061 2 2 2 1 4219 1180 4399
4062 2 2 2 1 2741 1286 2912
4063 2 2 2 1 2555 510 5097
4064 2 2 2 1 1607 2948 3768
4065 2 2 2 1 900 2164 5044
4066 2 2 2 1 1416 2215 3753
4067 2 2 2 1 675 2907 4390
4068 2 2 2 1 2472 1271 3408
4069 2 2 2 1 661 2472 3408
4070 2 2 2 1 591 2580 3352
4071 2 2 2 1 1218 2061 3828
4072 2 2 2 1 2409 964 2976
4073 2 2 2 1 1191 3626 4715
4074 2 2 2 1 1356 2195 4149
4075 2 2 2 1 2195 813 4149
4076 2 2 2 1 1303 2074 3596
4077 2 2 2 1 521 2132 4926
4078 2 2 2 1 2452 1485 4675
4079 2 2 2 1 2235 1097 3090
4080 2 2 2 1 2082 887 4518
4081 2 2 2 1 101 2660 2794
4082 2 2 2 1 1533 2168 4832
4083 2 2 2 1 477 3925 5155
4084 2 2 2 1 385 2291 3600
4085 2 2 2 1 1669 2653 3640
4086 2 2 2 1 2281 1640 5055
4087 2 2 2 1 2608 1012 3483
4088 2 2 2 1 1408 2574 3522
4089 2 2 2 1 2525 625 3125
4090 2 2 2 1 494 2609 5020
4091 2 2 2 1 994 2304 2957
4092 2 2 2 1 3309 505 5139
4093 2 2 2 1 3026 1407 3216
4094 2 2 2 1 4780 2704 5065
4095 2 2 2 1 2391 459 2865
4096 2 2 2 1 2143 881 4827
4097 2 2 2 1 458 3066 3365
4098 2 2 2 1 2104 446 4081
4099 2 2 2 1 2285 323 4362
4100 2 2 2 1 1360 3591 4422
4101 2 2 2 1 4362 2618 4979
4102 2 2 2 1 1278 3614 4145
4103 2 2 2 1 2064 1314 4022
4104 2 2 2 1 2063 1312 3811
4105 2 2 2 1 2067 1109 3733
4106 2 2 2 1 621 2819 4136
4107 2 2 2 1 1179 2779 3140
4108 2 2 2 1 2790 4341 4932
4109 2 2 2 1 1338 2963 4034
4110 2 2 2 1 2820 950 3557
4111 2 2 2 1 1453 2820 3557
4112 2 2 2 1 1572 2438 4439
4113 2 2 2 1 495 2071 4174
4114 2 2 2 1 2205 126 5039
4115 2 2 2 1 702 2316 2955
4116 2 2 2 1 2902 554 3043
4117 2 2 2 1 1320 2902 3043
4118 2 2 2 1 2149 1047 4495
4119 2 2 2 1 1532 3390 4069
4120 2 2 2 1 994 2057 4329
4121 2 2 2 1 3302 1313 3573
4122 2 2 2 1 2418 496 3046
4123 2 2 2 1 332 2109 4538
4124 2 2 2 1 1241 3890 4714
4125 2 2 2 1 1518 2964 3450
4126 2 2 2 1 1218 2076 3631
4127 2 2 2 1 1930 4219 4399
4128 2 2 2 1 12 13 2664
4129 2 2 2 1 2532 1594 2847
4130 2 2 2 1 798 2829 5424
4131 2 2 2 1 2438 711 4439
4132 2 2 2 1 1449 2346 4368
4133 2 2 2 1 2682 1900 5513
4134 2 2 2 1 2228 1325 4271
4135 2 2 2 1 1295 2069 4794
4136 2 2 2 1 1464 2369 3079
4137 2 2 2 1 1665 3302 3573
4138 2 2 2 1 2272 1005 3119
4139 2 2 2 1 1587 2362 3766
4140 2 2 2 1 4245 1745 4683
4141 2 2 2 1 1460 2628 4312
4142 2 2 2 1 3182 519 5448
4143 2 2 2 1 503 2230 3134
4144 2 2 2 1 1107 3076 4951
4145 2 2 2 1 1653 4630 5129
4146 2 2 2 1 1148 3026 3216
4147 2 2 2 1 2172 153 3702
4148 2 2 2 1 2301 524 4269
4149 2 2 2 1 1428 2301 4269
4150 2 2 2 1 345 344 2910
4151 2 2 2 1 7 2618 4362
4152 2 2 2 1 3586 3287 5107
4153 2 2 2 1 2295 679 5471
4154 2 2 2 1 464 3418 5297
4155 2 2 2 1 994 2532 2847
4156 2 2 2 1 2256 973 3071
4157 2 2 2 1 23 24 3998
4158 2 2 2 1 2828 986 4210
4159 2 2 2 1 272 273 3174
4160 2 2 2 1 2447 1205 3036
4161 2 2 2 1 2414 1426 4657
4162 2 2 2 1 2353 1061 3286
4163 2 2 2 1 1183 3237 4232
4164 2 2 2 1 3451 1323 5546
4165 2 2 2 1 2389 558 2885
4166 2 2 2 1 1368 2525 3125
4167 2 2 2 1 2606 1171 3503
4168 2 2 2 1 2369 409 3079
4169 2 2 2 1 1452 2285 4362
4170 2 2 2 1 2364 1666 4094
4171 2 2 2 1 872 2230 3111
4172 2 2 2 1 986 2140 5074
4173 2 2 2 1 2294 552 3259
4174 2 2 2 1 564 2269 3188
4175 2 2 2 1 3720 730 3824
4176 2 2 2 1 735 4012 4117
4177 2 2 2 1 580 2120 3556
4178 2 2 2 1 2120 1146 3556
4179 2 2 2 1 4643 1959 4915
4180 2 2 2 1 3987 427 4327
4181 2 2 2 1 862 2188 5105
4182 2 2 2 1 2334 822 3934
4183 2 2 2 1 917 2094 3575
4184 2 2 2 1 1320 3043 3692
4185 2 2 2 1 3973 1067 4008
4186 2 2 2 1 355 2449 4394
4187 2 2 2 1 1582 3605 5383
4188 2 2 2 1 555 3022 3515
4189 2 2 2 1 807 2151 4256
4190 2 2 2 1 321 320 2942
4191 2 2 2 1 2157 277 3892
4192 2 2 2 1 3009 1769 5589
4193 2 2 2 1 1097 2460 5074
4194 2 2 2 1 2184 3334 5591
4195 2 2 2 1 210 211 2920
4196 2 2 2 1 252 253 3127
4197 2 2 2 1 1274 2094 4316
4198 2 2 2 1 426 2916 3540
4199 2 2 2 1 3679 5198 5394
4200 2 2 2 1 1032 2240 3719
4201 2 2 2 1 2238 396 3681
4202 2 2 2 1 2287 893 5339
4203 2 2 2 1 959 2138 4754
4204 2 2 2 1 2241 1756 5317
4205 2 2 2 1 2676 1882 5098
4206 2 2 2 1 1073 2676 5098
4207 2 2 2 1 2328 731 3494
4208 2 2 2 1 1566 2328 3494
4209 2 2 2 1 2423 1027 2873
4210 2 2 2 1 3147 745 4449
4211 2 2 2 1 469 2213 5189
4212 2 2 2 1 905 2210 3146
4213 2 2 2 1 1383 4243 4244
4214 2 2 2 1 2344 1106 2959
4215 2 2 2 1 2477 1058 2831
4216 2 2 2 1 701 3267 3594
4217 2 2 2 1 2555 1990 5043
4218 2 2 2 1 3995 1850 5343
4219 2 2 2 1 1031 2152 4315
4220 2 2 2 1 2844 1567 4461
4221 2 2 2 1 3334 2105 5501
4222 2 2 2 1 1410 3003 3004
4223 2 2 2 1 3003 1059 3004
4224 2 2 2 1 801 2120 4343
4225 2 2 2 1 1245 2238 3681
4226 2 2 2 1 596 2081 4065
4227 2 2 2 1 266 2370 2960
4228 2 2 2 1 4188 501 4481
4229 2 2 2 1 865 2489 3924
4230 2 2 2 1 2249 3657 4929
4231 2 2 2 1 2489 1716 3924
4232 2 2 2 1 1624 4133 4406
4233 2 2 2 1 2025 3987 4327
4234 2 2 2 1 1809 2492 5219
4235 2 2 2 1 2110 859 5082
4236 2 2 2 1 461 3077 4634
4237 2 2 2 1 2943 417 4168
4238 2 2 2 1 777 3628 4485
4239 2 2 2 1 2414 856 4242
4240 2 2 2 1 2086 566 4148
4241 2 2 2 1 813 2086 4149
4242 2 2 2 1 2081 814 4091
4243 2 2 2 1 1713 2943 4168
4244 2 2 2 1 1066 2162 3289
4245 2 2 2 1 2264 712 4994
4246 2 2 2 1 2533 981 2795
4247 2 2 2 1 2492 871 5219
4248 2 2 2 1 1311 2565 2777
4249 2 2 2 1 2284 898 3052
4250 2 2 2 1 3168 1598 4379
4251 2 2 2 1 946 2305 3027
4252 2 2 2 1 2317 1651 5192
4253 2 2 2 1 1085 2151 4027
4254 2 2 2 1 2155 2552 4905
4255 2 2 2 1 2462 2093 3685
4256 2 2 2 1 2225 547 5222
4257 2 2 2 1 2130 3012 4787
4258 2 2 2 1 2624 989 3230
4259 2 2 2 1 1966 3846 4063
4260 2 2 2 1 2092 24 4165
4261 2 2 2 1 1181 3329 3555
4262 2 2 2 1 1067 2621 4008
4263 2 2 2 1 2115 1403 3453
4264 2 2 2 1 3532 787 5392
4265 2 2 2 1 616 2901 2967
4266 2 2 2 1 1026 2662 3120
4267 2 2 2 1 1023 2254 3107
4268 2 2 2 1 3397 1804 3885
4269 2 2 2 1 2666 1744 4677
4270 2 2 2 1 1202 2237 3130
4271 2 2 2 1 2093 808 3685
4272 2 2 2 1 452 3397 3885
4273 2 2 2 1 2261 1602 5009
4274 2 2 2 1 578 2106 3929
4275 2 2 2 1 3683 1675 3706
4276 2 2 2 1 1088 2300 3250
4277 2 2 2 1 2574 688 5316
4278 2 2 2 1 475 2666 4677
4279 2 2 2 1 2676 1549 4555
4280 2 2 2 1 415 2317 5103
4281 2 2 2 1 3605 2043 5383
4282 2 2 2 1 2561 944 4126
4283 2 2 2 1 3994 1261 4036
4284 2 2 2 1 2788 1435 2889
4285 2 2 2 1 1132 2235 5398
4286 2 2 2 1 2317 1675 5103
4287 2 2 2 1 3787 1788 4283
4288 2 2 2 1 2085 959 3888
4289 2 2 2 1 2471 1648 5440
4290 2 2 2 1 2726 839 5066
4291 2 2 2 1 1154 2087 3812
4292 2 2 2 1 61 62 3073
4293 2 2 2 1 126 2205 3534
4294 2 2 2 1 1213 2655 2906
4295 2 2 2 1 1261 3929 4428
4296 2 2 2 1 2282 386 3600
4297 2 2 2 1 757 2125 4215
4298 2 2 2 1 1520 2561 4126
4299 2 2 2 1 831 2097 4194
4300 2 2 2 1 2160 429 3320
4301 2 2 2 1 2655 741 2906
4302 2 2 2 1 344 343 2962
4303 2 2 2 1 2333 1080 2992
4304 2 2 2 1 1681 2092 4165
4305 2 2 2 1 1108 2245 3231
4306 2 2 2 1 2290 1161 3067
4307 2 2 2 1 2125 1321 4215
4308 2 2 2 1 2095 865 5499
4309 2 2 2 1 41 42 2882
4310 2 2 2 1 2245 699 3231
4311 2 2 2 1 2522 536 3371
4312 2 2 2 1 2754 976 5468
4313 2 2 2 1 2359 1838 4539
4314 2 2 2 1 1539 2243 5588
4315 2 2 2 1 2300 1088 5581
4316 2 2 2 1 3429 1219 3847
4317 2 2 2 1 2997 744 4330
4318 2 2 2 1 276 275 2854
4319 2 2 2 1 3256 581 4516
4320 2 2 2 1 1980 3256 4516
4321 2 2 2 1 3184 433 3350
4322 2 2 2 1 571 2322 3523
4323 2 2 2 1 1280 2122 4064
4324 2 2 2 1 2148 1136 3814
4325 2 2 2 1 2090 828 3893
4326 2 2 2 1 1678 3349 3599
4327 2 2 2 1 3349 1417 3599
4328 2 2 2 1 1644 2607 5377
4329 2 2 2 1 2331 1246 3769
4330 2 2 2 1 2094 917 4316
4331 2 2 2 1 2091 84 4071
4332 2 2 2 1 4567 1039 5089
4333 2 2 2 1 3104 1691 4877
4334 2 2 2 1 2316 1347 4466
4335 2 2 2 1 2276 503 3134
4336 2 2 2 1 2398 1176 3304
4337 2 2 2 1 1310 3662 4222
4338 2 2 2 1 1058 4830 5452
4339 2 2 2 1 556 3326 5087
4340 2 2 2 1 2283 1223 5426
4341 2 2 2 1 196 197 2758
4342 2 2 2 1 2520 1328 3013
4343 2 2 2 1 3662 2068 4222
4344 2 2 2 1 2654 1164 2873
4345 2 2 2 1 1027 2654 2873
4346 2 2 2 1 2951 1369 3194
4347 2 2 2 1 584 2149 3385
4348 2 2 2 1 1353 2260 4075
4349 2 2 2 1 2260 786 4075
4350 2 2 2 1 699 2245 3151
4351 2 2 2 1 1557 2315 5008
4352 2 2 2 1 808 2093 3886
4353 2 2 2 1 2135 830 3433
4354 2 2 2 1 2105 589 4369
4355 2 2 2 1 3929 2106 4428
4356 2 2 2 1 1286 3375 4299
4357 2 2 2 1 3232 2218 5412
4358 2 2 2 1 391 390 3303
4359 2 2 2 1 3266 674 3590
4360 2 2 2 1 2913 1030 4183
4361 2 2 2 1 650 3533 3926
4362 2 2 2 1 2496 565 2858
4363 2 2 2 1 1260 2951 3194
4364 2 2 2 1 1172 3296 3327
4365 2 2 2 1 925 2198 3243
4366 2 2 2 1 2102 694 4302
4367 2 2 2 1 103 2277 4381
4368 2 2 2 1 2434 1013 3553
4369 2 2 2 1 6 2254 4278
4370 2 2 2 1 2745 1075 3783
4371 2 2 2 1 1490 2968 3801
4372 2 2 2 1 698 3167 3894
4373 2 2 2 1 2137 1508 4652
4374 2 2 2 1 713 3706 5221
4375 2 2 2 1 2295 1067 3932
4376 2 2 2 1 2389 1075 3236
4377 2 2 2 1 696 2204 5084
4378 2 2 2 1 1113 4747 4784
4379 2 2 2 1 3533 1870 3926
4380 2 2 2 1 3706 2231 5221
4381 2 2 2 1 2196 812 3994
4382 2 2 2 1 2171 559 3521
4383 2 2 2 1 4736 2425 4789
4384 2 2 2 1 7 352 2618
4385 2 2 2 1 1144 2779 2850
4386 2 2 2 1 2484 587 3835
4387 2 2 2 1 1985 3642 5154
4388 2 2 2 1 2916 1455 3540
4389 2 2 2 1 3846 797 4063
4390 2 2 2 1 3341 579 4509
4391 2 2 2 1 1466 2424 4517
4392 2 2 2 1 1753 4403 5489
4393 2 2 2 1 2417 363 3867
4394 2 2 2 1 886 2300 5581
4395 2 2 2 1 279 278 3347
4396 2 2 2 1 2434 709 4514
4397 2 2 2 1 2662 1393 3120
4398 2 2 2 1 866 2247 4557
4399 2 2 2 1 2507 464 3459
4400 2 2 2 1 2779 1179 2850
4401 2 2 2 1 1289 2507 3459
4402 2 2 2 1 3082 1977 3528
4403 2 2 2 1 1315 2259 3951
4404 2 2 2 1 1419 2578 4628
4405 2 2 2 1 30 31 2616
4406 2 2 2 1 3080 687 3275
4407 2 2 2 1 1433 3080 3275
4408 2 2 2 1 890 2425 4736
4409 2 2 2 1 2277 104 3106
4410 2 2 2 1 860 2153 4713
4411 2 2 2 1 3816 1698 5416
4412 2 2 2 1 1114 2218 3232
4413 2 2 2 1 2102 982 3708
4414 2 2 2 1 3503 1890 5057
4415 2 2 2 1 1833 3974 5414
4416 2 2 2 1 3336 1670 4737
4417 2 2 2 1 1123 2319 3205
4418 2 2 2 1 2010 2754 5468
4419 2 2 2 1 2230 1300 5379
4420 2 2 2 1 2319 401 3205
4421 2 2 2 1 2109 332 3737
4422 2 2 2 1 697 2298 3088
4423 2 2 2 1 2789 1541 5081
4424 2 2 2 1 680 3042 3856
4425 2 2 2 1 2981 1760 5384
4426 2 2 2 1 1552 2488 4964
4427 2 2 2 1 4064 2122 4539
4428 2 2 2 1 2230 872 5178
4429 2 2 2 1 2192 862 3282
4430 2 2 2 1 1395 2200 3258
4431 2 2 2 1 2437 1628 4879
4432 2 2 2 1 2756 1664 4696
4433 2 2 2 1 1296 3424 3520
4434 2 2 2 1 2312 886 5581
4435 2 2 2 1 1270 3764 5264
4436 2 2 2 1 944 2114 5131
4437 2 2 2 1 2905 2124 5490
4438 2 2 2 1 245 246 2991
4439 2 2 2 1 2395 1062 4802
4440 2 2 2 1 2363 935 3006
4441 2 2 2 1 3072 1384 3899
4442 2 2 2 1 4650 785 5203
4443 2 2 2 1 2170 4846 5445
4444 2 2 2 1 2258 2990 5558
4445 2 2 2 1 883 4064 4539
4446 2 2 2 1 2248 876 4881
4447 2 2 2 1 2151 1489 4767
4448 2 2 2 1 2662 1026 4574
4449 2 2 2 1 3539 198 4743
4450 2 2 2 1 3276 659 3333
4451 2 2 2 1 1523 2387 4554
4452 2 2 2 1 1087 2103 3780
4453 2 2 2 1 1627 2206 5437
4454 2 2 2 1 3024 1113 4784
4455 2 2 2 1 1528 4745 4781
4456 2 2 2 1 1099 2150 3976
4457 2 2 2 1 1537 3276 3333
4458 2 2 2 1 2261 825 3849
4459 2 2 2 1 667 2721 4335
4460 2 2 2 1 2715 1053 4693
4461 2 2 2 1 673 2265 3159
4462 2 2 2 1 2497 345 2910
4463 2 2 2 1 1486 2465 3420
4464 2 2 2 1 2185 1119 5359
4465 2 2 2 1 1296 2560 3424
4466 2 2 2 1 2560 908 3424
4467 2 2 2 1 1396 2455 3394
4468 2 2 2 1 2382 4713 5320
4469 2 2 2 1 465 2261 3730
4470 2 2 2 1 1041 2905 5490
4471 2 2 2 1 1581 2433 5114
4472 2 2 2 1 1409 2177 3346
4473 2 2 2 1 1615 2828 4210
4474 2 2 2 1 1185 2276 3134
4475 2 2 2 1 900 2172 4733
4476 2 2 2 1 2132 989 3527
4477 2 2 2 1 2289 1432 4455
4478 2 2 2 1 2707 1187 3066
4479 2 2 2 1 2422 3175 4828
4480 2 2 2 1 2630 165 4261
4481 2 2 2 1 2678 628 3144
4482 2 2 2 1 4261 2406 4764
4483 2 2 2 1 2103 1087 3960
4484 2 2 2 1 2854 1317 3370
4485 2 2 2 1 585 2545 3682
4486 2 2 2 1 525 2164 4622
4487 2 2 2 1 2814 462 3248
4488 2 2 2 1 1335 2814 3248
4489 2 2 2 1 829 2490 2895
4490 2 2 2 1 1062 2380 4702
4491 2 2 2 1 1683 2757 2986
4492 2 2 2 1 2120 580 3725
4493 2 2 2 1 1363 2119 4597
4494 2 2 2 1 2514 1142 4055
4495 2 2 2 1 2485 1115 3312
4496 2 2 2 1 2530 500 4389
4497 2 2 2 1 738 3262 5250
4498 2 2 2 1 1247 2116 3654
4499 2 2 2 1 8 337 3909
4500 2 2 2 1 1110 2843 2848
4501 2 2 2 1 3340 1840 4173
4502 2 2 2 1 2960 1010 5586
4503 2 2 2 1 2308 880 3123
4504 2 2 2 1 1193 3485 3984
4505 2 2 2 1 1177 2344 5496
4506 2 2 2 1 1136 4589 4799
4507 2 2 2 1 1767 4710 4863
4508 2 2 2 1 621 3574 4503
4509 2 2 2 1 101 102 2660
4510 2 2 2 1 4076 2824 5284
4511 2 2 2 1 1420 2610 3473
4512 2 2 2 1 1026 2301 3270
4513 2 2 2 1 447 2304 4329
4514 2 2 2 1 135 3197 4270
4515 2 2 2 1 2184 1259 3334
4516 2 2 2 1 286 2514 5409
4517 2 2 2 1 1537 2182 4910
4518 2 2 2 1 1250 4701 5481
4519 2 2 2 1 2182 536 4910
4520 2 2 2 1 524 2301 3120
4521 2 2 2 1 1382 2854 3370
4522 2 2 2 1 1735 3235 4907
4523 2 2 2 1 3459 1416 3460
4524 2 2 2 1 2583 1110 2848
4525 2 2 2 1 3960 1673 4681
4526 2 2 2 1 4073 2412 5025
4527 2 2 2 1 2959 1106 4984
4528 2 2 2 1 2515 4085 5468
4529 2 2 2 1 2563 1201 3021
4530 2 2 2 1 1102 2104 4081
4531 2 2 2 1 2277 1499 4381
4532 2 2 2 1 1235 3664 4643
4533 2 2 2 1 677 2267 3519
4534 2 2 2 1 1361 2417 3867
4535 2 2 2 1 2529 1678 4954
4536 2 2 2 1 2864 1536 4927
4537 2 2 2 1 764 2563 3021
4538 2 2 2 1 4044 2568 4632
4539 2 2 2 1 2106 578 4605
4540 2 2 2 1 1079 2740 5029
4541 2 2 2 1 3031 2189 3945
4542 2 2 2 1 1087 2829 3209
4543 2 2 2 1 3896 2318 4791
4544 2 2 2 1 2824 980 2879
4545 2 2 2 1 1726 2824 2879
4546 2 2 2 1 596 2107 4122
4547 2 2 2 1 951 2255 5281
4548 2 2 2 1 3445 1185 3564
4549 2 2 2 1 3498 1800 3832
4550 2 2 2 1 2273 244 4018
4551 2 2 2 1 3083 1461 3850
4552 2 2 2 1 1330 2334 3934
4553 2 2 2 1 1402 2972 4306
4554 2 2 2 1 2870 1590 4498
4555 2 2 2 1 5323 1094 5543
4556 2 2 2 1 2620 854 5366
4557 2 2 2 1 935 2107 5433
4558 2 2 2 1 1447 3498 3832
4559 2 2 2 1 2167 530 4752
4560 2 2 2 1 1765 3955 5432
4561 2 2 2 1 2267 1186 3519
4562 2 2 2 1 1093 2308 3123
4563 2 2 2 1 124 2101 4118
4564 2 2 2 1 2703 968 5427
4565 2 2 2 1 2631 1604 4345
4566 2 2 2 1 1211 2137 3987
4567 2 2 2 1 67 2500 4864
4568 2 2 2 1 3137 1451 3551
4569 2 2 2 1 2152 436 3922
4570 2 2 2 1 2284 1419 4628
4571 2 2 2 1 4306 2972 4549
4572 2 2 2 1 1080 2333 3383
4573 2 2 2 1 1823 4005 5001
4574 2 2 2 1 2361 535 3439
4575 2 2 2 1 2101 124 5019
4576 2 2 2 1 2648 1890 3503
4577 2 2 2 1 547 4068 4850
4578 2 2 2 1 451 2583 2848
4579 2 2 2 1 2107 1345 4214
4580 2 2 2 1 4427 2574 5316
4581 2 2 2 1 2308 648 3258
4582 2 2 2 1 2843 1201 2848
4583 2 2 2 1 2270 443 3844
4584 2 2 2 1 1583 2224 5030
4585 2 2 2 1 1464 3079 3784
4586 2 2 2 1 1287 2270 3844
4587 2 2 2 1 3555 3329 5031
4588 2 2 2 1 3912 2739 5061
4589 2 2 2 1 587 2554 5098
4590 2 2 2 1 956 2631 4345
4591 2 2 2 1 3214 1094 5323
4592 2 2 2 1 2078 3849 5528
4593 2 2 2 1 3158 1375 4124
4594 2 2 2 1 1285 2321 3962
4595 2 2 2 1 227 228 2663
4596 2 2 2 1 3880 2034 3983
4597 2 2 2 1 591 2128 3711
4598 2 2 2 1 292 291 2838
4599 2 2 2 1 2274 1135 4556
4600 2 2 2 1 2941 949 5563
4601 2 2 2 1 440 2392 3342
4602 2 2 2 1 2136 396 4405
4603 2 2 2 1 901 2902 4800
4604 2 2 2 1 818 2112 4147
4605 2 2 2 1 277 2157 4282
4606 2 2 2 1 993 2216 3559
4607 2 2 2 1 2335 3919 4306
4608 2 2 2 1 3369 1349 4235
4609 2 2 2 1 2782 1643 3672
4610 2 2 2 1 1011 2782 3672
4611 2 2 2 1 2409 561 3943
4612 2 2 2 1 610 2843 3325
4613 2 2 2 1 705 3118 3692
4614 2 2 2 1 1684 2995 4545
4615 2 2 2 1 243 2273 4344
4616 2 2 2 1 1812 4356 4550
4617 2 2 2 1 1321 2125 5279
4618 2 2 2 1 803 3880 3983
4619 2 2 2 1 596 2234 3298
4620 2 2 2 1 2579 1603 4741
4621 2 2 2 1 2215 464 5297
4622 2 2 2 1 648 2308 3191
4623 2 2 2 1 2118 457 3766
4624 2 2 2 1 2152 1001 5525
4625 2 2 2 1 1893 3369 4235
4626 2 2 2 1 4553 1126 4667
4627 2 2 2 1 1062 4702 5541
4628 2 2 2 1 262 263 3010
4629 2 2 2 1 1842 2211 4966
4630 2 2 2 1 1084 2637 5557
4631 2 2 2 1 1055 2429 4768
4632 2 2 2 1 499 3485 4734
4633 2 2 2 1 2262 1061 3247
4634 2 2 2 1 3662 2556 5595
4635 2 2 2 1 1088 2333 4561
4636 2 2 2 1 860 2394 4292
4637 2 2 2 1 2339 889 3109
4638 2 2 2 1 4342 1967 4969
4639 2 2 2 1 417 2578 4168
4640 2 2 2 1 289 288 3028
4641 2 2 2 1 4342 1079 5029
4642 2 2 2 1 3143 1521 4789
4643 2 2 2 1 2761 692 3597
4644 2 2 2 1 1573 2761 3597
4645 2 2 2 1 2607 3115 5377
4646 2 2 2 1 3978 1139 5268
4647 2 2 2 1 369 368 4889
4648 2 2 2 1 261 2194 3625
4649 2 2 2 1 2194 1293 3625
4650 2 2 2 1 555 2122 4150
4651 2 2 2 1 822 2168 3934
4652 2 2 2 1 2231 1614 5221
4653 2 2 2 1 2313 1190 3688
4654 2 2 2 1 2644 1341 2982
4655 2 2 2 1 4396 1907 4546
4656 2 2 2 1 620 2644 2982
4657 2 2 2 1 2275 1337 4060
4658 2 2 2 1 2116 1247 4240
4659 2 2 2 1 1650 4143 4664
4660 2 2 2 1 1638 2624 3230
4661 2 2 2 1 2791 1413 3305
4662 2 2 2 1 945 2738 5006
4663 2 2 2 1 1197 2781 3634
4664 2 2 2 1 2109 1096 4030
4665 2 2 2 1 1454 2694 3520
4666 2 2 2 1 3190 1136 4799
4667 2 2 2 1 2784 1717 3485
4668 2 2 2 1 499 2784 3485
4669 2 2 2 1 1026 2147 4478
4670 2 2 2 1 4082 1498 4586
4671 2 2 2 1 2174 2581 4119
4672 2 2 2 1 2360 1233 3096
4673 2 2 2 1 3243 1265 3298
4674 2 2 2 1 724 3430 4402
4675 2 2 2 1 2927 1809 4570
4676 2 2 2 1 835 2927 4570
4677 2 2 2 1 4600 2117 4985
4678 2 2 2 1 4614 802 5566
4679 2 2 2 1 935 2392 3861
4680 2 2 2 1 1336 3727 4302
4681 2 2 2 1 3727 2102 4302
4682 2 2 2 1 4135 1741 4155
4683 2 2 2 1 1162 2384 3619
4684 2 2 2 1 1487 4600 4985
4685 2 2 2 1 2894 1446 4050
4686 2 2 2 1 867 2317 5192
4687 2 2 2 1 1169 2141 3777
4688 2 2 2 1 2790 1442 4341
4689 2 2 2 1 2161 630 3569
4690 2 2 2 1 2891 1904 4212
4691 2 2 2 1 152 2172 4157
4692 2 2 2 1 2211 864 4030
4693 2 2 2 1 2219 821 3944
4694 2 2 2 1 1272 2219 3944
4695 2 2 2 1 924 2275 4060
4696 2 2 2 1 2587 1378 4155
4697 2 2 2 1 100 101 2794
4698 2 2 2 1 1578 2166 4635
4699 2 2 2 1 1584 2135 4709
4700 2 2 2 1 2916 426 5301
4701 2 2 2 1 156 2179 4274
4702 2 2 2 1 2148 878 3803
4703 2 2 2 1 2333 1088 3471
4704 2 2 2 1 1081 2468 3502
4705 2 2 2 1 2239 874 4583
4706 2 2 2 1 878 2176 3803
4707 2 2 2 1 2308 1093 3191
4708 2 2 2 1 33 2224 4350
4709 2 2 2 1 1564 3287 3778
4710 2 2 2 1 128 129 3187
4711 2 2 2 1 1669 3255 4859
4712 2 2 2 1 1163 2803 2890
4713 2 2 2 1 400 2147 4443
4714 2 2 2 1 2961 1529 4742
4715 2 2 2 1 4057 1859 5466
4716 2 2 2 1 2793 1696 5088
4717 2 2 2 1 3890 1921 4714
4718 2 2 2 1 3525 1191 4715
4719 2 2 2 1 4937 1091 5005
4720 2 2 2 1 2224 1138 3500
4721 2 2 2 1 2116 809 4341
4722 2 2 2 1 1143 2156 3854
4723 2 2 2 1 2220 868 5165
4724 2 2 2 1 3403 439 4286
4725 2 2 2 1 2177 450 3641
4726 2 2 2 1 440 2860 3861
4727 2 2 2 1 2531 1189 4387
4728 2 2 2 1 2388 564 4815
4729 2 2 2 1 2718 3497 4676
4730 2 2 2 1 2351 885 3988
4731 2 2 2 1 2337 445 3417
4732 2 2 2 1 2598 642 3349
4733 2 2 2 1 587 2640 3835
4734 2 2 2 1 1567 2844 5176
4735 2 2 2 1 1145 2418 3046
4736 2 2 2 1 2141 576 3777
4737 2 2 2 1 4372 1530 4568
4738 2 2 2 1 135 136 3197
4739 2 2 2 1 2020 2892 3808
4740 2 2 2 1 3072 3899 5590
4741 2 2 2 1 402 2198 3972
4742 2 2 2 1 2131 657 3920
4743 2 2 2 1 3077 1065 5342
4744 2 2 2 1 3117 1637 4904
4745 2 2 2 1 3897 896 5514
4746 2 2 2 1 1186 2204 3562
4747 2 2 2 1 4136 1730 5500
4748 2 2 2 1 1810 3608 5258
4749 2 2 2 1 3686 751 4173
4750 2 2 2 1 2653 215 3954
4751 2 2 2 1 809 2116 4240
4752 2 2 2 1 396 2136 4046
4753 2 2 2 1 3401 621 4136
4754 2 2 2 1 2385 188 4078
4755 2 2 2 1 467 2289 4455
4756 2 2 2 1 3375 1751 4299
4757 2 2 2 1 2360 1263 3646
4758 2 2 2 1 366 365 2704
4759 2 2 2 1 105 106 3599
4760 2 2 2 1 2166 1140 3758
4761 2 2 2 1 1704 3089 3705
4762 2 2 2 1 971 2439 3019
4763 2 2 2 1 1032 2180 3547
4764 2 2 2 1 1328 4207 4662
4765 2 2 2 1 2738 1902 5006
4766 2 2 2 1 439 3071 4286
4767 2 2 2 1 1077 2577 4585
4768 2 2 2 1 158 2307 3870
4769 2 2 2 1 2639 1048 5007
4770 2 2 2 1 1293 2194 4052
4771 2 2 2 1 2194 891 4052
4772 2 2 2 1 1094 2774 5543
4773 2 2 2 1 5200 1053 5224
4774 2 2 2 1 314 313 4547
4775 2 2 2 1 2300 395 3250
4776 2 2 2 1 2013 2916 5301
4777 2 2 2 1 557 2312 4561
4778 2 2 2 1 9 394 3698
4779 2 2 2 1 1126 3081 4667
4780 2 2 2 1 2133 853 4067
4781 2 2 2 1 488 2989 4748
4782 2 2 2 1 2353 1551 3660
4783 2 2 2 1 1206 2282 3600
4784 2 2 2 1 446 2175 3613
4785 2 2 2 1 2136 1198 4046
4786 2 2 2 1 1874 3632 3633
4787 2 2 2 1 3632 1149 3633
4788 2 2 2 1 2834 1135 3410
4789 2 2 2 1 1351 3067 4482
4790 2 2 2 1 2258 2768 4051
4791 2 2 2 1 1849 2834 3410
4792 2 2 2 1 837 2415 3785
4793 2 2 2 1 3358 1403 3791
4794 2 2 2 1 667 4335 5414
4795 2 2 2 1 2560 510 4619
4796 2 2 2 1 2050 4414 4521
4797 2 2 2 1 2139 888 4039
4798 2 2 2 1 2150 1554 5361
4799 2 2 2 1 2293 507 5360
4800 2 2 2 1 1667 2264 5406
4801 2 2 2 1 3722 1250 5481
4802 2 2 2 1 1091 2756 5005
4803 2 2 2 1 1677 4599 5122
4804 2 2 2 1 2553 936 3308
4805 2 2 2 1 2712 1101 3426
4806 2 2 2 1 2165 1664 4537
4807 2 2 2 1 2370 267 3902
4808 2 2 2 1 4873 1701 5435
4809 2 2 2 1 1139 3280 5268
4810 2 2 2 1 144 145 5532
4811 2 2 2 1 684 2362 4810
4812 2 2 2 1 921 2857 5280
4813 2 2 2 1 3066 1187 3238
4814 2 2 2 1 1040 2657 5111
4815 2 2 2 1 2169 1409 4845
4816 2 2 2 1 2362 1587 4810
4817 2 2 2 1 516 3710 5284
4818 2 2 2 1 2212 974 4905
4819 2 2 2 1 2141 832 3852
4820 2 2 2 1 1507 2320 3977
4821 2 2 2 1 2666 475 2864
4822 2 2 2 1 1370 2136 3958
4823 2 2 2 1 1637 4112 4904
4824 2 2 2 1 1670 2572 4737
4825 2 2 2 1 2572 518 4737
4826 2 2 2 1 668 2790 3456
4827 2 2 2 1 2769 3025 4610
4828 2 2 2 1 3092 144 5532
4829 2 2 2 1 2263 1907 4396
4830 2 2 2 1 1138 2224 3906
4831 2 2 2 1 3743 1214 4836
4832 2 2 2 1 2292 4614 5566
4833 2 2 2 1 3771 683 4222
4834 2 2 2 1 1519 3058 4582
4835 2 2 2 1 2068 3771 4222
4836 2 2 2 1 1234 2502 2976
4837 2 2 2 1 1194 2626 3201
4838 2 2 2 1 918 2611 3273
4839 2 2 2 1 2611 1374 3273
4840 2 2 2 1 3532 1244 3799
4841 2 2 2 1 2467 584 3089
4842 2 2 2 1 65 66 4074
4843 2 2 2 1 380 2420 3155
4844 2 2 2 1 1298 3659 4239
4845 2 2 2 1 335 334 3654
4846 2 2 2 1 2647 2141 3852
4847 2 2 2 1 3606 1661 3809
4848 2 2 2 1 1040 2226 4967
4849 2 2 2 1 2942 1321 3393
4850 2 2 2 1 1402 2942 3393
4851 2 2 2 1 967 3259 5403
4852 2 2 2 1 2942 320 3721
4853 2 2 2 1 3485 1717 3984
4854 2 2 2 1 1179 3140 4045
4855 2 2 2 1 2857 2000 5280
4856 2 2 2 1 3754 1301 4331
4857 2 2 2 1 949 2887 5563
4858 2 2 2 1 1136 2148 3803
4859 2 2 2 1 3776 1477 4228
4860 2 2 2 1 2607 582 3115
4861 2 2 2 1 3208 1868 5376
4862 2 2 2 1 1413 3184 3350
4863 2 2 2 1 3863 642 4106
4864 2 2 2 1 1232 2156 5336
4865 2 2 2 1 2987 1145 3124
4866 2 2 2 1 2058 3863 4106
4867 2 2 2 1 2790 1563 3456
4868 2 2 2 1 1342 2987 3124
4869 2 2 2 1 112 113 3548
4870 2 2 2 1 1183 4759 5574
4871 2 2 2 1 2620 1437 4156
4872 2 2 2 1 3196 698 3605
4873 2 2 2 1 2428 498 3658
4874 2 2 2 1 441 2681 5138
4875 2 2 2 1 1290 2428 3658
4876 2 2 2 1 2303 952 5276
4877 2 2 2 1 2398 920 4526
4878 2 2 2 1 490 2162 4480
4879 2 2 2 1 1582 3196 3605
4880 2 2 2 1 2221 808 3886
4881 2 2 2 1 1250 2221 3886
4882 2 2 2 1 2991 1519 4018
4883 2 2 2 1 530 2146 4366
4884 2 2 2 1 2196 1273 4739
4885 2 2 2 1 2238 999 4405
4886 2 2 2 1 2198 925 4797
4887 2 2 2 1 1450 2314 4480
4888 2 2 2 1 4374 807 4917
4889 2 2 2 1 2201 1312 4151
4890 2 2 2 1 1514 3771 3907
4891 2 2 2 1 3659 1967 4239
4892 2 2 2 1 2314 490 4480
4893 2 2 2 1 1571 3091 3691
4894 2 2 2 1 3091 484 3691
4895 2 2 2 1 1468 4261 4764
4896 2 2 2 1 3642 1985 5347
4897 2 2 2 1 2288 1127 3433
4898 2 2 2 1 863 2201 4151
4899 2 2 2 1 418 2700 4024
4900 2 2 2 1 2205 1210 3534
4901 2 2 2 1 509 2305 5387
4902 2 2 2 1 1572 3150 5232
4903 2 2 2 1 1131 3226 5140
4904 2 2 2 1 3311 1131 5140
4905 2 2 2 1 4478 1824 4574
4906 2 2 2 1 3377 1183 4232
4907 2 2 2 1 2714 1236 4505
4908 2 2 2 1 758 3787 4283
4909 2 2 2 1 3885 1568 4860
4910 2 2 2 1 3542 1492 5100
4911 2 2 2 1 1851 4778 5520
4912 2 2 2 1 618 2483 3272
4913 2 2 2 1 2074 4009 5343
4914 2 2 2 1 1038 2222 5314
4915 2 2 2 1 2483 1178 3272
4916 2 2 2 1 2355 1612 5174
4917 2 2 2 1 4830 2188 5452
4918 2 2 2 1 252 3127 4963
4919 2 2 2 1 3262 1883 5250
4920 2 2 2 1 876 2277 4376
4921 2 2 2 1 3380 2471 5440
4922 2 2 2 1 2151 1085 4256
4923 2 2 2 1 3470 2885 5145
4924 2 2 2 1 1100 2400 3300
4925 2 2 2 1 4059 643 4125
4926 2 2 2 1 2310 960 3288
4927 2 2 2 1 3159 1482 4796
4928 2 2 2 1 2871 473 5069
4929 2 2 2 1 2332 603 4005
4930 2 2 2 1 1925 3839 5216
4931 2 2 2 1 2096 3354 3944
4932 2 2 2 1 920 2398 3304
4933 2 2 2 1 2006 3601 5367
4934 2 2 2 1 1376 4292 4415
4935 2 2 2 1 574 2296 5318
4936 2 2 2 1 429 3624 4970
4937 2 2 2 1 674 3266 4243
4938 2 2 2 1 3266 1817 4243
4939 2 2 2 1 462 2814 3727
4940 2 2 2 1 1106 2467 3089
4941 2 2 2 1 193 2274 4556
4942 2 2 2 1 1512 2524 3720
4943 2 2 2 1 535 2242 3439
4944 2 2 2 1 2720 1070 2861
4945 2 2 2 1 294 293 2749
4946 2 2 2 1 816 3431 4787
4947 2 2 2 1 3431 2130 4787
4948 2 2 2 1 2213 1089 4965
4949 2 2 2 1 1472 2159 3889
4950 2 2 2 1 2307 158 4712
4951 2 2 2 1 2176 878 3786
4952 2 2 2 1 276 2854 3892
4953 2 2 2 1 1329 4041 4105
4954 2 2 2 1 358 357 4642
4955 2 2 2 1 336 335 3437
4956 2 2 2 1 2538 870 4896
4957 2 2 2 1 2968 664 3801
4958 2 2 2 1 1220 3541 5233
4959 2 2 2 1 1382 2157 3892
4960 2 2 2 1 812 2196 4739
4961 2 2 2 1 2127 3542 5100
4962 2 2 2 1 297 296 2823
4963 2 2 2 1 1163 2982 3145
4964 2 2 2 1 2650 1221 3176
4965 2 2 2 1 2499 715 3218
4966 2 2 2 1 2869 1608 3925
4967 2 2 2 1 498 2428 3113
4968 2 2 2 1 1166 2499 3218
4969 2 2 2 1 404 2650 3176
4970 2 2 2 1 1009 2783 3255
4971 2 2 2 1 2920 211 4386
4972 2 2 2 1 2157 1626 4282
4973 2 2 2 1 354 353 3434
4974 2 2 2 1 2872 1049 3489
4975 2 2 2 1 868 2220 4849
4976 2 2 2 1 2220 547 4850
4977 2 2 2 1 2704 365 5405
4978 2 2 2 1 2291 874 4631
4979 2 2 2 1 4162 1343 4877
4980 2 2 2 1 1329 2257 4041
4981 2 2 2 1 1394 2154 4109
4982 2 2 2 1 2298 697 5333
4983 2 2 2 1 2982 1341 3145
4984 2 2 2 1 580 2189 3725
4985 2 2 2 1 2201 863 4322
4986 2 2 2 1 2374 1254 3954
4987 2 2 2 1 2038 4059 4125
4988 2 2 2 1 543 2899 3570
4989 2 2 2 1 2251 615 5050
4990 2 2 2 1 2289 467 3701
4991 2 2 2 1 2214 885 4296
4992 2 2 2 1 3320 429 4970
4993 2 2 2 1 2296 1120 5318
4994 2 2 2 1 980 2824 4076
4995 2 2 2 1 1231 2289 3701
4996 2 2 2 1 2699 922 3736
4997 2 2 2 1 1401 2699 3736
4998 2 2 2 1 72 73 2928
4999 2 2 2 1 1947 3697 5206
5000 2 2 2 1 384 2236 4843
5001 2 2 2 1 2601 203 5461
5002 2 2 2 1 772 2165 3921
5003 2 2 2 1 4012 1792 4117
5004 2 2 2 1 722 2459 3891
5005 2 2 2 1 2931 1114 4318
5006 2 2 2 1 2153 1277 4942
5007 2 2 2 1 3168 112 3548
5008 2 2 2 1 2187 1011 3672
5009 2 2 2 1 2259 1003 3427
5010 2 2 2 1 924 2594 4939
5011 2 2 2 1 1873 3546 5006
5012 2 2 2 1 2315 850 3319
5013 2 2 2 1 2768 2103 4840
5014 2 2 2 1 2532 505 4960
5015 2 2 2 1 1491 2180 4523
5016 2 2 2 1 2261 465 5104
5017 2 2 2 1 1840 3686 4173
5018 2 2 2 1 2172 1266 4733
5019 2 2 2 1 4739 2181 5564
5020 2 2 2 1 812 4739 5564
5021 2 2 2 1 1004 2747 3990
5022 2 2 2 1 3634 2781 5493
5023 2 2 2 1 2349 720 3864
5024 2 2 2 1 4582 3058 5393
5025 2 2 2 1 1906 2404 3621
5026 2 2 2 1 3457 1510 3914
5027 2 2 2 1 1120 2309 5318
5028 2 2 2 1 2420 1104 3155
5029 2 2 2 1 2529 914 4884
5030 2 2 2 1 3729 647 4432
5031 2 2 2 1 2582 829 2998
5032 2 2 2 1 2060 2817 4141
5033 2 2 2 1 3529 1741 5002
5034 2 2 2 1 185 186 2766
5035 2 2 2 1 287 286 5409
5036 2 2 2 1 1678 2529 4884
5037 2 2 2 1 761 2539 5241
5038 2 2 2 1 1110 2583 2969
5039 2 2 2 1 3826 2106 4605
5040 2 2 2 1 2950 327 5350
5041 2 2 2 1 2935 1248 2944
5042 2 2 2 1 988 4395 5229
5043 2 2 2 1 4414 1522 4521
5044 2 2 2 1 366 2704 4780
5045 2 2 2 1 1104 2420 3143
5046 2 2 2 1 895 2322 3324
5047 2 2 2 1 138 139 2817
5048 2 2 2 1 1049 2390 3648
5049 2 2 2 1 583 2181 4102
5050 2 2 2 1 399 5256 5376
5051 2 2 2 1 1090 2349 5553
5052 2 2 2 1 2269 831 5016
5053 2 2 2 1 1626 3347 4282
5054 2 2 2 1 3145 3044 5585
5055 2 2 2 1 326 2954 5350
5056 2 2 2 1 414 2935 2944
5057 2 2 2 1 998 2569 2988
5058 2 2 2 1 880 2452 3123
5059 2 2 2 1 1602 2261 5104
5060 2 2 2 1 3532 3799 5376
5061 2 2 2 1 4823 1834 5135
5062 2 2 2 1 1973 4082 5505
5063 2 2 2 1 33 34 3906
5064 2 2 2 1 1420 3473 3856
5065 2 2 2 1 1307 2370 3902
5066 2 2 2 1 3246 2099 5186
5067 2 2 2 1 2524 1512 4349
5068 2 2 2 1 796 2524 4349
5069 2 2 2 1 168 169 3467
5070 2 2 2 1 1442 2790 3549
5071 2 2 2 1 2626 600 3201
5072 2 2 2 1 3735 4848 5192
5073 2 2 2 1 3037 813 5152
5074 2 2 2 1 1230 3069 4014
5075 2 2 2 1 2217 1209 3611
5076 2 2 2 1 2257 1329 5032
5077 2 2 2 1 1502 3372 4166
5078 2 2 2 1 2420 380 5488
5079 2 2 2 1 1607 2935 3860
5080 2 2 2 1 1433 3316 3712
5081 2 2 2 1 1349 2473 4235
5082 2 2 2 1 2404 609 3621
5083 2 2 2 1 2646 996 3751
5084 2 2 2 1 2189 1160 3725
5085 2 2 2 1 2184 490 4020
5086 2 2 2 1 1730 2534 3598
5087 2 2 2 1 2548 1090 4823
5088 2 2 2 1 3069 1647 4014
5089 2 2 2 1 2741 1319 3704
5090 2 2 2 1 1853 3403 4676
5091 2 2 2 1 2272 4032 5159
5092 2 2 2 1 957 2567 4095
5093 2 2 2 1 559 2171 5282
5094 2 2 2 1 1473 3612 4034
5095 2 2 2 1 688 2353 3286
5096 2 2 2 1 1259 2184 4020
5097 2 2 2 1 1015 2164 4160
5098 2 2 2 1 275 5 3464
5099 2 2 2 1 2395 491 3367
5100 2 2 2 1 2918 1586 3898
5101 2 2 2 1 678 2918 3898
5102 2 2 2 1 4032 1319 5159
5103 2 2 2 1 2935 414 3860
5104 2 2 2 1 2178 1348 5331
5105 2 2 2 1 866 2619 4680
5106 2 2 2 1 237 2495 4603
5107 2 2 2 1 3125 1179 3257
5108 2 2 2 1 3735 1652 4848
5109 2 2 2 1 2689 1030 5004
5110 2 2 2 1 848 2174 4119
5111 2 2 2 1 1365 2582 2998
5112 2 2 2 1 1468 2630 4261
5113 2 2 2 1 544 2808 5163
5114 2 2 2 1 1646 2485 4114
5115 2 2 2 1 997 3014 3991
5116 2 2 2 1 3534 1210 5019
5117 2 2 2 1 2191 1696 5559
5118 2 2 2 1 2381 239 3664
5119 2 2 2 1 1895 3539 4743
5120 2 2 2 1 369 2271 3463
5121 2 2 2 1 2632 604 4001
5122 2 2 2 1 2507 963 4920
5123 2 2 2 1 2567 1440 4095
5124 2 2 2 1 1127 3122 3291
5125 2 2 2 1 1743 3652 5519
5126 2 2 2 1 876 2248 3538
5127 2 2 2 1 4471 1827 4772
5128 2 2 2 1 644 3137 3551
5129 2 2 2 1 302 2329 4580
5130 2 2 2 1 2264 1525 4872
5131 2 2 2 1 823 2264 4872
5132 2 2 2 1 2967 1078 3130
5133 2 2 2 1 1075 2265 3468
5134 2 2 2 1 2382 604 4177
5135 2 2 2 1 2185 1259 3822
5136 2 2 2 1 868 2319 5165
5137 2 2 2 1 2934 923 3882
5138 2 2 2 1 585 2478 3311
5139 2 2 2 1 1037 2562 3017
5140 2 2 2 1 1348 2178 5225
5141 2 2 2 1 2846 1364 3306
5142 2 2 2 1 2536 1210 4605
5143 2 2 2 1 654 2255 3544
5144 2 2 2 1 2274 193 4229
5145 2 2 2 1 473 3813 5069
5146 2 2 2 1 2943 2110 4612
5147 2 2 2 1 1285 2846 3306
5148 2 2 2 1 2601 1815 3280
5149 2 2 2 1 2486 891 3614
5150 2 2 2 1 2204 1186 4565
5151 2 2 2 1 1278 2486 3614
5152 2 2 2 1 396 2238 4405
5153 2 2 2 1 1595 2522 4837
5154 2 2 2 1 1592 3577 4581
5155 2 2 2 1 2352 585 3311
5156 2 2 2 1 558 2389 3236
5157 2 2 2 1 1209 2217 3794
5158 2 2 2 1 2217 906 3794
5159 2 2 2 1 1528 2893 4745
5160 2 2 2 1 1124 3246 5186
5161 2 2 2 1 2457 1149 3632
5162 2 2 2 1 2539 761 4440
5163 2 2 2 1 1545 2539 4440
5164 2 2 2 1 1901 3679 5394
5165 2 2 2 1 2187 1326 3855
5166 2 2 2 1 1028 2788 2889
5167 2 2 2 1 2790 668 3549
5168 2 2 2 1 1165 4990 5022
5169 2 2 2 1 1156 3463 5134
5170 2 2 2 1 689 2741 2912
5171 2 2 2 1 1381 2382 4177
5172 2 2 2 1 3282 862 5035
5173 2 2 2 1 1911 3379 4545
5174 2 2 2 1 191 192 2834
5175 2 2 2 1 2693 1105 5508
5176 2 2 2 1 2313 382 5272
5177 2 2 2 1 2399 520 3240
5178 2 2 2 1 3463 2271 5134
5179 2 2 2 1 4210 2295 5471
5180 2 2 2 1 1210 3826 4605
5181 2 2 2 1 3110 1605 3823
5182 2 2 2 1 1347 3110 3823
5183 2 2 2 1 1432 2289 4689
5184 2 2 2 1 2216 993 4566
5185 2 2 2 1 1128 4790 4852
5186 2 2 2 1 1137 2442 3219
5187 2 2 2 1 2442 838 3219
5188 2 2 2 1 5204 2929 5369
5189 2 2 2 1 1210 2205 3826
5190 2 2 2 1 675 2324 5364
5191 2 2 2 1 709 2434 3553
5192 2 2 2 1 1867 3097 5399
5193 2 2 2 1 1070 2720 5232
5194 2 2 2 1 3053 717 4164
5195 2 2 2 1 71 72 4880
5196 2 2 2 1 2347 37 3339
5197 2 2 2 1 2339 1501 3362
5198 2 2 2 1 1383 3055 3389
5199 2 2 2 1 2664 13 4382
5200 2 2 2 1 765 4646 5367
5201 2 2 2 1 1095 3177 5228
5202 2 2 2 1 1196 2402 3905
5203 2 2 2 1 2510 1083 4171
5204 2 2 2 1 1132 2261 3849
5205 2 2 2 1 3261 1165 5022
5206 2 2 2 1 2279 879 3479
5207 2 2 2 1 2882 42 4435
5208 2 2 2 1 1168 2225 4110
5209 2 2 2 1 1082 2248 4881
5210 2 2 2 1 2299 402 3972
5211 2 2 2 1 2803 1153 2890
5212 2 2 2 1 1259 2185 3933
5213 2 2 2 1 653 2957 5391
5214 2 2 2 1 48 49 2866
5215 2 2 2 1 2304 447 5184
5216 2 2 2 1 1075 3468 3783
5217 2 2 2 1 2564 1830 5425
5218 2 2 2 1 1062 2249 4929
5219 2 2 2 1 595 2326 4053
5220 2 2 2 1 810 2564 5425
5221 2 2 2 1 2749 293 4104
5222 2 2 2 1 3287 484 3778
5223 2 2 2 1 2786 1016 3615
5224 2 2 2 1 2800 2310 4433
5225 2 2 2 1 409 2964 3696
5226 2 2 2 1 1463 2233 3665
5227 2 2 2 1 1248 2432 3594
5228 2 2 2 1 1180 3700 4730
5229 2 2 2 1 1423 2350 4409
5230 2 2 2 1 2350 872 4409
5231 2 2 2 1 482 2263 4396
5232 2 2 2 1 1163 2890 2982
5233 2 2 2 1 1047 3102 4495
5234 2 2 2 1 2309 863 4010
5235 2 2 2 1 490 2184 4234
5236 2 2 2 1 1525 2264 4994
5237 2 2 2 1 2964 1495 3696
5238 2 2 2 1 1696 2191 5088
5239 2 2 2 1 2561 1520 4653
5240 2 2 2 1 2505 854 5548
5241 2 2 2 1 1186 2280 3519
5242 2 2 2 1 2759 1096 3737
5243 2 2 2 1 166 2406 4261
5244 2 2 2 1 3878 653 5391
5245 2 2 2 1 2432 701 3594
5246 2 2 2 1 4517 2424 5420
5247 2 2 2 1 2280 1344 4563
5248 2 2 2 1 510 2218 4619
5249 2 2 2 1 5013 779 5136
5250 2 2 2 1 4570 2013 5301
5251 2 2 2 1 2333 634 3383
5252 2 2 2 1 3328 1121 4238
5253 2 2 2 1 2636 1224 3847
5254 2 2 2 1 992 2683 4201
5255 2 2 2 1 2472 882 3618
5256 2 2 2 1 1271 2472 3618
5257 2 2 2 1 4515 849 5444
5258 2 2 2 1 2362 684 3330
5259 2 2 2 1 1021 2571 4763
5260 2 2 2 1 998 2762 3116
5261 2 2 2 1 2312 557 5257
5262 2 2 2 1 2736 700 4871
5263 2 2 2 1 34 2725 3906
5264 2 2 2 1 886 2312 5259
5265 2 2 2 1 1589 4062 4727
5266 2 2 2 1 2323 1119 4593
5267 2 2 2 1 2717 1448 3834
5268 2 2 2 1 309 308 3302
5269 2 2 2 1 2543 1236 3595
5270 2 2 2 1 3734 1956 4816
5271 2 2 2 1 1326 2187 5370
5272 2 2 2 1 3642 1207 5154
5273 2 2 2 1 1094 2474 4403
5274 2 2 2 1 2771 1281 4354
5275 2 2 2 1 2262 46 5180
5276 2 2 2 1 1376 2334 4309
5277 2 2 2 1 188 2385 4484
5278 2 2 2 1 2202 941 3916
5279 2 2 2 1 2271 948 5134
5280 2 2 2 1 1600 4780 5065
5281 2 2 2 1 2264 823 3588
5282 2 2 2 1 300 2379 5326
5283 2 2 2 1 896 4507 5514
5284 2 2 2 1 864 2211 3915
5285 2 2 2 1 2650 404 3212
5286 2 2 2 1 819 2228 4271
5287 2 2 2 1 66 67 4864
5288 2 2 2 1 2508 3421 5209
5289 2 2 2 1 2527 1568 3885
5290 2 2 2 1 821 2219 3810
5291 2 2 2 1 2949 741 4673
5292 2 2 2 1 3721 1988 4215
5293 2 2 2 1 3379 764 4545
5294 2 2 2 1 1321 3721 4215
5295 2 2 2 1 583 2588 5168
5296 2 2 2 1 304 303 3011
5297 2 2 2 1 552 2192 4883
5298 2 2 2 1 2394 1381 4221
5299 2 2 2 1 2717 926 4708
5300 2 2 2 1 425 2774 4795
5301 2 2 2 1 1747 4287 4647
5302 2 2 2 1 3748 1677 5122
5303 2 2 2 1 2334 603 4309
5304 2 2 2 1 2203 800 4426
5305 2 2 2 1 1791 2354 5458
5306 2 2 2 1 802 4614 4935
5307 2 2 2 1 2774 1753 4795
5308 2 2 2 1 548 2793 4821
5309 2 2 2 1 898 2579 4741
5310 2 2 2 1 1092 2337 3417
5311 2 2 2 1 1808 2484 3835
5312 2 2 2 1 926 2717 3834
5313 2 2 2 1 472 2752 4537
5314 2 2 2 1 3000 5277 5519
5315 2 2 2 1 2751 1652 2965
5316 2 2 2 1 2477 608 3173
5317 2 2 2 1 1769 2372 5589
5318 2 2 2 1 528 2364 3358
5319 2 2 2 1 2650 970 3254
5320 2 2 2 1 294 2749 4508
5321 2 2 2 1 1268 2213 3891
5322 2 2 2 1 2179 156 4766
5323 2 2 2 1 3900 1668 5078
5324 2 2 2 1 215 216 3954
5325 2 2 2 1 1053 2715 5224
5326 2 2 2 1 2674 511 3981
5327 2 2 2 1 1221 2650 3254
5328 2 2 2 1 1013 2856 3553
5329 2 2 2 1 3628 1429 4596
5330 2 2 2 1 1368 3125 3257
5331 2 2 2 1 2340 1128 4852
5332 2 2 2 1 2376 1209 3699
5333 2 2 2 1 492 2394 4221
5334 2 2 2 1 2121 3628 4596
5335 2 2 2 1 3496 1854 4176
5336 2 2 2 1 98 2208 3935
5337 2 2 2 1 2446 548 3223
5338 2 2 2 1 4294 1448 4639
5339 2 2 2 1 1706 2929 5204
5340 2 2 2 1 748 3496 4176
5341 2 2 2 1 1172 2216 4901
5342 2 2 2 1 885 2214 3988
5343 2 2 2 1 1777 3025 3147
5344 2 2 2 1 841 3065 4105
5345 2 2 2 1 505 2532 5139
5346 2 2 2 1 1565 4342 4969
5347 2 2 2 1 897 2296 4900
5348 2 2 2 1 2200 1395 5523
5349 2 2 2 1 2822 1933 5577
5350 2 2 2 1 1418 4396 4546
5351 2 2 2 1 1152 2369 4134
5352 2 2 2 1 2209 1247 4370
5353 2 2 2 1 2623 1226 3643
5354 2 2 2 1 1469 2566 4644
5355 2 2 2 1 2214 1245 3988
5356 2 2 2 1 2426 1714 4564
5357 2 2 2 1 1247 2209 4240
5358 2 2 2 1 756 2940 5186
5359 2 2 2 1 2614 1012 3407
5360 2 2 2 1 874 2239 4631
5361 2 2 2 1 647 3086 4432
5362 2 2 2 1 2575 857 4549
5363 2 2 2 1 1071 3022 5227
5364 2 2 2 1 1403 2981 3453
5365 2 2 2 1 2981 704 3453
5366 2 2 2 1 2464 733 3211
5367 2 2 2 1 874 2236 4989
5368 2 2 2 1 552 2294 3992
5369 2 2 2 1 3219 1408 3244
5370 2 2 2 1 1137 3219 3244
5371 2 2 2 1 2600 1373 3331
5372 2 2 2 1 2239 1206 4631
5373 2 2 2 1 2379 300 3402
5374 2 2 2 1 869 2397 3780
5375 2 2 2 1 2230 503 4588
5376 2 2 2 1 2336 1385 3436
5377 2 2 2 1 2679 456 3457
5378 2 2 2 1 2495 1541 4603
5379 2 2 2 1 2213 1268 5189
5380 2 2 2 1 500 3606 3809
5381 2 2 2 1 468 3284 5417
5382 2 2 2 1 3073 1800 4746
5383 2 2 2 1 2681 3837 5138
5384 2 2 2 1 2209 809 4240
5385 2 2 2 1 2657 3677 5111
5386 2 2 2 1 3963 1438 4772
5387 2 2 2 1 445 2337 3931
5388 2 2 2 1 2337 1280 3931
5389 2 2 2 1 1014 2483 3198
5390 2 2 2 1 1008 2812 2938
5391 2 2 2 1 1815 2601 5461
5392 2 2 2 1 2878 2287 5339
5393 2 2 2 1 479 2196 4036
5394 2 2 2 1 966 2841 3458
5395 2 2 2 1 1057 2751 2965
5396 2 2 2 1 2587 4155 5423
5397 2 2 2 1 2370 1307 3955
5398 2 2 2 1 1010 2370 3955
5399 2 2 2 1 1748 2397 5558
5400 2 2 2 1 2261 1132 3730
5401 2 2 2 1 2964 1518 4211
5402 2 2 2 1 2841 1497 3458
5403 2 2 2 1 1404 2292 3550
5404 2 2 2 1 1142 3039 4055
5405 2 2 2 1 5 2335 3464
5406 2 2 2 1 1344 2765 5111
5407 2 2 2 1 1604 2631 4861
5408 2 2 2 1 4138 1478 4723
5409 2 2 2 1 486 3296 4671
5410 2 2 2 1 4295 725 5329
5411 2 2 2 1 634 2333 3471
5412 2 2 2 1 2481 606 4200
5413 2 2 2 1 929 2347 5298
5414 2 2 2 1 2460 986 5074
5415 2 2 2 1 3449 656 4469
5416 2 2 2 1 475 2247 4678
5417 2 2 2 1 2243 1451 4980
5418 2 2 2 1 2392 1082 3342
5419 2 2 2 1 2397 869 5558
5420 2 2 2 1 2206 578 3929
5421 2 2 2 1 2247 866 4680
5422 2 2 2 1 2718 1103 4404
5423 2 2 2 1 4074 66 4864
5424 2 2 2 1 1720 3070 4160
5425 2 2 2 1 320 319 3721
5426 2 2 2 1 1971 2807 4440
5427 2 2 2 1 2807 1545 4440
5428 2 2 2 1 201 2743 4225
5429 2 2 2 1 2586 455 3102
5430 2 2 2 1 2358 1811 5515
5431 2 2 2 1 2989 1915 4522
5432 2 2 2 1 943 2816 4903
5433 2 2 2 1 1112 2622 3729
5434 2 2 2 1 2269 564 5157
5435 2 2 2 1 2214 541 4069
5436 2 2 2 1 2369 1152 3450
5437 2 2 2 1 644 2948 4170
5438 2 2 2 1 2373 834 5529
5439 2 2 2 1 3313 2587 5130
5440 2 2 2 1 3012 410 3508
5441 2 2 2 1 2330 3629 5056
5442 2 2 2 1 2582 1365 4179
5443 2 2 2 1 2869 3925 5245
5444 2 2 2 1 4257 1825 5163
5445 2 2 2 1 3865 1757 4073
5446 2 2 2 1 1252 4615 4814
5447 2 2 2 1 2371 865 4934
5448 2 2 2 1 2692 875 4158
5449 2 2 2 1 742 2241 3854
5450 2 2 2 1 5227 3022 5465
5451 2 2 2 1 416 2654 3868
5452 2 2 2 1 1484 2695 3888
5453 2 2 2 1 1563 3274 3843
5454 2 2 2 1 3345 1281 4189
5455 2 2 2 1 1153 2391 5576
5456 2 2 2 1 2024 3271 4237
5457 2 2 2 1 1115 2485 4988
5458 2 2 2 1 2582 4179 5109
5459 2 2 2 1 409 2369 3450
5460 2 2 2 1 3328 4238 5457
5461 2 2 2 1 2225 1168 4068
5462 2 2 2 1 14 2444 4382
5463 2 2 2 1 2812 1707 2938
5464 2 2 2 1 2224 1583 4350
5465 2 2 2 1 2485 1646 4988
5466 2 2 2 1 659 3133 3333
5467 2 2 2 1 1155 2302 3970
5468 2 2 2 1 3185 610 3589
5469 2 2 2 1 2826 1737 3772
5470 2 2 2 1 3700 2057 4730
5471 2 2 2 1 3133 1406 3333
5472 2 2 2 1 18 19 3611
5473 2 2 2 1 2302 1155 4541
5474 2 2 2 1 550 2232 4360
5475 2 2 2 1 3647 648 4584
5476 2 2 2 1 88 89 3078
5477 2 2 2 1 1186 2267 4565
5478 2 2 2 1 684 2612 4393
5479 2 2 2 1 779 2698 5136
5480 2 2 2 1 2234 1610 5058
5481 2 2 2 1 1414 2661 3223
5482 2 2 2 1 2291 1206 3600
5483 2 2 2 1 491 3075 4380
5484 2 2 2 1 1407 3026 3327
5485 2 2 2 1 2319 1123 5165
5486 2 2 2 1 420 3671 4666
5487 2 2 2 1 3670 785 4650
5488 2 2 2 1 1072 2436 3348
5489 2 2 2 1 1544 2330 4913
5490 2 2 2 1 2330 968 4913
5491 2 2 2 1 1526 3185 3589
5492 2 2 2 1 1835 3973 5194
5493 2 2 2 1 1016 2545 3165
5494 2 2 2 1 1715 3707 4832
5495 2 2 2 1 2757 1035 2986
5496 2 2 2 1 1493 2598 3193
5497 2 2 2 1 2111 3647 4584
5498 2 2 2 1 1438 3071 4772
5499 2 2 2 1 599 2711 3166
5500 2 2 2 1 1061 2353 5358
5501 2 2 2 1 2612 1539 4393
5502 2 2 2 1 3070 1015 4160
5503 2 2 2 1 2598 914 3193
5504 2 2 2 1 1265 3243 3477
5505 2 2 2 1 2123 3051 5530
5506 2 2 2 1 3051 562 5530
5507 2 2 2 1 1618 2773 3745
5508 2 2 2 1 2773 820 3745
5509 2 2 2 1 2247 1076 4557
5510 2 2 2 1 4469 656 4594
5511 2 2 2 1 405 3427 4109
5512 2 2 2 1 1300 2230 4588
5513 2 2 2 1 538 2593 4004
5514 2 2 2 1 1138 2402 3500
5515 2 2 2 1 3387 473 3851
5516 2 2 2 1 2711 1202 3166
5517 2 2 2 1 1732 2907 4890
5518 2 2 2 1 1711 3023 4900
5519 2 2 2 1 2267 677 3804
5520 2 2 2 1 1686 2770 3141
5521 2 2 2 1 4590 3253 5066
5522 2 2 2 1 397 2258 4051
5523 2 2 2 1 786 2260 4098
5524 2 2 2 1 2365 1887 5053
5525 2 2 2 1 1274 3340 4173
5526 2 2 2 1 1645 3002 3112
5527 2 2 2 1 445 2401 3488
5528 2 2 2 1 2401 1174 3488
5529 2 2 2 1 2880 1647 3939
5530 2 2 2 1 3247 1884 4716
5531 2 2 2 1 1074 2613 3210
5532 2 2 2 1 3133 1115 3136
5533 2 2 2 1 2386 979 5518
5534 2 2 2 1 723 3584 4980
5535 2 2 2 1 1135 2576 5087
5536 2 2 2 1 3584 2243 4980
5537 2 2 2 1 2873 1164 3117
5538 2 2 2 1 1406 3133 3136
5539 2 2 2 1 2836 992 4201
5540 2 2 2 1 2491 988 3264
5541 2 2 2 1 2054 3384 4731
5542 2 2 2 1 3207 569 4824
5543 2 2 2 1 2353 3660 5358
5544 2 2 2 1 1451 3075 3551
5545 2 2 2 1 2714 689 3561
5546 2 2 2 1 4093 68 4287
5547 2 2 2 1 176 3121 4941
5548 2 2 2 1 176 177 3121
5549 2 2 2 1 2329 1238 4580
5550 2 2 2 1 948 2341 5134
5551 2 2 2 1 2514 286 3251
5552 2 2 2 1 4102 2209 4370
5553 2 2 2 1 2290 1351 3703
5554 2 2 2 1 1161 2290 3874
5555 2 2 2 1 2243 1539 4380
5556 2 2 2 1 3075 1309 3551
5557 2 2 2 1 1629 4622 4825
5558 2 2 2 1 239 2381 5400
5559 2 2 2 1 1254 2374 3805
5560 2 2 2 1 2374 940 3805
5561 2 2 2 1 946 2336 5275
5562 2 2 2 1 2668 3752 5583
5563 2 2 2 1 819 2880 3939
5564 2 2 2 1 140 2290 3703
5565 2 2 2 1 566 2713 4976
5566 2 2 2 1 3000 1063 5277
5567 2 2 2 1 583 4102 4370
5568 2 2 2 1 2759 1615 3085
5569 2 2 2 1 1674 2640 4172
5570 2 2 2 1 2770 629 3141
5571 2 2 2 1 1204 2482 4098
5572 2 2 2 1 2904 1464 3784
5573 2 2 2 1 773 3503 5057
5574 2 2 2 1 2498 1870 3533
5575 2 2 2 1 2244 841 4105
5576 2 2 2 1 627 2904 3784
5577 2 2 2 1 2911 1188 3578
5578 2 2 2 1 398 2283 5426
5579 2 2 2 1 444 2687 3511
5580 2 2 2 1 4223 1831 5372
5581 2 2 2 1 2113 4057 5466
5582 2 2 2 1 189 190 3180
5583 2 2 2 1 1319 2498 3533
5584 2 2 2 1 1142 2514 3251
5585 2 2 2 1 3026 1148 4138
5586 2 2 2 1 1744 2666 5410
5587 2 2 2 1 3014 1543 3991
5588 2 2 2 1 1237 2630 3128
5589 2 2 2 1 2654 1027 3868
5590 2 2 2 1 234 2673 4513
5591 2 2 2 1 411 3392 3936
5592 2 2 2 1 401 2319 4586
5593 2 2 2 1 2241 1588 4187
5594 2 2 2 1 4489 756 5186
5595 2 2 2 1 841 2244 4182
5596 2 2 2 1 1698 2549 5421
5597 2 2 2 1 2474 1459 3423
5598 2 2 2 1 1669 3640 5473
5599 2 2 2 1 2160 3320 4110
5600 2 2 2 1 1349 3369 3593
5601 2 2 2 1 2900 2595 5236
5602 2 2 2 1 2379 856 4869
5603 2 2 2 1 438 2343 3571
5604 2 2 2 1 1096 2759 3085
5605 2 2 2 1 2173 4358 5485
5606 2 2 2 1 610 3325 3589
5607 2 2 2 1 1020 2465 4607
5608 2 2 2 1 3045 548 4821
5609 2 2 2 1 4508 2749 4893
5610 2 2 2 1 509 2452 4675
5611 2 2 2 1 1122 2599 3696
5612 2 2 2 1 3403 1103 4676
5613 2 2 2 1 1666 2364 5388
5614 2 2 2 1 2630 1468 3128
5615 2 2 2 1 1319 3533 3704
5616 2 2 2 1 3114 1584 3291
5617 2 2 2 1 538 3114 3291
5618 2 2 2 1 685 2249 4356
5619 2 2 2 1 983 2245 5236
5620 2 2 2 1 1416 2888 3460
5621 2 2 2 1 3293 1333 5282
5622 2 2 2 1 1550 2379 4869
5623 2 2 2 1 3587 1961 5333
5624 2 2 2 1 2740 1397 3806
5625 2 2 2 1 1331 2544 4003
5626 2 2 2 1 2952 2014 3363
5627 2 2 2 1 4745 2893 5285
5628 2 2 2 1 2364 528 5388
5629 2 2 2 1 235 2252 4483
5630 2 2 2 1 2171 3293 5282
5631 2 2 2 1 973 2256 4124
5632 2 2 2 1 1111 2758 3539
5633 2 2 2 1 2344 2959 5496
5634 2 2 2 1 2415 1955 4029
5635 2 2 2 1 737 2415 4029
5636 2 2 2 1 682 2740 3806
5637 2 2 2 1 2282 1206 3740
5638 2 2 2 1 2720 4364 5232
5639 2 2 2 1 2591 1041 3222
5640 2 2 2 1 3849 825 5528
5641 2 2 2 1 2415 737 3568
5642 2 2 2 1 1203 2415 3568
5643 2 2 2 1 1502 4166 5475
5644 2 2 2 1 2337 1092 5179
5645 2 2 2 1 3687 2055 4882
5646 2 2 2 1 3067 1161 3964
5647 2 2 2 1 872 2350 3564
5648 2 2 2 1 1339 3108 3998
5649 2 2 2 1 3337 5317 5527
5650 2 2 2 1 1161 2810 5303
5651 2 2 2 1 2300 886 5147
5652 2 2 2 1 118 2504 4132
5653 2 2 2 1 735 2562 4012
5654 2 2 2 1 370 2584 5243
5655 2 2 2 1 1479 2689 5464
5656 2 2 2 1 4344 2273 4891
5657 2 2 2 1 1526 2688 3554
5658 2 2 2 1 578 2822 5577
5659 2 2 2 1 1516 2664 4382
5660 2 2 2 1 3374 840 3517
5661 2 2 2 1 1559 3374 3517
5662 2 2 2 1 4802 1062 5541
5663 2 2 2 1 3278 1358 3909
5664 2 2 2 1 2946 1021 4763
5665 2 2 2 1 2563 764 4421
5666 2 2 2 1 1793 2946 4763
5667 2 2 2 1 818 3869 4123
5668 2 2 2 1 3869 1979 4123
5669 2 2 2 1 3303 390 4022
5670 2 2 2 1 3517 2167 4752
5671 2 2 2 1 992 2357 5283
5672 2 2 2 1 1919 2553 3916
5673 2 2 2 1 1430 3105 3377
5674 2 2 2 1 3434 353 5455
5675 2 2 2 1 2547 663 3238
5676 2 2 2 1 2735 966 3458
5677 2 2 2 1 2254 1426 4278
5678 2 2 2 1 893 2287 4973
5679 2 2 2 1 1446 2414 4506
5680 2 2 2 1 4702 2158 5541
5681 2 2 2 1 3487 590 4794
5682 2 2 2 1 2493 511 4019
5683 2 2 2 1 2315 1540 5012
5684 2 2 2 1 2336 666 4378
5685 2 2 2 1 1295 2735 3458
5686 2 2 2 1 652 3220 3717
5687 2 2 2 1 4122 2107 5322
5688 2 2 2 1 1263 3096 3950
5689 2 2 2 1 2236 2291 4843
5690 2 2 2 1 2232 2884 4338
5691 2 2 2 1 1274 2367 5169
5692 2 2 2 1 1036 2364 5338
5693 2 2 2 1 1675 2317 3706
5694 2 2 2 1 1223 2279 4313
5695 2 2 2 1 1072 3348 4614
5696 2 2 2 1 2571 1121 3953
5697 2 2 2 1 2414 631 4506
5698 2 2 2 1 2257 690 4395
5699 2 2 2 1 1581 2538 4896
5700 2 2 2 1 2069 3487 4794
5701 2 2 2 1 2468 1556 4977
5702 2 2 2 1 2895 1480 4679
5703 2 2 2 1 1794 2517 3576
5704 2 2 2 1 2304 994 4329
5705 2 2 2 1 692 2870 4498
5706 2 2 2 1 2342 1318 4690
5707 2 2 2 1 2286 871 4756
5708 2 2 2 1 2260 1204 4098
5709 2 2 2 1 585 2352 5234
5710 2 2 2 1 2367 85 5169
5711 2 2 2 1 1039 3747 5485
5712 2 2 2 1 626 2966 3559
5713 2 2 2 1 2443 92 3560
5714 2 2 2 1 1385 2336 4378
5715 2 2 2 1 690 2257 5032
5716 2 2 2 1 928 2320 5023
5717 2 2 2 1 2628 1069 3187
5718 2 2 2 1 2738 2104 4200
5719 2 2 2 1 3337 1143 5317
5720 2 2 2 1 3119 1005 4807
5721 2 2 2 1 1872 3880 4819
5722 2 2 2 1 2517 682 3576
5723 2 2 2 1 945 3546 5046
5724 2 2 2 1 2684 1478 4490
5725 2 2 2 1 3752 676 5583
5726 2 2 2 1 1834 2945 5135
5727 2 2 2 1 686 2431 5494
5728 2 2 2 1 2380 1370 4268
5729 2 2 2 1 2890 620 2982
5730 2 2 2 1 265 266 2960
5731 2 2 2 1 2513 1709 5246
5732 2 2 2 1 3354 1272 3944
5733 2 2 2 1 1001 4067 5525
5734 2 2 2 1 3650 2028 5057
5735 2 2 2 1 1754 2667 5389
5736 2 2 2 1 2263 1310 4224
5737 2 2 2 1 3859 1381 4177
5738 2 2 2 1 1997 4567 5089
5739 2 2 2 1 2078 3265 3849
5740 2 2 2 1 3384 1548 4731
5741 2 2 2 1 2260 1353 4718
5742 2 2 2 1 1185 3134 3564
5743 2 2 2 1 2365 1517 4827
5744 2 2 2 1 881 2365 4827
5745 2 2 2 1 2349 1053 5200
5746 2 2 2 1 890 2513 5246
5747 2 2 2 1 1609 2262 5180
5748 2 2 2 1 550 2380 4268
5749 2 2 2 1 2457 474 4180
5750 2 2 2 1 1684 3021 4337
5751 2 2 2 1 831 2269 4198
5752 2 2 2 1 248 249 3307
5753 2 2 2 1 3132 557 4529
5754 2 2 2 1 3469 2689 5004
5755 2 2 2 1 1306 3716 5010
5756 2 2 2 1 78 2365 5053
5757 2 2 2 1 1347 2316 3775
5758 2 2 2 1 2412 680 3473
5759 2 2 2 1 1206 2291 4631
5760 2 2 2 1 2689 592 3138
5761 2 2 2 1 1289 3459 3460
5762 2 2 2 1 2428 1290 3479
5763 2 2 2 1 879 2428 3479
5764 2 2 2 1 953 2844 4461
5765 2 2 2 1 3348 1898 4614
5766 2 2 2 1 2683 515 4201
5767 2 2 2 1 2402 686 3500
5768 2 2 2 1 2968 1490 5454
5769 2 2 2 1 2562 1037 4012
5770 2 2 2 1 671 3126 4384
5771 2 2 2 1 3126 1745 4384
5772 2 2 2 1 1464 2904 3853
5773 2 2 2 1 1340 2557 4225
5774 2 2 2 1 2728 1724 3245
5775 2 2 2 1 666 2336 3731
5776 2 2 2 1 3150 1763 5187
5777 2 2 2 1 5017 3161 5450
5778 2 2 2 1 451 2585 3436
5779 2 2 2 1 2608 569 3207
5780 2 2 2 1 801 2471 3380
5781 2 2 2 1 1189 3256 4387
5782 2 2 2 1 2910 344 5244
5783 2 2 2 1 2403 572 5556
5784 2 2 2 1 328 327 2950
5785 2 2 2 1 2599 1122 3220
5786 2 2 2 1 2732 640 4359
5787 2 2 2 1 1504 2637 3639
5788 2 2 2 1 2955 2316 4466
5789 2 2 2 1 4382 2444 5497
5790 2 2 2 1 1698 2550 3759
5791 2 2 2 1 2550 1507 3759
5792 2 2 2 1 2973 1443 3591
5793 2 2 2 1 3024 1451 3137
5794 2 2 2 1 3628 2121 5091
5795 2 2 2 1 562 2398 3526
5796 2 2 2 1 1238 2329 3762
5797 2 2 2 1 463 3257 4045
5798 2 2 2 1 2289 833 4689
5799 2 2 2 1 1063 3000 3927
5800 2 2 2 1 906 2566 5059
5801 2 2 2 1 386 385 3600
5802 2 2 2 1 898 2284 4628
5803 2 2 2 1 3260 1292 3997
5804 2 2 2 1 689 2272 5159
5805 2 2 2 1 326 325 2954
5806 2 2 2 1 2307 1305 3870
5807 2 2 2 1 1594 2532 4960
5808 2 2 2 1 2833 2505 5548
5809 2 2 2 1 2292 1072 4614
5810 2 2 2 1 1022 2297 4758
5811 2 2 2 1 1266 2303 5276
5812 2 2 2 1 3308 1580 4735
5813 2 2 2 1 1941 3308 4735
5814 2 2 2 1 548 2446 4500
5815 2 2 2 1 1541 2495 3895
5816 2 2 2 1 2495 1018 3895
5817 2 2 2 1 396 2351 3681
5818 2 2 2 1 2478 1427 3689
5819 2 2 2 1 679 2295 3932
5820 2 2 2 1 880 2308 5164
5821 2 2 2 1 2287 1310 4222
5822 2 2 2 1 4790 2083 4852
5823 2 2 2 1 641 2973 3591
5824 2 2 2 1 1282 2521 4108
5825 2 2 2 1 2449 354 3434
5826 2 2 2 1 85 2367 4071
5827 2 2 2 1 358 2410 3603
5828 2 2 2 1 2550 1215 4469
5829 2 2 2 1 1507 2550 4469
5830 2 2 2 1 3486 1708 4649
5831 2 2 2 1 3940 1535 4137
5832 2 2 2 1 2664 1516 3292
5833 2 2 2 1 2276 850 4475
5834 2 2 2 1 1492 3297 3474
5835 2 2 2 1 1811 2588 5515
5836 2 2 2 1 1908 3444 4459
5837 2 2 2 1 3444 1439 4459
5838 2 2 2 1 1789 3293 5228
5839 2 2 2 1 2588 583 5515
5840 2 2 2 1 3297 1222 3474
5841 2 2 2 1 2444 15 3438
5842 2 2 2 1 4009 729 5343
5843 2 2 2 1 607 2302 4331
5844 2 2 2 1 2397 1748 5467
5845 2 2 2 1 1684 4337 4770
5846 2 2 2 1 2542 359 3603
5847 2 2 2 1 1846 2478 3689
5848 2 2 2 1 1190 2313 4198
5849 2 2 2 1 2354 1243 3945
5850 2 2 2 1 200 201 4225
5851 2 2 2 1 769 3788 5045
5852 2 2 2 1 2352 1195 5234
5853 2 2 2 1 514 2355 5174
5854 2 2 2 1 1836 2820 4318
5855 2 2 2 1 3006 1126 3217
5856 2 2 2 1 1332 2971 2985
5857 2 2 2 1 1120 2299 3972
5858 2 2 2 1 4881 876 5578
5859 2 2 2 1 2297 449 4184
5860 2 2 2 1 3570 984 5302
5861 2 2 2 1 1288 3094 3366
5862 2 2 2 1 346 2497 4551
5863 2 2 2 1 126 127 5039
5864 2 2 2 1 702 3640 5120
5865 2 2 2 1 2302 607 3970
5866 2 2 2 1 560 3312 3445
5867 2 2 2 1 2811 1391 3170
5868 2 2 2 1 709 3899 4514
5869 2 2 2 1 3998 2092 4293
5870 2 2 2 1 1339 3998 4293
5871 2 2 2 1 3392 1631 3936
5872 2 2 2 1 2706 1146 3480
5873 2 2 2 1 3312 1540 3445
5874 2 2 2 1 1354 3798 4167
5875 2 2 2 1 931 2450 3447
5876 2 2 2 1 2451 1038 5314
5877 2 2 2 1 2855 1462 3920
5878 2 2 2 1 1483 4209 4322
5879 2 2 2 1 3185 1526 3530
5880 2 2 2 1 1202 3130 3166
5881 2 2 2 1 657 2855 3920
5882 2 2 2 1 950 2403 3557
5883 2 2 2 1 2318 8 3909
5884 2 2 2 1 727 3687 4882
5885 2 2 2 1 3449 1889 5196
5886 2 2 2 1 995 2671 5296
5887 2 2 2 1 2671 1782 5296
5888 2 2 2 1 353 2600 5455
5889 2 2 2 1 197 198 3539
5890 2 2 2 1 1661 2459 3809
5891 2 2 2 1 1640 2281 4400
5892 2 2 2 1 1215 2550 3607
5893 2 2 2 1 2291 385 4843
5894 2 2 2 1 734 3454 4257
5895 2 2 2 1 2457 1383 4244
5896 2 2 2 1 474 2457 4244
5897 2 2 2 1 427 2368 4327
5898 2 2 2 1 539 3056 4609
5899 2 2 2 1 986 2295 4210
5900 2 2 2 1 1378 4135 4155
5901 2 2 2 1 2793 958 5354
5902 2 2 2 1 1865 2793 5354
5903 2 2 2 1 3787 758 4662
5904 2 2 2 1 1817 3164 4244
5905 2 2 2 1 2338 907 3797
5906 2 2 2 1 2850 1179 3125
5907 2 2 2 1 2450 2011 4695
5908 2 2 2 1 2353 688 5038
5909 2 2 2 1 1551 2353 5038
5910 2 2 2 1 1145 2987 4883
5911 2 2 2 1 2369 1464 4943
5912 2 2 2 1 3454 1825 4257
5913 2 2 2 1 2477 1141 4841
5914 2 2 2 1 2569 1527 4959
5915 2 2 2 1 4777 1784 4867
5916 2 2 2 1 179 180 3057
5917 2 2 2 1 2676 1073 3431
5918 2 2 2 1 2716 707 5305
5919 2 2 2 1 2988 2062 4121
5920 2 2 2 1 497 2416 3504
5921 2 2 2 1 478 3154 4006
5922 2 2 2 1 3146 1167 5442
5923 2 2 2 1 923 2325 3882
5924 2 2 2 1 1129 2656 4281
5925 2 2 2 1 1256 2542 3603
5926 2 2 2 1 229 230 3203
5927 2 2 2 1 1794 4175 4955
5928 2 2 2 1 174 175 2975
5929 2 2 2 1 3397 1345 4091
5930 2 2 2 1 2240 4636 5533
5931 2 2 2 1 418 2390 5411
5932 2 2 2 1 1111 3539 5136
5933 2 2 2 1 2736 1269 3443
5934 2 2 2 1 700 2736 3443
5935 2 2 2 1 1830 3119 4807
5936 2 2 2 1 2667 1304 3624
5937 2 2 2 1 429 2667 3624
5938 2 2 2 1 229 3203 4203
5939 2 2 2 1 1611 2522 3371
5940 2 2 2 1 3357 1354 4167
5941 2 2 2 1 4170 2948 5266
5942 2 2 2 1 2817 139 3703
5943 2 2 2 1 63 64 2983
5944 2 2 2 1 1945 2405 5546
5945 2 2 2 1 2792 2197 4290
5946 2 2 2 1 1710 2282 5076
5947 2 2 2 1 2301 1428 4250
5948 2 2 2 1 1228 2993 3018
5949 2 2 2 1 1667 2772 4340
5950 2 2 2 1 1891 3743 4887
5951 2 2 2 1 2253 3570 5302
5952 2 2 2 1 1476 2798 4576
5953 2 2 2 1 3092 1161 5303
5954 2 2 2 1 2823 1790 5067
5955 2 2 2 1 1139 2601 3280
5956 2 2 2 1 110 2421 4838
5957 2 2 2 1 2993 1233 3018
5958 2 2 2 1 2746 1199 3872
5959 2 2 2 1 2971 1130 2985
5960 2 2 2 1 395 2300 4826
5961 2 2 2 1 1281 3345 4354
5962 2 2 2 1 2459 1268 3891
5963 2 2 2 1 297 2823 5067
5964 2 2 2 1 1305 2307 4707
5965 2 2 2 1 3371 919 5294
5966 2 2 2 1 962 3196 4893
5967 2 2 2 1 2452 509 5387
5968 2 2 2 1 3384 2054 5215
5969 2 2 2 1 1501 2339 4908
5970 2 2 2 1 674 3389 4273
5971 2 2 2 1 1370 2380 3657
5972 2 2 2 1 686 2402 5451
5973 2 2 2 1 2914 1456 3399
5974 2 2 2 1 1294 2914 3399
5975 2 2 2 1 270 271 2996
5976 2 2 2 1 575 2744 3978
5977 2 2 2 1 1176 3154 3304
5978 2 2 2 1 3165 1195 3615
5979 2 2 2 1 528 2340 3858
5980 2 2 2 1 846 2302 4541
5981 2 2 2 1 3408 1271 3767
5982 2 2 2 1 2299 897 4527
5983 2 2 2 1 344 2962 5244
5984 2 2 2 1 490 2314 4020
5985 2 2 2 1 2339 670 4908
5986 2 2 2 1 3197 1562 4270
5987 2 2 2 1 698 2665 3605
5988 2 2 2 1 1388 3294 3364
5989 2 2 2 1 2294 1508 4499
5990 2 2 2 1 2774 1094 4403
5991 2 2 2 1 4184 1246 5310
5992 2 2 2 1 1359 3576 3806
5993 2 2 2 1 870 2538 4707
5994 2 2 2 1 464 2507 3418
5995 2 2 2 1 1235 2381 3664
5996 2 2 2 1 564 2388 5157
5997 2 2 2 1 3237 1183 5574
5998 2 2 2 1 2297 4184 5310
5999 2 2 2 1 2584 370 3463
6000 2 2 2 1 402 2299 4833
6001 2 2 2 1 552 2987 3259
6002 2 2 2 1 1697 2452 5387
6003 2 2 2 1 619 2796 5459
6004 2 2 2 1 2485 3312 4879
6005 2 2 2 1 2306 540 4209
6006 2 2 2 1 1167 4272 5442
6007 2 2 2 1 4858 3142 5211
6008 2 2 2 1 1150 2852 3853
6009 2 2 2 1 2660 102 4381
6010 2 2 2 1 2331 1339 4293
6011 2 2 2 1 782 2331 4293
6012 2 2 2 1 1176 2398 4982
6013 2 2 2 1 4371 1721 4553
6014 2 2 2 1 3478 427 4652
6015 2 2 2 1 958 2793 5088
6016 2 2 2 1 1907 3423 4546
6017 2 2 2 1 2401 883 3971
6018 2 2 2 1 3423 646 4546
6019 2 2 2 1 2424 410 3974
6020 2 2 2 1 2468 453 3502
6021 2 2 2 1 2236 3688 4989
6022 2 2 2 1 2907 979 4890
6023 2 2 2 1 1957 2970 5338
6024 2 2 2 1 2709 769 3908
6025 2 2 2 1 1389 2709 3908
6026 2 2 2 1 2410 1256 3603
6027 2 2 2 1 575 3642 5347
6028 2 2 2 1 1144 2850 4280
6029 2 2 2 1 2970 1036 5338
6030 2 2 2 1 2399 1811 3915
6031 2 2 2 1 2488 891 4964
6032 2 2 2 1 3195 753 3335
6033 2 2 2 1 1393 3195 3335
6034 2 2 2 1 1653 4392 4630
6035 2 2 2 1 2451 551 3522
6036 2 2 2 1 5184 1253 5391
6037 2 2 2 1 3133 659 5012
6038 2 2 2 1 1473 3154 3612
6039 2 2 2 1 3154 478 3612
6040 2 2 2 1 624 2922 3475
6041 2 2 2 1 104 105 3106
6042 2 2 2 1 2780 477 3364
6043 2 2 2 1 1258 2780 3364
6044 2 2 2 1 2779 609 3140
6045 2 2 2 1 1240 4103 5530
6046 2 2 2 1 232 233 3314
6047 2 2 2 1 2318 858 4791
6048 2 2 2 1 2760 1113 3763
6049 2 2 2 1 930 2444 4919
6050 2 2 2 1 2685 1514 3718
6051 2 2 2 1 1618 3408 3767
6052 2 2 2 1 2329 302 4054
6053 2 2 2 1 606 2738 4200
6054 2 2 2 1 611 3398 5423
6055 2 2 2 1 3688 1190 4989
6056 2 2 2 1 2442 1137 3993
6057 2 2 2 1 498 3113 4057
6058 2 2 2 1 1718 3051 4505
6059 2 2 2 1 1773 2514 4055
6060 2 2 2 1 1261 2487 4036
6061 2 2 2 1 1534 3253 4590
6062 2 2 2 1 3685 808 5202
6063 2 2 2 1 2466 221 5594
6064 2 2 2 1 2562 1368 5357
6065 2 2 2 1 1204 2403 5556
6066 2 2 2 1 2311 1428 4269
6067 2 2 2 1 3788 1630 4061
6068 2 2 2 1 2402 1196 5451
6069 2 2 2 1 2759 331 4944
6070 2 2 2 1 2771 599 3166
6071 2 2 2 1 2580 1692 3352
6072 2 2 2 1 883 2401 4064
6073 2 2 2 1 2381 1235 5271
6074 2 2 2 1 2322 1747 4647
6075 2 2 2 1 2602 844 3338
6076 2 2 2 1 2828 1615 4944
6077 2 2 2 1 1176 2602 3338
6078 2 2 2 1 2453 902 3996
6079 2 2 2 1 2899 2278 4613
6080 2 2 2 1 911 2340 4852
6081 2 2 2 1 2494 728 3652
6082 2 2 2 1 3660 1731 5358
6083 2 2 2 1 894 2377 5196
6084 2 2 2 1 585 3682 5308
6085 2 2 2 1 2658 775 4544
6086 2 2 2 1 2782 678 4853
6087 2 2 2 1 2854 1382 3892
6088 2 2 2 1 2802 1070 3150
6089 2 2 2 1 1173 2413 4260
6090 2 2 2 1 2324 956 4345
6091 2 2 2 1 1286 2741 3704
6092 2 2 2 1 1350 3865 4073
6093 2 2 2 1 564 3188 5220
6094 2 2 2 1 2882 1154 3395
6095 2 2 2 1 2320 1507 4594
6096 2 2 2 1 263 264 5173
6097 2 2 2 1 1367 2600 3331
6098 2 2 2 1 2304 5184 5391
6099 2 2 2 1 2456 1272 5561
6100 2 2 2 1 1728 3866 5278
6101 2 2 2 1 2853 1158 3761
6102 2 2 2 1 2601 1139 4706
6103 2 2 2 1 1550 2329 4054
6104 2 2 2 1 2904 1150 3853
6105 2 2 2 1 3121 1788 4941
6106 2 2 2 1 3351 1759 3697
6107 2 2 2 1 1178 3271 4703
6108 2 2 2 1 404 2739 3212
6109 2 2 2 1 2362 889 4974
6110 2 2 2 1 2356 892 4573
6111 2 2 2 1 2700 1363 4024
6112 2 2 2 1 852 2458 4870
6113 2 2 2 1 625 2850 3125
6114 2 2 2 1 2388 874 4989
6115 2 2 2 1 529 2952 3363
6116 2 2 2 1 90 2914 5441
6117 2 2 2 1 2619 1536 4680
6118 2 2 2 1 1499 2660 4381
6119 2 2 2 1 3206 1192 3914
6120 2 2 2 1 2786 620 5576
6121 2 2 2 1 1473 4034 4502
6122 2 2 2 1 30 2616 4453
6123 2 2 2 1 5198 916 5394
6124 2 2 2 1 2780 1926 4185
6125 2 2 2 1 4273 3389 5071
6126 2 2 2 1 1870 4436 4775
6127 2 2 2 1 609 2779 3621
6128 2 2 2 1 380 379 5488
6129 2 2 2 1 1027 2896 3868
6130 2 2 2 1 1085 4027 4865
6131 2 2 2 1 559 2625 3521
6132 2 2 2 1 1384 2498 4536
6133 2 2 2 1 685 2837 3657
6134 2 2 2 1 534 2651 5042
6135 2 2 2 1 3508 1466 4059
6136 2 2 2 1 3151 1635 5552
6137 2 2 2 1 188 189 4078
6138 2 2 2 1 1341 3883 4090
6139 2 2 2 1 2471 801 4665
6140 2 2 2 1 1500 2471 4665
6141 2 2 2 1 1283 2664 3292
6142 2 2 2 1 97 2456 5561
6143 2 2 2 1 3526 1240 5530
6144 2 2 2 1 3515 1949 4732
6145 2 2 2 1 1434 2492 4598
6146 2 2 2 1 1489 2462 3685
6147 2 2 2 1 1579 2855 3623
6148 2 2 2 1 2476 546 5419
6149 2 2 2 1 2851 1006 4595
6150 2 2 2 1 1458 2762 4121
6151 2 2 2 1 2762 998 4121
6152 2 2 2 1 3179 973 4124
6153 2 2 2 1 3188 2034 5220
6154 2 2 2 1 1135 2834 4556
6155 2 2 2 1 2333 2992 4561
6156 2 2 2 1 2466 861 4949
6157 2 2 2 1 3148 535 3596
6158 2 2 2 1 2606 3503 5363
6159 2 2 2 1 4690 57 5327
6160 2 2 2 1 2837 1370 3657
6161 2 2 2 1 3747 2173 5485
6162 2 2 2 1 2243 3584 5588
6163 2 2 2 1 1586 3203 3898
6164 2 2 2 1 3203 1415 3898
6165 2 2 2 1 445 2821 3417
6166 2 2 2 1 672 2425 4730
6167 2 2 2 1 402 2515 3477
6168 2 2 2 1 1237 2494 3652
6169 2 2 2 1 2413 1173 3687
6170 2 2 2 1 2408 1042 3673
6171 2 2 2 1 2924 1546 3386
6172 2 2 2 1 375 3889 4916
6173 2 2 2 1 233 234 4513
6174 2 2 2 1 1602 3215 3234
6175 2 2 2 1 3215 1098 3234
6176 2 2 2 1 2575 495 4174
6177 2 2 2 1 1398 2575 4174
6178 2 2 2 1 1351 2817 3703
6179 2 2 2 1 4823 1090 5477
6180 2 2 2 1 362 2436 3867
6181 2 2 2 1 2752 472 3222
6182 2 2 2 1 1656 4076 5284
6183 2 2 2 1 2303 155 4274
6184 2 2 2 1 2458 1562 4870
6185 2 2 2 1 2758 197 3539
6186 2 2 2 1 1765 3384 5215
6187 2 2 2 1 2692 1308 3645
6188 2 2 2 1 726 2692 3645
6189 2 2 2 1 4199 1434 4598
6190 2 2 2 1 146 147 3061
6191 2 2 2 1 2668 1282 3752
6192 2 2 2 1 3282 1145 4883
6193 2 2 2 1 1506 2357 3946
6194 2 2 2 1 1398 3263 3655
6195 2 2 2 1 2663 228 4203
6196 2 2 2 1 2709 1630 3788
6197 2 2 2 1 1180 2425 4399
6198 2 2 2 1 1336 2706 3727
6199 2 2 2 1 2706 462 3727
6200 2 2 2 1 899 2326 4568
6201 2 2 2 1 89 90 5441
6202 2 2 2 1 2356 1491 4898
6203 2 2 2 1 476 2357 4924
6204 2 2 2 1 1196 2431 5451
6205 2 2 2 1 2325 923 4401
6206 2 2 2 1 530 3025 4752
6207 2 2 2 1 3025 1777 4752
6208 2 2 2 1 3930 184 4062
6209 2 2 2 1 872 2323 4409
6210 2 2 2 1 2329 1550 5167
6211 2 2 2 1 1475 2750 4857
6212 2 2 2 1 3235 450 4907
6213 2 2 2 1 3697 759 5206
6214 2 2 2 1 1291 2945 3999
6215 2 2 2 1 2480 1366 4212
6216 2 2 2 1 780 2480 4212
6217 2 2 2 1 892 2356 4898
6218 2 2 2 1 2357 1506 4924
6219 2 2 2 1 17 2376 4190
6220 2 2 2 1 2482 1181 3555
6221 2 2 2 1 151 152 4157
6222 2 2 2 1 2644 1198 3678
6223 2 2 2 1 4341 809 4932
6224 2 2 2 1 2456 97 3935
6225 2 2 2 1 1247 2358 4370
6226 2 2 2 1 2458 1912 5161
6227 2 2 2 1 2332 860 4292
6228 2 2 2 1 134 2458 5161
6229 2 2 2 1 1253 2386 5254
6230 2 2 2 1 1638 3020 4028
6231 2 2 2 1 2689 3138 5464
6232 2 2 2 1 3020 962 4028
6233 2 2 2 1 885 2352 5140
6234 2 2 2 1 1384 2375 3899
6235 2 2 2 1 3626 1657 3642
6236 2 2 2 1 2667 429 5389
6237 2 2 2 1 2972 1402 3393
6238 2 2 2 1 575 3626 3642
6239 2 2 2 1 638 2972 3393
6240 2 2 2 1 2361 841 4182
6241 2 2 2 1 1303 2361 4182
6242 2 2 2 1 2327 1784 4777
6243 2 2 2 1 2345 1304 5255
6244 2 2 2 1 2328 1566 4397
6245 2 2 2 1 1781 2378 5093
6246 2 2 2 1 2727 668 3456
6247 2 2 2 1 2921 1315 3951
6248 2 2 2 1 1539 2612 3367
6249 2 2 2 1 1355 2933 4208
6250 2 2 2 1 170 171 3076
6251 2 2 2 1 2454 740 3757
6252 2 2 2 1 3607 2550 5421
6253 2 2 2 1 2383 1229 4010
6254 2 2 2 1 299 6 4278
6255 2 2 2 1 2755 2215 5297
6256 2 2 2 1 2421 110 4379
6257 2 2 2 1 1390 3153 3365
6258 2 2 2 1 3889 2159 4916
6259 2 2 2 1 381 380 3155
6260 2 2 2 1 857 2335 4306
6261 2 2 2 1 1018 2381 5271
6262 2 2 2 1 296 295 5383
6263 2 2 2 1 1069 2628 3574
6264 2 2 2 1 2324 675 4390
6265 2 2 2 1 2470 861 4092
6266 2 2 2 1 1336 2470 4092
6267 2 2 2 1 904 2623 3643
6268 2 2 2 1 2335 857 5108
6269 2 2 2 1 2546 934 3490
6270 2 2 2 1 496 2418 5375
6271 2 2 2 1 1587 4550 4810
6272 2 2 2 1 604 2382 5320
6273 2 2 2 1 148 149 4532
6274 2 2 2 1 3215 465 5457
6275 2 2 2 1 2628 1460 3574
6276 2 2 2 1 1320 2343 4800
6277 2 2 2 1 2633 1152 4134
6278 2 2 2 1 25 4161 4165
6279 2 2 2 1 2102 3708 5439
6280 2 2 2 1 1167 2947 4000
6281 2 2 2 1 3508 4059 5214
6282 2 2 2 1 2424 1833 5420
6283 2 2 2 1 620 2890 5576
6284 2 2 2 1 2022 2994 3769
6285 2 2 2 1 5369 2812 5524
6286 2 2 2 1 3562 696 4866
6287 2 2 2 1 2422 1841 5075
6288 2 2 2 1 5416 2611 5582
6289 2 2 2 1 3111 2230 5379
6290 2 2 2 1 2559 590 3487
6291 2 2 2 1 1692 5416 5582
6292 2 2 2 1 1591 2500 4971
6293 2 2 2 1 2500 895 4971
6294 2 2 2 1 2901 2088 4519
6295 2 2 2 1 2343 438 4462
6296 2 2 2 1 738 2974 3262
6297 2 2 2 1 2974 1280 3262
6298 2 2 2 1 2309 3601 5318
6299 2 2 2 1 3601 574 5318
6300 2 2 2 1 1020 2994 5597
6301 2 2 2 1 2994 2022 5597
6302 2 2 2 1 2838 1481 4104
6303 2 2 2 1 1551 2862 4276
6304 2 2 2 1 2862 838 4276
6305 2 2 2 1 2431 686 5451
6306 2 2 2 1 2528 1666 3858
6307 2 2 2 1 2415 1203 3785
6308 2 2 2 1 292 2838 4104
6309 2 2 2 1 1184 3109 3330
6310 2 2 2 1 1193 2546 3490
6311 2 2 2 1 942 3515 4732
6312 2 2 2 1 1604 2898 3190
6313 2 2 2 1 436 3959 5449
6314 2 2 2 1 1372 2407 3813
6315 2 2 2 1 4836 1214 5492
6316 2 2 2 1 2657 1040 4519
6317 2 2 2 1 227 2663 4987
6318 2 2 2 1 3862 1689 4304
6319 2 2 2 1 26 27 3097
6320 2 2 2 1 2384 1935 5106
6321 2 2 2 1 1467 2575 4549
6322 2 2 2 1 1784 2926 4867
6323 2 2 2 1 603 2332 4309
6324 2 2 2 1 433 2510 4171
6325 2 2 2 1 2549 710 5421
6326 2 2 2 1 2629 1160 5438
6327 2 2 2 1 250 2762 4525
6328 2 2 2 1 2998 829 5151
6329 2 2 2 1 455 2970 4267
6330 2 2 2 1 2072 3171 4896
6331 2 2 2 1 1156 2584 3463
6332 2 2 2 1 421 2985 3712
6333 2 2 2 1 1181 2482 4033
6334 2 2 2 1 2498 1319 4032
6335 2 2 2 1 1224 3275 3847
6336 2 2 2 1 965 2419 3791
6337 2 2 2 1 2993 652 3356
6338 2 2 2 1 886 2668 5147
6339 2 2 2 1 2668 1712 5147
6340 2 2 2 1 3294 1258 3364
6341 2 2 2 1 460 2498 4032
6342 2 2 2 1 160 161 3100
6343 2 2 2 1 865 2371 4048
6344 2 2 2 1 1257 2727 3456
6345 2 2 2 1 891 2488 3614
6346 2 2 2 1 1950 3787 4662
6347 2 2 2 1 2898 1136 3190
6348 2 2 2 1 408 3412 4364
6349 2 2 2 1 2627 801 4343
6350 2 2 2 1 2651 1658 5042
6351 2 2 2 1 4615 2027 4814
6352 2 2 2 1 2342 4690 5327
6353 2 2 2 1 2726 1450 4472
6354 2 2 2 1 2895 2503 5151
6355 2 2 2 1 3017 463 4430
6356 2 2 2 1 3418 2507 4920
6357 2 2 2 1 1389 2530 4389
6358 2 2 2 1 2838 1525 3831
6359 2 2 2 1 371 370 5243
6360 2 2 2 1 917 2367 4316
6361 2 2 2 1 4795 1753 5339
6362 2 2 2 1 2371 589 4633
6363 2 2 2 1 1439 2464 4408
6364 2 2 2 1 2604 1223 5045
6365 2 2 2 1 1612 2440 5174
6366 2 2 2 1 2440 514 5174
6367 2 2 2 1 2035 3355 4781
6368 2 2 2 1 1863 2998 5151
6369 2 2 2 1 2377 2045 4940
6370 2 2 2 1 4646 2006 5367
6371 2 2 2 1 4591 3133 5012
6372 2 2 2 1 2393 673 4796
6373 2 2 2 1 1881 2968 5454
6374 2 2 2 1 3149 1453 3557
6375 2 2 2 1 3747 676 5263
6376 2 2 2 1 3576 1359 4175
6377 2 2 2 1 2839 417 4612
6378 2 2 2 1 93 94 4448
6379 2 2 2 1 3602 1970 4558
6380 2 2 2 1 761 3602 4558
6381 2 2 2 1 3002 1064 3112
6382 2 2 2 1 1385 2934 3882
6383 2 2 2 1 2642 1468 4764
6384 2 2 2 1 2482 1204 5556
6385 2 2 2 1 1794 3576 4175
6386 2 2 2 1 28 29 3224
6387 2 2 2 1 496 3112 5230
6388 2 2 2 1 1705 2979 5133
6389 2 2 2 1 3218 1578 3421
6390 2 2 2 1 1657 2535 5545
6391 2 2 2 1 378 2513 3884
6392 2 2 2 1 2541 944 5131
6393 2 2 2 1 2456 983 5542
6394 2 2 2 1 2685 1279 3627
6395 2 2 2 1 683 2685 3627
6396 2 2 2 1 1627 2953 5328
6397 2 2 2 1 2396 1240 4526
6398 2 2 2 1 284 3161 5017
6399 2 2 2 1 1137 2539 3993
6400 2 2 2 1 1854 3176 4176
6401 2 2 2 1 2469 602 3836
6402 2 2 2 1 1110 2969 3646
6403 2 2 2 1 3344 483 4299
6404 2 2 2 1 863 2383 4010
6405 2 2 2 1 972 2659 3466
6406 2 2 2 1 15 16 3438
6407 2 2 2 1 1751 3344 4299
6408 2 2 2 1 2380 1062 4929
6409 2 2 2 1 1139 2743 4706
6410 2 2 2 1 2978 1000 4613
6411 2 2 2 1 1013 2366 4711
6412 2 2 2 1 3880 803 4819
6413 2 2 2 1 2447 608 4458
6414 2 2 2 1 579 3341 3677
6415 2 2 2 1 3883 1812 4090
6416 2 2 2 1 2401 445 3931
6417 2 2 2 1 842 4669 5300
6418 2 2 2 1 2731 1327 3741
6419 2 2 2 1 722 2731 3741
6420 2 2 2 1 2406 167 3900
6421 2 2 2 1 2860 440 4878
6422 2 2 2 1 1251 2516 4798
6423 2 2 2 1 258 259 3684
6424 2 2 2 1 1799 2852 4401
6425 2 2 2 1 1171 2606 3985
6426 2 2 2 1 1528 2882 4435
6427 2 2 2 1 1613 3228 3231
6428 2 2 2 1 3228 1108 3231
6429 2 2 2 1 1469 3108 3552
6430 2 2 2 1 3108 1339 3552
6431 2 2 2 1 1709 2978 4613
6432 2 2 2 1 2376 1576 4190
6433 2 2 2 1 2933 1299 4208
6434 2 2 2 1 1160 2691 5438
6435 2 2 2 1 2577 1499 3538
6436 2 2 2 1 3619 2384 4468
6437 2 2 2 1 2659 1220 3466
6438 2 2 2 1 503 2489 4588
6439 2 2 2 1 3139 1561 3205
6440 2 2 2 1 1236 2714 3561
6441 2 2 2 1 401 3139 3205
6442 2 2 2 1 3397 4091 5060
6443 2 2 2 1 1497 3441 3458
6444 2 2 2 1 2967 2901 4967
6445 2 2 2 1 2273 4018 4582
6446 2 2 2 1 3441 1295 3458
6447 2 2 2 1 567 3758 4567
6448 2 2 2 1 1174 2401 3971
6449 2 2 2 1 3758 2042 4567
6450 2 2 2 1 2391 2786 5576
6451 2 2 2 1 2367 1274 4316
6452 2 2 2 1 1354 2385 4078
6453 2 2 2 1 331 330 4944
6454 2 2 2 1 2770 4639 4753
6455 2 2 2 1 2465 693 4607
6456 2 2 2 1 3293 2171 5228
6457 2 2 2 1 2368 1194 4327
6458 2 2 2 1 3041 1633 4031
6459 2 2 2 1 694 3041 4031
6460 2 2 2 1 1633 3290 4031
6461 2 2 2 1 3290 1503 4031
6462 2 2 2 1 744 3819 4330
6463 2 2 2 1 3819 1958 4330
6464 2 2 2 1 1183 3105 4681
6465 2 2 2 1 3839 577 5216
6466 2 2 2 1 589 2371 4369
6467 2 2 2 1 4966 1096 5011
6468 2 2 2 1 3462 747 4820
6469 2 2 2 1 2535 933 3765
6470 2 2 2 1 4103 810 5425
6471 2 2 2 1 1012 2614 3483
6472 2 2 2 1 1164 2654 4300
6473 2 2 2 1 856 2379 4242
6474 2 2 2 1 1505 2920 4386
6475 2 2 2 1 458 2383 4144
6476 2 2 2 1 1643 2782 4853
6477 2 2 2 1 4576 2798 5319
6478 2 2 2 1 3102 455 4267
6479 2 2 2 1 598 2791 3305
6480 2 2 2 1 2596 1200 3530
6481 2 2 2 1 3200 599 5248
6482 2 2 2 1 1681 4161 4865
6483 2 2 2 1 284 283 3161
6484 2 2 2 1 1370 3958 4268
6485 2 2 2 1 1292 3739 3997
6486 2 2 2 1 3739 1785 3997
6487 2 2 2 1 2552 1003 3582
6488 2 2 2 1 4325 3034 5491
6489 2 2 2 1 2992 557 4561
6490 2 2 2 1 2603 975 4456
6491 2 2 2 1 3175 504 5430
6492 2 2 2 1 3033 1471 4760
6493 2 2 2 1 2821 1976 3417
6494 2 2 2 1 2383 863 4151
6495 2 2 2 1 1383 3389 4243
6496 2 2 2 1 963 3029 4920
6497 2 2 2 1 2472 661 3753
6498 2 2 2 1 3198 1332 3635
6499 2 2 2 1 1472 2603 4456
6500 2 2 2 1 1113 3024 3137
6501 2 2 2 1 3200 1192 3206
6502 2 2 2 1 2147 4115 4443
6503 2 2 2 1 4115 1371 4443
6504 2 2 2 1 2412 1022 5118
6505 2 2 2 1 649 4510 4698
6506 2 2 2 1 1203 2593 3572
6507 2 2 2 1 1358 3278 3549
6508 2 2 2 1 2398 562 4982
6509 2 2 2 1 2549 1251 3744
6510 2 2 2 1 710 2549 3744
6511 2 2 2 1 1650 2512 4143
6512 2 2 2 1 999 2547 4338
6513 2 2 2 1 3278 1442 3549
6514 2 2 2 1 3790 944 5148
6515 2 2 2 1 2375 1384 4536
6516 2 2 2 1 2773 1371 3871
6517 2 2 2 1 820 2773 3871
6518 2 2 2 1 1710 2818 5115
6519 2 2 2 1 2576 1019 3558
6520 2 2 2 1 157 158 3870
6521 2 2 2 1 1119 3008 5359
6522 2 2 2 1 241 242 3827
6523 2 2 2 1 2436 1361 3867
6524 2 2 2 1 3870 1305 4766
6525 2 2 2 1 3012 1797 4787
6526 2 2 2 1 2459 1630 3809
6527 2 2 2 1 3323 1359 3806
6528 2 2 2 1 2375 1060 4514
6529 2 2 2 1 2679 1801 4485
6530 2 2 2 1 710 3607 5421
6531 2 2 2 1 1362 3200 3206
6532 2 2 2 1 3575 1496 4925
6533 2 2 2 1 125 126 3534
6534 2 2 2 1 2446 1018 5271
6535 2 2 2 1 3204 1815 5461
6536 2 2 2 1 4030 864 5382
6537 2 2 2 1 2171 3521 5228
6538 2 2 2 1 1226 3287 3643
6539 2 2 2 1 3267 1349 3593
6540 2 2 2 1 3025 1056 3147
6541 2 2 2 1 3056 1022 4758
6542 2 2 2 1 1364 2846 4132
6543 2 2 2 1 3682 1157 3911
6544 2 2 2 1 1324 2674 3981
6545 2 2 2 1 3521 1095 5228
6546 2 2 2 1 1924 2597 4264
6547 2 2 2 1 181 2781 4720
6548 2 2 2 1 3203 1586 4203
6549 2 2 2 1 1269 3583 4263
6550 2 2 2 1 2737 1289 4831
6551 2 2 2 1 1321 2942 3721
6552 2 2 2 1 2753 810 4103
6553 2 2 2 1 2864 475 4678
6554 2 2 2 1 718 2596 3530
6555 2 2 2 1 985 2721 4137
6556 2 2 2 1 1270 4369 4934
6557 2 2 2 1 3484 1527 4217
6558 2 2 2 1 2546 1193 3984
6559 2 2 2 1 2098 3658 4844
6560 2 2 2 1 3658 498 4844
6561 2 2 2 1 1256 2410 4601
6562 2 2 2 1 1180 2733 3700
6563 2 2 2 1 933 2556 3765
6564 2 2 2 1 1199 3055 3872
6565 2 2 2 1 4369 2371 4934
6566 2 2 2 1 2173 3747 5263
6567 2 2 2 1 1795 3622 4176
6568 2 2 2 1 1840 3340 5562
6569 2 2 2 1 2531 403 4818
6570 2 2 2 1 3185 1200 4770
6571 2 2 2 1 603 3162 5001
6572 2 2 2 1 3096 1233 3382
6573 2 2 2 1 2379 1550 5326
6574 2 2 2 1 504 4806 5430
6575 2 2 2 1 3622 748 4176
6576 2 2 2 1 194 2387 4229
6577 2 2 2 1 1027 2423 4007
6578 2 2 2 1 2385 1354 5495
6579 2 2 2 1 2406 909 4764
6580 2 2 2 1 1553 2385 4326
6581 2 2 2 1 1221 3705 5193
6582 2 2 2 1 588 2463 5341
6583 2 2 2 1 463 4045 4476
6584 2 2 2 1 2838 291 4687
6585 2 2 2 1 264 3781 5173
6586 2 2 2 1 3090 732 3448
6587 2 2 2 1 1175 2727 3401
6588 2 2 2 1 347 346 4551
6589 2 2 2 1 4102 2181 4739
6590 2 2 2 1 2380 550 4702
6591 2 2 2 1 2417 1361 5199
6592 2 2 2 1 2413 1276 5072
6593 2 2 2 1 158 159 4712
6594 2 2 2 1 1171 2648 3503
6595 2 2 2 1 2497 1431 4551
6596 2 2 2 1 3260 3997 4748
6597 2 2 2 1 3251 285 5017
6598 2 2 2 1 4552 899 5573
6599 2 2 2 1 1511 3586 4252
6600 2 2 2 1 3586 1814 4252
6601 2 2 2 1 4581 766 4915
6602 2 2 2 1 5129 3068 5487
6603 2 2 2 1 219 220 3290
6604 2 2 2 1 4289 1925 5216
6605 2 2 2 1 2407 1099 5069
6606 2 2 2 1 1183 4681 4759
6607 2 2 2 1 1233 3356 3382
6608 2 2 2 1 915 2393 4412
6609 2 2 2 1 2746 53 3661
6610 2 2 2 1 301 300 5326
6611 2 2 2 1 1227 4474 5380
6612 2 2 2 1 2727 1175 4236
6613 2 2 2 1 2537 1500 3671
6614 2 2 2 1 41 2882 3395
6615 2 2 2 1 1521 4736 4789
6616 2 2 2 1 2598 3349 4884
6617 2 2 2 1 1249 2963 3507
6618 2 2 2 1 2963 1338 3507
6619 2 2 2 1 764 3021 4545
6620 2 2 2 1 694 2470 4302
6621 2 2 2 1 2500 67 4093
6622 2 2 2 1 421 3316 5018
6623 2 2 2 1 3053 1680 5586
6624 2 2 2 1 3717 3220 5190
6625 2 2 2 1 2385 1553 4484
6626 2 2 2 1 2515 402 4833
6627 2 2 2 1 2725 1138 3906
6628 2 2 2 1 1913 2734 4887
6629 2 2 2 1 1516 4382 5497
6630 2 2 2 1 1531 2515 4833
6631 2 2 2 1 2384 1471 4468
6632 2 2 2 1 204 205 3204
6633 2 2 2 1 4636 804 5533
6634 2 2 2 1 2593 1001 3572
6635 2 2 2 1 2836 1693 4876
6636 2 2 2 1 592 2689 3469
6637 2 2 2 1 1463 3665 4304
6638 2 2 2 1 2787 968 4154
6639 2 2 2 1 3021 1684 4545
6640 2 2 2 1 2892 2239 4583
6641 2 2 2 1 2683 1213 3529
6642 2 2 2 1 491 2395 4802
6643 2 2 2 1 916 2443 5128
6644 2 2 2 1 2430 612 4035
6645 2 2 2 1 1618 3745 4279
6646 2 2 2 1 2468 1081 5453
6647 2 2 2 1 1276 2423 5072
6648 2 2 2 1 721 2836 4876
6649 2 2 2 1 3005 347 4551
6650 2 2 2 1 895 2411 4971
6651 2 2 2 1 697 3587 5333
6652 2 2 2 1 2579 1422 4391
6653 2 2 2 1 2749 4104 4945
6654 2 2 2 1 1276 2413 5132
6655 2 2 2 1 614 2579 4391
6656 2 2 2 1 1749 2435 5217
6657 2 2 2 1 1605 3509 3823
6658 2 2 2 1 1273 4102 4739
6659 2 2 2 1 2492 1809 5567
6660 2 2 2 1 1300 2489 4048
6661 2 2 2 1 2545 1157 3682
6662 2 2 2 1 3209 2829 4697
6663 2 2 2 1 2423 597 5072
6664 2 2 2 1 2590 1007 5231
6665 2 2 2 1 239 240 3664
6666 2 2 2 1 410 2424 5080
6667 2 2 2 1 2980 1196 3905
6668 2 2 2 1 167 168 3900
6669 2 2 2 1 2390 1588 5306
6670 2 2 2 1 3438 16 4190
6671 2 2 2 1 3051 1005 4505
6672 2 2 2 1 2680 163 3845
6673 2 2 2 1 1411 2633 4285
6674 2 2 2 1 1675 3683 5105
6675 2 2 2 1 2489 865 4048
6676 2 2 2 1 836 3419 4471
6677 2 2 2 1 312 2913 4183
6678 2 2 2 1 2863 651 5287
6679 2 2 2 1 3262 2337 5179
6680 2 2 2 1 3291 3122 5112
6681 2 2 2 1 2937 1031 4315
6682 2 2 2 1 1390 3066 3238
6683 2 2 2 1 2745 448 5022
6684 2 2 2 1 1661 3607 3795
6685 2 2 2 1 3607 710 3795
6686 2 2 2 1 3183 613 3905
6687 2 2 2 1 2843 1110 3325
6688 2 2 2 1 1888 3172 3210
6689 2 2 2 1 2090 3152 4606
6690 2 2 2 1 3431 816 4604
6691 2 2 2 1 657 3249 3507
6692 2 2 2 1 2633 716 4285
6693 2 2 2 1 1677 2442 5251
6694 2 2 2 1 2796 3923 5459
6695 2 2 2 1 1214 3565 5492
6696 2 2 2 1 1282 3537 3752
6697 2 2 2 1 3537 1623 3752
6698 2 2 2 1 1042 2733 4219
6699 2 2 2 1 1628 2437 5240
6700 2 2 2 1 1198 2837 3678
6701 2 2 2 1 2448 3343 4996
6702 2 2 2 1 2458 134 4270
6703 2 2 2 1 2431 980 4076
6704 2 2 2 1 513 3157 5085
6705 2 2 2 1 286 285 3251
6706 2 2 2 1 2018 5200 5224
6707 2 2 2 1 858 2416 4783
6708 2 2 2 1 1685 2745 5022
6709 2 2 2 1 2509 437 3793
6710 2 2 2 1 1235 2446 5271
6711 2 2 2 1 3002 713 3592
6712 2 2 2 1 2898 349 3814
6713 2 2 2 1 3390 663 3695
6714 2 2 2 1 1943 4650 5203
6715 2 2 2 1 920 2396 4526
6716 2 2 2 1 1253 2494 3878
6717 2 2 2 1 663 2547 3695
6718 2 2 2 1 1597 3300 3953
6719 2 2 2 1 2589 454 3770
6720 2 2 2 1 1751 3375 4756
6721 2 2 2 1 2488 717 5511
6722 2 2 2 1 1683 2488 5511
6723 2 2 2 1 1992 2466 5594
6724 2 2 2 1 1802 2491 3893
6725 2 2 2 1 1184 2785 3800
6726 2 2 2 1 3419 1827 4471
6727 2 2 2 1 4058 955 5142
6728 2 2 2 1 1388 3086 3294
6729 2 2 2 1 1747 4093 4287
6730 2 2 2 1 2748 1219 3429
6731 2 2 2 1 3300 570 3953
6732 2 2 2 1 729 3796 3995
6733 2 2 2 1 3796 1787 3995
6734 2 2 2 1 1244 2511 3799
6735 2 2 2 1 2432 4058 5142
6736 2 2 2 1 277 276 3892
6737 2 2 2 1 3526 2398 4526
6738 2 2 2 1 612 2723 5496
6739 2 2 2 1 3973 1488 5194
6740 2 2 2 1 3957 617 4597
6741 2 2 2 1 2119 3957 4597
6742 2 2 2 1 69 70 3246
6743 2 2 2 1 187 188 4484
6744 2 2 2 1 2605 1170 3723
6745 2 2 2 1 2454 938 4579
6746 2 2 2 1 578 2536 4605
6747 2 2 2 1 462 2706 3480
6748 2 2 2 1 2394 492 4415
6749 2 2 2 1 4335 1833 5414
6750 2 2 2 1 1207 2556 4688
6751 2 2 2 1 1660 2597 5210
6752 2 2 2 1 2597 485 5210
6753 2 2 2 1 1431 2433 4722
6754 2 2 2 1 1272 2456 5542
6755 2 2 2 1 1733 2580 5535
6756 2 2 2 1 2580 591 5535
6757 2 2 2 1 2475 1432 4689
6758 2 2 2 1 5107 1226 5229
6759 2 2 2 1 249 250 4525
6760 2 2 2 1 1288 2499 3851
6761 2 2 2 1 3350 433 4171
6762 2 2 2 1 1674 3350 4171
6763 2 2 2 1 3609 1125 4645
6764 2 2 2 1 1869 3609 4645
6765 2 2 2 1 3359 1445 3741
6766 2 2 2 1 2473 1349 4685
6767 2 2 2 1 2438 957 4095
6768 2 2 2 1 1158 2853 3341
6769 2 2 2 1 1739 2411 4336
6770 2 2 2 1 215 2653 4859
6771 2 2 2 1 3039 1388 4107
6772 2 2 2 1 2636 594 3620
6773 2 2 2 1 2770 937 4639
6774 2 2 2 1 2537 658 4744
6775 2 2 2 1 1500 2537 4744
6776 2 2 2 1 4179 416 5109
6777 2 2 2 1 1037 2999 4012
6778 2 2 2 1 2433 878 4722
6779 2 2 2 1 117 118 4132
6780 2 2 2 1 3194 1369 3966
6781 2 2 2 1 1401 3750 4297
6782 2 2 2 1 2602 1176 4982
6783 2 2 2 1 2638 1876 3921
6784 2 2 2 1 4423 1156 5134
6785 2 2 2 1 307 2568 4868
6786 2 2 2 1 3107 1790 5267
6787 2 2 2 1 1634 3411 3676
6788 2 2 2 1 221 2466 4086
6789 2 2 2 1 902 2674 3996
6790 2 2 2 1 2404 852 4870
6791 2 2 2 1 515 2683 3529
6792 2 2 2 1 1089 2731 4965
6793 2 2 2 1 3804 2078 5528
6794 2 2 2 1 1652 2751 4926
6795 2 2 2 1 645 3425 4922
6796 2 2 2 1 1294 4698 5309
6797 2 2 2 1 1790 2409 5267
6798 2 2 2 1 1471 4140 4760
6799 2 2 2 1 2751 521 4926
6800 2 2 2 1 1222 3062 3810
6801 2 2 2 1 313 312 4183
6802 2 2 2 1 1209 2870 3699
6803 2 2 2 1 2694 601 3520
6804 2 2 2 1 2988 2569 4959
6805 2 2 2 1 1335 3248 3249
6806 2 2 2 1 3248 1249 3249
6807 2 2 2 1 1190 4198 5157
6808 2 2 2 1 319 318 3850
6809 2 2 2 1 1064 5295 5332
6810 2 2 2 1 2428 879 4956
6811 2 2 2 1 2987 1342 3259
6812 2 2 2 1 1096 3085 5011
6813 2 2 2 1 950 3299 4936
6814 2 2 2 1 3561 1565 3595
6815 2 2 2 1 776 3047 5076
6816 2 2 2 1 2421 1758 4838
6817 2 2 2 1 3411 408 3676
6818 2 2 2 1 910 2422 4828
6819 2 2 2 1 1575 3663 3690
6820 2 2 2 1 225 226 3321
6821 2 2 2 1 2543 844 3820
6822 2 2 2 1 1823 2454 5334
6823 2 2 2 1 1236 3561 3595
6824 2 2 2 1 3009 2040 4528
6825 2 2 2 1 1432 2475 5385
6826 2 2 2 1 2425 890 4399
6827 2 2 2 1 2625 1457 5027
6828 2 2 2 1 3010 263 5173
6829 2 2 2 1 2827 1765 5215
6830 2 2 2 1 526 2827 5215
6831 2 2 2 1 1521 2420 5488
6832 2 2 2 1 1509 3726 3731
6833 2 2 2 1 728 2494 5254
6834 2 2 2 1 40 41 3395
6835 2 2 2 1 960 2800 3986
6836 2 2 2 1 1598 2421 4379
6837 2 2 2 1 2521 1702 5575
6838 2 2 2 1 2464 1439 4043
6839 2 2 2 1 2435 1302 4204
6840 2 2 2 1 771 2521 5575
6841 2 2 2 1 432 2611 5416
6842 2 2 2 1 1216 2677 5110
6843 2 2 2 1 1477 2760 4363
6844 2 2 2 1 303 302 4580
6845 2 2 2 1 2558 985 3750
6846 2 2 2 1 2818 388 5115
6847 2 2 2 1 2830 985 4137
6848 2 2 2 1 3509 645 3823
6849 2 2 2 1 2424 1466 5080
6850 2 2 2 1 727 2426 4855
6851 2 2 2 1 2426 904 4856
6852 2 2 2 1 631 2414 4657
6853 2 2 2 1 1292 2713 3739
6854 2 2 2 1 2713 1033 3739
6855 2 2 2 1 1220 2659 3961
6856 2 2 2 1 2521 1282 3857
6857 2 2 2 1 2688 1359 3554
6858 2 2 2 1 3772 733 5432
6859 2 2 2 1 3140 1424 4045
6860 2 2 2 1 2505 1639 5366
6861 2 2 2 1 854 2505 5366
6862 2 2 2 1 1532 4069 4101
6863 2 2 2 1 1224 2636 3620
6864 2 2 2 1 1266 2469 4733
6865 2 2 2 1 3757 740 4089
6866 2 2 2 1 3743 784 4887
6867 2 2 2 1 5028 1264 5281
6868 2 2 2 1 2915 1064 5332
6869 2 2 2 1 2410 939 4601
6870 2 2 2 1 2760 453 4363
6871 2 2 2 1 403 2531 5584
6872 2 2 2 1 2159 2978 4916
6873 2 2 2 1 2556 1207 3765
6874 2 2 2 1 511 2493 3981
6875 2 2 2 1 2561 310 3742
6876 2 2 2 1 1707 2812 5369
6877 2 2 2 1 4430 1230 5305
6878 2 2 2 1 1040 2901 4519
6879 2 2 2 1 3741 1445 4061
6880 2 2 2 1 1051 3142 4858
6881 2 2 2 1 2568 1313 4868
6882 2 2 2 1 930 2761 4641
6883 2 2 2 1 2761 1573 4641
6884 2 2 2 1 2743 201 4706
6885 2 2 2 1 1089 3152 4231
6886 2 2 2 1 186 187 3913
6887 2 2 2 1 1397 2740 3512
6888 2 2 2 1 1302 2435 4750
6889 2 2 2 1 1198 2644 4672
6890 2 2 2 1 1172 3322 4671
6891 2 2 2 1 3063 771 5507
6892 2 2 2 1 770 2710 4348
6893 2 2 2 1 2710 1441 4348
6894 2 2 2 1 2540 1253 5184
6895 2 2 2 1 31 32 4049
6896 2 2 2 1 2478 585 5308
6897 2 2 2 1 349 348 3814
6898 2 2 2 1 883 2643 3971
6899 2 2 2 1 2864 966 5435
6900 2 2 2 1 2466 1503 4086
6901 2 2 2 1 3435 930 4641
6902 2 2 2 1 1908 3435 4641
6903 2 2 2 1 2599 409 3696
6904 2 2 2 1 2929 1706 4534
6905 2 2 2 1 3683 1645 5035
6906 2 2 2 1 640 3035 5249
6907 2 2 2 1 3386 1227 5380
6908 2 2 2 1 1290 3505 3690
6909 2 2 2 1 3505 1575 3690
6910 2 2 2 1 2441 518 4251
6911 2 2 2 1 998 3116 4801
6912 2 2 2 1 571 3523 5233
6913 2 2 2 1 1236 2543 3820
6914 2 2 2 1 2673 234 4483
6915 2 2 2 1 1260 2525 3942
6916 2 2 2 1 3465 2089 5021
6917 2 2 2 1 1452 4362 4979
6918 2 2 2 1 1149 2457 4180
6919 2 2 2 1 605 2427 4705
6920 2 2 2 1 1263 3325 3646
6921 2 2 2 1 3766 2362 4974
6922 2 2 2 1 1081 3502 4414
6923 2 2 2 1 2425 672 4789
6924 2 2 2 1 2598 1493 4651
6925 2 2 2 1 192 193 4556
6926 2 2 2 1 37 38 3339
6927 2 2 2 1 2425 1180 4730
6928 2 2 2 1 3539 1895 5136
6929 2 2 2 1 55 56 3416
6930 2 2 2 1 246 247 3491
6931 2 2 2 1 1226 3264 5229
6932 2 2 2 1 2427 1380 4705
6933 2 2 2 1 2495 238 5400
6934 2 2 2 1 3334 1259 3933
6935 2 2 2 1 771 3063 5580
6936 2 2 2 1 630 3170 3531
6937 2 2 2 1 2604 398 5426
6938 2 2 2 1 3372 667 5414
6939 2 2 2 1 3063 1978 5580
6940 2 2 2 1 1740 2573 3757
6941 2 2 2 1 2591 730 3720
6942 2 2 2 1 642 2598 4651
6943 2 2 2 1 559 2958 4911
6944 2 2 2 1 2463 1305 5341
6945 2 2 2 1 3170 1391 3531
6946 2 2 2 1 3700 447 4329
6947 2 2 2 1 891 2486 4052
6948 2 2 2 1 2486 595 4053
6949 2 2 2 1 2653 1254 3640
6950 2 2 2 1 2615 952 4658
6951 2 2 2 1 2341 4423 5134
6952 2 2 2 1 2543 1620 5212
6953 2 2 2 1 844 2543 5212
6954 2 2 2 1 256 257 3310
6955 2 2 2 1 1228 3018 3784
6956 2 2 2 1 1157 3144 3911
6957 2 2 2 1 2536 578 5577
6958 2 2 2 1 180 181 4720
6959 2 2 2 1 2429 1055 4569
6960 2 2 2 1 1383 2457 4246
6961 2 2 2 1 1065 2897 4762
6962 2 2 2 1 2494 1253 5254
6963 2 2 2 1 2455 1396 5064
6964 2 2 2 1 184 185 4062
6965 2 2 2 1 2521 771 5580
6966 2 2 2 1 783 3009 5589
6967 2 2 2 1 370 369 3463
6968 2 2 2 1 2991 246 3491
6969 2 2 2 1 1188 2911 5086
6970 2 2 2 1 3830 1962 4875
6971 2 2 2 1 205 206 3890
6972 2 2 2 1 2433 588 5114
6973 2 2 2 1 1576 2761 4919
6974 2 2 2 1 2490 829 5311
6975 2 2 2 1 2479 1032 4101
6976 2 2 2 1 2504 118 5177
6977 2 2 2 1 2712 3426 4324
6978 2 2 2 1 3524 1191 3525
6979 2 2 2 1 1621 3524 3525
6980 2 2 2 1 1060 2434 4514
6981 2 2 2 1 940 2572 3805
6982 2 2 2 1 2055 3113 4956
6983 2 2 2 1 3495 1086 4311
6984 2 2 2 1 884 4899 5286
6985 2 2 2 1 1136 2898 3814
6986 2 2 2 1 1076 2448 4996
6987 2 2 2 1 778 2487 4428
6988 2 2 2 1 32 33 4350
6989 2 2 2 1 1121 2461 4238
6990 2 2 2 1 1334 2448 4911
6991 2 2 2 1 1241 3204 3890
6992 2 2 2 1 1498 4082 5050
6993 2 2 2 1 523 3034 4325
6994 2 2 2 1 3648 770 4348
6995 2 2 2 1 1843 3648 4348
6996 2 2 2 1 2517 1794 5478
6997 2 2 2 1 1682 2804 4295
6998 2 2 2 1 453 2760 3763
6999 2 2 2 1 2720 1264 3676
7000 2 2 2 1 3686 1294 5309
7001 2 2 2 1 2485 1628 4114
7002 2 2 2 1 489 3537 4108
7003 2 2 2 1 1252 2947 4615
7004 2 2 2 1 3017 2562 5357
7005 2 2 2 1 1393 2662 4248
7006 2 2 2 1 2662 660 4248
7007 2 2 2 1 2920 1188 5086
7008 2 2 2 1 408 2720 3676
7009 2 2 2 1 2657 579 3677
7010 2 2 2 1 3081 1345 3397
7011 2 2 2 1 1803 2746 3872
7012 2 2 2 1 2288 3433 5299
7013 2 2 2 1 452 3081 3397
7014 2 2 2 1 3172 1074 3210
7015 2 2 2 1 1332 2475 5596
7016 2 2 2 1 509 2669 4906
7017 2 2 2 1 2448 559 4911
7018 2 2 2 1 1217 2589 3770
7019 2 2 2 1 3224 29 4453
7020 2 2 2 1 2445 1475 4878
7021 2 2 2 1 2836 721 3946
7022 2 2 2 1 446 2903 4081
7023 2 2 2 1 2443 916 4835
7024 2 2 2 1 2445 440 4755
7025 2 2 2 1 3479 1290 5144
7026 2 2 2 1 3508 410 5080
7027 2 2 2 1 1456 2443 4835
7028 2 2 2 1 2622 647 3729
7029 2 2 2 1 2020 3808 4648
7030 2 2 2 1 440 2445 4878
7031 2 2 2 1 1562 2458 4270
7032 2 2 2 1 1328 2520 3989
7033 2 2 2 1 2440 953 4461
7034 2 2 2 1 4198 2269 5157
7035 2 2 2 1 2525 1368 4314
7036 2 2 2 1 2444 930 5497
7037 2 2 2 1 59 60 3498
7038 2 2 2 1 238 239 5400
7039 2 2 2 1 1727 2441 4544
7040 2 2 2 1 1298 2517 4195
7041 2 2 2 1 2680 1237 3652
7042 2 2 2 1 1557 2681 4773
7043 2 2 2 1 1622 3516 3535
7044 2 2 2 1 3516 508 3535
7045 2 2 2 1 1102 2481 4200
7046 2 2 2 1 300 299 3402
7047 2 2 2 1 2306 4298 4686
7048 2 2 2 1 172 173 3638
7049 2 2 2 1 2681 441 4773
7050 2 2 2 1 86 87 3340
7051 2 2 2 1 2470 1336 4302
7052 2 2 2 1 4082 2251 5050
7053 2 2 2 1 4298 1043 4686
7054 2 2 2 1 976 2515 5468
7055 2 2 2 1 485 2764 4602
7056 2 2 2 1 2764 1549 4602
7057 2 2 2 1 4097 2851 4595
7058 2 2 2 1 271 272 4070
7059 2 2 2 1 1128 2447 4790
7060 2 2 2 1 4174 2071 5539
7061 2 2 2 1 2592 405 4751
7062 2 2 2 1 2470 1503 4949
7063 2 2 2 1 861 2470 4949
7064 2 2 2 1 588 2538 5114
7065 2 2 2 1 2538 1581 5114
7066 2 2 2 1 2730 1069 3574
7067 2 2 2 1 3360 2328 4397
7068 2 2 2 1 2830 1535 4462
7069 2 2 2 1 438 2830 4462
7070 2 2 2 1 1205 2447 4458
7071 2 2 2 1 2455 546 4885
7072 2 2 2 1 2489 1300 4588
7073 2 2 2 1 2985 1130 3712
7074 2 2 2 1 2732 4359 4933
7075 2 2 2 1 4082 868 5505
7076 2 2 2 1 2622 1441 4512
7077 2 2 2 1 647 2622 4512
7078 2 2 2 1 3071 1438 4286
7079 2 2 2 1 2879 980 3866
7080 2 2 2 1 3808 815 4648
7081 2 2 2 1 3273 1374 3414
7082 2 2 2 1 1324 3273 3414
7083 2 2 2 1 1577 2726 5066
7084 2 2 2 1 3753 661 4431
7085 2 2 2 1 753 2924 3386
7086 2 2 2 1 2923 483 3512
7087 2 2 2 1 3127 1659 4963
7088 2 2 2 1 1556 2468 5453
7089 2 2 2 1 912 2445 4575
7090 2 2 2 1 2844 1555 4510
7091 2 2 2 1 649 2844 4510
7092 2 2 2 1 50 51 3353
7093 2 2 2 1 3385 2149 4495
7094 2 2 2 1 2630 1237 3845
7095 2 2 2 1 145 146 4133
7096 2 2 2 1 95 96 3354
7097 2 2 2 1 3601 1229 5367
7098 2 2 2 1 1090 2592 4751
7099 2 2 2 1 1401 3736 4333
7100 2 2 2 1 3736 1856 4333
7101 2 2 2 1 2098 4669 4902
7102 2 2 2 1 2504 1364 4132
7103 2 2 2 1 1648 2471 5037
7104 2 2 2 1 1796 2983 5292
7105 2 2 2 1 1033 3178 3739
7106 2 2 2 1 3178 1785 3739
7107 2 2 2 1 3625 1293 4611
7108 2 2 2 1 4541 2038 4837
7109 2 2 2 1 3026 626 3327
7110 2 2 2 1 1201 2843 4337
7111 2 2 2 1 998 2988 4121
7112 2 2 2 1 1234 2665 3894
7113 2 2 2 1 1658 2651 3724
7114 2 2 2 1 1380 2453 4705
7115 2 2 2 1 1055 2719 4957
7116 2 2 2 1 2951 1260 3728
7117 2 2 2 1 2531 978 4021
7118 2 2 2 1 2524 796 4213
7119 2 2 2 1 2462 1489 4374
7120 2 2 2 1 1661 3606 3607
7121 2 2 2 1 3606 1215 3607
7122 2 2 2 1 2514 1773 5409
7123 2 2 2 1 2487 1421 4997
7124 2 2 2 1 2931 671 4384
7125 2 2 2 1 1560 2931 4384
7126 2 2 2 1 3086 647 3294
7127 2 2 2 1 1393 3335 3585
7128 2 2 2 1 479 3432 4442
7129 2 2 2 1 1167 4000 4272
7130 2 2 2 1 3046 496 5235
7131 2 2 2 1 2277 3106 4376
7132 2 2 2 1 1690 3156 3466
7133 2 2 2 1 3156 972 3466
7134 2 2 2 1 1002 2455 5064
7135 2 2 2 1 25 26 4161
7136 2 2 2 1 2455 1002 4571
7137 2 2 2 1 3330 684 3567
7138 2 2 2 1 797 2926 4063
7139 2 2 2 1 3207 1255 3669
7140 2 2 2 1 672 2847 4834
7141 2 2 2 1 2758 1523 4554
7142 2 2 2 1 1503 2466 4949
7143 2 2 2 1 2475 1332 5073
7144 2 2 2 1 3425 4486 4922
7145 2 2 2 1 1740 3757 4089
7146 2 2 2 1 2528 987 5504
7147 2 2 2 1 196 2758 4554
7148 2 2 2 1 669 2546 3984
7149 2 2 2 1 2465 1020 5597
7150 2 2 2 1 2264 3588 5406
7151 2 2 2 1 333 332 4538
7152 2 2 2 1 1666 2528 5504
7153 2 2 2 1 1741 3381 4155
7154 2 2 2 1 2949 1495 4211
7155 2 2 2 1 2224 3500 5030
7156 2 2 2 1 4027 1917 4865
7157 2 2 2 1 536 2522 5211
7158 2 2 2 1 2522 1595 5211
7159 2 2 2 1 1721 3217 4553
7160 2 2 2 1 3369 655 3593
7161 2 2 2 1 3182 1116 3513
7162 2 2 2 1 3448 732 4577
7163 2 2 2 1 3855 1326 5204
7164 2 2 2 1 5204 1326 5470
7165 2 2 2 1 1233 2993 3356
7166 2 2 2 1 741 2949 4211
7167 2 2 2 1 1290 3690 5144
7168 2 2 2 1 636 2506 4925
7169 2 2 2 1 3592 1614 4774
7170 2 2 2 1 1963 3592 4774
7171 2 2 2 1 3425 645 4714
7172 2 2 2 1 3564 3134 5178
7173 2 2 2 1 3191 1093 3388
7174 2 2 2 1 2578 898 4628
7175 2 2 2 1 421 2728 3635
7176 2 2 2 1 1537 3142 4083
7177 2 2 2 1 1510 2606 5363
7178 2 2 2 1 3142 1051 4083
7179 2 2 2 1 2671 995 3716
7180 2 2 2 1 310 309 3742
7181 2 2 2 1 2532 994 5092
7182 2 2 2 1 2461 1021 4813
7183 2 2 2 1 3663 593 3690
7184 2 2 2 1 331 2759 3737
7185 2 2 2 1 2794 1635 4897
7186 2 2 2 1 4275 1999 5048
7187 2 2 2 1 2648 1705 5568
7188 2 2 2 1 1166 2508 5330
7189 2 2 2 1 2109 4030 5382
7190 2 2 2 1 3069 1230 4430
7191 2 2 2 1 4106 642 4651
7192 2 2 2 1 100 2794 4897
7193 2 2 2 1 442 3095 3543
7194 2 2 2 1 3095 1444 3543
7195 2 2 2 1 3473 680 3856
7196 2 2 2 1 570 2571 3953
7197 2 2 2 1 3248 462 4011
7198 2 2 2 1 1538 2592 3864
7199 2 2 2 1 1309 2948 3551
7200 2 2 2 1 48 2866 4447
7201 2 2 2 1 729 3995 5343
7202 2 2 2 1 1815 3204 4820
7203 2 2 2 1 1534 3191 3388
7204 2 2 2 1 2509 1611 5294
7205 2 2 2 1 2517 1298 4239
7206 2 2 2 1 2888 750 3460
7207 2 2 2 1 3681 2351 3988
7208 2 2 2 1 1219 2748 5121
7209 2 2 2 1 731 2724 4115
7210 2 2 2 1 2724 1371 4115
7211 2 2 2 1 92 93 3560
7212 2 2 2 1 577 2501 5216
7213 2 2 2 1 639 3003 3862
7214 2 2 2 1 3003 1410 3862
7215 2 2 2 1 1445 3788 4061
7216 2 2 2 1 1226 2623 4930
7217 2 2 2 1 2948 644 3551
7218 2 2 2 1 1316 4694 5150
7219 2 2 2 1 940 3041 5207
7220 2 2 2 1 1826 3448 4577
7221 2 2 2 1 2569 708 4875
7222 2 2 2 1 1527 2569 4875
7223 2 2 2 1 686 3064 5030
7224 2 2 2 1 2296 2886 4900
7225 2 2 2 1 915 2449 4972
7226 2 2 2 1 2535 1657 5476
7227 2 2 2 1 1299 2785 3567
7228 2 2 2 1 1465 3580 4230
7229 2 2 2 1 2942 1402 3919
7230 2 2 2 1 321 2942 3919
7231 2 2 2 1 2889 1435 5146
7232 2 2 2 1 1574 2532 5092
7233 2 2 2 1 4532 149 5434
7234 2 2 2 1 954 3047 3859
7235 2 2 2 1 657 3507 3623
7236 2 2 2 1 2471 1500 4744
7237 2 2 2 1 3076 1872 5522
7238 2 2 2 1 2526 1284 4116
7239 2 2 2 1 53 54 3661
7240 2 2 2 1 68 69 4287
7241 2 2 2 1 2487 1261 4428
7242 2 2 2 1 1547 2872 3489
7243 2 2 2 1 516 2824 5201
7244 2 2 2 1 2824 1726 5201
7245 2 2 2 1 645 3509 4714
7246 2 2 2 1 1781 3871 4937
7247 2 2 2 1 155 156 4274
7248 2 2 2 1 1570 3636 5509
7249 2 2 2 1 1342 2501 5403
7250 2 2 2 1 2820 671 4318
7251 2 2 2 1 2831 552 3992
7252 2 2 2 1 871 2492 4353
7253 2 2 2 1 2562 735 4314
7254 2 2 2 1 349 2898 4861
7255 2 2 2 1 1592 4344 4891
7256 2 2 2 1 1579 3623 4407
7257 2 2 2 1 4249 2372 5470
7258 2 2 2 1 1369 3545 3966
7259 2 2 2 1 1332 2985 3635
7260 2 2 2 1 3153 765 5367
7261 2 2 2 1 895 2500 5127
7262 2 2 2 1 3312 560 4879
7263 2 2 2 1 1433 3275 3316
7264 2 2 2 1 2668 886 3857
7265 2 2 2 1 4614 1898 4935
7266 2 2 2 1 1282 2668 3857
7267 2 2 2 1 2049 2504 5177
7268 2 2 2 1 608 2477 4841
7269 2 2 2 1 1237 2680 3845
7270 2 2 2 1 3027 1509 3731
7271 2 2 2 1 3433 830 5299
7272 2 2 2 1 2911 3578 5598
7273 2 2 2 1 1997 2508 5209
7274 2 2 2 1 767 3378 4624
7275 2 2 2 1 1628 2485 4879
7276 2 2 2 1 1598 2647 3852
7277 2 2 2 1 3930 1589 4816
7278 2 2 2 1 704 2981 5384
7279 2 2 2 1 2959 612 5496
7280 2 2 2 1 3498 60 4746
7281 2 2 2 1 1427 2478 5308
7282 2 2 2 1 3047 1783 3859
7283 2 2 2 1 2503 1863 5151
7284 2 2 2 1 3154 1473 3304
7285 2 2 2 1 568 3217 4585
7286 2 2 2 1 443 3472 3844
7287 2 2 2 1 3217 1721 4585
7288 2 2 2 1 3364 477 3400
7289 2 2 2 1 1388 3364 3400
7290 2 2 2 1 2484 901 5475
7291 2 2 2 1 3472 1813 3844
7292 2 2 2 1 2779 1144 3621
7293 2 2 2 1 682 2517 4239
7294 2 2 2 1 1130 3098 3712
7295 2 2 2 1 2840 1216 5110
7296 2 2 2 1 1199 2746 3661
7297 2 2 2 1 2457 3632 4246
7298 2 2 2 1 2786 3615 4842
7299 2 2 2 1 710 3744 3795
7300 2 2 2 1 908 3208 3424
7301 2 2 2 1 3208 1454 3424
7302 2 2 2 1 2678 3144 5099
7303 2 2 2 1 2886 2356 4573
7304 2 2 2 1 3375 1286 3704
7305 2 2 2 1 2730 621 3694
7306 2 2 2 1 10 373 3982
7307 2 2 2 1 2640 1083 3835
7308 2 2 2 1 2123 4103 5425
7309 2 2 2 1 3542 1568 5185
7310 2 2 2 1 3904 1355 4208
7311 2 2 2 1 690 2708 4263
7312 2 2 2 1 633 2797 4014
7313 2 2 2 1 438 2699 4297
7314 2 2 2 1 2699 1401 4297
7315 2 2 2 1 1368 2562 4314
7316 2 2 2 1 3760 577 3839
7317 2 2 2 1 1852 3760 3839
7318 2 2 2 1 3378 1641 4058
7319 2 2 2 1 2479 1873 4636
7320 2 2 2 1 1816 3948 4869
7321 2 2 2 1 2593 1203 4004
7322 2 2 2 1 4088 1358 4542
7323 2 2 2 1 944 2561 5148
7324 2 2 2 1 2556 933 5595
7325 2 2 2 1 3022 1949 3515
7326 2 2 2 1 2975 175 4941
7327 2 2 2 1 174 2975 5126
7328 2 2 2 1 1654 3224 4453
7329 2 2 2 1 3373 640 5249
7330 2 2 2 1 944 2541 4126
7331 2 2 2 1 1251 2701 3744
7332 2 2 2 1 4501 1826 4577
7333 2 2 2 1 164 2630 3845
7334 2 2 2 1 1364 2504 4424
7335 2 2 2 1 1480 2490 5386
7336 2 2 2 1 1008 2629 5551
7337 2 2 2 1 221 222 5594
7338 2 2 2 1 1388 3400 4107
7339 2 2 2 1 1488 3973 4008
7340 2 2 2 1 829 2895 5151
7341 2 2 2 1 1782 2671 4266
7342 2 2 2 1 1223 3049 5045
7343 2 2 2 1 504 2809 4806
7344 2 2 2 1 1299 3584 4208
7345 2 2 2 1 2808 1429 3838
7346 2 2 2 1 2897 780 4762
7347 2 2 2 1 4303 1570 5509
7348 2 2 2 1 171 172 4951
7349 2 2 2 1 3776 1636 4747
7350 2 2 2 1 914 2529 5304
7351 2 2 2 1 1285 2682 3876
7352 2 2 2 1 183 184 3930
7353 2 2 2 1 806 4223 5372
7354 2 2 2 1 2493 918 5040
7355 2 2 2 1 793 4140 5106
7356 2 2 2 1 270 2996 4674
7357 2 2 2 1 1553 4326 4876
7358 2 2 2 1 639 3862 4304
7359 2 2 2 1 2856 1646 3553
7360 2 2 2 1 21 22 4644
7361 2 2 2 1 1392 2718 4259
7362 2 2 2 1 2983 64 5292
7363 2 2 2 1 3055 1199 3389
7364 2 2 2 1 1305 2538 5341
7365 2 2 2 1 193 194 4229
7366 2 2 2 1 2595 1272 5542
7367 2 2 2 1 1000 2899 4613
7368 2 2 2 1 2748 1232 5336
7369 2 2 2 1 2733 447 3700
7370 2 2 2 1 2494 1237 5036
7371 2 2 2 1 1296 2555 5097
7372 2 2 2 1 3094 1287 3366
7373 2 2 2 1 2688 466 4175
7374 2 2 2 1 985 2558 5539
7375 2 2 2 1 1820 3535 4491
7376 2 2 2 1 3535 508 4491
7377 2 2 2 1 621 3401 3694
7378 2 2 2 1 2985 421 3635
7379 2 2 2 1 3764 315 5480
7380 2 2 2 1 1891 3501 3743
7381 2 2 2 1 2989 488 4474
7382 2 2 2 1 584 3385 4874
7383 2 2 2 1 4713 1543 5320
7384 2 2 2 1 2964 409 3450
7385 2 2 2 1 2533 1323 4691
7386 2 2 2 1 2615 1266 5276
7387 2 2 2 1 2281 2908 4400
7388 2 2 2 1 2498 460 4536
7389 2 2 2 1 1431 2497 5041
7390 2 2 2 1 2682 115 3876
7391 2 2 2 1 2560 1296 5097
7392 2 2 2 1 4541 1155 5214
7393 2 2 2 1 2500 1591 4864
7394 2 2 2 1 3078 1294 3686
7395 2 2 2 1 1840 3078 3686
7396 2 2 2 1 410 2842 3974
7397 2 2 2 1 2606 456 3985
7398 2 2 2 1 2594 924 4060
7399 2 2 2 1 1359 2688 4175
7400 2 2 2 1 706 5369 5524
7401 2 2 2 1 2559 1996 5537
7402 2 2 2 1 2718 719 4259
7403 2 2 2 1 981 2533 4228
7404 2 2 2 1 1049 2872 4940
7405 2 2 2 1 2554 587 4166
7406 2 2 2 1 382 381 5272
7407 2 2 2 1 2641 1364 4424
7408 2 2 2 1 2538 588 5341
7409 2 2 2 1 3919 1402 4306
7410 2 2 2 1 3572 1001 3922
7411 2 2 2 1 290 2930 4687
7412 2 2 2 1 4340 2772 5555
7413 2 2 2 1 2255 5028 5281
7414 2 2 2 1 3830 1412 4548
7415 2 2 2 1 1962 3830 4548
7416 2 2 2 1 2701 1251 4072
7417 2 2 2 1 2242 4552 5573
7418 2 2 2 1 645 2867 3823
7419 2 2 2 1 2867 1347 3823
7420 2 2 2 1 1299 3567 4393
7421 2 2 2 1 259 260 4611
7422 2 2 2 1 2925 1762 5518
7423 2 2 2 1 3944 821 5378
7424 2 2 2 1 1530 3439 5573
7425 2 2 2 1 526 2503 4863
7426 2 2 2 1 597 4260 5072
7427 2 2 2 1 4260 2413 5072
7428 2 2 2 1 2778 58 4765
7429 2 2 2 1 2929 1045 4983
7430 2 2 2 1 1707 2929 4983
7431 2 2 2 1 1326 4249 5470
7432 2 2 2 1 527 2648 5568
7433 2 2 2 1 2519 553 4392
7434 2 2 2 1 3148 1065 4762
7435 2 2 2 1 769 2709 3788
7436 2 2 2 1 2550 1698 5421
7437 2 2 2 1 606 2909 3653
7438 2 2 2 1 2725 35 4077
7439 2 2 2 1 1377 2725 4077
7440 2 2 2 1 3105 1183 3377
7441 2 2 2 1 466 3096 3382
7442 2 2 2 1 2973 641 3573
7443 2 2 2 1 2505 1467 4592
7444 2 2 2 1 1517 3986 4827
7445 2 2 2 1 3986 2143 4827
7446 2 2 2 1 2603 10 3982
7447 2 2 2 1 350 349 4861
7448 2 2 2 1 55 3416 5160
7449 2 2 2 1 1639 2505 5068
7450 2 2 2 1 2094 2877 4465
7451 2 2 2 1 2681 1051 3837
7452 2 2 2 1 1556 3396 4977
7453 2 2 2 1 701 3811 4685
7454 2 2 2 1 1766 3177 4928
7455 2 2 2 1 278 277 4282
7456 2 2 2 1 1018 2661 3895
7457 2 2 2 1 2506 636 4749
7458 2 2 2 1 163 164 3845
7459 2 2 2 1 1671 3495 4311
7460 2 2 2 1 2581 1866 4119
7461 2 2 2 1 894 2530 5197
7462 2 2 2 1 553 2712 4912
7463 2 2 2 1 4176 3176 5193
7464 2 2 2 1 1262 3104 3717
7465 2 2 2 1 2849 2082 4518
7466 2 2 2 1 904 2570 4227
7467 2 2 2 1 2570 1327 4227
7468 2 2 2 1 3052 1099 3976
7469 2 2 2 1 662 2703 5427
7470 2 2 2 1 1568 2527 5185
7471 2 2 2 1 2527 691 5185
7472 2 2 2 1 2508 848 4793
7473 2 2 2 1 2665 698 3894
7474 2 2 2 1 2526 775 4367
7475 2 2 2 1 2979 996 5133
7476 2 2 2 1 3953 1121 4501
7477 2 2 2 1 3476 1512 3824
7478 2 2 2 1 1379 3709 5569
7479 2 2 2 1 4458 608 4841
7480 2 2 2 1 1313 2973 3573
7481 2 2 2 1 2621 549 4008
7482 2 2 2 1 1050 3045 4821
7483 2 2 2 1 740 3734 4816
7484 2 2 2 1 3047 1710 5076
7485 2 2 2 1 342 341 3493
7486 2 2 2 1 2635 305 3937
7487 2 2 2 1 4175 466 4955
7488 2 2 2 1 4671 3322 5401
7489 2 2 2 1 3738 1316 5150
7490 2 2 2 1 1729 2780 4185
7491 2 2 2 1 978 2531 4387
7492 2 2 2 1 3356 1343 3382
7493 2 2 2 1 201 202 4706
7494 2 2 2 1 918 3352 5582
7495 2 2 2 1 85 86 5169
7496 2 2 2 1 2518 965 4531
7497 2 2 2 1 3644 1308 5152
7498 2 2 2 1 4436 826 4775
7499 2 2 2 1 1653 5129 5487
7500 2 2 2 1 3153 1229 3365
7501 2 2 2 1 291 290 4687
7502 2 2 2 1 1258 2710 4181
7503 2 2 2 1 2257 3099 4041
7504 2 2 2 1 2539 1137 5241
7505 2 2 2 1 1023 3107 5267
7506 2 2 2 1 3527 989 4986
7507 2 2 2 1 1638 3230 5526
7508 2 2 2 1 96 97 5561
7509 2 2 2 1 980 2687 3866
7510 2 2 2 1 2008 3440 5365
7511 2 2 2 1 1399 2686 4097
7512 2 2 2 1 2497 1006 5041
7513 2 2 2 1 2899 1929 3570
7514 2 2 2 1 2538 1305 4707
7515 2 2 2 1 1806 3718 4307
7516 2 2 2 1 1254 2653 3954
7517 2 2 2 1 288 287 4627
7518 2 2 2 1 2516 720 4798
7519 2 2 2 1 707 2716 3821
7520 2 2 2 1 2918 947 4803
7521 2 2 2 1 3405 1420 3856
7522 2 2 2 1 1542 3405 3856
7523 2 2 2 1 3021 1201 4337
7524 2 2 2 1 2272 3119 4032
7525 2 2 2 1 4411 2860 4878
7526 2 2 2 1 3718 412 4307
7527 2 2 2 1 2513 890 4736
7528 2 2 2 1 2913 312 4653
7529 2 2 2 1 3629 1739 5056
7530 2 2 2 1 448 2745 3783
7531 2 2 2 1 572 4033 5556
7532 2 2 2 1 4033 2482 5556
7533 2 2 2 1 2539 1545 4729
7534 2 2 2 1 2616 31 4049
7535 2 2 2 1 1124 2940 3523
7536 2 2 2 1 3465 1117 3487
7537 2 2 2 1 2705 537 4433
7538 2 2 2 1 2069 3465 3487
7539 2 2 2 1 170 3076 5522
7540 2 2 2 1 3275 1224 3316
7541 2 2 2 1 462 3480 4011
7542 2 2 2 1 1755 2584 4218
7543 2 2 2 1 46 47 5180
7544 2 2 2 1 2775 1517 4470
7545 2 2 2 1 80 2775 4470
7546 2 2 2 1 11 12 4617
7547 2 2 2 1 1254 3805 5120
7548 2 2 2 1 2858 1055 4957
7549 2 2 2 1 1242 2991 3491
7550 2 2 2 1 492 2520 4479
7551 2 2 2 1 2547 1187 4338
7552 2 2 2 1 3064 686 5494
7553 2 2 2 1 447 2540 5184
7554 2 2 2 1 109 110 4838
7555 2 2 2 1 2902 1808 5463
7556 2 2 2 1 554 2902 5463
7557 2 2 2 1 2884 999 4338
7558 2 2 2 1 3058 1519 5205
7559 2 2 2 1 928 2617 4139
7560 2 2 2 1 4050 1899 4290
7561 2 2 2 1 3421 1578 4635
7562 2 2 2 1 2659 431 3961
7563 2 2 2 1 1165 2541 5131
7564 2 2 2 1 466 2688 3950
7565 2 2 2 1 3084 5237 5247
7566 2 2 2 1 2788 444 4352
7567 2 2 2 1 1435 2788 4352
7568 2 2 2 1 1546 2980 5149
7569 2 2 2 1 1375 3158 3650
7570 2 2 2 1 1559 3517 4449
7571 2 2 2 1 3517 1777 4449
7572 2 2 2 1 305 304 3937
7573 2 2 2 1 1677 3186 4599
7574 2 2 2 1 2855 657 3623
7575 2 2 2 1 1464 3853 4943
7576 2 2 2 1 1362 3206 3544
7577 2 2 2 1 1264 2678 5281
7578 2 2 2 1 728 5254 5560
7579 2 2 2 1 2529 108 4511
7580 2 2 2 1 2810 1161 3874
7581 2 2 2 1 2250 4189 4866
7582 2 2 2 1 3084 1052 5237
7583 2 2 2 1 4266 2509 5294
7584 2 2 2 1 919 4266 5294
7585 2 2 2 1 3206 654 3544
7586 2 2 2 1 972 2705 4814
7587 2 2 2 1 3100 161 4700
7588 2 2 2 1 4189 1631 4866
7589 2 2 2 1 3812 789 4649
7590 2 2 2 1 1573 3597 3738
7591 2 2 2 1 3597 1316 3738
7592 2 2 2 1 1758 4310 5304
7593 2 2 2 1 2534 852 5460
7594 2 2 2 1 4660 622 5567
7595 2 2 2 1 602 2686 3836
7596 2 2 2 1 133 134 5161
7597 2 2 2 1 617 2649 5483
7598 2 2 2 1 4049 32 4350
7599 2 2 2 1 4774 1614 4986
7600 2 2 2 1 2578 417 5484
7601 2 2 2 1 3158 632 3650
7602 2 2 2 1 1277 2652 4942
7603 2 2 2 1 2537 920 4502
7604 2 2 2 1 766 2815 4915
7605 2 2 2 1 1086 3285 4311
7606 2 2 2 1 829 2582 5311
7607 2 2 2 1 2582 1616 5311
7608 2 2 2 1 762 2917 3755
7609 2 2 2 1 4759 1860 5574
7610 2 2 2 1 1315 2921 3692
7611 2 2 2 1 2921 705 3692
7612 2 2 2 1 2795 486 4220
7613 2 2 2 1 4593 426 5000
7614 2 2 2 1 2532 1574 5139
7615 2 2 2 1 2557 1895 4743
7616 2 2 2 1 637 2533 4691
7617 2 2 2 1 22 3108 4644
7618 2 2 2 1 1770 3907 5051
7619 2 2 2 1 199 2557 4743
7620 2 2 2 1 2618 984 4979
7621 2 2 2 1 1417 3863 4376
7622 2 2 2 1 2809 2422 5075
7623 2 2 2 1 3211 1737 5325
7624 2 2 2 1 1956 3930 4816
7625 2 2 2 1 3118 1504 3571
7626 2 2 2 1 1576 3438 4190
7627 2 2 2 1 359 358 3603
7628 2 2 2 1 1189 2531 4818
7629 2 2 2 1 979 2540 4890
7630 2 2 2 1 2347 3339 5298
7631 2 2 2 1 2761 930 4919
7632 2 2 2 1 938 2652 4579
7633 2 2 2 1 851 4050 4290
7634 2 2 2 1 2837 685 3678
7635 2 2 2 1 1497 3250 3441
7636 2 2 2 1 1155 3012 3508
7637 2 2 2 1 2682 1285 3962
7638 2 2 2 1 3144 628 3911
7639 2 2 2 1 76 2 4779
7640 2 2 2 1 2 77 4779
7641 2 2 2 1 2546 669 5129
7642 2 2 2 1 214 215 4859
7643 2 2 2 1 2785 406 3800
7644 2 2 2 1 3250 395 3441
7645 2 2 2 1 3051 1718 5353
7646 2 2 2 1 2675 432 3977
7647 2 2 2 1 842 3241 3505
7648 2 2 2 1 3241 1575 3505
7649 2 2 2 1 2847 1594 4834
7650 2 2 2 1 20 2566 5269
7651 2 2 2 1 2566 2217 5269
7652 2 2 2 1 1317 3263 3370
7653 2 2 2 1 3097 27 5399
7654 2 2 2 1 1436 4056 5291
7655 2 2 2 1 478 4232 4407
7656 2 2 2 1 2674 1324 3996
7657 2 2 2 1 1800 3498 4746
7658 2 2 2 1 1051 2681 4083
7659 2 2 2 1 434 2652 4656
7660 2 2 2 1 1009 3255 5472
7661 2 2 2 1 658 2963 4191
7662 2 2 2 1 3116 1659 4801
7663 2 2 2 1 2125 3404 5279
7664 2 2 2 1 312 311 4653
7665 2 2 2 1 4568 1530 5573
7666 2 2 2 1 2523 1793 4763
7667 2 2 2 1 1271 2813 3767
7668 2 2 2 1 513 3969 4320
7669 2 2 2 1 3969 1896 4320
7670 2 2 2 1 2966 1933 3559
7671 2 2 2 1 2907 675 4799
7672 2 2 2 1 2482 3555 4098
7673 2 2 2 1 1785 2544 5049
7674 2 2 2 1 3726 666 3731
7675 2 2 2 1 909 2642 4764
7676 2 2 2 1 2664 1283 4617
7677 2 2 2 1 2324 4345 5364
7678 2 2 2 1 1422 2579 5413
7679 2 2 2 1 1699 2568 4383
7680 2 2 2 1 1440 3879 4488
7681 2 2 2 1 2568 307 4383
7682 2 2 2 1 898 2578 5413
7683 2 2 2 1 1984 3714 4953
7684 2 2 2 1 2686 602 4097
7685 2 2 2 1 2579 898 5413
7686 2 2 2 1 4598 2492 5567
7687 2 2 2 1 1525 2838 4687
7688 2 2 2 1 4161 1681 4165
7689 2 2 2 1 2693 558 4422
7690 2 2 2 1 3263 623 3370
7691 2 2 2 1 3225 1778 5091
7692 2 2 2 1 2592 1090 5553
7693 2 2 2 1 412 4127 4625
7694 2 2 2 1 3609 773 5057
7695 2 2 2 1 3879 1939 4488
7696 2 2 2 1 4467 2198 4797
7697 2 2 2 1 716 2633 4134
7698 2 2 2 1 3233 1757 3865
7699 2 2 2 1 1238 3011 4580
7700 2 2 2 1 3505 1290 4902
7701 2 2 2 1 3440 831 5365
7702 2 2 2 1 1788 3121 4283
7703 2 2 2 1 4015 1723 5055
7704 2 2 2 1 1589 3930 4062
7705 2 2 2 1 2009 3550 5566
7706 2 2 2 1 1268 2701 5189
7707 2 2 2 1 189 3180 4078
7708 2 2 2 1 2028 3609 5057
7709 2 2 2 1 2554 1073 5098
7710 2 2 2 1 1655 4571 5315
7711 2 2 2 1 1308 2692 4158
7712 2 2 2 1 3416 1905 5160
7713 2 2 2 1 131 2747 4312
7714 2 2 2 1 660 2662 4574
7715 2 2 2 1 3163 1766 4928
7716 2 2 2 1 2597 1660 4264
7717 2 2 2 1 219 3290 4457
7718 2 2 2 1 1619 2907 4799
7719 2 2 2 1 2944 1248 3594
7720 2 2 2 1 2761 1576 5238
7721 2 2 2 1 1371 2773 4443
7722 2 2 2 1 3918 790 4725
7723 2 2 2 1 743 3163 4928
7724 2 2 2 1 935 3861 5322
7725 2 2 2 1 1898 2542 4935
7726 2 2 2 1 3787 1034 5550
7727 2 2 2 1 116 2846 3876
7728 2 2 2 1 2548 545 4782
7729 2 2 2 1 545 2548 4823
7730 2 2 2 1 2375 4536 4805
7731 2 2 2 1 510 2560 5097
7732 2 2 2 1 1284 2767 4116
7733 2 2 2 1 1774 2555 5043
7734 2 2 2 1 1038 2574 4427
7735 2 2 2 1 2758 1111 4425
7736 2 2 2 1 1523 2758 4425
7737 2 2 2 1 4080 691 4740
7738 2 2 2 1 2323 4593 5000
7739 2 2 2 1 476 2845 4129
7740 2 2 2 1 2110 4080 4740
7741 2 2 2 1 3974 1239 5414
7742 2 2 2 1 4536 460 4805
7743 2 2 2 1 2813 400 3767
7744 2 2 2 1 3540 1455 3979
7745 2 2 2 1 3091 1276 3778
7746 2 2 2 1 2168 3057 3934
7747 2 2 2 1 1895 2557 5013
7748 2 2 2 1 2675 928 4139
7749 2 2 2 1 3379 1697 4421
7750 2 2 2 1 268 2826 3902
7751 2 2 2 1 234 235 4483
7752 2 2 2 1 3922 436 5449
7753 2 2 2 1 3049 2053 4233
7754 2 2 2 1 2585 946 5275
7755 2 2 2 1 2096 3944 5378
7756 2 2 2 1 2642 1574 5113
7757 2 2 2 1 2870 692 3699
7758 2 2 2 1 2572 940 5207
7759 2 2 2 1 2568 1699 4632
7760 2 2 2 1 2556 482 4688
7761 2 2 2 1 2589 943 4903
7762 2 2 2 1 1937 2802 4039
7763 2 2 2 1 764 3379 4421
7764 2 2 2 1 669 3068 5129
7765 2 2 2 1 783 4249 4742
7766 2 2 2 1 1807 2587 5423
7767 2 2 2 1 2909 1333 3653
7768 2 2 2 1 1166 3218 3421
7769 2 2 2 1 604 2632 4177
7770 2 2 2 1 1307 2826 3772
7771 2 2 2 1 3094 1288 3715
7772 2 2 2 1 3293 1789 5533
7773 2 2 2 1 966 2864 4927
7774 2 2 2 1 108 109 4511
7775 2 2 2 1 678 2782 5510
7776 2 2 2 1 1594 4365 4834
7777 2 2 2 1 653 2642 5113
7778 2 2 2 1 2951 339 3896
7779 2 2 2 1 398 2570 4564
7780 2 2 2 1 4669 842 4902
7781 2 2 2 1 1687 4325 5491
7782 2 2 2 1 2611 918 5582
7783 2 2 2 1 56 57 4690
7784 2 2 2 1 2684 1024 4723
7785 2 2 2 1 1959 4581 4915
7786 2 2 2 1 97 98 3935
7787 2 2 2 1 632 3082 3528
7788 2 2 2 1 1304 2667 5255
7789 2 2 2 1 5055 1723 5529
7790 2 2 2 1 1289 3460 4831
7791 2 2 2 1 3745 1400 4279
7792 2 2 2 1 938 2573 5002
7793 2 2 2 1 2712 1544 4912
7794 2 2 2 1 3714 739 4953
7795 2 2 2 1 332 331 3737
7796 2 2 2 1 2638 990 4226
7797 2 2 2 1 2565 1017 4664
7798 2 2 2 1 2692 726 5412
7799 2 2 2 1 1663 2692 5412
7800 2 2 2 1 2584 1755 5243
7801 2 2 2 1 3415 412 4625
7802 2 2 2 1 2767 1284 4120
7803 2 2 2 1 932 3710 4473
7804 2 2 2 1 3710 1848 4473
7805 2 2 2 1 1897 3812 4649
7806 2 2 2 1 846 4541 4837
7807 2 2 2 1 3422 794 5285
7808 2 2 2 1 2984 1148 3680
7809 2 2 2 1 688 2574 4629
7810 2 2 2 1 2574 1408 4629
7811 2 2 2 1 1478 2684 4723
7812 2 2 2 1 2575 1467 5119
7813 2 2 2 1 3857 886 5259
7814 2 2 2 1 537 2800 4433
7815 2 2 2 1 2576 556 5087
7816 2 2 2 1 2566 1469 5059
7817 2 2 2 1 2766 186 3913
7818 2 2 2 1 2744 1139 3978
7819 2 2 2 1 1389 3908 4788
7820 2 2 2 1 1290 3658 4902
7821 2 2 2 1 677 2853 3761
7822 2 2 2 1 1318 3590 4273
7823 2 2 2 1 3394 2455 4885
7824 2 2 2 1 3225 1961 3985
7825 2 2 2 1 84 85 4071
7826 2 2 2 1 815 4275 5048
7827 2 2 2 1 5344 1742 5410
7828 2 2 2 1 212 2783 4386
7829 2 2 2 1 2569 998 4801
7830 2 2 2 1 3656 1995 5479
7831 2 2 2 1 2600 1367 5455
7832 2 2 2 1 1374 2675 4139
7833 2 2 2 1 3292 681 4178
7834 2 2 2 1 3091 1571 4007
7835 2 2 2 1 3494 1428 3917
7836 2 2 2 1 1566 3494 3917
7837 2 2 2 1 1787 4750 5135
7838 2 2 2 1 3630 1874 5503
7839 2 2 2 1 1548 3499 4731
7840 2 2 2 1 3015 401 4586
7841 2 2 2 1 2611 432 5502
7842 2 2 2 1 260 261 3625
7843 2 2 2 1 3875 1553 4876
7844 2 2 2 1 989 2624 5555
7845 2 2 2 1 469 2701 4072
7846 2 2 2 1 2663 4203 4803
7847 2 2 2 1 2737 617 5483
7848 2 2 2 1 416 3868 5109
7849 2 2 2 1 456 3225 3985
7850 2 2 2 1 1808 3835 5462
7851 2 2 2 1 1316 3597 4498
7852 2 2 2 1 1742 4159 5410
7853 2 2 2 1 1616 2582 5109
7854 2 2 2 1 1483 4467 4797
7855 2 2 2 1 4179 1365 4330
7856 2 2 2 1 1958 4179 4330
7857 2 2 2 1 1223 2604 5426
7858 2 2 2 1 1170 3168 3548
7859 2 2 2 1 1020 3516 5288
7860 2 2 2 1 363 362 3867
7861 2 2 2 1 3733 1425 4475
7862 2 2 2 1 2813 1271 4258
7863 2 2 2 1 2624 712 4340
7864 2 2 2 1 495 2575 5119
7865 2 2 2 1 2431 4076 5494
7866 2 2 2 1 204 3204 5461
7867 2 2 2 1 1051 3030 3837
7868 2 2 2 1 3030 1437 3837
7869 2 2 2 1 413 2590 4492
7870 2 2 2 1 2587 843 5130
7871 2 2 2 1 2629 523 4325
7872 2 2 2 1 2577 1077 4978
7873 2 2 2 1 743 3213 3947
7874 2 2 2 1 1499 2577 4978
7875 2 2 2 1 3213 1457 3947
7876 2 2 2 1 1160 2627 4343
7877 2 2 2 1 2832 1474 4481
7878 2 2 2 1 3406 1295 4663
7879 2 2 2 1 2695 1484 4740
7880 2 2 2 1 628 3318 3911
7881 2 2 2 1 691 2695 4740
7882 2 2 2 1 3289 490 4234
7883 2 2 2 1 1613 3231 4371
7884 2 2 2 1 789 3812 5253
7885 2 2 2 1 1369 2951 3896
7886 2 2 2 1 2684 123 4118
7887 2 2 2 1 3231 699 4371
7888 2 2 2 1 1438 3963 5571
7889 2 2 2 1 73 74 4420
7890 2 2 2 1 1718 2602 5353
7891 2 2 2 1 1845 2614 5274
7892 2 2 2 1 3523 2322 4647
7893 2 2 2 1 1267 3040 4084
7894 2 2 2 1 2919 411 3936
7895 2 2 2 1 3748 1617 4276
7896 2 2 2 1 3029 593 3663
7897 2 2 2 1 1322 3029 3663
7898 2 2 2 1 2063 3811 5142
7899 2 2 2 1 987 3496 5504
7900 2 2 2 1 1595 4858 5211
7901 2 2 2 1 1752 3841 4517
7902 2 2 2 1 375 374 3889
7903 2 2 2 1 3470 802 4935
7904 2 2 2 1 751 2877 4173
7905 2 2 2 1 4376 3863 5578
7906 2 2 2 1 2656 591 4281
7907 2 2 2 1 58 59 4765
7908 2 2 2 1 3573 641 3790
7909 2 2 2 1 1374 2611 5502
7910 2 2 2 1 2735 1295 4794
7911 2 2 2 1 2613 2143 5407
7912 2 2 2 1 437 2874 3793
7913 2 2 2 1 2874 1301 3793
7914 2 2 2 1 24 25 4165
7915 2 2 2 1 1536 2619 4616
7916 2 2 2 1 1481 2838 3831
7917 2 2 2 1 2796 1072 3923
7918 2 2 2 1 2894 1939 3879
7919 2 2 2 1 2654 416 4300
7920 2 2 2 1 494 2894 3879
7921 2 2 2 1 308 307 4868
7922 2 2 2 1 2619 634 4616
7923 2 2 2 1 962 2749 4945
7924 2 2 2 1 1295 3441 4663
7925 2 2 2 1 2816 1529 4903
7926 2 2 2 1 1659 3127 3649
7927 2 2 2 1 3127 1366 3649
7928 2 2 2 1 454 2589 4661
7929 2 2 2 1 2637 705 5557
7930 2 2 2 1 3859 1783 4221
7931 2 2 2 1 1318 3566 3590
7932 2 2 2 1 3566 1470 3590
7933 2 2 2 1 223 224 3668
7934 2 2 2 1 1200 3185 3530
7935 2 2 2 1 3368 1129 3951
7936 2 2 2 1 968 2703 4154
7937 2 2 2 1 2958 3912 4911
7938 2 2 2 1 1350 4073 5025
7939 2 2 2 1 1381 3859 4221
7940 2 2 2 1 1943 5323 5543
7941 2 2 2 1 1719 3272 4703
7942 2 2 2 1 1586 2918 4803
7943 2 2 2 1 799 4128 4992
7944 2 2 2 1 3272 1178 4703
7945 2 2 2 1 1581 3171 3786
7946 2 2 2 1 1895 5013 5136
7947 2 2 2 1 3842 1856 4426
7948 2 2 2 1 800 3842 4426
7949 2 2 2 1 1168 3481 4068
7950 2 2 2 1 3481 1606 4068
7951 2 2 2 1 1092 3317 5179
7952 2 2 2 1 2697 1567 5176
7953 2 2 2 1 3317 1883 5179
7954 2 2 2 1 4342 1565 4429
7955 2 2 2 1 3083 2095 5499
7956 2 2 2 1 1272 3354 5561
7957 2 2 2 1 1143 3854 5317
7958 2 2 2 1 851 4290 4768
7959 2 2 2 1 1524 5025 5118
7960 2 2 2 1 2690 937 5571
7961 2 2 2 1 1723 3046 5235
7962 2 2 2 1 2917 1267 3755
7963 2 2 2 1 1225 2845 3848
7964 2 2 2 1 4290 2197 4768
7965 2 2 2 1 1639 2620 5366
7966 2 2 2 1 139 140 3703
7967 2 2 2 1 3290 1633 4457
7968 2 2 2 1 3307 249 4525
7969 2 2 2 1 2617 1725 4507
7970 2 2 2 1 1566 2591 5337
7971 2 2 2 1 523 2629 5438
7972 2 2 2 1 4305 755 5026
7973 2 2 2 1 3340 1274 5169
7974 2 2 2 1 3252 11 4617
7975 2 2 2 1 136 137 3815
7976 2 2 2 1 1505 2783 4692
7977 2 2 2 1 2783 1009 4692
7978 2 2 2 1 3999 2945 5346
7979 2 2 2 1 4733 2469 4825
7980 2 2 2 1 1544 2712 4324
7981 2 2 2 1 2826 1307 3902
7982 2 2 2 1 470 2941 4145
7983 2 2 2 1 545 4823 5135
7984 2 2 2 1 1035 2895 4679
7985 2 2 2 1 2520 3013 4479
7986 2 2 2 1 863 3131 4322
7987 2 2 2 1 2710 770 4181
7988 2 2 2 1 1962 3048 4217
7989 2 2 2 1 3048 936 4217
7990 2 2 2 1 1048 3225 5091
7991 2 2 2 1 2372 4249 5589
7992 2 2 2 1 2852 716 3853
7993 2 2 2 1 932 2616 4812
7994 2 2 2 1 4272 1496 4847
7995 2 2 2 1 2229 4272 4847
7996 2 2 2 1 2877 1764 4465
7997 2 2 2 1 1514 3907 4127
7998 2 2 2 1 2846 1285 3876
7999 2 2 2 1 1207 4688 5154
8000 2 2 2 1 1457 2625 5349
8001 2 2 2 1 3174 1283 4178
8002 2 2 2 1 1632 3174 4178
8003 2 2 2 1 110 111 4379
8004 2 2 2 1 3907 1770 4127
8005 2 2 2 1 5254 2386 5560
8006 2 2 2 1 3586 1511 3691
8007 2 2 2 1 484 3586 3691
8008 2 2 2 1 202 2601 4706
8009 2 2 2 1 2892 1558 3808
8010 2 2 2 1 1162 3619 4336
8011 2 2 2 1 3619 1739 4336
8012 2 2 2 1 3357 1506 3946
8013 2 2 2 1 721 3357 3946
8014 2 2 2 1 3040 1267 4373
8015 2 2 2 1 1596 3518 4029
8016 2 2 2 1 3518 737 4029
8017 2 2 2 1 3101 506 3873
8018 2 2 2 1 1567 2697 5198
8019 2 2 2 1 1556 2605 4738
8020 2 2 2 1 1968 3675 4938
8021 2 2 2 1 900 4733 4825
8022 2 2 2 1 655 3032 5331
8023 2 2 2 1 3249 1249 3507
8024 2 2 2 1 914 2598 4884
8025 2 2 2 1 2845 1225 4129
8026 2 2 2 1 1007 2596 4995
8027 2 2 2 1 3675 785 4938
8028 2 2 2 1 1117 3465 5021
8029 2 2 2 1 5077 715 5096
8030 2 2 2 1 1391 3543 3579
8031 2 2 2 1 2860 1610 3861
8032 2 2 2 1 3221 1376 4415
8033 2 2 2 1 115 116 3876
8034 2 2 2 1 1097 2950 4130
8035 2 2 2 1 3543 1444 3579
8036 2 2 2 1 2839 959 4357
8037 2 2 2 1 2609 1446 5020
8038 2 2 2 1 1099 3052 5373
8039 2 2 2 1 153 154 3702
8040 2 2 2 1 2588 1465 5168
8041 2 2 2 1 2797 1230 4014
8042 2 2 2 1 3392 1186 3562
8043 2 2 2 1 1422 2839 4357
8044 2 2 2 1 1799 3101 3873
8045 2 2 2 1 3709 1379 4254
8046 2 2 2 1 1910 2634 5430
8047 2 2 2 1 3399 649 4698
8048 2 2 2 1 185 2766 4062
8049 2 2 2 1 2768 1620 4051
8050 2 2 2 1 1240 2753 4103
8051 2 2 2 1 2612 684 4810
8052 2 2 2 1 668 2727 4236
8053 2 2 2 1 1672 3708 4251
8054 2 2 2 1 4639 1448 4753
8055 2 2 2 1 3448 1826 3730
8056 2 2 2 1 885 3226 4296
8057 2 2 2 1 1170 2647 5486
8058 2 2 2 1 2975 4941 5550
8059 2 2 2 1 3442 1480 3443
8060 2 2 2 1 1269 3442 3443
8061 2 2 2 1 2974 1700 4150
8062 2 2 2 1 591 2656 5535
8063 2 2 2 1 2819 1730 4136
8064 2 2 2 1 1132 3448 3730
8065 2 2 2 1 3928 1392 4259
8066 2 2 2 1 952 2615 5276
8067 2 2 2 1 393 392 3732
8068 2 2 2 1 802 3470 5312
8069 2 2 2 1 3959 1944 5449
8070 2 2 2 1 2673 1396 4513
8071 2 2 2 1 468 3619 4468
8072 2 2 2 1 715 3366 5096
8073 2 2 2 1 976 2645 4497
8074 2 2 2 1 1730 3598 5500
8075 2 2 2 1 2908 399 4400
8076 2 2 2 1 2620 441 5138
8077 2 2 2 1 2731 722 4965
8078 2 2 2 1 2708 690 5032
8079 2 2 2 1 979 2925 5518
8080 2 2 2 1 1435 3195 5146
8081 2 2 2 1 2058 4881 5578
8082 2 2 2 1 3041 940 5474
8083 2 2 2 1 2637 1084 5340
8084 2 2 2 1 2827 1010 3955
8085 2 2 2 1 256 3310 5156
8086 2 2 2 1 3812 2087 5253
8087 2 2 2 1 1883 3262 5179
8088 2 2 2 1 1799 3873 4285
8089 2 2 2 1 1816 3928 4259
8090 2 2 2 1 2923 1286 4299
8091 2 2 2 1 1437 2620 5138
8092 2 2 2 1 2617 605 5034
8093 2 2 2 1 2688 1526 5390
8094 2 2 2 1 2859 631 4657
8095 2 2 2 1 5377 3001 5549
8096 2 2 2 1 2722 533 4237
8097 2 2 2 1 3470 2004 5312
8098 2 2 2 1 1459 3558 4206
8099 2 2 2 1 2147 3270 4115
8100 2 2 2 1 3270 731 4115
8101 2 2 2 1 3873 1411 4285
8102 2 2 2 1 1967 3659 4969
8103 2 2 2 1 970 2650 5218
8104 2 2 2 1 2686 1399 4535
8105 2 2 2 1 926 2635 4708
8106 2 2 2 1 2733 1180 4219
8107 2 2 2 1 2741 689 5159
8108 2 2 2 1 3372 1502 3940
8109 2 2 2 1 667 3372 3940
8110 2 2 2 1 2835 1311 4146
8111 2 2 2 1 3245 1724 5062
8112 2 2 2 1 5223 1123 5249
8113 2 2 2 1 3832 669 5188
8114 2 2 2 1 703 2767 4120
8115 2 2 2 1 1712 2668 5583
8116 2 2 2 1 2896 1616 3868
8117 2 2 2 1 3678 685 3883
8118 2 2 2 1 1759 4131 5208
8119 2 2 2 1 3948 1816 4259
8120 2 2 2 1 2625 1076 5349
8121 2 2 2 1 719 3948 4259
8122 2 2 2 1 2731 1089 4231
8123 2 2 2 1 742 3774 4185
8124 2 2 2 1 3774 1729 4185
8125 2 2 2 1 3043 1315 3692
8126 2 2 2 1 924 2686 4535
8127 2 2 2 1 2726 622 4660
8128 2 2 2 1 1450 2726 4660
8129 2 2 2 1 4155 611 5423
8130 2 2 2 1 3340 87 5562
8131 2 2 2 1 3203 230 3877
8132 2 2 2 1 1415 3203 3877
8133 2 2 2 1 267 268 3902
8134 2 2 2 1 1470 2784 4620
8135 2 2 2 1 2784 499 4620
8136 2 2 2 1 1790 3107 5067
8137 2 2 2 1 3325 1263 3589
8138 2 2 2 1 67 68 4093
8139 2 2 2 1 847 5368 5537
8140 2 2 2 1 1188 2920 4486
8141 2 2 2 1 2920 1505 4486
8142 2 2 2 1 3178 1033 5418
8143 2 2 2 1 1862 3178 5418
8144 2 2 2 1 3020 521 5371
8145 2 2 2 1 2743 1340 4225
8146 2 2 2 1 1752 4517 5372
8147 2 2 2 1 1147 2657 4519
8148 2 2 2 1 996 2646 5133
8149 2 2 2 1 5025 2412 5118
8150 2 2 2 1 3323 718 3554
8151 2 2 2 1 316 315 3764
8152 2 2 2 1 611 3381 4205
8153 2 2 2 1 1075 2745 4668
8154 2 2 2 1 1605 3462 3509
8155 2 2 2 1 3353 51 4961
8156 2 2 2 1 2781 1330 4720
8157 2 2 2 1 1704 3254 4035
8158 2 2 2 1 2842 1239 3974
8159 2 2 2 1 2675 1374 5502
8160 2 2 2 1 1359 3323 3554
8161 2 2 2 1 2652 1277 4579
8162 2 2 2 1 2644 620 4672
8163 2 2 2 1 1476 2641 4809
8164 2 2 2 1 1613 4371 4553
8165 2 2 2 1 3050 1306 3938
8166 2 2 2 1 265 2960 5079
8167 2 2 2 1 2960 1680 5079
8168 2 2 2 1 1354 3180 3798
8169 2 2 2 1 3265 1132 3849
8170 2 2 2 1 1299 4393 5588
8171 2 2 2 1 2647 1598 5486
8172 2 2 2 1 2875 607 4331
8173 2 2 2 1 3236 1075 4668
8174 2 2 2 1 3180 1849 3798
8175 2 2 2 1 3074 2187 3855
8176 2 2 2 1 706 3074 3855
8177 2 2 2 1 1676 5017 5450
8178 2 2 2 1 2641 4424 4809
8179 2 2 2 1 1361 2796 4637
8180 2 2 2 1 806 4517 5420
8181 2 2 2 1 3612 478 4407
8182 2 2 2 1 831 4194 5016
8183 2 2 2 1 4705 2453 5260
8184 2 2 2 1 3533 650 3704
8185 2 2 2 1 2980 613 3773
8186 2 2 2 1 3776 637 3910
8187 2 2 2 1 2646 527 5568
8188 2 2 2 1 1016 3165 3615
8189 2 2 2 1 1090 4751 5477
8190 2 2 2 1 1884 3422 5285
8191 2 2 2 1 3576 682 3806
8192 2 2 2 1 1636 3776 3910
8193 2 2 2 1 3991 1543 4719
8194 2 2 2 1 1644 5377 5549
8195 2 2 2 1 3409 1564 3778
8196 2 2 2 1 3240 1159 3616
8197 2 2 2 1 1195 3165 5234
8198 2 2 2 1 406 3001 3800
8199 2 2 2 1 2652 434 4942
8200 2 2 2 1 2994 651 3769
8201 2 2 2 1 1645 3112 5375
8202 2 2 2 1 1778 2679 4485
8203 2 2 2 1 2444 3438 4919
8204 2 2 2 1 3324 1162 4336
8205 2 2 2 1 121 122 4490
8206 2 2 2 1 3400 1559 4107
8207 2 2 2 1 813 3037 5445
8208 2 2 2 1 3037 1798 5445
8209 2 2 2 1 12 2664 4617
8210 2 2 2 1 773 3609 4434
8211 2 2 2 1 656 2872 4761
8212 2 2 2 1 2872 1547 4761
8213 2 2 2 1 2673 1002 5064
8214 2 2 2 1 3367 491 4380
8215 2 2 2 1 499 4113 4620
8216 2 2 2 1 4113 2019 4620
8217 2 2 2 1 432 2675 5502
8218 2 2 2 1 3006 935 5433
8219 2 2 2 1 1167 3146 3666
8220 2 2 2 1 3609 1869 4434
8221 2 2 2 1 4315 2152 5525
8222 2 2 2 1 3514 1703 4438
8223 2 2 2 1 2709 1389 4389
8224 2 2 2 1 28 3224 5399
8225 2 2 2 1 3224 1867 5399
8226 2 2 2 1 558 2693 5508
8227 2 2 2 1 2447 3036 4790
8228 2 2 2 1 2720 408 4364
8229 2 2 2 1 3126 1855 4683
8230 2 2 2 1 2653 1669 4859
8231 2 2 2 1 3290 220 4086
8232 2 2 2 1 1503 3290 4086
8233 2 2 2 1 3135 1425 3733
8234 2 2 2 1 1867 3224 4587
8235 2 2 2 1 3089 584 3705
8236 2 2 2 1 1109 3135 3733
8237 2 2 2 1 3519 2280 4563
8238 2 2 2 1 1596 3268 3797
8239 2 2 2 1 3001 2046 3800
8240 2 2 2 1 2747 1460 4312
8241 2 2 2 1 749 3514 4438
8242 2 2 2 1 717 2757 5511
8243 2 2 2 1 2757 1683 5511
8244 2 2 2 1 1362 3544 4100
8245 2 2 2 1 3018 627 3784
8246 2 2 2 1 4231 3152 5538
8247 2 2 2 1 1112 3729 5450
8248 2 2 2 1 605 4705 5260
8249 2 2 2 1 1448 2717 4753
8250 2 2 2 1 810 2753 4323
8251 2 2 2 1 3762 719 4404
8252 2 2 2 1 1252 2705 4433
8253 2 2 2 1 2984 121 4490
8254 2 2 2 1 1216 2840 4047
8255 2 2 2 1 4510 1819 4698
8256 2 2 2 1 1291 3199 4634
8257 2 2 2 1 1276 3409 3778
8258 2 2 2 1 3492 744 4694
8259 2 2 2 1 1004 2819 4785
8260 2 2 2 1 3321 226 4987
8261 2 2 2 1 1786 3321 4987
8262 2 2 2 1 3763 1113 4533
8263 2 2 2 1 1425 3135 4042
8264 2 2 2 1 853 4110 5428
8265 2 2 2 1 3135 757 4042
8266 2 2 2 1 2690 619 5459
8267 2 2 2 1 2887 1278 5563
8268 2 2 2 1 3601 2309 4010
8269 2 2 2 1 3956 507 4543
8270 2 2 2 1 3078 1840 5562
8271 2 2 2 1 614 3094 3715
8272 2 2 2 1 88 3078 5562
8273 2 2 2 1 4355 1436 5291
8274 2 2 2 1 947 2663 4803
8275 2 2 2 1 1916 3956 4543
8276 2 2 2 1 3102 1212 4495
8277 2 2 2 1 2667 934 5255
8278 2 2 2 1 2817 1351 4141
8279 2 2 2 1 1077 2660 4978
8280 2 2 2 1 2660 1499 4978
8281 2 2 2 1 3075 491 4216
8282 2 2 2 1 649 2697 5176
8283 2 2 2 1 3098 1433 3712
8284 2 2 2 1 2717 629 4753
8285 2 2 2 1 3452 676 3747
8286 2 2 2 1 1283 3174 5181
8287 2 2 2 1 3104 652 3717
8288 2 2 2 1 2885 1256 4601
8289 2 2 2 1 1394 2670 5252
8290 2 2 2 1 593 4313 5144
8291 2 2 2 1 1348 3267 3593
8292 2 2 2 1 672 3143 4789
8293 2 2 2 1 2117 3023 4985
8294 2 2 2 1 1404 2690 5459
8295 2 2 2 1 719 2718 4404
8296 2 2 2 1 1281 2919 3936
8297 2 2 2 1 130 131 4312
8298 2 2 2 1 1533 3121 4416
8299 2 2 2 1 4249 783 5589
8300 2 2 2 1 2665 964 5101
8301 2 2 2 1 372 371 4247
8302 2 2 2 1 3631 693 4958
8303 2 2 2 1 1986 4458 4841
8304 2 2 2 1 2737 1363 4597
8305 2 2 2 1 2677 1852 5392
8306 2 2 2 1 2795 981 4817
8307 2 2 2 1 3854 2241 5317
8308 2 2 2 1 2953 1513 4566
8309 2 2 2 1 1216 3447 3760
8310 2 2 2 1 1365 2997 4330
8311 2 2 2 1 3604 1367 3726
8312 2 2 2 1 2669 509 4675
8313 2 2 2 1 3490 1754 3510
8314 2 2 2 1 3913 187 4484
8315 2 2 2 1 824 2696 5591
8316 2 2 2 1 3237 1579 4232
8317 2 2 2 1 1427 3682 3911
8318 2 2 2 1 519 3709 5448
8319 2 2 2 1 2911 209 5086
8320 2 2 2 1 1467 2833 5119
8321 2 2 2 1 1225 3326 5352
8322 2 2 2 1 1899 2792 4290
8323 2 2 2 1 3709 2138 5448
8324 2 2 2 1 3041 1672 5207
8325 2 2 2 1 1726 2879 5481
8326 2 2 2 1 2879 714 5481
8327 2 2 2 1 2750 655 4857
8328 2 2 2 1 3109 1184 3756
8329 2 2 2 1 459 3038 4025
8330 2 2 2 1 482 4013 4688
8331 2 2 2 1 2068 3662 5595
8332 2 2 2 1 1441 2710 4512
8333 2 2 2 1 4013 1983 4688
8334 2 2 2 1 1535 2830 4137
8335 2 2 2 1 1129 2921 3951
8336 2 2 2 1 3209 512 4757
8337 2 2 2 1 3014 604 5320
8338 2 2 2 1 3356 652 4877
8339 2 2 2 1 993 2953 4566
8340 2 2 2 1 1375 3179 4124
8341 2 2 2 1 4313 2279 5144
8342 2 2 2 1 134 135 4270
8343 2 2 2 1 16 17 4190
8344 2 2 2 1 1673 3209 4757
8345 2 2 2 1 2914 1294 5441
8346 2 2 2 1 230 231 3877
8347 2 2 2 1 4027 2151 4767
8348 2 2 2 1 539 4027 4767
8349 2 2 2 1 211 212 4386
8350 2 2 2 1 2535 3765 5545
8351 2 2 2 1 1396 2673 5064
8352 2 2 2 1 1005 2714 4505
8353 2 2 2 1 4320 1896 5514
8354 2 2 2 1 4108 2521 5580
8355 2 2 2 1 3807 3058 5205
8356 2 2 2 1 150 151 4196
8357 2 2 2 1 2809 1493 4806
8358 2 2 2 1 2464 3211 4408
8359 2 2 2 1 3644 493 4037
8360 2 2 2 1 1617 3644 4037
8361 2 2 2 1 3328 1826 4501
8362 2 2 2 1 3297 1492 5082
8363 2 2 2 1 3121 177 4416
8364 2 2 2 1 3030 643 4262
8365 2 2 2 1 1437 3030 4262
8366 2 2 2 1 379 378 3884
8367 2 2 2 1 3461 1794 4955
8368 2 2 2 1 2763 1768 4334
8369 2 2 2 1 1357 2715 4693
8370 2 2 2 1 984 2881 4979
8371 2 2 2 1 2697 916 5198
8372 2 2 2 1 2010 4085 4655
8373 2 2 2 1 1292 3260 5253
8374 2 2 2 1 4085 664 4655
8375 2 2 2 1 4018 1519 4582
8376 2 2 2 1 2958 1068 3912
8377 2 2 2 1 3110 1347 3775
8378 2 2 2 1 471 3110 3775
8379 2 2 2 1 1509 3604 3726
8380 2 2 2 1 3462 1241 3509
8381 2 2 2 1 3360 472 4537
8382 2 2 2 1 1664 3360 4537
8383 2 2 2 1 3733 4475 5547
8384 2 2 2 1 4674 2996 5325
8385 2 2 2 1 43 2893 4435
8386 2 2 2 1 3673 1042 4219
8387 2 2 2 1 339 338 3896
8388 2 2 2 1 3032 2178 5331
8389 2 2 2 1 1748 3713 4952
8390 2 2 2 1 725 2835 4146
8391 2 2 2 1 791 4403 5313
8392 2 2 2 1 598 3058 3807
8393 2 2 2 1 4403 2474 5313
8394 2 2 2 1 3577 845 4264
8395 2 2 2 1 1660 3577 4264
8396 2 2 2 1 2977 1141 4499
8397 2 2 2 1 3349 1678 4884
8398 2 2 2 1 2715 469 5224
8399 2 2 2 1 2891 1366 4066
8400 2 2 2 1 839 4590 5066
8401 2 2 2 1 1508 2977 4499
8402 2 2 2 1 1985 3833 5347
8403 2 2 2 1 1991 2806 4226
8404 2 2 2 1 3335 1331 3585
8405 2 2 2 1 999 3958 4405
8406 2 2 2 1 3252 1283 5181
8407 2 2 2 1 2801 150 4196
8408 2 2 2 1 3065 1329 4105
8409 2 2 2 1 3647 1878 4377
8410 2 2 2 1 484 3091 3778
8411 2 2 2 1 123 124 4118
8412 2 2 2 1 1979 3869 4854
8413 2 2 2 1 3869 1217 4854
8414 2 2 2 1 1966 3303 3846
8415 2 2 2 1 4110 2225 5428
8416 2 2 2 1 602 2851 4097
8417 2 2 2 1 2052 3922 5449
8418 2 2 2 1 322 321 3919
8419 2 2 2 1 1193 3490 3510
8420 2 2 2 1 1131 3613 4839
8421 2 2 2 1 4079 1625 5033
8422 2 2 2 1 2144 4079 5033
8423 2 2 2 1 1924 4264 5393
8424 2 2 2 1 4793 848 5429
8425 2 2 2 1 2825 646 4206
8426 2 2 2 1 254 2891 4066
8427 2 2 2 1 613 2980 3905
8428 2 2 2 1 3272 1719 4446
8429 2 2 2 1 1267 2917 4038
8430 2 2 2 1 3613 2175 4839
8431 2 2 2 1 2860 1043 5058
8432 2 2 2 1 643 3841 4262
8433 2 2 2 1 3841 1752 4262
8434 2 2 2 1 1631 3392 3562
8435 2 2 2 1 3524 703 5476
8436 2 2 2 1 1278 2941 5563
8437 2 2 2 1 3078 89 5441
8438 2 2 2 1 1610 2860 5058
8439 2 2 2 1 3197 136 3815
8440 2 2 2 1 4378 666 4771
8441 2 2 2 1 3008 1119 5379
8442 2 2 2 1 599 2771 4354
8443 2 2 2 1 2686 924 4939
8444 2 2 2 1 937 2702 4639
8445 2 2 2 1 1800 3068 3832
8446 2 2 2 1 3256 1980 4387
8447 2 2 2 1 1103 2718 4676
8448 2 2 2 1 3000 1762 3927
8449 2 2 2 1 2689 1479 5172
8450 2 2 2 1 2751 1057 5273
8451 2 2 2 1 3263 1317 3655
8452 2 2 2 1 3925 1729 5245
8453 2 2 2 1 2697 1456 4835
8454 2 2 2 1 1479 2696 5172
8455 2 2 2 1 562 3051 5353
8456 2 2 2 1 916 2697 4835
8457 2 2 2 1 1220 3536 5171
8458 2 2 2 1 1447 2778 4765
8459 2 2 2 1 1622 2863 5287
8460 2 2 2 1 1693 2836 4201
8461 2 2 2 1 3068 669 3832
8462 2 2 2 1 1030 2689 5172
8463 2 2 2 1 3427 1394 4109
8464 2 2 2 1 3447 1216 4047
8465 2 2 2 1 1595 4125 4858
8466 2 2 2 1 547 2937 5222
8467 2 2 2 1 2937 1679 5222
8468 2 2 2 1 3541 1220 5171
8469 2 2 2 1 3502 453 3763
8470 2 2 2 1 811 3461 4162
8471 2 2 2 1 2696 1030 5172
8472 2 2 2 1 4216 491 4802
8473 2 2 2 1 2799 218 4457
8474 2 2 2 1 1230 2716 5305
8475 2 2 2 1 1029 2813 4258
8476 2 2 2 1 2970 1957 4267
8477 2 2 2 1 302 301 4054
8478 2 2 2 1 1831 4026 5372
8479 2 2 2 1 1310 2878 4224
8480 2 2 2 1 2853 677 4563
8481 2 2 2 1 2747 1004 4785
8482 2 2 2 1 3346 1501 4908
8483 2 2 2 1 2704 996 5065
8484 2 2 2 1 763 2936 4437
8485 2 2 2 1 3287 1564 3643
8486 2 2 2 1 3196 1582 4893
8487 2 2 2 1 743 3947 4159
8488 2 2 2 1 1630 2709 5261
8489 2 2 2 1 1981 4430 5305
8490 2 2 2 1 1322 3581 5047
8491 2 2 2 1 2947 636 4000
8492 2 2 2 1 3884 2513 4736
8493 2 2 2 1 3947 1744 4159
8494 2 2 2 1 124 125 5019
8495 2 2 2 1 1318 3416 4690
8496 2 2 2 1 2705 1252 4814
8497 2 2 2 1 2698 1111 5136
8498 2 2 2 1 4275 815 5213
8499 2 2 2 1 2980 3773 5149
8500 2 2 2 1 1738 4088 4542
8501 2 2 2 1 1163 3145 5585
8502 2 2 2 1 3055 746 3872
8503 2 2 2 1 2880 819 4141
8504 2 2 2 1 768 4301 4670
8505 2 2 2 1 209 210 5086
8506 2 2 2 1 1460 2747 4785
8507 2 2 2 1 3192 646 5175
8508 2 2 2 1 617 2737 4597
8509 2 2 2 1 118 119 5177
8510 2 2 2 1 2723 1177 5496
8511 2 2 2 1 2701 469 5189
8512 2 2 2 1 2914 90 4291
8513 2 2 2 1 4395 1814 5229
8514 2 2 2 1 1781 4937 5005
8515 2 2 2 1 5073 618 5385
8516 2 2 2 1 3404 638 5279
8517 2 2 2 1 2783 1505 4386
8518 2 2 2 1 1351 2880 4141
8519 2 2 2 1 3271 1178 4237
8520 2 2 2 1 1479 3289 4234
8521 2 2 2 1 1763 4569 5187
8522 2 2 2 1 4135 1378 4656
8523 2 2 2 1 3227 1302 5408
8524 2 2 2 1 2745 1685 5422
8525 2 2 2 1 1262 3483 3817
8526 2 2 2 1 772 3245 5062
8527 2 2 2 1 2877 1274 4173
8528 2 2 2 1 2798 1407 5319
8529 2 2 2 1 1146 2706 5015
8530 2 2 2 1 220 221 4086
8531 2 2 2 1 1329 2708 5032
8532 2 2 2 1 2287 4222 5534
8533 2 2 2 1 3325 1110 3646
8534 2 2 2 1 1856 3736 4426
8535 2 2 2 1 3132 1211 3802
8536 2 2 2 1 2031 3321 5415
8537 2 2 2 1 3428 2169 4845
8538 2 2 2 1 2050 3281 4414
8539 2 2 2 1 3550 2292 5566
8540 2 2 2 1 2834 192 4556
8541 2 2 2 1 2867 1009 4466
8542 2 2 2 1 3591 1360 3941
8543 2 2 2 1 2762 1458 4525
8544 2 2 2 1 2713 1292 4976
8545 2 2 2 1 251 252 4963
8546 2 2 2 1 2882 1528 4781
8547 2 2 2 1 1154 2882 4781
8548 2 2 2 1 838 3748 4276
8549 2 2 2 1 1382 3370 4452
8550 2 2 2 1 3957 1389 4788
8551 2 2 2 1 3408 1618 4279
8552 2 2 2 1 2815 766 5559
8553 2 2 2 1 1696 2815 5559
8554 2 2 2 1 2830 438 4297
8555 2 2 2 1 2038 4541 5214
8556 2 2 2 1 2850 625 4280
8557 2 2 2 1 447 2733 4659
8558 2 2 2 1 240 241 4643
8559 2 2 2 1 2917 1513 4862
8560 2 2 2 1 1006 2742 5041
8561 2 2 2 1 1575 3581 3663
8562 2 2 2 1 3100 4700 5277
8563 2 2 2 1 1122 3696 4640
8564 2 2 2 1 3521 2625 5027
8565 2 2 2 1 1243 3031 3945
8566 2 2 2 1 2124 2752 5490
8567 2 2 2 1 2245 2900 5236
8568 2 2 2 1 244 245 4018
8569 2 2 2 1 1289 2737 5483
8570 2 2 2 1 929 3486 4522
8571 2 2 2 1 3486 1695 4522
8572 2 2 2 1 1549 2764 4555
8573 2 2 2 1 1845 5274 5424
8574 2 2 2 1 377 376 4999
8575 2 2 2 1 1703 3016 4438
8576 2 2 2 1 2724 1091 4937
8577 2 2 2 1 752 3124 4361
8578 2 2 2 1 2963 658 4034
8579 2 2 2 1 3507 1338 3623
8580 2 2 2 1 1866 2732 5429
8581 2 2 2 1 1353 2840 4718
8582 2 2 2 1 2835 725 4295
8583 2 2 2 1 2742 1431 5041
8584 2 2 2 1 966 2735 5435
8585 2 2 2 1 2810 143 5303
8586 2 2 2 1 3781 1680 4164
8587 2 2 2 1 1552 3781 4164
8588 2 2 2 1 2999 1792 4012
8589 2 2 2 1 3814 348 5395
8590 2 2 2 1 590 2735 4794
8591 2 2 2 1 3426 1796 4351
8592 2 2 2 1 736 3426 4351
8593 2 2 2 1 1777 3517 4752
8594 2 2 2 1 3320 1168 4110
8595 2 2 2 1 1334 3912 5061
8596 2 2 2 1 3057 1330 3934
8597 2 2 2 1 665 3050 3938
8598 2 2 2 1 3129 396 4046
8599 2 2 2 1 4511 109 4838
8600 2 2 2 1 2925 1619 5123
8601 2 2 2 1 2734 1891 4887
8602 2 2 2 1 1366 2891 4212
8603 2 2 2 1 253 254 4066
8604 2 2 2 1 1616 2896 5102
8605 2 2 2 1 2896 700 5102
8606 2 2 2 1 42 43 4435
8607 2 2 2 1 530 4366 4610
8608 2 2 2 1 376 2978 4999
8609 2 2 2 1 1045 2729 4983
8610 2 2 2 1 3145 1341 4090
8611 2 2 2 1 2098 3042 4669
8612 2 2 2 1 2206 3929 3994
8613 2 2 2 1 1662 2732 4933
8614 2 2 2 1 3999 755 4735
8615 2 2 2 1 3746 1947 4033
8616 2 2 2 1 572 3746 4033
8617 2 2 2 1 2868 1356 4255
8618 2 2 2 1 1054 2797 4406
8619 2 2 2 1 3929 1261 3994
8620 2 2 2 1 1485 3636 3980
8621 2 2 2 1 5321 1916 5368
8622 2 2 2 1 1119 3111 5379
8623 2 2 2 1 1762 3000 5560
8624 2 2 2 1 2961 454 4661
8625 2 2 2 1 1529 2961 4661
8626 2 2 2 1 440 3342 4755
8627 2 2 2 1 1372 3813 4792
8628 2 2 2 1 3636 1570 3980
8629 2 2 2 1 4366 2070 4610
8630 2 2 2 1 695 3087 4840
8631 2 2 2 1 2906 1518 4205
8632 2 2 2 1 633 3067 3964
8633 2 2 2 1 1162 3324 3782
8634 2 2 2 1 3087 1620 4840
8635 2 2 2 1 2744 575 5347
8636 2 2 2 1 1597 4501 4577
8637 2 2 2 1 1355 3904 3910
8638 2 2 2 1 3096 466 3950
8639 2 2 2 1 1123 3373 5249
8640 2 2 2 1 2754 2010 5569
8641 2 2 2 1 1633 2799 4457
8642 2 2 2 1 2812 1008 5551
8643 2 2 2 1 1687 2812 5551
8644 2 2 2 1 1474 2888 4431
8645 2 2 2 1 2070 2769 4610
8646 2 2 2 1 2354 3945 5458
8647 2 2 2 1 1313 3302 4868
8648 2 2 2 1 1325 3197 3815
8649 2 2 2 1 1990 2905 4213
8650 2 2 2 1 2798 1476 4809
8651 2 2 2 1 1113 2760 4747
8652 2 2 2 1 2973 1313 4044
8653 2 2 2 1 1702 3132 5575
8654 2 2 2 1 90 91 4291
8655 2 2 2 1 1302 3227 4204
8656 2 2 2 1 506 4777 4867
8657 2 2 2 1 517 2925 5123
8658 2 2 2 1 630 3343 4417
8659 2 2 2 1 2740 682 5029
8660 2 2 2 1 2749 962 4893
8661 2 2 2 1 2739 1734 5061
8662 2 2 2 1 3349 642 3863
8663 2 2 2 1 2843 610 4337
8664 2 2 2 1 35 36 4077
8665 2 2 2 1 2148 3814 5395
8666 2 2 2 1 3904 1636 3910
8667 2 2 2 1 1052 3211 5325
8668 2 2 2 1 3393 1321 5279
8669 2 2 2 1 3536 1220 3961
8670 2 2 2 1 2961 1326 5370
8671 2 2 2 1 1417 3349 3863
8672 2 2 2 1 5277 1743 5519
8673 2 2 2 1 2953 993 5328
8674 2 2 2 1 817 2798 4809
8675 2 2 2 1 1319 2741 5159
8676 2 2 2 1 2475 5073 5385
8677 2 2 2 1 2884 550 4268
8678 2 2 2 1 3000 728 5560
8679 2 2 2 1 1744 3947 4677
8680 2 2 2 1 1208 3351 3697
8681 2 2 2 1 2941 1278 4145
8682 2 2 2 1 2867 645 4922
8683 2 2 2 1 1294 3078 5441
8684 2 2 2 1 223 3668 5469
8685 2 2 2 1 3675 1225 5352
8686 2 2 2 1 1324 3414 5260
8687 2 2 2 1 3264 1226 4930
8688 2 2 2 1 3331 666 3726
8689 2 2 2 1 4222 683 5534
8690 2 2 2 1 2808 544 4596
8691 2 2 2 1 3669 1255 3674
8692 2 2 2 1 1345 3081 4214
8693 2 2 2 1 1746 3669 3674
8694 2 2 2 1 293 292 4104
8695 2 2 2 1 1367 3331 3726
8696 2 2 2 1 3124 752 4289
8697 2 2 2 1 3314 233 4513
8698 2 2 2 1 2958 559 5282
8699 2 2 2 1 3899 709 5590
8700 2 2 2 1 486 2795 4576
8701 2 2 2 1 521 2751 5371
8702 2 2 2 1 2952 529 4143
8703 2 2 2 1 2996 271 4070
8704 2 2 2 1 3926 1870 4775
8705 2 2 2 1 3602 1149 4180
8706 2 2 2 1 1970 3602 4180
8707 2 2 2 1 1429 2808 4596
8708 2 2 2 1 2789 665 5315
8709 2 2 2 1 2971 1332 5596
8710 2 2 2 1 2902 1320 4800
8711 2 2 2 1 1333 3293 4578
8712 2 2 2 1 969 2766 5117
8713 2 2 2 1 1301 2875 4331
8714 2 2 2 1 1569 4529 4684
8715 2 2 2 1 1886 2755 5297
8716 2 2 2 1 1615 2759 4944
8717 2 2 2 1 3469 1520 4126
8718 2 2 2 1 2756 594 5005
8719 2 2 2 1 3750 1401 4333
8720 2 2 2 1 2815 1696 4500
8721 2 2 2 1 1087 3209 3960
8722 2 2 2 1 3618 1960 4258
8723 2 2 2 1 3623 1338 4407
8724 2 2 2 1 1212 3385 4495
8725 2 2 2 1 3051 2123 4807
8726 2 2 2 1 650 3375 3704
8727 2 2 2 1 2819 621 4503
8728 2 2 2 1 3175 1984 4828
8729 2 2 2 1 512 3789 4757
8730 2 2 2 1 3476 1352 4413
8731 2 2 2 1 281 280 4142
8732 2 2 2 1 1086 2949 4673
8733 2 2 2 1 3128 653 5036
8734 2 2 2 1 3789 1860 4757
8735 2 2 2 1 1539 3367 4380
8736 2 2 2 1 3039 745 4055
8737 2 2 2 1 58 2778 5327
8738 2 2 2 1 3840 1686 4286
8739 2 2 2 1 3674 1255 4650
8740 2 2 2 1 2475 4689 5596
8741 2 2 2 1 589 3008 4633
8742 2 2 2 1 1936 3536 3961
8743 2 2 2 1 758 3013 4662
8744 2 2 2 1 3713 811 4162
8745 2 2 2 1 1620 2768 4840
8746 2 2 2 1 692 2761 5238
8747 2 2 2 1 1694 3020 5371
8748 2 2 2 1 3344 1434 3975
8749 2 2 2 1 1768 2763 5290
8750 2 2 2 1 3502 1522 4414
8751 2 2 2 1 4659 1732 4890
8752 2 2 2 1 676 3452 5583
8753 2 2 2 1 629 2770 4753
8754 2 2 2 1 483 3344 3975
8755 2 2 2 1 706 5204 5369
8756 2 2 2 1 1422 5413 5484
8757 2 2 2 1 1327 3359 3741
8758 2 2 2 1 3632 746 4246
8759 2 2 2 1 696 3234 3838
8760 2 2 2 1 3273 1324 5040
8761 2 2 2 1 3593 655 5331
8762 2 2 2 1 5195 3524 5476
8763 2 2 2 1 2135 3433 4709
8764 2 2 2 1 3994 812 5437
8765 2 2 2 1 2796 619 4637
8766 2 2 2 1 4701 1726 5481
8767 2 2 2 1 1043 2860 4411
8768 2 2 2 1 1009 2955 4466
8769 2 2 2 1 3361 662 5427
8770 2 2 2 1 2944 1348 5225
8771 2 2 2 1 2774 425 5543
8772 2 2 2 1 1953 3242 5024
8773 2 2 2 1 2963 1249 4191
8774 2 2 2 1 2765 1040 5111
8775 2 2 2 1 1010 2827 4710
8776 2 2 2 1 3204 1241 4820
8777 2 2 2 1 953 2821 4894
8778 2 2 2 1 3253 413 4492
8779 2 2 2 1 940 2799 5474
8780 2 2 2 1 1456 2914 4291
8781 2 2 2 1 3085 679 5011
8782 2 2 2 1 2767 1621 5125
8783 2 2 2 1 687 3429 3847
8784 2 2 2 1 1752 4156 4262
8785 2 2 2 1 3955 1307 5432
8786 2 2 2 1 2077 4275 5213
8787 2 2 2 1 3644 1617 3645
8788 2 2 2 1 1308 3644 3645
8789 2 2 2 1 419 3233 3865
8790 2 2 2 1 3040 582 4084
8791 2 2 2 1 3979 1455 4775
8792 2 2 2 1 2880 1351 4482
8793 2 2 2 1 849 3903 4131
8794 2 2 2 1 3903 1689 4131
8795 2 2 2 1 3116 251 4963
8796 2 2 2 1 3472 1117 5021
8797 2 2 2 1 1813 3472 5021
8798 2 2 2 1 1577 3253 4492
8799 2 2 2 1 620 2786 4842
8800 2 2 2 1 2871 1603 4410
8801 2 2 2 1 1224 3620 5404
8802 2 2 2 1 3204 205 3890
8803 2 2 2 1 2650 3212 5218
8804 2 2 2 1 3833 779 5013
8805 2 2 2 1 2773 1618 5348
8806 2 2 2 1 1331 3335 5070
8807 2 2 2 1 3407 1746 4888
8808 2 2 2 1 1583 3064 4812
8809 2 2 2 1 3064 932 4812
8810 2 2 2 1 1397 4197 4288
8811 2 2 2 1 1495 2964 4211
8812 2 2 2 1 804 3293 5533
8813 2 2 2 1 228 229 4203
8814 2 2 2 1 652 3104 4877
8815 2 2 2 1 3421 567 5209
8816 2 2 2 1 483 2923 4299
8817 2 2 2 1 4424 817 4809
8818 2 2 2 1 472 3360 4397
8819 2 2 2 1 745 3039 4107
8820 2 2 2 1 1582 4508 4893
8821 2 2 2 1 798 3407 4888
8822 2 2 2 1 3455 693 3949
8823 2 2 2 1 1637 3455 3949
8824 2 2 2 1 2805 475 4677
8825 2 2 2 1 3064 1583 5030
8826 2 2 2 1 2206 3994 5437
8827 2 2 2 1 2782 1642 5510
8828 2 2 2 1 1748 4952 5467
8829 2 2 2 1 626 3026 4138
8830 2 2 2 1 407 3004 4334
8831 2 2 2 1 1644 2849 4518
8832 2 2 2 1 2793 1865 4821
8833 2 2 2 1 3188 1405 3983
8834 2 2 2 1 385 384 4843
8835 2 2 2 1 2787 553 4912
8836 2 2 2 1 968 2787 4913
8837 2 2 2 1 4085 2010 5468
8838 2 2 2 1 3274 1273 3843
8839 2 2 2 1 2946 372 4247
8840 2 2 2 1 3275 687 3847
8841 2 2 2 1 3023 1711 5360
8842 2 2 2 1 1126 3006 5433
8843 2 2 2 1 4333 1856 4452
8844 2 2 2 1 1330 3057 4720
8845 2 2 2 1 3382 1343 4955
8846 2 2 2 1 1326 2961 4249
8847 2 2 2 1 1397 3323 3806
8848 2 2 2 1 507 3023 5360
8849 2 2 2 1 3099 423 4041
8850 2 2 2 1 2778 2342 5327
8851 2 2 2 1 654 3206 3914
8852 2 2 2 1 2990 1298 4195
8853 2 2 2 1 1722 3975 4199
8854 2 2 2 1 3023 507 4985
8855 2 2 2 1 857 4306 4549
8856 2 2 2 1 1372 4792 4933
8857 2 2 2 1 2844 953 4894
8858 2 2 2 1 1703 3834 4294
8859 2 2 2 1 4976 1292 5253
8860 2 2 2 1 1347 2867 4466
8861 2 2 2 1 521 3020 5526
8862 2 2 2 1 1443 2973 5397
8863 2 2 2 1 3968 1713 4168
8864 2 2 2 1 3345 1801 4354
8865 2 2 2 1 1419 3968 4168
8866 2 2 2 1 452 3228 4667
8867 2 2 2 1 3975 1434 4199
8868 2 2 2 1 722 3741 4061
8869 2 2 2 1 4013 482 4396
8870 2 2 2 1 3228 1613 4667
8871 2 2 2 1 3119 460 4032
8872 2 2 2 1 1623 4358 5263
8873 2 2 2 1 2781 181 5493
8874 2 2 2 1 1597 4577 4886
8875 2 2 2 1 1596 4029 4786
8876 2 2 2 1 4029 1955 4786
8877 2 2 2 1 2034 3188 3983
8878 2 2 2 1 3860 414 5143
8879 2 2 2 1 671 2931 4318
8880 2 2 2 1 3037 1308 4158
8881 2 2 2 1 3049 4233 5536
8882 2 2 2 1 2893 1528 4435
8883 2 2 2 1 1631 3562 4866
8884 2 2 2 1 1679 2937 4315
8885 2 2 2 1 3434 1367 4972
8886 2 2 2 1 444 2788 5278
8887 2 2 2 1 2801 1015 5554
8888 2 2 2 1 665 2789 5081
8889 2 2 2 1 3924 1716 4241
8890 2 2 2 1 1076 2805 5349
8891 2 2 2 1 3154 1176 4006
8892 2 2 2 1 1461 3924 4241
8893 2 2 2 1 3113 1173 4057
8894 2 2 2 1 3303 1314 3846
8895 2 2 2 1 2924 1435 4352
8896 2 2 2 1 3127 253 4066
8897 2 2 2 1 634 2841 4616
8898 2 2 2 1 1892 3307 4087
8899 2 2 2 1 165 166 4261
8900 2 2 2 1 2939 2066 4323
8901 2 2 2 1 661 3408 4279
8902 2 2 2 1 1875 4560 4769
8903 2 2 2 1 2829 1828 4697
8904 2 2 2 1 3338 1430 4006
8905 2 2 2 1 1563 2790 4932
8906 2 2 2 1 146 3061 4133
8907 2 2 2 1 1176 3338 4006
8908 2 2 2 1 4492 2590 5231
8909 2 2 2 1 3398 611 4205
8910 2 2 2 1 3639 2637 5340
8911 2 2 2 1 463 3017 5357
8912 2 2 2 1 671 2820 4808
8913 2 2 2 1 2799 1633 5474
8914 2 2 2 1 3581 1322 3663
8915 2 2 2 1 4036 2487 4997
8916 2 2 2 1 2042 3452 3747
8917 2 2 2 1 3831 1525 4994
8918 2 2 2 1 1518 3398 4205
8919 2 2 2 1 1344 2853 4563
8920 2 2 2 1 1366 3127 4066
8921 2 2 2 1 2320 4761 5023
8922 2 2 2 1 403 3136 5572
8923 2 2 2 1 61 3073 4746
8924 2 2 2 1 3209 1673 3960
8925 2 2 2 1 1569 2876 4529
8926 2 2 2 1 2273 4582 4891
8927 2 2 2 1 4582 845 4891
8928 2 2 2 1 2839 1422 5484
8929 2 2 2 1 2820 1453 4808
8930 2 2 2 1 5413 2578 5484
8931 2 2 2 1 3755 1267 4084
8932 2 2 2 1 3090 1097 4130
8933 2 2 2 1 3180 1354 4078
8934 2 2 2 1 2051 4378 4771
8935 2 2 2 1 2267 3804 5528
8936 2 2 2 1 648 3191 4584
8937 2 2 2 1 1627 3829 4230
8938 2 2 2 1 1151 3630 5503
8939 2 2 2 1 1343 3461 4955
8940 2 2 2 1 3569 630 4417
8941 2 2 2 1 1545 2807 4936
8942 2 2 2 1 3501 1214 3743
8943 2 2 2 1 689 2912 4429
8944 2 2 2 1 1835 3235 3973
8945 2 2 2 1 568 4585 5544
8946 2 2 2 1 1349 3267 4685
8947 2 2 2 1 1461 3083 5499
8948 2 2 2 1 625 3194 3966
8949 2 2 2 1 4585 2577 5544
8950 2 2 2 1 1089 3060 4606
8951 2 2 2 1 567 3421 4635
8952 2 2 2 1 3029 1322 4920
8953 2 2 2 1 3195 4248 5146
8954 2 2 2 1 156 157 4766
8955 2 2 2 1 3235 1067 3973
8956 2 2 2 1 1606 4169 5505
8957 2 2 2 1 3698 1920 4111
8958 2 2 2 1 3199 1291 3999
8959 2 2 2 1 1052 2996 5237
8960 2 2 2 1 218 219 4457
8961 2 2 2 1 1017 2804 5479
8962 2 2 2 1 2840 480 4718
8963 2 2 2 1 5203 785 5352
8964 2 2 2 1 2815 1235 4915
8965 2 2 2 1 920 3304 4502
8966 2 2 2 1 1373 3698 4111
8967 2 2 2 1 3761 1835 5194
8968 2 2 2 1 3715 1288 4410
8969 2 2 2 1 414 4778 5143
8970 2 2 2 1 3013 1715 4479
8971 2 2 2 1 1064 2915 4446
8972 2 2 2 1 2808 1098 5163
8973 2 2 2 1 3945 580 5458
8974 2 2 2 1 4948 1916 5344
8975 2 2 2 1 3514 749 4632
8976 2 2 2 1 2845 476 4924
8977 2 2 2 1 2805 1457 5349
8978 2 2 2 1 1408 2862 4629
8979 2 2 2 1 2997 1365 4899
8980 2 2 2 1 1365 2998 4899
8981 2 2 2 1 1796 4074 4351
8982 2 2 2 1 4074 1591 4351
8983 2 2 2 1 4152 1122 4640
8984 2 2 2 1 1506 2845 4924
8985 2 2 2 1 4627 287 5409
8986 2 2 2 1 912 2809 5075
8987 2 2 2 1 2821 445 5293
8988 2 2 2 1 2855 1579 4670
8989 2 2 2 1 673 3159 4796
8990 2 2 2 1 1711 2886 4573
8991 2 2 2 1 3258 648 4377
8992 2 2 2 1 4599 726 5122
8993 2 2 2 1 2047 4152 4640
8994 2 2 2 1 558 3236 4422
8995 2 2 2 1 3287 1226 5107
8996 2 2 2 1 2812 1687 5524
8997 2 2 2 1 1676 3729 4432
8998 2 2 2 1 2968 1379 4655
8999 2 2 2 1 3481 662 4169
9000 2 2 2 1 1606 3481 4169
9001 2 2 2 1 1467 2972 4592
9002 2 2 2 1 2972 638 4592
9003 2 2 2 1 307 306 4383
9004 2 2 2 1 143 2810 5565
9005 2 2 2 1 2810 142 5565
9006 2 2 2 1 2928 73 4420
9007 2 2 2 1 5018 1224 5404
9008 2 2 2 1 2146 3103 4366
9009 2 2 2 1 3055 1383 4246
9010 2 2 2 1 4156 1437 4262
9011 2 2 2 1 242 243 4344
9012 2 2 2 1 143 144 5303
9013 2 2 2 1 1699 3514 4632
9014 2 2 2 1 2833 495 5119
9015 2 2 2 1 3268 489 5182
9016 2 2 2 1 1734 3569 4417
9017 2 2 2 1 4107 1559 4449
9018 2 2 2 1 457 3145 4090
9019 2 2 2 1 1522 3502 3763
9020 2 2 2 1 26 3097 4161
9021 2 2 2 1 1410 3004 4375
9022 2 2 2 1 3004 407 4375
9023 2 2 2 1 1927 2851 4658
9024 2 2 2 1 906 2863 5356
9025 2 2 2 1 2863 1622 5356
9026 2 2 2 1 3468 1570 3783
9027 2 2 2 1 3318 1427 3911
9028 2 2 2 1 693 3631 4607
9029 2 2 2 1 4761 1547 5023
9030 2 2 2 1 4807 2123 5425
9031 2 2 2 1 746 3055 4246
9032 2 2 2 1 1558 2892 4583
9033 2 2 2 1 1494 3342 4998
9034 2 2 2 1 3810 3062 5054
9035 2 2 2 1 2349 3864 5553
9036 2 2 2 1 1009 2867 4692
9037 2 2 2 1 993 2822 5328
9038 2 2 2 1 1358 3549 4542
9039 2 2 2 1 273 274 5181
9040 2 2 2 1 1689 3903 4304
9041 2 2 2 1 2825 1523 5175
9042 2 2 2 1 3331 1373 4771
9043 2 2 2 1 323 7 4362
9044 2 2 2 1 3081 1126 4214
9045 2 2 2 1 3660 1551 4037
9046 2 2 2 1 493 3660 4037
9047 2 2 2 1 3107 298 5067
9048 2 2 2 1 1052 3084 4408
9049 2 2 2 1 3084 1439 4408
9050 2 2 2 1 1309 3075 4216
9051 2 2 2 1 1623 3537 5014
9052 2 2 2 1 4197 1722 4288
9053 2 2 2 1 1249 3248 4011
9054 2 2 2 1 4337 610 4770
9055 2 2 2 1 82 83 4368
9056 2 2 2 1 4358 2173 5263
9057 2 2 2 1 1492 4080 5082
9058 2 2 2 1 1369 3896 4791
9059 2 2 2 1 4028 1481 4321
9060 2 2 2 1 4369 1270 5264
9061 2 2 2 1 2857 1452 5094
9062 2 2 2 1 1521 3884 4736
9063 2 2 2 1 646 2825 5175
9064 2 2 2 1 4881 2058 4998
9065 2 2 2 1 1555 2844 4894
9066 2 2 2 1 2841 966 4927
9067 2 2 2 1 2824 516 5284
9068 2 2 2 1 3008 1300 4633
9069 2 2 2 1 102 103 4381
9070 2 2 2 1 3842 1382 4452
9071 2 2 2 1 13 14 4382
9072 2 2 2 1 814 3513 5060
9073 2 2 2 1 991 3001 5377
9074 2 2 2 1 4477 663 4560
9075 2 2 2 1 4849 1606 5505
9076 2 2 2 1 3513 1804 5060
9077 2 2 2 1 3437 2116 4341
9078 2 2 2 1 3314 1396 4147
9079 2 2 2 1 2829 1087 5424
9080 2 2 2 1 356 355 4394
9081 2 2 2 1 1283 3252 4617
9082 2 2 2 1 1831 2833 5548
9083 2 2 2 1 1399 2910 5244
9084 2 2 2 1 1367 3604 4972
9085 2 2 2 1 3074 1687 5491
9086 2 2 2 1 557 3132 5257
9087 2 2 2 1 3132 1702 5257
9088 2 2 2 1 1384 3072 4436
9089 2 2 2 1 1740 4089 4727
9090 2 2 2 1 623 4333 4452
9091 2 2 2 1 2849 1644 5549
9092 2 2 2 1 1469 2863 5059
9093 2 2 2 1 177 178 4416
9094 2 2 2 1 3357 721 5495
9095 2 2 2 1 1352 3818 4413
9096 2 2 2 1 4095 1440 4488
9097 2 2 2 1 2474 3423 5313
9098 2 2 2 1 4751 2154 5477
9099 2 2 2 1 1899 4050 4506
9100 2 2 2 1 406 2849 5549
9101 2 2 2 1 1059 3003 5242
9102 2 2 2 1 1613 4553 4667
9103 2 2 2 1 1010 3053 5586
9104 2 2 2 1 1352 3476 3824
9105 2 2 2 1 2901 1040 4967
9106 2 2 2 1 660 2889 5146
9107 2 2 2 1 3131 1120 4467
9108 2 2 2 1 3113 2428 4956
9109 2 2 2 1 1483 3131 4467
9110 2 2 2 1 480 2840 5110
9111 2 2 2 1 3191 1534 4584
9112 2 2 2 1 3257 1179 4045
9113 2 2 2 1 1861 4216 4802
9114 2 2 2 1 3987 2137 4652
9115 2 2 2 1 622 4598 5567
9116 2 2 2 1 427 3987 4652
9117 2 2 2 1 417 2839 5484
9118 2 2 2 1 1452 2881 5094
9119 2 2 2 1 1314 3303 4022
9120 2 2 2 1 47 48 4447
9121 2 2 2 1 2844 649 5176
9122 2 2 2 1 2856 403 5572
9123 2 2 2 1 3059 1387 4572
9124 2 2 2 1 531 2939 4534
9125 2 2 2 1 4986 989 5555
9126 2 2 2 1 3652 728 5519
9127 2 2 2 1 2772 4986 5555
9128 2 2 2 1 1687 3074 5524
9129 2 2 2 1 1520 2913 4653
9130 2 2 2 1 3152 1089 4606
9131 2 2 2 1 29 30 4453
9132 2 2 2 1 1853 3497 5291
9133 2 2 2 1 3497 805 5291
9134 2 2 2 1 501 5121 5336
9135 2 2 2 1 5121 2748 5336
9136 2 2 2 1 4515 2019 5141
9137 2 2 2 1 3386 1546 5149
9138 2 2 2 1 3555 786 4098
9139 2 2 2 1 1446 2894 5020
9140 2 2 2 1 2845 1506 5498
9141 2 2 2 1 2859 1023 5024
9142 2 2 2 1 3467 1872 4819
9143 2 2 2 1 1159 3040 4373
9144 2 2 2 1 2097 4365 4960
9145 2 2 2 1 3627 1772 5534
9146 2 2 2 1 79 80 4470
9147 2 2 2 1 1665 3573 3790
9148 2 2 2 1 4487 2191 5559
9149 2 2 2 1 3237 768 4670
9150 2 2 2 1 3617 661 4279
9151 2 2 2 1 3574 1460 4503
9152 2 2 2 1 3996 1324 5260
9153 2 2 2 1 4134 2369 4943
9154 2 2 2 1 2910 1399 4595
9155 2 2 2 1 618 2915 5385
9156 2 2 2 1 1579 3237 4670
9157 2 2 2 1 2881 1452 4979
9158 2 2 2 1 1646 2856 5572
9159 2 2 2 1 1212 3102 4267
9160 2 2 2 1 2862 1551 5038
9161 2 2 2 1 3653 1333 4578
9162 2 2 2 1 3046 1723 4361
9163 2 2 2 1 2858 565 5187
9164 2 2 2 1 1125 3411 4645
9165 2 2 2 1 3343 1914 4996
9166 2 2 2 1 2863 906 5059
9167 2 2 2 1 3084 681 4459
9168 2 2 2 1 1439 3084 4459
9169 2 2 2 1 3411 1634 4645
9170 2 2 2 1 2953 430 4862
9171 2 2 2 1 2935 1607 4624
9172 2 2 2 1 473 3387 4792
9173 2 2 2 1 295 294 4508
9174 2 2 2 1 1883 3317 4202
9175 2 2 2 1 3387 1662 4792
9176 2 2 2 1 1662 3387 5330
9177 2 2 2 1 3057 180 4720
9178 2 2 2 1 3101 2327 4777
9179 2 2 2 1 2879 3866 5158
9180 2 2 2 1 2886 1711 4900
9181 2 2 2 1 2927 1450 4660
9182 2 2 2 1 3512 483 4197
9183 2 2 2 1 1396 3394 4147
9184 2 2 2 1 2881 635 5094
9185 2 2 2 1 700 2896 4871
9186 2 2 2 1 3179 1375 4654
9187 2 2 2 1 2908 1454 5256
9188 2 2 2 1 790 3160 4725
9189 2 2 2 1 3160 1561 4725
9190 2 2 2 1 3389 674 4243
9191 2 2 2 1 765 3153 4388
9192 2 2 2 1 1099 2871 5069
9193 2 2 2 1 2898 1604 4861
9194 2 2 2 1 3454 1156 4423
9195 2 2 2 1 4317 1713 4402
9196 2 2 2 1 3188 2269 5016
9197 2 2 2 1 1842 4966 5011
9198 2 2 2 1 3276 1537 4083
9199 2 2 2 1 2401 3931 4064
9200 2 2 2 1 417 2943 4612
9201 2 2 2 1 1647 2880 5166
9202 2 2 2 1 1478 2984 4490
9203 2 2 2 1 3093 1420 4992
9204 2 2 2 1 1227 2989 4474
9205 2 2 2 1 3222 472 5337
9206 2 2 2 1 1508 3478 4652
9207 2 2 2 1 632 3158 4347
9208 2 2 2 1 1386 4170 5266
9209 2 2 2 1 3121 1533 4283
9210 2 2 2 1 3943 1953 5024
9211 2 2 2 1 1361 3419 5199
9212 2 2 2 1 1621 3059 5125
9213 2 2 2 1 3059 827 5125
9214 2 2 2 1 2972 1467 4549
9215 2 2 2 1 2947 1167 4615
9216 2 2 2 1 2962 1399 5244
9217 2 2 2 1 195 196 4554
9218 2 2 2 1 2180 3719 4523
9219 2 2 2 1 1513 2953 4862
9220 2 2 2 1 2930 1525 4687
9221 2 2 2 1 4747 1636 4784
9222 2 2 2 1 1689 3862 4099
9223 2 2 2 1 3158 1436 4347
9224 2 2 2 1 1716 4042 4241
9225 2 2 2 1 1023 3943 5024
9226 2 2 2 1 1232 2869 5245
9227 2 2 2 1 1474 3617 4481
9228 2 2 2 1 4042 757 4241
9229 2 2 2 1 3719 428 4523
9230 2 2 2 1 4688 1983 5154
9231 2 2 2 1 3313 434 4656
9232 2 2 2 1 4068 1606 4850
9233 2 2 2 1 3218 715 4717
9234 2 2 2 1 5099 951 5281
9235 2 2 2 1 1603 2871 5373
9236 2 2 2 1 858 3545 4791
9237 2 2 2 1 3637 1819 4328
9238 2 2 2 1 1174 3637 4328
9239 2 2 2 1 1578 3218 4717
9240 2 2 2 1 2871 1099 5373
9241 2 2 2 1 4589 1619 4799
9242 2 2 2 1 1342 3124 4289
9243 2 2 2 1 4695 967 5403
9244 2 2 2 1 714 2879 5158
9245 2 2 2 1 622 2956 4598
9246 2 2 2 1 2501 4695 5403
9247 2 2 2 1 3164 474 4244
9248 2 2 2 1 1453 3149 4419
9249 2 2 2 1 3149 480 4419
9250 2 2 2 1 463 3069 4430
9251 2 2 2 1 1555 3488 4328
9252 2 2 2 1 1439 3444 4043
9253 2 2 2 1 3444 481 4043
9254 2 2 2 1 3488 1174 4328
9255 2 2 2 1 4365 1594 4960
9256 2 2 2 1 2678 5099 5281
9257 2 2 2 1 1625 3139 5033
9258 2 2 2 1 1399 2962 4535
9259 2 2 2 1 3139 401 5033
9260 2 2 2 1 3480 1648 4011
9261 2 2 2 1 981 2922 4817
9262 2 2 2 1 4063 2926 5162
9263 2 2 2 1 2894 494 5020
9264 2 2 2 1 3238 663 4477
9265 2 2 2 1 3542 691 4080
9266 2 2 2 1 3344 1751 4353
9267 2 2 2 1 1502 3779 3940
9268 2 2 2 1 3779 1535 3940
9269 2 2 2 1 3307 1458 4087
9270 2 2 2 1 1492 3542 4080
9271 2 2 2 1 4011 1648 4191
9272 2 2 2 1 145 4133 5532
9273 2 2 2 1 3002 3592 5295
9274 2 2 2 1 3323 1397 4288
9275 2 2 2 1 2922 1476 4817
9276 2 2 2 1 486 4576 5319
9277 2 2 2 1 2930 290 4895
9278 2 2 2 1 236 237 4603
9279 2 2 2 1 1857 3887 4075
9280 2 2 2 1 1229 3601 4010
9281 2 2 2 1 2885 558 5145
9282 2 2 2 1 4504 1812 4550
9283 2 2 2 1 1271 3618 4258
9284 2 2 2 1 3957 2119 5197
9285 2 2 2 1 3052 4741 5373
9286 2 2 2 1 1414 3045 4562
9287 2 2 2 1 2890 1153 5576
9288 2 2 2 1 3545 1601 3966
9289 2 2 2 1 1774 5043 5516
9290 2 2 2 1 2443 3560 5128
9291 2 2 2 1 1583 4049 4350
9292 2 2 2 1 3069 463 4476
9293 2 2 2 1 3131 1483 4322
9294 2 2 2 1 3210 2613 5407
9295 2 2 2 1 3195 1393 4248
9296 2 2 2 1 2913 1520 5004
9297 2 2 2 1 1574 3309 5139
9298 2 2 2 1 1030 2913 5004
9299 2 2 2 1 3072 826 4436
9300 2 2 2 1 2112 3314 4147
9301 2 2 2 1 3480 1146 5440
9302 2 2 2 1 1597 3953 4501
9303 2 2 2 1 2893 1884 5285
9304 2 2 2 1 1240 3526 4526
9305 2 2 2 1 3077 461 4548
9306 2 2 2 1 664 2968 4655
9307 2 2 2 1 3106 1417 4376
9308 2 2 2 1 1363 4023 4024
9309 2 2 2 1 4023 1756 4024
9310 2 2 2 1 5295 1963 5332
9311 2 2 2 1 3964 1624 4406
9312 2 2 2 1 1490 3801 3901
9313 2 2 2 1 2531 4021 5584
9314 2 2 2 1 3257 463 5357
9315 2 2 2 1 1656 3064 5494
9316 2 2 2 1 264 265 5079
9317 2 2 2 1 4357 1877 4391
9318 2 2 2 1 3067 633 4482
9319 2 2 2 1 2926 1750 4867
9320 2 2 2 1 1422 4357 4391
9321 2 2 2 1 269 270 4674
9322 2 2 2 1 4460 2016 4604
9323 2 2 2 1 816 4460 4604
9324 2 2 2 1 1930 3673 4219
9325 2 2 2 1 3288 1449 4749
9326 2 2 2 1 3086 1142 4432
9327 2 2 2 1 161 162 4700
9328 2 2 2 1 1431 3005 4551
9329 2 2 2 1 1860 3789 3792
9330 2 2 2 1 3789 1279 3792
9331 2 2 2 1 2918 678 5510
9332 2 2 2 1 1642 2918 5510
9333 2 2 2 1 1525 2930 4872
9334 2 2 2 1 1405 3952 4721
9335 2 2 2 1 347 3005 5395
9336 2 2 2 1 724 3968 5258
9337 2 2 2 1 1498 3015 4586
9338 2 2 2 1 3285 1086 4673
9339 2 2 2 1 489 3268 4786
9340 2 2 2 1 3268 1596 4786
9341 2 2 2 1 1879 3415 4367
9342 2 2 2 1 3090 3448 5398
9343 2 2 2 1 1909 2930 4895
9344 2 2 2 1 1317 3464 5108
9345 2 2 2 1 44 45 4716
9346 2 2 2 1 3226 1131 4839
9347 2 2 2 1 3011 303 4580
9348 2 2 2 1 3025 530 4610
9349 2 2 2 1 2105 4369 5264
9350 2 2 2 1 3983 1405 4721
9351 2 2 2 1 1332 3198 5073
9352 2 2 2 1 996 2979 5065
9353 2 2 2 1 1127 3291 4709
9354 2 2 2 1 3291 1584 4709
9355 2 2 2 1 3391 660 4574
9356 2 2 2 1 1283 3292 4178
9357 2 2 2 1 1599 3226 4839
9358 2 2 2 1 742 4185 4728
9359 2 2 2 1 4185 1926 4728
9360 2 2 2 1 3605 2665 5101
9361 2 2 2 1 785 3675 5352
9362 2 2 2 1 4120 1284 4625
9363 2 2 2 1 3041 694 5439
9364 2 2 2 1 1672 3041 5439
9365 2 2 2 1 3053 1010 4710
9366 2 2 2 1 1387 3059 4520
9367 2 2 2 1 3949 1486 4128
9368 2 2 2 1 1637 3949 4128
9369 2 2 2 1 198 199 4743
9370 2 2 2 1 57 58 5327
9371 2 2 2 1 399 2908 5256
9372 2 2 2 1 60 61 4746
9373 2 2 2 1 3112 496 5375
9374 2 2 2 1 2052 3572 3922
9375 2 2 2 1 1024 2966 4723
9376 2 2 2 1 3661 54 5160
9377 2 2 2 1 2986 1035 4679
9378 2 2 2 1 3013 1328 4662
9379 2 2 2 1 3045 1050 4562
9380 2 2 2 1 290 289 4895
9381 2 2 2 1 209 2911 5593
9382 2 2 2 1 1829 3638 5126
9383 2 2 2 1 2039 3313 5130
9384 2 2 2 1 210 2920 5086
9385 2 2 2 1 2992 1080 4684
9386 2 2 2 1 3270 2301 4250
9387 2 2 2 1 731 3270 4250
9388 2 2 2 1 4440 761 4558
9389 2 2 2 1 1971 4440 4558
9390 2 2 2 1 5339 1753 5489
9391 2 2 2 1 367 366 4780
9392 2 2 2 1 534 2988 4959
9393 2 2 2 1 3132 3802 5575
9394 2 2 2 1 3160 1372 4359
9395 2 2 2 1 2878 5339 5489
9396 2 2 2 1 1496 3575 4847
9397 2 2 2 1 3456 1563 4442
9398 2 2 2 1 3563 781 4618
9399 2 2 2 1 1658 3563 4618
9400 2 2 2 1 2442 3993 5251
9401 2 2 2 1 3993 424 5251
9402 2 2 2 1 4116 2767 5125
9403 2 2 2 1 3798 754 4167
9404 2 2 2 1 3028 288 4627
9405 2 2 2 1 1649 3070 5540
9406 2 2 2 1 2948 1607 5266
9407 2 2 2 1 3036 2083 4790
9408 2 2 2 1 1249 4011 4191
9409 2 2 2 1 2926 1784 5162
9410 2 2 2 1 2305 4421 5387
9411 2 2 2 1 376 375 4916
9412 2 2 2 1 3005 2148 5395
9413 2 2 2 1 1203 3568 4004
9414 2 2 2 1 827 3059 4572
9415 2 2 2 1 1011 3074 5491
9416 2 2 2 1 1432 2915 5332
9417 2 2 2 1 3259 1342 5403
9418 2 2 2 1 1902 4578 5095
9419 2 2 2 1 2915 1432 5385
9420 2 2 2 1 3070 1649 5554
9421 2 2 2 1 1237 3128 5036
9422 2 2 2 1 4421 1697 5387
9423 2 2 2 1 5434 2801 5554
9424 2 2 2 1 1458 3307 4525
9425 2 2 2 1 3638 173 5126
9426 2 2 2 1 1423 3540 3979
9427 2 2 2 1 839 4472 4991
9428 2 2 2 1 3546 1599 5046
9429 2 2 2 1 3153 1390 4388
9430 2 2 2 1 1122 4152 5190
9431 2 2 2 1 3226 1599 4296
9432 2 2 2 1 3402 1426 4242
9433 2 2 2 1 1412 3077 4548
9434 2 2 2 1 1225 3675 4129
9435 2 2 2 1 4472 2162 4991
9436 2 2 2 1 4152 2080 5190
9437 2 2 2 1 2379 3402 4242
9438 2 2 2 1 2945 1834 5346
9439 2 2 2 1 1649 5434 5554
9440 2 2 2 1 69 3246 4287
9441 2 2 2 1 3317 542 4202
9442 2 2 2 1 641 3591 3941
9443 2 2 2 1 3423 1459 4206
9444 2 2 2 1 1451 3024 4980
9445 2 2 2 1 826 3072 5240
9446 2 2 2 1 1506 3357 4167
9447 2 2 2 1 1257 3456 4442
9448 2 2 2 1 646 3423 4206
9449 2 2 2 1 1603 3715 4410
9450 2 2 2 1 3186 1677 5251
9451 2 2 2 1 424 3186 5251
9452 2 2 2 1 3072 1628 5240
9453 2 2 2 1 4921 1798 5482
9454 2 2 2 1 2978 376 4916
9455 2 2 2 1 2012 3173 4531
9456 2 2 2 1 3060 1357 4606
9457 2 2 2 1 524 3585 4962
9458 2 2 2 1 1265 3477 4497
9459 2 2 2 1 612 2959 4984
9460 2 2 2 1 3409 1276 5132
9461 2 2 2 1 3423 1907 5313
9462 2 2 2 1 3381 611 4155
9463 2 2 2 1 3187 1822 5512
9464 2 2 2 1 2605 3723 4738
9465 2 2 2 1 1084 4019 5340
9466 2 2 2 1 4019 2065 5340
9467 2 2 2 1 3008 589 5359
9468 2 2 2 1 99 100 4897
9469 2 2 2 1 1723 4015 4361
9470 2 2 2 1 4015 752 4361
9471 2 2 2 1 3074 706 5524
9472 2 2 2 1 1875 4477 4560
9473 2 2 2 1 3042 1757 4669
9474 2 2 2 1 4000 1496 4272
9475 2 2 2 1 3710 1656 5284
9476 2 2 2 1 2192 3282 4883
9477 2 2 2 1 1175 3401 4136
9478 2 2 2 1 3394 818 4147
9479 2 2 2 1 2226 2967 4967
9480 2 2 2 1 361 360 5170
9481 2 2 2 1 175 176 4941
9482 2 2 2 1 3192 1418 4546
9483 2 2 2 1 793 5106 5171
9484 2 2 2 1 3144 2134 5099
9485 2 2 2 1 3841 643 4059
9486 2 2 2 1 679 3565 5011
9487 2 2 2 1 2929 1707 5369
9488 2 2 2 1 1064 3002 5295
9489 2 2 2 1 4178 681 5247
9490 2 2 2 1 1324 3981 5040
9491 2 2 2 1 1406 3136 5584
9492 2 2 2 1 3005 1431 4722
9493 2 2 2 1 2940 1124 5186
9494 2 2 2 1 106 107 4954
9495 2 2 2 1 2945 1787 5135
9496 2 2 2 1 1638 4028 4321
9497 2 2 2 1 723 3024 4784
9498 2 2 2 1 51 52 4961
9499 2 2 2 1 1395 3261 5523
9500 2 2 2 1 4443 2773 5348
9501 2 2 2 1 4521 1522 4533
9502 2 2 2 1 3568 1776 4004
9503 2 2 2 1 994 2957 5092
9504 2 2 2 1 1861 4802 5541
9505 2 2 2 1 1554 3918 4186
9506 2 2 2 1 226 227 4987
9507 2 2 2 1 2987 552 4883
9508 2 2 2 1 3918 1625 4186
9509 2 2 2 1 4638 1706 5470
9510 2 2 2 1 405 4109 4751
9511 2 2 2 1 1719 4703 5230
9512 2 2 2 1 4703 2373 5230
9513 2 2 2 1 615 3033 4760
9514 2 2 2 1 3299 1545 4936
9515 2 2 2 1 1767 3053 4710
9516 2 2 2 1 1552 3010 5173
9517 2 2 2 1 2956 1577 5231
9518 2 2 2 1 414 2944 5225
9519 2 2 2 1 1007 2956 5231
9520 2 2 2 1 285 284 5017
9521 2 2 2 1 1995 3722 4811
9522 2 2 2 1 127 128 5512
9523 2 2 2 1 1540 3312 4591
9524 2 2 2 1 1959 3827 4581
9525 2 2 2 1 3827 1592 4581
9526 2 2 2 1 3936 1631 4189
9527 2 2 2 1 1057 3167 5273
9528 2 2 2 1 3312 1115 4591
9529 2 2 2 1 1193 3510 4734
9530 2 2 2 1 334 333 5003
9531 2 2 2 1 1491 3332 4898
9532 2 2 2 1 1902 3653 4578
9533 2 2 2 1 3414 1374 5034
9534 2 2 2 1 3052 898 4741
9535 2 2 2 1 884 2997 4899
9536 2 2 2 1 3476 422 4319
9537 2 2 2 1 1512 3476 4319
9538 2 2 2 1 4425 3192 5175
9539 2 2 2 1 1428 3494 4250
9540 2 2 2 1 4630 2345 5255
9541 2 2 2 1 934 4630 5255
9542 2 2 2 1 4188 2048 5121
9543 2 2 2 1 501 4188 5121
9544 2 2 2 1 75 76 5052
9545 2 2 2 1 77 78 5053
9546 2 2 2 1 4689 833 5596
9547 2 2 2 1 274 3252 5181
9548 2 2 2 1 3759 1507 3977
9549 2 2 2 1 432 3759 3977
9550 2 2 2 1 1967 4342 5029
9551 2 2 2 1 2978 1709 4999
9552 2 2 2 1 298 297 5067
9553 2 2 2 1 1281 3936 4189
9554 2 2 2 1 3003 639 4909
9555 2 2 2 1 4434 1510 5363
9556 2 2 2 1 3304 1473 4502
9557 2 2 2 1 512 3209 4697
9558 2 2 2 1 1111 3192 4425
9559 2 2 2 1 3081 452 4667
9560 2 2 2 1 1426 3402 4278
9561 2 2 2 1 173 174 5126
9562 2 2 2 1 1333 2958 5282
9563 2 2 2 1 1113 3137 4533
9564 2 2 2 1 3030 1051 4858
9565 2 2 2 1 3211 1052 4408
9566 2 2 2 1 2957 2304 5391
9567 2 2 2 1 2979 1600 5065
9568 2 2 2 1 3671 1500 4666
9569 2 2 2 1 3654 334 5003
9570 2 2 2 1 3655 1317 5108
9571 2 2 2 1 4232 1579 4407
9572 2 2 2 1 1509 3027 4906
9573 2 2 2 1 388 387 5115
9574 2 2 2 1 2991 1242 5205
9575 2 2 2 1 255 256 5156
9576 2 2 2 1 2957 653 5113
9577 2 2 2 1 181 182 5493
9578 2 2 2 1 54 55 5160
9579 2 2 2 1 1005 3051 4807
9580 2 2 2 1 718 3323 4288
9581 2 2 2 1 4253 1623 5014
9582 2 2 2 1 3010 1552 4964
9583 2 2 2 1 666 3331 4771
9584 2 2 2 1 2955 1009 5472
9585 2 2 2 1 702 2955 5473
9586 2 2 2 1 478 3377 4232
9587 2 2 2 1 849 4515 5141
9588 2 2 2 1 454 2961 5370
9589 2 2 2 1 1561 3160 5381
9590 2 2 2 1 2372 4638 5470
9591 2 2 2 1 3461 1343 4162
9592 2 2 2 1 3801 1487 3901
9593 2 2 2 1 3329 1858 5031
9594 2 2 2 1 3071 973 4772
9595 2 2 2 1 3108 1469 4644
9596 2 2 2 1 1034 2975 5550
9597 2 2 2 1 3536 793 5171
9598 2 2 2 1 4560 1532 4769
9599 2 2 2 1 1395 3258 4377
9600 2 2 2 1 4489 2099 4880
9601 2 2 2 1 1775 4489 4880
9602 2 2 2 1 1680 2960 5586
9603 2 2 2 1 747 3462 4623
9604 2 2 2 1 3462 1605 4623
9605 2 2 2 1 3080 1433 5239
9606 2 2 2 1 19 20 5269
9607 2 2 2 1 3499 481 5150
9608 2 2 2 1 1761 3499 5150
9609 2 2 2 1 2965 704 5384
9610 2 2 2 1 1245 3681 3988
9611 2 2 2 1 1322 3418 4920
9612 2 2 2 1 1917 4027 4609
9613 2 2 2 1 4027 539 4609
9614 2 2 2 1 3749 1133 5592
9615 2 2 2 1 1993 3749 5592
9616 2 2 2 1 142 3 5565
9617 2 2 2 1 3 143 5565
9618 2 2 2 1 4264 845 5393
9619 2 2 2 1 3835 1083 5462
9620 2 2 2 1 1748 2990 5270
9621 2 2 2 1 4398 951 5099
9622 2 2 2 1 3024 723 4980
9623 2 2 2 1 64 65 5292
9624 2 2 2 1 1115 3133 4591
9625 2 2 2 1 2134 4398 5099
9626 2 2 2 1 2004 3470 5145
9627 2 2 2 1 3105 695 4681
9628 2 2 2 1 3157 1547 5085
9629 2 2 2 1 2629 4325 5551
9630 2 2 2 1 4305 1941 4735
9631 2 2 2 1 755 4305 4735
9632 2 2 2 1 3537 1282 4108
9633 2 2 2 1 169 170 5522
9634 2 2 2 1 3236 1360 4422
9635 2 2 2 1 27 28 5399
9636 2 2 2 1 327 326 5350
9637 2 2 2 1 113 114 5513
9638 2 2 2 1 3221 4415 5443
9639 2 2 2 1 315 314 5480
9640 2 2 2 1 208 4 5593
9641 2 2 2 1 4 209 5593
9642 2 2 2 1 203 204 5461
9643 2 2 2 1 222 223 5469
9644 2 2 2 1 365 364 5405
9645 2 2 2 1 3239 749 4438
9646 2 2 2 1 1082 4881 4998
9647 2 2 2 1 87 88 5562
9648 2 2 2 1 207 208 5598
9649 2 2 2 1 653 3878 5036
9650 2 2 2 1 3255 1669 5472
9651 2 2 2 1 833 2971 5596
9652 2 2 2 1 470 2986 5335
9653 2 2 2 1 3378 767 4918
9654 2 2 2 1 1407 3296 5319
9655 2 2 2 1 1641 3378 4918
9656 2 2 2 1 767 3768 5456
9657 2 2 2 1 348 347 5395
9658 2 2 2 1 1519 2991 5205
9659 2 2 2 1 483 3975 4197
9660 2 2 2 1 3266 2019 4515
9661 2 2 2 1 1817 3266 4515
9662 2 2 2 1 1805 3755 4084
9663 2 2 2 1 1396 3314 4513
9664 2 2 2 1 1433 3098 5239
9665 2 2 2 1 1665 3790 5148
9666 2 2 2 1 3346 670 4845
9667 2 2 2 1 1868 3532 5376
9668 2 2 2 1 3454 734 4218
9669 2 2 2 1 4445 1774 5516
9670 2 2 2 1 1288 3851 4410
9671 2 2 2 1 4346 1844 5078
9672 2 2 2 1 1633 3041 5474
9673 2 2 2 1 646 3192 4546
9674 2 2 2 1 537 3210 5407
9675 2 2 2 1 677 3519 4563
9676 2 2 2 1 1255 3207 4824
9677 2 2 2 1 1628 3072 5590
9678 2 2 2 1 3547 1875 4769
9679 2 2 2 1 2166 3758 4635
9680 2 2 2 1 3758 567 4635
9681 2 2 2 1 3942 2525 4314
9682 2 2 2 1 1745 3126 4683
9683 2 2 2 1 506 3101 4777
9684 2 2 2 1 904 3643 4856
9685 2 2 2 1 1471 3284 4468
9686 2 2 2 1 3284 468 4468
9687 2 2 2 1 651 2994 5287
9688 2 2 2 1 2994 1020 5288
9689 2 2 2 1 4618 781 5402
9690 2 2 2 1 3281 1081 4414
9691 2 2 2 1 1032 3547 4769
9692 2 2 2 1 45 3247 4716
9693 2 2 2 1 1535 3779 5431
9694 2 2 2 1 690 3583 4252
9695 2 2 2 1 3583 1511 4252
9696 2 2 2 1 2996 1052 5325
9697 2 2 2 1 3056 1524 5118
9698 2 2 2 1 1770 4120 4625
9699 2 2 2 1 658 4191 5037
9700 2 2 2 1 1390 3238 4477
9701 2 2 2 1 3241 842 5300
9702 2 2 2 1 1682 3241 5300
9703 2 2 2 1 1124 3523 4647
9704 2 2 2 1 4209 1483 4797
9705 2 2 2 1 2990 1748 5558
9706 2 2 2 1 3402 299 4278
9707 2 2 2 1 781 4087 5402
9708 2 2 2 1 3969 513 5090
9709 2 2 2 1 3022 555 5465
9710 2 2 2 1 1397 3512 4197
9711 2 2 2 1 3049 769 5045
9712 2 2 2 1 4403 791 5489
9713 2 2 2 1 1827 3963 4772
9714 2 2 2 1 3217 1126 4553
9715 2 2 2 1 727 3409 5132
9716 2 2 2 1 1642 3034 5506
9717 2 2 2 1 3034 523 5506
9718 2 2 2 1 4234 2184 5591
9719 2 2 2 1 3020 1638 5526
9720 2 2 2 1 1300 3008 5379
9721 2 2 2 1 3138 1066 5464
9722 2 2 2 1 3322 1172 4901
9723 2 2 2 1 1734 4417 5061
9724 2 2 2 1 4613 2278 5246
9725 2 2 2 1 1617 4037 4276
9726 2 2 2 1 1561 3139 4725
9727 2 2 2 1 1308 3037 5152
9728 2 2 2 1 2561 3742 5148
9729 2 2 2 1 1772 4973 5534
9730 2 2 2 1 3277 1100 4886
9731 2 2 2 1 1709 4613 5246
9732 2 2 2 1 4238 1821 5457
9733 2 2 2 1 5307 767 5456
9734 2 2 2 1 3723 788 4738
9735 2 2 2 1 1420 3405 4992
9736 2 2 2 1 3076 171 4951
9737 2 2 2 1 3718 1514 4127
9738 2 2 2 1 3142 1537 4910
9739 2 2 2 1 128 3187 5512
9740 2 2 2 1 3062 1901 5054
9741 2 2 2 1 1994 3406 4663
9742 2 2 2 1 536 3142 4910
9743 2 2 2 1 412 3718 4127
9744 2 2 2 1 1297 3881 4977
9745 2 2 2 1 3126 671 4808
9746 2 2 2 1 749 4044 4632
9747 2 2 2 1 3001 406 5549
9748 2 2 2 1 4106 1494 4998
9749 2 2 2 1 2097 3440 4365
9750 2 2 2 1 3035 1989 5249
9751 2 2 2 1 527 3179 4654
9752 2 2 2 1 1022 3056 5118
9753 2 2 2 1 4960 505 5289
9754 2 2 2 1 728 3000 5519
9755 2 2 2 1 1323 3451 4691
9756 2 2 2 1 1524 3229 5202
9757 2 2 2 1 4487 1660 5210
9758 2 2 2 1 2191 4487 5210
9759 2 2 2 1 1100 3300 4886
9760 2 2 2 1 4441 942 4608
9761 2 2 2 1 1936 4441 4608
9762 2 2 2 1 1543 3014 5320
9763 2 2 2 1 1612 4317 4402
9764 2 2 2 1 3494 731 4250
9765 2 2 2 1 4203 1586 4803
9766 2 2 2 1 1938 4332 4339
9767 2 2 2 1 3059 1621 5116
9768 2 2 2 1 1788 3787 5550
9769 2 2 2 1 1421 3432 4997
9770 2 2 2 1 670 3428 4845
9771 2 2 2 1 901 4800 5431
9772 2 2 2 1 1591 4074 4864
9773 2 2 2 1 3224 1654 4587
9774 2 2 2 1 3199 461 4634
9775 2 2 2 1 3299 424 4729
9776 2 2 2 1 1830 4807 5425
9777 2 2 2 1 1545 3299 4729
9778 2 2 2 1 1993 3148 4762
9779 2 2 2 1 3436 2585 5275
9780 2 2 2 1 1989 5223 5249
9781 2 2 2 1 1691 3713 4162
9782 2 2 2 1 827 4116 5125
9783 2 2 2 1 4112 1637 4128
9784 2 2 2 1 799 4112 4128
9785 2 2 2 1 2752 3222 5490
9786 2 2 2 1 3213 1095 5027
9787 2 2 2 1 3301 912 4575
9788 2 2 2 1 3332 1491 4523
9789 2 2 2 1 428 3332 4523
9790 2 2 2 1 736 3629 4324
9791 2 2 2 1 3629 1544 4324
9792 2 2 2 1 1312 4144 4151
9793 2 2 2 1 4144 2383 4151
9794 2 2 2 1 3426 736 4324
9795 2 2 2 1 3232 726 4599
9796 2 2 2 1 4332 1938 4907
9797 2 2 2 1 4332 1409 4339
9798 2 2 2 1 1494 3301 4575
9799 2 2 2 1 3343 1334 4417
9800 2 2 2 1 663 3390 4560
9801 2 2 2 1 1481 3831 4321
9802 2 2 2 1 3390 1532 4560
9803 2 2 2 1 597 3117 4904
9804 2 2 2 1 3034 1011 5491
9805 2 2 2 1 4277 907 4621
9806 2 2 2 1 1858 4277 4621
9807 2 2 2 1 3497 1853 4676
9808 2 2 2 1 1794 3461 5478
9809 2 2 2 1 3675 1968 4129
9810 2 2 2 1 1999 3638 5048
9811 2 2 2 1 3350 1674 4437
9812 2 2 2 1 3898 1415 4923
9813 2 2 2 1 1587 4504 4550
9814 2 2 2 1 3420 2465 5597
9815 2 2 2 1 3461 811 5478
9816 2 2 2 1 448 4303 5523
9817 2 2 2 1 3616 1159 4373
9818 2 2 2 1 2614 3407 5274
9819 2 2 2 1 3584 723 4208
9820 2 2 2 1 4681 1673 4759
9821 2 2 2 1 4303 2200 5523
9822 2 2 2 1 1659 3116 4963
9823 2 2 2 1 3143 672 4834
9824 2 2 2 1 1608 3080 5153
9825 2 2 2 1 3725 1160 4343
9826 2 2 2 1 2120 3725 4343
9827 2 2 2 1 1602 3234 5084
9828 2 2 2 1 4450 415 4830
9829 2 2 2 1 2012 4450 4830
9830 2 2 2 1 610 3185 4770
9831 2 2 2 1 2041 3616 4373
9832 2 2 2 1 5237 1632 5247
9833 2 2 2 1 3385 1212 4874
9834 2 2 2 1 3510 1754 5299
9835 2 2 2 1 3058 1924 5393
9836 2 2 2 1 471 3775 4520
9837 2 2 2 1 769 3049 5536
9838 2 2 2 1 3352 1692 5582
9839 2 2 2 1 1367 3434 5455
9840 2 2 2 1 3419 1361 4637
9841 2 2 2 1 3044 2088 5585
9842 2 2 2 1 1442 3437 4341
9843 2 2 2 1 3440 1104 4365
9844 2 2 2 1 1553 3913 4484
9845 2 2 2 1 3966 1601 4280
9846 2 2 2 1 749 3239 5397
9847 2 2 2 1 1458 4121 5402
9848 2 2 2 1 4121 2062 5402
9849 2 2 2 1 3234 696 5084
9850 2 2 2 1 1121 3328 4501
9851 2 2 2 1 3819 1218 4804
9852 2 2 2 1 1958 3819 4804
9853 2 2 2 1 3098 840 5239
9854 2 2 2 1 1063 3100 5277
9855 2 2 2 1 4009 1303 5396
9856 2 2 2 1 2003 4009 5396
9857 2 2 2 1 3293 804 4578
9858 2 2 2 1 1620 3087 5212
9859 2 2 2 1 681 3084 5247
9860 2 2 2 1 208 5593 5598
9861 2 2 2 1 5593 2911 5598
9862 2 2 2 1 3169 1498 5050
9863 2 2 2 1 3716 1306 4193
9864 2 2 2 1 4346 803 4721
9865 2 2 2 1 4800 2343 5431
9866 2 2 2 1 3370 623 4452
9867 2 2 2 1 721 4326 5495
9868 2 2 2 1 1194 3063 5507
9869 2 2 2 1 1400 4188 4481
9870 2 2 2 1 1489 3229 4767
9871 2 2 2 1 1360 3236 4668
9872 2 2 2 1 1158 3341 4509
9873 2 2 2 1 1513 3322 4901
9874 2 2 2 1 1466 3841 4059
9875 2 2 2 1 3070 707 5540
9876 2 2 2 1 446 3613 5531
9877 2 2 2 1 3068 1025 5487
9878 2 2 2 1 1493 3193 4806
9879 2 2 2 1 3783 1570 4303
9880 2 2 2 1 4989 1190 5157
9881 2 2 2 1 450 4332 4907
9882 2 2 2 1 737 3518 5290
9883 2 2 2 1 3518 1768 5290
9884 2 2 2 1 3136 1115 4988
9885 2 2 2 1 448 3783 4303
9886 2 2 2 1 465 3215 5104
9887 2 2 2 1 3482 782 4699
9888 2 2 2 1 1593 3482 4699
9889 2 2 2 1 2591 3222 5337
9890 2 2 2 1 1454 3208 5256
9891 2 2 2 1 3498 1447 4765
9892 2 2 2 1 3171 1581 4896
9893 2 2 2 1 3583 690 4263
9894 2 2 2 1 675 3190 4799
9895 2 2 2 1 3617 1474 4431
9896 2 2 2 1 4028 962 4945
9897 2 2 2 1 1671 4311 4938
9898 2 2 2 1 4079 738 4186
9899 2 2 2 1 1625 4079 4186
9900 2 2 2 1 682 4239 5029
9901 2 2 2 1 1611 3371 5294
9902 2 2 2 1 3883 685 4356
9903 2 2 2 1 3085 1615 5471
9904 2 2 2 1 750 4023 4831
9905 2 2 2 1 3229 539 4767
9906 2 2 2 1 2388 4989 5157
9907 2 2 2 1 4311 1968 4938
9908 2 2 2 1 3342 1494 4755
9909 2 2 2 1 3267 701 4685
9910 2 2 2 1 1713 3968 4402
9911 2 2 2 1 3215 1602 5104
9912 2 2 2 1 1752 4026 4156
9913 2 2 2 1 2038 4125 4837
9914 2 2 2 1 434 4719 4942
9915 2 2 2 1 4719 2153 4942
9916 2 2 2 1 4239 1967 5029
9917 2 2 2 1 2111 4590 4991
9918 2 2 2 1 1819 3637 5309
9919 2 2 2 1 3637 751 5309
9920 2 2 2 1 830 3510 5299
9921 2 2 2 1 937 3840 5571
9922 2 2 2 1 4590 839 4991
9923 2 2 2 1 1624 3092 5532
9924 2 2 2 1 3590 674 4273
9925 2 2 2 1 1463 3903 5141
9926 2 2 2 1 1584 3114 5242
9927 2 2 2 1 3114 1059 5242
9928 2 2 2 1 3122 2133 5112
9929 2 2 2 1 1405 3188 5016
9930 2 2 2 1 1739 3619 5056
9931 2 2 2 1 3619 468 5056
9932 2 2 2 1 3432 1257 4442
9933 2 2 2 1 679 3085 5471
9934 2 2 2 1 3887 1353 4075
9935 2 2 2 1 4589 2176 5123
9936 2 2 2 1 1547 3157 5023
9937 2 2 2 1 3157 928 5023
9938 2 2 2 1 1619 4589 5123
9939 2 2 2 1 144 3092 5303
9940 2 2 2 1 1834 4823 5477
9941 2 2 2 1 1745 4245 4385
9942 2 2 2 1 4245 908 4385
9943 2 2 2 1 1700 5227 5465
9944 2 2 2 1 1695 3260 4748
9945 2 2 2 1 4990 1685 5022
9946 2 2 2 1 1832 3285 4673
9947 2 2 2 1 5317 1756 5527
9948 2 2 2 1 479 4036 4997
9949 2 2 2 1 3881 1987 4363
9950 2 2 2 1 5008 2315 5012
9951 2 2 2 1 659 5008 5012
9952 2 2 2 1 4786 1955 5014
9953 2 2 2 1 2235 3090 5398
9954 2 2 2 1 3862 1410 4099
9955 2 2 2 1 3613 1846 5531
9956 2 2 2 1 4707 2307 5517
9957 2 2 2 1 1493 3301 4651
9958 2 2 2 1 4596 544 5007
9959 2 2 2 1 1825 3454 4423
9960 2 2 2 1 3162 1197 5001
9961 2 2 2 1 1015 3070 5554
9962 2 2 2 1 3931 1280 4064
9963 2 2 2 1 3296 1172 4671
9964 2 2 2 1 1814 5107 5229
9965 2 2 2 1 4298 2234 5058
9966 2 2 2 1 3956 1916 5321
9967 2 2 2 1 1555 4328 4510
9968 2 2 2 1 4328 1819 4510
9969 2 2 2 1 1716 4040 4042
9970 2 2 2 1 3924 1461 5499
9971 2 2 2 1 4040 1425 4042
9972 2 2 2 1 1522 3763 4533
9973 2 2 2 1 3396 1556 4738
9974 2 2 2 1 1415 4123 4923
9975 2 2 2 1 1400 3617 4279
9976 2 2 2 1 4848 867 5192
9977 2 2 2 1 3134 2230 5178
9978 2 2 2 1 2121 4596 5007
9979 2 2 2 1 3598 497 5500
9980 2 2 2 1 422 3476 4413
9981 2 2 2 1 788 3396 4738
9982 2 2 2 1 4163 443 5454
9983 2 2 2 1 1108 3228 4860
9984 2 2 2 1 1818 3978 5268
9985 2 2 2 1 2282 3740 5076
9986 2 2 2 1 2308 3258 5164
9987 2 2 2 1 648 3647 4377
9988 2 2 2 1 3226 885 5140
9989 2 2 2 1 1715 3221 5443
9990 2 2 2 1 1066 3289 5464
9991 2 2 2 1 1378 3313 4656
9992 2 2 2 1 3509 1241 4714
9993 2 2 2 1 3707 758 4283
9994 2 2 2 1 3115 991 5377
9995 2 2 2 1 3422 1061 5358
9996 2 2 2 1 1731 3422 5358
9997 2 2 2 1 615 3169 5050
9998 2 2 2 1 625 3966 4280
9999 2 2 2 1 3425 1188 4486
10000 2 2 2 1 4412 2393 4796
10001 2 2 2 1 1844 4346 4721
10002 2 2 2 1 4828 1984 5520
10003 2 2 2 1 3213 743 4928
10004 2 2 2 1 1978 4108 5580
10005 2 2 2 1 870 4707 5517
10006 2 2 2 1 1872 3467 5522
10007 2 2 2 1 3142 536 5211
10008 2 2 2 1 2037 3394 4885
10009 2 2 2 1 4665 2015 4666
10010 2 2 2 1 1500 4665 4666
10011 2 2 2 1 754 3848 5498
10012 2 2 2 1 4195 2517 5478
10013 2 2 2 1 1215 3449 4469
10014 2 2 2 1 5102 2490 5311
10015 2 2 2 1 1616 5102 5311
10016 2 2 2 1 1831 4223 4464
10017 2 2 2 1 4038 2917 4862
10018 2 2 2 1 3404 1639 5068
10019 2 2 2 1 1533 3707 4283
10020 2 2 2 1 638 3404 5068
10021 2 2 2 1 4353 1751 4756
10022 2 2 2 1 3640 702 5473
10023 2 2 2 1 1824 3391 4574
10024 2 2 2 1 1655 5010 5419
10025 2 2 2 1 5010 2476 5419
10026 2 2 2 1 1487 3801 4600
10027 2 2 2 1 1293 4052 4053
10028 2 2 2 1 4052 2486 4053
10029 2 2 2 1 3827 242 4344
10030 2 2 2 1 1592 3827 4344
10031 2 2 2 1 3222 1041 5490
10032 2 2 2 1 3150 1070 5232
10033 2 2 2 1 5051 2535 5476
10034 2 2 2 1 703 5051 5476
10035 2 2 2 1 4065 2081 4091
10036 2 2 2 1 1688 4454 5394
10037 2 2 2 1 4233 1771 5536
10038 2 2 2 1 1758 4511 4838
10039 2 2 2 1 1735 4836 5492
10040 2 2 2 1 3467 169 5522
10041 2 2 2 1 4359 1372 4933
10042 2 2 2 1 857 3655 5108
10043 2 2 2 1 722 3891 4965
10044 2 2 2 1 3687 727 5132
10045 2 2 2 1 507 3956 4985
10046 2 2 2 1 1575 3241 5329
10047 2 2 2 1 591 3711 4281
10048 2 2 2 1 3711 2007 4281
10049 2 2 2 1 538 3291 5112
10050 2 2 2 1 3864 720 4192
10051 2 2 2 1 1538 3864 4192
10052 2 2 2 1 3567 684 4393
10053 2 2 2 1 809 3274 4932
10054 2 2 2 1 1457 3213 5027
10055 2 2 2 1 1798 4530 5482
10056 2 2 2 1 1490 3901 5083
10057 2 2 2 1 4127 1770 4625
10058 2 2 2 1 3975 1722 4197
10059 2 2 2 1 4301 1806 4307
10060 2 2 2 1 4000 636 4925
10061 2 2 2 1 1462 4301 4307
10062 2 2 2 1 1565 3561 4429
10063 2 2 2 1 1246 3482 5310
10064 2 2 2 1 3174 273 5181
10065 2 2 2 1 3677 1344 5111
10066 2 2 2 1 3561 689 4429
10067 2 2 2 1 4113 1463 5141
10068 2 2 2 1 3176 1221 5193
10069 2 2 2 1 1287 3844 5096
10070 2 2 2 1 1088 4561 5581
10071 2 2 2 1 3844 1813 5096
10072 2 2 2 1 3556 1791 5458
10073 2 2 2 1 580 3556 5458
10074 2 2 2 1 4561 2312 5581
10075 2 2 2 1 3253 1534 5324
10076 2 2 2 1 3167 1694 5273
10077 2 2 2 1 1167 3666 4615
10078 2 2 2 1 3666 2027 4615
10079 2 2 2 1 4565 825 5009
10080 2 2 2 1 3796 1302 4750
10081 2 2 2 1 1229 3153 5367
10082 2 2 2 1 3829 1465 4230
10083 2 2 2 1 1345 4065 4091
10084 2 2 2 1 3585 1331 4962
10085 2 2 2 1 905 3146 5442
10086 2 2 2 1 1598 3168 5486
10087 2 2 2 1 3136 403 5584
10088 2 2 2 1 3446 395 4826
10089 2 2 2 1 1400 3745 4981
10090 2 2 2 1 4462 1535 5431
10091 2 2 2 1 3274 1563 4932
10092 2 2 2 1 2204 4565 5009
10093 2 2 2 1 1284 3415 4625
10094 2 2 2 1 3908 1771 4788
10095 2 2 2 1 723 3904 4208
10096 2 2 2 1 4090 1812 4504
10097 2 2 2 1 699 3151 5552
10098 2 2 2 1 3941 1360 5422
10099 2 2 2 1 448 3261 5022
10100 2 2 2 1 1916 4543 5344
10101 2 2 2 1 3657 2380 4929
10102 2 2 2 1 4148 1356 4149
10103 2 2 2 1 2086 4148 4149
10104 2 2 2 1 633 4014 5166
10105 2 2 2 1 3152 573 5538
10106 2 2 2 1 3161 1112 5450
10107 2 2 2 1 2057 3700 4329
10108 2 2 2 1 1759 3164 5444
10109 2 2 2 1 1480 3442 5335
10110 2 2 2 1 875 4445 4530
10111 2 2 2 1 4445 1837 4530
10112 2 2 2 1 3836 2686 4939
10113 2 2 2 1 3300 1597 4886
10114 2 2 2 1 1192 3200 5248
10115 2 2 2 1 3302 308 4868
10116 2 2 2 1 4026 854 4156
10117 2 2 2 1 659 3276 5008
10118 2 2 2 1 1338 3612 4407
10119 2 2 2 1 3355 1154 4781
10120 2 2 2 1 1668 3467 4819
10121 2 2 2 1 3443 1480 5386
10122 2 2 2 1 1212 3622 4874
10123 2 2 2 1 4717 2089 4892
10124 2 2 2 1 3276 1557 5008
10125 2 2 2 1 4793 1662 5330
10126 2 2 2 1 1578 4717 4892
10127 2 2 2 1 3212 2056 5218
10128 2 2 2 1 3280 747 5268
10129 2 2 2 1 1604 3190 5364
10130 2 2 2 1 2449 3434 4972
10131 2 2 2 1 4140 1928 4760
10132 2 2 2 1 3168 1170 5486
10133 2 2 2 1 1294 3399 4698
10134 2 2 2 1 1856 3842 4452
10135 2 2 2 1 3253 1577 5066
10136 2 2 2 1 3283 75 5052
10137 2 2 2 1 1887 3283 5052
10138 2 2 2 1 3220 1122 5190
10139 2 2 2 1 1883 4202 5250
10140 2 2 2 1 661 3617 4431
10141 2 2 2 1 3416 56 4690
10142 2 2 2 1 3549 668 4542
10143 2 2 2 1 1492 3474 5100
10144 2 2 2 1 4496 1588 4728
10145 2 2 2 1 1926 4496 4728
10146 2 2 2 1 3503 773 5363
10147 2 2 2 1 918 3273 5040
10148 2 2 2 1 1629 3836 4939
10149 2 2 2 1 3858 1666 5388
10150 2 2 2 1 4101 1032 4769
10151 2 2 2 1 1409 3346 4845
10152 2 2 2 1 3269 1556 5453
10153 2 2 2 1 3866 1728 5158
10154 2 2 2 1 3972 2198 4467
10155 2 2 2 1 3190 675 5364
10156 2 2 2 1 1564 3409 4855
10157 2 2 2 1 3409 727 4855
10158 2 2 2 1 1438 3840 4286
10159 2 2 2 1 3901 1487 5321
10160 2 2 2 1 426 3540 5000
10161 2 2 2 1 4578 804 5095
10162 2 2 2 1 4214 1126 5433
10163 2 2 2 1 3189 699 5552
10164 2 2 2 1 3258 2200 5164
10165 2 2 2 1 3227 1802 5265
10166 2 2 2 1 1374 4139 5034
10167 2 2 2 1 3689 888 5521
10168 2 2 2 1 3834 1448 4294
10169 2 2 2 1 825 4565 5528
10170 2 2 2 1 1846 3689 5521
10171 2 2 2 1 3768 1309 5456
10172 2 2 2 1 3441 395 4663
10173 2 2 2 1 1921 3425 4714
10174 2 2 2 1 2469 3836 4825
10175 2 2 2 1 4565 2267 5528
10176 2 2 2 1 3545 858 4783
10177 2 2 2 1 3433 1127 4709
10178 2 2 2 1 3734 1823 5001
10179 2 2 2 1 1635 3189 5552
10180 2 2 2 1 2973 4044 5397
10181 2 2 2 1 1708 3486 5298
10182 2 2 2 1 3486 929 5298
10183 2 2 2 1 3624 1972 4970
10184 2 2 2 1 4167 754 5498
10185 2 2 2 1 3233 1682 5300
10186 2 2 2 1 1168 3320 4970
10187 2 2 2 1 3348 361 5170
10188 2 2 2 1 655 3369 4857
10189 2 2 2 1 3597 692 4498
10190 2 2 2 1 1197 3734 5001
10191 2 2 2 1 2097 4960 5289
10192 2 2 2 1 3959 1039 5485
10193 2 2 2 1 5236 2595 5542
10194 2 2 2 1 1944 3959 5485
10195 2 2 2 1 983 5236 5542
10196 2 2 2 1 1343 3356 4877
10197 2 2 2 1 3831 712 4321
10198 2 2 2 1 1487 3956 5321
10199 2 2 2 1 1346 3268 5182
10200 2 2 2 1 5035 1645 5375
10201 2 2 2 1 3818 1862 4413
10202 2 2 2 1 2418 5035 5375
10203 2 2 2 1 1746 3674 5183
10204 2 2 2 1 677 3761 5194
10205 2 2 2 1 3674 425 5183
10206 2 2 2 1 3617 1400 4481
10207 2 2 2 1 745 4107 4449
10208 2 2 2 1 3912 1334 4911
10209 2 2 2 1 3264 988 5229
10210 2 2 2 1 423 3227 5408
10211 2 2 2 1 811 4195 5478
10212 2 2 2 1 3316 1224 5018
10213 2 2 2 1 3670 1671 4938
10214 2 2 2 1 1599 4839 5046
10215 2 2 2 1 3260 789 5253
10216 2 2 2 1 4839 2175 5046
10217 2 2 2 1 1601 3545 4783
10218 2 2 2 1 726 3232 5412
10219 2 2 2 1 3598 2534 5460
10220 2 2 2 1 859 3297 5082
10221 2 2 2 1 670 3346 4908
10222 2 2 2 1 413 3253 5324
10223 2 2 2 1 1095 3521 5027
10224 2 2 2 1 785 3670 4938
10225 2 2 2 1 3540 1423 5000
10226 2 2 2 1 847 5321 5368
10227 2 2 2 1 4830 415 5103
10228 2 2 2 1 2188 4830 5103
10229 2 2 2 1 1368 3257 5357
10230 2 2 2 1 3903 1463 4304
10231 2 2 2 1 3136 4988 5572
10232 2 2 2 1 2819 4503 4785
10233 2 2 2 1 4326 721 4876
10234 2 2 2 1 1541 3895 5081
10235 2 2 2 1 3496 1666 5504
10236 2 2 2 1 4372 2032 4682
10237 2 2 2 1 3239 1443 5397
10238 2 2 2 1 1316 3492 4694
10239 2 2 2 1 3516 1622 5288
10240 2 2 2 1 3342 1082 4998
10241 2 2 2 1 3484 534 4959
10242 2 2 2 1 3804 677 5194
10243 2 2 2 1 3766 457 4504
10244 2 2 2 1 1689 4099 5208
10245 2 2 2 1 3952 1405 5289
10246 2 2 2 1 4853 678 4923
10247 2 2 2 1 2996 4070 5237
10248 2 2 2 1 1587 3766 4504
10249 2 2 2 1 3230 521 5526
10250 2 2 2 1 930 3435 5497
10251 2 2 2 1 5128 1688 5394
10252 2 2 2 1 333 4538 5003
10253 2 2 2 1 1136 3803 4589
10254 2 2 2 1 3482 1593 5310
10255 2 2 2 1 1524 3693 5025
10256 2 2 2 1 1900 3548 5513
10257 2 2 2 1 3696 1495 4640
10258 2 2 2 1 1859 4260 4904
10259 2 2 2 1 4260 597 4904
10260 2 2 2 1 1875 4388 4477
10261 2 2 2 1 820 3871 5093
10262 2 2 2 1 3871 1781 5093
10263 2 2 2 1 3321 1786 5415
10264 2 2 2 1 4388 1390 4477
10265 2 2 2 1 3485 1193 4734
10266 2 2 2 1 877 4948 5344
10267 2 2 2 1 1399 4097 4595
10268 2 2 2 1 472 4397 5337
10269 2 2 2 1 2352 3311 5140
10270 2 2 2 1 3950 2688 5390
10271 2 2 2 1 3548 113 5513
10272 2 2 2 1 768 3237 5574
10273 2 2 2 1 4455 1963 4774
10274 2 2 2 1 467 4455 4774
10275 2 2 2 1 605 3414 5034
10276 2 2 2 1 690 4252 4395
10277 2 2 2 1 735 3942 4314
10278 2 2 2 1 3335 753 5070
10279 2 2 2 1 3374 1559 5155
10280 2 2 2 1 3670 1255 4824
10281 2 2 2 1 1133 4552 5592
10282 2 2 2 1 4552 2242 5592
10283 2 2 2 1 3745 820 4981
10284 2 2 2 1 466 3382 4955
10285 2 2 2 1 3261 448 5523
10286 2 2 2 1 1812 3883 4356
10287 2 2 2 1 3762 2329 5167
10288 2 2 2 1 4538 2029 5003
10289 2 2 2 1 4474 1880 5380
10290 2 2 2 1 719 3762 5167
10291 2 2 2 1 1712 3446 4826
10292 2 2 2 1 2065 3639 5340
10293 2 2 2 1 4508 1582 5383
10294 2 2 2 1 1813 5077 5096
10295 2 2 2 1 4037 1551 4276
10296 2 2 2 1 1081 3269 5453
10297 2 2 2 1 59 3498 4765
10298 2 2 2 1 1996 5083 5537
10299 2 2 2 1 688 3286 5316
10300 2 2 2 1 453 3881 4363
10301 2 2 2 1 2059 4888 5183
10302 2 2 2 1 3803 2176 4589
10303 2 2 2 1 1241 3462 4820
10304 2 2 2 1 3396 1297 4977
10305 2 2 2 1 4172 763 4437
10306 2 2 2 1 1674 4172 4437
10307 2 2 2 1 901 3779 5475
10308 2 2 2 1 1560 4384 4385
10309 2 2 2 1 4384 1745 4385
10310 2 2 2 1 3565 679 5492
10311 2 2 2 1 3460 750 4831
10312 2 2 2 1 640 3373 5381
10313 2 2 2 1 4618 2062 5042
10314 2 2 2 1 1658 4618 5042
10315 2 2 2 1 4347 1436 4355
10316 2 2 2 1 2000 4308 4456
10317 2 2 2 1 2055 4956 5063
10318 2 2 2 1 1534 3388 5324
10319 2 2 2 1 1559 3400 5155
10320 2 2 2 1 1974 4347 4355
10321 2 2 2 1 3938 1306 5010
10322 2 2 2 1 1822 4975 5039
10323 2 2 2 1 4247 371 5243
10324 2 2 2 1 1590 4491 5351
10325 2 2 2 1 400 4443 5348
10326 2 2 2 1 3374 1608 5153
10327 2 2 2 1 840 3374 5153
10328 2 2 2 1 3836 1629 4825
10329 2 2 2 1 4975 2205 5039
10330 2 2 2 1 3296 486 5319
10331 2 2 2 1 4170 2050 4521
10332 2 2 2 1 3405 799 4992
10333 2 2 2 1 86 3340 5169
10334 2 2 2 1 260 3625 4611
10335 2 2 2 1 3631 2076 4607
10336 2 2 2 1 1802 3893 5265
10337 2 2 2 1 664 4085 5436
10338 2 2 2 1 489 4786 5014
10339 2 2 2 1 3366 1287 5096
10340 2 2 2 1 3768 767 4624
10341 2 2 2 1 1507 4469 4594
10342 2 2 2 1 1860 3792 5574
10343 2 2 2 1 3438 1576 4919
10344 2 2 2 1 1607 3768 4624
10345 2 2 2 1 4941 1788 5550
10346 2 2 2 1 3792 768 5574
10347 2 2 2 1 4608 942 4732
10348 2 2 2 1 1928 4608 4732
10349 2 2 2 1 1898 3348 5170
10350 2 2 2 1 2118 3766 4974
10351 2 2 2 1 3589 1263 5390
10352 2 2 2 1 1227 3386 5149
10353 2 2 2 1 1996 4163 5083
10354 2 2 2 1 3693 1524 5202
10355 2 2 2 1 1917 4609 4699
10356 2 2 2 1 4609 1593 4699
10357 2 2 2 1 1466 3508 5080
10358 2 2 2 1 4202 1554 5250
10359 2 2 2 1 2058 4106 4998
10360 2 2 2 1 3289 1479 5464
10361 2 2 2 1 488 3997 5049
10362 2 2 2 1 3997 1785 5049
10363 2 2 2 1 3389 1199 5071
10364 2 2 2 1 1804 3397 5060
10365 2 2 2 1 3545 1369 4791
10366 2 2 2 1 1678 3599 4954
10367 2 2 2 1 3432 479 4997
10368 2 2 2 1 1300 4048 4633
10369 2 2 2 1 3599 106 4954
10370 2 2 2 1 4778 414 5225
10371 2 2 2 1 3993 2539 4729
10372 2 2 2 1 2178 4778 5225
10373 2 2 2 1 3884 1521 5488
10374 2 2 2 1 3322 762 5401
10375 2 2 2 1 3326 1946 5352
10376 2 2 2 1 3893 828 5265
10377 2 2 2 1 693 3455 4958
10378 2 2 2 1 3339 1708 5298
10379 2 2 2 1 4188 1400 4981
10380 2 2 2 1 3992 2294 4499
10381 2 2 2 1 1405 4194 5289
10382 2 2 2 1 3664 240 4643
10383 2 2 2 1 1885 4100 4398
10384 2 2 2 1 445 3488 5293
10385 2 2 2 1 4100 951 4398
10386 2 2 2 1 4186 738 5250
10387 2 2 2 1 3958 2136 4405
10388 2 2 2 1 1255 3670 4650
10389 2 2 2 1 4370 2358 5515
10390 2 2 2 1 3615 1922 4842
10391 2 2 2 1 811 3713 5270
10392 2 2 2 1 4223 806 4993
10393 2 2 2 1 3643 1564 4856
10394 2 2 2 1 871 4353 4756
10395 2 2 2 1 842 3505 4902
10396 2 2 2 1 3400 477 5155
10397 2 2 2 1 3968 724 4402
10398 2 2 2 1 753 3386 5380
10399 2 2 2 1 3713 1748 5270
10400 2 2 2 1 1554 4202 5361
10401 2 2 2 1 1926 4181 4496
10402 2 2 2 1 4181 770 4496
10403 2 2 2 1 3868 1616 5109
10404 2 2 2 1 1946 5203 5352
10405 2 2 2 1 4224 2878 5489
10406 2 2 2 1 1527 3484 4959
10407 2 2 2 1 4507 1725 5514
10408 2 2 2 1 1331 4003 4962
10409 2 2 2 1 1418 4013 4396
10410 2 2 2 1 3682 1427 5308
10411 2 2 2 1 3948 719 5167
10412 2 2 2 1 583 4370 5515
10413 2 2 2 1 3841 1466 4517
10414 2 2 2 1 1520 3469 5004
10415 2 2 2 1 465 3328 5457
10416 2 2 2 1 1691 3817 4952
10417 2 2 2 1 4284 1851 4953
10418 2 2 2 1 739 4284 4953
10419 2 2 2 1 5009 1602 5084
10420 2 2 2 1 4357 959 4754
10421 2 2 2 1 3817 502 4952
10422 2 2 2 1 1877 4357 4754
10423 2 2 2 1 4163 1490 5083
10424 2 2 2 1 4701 2093 5201
10425 2 2 2 1 3658 2098 4902
10426 2 2 2 1 4576 2795 4817
10427 2 2 2 1 1623 4253 4358
10428 2 2 2 1 2204 5009 5084
10429 2 2 2 1 1455 3926 4775
10430 2 2 2 1 750 3337 5527
10431 2 2 2 1 3770 1643 4854
10432 2 2 2 1 1217 3770 4854
10433 2 2 2 1 4445 875 4524
10434 2 2 2 1 1774 4445 4524
10435 2 2 2 1 3419 836 5199
10436 2 2 2 1 1309 4216 5456
10437 2 2 2 1 2299 4527 4833
10438 2 2 2 1 397 3595 4969
10439 2 2 2 1 638 3393 5279
10440 2 2 2 1 3387 1166 5330
10441 2 2 2 1 2067 4463 4773
10442 2 2 2 1 3899 2375 4514
10443 2 2 2 1 3577 1592 4891
10444 2 2 2 1 845 3577 4891
10445 2 2 2 1 1979 4853 4923
10446 2 2 2 1 1923 3361 5427
10447 2 2 2 1 778 3826 4975
10448 2 2 2 1 2336 3436 5275
10449 2 2 2 1 1737 4674 5325
10450 2 2 2 1 4021 1406 5584
10451 2 2 2 1 1648 3480 5440
10452 2 2 2 1 3373 1561 5381
10453 2 2 2 1 4704 1958 4804
10454 2 2 2 1 1736 4704 4804
10455 2 2 2 1 3500 686 5030
10456 2 2 2 1 4694 1761 5150
10457 2 2 2 1 3729 1676 5450
10458 2 2 2 1 4319 1837 4349
10459 2 2 2 1 1550 4054 5326
10460 2 2 2 1 1239 3372 5414
10461 2 2 2 1 3407 798 5274
10462 2 2 2 1 3967 1275 5162
10463 2 2 2 1 3801 664 4600
10464 2 2 2 1 3414 605 5260
10465 2 2 2 1 3464 2335 5108
10466 2 2 2 1 1120 3972 4467
10467 2 2 2 1 1553 3875 5117
10468 2 2 2 1 1726 4701 5201
10469 2 2 2 1 1354 3357 5495
10470 2 2 2 1 3474 563 5100
10471 2 2 2 1 4447 1609 5180
10472 2 2 2 1 3354 96 5561
10473 2 2 2 1 5106 1935 5171
10474 2 2 2 1 1547 3489 5085
10475 2 2 2 1 4112 1859 4904
10476 2 2 2 1 3826 2205 4975
10477 2 2 2 1 4292 1376 4309
10478 2 2 2 1 2332 4292 4309
10479 2 2 2 1 1784 3967 5162
10480 2 2 2 1 1621 3525 5116
10481 2 2 2 1 3525 471 5116
10482 2 2 2 1 1146 3380 5440
10483 2 2 2 1 845 4582 5393
10484 2 2 2 1 3913 1553 5117
10485 2 2 2 1 691 3542 5185
10486 2 2 2 1 2409 3943 5267
10487 2 2 2 1 3537 489 5014
10488 2 2 2 1 1589 4089 4816
10489 2 2 2 1 3581 1575 5329
10490 2 2 2 1 2279 3479 5144
10491 2 2 2 1 4956 879 5063
10492 2 2 2 1 3965 1357 4693
10493 2 2 2 1 3581 725 5047
10494 2 2 2 1 1141 3992 4499
10495 2 2 2 1 3781 264 5079
10496 2 2 2 1 1791 3556 5015
10497 2 2 2 1 3556 1146 5015
10498 2 2 2 1 3622 1795 4874
10499 2 2 2 1 4253 837 4358
10500 2 2 2 1 791 4224 5489
10501 2 2 2 1 4829 2240 5533
10502 2 2 2 1 3584 1299 5588
10503 2 2 2 1 1654 4473 4917
10504 2 2 2 1 4571 1655 5419
10505 2 2 2 1 3659 397 4969
10506 2 2 2 1 125 3534 5019
10507 2 2 2 1 3538 2248 5544
10508 2 2 2 1 3719 2240 4829
10509 2 2 2 1 1671 3670 4824
10510 2 2 2 1 2577 3538 5544
10511 2 2 2 1 3448 1132 5398
10512 2 2 2 1 3923 1404 5459
10513 2 2 2 1 3699 692 5238
10514 2 2 2 1 1795 4176 5193
10515 2 2 2 1 3565 1842 5011
10516 2 2 2 1 786 3555 5031
10517 2 2 2 1 4153 1897 4649
10518 2 2 2 1 1708 4153 4649
10519 2 2 2 1 1155 3508 5214
10520 2 2 2 1 4888 1746 5183
10521 2 2 2 1 4655 1379 5569
10522 2 2 2 1 2043 3605 5101
10523 2 2 2 1 3595 1565 4969
10524 2 2 2 1 4056 1853 5291
10525 2 2 2 1 827 4572 4946
10526 2 2 2 1 4572 1940 4946
10527 2 2 2 1 2162 4472 4480
10528 2 2 2 1 4204 3227 5265
10529 2 2 2 1 1512 4319 4349
10530 2 2 2 1 2191 4265 5088
10531 2 2 2 1 3442 470 5335
10532 2 2 2 1 4472 1450 4480
10533 2 2 2 1 505 3952 5289
10534 2 2 2 1 4050 1446 4506
10535 2 2 2 1 3785 2052 4931
10536 2 2 2 1 837 3785 4931
10537 2 2 2 1 665 3938 5315
10538 2 2 2 1 3997 488 4748
10539 2 2 2 1 1634 3676 5028
10540 2 2 2 1 1717 3506 5188
10541 2 2 2 1 3604 915 4972
10542 2 2 2 1 1641 4918 5226
10543 2 2 2 1 4067 1679 5525
10544 2 2 2 1 4045 1424 4476
10545 2 2 2 1 2330 5056 5417
10546 2 2 2 1 5056 468 5417
10547 2 2 2 1 4252 1814 4395
10548 2 2 2 1 4698 1819 5309
10549 2 2 2 1 3774 1232 5245
10550 2 2 2 1 1729 3774 5245
10551 2 2 2 1 3676 1264 5028
10552 2 2 2 1 1789 4829 5533
10553 2 2 2 1 678 3898 4923
10554 2 2 2 1 815 3808 5213
10555 2 2 2 1 700 3443 5386
10556 2 2 2 1 4080 2110 5082
10557 2 2 2 1 3886 2093 4701
10558 2 2 2 1 770 3648 5306
10559 2 2 2 1 3722 714 4811
10560 2 2 2 1 910 4828 5520
10561 2 2 2 1 4918 2158 5226
10562 2 2 2 1 1787 3796 4750
10563 2 2 2 1 803 3983 4721
10564 2 2 2 1 428 3719 4829
10565 2 2 2 1 457 4090 4504
10566 2 2 2 1 1657 3626 5195
10567 2 2 2 1 3488 1555 5293
10568 2 2 2 1 3707 1533 4832
10569 2 2 2 1 469 4072 5224
10570 2 2 2 1 3626 1191 5195
10571 2 2 2 1 4600 664 5436
10572 2 2 2 1 1191 3524 5195
10573 2 2 2 1 2022 3420 5597
10574 2 2 2 1 1935 3541 5171
10575 2 2 2 1 3560 1688 5128
10576 2 2 2 1 3435 1516 5497
10577 2 2 2 1 3853 716 4943
10578 2 2 2 1 794 4745 5285
10579 2 2 2 1 2616 4049 4812
10580 2 2 2 1 4587 1654 4917
10581 2 2 2 1 1614 3592 5221
10582 2 2 2 1 4847 522 5446
10583 2 2 2 1 2229 4847 5446
10584 2 2 2 1 3937 1585 4708
10585 2 2 2 1 1277 4005 5334
10586 2 2 2 1 1814 3586 5107
10587 2 2 2 1 1250 3886 4701
10588 2 2 2 1 2635 3937 4708
10589 2 2 2 1 679 3932 5492
10590 2 2 2 1 3829 812 5564
10591 2 2 2 1 4517 806 5372
10592 2 2 2 1 3541 571 5233
10593 2 2 2 1 3813 473 4792
10594 2 2 2 1 872 3564 5178
10595 2 2 2 1 4223 1515 4464
10596 2 2 2 1 3439 2242 5573
10597 2 2 2 1 4570 1809 5219
10598 2 2 2 1 2013 4570 5219
10599 2 2 2 1 2080 3717 5190
10600 2 2 2 1 4005 1823 5334
10601 2 2 2 1 2059 4096 4888
10602 2 2 2 1 688 4629 5038
10603 2 2 2 1 4629 2862 5038
10604 2 2 2 1 3638 1829 5048
10605 2 2 2 1 1275 4063 5162
10606 2 2 2 1 3837 1437 5138
10607 2 2 2 1 644 4170 4521
10608 2 2 2 1 4672 620 4842
10609 2 2 2 1 2019 4113 5141
10610 2 2 2 1 4692 2867 4922
10611 2 2 2 1 1922 4672 4842
10612 2 2 2 1 1263 3950 5390
10613 2 2 2 1 3713 1691 4952
10614 2 2 2 1 5314 1151 5503
10615 2 2 2 1 2451 5314 5503
10616 2 2 2 1 2435 4204 5217
10617 2 2 2 1 4204 828 5217
10618 2 2 2 1 3904 723 4784
10619 2 2 2 1 1736 4300 4704
10620 2 2 2 1 4300 416 4704
10621 2 2 2 1 668 4236 4542
10622 2 2 2 1 1636 3904 4784
10623 2 2 2 1 4104 1481 4945
10624 2 2 2 1 4044 749 5397
10625 2 2 2 1 3645 1617 5122
10626 2 2 2 1 4091 814 5060
10627 2 2 2 1 567 4567 5209
10628 2 2 2 1 1749 3965 4693
10629 2 2 2 1 4567 1997 5209
10630 2 2 2 1 4575 2445 4755
10631 2 2 2 1 1901 4454 5054
10632 2 2 2 1 4454 821 5054
10633 2 2 2 1 3981 2493 5040
10634 2 2 2 1 4696 772 5062
10635 2 2 2 1 1998 4696 5062
10636 2 2 2 1 1955 4253 5014
10637 2 2 2 1 3690 593 5144
10638 2 2 2 1 1622 3535 5356
10639 2 2 2 1 4048 2371 4633
10640 2 2 2 1 4308 1472 4456
10641 2 2 2 1 1655 3938 5010
10642 2 2 2 1 755 3999 5346
10643 2 2 2 1 3592 713 5221
10644 2 2 2 1 3693 1350 5025
10645 2 2 2 1 157 3870 4766
10646 2 2 2 1 3970 607 5362
10647 2 2 2 1 1797 3970 5362
10648 2 2 2 1 3640 1254 5120
10649 2 2 2 1 4120 1770 5051
10650 2 2 2 1 703 4120 5051
10651 2 2 2 1 4557 1076 4996
10652 2 2 2 1 1914 4557 4996
10653 2 2 2 1 3952 1844 4721
10654 2 2 2 1 4103 2123 5530
10655 2 2 2 1 4661 2589 4903
10656 2 2 2 1 4284 1386 5143
10657 2 2 2 1 589 3933 5359
10658 2 2 2 1 726 3645 5122
10659 2 2 2 1 848 4119 5429
10660 2 2 2 1 4119 1866 5429
10661 2 2 2 1 4220 1945 5546
10662 2 2 2 1 4236 1738 4542
10663 2 2 2 1 1851 4284 5143
10664 2 2 2 1 542 3976 5361
10665 2 2 2 1 4272 2229 5442
10666 2 2 2 1 3976 2150 5361
10667 2 2 2 1 1323 4220 5546
10668 2 2 2 1 850 4463 5547
10669 2 2 2 1 497 3504 5500
10670 2 2 2 1 712 3831 4994
10671 2 2 2 1 4463 2067 5547
10672 2 2 2 1 424 3993 4729
10673 2 2 2 1 4493 1779 4494
10674 2 2 2 1 1626 4493 4494
10675 2 2 2 1 708 3830 4875
10676 2 2 2 1 4417 1334 5061
10677 2 2 2 1 182 3634 5493
10678 2 2 2 1 1253 3878 5391
10679 2 2 2 1 1588 4496 5306
10680 2 2 2 1 725 3581 5329
10681 2 2 2 1 3592 1963 5295
10682 2 2 2 1 4700 1743 5277
10683 2 2 2 1 3160 4359 5381
10684 2 2 2 1 562 3526 5530
10685 2 2 2 1 1607 3860 5266
10686 2 2 2 1 617 3957 4788
10687 2 2 2 1 826 3979 4775
10688 2 2 2 1 2500 4093 5127
10689 2 2 2 1 4093 1747 5127
10690 2 2 2 1 3864 2592 5553
10691 2 2 2 1 1693 3875 4876
10692 2 2 2 1 828 3965 5217
10693 2 2 2 1 3965 1749 5217
10694 2 2 2 1 2413 3687 5132
10695 2 2 2 1 3588 1231 5406
10696 2 2 2 1 1954 4231 5538
10697 2 2 2 1 1348 3593 5331
10698 2 2 2 1 2054 4731 5286
10699 2 2 2 1 1465 3829 5564
10700 2 2 2 1 3752 1623 5263
10701 2 2 2 1 3813 2407 5069
10702 2 2 2 1 4135 938 5002
10703 2 2 2 1 2016 4602 4604
10704 2 2 2 1 4602 1549 4604
10705 2 2 2 1 1741 4135 5002
10706 2 2 2 1 1526 3589 5390
10707 2 2 2 1 4179 1958 4704
10708 2 2 2 1 416 4179 4704
10709 2 2 2 1 1617 3748 5122
10710 2 2 2 1 4112 799 5466
10711 2 2 2 1 1859 4112 5466
10712 2 2 2 1 425 4795 5183
10713 2 2 2 1 1618 3767 5348
10714 2 2 2 1 4795 2059 5183
10715 2 2 2 1 4990 1165 5131
10716 2 2 2 1 4035 612 4984
10717 2 2 2 1 3740 776 5076
10718 2 2 2 1 3679 1567 5198
10719 2 2 2 1 2114 4990 5131
10720 2 2 2 1 4731 884 5286
10721 2 2 2 1 1242 3807 5205
10722 2 2 2 1 1704 4035 4984
10723 2 2 2 1 1515 4223 4993
10724 2 2 2 1 5165 1123 5223
10725 2 2 2 1 2220 5165 5223
10726 2 2 2 1 4089 1589 4727
10727 2 2 2 1 4699 782 4851
10728 2 2 2 1 1917 4699 4851
10729 2 2 2 1 4993 806 5420
10730 2 2 2 1 2766 3913 5117
10731 2 2 2 1 808 3693 5202
10732 2 2 2 1 3003 4909 5242
10733 2 2 2 1 3773 1227 5149
10734 2 2 2 1 508 3828 5351
10735 2 2 2 1 3828 2061 5351
10736 2 2 2 1 1940 4737 4947
10737 2 2 2 1 4737 518 4947
10738 2 2 2 1 3578 207 5598
10739 2 2 2 1 3742 1665 5148
10740 2 2 2 1 1963 4455 5332
10741 2 2 2 1 4392 1653 5487
10742 2 2 2 1 4455 1432 5332
10743 2 2 2 1 716 4134 4943
10744 2 2 2 1 481 3738 5150
10745 2 2 2 1 3948 1550 4869
10746 2 2 2 1 821 3810 5054
10747 2 2 2 1 1680 3781 5079
10748 2 2 2 1 3648 2390 5306
10749 2 2 2 1 500 3809 5261
10750 2 2 2 1 4815 564 5220
10751 2 2 2 1 3620 1998 5404
10752 2 2 2 1 4191 1648 5037
10753 2 2 2 1 1906 3598 5460
10754 2 2 2 1 4109 2154 4751
10755 2 2 2 1 1532 4101 4769
10756 2 2 2 1 1723 5235 5529
10757 2 2 2 1 5235 2373 5529
10758 2 2 2 1 3891 2213 4965
10759 2 2 2 1 1651 3735 5192
10760 2 2 2 1 2077 4815 5220
10761 2 2 2 1 1207 3642 5545
10762 2 2 2 1 3829 1627 5437
10763 2 2 2 1 4049 1583 4812
10764 2 2 2 1 4346 1668 4819
10765 2 2 2 1 5272 2008 5365
10766 2 2 2 1 2453 3996 5260
10767 2 2 2 1 1475 4411 4878
10768 2 2 2 1 2313 5272 5365
10769 2 2 2 1 751 3686 5309
10770 2 2 2 1 1543 4713 4719
10771 2 2 2 1 1755 4247 5243
10772 2 2 2 1 430 4038 4862
10773 2 2 2 1 1813 5021 5077
10774 2 2 2 1 5021 2089 5077
10775 2 2 2 1 1774 4524 4540
10776 2 2 2 1 4713 2153 4719
10777 2 2 2 1 4335 1515 4993
10778 2 2 2 1 4089 740 4816
10779 2 2 2 1 3781 1552 5173
10780 2 2 2 1 4534 1706 4638
10781 2 2 2 1 1871 4626 4873
10782 2 2 2 1 4559 1869 4645
10783 2 2 2 1 1540 4591 5012
10784 2 2 2 1 4014 1647 5166
10785 2 2 2 1 3878 2494 5036
10786 2 2 2 1 550 4360 5226
10787 2 2 2 1 2010 4655 5569
10788 2 2 2 1 683 3627 5534
10789 2 2 2 1 2087 4976 5253
10790 2 2 2 1 1496 4000 4925
10791 2 2 2 1 4026 1831 5548
10792 2 2 2 1 854 4026 5548
10793 2 2 2 1 3779 901 5431
10794 2 2 2 1 3636 880 5509
10795 2 2 2 1 1488 3804 5194
10796 2 2 2 1 1423 4409 5000
10797 2 2 2 1 4326 2385 5495
10798 2 2 2 1 4524 1663 4540
10799 2 2 2 1 676 3752 5263
10800 2 2 2 1 3956 1487 4985
10801 2 2 2 1 1773 4627 5409
10802 2 2 2 1 1231 3701 5406
10803 2 2 2 1 1536 4616 4927
10804 2 2 2 1 4566 1513 4901
10805 2 2 2 1 4616 2841 4927
10806 2 2 2 1 669 3984 5188
10807 2 2 2 1 3984 1717 5188
10808 2 2 2 1 4248 660 5146
10809 2 2 2 1 4030 1096 4966
10810 2 2 2 1 4125 1595 4837
10811 2 2 2 1 4792 1662 4933
10812 2 2 2 1 4003 1969 4962
10813 2 2 2 1 4921 2170 5445
10814 2 2 2 1 1798 4921 5445
10815 2 2 2 1 3642 1657 5545
10816 2 2 2 1 422 4921 5482
10817 2 2 2 1 3808 1558 5213
10818 2 2 2 1 4114 1628 5590
10819 2 2 2 1 3701 1667 5406
10820 2 2 2 1 4528 1013 4711
10821 2 2 2 1 1769 4528 4711
10822 2 2 2 1 1481 4028 4945
10823 2 2 2 1 3901 847 5083
10824 2 2 2 1 3875 969 5117
10825 2 2 2 1 2211 4030 4966
10826 2 2 2 1 877 4626 4948
10827 2 2 2 1 1386 3860 5143
10828 2 2 2 1 4626 1871 4948
10829 2 2 2 1 528 3858 5388
10830 2 2 2 1 4096 798 4888
10831 2 2 2 1 4668 2745 5422
10832 2 2 2 1 2025 4327 5507
10833 2 2 2 1 4327 1194 5507
10834 2 2 2 1 4099 759 5208
10835 2 2 2 1 4851 1681 4865
10836 2 2 2 1 1917 4851 4865
10837 2 2 2 1 4757 1860 4759
10838 2 2 2 1 1673 4757 4759
10839 2 2 2 1 3809 1630 5261
10840 2 2 2 1 3708 1672 5439
10841 2 2 2 1 4584 1534 4590
10842 2 2 2 1 426 4593 5301
10843 2 2 2 1 4593 1975 5301
10844 2 2 2 1 1530 4372 4682
10845 2 2 2 1 2111 4584 4590
10846 2 2 2 1 706 3855 5204
10847 2 2 2 1 3861 1610 5322
10848 2 2 2 1 3767 400 5348
10849 2 2 2 1 3903 849 5141
10850 2 2 2 1 4853 1979 4854
10851 2 2 2 1 1643 4853 4854
10852 2 2 2 1 2320 4594 4761
10853 2 2 2 1 3959 2174 5089
10854 2 2 2 1 1303 4182 5396
10855 2 2 2 1 4182 2244 5396
10856 2 2 2 1 3908 769 5536
10857 2 2 2 1 1771 3908 5536
10858 2 2 2 1 3765 1207 5545
10859 2 2 2 1 1039 3959 5089
10860 2 2 2 1 714 3722 5481
10861 2 2 2 1 4123 1979 4923
10862 2 2 2 1 1441 3969 5090
10863 2 2 2 1 4418 870 5517
10864 2 2 2 1 5299 1754 5389
10865 2 2 2 1 2288 5299 5389
10866 2 2 2 1 1558 4815 5213
10867 2 2 2 1 4623 1847 4914
10868 2 2 2 1 747 4623 4914
10869 2 2 2 1 1640 4015 5055
10870 2 2 2 1 2099 4489 5186
10871 2 2 2 1 1685 3941 5422
10872 2 2 2 1 2067 3733 5547
10873 2 2 2 1 3799 399 5376
10874 2 2 2 1 4094 1957 5338
10875 2 2 2 1 725 4146 5047
10876 2 2 2 1 531 4534 4638
10877 2 2 2 1 2364 4094 5338
10878 2 2 2 1 3860 1386 5266
10879 2 2 2 1 4815 2077 5213
10880 2 2 2 1 1307 3772 5432
10881 2 2 2 1 1609 4427 5316
10882 2 2 2 1 2709 4389 5261
10883 2 2 2 1 1879 4367 5345
10884 2 2 2 1 4367 775 5345
10885 2 2 2 1 5083 847 5537
10886 2 2 2 1 4679 1480 5335
10887 2 2 2 1 1550 3948 5167
10888 2 2 2 1 1964 4418 5517
10889 2 2 2 1 1634 4559 4645
10890 2 2 2 1 1692 3816 5416
10891 2 2 2 1 4194 1405 5016
10892 2 2 2 1 3779 1502 5475
10893 2 2 2 1 4199 1007 4995
10894 2 2 2 1 4697 1828 4822
10895 2 2 2 1 803 4346 4819
10896 2 2 2 1 1722 4199 4995
10897 2 2 2 1 512 4697 4822
10898 2 2 2 1 4450 2115 4776
10899 2 2 2 1 4678 2247 4680
10900 2 2 2 1 1536 4678 4680
10901 2 2 2 1 4702 550 5226
10902 2 2 2 1 2048 4188 4981
10903 2 2 2 1 821 4454 5378
10904 2 2 2 1 1482 4412 4796
10905 2 2 2 1 4139 2617 5034
10906 2 2 2 1 3943 1023 5267
10907 2 2 2 1 847 3901 5321
10908 2 2 2 1 812 3829 5437
10909 2 2 2 1 415 4450 4776
10910 2 2 2 1 2108 5137 5362
10911 2 2 2 1 1828 4724 4822
10912 2 2 2 1 4146 1886 5047
10913 2 2 2 1 4724 1772 4822
10914 2 2 2 1 4463 1557 4773
10915 2 2 2 1 3968 1419 5258
10916 2 2 2 1 4067 853 5428
10917 2 2 2 1 4778 1851 5143
10918 2 2 2 1 3938 1655 5315
10919 2 2 2 1 3802 771 5575
10920 2 2 2 1 707 3821 5540
10921 2 2 2 1 1688 4448 5378
10922 2 2 2 1 4448 2096 5378
10923 2 2 2 1 4715 1818 4914
10924 2 2 2 1 1847 4715 4914
10925 2 2 2 1 3848 2845 5498
10926 2 2 2 1 3933 2185 5359
10927 2 2 2 1 4636 1873 5095
10928 2 2 2 1 1984 4953 5520
10929 2 2 2 1 5043 796 5516
10930 2 2 2 1 804 4636 5095
10931 2 2 2 1 3840 1438 5571
10932 2 2 2 1 1494 4575 4755
10933 2 2 2 1 5026 1834 5477
10934 2 2 2 1 2154 5026 5477
10935 2 2 2 1 1905 4273 5071
10936 2 2 2 1 1843 4348 5090
10937 2 2 2 1 4348 1441 5090
10938 2 2 2 1 4503 1460 4785
10939 2 2 2 1 4059 2038 5214
10940 2 2 2 1 379 3884 5488
10941 2 2 2 1 4511 1758 5304
10942 2 2 2 1 2529 4511 5304
10943 2 2 2 1 4594 656 4761
10944 2 2 2 1 1861 5307 5456
10945 2 2 2 1 4072 2018 5224
10946 2 2 2 1 4486 1505 4922
10947 2 2 2 1 1724 5018 5404
10948 2 2 2 1 2505 4592 5068
10949 2 2 2 1 3863 2058 5578
10950 2 2 2 1 4070 1632 5237
10951 2 2 2 1 4198 2313 5365
10952 2 2 2 1 65 4074 5292
10953 2 2 2 1 4074 1796 5292
10954 2 2 2 1 1632 4178 5247
10955 2 2 2 1 5137 1797 5362
10956 2 2 2 1 4527 1531 4833
10957 2 2 2 1 1941 4305 5252
10958 2 2 2 1 4305 1394 5252
10959 2 2 2 1 1833 4335 4993
10960 2 2 2 1 4349 1837 5516
10961 2 2 2 1 865 3924 5499
10962 2 2 2 1 1593 4758 5310
10963 2 2 2 1 831 4198 5365
10964 2 2 2 1 2990 4195 5270
10965 2 2 2 1 4131 1689 5208
10966 2 2 2 1 4473 1848 4917
10967 2 2 2 1 555 4150 5465
10968 2 2 2 1 1476 4576 4817
10969 2 2 2 1 4026 1752 5372
10970 2 2 2 1 4479 1715 5443
10971 2 2 2 1 4023 750 5527
10972 2 2 2 1 1756 4023 5527
10973 2 2 2 1 880 5164 5509
10974 2 2 2 1 3932 1735 5492
10975 2 2 2 1 4265 958 5088
10976 2 2 2 1 1043 4298 5058
10977 2 2 2 1 76 4779 5052
10978 2 2 2 1 4779 77 5053
10979 2 2 2 1 4779 1887 5052
10980 2 2 2 1 1887 4779 5053
10981 2 2 2 1 4482 633 5166
10982 2 2 2 1 2880 4482 5166
10983 2 2 2 1 5164 2200 5509
10984 2 2 2 1 4054 301 5326
10985 2 2 2 1 4359 640 5381
10986 2 2 2 1 4496 770 5306
10987 2 2 2 1 4547 1903 4950
10988 2 2 2 1 1864 4547 4950
10989 2 2 2 1 877 5344 5410
10990 2 2 2 1 4946 1940 4947
10991 2 2 2 1 1727 4946 4947
10992 2 2 2 1 4409 2323 5000
10993 2 2 2 1 4724 893 4973
10994 2 2 2 1 1916 4948 5368
10995 2 2 2 1 4520 3059 5116
10996 2 2 2 1 471 4520 5116
10997 2 2 2 1 4319 422 5482
10998 2 2 2 1 1837 4319 5482
10999 2 2 2 1 828 4204 5265
11000 2 2 2 1 1554 4186 5250
11001 2 2 2 1 4849 2220 4850
11002 2 2 2 1 1606 4849 4850
11003 2 2 2 1 4364 1572 5232
11004 2 2 2 1 1610 4122 5322
11005 2 2 2 1 4016 1642 5506
11006 2 2 2 1 5133 2646 5568
11007 2 2 2 1 4389 500 5261
11008 2 2 2 1 4195 811 5270
11009 2 2 2 1 4460 816 5137
11010 2 2 2 1 4626 1701 4873
11011 2 2 2 1 1668 4346 5078
11012 2 2 2 1 2216 4566 4901
11013 2 2 2 1 4882 2055 5063
11014 2 2 2 1 4087 1458 5402
11015 2 2 2 1 2132 4848 4926
11016 2 2 2 1 1679 4067 5428
11017 2 2 2 1 1564 4855 4856
11018 2 2 2 1 4855 2426 4856
11019 2 2 2 1 849 4131 5444
11020 2 2 2 1 4131 1759 5444
11021 2 2 2 1 796 4349 5516
11022 2 2 2 1 1649 4532 5434
11023 2 2 2 1 4194 2097 5289
11024 2 2 2 1 4133 1624 5532
11025 2 2 2 1 2108 4460 5137
11026 2 2 2 1 4085 1531 5436
11027 2 2 2 1 807 4587 4917
11028 2 2 2 1 4648 815 5048
11029 2 2 2 1 1523 4425 5175
11030 2 2 2 1 1938 4836 4907
11031 2 2 2 1 2062 4618 5402
11032 2 2 2 1 1829 4648 5048
11033 2 2 2 1 2188 5103 5105
11034 2 2 2 1 5103 1675 5105
11035 2 2 2 1 4076 1656 5494
11036 2 2 2 1 1945 4671 5401
11037 2 2 2 1 1529 4661 4903
11038 2 2 2 1 1033 4846 5418
11039 2 2 2 1 4846 2170 5418
11040 2 2 2 1 4159 1744 5410
11041 2 2 2 1 4952 502 5467
11042 2 2 2 1 2200 4303 5509
11043 2 2 2 1 1944 4931 5449
11044 2 2 2 1 4931 2052 5449
11045 2 2 2 1 4202 542 5361
11046 2 2 2 1 2117 4600 5436
11047 2 2 2 1 1505 4692 4922
11048 2 2 2 1 1506 4167 5498
11049 2 2 2 1 1657 5195 5476
11050 2 2 2 1 4360 1641 5226
11051 2 2 2 1 4150 1700 5465
11052 2 2 2 1 899 4568 5573
11053 2 2 2 1 4415 492 5443
11054 2 2 2 1 1490 4163 5454
11055 2 2 2 1 2471 4744 5037
11056 2 2 2 1 4744 658 5037
11057 2 2 2 1 2107 4214 5433
11058 2 2 2 1 4912 1544 4913
11059 2 2 2 1 2787 4912 4913
11060 2 2 2 1 709 4114 5590
11061 2 2 2 1 4169 1973 5505
11062 2 2 2 1 4836 1735 4907
11063 2 2 2 1 1772 4724 4973
11064 2 2 2 1 4216 1861 5456
11065 2 2 2 1 1615 4210 5471
11066 2 2 2 1 5092 2957 5113
11067 2 2 2 1 47 4447 5180
11068 2 2 2 1 1574 5092 5113
11069 2 2 2 1 4826 2300 5147
11070 2 2 2 1 2225 5222 5428
11071 2 2 2 1 5222 1679 5428
11072 2 2 2 1 4592 638 5068
11073 2 2 2 1 5442 2229 5447
11074 2 2 2 1 905 5442 5447
11075 2 2 2 1 805 4355 5291
11076 2 2 2 1 2158 5307 5541
11077 2 2 2 1 4848 1652 4926
11078 2 2 2 1 816 4787 5137
11079 2 2 2 1 834 5055 5529
11080 2 2 2 1 5215 2054 5262
11081 2 2 2 1 526 5215 5262
11082 2 2 2 1 4717 715 5077
11083 2 2 2 1 2089 4717 5077
11084 2 2 2 1 4345 1604 5364
11085 2 2 2 1 4538 2109 5382
11086 2 2 2 1 2029 4538 5382
11087 2 2 2 1 5307 1861 5541
11088 2 2 2 1 1577 4492 5231
11089 2 2 2 1 4547 1864 5480
11090 2 2 2 1 747 4914 5268
11091 2 2 2 1 4397 1566 5337
11092 2 2 2 1 2454 4579 5334
11093 2 2 2 1 2624 4340 5555
11094 2 2 2 1 314 4547 5480
11095 2 2 2 1 4894 2821 5293
11096 2 2 2 1 1555 4894 5293
11097 2 2 2 1 1786 4726 5415
11098 2 2 2 1 876 4376 5578
11099 2 2 2 1 1706 5204 5470
11100 2 2 2 1 2312 5257 5259
11101 2 2 2 1 5257 1702 5259
11102 2 2 2 1 4516 581 5374
11103 2 2 2 1 4454 1901 5394
11104 2 2 2 1 1679 4315 5525
11105 2 2 2 1 773 4434 5363
11106 2 2 2 1 1873 5006 5095
11107 2 2 2 1 1725 4320 5514
11108 2 2 2 1 5006 1902 5095
11109 2 2 2 1 2602 4982 5353
11110 2 2 2 1 4982 562 5353
11111 2 2 2 1 1834 5026 5346
11112 2 2 2 1 5168 1465 5564
11113 2 2 2 1 4454 1688 5378
11114 2 2 2 1 4325 1687 5551
11115 2 2 2 1 1714 4882 5063
11116 2 2 2 1 5355 2108 5362
11117 2 2 2 1 607 5355 5362
11118 2 2 2 1 4491 508 5351
11119 2 2 2 1 2986 4679 5335
11120 2 2 2 1 4787 1797 5137
11121 2 2 2 1 1622 5287 5288
11122 2 2 2 1 5287 2994 5288
11123 2 2 2 1 1833 4993 5420
11124 2 2 2 1 1782 4516 5374
11125 2 2 2 1 295 4508 5383
11126 2 2 2 1 4543 1742 5344
11127 2 2 2 1 2158 4702 5226
11128 2 2 2 1 2343 4462 5431
11129 2 2 2 1 1712 4826 5147
11130 2 2 2 1 5039 127 5512
11131 2 2 2 1 4579 1277 5334
11132 2 2 2 1 2100 5296 5374
11133 2 2 2 1 5296 1782 5374
11134 2 2 2 1 492 4479 5443
11135 2 2 2 1 1998 5062 5404
11136 2 2 2 1 5062 1724 5404
11137 2 2 2 1 1837 4445 5516
11138 2 2 2 1 4393 1539 5588
11139 2 2 2 1 5518 1762 5560
11140 2 2 2 1 2490 5102 5386
11141 2 2 2 1 5102 700 5386
11142 2 2 2 1 2386 5518 5560
11143 2 2 2 1 2307 4712 5517
11144 2 2 2 1 4530 1837 5482
11145 2 2 2 1 5472 1669 5473
11146 2 2 2 1 2955 5472 5473
11147 2 2 2 1 4475 850 5547
11148 2 2 2 1 868 4849 5505
11149 2 2 2 1 4758 2297 5310
11150 2 2 2 1 766 4487 5559
11151 2 2 2 1 840 5153 5239
11152 2 2 2 1 2158 4918 5307
11153 2 2 2 1 4909 1584 5242
11154 2 2 2 1 1360 4668 5422
11155 2 2 2 1 4741 1603 5373
11156 2 2 2 1 2508 4793 5330
11157 2 2 2 1 5462 2212 5463
11158 2 2 2 1 1808 5462 5463
11159 2 2 2 1 4914 1818 5268
11160 2 2 2 1 4726 855 5415
11161 2 2 2 1 5070 753 5380
11162 2 2 2 1 5203 1946 5323
11163 2 2 2 1 5342 2074 5343
11164 2 2 2 1 1850 5342 5343
11165 2 2 2 1 4918 767 5307
11166 2 2 2 1 1864 4950 5501
11167 2 2 2 1 4712 1964 5517
11168 2 2 2 1 5153 3080 5239
11169 2 2 2 1 4948 1871 5368
11170 2 2 2 1 4973 2287 5534
11171 2 2 2 1 496 5230 5235
11172 2 2 2 1 5230 2373 5235
11173 2 2 2 1 2004 5145 5508
11174 2 2 2 1 1846 5521 5531
11175 2 2 2 1 5145 558 5508
11176 2 2 2 1 5521 2186 5531
11177 2 2 2 1 5026 755 5346
11178 2 2 2 1 5262 2054 5286
11179 2 2 2 1 2751 5273 5371
11180 2 2 2 1 1880 5070 5380
11181 2 2 2 1 1863 5262 5286
11182 2 2 2 1 1943 5203 5323
11183 2 2 2 1 5264 1864 5501
11184 2 2 2 1 4950 824 5501
11185 2 2 2 1 916 5128 5394
11186 2 2 2 1 4953 1851 5520
11187 2 2 2 1 2105 5264 5501
11188 2 2 2 1 1822 5039 5512
11189 2 2 2 1 1865 5354 5355
11190 2 2 2 1 5354 2108 5355
11191 2 2 2 1 5273 1694 5371
11192 2 2 2 1 4988 1646 5572
11193 2 2 2 1 5446 1838 5447
11194 2 2 2 1 2229 5446 5447
11195 2 2 2 1 1705 5133 5568
11196 2 2 2 1 2181 5168 5564
11197 2 2 2 1 5469 1992 5594
11198 2 2 2 1 802 5312 5566
11199 2 2 2 1 5312 2009 5566
11200 2 2 2 1 222 5469 5594
$EndElements
