$MeshFormat
2.2 0 8
$EndMeshFormat
$Nodes
1545
1 -1 -1 0
2 1 -1 0
3 1 1 0
4 -1 1 0
5 -0.7196369672362178 0.4238587183949716 0
6 -0.141987559462036 0.4238587183949716 0
7 0.2020890106539419 -0.2569538888807703 0
8 0.5979085854103794 -0.2569538888807703 0
9 -0.3918211328889811 -0.5128155825314309 0
10 -0.1234264934157285 -0.5128155825314309 0
11 -0.9411764705883986 -1 0
12 -0.8823529411767972 -1 0
13 -0.8235294117651957 -1 0
14 -0.7647058823535943 -1 0
15 -0.7058823529419929 -1 0
16 -0.6470588235303913 -1 0
17 -0.5882352941187899 -1 0
18 -0.5294117647071885 -1 0
19 -0.4705882352955871 -1 0
20 -0.4117647058839857 -1 0
21 -0.3529411764723843 -1 0
22 -0.2941176470607828 -1 0
23 -0.2352941176491813 -1 0
24 -0.1764705882375799 -1 0
25 -0.1176470588259785 -1 0
26 -0.05882352941437707 -1 0
27 -2.753797190280238e-12 -1 0
28 0.05882352940915236 -1 0
29 0.1176470588210805 -1 0
30 0.1764705882330084 -1 0
31 0.2352941176449366 -1 0
32 0.2941176470568645 -1 0
33 0.3529411764687926 -1 0
34 0.4117647058807208 -1 0
35 0.4705882352926489 -1 0
36 0.5294117647045768 -1 0
37 0.588235294116505 -1 0
38 0.6470588235284329 -1 0
39 0.7058823529403608 -1 0
40 0.764705882352289 -1 0
41 0.8235294117642169 -1 0
42 0.882352941176145 -1 0
43 0.941176470588073 -1 0
44 1 -0.9411764705883986 0
45 1 -0.8823529411767972 0
46 1 -0.8235294117651957 0
47 1 -0.7647058823535943 0
48 1 -0.7058823529419929 0
49 1 -0.6470588235303913 0
50 1 -0.5882352941187899 0
51 1 -0.5294117647071885 0
52 1 -0.4705882352955871 0
53 1 -0.4117647058839857 0
54 1 -0.3529411764723843 0
55 1 -0.2941176470607828 0
56 1 -0.2352941176491813 0
57 1 -0.1764705882375799 0
58 1 -0.1176470588259785 0
59 1 -0.05882352941437707 0
60 1 -2.753797190280238e-12 0
61 1 0.05882352940915236 0
62 1 0.1176470588210805 0
63 1 0.1764705882330084 0
64 1 0.2352941176449366 0
65 1 0.2941176470568645 0
66 1 0.3529411764687926 0
67 1 0.4117647058807208 0
68 1 0.4705882352926489 0
69 1 0.5294117647045768 0
70 1 0.588235294116505 0
71 1 0.6470588235284329 0
72 1 0.7058823529403608 0
73 1 0.764705882352289 0
74 1 0.8235294117642169 0
75 1 0.882352941176145 0
76 1 0.941176470588073 0
77 0.9411764705883986 1 0
78 0.8823529411767972 1 0
79 0.8235294117651957 1 0
80 0.7647058823535943 1 0
81 0.7058823529419929 1 0
82 0.6470588235303913 1 0
83 0.5882352941187899 1 0
84 0.5294117647071885 1 0
85 0.4705882352955871 1 0
86 0.4117647058839857 1 0
87 0.3529411764723843 1 0
88 0.2941176470607828 1 0
89 0.2352941176491813 1 0
90 0.1764705882375799 1 0
91 0.1176470588259785 1 0
92 0.05882352941437707 1 0
93 2.753797190280238e-12 1 0
94 -0.05882352940915236 1 0
95 -0.1176470588210805 1 0
96 -0.1764705882330084 1 0
97 -0.2352941176449366 1 0
98 -0.2941176470568645 1 0
99 -0.3529411764687926 1 0
100 -0.4117647058807208 1 0
101 -0.4705882352926489 1 0
102 -0.5294117647045768 1 0
103 -0.588235294116505 1 0
104 -0.6470588235284329 1 0
105 -0.7058823529403608 1 0
106 -0.764705882352289 1 0
107 -0.8235294117642169 1 0
108 -0.882352941176145 1 0
109 -0.941176470588073 1 0
110 -1 0.9411764705883986 0
111 -1 0.8823529411767972 0
112 -1 0.8235294117651957 0
113 -1 0.7647058823535943 0
114 -1 0.7058823529419929 0
115 -1 0.6470588235303913 0
116 -1 0.5882352941187899 0
117 -1 0.5294117647071885 0
118 -1 0.4705882352955871 0
119 -1 0.4117647058839857 0
120 -1 0.3529411764723843 0
121 -1 0.2941176470607828 0
122 -1 0.2352941176491813 0
123 -1 0.1764705882375799 0
124 -1 0.1176470588259785 0
125 -1 0.05882352941437707 0
126 -1 2.753797190280238e-12 0
127 -1 -0.05882352940915236 0
128 -1 -0.1176470588210805 0
129 -1 -0.1764705882330084 0
130 -1 -0.2352941176449366 0
131 -1 -0.2941176470568645 0
132 -1 -0.3529411764687926 0
133 -1 -0.4117647058807208 0
134 -1 -0.4705882352926489 0
135 -1 -0.5294117647045768 0
136 -1 -0.588235294116505 0
137 -1 -0.6470588235284329 0
138 -1 -0.7058823529403608 0
139 -1 -0.764705882352289 0
140 -1 -0.8235294117642169 0
141 -1 -0.882352941176145 0
142 -1 -0.941176470588073 0
143 -0.7140872815130215 0.3675118137798023 0
144 -0.697651495640864 0.31333028908639 0
145 -0.6709612276781225 0.2633963100022999 0
146 -0.6350421696048482 0.2196288112651757 0
147 -0.5912746706839825 0.1837097533591659 0
148 -0.5413406913689652 0.1570194855694195 0
149 -0.4871591665763734 0.140583699955002 0
150 -0.4308122618923096 0.1350340145078807 0
151 -0.3744653576024948 0.140583700456139 0
152 -0.320283833321891 0.1570194864009109 0
153 -0.2703498545265819 0.1837097543532082 0
154 -0.2265823561269815 0.2196288122315998 0
155 -0.1906632984879653 0.2633963107987426 0
156 -0.1639730308073319 0.3133302896900832 0
157 -0.1475372451195414 0.3675118141100535 0
158 -0.1475372451847194 0.4802056230075621 0
159 -0.163973031075496 0.5343871477472654 0
160 -0.1906632990963562 0.5843211269017219 0
161 -0.2265823571801404 0.6280886256115021 0
162 -0.2703498561030119 0.6640076834900719 0
163 -0.3202838353656437 0.6906979512355824 0
164 -0.3744653601296049 0.7071337368364776 0
165 -0.4308122648144015 0.7126834222820625 0
166 -0.4871591691046243 0.7071337363320407 0
167 -0.5413406934172402 0.6906979503721002 0
168 -0.5912746721954745 0.6640076824208306 0
169 -0.6350421705981429 0.6280886245314727 0
170 -0.6709612282780353 0.5843211258898104 0
171 -0.6976514958886288 0.5343871471053961 0
172 -0.7140872815775656 0.4802056226856552 0
173 0.2101057476663009 -0.3127115194154403 0
174 0.2335064903937592 -0.3639519983843107 0
175 0.2703954497581947 -0.4065241267500364 0
176 0.3177841017388768 -0.4369789639494808 0
177 0.3718332994651496 -0.4528492401032111 0
178 0.4281642982136597 -0.4528492398710828 0
179 0.4822134955432669 -0.4369789633933199 0
180 0.5296021470672104 -0.4065241260905534 0
181 0.5664911060855714 -0.3639519977385436 0
182 0.5898918484879305 -0.3127115191092346 0
183 0.5898918483928903 -0.2011962583286287 0
184 0.566491105665488 -0.1499557793693346 0
185 0.5296021462802666 -0.1073836509890964 0
186 0.4822134942575102 -0.0769288137810353 0
187 0.4281642965363009 -0.06105853764929006 0
188 0.371833297799936 -0.06105853789775109 0
189 0.3177841004921159 -0.07692881438143648 0
190 0.2703954489795372 -0.1073836516862149 0
191 0.2335064900089826 -0.1499557799759541 0
192 0.2101057475763858 -0.2011962586523229 0
193 -0.3816059701205119 -0.5641706735937352 0
194 -0.3525156477707672 -0.6077074175186741 0
195 -0.3089789037759111 -0.6367977396813234 0
196 -0.2576238126542924 -0.6470129022680572 0
197 -0.2062687218828199 -0.6367977394137503 0
198 -0.1627319782061596 -0.6077074171908913 0
199 -0.1336416560897202 -0.5641706733656462 0
200 -0.1336416561618775 -0.4614604915230124 0
201 -0.1627319785166322 -0.417923747561498 0
202 -0.206268722618083 -0.3888334253445556 0
203 -0.2576238137550716 -0.3786182627948046 0
204 -0.3089789045210714 -0.3888334256901939 0
205 -0.3525156481760342 -0.4179237479494547 0
206 -0.3816059702304727 -0.4614604917345954 0
207 0.4005185296644468 0.4672274376018239 0
208 -0.6317020164302929 -0.1939408886611605 0
209 0.6443337978375032 0.2382284349854628 0
210 0.1577764806233927 0.2204210830419856 0
211 -0.0921799670038084 -0.08620650604074034 0
212 0.1343458009320809 0.6759210308376243 0
213 0.66755096534785 0.6675509653477362 0
214 -0.6899234217911344 -0.5988053213410315 0
215 0.1463191314373989 -0.6931101919815624 0
216 0.675709782278502 -0.6859685516051892 0
217 -0.3791484744516395 -0.1320579160781187 0
218 0.4083697959312524 -0.7202476563571084 0
219 0.3947641186240226 0.7295618372332977 0
220 0.421910249483835 0.180006084929466 0
221 0.7639651895357563 0.008039346424608344 0
222 -0.5230046421778256 -0.7670769146997417 0
223 -0.7624084518023071 0.01262207104918517 0
224 0.7589497301242355 0.4471214618339258 0
225 -0.7705836043305654 -0.3820697836240574 0
226 0.08836658177475055 0.4440702213939476 0
227 0.7729139103629379 -0.4762705610295299 0
228 -0.06293911178076102 0.7737270022280269 0
229 -0.02663358529834998 0.1209307669163437 0
230 -0.006913544020987922 -0.2705934190853385 0
231 -0.03587106584760617 -0.7999151379053128 0
232 -0.7838627539137208 0.7822350417812705 0
233 0.0901734288864507 -0.4997895292307055 0
234 -0.7957886986541336 -0.7870790055496946 0
235 -0.5584092287110197 -0.3914851110901968 0
236 0.7956234835089457 -0.2000716464022582 0
237 0.1527626010013968 0.02875179581793831 0
238 -0.3182316027682981 -0.8193933978093894 0
239 0.8082310777067654 0.8035406207374065 0
240 -0.5396211541016445 -0.04084305636263466 0
241 0.5605071407244241 0.3950186450586767 0
242 -0.2193925827861394 -0.2072399652985837 0
243 0.8173540399630845 -0.8113092300718127 0
244 -0.8198049665005946 -0.2012215985453703 0
245 -0.2533346413701699 -0.006040866212626637 0
246 0.5601531991646312 0.8153425596146648 0
247 0.5584036317359904 -0.8224127619189096 0
248 0.2712434515215694 -0.8228123445710986 0
249 0.2327068128564498 0.8193449778751387 0
250 0.8115648452505182 0.1792163318606552 0
251 0.5887265138651858 0.0632807650940282 0
252 0.2524367662226962 0.3802655991102539 0
253 -0.824155088698736 0.1770630902385978 0
254 -0.4408612447662825 -0.2794404089138202 0
255 0.005122016376734585 0.2888165604376966 0
256 0.2887674357162268 -0.6030125224334398 0
257 0.5017756488573951 0.6051844725154556 0
258 0.5289563330105138 -0.5997731411151714 0
259 -0.2213653986120251 0.8298449594720934 0
260 0.8243218901815479 0.6024553492129678 0
261 0.07088493397927557 -0.1123606461927273 0
262 0.2920481710785346 0.6000662344742594 0
263 -0.004402275641687997 0.5825487617919093 0
264 -0.5372312259596893 -0.5684329551037489 0
265 0.8292368993145743 -0.6362634834621521 0
266 -0.6350636748117383 0.8300783363701211 0
267 -0.8321477569215857 0.6278377774834412 0
268 -0.8349598240819834 -0.5301416128959362 0
269 0.004107144740836131 -0.6334857936744046 0
270 0.2946498068341679 0.07764399118303222 0
271 0.1015226904383933 -0.8466576846809852 0
272 0.08186793256958426 0.8448688133907897 0
273 0.8475449979120203 -0.3437097448756847 0
274 -0.6506144312765563 -0.8494863198818599 0
275 0.8505755876869801 0.3228224525582338 0
276 -0.1785887501294731 -0.8541293384638683 0
277 0.4465724290046555 0.3284663372670134 0
278 -0.3846855440659228 0.8535173636690985 0
279 -0.8597537862166187 0.3182435640232695 0
280 -0.8563025664154071 0.4664387539670406 0
281 0.64806184898291 0.5284407902052621 0
282 0.6318433268261749 -0.5020979118935813 0
283 0.405774941845983 -0.8613518835053888 0
284 -0.1631407865948803 0.09827019328381051 0
285 -0.01767274239846317 -0.4044729205911069 0
286 -0.858020558944844 -0.6750591360901033 0
287 -0.3836972982353415 0.006147943720923922 0
288 -0.5021059806986292 -0.167271719595645 0
289 -0.6743127935248068 -0.4713405424754963 0
290 0.8643854893958385 -0.08160069058188577 0
291 -0.8724297642611839 -0.07360398458975845 0
292 -0.6384995584148513 0.05892287787725919 0
293 -0.4422859453908539 -0.8755907771592795 0
294 -0.4045118117432742 -0.7244858854516683 0
295 0.6964712682558806 -0.1048575431258719 0
296 0.6874887583806105 -0.8652440534396845 0
297 0.4327793152039449 0.865572940092259 0
298 0.2935447083821196 0.2524118173963424 0
299 0.71678917180334 -0.3529391164552317 0
300 -0.1276406287371167 -0.2907308029113813 0
301 0.6868287401965374 0.8744593184942333 0
302 -0.6482745643916411 -0.7069494319272107 0
303 0.4521094941408708 0.05848946855120655 0
304 0.004802523399047529 -0.002956217859777321 0
305 0.2077757642699049 0.5019997778275033 0
306 -0.6590531750649815 -0.0683324287003662 0
307 0.1059722886309723 -0.3788498691880297 0
308 -0.3170106475280111 -0.2672541370971678 0
309 0.2141230918978098 -0.5120499813068441 0
310 0.5367193404605859 0.1792933654761461 0
311 -0.6715914302555621 -0.3096785151548844 0
312 0.8702054900696948 0.05988845265187975 0
313 0.4078390525540911 -0.5778592795401428 0
314 -0.8796497895407107 -0.3206926934149848 0
315 -0.8750413290069434 0.06286335218434853 0
316 -0.87389776193311 0.8738977619330629 0
317 0.8764525283066277 0.4879592588482008 0
318 0.6996785467183271 0.1151766909855997 0
319 -0.8759270598319511 -0.8759270598319867 0
320 -0.5097245955901339 0.8779700152634081 0
321 0.6858406473352391 0.3457849929315944 0
322 -0.0984500422856999 0.6598048953977015 0
323 -0.14140589877873 -0.7407506833474617 0
324 -0.4907229891928897 -0.4626306037629882 0
325 -0.03198962050585055 0.4638881385171647 0
326 -0.5541600494503623 -0.2703958334163959 0
327 0.8805111377373053 -0.5191584826443776 0
328 0.0925155311343543 0.1396257158229901 0
329 0.8857749640604212 0.7038593381160347 0
330 0.1137471697139631 0.3305175079940025 0
331 0.09337414248914513 -0.2237778994915099 0
332 -0.1113840210108473 0.8785602894987632 0
333 -0.708472560745093 0.1356088033846957 0
334 -0.09010370073160814 0.2239518074232249 0
335 0.03961013384260405 0.6879083107272372 0
336 0.7184327842734907 -0.5786080413806193 0
337 -0.07990305600366669 -0.1966880718011369 0
338 -0.6846525641760682 0.7375776782886048 0
339 0.1099797886441885 0.5570914209512238 0
340 -0.7267358658341744 0.8738422505424179 0
341 -0.887128118507042 0.7279601293003588 0
342 0.5267835765593059 -0.7162985166544398 0
343 0.2467100391063576 0.7056338509168718 0
344 0.2576172284004866 -0.7114199936131483 0
345 -0.2674117536806033 -0.1091111051543882 0
346 0.5495500411773467 0.2894086329226406 0
347 -0.8947051574351458 -0.4143785820212978 0
348 -0.01841644435718068 -0.5305258561649118 0
349 0.5092147511860909 0.718794350500464 0
350 0.5026004549033458 0.4936231894035737 0
351 0.8887832551122076 -0.7285206566509689 0
352 0.002113581553383669 -0.8927601663756173 0
353 0.8976765290159425 0.8962124601959576 0
354 -0.4907141633430468 -0.6648590553681565 0
355 0.05153694990563485 -0.7332846385667076 0
356 -0.7624869893282358 -0.09733867966800189 0
357 0.3294492377561086 0.8872574868482985 0
358 0.4010963875664691 0.5687689233772066 0
359 -0.1858230531898271 0.7226429787988111 0
360 0.7571421135096587 0.2641710719119293 0
361 -0.5516073592905731 -0.8934817932268537 0
362 -0.7487107830293639 -0.6884051455116573 0
363 0.6120566335609258 -0.04674599485914368 0
364 -0.7398187676919319 -0.8950609967376111 0
365 0.167334942888279 -0.0667112952899897 0
366 0.2007803666338064 0.119929372701152 0
367 0.1339110809033967 -0.5805024140538755 0
368 0.8924621300830939 -0.8910255553070576 0
369 -0.4416630931751881 -0.3807412356866131 0
370 0.7690980704430537 0.6910004694362332 0
371 -0.09718066403932066 0.01773411932888556 0
372 0.8962900296909269 -0.2486750250639461 0
373 0.7004566025141423 -0.2549499510656018 0
374 -0.8998089208813688 -0.7757807086622607 0
375 -0.2517480136063359 -0.7444572265571253 0
376 0.1916208844006019 -0.895284117953124 0
377 0.3541807397701474 0.3771325857245436 0
378 -0.09005183308443121 -0.6668894939446021 0
379 -0.01758934725023601 0.8993533312808584 0
380 0.775446851214317 -0.7159895966930437 0
381 -0.4633996745521227 0.04382733205351568 0
382 -0.263590433823763 -0.9034128279881952 0
383 0.648906483077291 0.7708932695800501 0
384 0.1689101914285162 0.8912405041433626 0
385 0.246216495775816 -0.008622440183840903 0
386 -0.3049160356652731 0.8945665634589467 0
387 0.7460789378467536 0.5408965772674984 0
388 0.3000385036589958 0.4634505515608484 0
389 0.4933958749914201 -0.8985609178073286 0
390 0.1585712674722407 0.7714903438505671 0
391 -0.3202521148370464 0.7937862181715275 0
392 -0.717895655785152 -0.2381156756850831 0
393 -0.8913598025647451 0.5553766009247687 0
394 0.8885376010754036 0.2427087110339288 0
395 -0.05258696362801964 0.3691583015369845 0
396 -0.6030922399664189 -0.63633121449045 0
397 -0.4449773947853682 -0.0669838206933559 0
398 -0.7390441341009987 0.6490339424089533 0
399 0.1811232571334911 -0.785732605583082 0
400 -0.1776154784277231 -0.1241526249619491 0
401 0.7730883095265608 0.9016386337914786 0
402 -0.5410886659840118 0.7883608913492945 0
403 -0.894728395240492 0.2407177897551279 0
404 -0.221120271691836 -0.2967560913785376 0
405 -0.8002111643279846 0.5393285280379139 0
406 -0.7738000415488678 0.2654684672462996 0
407 -0.2551613696989959 0.08894260563729789 0
408 -0.5859577199927537 -0.4825859676825232 0
409 0.9030778713777198 -0.4240968065758828 0
410 0.6431863751287992 -0.7771291446738773 0
411 -0.09188735820263724 -0.9069570961724952 0
412 0.3188359800889152 -0.9061487023856064 0
413 0.6304196872697021 -0.6008600380156 0
414 0.7801201128969039 -0.9008006054179624 0
415 -0.58931171593756 -0.1168371510019093 0
416 -0.7446529181862772 -0.522889161353129 0
417 -0.9051660213543838 -0.1629024479050461 0
418 0.1969694144515314 0.5957466755640681 0
419 0.012775288921135 -0.1879192738709274 0
420 0.5202082640988109 0.9046704170483159 0
421 -0.3559860867228759 -0.9035648206008753 0
422 0.4678669737848722 -0.7955978617112253 0
423 0.3735881854134613 0.03074432872757556 0
424 -0.08514821978263336 -0.3690958028072607 0
425 0.5952007454713293 -0.8947609260603244 0
426 0.9148698128847537 0.3904874732898156 0
427 0.01576693336929882 0.2011608797145462 0
428 0.5415135187463099 -0.5124361337475605 0
429 0.6416733889023403 -0.4110855522069295 0
430 -0.7901135115623432 -0.6004018217819478 0
431 0.6621293457068282 0.435713465369402 0
432 0.9095827113763921 0.1413203111811954 0
433 0.3192063774229726 0.1651866752147533 0
434 0.3255322012408009 0.7960873803452353 0
435 -0.1687340693084214 -0.04216643494465831 0
436 -0.9091545644490313 -0.5919554734258762 0
437 -0.3861497227972149 -0.2151746159363289 0
438 0.5236744877310792 0.002627641847782948 0
439 0.3501905339249722 -0.785895112320093 0
440 0.5915701810228101 0.6187072091613911 0
441 -0.7878130865311725 -0.2936052781644924 0
442 -0.3731311001294224 -0.3353877223769589 0
443 0.9117563539556488 0.7985619037777328 0
444 -0.9115176485163086 0.3920687609734151 0
445 -0.9132302468057392 0.1456603341363902 0
446 0.9090085207697546 -0.1576085330539743 0
447 0.1752246262100429 -0.4321998680460913 0
448 0.4747997824914061 0.244057215138188 0
449 -0.803578925455232 0.3945071364651032 0
450 -0.3081823281093192 -0.183648241418596 0
451 0.215787603506794 0.3014490522025799 0
452 0.3859508770660257 0.2615273950562931 0
453 0.7855171226518407 0.09013963934710108 0
454 0.1657043443208831 0.4017434600592127 0
455 0.6713022341428779 0.02551912513892387 0
456 0.03637159683750564 0.3767233256194746 0
457 0.6169377471995789 0.1467469421214283 0
458 -0.7929362858636432 0.09486567323174397 0
459 0.9117896988354809 0.570669074883993 0
460 0.4686613389118547 0.4138346775609864 0
461 0.3198833329663064 -0.5249654867381326 0
462 0.08928042470823384 -0.02805215560448117 0
463 0.2090191774070699 -0.6332339097865548 0
464 -0.4568799106083488 0.803571911838967 0
465 -0.07473214236208883 0.5372172206919729 0
466 0.7823989380203314 -0.1133245585786984 0
467 0.6085861399148551 0.9184339756934203 0
468 -0.4587556041247893 -0.5905091778107071 0
469 0.3383376792488731 -0.6762282329189375 0
470 0.7818091273130717 -0.2864342610542234 0
471 0.435690816574202 0.66006225717487 0
472 0.4584822303620573 -0.6462010191470617 0
473 -0.1937071544111995 0.9141404942593541 0
474 -0.009738406918355098 -0.0894888345358075 0
475 0.07580877087704155 -0.3024200295938069 0
476 0.329133472335097 0.6785127551755235 0
477 -0.3321037870426866 -0.05741578068691471 0
478 -0.5889267190354407 0.9132843640424804 0
479 0.06307037012527249 0.05738853462421988 0
480 0.7722338317847883 0.3475506703744093 0
481 -0.3250710747259783 -0.7151497422233436 0
482 -0.7034367985104618 -0.7831706169418923 0
483 0.7307561634708439 -0.789835218991064 0
484 0.1459501491688463 -0.1482298215166602 0
485 0.9135391707810905 -0.6075919837223084 0
486 0.02594281077344378 0.780503022916283 0
487 0.08194386249098504 0.2520538937213568 0
488 -0.5569776673053072 0.07536641554037023 0
489 0.5921232702013588 0.7077977480054987 0
490 0.03892798891792548 0.5112634610844164 0
491 -0.1328348361578082 0.7980291416866196 0
492 -0.649543843927593 -0.3943560109536546 0
493 -0.6208834219414953 -0.5582759360124184 0
494 0.9148573311820312 -0.8103059424654193 0
495 0.7986400157214943 -0.5523326753101678 0
496 -0.9135297185354454 -0.006249502460260959 0
497 -0.9159157134460136 0.6513802811755944 0
498 -0.3302473431591588 0.06946913343879363 0
499 -0.79593104775553 -0.459823847390951 0
500 -0.06299221563859901 -0.5948160937148153 0
501 -0.5078476312940949 -0.333438612465314 0
502 -0.8051389705567589 0.706978766955514 0
503 0.9134089900907228 -0.009474167066131314 0
504 -0.9135255350324302 -0.5072092610014065 0
505 0.4689067797296943 0.7947963608201648 0
506 -0.4383019608157633 0.9209690795460095 0
507 -0.3951280790140211 -0.8058388884775248 0
508 -0.1659199374282027 0.1745889151113364 0
509 0.05111671590016247 -0.5741089410496207 0
510 -0.9177346554747199 -0.2447500571432381 0
511 0.07715489602973349 -0.6534140904486383 0
512 -0.8026977466384868 0.9212443971146047 0
513 0.3811831489600982 0.1099696669818427 0
514 0.7847590853556311 -0.3936989876248612 0
515 -0.6112400821659615 -0.7984614354833145 0
516 0.7386606861695394 0.6267151778633606 0
517 -0.9209164452742173 0.8044173194266495 0
518 0.07504019163432363 -0.9089887441183141 0
519 0.240633144481607 0.1907697792979892 0
520 -0.6937648058628672 0.8125643445518418 0
521 -0.4112142766682482 -0.6487769570039921 0
522 -0.06718335292475089 -0.4579577664816075 0
523 -0.08635156700850215 0.2980825318956208 0
524 0.02714611506423534 -0.8090289576589076 0
525 0.06332750497896092 0.627041046874962 0
526 0.2444370984454168 0.9170311088949082 0
527 0.5955091401171273 -0.676531877019117 0
528 -0.6787879037489412 -0.9245450537819729 0
529 -0.6165970167550048 0.7419621746817171 0
530 0.7289447566894052 0.7692458712724188 0
531 0.7434911721698281 0.1788238185939265 0
532 0.9131210212033045 -0.318525335946903 0
533 0.08823529412017778 0.9250918627105753 0
534 -0.5647674838637278 -0.7051139261584282 0
535 0.4673880539131673 -0.5296458067990856 0
536 -0.02750736775955068 -0.7165349585029608 0
537 0.3484923005224024 0.539918322398268 0
538 -0.1520557859349169 -0.2214648687438827 0
539 -0.2282141706893334 -0.8268139616449345 0
540 0.664324874966018 -0.1831844029157307 0
541 -0.8358994374940417 -0.004099938077612667 0
542 -0.1185271968872546 -0.8102185175920038 0
543 -0.6857725756639415 -0.1398051597703704 0
544 0.8226898684839339 -0.01690485014689149 0
545 0.8332370004549153 0.4054347273635681 0
546 0.05712610063286042 -0.422507438973791 0
547 -0.5981097246313877 -0.01447879092496374 0
548 0.5299893967106812 0.09426795849186226 0
549 0.9279094783106526 0.3315500204031519 0
550 -0.6859516498544126 0.002846020546343591 0
551 0.5935724359926881 0.4745782216924096 0
552 -0.242427655844951 0.73732421955865 0
553 0.9232992204523343 0.6486018673382026 0
554 -0.7292934260919623 0.2081205626829423 0
555 -0.56659077040304 -0.1935320304036589 0
556 -0.6421052395459681 0.1298479270015681 0
557 -0.1976229150540567 -0.9165268710180114 0
558 0.7630925722066793 -0.6398476156472904 0
559 -0.6766879422970057 0.9157705460953635 0
560 0.5232668729321679 0.350205907242513 0
561 0.6354494709124505 0.3065458181084889 0
562 -0.09590042265566179 0.1265812683352423 0
563 0.6883388497429915 -0.4675757516944309 0
564 -0.1878967057108728 0.03243295901821326 0
565 0.376019680210382 0.9221042530494579 0
566 -0.9302160868208023 0.3264383125205594 0
567 -0.8213142488996642 -0.9354248165469674 0
568 -0.4905357081292173 -0.2326163672695403 0
569 0.01488711687124866 -0.3445374488465576 0
570 0.2996563144299756 0.3232670837766619 0
571 0.6994921796582585 -0.05186684194253199 0
572 -0.9193961696108467 0.919422357456511 0
573 0.1036719214247408 -0.7691805786449114 0
574 0.2132209392445376 0.05517200416118703 0
575 -0.5058506959590601 -0.8331521479381631 0
576 0.08834454331473153 0.7148364820120073 0
577 -0.9141020704247547 -0.6996995289713154 0
578 -0.371666286036836 0.7724644569976062 0
579 -0.4861480012669361 -0.9262728134335343 0
580 -0.359854539927736 0.9285109929291715 0
581 -0.4538364879619287 -0.5233257168420455 0
582 0.1368755226738089 -0.2956525795156201 0
583 0.8042350138020021 0.5027453722327021 0
584 -0.7710935086565316 0.4734890467835149 0
585 -0.934268273568721 0.4776319668757098 0
586 0.6658826514190223 0.5787625766532867 0
587 0.5596866986668668 0.5452843052839169 0
588 0.4566998203866002 0.1424755064089609 0
589 -0.1239752596172739 0.5785160311808729 0
590 0.6742237339350302 -0.3088226186482591 0
591 -0.6004525945834367 -0.3218945047649847 0
592 -0.9238317263126741 -0.3625620794166386 0
593 0.3878064786005289 -0.9307894541436563 0
594 0.8241552155760949 0.2405129752076626 0
595 -0.9278268487106307 -0.9278268487107038 0
596 -0.4365744374819084 -0.1591147654880347 0
597 -0.8094903410104629 -0.7196878393073796 0
598 0.8398193924959443 -0.4592892495982541 0
599 -0.4667588103986557 -0.7660149984201484 0
600 0.4441136861782796 0.5190235406872276 0
601 0.9346606257979626 -0.6702521438634035 0
602 0.585389576909597 -0.4493186121354738 0
603 -0.03706710228822982 0.05235135840930634 0
604 0.621132127658738 -0.1104295143025175 0
605 -0.7149143134125174 0.06684499805120836 0
606 0.3047137481421741 -0.01278782925894747 0
607 -0.8417158476365888 -0.3725012465424142 0
608 -0.4161792401283618 0.07119039395228852 0
609 -0.06858138110438144 -0.3103344410270709 0
610 -0.09958159004064579 0.7272217535891732 0
611 -0.151885095665707 -0.6694749860488933 0
612 0.1383978660580966 0.4933337666728357 0
613 -0.9341965308146978 -0.09472003290947345 0
614 -0.8293258132482466 -0.1397370323022631 0
615 -0.7396895497877093 -0.0323433813324611 0
616 0.9465225550167323 -0.09965243380788165 0
617 0.2794915978578566 -0.4768721140234862 0
618 -0.03340846547692491 0.6455991461187365 0
619 -0.7735708228708471 0.3370810053441676 0
620 -0.6074515383464487 -0.9328328984620432 0
621 -0.2097021316433234 0.1377966247568403 0
622 -0.6313199560243666 -0.2675771125761411 0
623 0.7408947620851436 -0.1778821136445983 0
624 -0.1586019983479659 -0.3577414721455874 0
625 -0.7258644906979379 -0.4347891024842667 0
626 -0.5124581910812085 -0.4073650747079812 0
627 -0.1672905414033152 0.6631522905385392 0
628 0.2623132500013358 -0.9319840219124843 0
629 0.6764705882343968 -0.9353812809447209 0
630 -0.5047499446263587 -0.09830728949261686 0
631 -0.2856435152599876 -0.3082775875257832 0
632 -0.9298987208857907 -0.8306314899484666 0
633 0.2580718328955929 0.5337430924946845 0
634 -0.3153504543953251 0.006073730561487378 0
635 0.8409992258615584 -0.1459828695979234 0
636 0.5802112185500784 0.2269707556923109 0
637 -0.8225370074495271 -0.8471315523638505 0
638 -0.85137385449365 0.8153503686415022 0
639 0.00415383143139089 -0.4837272751656477 0
640 -0.6947826451312432 -0.6682620915314154 0
641 0.714982084585824 0.9304566627366866 0
642 0.5791416177084748 -0.7565316275337489 0
643 -0.7350541369343511 0.5864748977688051 0
644 -0.2040610775801876 -0.6973745608648247 0
645 -0.05171263848193121 -0.128687633614788 0
646 -0.05423923853934164 -0.0322905289628303 0
647 -0.0565481321702745 0.8448426188071898 0
648 -0.08965276681254809 -0.7328311546181848 0
649 0.3884231749682755 0.8123071638153141 0
650 -0.7830343232582755 0.8547919040926786 0
651 0.7036313462417243 0.4882492514959296 0
652 0.141834309153628 -0.4830012429572836 0
653 -0.07123690278573816 0.9317078157690357 0
654 0.4562727276603814 -0.0008699440970422559 0
655 -0.4167051860790363 -0.9284217761456057 0
656 -0.7332009383428255 -0.3276483447404089 0
657 -0.6814000064726411 -0.5330156902724857 0
658 -0.05686133884153267 -0.8522856801393508 0
659 0.3835031319446484 -0.6353504077720417 0
660 -0.2251246876669959 -0.05829486291770299 0
661 0.2310686851915167 -0.5717270438103625 0
662 0.4639723888922912 0.9340255923564467 0
663 0.6269466623088655 0.8316123470355324 0
664 0.6230922968528185 -0.8420583587016307 0
665 -0.7911662748493229 -0.05664391325134819 0
666 0.5438117684760269 0.6607339538236283 0
667 0.8340464924345548 -0.9278526156521665 0
668 0.1687090204123608 -0.3625803914132721 0
669 0.2420056466343675 0.442692215668262 0
670 -0.2596166241403517 -0.2490504776009024 0
671 0.7447545579426006 0.8455303213862646 0
672 -0.1171088718451066 -0.144585443697363 0
673 0.9410170859989427 0.08466087181410237 0
674 0.8329215178295037 0.9274141643964375 0
675 -0.05247103973701348 0.70535438975846 0
676 0.6934201213362219 0.2807381179982379 0
677 0.3956259530715365 -0.4979282514888034 0
678 0.1401909219725307 -0.9434779414538508 0
679 -0.4383209671245648 -0.4395584086141914 0
680 -0.9416199763164359 0.0869928290407148 0
681 0.1333165413838087 0.1092092023275843 0
682 -0.7545410950979996 -0.1942207654520143 0
683 0.933490368345225 0.9334903683452666 0
684 0.4968972768954331 0.8444539119778849 0
685 0.5943642198139308 -0.5497738253401724 0
686 0.8286766943448564 0.6691159993982219 0
687 0.1461056634438729 0.1609195988127042 0
688 0.1421836042357667 0.83244694306172 0
689 -0.1906404818348481 -0.8014871469078866 0
690 0.9360056972636498 -0.4828068321236826 0
691 0.9331745289490028 0.4567380970623666 0
692 0.2658646530622525 0.1367066906572131 0
693 -0.542311131752641 -0.6293970459018922 0
694 0.3029987960961205 0.7326906867286311 0
695 0.9406267834521614 0.7424514322660121 0
696 0.8227461096117836 0.7361886892339891 0
697 -0.7477228694002283 0.7317137905785166 0
698 0.1988599455352305 0.6568096484063987 0
699 -0.3791081331292301 -0.2753214419139624 0
700 -0.5965233990310244 -0.4237625043079063 0
701 -0.4996327306203879 0.9420241662937188 0
702 -0.077434033042249 0.4242326437759427 0
703 0.2150902063521781 0.7616237582990588 0
704 -0.8312949646288925 0.2376012755396428 0
705 0.3428033045582328 -0.5813082780311155 0
706 -0.03743444115032727 -0.9423803228483166 0
707 0.02637381737047885 0.4347624962771622 0
708 0.8329900907325808 -0.6948497594927003 0
709 0.2925702154054494 -0.764536332732011 0
710 0.8444463467864958 0.1166735723518615 0
711 0.9452752960738622 0.8495091580197818 0
712 -0.8591082290886853 -0.2485031264190329 0
713 0.9360286489793935 -0.9360286489793659 0
714 0.3782103252062692 0.6385794328434846 0
715 0.4709063354651593 -0.5827036278318285 0
716 -0.8519114227629281 -0.6112981317857433 0
717 -0.5676162288438772 0.8521682451196468 0
718 -0.3594228916863942 -0.6656344857763552 0
719 0.7830418311076941 -0.05041857871424725 0
720 0.5424210814165744 -0.04970953854709339 0
721 -0.6813160676425414 0.6695049203305492 0
722 0.5532033036037187 -0.9409083977780011 0
723 0.6216845874406529 0.3689501018251762 0
724 -0.1383429955752957 0.9401012452606859 0
725 -0.8508412932794641 0.1226429342489945 0
726 0.32690373660698 -0.8430411922929788 0
727 -0.08230752742529653 -0.2554828597430551 0
728 0.1890964632644797 -0.01265092193727562 0
729 0.03739221642266038 0.1126864366110512 0
730 -0.03756096530749682 0.1809960848308626 0
731 0.1951476035003034 -0.722474510439884 0
732 0.173956045093385 0.345702622641413 0
733 -0.4497133802616869 0.8598082276996222 0
734 -0.8574080815619112 0.9403039362320949 0
735 0.4157613172117665 0.3819805626756368 0
736 0.7124298446764787 0.4033854631473955 0
737 -0.7081923559816836 -0.3823481551186977 0
738 -0.9349060629127978 -0.3013661654629498 0
739 0.7096214183519745 0.7140094814095246 0
740 0.1527754800567423 -0.2153720385150214 0
741 0.6424001828242191 0.08921726912521089 0
742 -0.7080960359581813 -0.8350916323501507 0
743 0.03314283571590029 -0.2350015308369622 0
744 -0.9405827267032758 0.8601563981579511 0
745 -0.3546903343859721 -0.7667774974046384 0
746 0.03437435418508464 0.9482396810140332 0
747 -0.5460193458628558 -0.4429958365760089 0
748 0.7229508484467888 0.05830118011082409 0
749 0.2248760638478165 -0.06656895362457703 0
750 -0.587682408825561 -0.8480872198158311 0
751 0.8524243954287087 0.5473316504283769 0
752 -0.5303853795060258 -0.5089169995329828 0
753 0.6737045007041658 0.1745359492163701 0
754 0.3386835653519345 0.2206754465774182 0
755 0.8252089321655999 -0.2533921660009038 0
756 0.6904467299775686 -0.5289356755902391 0
757 -0.1064415252397773 0.07666087585252269 0
758 0.7410923943080971 -0.8477085767981808 0
759 -0.9389041984478694 -0.641851642318197 0
760 0.9440076711347107 -0.2080644624926465 0
761 -0.4420943873400311 -0.008035757020998305 0
762 0.8371687665166881 0.8619870089629114 0
763 0.02029837446810619 0.8418858300624485 0
764 -0.1293823116984638 0.2628261057262397 0
765 0.1111759278156263 -0.4390019258465155 0
766 0.1570886502408144 0.2832231562106829 0
767 0.4493882109562118 -0.9444232772866967 0
768 -0.02951963508944122 0.2401714683231575 0
769 -0.02918767428205483 -0.2278872068293221 0
770 0.8316879253400205 -0.8720619876635609 0
771 -0.2533707726099417 0.9415403633061684 0
772 0.7302309681282253 -0.4174695080756794 0
773 0.1615003965096249 -0.8433576891522451 0
774 0.8288407836264207 -0.7496117512575218 0
775 0.5586428571408806 0.7541349263627151 0
776 0.4099877276218861 -0.7764488643908847 0
777 -0.3816935332219741 -0.07335884272309473 0
778 0.9470584100696455 -0.3766079090368959 0
779 0.06918921461750745 -0.1706812348801776 0
780 0.9403909109826933 -0.5484334793045927 0
781 -0.06706790398295782 -0.5392609372218138 0
782 -0.228826563603089 -0.1514487381174585 0
783 -0.8005325319296945 -0.658286276376576 0
784 -0.4605333383028158 -0.7124017935101106 0
785 0.7167143110306545 -0.7304274143562149 0
786 -0.0194431074027959 0.5196763658820474 0
787 0.6820186546511388 -0.6262982589881974 0
788 0.5160059360233064 0.4444403560812894 0
789 -0.3115226591065297 -0.9406976050421261 0
790 -0.5591216878838621 0.01683502025407273 0
791 -0.3306696487977974 0.8469374514754896 0
792 0.1431066665121216 0.6092577697368444 0
793 0.2988215237523591 0.4105489876336479 0
794 -0.7385727030101285 0.9433135254478398 0
795 0.4637579442110116 -0.7346324471951001 0
796 -0.09963827277372381 -0.420015052487024 0
797 0.05871557987108623 0.3137816694564993 0
798 -0.06226997568900447 0.5955899230360671 0
799 -0.6485322046477354 0.7812033529815378 0
800 0.852392460962206 -0.5724995623912162 0
801 -0.7656284938839817 0.1688758214595469 0
802 0.1034003868949848 0.2011868046077213 0
803 -0.9401846819916376 0.7441640018844005 0
804 -0.8451454689277187 -0.8055191831352385 0
805 -0.9474355525663786 -0.4411764705866848 0
806 0.4588440253322168 -0.8501070425718812 0
807 0.09168215697820682 0.7799241366579417 0
808 0.9402438321735025 0.5146025251526186 0
809 0.09076712708217516 0.3834850188321822 0
810 0.7355614740108752 -0.9472450460462518 0
811 -0.8516332564372632 0.5248961775617547 0
812 -0.1703014105264304 0.8605372693811471 0
813 0.9412578800030333 0.1944923326315049 0
814 0.5411309812661604 -0.6617615404328427 0
815 0.3888627490335813 0.3211084113910756 0
816 0.6236919275143171 -0.3515932036357007 0
817 0.1678882367943167 0.549886680157447 0
818 -0.7006582293779244 -0.7270052602209751 0
819 0.9455869297462119 -0.8562941177591206 0
820 -0.3207626431578749 -0.133190501018884 0
821 0.5819968918299736 0.008559232820568046 0
822 0.03112969259314917 -0.9513855819152678 0
823 0.181405791519297 0.7165853458849485 0
824 -0.674625878674465 0.1775745967922955 0
825 0.9487668593092333 -0.7360939167027938 0
826 0.2526056621961721 -0.6530855170857089 0
827 -0.7333130308218136 -0.9475581343649478 0
828 0.2587818274580303 0.6466456378774272 0
829 0.3478537475945472 0.4348957762989274 0
830 -0.7438747947483351 -0.6318689207787316 0
831 -0.4371630667644941 -0.2207082736437596 0
832 -0.8546252288943336 -0.478141173837373 0
833 -0.9332670650091845 0.5950870699795796 0
834 0.5619767353239193 0.9445079170281636 0
835 -0.0315298489900375 -0.3613214336256691 0
836 0.4911640425012445 0.3000655973530253 0
837 -0.5875827131031943 0.1292730175858111 0
838 -0.6719275760467865 0.8631212912149681 0
839 -0.1101073222670922 -0.6154598182359069 0
840 -0.9437079811972698 0.197061300232124 0
841 0.7460147295465648 -0.5277811916441262 0
842 0.04119385846355021 -0.05916883580045777 0
843 0.05236392838250807 0.5699702676632754 0
844 -0.09064020893305107 0.4803292242586487 0
845 0.5485582087737186 -0.8731186152446906 0
846 0.8391377475079361 -0.39879455553251 0
847 0.5189271678116402 -0.7740160312188988 0
848 0.3811657978742067 0.8727082479858785 0
849 0.285138034690412 0.8412657219143408 0
850 -0.8570900331798298 0.6791029010015739 0
851 0.2351544877088005 -0.772268972700241 0
852 -0.2768859008215139 -0.6987610775381807 0
853 0.9453700431819965 0.272598222095133 0
854 0.8012553861107015 0.3035848343100028 0
855 -0.1465106795662175 -0.9496769264894349 0
856 0.3554500630426349 -0.7318866658494919 0
857 -0.1712801364637416 -0.2643393621259273 0
858 -0.228906444324387 0.6865697753488695 0
859 0.4461953589149883 0.7112746591871197 0
860 0.3270813389095026 0.9459695422446923 0
861 -0.2799763878104571 -0.05203610514861578 0
862 0.005814920107944331 -0.5814194176732512 0
863 0.1266803030829561 -0.5333149383111039 0
864 0.5069136948582446 0.5464451032378975 0
865 0.9535149012474746 -0.2713676666633405 0
866 0.0372578198123329 -0.5262010369206039 0
867 0.625227962486063 -0.7128052377482027 0
868 0.03558025451247746 -0.673927634469206 0
869 -0.1145730127466599 -0.03578323450084699 0
870 0.6596508672018583 0.9373491661710689 0
871 -0.3910195670843872 -0.3791850553210961 0
872 -0.630981161241297 -0.1359373950954642 0
873 -0.3634019575877916 -0.8479847908402256 0
874 0.1366589903781177 0.9449068056179831 0
875 -0.4218662382250343 -0.3292859018717629 0
876 -0.833315840566874 0.7560049671545555 0
877 0.1126273387486051 -0.07660545570600649 0
878 0.5805868011161275 0.3301462788275665 0
879 0.7699684548383722 -0.339572904489244 0
880 -0.5438089929552206 -0.9535675409582984 0
881 0.04454017856066082 -0.8521680092991871 0
882 0.4570834130949476 0.4667762600910835 0
883 0.244306405828472 -0.8754726970769404 0
884 -0.2143039530927619 0.7742835723983053 0
885 -0.8683433695656311 -0.9420130647685857 0
886 0.7316538311046575 -0.2975041958307161 0
887 -0.9433694843214339 0.2633110383407257 0
888 0.09388225984850596 -0.7031142961030015 0
889 -0.6319952225736905 -0.5058619445938501 0
890 0.6495131148502418 -0.2379594784191543 0
891 -0.5856547141321811 -0.06475051752124308 0
892 -0.2426239584223774 0.882128431423546 0
893 0.449335527151282 0.6069653795249131 0
894 0.2270061400099743 -0.4453818708634611 0
895 -0.8546106821183532 0.4065592275839491 0
896 -0.3135134081355354 -0.8787689513860066 0
897 0.5735326326940957 0.8766857233457684 0
898 -0.7505623192693005 -0.7498399509934894 0
899 0.2016945532085625 0.944825672441624 0
900 -0.1716399727641383 -0.1805588468325825 0
901 0.3894073308092618 0.5183965251440128 0
902 0.1910212233883266 -0.1158540489665313 0
903 0.4796161043713887 0.1913348763581036 0
904 0.7372743118518195 0.31386893976951 0
905 0.698848553297311 0.8067642188113707 0
906 0.7134144565431465 0.2255449138916374 0
907 0.151045479667946 -0.6352497331343945 0
908 0.8178713264952152 0.04463952309007978 0
909 0.860112212488948 -0.2013294948060375 0
910 0.0006089370146706322 -0.7599063550885176 0
911 -0.6913730838285147 -0.1919410238501789 0
912 0.1787359587019177 -0.5591786611776373 0
913 0.1808502332376512 0.4491544787120197 0
914 -0.4605348356063855 -0.1197901791850204 0
915 -0.739358433383231 -0.5760464773362088 0
916 -0.9465811179548973 -0.201586280282209 0
917 -0.718232245630341 0.2639742757144855 0
918 -0.2790059163682899 0.8367187868560403 0
919 -0.6794723886963004 -0.2615570759770941 0
920 0.3425302841163286 0.5908579217611645 0
921 -0.947228927284447 -0.5517099998865981 0
922 0.754155380695936 -0.239283412456558 0
923 0.01838093947178663 -0.130816054492066 0
924 0.5294060694953905 0.2405243953913165 0
925 -0.3017094581044348 -0.766351722324458 0
926 0.05385465130130226 -0.3791476795927805 0
927 -0.8169141029592246 0.03800424600255126 0
928 -0.7731731183757625 -0.2447929159082725 0
929 0.869924100011323 0.1858207057111347 0
930 -0.1187342804212107 -0.8511601106944982 0
931 -0.9509271757696112 0.4293064530562752 0
932 0.8598242715001494 0.8178568354821177 0
933 0.4041734198160924 -0.01319695652722832 0
934 0.2224382456757588 0.8745905779983856 0
935 -0.6318165617238514 0.6911363475469032 0
936 -0.5010880922665782 0.08906241668112228 0
937 -0.501252289975585 0.8241916766565742 0
938 0.7390850796525676 -0.07960707897549209 0
939 0.21415814718376 -0.8324880711727884 0
940 0.2011779524504827 -0.9541492162638918 0
941 0.04962838037330776 0.8907977141318365 0
942 -0.1443444417846989 -0.08361049136810506 0
943 0.27011159085058 -0.5356384991416672 0
944 -0.4855437810188377 0.7620034302443354 0
945 -0.8669865187116207 -0.7227043927600623 0
946 -0.5002827993490588 -0.2820491579316901 0
947 -0.8767533958775761 0.186923592205731 0
948 -0.8814666711064933 0.609827925281612 0
949 -0.2811800266531609 0.05161573059923685 0
950 -0.9526780182845777 0.03086762165424688 0
951 -0.9565956897820931 -0.7373518561556992 0
952 0.7982018921003502 0.5564338050373795 0
953 -0.3241800094448595 -0.342310444933309 0
954 -0.5028081627334223 5.113757237503134e-05 0
955 0.9534412339629723 0.02138774075965048 0
956 -0.8792456336269975 -0.2052816833982747 0
957 -0.00511565573879209 0.340878838840186 0
958 -0.7886329949291382 -0.5518449965441429 0
959 -0.3136108159913837 0.9519827098453566 0
960 0.8650336507007317 -0.2924934997499245 0
961 0.8652060363131434 -0.8290867546850644 0
962 0.2122930983753176 0.2423875650396739 0
963 -0.3343935501487023 0.741708623707288 0
964 0.4256525400798666 0.234001794444893 0
965 0.7806589513705933 -0.7698252215281894 0
966 -0.5150773116926457 -0.7211874550929847 0
967 -0.03161157147495217 -0.6681823372254284 0
968 0.6138053943014776 0.6622088049373591 0
969 0.6444668398514651 -0.5530116134919782 0
970 -0.3548563404644672 -0.1747931744065257 0
971 0.8790142575490837 -0.65906495253863 0
972 -0.7828616257552664 0.6200134008862253 0
973 -0.6087568103539367 -0.7388540146596903 0
974 -0.09730338312969117 0.3469644302776367 0
975 -0.01901080569604165 0.4065592954073258 0
976 -0.6558230691108456 -0.7641802338001094 0
977 -0.5472190209298843 -0.8079888967630287 0
978 0.5729245860013323 0.1241099294175104 0
979 0.7503456417625737 0.1263620584183476 0
980 -0.582359442010533 -0.5905503604836574 0
981 0.6482712457578075 0.7171737018674389 0
982 -0.5933452219146511 0.7928591385792736 0
983 0.08565330175505634 0.6698437882667747 0
984 0.8803100573788096 0.6142064191827603 0
985 0.5020918837644608 0.05027801149708522 0
986 0.4858530981529871 0.6635193470442191 0
987 0.2711284149989849 0.7833840077397517 0
988 0.5123844306564078 0.7825087592363911 0
989 -0.8319540891772104 0.5794781136577269 0
990 -0.2260615089183148 -0.8698918776479065 0
991 -0.5520333627596358 0.9517446625061616 0
992 -0.4095902335012259 -0.6056675507343687 0
993 0.7785064968119976 0.2164518470250733 0
994 0.5103981913287035 -0.5487322014502134 0
995 -0.1999540696721168 -0.3412097057212733 0
996 0.5338156906766254 -0.4622029520233727 0
997 0.0133821813368067 0.06261180931834517 0
998 -0.5759562562929517 -0.5378143616892657 0
999 -0.4520460688019452 -0.8203996205161992 0
1000 0.6002455304588984 0.7831363545492974 0
1001 0.8916834401597674 0.2980129488993239 0
1002 -0.955160204183683 -0.1456753370042003 0
1003 0.1171262202797985 0.8838205072709648 0
1004 -0.299957444168919 0.1064874880960195 0
1005 0.8287584344451647 -0.5105703689491884 0
1006 -0.607084572802662 -0.6847385971396232 0
1007 0.8711784869221348 0.7633953407984488 0
1008 0.6572537823313063 -0.07732809605844498 0
1009 -0.3390802690478016 -0.2239365007734544 0
1010 -0.7595031536653639 0.5273595283840117 0
1011 0.4032819298343514 0.06741066569930769 0
1012 0.8919663071123836 -0.3714808898077487 0
1013 0.1374300434584451 -0.02645351611477149 0
1014 -0.004607116792413445 0.7385515542301235 0
1015 0.6836013852110435 -0.8130816174870532 0
1016 -0.6331780845315456 -0.6015382473234822 0
1017 0.7891195487355005 0.9532260182603119 0
1018 -0.7661065156517446 -0.8392592251110168 0
1019 0.2716560139925205 0.03913623035324449 0
1020 0.3478021781059807 0.4887606677680463 0
1021 0.2734361990747811 -0.05320588941993177 0
1022 0.9605054090799132 0.3752236504241696 0
1023 0.1339750169910949 -0.8875532354717038 0
1024 0.6182565332705503 -0.944373423781309 0
1025 0.5828515760575022 -0.6148760902978954 0
1026 0.6964374972274791 0.5441470378996951 0
1027 -0.6215191101292151 0.9510718608248059 0
1028 0.03269107677301713 0.2505333252400986 0
1029 0.3499919313352616 0.07292187618936197 0
1030 0.787592674691768 -0.9551796534232762 0
1031 -0.9478747870101333 -0.8796344401046362 0
1032 -0.0162761942557036 0.7991898637346072 0
1033 -0.2506588524142376 -0.954628614014768 0
1034 0.1492977240162351 -0.7435743406033719 0
1035 0.6201110335382272 -0.1567663331604137 0
1036 -0.2065784715555008 0.07848376706028488 0
1037 -0.4357821627154541 -0.4848368067199539 0
1038 0.05319722290644079 0.008618286885429557 0
1039 0.498896438220145 -0.9565417322378084 0
1040 0.3322316656697067 0.284992058196695 0
1041 -0.8008539914076717 -0.3414452247963804 0
1042 0.5092314776635595 0.9566407852865852 0
1043 -0.1532330355871609 0.002683429882985794 0
1044 -0.8952802144152024 0.2857614718511701 0
1045 0.5076659804049763 -0.8356355384121557 0
1046 -0.4860724756521748 -0.5505963696328204 0
1047 0.3234444197492038 -0.9565813498175539 0
1048 0.5743406189163985 -0.09284489561343712 0
1049 -0.8215540238451278 -0.4219347431750348 0
1050 0.1871298603781596 0.8062405212318074 0
1051 -0.5523273434128033 0.7400823436287578 0
1052 0.9535729853382052 -0.4339170368047835 0
1053 0.08477519965499858 0.5102313751477088 0
1054 -0.09046061343190753 -0.9598028691020494 0
1055 0.7890462982512439 0.6364990455631587 0
1056 0.9510122311659377 0.6039706776809394 0
1057 -0.3702698084218549 -0.9522814853281716 0
1058 0.2159271228796963 0.5530582685415371 0
1059 0.7328489435360919 -0.670283569661083 0
1060 0.8748894426830978 0.4285641270137278 0
1061 -0.5512056861539812 -0.138115048986526 0
1062 0.8634550545722597 0.3735833586448837 0
1063 0.2868888943454976 0.2030662671039165 0
1064 -0.02239517977981794 0.9552089017746812 0
1065 -0.6694585817496346 0.08902048745163486 0
1066 -0.4979097815186521 -0.6052388720677292 0
1067 -0.9489938090911515 0.5309300221878482 0
1068 -0.7848344029704881 0.2114258434334059 0
1069 -0.7437535240246647 -0.279394133133623 0
1070 0.3074539895236494 -0.7149191136691033 0
1071 -0.5587604045008416 -0.3315142168779605 0
1072 0.763242077819914 -0.5889706270351759 0
1073 -0.7164454663316082 -0.4866744762102302 0
1074 0.8866217146346189 -0.9490775450106349 0
1075 -0.1972072914322767 -0.7486965945563913 0
1076 0.2182510748606888 -0.6815885835718682 0
1077 -0.6963928387894786 0.6237031080904561 0
1078 -0.7045218708504785 -0.09013498753781292 0
1079 -0.01016841747187469 -0.8472059868381472 0
1080 0.1152957161394321 -0.3279554137490794 0
1081 -0.4270525682279295 -0.5572113947551913 0
1082 0.7266815921029353 -0.8973591334439333 0
1083 -0.9537973131721476 0.6850500883974365 0
1084 0.6392735330321082 -0.6521168635892597 0
1085 -0.8807730551375201 -0.5470417300907364 0
1086 0.6149670774366058 0.4258506252454822 0
1087 0.3302904184710853 -0.6323174203335948 0
1088 0.32549932134139 0.1175335425013207 0
1089 0.5941548200558953 -0.3999908717902523 0
1090 0.1941028648905841 0.1740865147887888 0
1091 0.3941055173536878 0.6861876441235872 0
1092 -0.810943212383176 0.299548826699698 0
1093 0.885936285402058 0.9498412381366541 0
1094 -0.2659417101995335 -0.1949506457222178 0
1095 -0.7509257361318006 0.8210195624304399 0
1096 -0.8992697718656096 0.4439945095868383 0
1097 0.2667016492650042 0.2850617240176883 0
1098 0.3695443179962318 0.1645860996231883 0
1099 0.9536244998201893 0.6866780417540895 0
1100 0.8758293557140661 -0.7791499952340123 0
1101 0.2591478600726594 0.4889743509546407 0
1102 -0.2710909266719422 0.1347911918488554 0
1103 -0.6773883226676876 -0.4295709285594571 0
1104 -0.9585321822213445 0.382503881781324 0
1105 0.6373556070261009 0.4781822502112524 0
1106 -0.1466687966747191 -0.8956900685676615 0
1107 0.009486634327391575 0.1549387980734679 0
1108 0.3552737449124359 0.7560862936976878 0
1109 -0.8719256195959818 -0.1222796632995739 0
1110 0.8238282341196307 0.4498144236496281 0
1111 0.9599112791344926 -0.1483160579528102 0
1112 0.1007671599734263 0.01774724665931181 0
1113 0.7532237570036788 0.4947531657075139 0
1114 -0.04144732832048797 0.3068687436024599 0
1115 -0.7550053971021404 0.3915745732432845 0
1116 0.2479017419826274 0.08827129547150557 0
1117 0.9600652446208312 -0.6176470588245906 0
1118 -0.4513791254340133 -0.6346448051301212 0
1119 0.9589315214178818 0.1452965760241406 0
1120 0.4855531560816432 -0.6824630131238222 0
1121 -0.4580151846522698 0.09520640510110188 0
1122 0.4390419063452721 -0.8970465150629903 0
1123 0.4355004033627966 0.2815377917750814 0
1124 -0.4909915727803439 -0.8767687994032488 0
1125 -0.09828380421342447 0.8165289022975407 0
1126 -0.9523451271359837 -0.03386035200168232 0
1127 -0.6273855914281472 0.8833509785150954 0
1128 0.8873588681926042 -0.4707409975048107 0
1129 0.3642196314159954 -0.8879639933866833 0
1130 0.6085955982137113 0.571835368499814 0
1131 0.01562122014506503 0.6290727486475404 0
1132 0.2472752073247277 0.5888943401894264 0
1133 -0.5939582700332341 -0.1556725028297438 0
1134 0.9606281714788463 0.7941176470582527 0
1135 0.62906229825594 0.002830705246049138 0
1136 -0.6225093909654136 -0.8864852767324284 0
1137 0.107022562344489 -0.2694552756829008 0
1138 -0.2621056073780331 0.7874916193226766 0
1139 0.5853722628918556 0.1753616979123965 0
1140 0.1144151513377498 -0.1804910664769015 0
1141 0.6757566052661825 -0.375528826129859 0
1142 0.6427499730782206 -0.8960282741053267 0
1143 -0.1469054701338088 0.05406135807805031 0
1144 0.8768269970421628 0.6626622798822139 0
1145 0.6015495979809297 -0.7990726666901126 0
1146 -0.3760197530242644 0.09558582873460048 0
1147 0.1145728255143408 0.06400588846580745 0
1148 -0.06331069834758925 0.09611128977801897 0
1149 -0.03346683866288548 -0.1786438358445614 0
1150 -0.6242594449093036 -0.09188306419147016 0
1151 0.04718862387196004 -0.6191188455076977 0
1152 0.774820341724565 0.7501952097635022 0
1153 -0.9611000183461034 0.1464620926287123 0
1154 -0.1994371256948764 0.9591564205652416 0
1155 0.09441393898679842 -0.6092952390377505 0
1156 0.648248364839538 -0.4555580936872168 0
1157 0.8709981968862844 -0.03515644980079741 0
1158 -0.6002067750831471 -0.3666559427470856 0
1159 -0.1284556704110123 -0.3865762783340054 0
1160 -0.7809841426693167 -0.9546383184547157 0
1161 -0.7960048043141384 -0.5032092186539705 0
1162 0.4895712255870044 -0.03349353718122242 0
1163 -0.1201715774345258 0.5221310493772644 0
1164 -0.1675942903095211 -0.3116450739917625 0
1165 -0.05565083134388257 -0.4046544812769712 0
1166 0.9592059058472852 -0.7936891035708926 0
1167 -0.7575865106826011 0.1107683616838733 0
1168 0.6643982303913691 0.3882215013110343 0
1169 -0.4897847903123072 -0.05073899587926118 0
1170 0.5813880806985934 -0.495576128177155 0
1171 -0.2132759954660306 -0.2497115877750308 0
1172 0.5520589316825091 0.5913650687536838 0
1173 0.4248958878027456 0.4270390700996108 0
1174 -0.4219290138684176 0.7621464242301359 0
1175 0.475184571220925 0.8880493250620787 0
1176 -0.2038891477161389 -0.008818800316258925 0
1177 0.4888717098567548 -0.4846934008127031 0
1178 -0.1603719438541446 0.2185059105321683 0
1179 -0.825752503997622 0.3524023779045711 0
1180 -0.5856144558276793 -0.2397807812497915 0
1181 -0.3977308980018509 -0.879726248634674 0
1182 -0.1072044987284693 0.1727723419768913 0
1183 -0.8739018459436474 0.3636212005548117 0
1184 0.412945262802801 0.1397575070070075 0
1185 0.05370987544732203 -0.7769022611259206 0
1186 0.9535203052366097 -0.03386065727591109 0
1187 0.04819450562331454 0.7403447013087185 0
1188 -0.1226703647821051 -0.3376873118695113 0
1189 -0.1195280943279191 -0.7036612867101779 0
1190 0.7299134230628807 0.8880212341021657 0
1191 0.205949677922083 0.3936375249695379 0
1192 0.05306421318486307 0.1706370299998839 0
1193 0.221186623366383 0.3456092064264597 0
1194 -0.349965045871155 -0.3727280792542025 0
1195 0.3364484139986781 -0.4816592807399822 0
1196 -0.7370392749682129 0.7754117633288807 0
1197 -0.9614644790285778 -0.2626169385767398 0
1198 -0.7274041801832526 0.6905559486800472 0
1199 -0.403945377954846 0.9534035587453429 0
1200 0.6131015720179629 0.9600582117785307 0
1201 0.1332614972536651 0.4235020859455862 0
1202 -0.9590575380362694 -0.6041622466551217 0
1203 -0.8944185630058854 -0.643972782518247 0
1204 -0.8745252277250586 -0.0277880321779179 0
1205 0.47431180247794 0.3634061303047627 0
1206 -0.8712792144369186 0.01741901527759486 0
1207 0.7146283002988286 0.6671978235841269 0
1208 -0.2424448215873795 -0.3388618197492399 0
1209 -0.01855526841735205 -0.3101612449407561 0
1210 -0.8384460103599659 -0.759464804791726 0
1211 0.8170112486177821 -0.08222201799178698 0
1212 -0.9561902985310193 -0.4958168765863175 0
1213 0.7177367356514746 0.5848334554205464 0
1214 0.7795487920921048 0.3978173637783367 0
1215 0.3822116081712773 -0.6879852834292741 0
1216 0.8179832132413012 0.3566273150107123 0
1217 0.3841664601585679 -0.8173885202929937 0
1218 -0.7631750873435472 0.05881139592952252 0
1219 0.8896859136201649 0.0990065233124736 0
1220 -0.5166790569482584 0.04502846442029119 0
1221 0.635444262025159 0.8828448386579112 0
1222 0.7092871181213273 -0.003755679632943544 0
1223 0.79351820673068 -0.6732733075925059 0
1224 0.9614020598261513 0.5606204167216936 0
1225 0.2771377444504375 0.9563297107660875 0
1226 0.1866718180398567 -0.166121589525298 0
1227 0.3681250965686754 -0.5362357382297074 0
1228 -0.4122064806024769 0.8150215871813667 0
1229 -0.2179403807541385 -0.1080190505884141 0
1230 -0.467203148195831 -0.1939577861124015 0
1231 -0.1593683113048245 0.6180547457897957 0
1232 -0.8214200723670885 0.8735781725700126 0
1233 0.3542221170039741 -0.01706980271538449 0
1234 0.738381427549395 -0.1318584586550078 0
1235 0.7965734488651328 -0.4356249945163547 0
1236 -0.6460559214357741 -0.6494374839588688 0
1237 0.5023278377917859 -0.6343269589666751 0
1238 0.8949154453886266 -0.113763224257735 0
1239 0.777377746173943 -0.157352337745048 0
1240 -0.8112134339002277 0.4958020835697714 0
1241 -0.809358889342478 0.444849499508549 0
1242 -0.37319625557571 0.04928763884534607 0
1243 -0.8837735773990519 0.7765976852988796 0
1244 -0.5541086429903451 -0.09177061267298597 0
1245 -0.2313400604508065 0.03943589929769122 0
1246 0.03209180305907706 -0.2980139895270685 0
1247 0.3214260071697829 0.6347357075410915 0
1248 -0.1076546461828695 0.3901123689619199 0
1249 0.6896345227467423 -0.7677361474841379 0
1250 -0.4663679796507655 -0.3261320453731998 0
1251 0.08689818943979968 -0.9629401602441581 0
1252 0.1327036951960635 -0.8027511143275325 0
1253 -0.8804887011443224 -0.8292490776998003 0
1254 -0.8358634138733078 -0.2982205827230431 0
1255 0.426590560935158 -0.8202958964215787 0
1256 -0.4205857351094552 -0.1102611048335249 0
1257 -0.5980665458100504 0.0435825793815115 0
1258 0.2032657962542646 -0.4016560543587224 0
1259 -0.4045675653438601 -0.03172203272314066 0
1260 -0.2717350767357294 -0.8509343212005903 0
1261 0.1447530507412553 -0.3992980706951628 0
1262 -0.8849756302312798 -0.3675336503488338 0
1263 0.2884691125817221 -0.8721599719980333 0
1264 -0.7941176470582527 0.9643784638536032 0
1265 -0.8944457735446313 0.1014480042825862 0
1266 -0.9633717415538001 0.7954912819141859 0
1267 0.5096797222035612 0.1386803698629292 0
1268 -0.04813081595379317 0.009550869412065663 0
1269 0.1854597628683178 -0.4739221542087785 0
1270 -0.3421451762220362 -0.3051043082757466 0
1271 0.7926854133908372 0.1357947974319301 0
1272 0.7007014186670562 -0.2083574634328111 0
1273 -0.7995927464505126 0.1393647330450401 0
1274 -0.1266455476497726 -0.1958244389174356 0
1275 -0.6799653059282048 -0.8781338558968046 0
1276 -0.6514990255476484 -0.0247787332706215 0
1277 0.6260002267085861 0.1907728938460324 0
1278 -0.135657448754941 0.6978772493926449 0
1279 0.7690077400334849 0.5913055683941518 0
1280 0.6589373059595509 -0.1337153592600308 0
1281 -0.7843377999170568 0.666830720379283 0
1282 0.4277581042506866 -0.6753350836889871 0
1283 0.4178851513730314 0.02851551247076384 0
1284 -0.9586172552936574 -0.7897298630669685 0
1285 -0.1514556324065044 0.7569650240242974 0
1286 -0.4007119643575378 -0.4182744347457289 0
1287 0.5452958347802762 0.04380272195026533 0
1288 -0.5369980142734764 -0.2311252465619562 0
1289 0.8191900216294259 -0.3095825298799911 0
1290 -0.2979663158050034 -0.2237680005224677 0
1291 -0.1418688605732742 0.1386597109097658 0
1292 -0.6757868207700709 -0.3539339438590582 0
1293 0.1354844366039664 0.372055223462197 0
1294 -0.3993409091772743 0.8980364507048425 0
1295 0.05015445651688828 -0.4701743451287718 0
1296 0.7669030993129394 0.04932412816622987 0
1297 -0.3626788607444923 0.8175164267438587 0
1298 -0.09462049622958724 -0.775203129792665 0
1299 -0.1997215123914704 0.1849729687249242 0
1300 -0.5437456829817277 0.9073846533696095 0
1301 -0.08429523642016 -0.5003047024070348 0
1302 -0.04714859232365975 -0.07558660532576614 0
1303 0.8925869439423437 0.8440987548446516 0
1304 -0.3457739101086807 -0.09889369596039864 0
1305 -0.6766112553326038 0.04463821415662596 0
1306 0.1673280269805544 0.07244525237054918 0
1307 -0.01267231773998444 -0.04734895120939594 0
1308 0.1785642030068492 -0.6002016539807067 0
1309 0.6581802443615727 0.1314192128621522 0
1310 0.8678871424014984 0.01389550542983785 0
1311 -0.6831106390952527 0.2229323015927129 0
1312 0.279784352429221 0.8956203415218862 0
1313 -0.4942170628021985 -0.7950514686565869 0
1314 -0.3661365732111369 -0.7083721757292709 0
1315 0.5966081023732791 0.2761138651646111 0
1316 0.1107431933069572 -0.1322749977125893 0
1317 0.5712084850928608 -0.7101026070196087 0
1318 0.2463309572949123 -0.6124280181250258 0
1319 0.01296600806641317 0.4777396418367804 0
1320 -0.3550180434110913 0.8836152549153374 0
1321 0.8952276136860799 0.5301406273282974 0
1322 -0.0448622529080072 -0.8947887356641889 0
1323 -0.3634825276478375 -0.03005499637014776 0
1324 -0.1741962793896528 0.8092423028457947 0
1325 -0.4545910563656326 -0.96098964668425 0
1326 0.4282929925875999 -0.6145631086366184 0
1327 0.1348574897176943 0.7280334429991698 0
1328 -0.06418960080427398 0.8886160138389617 0
1329 -0.2297218587283851 -0.7857559680786895 0
1330 -0.6460901689749173 -0.9594987518808908 0
1331 0.3232333519758003 0.03514036074653055 0
1332 -0.7316905893567982 -0.1452729548394665 0
1333 -0.9585111000617712 0.958511100061868 0
1334 -0.8335469630290291 0.07804872784312347 0
1335 -0.04297530746389111 -0.2737460121245842 0
1336 0.2868799896977411 0.6825957504329432 0
1337 -0.4873731869834967 -0.3713152367545103 0
1338 0.3053914160228365 -0.5612311965860888 0
1339 -0.4222780737744474 -0.7659864472967148 0
1340 -0.3075978355293695 -0.6750273847584713 0
1341 -0.07029159262605966 0.260737647515142 0
1342 -0.9632030379427373 -0.6816488503753321 0
1343 0.3386925876168664 0.3339084955610066 0
1344 0.7904023111806482 -0.8509594782861739 0
1345 0.3419416893059608 0.8419252001818134 0
1346 -0.03850396893983095 0.5593987321318397 0
1347 -0.535719313559695 0.1144493386640441 0
1348 0.12355537257928 0.2490741954180366 0
1349 -0.1867518115883955 -0.08324869295616591 0
1350 0.3019006164259687 0.5112781146579621 0
1351 -0.8215012307176567 -0.0973820849982133 0
1352 -0.9570589790247939 -0.9651095926446143 0
1353 -0.307201611008606 -0.0899586386559873 0
1354 0.9576200129956529 0.8960534046870531 0
1355 0.7326616634518154 0.3605956518813667 0
1356 -0.7954227870715013 -0.01470173917718 0
1357 -0.426295506500347 -0.6895753166063928 0
1358 0.4343482419194723 0.1021060329469453 0
1359 -0.28065687505092 -0.152440948912732 0
1360 -0.8610936108652409 -0.1662844850901056 0
1361 -0.6658420834044012 -0.8060780476914653 0
1362 -0.8862318187890534 0.498111658559208 0
1363 0.1088828060970006 0.2878679865475574 0
1364 0.7389742796151206 -0.0355217665681213 0
1365 0.6747127301207625 -0.5818683625785006 0
1366 0.3566391532294901 0.7140718112325453 0
1367 -0.632276485281573 0.1714881853424232 0
1368 0.310582602977333 -0.8037183359126269 0
1369 -0.7735266418148481 -0.4320599496921189 0
1370 0.05028191915691332 0.4756134391480031 0
1371 0.4210718648475759 0.7700309485575306 0
1372 0.6396568144623975 0.6229059694510412 0
1373 0.6630757076784392 -0.02522446368468186 0
1374 -0.5249697285141323 -0.3670236503791925 0
1375 -0.7449383568729623 -0.7974034439721315 0
1376 0.08892554792868286 -0.5538686831006099 0
1377 -0.5853414350651612 0.7056057869581143 0
1378 0.704885690808953 0.4438713756826126 0
1379 0.5498402208875188 0.7072761893713972 0
1380 0.6903502771469158 0.75469317013574 0
1381 0.6834261118677689 -0.4239189591337851 0
1382 0.08383558387170632 0.0964181320502269 0
1383 -0.7395313459497279 0.306467438143594 0
1384 -0.7587375615167233 -0.4732409592974443 0
1385 -0.4462709807276052 0.963823888398794 0
1386 0.9641479576331768 -0.3229455083876391 0
1387 -0.6775231583391337 0.9636432052765982 0
1388 0.10368997627197 0.6358088686059765 0
1389 0.4216301458674006 0.9558979563901353 0
1390 -0.469578723514895 -0.4120183464860651 0
1391 0.7705751197303378 -0.8125874401248219 0
1392 0.2600122989699092 0.234739430571122 0
1393 -0.9112662755600887 0.695348967891382 0
1394 -0.9117677392518523 0.9648153388179246 0
1395 -0.9648514249072973 0.9121640970295315 0
1396 -0.0329643492560999 -0.6160073412894085 0
1397 0.8748755035560858 -0.6169116880402471 0
1398 -0.6359535502862592 -0.4512463164288145 0
1399 -0.08130695624252193 -0.8169402659363634 0
1400 0.8945791548888905 -0.5644476063286812 0
1401 -0.6595690144590998 -0.5693447750216227 0
1402 0.4808197598542744 0.09771622462649823 0
1403 0.4375416419898905 0.8211288398311426 0
1404 0.5504051638532659 0.4987434227277744 0
1405 0.05737329454262977 0.2151143866567213 0
1406 -0.108167626464497 0.7723133069144357 0
1407 -0.9605960183254691 0.6333623114403584 0
1408 -0.5616775585306635 -0.7564471071428646 0
1409 -0.688143054221046 -0.04254870205898363 0
1410 0.6289683622349134 0.04565086040338184 0
1411 0.7462818421783913 0.9606252335435163 0
1412 -0.6414562932651589 0.01845536129435917 0
1413 -0.8888837401299844 0.8301229202493345 0
1414 -0.9117647058825974 -0.9681190012217959 0
1415 -0.02475840500544402 -0.4461991741655294 0
1416 -0.9570796343103465 -0.3950541491768117 0
1417 0.5996128921225905 0.5161773931034048 0
1418 0.05494781869733525 0.8117954507568658 0
1419 -0.3951069524637361 -0.1743511989505433 0
1420 -0.6169491881916503 0.09144900357138894 0
1421 -0.5368804242866936 -0.6762028030776828 0
1422 -0.1534338953809432 0.8983348245999875 0
1423 0.08823529412017778 0.9683200163506676 0
1424 -0.0956598491483104 -0.5733677801852757 0
1425 0.05916385007113582 0.4086507696668231 0
1426 -0.8285433635622323 -0.5689485316159134 0
1427 -0.7717750718902328 0.8922394986638559 0
1428 -0.04292791854318374 -0.4929959519344241 0
1429 0.902354608521085 -0.2039193788541511 0
1430 0.8083875628684891 -0.3599224415635388 0
1431 0.2589818641384103 0.7458330759210784 0
1432 -0.09765221770953747 0.9658376429400628 0
1433 -0.909405273694474 -0.04724438082781861 0
1434 0.6255541021719687 -0.2914296702533518 0
1435 -0.5929159283845382 -0.2821135758794366 0
1436 0.8035998351936081 -0.5969625744658196 0
1437 -0.9120360219427698 -0.464766031856481 0
1438 -0.500000000001388 -0.9688177406273601 0
1439 -0.4157133711663135 0.03248351031021518 0
1440 0.01501183526291399 0.5455378440569645 0
1441 -0.2819399912166366 0.7122167021366509 0
1442 -0.1332705483973957 0.8400257617261038 0
1443 -0.149685683570429 -0.7826190740482366 0
1444 -0.4101185897592926 -0.8459080651255806 0
1445 0.3009069387314685 0.3602099998390099 0
1446 -0.8584001145768764 0.2763745855737816 0
1447 0.4742380323595999 0.7515541967474266 0
1448 0.9615315214484572 -0.9014645128188139 0
1449 -0.03442766959134913 -0.5676552689807663 0
1450 0.6725223278143025 -0.7306147607393905 0
1451 -0.7079645120236875 -0.2858982516891023 0
1452 0.06631839114651232 -0.3384874050828871 0
1453 -0.05188164901264151 -0.7475425076914145 0
1454 -0.723791717922183 0.02556988640007075 0
1455 0.1146966551524987 -0.6596752732768367 0
1456 0.3012061273955519 0.559068233299842 0
1457 0.9174885414329647 -0.7695519229248173 0
1458 -0.7865862453673118 0.7446450039380524 0
1459 -0.05420126980094658 0.5002777373374584 0
1460 -0.9117654709007981 0.0417839661944609 0
1461 -0.786558447374922 -0.1458621859675549 0
1462 0.5085506182139387 0.3933811432496456 0
1463 0.9045281068311201 -0.8466780925541655 0
1464 -0.4778019317758577 0.9057626057523528 0
1465 -0.4098533075389981 -0.2473875709030803 0
1466 -0.1855288946829934 -0.2246629261552014 0
1467 0.7276795749251037 -0.4863501009400587 0
1468 -0.1236828516821667 -0.241863641303905 0
1469 0.7865817725190404 -0.516738699233253 0
1470 0.7632406286827736 0.801445129676974 0
1471 0.9636983535963112 0.9636983535961856 0
1472 0.168076777524372 -0.5148159701679409 0
1473 -0.287435543882724 -0.3551408897337245 0
1474 0.7295027836812368 -0.6206240854575208 0
1475 -0.06424713444122754 -0.7008643102408468 0
1476 0.9098865893951149 0.04202543297360922 0
1477 0.6906860255581854 0.6246609947200162 0
1478 -0.06248952458900747 0.1427327240792269 0
1479 0.9072918303358023 -0.06225127046505703 0
1480 -0.5385134685383283 -0.8517283503997852 0
1481 0.07721574602190262 -0.8094481009562405 0
1482 -0.6381502367740294 -0.335682671675968 0
1483 0.2600767591612571 0.3336419117523481 0
1484 -0.8906318747859953 -0.2792537124807797 0
1485 0.0140677542544727 -0.4350465451050943 0
1486 0.2297902677531742 -0.1076181799409929 0
1487 0.1492578958638275 -0.1062487302841461 0
1488 -0.9598040750898847 -0.3400645580846856 0
1489 -0.1231461058759851 0.3159702054142743 0
1490 -0.3578629934390207 -0.8099986436329445 0
1491 0.1664245702828435 -0.3184408580974804 0
1492 -0.6677226595880856 -0.226637549754465 0
1493 0.7889502253144242 0.8444083589728001 0
1494 -0.529647027510072 -0.3030466771396501 0
1495 -0.6614208204233671 -0.1072240612746714 0
1496 -0.5710285591764224 -0.6646709503574257 0
1497 -0.8152303823149929 -0.2622000444690517 0
1498 0.0682880228971306 -0.2657337450264497 0
1499 -0.3799863625335675 -0.6344282941818572 0
1500 -0.06790064968494428 -0.632134235830373 0
1501 0.8896986747228827 0.3432912507590817 0
1502 -0.2888536118145657 -0.7311799421607768 0
1503 -0.7944081755091276 -0.893051439380468 0
1504 0.9658238104520889 -0.9658238104522261 0
1505 0.5836444708592767 -0.855625814781375 0
1506 0.3778874094687311 0.9647943503368572 0
1507 -0.3405275980890031 0.1148521226879966 0
1508 -0.8365059722511803 -0.8987095865783717 0
1509 0.9699796679370851 0.3235294117628286 0
1510 -0.7829363506194313 0.5747115427337626 0
1511 0.6115653552931657 0.745140752473709 0
1512 0.2958454022594155 -0.6651638000089888 0
1513 -0.16483569398002 -0.7101383203591813 0
1514 0.4417185310226842 -0.5009540647291597 0
1515 0.4598575104241599 0.5630714038805772 0
1516 -0.2013114305842546 -0.9641664823044428 0
1517 -0.7603646454272091 0.433192397430068 0
1518 -0.270866498478861 -0.8013436170666963 0
1519 -0.2927076063775373 0.7535435327665849 0
1520 0.4276900084397713 -0.5391071952599032 0
1521 0.5512425878204155 -0.564603155013889 0
1522 -0.2406288656377866 -0.6808232943721383 0
1523 -0.1512352785686431 -0.8199228375412986 0
1524 0.6803426648750673 0.06650634471560141 0
1525 0.9608999504828268 0.4224290289034242 0
1526 0.01090517384787704 -0.711080905531971 0
1527 -0.4867474167850825 -0.504764893537416 0
1528 -0.623743696082136 -0.0535198395088286 0
1529 0.4251253165448584 0.906393052489376 0
1530 0.2253452572670624 0.1553730893612858 0
1531 -0.8076527544985016 0.8171989312537805 0
1532 0.01530083813809752 -0.386104139874711 0
1533 -0.8347191411576835 -0.04600658052892362 0
1534 0.1818340418312611 -0.671955322678903 0
1535 0.7504369200313922 -0.3759201291612541 0
1536 0.5662349656437131 0.4424355756964496 0
1537 0.1880283595218429 0.8458999050710772 0
1538 0.8505947599934682 0.2811452240027092 0
1539 0.09266138169649873 0.5977234102116311 0
1540 0.3883483099955788 0.2121593641262517 0
1541 0.3886420444087307 0.4176550864801085 0
1542 0.1625404679062074 -0.2693080601008436 0
1543 0.2244634505720509 0.625169797399279 0
1544 -0.01135580059568722 0.6841991517367032 0
1545 0.6999518429138407 -0.1566425568390084 0
$EndNodes
$Elements
3094
1 1 2 10 1 1 11
2 1 2 10 1 11 12
3 1 2 10 1 12 13
4 1 2 10 1 13 14
5 1 2 10 1 14 15
6 1 2 10 1 15 16
7 1 2 10 1 16 17
8 1 2 10 1 17 18
9 1 2 10 1 18 19
10 1 2 10 1 19 20
11 1 2 10 1 20 21
12 1 2 10 1 21 22
13 1 2 10 1 22 23
14 1 2 10 1 23 24
15 1 2 10 1 24 25
16 1 2 10 1 25 26
17 1 2 10 1 26 27
18 1 2 10 1 27 28
19 1 2 10 1 28 29
20 1 2 10 1 29 30
21 1 2 10 1 30 31
22 1 2 10 1 31 32
23 1 2 10 1 32 33
24 1 2 10 1 33 34
25 1 2 10 1 34 35
26 1 2 10 1 35 36
27 1 2 10 1 36 37
28 1 2 10 1 37 38
29 1 2 10 1 38 39
30 1 2 10 1 39 40
31 1 2 10 1 40 41
32 1 2 10 1 41 42
33 1 2 10 1 42 43
34 1 2 10 1 43 2
35 1 2 11 2 2 44
36 1 2 11 2 44 45
37 1 2 11 2 45 46
38 1 2 11 2 46 47
39 1 2 11 2 47 48
40 1 2 11 2 48 49
41 1 2 11 2 49 50
42 1 2 11 2 50 51
43 1 2 11 2 51 52
44 1 2 11 2 52 53
45 1 2 11 2 53 54
46 1 2 11 2 54 55
47 1 2 11 2 55 56
48 1 2 11 2 56 57
49 1 2 11 2 57 58
50 1 2 11 2 58 59
51 1 2 11 2 59 60
52 1 2 11 2 60 61
53 1 2 11 2 61 62
54 1 2 11 2 62 63
55 1 2 11 2 63 64
56 1 2 11 2 64 65
57 1 2 11 2 65 66
58 1 2 11 2 66 67
59 1 2 11 2 67 68
60 1 2 11 2 68 69
61 1 2 11 2 69 70
62 1 2 11 2 70 71
63 1 2 11 2 71 72
64 1 2 11 2 72 73
65 1 2 11 2 73 74
66 1 2 11 2 74 75
67 1 2 11 2 75 76
68 1 2 11 2 76 3
69 1 2 12 3 3 77
70 1 2 12 3 77 78
71 1 2 12 3 78 79
72 1 2 12 3 79 80
73 1 2 12 3 80 81
74 1 2 12 3 81 82
75 1 2 12 3 82 83
76 1 2 12 3 83 84
77 1 2 12 3 84 85
78 1 2 12 3 85 86
79 1 2 12 3 86 87
80 1 2 12 3 87 88
81 1 2 12 3 88 89
82 1 2 12 3 89 90
83 1 2 12 3 90 91
84 1 2 12 3 91 92
85 1 2 12 3 92 93
86 1 2 12 3 93 94
87 1 2 12 3 94 95
88 1 2 12 3 95 96
89 1 2 12 3 96 97
90 1 2 12 3 97 98
91 1 2 12 3 98 99
92 1 2 12 3 99 100
93 1 2 12 3 100 101
94 1 2 12 3 101 102
95 1 2 12 3 102 103
96 1 2 12 3 103 104
97 1 2 12 3 104 105
98 1 2 12 3 105 106
99 1 2 12 3 106 107
100 1 2 12 3 107 108
101 1 2 12 3 108 109
102 1 2 12 3 109 4
103 1 2 13 4 4 110
104 1 2 13 4 110 111
105 1 2 13 4 111 112
106 1 2 13 4 112 113
107 1 2 13 4 113 114
108 1 2 13 4 114 115
109 1 2 13 4 115 116
110 1 2 13 4 116 117
111 1 2 13 4 117 118
112 1 2 13 4 118 119
113 1 2 13 4 119 120
114 1 2 13 4 120 121
115 1 2 13 4 121 122
116 1 2 13 4 122 123
117 1 2 13 4 123 124
118 1 2 13 4 124 125
119 1 2 13 4 125 126
120 1 2 13 4 126 127
121 1 2 13 4 127 128
122 1 2 13 4 128 129
123 1 2 13 4 129 130
124 1 2 13 4 130 131
125 1 2 13 4 131 132
126 1 2 13 4 132 133
127 1 2 13 4 133 134
128 1 2 13 4 134 135
129 1 2 13 4 135 136
130 1 2 13 4 136 137
131 1 2 13 4 137 138
132 1 2 13 4 138 139
133 1 2 13 4 139 140
134 1 2 13 4 140 141
135 1 2 13 4 141 142
136 1 2 13 4 142 1
137 1 2 14 5 5 143
138 1 2 14 5 143 144
139 1 2 14 5 144 145
140 1 2 14 5 145 146
141 1 2 14 5 146 147
142 1 2 14 5 147 148
143 1 2 14 5 148 149
144 1 2 14 5 149 150
145 1 2 14 5 150 151
146 1 2 14 5 151 152
147 1 2 14 5 152 153
148 1 2 14 5 153 154
149 1 2 14 5 154 155
150 1 2 14 5 155 156
151 1 2 14 5 156 157
152 1 2 14 5 157 6
153 1 2 14 6 6 158
154 1 2 14 6 158 159
155 1 2 14 6 159 160
156 1 2 14 6 160 161
157 1 2 14 6 161 162
158 1 2 14 6 162 163
159 1 2 14 6 163 164
160 1 2 14 6 164 165
161 1 2 14 6 165 166
162 1 2 14 6 166 167
163 1 2 14 6 167 168
164 1 2 14 6 168 169
165 1 2 14 6 169 170
166 1 2 14 6 170 171
167 1 2 14 6 171 172
168 1 2 14 6 172 5
169 1 2 15 7 7 173
170 1 2 15 7 173 174
171 1 2 15 7 174 175
172 1 2 15 7 175 176
173 1 2 15 7 176 177
174 1 2 15 7 177 178
175 1 2 15 7 178 179
176 1 2 15 7 179 180
177 1 2 15 7 180 181
178 1 2 15 7 181 182
179 1 2 15 7 182 8
180 1 2 15 8 8 183
181 1 2 15 8 183 184
182 1 2 15 8 184 185
183 1 2 15 8 185 186
184 1 2 15 8 186 187
185 1 2 15 8 187 188
186 1 2 15 8 188 189
187 1 2 15 8 189 190
188 1 2 15 8 190 191
189 1 2 15 8 191 192
190 1 2 15 8 192 7
191 1 2 16 9 9 193
192 1 2 16 9 193 194
193 1 2 16 9 194 195
194 1 2 16 9 195 196
195 1 2 16 9 196 197
196 1 2 16 9 197 198
197 1 2 16 9 198 199
198 1 2 16 9 199 10
199 1 2 16 10 10 200
200 1 2 16 10 200 201
201 1 2 16 10 201 202
202 1 2 16 10 202 203
203 1 2 16 10 203 204
204 1 2 16 10 204 205
205 1 2 16 10 205 206
206 1 2 16 10 206 9
207 2 2 2 1 200 522 796
208 2 2 2 1 518 271 881
209 2 2 2 1 352 518 881
210 2 2 2 1 301 641 870
211 2 2 2 1 700 492 1398
212 2 2 2 1 492 1103 1398
213 2 2 2 1 222 599 966
214 2 2 2 1 520 266 838
215 2 2 2 1 522 200 1301
216 2 2 2 1 520 338 799
217 2 2 2 1 628 32 1047
218 2 2 2 1 591 622 1482
219 2 2 2 1 120 121 566
220 2 2 2 1 271 518 1023
221 2 2 2 1 334 1178 1182
222 2 2 2 1 515 274 750
223 2 2 2 1 31 32 628
224 2 2 2 1 340 559 794
225 2 2 2 1 370 516 1055
226 2 2 2 1 266 520 799
227 2 2 2 1 340 520 838
228 2 2 2 1 631 404 670
229 2 2 2 1 142 595 1031
230 2 2 2 1 176 175 617
231 2 2 2 1 274 515 1361
232 2 2 2 1 338 520 1196
233 2 2 2 1 293 579 655
234 2 2 2 1 221 544 908
235 2 2 2 1 371 603 757
236 2 2 2 1 288 555 1288
237 2 2 2 1 622 311 1482
238 2 2 2 1 518 352 822
239 2 2 2 1 516 370 1207
240 2 2 2 1 418 698 792
241 2 2 2 1 231 524 910
242 2 2 2 1 698 212 792
243 2 2 2 1 308 631 670
244 2 2 2 1 714 358 893
245 2 2 2 1 561 209 676
246 2 2 2 1 334 764 1178
247 2 2 2 1 539 276 689
248 2 2 2 1 471 714 893
249 2 2 2 1 318 531 753
250 2 2 2 1 520 340 1095
251 2 2 2 1 321 561 676
252 2 2 2 1 568 288 1288
253 2 2 2 1 524 231 1079
254 2 2 2 1 540 183 890
255 2 2 2 1 813 64 853
256 2 2 2 1 525 335 1131
257 2 2 2 1 233 765 1295
258 2 2 2 1 48 49 601
259 2 2 2 1 33 34 593
260 2 2 2 1 166 165 944
261 2 2 2 1 944 165 1174
262 2 2 2 1 574 237 728
263 2 2 2 1 225 607 1049
264 2 2 2 1 385 574 728
265 2 2 2 1 329 553 1099
266 2 2 2 1 607 1041 1254
267 2 2 2 1 613 417 1109
268 2 2 2 1 51 52 690
269 2 2 2 1 335 525 983
270 2 2 2 1 531 318 979
271 2 2 2 1 528 15 1330
272 2 2 2 1 978 310 1267
273 2 2 2 1 160 159 589
274 2 2 2 1 832 504 1085
275 2 2 2 1 659 313 705
276 2 2 2 1 314 607 1254
277 2 2 2 1 118 585 1067
278 2 2 2 1 250 531 1271
279 2 2 2 1 599 784 966
280 2 2 2 1 379 647 763
281 2 2 2 1 51 690 780
282 2 2 2 1 220 903 964
283 2 2 2 1 273 532 960
284 2 2 2 1 667 41 1074
285 2 2 2 1 611 197 644
286 2 2 2 1 13 567 885
287 2 2 2 1 532 372 960
288 2 2 2 1 577 286 1203
289 2 2 2 1 364 528 1275
290 2 2 2 1 41 42 1074
291 2 2 2 1 301 870 1221
292 2 2 2 1 594 250 929
293 2 2 2 1 338 529 799
294 2 2 2 1 610 322 675
295 2 2 2 1 589 159 1163
296 2 2 2 1 89 899 1225
297 2 2 2 1 528 364 827
298 2 2 2 1 789 22 1033
299 2 2 2 1 456 797 809
300 2 2 2 1 899 526 1225
301 2 2 2 1 394 594 929
302 2 2 2 1 797 330 809
303 2 2 2 1 322 618 675
304 2 2 2 1 544 221 719
305 2 2 2 1 214 657 915
306 2 2 2 1 710 432 929
307 2 2 2 1 309 617 894
308 2 2 2 1 529 338 935
309 2 2 2 1 765 546 1295
310 2 2 2 1 417 613 1002
311 2 2 2 1 48 601 825
312 2 2 2 1 532 273 1012
313 2 2 2 1 372 532 865
314 2 2 2 1 225 1049 1369
315 2 2 2 1 337 645 672
316 2 2 2 1 15 528 827
317 2 2 2 1 531 250 993
318 2 2 2 1 322 589 798
319 2 2 2 1 748 453 979
320 2 2 2 1 141 142 1031
321 2 2 2 1 359 552 858
322 2 2 2 1 304 842 1038
323 2 2 2 1 50 780 1117
324 2 2 2 1 923 645 1149
325 2 2 2 1 6 702 844
326 2 2 2 1 183 540 1035
327 2 2 2 1 741 457 978
328 2 2 2 1 645 211 672
329 2 2 2 1 772 227 1235
330 2 2 2 1 355 573 888
331 2 2 2 1 727 337 1468
332 2 2 2 1 850 497 948
333 2 2 2 1 590 373 890
334 2 2 2 1 666 440 968
335 2 2 2 1 589 322 1231
336 2 2 2 1 337 1274 1468
337 2 2 2 1 79 674 1093
338 2 2 2 1 233 652 765
339 2 2 2 1 669 252 793
340 2 2 2 1 220 588 903
341 2 2 2 1 389 845 1045
342 2 2 2 1 388 669 793
343 2 2 2 1 186 185 720
344 2 2 2 1 356 615 665
345 2 2 2 1 465 589 1163
346 2 2 2 1 548 978 1267
347 2 2 2 1 78 79 1093
348 2 2 2 1 267 850 948
349 2 2 2 1 214 640 1236
350 2 2 2 1 268 832 1085
351 2 2 2 1 227 772 1467
352 2 2 2 1 1016 214 1236
353 2 2 2 1 654 438 985
354 2 2 2 1 419 743 779
355 2 2 2 1 553 329 1144
356 2 2 2 1 833 116 1067
357 2 2 2 1 303 654 985
358 2 2 2 1 657 416 915
359 2 2 2 1 537 358 920
360 2 2 2 1 574 385 1019
361 2 2 2 1 743 331 779
362 2 2 2 1 202 201 624
363 2 2 2 1 618 322 798
364 2 2 2 1 487 797 1028
365 2 2 2 1 237 574 1306
366 2 2 2 1 358 537 901
367 2 2 2 1 788 350 882
368 2 2 2 1 357 565 860
369 2 2 2 1 615 550 1454
370 2 2 2 1 517 803 1243
371 2 2 2 1 579 361 880
372 2 2 2 1 322 627 1231
373 2 2 2 1 228 610 675
374 2 2 2 1 617 175 894
375 2 2 2 1 370 686 696
376 2 2 2 1 307 546 765
377 2 2 2 1 966 534 1408
378 2 2 2 1 547 240 790
379 2 2 2 1 686 329 696
380 2 2 2 1 460 788 882
381 2 2 2 1 324 747 752
382 2 2 2 1 171 170 643
383 2 2 2 1 223 615 1454
384 2 2 2 1 757 603 1148
385 2 2 2 1 198 611 839
386 2 2 2 1 281 586 1130
387 2 2 2 1 561 321 723
388 2 2 2 1 250 710 929
389 2 2 2 1 164 578 1174
390 2 2 2 1 158 6 844
391 2 2 2 1 33 593 1047
392 2 2 2 1 1157 544 1211
393 2 2 2 1 572 316 734
394 2 2 2 1 186 720 1162
395 2 2 2 1 684 246 897
396 2 2 2 1 543 208 872
397 2 2 2 1 316 572 744
398 2 2 2 1 420 684 897
399 2 2 2 1 166 944 1051
400 2 2 2 1 957 456 975
401 2 2 2 1 1198 697 1281
402 2 2 2 1 951 577 1342
403 2 2 2 1 648 323 1298
404 2 2 2 1 687 210 802
405 2 2 2 1 632 140 1031
406 2 2 2 1 498 949 1004
407 2 2 2 1 927 315 1206
408 2 2 2 1 138 951 1342
409 2 2 2 1 593 34 767
410 2 2 2 1 759 577 1203
411 2 2 2 1 208 543 911
412 2 2 2 1 251 548 1287
413 2 2 2 1 484 740 1226
414 2 2 2 1 557 276 990
415 2 2 2 1 222 966 1408
416 2 2 2 1 117 118 1067
417 2 2 2 1 747 408 752
418 2 2 2 1 850 267 1281
419 2 2 2 1 347 592 1416
420 2 2 2 1 251 741 978
421 2 2 2 1 198 197 611
422 2 2 2 1 691 68 808
423 2 2 2 1 120 566 1104
424 2 2 2 1 201 200 796
425 2 2 2 1 239 696 1007
426 2 2 2 1 319 637 1253
427 2 2 2 1 565 357 848
428 2 2 2 1 440 666 1172
429 2 2 2 1 58 59 616
430 2 2 2 1 390 688 807
431 2 2 2 1 566 279 1183
432 2 2 2 1 555 208 1180
433 2 2 2 1 288 630 1061
434 2 2 2 1 592 314 738
435 2 2 2 1 382 557 990
436 2 2 2 1 318 748 979
437 2 2 2 1 688 272 807
438 2 2 2 1 209 561 1315
439 2 2 2 1 412 628 1047
440 2 2 2 1 426 549 1022
441 2 2 2 1 589 465 798
442 2 2 2 1 850 502 876
443 2 2 2 1 641 81 870
444 2 2 2 1 444 566 1183
445 2 2 2 1 561 878 1315
446 2 2 2 1 563 282 756
447 2 2 2 1 634 477 861
448 2 2 2 1 127 128 613
449 2 2 2 1 1298 323 1443
450 2 2 2 1 611 378 839
451 2 2 2 1 310 978 1139
452 2 2 2 1 332 653 724
453 2 2 2 1 595 142 1352
454 2 2 2 1 470 755 922
455 2 2 2 1 717 478 1127
456 2 2 2 1 755 236 922
457 2 2 2 1 218 776 795
458 2 2 2 1 617 309 943
459 2 2 2 1 474 645 923
460 2 2 2 1 61 62 673
461 2 2 2 1 554 333 824
462 2 2 2 1 651 281 1105
463 2 2 2 1 442 699 875
464 2 2 2 1 240 547 891
465 2 2 2 1 341 850 876
466 2 2 2 1 868 967 1526
467 2 2 2 1 360 594 854
468 2 2 2 1 245 634 861
469 2 2 2 1 309 894 1269
470 2 2 2 1 333 554 801
471 2 2 2 1 776 422 795
472 2 2 2 1 744 112 1266
473 2 2 2 1 276 539 990
474 2 2 2 1 695 329 1099
475 2 2 2 1 637 804 1253
476 2 2 2 1 550 615 1409
477 2 2 2 1 595 319 1031
478 2 2 2 1 1314 718 1357
479 2 2 2 1 287 634 1242
480 2 2 2 1 451 766 962
481 2 2 2 1 860 1225 1312
482 2 2 2 1 549 426 1501
483 2 2 2 1 722 37 1024
484 2 2 2 1 360 906 993
485 2 2 2 1 699 254 875
486 2 2 2 1 107 734 1264
487 2 2 2 1 899 384 934
488 2 2 2 1 626 235 747
489 2 2 2 1 519 692 1063
490 2 2 2 1 282 563 1156
491 2 2 2 1 373 590 886
492 2 2 2 1 932 239 1007
493 2 2 2 1 526 899 934
494 2 2 2 1 556 333 1065
495 2 2 2 1 346 560 836
496 2 2 2 1 709 439 856
497 2 2 2 1 893 257 986
498 2 2 2 1 236 623 922
499 2 2 2 1 695 443 1007
500 2 2 2 1 590 299 886
501 2 2 2 1 201 796 1159
502 2 2 2 1 772 563 1467
503 2 2 2 1 601 351 825
504 2 2 2 1 601 485 971
505 2 2 2 1 38 39 629
506 2 2 2 1 763 647 1032
507 2 2 2 1 1130 586 1372
508 2 2 2 1 906 531 993
509 2 2 2 1 29 30 678
510 2 2 2 1 718 521 1357
511 2 2 2 1 548 251 978
512 2 2 2 1 622 591 1435
513 2 2 2 1 288 596 914
514 2 2 2 1 888 573 1034
515 2 2 2 1 71 553 1056
516 2 2 2 1 606 189 1233
517 2 2 2 1 815 452 1123
518 2 2 2 1 554 406 1068
519 2 2 2 1 868 269 967
520 2 2 2 1 290 1157 1211
521 2 2 2 1 1086 723 1168
522 2 2 2 1 546 307 926
523 2 2 2 1 394 813 853
524 2 2 2 1 1155 367 1376
525 2 2 2 1 319 595 885
526 2 2 2 1 751 459 984
527 2 2 2 1 229 603 997
528 2 2 2 1 122 840 887
529 2 2 2 1 552 359 884
530 2 2 2 1 674 401 762
531 2 2 2 1 566 444 1104
532 2 2 2 1 541 927 1206
533 2 2 2 1 353 674 762
534 2 2 2 1 167 166 1051
535 2 2 2 1 333 556 824
536 2 2 2 1 776 218 856
537 2 2 2 1 559 340 838
538 2 2 2 1 419 923 1149
539 2 2 2 1 697 502 1281
540 2 2 2 1 357 860 1312
541 2 2 2 1 583 317 751
542 2 2 2 1 584 172 1010
543 2 2 2 1 681 366 687
544 2 2 2 1 249 849 934
545 2 2 2 1 598 227 1005
546 2 2 2 1 583 224 1110
547 2 2 2 1 439 776 856
548 2 2 2 1 686 260 984
549 2 2 2 1 634 498 1242
550 2 2 2 1 573 355 1185
551 2 2 2 1 276 557 1106
552 2 2 2 1 780 485 1117
553 2 2 2 1 430 716 783
554 2 2 2 1 621 284 1291
555 2 2 2 1 673 62 1119
556 2 2 2 1 259 812 892
557 2 2 2 1 445 725 947
558 2 2 2 1 878 346 1315
559 2 2 2 1 574 1019 1116
560 2 2 2 1 728 365 749
561 2 2 2 1 659 705 1087
562 2 2 2 1 1118 354 1357
563 2 2 2 1 558 265 1436
564 2 2 2 1 385 728 749
565 2 2 2 1 508 621 1291
566 2 2 2 1 314 592 1262
567 2 2 2 1 805 347 1416
568 2 2 2 1 560 241 1462
569 2 2 2 1 514 772 1235
570 2 2 2 1 949 407 1004
571 2 2 2 1 740 484 1140
572 2 2 2 1 806 389 1045
573 2 2 2 1 783 362 830
574 2 2 2 1 300 609 727
575 2 2 2 1 603 304 997
576 2 2 2 1 309 661 943
577 2 2 2 1 903 448 964
578 2 2 2 1 812 473 892
579 2 2 2 1 553 71 1099
580 2 2 2 1 934 849 1312
581 2 2 2 1 682 392 911
582 2 2 2 1 430 783 830
583 2 2 2 1 555 288 1061
584 2 2 2 1 225 656 1041
585 2 2 2 1 593 412 1047
586 2 2 2 1 528 620 1136
587 2 2 2 1 686 984 1144
588 2 2 2 1 726 1129 1217
589 2 2 2 1 329 695 1007
590 2 2 2 1 568 254 831
591 2 2 2 1 351 601 971
592 2 2 2 1 766 210 962
593 2 2 2 1 1087 256 1512
594 2 2 2 1 256 826 1512
595 2 2 2 1 502 850 1281
596 2 2 2 1 68 69 808
597 2 2 2 1 406 554 917
598 2 2 2 1 692 433 1063
599 2 2 2 1 716 286 783
600 2 2 2 1 656 441 1041
601 2 2 2 1 367 863 1376
602 2 2 2 1 225 625 737
603 2 2 2 1 745 294 1339
604 2 2 2 1 319 632 1031
605 2 2 2 1 630 288 914
606 2 2 2 1 241 560 878
607 2 2 2 1 328 681 687
608 2 2 2 1 395 974 1114
609 2 2 2 1 50 51 780
610 2 2 2 1 916 510 956
611 2 2 2 1 26 27 706
612 2 2 2 1 677 1195 1227
613 2 2 2 1 560 346 878
614 2 2 2 1 971 485 1397
615 2 2 2 1 260 751 984
616 2 2 2 1 661 256 943
617 2 2 2 1 150 608 1146
618 2 2 2 1 710 453 908
619 2 2 2 1 116 117 1067
620 2 2 2 1 294 745 1314
621 2 2 2 1 672 400 900
622 2 2 2 1 1061 630 1244
623 2 2 2 1 632 374 1284
624 2 2 2 1 246 663 897
625 2 2 2 1 380 785 965
626 2 2 2 1 576 335 983
627 2 2 2 1 785 483 965
628 2 2 2 1 677 177 1195
629 2 2 2 1 597 362 783
630 2 2 2 1 140 141 1031
631 2 2 2 1 316 638 1232
632 2 2 2 1 997 304 1038
633 2 2 2 1 635 290 1211
634 2 2 2 1 312 710 908
635 2 2 2 1 153 621 1299
636 2 2 2 1 557 382 1033
637 2 2 2 1 317 691 808
638 2 2 2 1 208 555 1133
639 2 2 2 1 180 602 1089
640 2 2 2 1 36 37 722
641 2 2 2 1 315 927 1334
642 2 2 2 1 326 946 1288
643 2 2 2 1 615 223 1356
644 2 2 2 1 578 164 963
645 2 2 2 1 226 612 1053
646 2 2 2 1 678 30 940
647 2 2 2 1 335 576 1187
648 2 2 2 1 437 699 1009
649 2 2 2 1 235 700 747
650 2 2 2 1 417 916 956
651 2 2 2 1 291 613 1109
652 2 2 2 1 647 332 1125
653 2 2 2 1 286 577 945
654 2 2 2 1 265 558 1223
655 2 2 2 1 652 447 765
656 2 2 2 1 241 723 1086
657 2 2 2 1 160 589 1231
658 2 2 2 1 1110 224 1214
659 2 2 2 1 943 256 1338
660 2 2 2 1 842 462 1038
661 2 2 2 1 107 108 734
662 2 2 2 1 17 620 1330
663 2 2 2 1 706 27 822
664 2 2 2 1 208 622 1180
665 2 2 2 1 683 77 1093
666 2 2 2 1 515 976 1361
667 2 2 2 1 797 255 1028
668 2 2 2 1 580 99 1199
669 2 2 2 1 692 519 1530
670 2 2 2 1 111 112 744
671 2 2 2 1 324 626 747
672 2 2 2 1 907 1155 1455
673 2 2 2 1 446 635 909
674 2 2 2 1 577 374 945
675 2 2 2 1 698 343 823
676 2 2 2 1 950 126 1126
677 2 2 2 1 286 597 783
678 2 2 2 1 279 566 1044
679 2 2 2 1 299 590 1141
680 2 2 2 1 391 578 963
681 2 2 2 1 165 164 1174
682 2 2 2 1 636 209 1315
683 2 2 2 1 281 651 1026
684 2 2 2 1 897 663 1221
685 2 2 2 1 708 380 774
686 2 2 2 1 941 272 1003
687 2 2 2 1 1005 227 1469
688 2 2 2 1 803 341 1243
689 2 2 2 1 709 856 1070
690 2 2 2 1 288 568 1230
691 2 2 2 1 343 703 823
692 2 2 2 1 254 568 946
693 2 2 2 1 670 242 1094
694 2 2 2 1 124 125 680
695 2 2 2 1 802 210 1348
696 2 2 2 1 12 13 885
697 2 2 2 1 907 367 1155
698 2 2 2 1 1125 332 1442
699 2 2 2 1 566 121 887
700 2 2 2 1 579 293 1124
701 2 2 2 1 637 319 1508
702 2 2 2 1 266 717 1127
703 2 2 2 1 585 118 931
704 2 2 2 1 99 580 959
705 2 2 2 1 609 424 835
706 2 2 2 1 354 784 1357
707 2 2 2 1 1191 732 1193
708 2 2 2 1 400 672 942
709 2 2 2 1 725 253 947
710 2 2 2 1 730 334 1182
711 2 2 2 1 221 908 1296
712 2 2 2 1 471 893 986
713 2 2 2 1 498 634 949
714 2 2 2 1 60 955 1186
715 2 2 2 1 22 23 1033
716 2 2 2 1 620 361 1136
717 2 2 2 1 592 347 1262
718 2 2 2 1 454 732 1191
719 2 2 2 1 656 225 737
720 2 2 2 1 362 597 898
721 2 2 2 1 176 617 1195
722 2 2 2 1 43 713 1074
723 2 2 2 1 227 598 1235
724 2 2 2 1 612 305 817
725 2 2 2 1 803 517 1266
726 2 2 2 1 903 310 924
727 2 2 2 1 561 723 878
728 2 2 2 1 639 348 866
729 2 2 2 1 946 568 1288
730 2 2 2 1 617 461 1195
731 2 2 2 1 97 98 771
732 2 2 2 1 466 635 1211
733 2 2 2 1 489 666 968
734 2 2 2 1 517 744 1266
735 2 2 2 1 962 210 1090
736 2 2 2 1 672 211 942
737 2 2 2 1 773 376 939
738 2 2 2 1 567 13 1160
739 2 2 2 1 699 308 1009
740 2 2 2 1 730 1182 1478
741 2 2 2 1 679 324 1037
742 2 2 2 1 333 605 1065
743 2 2 2 1 724 96 1154
744 2 2 2 1 1129 283 1217
745 2 2 2 1 302 640 818
746 2 2 2 1 9 581 1081
747 2 2 2 1 295 571 1008
748 2 2 2 1 628 412 1263
749 2 2 2 1 1404 788 1536
750 2 2 2 1 349 775 988
751 2 2 2 1 796 522 1165
752 2 2 2 1 794 512 1427
753 2 2 2 1 948 393 989
754 2 2 2 1 544 719 1211
755 2 2 2 1 627 161 1231
756 2 2 2 1 533 941 1003
757 2 2 2 1 631 308 1270
758 2 2 2 1 654 187 1162
759 2 2 2 1 842 261 877
760 2 2 2 1 734 512 1264
761 2 2 2 1 771 98 959
762 2 2 2 1 350 788 1404
763 2 2 2 1 974 523 1114
764 2 2 2 1 640 362 818
765 2 2 2 1 597 234 898
766 2 2 2 1 571 295 938
767 2 2 2 1 284 621 1036
768 2 2 2 1 462 842 877
769 2 2 2 1 431 651 1105
770 2 2 2 1 724 653 1432
771 2 2 2 1 739 370 1152
772 2 2 2 1 230 743 769
773 2 2 2 1 588 220 1184
774 2 2 2 1 834 420 897
775 2 2 2 1 621 407 1036
776 2 2 2 1 530 739 1152
777 2 2 2 1 467 834 897
778 2 2 2 1 172 584 1517
779 2 2 2 1 189 188 1233
780 2 2 2 1 361 579 1124
781 2 2 2 1 634 287 1323
782 2 2 2 1 836 560 1205
783 2 2 2 1 376 883 939
784 2 2 2 1 842 304 1307
785 2 2 2 1 584 1010 1240
786 2 2 2 1 604 363 1048
787 2 2 2 1 81 82 870
788 2 2 2 1 599 222 1313
789 2 2 2 1 649 1108 1371
790 2 2 2 1 366 574 1116
791 2 2 2 1 263 618 798
792 2 2 2 1 174 173 668
793 2 2 2 1 574 366 1306
794 2 2 2 1 21 22 789
795 2 2 2 1 832 268 1161
796 2 2 2 1 665 615 1356
797 2 2 2 1 643 170 1077
798 2 2 2 1 277 836 1205
799 2 2 2 1 95 96 724
800 2 2 2 1 294 784 1339
801 2 2 2 1 758 483 1015
802 2 2 2 1 512 794 1264
803 2 2 2 1 395 957 975
804 2 2 2 1 1165 522 1415
805 2 2 2 1 598 409 846
806 2 2 2 1 228 1014 1032
807 2 2 2 1 774 243 1100
808 2 2 2 1 603 371 1268
809 2 2 2 1 337 727 769
810 2 2 2 1 296 758 1015
811 2 2 2 1 743 419 769
812 2 2 2 1 528 1136 1275
813 2 2 2 1 596 288 1230
814 2 2 2 1 657 214 1401
815 2 2 2 1 1071 326 1435
816 2 2 2 1 624 201 1159
817 2 2 2 1 339 612 817
818 2 2 2 1 413 685 1025
819 2 2 2 1 649 434 1108
820 2 2 2 1 63 64 813
821 2 2 2 1 842 474 923
822 2 2 2 1 640 214 830
823 2 2 2 1 590 890 1434
824 2 2 2 1 393 811 989
825 2 2 2 1 178 177 677
826 2 2 2 1 663 383 905
827 2 2 2 1 284 757 1291
828 2 2 2 1 261 842 923
829 2 2 2 1 436 716 1085
830 2 2 2 1 42 43 1074
831 2 2 2 1 411 658 930
832 2 2 2 1 456 707 975
833 2 2 2 1 757 562 1291
834 2 2 2 1 301 663 905
835 2 2 2 1 224 583 1113
836 2 2 2 1 790 240 954
837 2 2 2 1 283 593 1122
838 2 2 2 1 374 577 951
839 2 2 2 1 350 600 882
840 2 2 2 1 635 236 909
841 2 2 2 1 594 394 1538
842 2 2 2 1 77 78 1093
843 2 2 2 1 629 39 810
844 2 2 2 1 994 428 1177
845 2 2 2 1 1037 324 1527
846 2 2 2 1 1232 638 1531
847 2 2 2 1 277 815 1123
848 2 2 2 1 784 599 1339
849 2 2 2 1 347 607 1262
850 2 2 2 1 212 576 983
851 2 2 2 1 580 386 959
852 2 2 2 1 581 9 1037
853 2 2 2 1 440 1130 1372
854 2 2 2 1 425 722 1024
855 2 2 2 1 794 559 1387
856 2 2 2 1 386 580 1320
857 2 2 2 1 429 602 1156
858 2 2 2 1 1491 173 1542
859 2 2 2 1 414 667 770
860 2 2 2 1 374 951 1284
861 2 2 2 1 614 244 1461
862 2 2 2 1 349 988 1447
863 2 2 2 1 247 642 847
864 2 2 2 1 392 682 928
865 2 2 2 1 15 16 1330
866 2 2 2 1 1103 289 1398
867 2 2 2 1 822 28 1251
868 2 2 2 1 602 282 1156
869 2 2 2 1 387 583 952
870 2 2 2 1 600 350 864
871 2 2 2 1 348 639 1428
872 2 2 2 1 576 212 1327
873 2 2 2 1 642 410 867
874 2 2 2 1 730 427 768
875 2 2 2 1 243 961 1100
876 2 2 2 1 620 17 880
877 2 2 2 1 171 643 1010
878 2 2 2 1 637 234 804
879 2 2 2 1 1214 736 1355
880 2 2 2 1 10 199 1424
881 2 2 2 1 362 640 830
882 2 2 2 1 593 283 1129
883 2 2 2 1 792 339 817
884 2 2 2 1 671 905 1470
885 2 2 2 1 322 610 1278
886 2 2 2 1 1178 508 1182
887 2 2 2 1 596 217 1256
888 2 2 2 1 340 650 1095
889 2 2 2 1 600 207 882
890 2 2 2 1 412 593 1129
891 2 2 2 1 729 229 997
892 2 2 2 1 840 403 887
893 2 2 2 1 418 792 817
894 2 2 2 1 819 46 1166
895 2 2 2 1 740 331 1137
896 2 2 2 1 250 594 993
897 2 2 2 1 519 962 1090
898 2 2 2 1 583 387 1113
899 2 2 2 1 310 636 924
900 2 2 2 1 138 139 951
901 2 2 2 1 451 732 766
902 2 2 2 1 217 596 1419
903 2 2 2 1 1085 716 1426
904 2 2 2 1 586 281 1026
905 2 2 2 1 690 327 780
906 2 2 2 1 682 244 928
907 2 2 2 1 535 994 1177
908 2 2 2 1 478 717 1300
909 2 2 2 1 173 7 1542
910 2 2 2 1 307 668 1080
911 2 2 2 1 1274 538 1468
912 2 2 2 1 905 530 1470
913 2 2 2 1 620 528 1330
914 2 2 2 1 892 386 918
915 2 2 2 1 667 368 770
916 2 2 2 1 207 600 901
917 2 2 2 1 721 169 935
918 2 2 2 1 578 391 1297
919 2 2 2 1 21 789 1057
920 2 2 2 1 795 1120 1282
921 2 2 2 1 449 895 1179
922 2 2 2 1 345 660 861
923 2 2 2 1 781 10 1424
924 2 2 2 1 375 644 1522
925 2 2 2 1 600 358 901
926 2 2 2 1 496 950 1126
927 2 2 2 1 317 583 1110
928 2 2 2 1 664 296 1015
929 2 2 2 1 625 225 1369
930 2 2 2 1 670 1094 1290
931 2 2 2 1 1179 895 1183
932 2 2 2 1 682 911 1332
933 2 2 2 1 619 143 1115
934 2 2 2 1 143 619 1383
935 2 2 2 1 602 180 996
936 2 2 2 1 499 832 1161
937 2 2 2 1 432 673 1119
938 2 2 2 1 302 818 976
939 2 2 2 1 700 408 747
940 2 2 2 1 504 832 1437
941 2 2 2 1 382 789 1033
942 2 2 2 1 410 664 1015
943 2 2 2 1 124 680 1153
944 2 2 2 1 189 606 1021
945 2 2 2 1 922 623 1272
946 2 2 2 1 448 903 924
947 2 2 2 1 683 353 1354
948 2 2 2 1 797 487 1363
949 2 2 2 1 290 635 1238
950 2 2 2 1 183 8 890
951 2 2 2 1 1301 781 1428
952 2 2 2 1 671 301 905
953 2 2 2 1 594 360 993
954 2 2 2 1 1167 801 1273
955 2 2 2 1 606 385 1021
956 2 2 2 1 161 627 858
957 2 2 2 1 611 644 1513
958 2 2 2 1 361 620 880
959 2 2 2 1 449 619 1115
960 2 2 2 1 615 356 1078
961 2 2 2 1 638 316 1413
962 2 2 2 1 669 305 913
963 2 2 2 1 999 507 1339
964 2 2 2 1 666 257 1172
965 2 2 2 1 386 791 918
966 2 2 2 1 236 635 1239
967 2 2 2 1 353 762 1303
968 2 2 2 1 818 482 976
969 2 2 2 1 635 466 1239
970 2 2 2 1 184 604 1048
971 2 2 2 1 613 128 1002
972 2 2 2 1 434 649 1345
973 2 2 2 1 231 658 1079
974 2 2 2 1 789 382 896
975 2 2 2 1 1097 962 1392
976 2 2 2 1 218 795 1282
977 2 2 2 1 1108 219 1371
978 2 2 2 1 326 1071 1494
979 2 2 2 1 708 351 971
980 2 2 2 1 734 316 1232
981 2 2 2 1 597 286 945
982 2 2 2 1 451 962 1097
983 2 2 2 1 616 446 1111
984 2 2 2 1 616 59 1186
985 2 2 2 1 627 359 858
986 2 2 2 1 421 789 896
987 2 2 2 1 72 73 695
988 2 2 2 1 518 678 1023
989 2 2 2 1 195 194 718
990 2 2 2 1 304 603 1268
991 2 2 2 1 908 544 1310
992 2 2 2 1 740 192 1226
993 2 2 2 1 1131 335 1544
994 2 2 2 1 700 235 1158
995 2 2 2 1 34 35 767
996 2 2 2 1 545 1110 1214
997 2 2 2 1 807 576 1327
998 2 2 2 1 531 979 1271
999 2 2 2 1 16 17 1330
1000 2 2 2 1 779 1140 1316
1001 2 2 2 1 211 646 869
1002 2 2 2 1 154 153 1299
1003 2 2 2 1 228 675 1014
1004 2 2 2 1 409 598 1128
1005 2 2 2 1 642 342 847
1006 2 2 2 1 607 314 1262
1007 2 2 2 1 397 761 1169
1008 2 2 2 1 485 601 1117
1009 2 2 2 1 296 629 1082
1010 2 2 2 1 446 616 1238
1011 2 2 2 1 740 1137 1542
1012 2 2 2 1 38 629 1024
1013 2 2 2 1 1010 643 1510
1014 2 2 2 1 58 616 1111
1015 2 2 2 1 390 807 1327
1016 2 2 2 1 762 932 1303
1017 2 2 2 1 31 628 940
1018 2 2 2 1 480 1214 1355
1019 2 2 2 1 376 628 883
1020 2 2 2 1 452 815 1040
1021 2 2 2 1 955 503 1186
1022 2 2 2 1 702 325 844
1023 2 2 2 1 453 748 1296
1024 2 2 2 1 864 587 1172
1025 2 2 2 1 790 954 1220
1026 2 2 2 1 601 49 1117
1027 2 2 2 1 781 348 1428
1028 2 2 2 1 305 612 913
1029 2 2 2 1 282 602 1170
1030 2 2 2 1 646 371 869
1031 2 2 2 1 234 597 1210
1032 2 2 2 1 604 184 1035
1033 2 2 2 1 709 344 851
1034 2 2 2 1 215 888 1034
1035 2 2 2 1 596 831 1419
1036 2 2 2 1 967 536 1526
1037 2 2 2 1 599 999 1339
1038 2 2 2 1 1329 375 1518
1039 2 2 2 1 257 666 986
1040 2 2 2 1 353 711 1354
1041 2 2 2 1 358 600 1515
1042 2 2 2 1 693 354 1066
1043 2 2 2 1 1025 527 1084
1044 2 2 2 1 492 700 1158
1045 2 2 2 1 359 627 1278
1046 2 2 2 1 768 427 1028
1047 2 2 2 1 603 229 1148
1048 2 2 2 1 743 230 1246
1049 2 2 2 1 235 626 1374
1050 2 2 2 1 359 1278 1285
1051 2 2 2 1 317 808 1321
1052 2 2 2 1 151 150 1146
1053 2 2 2 1 473 724 1154
1054 2 2 2 1 613 291 1433
1055 2 2 2 1 101 102 701
1056 2 2 2 1 187 186 1162
1057 2 2 2 1 612 226 1201
1058 2 2 2 1 697 338 1196
1059 2 2 2 1 375 925 1518
1060 2 2 2 1 686 370 1055
1061 2 2 2 1 640 302 1236
1062 2 2 2 1 621 508 1299
1063 2 2 2 1 610 228 1406
1064 2 2 2 1 1010 405 1240
1065 2 2 2 1 311 656 1292
1066 2 2 2 1 369 679 1286
1067 2 2 2 1 1027 559 1127
1068 2 2 2 1 626 324 1390
1069 2 2 2 1 398 1198 1281
1070 2 2 2 1 602 429 1089
1071 2 2 2 1 376 678 940
1072 2 2 2 1 953 631 1270
1073 2 2 2 1 605 333 1167
1074 2 2 2 1 74 75 711
1075 2 2 2 1 477 634 1323
1076 2 2 2 1 946 326 1494
1077 2 2 2 1 672 900 1274
1078 2 2 2 1 787 216 1059
1079 2 2 2 1 858 552 1441
1080 2 2 2 1 249 703 987
1081 2 2 2 1 424 609 1188
1082 2 2 2 1 344 731 851
1083 2 2 2 1 527 867 1084
1084 2 2 2 1 397 630 914
1085 2 2 2 1 45 46 819
1086 2 2 2 1 438 720 821
1087 2 2 2 1 405 1010 1510
1088 2 2 2 1 381 608 1121
1089 2 2 2 1 609 300 1188
1090 2 2 2 1 169 168 935
1091 2 2 2 1 641 401 1411
1092 2 2 2 1 867 216 1084
1093 2 2 2 1 156 155 764
1094 2 2 2 1 512 734 1232
1095 2 2 2 1 607 225 1041
1096 2 2 2 1 608 381 1439
1097 2 2 2 1 649 297 848
1098 2 2 2 1 333 801 1167
1099 2 2 2 1 831 437 1419
1100 2 2 2 1 461 617 943
1101 2 2 2 1 703 390 823
1102 2 2 2 1 720 363 821
1103 2 2 2 1 481 745 925
1104 2 2 2 1 363 604 1008
1105 2 2 2 1 311 622 919
1106 2 2 2 1 717 402 937
1107 2 2 2 1 1040 815 1343
1108 2 2 2 1 368 713 1448
1109 2 2 2 1 27 28 822
1110 2 2 2 1 351 708 774
1111 2 2 2 1 328 687 802
1112 2 2 2 1 393 1067 1362
1113 2 2 2 1 518 822 1251
1114 2 2 2 1 1025 685 1521
1115 2 2 2 1 244 682 1461
1116 2 2 2 1 871 442 875
1117 2 2 2 1 257 864 1172
1118 2 2 2 1 807 486 1187
1119 2 2 2 1 1278 610 1285
1120 2 2 2 1 312 908 1310
1121 2 2 2 1 628 376 940
1122 2 2 2 1 627 322 1278
1123 2 2 2 1 837 147 1367
1124 2 2 2 1 369 871 875
1125 2 2 2 1 652 233 863
1126 2 2 2 1 478 1027 1127
1127 2 2 2 1 607 347 1049
1128 2 2 2 1 852 375 1522
1129 2 2 2 1 342 795 847
1130 2 2 2 1 122 123 840
1131 2 2 2 1 385 606 1019
1132 2 2 2 1 320 717 937
1133 2 2 2 1 253 704 947
1134 2 2 2 1 361 750 1136
1135 2 2 2 1 467 897 1221
1136 2 2 2 1 680 445 1153
1137 2 2 2 1 732 330 766
1138 2 2 2 1 795 422 847
1139 2 2 2 1 334 730 768
1140 2 2 2 1 843 525 1131
1141 2 2 2 1 202 624 995
1142 2 2 2 1 621 153 1102
1143 2 2 2 1 761 954 1169
1144 2 2 2 1 56 57 760
1145 2 2 2 1 991 103 1027
1146 2 2 2 1 248 709 851
1147 2 2 2 1 479 997 1038
1148 2 2 2 1 704 403 947
1149 2 2 2 1 482 818 898
1150 2 2 2 1 591 1071 1435
1151 2 2 2 1 632 319 1253
1152 2 2 2 1 612 339 1053
1153 2 2 2 1 768 255 1114
1154 2 2 2 1 342 642 1317
1155 2 2 2 1 127 613 1126
1156 2 2 2 1 657 493 889
1157 2 2 2 1 619 406 1383
1158 2 2 2 1 199 198 839
1159 2 2 2 1 635 446 1238
1160 2 2 2 1 356 665 1351
1161 2 2 2 1 179 178 1177
1162 2 2 2 1 636 346 924
1163 2 2 2 1 625 289 1103
1164 2 2 2 1 469 659 1087
1165 2 2 2 1 321 676 904
1166 2 2 2 1 704 406 1092
1167 2 2 2 1 263 843 1131
1168 2 2 2 1 608 150 1121
1169 2 2 2 1 660 245 861
1170 2 2 2 1 1066 354 1118
1171 2 2 2 1 618 263 1131
1172 2 2 2 1 244 614 1360
1173 2 2 2 1 883 628 1263
1174 2 2 2 1 1067 585 1362
1175 2 2 2 1 360 676 906
1176 2 2 2 1 374 632 1253
1177 2 2 2 1 819 368 1448
1178 2 2 2 1 140 632 1284
1179 2 2 2 1 446 909 1429
1180 2 2 2 1 346 636 1315
1181 2 2 2 1 623 236 1239
1182 2 2 2 1 743 1246 1498
1183 2 2 2 1 403 704 1446
1184 2 2 2 1 289 625 1073
1185 2 2 2 1 619 449 1179
1186 2 2 2 1 319 885 1508
1187 2 2 2 1 1257 488 1420
1188 2 2 2 1 352 706 822
1189 2 2 2 1 655 20 1057
1190 2 2 2 1 476 714 1091
1191 2 2 2 1 373 886 922
1192 2 2 2 1 161 160 1231
1193 2 2 2 1 634 245 949
1194 2 2 2 1 488 837 1420
1195 2 2 2 1 579 880 1438
1196 2 2 2 1 289 657 889
1197 2 2 2 1 169 721 1077
1198 2 2 2 1 984 459 1056
1199 2 2 2 1 553 984 1056
1200 2 2 2 1 494 819 1166
1201 2 2 2 1 650 340 1427
1202 2 2 2 1 53 54 778
1203 2 2 2 1 457 741 1309
1204 2 2 2 1 598 1005 1128
1205 2 2 2 1 657 289 1073
1206 2 2 2 1 255 797 957
1207 2 2 2 1 432 710 1219
1208 2 2 2 1 691 317 1060
1209 2 2 2 1 749 365 902
1210 2 2 2 1 457 753 1277
1211 2 2 2 1 419 779 923
1212 2 2 2 1 426 691 1060
1213 2 2 2 1 495 800 1005
1214 2 2 2 1 684 297 1403
1215 2 2 2 1 797 456 957
1216 2 2 2 1 1005 327 1128
1217 2 2 2 1 787 1059 1474
1218 2 2 2 1 886 470 922
1219 2 2 2 1 261 779 1316
1220 2 2 2 1 651 387 1026
1221 2 2 2 1 629 296 1142
1222 2 2 2 1 224 736 1214
1223 2 2 2 1 735 377 815
1224 2 2 2 1 297 649 1403
1225 2 2 2 1 212 698 823
1226 2 2 2 1 800 327 1005
1227 2 2 2 1 1014 486 1032
1228 2 2 2 1 548 985 1287
1229 2 2 2 1 277 735 815
1230 2 2 2 1 398 643 1077
1231 2 2 2 1 1160 364 1503
1232 2 2 2 1 836 448 924
1233 2 2 2 1 1024 629 1142
1234 2 2 2 1 406 619 1092
1235 2 2 2 1 774 380 965
1236 2 2 2 1 298 754 1040
1237 2 2 2 1 211 645 1302
1238 2 2 2 1 181 180 1089
1239 2 2 2 1 772 299 1141
1240 2 2 2 1 753 457 1309
1241 2 2 2 1 1177 178 1514
1242 2 2 2 1 413 1025 1084
1243 2 2 2 1 416 657 1073
1244 2 2 2 1 602 996 1170
1245 2 2 2 1 779 261 923
1246 2 2 2 1 346 836 924
1247 2 2 2 1 754 452 1040
1248 2 2 2 1 675 618 1544
1249 2 2 2 1 407 621 1102
1250 2 2 2 1 770 368 961
1251 2 2 2 1 645 474 1302
1252 2 2 2 1 630 397 1169
1253 2 2 2 1 348 862 866
1254 2 2 2 1 884 1285 1324
1255 2 2 2 1 813 394 929
1256 2 2 2 1 432 813 929
1257 2 2 2 1 182 181 816
1258 2 2 2 1 343 698 828
1259 2 2 2 1 674 353 1093
1260 2 2 2 1 481 925 1502
1261 2 2 2 1 827 364 1160
1262 2 2 2 1 24 25 855
1263 2 2 2 1 658 231 1399
1264 2 2 2 1 581 1046 1081
1265 2 2 2 1 92 93 746
1266 2 2 2 1 742 364 1275
1267 2 2 2 1 493 657 1401
1268 2 2 2 1 378 611 1189
1269 2 2 2 1 622 208 1492
1270 2 2 2 1 1258 668 1261
1271 2 2 2 1 443 695 1134
1272 2 2 2 1 363 720 1048
1273 2 2 2 1 646 304 1268
1274 2 2 2 1 661 309 912
1275 2 2 2 1 587 864 1404
1276 2 2 2 1 556 837 1367
1277 2 2 2 1 1046 468 1081
1278 2 2 2 1 7 192 740
1279 2 2 2 1 236 755 909
1280 2 2 2 1 655 579 1325
1281 2 2 2 1 295 1008 1280
1282 2 2 2 1 692 270 1088
1283 2 2 2 1 930 658 1399
1284 2 2 2 1 241 788 1462
1285 2 2 2 1 403 840 947
1286 2 2 2 1 678 376 1023
1287 2 2 2 1 651 431 1378
1288 2 2 2 1 187 654 933
1289 2 2 2 1 845 247 1045
1290 2 2 2 1 840 445 947
1291 2 2 2 1 431 1086 1168
1292 2 2 2 1 433 692 1088
1293 2 2 2 1 463 661 1308
1294 2 2 2 1 408 889 998
1295 2 2 2 1 234 637 1018
1296 2 2 2 1 729 328 1192
1297 2 2 2 1 760 57 1111
1298 2 2 2 1 384 874 1003
1299 2 2 2 1 404 631 1208
1300 2 2 2 1 754 433 1098
1301 2 2 2 1 668 173 1491
1302 2 2 2 1 874 533 1003
1303 2 2 2 1 653 379 1064
1304 2 2 2 1 633 305 1101
1305 2 2 2 1 630 240 1244
1306 2 2 2 1 1259 777 1323
1307 2 2 2 1 565 848 1529
1308 2 2 2 1 24 855 1516
1309 2 2 2 1 1252 573 1481
1310 2 2 2 1 1008 604 1280
1311 2 2 2 1 495 841 1072
1312 2 2 2 1 447 1258 1261
1313 2 2 2 1 841 336 1072
1314 2 2 2 1 777 477 1323
1315 2 2 2 1 547 790 1257
1316 2 2 2 1 1072 558 1436
1317 2 2 2 1 305 633 1058
1318 2 2 2 1 356 1351 1461
1319 2 2 2 1 353 683 1093
1320 2 2 2 1 643 398 972
1321 2 2 2 1 240 630 1169
1322 2 2 2 1 973 302 976
1323 2 2 2 1 862 509 866
1324 2 2 2 1 388 793 829
1325 2 2 2 1 889 493 998
1326 2 2 2 1 720 438 1162
1327 2 2 2 1 94 653 1064
1328 2 2 2 1 547 1257 1412
1329 2 2 2 1 828 1247 1336
1330 2 2 2 1 507 745 1339
1331 2 2 2 1 1201 809 1293
1332 2 2 2 1 255 768 1028
1333 2 2 2 1 515 973 976
1334 2 2 2 1 590 816 1141
1335 2 2 2 1 148 147 837
1336 2 2 2 1 209 636 1277
1337 2 2 2 1 213 739 981
1338 2 2 2 1 662 85 1389
1339 2 2 2 1 200 10 1301
1340 2 2 2 1 996 428 1170
1341 2 2 2 1 728 237 1013
1342 2 2 2 1 644 197 1522
1343 2 2 2 1 669 913 1191
1344 2 2 2 1 1044 403 1446
1345 2 2 2 1 646 211 1302
1346 2 2 2 1 366 681 1306
1347 2 2 2 1 699 437 1465
1348 2 2 2 1 768 1114 1341
1349 2 2 2 1 618 1131 1544
1350 2 2 2 1 226 1053 1370
1351 2 2 2 1 636 310 1139
1352 2 2 2 1 843 490 1053
1353 2 2 2 1 999 575 1124
1354 2 2 2 1 206 679 1037
1355 2 2 2 1 972 267 989
1356 2 2 2 1 660 435 1176
1357 2 2 2 1 884 359 1285
1358 2 2 2 1 581 1037 1527
1359 2 2 2 1 649 848 1345
1360 2 2 2 1 393 833 1067
1361 2 2 2 1 871 369 1286
1362 2 2 2 1 641 301 1190
1363 2 2 2 1 676 209 906
1364 2 2 2 1 293 999 1124
1365 2 2 2 1 245 660 1176
1366 2 2 2 1 864 350 1404
1367 2 2 2 1 1080 668 1491
1368 2 2 2 1 339 843 1053
1369 2 2 2 1 676 360 904
1370 2 2 2 1 1059 380 1223
1371 2 2 2 1 395 702 1248
1372 2 2 2 1 296 664 1142
1373 2 2 2 1 324 679 1390
1374 2 2 2 1 860 565 1506
1375 2 2 2 1 61 673 955
1376 2 2 2 1 464 733 937
1377 2 2 2 1 647 228 1032
1378 2 2 2 1 987 703 1431
1379 2 2 2 1 972 989 1510
1380 2 2 2 1 702 395 975
1381 2 2 2 1 656 737 1292
1382 2 2 2 1 1019 270 1116
1383 2 2 2 1 576 807 1187
1384 2 2 2 1 178 677 1514
1385 2 2 2 1 332 647 1328
1386 2 2 2 1 325 702 975
1387 2 2 2 1 304 646 1307
1388 2 2 2 1 511 868 888
1389 2 2 2 1 647 379 1328
1390 2 2 2 1 653 332 1328
1391 2 2 2 1 754 1098 1540
1392 2 2 2 1 656 311 1451
1393 2 2 2 1 401 641 1190
1394 2 2 2 1 389 722 845
1395 2 2 2 1 745 481 1314
1396 2 2 2 1 383 663 1000
1397 2 2 2 1 693 264 980
1398 2 2 2 1 663 246 1000
1399 2 2 2 1 386 771 959
1400 2 2 2 1 722 425 845
1401 2 2 2 1 81 641 1411
1402 2 2 2 1 338 721 935
1403 2 2 2 1 692 366 1116
1404 2 2 2 1 379 653 1328
1405 2 2 2 1 170 169 1077
1406 2 2 2 1 99 100 1199
1407 2 2 2 1 505 684 1403
1408 2 2 2 1 410 642 1145
1409 2 2 2 1 733 320 937
1410 2 2 2 1 368 667 1074
1411 2 2 2 1 85 662 1042
1412 2 2 2 1 642 247 1145
1413 2 2 2 1 868 355 888
1414 2 2 2 1 674 79 1017
1415 2 2 2 1 1225 526 1312
1416 2 2 2 1 203 202 1208
1417 2 2 2 1 271 1252 1481
1418 2 2 2 1 182 816 1434
1419 2 2 2 1 464 944 1174
1420 2 2 2 1 782 242 900
1421 2 2 2 1 478 991 1027
1422 2 2 2 1 801 554 1068
1423 2 2 2 1 369 875 1250
1424 2 2 2 1 371 646 1268
1425 2 2 2 1 210 687 1090
1426 2 2 2 1 704 1092 1446
1427 2 2 2 1 370 739 1207
1428 2 2 2 1 664 425 1142
1429 2 2 2 1 41 667 1030
1430 2 2 2 1 681 328 1382
1431 2 2 2 1 645 337 1149
1432 2 2 2 1 194 193 992
1433 2 2 2 1 816 590 1434
1434 2 2 2 1 297 684 1175
1435 2 2 2 1 402 717 982
1436 2 2 2 1 731 399 851
1437 2 2 2 1 916 130 1197
1438 2 2 2 1 293 655 1181
1439 2 2 2 1 56 760 865
1440 2 2 2 1 696 239 1152
1441 2 2 2 1 396 693 980
1442 2 2 2 1 876 232 1531
1443 2 2 2 1 89 90 899
1444 2 2 2 1 174 668 1258
1445 2 2 2 1 74 711 1134
1446 2 2 2 1 854 594 1538
1447 2 2 2 1 760 372 865
1448 2 2 2 1 717 266 982
1449 2 2 2 1 655 421 1181
1450 2 2 2 1 846 514 1235
1451 2 2 2 1 863 367 912
1452 2 2 2 1 248 851 939
1453 2 2 2 1 1343 377 1445
1454 2 2 2 1 723 241 878
1455 2 2 2 1 228 647 1125
1456 2 2 2 1 137 759 1202
1457 2 2 2 1 400 782 900
1458 2 2 2 1 313 659 1326
1459 2 2 2 1 446 760 1111
1460 2 2 2 1 828 262 1247
1461 2 2 2 1 666 349 986
1462 2 2 2 1 425 1024 1142
1463 2 2 2 1 756 336 841
1464 2 2 2 1 772 1141 1381
1465 2 2 2 1 105 106 794
1466 2 2 2 1 349 666 1379
1467 2 2 2 1 666 489 1379
1468 2 2 2 1 509 1155 1376
1469 2 2 2 1 298 1040 1097
1470 2 2 2 1 323 648 1189
1471 2 2 2 1 534 973 1408
1472 2 2 2 1 715 472 1237
1473 2 2 2 1 725 445 1265
1474 2 2 2 1 387 651 1113
1475 2 2 2 1 695 73 1134
1476 2 2 2 1 282 685 969
1477 2 2 2 1 680 125 950
1478 2 2 2 1 1040 570 1097
1479 2 2 2 1 162 858 1441
1480 2 2 2 1 90 91 874
1481 2 2 2 1 638 876 1531
1482 2 2 2 1 369 1250 1337
1483 2 2 2 1 421 655 1057
1484 2 2 2 1 113 114 803
1485 2 2 2 1 793 377 829
1486 2 2 2 1 685 413 969
1487 2 2 2 1 447 652 1269
1488 2 2 2 1 660 345 1229
1489 2 2 2 1 752 264 1046
1490 2 2 2 1 466 719 938
1491 2 2 2 1 690 52 1052
1492 2 2 2 1 870 467 1221
1493 2 2 2 1 769 727 1335
1494 2 2 2 1 133 134 805
1495 2 2 2 1 717 320 1300
1496 2 2 2 1 39 40 810
1497 2 2 2 1 506 733 1294
1498 2 2 2 1 144 143 1383
1499 2 2 2 1 224 651 1378
1500 2 2 2 1 64 65 853
1501 2 2 2 1 14 15 827
1502 2 2 2 1 654 303 1283
1503 2 2 2 1 711 443 1134
1504 2 2 2 1 20 655 1325
1505 2 2 2 1 771 386 892
1506 2 2 2 1 294 1314 1357
1507 2 2 2 1 342 814 1120
1508 2 2 2 1 510 712 956
1509 2 2 2 1 1107 729 1192
1510 2 2 2 1 662 420 1042
1511 2 2 2 1 1195 461 1227
1512 2 2 2 1 651 224 1113
1513 2 2 2 1 653 94 1432
1514 2 2 2 1 661 463 1318
1515 2 2 2 1 83 84 834
1516 2 2 2 1 316 744 1413
1517 2 2 2 1 129 130 916
1518 2 2 2 1 473 771 892
1519 2 2 2 1 438 654 1162
1520 2 2 2 1 76 683 1354
1521 2 2 2 1 644 375 1075
1522 2 2 2 1 982 529 1051
1523 2 2 2 1 202 995 1208
1524 2 2 2 1 667 414 1030
1525 2 2 2 1 256 661 1318
1526 2 2 2 1 441 656 1069
1527 2 2 2 1 733 278 1294
1528 2 2 2 1 402 982 1051
1529 2 2 2 1 439 726 1217
1530 2 2 2 1 238 873 896
1531 2 2 2 1 371 757 1143
1532 2 2 2 1 668 307 1261
1533 2 2 2 1 209 753 906
1534 2 2 2 1 323 1075 1443
1535 2 2 2 1 464 937 944
1536 2 2 2 1 937 402 944
1537 2 2 2 1 558 1059 1223
1538 2 2 2 1 401 674 1017
1539 2 2 2 1 753 531 906
1540 2 2 2 1 798 465 1346
1541 2 2 2 1 394 1001 1538
1542 2 2 2 1 476 1091 1366
1543 2 2 2 1 855 557 1516
1544 2 2 2 1 77 683 1471
1545 2 2 2 1 683 76 1471
1546 2 2 2 1 684 505 988
1547 2 2 2 1 5 172 1517
1548 2 2 2 1 763 272 941
1549 2 2 2 1 246 684 988
1550 2 2 2 1 433 754 1063
1551 2 2 2 1 118 119 931
1552 2 2 2 1 718 194 1499
1553 2 2 2 1 885 567 1508
1554 2 2 2 1 1013 237 1112
1555 2 2 2 1 754 298 1063
1556 2 2 2 1 659 469 1215
1557 2 2 2 1 859 471 986
1558 2 2 2 1 47 48 825
1559 2 2 2 1 17 18 880
1560 2 2 2 1 435 660 1349
1561 2 2 2 1 349 859 986
1562 2 2 2 1 961 368 1463
1563 2 2 2 1 420 662 1175
1564 2 2 2 1 1075 689 1443
1565 2 2 2 1 70 71 1056
1566 2 2 2 1 305 669 1101
1567 2 2 2 1 944 402 1051
1568 2 2 2 1 272 688 1003
1569 2 2 2 1 678 518 1251
1570 2 2 2 1 90 874 899
1571 2 2 2 1 196 195 1340
1572 2 2 2 1 687 366 1090
1573 2 2 2 1 663 301 1221
1574 2 2 2 1 376 773 1023
1575 2 2 2 1 664 410 1145
1576 2 2 2 1 337 672 1274
1577 2 2 2 1 358 714 920
1578 2 2 2 1 642 867 1317
1579 2 2 2 1 658 411 1322
1580 2 2 2 1 135 136 921
1581 2 2 2 1 688 384 1003
1582 2 2 2 1 55 56 865
1583 2 2 2 1 98 99 959
1584 2 2 2 1 136 137 1202
1585 2 2 2 1 848 297 1529
1586 2 2 2 1 694 476 1366
1587 2 2 2 1 428 685 1170
1588 2 2 2 1 1246 569 1452
1589 2 2 2 1 207 829 1541
1590 2 2 2 1 482 898 1375
1591 2 2 2 1 852 196 1340
1592 2 2 2 1 978 457 1139
1593 2 2 2 1 816 181 1089
1594 2 2 2 1 156 764 1489
1595 2 2 2 1 364 1018 1503
1596 2 2 2 1 486 807 1418
1597 2 2 2 1 873 421 896
1598 2 2 2 1 489 968 981
1599 2 2 2 1 968 213 981
1600 2 2 2 1 639 866 1295
1601 2 2 2 1 685 282 1170
1602 2 2 2 1 535 715 994
1603 2 2 2 1 29 678 1251
1604 2 2 2 1 401 671 1493
1605 2 2 2 1 425 664 1505
1606 2 2 2 1 284 1036 1143
1607 2 2 2 1 593 767 1122
1608 2 2 2 1 778 532 1012
1609 2 2 2 1 789 421 1057
1610 2 2 2 1 53 778 1052
1611 2 2 2 1 764 334 1341
1612 2 2 2 1 1036 564 1143
1613 2 2 2 1 670 404 1171
1614 2 2 2 1 364 742 1018
1615 2 2 2 1 669 388 1101
1616 2 2 2 1 523 764 1341
1617 2 2 2 1 749 190 1021
1618 2 2 2 1 252 669 1191
1619 2 2 2 1 258 715 1237
1620 2 2 2 1 1233 423 1331
1621 2 2 2 1 679 206 1286
1622 2 2 2 1 671 401 1190
1623 2 2 2 1 340 794 1427
1624 2 2 2 1 515 750 977
1625 2 2 2 1 910 524 1185
1626 2 2 2 1 694 434 987
1627 2 2 2 1 299 879 886
1628 2 2 2 1 814 527 1025
1629 2 2 2 1 153 152 1102
1630 2 2 2 1 712 244 956
1631 2 2 2 1 629 810 1082
1632 2 2 2 1 68 691 1525
1633 2 2 2 1 377 793 1445
1634 2 2 2 1 226 809 1201
1635 2 2 2 1 406 704 1068
1636 2 2 2 1 713 368 1074
1637 2 2 2 1 92 746 1423
1638 2 2 2 1 264 752 998
1639 2 2 2 1 308 670 1290
1640 2 2 2 1 1227 313 1520
1641 2 2 2 1 454 1201 1293
1642 2 2 2 1 673 432 1219
1643 2 2 2 1 679 369 1390
1644 2 2 2 1 879 470 886
1645 2 2 2 1 301 671 1190
1646 2 2 2 1 155 154 1178
1647 2 2 2 1 921 436 1085
1648 2 2 2 1 1060 545 1062
1649 2 2 2 1 755 372 909
1650 2 2 2 1 688 390 1050
1651 2 2 2 1 504 921 1085
1652 2 2 2 1 1155 511 1455
1653 2 2 2 1 704 253 1068
1654 2 2 2 1 1078 356 1332
1655 2 2 2 1 698 418 1543
1656 2 2 2 1 746 533 1423
1657 2 2 2 1 963 163 1441
1658 2 2 2 1 259 892 918
1659 2 2 2 1 426 1060 1062
1660 2 2 2 1 211 869 942
1661 2 2 2 1 116 833 1407
1662 2 2 2 1 869 435 942
1663 2 2 2 1 1371 859 1447
1664 2 2 2 1 705 313 1227
1665 2 2 2 1 685 428 1521
1666 2 2 2 1 242 670 1171
1667 2 2 2 1 785 380 1059
1668 2 2 2 1 752 408 998
1669 2 2 2 1 1079 658 1322
1670 2 2 2 1 1173 207 1541
1671 2 2 2 1 247 847 1045
1672 2 2 2 1 701 102 991
1673 2 2 2 1 401 1017 1411
1674 2 2 2 1 265 708 971
1675 2 2 2 1 1120 814 1237
1676 2 2 2 1 379 746 1064
1677 2 2 2 1 510 916 1197
1678 2 2 2 1 238 896 1260
1679 2 2 2 1 784 354 966
1680 2 2 2 1 162 161 858
1681 2 2 2 1 582 1491 1542
1682 2 2 2 1 592 738 1488
1683 2 2 2 1 1136 274 1275
1684 2 2 2 1 707 325 975
1685 2 2 2 1 59 60 1186
1686 2 2 2 1 269 868 1151
1687 2 2 2 1 1485 546 1532
1688 2 2 2 1 260 1055 1279
1689 2 2 2 1 415 1061 1244
1690 2 2 2 1 745 238 925
1691 2 2 2 1 121 122 887
1692 2 2 2 1 20 21 1057
1693 2 2 2 1 260 686 1055
1694 2 2 2 1 696 329 1007
1695 2 2 2 1 691 426 1525
1696 2 2 2 1 87 88 860
1697 2 2 2 1 708 265 1223
1698 2 2 2 1 115 116 1407
1699 2 2 2 1 746 379 941
1700 2 2 2 1 851 399 939
1701 2 2 2 1 193 9 1081
1702 2 2 2 1 546 926 1532
1703 2 2 2 1 830 214 915
1704 2 2 2 1 981 739 1380
1705 2 2 2 1 409 690 1052
1706 2 2 2 1 366 692 1530
1707 2 2 2 1 849 249 987
1708 2 2 2 1 434 849 987
1709 2 2 2 1 913 454 1191
1710 2 2 2 1 533 746 941
1711 2 2 2 1 352 1079 1322
1712 2 2 2 1 188 187 933
1713 2 2 2 1 1018 637 1503
1714 2 2 2 1 963 1441 1519
1715 2 2 2 1 677 1227 1520
1716 2 2 2 1 521 1118 1357
1717 2 2 2 1 199 839 1424
1718 2 2 2 1 694 343 1336
1719 2 2 2 1 476 694 1336
1720 2 2 2 1 765 447 1261
1721 2 2 2 1 1022 549 1509
1722 2 2 2 1 445 680 1265
1723 2 2 2 1 30 31 940
1724 2 2 2 1 684 420 1175
1725 2 2 2 1 799 529 982
1726 2 2 2 1 762 239 932
1727 2 2 2 1 472 715 1326
1728 2 2 2 1 744 517 1413
1729 2 2 2 1 974 395 1248
1730 2 2 2 1 487 802 1348
1731 2 2 2 1 715 535 1520
1732 2 2 2 1 539 689 1329
1733 2 2 2 1 313 715 1520
1734 2 2 2 1 514 846 1430
1735 2 2 2 1 583 751 952
1736 2 2 2 1 868 511 1151
1737 2 2 2 1 264 693 1066
1738 2 2 2 1 388 829 1020
1739 2 2 2 1 302 1006 1236
1740 2 2 2 1 814 342 1317
1741 2 2 2 1 527 814 1317
1742 2 2 2 1 1132 633 1456
1743 2 2 2 1 355 910 1185
1744 2 2 2 1 399 773 939
1745 2 2 2 1 379 763 941
1746 2 2 2 1 818 362 898
1747 2 2 2 1 360 854 904
1748 2 2 2 1 361 1124 1480
1749 2 2 2 1 689 276 1523
1750 2 2 2 1 266 799 982
1751 2 2 2 1 751 260 952
1752 2 2 2 1 1351 614 1461
1753 2 2 2 1 854 480 904
1754 2 2 2 1 430 830 915
1755 2 2 2 1 791 391 918
1756 2 2 2 1 235 1071 1158
1757 2 2 2 1 315 1265 1460
1758 2 2 2 1 749 902 1486
1759 2 2 2 1 126 127 1126
1760 2 2 2 1 423 1011 1029
1761 2 2 2 1 742 482 1375
1762 2 2 2 1 730 229 1107
1763 2 2 2 1 1265 680 1460
1764 2 2 2 1 320 701 1300
1765 2 2 2 1 726 412 1129
1766 2 2 2 1 475 1080 1137
1767 2 2 2 1 598 846 1235
1768 2 2 2 1 1011 513 1029
1769 2 2 2 1 459 751 1321
1770 2 2 2 1 881 524 1079
1771 2 2 2 1 606 1233 1331
1772 2 2 2 1 690 409 1128
1773 2 2 2 1 427 730 1107
1774 2 2 2 1 327 690 1128
1775 2 2 2 1 458 1167 1273
1776 2 2 2 1 338 697 1198
1777 2 2 2 1 1164 624 1188
1778 2 2 2 1 844 325 1459
1779 2 2 2 1 390 703 1050
1780 2 2 2 1 862 269 1151
1781 2 2 2 1 733 464 1228
1782 2 2 2 1 394 853 1001
1783 2 2 2 1 715 258 994
1784 2 2 2 1 270 692 1116
1785 2 2 2 1 331 740 1140
1786 2 2 2 1 706 411 1054
1787 2 2 2 1 452 964 1123
1788 2 2 2 1 1071 591 1158
1789 2 2 2 1 102 103 991
1790 2 2 2 1 722 389 1039
1791 2 2 2 1 761 381 954
1792 2 2 2 1 238 1260 1518
1793 2 2 2 1 853 549 1001
1794 2 2 2 1 1241 449 1517
1795 2 2 2 1 914 596 1256
1796 2 2 2 1 701 506 1385
1797 2 2 2 1 952 260 1279
1798 2 2 2 1 381 761 1439
1799 2 2 2 1 372 755 960
1800 2 2 2 1 344 709 1070
1801 2 2 2 1 329 686 1144
1802 2 2 2 1 957 395 1114
1803 2 2 2 1 540 890 1272
1804 2 2 2 1 562 757 1148
1805 2 2 2 1 1080 582 1137
1806 2 2 2 1 980 493 1016
1807 2 2 2 1 1178 154 1299
1808 2 2 2 1 917 554 1311
1809 2 2 2 1 278 733 1228
1810 2 2 2 1 509 862 1151
1811 2 2 2 1 756 282 969
1812 2 2 2 1 890 373 1272
1813 2 2 2 1 243 770 961
1814 2 2 2 1 408 700 1398
1815 2 2 2 1 396 980 1016
1816 2 2 2 1 701 320 1464
1817 2 2 2 1 352 881 1079
1818 2 2 2 1 384 688 1537
1819 2 2 2 1 735 277 1205
1820 2 2 2 1 85 86 1389
1821 2 2 2 1 243 774 965
1822 2 2 2 1 251 821 1410
1823 2 2 2 1 72 695 1099
1824 2 2 2 1 703 249 1050
1825 2 2 2 1 145 917 1311
1826 2 2 2 1 152 1004 1102
1827 2 2 2 1 502 697 1458
1828 2 2 2 1 479 729 997
1829 2 2 2 1 542 930 1399
1830 2 2 2 1 9 206 1037
1831 2 2 2 1 460 735 1205
1832 2 2 2 1 101 701 1385
1833 2 2 2 1 506 701 1464
1834 2 2 2 1 887 403 1044
1835 2 2 2 1 354 693 1421
1836 2 2 2 1 267 948 989
1837 2 2 2 1 566 887 1044
1838 2 2 2 1 919 392 1451
1839 2 2 2 1 434 694 1108
1840 2 2 2 1 215 731 1534
1841 2 2 2 1 450 820 970
1842 2 2 2 1 471 859 1091
1843 2 2 2 1 551 1404 1536
1844 2 2 2 1 1396 862 1449
1845 2 2 2 1 300 1164 1188
1846 2 2 2 1 219 859 1371
1847 2 2 2 1 365 728 1013
1848 2 2 2 1 661 912 1308
1849 2 2 2 1 883 248 939
1850 2 2 2 1 36 722 1039
1851 2 2 2 1 190 189 1021
1852 2 2 2 1 859 219 1091
1853 2 2 2 1 731 215 1034
1854 2 2 2 1 194 992 1499
1855 2 2 2 1 833 393 948
1856 2 2 2 1 767 389 1122
1857 2 2 2 1 874 384 899
1858 2 2 2 1 805 1212 1437
1859 2 2 2 1 820 217 970
1860 2 2 2 1 867 527 1317
1861 2 2 2 1 497 833 948
1862 2 2 2 1 13 14 1160
1863 2 2 2 1 778 409 1052
1864 2 2 2 1 1222 455 1373
1865 2 2 2 1 738 131 1488
1866 2 2 2 1 794 106 1264
1867 2 2 2 1 805 134 1212
1868 2 2 2 1 71 72 1099
1869 2 2 2 1 262 828 1132
1870 2 2 2 1 267 972 1281
1871 2 2 2 1 105 794 1387
1872 2 2 2 1 804 374 1253
1873 2 2 2 1 399 731 1034
1874 2 2 2 1 330 797 1363
1875 2 2 2 1 336 756 1365
1876 2 2 2 1 60 61 955
1877 2 2 2 1 720 185 1048
1878 2 2 2 1 26 706 1054
1879 2 2 2 1 113 803 1266
1880 2 2 2 1 343 694 1431
1881 2 2 2 1 145 144 917
1882 2 2 2 1 370 696 1152
1883 2 2 2 1 753 209 1277
1884 2 2 2 1 705 256 1087
1885 2 2 2 1 373 922 1272
1886 2 2 2 1 699 442 1270
1887 2 2 2 1 470 879 1289
1888 2 2 2 1 244 712 1497
1889 2 2 2 1 378 1189 1475
1890 2 2 2 1 1147 237 1306
1891 2 2 2 1 703 343 1431
1892 2 2 2 1 817 305 1058
1893 2 2 2 1 911 392 1492
1894 2 2 2 1 1088 513 1098
1895 2 2 2 1 714 476 1247
1896 2 2 2 1 185 184 1048
1897 2 2 2 1 435 1043 1176
1898 2 2 2 1 681 1147 1306
1899 2 2 2 1 693 396 1496
1900 2 2 2 1 308 699 1270
1901 2 2 2 1 1043 371 1143
1902 2 2 2 1 389 767 1039
1903 2 2 2 1 392 919 1492
1904 2 2 2 1 834 84 1042
1905 2 2 2 1 125 126 950
1906 2 2 2 1 775 246 988
1907 2 2 2 1 114 115 1083
1908 2 2 2 1 93 94 1064
1909 2 2 2 1 411 706 1322
1910 2 2 2 1 453 710 1271
1911 2 2 2 1 47 825 1166
1912 2 2 2 1 1043 564 1176
1913 2 2 2 1 195 718 1340
1914 2 2 2 1 392 1069 1451
1915 2 2 2 1 474 842 1307
1916 2 2 2 1 52 53 1052
1917 2 2 2 1 497 850 1393
1918 2 2 2 1 409 778 1012
1919 2 2 2 1 791 386 1320
1920 2 2 2 1 764 523 1489
1921 2 2 2 1 755 470 1289
1922 2 2 2 1 812 1324 1442
1923 2 2 2 1 385 749 1021
1924 2 2 2 1 710 250 1271
1925 2 2 2 1 262 1132 1456
1926 2 2 2 1 1140 484 1316
1927 2 2 2 1 911 543 1332
1928 2 2 2 1 1098 220 1540
1929 2 2 2 1 79 80 1017
1930 2 2 2 1 175 174 1258
1931 2 2 2 1 847 422 1045
1932 2 2 2 1 429 816 1089
1933 2 2 2 1 150 149 1121
1934 2 2 2 1 721 398 1077
1935 2 2 2 1 721 338 1198
1936 2 2 2 1 246 775 1000
1937 2 2 2 1 716 430 1426
1938 2 2 2 1 714 471 1091
1939 2 2 2 1 389 806 1122
1940 2 2 2 1 715 313 1326
1941 2 2 2 1 748 455 1222
1942 2 2 2 1 775 489 1511
1943 2 2 2 1 702 6 1248
1944 2 2 2 1 915 416 958
1945 2 2 2 1 725 458 1273
1946 2 2 2 1 1240 280 1241
1947 2 2 2 1 132 1416 1488
1948 2 2 2 1 269 862 1396
1949 2 2 2 1 268 1085 1426
1950 2 2 2 1 532 778 1386
1951 2 2 2 1 253 725 1273
1952 2 2 2 1 462 877 1013
1953 2 2 2 1 864 257 1515
1954 2 2 2 1 221 748 1222
1955 2 2 2 1 1034 573 1252
1956 2 2 2 1 731 344 1076
1957 2 2 2 1 486 763 1032
1958 2 2 2 1 706 352 1322
1959 2 2 2 1 877 365 1013
1960 2 2 2 1 222 977 1313
1961 2 2 2 1 804 234 1210
1962 2 2 2 1 707 456 1425
1963 2 2 2 1 773 271 1023
1964 2 2 2 1 863 912 1472
1965 2 2 2 1 737 625 1103
1966 2 2 2 1 752 1046 1527
1967 2 2 2 1 254 699 1465
1968 2 2 2 1 835 285 1532
1969 2 2 2 1 430 915 958
1970 2 2 2 1 286 716 1203
1971 2 2 2 1 778 54 1386
1972 2 2 2 1 713 44 1448
1973 2 2 2 1 132 133 1416
1974 2 2 2 1 542 1298 1443
1975 2 2 2 1 782 345 1359
1976 2 2 2 1 507 999 1444
1977 2 2 2 1 468 1066 1118
1978 2 2 2 1 399 1034 1252
1979 2 2 2 1 75 76 1354
1980 2 2 2 1 44 713 1504
1981 2 2 2 1 713 43 1504
1982 2 2 2 1 716 436 1203
1983 2 2 2 1 758 296 1082
1984 2 2 2 1 461 705 1227
1985 2 2 2 1 257 893 1515
1986 2 2 2 1 811 405 989
1987 2 2 2 1 705 461 1338
1988 2 2 2 1 1049 499 1369
1989 2 2 2 1 913 612 1201
1990 2 2 2 1 1289 879 1430
1991 2 2 2 1 414 810 1030
1992 2 2 2 1 414 758 1082
1993 2 2 2 1 718 481 1340
1994 2 2 2 1 832 347 1437
1995 2 2 2 1 624 1159 1188
1996 2 2 2 1 569 835 1532
1997 2 2 2 1 164 163 963
1998 2 2 2 1 84 85 1042
1999 2 2 2 1 88 89 1225
2000 2 2 2 1 256 705 1338
2001 2 2 2 1 894 175 1258
2002 2 2 2 1 40 41 1030
2003 2 2 2 1 977 575 1313
2004 2 2 2 1 733 506 1464
2005 2 2 2 1 746 93 1064
2006 2 2 2 1 521 718 1499
2007 2 2 2 1 810 40 1030
2008 2 2 2 1 391 791 1297
2009 2 2 2 1 650 1232 1531
2010 2 2 2 1 229 729 1107
2011 2 2 2 1 767 35 1039
2012 2 2 2 1 726 248 1263
2013 2 2 2 1 380 708 1223
2014 2 2 2 1 420 834 1042
2015 2 2 2 1 258 1025 1521
2016 2 2 2 1 1159 424 1188
2017 2 2 2 1 992 468 1118
2018 2 2 2 1 1247 476 1336
2019 2 2 2 1 325 707 1319
2020 2 2 2 1 197 196 1522
2021 2 2 2 1 761 397 1259
2022 2 2 2 1 712 510 1484
2023 2 2 2 1 780 327 1400
2024 2 2 2 1 570 1343 1445
2025 2 2 2 1 492 737 1103
2026 2 2 2 1 321 736 1168
2027 2 2 2 1 521 992 1118
2028 2 2 2 1 226 707 1425
2029 2 2 2 1 1324 491 1442
2030 2 2 2 1 855 411 1106
2031 2 2 2 1 736 431 1168
2032 2 2 2 1 777 397 1256
2033 2 2 2 1 184 183 1035
2034 2 2 2 1 707 226 1370
2035 2 2 2 1 884 259 1138
2036 2 2 2 1 435 869 1043
2037 2 2 2 1 831 596 1230
2038 2 2 2 1 439 709 1368
2039 2 2 2 1 893 358 1515
2040 2 2 2 1 736 224 1378
2041 2 2 2 1 710 312 1219
2042 2 2 2 1 709 248 1368
2043 2 2 2 1 345 861 1353
2044 2 2 2 1 572 734 1394
2045 2 2 2 1 762 401 1493
2046 2 2 2 1 103 104 1027
2047 2 2 2 1 414 770 1344
2048 2 2 2 1 443 711 1303
2049 2 2 2 1 475 1246 1452
2050 2 2 2 1 796 424 1159
2051 2 2 2 1 786 325 1319
2052 2 2 2 1 711 75 1354
2053 2 2 2 1 711 353 1303
2054 2 2 2 1 869 371 1043
2055 2 2 2 1 734 108 1394
2056 2 2 2 1 482 742 1361
2057 2 2 2 1 543 1078 1332
2058 2 2 2 1 448 836 1123
2059 2 2 2 1 1182 562 1478
2060 2 2 2 1 1147 681 1382
2061 2 2 2 1 900 538 1274
2062 2 2 2 1 719 466 1211
2063 2 2 2 1 587 1130 1172
2064 2 2 2 1 836 277 1123
2065 2 2 2 1 490 786 1319
2066 2 2 2 1 271 773 1252
2067 2 2 2 1 821 1135 1410
2068 2 2 2 1 723 321 1168
2069 2 2 2 1 563 756 1467
2070 2 2 2 1 567 1160 1503
2071 2 2 2 1 811 393 1362
2072 2 2 2 1 1130 440 1172
2073 2 2 2 1 742 274 1361
2074 2 2 2 1 212 823 1327
2075 2 2 2 1 300 727 1468
2076 2 2 2 1 347 832 1049
2077 2 2 2 1 320 733 1464
2078 2 2 2 1 128 129 1002
2079 2 2 2 1 252 1191 1193
2080 2 2 2 1 149 936 1121
2081 2 2 2 1 258 814 1025
2082 2 2 2 1 1196 232 1458
2083 2 2 2 1 719 221 1364
2084 2 2 2 1 697 1196 1458
2085 2 2 2 1 131 132 1488
2086 2 2 2 1 67 68 1525
2087 2 2 2 1 1189 648 1475
2088 2 2 2 1 397 777 1259
2089 2 2 2 1 374 804 1210
2090 2 2 2 1 418 817 1058
2091 2 2 2 1 229 730 1478
2092 2 2 2 1 332 724 1422
2093 2 2 2 1 216 785 1059
2094 2 2 2 1 345 782 1229
2095 2 2 2 1 659 1282 1326
2096 2 2 2 1 846 409 1012
2097 2 2 2 1 398 721 1198
2098 2 2 2 1 744 572 1395
2099 2 2 2 1 259 918 1138
2100 2 2 2 1 1152 239 1470
2101 2 2 2 1 569 926 1452
2102 2 2 2 1 111 744 1395
2103 2 2 2 1 318 753 1309
2104 2 2 2 1 230 769 1335
2105 2 2 2 1 559 838 1127
2106 2 2 2 1 433 1088 1098
2107 2 2 2 1 738 314 1484
2108 2 2 2 1 526 934 1312
2109 2 2 2 1 180 179 996
2110 2 2 2 1 330 732 1293
2111 2 2 2 1 584 1240 1241
2112 2 2 2 1 377 735 1541
2113 2 2 2 1 777 217 1304
2114 2 2 2 1 724 473 1422
2115 2 2 2 1 248 726 1368
2116 2 2 2 1 726 439 1368
2117 2 2 2 1 422 806 1045
2118 2 2 2 1 732 451 1193
2119 2 2 2 1 729 479 1382
2120 2 2 2 1 732 454 1293
2121 2 2 2 1 510 738 1484
2122 2 2 2 1 207 901 1020
2123 2 2 2 1 245 1176 1245
2124 2 2 2 1 936 381 1121
2125 2 2 2 1 829 207 1020
2126 2 2 2 1 901 537 1020
2127 2 2 2 1 337 769 1149
2128 2 2 2 1 87 860 1506
2129 2 2 2 1 328 729 1382
2130 2 2 2 1 458 725 1334
2131 2 2 2 1 242 782 1094
2132 2 2 2 1 787 413 1084
2133 2 2 2 1 826 463 1076
2134 2 2 2 1 757 284 1143
2135 2 2 2 1 673 1219 1476
2136 2 2 2 1 273 846 1012
2137 2 2 2 1 95 724 1432
2138 2 2 2 1 351 774 1100
2139 2 2 2 1 758 414 1344
2140 2 2 2 1 582 1080 1491
2141 2 2 2 1 735 460 1173
2142 2 2 2 1 7 740 1542
2143 2 2 2 1 172 171 1010
2144 2 2 2 1 477 777 1304
2145 2 2 2 1 131 738 1197
2146 2 2 2 1 537 920 1456
2147 2 2 2 1 324 752 1527
2148 2 2 2 1 469 1087 1512
2149 2 2 2 1 812 259 1324
2150 2 2 2 1 890 8 1434
2151 2 2 2 1 980 264 998
2152 2 2 2 1 750 274 1136
2153 2 2 2 1 216 787 1084
2154 2 2 2 1 823 390 1327
2155 2 2 2 1 771 473 1154
2156 2 2 2 1 331 743 1498
2157 2 2 2 1 846 273 1430
2158 2 2 2 1 1137 582 1542
2159 2 2 2 1 462 1013 1112
2160 2 2 2 1 727 609 1335
2161 2 2 2 1 725 315 1334
2162 2 2 2 1 1282 472 1326
2163 2 2 2 1 609 835 1209
2164 2 2 2 1 412 726 1263
2165 2 2 2 1 109 4 1333
2166 2 2 2 1 4 110 1333
2167 2 2 2 1 19 20 1325
2168 2 2 2 1 344 826 1076
2169 2 2 2 1 35 36 1039
2170 2 2 2 1 738 510 1197
2171 2 2 2 1 739 213 1207
2172 2 2 2 1 315 725 1265
2173 2 2 2 1 406 917 1383
2174 2 2 2 1 866 233 1295
2175 2 2 2 1 253 801 1068
2176 2 2 2 1 737 492 1292
2177 2 2 2 1 1124 575 1480
2178 2 2 2 1 481 718 1314
2179 2 2 2 1 97 771 1154
2180 2 2 2 1 66 67 1022
2181 2 2 2 1 37 38 1024
2182 2 2 2 1 455 748 1524
2183 2 2 2 1 275 854 1538
2184 2 2 2 1 411 930 1106
2185 2 2 2 1 318 741 1524
2186 2 2 2 1 584 1241 1517
2187 2 2 2 1 549 853 1509
2188 2 2 2 1 443 932 1007
2189 2 2 2 1 970 437 1009
2190 2 2 2 1 307 765 1261
2191 2 2 2 1 450 970 1009
2192 2 2 2 1 545 1214 1216
2193 2 2 2 1 803 114 1083
2194 2 2 2 1 853 65 1509
2195 2 2 2 1 857 404 1164
2196 2 2 2 1 411 855 1054
2197 2 2 2 1 865 532 1386
2198 2 2 2 1 748 318 1524
2199 2 2 2 1 493 980 998
2200 2 2 2 1 571 1222 1373
2201 2 2 2 1 480 854 1216
2202 2 2 2 1 832 499 1049
2203 2 2 2 1 1219 312 1476
2204 2 2 2 1 954 381 1220
2205 2 2 2 1 810 414 1082
2206 2 2 2 1 811 280 1240
2207 2 2 2 1 741 251 1410
2208 2 2 2 1 157 156 1489
2209 2 2 2 1 436 759 1203
2210 2 2 2 1 413 787 1365
2211 2 2 2 1 775 349 1379
2212 2 2 2 1 854 275 1216
2213 2 2 2 1 736 321 1355
2214 2 2 2 1 489 775 1379
2215 2 2 2 1 431 736 1378
2216 2 2 2 1 751 317 1321
2217 2 2 2 1 55 865 1386
2218 2 2 2 1 759 436 1202
2219 2 2 2 1 921 136 1202
2220 2 2 2 1 764 155 1178
2221 2 2 2 1 129 916 1002
2222 2 2 2 1 190 749 1486
2223 2 2 2 1 274 742 1275
2224 2 2 2 1 739 530 1380
2225 2 2 2 1 1018 742 1375
2226 2 2 2 1 769 419 1149
2227 2 2 2 1 452 754 1540
2228 2 2 2 1 426 1062 1501
2229 2 2 2 1 142 1 1352
2230 2 2 2 1 1 11 1352
2231 2 2 2 1 779 331 1140
2232 2 2 2 1 149 148 1347
2233 2 2 2 1 834 467 1200
2234 2 2 2 1 63 813 1119
2235 2 2 2 1 562 1148 1478
2236 2 2 2 1 459 808 1224
2237 2 2 2 1 1212 504 1437
2238 2 2 2 1 32 33 1047
2239 2 2 2 1 741 318 1309
2240 2 2 2 1 505 1371 1447
2241 2 2 2 1 83 834 1200
2242 2 2 2 1 795 342 1120
2243 2 2 2 1 756 969 1365
2244 2 2 2 1 238 745 1490
2245 2 2 2 1 1120 472 1282
2246 2 2 2 1 341 803 1393
2247 2 2 2 1 916 417 1002
2248 2 2 2 1 383 981 1380
2249 2 2 2 1 745 507 1490
2250 2 2 2 1 748 221 1296
2251 2 2 2 1 451 1097 1483
2252 2 2 2 1 25 26 1054
2253 2 2 2 1 223 927 1356
2254 2 2 2 1 759 137 1342
2255 2 2 2 1 287 761 1259
2256 2 2 2 1 750 361 1480
2257 2 2 2 1 422 776 1255
2258 2 2 2 1 781 500 1449
2259 2 2 2 1 763 486 1418
2260 2 2 2 1 348 781 1449
2261 2 2 2 1 372 760 1429
2262 2 2 2 1 867 410 1450
2263 2 2 2 1 1094 450 1290
2264 2 2 2 1 1257 292 1412
2265 2 2 2 1 94 95 1432
2266 2 2 2 1 773 399 1252
2267 2 2 2 1 239 762 1493
2268 2 2 2 1 483 758 1391
2269 2 2 2 1 806 283 1122
2270 2 2 2 1 272 763 1418
2271 2 2 2 1 927 541 1356
2272 2 2 2 1 872 208 1133
2273 2 2 2 1 1285 491 1324
2274 2 2 2 1 14 827 1160
2275 2 2 2 1 760 446 1429
2276 2 2 2 1 856 469 1070
2277 2 2 2 1 855 25 1054
2278 2 2 2 1 1108 694 1366
2279 2 2 2 1 857 300 1468
2280 2 2 2 1 299 772 1535
2281 2 2 2 1 813 432 1119
2282 2 2 2 1 577 759 1342
2283 2 2 2 1 776 439 1217
2284 2 2 2 1 1058 633 1132
2285 2 2 2 1 1176 564 1245
2286 2 2 2 1 761 287 1439
2287 2 2 2 1 217 777 1256
2288 2 2 2 1 895 280 1096
2289 2 2 2 1 772 514 1535
2290 2 2 2 1 554 824 1311
2291 2 2 2 1 210 766 1348
2292 2 2 2 1 424 796 1165
2293 2 2 2 1 538 857 1468
2294 2 2 2 1 10 781 1301
2295 2 2 2 1 1059 558 1474
2296 2 2 2 1 756 841 1467
2297 2 2 2 1 80 81 1411
2298 2 2 2 1 1109 614 1351
2299 2 2 2 1 766 330 1363
2300 2 2 2 1 770 243 1344
2301 2 2 2 1 444 895 1096
2302 2 2 2 1 268 958 1161
2303 2 2 2 1 62 63 1119
2304 2 2 2 1 240 891 1244
2305 2 2 2 1 522 1301 1428
2306 2 2 2 1 563 772 1381
2307 2 2 2 1 334 768 1341
2308 2 2 2 1 291 1109 1351
2309 2 2 2 1 445 840 1153
2310 2 2 2 1 285 1165 1415
2311 2 2 2 1 428 996 1177
2312 2 2 2 1 469 856 1215
2313 2 2 2 1 1000 775 1511
2314 2 2 2 1 397 914 1256
2315 2 2 2 1 392 928 1069
2316 2 2 2 1 568 831 1230
2317 2 2 2 1 1193 451 1483
2318 2 2 2 1 782 400 1229
2319 2 2 2 1 880 18 1438
2320 2 2 2 1 856 218 1215
2321 2 2 2 1 539 1329 1518
2322 2 2 2 1 889 408 1398
2323 2 2 2 1 485 780 1400
2324 2 2 2 1 806 422 1255
2325 2 2 2 1 960 755 1289
2326 2 2 2 1 821 363 1135
2327 2 2 2 1 533 874 1423
2328 2 2 2 1 800 1397 1400
2329 2 2 2 1 840 123 1153
2330 2 2 2 1 816 429 1141
2331 2 2 2 1 928 441 1069
2332 2 2 2 1 513 1011 1358
2333 2 2 2 1 328 802 1192
2334 2 2 2 1 894 447 1269
2335 2 2 2 1 956 244 1360
2336 2 2 2 1 483 785 1249
2337 2 2 2 1 966 354 1421
2338 2 2 2 1 850 341 1393
2339 2 2 2 1 838 266 1127
2340 2 2 2 1 874 91 1423
2341 2 2 2 1 488 790 1220
2342 2 2 2 1 945 374 1210
2343 2 2 2 1 119 120 1104
2344 2 2 2 1 206 205 1286
2345 2 2 2 1 876 638 1243
2346 2 2 2 1 557 855 1106
2347 2 2 2 1 341 876 1243
2348 2 2 2 1 973 534 1006
2349 2 2 2 1 302 973 1006
2350 2 2 2 1 784 294 1357
2351 2 2 2 1 44 45 1448
2352 2 2 2 1 57 58 1111
2353 2 2 2 1 525 843 1539
2354 2 2 2 1 321 904 1355
2355 2 2 2 1 800 495 1436
2356 2 2 2 1 143 5 1115
2357 2 2 2 1 66 1022 1509
2358 2 2 2 1 388 1020 1350
2359 2 2 2 1 835 424 1165
2360 2 2 2 1 49 50 1117
2361 2 2 2 1 920 262 1456
2362 2 2 2 1 1075 323 1513
2363 2 2 2 1 731 1076 1534
2364 2 2 2 1 339 792 1539
2365 2 2 2 1 265 800 1436
2366 2 2 2 1 1029 513 1088
2367 2 2 2 1 298 1097 1392
2368 2 2 2 1 82 83 1200
2369 2 2 2 1 790 488 1257
2370 2 2 2 1 465 786 1346
2371 2 2 2 1 500 781 1424
2372 2 2 2 1 905 383 1380
2373 2 2 2 1 530 905 1380
2374 2 2 2 1 287 1259 1323
2375 2 2 2 1 936 149 1347
2376 2 2 2 1 786 465 1459
2377 2 2 2 1 792 212 1388
2378 2 2 2 1 785 216 1450
2379 2 2 2 1 882 207 1173
2380 2 2 2 1 791 278 1297
2381 2 2 2 1 930 276 1106
2382 2 2 2 1 1397 485 1400
2383 2 2 2 1 837 488 1347
2384 2 2 2 1 974 157 1489
2385 2 2 2 1 839 500 1424
2386 2 2 2 1 460 882 1173
2387 2 2 2 1 205 871 1286
2388 2 2 2 1 1166 825 1457
2389 2 2 2 1 1254 712 1484
2390 2 2 2 1 283 806 1255
2391 2 2 2 1 148 837 1347
2392 2 2 2 1 158 844 1163
2393 2 2 2 1 325 786 1459
2394 2 2 2 1 314 1254 1484
2395 2 2 2 1 405 811 1240
2396 2 2 2 1 788 241 1536
2397 2 2 2 1 920 714 1247
2398 2 2 2 1 808 69 1224
2399 2 2 2 1 788 460 1462
2400 2 2 2 1 404 857 1171
2401 2 2 2 1 73 74 1134
2402 2 2 2 1 787 336 1365
2403 2 2 2 1 479 1038 1112
2404 2 2 2 1 844 465 1163
2405 2 2 2 1 426 1022 1525
2406 2 2 2 1 290 1238 1479
2407 2 2 2 1 278 791 1320
2408 2 2 2 1 845 425 1505
2409 2 2 2 1 928 244 1497
2410 2 2 2 1 814 258 1237
2411 2 2 2 1 500 1396 1449
2412 2 2 2 1 918 391 1138
2413 2 2 2 1 336 787 1474
2414 2 2 2 1 444 931 1104
2415 2 2 2 1 786 490 1440
2416 2 2 2 1 826 344 1512
2417 2 2 2 1 921 504 1212
2418 2 2 2 1 800 265 1397
2419 2 2 2 1 285 835 1165
2420 2 2 2 1 188 933 1233
2421 2 2 2 1 900 242 1466
2422 2 2 2 1 961 494 1100
2423 2 2 2 1 130 131 1197
2424 2 2 2 1 404 995 1164
2425 2 2 2 1 248 883 1263
2426 2 2 2 1 146 824 1367
2427 2 2 2 1 870 82 1200
2428 2 2 2 1 538 900 1466
2429 2 2 2 1 407 949 1245
2430 2 2 2 1 835 569 1209
2431 2 2 2 1 347 805 1437
2432 2 2 2 1 585 1096 1362
2433 2 2 2 1 801 253 1273
2434 2 2 2 1 438 821 1287
2435 2 2 2 1 802 487 1405
2436 2 2 2 1 1094 782 1359
2437 2 2 2 1 279 1179 1183
2438 2 2 2 1 123 124 1153
2439 2 2 2 1 96 97 1154
2440 2 2 2 1 263 798 1346
2441 2 2 2 1 1214 480 1216
2442 2 2 2 1 793 252 1445
2443 2 2 2 1 820 345 1353
2444 2 2 2 1 809 330 1293
2445 2 2 2 1 931 119 1104
2446 2 2 2 1 585 931 1096
2447 2 2 2 1 1132 828 1543
2448 2 2 2 1 139 140 1284
2449 2 2 2 1 824 146 1311
2450 2 2 2 1 466 938 1234
2451 2 2 2 1 415 872 1133
2452 2 2 2 1 875 254 1250
2453 2 2 2 1 135 921 1212
2454 2 2 2 1 808 459 1321
2455 2 2 2 1 46 47 1166
2456 2 2 2 1 159 158 1163
2457 2 2 2 1 1041 441 1254
2458 2 2 2 1 910 536 1453
2459 2 2 2 1 205 204 1194
2460 2 2 2 1 1096 280 1362
2461 2 2 2 1 809 226 1425
2462 2 2 2 1 701 991 1300
2463 2 2 2 1 992 193 1081
2464 2 2 2 1 919 622 1492
2465 2 2 2 1 479 1112 1147
2466 2 2 2 1 903 588 1267
2467 2 2 2 1 442 871 1194
2468 2 2 2 1 1174 578 1228
2469 2 2 2 1 1145 247 1505
2470 2 2 2 1 1346 786 1440
2471 2 2 2 1 831 254 1465
2472 2 2 2 1 464 1174 1228
2473 2 2 2 1 396 1016 1236
2474 2 2 2 1 848 357 1345
2475 2 2 2 1 300 857 1164
2476 2 2 2 1 381 936 1220
2477 2 2 2 1 1060 317 1110
2478 2 2 2 1 310 903 1267
2479 2 2 2 1 820 450 1359
2480 2 2 2 1 825 351 1457
2481 2 2 2 1 357 849 1345
2482 2 2 2 1 449 1115 1517
2483 2 2 2 1 1184 513 1358
2484 2 2 2 1 327 800 1400
2485 2 2 2 1 415 891 1150
2486 2 2 2 1 232 1095 1531
2487 2 2 2 1 428 994 1521
2488 2 2 2 1 263 1346 1440
2489 2 2 2 1 231 910 1453
2490 2 2 2 1 936 488 1220
2491 2 2 2 1 133 805 1416
2492 2 2 2 1 177 176 1195
2493 2 2 2 1 192 191 1226
2494 2 2 2 1 872 415 1150
2495 2 2 2 1 280 811 1362
2496 2 2 2 1 866 509 1376
2497 2 2 2 1 233 866 1376
2498 2 2 2 1 821 251 1287
2499 2 2 2 1 815 377 1343
2500 2 2 2 1 515 977 1408
2501 2 2 2 1 664 1145 1505
2502 2 2 2 1 249 934 1537
2503 2 2 2 1 232 876 1458
2504 2 2 2 1 552 884 1138
2505 2 2 2 1 456 809 1425
2506 2 2 2 1 1095 650 1531
2507 2 2 2 1 935 168 1377
2508 2 2 2 1 473 812 1422
2509 2 2 2 1 807 272 1418
2510 2 2 2 1 217 820 1304
2511 2 2 2 1 931 444 1096
2512 2 2 2 1 1410 455 1524
2513 2 2 2 1 463 826 1318
2514 2 2 2 1 843 339 1539
2515 2 2 2 1 76 3 1471
2516 2 2 2 1 3 77 1471
2517 2 2 2 1 1114 523 1341
2518 2 2 2 1 134 135 1212
2519 2 2 2 1 147 146 1367
2520 2 2 2 1 988 505 1447
2521 2 2 2 1 503 955 1476
2522 2 2 2 1 468 992 1081
2523 2 2 2 1 332 812 1442
2524 2 2 2 1 826 256 1318
2525 2 2 2 1 1083 115 1407
2526 2 2 2 1 100 101 1385
2527 2 2 2 1 559 1027 1387
2528 2 2 2 1 137 138 1342
2529 2 2 2 1 812 332 1422
2530 2 2 2 1 529 935 1377
2531 2 2 2 1 871 205 1194
2532 2 2 2 1 69 70 1224
2533 2 2 2 1 146 145 1311
2534 2 2 2 1 1027 104 1387
2535 2 2 2 1 741 1410 1524
2536 2 2 2 1 345 820 1359
2537 2 2 2 1 524 881 1481
2538 2 2 2 1 933 423 1233
2539 2 2 2 1 644 1075 1513
2540 2 2 2 1 636 1139 1277
2541 2 2 2 1 1020 537 1350
2542 2 2 2 1 861 477 1353
2543 2 2 2 1 573 1185 1481
2544 2 2 2 1 898 234 1375
2545 2 2 2 1 908 453 1296
2546 2 2 2 1 303 985 1402
2547 2 2 2 1 819 494 1463
2548 2 2 2 1 28 29 1251
2549 2 2 2 1 368 819 1463
2550 2 2 2 1 824 556 1367
2551 2 2 2 1 6 157 1248
2552 2 2 2 1 1416 592 1488
2553 2 2 2 1 949 245 1245
2554 2 2 2 1 1209 569 1246
2555 2 2 2 1 343 828 1336
2556 2 2 2 1 985 548 1402
2557 2 2 2 1 954 240 1169
2558 2 2 2 1 45 819 1448
2559 2 2 2 1 467 870 1200
2560 2 2 2 1 430 958 1426
2561 2 2 2 1 106 107 1264
2562 2 2 2 1 112 113 1266
2563 2 2 2 1 881 271 1481
2564 2 2 2 1 860 88 1225
2565 2 2 2 1 254 946 1250
2566 2 2 2 1 1036 407 1245
2567 2 2 2 1 511 888 1455
2568 2 2 2 1 1046 581 1527
2569 2 2 2 1 472 1120 1237
2570 2 2 2 1 455 1135 1373
2571 2 2 2 1 930 542 1523
2572 2 2 2 1 1062 545 1216
2573 2 2 2 1 534 966 1421
2574 2 2 2 1 255 957 1114
2575 2 2 2 1 828 698 1543
2576 2 2 2 1 421 873 1181
2577 2 2 2 1 969 413 1365
2578 2 2 2 1 934 384 1537
2579 2 2 2 1 43 2 1504
2580 2 2 2 1 2 44 1504
2581 2 2 2 1 303 1011 1283
2582 2 2 2 1 895 444 1183
2583 2 2 2 1 276 930 1523
2584 2 2 2 1 829 377 1541
2585 2 2 2 1 1238 616 1479
2586 2 2 2 1 437 831 1465
2587 2 2 2 1 833 497 1407
2588 2 2 2 1 849 357 1312
2589 2 2 2 1 465 844 1459
2590 2 2 2 1 609 1209 1335
2591 2 2 2 1 536 910 1526
2592 2 2 2 1 888 215 1455
2593 2 2 2 1 468 1046 1066
2594 2 2 2 1 23 24 1516
2595 2 2 2 1 849 434 1345
2596 2 2 2 1 841 495 1469
2597 2 2 2 1 964 448 1123
2598 2 2 2 1 196 852 1522
2599 2 2 2 1 230 1209 1246
2600 2 2 2 1 191 902 1226
2601 2 2 2 1 1004 407 1102
2602 2 2 2 1 152 151 1507
2603 2 2 2 1 481 852 1340
2604 2 2 2 1 365 877 1487
2605 2 2 2 1 837 556 1420
2606 2 2 2 1 1209 230 1335
2607 2 2 2 1 953 442 1194
2608 2 2 2 1 168 167 1377
2609 2 2 2 1 1046 264 1066
2610 2 2 2 1 995 404 1208
2611 2 2 2 1 191 190 1486
2612 2 2 2 1 652 863 1472
2613 2 2 2 1 410 1249 1450
2614 2 2 2 1 270 1029 1088
2615 2 2 2 1 280 895 1241
2616 2 2 2 1 490 843 1440
2617 2 2 2 1 227 841 1469
2618 2 2 2 1 843 263 1440
2619 2 2 2 1 895 449 1241
2620 2 2 2 1 891 415 1244
2621 2 2 2 1 54 55 1386
2622 2 2 2 1 423 933 1283
2623 2 2 2 1 910 355 1526
2624 2 2 2 1 104 105 1387
2625 2 2 2 1 896 382 1260
2626 2 2 2 1 454 913 1201
2627 2 2 2 1 841 227 1467
2628 2 2 2 1 108 109 1394
2629 2 2 2 1 110 111 1395
2630 2 2 2 1 18 19 1438
2631 2 2 2 1 11 12 1414
2632 2 2 2 1 247 845 1505
2633 2 2 2 1 213 968 1372
2634 2 2 2 1 902 484 1226
2635 2 2 2 1 91 92 1423
2636 2 2 2 1 873 507 1444
2637 2 2 2 1 876 502 1458
2638 2 2 2 1 447 894 1258
2639 2 2 2 1 950 496 1460
2640 2 2 2 1 1078 306 1409
2641 2 2 2 1 1050 249 1537
2642 2 2 2 1 1213 516 1477
2643 2 2 2 1 492 1158 1482
2644 2 2 2 1 1009 308 1290
2645 2 2 2 1 436 921 1202
2646 2 2 2 1 86 87 1506
2647 2 2 2 1 8 182 1434
2648 2 2 2 1 942 435 1349
2649 2 2 2 1 500 839 1500
2650 2 2 2 1 163 162 1441
2651 2 2 2 1 378 967 1500
2652 2 2 2 1 605 1218 1454
2653 2 2 2 1 938 295 1234
2654 2 2 2 1 863 233 1376
2655 2 2 2 1 1055 516 1279
2656 2 2 2 1 958 416 1161
2657 2 2 2 1 970 217 1419
2658 2 2 2 1 204 953 1194
2659 2 2 2 1 65 66 1509
2660 2 2 2 1 995 624 1164
2661 2 2 2 1 551 1086 1105
2662 2 2 2 1 1232 650 1427
2663 2 2 2 1 951 139 1284
2664 2 2 2 1 615 1078 1409
2665 2 2 2 1 1148 229 1478
2666 2 2 2 1 204 203 1473
2667 2 2 2 1 862 348 1449
2668 2 2 2 1 839 378 1500
2669 2 2 2 1 1053 490 1370
2670 2 2 2 1 512 1232 1427
2671 2 2 2 1 877 261 1316
2672 2 2 2 1 367 907 1308
2673 2 2 2 1 508 1178 1299
2674 2 2 2 1 375 852 1502
2675 2 2 2 1 427 1107 1192
2676 2 2 2 1 926 307 1452
2677 2 2 2 1 927 223 1218
2678 2 2 2 1 912 367 1308
2679 2 2 2 1 458 927 1218
2680 2 2 2 1 1056 459 1224
2681 2 2 2 1 859 349 1447
2682 2 2 2 1 270 1019 1331
2683 2 2 2 1 597 945 1210
2684 2 2 2 1 1292 492 1482
2685 2 2 2 1 852 481 1502
2686 2 2 2 1 984 553 1144
2687 2 2 2 1 1038 462 1112
2688 2 2 2 1 535 1177 1514
2689 2 2 2 1 1029 270 1331
2690 2 2 2 1 873 238 1490
2691 2 2 2 1 1199 506 1294
2692 2 2 2 1 262 920 1247
2693 2 2 2 1 904 480 1355
2694 2 2 2 1 580 1199 1294
2695 2 2 2 1 507 873 1490
2696 2 2 2 1 857 538 1466
2697 2 2 2 1 259 884 1324
2698 2 2 2 1 1014 335 1187
2699 2 2 2 1 545 1060 1110
2700 2 2 2 1 387 952 1279
2701 2 2 2 1 885 595 1414
2702 2 2 2 1 625 1369 1384
2703 2 2 2 1 909 372 1429
2704 2 2 2 1 486 1014 1187
2705 2 2 2 1 216 867 1450
2706 2 2 2 1 1098 513 1184
2707 2 2 2 1 12 885 1414
2708 2 2 2 1 977 222 1408
2709 2 2 2 1 600 864 1515
2710 2 2 2 1 423 1029 1331
2711 2 2 2 1 999 293 1444
2712 2 2 2 1 544 1157 1310
2713 2 2 2 1 220 1098 1184
2714 2 2 2 1 463 907 1534
2715 2 2 2 1 1065 292 1420
2716 2 2 2 1 964 452 1540
2717 2 2 2 1 556 1065 1420
2718 2 2 2 1 907 463 1308
2719 2 2 2 1 803 1083 1393
2720 2 2 2 1 1086 431 1105
2721 2 2 2 1 680 950 1460
2722 2 2 2 1 946 501 1250
2723 2 2 2 1 1014 675 1544
2724 2 2 2 1 879 299 1535
2725 2 2 2 1 335 1014 1544
2726 2 2 2 1 1092 619 1179
2727 2 2 2 1 932 443 1303
2728 2 2 2 1 996 179 1177
2729 2 2 2 1 1011 423 1283
2730 2 2 2 1 400 942 1349
2731 2 2 2 1 555 1061 1133
2732 2 2 2 1 1061 415 1133
2733 2 2 2 1 933 654 1283
2734 2 2 2 1 1243 638 1413
2735 2 2 2 1 1112 237 1147
2736 2 2 2 1 355 868 1526
2737 2 2 2 1 543 872 1495
2738 2 2 2 1 514 879 1535
2739 2 2 2 1 879 514 1430
2740 2 2 2 1 418 1058 1132
2741 2 2 2 1 213 1372 1477
2742 2 2 2 1 292 1257 1420
2743 2 2 2 1 902 191 1486
2744 2 2 2 1 1218 223 1454
2745 2 2 2 1 562 1182 1291
2746 2 2 2 1 279 1092 1179
2747 2 2 2 1 484 902 1487
2748 2 2 2 1 517 1243 1413
2749 2 2 2 1 289 889 1398
2750 2 2 2 1 1182 508 1291
2751 2 2 2 1 694 987 1431
2752 2 2 2 1 967 378 1475
2753 2 2 2 1 587 1404 1417
2754 2 2 2 1 564 1043 1143
2755 2 2 2 1 1234 295 1545
2756 2 2 2 1 682 1332 1461
2757 2 2 2 1 551 1105 1417
2758 2 2 2 1 275 1001 1501
2759 2 2 2 1 1332 356 1461
2760 2 2 2 1 1310 503 1476
2761 2 2 2 1 586 1213 1477
2762 2 2 2 1 1001 549 1501
2763 2 2 2 1 891 547 1528
2764 2 2 2 1 1269 652 1472
2765 2 2 2 1 927 458 1334
2766 2 2 2 1 570 1040 1343
2767 2 2 2 1 992 521 1499
2768 2 2 2 1 273 1289 1430
2769 2 2 2 1 985 438 1287
2770 2 2 2 1 442 953 1270
2771 2 2 2 1 157 974 1248
2772 2 2 2 1 309 1269 1472
2773 2 2 2 1 273 960 1289
2774 2 2 2 1 989 405 1510
2775 2 2 2 1 902 365 1487
2776 2 2 2 1 1180 326 1288
2777 2 2 2 1 536 967 1475
2778 2 2 2 1 925 375 1502
2779 2 2 2 1 1095 232 1196
2780 2 2 2 1 938 719 1364
2781 2 2 2 1 203 1208 1473
2782 2 2 2 1 917 144 1383
2783 2 2 2 1 488 936 1347
2784 2 2 2 1 1208 631 1473
2785 2 2 2 1 461 943 1338
2786 2 2 2 1 382 990 1260
2787 2 2 2 1 555 1180 1288
2788 2 2 2 1 912 309 1472
2789 2 2 2 1 208 911 1492
2790 2 2 2 1 344 1070 1512
2791 2 2 2 1 215 907 1455
2792 2 2 2 1 571 938 1364
2793 2 2 2 1 990 539 1260
2794 2 2 2 1 972 398 1281
2795 2 2 2 1 586 1026 1213
2796 2 2 2 1 212 983 1388
2797 2 2 2 1 1026 387 1213
2798 2 2 2 1 1006 396 1236
2799 2 2 2 1 999 599 1313
2800 2 2 2 1 1369 499 1384
2801 2 2 2 1 1246 475 1498
2802 2 2 2 1 417 956 1360
2803 2 2 2 1 979 453 1271
2804 2 2 2 1 1072 336 1474
2805 2 2 2 1 558 1072 1474
2806 2 2 2 1 1141 429 1381
2807 2 2 2 1 1250 501 1337
2808 2 2 2 1 311 919 1451
2809 2 2 2 1 907 215 1534
2810 2 2 2 1 1137 331 1498
2811 2 2 2 1 1015 483 1249
2812 2 2 2 1 1305 550 1412
2813 2 2 2 1 498 1004 1507
2814 2 2 2 1 410 1015 1249
2815 2 2 2 1 1105 281 1417
2816 2 2 2 1 623 1234 1545
2817 2 2 2 1 965 483 1391
2818 2 2 2 1 605 1167 1218
2819 2 2 2 1 416 1073 1384
2820 2 2 2 1 575 999 1313
2821 2 2 2 1 955 673 1476
2822 2 2 2 1 977 750 1480
2823 2 2 2 1 991 478 1300
2824 2 2 2 1 509 1151 1155
2825 2 2 2 1 926 569 1532
2826 2 2 2 1 307 1080 1452
2827 2 2 2 1 1138 391 1519
2828 2 2 2 1 275 1062 1216
2829 2 2 2 1 564 1036 1245
2830 2 2 2 1 441 928 1497
2831 2 2 2 1 1151 511 1155
2832 2 2 2 1 70 1056 1224
2833 2 2 2 1 968 440 1372
2834 2 2 2 1 450 1009 1290
2835 2 2 2 1 1260 539 1518
2836 2 2 2 1 962 519 1392
2837 2 2 2 1 1234 623 1239
2838 2 2 2 1 429 1156 1381
2839 2 2 2 1 520 1095 1196
2840 2 2 2 1 925 238 1518
2841 2 2 2 1 953 204 1473
2842 2 2 2 1 396 1006 1496
2843 2 2 2 1 530 1152 1470
2844 2 2 2 1 1130 587 1417
2845 2 2 2 1 291 1204 1433
2846 2 2 2 1 243 965 1391
2847 2 2 2 1 466 1234 1239
2848 2 2 2 1 631 953 1473
2849 2 2 2 1 501 946 1494
2850 2 2 2 1 967 269 1396
2851 2 2 2 1 1156 563 1381
2852 2 2 2 1 1302 474 1307
2853 2 2 2 1 646 1302 1307
2854 2 2 2 1 604 1035 1280
2855 2 2 2 1 1006 534 1496
2856 2 2 2 1 639 1295 1485
2857 2 2 2 1 1035 540 1280
2858 2 2 2 1 976 482 1361
2859 2 2 2 1 1101 388 1350
2860 2 2 2 1 297 1175 1529
2861 2 2 2 1 265 971 1397
2862 2 2 2 1 1071 501 1494
2863 2 2 2 1 958 268 1426
2864 2 2 2 1 633 1101 1350
2865 2 2 2 1 1175 662 1529
2866 2 2 2 1 363 1008 1373
2867 2 2 2 1 496 1206 1460
2868 2 2 2 1 981 383 1511
2869 2 2 2 1 1371 505 1403
2870 2 2 2 1 649 1371 1403
2871 2 2 2 1 1295 546 1485
2872 2 2 2 1 1356 541 1533
2873 2 2 2 1 1222 571 1364
2874 2 2 2 1 487 1028 1405
2875 2 2 2 1 437 970 1419
2876 2 2 2 1 659 1215 1282
2877 2 2 2 1 1228 578 1297
2878 2 2 2 1 983 525 1388
2879 2 2 2 1 494 961 1463
2880 2 2 2 1 285 1485 1532
2881 2 2 2 1 221 1222 1364
2882 2 2 2 1 1073 625 1384
2883 2 2 2 1 1019 606 1331
2884 2 2 2 1 665 1356 1533
2885 2 2 2 1 491 1125 1442
2886 2 2 2 1 287 1242 1439
2887 2 2 2 1 973 515 1408
2888 2 2 2 1 278 1228 1297
2889 2 2 2 1 1004 152 1507
2890 2 2 2 1 1161 416 1384
2891 2 2 2 1 1242 608 1439
2892 2 2 2 1 1011 303 1358
2893 2 2 2 1 228 1125 1406
2894 2 2 2 1 383 1000 1511
2895 2 2 2 1 1065 605 1305
2896 2 2 2 1 220 964 1540
2897 2 2 2 1 967 1396 1500
2898 2 2 2 1 1008 571 1373
2899 2 2 2 1 523 974 1489
2900 2 2 2 1 1076 463 1534
2901 2 2 2 1 292 1065 1305
2902 2 2 2 1 234 1018 1375
2903 2 2 2 1 391 963 1519
2904 2 2 2 1 643 972 1510
2905 2 2 2 1 369 1337 1390
2906 2 2 2 1 575 977 1480
2907 2 2 2 1 214 1016 1401
2908 2 2 2 1 351 1100 1457
2909 2 2 2 1 494 1166 1457
2910 2 2 2 1 1204 541 1206
2911 2 2 2 1 1337 626 1390
2912 2 2 2 1 1069 656 1451
2913 2 2 2 1 1033 23 1516
2914 2 2 2 1 1167 458 1218
2915 2 2 2 1 489 981 1511
2916 2 2 2 1 1157 290 1479
2917 2 2 2 1 496 1204 1206
2918 2 2 2 1 1016 493 1401
2919 2 2 2 1 306 1078 1495
2920 2 2 2 1 1078 543 1495
2921 2 2 2 1 519 1063 1392
2922 2 2 2 1 1091 219 1366
2923 2 2 2 1 498 1146 1242
2924 2 2 2 1 1146 608 1242
2925 2 2 2 1 167 1051 1377
2926 2 2 2 1 1063 298 1392
2927 2 2 2 1 450 1094 1359
2928 2 2 2 1 1404 551 1417
2929 2 2 2 1 1017 80 1411
2930 2 2 2 1 1075 375 1329
2931 2 2 2 1 1213 387 1279
2932 2 2 2 1 497 1083 1407
2933 2 2 2 1 495 1005 1469
2934 2 2 2 1 1071 235 1374
2935 2 2 2 1 1199 100 1385
2936 2 2 2 1 1028 427 1405
2937 2 2 2 1 1146 498 1507
2938 2 2 2 1 1189 611 1513
2939 2 2 2 1 1372 586 1477
2940 2 2 2 1 1267 588 1402
2941 2 2 2 1 548 1267 1402
2942 2 2 2 1 550 1276 1412
2943 2 2 2 1 1051 529 1377
2944 2 2 2 1 279 1044 1446
2945 2 2 2 1 994 258 1521
2946 2 2 2 1 689 1075 1329
2947 2 2 2 1 1139 457 1277
2948 2 2 2 1 552 1138 1519
2949 2 2 2 1 501 1071 1374
2950 2 2 2 1 241 1086 1536
2951 2 2 2 1 1086 551 1536
2952 2 2 2 1 1109 417 1360
2953 2 2 2 1 1001 275 1538
2954 2 2 2 1 1217 283 1255
2955 2 2 2 1 323 1189 1513
2956 2 2 2 1 1305 605 1454
2957 2 2 2 1 633 1350 1456
2958 2 2 2 1 1350 537 1456
2959 2 2 2 1 550 1305 1454
2960 2 2 2 1 1135 455 1410
2961 2 2 2 1 776 1217 1255
2962 2 2 2 1 1441 552 1519
2963 2 2 2 1 1304 820 1353
2964 2 2 2 1 292 1305 1412
2965 2 2 2 1 648 1298 1453
2966 2 2 2 1 1083 497 1393
2967 2 2 2 1 614 1109 1360
2968 2 2 2 1 1022 67 1525
2969 2 2 2 1 1135 363 1373
2970 2 2 2 1 877 1316 1487
2971 2 2 2 1 219 1108 1366
2972 2 2 2 1 557 1033 1516
2973 2 2 2 1 1157 503 1310
2974 2 2 2 1 516 1213 1279
2975 2 2 2 1 495 1072 1436
2976 2 2 2 1 735 1173 1541
2977 2 2 2 1 1298 231 1453
2978 2 2 2 1 1097 570 1483
2979 2 2 2 1 1181 873 1444
2980 2 2 2 1 516 1207 1477
2981 2 2 2 1 540 1272 1545
2982 2 2 2 1 1229 400 1349
2983 2 2 2 1 1215 218 1282
2984 2 2 2 1 626 1337 1374
2985 2 2 2 1 1186 503 1479
2986 2 2 2 1 1415 522 1428
2987 2 2 2 1 616 1186 1479
2988 2 2 2 1 1272 623 1545
2989 2 2 2 1 1080 475 1452
2990 2 2 2 1 1470 239 1493
2991 2 2 2 1 1389 565 1529
2992 2 2 2 1 1337 501 1374
2993 2 2 2 1 671 1470 1493
2994 2 2 2 1 662 1389 1529
2995 2 2 2 1 1294 278 1320
2996 2 2 2 1 648 1453 1475
2997 2 2 2 1 1062 275 1501
2998 2 2 2 1 326 1180 1435
2999 2 2 2 1 1090 366 1530
3000 2 2 2 1 639 1415 1428
3001 2 2 2 1 1453 536 1475
3002 2 2 2 1 580 1294 1320
3003 2 2 2 1 688 1050 1537
3004 2 2 2 1 1319 707 1370
3005 2 2 2 1 1070 469 1512
3006 2 2 2 1 588 1184 1358
3007 2 2 2 1 496 1126 1433
3008 2 2 2 1 1180 622 1435
3009 2 2 2 1 1126 613 1433
3010 2 2 2 1 588 1358 1402
3011 2 2 2 1 1125 491 1406
3012 2 2 2 1 1092 279 1446
3013 2 2 2 1 1325 579 1438
3014 2 2 2 1 1100 494 1457
3015 2 2 2 1 479 1147 1382
3016 2 2 2 1 595 1352 1414
3017 2 2 2 1 281 1130 1417
3018 2 2 2 1 1351 665 1533
3019 2 2 2 1 1358 303 1402
3020 2 2 2 1 792 1388 1539
3021 2 2 2 1 1352 11 1414
3022 2 2 2 1 1333 572 1394
3023 2 2 2 1 572 1333 1395
3024 2 2 2 1 1205 560 1462
3025 2 2 2 1 460 1205 1462
3026 2 2 2 1 109 1333 1394
3027 2 2 2 1 1333 110 1395
3028 2 2 2 1 19 1325 1438
3029 2 2 2 1 291 1351 1533
3030 2 2 2 1 499 1161 1384
3031 2 2 2 1 660 1229 1349
3032 2 2 2 1 519 1090 1530
3033 2 2 2 1 872 1150 1495
3034 2 2 2 1 427 1192 1405
3035 2 2 2 1 1192 802 1405
3036 2 2 2 1 1150 306 1495
3037 2 2 2 1 506 1199 1385
3038 2 2 2 1 1115 5 1517
3039 2 2 2 1 1150 891 1528
3040 2 2 2 1 1171 857 1466
3041 2 2 2 1 1344 243 1391
3042 2 2 2 1 1514 677 1520
3043 2 2 2 1 758 1344 1391
3044 2 2 2 1 535 1514 1520
3045 2 2 2 1 252 1193 1483
3046 2 2 2 1 475 1137 1498
3047 2 2 2 1 242 1171 1466
3048 2 2 2 1 418 1132 1543
3049 2 2 2 1 231 1298 1399
3050 2 2 2 1 1348 766 1363
3051 2 2 2 1 293 1181 1444
3052 2 2 2 1 477 1304 1353
3053 2 2 2 1 1158 591 1482
3054 2 2 2 1 503 1157 1479
3055 2 2 2 1 285 1415 1485
3056 2 2 2 1 1204 496 1433
3057 2 2 2 1 1415 639 1485
3058 2 2 2 1 151 1146 1507
3059 2 2 2 1 490 1319 1370
3060 2 2 2 1 1185 524 1481
3061 2 2 2 1 1206 315 1460
3062 2 2 2 1 487 1348 1363
3063 2 2 2 1 1249 785 1450
3064 2 2 2 1 1316 484 1487
3065 2 2 2 1 306 1276 1409
3066 2 2 2 1 1207 213 1477
3067 2 2 2 1 1285 610 1406
3068 2 2 2 1 295 1280 1545
3069 2 2 2 1 1276 547 1412
3070 2 2 2 1 306 1150 1528
3071 2 2 2 1 1298 542 1399
3072 2 2 2 1 491 1285 1406
3073 2 2 2 1 1276 550 1409
3074 2 2 2 1 541 1204 1533
3075 2 2 2 1 1254 441 1497
3076 2 2 2 1 547 1276 1528
3077 2 2 2 1 1204 291 1533
3078 2 2 2 1 311 1292 1482
3079 2 2 2 1 1421 693 1496
3080 2 2 2 1 712 1254 1497
3081 2 2 2 1 312 1310 1476
3082 2 2 2 1 1445 252 1483
3083 2 2 2 1 1276 306 1528
3084 2 2 2 1 1443 689 1523
3085 2 2 2 1 1280 540 1545
3086 2 2 2 1 1389 86 1506
3087 2 2 2 1 1396 500 1500
3088 2 2 2 1 565 1389 1506
3089 2 2 2 1 570 1445 1483
3090 2 2 2 1 534 1421 1496
3091 2 2 2 1 1503 637 1508
3092 2 2 2 1 1388 525 1539
3093 2 2 2 1 567 1503 1508
3094 2 2 2 1 542 1443 1523
$EndElements
